조회_SGG_CD,조회_지역,조회기간,RK,CNTRL_POI_ID,MD5_POI_ID,CNTRL_SIDO_CD,CNTRL_SIDO_NM,CNTRL_SGG_CD,CNTRL_SGG_NM,CNTRL_POI_X_COORD,CNTRL_POI_Y_COORD,CNTRL_TAR_NM,RLTN_TAR_NM,CNTRL_TAR_ADDR_ROAD_NM,RLTN_CATE_NM_LARGE,RLTN_CATE_NM_MIDL,CNTRL_CATE_NM_LARGE,CNTRL_CATE_NM_MIDL,DGRE_CNTRL,BASE_YM
47170,경상북도 안동시,202401-202408,1,805DB1A51BD0A535C76D9B07EEFE8A9F,20f293475800f79e12653fa07c97258b,47,경상북도,47170,안동시,128.761,36.5766,월영교,월영교,경북 안동시,관광지,기타관광,관광지,기타관광,3.8321467687928177,202408
47170,경상북도 안동시,202401-202408,2,3B4656B45B731E7F16BBF5B3D1C4F8AE,446c3106f3d69d4cef86e1cfe0b876bf,47,경상북도,47170,안동시,128.5179,36.539,안동하회마을,안동하회마을,경북 안동시 하회종가길 2-1,관광지,역사관광,관광지,역사관광,2.6144550514109333,202408
47170,경상북도 안동시,202401-202408,3,6F7D6A017DA1AC8D29D7A654F7F53218,3a80de0f040387a963970e5981155c73,47,경상북도,47170,안동시,128.728,36.5655,안동구시장,안동구시장,경북 안동시 번영1길 47-0,관광지,쇼핑,관광지,쇼핑,2.5817023885316805,202408
47170,경상북도 안동시,202401-202408,4,6A8AE4410EE675B86DBF6B6898C9DEB5,365d558c221846b3e972433e9691b393,47,경상북도,47170,안동시,128.8432,36.7273,도산서원,도산서원,경북 안동시 도산서원길 154-0,관광지,역사관광,관광지,역사관광,1.9377177331949336,202408
47170,경상북도 안동시,202401-202408,5,026CFC2358E65BFA68AE779CA0D85DBB,e9978f29ae16aa0e25948c6c14d55d1e,47,경상북도,47170,안동시,128.7709,36.5878,낙강물길공원,낙강물길공원,경북 안동시,관광지,문화관광,관광지,문화관광,1.4819651061636803,202408
47170,경상북도 안동시,202401-202408,6,D3CBBA7E99D06CF450917CE4D16CAC47,20c99c680bff19bd1d0925e3aeb26f86,47,경상북도,47170,안동시,128.6625,36.6533,봉정사,봉정사,경북 안동시 봉정사길 222-0,관광지,역사관광,관광지,역사관광,1.0635404898421696,202408
47170,경상북도 안동시,202401-202408,7,42E8AED63CD20640B5F2FD04275DD257,0cd50eb0d6cfdb3bb1560c0f51fb2504,47,경상북도,47170,안동시,128.5527,36.5404,병산서원,병산서원,경북 안동시 병산길 386-0,관광지,역사관광,관광지,역사관광,0.9852508578534862,202408
47170,경상북도 안동시,202401-202408,8,041858CAF2C91C84AA7C2531564C6126,2fffa6dd1b50ced2b3d67b862bf2f61d,47,경상북도,47170,안동시,128.9098,36.4104,만휴정,만휴정,경북 안동시 묵계하리길 42-0,관광지,역사관광,관광지,역사관광,0.9518798410747888,202408
47170,경상북도 안동시,202401-202408,9,B64B0A5F39D16EFE651F58ACE99798F9,d0df033ec32bae3d244d2d9427cd7e55,47,경상북도,47170,안동시,128.7238,36.5649,중앙신시장,중앙신시장,경북 안동시 대안로 98-10,관광지,쇼핑,관광지,쇼핑,0.715149086732584,202408
47170,경상북도 안동시,202401-202408,10,89A15DEA964CB31C13C796EE6D8DE3BB,7271e336931c9bb7a70edf611ef61fdc,47,경상북도,47170,안동시,128.815,36.6978,선성수상길,선성수상길,경북 안동시 선성중앙길 77-0,관광지,레저스포츠,관광지,레저스포츠,0.6030575433791703,202408
47170,경상북도 안동시,202401-202408,11,9C8CCE57E3CBA93E49B18E092BF85DF5,976e0f7abaa5c9f9cd2dec1287213a7b,47,경상북도,47170,안동시,128.5165,36.5426,낙동강12경(부용경)/부용대,낙동강12경(부용경)/부용대,경북 안동시 광덕솔밭길 72-0,관광지,역사관광,관광지,역사관광,0.5895190815683746,202408
47170,경상북도 안동시,202401-202408,12,E2FE019909E3EAF939A3799CCEE7AA1A,ecbbdcb183a573c859d71c14ace48427,47,경상북도,47170,안동시,128.7802,36.5669,안동그랜드호텔,안동그랜드호텔,경북 안동시 관광단지로 346-84,숙박,숙박,숙박,숙박,0.5299415419639949,202408
47170,경상북도 안동시,202401-202408,13,39DAE12F127F43A034E2FE4B6D0401D9,f571b732c7e31d518e203c929b4a54c9,47,경상북도,47170,안동시,128.7782,36.5695,유교랜드,유교랜드,경북 안동시 관광단지로 346-30,관광지,레저스포츠,관광지,레저스포츠,0.5273606411838859,202408
47170,경상북도 안동시,202401-202408,14,31A8BFCC46667D1A401B0993F5D3FF4E,9bb22abf5132ed32bc2eb29a0be6f8c5,47,경상북도,47170,안동시,128.732,36.5647,안동중앙문화의거리,안동중앙문화의거리,경북 안동시,관광지,쇼핑,관광지,쇼핑,0.4380227501265019,202408
47170,경상북도 안동시,202401-202408,15,651A7A930C4D44B869E19E3D80F69BDF,53ddf361b2d95cc8a2bf051e334a13d2,47,경상북도,47170,안동시,128.7331,36.5661,웅부공원,웅부공원,경북 안동시,관광지,문화관광,관광지,문화관광,0.3582536587798456,202408
47170,경상북도 안동시,202401-202408,16,B7BE253FFAC20858A8CFD69DE574C8B2,bdfbcd179cf87218bbe8301e74087883,47,경상북도,47170,안동시,128.7355,36.5513,케이스호텔/안동점,케이스호텔/안동점,경북 안동시 강남2길 60-16,숙박,숙박,숙박,숙박,0.33932687883378565,202408
47170,경상북도 안동시,202401-202408,17,B6D3AD3CBCBBE77BB647E1A977CD8287,59c1c132657789d703978187b892a304,47,경상북도,47170,안동시,128.4951,36.5757,CM파크호텔,CM파크호텔,경북 안동시 검무로 10-17,숙박,숙박,숙박,숙박,0.30684885612299284,202408
47170,경상북도 안동시,202401-202408,18,0762750146B73A3094BB0F6170FA8A32,9d8b328dc999c1372195928a387b78b2,47,경상북도,47170,안동시,128.7823,36.5682,리첼호텔,리첼호텔,경북 안동시 관광단지로 346-69,숙박,숙박,숙박,숙박,0.3000410877391849,202408
47170,경상북도 안동시,202401-202408,19,89B1C6C4EC9DC76E42A3A42EB46261F1,38f348fb19d8d77626d9f186ef9fe402,47,경상북도,47170,안동시,128.648,36.5891,안동학가산온천,안동학가산온천,경북 안동시 학가산온천길 14-0,관광지,체험관광,관광지,체험관광,0.2861443990043833,202408
47170,경상북도 안동시,202401-202408,20,B4DFD24B48D0B2F001A2E4FD366DA8AC,fc89b255ff1cda6da5e7dd34d2537276,47,경상북도,47170,안동시,128.7808,36.5663,주토피움,주토피움,경북 안동시 관광단지로 346-95,관광지,문화관광,관광지,문화관광,0.275113245131898,202408
47170,경상북도 안동시,202401-202408,21,0D03964808D98C46D31586C19CA36911,55ab05913143b95c5b5a4455a1e079e4,47,경상북도,47170,안동시,128.7087,36.5497,안동소주전통음식박물관,안동소주전통음식박물관,경북 안동시 강남로 71-1,관광지,문화관광,관광지,문화관광,0.251679568455239,202408
47170,경상북도 안동시,202401-202408,22,C6C8E9A4B13AA82ABBF2A62DAEC8CC70,7b85fe72ff6949c80e26e57e75254399,47,경상북도,47170,안동시,128.7666,36.5795,안동시립박물관,안동시립박물관,경북 안동시 민속촌길 13-0,관광지,문화관광,관광지,문화관광,0.251212532430424,202408
47170,경상북도 안동시,202401-202408,23,AE4EF2035A8D785CD2B8359785EE5174,f7a8b2995a274f82e6278ed5f6cc4ccc,47,경상북도,47170,안동시,128.7493,36.5611,CGV/안동,CGV/안동,경북 안동시 경동로 841-0,관광지,문화관광,관광지,문화관광,0.21410285844140323,202408
47170,경상북도 안동시,202401-202408,24,88271C9C0B43343507FB440E1A3C9764,2363b066af52f4e64d8cc421ee5766ba,47,경상북도,47170,안동시,128.828,36.7032,안동호반자연휴양림,안동호반자연휴양림,경북 안동시 월천길 100-7,관광지,자연관광,관광지,자연관광,0.19454982563573558,202408
47170,경상북도 안동시,202401-202408,25,21CFD32801ECADC7D9651270A780F2E5,f951b67e9c846f89d465ef99dd0696fb,47,경상북도,47170,안동시,128.7733,36.5673,안동레이크GC,안동레이크GC,경북 안동시 관광단지로 316-0,관광지,레저스포츠,관광지,레저스포츠,0.16642461574285414,202408
47170,경상북도 안동시,202401-202408,26,74657AED1DDEC61701A31002258A239D,e1188ebdf4e50137c74ba1e3028486bd,47,경상북도,47170,안동시,128.7315,36.5601,탈춤공원,탈춤공원,경북 안동시 육사로 239-0,관광지,문화관광,관광지,문화관광,0.16201348253273282,202408
47170,경상북도 안동시,202401-202408,27,D6EE0409BA9853CED336EC7A0BF2CF6C,9bc463f60f7112293fb223386e35efdc,47,경상북도,47170,안동시,128.7255,36.5594,안동문화예술의전당,안동문화예술의전당,경북 안동시 축제장길 66-0,관광지,문화관광,관광지,문화관광,0.14590299854224248,202408
47170,경상북도 안동시,202401-202408,28,BDAFB5A4515B278B8F780FD4B78C0B51,dc5992dda5debc66f3b953225c531865,47,경상북도,47170,안동시,128.5708,36.5791,브라운도트호텔/안동풍산점,브라운도트호텔/안동풍산점,경북 안동시 풍산태사로 1023-6,숙박,숙박,숙박,숙박,0.13404150564366585,202408
47170,경상북도 안동시,202401-202408,29,9E3DCF4195A0B31678254DC852BC8C09,4cd9b9a23d1c08707a723b56062a502f,47,경상북도,47170,안동시,128.9175,36.4156,묵계서원,묵계서원,경북 안동시 국만리길 72-0,관광지,역사관광,관광지,역사관광,0.12948893669107084,202408
47170,경상북도 안동시,202401-202408,30,F93F087B88160C27DF33AF249F9A7AE4,187fc079998937654773cca40f9b7c17,47,경상북도,47170,안동시,128.7687,36.5733,구름에,구름에,경북 안동시 민속촌길 190-0,숙박,숙박,숙박,숙박,0.12600767600671864,202408
47170,경상북도 안동시,202401-202408,31,D030C20221D69EB701D890D32EFC687C,7fe09cba97ce77d62073096aaa7445fa,47,경상북도,47170,안동시,128.6085,36.5899,안동시농산물도매시장,안동시농산물도매시장,경북 안동시 유통단지길 100-0,관광지,쇼핑,관광지,쇼핑,0.12049523814064496,202408
47170,경상북도 안동시,202401-202408,32,A8E75312083DF3F6330A164A300325F2,72b7ab771a29f3db7e80cc6364b327a2,47,경상북도,47170,안동시,128.518,36.5447,화천서원,화천서원,경북 안동시 광덕솔밭길 72-0,관광지,역사관광,관광지,역사관광,0.1182821159168684,202408
47170,경상북도 안동시,202401-202408,33,3C7A7760AA183ED79829492F505525ED,49dd1aa5fa675c4159d456dfed3cfb44,47,경상북도,47170,안동시,128.863,36.7389,이육사문학관,이육사문학관,경북 안동시 백운로 525-0,관광지,문화관광,관광지,문화관광,0.11600856135748124,202408
47170,경상북도 안동시,202401-202408,34,CFF8A288858953940029FE539475FD61,558290443cdbf44022859babcadf0cf0,47,경상북도,47170,안동시,128.7311,36.5639,브라운도트호텔/안동문화의거리점,브라운도트호텔/안동문화의거리점,경북 안동시 문화광장길 16-13,숙박,숙박,숙박,숙박,0.11407240242091854,202408
47170,경상북도 안동시,202401-202408,35,CEAC8B3A28D1F878F5E190FA7D4DA32E,719de5cfd5b190694f5b2b59ef08c955,47,경상북도,47170,안동시,128.5754,36.4892,리버힐CC,리버힐CC,경북 안동시 풍일로 1572-0,관광지,레저스포츠,관광지,레저스포츠,0.11354095035806952,202408
47170,경상북도 안동시,202401-202408,36,CFE3290B1D832EB3BCB80C192019AC4E,59abc4e6b4db67812c9d56a82e4861e1,47,경상북도,47170,안동시,128.6107,36.4744,남안동CC,남안동CC,경북 안동시 풍일로 1887-0,관광지,레저스포츠,관광지,레저스포츠,0.11130060776675205,202408
47170,경상북도 안동시,202401-202408,37,6CF1F6E27B0E7205EEFE75CA3FAD0B40,b66c7db9e76513ecdd4144b2da326feb,47,경상북도,47170,안동시,128.7149,36.5662,월영호텔,월영호텔,경북 안동시 서동문로 30-0,숙박,숙박,숙박,숙박,0.10837193487459246,202408
47170,경상북도 안동시,202401-202408,38,F3E24262E4EDB871CE4D02D424AE0FE5,80faee9f68baddaef1d68952386b9e83,47,경상북도,47170,안동시,128.7111,36.5565,안동강변구장,안동강변구장,경북 안동시,관광지,문화관광,관광지,문화관광,0.10484227952702256,202408
47170,경상북도 안동시,202401-202408,39,AE6079ECE3439EDD65B512DF94CDFF93,9661a5d77585c9ffe04a16455dc311cc,47,경상북도,47170,안동시,128.8426,36.6942,한국문화테마파크,한국문화테마파크,경북 안동시 월천길 300-0,관광지,문화관광,관광지,문화관광,0.10445177957724586,202408
47170,경상북도 안동시,202401-202408,40,FEE534B48DEDDFBA6B5B6EA79E65620D,be55627a8cd1c85ec5f6c1031d115c86,47,경상북도,47170,안동시,128.6997,36.5663,롯데시네마/프리미엄안동,롯데시네마/프리미엄안동,경북 안동시 경북대로 418-0,관광지,문화관광,관광지,문화관광,0.10284180854078674,202408
47170,경상북도 안동시,202401-202408,41,C07BC8797E76CC5354F84E5B8B3CC758,97dea3d1cd114bedba992e18815ee523,47,경상북도,47170,안동시,128.8921,36.7676,고산정,고산정,경북 안동시 가송길 177-42,관광지,역사관광,관광지,역사관광,0.08864225075777078,202408
47170,경상북도 안동시,202401-202408,42,28813D9F89453241BD570CD6422DCC72,cfdb3bc0f5d90696528da5fb3a0cf9a9,47,경상북도,47170,안동시,128.7327,36.5644,고려호텔,고려호텔,경북 안동시 영가로 13-0,숙박,숙박,숙박,숙박,0.08838346044779141,202408
47170,경상북도 안동시,202401-202408,43,5C0ED7C32BB03773EC188019FADD206C,258789c9d6a4c649bf5e766c16f9cc35,47,경상북도,47170,안동시,128.7034,36.5639,브라운도트호텔/안동옥동점,브라운도트호텔/안동옥동점,경북 안동시 옥명길 48-0,숙박,숙박,숙박,숙박,0.08815659877173289,202408
47170,경상북도 안동시,202401-202408,44,40339956D450C3BC4B4C5232C8B5039A,a9351d889897deeda87c75ee538b4f63,47,경상북도,47170,안동시,128.7051,36.6065,안동이천동마애여래입상,안동이천동마애여래입상,경북 안동시,관광지,역사관광,관광지,역사관광,0.08600590069767866,202408
47170,경상북도 안동시,202401-202408,45,8C86B2608FFC71EC6384153E332214EA,0423dbb8e054b9705d679a7fa02a49ba,47,경상북도,47170,안동시,128.7159,36.5655,비앤비모텔,비앤비모텔,경북 안동시 대안로 29-0,숙박,숙박,숙박,숙박,0.0857767024054056,202408
47170,경상북도 안동시,202401-202408,46,4C24D06407BAD6D6DA07E9CEA45BB3CC,e21b59454204c650a5b874e36cc3a097,47,경상북도,47170,안동시,128.7025,36.5624,스위트호텔,스위트호텔,경북 안동시 옥동길 97-6,숙박,숙박,숙박,숙박,0.07813306575453191,202408
47170,경상북도 안동시,202401-202408,47,A69C29DC804EED269791E5ECBE2D81F5,6c6d95e246b2a07c5685b1963e370cd7,47,경상북도,47170,안동시,128.8431,36.6957,안동국제컨벤션센터,안동국제컨벤션센터,경북 안동시 월천길 301-0,관광지,문화관광,관광지,문화관광,0.07661873470888872,202408
47170,경상북도 안동시,202401-202408,48,B78DD1F8F9FADBF0DC21972A524722AA,add43d188ab50f3abd854147585072ca,47,경상북도,47170,안동시,128.4948,36.5756,퀸모텔,퀸모텔,경북 안동시 검무로 10-15,숙박,숙박,숙박,숙박,0.07524046899338466,202408
47170,경상북도 안동시,202401-202408,49,61A9D78AA794263754C9A2F6AE7EDB25,8b5e7836dd068601d1d820b4147fde37,47,경상북도,47170,안동시,128.6785,36.5062,암산유원지,암산유원지,경북 안동시 암산1길 59-0,관광지,문화관광,관광지,문화관광,0.06887115365700079,202408
47170,경상북도 안동시,202401-202408,50,AEECE604343C23D0623F80DC27FC79C0,9db4c493f2dfb03680d8c578fcff8c43,47,경상북도,47170,안동시,128.7353,36.5641,안동파크호텔,안동파크호텔,경북 안동시 경동로 707-0,숙박,숙박,숙박,숙박,0.06522498817275872,202408
47170,경상북도 안동시,202401-202408,51,4C4F48FA614240BE1338271D20DD040B,cdf68a8578f928f2d71d7f440c5aa06b,47,경상북도,47170,안동시,128.505,36.5721,천년숲,천년숲,경북 안동시,관광지,문화관광,관광지,문화관광,0.0650184386497124,202408
47170,경상북도 안동시,202401-202408,52,95FBE826E6F55DD63FF9C736C174B647,7b73cf628ef6fdf7d3a61cd866d5a6b7,47,경상북도,47170,안동시,128.7284,36.5619,넘버25호텔/안동역점,넘버25호텔/안동역점,경북 안동시 맑은샘4길 13-0,숙박,숙박,숙박,숙박,0.06284784440889313,202408
47170,경상북도 안동시,202401-202408,53,9B9BCD953ACE7EFF1C9B3BA7794F4A16,27b23309117dfad9ad551edeb8ee6f47,47,경상북도,47170,안동시,128.6062,36.5898,안동수산물도매시장,안동수산물도매시장,경북 안동시 유통단지길 64-0,관광지,쇼핑,관광지,쇼핑,0.06081732815844968,202408
47170,경상북도 안동시,202401-202408,54,939D8375433CE3073A2D3E2CA1A8446D,2e8442ec82dfbec481f913ff477f4d46,47,경상북도,47170,안동시,128.7341,36.5663,전통문화콘텐츠박물관,전통문화콘텐츠박물관,경북 안동시 서동문로 203-0,관광지,문화관광,관광지,문화관광,0.05914037284972251,202408
47170,경상북도 안동시,202401-202408,55,5ABFF96744B0EAEEEAE986F30634C07D,31b5df08abee11372afff141dfe824fb,47,경상북도,47170,안동시,128.7265,36.5647,꿈의궁전,꿈의궁전,경북 안동시 퇴계로 64-0,숙박,숙박,숙박,숙박,0.058790200409678806,202408
47170,경상북도 안동시,202401-202408,56,F7436039445E296734D5019028623B66,68de036658c88d8020e9f1c54232b256,47,경상북도,47170,안동시,128.7668,36.5747,안동민속촌,안동민속촌,경북 안동시,관광지,역사관광,관광지,역사관광,0.05744884923927206,202408
47170,경상북도 안동시,202401-202408,57,0E483C962E3777D56D48557F335EBF0A,57319280d324378f8034c7c4865565e6,47,경상북도,47170,안동시,128.7027,36.5616,쇼모텔,쇼모텔,경북 안동시 옥동3길 41-6,숙박,숙박,숙박,숙박,0.057372195685632066,202408
47170,경상북도 안동시,202401-202408,58,04C13C0E46414D947A72E1D70A1F9F0E,b523f506f97bbde24fb06451566e80dd,47,경상북도,47170,안동시,128.5784,36.5792,체화정,체화정,경북 안동시 풍산태사로 1123-10,관광지,역사관광,관광지,역사관광,0.05472419955486996,202408
47170,경상북도 안동시,202401-202408,59,CDB4F67CE29624774D379211A3871835,58eb0ed4ac387171b312ef5657bc9cba,47,경상북도,47170,안동시,128.5276,36.5489,하회세계탈박물관,하회세계탈박물관,경북 안동시 전서로 206-0,관광지,문화관광,관광지,문화관광,0.052532886507566864,202408
47170,경상북도 안동시,202401-202408,60,1CD2E4728560911AC3A876D7C154DA77,bc62f7c10d9a6f1dda5613ffc3603452,47,경상북도,47170,안동시,128.7355,36.565,호텔누리다,호텔누리다,경북 안동시 중앙로 81-0,숙박,숙박,숙박,숙박,0.0513532465294473,202408
47170,경상북도 안동시,202401-202408,61,381B7BE440E9004AC7DFC92E7064D437,8775ace211034aa2f9386a809ef3856a,47,경상북도,47170,안동시,128.5174,36.5381,영모각,영모각,경북 안동시 하회종가길 69-0,관광지,문화관광,관광지,문화관광,0.048934893908335844,202408
47170,경상북도 안동시,202401-202408,62,59F9309191A22721BED05E149064B1FC,07c7c610c3fb254aa77edf8ab83a1db9,47,경상북도,47170,안동시,128.7061,36.6064,연미사,연미사,경북 안동시 제비원로 672-0,관광지,역사관광,관광지,역사관광,0.04842393384969718,202408
47170,경상북도 안동시,202401-202408,63,1B458415154F1ED96D1E121E970127BC,06be920ea6c5f217fc073fc90e9b5f26,47,경상북도,47170,안동시,128.8578,36.5335,경상북도독립운동기념관,경상북도독립운동기념관,경북 안동시 독립기념관길 2-0,관광지,문화관광,관광지,문화관광,0.04686466359264108,202408
47170,경상북도 안동시,202401-202408,64,5AFAC005A5D3BC7932DEB1139FF661DF,116d16a7b9b6606de907ea676d74269a,47,경상북도,47170,안동시,128.7314,36.5601,안동벚꽃축제,안동벚꽃축제,경북 안동시 육사로 239-0,관광지,문화관광,관광지,문화관광,0.04565659735047775,202404
47170,경상북도 안동시,202401-202408,65,58DBD6FABB2B62B8B28AE0B2AB25FE8E,2c3d34540cd34e6bbebfcc2d698de94a,47,경상북도,47170,안동시,128.7365,36.552,호텔얌/안동강남점,호텔얌/안동강남점,경북 안동시 충효로 4468-0,숙박,숙박,숙박,숙박,0.045283433483710334,202408
47170,경상북도 안동시,202401-202408,66,E3BE4746C86CC075DB4955C7759AE9F6,704686eac546700c572caadd4bfefe1b,47,경상북도,47170,안동시,128.73,36.5641,센트럴호텔,센트럴호텔,경북 안동시 남문로 10-3,숙박,숙박,숙박,숙박,0.04498290095810587,202408
47170,경상북도 안동시,202401-202408,67,570CAD1C5F33A8F9C25715CC8A082F1F,c80c722b44ec56e5c35b8ddc2ec30a24,47,경상북도,47170,안동시,128.7223,36.5664,해피큐모텔,해피큐모텔,경북 안동시 광석4길 11-0,숙박,숙박,숙박,숙박,0.04463400296952132,202408
47170,경상북도 안동시,202401-202408,68,86288F4526B68123D6D3F6EE79F7DC3D,0b821a9f8923b53e92a3b2ceb96307ac,47,경상북도,47170,안동시,128.7647,36.5786,개목나루,개목나루,경북 안동시 민속촌길 26-0,관광지,기타관광,관광지,기타관광,0.042764814028628806,202408
47170,경상북도 안동시,202401-202408,69,E5F7FD93D5C70C413CF480545EFBEB29,6c37ead618074dc3fe4962bf12b2d4c8,47,경상북도,47170,안동시,128.8849,36.7639,농암종택,농암종택,경북 안동시 가송길 162-133,관광지,역사관광,관광지,역사관광,0.042013723909669294,202408
47170,경상북도 안동시,202401-202408,70,A782B110F359861EAE99B07B131FA069,292ef57a119d835b89f5bb7e2132136f,47,경상북도,47170,안동시,128.7235,36.5661,모텔캐슬,모텔캐슬,경북 안동시 광석4길 34-0,숙박,숙박,숙박,숙박,0.04155081318541947,202408
47170,경상북도 안동시,202401-202408,71,BB618A7E8CD883D0D3D4BAFDF1424B2B,1ffb19db6636fc37a8003bc828e5e602,47,경상북도,47170,안동시,128.7036,36.5619,리치모텔,리치모텔,경북 안동시 경북대로 358-0,숙박,숙박,숙박,숙박,0.04131260419936748,202408
47170,경상북도 안동시,202401-202408,72,526A2EE6968CD1301AC45F0F95299A98,3ace4ac6ca51d60f4ead7282447a0aa4,47,경상북도,47170,안동시,128.7326,36.5646,호텔얌/안동문화의거리점,호텔얌/안동문화의거리점,경북 안동시 음식의길 32-13,숙박,숙박,숙박,숙박,0.04104827545220308,202408
47170,경상북도 안동시,202401-202408,73,3E947B3361FADF620B2B14E21BD2A738,2c0ec2dd415caf3b392e8179085f056b,47,경상북도,47170,안동시,128.8131,36.697,선성현문화단지한옥체험관,선성현문화단지한옥체험관,경북 안동시 선성5길 8-0,관광지,기타관광,관광지,기타관광,0.0392137449410596,202408
47170,경상북도 안동시,202401-202408,74,D094D18F9A5088A216C79A54DED5B8BC,e57f718840a576abbb40a7d046c4e3b0,47,경상북도,47170,안동시,128.7503,36.5594,용상시장,용상시장,경북 안동시 경동로 862-0,관광지,쇼핑,관광지,쇼핑,0.03862539778303249,202408
47170,경상북도 안동시,202401-202408,75,C5F04D41459139FBB257864A74135B16,8a62597f9bd8606ab7a2843184817fc0,47,경상북도,47170,안동시,128.7811,36.5769,석동선착장,석동선착장,경북 안동시 석주로 514-0,관광지,기타관광,관광지,기타관광,0.03783971040680956,202408
47170,경상북도 안동시,202401-202408,76,9673B7E5F2720DC0BC46BC6FC70A8792,87ec73ffd1781bc5846d06e7a6a7d4c5,47,경상북도,47170,안동시,128.9442,36.4179,계명산자연휴양림,계명산자연휴양림,경북 안동시,관광지,자연관광,관광지,자연관광,0.03723080378810799,202408
47170,경상북도 안동시,202401-202408,77,1F6ACAC13F6185B6D95EAB5FCE81D379,41f64b3abf2a83bf9879c1afe680a205,47,경상북도,47170,안동시,128.8513,36.5018,금소생태공원,금소생태공원,경북 안동시,관광지,문화관광,관광지,문화관광,0.037033514929920824,202408
47170,경상북도 안동시,202401-202408,78,1C95EAA3857738F277886E7A69EC712A,7295c162619011d409535c8d835c9527,47,경상북도,47170,안동시,128.665,36.4612,권정생동화나라,권정생동화나라,경북 안동시 망호한길 43-26,관광지,문화관광,관광지,문화관광,0.03650830558317868,202408
47170,경상북도 안동시,202401-202408,79,16C3AF5ADD5D9EF6B891FC44C61EFAF6,35d9bb7886c813aa4e60c6d26682005e,47,경상북도,47170,안동시,128.7311,36.5606,안동벚꽃길,안동벚꽃길,경북 안동시 육사로 239-0,관광지,기타관광,관광지,기타관광,0.03518967785439077,202404
47170,경상북도 안동시,202401-202408,80,6EB7DBB727A1FA77828B7FAE5491F96B,c353ade81d364318beec396fd3d62696,47,경상북도,47170,안동시,128.7386,36.5475,해적선펜션,해적선펜션,경북 안동시 충효로 4406-0,숙박,숙박,숙박,숙박,0.035184507437152,202408
47170,경상북도 안동시,202401-202408,81,74217B09CA0E273B9B8F6F339569434B,5f80bb3f155f35d51908a0e971eaac96,47,경상북도,47170,안동시,128.6082,36.589,안동청과합자회사,안동청과합자회사,경북 안동시 유통단지길 100-0,관광지,쇼핑,관광지,쇼핑,0.03444335358289237,202408
47170,경상북도 안동시,202401-202408,82,BACA9802999D048D75F5A6F1E05939CA,145cff933bdcbe21d1a974706ba32882,47,경상북도,47170,안동시,128.6946,36.6124,송강미술관,송강미술관,경북 안동시 이송천길 240-10,관광지,문화관광,관광지,문화관광,0.03365687538556346,202408
47170,경상북도 안동시,202401-202408,83,D9F3FF4C047719981A3362D188EC5D26,70740e4b09a432756083275b955d67ab,47,경상북도,47170,안동시,128.7315,36.565,안동호텔,안동호텔,경북 안동시 문화광장길 40-15,숙박,숙박,숙박,숙박,0.030679858688181388,202408
47170,경상북도 안동시,202401-202408,84,7E2E06B06FC53133DF934061580A35EB,e4aa2342d2bae519342b36caaf9bf79d,47,경상북도,47170,안동시,128.8151,36.6977,안동선비순례길/1코스,안동선비순례길/1코스,경북 안동시 선성5길 8-0,관광지,레저스포츠,관광지,레저스포츠,0.029751944756255675,202408
47170,경상북도 안동시,202401-202408,85,2C861365ED5BF18EAB5D159F082102D6,861b3ec450e85636b1392cc21d383293,47,경상북도,47170,안동시,128.8026,36.6738,안동군자마을,안동군자마을,경북 안동시 군자리길 29-0,관광지,역사관광,관광지,역사관광,0.029321924771234503,202408
47170,경상북도 안동시,202401-202408,86,179F744E6D0E9705671E8A912E8F5F90,c4b7dc323e3b70d8a980f15056f6bcec,47,경상북도,47170,안동시,128.7104,36.5663,호텔같은모텔,호텔같은모텔,경북 안동시 경동로 474-1,숙박,숙박,숙박,숙박,0.027117416595139134,202408
47170,경상북도 안동시,202401-202408,87,4244758ADA6B6E74C63AAFCAAE1A1521,244a45447ae73d9b0a8540108fbaf6b4,47,경상북도,47170,안동시,128.7328,36.5647,문화호텔,문화호텔,경북 안동시 영가로 17-0,숙박,숙박,숙박,숙박,0.026845369235247617,202408
47170,경상북도 안동시,202401-202408,88,BFDAF3CA4B8F3B09134FCE1C86B30370,e4a796f9290084ae77d3ad3084d72d31,47,경상북도,47170,안동시,128.7446,36.565,안동임청각/공사중(2024년완공예정),안동임청각/공사중(2024년완공예정),경북 안동시 임청각길 63-0,관광지,역사관광,관광지,역사관광,0.02667862812239121,202408
47170,경상북도 안동시,202401-202408,89,EF81B9083E4432E8291520516F0ABF8B,5b378d141ff48558e5dac2c1bca9af5c,47,경상북도,47170,안동시,128.9191,36.5651,임하호수상레저타운캠핑장,임하호수상레저타운캠핑장,경북 안동시 선착장길 71-0,숙박,숙박,숙박,숙박,0.026473055790446738,202408
47170,경상북도 안동시,202401-202408,90,79BF9632A431D8066FEB5964129D8210,72e43d83e74d4a60cabff22f0f1b6ece,47,경상북도,47170,안동시,128.8979,36.4569,길안천지생태공원,길안천지생태공원,경북 안동시 길안청송로 35-0,관광지,문화관광,관광지,문화관광,0.025935357009035185,202408
47170,경상북도 안동시,202401-202408,91,43F6D44183B9FAD0AF2C5BC9324FF51C,dcd6dce6bc51a45c08657d380bd83c5f,47,경상북도,47170,안동시,128.575,36.5778,풍산시장,풍산시장,경북 안동시 장터3길 1-0,관광지,쇼핑,관광지,쇼핑,0.024806928271476382,202408
47170,경상북도 안동시,202401-202408,92,CF5044C4414791A361E524623E4352BF,96cdb3c3f76af883a22e03742a513cd9,47,경상북도,47170,안동시,128.9243,36.3892,용담사계곡,용담사계곡,경북 안동시,관광지,자연관광,관광지,자연관광,0.024543545196988672,202408
47170,경상북도 안동시,202401-202408,93,D1BA0DBDEF79CABB59790115C646AFAE,82e689e0769e65c03fe992db6ef34cea,47,경상북도,47170,안동시,128.7764,36.5804,세계물포럼기념센터,세계물포럼기념센터,경북 안동시 석주로 383-0,관광지,문화관광,관광지,문화관광,0.024141758146380764,202408
47170,경상북도 안동시,202401-202408,94,DCA1C3E702C36C43B418B636D5B5A31E,29256c668a1263ba0f7f78d8a07d8483,47,경상북도,47170,안동시,128.7359,36.5649,W모텔,W모텔,경북 안동시 중앙로 85-0,숙박,숙박,숙박,숙박,0.023878752185414152,202408
47170,경상북도 안동시,202401-202408,95,35A3F891375C2BE268EDDB1D205636D0,e09c2739c1d77223af04cc8981db10f6,47,경상북도,47170,안동시,128.7286,36.5539,안동수페스타,안동수페스타,경북 안동시 공단로 171-10,관광지,문화관광,관광지,문화관광,0.022961426744739798,202408
47170,경상북도 안동시,202401-202408,96,C9F0BAE803CF48833BFEA00661D2449A,762408ad2b45b9033b5b8323423af123,47,경상북도,47170,안동시,128.7791,36.5683,안동문화관광단지,안동문화관광단지,경북 안동시,관광지,문화관광,관광지,문화관광,0.02289391345574167,202408
47170,경상북도 안동시,202401-202408,97,63D27CD8B9826F795E88C87B26BEB5F4,ad09c3f1e8d6c2f1ea583afd33c3cbad,47,경상북도,47170,안동시,128.7025,36.5644,윈호텔,윈호텔,경북 안동시 옥명길 28-0,숙박,숙박,숙박,숙박,0.0226352560857868,202408
47170,경상북도 안동시,202401-202408,98,3337C0260872651D6F2A5F723EBB56F7,a3c1484cd1973727a27a8bb10fa656a2,47,경상북도,47170,안동시,128.7039,36.5618,제이제이부띠끄모텔,제이제이부띠끄모텔,경북 안동시 옥광1길 8-37,숙박,숙박,숙박,숙박,0.022313911951204485,202408
47170,경상북도 안동시,202401-202408,99,3A89F87A172C9ACF014D1B2518479A1D,069059b7ef840f0c74a814ec9237b6ec,47,경상북도,47170,안동시,128.7463,36.566,법흥사지칠층전탑,법흥사지칠층전탑,경북 안동시,관광지,역사관광,관광지,역사관광,0.02221715177238448,202408
47170,경상북도 안동시,202401-202408,100,9D574F50E26D12EDDC73C261773C5370,9213960daf0cca1a2768b9d691b83390,47,경상북도,47170,안동시,128.7367,36.55,올인모텔,올인모텔,경북 안동시 강남14길 56-0,숙박,숙박,숙박,숙박,0.020378594430455813,202408
47130,경상북도 경주시,202401-202408,1,0EA023AE5DA9102DF7FBBCCAC4F498FC,533e276811e75113d9ae19d4f1075e73,47,경상북도,47130,경주시,129.2265,35.8347,동궁과월지,동궁과월지,경북 경주시 원화로 102-0,관광지,역사관광,관광지,역사관광,10.282354869742448,202408
47130,경상북도 경주시,202401-202408,2,100E9EC84D1E48694D0792950D15CC5E,a7a30e65493f93bc02b9eb6dafc15230,47,경상북도,47130,경주시,129.3319,35.7898,불국사,불국사,경북 경주시 불국로 385-0,관광지,역사관광,관광지,역사관광,7.653684782187721,202408
47130,경상북도 경주시,202401-202408,3,B833AA12C67EC4D97CFF832369569BF4,3316ea6aae7e9ac1583117ab0e47a561,47,경상북도,47130,경주시,129.2191,35.8347,첨성대,첨성대,경북 경주시 첨성로 140-25,관광지,역사관광,관광지,역사관광,7.035552669250553,202408
47130,경상북도 경주시,202401-202408,4,16992656E9639C5532EDD6A22A8136CE,9aaf6c471f653b9f7f48f1bf52c02fad,47,경상북도,47130,경주시,129.2278,35.8294,국립경주박물관,국립경주박물관,경북 경주시 일정로 186-0,관광지,문화관광,관광지,문화관광,6.080817529137477,202408
47130,경상북도 경주시,202401-202408,5,0B2551385F14D23126A572ACC847733A,c89de99418d07a11ce2c47cc6b654df1,47,경상북도,47130,경주시,129.2123,35.838,대릉원,대릉원,경북 경주시 계림로 9-0,관광지,역사관광,관광지,역사관광,5.331463786268614,202408
47130,경상북도 경주시,202401-202408,6,234BEA188F0D06ECA152EEE3753BF8D5,05e3d14d594e62f2c7d996594a49462a,47,경상북도,47130,경주시,129.2818,35.8466,소노벨/경주,소노벨/경주,경북 경주시 보문로 402-12,숙박,숙박,숙박,숙박,4.230379447872631,202408
47130,경상북도 경주시,202401-202408,7,520D8AC0DA1CCDFDCC01E517FF959015,720f6f320776208e16672e7c4e7456de,47,경상북도,47130,경주시,129.277,35.8503,라한셀렉트/경주,라한셀렉트/경주,경북 경주시 보문로 338-0,숙박,숙박,숙박,숙박,3.7333716308102978,202408
47130,경상북도 경주시,202401-202408,8,6A935F3F488B8F24ECE4DDBF631C26DC,f9e995eeee90b0fbee793cd9f13b5ac0,47,경상북도,47130,경주시,129.3496,35.7951,석굴암,석굴암,경북 경주시 석굴로 238-0,관광지,역사관광,관광지,역사관광,3.5493745398211427,202408
47130,경상북도 경주시,202401-202408,9,94D4AD78FF99806A7BD5A5F7834FB864,c51b0404e8aee2ea3f4571b54527180b,47,경상북도,47130,경주시,129.2872,35.8448,보문관광단지,보문관광단지,경북 경주시 보문로 424-33,관광지,문화관광,관광지,문화관광,3.111498764752781,202408
47130,경상북도 경주시,202401-202408,10,089C380367EA3BBABD488ED2867D237B,bd8cbba97012a8b10158bea7a80b15e5,47,경상북도,47130,경주시,129.2702,35.8598,한화리조트/경주,한화리조트/경주,경북 경주시 보문로 182-27,숙박,숙박,숙박,숙박,3.0573714275567783,202408
47130,경상북도 경주시,202401-202408,11,7A1BDB5681E7C4E0CF4312C05E9C3F62,972ef5cdcb4bf0c826c7fc367e3d28e9,47,경상북도,47130,경주시,129.4868,35.7381,문무대왕릉,문무대왕릉,경북 경주시,관광지,역사관광,관광지,역사관광,2.8534609988317934,202408
47130,경상북도 경주시,202401-202408,12,03B018AC821D6AAA0ED03CD7DCFF228A,071aed815217b05489e73167339494a7,47,경상북도,47130,경주시,129.2858,35.8399,경주힐튼호텔,경주힐튼호텔,경북 경주시 보문로 484-7,숙박,숙박,숙박,숙박,2.5660906908049443,202408
47130,경상북도 경주시,202401-202408,13,1120CDE79360BF173E98010153B3FFF6,48b5bea0295c5fe3512af1398026226d,47,경상북도,47130,경주시,129.2828,35.8355,경주월드,경주월드,경북 경주시 보문로 544-0,관광지,문화관광,관광지,문화관광,2.495598212911824,202408
47130,경상북도 경주시,202401-202408,14,AF6F8973700FE9421A1761CC0E9F5CCA,929b2a238ef0fba68031a583a89ecb64,47,경상북도,47130,경주시,129.2683,35.8607,켄싱턴리조트/경주,켄싱턴리조트/경주,경북 경주시 보문로 182-29,숙박,숙박,숙박,숙박,2.23771388929042,202408
47130,경상북도 경주시,202401-202408,15,0A3D06BD373148C4532B22AF3CC0E754,ce87f396792e898de659d416fe24f75a,47,경상북도,47130,경주시,129.2063,35.844,경주중앙시장,경주중앙시장,경북 경주시 금성로 295-0,관광지,쇼핑,관광지,쇼핑,1.926726362882576,202408
47130,경상북도 경주시,202401-202408,16,A31BF38F460E04764F7ACEC0453CBDCD,934f6b30b88a9bc555a4651a8a35350b,47,경상북도,47130,경주시,129.3219,35.7877,코오롱호텔,코오롱호텔,경북 경주시 불국로 289-17,숙박,숙박,숙박,숙박,1.648577518519749,202408
47130,경상북도 경주시,202401-202408,17,FA85301A8F433DC36B8672BC3975B8E6,1f7eca8345b2f7c921414044b2abca9a,47,경상북도,47130,경주시,129.2891,35.833,경주엑스포대공원,경주엑스포대공원,경북 경주시 경감로 614-0,관광지,문화관광,관광지,문화관광,1.5756259412485445,202408
47130,경상북도 경주시,202401-202408,18,A85A868539188B9374231D3D6DEC4FE6,29bc35309b0fd026084e21b70dd3198a,47,경상북도,47130,경주시,129.2919,35.8374,더케이호텔/경주,더케이호텔/경주,경북 경주시 엑스포로 45-0,숙박,숙박,숙박,숙박,1.2832614745718625,202408
47130,경상북도 경주시,202401-202408,19,828E1AA69FF7BE4A3FA996732B223DD3,5d61700529af8bc093e33d780ff495a9,47,경상북도,47130,경주시,129.2852,35.8444,코모도호텔/경주,코모도호텔/경주,경북 경주시 보문로 422-0,숙박,숙박,숙박,숙박,1.2536602409759747,202408
47130,경상북도 경주시,202401-202408,20,16395F0061865FEB078F0EC31316057E,c5fb8dc29b0f47a418eec7ca3eb014fb,47,경상북도,47130,경주시,129.4745,35.6865,경주양남주상절리,경주양남주상절리,경북 경주시,관광지,기타관광,관광지,기타관광,1.2483457464892251,202408
47130,경상북도 경주시,202401-202408,21,55C842AC3F88AC6CBF8DF7A525C81C1B,db72520e12abaf8aab45a127e10e80dc,47,경상북도,47130,경주시,129.2336,35.8408,분황사,분황사,경북 경주시 분황로 94-11,관광지,역사관광,관광지,역사관광,1.2441985481690763,202408
47130,경상북도 경주시,202401-202408,22,E08D797A837E27D67B9C561010D19F06,6fe0edd1f5faae5b7a82230867956214,47,경상북도,47130,경주시,129.2405,35.8119,경북천년숲정원,경북천년숲정원,경북 경주시 통일로 367-0,관광지,기타관광,관광지,기타관광,1.2294435633487872,202408
47130,경상북도 경주시,202401-202408,23,4C4EABBF496A718C367A681127E82CE1,20d900f3e0f985eb2fc638322b6034c3,47,경상북도,47130,경주시,129.2181,35.8292,월정교,월정교,경북 경주시,관광지,역사관광,관광지,역사관광,1.2063981334021838,202408
47130,경상북도 경주시,202401-202408,24,ABB6452B0C62D867FCD02C7523FA46CE,4a2451bae81e6efc008206a279542b58,47,경상북도,47130,경주시,129.2104,35.8386,천마총,천마총,경북 경주시,관광지,역사관광,관광지,역사관광,1.2058439817458493,202408
47130,경상북도 경주시,202401-202408,25,C2831366F905EABD1725032465E69620,d1c45c8a4fbd2b5ddd83f4ecaa4eb2c6,47,경상북도,47130,경주시,129.2888,35.823,강동리조트,강동리조트,경북 경주시 천군로 95-32,숙박,숙박,숙박,숙박,1.1632729774065234,202408
47130,경상북도 경주시,202401-202408,26,6E3F0731B53C87E5A5338E0D7D106150,31890729809a67c276a1f3024c20f05e,47,경상북도,47130,경주시,129.2614,35.8494,경주버드파크,경주버드파크,경북 경주시 보문로 74-14,관광지,문화관광,관광지,문화관광,1.1370003217847213,202408
47130,경상북도 경주시,202401-202408,27,5DAD01B2E585D835D0749AD6A87FACA7,d01140c01e652c15c1fa71962eb6d370,47,경상북도,47130,경주시,129.2622,35.8495,경주동궁원,경주동궁원,경북 경주시 보문로 74-14,관광지,문화관광,관광지,문화관광,1.1220789350265692,202408
47130,경상북도 경주시,202401-202408,28,F360D3C29854DE551E7E5014E59A6B21,d0595d10c08cd247694dd83ea1cac010,47,경상북도,47130,경주시,129.3122,35.8036,추억의달동네,추억의달동네,경북 경주시 보불로 216-8,관광지,문화관광,관광지,문화관광,1.0920839225504713,202408
47130,경상북도 경주시,202401-202408,29,B4B7A0E6CB5ADBEB690407B76B137F40,6eea96e9f42a9a1e522e745956de4118,47,경상북도,47130,경주시,129.2891,35.8448,경주루지월드,경주루지월드,경북 경주시 천북남로 16-0,관광지,레저스포츠,관광지,레저스포츠,1.0169386408083692,202408
47130,경상북도 경주시,202401-202408,30,5080BAD27C19E09BEB388B2E444FE0C2,bee7144fd0a42b4b2f1a79af7d816148,47,경상북도,47130,경주시,129.2677,35.8518,경주세계자동차박물관,경주세계자동차박물관,경북 경주시 보문로 132-22,관광지,문화관광,관광지,문화관광,1.0010743165805365,202408
47130,경상북도 경주시,202401-202408,31,7D330FA35AF764CBBEDC57D0B9DA175A,43c5b26b6738782b9e45719d8a45db1b,47,경상북도,47130,경주시,129.4913,35.7833,나정고운모래해변,나정고운모래해변,경북 경주시,관광지,자연관광,관광지,자연관광,0.961260980105784,202408
47130,경상북도 경주시,202401-202408,32,740D306A46DFA06A19EA8601C1332BEC,63814792ceab9be2f415bb7018e532b1,47,경상북도,47130,경주시,129.4981,35.7919,용굴,용굴,경북 경주시 장진길 39-0,관광지,자연관광,관광지,자연관광,0.9318221243939772,202408
47130,경상북도 경주시,202401-202408,33,38E4F4440C4363CCA25C1553A65338A1,3e9b185d6e472759a81d0b1a1b265d66,47,경상북도,47130,경주시,129.4742,35.6859,주상절리전망대,주상절리전망대,경북 경주시 동해안로 498-13,관광지,문화관광,관광지,문화관광,0.9052023225518284,202408
47130,경상북도 경주시,202401-202408,34,F50B3CBCD8A1FB91B0257BF94953D7AC,68de2132334997baea5f56787578d094,47,경상북도,47130,경주시,129.2908,35.8395,정글의법칙미디어파크,정글의법칙미디어파크,경북 경주시 보문로 465-67,관광지,문화관광,관광지,문화관광,0.90003207439792,202408
47130,경상북도 경주시,202401-202408,35,775859D2737247C6149E2E4E82573E6B,4e641088df9da3862e2cb8763ca5ad15,47,경상북도,47130,경주시,129.4996,35.7955,감포해변,감포해변,경북 경주시,관광지,자연관광,관광지,자연관광,0.8700601585606976,202408
47130,경상북도 경주시,202401-202408,36,5CB48F61B3F7A05B114594D128CB303C,b3e51c828e72756534f9a37403833981,47,경상북도,47130,경주시,129.5114,35.8072,송대말등대,송대말등대,경북 경주시 감포로 226-19,관광지,문화관광,관광지,문화관광,0.8247950261300252,202408
47130,경상북도 경주시,202401-202408,37,42652CB339B77E2DA42F382F6BDBC168,462bca2f3babd365684ebd8c6623f38d,47,경상북도,47130,경주시,129.4771,35.7482,감은사지3층석탑,감은사지3층석탑,경북 경주시,관광지,역사관광,관광지,역사관광,0.7970127054234708,202408
47130,경상북도 경주시,202401-202408,38,65EC40F2CBEEA56FCD8D41092E231DA7,b2e4130a8367b578a795bd5fbc9a3860,47,경상북도,47130,경주시,129.1909,35.8457,경주김유신장군묘,경주김유신장군묘,경북 경주시 충효2길 44-7,관광지,역사관광,관광지,역사관광,0.7874176730793696,202408
47130,경상북도 경주시,202401-202408,39,C5ACC87C6564060FC65AA788279CA402,dba819a4d3c87a93d5eec63d18ba33a1,47,경상북도,47130,경주시,129.505,35.8067,감포항,감포항,경북 경주시 감포로 166-0,관광지,자연관광,관광지,자연관광,0.7115513411590134,202408
47130,경상북도 경주시,202401-202408,40,2AAE8A148052C15040BB7E021A814EF3,7a55f428a56671c21a940b4e37cfd7aa,47,경상북도,47130,경주시,129.213,35.8069,포석정,포석정,경북 경주시,관광지,역사관광,관광지,역사관광,0.7088560483965081,202408
47130,경상북도 경주시,202401-202408,41,4A845F2CFDE451DD83A5A3336944DB03,c38a059c9214f4628096d88452db9ebf,47,경상북도,47130,경주시,129.2769,35.8518,바니베어뮤지엄/경주,바니베어뮤지엄/경주,경북 경주시 보문로 280-34,관광지,문화관광,관광지,문화관광,0.6840170843140446,202408
47130,경상북도 경주시,202401-202408,42,1571ABD645F7ECCB50C81654C7340FF8,8687539b86b12546f7da55c8be2d9bc2,47,경상북도,47130,경주시,129.5095,35.8221,오류고아라해변,오류고아라해변,경북 경주시,관광지,자연관광,관광지,자연관광,0.6790091101248878,202408
47130,경상북도 경주시,202401-202408,43,E6304FFD224431CD9F7D366ED1E6164D,4188964d50de8143b3ea67e371d64678,47,경상북도,47130,경주시,129.2059,35.8624,경주예술의전당,경주예술의전당,경북 경주시 알천북로 1-0,관광지,문화관광,관광지,문화관광,0.6675121812454011,202408
47130,경상북도 경주시,202401-202408,44,B806A6998DA2289133F49F25BC7F3E10,cd8d5260c8131ca7aeea5d41796d1a0a,47,경상북도,47130,경주시,129.2615,35.8631,경주CC,경주CC,경북 경주시 보문로 182-98,관광지,레저스포츠,관광지,레저스포츠,0.6582318404666355,202408
47130,경상북도 경주시,202401-202408,45,3C1454DD8B3650C2968A156DDCAFDA50,dfc9973b5a80c0bc817be666ce8304bd,47,경상북도,47130,경주시,129.2084,35.8224,경주오릉,경주오릉,경북 경주시,관광지,역사관광,관광지,역사관광,0.6174725721325199,202408
47130,경상북도 경주시,202401-202408,46,6D3A651FB9DCF6A2DE500668978070F7,edbac39df611159f89c10012a27d1563,47,경상북도,47130,경주시,129.2762,35.8443,보문호,보문호,경북 경주시,관광지,자연관광,관광지,자연관광,0.5976456485011254,202408
47130,경상북도 경주시,202401-202408,47,8D906C1E4F2D3810465452D8C06AB06B,7e7903c99f67e7a5190fcbc509ba6a88,47,경상북도,47130,경주시,129.5073,35.8084,수협활어직판장,수협활어직판장,경북 경주시 감포항구길 91-0,관광지,쇼핑,관광지,쇼핑,0.589790015545936,202408
47130,경상북도 경주시,202401-202408,48,1618900FE8E7735F0E02632794A4B33A,5330ba658d03cf3165dc03b0456898a5,47,경상북도,47130,경주시,129.3088,35.7629,성호리조트,성호리조트,경북 경주시 영지로 636-0,숙박,숙박,숙박,숙박,0.5893738027155918,202408
47130,경상북도 경주시,202401-202408,49,3FCDB1D7D15BCE1CCF7C1A3B7DA9EABA,fb3d5c12354e678c32c29bcb62ea2bc3,47,경상북도,47130,경주시,129.2442,35.916,모다아울렛/경주포항점,모다아울렛/경주포항점,경북 경주시 산업로 4930-0,관광지,쇼핑,관광지,쇼핑,0.578517925331178,202408
47130,경상북도 경주시,202401-202408,50,E207A29F9A60C42079A28B5D5ECD9DFB,fcfad94488b4dbfd6595ff015b6b6fde,47,경상북도,47130,경주시,129.2898,35.8345,주렁주렁/경주보문점,주렁주렁/경주보문점,경북 경주시 엑스포로 80-0,관광지,문화관광,관광지,문화관광,0.5633941286112832,202408
47130,경상북도 경주시,202401-202408,51,5D0BBFA505A2BA95471DD95C7495D251,0790df5abea33f8c49119ce9eba876da,47,경상북도,47130,경주시,129.2878,35.8383,경주화백컨벤션센터,경주화백컨벤션센터,경북 경주시 보문로 507-0,관광지,문화관광,관광지,문화관광,0.5395832379579668,202408
47130,경상북도 경주시,202401-202408,52,611AE83AFA05BC75CC1D63E125C5B378,f9ce108062286e1d00340820a3c96c5a,47,경상북도,47130,경주시,129.4926,35.771,베스트웨스턴플러스/경주호텔,베스트웨스턴플러스/경주호텔,경북 경주시 동해안로 1819-21,숙박,숙박,숙박,숙박,0.5384656693199192,202408
47130,경상북도 경주시,202401-202408,53,9CDE03DC0C2105759CA2DAC9480EF28C,1ca358ebd51cc46487ea1ae184f85b32,47,경상북도,47130,경주시,129.2956,35.8228,강동디아너스CC,강동디아너스CC,경북 경주시 보불로 391-0,관광지,레저스포츠,관광지,레저스포츠,0.5354781341814321,202408
47130,경상북도 경주시,202401-202408,54,164692AA5759A8F795EFEF3B0C524B12,032981c55d627f6a9568f2b0540ddcc1,47,경상북도,47130,경주시,129.4055,35.803,골굴사,골굴사,경북 경주시 기림로 101-5,관광지,역사관광,관광지,역사관광,0.5258409342446789,202408
47130,경상북도 경주시,202401-202408,55,229D7080343AC47471C509089887F5F3,e2452306e2c4c96f1da5662a7178b0b1,47,경상북도,47130,경주시,129.231,35.8384,황룡사역사문화관,황룡사역사문화관,경북 경주시 임해로 64-19,관광지,문화관광,관광지,문화관광,0.518707672887171,202408
47130,경상북도 경주시,202401-202408,56,E53667C63EEFCEC6649D52CCE717D034,966487385cf40b383a7ad2978843b7ad,47,경상북도,47130,경주시,129.3642,35.7506,경주바람의언덕,경주바람의언덕,경북 경주시 불국로 1056-185,관광지,기타관광,관광지,기타관광,0.5119105755501957,202408
47130,경상북도 경주시,202401-202408,57,0E8B348694F402856141BBAF60FE5A52,e2b344ea53edc515d191ffff576e8ce1,47,경상북도,47130,경주시,129.2286,35.8294,경주어린이박물관,경주어린이박물관,경북 경주시 일정로 186-0,관광지,문화관광,관광지,문화관광,0.5029618008350529,202408
47130,경상북도 경주시,202401-202408,58,497D92BEBD1EEC23AA5910659380D5CC,3b7c0205399df4a0be6adea6efb2ac69,47,경상북도,47130,경주시,129.2949,35.8556,MCY PARK,MCY PARK,경북 경주시 천북남로 196-0,관광지,문화관광,관광지,문화관광,0.5009698946625881,202408
47130,경상북도 경주시,202401-202408,59,6DD041118AAE374DCE79A085CC4A0A21,3353e352183af9257cf240c7ece46831,47,경상북도,47130,경주시,129.1877,35.8249,무열왕릉,무열왕릉,경북 경주시,관광지,역사관광,관광지,역사관광,0.4956247799937674,202408
47130,경상북도 경주시,202401-202408,60,2CAD6C4FF1BDB798FD231A02062E3F46,958a09d3ccee90b8ae98472fc5ac3ca7,47,경상북도,47130,경주시,129.332,35.7902,경주불국사경내,경주불국사경내,경북 경주시 불국로 385-0,관광지,역사관광,관광지,역사관광,0.48902017097900974,202408
47130,경상북도 경주시,202401-202408,61,6B98960AD2D4071747F7041BE54EECF3,95e7a4068b22246909eec06817a964d7,47,경상북도,47130,경주시,129.2889,35.8375,KT경주수련관,KT경주수련관,경북 경주시 엑스포로 30-0,관광지,레저스포츠,관광지,레저스포츠,0.4851186630686176,202408
47130,경상북도 경주시,202401-202408,62,0CC336F86DF6325D53D9A6154FA19184,fa8f3fce90328a948f72183a1c8180c3,47,경상북도,47130,경주시,129.2156,35.8584,황성공원,황성공원,경북 경주시 알천북로 115-0,관광지,문화관광,관광지,문화관광,0.4685154607107243,202408
47130,경상북도 경주시,202401-202408,63,EF16546F2F0B3C3B58CA56F76EC4FE05,fb0b8373c37775981356129c54f4a454,47,경상북도,47130,경주시,129.2162,35.8454,성동시장,성동시장,경북 경주시 원화로281번길 11-0,관광지,쇼핑,관광지,쇼핑,0.459376009792308,202408
47130,경상북도 경주시,202401-202408,64,9E28652C7C01CA0CA64633683478B596,fa35d9376f8ba24e14e41cb3ed66b8a3,47,경상북도,47130,경주시,129.5041,35.8045,감포선착장,감포선착장,경북 경주시 감포항구길 6-0,관광지,기타관광,관광지,기타관광,0.4503046984497394,202408
47130,경상북도 경주시,202401-202408,65,2C40083A2CD630BA4284B3AA099EF108,90c32cd61e490eb64dd2832f6d4be109,47,경상북도,47130,경주시,129.273,35.863,보문GC,보문GC,경북 경주시 보문로 182-14,관광지,레저스포츠,관광지,레저스포츠,0.44273578723729423,202408
47130,경상북도 경주시,202401-202408,66,8BE60E3C231F7278ADCFBCC66CDEDB48,ae7e0bdfc43944a04ec162a90a096f11,47,경상북도,47130,경주시,129.2894,35.8411,보문정,보문정,경북 경주시,관광지,역사관광,관광지,역사관광,0.44084741658541526,202408
47130,경상북도 경주시,202401-202408,67,3F57C34B02E73F208CE7F866664C1653,b5562f898e6ad258bef2c51a655937d4,47,경상북도,47130,경주시,129.2245,35.8793,더테라스호텔,더테라스호텔,경북 경주시 광중길 11-0,숙박,숙박,숙박,숙박,0.41379594312190526,202408
47130,경상북도 경주시,202401-202408,68,E52BE7CCB5317554514D0D7252079E0F,3a267d17e7845bc7066ca44d6461920a,47,경상북도,47130,경주시,129.2926,35.8405,베니키아스위스로젠호텔,베니키아스위스로젠호텔,경북 경주시 보문로 465-37,숙박,숙박,숙박,숙박,0.40805983631481646,202408
47130,경상북도 경주시,202401-202408,69,059F9DC89636E1EC25FE1907E6250122,fae5a6a69528a462d9b8e7d9fcdac1c8,47,경상북도,47130,경주시,129.502,35.804,감포공설시장,감포공설시장,경북 경주시 감포로 115-0,관광지,쇼핑,관광지,쇼핑,0.4040206633752796,202408
47130,경상북도 경주시,202401-202408,70,67C564A5B860FD35861BD5464C04F593,f33e4fa3293933ff05e16435580deee5,47,경상북도,47130,경주시,129.2159,35.8307,경주교동최씨고택,경주교동최씨고택,경북 경주시 교촌안길 19-21,관광지,역사관광,관광지,역사관광,0.3948529525366032,202408
47130,경상북도 경주시,202401-202408,71,5D90E0DAEFBF18168D4CF81E17C5537E,17e4dfacb9440a4319256469a211eb09,47,경상북도,47130,경주시,129.2846,35.8505,경주신라CC,경주신라CC,경북 경주시 보문로 319-0,관광지,레저스포츠,관광지,레저스포츠,0.39322847794414084,202408
47130,경상북도 경주시,202401-202408,72,1CE45C6F2252CFEEA6DD2556938A6F3D,f840c6c8c279d9c455c26f3580216ab3,47,경상북도,47130,경주시,129.4034,35.8379,기림사,기림사,경북 경주시 기림로 437-17,관광지,역사관광,관광지,역사관광,0.38621792428779833,202408
47130,경상북도 경주시,202401-202408,73,71C446BBBCA6B8B5C4B5FAF3071EE411,cd22a4e6c687e763958b8b1419e0caa0,47,경상북도,47130,경주시,129.2706,35.8607,뽀로로아쿠아빌리지,뽀로로아쿠아빌리지,경북 경주시 보문로 182-27,관광지,문화관광,관광지,문화관광,0.38093104741584644,202408
47130,경상북도 경주시,202401-202408,74,45EE9CE6A390DC425368CCE228D8F2BD,1086c3e6c58d0973d4b6f973f3b0fe7a,47,경상북도,47130,경주시,129.2889,35.8261,강동워터파크,강동워터파크,경북 경주시 보불로 391-0,관광지,문화관광,관광지,문화관광,0.3700078333480581,202408
47130,경상북도 경주시,202401-202408,75,9F4D108A3C35C4401BF051B87F246D88,6f8f28ad03994ed609aaa54d362ab127,47,경상북도,47130,경주시,129.2811,35.8485,일성경주보문콘도,일성경주보문콘도,경북 경주시 보문로 365-0,숙박,숙박,숙박,숙박,0.3613826367578884,202408
47130,경상북도 경주시,202401-202408,76,1AAF11D38D42141D47FFF6E335CE4E3C,de61989ccaa557ee589df32d8661ddb0,47,경상북도,47130,경주시,129.4841,35.7391,봉길대왕암해변,봉길대왕암해변,경북 경주시,관광지,자연관광,관광지,자연관광,0.3555320156022838,202408
47130,경상북도 경주시,202401-202408,77,8032B3F398BB8A4D9292C8E9AFB904B5,d54bad9bd0a7d18ca31d0f1b6cc6f0ee,47,경상북도,47130,경주시,129.3144,35.9106,루나엑스CC,루나엑스CC,경북 경주시 천강로 412-299,관광지,레저스포츠,관광지,레저스포츠,0.3488060419183685,202408
47130,경상북도 경주시,202401-202408,78,5A313EE5C48B76B3A7249B827755CECA,dbd41777b48573ba988de4b79fb2c3da,47,경상북도,47130,경주시,129.2834,35.8345,캘리포니아비치,캘리포니아비치,경북 경주시 보문로 544-0,관광지,문화관광,관광지,문화관광,0.3310457423038424,202408
47130,경상북도 경주시,202401-202408,79,AF9887C631D7556FB41B506C03CE8C02,ee89f94a5c904eeb4ecb3e8b30afe0c8,47,경상북도,47130,경주시,129.2423,35.8229,선덕여왕릉,선덕여왕릉,경북 경주시,관광지,역사관광,관광지,역사관광,0.2945436297009636,202408
47130,경상북도 경주시,202401-202408,80,F419C0DC91E354301C56AFD7F93ECE48,66bad740fe9a38bb3035bc1c59f933d1,47,경상북도,47130,경주시,129.2096,35.8336,황남관한옥호텔,황남관한옥호텔,경북 경주시 포석로 1038-0,숙박,숙박,숙박,숙박,0.2786757196999736,202408
47130,경상북도 경주시,202401-202408,81,BF80FD14164214104F9D739B185030C3,05e6316416eb990a0176bb5cdb120f3f,47,경상북도,47130,경주시,129.2889,35.8233,강동프라이빗콘도,강동프라이빗콘도,경북 경주시 보불로 391-0,숙박,숙박,숙박,숙박,0.27733786997428045,202408
47130,경상북도 경주시,202401-202408,82,A0CECB8AE04A7EB682A60A6B56804CD7,4f2869e9da099793dae53a1215f1ebc1,47,경상북도,47130,경주시,129.1633,36.0116,옥산서원,옥산서원,경북 경주시 옥산서원길 216-27,관광지,역사관광,관광지,역사관광,0.27367754307018394,202408
47130,경상북도 경주시,202401-202408,83,80B53E7769E50BC28EBB635E2F2D36C5,303380530481f5e3edf2dc6a4f378392,47,경상북도,47130,경주시,129.2893,35.8312,경주타워,경주타워,경북 경주시 경감로 614-0,관광지,기타관광,관광지,기타관광,0.2674782701690759,202408
47130,경상북도 경주시,202401-202408,84,9613B96F6CAE4FFE5B9CFE747E2227FE,cf3b3fc1e0f87ad3ff879addd5aa64da,47,경상북도,47130,경주시,129.4856,35.7744,골프존카운티감포,골프존카운티감포,경북 경주시 동해안로 1819-59,관광지,레저스포츠,관광지,레저스포츠,0.2646726717608573,202408
47130,경상북도 경주시,202401-202408,85,D84CED2D3D4728EDD8CD9C0AD316AD21,934337ba0d322372dd3e0fd2e17e4a3b,47,경상북도,47130,경주시,129.2388,35.7984,통일전,통일전,경북 경주시 칠불암길 6-0,관광지,역사관광,관광지,역사관광,0.2604893665724334,202408
47130,경상북도 경주시,202401-202408,86,2D82C4ACF97895DB544F6FD59647D4F3,9cbe6a81161bb6cdb86ab5557979992a,47,경상북도,47130,경주시,129.199,35.8376,흥무로벚꽃길,흥무로벚꽃길,경북 경주시,관광지,기타관광,관광지,기타관광,0.25546358761589844,202404
47130,경상북도 경주시,202401-202408,87,4DE740E3286E98B1F60343CF5CE9CB7D,ad1043c13618f7cb2c2baede1aaaaa2d,47,경상북도,47130,경주시,129.268,35.8528,키덜트뮤지엄,키덜트뮤지엄,경북 경주시 보문로 132-16,관광지,문화관광,관광지,문화관광,0.2553044898348048,202408
47130,경상북도 경주시,202401-202408,88,4C4FEB0AB4437DFCB0824F651EB38E6F,0f3b65c8e47b3c28f2099ad5296d49fe,47,경상북도,47130,경주시,129.2707,35.817,경주스마트에어돔,경주스마트에어돔,경북 경주시 경감로 466-289,관광지,문화관광,관광지,문화관광,0.2537688765964807,202408
47130,경상북도 경주시,202401-202408,89,F4775883EF497F15CAA5263266460F95,4303fce098e39d1b70e94599e3d58841,47,경상북도,47130,경주시,129.2181,35.8808,롯데시네마/경주황성,롯데시네마/경주황성,경북 경주시 유림로5번길 85-46,관광지,문화관광,관광지,문화관광,0.2522693684100853,202408
47130,경상북도 경주시,202401-202408,90,D6D001C19C034B79C967099C0A640BA5,d65baecdc4f40c97db13aff453e3d531,47,경상북도,47130,경주시,129.2019,35.8417,히어로플레이파크/경주점,히어로플레이파크/경주점,경북 경주시 강변로 200-0,관광지,문화관광,관광지,문화관광,0.2511591452452637,202408
47130,경상북도 경주시,202401-202408,91,CE81AAE893B1D072AEE7E12C81AE6E3E,514e2c5bf39a99fe7ec8f074d4d40c82,47,경상북도,47130,경주시,129.5113,35.8073,송대말등대빛체험전시관,송대말등대빛체험전시관,경북 경주시 감포로 226-19,관광지,문화관광,관광지,문화관광,0.24845529753555395,202408
47130,경상북도 경주시,202401-202408,92,7A5B9135AF67DE1EBDDA3EC2A91E37DF,be55704017225f7dd0ce25ed90de5980,47,경상북도,47130,경주시,129.2327,35.837,황룡사지,황룡사지,경북 경주시,관광지,역사관광,관광지,역사관광,0.2420713939358426,202408
47130,경상북도 경주시,202401-202408,93,47B40D7D06E8115152F2A064CA6349CD,a9bdf735d54e5b36f11c361dbbbbc7a6,47,경상북도,47130,경주시,129.207,35.864,빛누리정원,빛누리정원,경북 경주시,관광지,문화관광,관광지,문화관광,0.23556189920996745,202408
47130,경상북도 경주시,202401-202408,94,45585CD410DAA14AD6213D686118D0A4,098ed0eefe4a8586aef2d0d6092e0692,47,경상북도,47130,경주시,129.2599,35.8491,보문단지벚꽃길,보문단지벚꽃길,경북 경주시,관광지,기타관광,관광지,기타관광,0.23440584289080985,202408
47130,경상북도 경주시,202401-202408,95,8F83DBD96F9C957A8328C1A3EFBF546B,558fb5abafa15e0594edbfe15e0dc1c3,47,경상북도,47130,경주시,129.4747,35.6924,읍천항,읍천항,경북 경주시 양남항구길 15-0,관광지,자연관광,관광지,자연관광,0.22365536405511727,202408
47130,경상북도 경주시,202401-202408,96,0BDCC4CAB8C33091D56F25F6B44E1558,f7ca5a23ee196cf8b1b89ceb8f4bd773,47,경상북도,47130,경주시,129.0898,35.7701,경주화랑의언덕,경주화랑의언덕,경북 경주시,관광지,기타관광,관광지,기타관광,0.2200381499710522,202408
47130,경상북도 경주시,202401-202408,97,FC89AB9DE3E655C24180C38054AE527A,2caf03d82d191c57650b7862dc3b8d0a,47,경상북도,47130,경주시,129.2133,35.8301,숭문대,숭문대,경북 경주시 놋전2길 24-43,관광지,문화관광,관광지,문화관광,0.2157831160438238,202408
47130,경상북도 경주시,202401-202408,98,1B1D9035C5EFBF314B6FB8FAFEE3747E,35f6393caa0c5c49078e3be630ca5e3d,47,경상북도,47130,경주시,129.2916,35.8407,브라운도트호텔/경주보문점,브라운도트호텔/경주보문점,경북 경주시 보문로 465-40,숙박,숙박,숙박,숙박,0.2121826378884754,202408
47130,경상북도 경주시,202401-202408,99,17502B671D0DB37E87D4DD4D1A5C52B2,b73b18cce3a1a4827af16518833d596c,47,경상북도,47130,경주시,129.283,35.847,원더스페이스/보문점,원더스페이스/보문점,경북 경주시 보문로 391-0,관광지,레저스포츠,관광지,레저스포츠,0.1988986374452483,202408
47130,경상북도 경주시,202401-202408,100,4E0AD1B001F4D4DC81B2AED384964B8B,70d46790721d8f83d2bbd3d190e62d90,47,경상북도,47130,경주시,129.3235,35.7833,에이치에비뉴/경주불국사점,에이치에비뉴/경주불국사점,경북 경주시 진현로2길 11-0,숙박,숙박,숙박,숙박,0.1961995851988865,202408
44150,충청남도 공주시,202401-202408,1,4CD8D5D09B4404EBC453BDE0651EC6B7,52498f93bb5c1825ebf59bb810a10ec8,44,충청남도,44150,공주시,127.1253,36.4644,공산성,공산성,충남 공주시 웅진로 280-0,관광지,역사관광,관광지,역사관광,2.719043185931243,202408
44150,충청남도 공주시,202401-202408,2,ACCB13599A3857FFE7CC9FAB5F0B0221,56b9eb3be6fb3c7f4144531ec516bf53,44,충청남도,44150,공주시,127.1122,36.4655,국립공주박물관,국립공주박물관,충남 공주시 관광단지길 34-0,관광지,문화관광,관광지,문화관광,1.8270673131257857,202408
44150,충청남도 공주시,202401-202408,3,D81615C03EEEB52CC3A707C250F790BA,bd0b549a21986ab0709178ee301614e1,44,충청남도,44150,공주시,127.1138,36.4622,무령왕릉,무령왕릉,충남 공주시 왕릉로 37-0,관광지,역사관광,관광지,역사관광,1.4207340150122134,202408
44150,충청남도 공주시,202401-202408,4,6DFCBE3C2FC3CB193808180CF52FB885,f1797c7275c1c842a14db01562070705,44,충청남도,44150,공주시,127.0122,36.5589,마곡사,마곡사,충남 공주시 마곡사로 966-0,관광지,역사관광,관광지,역사관광,1.4067128298384766,202408
44150,충청남도 공주시,202401-202408,5,424E3E31CD89F3BB822CAC47DCE4F33C,0cd24bf3b80f51c696a70f1b2dd11dbe,44,충청남도,44150,공주시,127.1236,36.4575,공주산성시장,공주산성시장,충남 공주시 용당길 20-0,관광지,쇼핑,관광지,쇼핑,1.3775002654642494,202408
44150,충청남도 공주시,202401-202408,6,F7386B9972C653C6A1BCB4195469EF45,70fdaf80eec3801f0a135e62061025e9,44,충청남도,44150,공주시,127.1084,36.4647,공주한옥마을,공주한옥마을,충남 공주시 관광단지길 12-0,관광지,역사관광,관광지,역사관광,1.1264660588949718,202408
44150,충청남도 공주시,202401-202408,7,FB544B9382DF9D36064DFA14CE234F5C,d0bbe1a62856079a526c2d6c0329c2f6,44,충청남도,44150,공주시,127.22,36.3533,동학사,동학사,충남 공주시 동학사1로 462-0,관광지,역사관광,관광지,역사관광,0.796027558981331,202408
44150,충청남도 공주시,202401-202408,8,2CF55C150CE01538B2818E5BDD040C06,ef4311d7e495244ba9e0acbbcb6dd860,44,충청남도,44150,공주시,127.1128,36.4613,공주무령왕릉과왕릉원,공주무령왕릉과왕릉원,충남 공주시,관광지,역사관광,관광지,역사관광,0.7602988403591778,202408
44150,충청남도 공주시,202401-202408,9,48FB8703F98689BFFD622B8C0CEBD910,ef42e7dc89588d8af69d0f99e66a97a6,44,충청남도,44150,공주시,127.1351,36.4931,메타세콰이어길,메타세콰이어길,충남 공주시,관광지,기타관광,관광지,기타관광,0.6179330909306846,202408
44150,충청남도 공주시,202401-202408,10,9953EAB35B58605318AD8B79494B65A4,ae6ee92174d0e8da2671b6ffdc24d044,44,충청남도,44150,공주시,127.1876,36.3653,갑사,갑사,충남 공주시 갑사로 567-3,관광지,역사관광,관광지,역사관광,0.5678164238411355,202408
44150,충청남도 공주시,202401-202408,11,F7D96F8C5347EFC33159ECCDDA58589E,380e7c8adf9e2143e5dfba5b58b90fc7,44,충청남도,44150,공주시,126.9543,36.5554,유구색동수국정원,유구색동수국정원,충남 공주시 창말길 44-0,관광지,문화관광,관광지,문화관광,0.4361817549954422,202408
44150,충청남도 공주시,202401-202408,12,65FBF96969583F6543D99B3D3365E54A,2e69ab62ba55ee0d6b13b821531aa8ed,44,충청남도,44150,공주시,127.131,36.4675,금강신관공원,금강신관공원,충남 공주시 금벽로 368-0,관광지,문화관광,관광지,문화관광,0.41072152061251843,202408
44150,충청남도 공주시,202401-202408,13,DEA895AC14EB71D03A7ED169FF6E48C2,68580e5855e9a539b2fe90ba455bf460,44,충청남도,44150,공주시,127.1896,36.4475,석장리박물관,석장리박물관,충남 공주시 금벽로 990-0,관광지,문화관광,관광지,문화관광,0.4062044439345135,202408
44150,충청남도 공주시,202401-202408,14,44E4F411B4A7DE59E735F0E94B6A253A,0f6338730d825a3dbe726103746ab07e,44,충청남도,44150,공주시,127.1839,36.3357,신원사,신원사,충남 공주시 신원사동길 1-0,관광지,역사관광,관광지,역사관광,0.2920520728518099,202408
44150,충청남도 공주시,202401-202408,15,D428AEF9D75F5A29C90BF1A330DB2B1E,2c40cb2fc9c07fe9b778cfb742d25c1d,44,충청남도,44150,공주시,127.1277,36.4672,미르섬,미르섬,충남 공주시 금벽로 368-0,관광지,자연관광,관광지,자연관광,0.2840976523732617,202408
44150,충청남도 공주시,202401-202408,16,573485A3BA9F527762BD11D2160992AE,abd2e344bac6919e154a67155b1ad695,44,충청남도,44150,공주시,127.1199,36.4536,나태주풀꽃문학관,나태주풀꽃문학관,충남 공주시 봉황로 85-12,관광지,문화관광,관광지,문화관광,0.2144399952307075,202408
44150,충청남도 공주시,202401-202408,17,0BDFC32608550F53ED8AFC39818D7AAF,db8a46080bb0b6396a68c9eedab52826,44,충청남도,44150,공주시,126.9552,36.5546,공주유구색동수국정원꽃축제,공주유구색동수국정원꽃축제,충남 공주시 창말길 44-0,관광지,문화관광,관광지,문화관광,0.2119702600686289,202407
44150,충청남도 공주시,202401-202408,18,B5F6B6576CB501A8AD3E7535F56C7907,44ac960a448e2294dc18f62d4fe493d9,44,충청남도,44150,공주시,127.1025,36.4735,연미산자연미술공원,연미산자연미술공원,충남 공주시,관광지,문화관광,관광지,문화관광,0.20135392843766697,202408
44150,충청남도 공주시,202401-202408,19,A0AC3EE73931E44608C56542BF86DCC0,0e4d15d99bd7a795464e291129bf24dd,44,충청남도,44150,공주시,127.13,36.4697,호텔INK,호텔INK,충남 공주시 전막2길 10-10,숙박,숙박,숙박,숙박,0.19817002811714904,202408
44150,충청남도 공주시,202401-202408,20,24AD4AADF8F4400F4D25EDCE055518C4,f3163dc89441d959426ea4d63855da07,44,충청남도,44150,공주시,127.1183,36.4232,공주산림휴양마을,공주산림휴양마을,충남 공주시 수원지공원길 222-0,관광지,자연관광,관광지,자연관광,0.19547786448876237,202408
44150,충청남도 공주시,202401-202408,21,4EE18C0D70BFB779EB2575DCCF3E8DD6,3721af81d8afa3c35732226340233205,44,충청남도,44150,공주시,127.1298,36.4699,호텔공주,호텔공주,충남 공주시 전막2길 10-6,숙박,숙박,숙박,숙박,0.19019331387283223,202408
44150,충청남도 공주시,202401-202408,22,239AF27ADF236FD03E2F240D45E776E4,f5e4fcbef821fb11d94a912029b06652,44,충청남도,44150,공주시,127.1165,36.6512,프린세스GC,프린세스GC,충남 공주시 방자들길 81-50,관광지,레저스포츠,관광지,레저스포츠,0.1838972213272132,202408
44150,충청남도 공주시,202401-202408,23,1C9F69DCE2CB1EAF660B35B3A37206A6,3c5ee49968c139256b92b1198b9a73d6,44,충청남도,44150,공주시,127.099,36.4944,로보카폴리안전체험공원,로보카폴리안전체험공원,충남 공주시 월미동길 219-0,관광지,기타관광,관광지,기타관광,0.16903269277288424,202408
44150,충청남도 공주시,202401-202408,24,B8330494925817DC1A2D7B4EF4A73808,00a55421157af4398837a3edac8cda42,44,충청남도,44150,공주시,127.1266,36.4537,충청남도역사박물관,충청남도역사박물관,충남 공주시 국고개길 24-0,관광지,문화관광,관광지,문화관광,0.1325001057086219,202408
44150,충청남도 공주시,202401-202408,25,DBF758338B0D7D618D2EA261AAB9661C,3400b0479d7562f9679f873af2b640ac,44,충청남도,44150,공주시,127.1388,36.4735,메가박스/공주,메가박스/공주,충남 공주시 흑수골길 12-0,관광지,문화관광,관광지,문화관광,0.1292822480703616,202408
44150,충청남도 공주시,202401-202408,26,9472A77242D1EB3FCB8D14F4A81C33D7,c9ca772221150cd71ce98804df735b9b,44,충청남도,44150,공주시,127.1274,36.4547,공주중동성당,공주중동성당,충남 공주시 성당길 6-0,관광지,역사관광,관광지,역사관광,0.1257362726904625,202408
44150,충청남도 공주시,202401-202408,27,DD4945A6CAC4D50C340A1EE66CCB5C38,fd2e9271590d3ad34ca34318b8e75e2d,44,충청남도,44150,공주시,127.1309,36.4698,호텔미인,호텔미인,충남 공주시 전막3길 14-0,숙박,숙박,숙박,숙박,0.10893227198561375,202408
44150,충청남도 공주시,202401-202408,28,140D5125443D97C3C19A2531C69259A6,82ac53e472f89694204995f3c3efc646,44,충청남도,44150,공주시,127.1314,36.4703,호텔공산여관,호텔공산여관,충남 공주시 전막3길 20-0,숙박,숙박,숙박,숙박,0.1034877374971088,202408
44150,충청남도 공주시,202401-202408,29,50A65B688B36B7196418BD606B768C2A,fe732aa4527aad3b26ac7f2584fc256d,44,충청남도,44150,공주시,126.9513,36.5167,힐스포레,힐스포레,충남 공주시 심방울1길 19-14,관광지,체험관광,관광지,체험관광,0.1029654331587061,202408
44150,충청남도 공주시,202401-202408,30,18A8ECC27FB52DDB93A3A0983EC6C96E,22ad41cfb09ea34c60bfd60f2d436754,44,충청남도,44150,공주시,127.2448,36.3664,한국자연사박물관,한국자연사박물관,충남 공주시 임금봉길 49-25,관광지,문화관광,관광지,문화관광,0.10280639425221186,202408
44150,충청남도 공주시,202401-202408,31,E26A07A766F3E048A3F961344A9C7B5E,133a2a7400d5fc08509978ed99ee8256,44,충청남도,44150,공주시,127.1075,36.4629,금강온천,금강온천,충남 공주시 고마나루길 51-12,관광지,체험관광,관광지,체험관광,0.10020611642669561,202408
44150,충청남도 공주시,202401-202408,32,40455BFD29054F00DBEF0A2EA0778D11,61421f24688af5cd4174529c73de535a,44,충청남도,44150,공주시,127.1241,36.4335,금학생태공원,금학생태공원,충남 공주시,관광지,문화관광,관광지,문화관광,0.09501397354973169,202408
44150,충청남도 공주시,202401-202408,33,FB72B0EA165BA846FD5582F3D7903A1F,bd4ed4ae135bf88ae2247d426724ada5,44,충청남도,44150,공주시,127.1346,36.491,정안천생태공원,정안천생태공원,충남 공주시 의당로 0-0,관광지,문화관광,관광지,문화관광,0.0891646944371284,202408
44150,충청남도 공주시,202401-202408,34,8A897377F2D0F818DB1B97CEF41EE232,49bd67aed4e6153db401df64bbb7da43,44,충청남도,44150,공주시,127.2248,36.4121,금강사,금강사,충남 공주시 마티고개로 175-4,관광지,역사관광,관광지,역사관광,0.08621061334727935,202408
44150,충청남도 공주시,202401-202408,35,20DCEC0A08C976D8D01B4743CC9AEF96,2ef37834724d1c804953ae7be55a1f7b,44,충청남도,44150,공주시,126.9518,36.553,유구시장,유구시장,충남 공주시 시장길 29-4,관광지,쇼핑,관광지,쇼핑,0.0815681683974017,202408
44150,충청남도 공주시,202401-202408,36,07F46BAC94BB5F16A92094F83A014A5D,9d333692f77dccb3d2922de6c6a2f1e9,44,충청남도,44150,공주시,127.1114,36.4623,백제오감체험관,백제오감체험관,충남 공주시 고마나루길 30-0,관광지,문화관광,관광지,문화관광,0.07727347705804083,202408
44150,충청남도 공주시,202401-202408,37,0290080C8B5B272B22BF3FA0D6EE87BB,25108f08d113a6f1274eb3255da28a60,44,충청남도,44150,공주시,127.1241,36.4332,공주시사계절썰매장물놀이장,공주시사계절썰매장물놀이장,충남 공주시,관광지,레저스포츠,관광지,레저스포츠,0.07355431639052325,202408
44150,충청남도 공주시,202401-202408,38,83A35B5879DA6472DC3845E93D08B6F1,5c47f89d51c8174378ddb0e66ad6238a,44,충청남도,44150,공주시,127.131,36.47,리제나호텔,리제나호텔,충남 공주시 전막3길 18-4,숙박,숙박,숙박,숙박,0.07086017881179658,202408
44150,충청남도 공주시,202401-202408,39,2F9911E4BDF28E5DE58495DEEEE8F652,84c8e5ef9dedc718d3be74261005c598,44,충청남도,44150,공주시,127.1302,36.4677,겨울공주군밤축제,겨울공주군밤축제,충남 공주시 금벽로 368-0,관광지,문화관광,관광지,문화관광,0.06989214456515462,202401
44150,충청남도 공주시,202401-202408,40,EE2E2393315F8A636B3BBFA7FEE86071,77b4ce0782857138f1e62d6842b4e022,44,충청남도,44150,공주시,127.1284,36.4638,공주공산성연지,공주공산성연지,충남 공주시,관광지,역사관광,관광지,역사관광,0.06881894012294859,202408
44150,충청남도 공주시,202401-202408,41,25AE6A1E8F628FD7761B53DA56C975A3,24d53f7b8d08a926362ade94423ad5e6,44,충청남도,44150,공주시,127.1633,36.5036,골드리버CC,골드리버CC,충남 공주시 신성말길 67-38,관광지,레저스포츠,관광지,레저스포츠,0.06743750461142223,202408
44150,충청남도 공주시,202401-202408,42,005EC464F5451D1C74B3F2FE1540876D,f3a3a63a79eb1831b0a2776bfd20d838,44,충청남도,44150,공주시,127.1538,36.3581,계룡저수지,계룡저수지,충남 공주시,관광지,자연관광,관광지,자연관광,0.065115252801467,202408
44150,충청남도 공주시,202401-202408,43,64B3F674BE9DCB5C0BD9C7EF2B516376,c2beeef05d28ebbc86863f1a3ee5f668,44,충청남도,44150,공주시,127.1287,36.4703,넘버25호텔/공주신관점,넘버25호텔/공주신관점,충남 공주시 전막1길 6-33,숙박,숙박,숙박,숙박,0.06478565050044499,202408
44150,충청남도 공주시,202401-202408,44,1975E9761B44E7887EB3D797A9126568,ac6a19536c80cef713d83aba5d1b68a3,44,충청남도,44150,공주시,127.1237,36.465,공산성입구,공산성입구,충남 공주시,관광지,기타관광,관광지,기타관광,0.06309309601179922,202408
44150,충청남도 공주시,202401-202408,45,EF28DEF046D8F9D2A2E6FF210CC0C5BE,ae0b625064b89a9ef604565619047105,44,충청남도,44150,공주시,127.1228,36.4615,초이한옥호텔,초이한옥호텔,충남 공주시 미나리1길 10-3,숙박,숙박,숙박,숙박,0.059273873454749756,202408
44150,충청남도 공주시,202401-202408,46,76296EB7D278E7997B1FEB9BB6C98684,2b59161104ae765369368beb7da52bc4,44,충청남도,44150,공주시,127.1306,36.4838,공주시립박찬호야구장,공주시립박찬호야구장,충남 공주시 백제큰길 2425-0,관광지,문화관광,관광지,문화관광,0.05810860253327856,202408
44150,충청남도 공주시,202401-202408,47,E76B63D0BAC98FF25334E81C5EE5F894,deca9d2f504be622a3cd13c47500b017,44,충청남도,44150,공주시,127.258,36.3687,파크오브드림,파크오브드림,충남 공주시 동학사1로 46-0,숙박,숙박,숙박,숙박,0.054963522284823874,202408
44150,충청남도 공주시,202401-202408,48,17FB82EB87885F128D40EBA6DE416D9E,2f974594517c59df9e485fb504872848,44,충청남도,44150,공주시,127.1302,36.4708,마루호텔,마루호텔,충남 공주시 전막2길 16-1,숙박,숙박,숙박,숙박,0.054753062214669204,202408
44150,충청남도 공주시,202401-202408,49,46FC20F9B570E5BDAB9ACD0C78BE847B,3f205dd8680ec8b9b8e3d76ce625c46f,44,충청남도,44150,공주시,127.131,36.4703,호텔금강,호텔금강,충남 공주시 전막2길 16-11,숙박,숙박,숙박,숙박,0.05158700188493434,202408
44150,충청남도 공주시,202401-202408,50,7385975BEC74750493553909DC009077,9bf5ed1e552089f1f176cd680d15fb8b,44,충청남도,44150,공주시,127.1267,36.459,박찬호기념관,박찬호기념관,충남 공주시 산성찬호길 19-0,관광지,문화관광,관광지,문화관광,0.04900320571619609,202408
44150,충청남도 공주시,202401-202408,51,DCFAA90EC9FB6E42451697A3024ADE0B,34ba981a84169f55d9af5420fa474eae,44,충청남도,44150,공주시,127.1327,36.4683,호텔패션,호텔패션,충남 공주시 번영2로 10-12,숙박,숙박,숙박,숙박,0.04744535706559651,202408
44150,충청남도 공주시,202401-202408,52,7CCBE43680EBB1E45C1461960DEA1B1D,f155e753c125ea855bec2365549543bf,44,충청남도,44150,공주시,127.232,36.3565,동학사계곡,동학사계곡,충남 공주시,관광지,자연관광,관광지,자연관광,0.04593894780768315,202408
44150,충청남도 공주시,202401-202408,53,7B4FD6364456DAF49CB6BDCD8406390D,6aa1e3c743a50de38fc5700e46ed462a,44,충청남도,44150,공주시,127.1071,36.4699,공주고마나루,공주고마나루,충남 공주시,관광지,역사관광,관광지,역사관광,0.04208469641740462,202408
44150,충청남도 공주시,202401-202408,54,33F9C2384F18B84EC87AFD9AE0802AE5,94ea4c56df6d6c5b57de73423c427cec,44,충청남도,44150,공주시,127.1319,36.4686,호텔르네상스,호텔르네상스,충남 공주시 번영2로 8-0,숙박,숙박,숙박,숙박,0.041126986337263596,202408
44150,충청남도 공주시,202401-202408,55,0D33C4756A0E534AB17A208D24F6332A,499656c8ba4b84f60ac1bf9fb1531f8f,44,충청남도,44150,공주시,127.2556,36.3646,동학사벚꽃길,동학사벚꽃길,충남 공주시,관광지,기타관광,관광지,기타관광,0.035410732373310036,202407
44150,충청남도 공주시,202401-202408,56,5562B3275E051534B84DE724DA62ABA9,b70247a103b004450356bba00b8dcc52,44,충청남도,44150,공주시,127.13,36.4705,호텔스테이오늘/공주점,호텔스테이오늘/공주점,충남 공주시 전막2길 16-4,숙박,숙박,숙박,숙박,0.032580469787112265,202408
44150,충청남도 공주시,202401-202408,57,9BD45FFAF80393173AEEBDE7847B906F,96023ecc54a0ed8f0e91da8a3f654842,44,충청남도,44150,공주시,127.1438,36.4614,에이치모텔,에이치모텔,충남 공주시 금벽로 543-0,숙박,숙박,숙박,숙박,0.03228474009635102,202408
44150,충청남도 공주시,202401-202408,58,E76D0ACBE839394CDE8FC337DBA5D932,aac400fd3bad7c90ae3d643519d23395,44,충청남도,44150,공주시,126.8971,36.5169,수리치골성지,수리치골성지,충남 공주시 용수봉갑길 522-0,관광지,역사관광,관광지,역사관광,0.03108799423848898,202408
44150,충청남도 공주시,202401-202408,59,47CF1743A2A321E949673B7BA3CBB1A3,43795d59e04a6ca01da6ccc5edf3c506,44,충청남도,44150,공주시,127.1321,36.4693,저스트스테이호텔/공주신관점,저스트스테이호텔/공주신관점,충남 공주시 번영1로 18-6,숙박,숙박,숙박,숙박,0.02948453207762573,202408
44150,충청남도 공주시,202401-202408,60,7B1A9D4F34DF022857FEA7D3D838D207,fc3c2f9368c2b4b5beb3646fbf160f46,44,충청남도,44150,공주시,127.1229,36.457,공주산성시장문화공원,공주산성시장문화공원,충남 공주시,관광지,문화관광,관광지,문화관광,0.028997135246275473,202408
44150,충청남도 공주시,202401-202408,61,A018EDBE31E4144CB30D2F34B7F0DBAA,7ecd047c8aa988d0937b4c129657b78d,44,충청남도,44150,공주시,127.0152,36.5594,마곡사계곡,마곡사계곡,충남 공주시 운정길 0-0,관광지,자연관광,관광지,자연관광,0.027596216211180274,202408
44150,충청남도 공주시,202401-202408,62,A6ED30A48753BD873448E63B0D36B88A,75567e67714f7a43c1892d3b9f171261,44,충청남도,44150,공주시,127.1115,36.4711,곰나루어린이수영장,곰나루어린이수영장,충남 공주시 백제큰길 2110-16,관광지,문화관광,관광지,문화관광,0.026915737157656012,202408
44150,충청남도 공주시,202401-202408,63,D7586DB83AC16D888F528CDF2213CAE8,022d33543da783827eebb5a9f28f28f1,44,충청남도,44150,공주시,127.1201,36.64,노라쥬,노라쥬,충남 공주시 인풍태성길 12-0,관광지,문화관광,관광지,문화관광,0.0266724198869289,202408
44150,충청남도 공주시,202401-202408,64,81559226565421170EAC527B99F17E0F,760325d05ec465701563da4bbaf59b89,44,충청남도,44150,공주시,127.0936,36.5506,봉원암,봉원암,충남 공주시 화봉평정길 327-8,관광지,역사관광,관광지,역사관광,0.025964636198486452,202408
44150,충청남도 공주시,202401-202408,65,F15322F6C600AD8FE22EA88077986692,9251b59c40eabc990a5c92da2ba9f470,44,충청남도,44150,공주시,127.1126,36.4604,웅진백제역사관,웅진백제역사관,충남 공주시 왕릉로 37-0,관광지,문화관광,관광지,문화관광,0.024450517548802612,202408
44150,충청남도 공주시,202401-202408,66,FB9B7F03A4BF008CA17999B2CD0CF85D,f1299c2b09d6b5249d2d5f86b88541a3,44,충청남도,44150,공주시,127.1294,36.4707,블랙펄호텔,블랙펄호텔,충남 공주시 전막2길 13-0,숙박,숙박,숙박,숙박,0.023029730710845256,202408
44150,충청남도 공주시,202401-202408,67,CA0BD12A001CF84890D3235FCB153DBE,a9c00a13f68bb789ea726dc4b4e38762,44,충청남도,44150,공주시,127.2412,36.3597,더쉼펜션,더쉼펜션,충남 공주시 동학사1로 242-0,숙박,숙박,숙박,숙박,0.02083514903895785,202408
44150,충청남도 공주시,202401-202408,68,7FBDED85FFB68C2028DC88DA13C4E539,6b10f90918563a35d3bf2a2e48eb3df1,44,충청남도,44150,공주시,127.1231,36.4521,공주하숙마을,공주하숙마을,충남 공주시 당간지주길 21-0,숙박,숙박,숙박,숙박,0.020506387232661395,202408
44150,충청남도 공주시,202401-202408,69,46A364E513D4141F50488AFD7208D167,bea182d0d8c6e6d0c81bd9ab421b0619,44,충청남도,44150,공주시,127.2533,36.3674,청담솔호텔,청담솔호텔,충남 공주시 임금봉길 88-7,숙박,숙박,숙박,숙박,0.02044398579200362,202408
44150,충청남도 공주시,202401-202408,70,599CFEC2287420F55F7084B9423A838B,5e58111f3136bda3d0b1821d057e6d74,44,충청남도,44150,공주시,127.2483,36.3613,로뎀나무펜션,로뎀나무펜션,충남 공주시 석봉길 38-3,숙박,숙박,숙박,숙박,0.019045237470427877,202408
44150,충청남도 공주시,202401-202408,71,3E5E8B9B727F6FBAE5C48EAF04A7D39C,779cbbbe523e51cbdac2ceac9a08d093,44,충청남도,44150,공주시,127.07,36.507,성공사,성공사,충남 공주시 성곡길 371-0,관광지,역사관광,관광지,역사관광,0.018659637518455553,202408
44150,충청남도 공주시,202401-202408,72,16AE27C99A57B09B2608D045CDEFB8CB,39702d80a628b1b6aa6202f3f41cbdf3,44,충청남도,44150,공주시,127.2382,36.3593,동학산장,동학산장,충남 공주시 동학사1로 266-4,숙박,숙박,숙박,숙박,0.01808161750722072,202408
44150,충청남도 공주시,202401-202408,73,97680926D35705B8ABCDF513A0F48694,ac704f9dd1dd030eef7c202cca5239b7,44,충청남도,44150,공주시,127.1225,36.4509,공주기독교박물관,공주기독교박물관,충남 공주시 제민1길 18-0,관광지,문화관광,관광지,문화관광,0.017041451741153596,202408
44150,충청남도 공주시,202401-202408,74,DDAF25C404CEB91E0955B30F93C92316,d80d6424e0143935baeda467642562cf,44,충청남도,44150,공주시,127.1303,36.4692,수모텔,수모텔,충남 공주시 전막3길 6-0,숙박,숙박,숙박,숙박,0.016821492997627082,202408
44150,충청남도 공주시,202401-202408,75,A9EF29072980749A5374E3007CF41A3F,7d9aef3a6833e0cc5aa8c7ae945a0caa,44,충청남도,44150,공주시,127.2589,36.3355,솔향펜션,솔향펜션,충남 공주시 동월1길 268-6,숙박,숙박,숙박,숙박,0.016157661707620927,202408
44150,충청남도 공주시,202401-202408,76,F2AD75E832667164B8D0C7C32B9FBF55,d03a71f355e9f85bc7466835eb94a7e6,44,충청남도,44150,공주시,127.1237,36.4575,공주밤마실야시장,공주밤마실야시장,충남 공주시,관광지,쇼핑,관광지,쇼핑,0.01583959077579863,202408
44150,충청남도 공주시,202401-202408,77,7FE1713DE31475F7606602EBC54454F1,9213c2356bf5905b448ecae6676ed291,44,충청남도,44150,공주시,127.2362,36.3584,더존펜션,더존펜션,충남 공주시 천장이길 8-0,숙박,숙박,숙박,숙박,0.015780567686090142,202408
44150,충청남도 공주시,202401-202408,78,801E66FF42A24BD96C67F73F4AD4AE5C,3fce2a4f7872551083b902d94ca9c7e7,44,충청남도,44150,공주시,127.1221,36.4655,달빛정원게스트하우스,달빛정원게스트하우스,충남 공주시 백미고을길 14-0,숙박,숙박,숙박,숙박,0.01493809353098013,202408
44150,충청남도 공주시,202401-202408,79,B070778F31F2347F8E86B07074C2A887,bddfd9e10c29fea35307f18f0e1b8589,44,충청남도,44150,공주시,127.1224,36.4727,쌍신축구장,쌍신축구장,충남 공주시,관광지,문화관광,관광지,문화관광,0.014896230370448703,202407
44150,충청남도 공주시,202401-202408,80,D9D81EBDDD904E957AD72729B1A8D968,b6c0e4851cfcf63f99e3ef912dea3ffa,44,충청남도,44150,공주시,127.1222,36.4634,하루한옥,하루한옥,충남 공주시 미나리3길 12-4,숙박,숙박,숙박,숙박,0.014255245240696456,202408
44150,충청남도 공주시,202401-202408,81,4BAF179DAB2F4313C03E6C78E22BA42A,fbf5f24294c168ca9147f83a8c76bc6d,44,충청남도,44150,공주시,127.254,36.3676,에스무인텔,에스무인텔,충남 공주시 임금봉길 32-29,숙박,숙박,숙박,숙박,0.014138769331427693,202408
44150,충청남도 공주시,202401-202408,82,E1CFF957D49176BC5F5467BF83D3D31A,12d91c4e33739b551502d52f6c9fe607,44,충청남도,44150,공주시,127.1106,36.4705,곰나루국민관광단지,곰나루국민관광단지,충남 공주시 백제큰길 2110-16,관광지,문화관광,관광지,문화관광,0.013997671799224242,202408
44150,충청남도 공주시,202401-202408,83,2D1B3B04DCF4187380CF65D96E13D41C,25f8db71c02e02f2229a97c5ccf263b8,44,충청남도,44150,공주시,126.9914,36.5146,공주북캠프,공주북캠프,충남 공주시 영정길 155-3,숙박,숙박,숙박,숙박,0.013987705634539929,202408
44150,충청남도 공주시,202401-202408,84,9FF7B6F870BE3CF5B1DC707B92EA87E2,14e26aeadc65ed892a04d420eda8ea4f,44,충청남도,44150,공주시,127.0201,36.5012,505펜션앤키즈캠핑장,505펜션앤키즈캠핑장,충남 공주시 호계황골길 43-0,숙박,숙박,숙박,숙박,0.013961290178756903,202408
44150,충청남도 공주시,202401-202408,85,1EDAD5D55FB315F5C905DBA0377BB4EE,49b8d5f08ad8002c6cfb0325173ff342,44,충청남도,44150,공주시,127.168,36.3315,계룡산사계절펜션,계룡산사계절펜션,충남 공주시 신원사로 430-57,숙박,숙박,숙박,숙박,0.013756085778306245,202408
44150,충청남도 공주시,202401-202408,86,21E7A42A13B2FDF6761D8BC5B7ECABD5,3a839b152f7da680d93d67514c5d53af,44,충청남도,44150,공주시,127.1225,36.4473,공주고등학교야구장,공주고등학교야구장,충남 공주시 공주고담길 2-0,관광지,문화관광,관광지,문화관광,0.013716501373470271,202408
44150,충청남도 공주시,202401-202408,87,CE3F44E653D6F6E9EA0A3DE3485D42DD,8d1c5d5920648bbd55c37a2ef23726f0,44,충청남도,44150,공주시,127.2525,36.3655,계룡산온천,계룡산온천,충남 공주시 임금봉길 24-0,관광지,체험관광,관광지,체험관광,0.013234305847607989,202408
44150,충청남도 공주시,202401-202408,88,29A12FF86B42D3544F9FD65BD5D04D15,cf94c9278a1f26edc71fb368dedce0c3,44,충청남도,44150,공주시,127.1322,36.4686,OK무인텔,OK무인텔,충남 공주시 번영2로 10-4,숙박,숙박,숙박,숙박,0.013198463582378105,202408
44150,충청남도 공주시,202401-202408,89,793D4B8B9BE80C01EB28146C462F0E3A,b2287457e679b970d84d4ed4e25054c2,44,충청남도,44150,공주시,127.12,36.6031,자연농원낚시터,자연농원낚시터,충남 공주시,관광지,레저스포츠,관광지,레저스포츠,0.012959397836255052,202408
44150,충청남도 공주시,202401-202408,90,828A692C10ED495E90BC5ABCD96898A0,0e21f1fe6465c68dcdfa0387acb010eb,44,충청남도,44150,공주시,127.2475,36.3649,학림사,학림사,충남 공주시 제석골길 67-0,관광지,역사관광,관광지,역사관광,0.01285876045943691,202408
44150,충청남도 공주시,202401-202408,91,4DEF0C10F662E138AE7C455FDB38FB30,cdd4882b17f4fa6e70e499e39cd8d043,44,충청남도,44150,공주시,127.1839,36.3357,신원사대웅전,신원사대웅전,충남 공주시 신원사동길 1-0,관광지,역사관광,관광지,역사관광,0.012485416207984299,202408
44150,충청남도 공주시,202401-202408,92,E28BEA5184E5A18847072B8BCC95FABF,5a4cde20e3f971aa92d7dc15f5e64d40,44,충청남도,44150,공주시,127.2002,36.4219,이안숲속,이안숲속,충남 공주시 수목원길 25-0,관광지,문화관광,관광지,문화관광,0.012047040258413052,202408
44150,충청남도 공주시,202401-202408,93,AC199377AA52B744AD44C4C617B4791A,4df5aea5558359ba5956b3bb403e23ce,44,충청남도,44150,공주시,127.0468,36.3332,공주유스호스텔,공주유스호스텔,충남 공주시 삼거리1길 8-1,숙박,숙박,숙박,숙박,0.011916395776624858,202408
44150,충청남도 공주시,202401-202408,94,DF92828B43408EB9DB623EEC4B59811C,ece5a180fba6a4cdebcd51866446c0e6,44,충청남도,44150,공주시,127.1398,36.3961,임립미술관,임립미술관,충남 공주시 봉곡길 77-13,관광지,문화관광,관광지,문화관광,0.011837036510133923,202408
44150,충청남도 공주시,202401-202408,95,54785289BFCCE75D4E3041330F73ABC1,69363339b09994edf65c98029a45c80c,44,충청남도,44150,공주시,127.1887,36.4473,공주석장리구석기축제,공주석장리구석기축제,충남 공주시 금벽로 990-0,관광지,문화관광,관광지,문화관광,0.011595114156885135,202405
44150,충청남도 공주시,202401-202408,96,B32192A2172976437235D4AC1BC4D368,0d58a70098fcc26d019389b43a24675a,44,충청남도,44150,공주시,127.133,36.4695,버킹검모텔,버킹검모텔,충남 공주시 신관로 48-0,숙박,숙박,숙박,숙박,0.011249083733906814,202408
44150,충청남도 공주시,202401-202408,97,2E4101769BAA785C3C48DEC4FC38197B,c3acafe698fee008d7c24b379c35cfec,44,충청남도,44150,공주시,127.0791,36.6331,캠프달링,캠프달링,충남 공주시 개티길 20-0,숙박,숙박,숙박,숙박,0.011183298546030816,202408
44150,충청남도 공주시,202401-202408,98,6DD4B345E4CA52D0326EF9FF19902E38,abddc508f7fce4e0539432b9b934bea4,44,충청남도,44150,공주시,127.2417,36.3577,계룡산자동차야영장,계룡산자동차야영장,충남 공주시 동학사2로 115-16,숙박,숙박,숙박,숙박,0.010899137286583333,202408
44150,충청남도 공주시,202401-202408,99,351D405E5FD8DE8515DD68FD8BC4D34C,1beb2dcd51c3ca570dc44ef18870ebc9,44,충청남도,44150,공주시,127.1303,36.47,시드니모텔,시드니모텔,충남 공주시 전막2길 10-9,숙박,숙박,숙박,숙박,0.010878087343522629,202408
44150,충청남도 공주시,202401-202408,100,415A3B53BC132A1DBE07D14E58EA71BD,1c8194eee282de8c890eb2bd1415f00d,44,충청남도,44150,공주시,127.1306,36.4695,모텔산,모텔산,충남 공주시 전막3길 10-0,숙박,숙박,숙박,숙박,0.01068627050957431,202408
44760,충청남도 부여군,202401-202408,1,C93423FDF347425AE15C6F0D4C1810BB,cb394485c4bf32500ffc3ffc555b4b68,44,충청남도,44760,부여군,126.9005,36.3038,롯데리조트/부여,롯데리조트/부여,충남 부여군 백제문로 400-0,숙박,숙박,숙박,숙박,4.4340789045159905,202408
44760,충청남도 부여군,202401-202408,2,B453B7FB6E896B083EB908E7477163AB,024972f10aedfc9bc12e000bd470db87,44,충청남도,44760,부여군,126.9122,36.2696,궁남지,궁남지,충남 부여군 궁남로 52-0,관광지,역사관광,관광지,역사관광,4.361480673078787,202408
44760,충청남도 부여군,202401-202408,3,D3752A5484E71CBFA47537126D3A2FA9,6a2b5e998a8ceb0141a1042b97b31c97,44,충청남도,44760,부여군,126.919,36.2763,국립부여박물관,국립부여박물관,충남 부여군 금성로 5-0,관광지,문화관광,관광지,문화관광,3.3171848194716063,202408
44760,충청남도 부여군,202401-202408,4,113B76511ECF8ABAD18DB533D039F2A0,6eb7134c9d9fcad8462c78d35528f031,44,충청남도,44760,부여군,126.9022,36.3069,롯데아울렛/부여점,롯데아울렛/부여점,충남 부여군 백제문로 387-0,관광지,쇼핑,관광지,쇼핑,2.630429269424762,202408
44760,충청남도 부여군,202401-202408,5,EC45035EA1221588ED21CE0777A9D2A6,a7ea55a5ae3ac4b15668e9c3caf6caf5,44,충청남도,44760,부여군,126.9066,36.3066,백제문화단지,백제문화단지,충남 부여군 백제문로 455-0,관광지,문화관광,관광지,문화관광,2.2679265843602665,202408
44760,충청남도 부여군,202401-202408,6,F584BC14547921BAC946182CDB3513CA,e93841c9c1119a6da1b248e771a3dc4f,44,충청남도,44760,부여군,126.9133,36.2793,정림사지5층석탑,정림사지5층석탑,충남 부여군,관광지,역사관광,관광지,역사관광,1.5238191504654943,202408
44760,충청남도 부여군,202401-202408,7,68E4A3520D57F4763F496AA3C692E8BE,8b177c3fbec83c6abfd3e722e7aec424,44,충청남도,44760,부여군,126.9077,36.2899,구드래선착장,구드래선착장,충남 부여군 나루터로 72-0,관광지,기타관광,관광지,기타관광,1.4349482026945384,202408
44760,충청남도 부여군,202401-202408,8,C8AF33D6D53B03BF748375E97F6AEC2E,4c75e14d64a8e48ce6881c212d48e2b4,44,충청남도,44760,부여군,126.9153,36.2872,부소산성,부소산성,충남 부여군 부소로 31-0,관광지,역사관광,관광지,역사관광,1.4105553772936748,202408
44760,충청남도 부여군,202401-202408,9,D729288E7C9D8413BA9BF225D90DF017,c685ad72ffb861d5d723e6651d3a97b1,44,충청남도,44760,부여군,126.9123,36.2924,낙화암,낙화암,충남 부여군,관광지,역사관광,관광지,역사관광,1.369311790269747,202408
44760,충청남도 부여군,202401-202408,10,CEEE5E29DE3EB1A1AD4DC1D69B306921,9a2a03e4f50a44407ce69f54aab2cd9f,44,충청남도,44760,부여군,126.914,36.2789,정림사지,정림사지,충남 부여군 정림로 83-0,관광지,역사관광,관광지,역사관광,1.2120025968302561,202408
44760,충청남도 부여군,202401-202408,11,0613B24A9DA5D6FF4F6BA1E55E5BB44B,41d089907b19cfb09720c3f8aa93b916,44,충청남도,44760,부여군,126.912,36.2819,부여중앙시장,부여중앙시장,충남 부여군 중앙로 15-0,관광지,쇼핑,관광지,쇼핑,0.7246704880001853,202408
44760,충청남도 부여군,202401-202408,12,1F319B0A6D2EF85BF81483F3593670B7,a14250dcc1429eed43f91fa05c02b489,44,충청남도,44760,부여군,126.9094,36.3039,롯데스카이힐/부여컨트리클럽,롯데스카이힐/부여컨트리클럽,충남 부여군 백제문로 470-0,관광지,레저스포츠,관광지,레저스포츠,0.6607545111531418,202408
44760,충청남도 부여군,202401-202408,13,59EBC9FDA3D221AB1526B620836B8903,0d3e456d8ed0c38ba5297eb40eb06dbf,44,충청남도,44760,부여군,126.8996,36.1975,사랑나무,사랑나무,충남 부여군 성흥로97번길 167-0,관광지,문화관광,관광지,문화관광,0.5441645334377024,202408
44760,충청남도 부여군,202401-202408,14,4572DE9280CC0308E42148F51AC26FBE,c87bf3b17a592aa150cb0811c32b49e9,44,충청남도,44760,부여군,126.7907,36.3475,백제CC,백제CC,충남 부여군 충절로 3734-82,관광지,레저스포츠,관광지,레저스포츠,0.4470222241257399,202408
44760,충청남도 부여군,202401-202408,15,A0E06EC882E7AF71F4E1EF8F4DB8265E,8d7e8fdf7bf7658c5c5a4c0ef78678ef,44,충청남도,44760,부여군,126.943,36.2774,부여왕릉원,부여왕릉원,충남 부여군,관광지,역사관광,관광지,역사관광,0.4434653843775322,202408
44760,충청남도 부여군,202401-202408,16,1C7CAF086BBBBFD14F1603CC33A80F3D,16242d64e2b53cc9844accd3f55caa88,44,충청남도,44760,부여군,126.6933,36.3172,무량사,무량사,충남 부여군 무량로 203-0,관광지,역사관광,관광지,역사관광,0.3303790660263488,202408
44760,충청남도 부여군,202401-202408,17,2D3F7963661E14515A78060F9486FF74,7dca6f84dfc0a7e7d0b78afaca771071,44,충청남도,44760,부여군,126.9122,36.2696,부여서동연꽃축제,부여서동연꽃축제,충남 부여군 궁남로 52-0,관광지,문화관광,관광지,문화관광,0.25720068237296784,202407
44760,충청남도 부여군,202401-202408,18,25E97B99CDE535440C12010E97C62B52,16a10d9f9bff2382b95632946b9687c1,44,충청남도,44760,부여군,126.8972,36.3163,파크아트빌라스,파크아트빌라스,충남 부여군 서궁로 129-0,숙박,숙박,숙박,숙박,0.23925552626723143,202408
44760,충청남도 부여군,202401-202408,19,6C76EED886AA3B54BF3F1DDD0E3EA1D7,860da204afadf6600b992a0e411b1d06,44,충청남도,44760,부여군,126.9158,36.2785,정림사지박물관,정림사지박물관,충남 부여군,관광지,문화관광,관광지,문화관광,0.22214901553326658,202408
44760,충청남도 부여군,202401-202408,20,E08D6B72EE4B4255A4BF73BF56401229,1d3d4a41d0fca168a5b87b5189e061f7,44,충청남도,44760,부여군,126.8963,36.1984,부여성흥산성,부여성흥산성,충남 부여군,관광지,역사관광,관광지,역사관광,0.1635020912371941,202408
44760,충청남도 부여군,202401-202408,21,8D56A46D4A07CB890913C6B2566EB5A5,eb7be4527068e9dbf2c79f0d8f5edcae,44,충청남도,44760,부여군,126.9073,36.2818,부여시장,부여시장,충남 부여군 성왕로173번길 12-0,관광지,쇼핑,관광지,쇼핑,0.1428452318800154,202408
44760,충청남도 부여군,202401-202408,22,E6C4C28A5EF6B4468A262747F7B6B67D,1617f81ae7b2fd8e61e50d8b40c0e91b,44,충청남도,44760,부여군,126.8236,36.1448,서동요오픈세트장,서동요오픈세트장,충남 부여군 충신로 616-0,관광지,문화관광,관광지,문화관광,0.1425640068970912,202408
44760,충청남도 부여군,202401-202408,23,B4B3BD6437116719FE7961D0E64367BE,4f495a796a92e6a957d6d209861b3ca6,44,충청남도,44760,부여군,126.7679,36.2796,미암사,미암사,충남 부여군 성충로미암길 128-0,관광지,역사관광,관광지,역사관광,0.10161908071995968,202408
44760,충청남도 부여군,202401-202408,24,DF202DCC6A2B17C12DCB7A3CB1FF22EF,0c6f7a8615d5b22dc79c0d13d8226736,44,충청남도,44760,부여군,126.9071,36.2869,구드래조각공원,구드래조각공원,충남 부여군,관광지,문화관광,관광지,문화관광,0.09449049166334827,202408
44760,충청남도 부여군,202401-202408,25,C258B8610AB5548AB178BAD786BA3FE0,c5c819e4cdb0a7d959648afec8378e07,44,충청남도,44760,부여군,126.9131,36.2926,고란사,고란사,충남 부여군 부소로 1-25,관광지,역사관광,관광지,역사관광,0.09386806026428623,202408
44760,충청남도 부여군,202401-202408,26,A159D6F0585FCC070FCDF6FCE5FC203B,219f73af5c15b784d31bdffd429efeff,44,충청남도,44760,부여군,126.9009,36.269,백마강테마파크,백마강테마파크,충남 부여군 백마강길 56-33,관광지,문화관광,관광지,문화관광,0.08716247608538015,202407
44760,충청남도 부여군,202401-202408,27,FFDFBBFE3E4A583C94CEB3F92FD370C2,33074efcfaf005226cb9936aa02290f5,44,충청남도,44760,부여군,126.917,36.2766,국립부여박물관사비마루,국립부여박물관사비마루,충남 부여군 금성로 5-0,관광지,문화관광,관광지,문화관광,0.08628756307427161,202408
44760,충청남도 부여군,202401-202408,28,BD260B9E5C28BB401D650FA0ACABA926,a3e6914fe38881173e0bbf74a3d4fcf9,44,충청남도,44760,부여군,126.7113,36.338,만수산자연휴양림,만수산자연휴양림,충남 부여군 휴양로 107-0,관광지,자연관광,관광지,자연관광,0.08386614721583376,202408
44760,충청남도 부여군,202401-202408,29,57385CF0A3FF52E4F21DA91FD157AE25,473ad33287509281e2c1c06f716a5996,44,충청남도,44760,부여군,126.9053,36.3053,백제역사문화관,백제역사문화관,충남 부여군 백제문로 455-0,관광지,문화관광,관광지,문화관광,0.08303721653269208,202408
44760,충청남도 부여군,202401-202408,30,8A357314533729C42B59CB55739CC2EE,3d8448592d8fb65eb3af78adc1bc39cd,44,충청남도,44760,부여군,126.9128,36.2844,국가유산미디어아트부여,국가유산미디어아트부여,충남 부여군,관광지,문화관광,관광지,문화관광,0.06777752349511466,202408
44760,충청남도 부여군,202401-202408,31,72E666380DCA716C0A4B37AA5FC2C3AE,250e8f686d2d8764194c3228388e96de,44,충청남도,44760,부여군,126.8999,36.3042,롯데리조트부여/아쿠아가든,롯데리조트부여/아쿠아가든,충남 부여군 백제문로 400-0,관광지,레저스포츠,관광지,레저스포츠,0.06204001383498925,202408
44760,충청남도 부여군,202401-202408,32,0E6A91A1E46970C0EC4DB2AA3C0D6EDE,42bc2db51949ea2a04cd58edf8a051e5,44,충청남도,44760,부여군,126.9115,36.2713,서동공원,서동공원,충남 부여군,관광지,문화관광,관광지,문화관광,0.05574101940012712,202408
44760,충청남도 부여군,202401-202408,33,FE651223EC674FB7A0ACEE8C9EBC561B,2620605029028e08a24adbe08ccfbed1,44,충청남도,44760,부여군,126.8987,36.2795,백마강생활체육공원,백마강생활체육공원,충남 부여군,관광지,문화관광,관광지,문화관광,0.05034755177300088,202408
44760,충청남도 부여군,202401-202408,34,F14787F83C183ABF38A3D331FB804FEC,e90fb8e779486d5b559228db9ecbdfba,44,충청남도,44760,부여군,126.9198,36.2832,명진모텔,명진모텔,충남 부여군 성왕로 296-0,숙박,숙박,숙박,숙박,0.04809717908396837,202408
44760,충청남도 부여군,202401-202408,35,5B5F8FD6F55A5A92C681F896CFEB8BD1,26168f50a487b904964292b629df5417,44,충청남도,44760,부여군,126.9123,36.2853,사비도성/가상체험관,사비도성/가상체험관,충남 부여군 부소로 15-0,관광지,기타관광,관광지,기타관광,0.04544745546202239,202408
44760,충청남도 부여군,202401-202408,36,281A8E95EE7DEE4BB7C4617D019E587F,b30eddbbf36654ab588f64b18d8c70d3,44,충청남도,44760,부여군,126.899,36.2902,칠지공원,칠지공원,충남 부여군,관광지,문화관광,관광지,문화관광,0.04446824263398173,202408
44760,충청남도 부여군,202401-202408,37,0AFFD3EE69CB7D81896DF24F6C5FFD7F,f24417bb67463f98ee671336165053fd,44,충청남도,44760,부여군,126.9011,36.2689,백마강테마파크전망대,백마강테마파크전망대,충남 부여군 백마강길 56-33,관광지,문화관광,관광지,문화관광,0.04413935150138379,202408
44760,충청남도 부여군,202401-202408,38,F5F4A1BADC3F8C92ECD171479D52EDF8,299cb1cfd26e4df3ea06ac61cfef2f45,44,충청남도,44760,부여군,126.9119,36.2791,파라다이스모텔,파라다이스모텔,충남 부여군 사비로72번길 13-3,숙박,숙박,숙박,숙박,0.03749256680525284,202408
44760,충청남도 부여군,202401-202408,39,E6546FEEB8FEB9BF8F2309217CCCB243,79bda2d4b078ace6c6f4622b5a3a1270,44,충청남도,44760,부여군,126.9072,36.2816,백마강달밤야시장,백마강달밤야시장,충남 부여군 성왕로173번길 12-0,관광지,쇼핑,관광지,쇼핑,0.034974343812937195,202407
44760,충청남도 부여군,202401-202408,40,88F4344C7DB76EF2A7A9250933C8AC30,37f8b0043e7e66e8f6f9ff7fd899b4d5,44,충청남도,44760,부여군,126.933,36.3063,부여전통한옥펜션,부여전통한옥펜션,충남 부여군 정동로83번길 52-0,숙박,숙박,숙박,숙박,0.034480437438853845,202408
44760,충청남도 부여군,202401-202408,41,55597ABB27B633B1E9BA2DF200BEB932,0d3f620cfddf1285d8c4a6621f7bf626,44,충청남도,44760,부여군,126.9171,36.2792,부여군유스호스텔,부여군유스호스텔,충남 부여군 의열로 43-0,숙박,숙박,숙박,숙박,0.0327896830316941,202408
44760,충청남도 부여군,202401-202408,42,9ED4F849184F14B668CAF6EBA3827D0A,84cce27c8f465eca7e197f2d927daf02,44,충청남도,44760,부여군,126.9131,36.2927,고란사선착장,고란사선착장,충남 부여군 부소로 31-3,관광지,기타관광,관광지,기타관광,0.030744394051277962,202408
44760,충청남도 부여군,202401-202408,43,1DD35E93230E5314BD8006A46C8148A1,23245e7547053e0a50eaae86244cd54c,44,충청남도,44760,부여군,126.9169,36.3064,부여생활사박물관,부여생활사박물관,충남 부여군 백제문로 553-0,관광지,문화관광,관광지,문화관광,0.028169046137201566,202408
44760,충청남도 부여군,202401-202408,44,F06118059351F5DE32ED0C240B6B95A7,d35946a027957fad78d2cb73aeff07b0,44,충청남도,44760,부여군,126.9158,36.3021,백마강레저파크,백마강레저파크,충남 부여군,숙박,숙박,숙박,숙박,0.02667065374015081,202404
44760,충청남도 부여군,202401-202408,45,4217E9FB4A8FA707C3D608906F66611F,dfd6a3da9cfca760786481e6778dd20f,44,충청남도,44760,부여군,126.9098,36.2851,구드래119번길무인텔,구드래119번길무인텔,충남 부여군 나성로 119-0,숙박,숙박,숙박,숙박,0.02623834976070238,202408
44760,충청남도 부여군,202401-202408,46,43EA25B8D9DD477FCDCCC5356ECB7C80,912c15ac02378c9b2852485888e1f472,44,충청남도,44760,부여군,126.9101,36.2819,부여수모텔,부여수모텔,충남 부여군 사비로99번길 8-6,숙박,숙박,숙박,숙박,0.02579067094739978,202408
44760,충청남도 부여군,202401-202408,47,7851C9FC15B3C6CDB07850F88DD61D5E,95b9a2022b180df34ed035b17590e821,44,충청남도,44760,부여군,126.8978,36.2733,부여파크골프장,부여파크골프장,충남 부여군,관광지,레저스포츠,관광지,레저스포츠,0.02572282631290461,202408
44760,충청남도 부여군,202401-202408,48,3594FB316E1CF7FE91DBD954611C99C4,ba842d47563a5dd0817d9673753dcc3a,44,충청남도,44760,부여군,126.9305,36.2755,굿뜨래웰빙마을,굿뜨래웰빙마을,충남 부여군 가탑로 75-0,관광지,기타관광,관광지,기타관광,0.02490768014295024,202408
44760,충청남도 부여군,202401-202408,49,BDEBB39D2333E8D0E6F0D730792BD24A,c733ab2be0b0e7d1fc71db3af028a9fe,44,충청남도,44760,부여군,126.9006,36.1908,대조사,대조사,충남 부여군 성흥로197번길 112-0,관광지,역사관광,관광지,역사관광,0.023866521384503375,202408
44760,충청남도 부여군,202401-202408,50,A282204095BFC415C0FC288FC2AE9982,064ccd7561041851e4a58f1362f92223,44,충청남도,44760,부여군,126.9011,36.2462,부여서울농장,부여서울농장,충남 부여군,관광지,체험관광,관광지,체험관광,0.02224934926335075,202408
44760,충청남도 부여군,202401-202408,51,7C19FF47270D07837CCD829D9E6AE707,8c81cef1493a8b536471d67105e2d389,44,충청남도,44760,부여군,126.9136,36.2828,프린스모텔,프린스모텔,충남 부여군 흑천로8번길 32-0,숙박,숙박,숙박,숙박,0.021595517160458884,202408
44760,충청남도 부여군,202401-202408,52,483EBC787A68FEE86B9AFC4E319E307C,fe28c35cee9bc8afa645ed8b36232230,44,충청남도,44760,부여군,126.8876,36.2376,느루캠핑장,느루캠핑장,충남 부여군 장암로 67-28,숙박,숙박,숙박,숙박,0.021395067516047462,202408
44760,충청남도 부여군,202401-202408,53,08F57ED36FFB3A46378FCC155B0B99C8,f454672a6943ad929ddf26d95d1e1db9,44,충청남도,44760,부여군,126.9115,36.28,고란초모텔,고란초모텔,충남 부여군 중앙로 6-19,숙박,숙박,숙박,숙박,0.02097659108529576,202408
44760,충청남도 부여군,202401-202408,54,C658BD20A967B8C1797A6548653B3B82,d57f15f2bbadbf538622956701729626,44,충청남도,44760,부여군,127.0084,36.2483,일월에,일월에,충남 부여군 왕릉로 783-7,숙박,숙박,숙박,숙박,0.019997618259599018,202408
44760,충청남도 부여군,202401-202408,55,B4BF1C259EBA2E19A54C8042A1D12AAD,e34c4f0298fc4336b2327adc3654aed0,44,충청남도,44760,부여군,126.942,36.3173,백제보인증센터,백제보인증센터,충남 부여군,관광지,레저스포츠,관광지,레저스포츠,0.019808571499972553,202408
44760,충청남도 부여군,202401-202408,56,1AB7EA541B0C65464F2CC15824478E5E,85263785d052ff085803ee06306ad469,44,충청남도,44760,부여군,126.905,36.2788,부여5일장,부여5일장,충남 부여군 성왕로161번길 0-0,관광지,쇼핑,관광지,쇼핑,0.017122459639217283,202408
44760,충청남도 부여군,202401-202408,57,E7F00F53CD65AE8AA74E8B3B7DFFB293,1f7ba52e70aa0844f3094ef375f214e2,44,충청남도,44760,부여군,126.825,36.1459,부여군청소년수련원,부여군청소년수련원,충남 부여군 충신로 618-0,관광지,레저스포츠,관광지,레저스포츠,0.015444229562347674,202408
44760,충청남도 부여군,202401-202408,58,F14E602D7618A2ABCA03EE2AB92D7109,6362701ca323456999327eb8bbdbc556,44,충청남도,44760,부여군,126.8972,36.3175,골프가족텔,골프가족텔,충남 부여군 서궁로 143-0,숙박,숙박,숙박,숙박,0.015219425821716818,202408
44760,충청남도 부여군,202401-202408,59,B7E92FC6D4BA6E11F09B67B31DE683E8,c0be247b5c8aeaa2459a9badbfed8f69,44,충청남도,44760,부여군,126.9112,36.2771,VIP모텔,VIP모텔,충남 부여군,숙박,숙박,숙박,숙박,0.014711534341535529,202408
44760,충청남도 부여군,202401-202408,60,67F0996166DE54333163BEC024B8C6DD,eaa80767f5f0b9fd106ffca2d1851b6b,44,충청남도,44760,부여군,126.8886,36.272,부여자온대펜션,부여자온대펜션,충남 부여군 수북로 34-1,숙박,숙박,숙박,숙박,0.014439060163186144,202408
44760,충청남도 부여군,202401-202408,61,6ED651A143AA21BD758FAD2B99EB7ED7,958145972622fe8471e29df2e8bfb89f,44,충청남도,44760,부여군,126.8966,36.3176,골프무인텔스탠다드,골프무인텔스탠다드,충남 부여군 서궁로 147-1,숙박,숙박,숙박,숙박,0.013535529527309654,202408
44760,충청남도 부여군,202401-202408,62,A9CAC60D2DD9FD62C814704652091E07,ebffa1709699ef660344736640a41e70,44,충청남도,44760,부여군,126.9118,36.2788,문스톤,문스톤,충남 부여군 사비로72번길 14-0,숙박,숙박,숙박,숙박,0.013174618716856287,202408
44760,충청남도 부여군,202401-202408,63,5CDF335D7A3AA82B8834620380D27E85,aef795e2d8879d8accb2f8771b5d21bc,44,충청남도,44760,부여군,126.7287,36.1967,옥산저수지,옥산저수지,충남 부여군,관광지,자연관광,관광지,자연관광,0.012934865930329845,202408
44760,충청남도 부여군,202401-202408,64,3938EB2ADF95E567F84D8B31726BA552,e91a1ff491414dd320b80b72e1ba3e9d,44,충청남도,44760,부여군,126.9119,36.2785,미라보모텔,미라보모텔,충남 부여군 정림로 47-28,숙박,숙박,숙박,숙박,0.011914867527607079,202406
44760,충청남도 부여군,202401-202408,65,194AA36F2E6935AA72FCD0CF29225259,146022da018ffc79d2ed2a96fc3cf57f,44,충청남도,44760,부여군,126.908,36.2898,구드래유람선,구드래유람선,충남 부여군,관광지,기타관광,관광지,기타관광,0.011789149387727982,202408
44760,충청남도 부여군,202401-202408,66,958DB26ACB05629BFC8E9BFB5F400C75,5c47f28ba2a06a105459a60eed4985c4,44,충청남도,44760,부여군,126.823,36.1985,덕림병사,덕림병사,충남 부여군 덕림로 243-24,관광지,역사관광,관광지,역사관광,0.010819109503301139,202406
44760,충청남도 부여군,202401-202408,67,64DC4B815773C75E155B304D3777D308,9e64aca1999bfef9717bbd7e66ffda7f,44,충청남도,44760,부여군,126.9986,36.1543,부여세도방울토마토유채꽃축제,부여세도방울토마토유채꽃축제,충남 부여군,관광지,문화관광,관광지,문화관광,0.010591144552765608,202405
44760,충청남도 부여군,202401-202408,68,B56C65D6AC34380C4894C08F785D0809,cdd7d06a50ed9644ca2d65a084962bfc,44,충청남도,44760,부여군,126.9116,36.2772,피크장모텔,피크장모텔,충남 부여군 사비로54번길 10-0,숙박,숙박,숙박,숙박,0.010390316807073656,202408
44760,충청남도 부여군,202401-202408,69,9EDA8CC8A66350D36D0F24330490B2E1,67a1c708092b7d8886d5088f16e38deb,44,충청남도,44760,부여군,126.9117,36.2787,아리랑모텔,아리랑모텔,충남 부여군 정림로 55-13,숙박,숙박,숙박,숙박,0.010033266287326387,202408
44760,충청남도 부여군,202401-202408,70,1EB6AD235B1E4D73A98ADC7D3E39AE2D,dcb11c8709d0fa789e651fdb3a4cf26a,44,충청남도,44760,부여군,126.9439,36.2784,백제왕릉원,백제왕릉원,충남 부여군,관광지,역사관광,관광지,역사관광,0.009950566409838825,202408
44760,충청남도 부여군,202401-202408,71,AB7CF19F3951FE3C410480A656BFF7E7,48047993a89a1537f90540148ee3d359,44,충청남도,44760,부여군,126.8979,36.3174,무인텔골프하늘창,무인텔골프하늘창,충남 부여군 서궁로 142-0,숙박,숙박,숙박,숙박,0.009717719769056832,202408
44760,충청남도 부여군,202401-202408,72,962C3C444A3E641D71969AD554664CEE,cba8f960386ed74f63870017f2385229,44,충청남도,44760,부여군,126.8999,36.1958,가림성,가림성,충남 부여군 성흥로97번길 167-0,관광지,역사관광,관광지,역사관광,0.009149093116092051,202408
44760,충청남도 부여군,202401-202408,73,F30F649C1752D265069B1F09B7F71A0B,d21573255c62d5970aed06870d2492cb,44,충청남도,44760,부여군,126.9244,36.2928,나성한옥,나성한옥,충남 부여군 뒷개로27번길 10-1,숙박,숙박,숙박,숙박,0.00909495617436305,202408
44760,충청남도 부여군,202401-202408,74,555BE1892275F4EE885AC98810CEE500,b974bf5f50f60b90da2dc4b85904a3ac,44,충청남도,44760,부여군,126.8538,36.277,부여초동펜션,부여초동펜션,충남 부여군 호반로164번길 12-0,숙박,숙박,숙박,숙박,0.009088328903987239,202408
44760,충청남도 부여군,202401-202408,75,30D93F5327686089DEBE1D7811B20F24,f138792da96ae4b226b4bcb44a01d2b2,44,충청남도,44760,부여군,126.8905,36.2753,수북정,수북정,충남 부여군 수북로 76-0,관광지,역사관광,관광지,역사관광,0.00876110134326432,202408
44760,충청남도 부여군,202401-202408,76,55A85420FF6952B5F91A0FA8A180E085,1f3924158778f217325a82107a5b44e2,44,충청남도,44760,부여군,126.9226,36.2658,부여여흥민씨고택,부여여흥민씨고택,충남 부여군 왕중로 87-0,관광지,역사관광,관광지,역사관광,0.008614887560527223,202406
44760,충청남도 부여군,202401-202408,77,157C9BF14408DFA09E6F10893F3F028E,ad37b41c89aa6a6a9d1de11cb54ceb28,44,충청남도,44760,부여군,126.9093,36.2776,신동엽문학관,신동엽문학관,충남 부여군 신동엽길 12-0,관광지,문화관광,관광지,문화관광,0.00859441753809849,202408
44760,충청남도 부여군,202401-202408,78,7B4A1E4C8339586102591879195622FB,1aba6ba5811ed445f30532a64dd0fc25,44,충청남도,44760,부여군,126.9066,36.3073,사비궁,사비궁,충남 부여군 백제문로 455-0,관광지,기타관광,관광지,기타관광,0.00821346097649484,202408
44760,충청남도 부여군,202401-202408,79,AFD464F5160B946D1811EF4E6AA3F884,038c21978d652770418778784bc5267b,44,충청남도,44760,부여군,126.9148,36.2787,부여문화유산야행,부여문화유산야행,충남 부여군 정림로 83-0,관광지,문화관광,관광지,문화관광,0.007925133033745192,202404
44760,충청남도 부여군,202401-202408,80,7FD21B0304E6015139254D671F933C0B,1b6850b5c7de5d84c9379ed8fda15d88,44,충청남도,44760,부여군,126.9983,36.1539,금강3공구야생초화원,금강3공구야생초화원,충남 부여군,관광지,문화관광,관광지,문화관광,0.00740658449838247,202405
44760,충청남도 부여군,202401-202408,81,164D140B0D65F9D96B41F2BAB6BFC18A,0705cafd4b014ac02bae8d7ca300c696,44,충청남도,44760,부여군,126.9136,36.2764,스타박스,스타박스,충남 부여군 계백로 305-0,관광지,문화관광,관광지,문화관광,0.007317991119806297,202408
44760,충청남도 부여군,202401-202408,82,F28E40111E6C5F770030F70BEA778E5B,d0656f1c7df5c289f73ccaa1055a48ef,44,충청남도,44760,부여군,126.7982,36.2496,부여금사리성당,부여금사리성당,충남 부여군 성충로1342번길 21-0,관광지,역사관광,관광지,역사관광,0.007263649814762515,202408
44760,충청남도 부여군,202401-202408,83,7FECE462F69D5FF1CD0E077E718CB6D6,dbd9718c31c49d8b0283de5ad3e99ebf,44,충청남도,44760,부여군,126.8988,36.2729,백마강생활체육공원/파크골프장,백마강생활체육공원/파크골프장,충남 부여군,관광지,레저스포츠,관광지,레저스포츠,0.007182699003167168,202408
44760,충청남도 부여군,202401-202408,84,DA0A602582A8CBF62D04E65383B01CDC,17483104132aae6a03e749f169e39ef2,44,충청남도,44760,부여군,126.8982,36.3148,S무인텔,S무인텔,충남 부여군,숙박,숙박,숙박,숙박,0.007135692173422462,202408
44760,충청남도 부여군,202401-202408,85,CB3A2439D7FC6A65FD5BC6A98D0E4E23,bcfa3e6349e10640b2ff5f97f655708d,44,충청남도,44760,부여군,126.909,36.2807,스타펠리스,스타펠리스,충남 부여군 부여로 13-7,숙박,숙박,숙박,숙박,0.0067605307083123,202407
44760,충청남도 부여군,202401-202408,86,94A49604BEAB2AE45E080884C69ABB8C,eb2d4e9657fb269ff2c96da11d7b7f45,44,충청남도,44760,부여군,126.9274,36.2918,서동선화한옥,서동선화한옥,충남 부여군 월함로 105-2,숙박,숙박,숙박,숙박,0.006303575611498475,202408
44760,충청남도 부여군,202401-202408,87,CFADEB99B259DDA690CCE7E10E713739,02dabedd089188e9a03c9a1968ddd26c,44,충청남도,44760,부여군,126.7876,36.2229,부여축협가축시장,부여축협가축시장,충남 부여군 삼용로 3-40,관광지,쇼핑,관광지,쇼핑,0.0062684587714239015,202408
44760,충청남도 부여군,202401-202408,88,64E5CE7A851899DD454C7252801BC1C5,c8d9c9db5106861c9c611d3d75a50c45,44,충청남도,44760,부여군,126.9999,36.1669,금강3공구야구장,금강3공구야구장,충남 부여군,관광지,문화관광,관광지,문화관광,0.005725777974592002,202405
44760,충청남도 부여군,202401-202408,89,368CD5E72E47AF688FE7EAB0CBB9991D,2e6a5c75740bc3a7842389b20411f786,44,충청남도,44760,부여군,126.8475,36.2733,반산저수지,반산저수지,충남 부여군,관광지,자연관광,관광지,자연관광,0.005660527320970742,202407
44760,충청남도 부여군,202401-202408,90,BE093B512F6839CE36E1087FD444AD45,3a09061960ed2d7651758ef48f901d88,44,충청남도,44760,부여군,126.9234,36.2915,사비한옥,사비한옥,충남 부여군 뒷개로27번길 3-20,숙박,숙박,숙박,숙박,0.0055534881390102864,202408
44760,충청남도 부여군,202401-202408,91,9382E26EA205362E5D1E39B14A095C33,e2e2449454a42faee4da5ab25c7087e5,44,충청남도,44760,부여군,126.9132,36.2797,부여정림사지,부여정림사지,충남 부여군,관광지,역사관광,관광지,역사관광,0.005526394252886457,202405
44760,충청남도 부여군,202401-202408,92,28D24183A5444557A1952F1696C7F226,bb784cc08058233d9cb6b5dd59cbdb6b,44,충청남도,44760,부여군,126.8476,36.3414,매화가든민박,매화가든민박,충남 부여군 매화로 70-6,숙박,숙박,숙박,숙박,0.005152143698560975,202407
44760,충청남도 부여군,202401-202408,93,69B33AF4EE80A5A6A0F7FD9232970DF4,6f322563b14fc20d8a3826595ac22ca9,44,충청남도,44760,부여군,126.9416,36.3176,금강5경/백제보전망대,금강5경/백제보전망대,충남 부여군,관광지,문화관광,관광지,문화관광,0.00506097421745511,202407
44760,충청남도 부여군,202401-202408,94,69B36AB84C0623B637E16AFC62E9BE06,45894353f84dec1e5b8e5ca7512b87a3,44,충청남도,44760,부여군,126.7461,36.1848,내안의숲오토캠핑장,내안의숲오토캠핑장,충남 부여군 차동로30번길 30-42,숙박,숙박,숙박,숙박,0.004964770884297016,202408
44760,충청남도 부여군,202401-202408,95,48CDFDFFF5C1969FCA2DABCB27FE969C,c34505c947601df02f240c3b86800f2d,44,충청남도,44760,부여군,126.7222,36.2059,옥산옥녀봉진달래꽃십리길축제,옥산옥녀봉진달래꽃십리길축제,충남 부여군 옥산북로 203-8,관광지,문화관광,관광지,문화관광,0.004589309128238237,202404
44760,충청남도 부여군,202401-202408,96,3D458A8D126DB0029134EBC598842805,45e1f4de519eb5ffdf49fba51e688e43,44,충청남도,44760,부여군,126.8888,36.2738,자온길,자온길,충남 부여군 자온로 0-0,관광지,기타관광,관광지,기타관광,0.0045427069993136514,202408
44760,충청남도 부여군,202401-202408,97,D3F10E59B946BC4CC2C8F49195EC1370,69cce68aef732c90f5f22adf553c0a50,44,충청남도,44760,부여군,126.8567,36.274,백제호카누경기장,백제호카누경기장,충남 부여군,관광지,레저스포츠,관광지,레저스포츠,0.004411896534565368,202407
44760,충청남도 부여군,202401-202408,98,13816D98D6D7AF605138670861F67072,13de39f134de4f618b6a349242870bc4,44,충청남도,44760,부여군,126.9146,36.2897,부소산,부소산,충남 부여군,관광지,자연관광,관광지,자연관광,0.004339885118474611,202407
44760,충청남도 부여군,202401-202408,99,73FCBE3ECDBE4E8A35DC035001332CB5,aadb58d0cf06300b7720ac1f05754bae,44,충청남도,44760,부여군,126.9274,36.2921,달을품은한옥,달을품은한옥,충남 부여군 월함로 107-1,숙박,숙박,숙박,숙박,0.004304917703110656,202406
44760,충청남도 부여군,202401-202408,100,F6414AB97AEEFE13ABB9E7082D8C44D9,63ea6fcf42492a5e49abab255ed7d7c0,44,충청남도,44760,부여군,126.8261,36.1419,서동요출렁다리,서동요출렁다리,충남 부여군,관광지,기타관광,관광지,기타관광,0.0041251924353655055,202404
47280,경상북도 문경시,202401-202408,1,811EF73133802302B209F661C1815BE9,fd6db659ffb45e65df521f487d661719,47,경상북도,47280,문경시,128.076,36.7667,문경새재,문경새재,경북 문경시 새재로 932-0,관광지,역사관광,관광지,역사관광,0.909393452890672,202408
47280,경상북도 문경시,202401-202408,2,9C4E7A5B0A76FB181E2AF5F9A6CAA586,b35453d970eed6590fd76ba01c10becf,47,경상북도,47280,문경시,128.1286,36.6601,문경오미자테마터널,문경오미자테마터널,경북 문경시 문경대로 1356-1,관광지,기타관광,관광지,기타관광,0.8112179377481545,202408
47280,경상북도 문경시,202401-202408,3,FBE2FF70727B9730A3970EB305E4D4D8,49d87ed2d5fae286c979f4c6cd4b5679,47,경상북도,47280,문경시,128.0602,36.6544,문경에코월드,문경에코월드,경북 문경시 왕능길 114-0,관광지,문화관광,관광지,문화관광,0.5822668088582372,202408
47280,경상북도 문경시,202401-202408,4,B4017C3A7EF706BB96C813E00BA86578,91433eacd59087d40f4a150d0ecfc105,47,경상북도,47280,문경시,127.9641,36.5692,STX문경리조트,STX문경리조트,경북 문경시 청화로 509-0,숙박,숙박,숙박,숙박,0.5261147729349633,202408
47280,경상북도 문경시,202401-202408,5,16951FF06D6E27A7FDBAB9C65C8A6F6B,1a9c224e16f07ce518b92970e80f7ee7,47,경상북도,47280,문경시,128.1091,36.73,문경종합온천,문경종합온천,경북 문경시 온천2길 24-0,관광지,체험관광,관광지,체험관광,0.4682839297875676,202408
47280,경상북도 문경시,202401-202408,6,1849CE8239637A8C0370112DB1197B78,3f7919d9d24614d446b5a834b2aab842,47,경상북도,47280,문경시,128.1153,36.7291,봉명산출렁다리,봉명산출렁다리,경북 문경시,관광지,기타관광,관광지,기타관광,0.44616682292512355,202408
47280,경상북도 문경시,202401-202408,7,1BA8F63862B7949260CFA29B3CACAE5A,5c7b9bf61cba85b3499d470619253f9a,47,경상북도,47280,문경시,128.1282,36.6544,문경철로자전거/진남역,문경철로자전거/진남역,경북 문경시 진남1길 155-0,관광지,기타관광,관광지,기타관광,0.4278784616979699,202408
47280,경상북도 문경시,202401-202408,8,2BC55677905DD6C3FC16E53173C0BAAF,f37b2ed135c4b13813d97c8d189cf16e,47,경상북도,47280,문경시,128.1586,36.7157,문경GC,문경GC,경북 문경시 문경골프장길 240-0,관광지,레저스포츠,관광지,레저스포츠,0.30243806587917793,202408
47280,경상북도 문경시,202401-202408,9,5FF3102BFB6DB0181FCB7E56E8336E7F,9893f3bcf8256a0628852fb696ac64a7,47,경상북도,47280,문경시,128.0736,36.7717,문경새재/오픈세트장,문경새재/오픈세트장,경북 문경시,관광지,문화관광,관광지,문화관광,0.26464514149988794,202408
47280,경상북도 문경시,202401-202408,10,DF1661C7D4AAF74FB83625FEB8525787,12dc78a96253943587f08a0cc91801dd,47,경상북도,47280,문경시,128.1604,36.7381,문경새재리조트,문경새재리조트,경북 문경시 웰빙타운길 7-12,숙박,숙박,숙박,숙박,0.26429105301046096,202408
47280,경상북도 문경시,202401-202408,11,D1527E42F28B831758BA10530E2126B1,eccad4e11fc8098fc828c7a165e78d1f,47,경상북도,47280,문경시,128.0991,36.6611,문경철로자전거/구랑리역,문경철로자전거/구랑리역,경북 문경시 구랑로 20-0,관광지,기타관광,관광지,기타관광,0.2535956580646318,202408
47280,경상북도 문경시,202401-202408,12,5D6F7DA074A93423C32E51423CDE130F,7f12433940facefbd917fce3ae1d450e,47,경상북도,47280,문경시,128.1295,36.6427,문경관광사격장,문경관광사격장,경북 문경시 사격장길 155-0,관광지,레저스포츠,관광지,레저스포츠,0.24328633851531273,202408
47280,경상북도 문경시,202401-202408,13,99E7B47952075E2DB24BE1FC5ECA9A6B,d8ca03fc4401a20f5aea18030969c25e,47,경상북도,47280,문경시,128.1073,36.7355,문경전통시장,문경전통시장,경북 문경시 문희로 41-15,관광지,쇼핑,관광지,쇼핑,0.23931183782752335,202408
47280,경상북도 문경시,202401-202408,14,53D4B8E714F634EE511033BA74386830,f1298750ed09618717f9c10ea8d1d3b0,47,경상북도,47280,문경시,128.1279,36.6615,고모산성,고모산성,경북 문경시,관광지,역사관광,관광지,역사관광,0.19259661636548342,202408
47280,경상북도 문경시,202401-202408,15,8875662F7E71C8AB3CDB3D66B7A619B6,6f93c863198ec2ab817c986a5cf65e6e,47,경상북도,47280,문경시,128.1982,36.5944,문경중앙시장,문경중앙시장,경북 문경시 중앙시장길 32-10,관광지,쇼핑,관광지,쇼핑,0.1668117448048333,202408
47280,경상북도 문경시,202401-202408,16,42DB212D7C596483D6273A61DA96CC3D,436248cfe044d3e0569e22bd57067abf,47,경상북도,47280,문경시,128.0622,36.6539,문경석탄박물관,문경석탄박물관,경북 문경시 왕능길 112-0,관광지,문화관광,관광지,문화관광,0.16533077336701507,202408
47280,경상북도 문경시,202401-202408,17,57382E64680BF400D138AB48BE6A88CD,f3eadd24e3ad34b33d747bbb796b3409,47,경상북도,47280,문경시,128.0778,36.7617,페트로호텔,페트로호텔,경북 문경시 새재2길 32-3,숙박,숙박,숙박,숙박,0.1596998334411426,202408
47280,경상북도 문경시,202401-202408,18,1D8B61C2CC6454F824A1ACAC1A1291C3,11bacc89b52062a086eca29ab88fb094,47,경상북도,47280,문경시,128.2139,36.6032,영강체육공원,영강체육공원,경북 문경시,관광지,문화관광,관광지,문화관광,0.11570063061412728,202408
47280,경상북도 문경시,202401-202408,19,C5AC7098C8B767D48A69C229195AC80D,300e242265b95a9bfc74bd054ef86357,47,경상북도,47280,문경시,128.109,36.7286,아리랑호텔,아리랑호텔,경북 문경시 온천강변2길 38-0,숙박,숙박,숙박,숙박,0.11029349345151367,202408
47280,경상북도 문경시,202401-202408,20,0F6D7ECB98E6FFDA355EC48621088A36,61763e8ec3416766f2756f840e501552,47,경상북도,47280,문경시,128.1367,36.6227,짚라인/문경지점,짚라인/문경지점,경북 문경시 불정길 174-0,관광지,레저스포츠,관광지,레저스포츠,0.101653059408906,202408
47280,경상북도 문경시,202401-202408,21,E40E082AF9571F2D31B125BF024553BE,ef57eb9514ac32697e116bd1ca96e9bd,47,경상북도,47280,문경시,128.0609,36.6464,가은아자개장터,가은아자개장터,경북 문경시 가은3길 17-0,관광지,쇼핑,관광지,쇼핑,0.10128495704036733,202408
47280,경상북도 문경시,202401-202408,22,A3CCC14FAE639772E07F8D8EE53DE7BC,a104648ec0d66719d5815d5e81e46130,47,경상북도,47280,문경시,128.2237,36.7398,김용사,김용사,경북 문경시 김용길 372-0,관광지,역사관광,관광지,역사관광,0.0931912542735205,202408
47280,경상북도 문경시,202401-202408,23,3D04FCF4483A0BFBFFBAA6416F2C87CF,ec4894d6553e574452de9d25e46e03d0,47,경상북도,47280,문경시,127.9732,36.6694,선유동계곡,선유동계곡,경북 문경시,관광지,자연관광,관광지,자연관광,0.09161621457790259,202408
47280,경상북도 문경시,202401-202408,24,E27EE18AA4AC4D535127946917488AD6,6dede581e319de37e677c6d3ac3f536b,47,경상북도,47280,문경시,127.9639,36.6628,대야산자연휴양림,대야산자연휴양림,경북 문경시 용추길 31-35,관광지,자연관광,관광지,자연관광,0.09136709819483335,202408
47280,경상북도 문경시,202401-202408,25,F7993C970FA7135BBE859292CC77F1A1,4c4d2cee7dc91dc4e950d4440cfe7913,47,경상북도,47280,문경시,128.0838,36.7414,문경도자기박물관,문경도자기박물관,경북 문경시 문경대로 2416-0,관광지,문화관광,관광지,문화관광,0.08786214939061866,202408
47280,경상북도 문경시,202401-202408,26,03C75B85A5186070278EFC68FA77EB8B,952b822cf32ce057896b6f9f7b952cd3,47,경상북도,47280,문경시,128.2892,36.5538,문경야구장,문경야구장,경북 문경시,관광지,문화관광,관광지,문화관광,0.08634894852104158,202408
47280,경상북도 문경시,202401-202408,27,3D71228EEDE28557F363791ED5DE0A61,0dfece9afc4f3a6d5930428866e41b3f,47,경상북도,47280,문경시,128.2018,36.5999,스테이201호텔,스테이201호텔,경북 문경시 호서로 66-3,숙박,숙박,숙박,숙박,0.08619402597440556,202408
47280,경상북도 문경시,202401-202408,28,FBF2641C8A4BC571A7CF259FC9D56A9B,8185cc68396eb31854491f1eed404075,47,경상북도,47280,문경시,128.0654,36.653,가은오픈세트장,가은오픈세트장,경북 문경시,관광지,문화관광,관광지,문화관광,0.080359194227456,202408
47280,경상북도 문경시,202401-202408,29,7228A86CE620317B5361421006DDF85A,2de4bb5ea84f721834d837aa89320c3e,47,경상북도,47280,문경시,128.0765,36.7542,문경자연생태박물관,문경자연생태박물관,경북 문경시 새재1길 45-0,관광지,문화관광,관광지,문화관광,0.07488611782197599,202408
47280,경상북도 문경시,202401-202408,30,40E8ECE386B2347605E3E69BE6A13256,0ce6c86f56cbb543affc047b6830ff8e,47,경상북도,47280,문경시,128.2025,36.5948,스위트호텔,스위트호텔,경북 문경시 중앙4길 40-0,숙박,숙박,숙박,숙박,0.06772932932386959,202408
47280,경상북도 문경시,202401-202408,31,EC948D6843C39511EA0F5F1D6FEBED9F,3e0c69dc688e47f39207b76ed8e0c5cd,47,경상북도,47280,문경시,128.2042,36.6012,점촌전통시장,점촌전통시장,경북 문경시 신흥시장길 19-0,관광지,쇼핑,관광지,쇼핑,0.059344454583424425,202408
47280,경상북도 문경시,202401-202408,32,EC4FCAE6F882AF484F82DC99CB430999,8039819c7a650a5f5cc3a31aa8b267f8,47,경상북도,47280,문경시,128.1275,36.6596,진남교반,진남교반,경북 문경시,관광지,기타관광,관광지,기타관광,0.058889406393040626,202408
47280,경상북도 문경시,202401-202408,33,788DDC77675A0AA58BBF801D470B6966,618571f2718f495e8bc5cb683f0ef691,47,경상북도,47280,문경시,128.2026,36.5969,비앤비모텔,비앤비모텔,경북 문경시 중앙7길 30-0,숙박,숙박,숙박,숙박,0.05748035671052122,202408
47280,경상북도 문경시,202401-202408,34,F2D1C2E6DA0795F377A41A6A13867599,8f6f36212939bee104f90fefb1984150,47,경상북도,47280,문경시,128.226,36.706,돌리네습지,돌리네습지,경북 문경시,관광지,기타관광,관광지,기타관광,0.05628430223281597,202408
47280,경상북도 문경시,202401-202408,35,3F2CD931451F46FAD27A47B3A79D58FE,ea9a6d768828a98f677a8389c4007ebd,47,경상북도,47280,문경시,128.0828,36.7429,문경오미자테마공원,문경오미자테마공원,경북 문경시 새재로 715-0,관광지,문화관광,관광지,문화관광,0.055509542557827564,202408
47280,경상북도 문경시,202401-202408,36,117DA986CE0AC869EE242A69F8AED2B4,8d790bd8cabd6a80619eec4d572679d6,47,경상북도,47280,문경시,127.954,36.5692,쌍룡계곡,쌍룡계곡,경북 문경시,관광지,자연관광,관광지,자연관광,0.052330940518812735,202408
47280,경상북도 문경시,202401-202408,37,496F6B7033F2590A6EDBF215E889E018,24560804147a9dfffd4ebef79d0028c0,47,경상북도,47280,문경시,128.272,36.7498,대승사,대승사,경북 문경시 대승사길 283-0,관광지,역사관광,관광지,역사관광,0.0507824223146861,202408
47280,경상북도 문경시,202401-202408,38,11EA84881E6FDE70BBF4F3D6EA8DC715,4c5926d5a1f4a6d437a484232b90c1b8,47,경상북도,47280,문경시,128.1353,36.6203,불정자연휴양림,불정자연휴양림,경북 문경시 불정길 180-0,관광지,자연관광,관광지,자연관광,0.05056859020802394,202408
47280,경상북도 문경시,202401-202408,39,983B6E1A03324AAED945D04088C48DA9,87ac82aae6f98599b2ac7f655bbc5c97,47,경상북도,47280,문경시,128.0746,36.7644,문경생태미로공원,문경생태미로공원,경북 문경시,관광지,문화관광,관광지,문화관광,0.04662890475133646,202408
47280,경상북도 문경시,202401-202408,40,59728798B4726D35ACF886CD38E5027C,5a029a81bf9249eb0634ae238ae25136,47,경상북도,47280,문경시,128.2544,36.6346,주암정,주암정,경북 문경시,관광지,역사관광,관광지,역사관광,0.04310650722071332,202408
47280,경상북도 문경시,202401-202408,41,EBA08E048AF19DAB9A5894D111470235,d0b311a39c3066452c5b07e7dffbdaaa,47,경상북도,47280,문경시,128.1888,36.5864,시티호텔,시티호텔,경북 문경시 시청1길 23-0,숙박,숙박,숙박,숙박,0.03836239781006147,202408
47280,경상북도 문경시,202401-202408,42,DE9967B1D0C1480BC298339C74031DFE,7a1ee1ea79e98c8376035588eb8905b4,47,경상북도,47280,문경시,128.1268,36.6577,문경산악바이크,문경산악바이크,경북 문경시 문경대로 1325-0,관광지,레저스포츠,관광지,레저스포츠,0.03626364155324105,202408
47280,경상북도 문경시,202401-202408,43,50C762C52FD25EF2BC98C9B742EA254F,a3e72aef0dd57baa67dd068b9a3a9455,47,경상북도,47280,문경시,128.1944,36.6456,성보촌유스호스텔,성보촌유스호스텔,경북 문경시 상무로 377-0,숙박,숙박,숙박,숙박,0.03501463926830713,202408
47280,경상북도 문경시,202401-202408,44,E870F1ED24D21A8B75826F7BD794E847,19f5c4e59683bbd5e2619c04a734f749,47,경상북도,47280,문경시,128.0754,36.7624,문경찻사발축제,문경찻사발축제,경북 문경시 새재로 933-0,관광지,문화관광,관광지,문화관광,0.034824259224745,202405
47280,경상북도 문경시,202401-202408,45,13DD0534D1D6F7A77D7BD159722E09BF,6e24a0f0b069ec6b3aa4acda7c899168,47,경상북도,47280,문경시,128.0055,36.7003,봉암사,봉암사,경북 문경시 원북길 313-0,관광지,역사관광,관광지,역사관광,0.03473304873775756,202408
47280,경상북도 문경시,202401-202408,46,9725F478ECDD3AB10D6BBBAD2E8B2E04,c14618f8560c13636f1dfdd5361e1c25,47,경상북도,47280,문경시,128.1937,36.5867,더브릿지호텔,더브릿지호텔,경북 문경시 남부3길 10-0,숙박,숙박,숙박,숙박,0.03064066471572886,202408
47280,경상북도 문경시,202401-202408,47,A9F45342B9785DBC32AD7426AD51E4C5,8504e28e154389920d8b887b7e8e3e18,47,경상북도,47280,문경시,128.2092,36.5945,영신숲공원,영신숲공원,경북 문경시,관광지,문화관광,관광지,문화관광,0.02968231033040521,202408
47280,경상북도 문경시,202401-202408,48,70F38787D4FF6D52CA4AEEA3C5FF19D0,286e3b3e62454ceafc32a53651af4180,47,경상북도,47280,문경시,127.9602,36.67,용추계곡,용추계곡,경북 문경시,관광지,자연관광,관광지,자연관광,0.02883689128269893,202408
47280,경상북도 문경시,202401-202408,49,5C76A914FA29771C6415FEFAD2EC8751,10f5ae69f68a9ea5a3318ed57c0fb80e,47,경상북도,47280,문경시,128.0781,36.7597,더베스트호텔,더베스트호텔,경북 문경시 새재2길 10-3,숙박,숙박,숙박,숙박,0.027139757156539254,202408
47280,경상북도 문경시,202401-202408,50,BA66426D8AAD824B597FFAD487703B17,6536e0e13d81f46731a81a6c89d54b86,47,경상북도,47280,문경시,128.1894,36.5872,W모텔,W모텔,경북 문경시 시청2길 11-0,숙박,숙박,숙박,숙박,0.026003183936712325,202408
47280,경상북도 문경시,202401-202408,51,01EBF3BFCCB6A65B584CEC1C5C31FD63,15127f213d0ed8ee99f4186b7c678499,47,경상북도,47280,문경시,128.1368,36.6805,박열의사기념관,박열의사기념관,경북 문경시 샘골길 44-0,관광지,문화관광,관광지,문화관광,0.025943457317170064,202408
47280,경상북도 문경시,202401-202408,52,18BE2D4E1EED92FD3F54A8C61172D7EE,10f55450c96eee1b7cbe4db5a2e373d2,47,경상북도,47280,문경시,128.1104,36.7308,에이스모텔,에이스모텔,경북 문경시 여우목로 24-0,숙박,숙박,숙박,숙박,0.025916344641103154,202408
47280,경상북도 문경시,202401-202408,53,9BB7E7FA6E5F6DA998E844958639E7C1,2cd6b370bf7021427b5433f5aed10641,47,경상북도,47280,문경시,128.1538,36.7362,문경활공랜드 패러글라이딩,문경활공랜드 패러글라이딩,경북 문경시 활공장길 80-0,관광지,레저스포츠,관광지,레저스포츠,0.025418015161294067,202408
47280,경상북도 문경시,202401-202408,54,64508267FB96BBD2D823CA90B57866BF,bda516ffed2c0e3c3d953f59f329980a,47,경상북도,47280,문경시,128.076,36.7552,새재리아리조트,새재리아리조트,경북 문경시 새재1길 49-0,숙박,숙박,숙박,숙박,0.024388568673619382,202408
47280,경상북도 문경시,202401-202408,55,764B7258E14F1DC3A98D56E04A254CE9,7fee39897640ad6ee70bbb0fdeecf265,47,경상북도,47280,문경시,128.0795,36.6507,마성오픈세트장,마성오픈세트장,경북 문경시 가은로 311-18,관광지,문화관광,관광지,문화관광,0.024344874296056255,202408
47280,경상북도 문경시,202401-202408,56,FB5A1B7D08B2C6C1BC296A61498A95F3,781098db4495889c6dca4a3faac7e626,47,경상북도,47280,문경시,128.1086,36.728,호텔이너스,호텔이너스,경북 문경시 온천강변2길 46-0,숙박,숙박,숙박,숙박,0.024222572892288737,202408
47280,경상북도 문경시,202401-202408,57,233EB2E76A12BD053B90B89A94406A21,e0ec09589e983a804f9f38c2f02ba1fe,47,경상북도,47280,문경시,127.9324,36.6705,대야산,대야산,경북 문경시,관광지,자연관광,관광지,자연관광,0.023553875236285673,202408
47280,경상북도 문경시,202401-202408,58,D91B388C0CCC7D4D733C9065BF1730AD,387492583d8929c9cdc8e3949ac90ab1,47,경상북도,47280,문경시,128.185,36.5899,모전공원,모전공원,경북 문경시 매봉1길 38-0,관광지,문화관광,관광지,문화관광,0.02353013378867763,202408
47280,경상북도 문경시,202401-202408,59,BB615230524B62623D7FC1E241FC8794,73087b6053f25ffb206356c3ea0b92b1,47,경상북도,47280,문경시,128.0785,36.761,문경관광호텔,문경관광호텔,경북 문경시 새재2길 32-11,숙박,숙박,숙박,숙박,0.02337808749841585,202408
47280,경상북도 문경시,202401-202408,60,FD3DDE2ACFB7EDE9738CCED28032723E,7e4762aee4ae8d8a59e87140d5606be6,47,경상북도,47280,문경시,128.1742,36.7304,문경단산관광모노레일,문경단산관광모노레일,경북 문경시 활공장길 556-0,관광지,기타관광,관광지,기타관광,0.022396342507192406,202408
47280,경상북도 문경시,202401-202408,61,4D4EAC81EFB9805DD2F8745293C7A454,54cbceb1434b2cbf88ffcbd0ab18836a,47,경상북도,47280,문경시,128.1919,36.5914,모전천벚꽃길,모전천벚꽃길,경북 문경시,관광지,기타관광,관광지,기타관광,0.021980862150848494,202404
47280,경상북도 문경시,202401-202408,62,323B0686A6D5CB03B4DF95BB8F42414B,73f5dbca04dc7ddd8d353f32287f2ad2,47,경상북도,47280,문경시,128.2097,36.614,문경파크골프장,문경파크골프장,경북 문경시,관광지,레저스포츠,관광지,레저스포츠,0.01956627693343542,202408
47280,경상북도 문경시,202401-202408,63,4F1AC5C088DBF5E5CF62B4F978FC02A5,1543a38612ea531e4af53300a268e0cb,47,경상북도,47280,문경시,128.3053,36.7467,천주사,천주사,경북 문경시 금천로 2131-0,관광지,역사관광,관광지,역사관광,0.019362859404783276,202408
47280,경상북도 문경시,202401-202408,64,F084D19553629E574637E8311477D675,bc9e7aa35e964d20c0593f3b8cb35c11,47,경상북도,47280,문경시,128.0769,36.7527,문경새재어드벤처파크,문경새재어드벤처파크,경북 문경시 새재1길 45-0,관광지,레저스포츠,관광지,레저스포츠,0.01854542547988375,202408
47280,경상북도 문경시,202401-202408,65,046D684D345DC6F648BA1025AE9D5690,3bb43085498189b030ef5511ba266a46,47,경상북도,47280,문경시,128.1867,36.6445,소풍모텔,소풍모텔,경북 문경시 상무로 317-0,숙박,숙박,숙박,숙박,0.018179421520701112,202408
47280,경상북도 문경시,202401-202408,66,7FC80EC4B73E01BED51C2EBAF59ED52A,45d23f88459bf29e9d4190d00086f2f0,47,경상북도,47280,문경시,128.0752,36.7684,문경새재제1관문주흘관,문경새재제1관문주흘관,경북 문경시,관광지,역사관광,관광지,역사관광,0.017659446892397557,202408
47280,경상북도 문경시,202401-202408,67,FC77A2D3750B476047D262DBF89392FB,e28aae84a96ec256f285f837095a77e0,47,경상북도,47280,문경시,127.9612,36.6726,대야산장,대야산장,경북 문경시 용추길 58-0,숙박,숙박,숙박,숙박,0.017532132328890677,202408
47280,경상북도 문경시,202401-202408,68,DF25CAE7A2236A3E3ACB8E3166D5E92C,f042862d9ada9a312845f2757ed57d9f,47,경상북도,47280,문경시,128.0748,36.7545,문경새재국민여가캠핑장,문경새재국민여가캠핑장,경북 문경시 새재1길 47-0,숙박,숙박,숙박,숙박,0.014847655753520431,202408
47280,경상북도 문경시,202401-202408,69,44629FF6DC8CAEF596732A1598C9C9E1,66d3845a193d827d042aa3f880079cc7,47,경상북도,47280,문경시,127.9688,36.5623,사우정펜션,사우정펜션,경북 문경시 청화로 582-7,숙박,숙박,숙박,숙박,0.014218574889735562,202408
47280,경상북도 문경시,202401-202408,70,5DAAF7E63C72E0FE6CF73C75E3682CB3,5267db1590867bffd7f511f3465135f8,47,경상북도,47280,문경시,128.2032,36.5976,샵모텔,샵모텔,경북 문경시 중앙7길 42-0,숙박,숙박,숙박,숙박,0.013713044168732131,202408
47280,경상북도 문경시,202401-202408,71,F045B62E43D128AB1854FB7D49778318,32d484870e2b055dd9ab96c4a83df28f,47,경상북도,47280,문경시,128.1767,36.6396,문경시멘트공장,문경시멘트공장,경북 문경시 신기로 250-0,관광지,기타관광,관광지,기타관광,0.013382972307892003,202406
47280,경상북도 문경시,202401-202408,72,467310FB88E1A573508315F0AC7B5077,61e2d12250ad83a8d5327683bbd2384f,47,경상북도,47280,문경시,128.1101,36.7303,프로포즈모텔,프로포즈모텔,경북 문경시 온천2길 16-8,숙박,숙박,숙박,숙박,0.012148769151224509,202408
47280,경상북도 문경시,202401-202408,73,C31E77E1C597C0D556E1326146B927AB,48b9bd61fde16ed77c6d9fd78f3b3a45,47,경상북도,47280,문경시,128.2042,36.5974,텐모텔,텐모텔,경북 문경시 점촌역옆길 19-0,숙박,숙박,숙박,숙박,0.01170721198101711,202408
47280,경상북도 문경시,202401-202408,74,B01B12A8E118D1F340877113D65F7D04,1ea1f65463a2f56821ec32cafb360db5,47,경상북도,47280,문경시,128.1011,36.7238,마원성지,마원성지,경북 문경시 오서길 73-0,관광지,역사관광,관광지,역사관광,0.011689612415259218,202408
47280,경상북도 문경시,202401-202408,75,EF95F4E8AB956F274FA7D152C81A6B7C,70325a25bbe9922a13bedaba6e547f9f,47,경상북도,47280,문경시,128.0706,36.7665,대조영촬영지/문경세트장,대조영촬영지/문경세트장,경북 문경시 새재로 932-0,관광지,문화관광,관광지,문화관광,0.01109730234921305,202408
47280,경상북도 문경시,202401-202408,76,B55A5CA2A241126E77F8C9D924B68A55,3e6ba34afd14a71e6bbb51678625da83,47,경상북도,47280,문경시,128.0956,36.7315,더모스트풀빌라펜션,더모스트풀빌라펜션,경북 문경시 문경대로 2259-9,숙박,숙박,숙박,숙박,0.010995026439604264,202408
47280,경상북도 문경시,202401-202408,77,4488821FCFD0E4A51BF192E8681D6484,90f6778c6072170cfe99c8fada4d2db9,47,경상북도,47280,문경시,128.1083,36.7266,휴온천무인텔,휴온천무인텔,경북 문경시 온천강변2길 60-0,숙박,숙박,숙박,숙박,0.010825135148629927,202408
47280,경상북도 문경시,202401-202408,78,AF17CB4D2C56B06B0A4D8438EDF81D29,c8c02145cdd5f8b7bba470047241ce97,47,경상북도,47280,문경시,128.1179,36.6917,소야솔밭,소야솔밭,경북 문경시,관광지,문화관광,관광지,문화관광,0.010761743784544186,202408
47280,경상북도 문경시,202401-202408,79,D09059602640528A5BC7D4DB9722A83A,dcca41aaf5a3fb05a967ded0b2f373f1,47,경상북도,47280,문경시,128.2039,36.5968,아모르모텔,아모르모텔,경북 문경시 점촌역옆길 13-0,숙박,숙박,숙박,숙박,0.010252572812976547,202408
47280,경상북도 문경시,202401-202408,80,FF32DF4FE2556C9E0E3F02EE7073F3A7,868aa19dca3df44d2f4f84eea3531295,47,경상북도,47280,문경시,128.0241,36.6851,정토수련원,정토수련원,경북 문경시 원북길 194-71,관광지,레저스포츠,관광지,레저스포츠,0.010093870184637864,202408
47280,경상북도 문경시,202401-202408,81,2BA09D50C9E588BF62072C0BD1143CA2,a22daddad1ae8ebbb338c95022bee823,47,경상북도,47280,문경시,128.1116,36.7251,건일라,건일라,경북 문경시 온천강변1길 53-0,숙박,숙박,숙박,숙박,0.010017603314069142,202408
47280,경상북도 문경시,202401-202408,82,7C8E5380A0EEAD47C1EF4A765C8F2757,8f5ec8c3f1459f76d53696ad3cc3282d,47,경상북도,47280,문경시,128.0738,36.76,문경시사계절썰매장,문경시사계절썰매장,경북 문경시 새재로 913-14,관광지,레저스포츠,관광지,레저스포츠,0.009933836408913202,202402
47280,경상북도 문경시,202401-202408,83,8DB53682013513653EA1DA2DC13A48B5,5390493500723df681a93ade95f21b8c,47,경상북도,47280,문경시,128.1115,36.7306,문경온천족욕장,문경온천족욕장,경북 문경시,관광지,레저스포츠,관광지,레저스포츠,0.009807052135847531,202408
47280,경상북도 문경시,202401-202408,84,01C1CB03E6180C77768114DA40F0E885,19153241552e30f7f1430d589fcc1025,47,경상북도,47280,문경시,128.075,36.76,문경그랜드리조트,문경그랜드리조트,경북 문경시 새재로 913-14,숙박,숙박,숙박,숙박,0.009618658375860116,202408
47280,경상북도 문경시,202401-202408,85,BF5FE533F8EE92D14B8232F8220D34D6,3341f6f048384ec73a7ba2e77d2db48b,47,경상북도,47280,문경시,128.3118,36.7078,경천저수지,경천저수지,경북 문경시,관광지,자연관광,관광지,자연관광,0.009607020147614522,202408
47280,경상북도 문경시,202401-202408,86,C3A8EC5C8FE03541AD7EC9784B85C954,502551e5aeca092f610757ea2412a570,47,경상북도,47280,문경시,128.0611,36.6486,가은역꼬마열차,가은역꼬마열차,경북 문경시 대야로 2445-0,관광지,기타관광,관광지,기타관광,0.009428267561367743,202407
47280,경상북도 문경시,202401-202408,87,89D3145E52763DE9FB369D456C7608F1,4de2e5f390b352b1bc3a9687dcb62663,47,경상북도,47280,문경시,128.2221,36.7378,운달계곡,운달계곡,경북 문경시,관광지,자연관광,관광지,자연관광,0.009293792164226315,202408
47280,경상북도 문경시,202401-202408,88,4FA783DE6614B1A4A6C3D21F29411391,29a5645641447b11f41717aa181ff052,47,경상북도,47280,문경시,127.9635,36.548,다락골초록원,다락골초록원,경북 문경시 서재로 703-0,숙박,숙박,숙박,숙박,0.009280618183594398,202408
47280,경상북도 문경시,202401-202408,89,FD1D6EE1D0BAACBFB491ACD24C0FFC03,3eb2196fad0446168c08a93fe809c22f,47,경상북도,47280,문경시,128.265,36.7506,윤필암,윤필암,경북 문경시,관광지,역사관광,관광지,역사관광,0.009204715741783899,202407
47280,경상북도 문경시,202401-202408,90,D2658BC4D3C86D2E40A55DF01A10E59D,55d60d3a7de704b89e285d68548cf1a2,47,경상북도,47280,문경시,128.0745,36.6837,산과산사이펜션,산과산사이펜션,경북 문경시 상내1길 138-36,숙박,숙박,숙박,숙박,0.008928303913099126,202408
47280,경상북도 문경시,202401-202408,91,B90F1D250C427EE8B44E232EC129978C,2fb46145dd1fbaf4ec64d6c410e915fd,47,경상북도,47280,문경시,128.2019,36.5958,문경호텔,문경호텔,경북 문경시 중앙7길 18-0,숙박,숙박,숙박,숙박,0.00848954874843836,202408
47280,경상북도 문경시,202401-202408,92,BF6F60C911216B8DD6FCC192DE1178F8,dd62bf7e9cc8a3e28a414e557e64bbde,47,경상북도,47280,문경시,128.1148,36.759,월복사,월복사,경북 문경시 요성지곡길 286-0,관광지,역사관광,관광지,역사관광,0.008416415846642978,202408
47280,경상북도 문경시,202401-202408,93,85D9375E49DB6E7834867025C4F19682,2af973023482b25655b7551524e6147e,47,경상북도,47280,문경시,128.187,36.5849,가인모텔,가인모텔,경북 문경시 당교3길 44-0,숙박,숙박,숙박,숙박,0.008290769162607022,202408
47280,경상북도 문경시,202401-202408,94,0857329635153BCEF2CCD278EA7949B6,5894e9306755d7af94be4c7ed07370c1,47,경상북도,47280,문경시,128.1108,36.815,하늘재,하늘재,경북 문경시,관광지,기타관광,관광지,기타관광,0.008227498534662328,202408
47280,경상북도 문경시,202401-202408,95,740B961026CE6A6EEA598A61BA7C42D7,eab7c4b8f9e0e0aa1900d7131020e064,47,경상북도,47280,문경시,128.1903,36.5873,메가박스/문경,메가박스/문경,경북 문경시 모전로 65-0,관광지,문화관광,관광지,문화관광,0.007728346996314878,202408
47280,경상북도 문경시,202401-202408,96,30D7D0B33C2636433543774DDE1BFB9A,bf464941b95ab1a23deffaa7987fbccb,47,경상북도,47280,문경시,128.2022,36.5945,올레모텔,올레모텔,경북 문경시 중앙4길 36-0,숙박,숙박,숙박,숙박,0.0075919096860757465,202408
47280,경상북도 문경시,202401-202408,97,7E4EC778B9803D0882DC581EE2B70C1F,8fac3d30334ce97171e88086720044c4,47,경상북도,47280,문경시,128.1109,36.7304,온천호텔문경,온천호텔문경,경북 문경시 온천2길 5-0,숙박,숙박,숙박,숙박,0.0075099219888962515,202408
47280,경상북도 문경시,202401-202408,98,E8528F570B98DFC882B79417FF86E1D7,f274f178a04dcc7b0d3713db1616deae,47,경상북도,47280,문경시,128.0618,36.6522,문경모노레일,문경모노레일,경북 문경시 왕능길 108-4,관광지,레저스포츠,관광지,레저스포츠,0.007482107173106278,202408
47280,경상북도 문경시,202401-202408,99,6E784703757929C3C83EE632E93441B5,85607ef7e6d8789fe81d813cfb3c35c3,47,경상북도,47280,문경시,128.0758,36.7548,새재스머프마을,새재스머프마을,경북 문경시 새재1길 47-0,숙박,숙박,숙박,숙박,0.007387922349827261,202408
47280,경상북도 문경시,202401-202408,100,8E8037B9432F9CB9A09F037E09751B8C,815ebc3ca209af3f75f24412017eb51b,47,경상북도,47280,문경시,128.0764,36.763,옛길박물관,옛길박물관,경북 문경시 새재로 944-0,관광지,문화관광,관광지,문화관광,0.0072543001607127,202408
52190,전북특별자치도 남원시,202401-202408,1,971A2E4D27465ABFE84B9A9676B3FFE5,3cdbfeacb5ac3a6d016ea19126c7d8c7,52,전북특별자치도,52190,남원시,127.3795,35.4029,광한루원,광한루원,전북 남원시 요천로 1447-0,관광지,기타관광,관광지,기타관광,3.0602817899692685,202408
52190,전북특별자치도 남원시,202401-202408,2,016ECFAFED439CEECB93B3F66D4CF6E4,de81fe2255457dcdc561cb6dde354059,52,전북특별자치도,52190,남원시,127.3896,35.3987,남원시립김병종미술관,남원시립김병종미술관,전북 남원시 함파우길 65-14,관광지,문화관광,관광지,문화관광,1.0830801068738556,202408
52190,전북특별자치도 남원시,202401-202408,3,641FED66577C3AA1C8AA23A86B91BBE5,d0b3d50b4b4506d3b3890fdc7c1d2a41,52,전북특별자치도,52190,남원시,127.4153,35.4082,스위트호텔/남원,스위트호텔/남원,전북 남원시 원천로 217-0,숙박,숙박,숙박,숙박,0.9380696943243596,202408
52190,전북특별자치도 남원시,202401-202408,4,79885137EAEBA57DDBD9219366845280,c3cb28645b096fba9215ddd459969378,52,전북특별자치도,52190,남원시,127.3849,35.402,켄싱턴리조트/지리산남원,켄싱턴리조트/지리산남원,전북 남원시 소리길 66-0,숙박,숙박,숙박,숙박,0.8976918467045676,202408
52190,전북특별자치도 남원시,202401-202408,5,309573E744B0648997A21DAC75017FB5,cb04e6e4f4e69af86794a97f76b6fffa,52,전북특별자치도,52190,남원시,127.3873,35.4024,춘향테마파크,춘향테마파크,전북 남원시 양림길 14-9,관광지,기타관광,관광지,기타관광,0.8366805437295282,202408
52190,전북특별자치도 남원시,202401-202408,6,43D81549006C98EAD1804623A26273F5,78dd77a29d51f881e08e67e86ba97b3f,52,전북특별자치도,52190,남원시,127.5488,35.4341,지리산허브밸리,지리산허브밸리,전북 남원시 바래봉길 214-0,관광지,문화관광,관광지,문화관광,0.4997447194052823,202408
52190,전북특별자치도 남원시,202401-202408,7,A4BB3470F4B72A3DE5E08EFA5B8218CC,55d0d71936ad4d2dd9fb0113918d9b8d,52,전북특별자치도,52190,남원시,127.3417,35.4345,골프존카운티드래곤,골프존카운티드래곤,전북 남원시 대사로 500-0,관광지,레저스포츠,관광지,레저스포츠,0.4413144379027585,202408
52190,전북특별자치도 남원시,202401-202408,8,D532904BB7B275F7A15805C03E82BB61,c84c403f74cb0e5a8ae7a6f8fd7cb7b7,52,전북특별자치도,52190,남원시,127.3296,35.4904,서도역영상촬영장,서도역영상촬영장,전북 남원시 서도길 32-0,관광지,문화관광,관광지,문화관광,0.4171506343961543,202408
52190,전북특별자치도 남원시,202401-202408,9,9C0159CC71AD2036E20588C0BCF8BC8D,07d198b9051b285e21b943dce547a6e4,52,전북특별자치도,52190,남원시,127.3753,35.4048,춘향골공설시장,춘향골공설시장,전북 남원시 의총로 51-0,관광지,쇼핑,관광지,쇼핑,0.4021809069788454,202408
52190,전북특별자치도 남원시,202401-202408,10,E46DD37849EAE8FD3107A3BA27946D45,b90fa32e4f321801580825285820bf75,52,전북특별자치도,52190,남원시,127.2966,35.4184,남원상록골프장,남원상록골프장,전북 남원시 월계길 11-0,관광지,레저스포츠,관광지,레저스포츠,0.34280301737377616,202408
52190,전북특별자치도 남원시,202401-202408,11,DD0A550E3A32FB49840B037263B9A1E9,781a1d483e3fce92f84ba4c156d1f9b8,52,전북특별자치도,52190,남원시,127.3873,35.3994,남원항공우주천문대,남원항공우주천문대,전북 남원시 양림길 48-63,관광지,문화관광,관광지,문화관광,0.3402791839418755,202408
52190,전북특별자치도 남원시,202401-202408,12,67A8D86B6914EC25E57970A7AA2DD155,0fea58f488a4a9875a1d78acca9bbaa1,52,전북특별자치도,52190,남원시,127.3789,35.4045,남원예촌/by켄싱턴호텔,남원예촌/by켄싱턴호텔,전북 남원시 광한북로 17-0,숙박,숙박,숙박,숙박,0.3354399033197731,202408
52190,전북특별자치도 남원시,202401-202408,13,704820700D8DA545371EE130441FE0B9,3dc2de93b7f0436f96f0b3d016114454,52,전북특별자치도,52190,남원시,127.4765,35.4405,아담원,아담원,전북 남원시 목가길 193-0,관광지,문화관광,관광지,문화관광,0.26487231714483456,202408
52190,전북특별자치도 남원시,202401-202408,14,5FA356D1EA174830C19E24661D1BC541,e90cb2c3eabe001b40dfd8a121b296b2,52,전북특별자치도,52190,남원시,127.5475,35.4331,오헤브데이호텔,오헤브데이호텔,전북 남원시 바래봉길 193-0,숙박,숙박,숙박,숙박,0.22413892894700901,202408
52190,전북특별자치도 남원시,202401-202408,15,00D38C9C374D2430DD10FD92B237084F,766ebc8fccea2070d5736116263214cd,52,전북특별자치도,52190,남원시,127.3797,35.4039,광한루,광한루,전북 남원시 요천로 1447-0,관광지,역사관광,관광지,역사관광,0.18995295889076752,202408
52190,전북특별자치도 남원시,202401-202408,16,E422FDDC1AACB0925D6036596D8C5E57,2f87a3331eeaec4f67e8b388fa371c05,52,전북특별자치도,52190,남원시,127.5864,35.3601,뱀사골계곡,뱀사골계곡,전북 남원시,관광지,자연관광,관광지,자연관광,0.1638298579458615,202408
52190,전북특별자치도 남원시,202401-202408,17,E6486EBD9D51CB9AC21C214E255C8290,3750c95f28f39a6924038ddf5be7831c,52,전북특별자치도,52190,남원시,127.3888,35.4057,호텔춘향,호텔춘향,전북 남원시 소리길 114-0,숙박,숙박,숙박,숙박,0.15957247673722294,202408
52190,전북특별자치도 남원시,202401-202408,18,AD19871BBBF23687C27A89008FAF9BE5,34b35787bcd2b8e51faceebbbe379619,52,전북특별자치도,52190,남원시,127.4047,35.4312,남원종합스포츠타운,남원종합스포츠타운,전북 남원시 충정로 341-0,관광지,문화관광,관광지,문화관광,0.14611308079738206,202408
52190,전북특별자치도 남원시,202401-202408,19,ECDEC746A122D35E2652D44987DB2E19,a44b2b7f9ee372e69c63003819d8ce6c,52,전북특별자치도,52190,남원시,127.3899,35.4065,산리지호텔,산리지호텔,전북 남원시 소리길 124-0,숙박,숙박,숙박,숙박,0.1454530140100726,202408
52190,전북특별자치도 남원시,202401-202408,20,0C123E8A12D7936820640DC7FB79736A,d06805c95a41219beeb18b34e5564bf4,52,전북특별자치도,52190,남원시,127.5075,35.3968,남원백두대간생태교육장전시관,남원백두대간생태교육장전시관,전북 남원시 운봉로 151-0,관광지,기타관광,관광지,기타관광,0.141566457415315,202408
52190,전북특별자치도 남원시,202401-202408,21,1AEB27DDDB7397AF6E2FF1C4496AACE2,4e6d1c94b46a71ebf3f0793e6bcd2c1f,52,전북특별자치도,52190,남원시,127.4386,35.3688,지리산유스캠프,지리산유스캠프,전북 남원시 웅치윗길 133-5,숙박,숙박,숙박,숙박,0.11512839630797253,202408
52190,전북특별자치도 남원시,202401-202408,22,A97C15E59A28558F40BC0F5935A4F6C6,7f369d3710c66be20c038d1a2069d0fb,52,전북특별자치도,52190,남원시,127.3886,35.4055,메이드호텔,메이드호텔,전북 남원시 소리길 110-0,숙박,숙박,숙박,숙박,0.11126357322405485,202408
52190,전북특별자치도 남원시,202401-202408,23,96EBEC37C23E80BB484702C6E147726A,4366933ae6397ce15ff98a898bb48f5d,52,전북특별자치도,52190,남원시,127.6353,35.4166,실상사,실상사,전북 남원시 실상사길 265-0,관광지,역사관광,관광지,역사관광,0.10990111932615301,202408
52190,전북특별자치도 남원시,202401-202408,24,3492C5B80D902585BF1FA8681C52F5A0,992bf0f9924b45dd7a57310a433e97b8,52,전북특별자치도,52190,남원시,127.3199,35.4807,혼불문학관,혼불문학관,전북 남원시 노봉안길 52-0,관광지,문화관광,관광지,문화관광,0.104257642474516,202408
52190,전북특별자치도 남원시,202401-202408,25,BB7775609EAB677A381188230E6DB587,10194484f09ea24ee97e755b5f3df429,52,전북특별자치도,52190,남원시,127.3795,35.4032,남원춘향제,남원춘향제,전북 남원시 요천로 1447-0,관광지,문화관광,관광지,문화관광,0.10137124407887453,202405
52190,전북특별자치도 남원시,202401-202408,26,E28EC8F4AB0FD4354E74491957561C0F,9467270b5707b57a7b881ae2754abe9c,52,전북특별자치도,52190,남원시,127.5786,35.3716,지리산국립공원/뱀사골탐방안내소,지리산국립공원/뱀사골탐방안내소,전북 남원시 와운길 10-0,관광지,기타관광,관광지,기타관광,0.10006118579453929,202408
52190,전북특별자치도 남원시,202401-202408,27,59B7488158608F93C74A7EABF9A75221,19590c1dcb70137cd7fbedfcc2b209dc,52,전북특별자치도,52190,남원시,127.3892,35.406,리버호텔,리버호텔,전북 남원시 소리길 120-0,숙박,숙박,숙박,숙박,0.09690006055363123,202408
52190,전북특별자치도 남원시,202401-202408,28,91ECDB7EFAE3022CEA9A7610E08FEB2E,2c1f404e32b1dfdadc650e82c501fe08,52,전북특별자치도,52190,남원시,127.3942,35.4224,초콜릿모텔,초콜릿모텔,전북 남원시 충정로 220-9,숙박,숙박,숙박,숙박,0.08584874696451869,202408
52190,전북특별자치도 남원시,202401-202408,29,4D2BBF8C6D94823F6A33E2445BA80EDC,c9a75f2e1a519f13b9b03e71af9d00bd,52,전북특별자치도,52190,남원시,127.4225,35.4054,캐슬무인호텔,캐슬무인호텔,전북 남원시 원천로 291-21,숙박,숙박,숙박,숙박,0.08188656575421904,202408
52190,전북특별자치도 남원시,202401-202408,30,52FD5DEA6821722EAF574B10E0F2AD24,a1ebd2ccf9a68b8061512e6f47096f60,52,전북특별자치도,52190,남원시,127.3773,35.4208,만인의총,만인의총,전북 남원시 만인로 3-0,관광지,역사관광,관광지,역사관광,0.08167983349713917,202408
52190,전북특별자치도 남원시,202401-202408,31,3FBB333567DDE0296A15EF6AA0450FD3,09acbf81f87659bd4975164fb6663b8d,52,전북특별자치도,52190,남원시,127.4114,35.4256,NH시네마,NH시네마,전북 남원시 요천로 1838-0,관광지,문화관광,관광지,문화관광,0.08031002973291729,202408
52190,전북특별자치도 남원시,202401-202408,32,BC769E7016ECF235115205E3254282E3,d59ed95b91e6cae86799dd5ad8dc2b88,52,전북특별자치도,52190,남원시,127.6018,35.4614,인월전통시장,인월전통시장,전북 남원시 인월로 65-3,관광지,쇼핑,관광지,쇼핑,0.0773137656789644,202408
52190,전북특별자치도 남원시,202401-202408,33,1BC17F28968AD37F34FD9939F1E38BB4,a0f66db68d752fe26e94d35129352c47,52,전북특별자치도,52190,남원시,127.4438,35.4253,어린이교통공원,어린이교통공원,전북 남원시 이백로 333-0,관광지,문화관광,관광지,문화관광,0.07474914149431507,202408
52190,전북특별자치도 남원시,202401-202408,34,2ABCB93999C5B18129DDF152A3F4BA6B,2e36742b377be90ffbf553692153d9a1,52,전북특별자치도,52190,남원시,127.3897,35.4023,남원관광단지,남원관광단지,전북 남원시 양림길 43-0,관광지,문화관광,관광지,문화관광,0.06573582170272708,202408
52190,전북특별자치도 남원시,202401-202408,35,F3BAD7AD59E58B04B9B6A0EF4875513E,52f39ac330f4745dfb7065aaec07d1f9,52,전북특별자치도,52190,남원시,127.3926,35.403,남원랜드,남원랜드,전북 남원시 양림길 58-13,관광지,문화관광,관광지,문화관광,0.06114006189818189,202408
52190,전북특별자치도 남원시,202401-202408,36,C3574D7D4A6E47F0E7EDED7712656939,d586fbd2ab94ed4a4ff7ccbc32b2bcd3,52,전북특별자치도,52190,남원시,127.5206,35.4245,서어나무숲,서어나무숲,전북 남원시,관광지,기타관광,관광지,기타관광,0.059447696644078424,202408
52190,전북특별자치도 남원시,202401-202408,37,896BCA9B729EDCD8261E9AA6EA0DCA85,efbfa323315819ff1152e1006bbf0ce0,52,전북특별자치도,52190,남원시,127.39,35.4022,춘향문화예술회관,춘향문화예술회관,전북 남원시 양림길 43-0,관광지,문화관광,관광지,문화관광,0.05832475651283668,202408
52190,전북특별자치도 남원시,202401-202408,38,4651614C8A511ECB7CA77A09B037DAF7,58cf8ea4341f68f966d073c1cc20d7b0,52,전북특별자치도,52190,남원시,127.3787,35.4066,샵모텔,샵모텔,전북 남원시 남문로 431-6,숙박,숙박,숙박,숙박,0.05598136689201393,202408
52190,전북특별자치도 남원시,202401-202408,39,2944FFE86A9F9C3209E91912235A6818,5bc77df54760dccc193ad73eccf13273,52,전북특별자치도,52190,남원시,127.3769,35.4037,남원다움관,남원다움관,전북 남원시 검멀1길 14-0,관광지,문화관광,관광지,문화관광,0.05014854301966587,202408
52190,전북특별자치도 남원시,202401-202408,40,E277839FD5E1E65077ACEDA68F8B6B93,a4040b57116b9f1d44d25d97cf202d7a,52,전북특별자치도,52190,남원시,127.3769,35.4076,용남시장,용남시장,전북 남원시 동헌길 10-0,관광지,쇼핑,관광지,쇼핑,0.046887198597442996,202408
52190,전북특별자치도 남원시,202401-202408,41,C4F1E5067D5DA4D32E80C522F92A0DEB,56d99f7788412be6982d5235a459f7bf,52,전북특별자치도,52190,남원시,127.6207,35.423,일성콘도/지리산,일성콘도/지리산,전북 남원시 천왕봉로 626-25,숙박,숙박,숙박,숙박,0.04648274473142751,202408
52190,전북특별자치도 남원시,202401-202408,42,3CC977EF2C04524591CAC24B1245C338,2fcefff8d42f6078acd38b7c89b3d6b3,52,전북특별자치도,52190,남원시,127.5489,35.4341,남원바래봉철쭉제,남원바래봉철쭉제,전북 남원시 바래봉길 214-0,관광지,문화관광,관광지,문화관광,0.04392674094723345,202405
52190,전북특별자치도 남원시,202401-202408,43,5AED1DAD4B03DED7123B52C4C1A8644C,b3c6e1fa8d659b1806cdd62684941e96,52,전북특별자치도,52190,남원시,127.5554,35.3513,달궁계곡,달궁계곡,전북 남원시,관광지,자연관광,관광지,자연관광,0.038899800753076814,202408
52190,전북특별자치도 남원시,202401-202408,44,B2C532883F746AA395D0D3E68A9D1B66,8dd5b2dcca0b30214b4b8d7fe616686d,52,전북특별자치도,52190,남원시,127.3914,35.4021,국립민속국악원,국립민속국악원,전북 남원시 양림길 54-0,관광지,문화관광,관광지,문화관광,0.03816932640504322,202408
52190,전북특별자치도 남원시,202401-202408,45,4BC3BC5A62B77408F5899E3BFD492BC2,6c19e0a6da12dc02239312f151072ddd,52,전북특별자치도,52190,남원시,127.4847,35.3941,구룡폭포,구룡폭포,전북 남원시,관광지,자연관광,관광지,자연관광,0.03699186111505129,202408
52190,전북특별자치도 남원시,202401-202408,46,3525376D37119AAF2F55A181C4C619F4,2d02586b647a64fd36862e6e319e8ca4,52,전북특별자치도,52190,남원시,127.3939,35.4223,헤라모텔,헤라모텔,전북 남원시 충정로 220-8,숙박,숙박,숙박,숙박,0.035833410434278956,202408
52190,전북특별자치도 남원시,202401-202408,47,D3DE3F61067AC89B9E17EFAECFADCE94,a16e81fd59039df5c9eec57b37527884,52,전북특별자치도,52190,남원시,127.522,35.3638,지리산정령치휴게소,지리산정령치휴게소,전북 남원시 정령치로 1523-0,관광지,문화관광,관광지,문화관광,0.03429425396780457,202408
52190,전북특별자치도 남원시,202401-202408,48,AD4739260692F8CE8273FE817C8FFEE3,155e34a35f6ab010411b38ead3b05b15,52,전북특별자치도,52190,남원시,127.3852,35.4141,모텔다빈치,모텔다빈치,전북 남원시 충정로 88-0,숙박,숙박,숙박,숙박,0.03411562584760672,202408
52190,전북특별자치도 남원시,202401-202408,49,EC0F4DA2C6C94089954E2E53F429B0CC,6448d9a1718152e52d46d6a0ae7de2f1,52,전북특별자치도,52190,남원시,127.429,35.4022,킹무인호텔,킹무인호텔,전북 남원시 원천로 345-60,숙박,숙박,숙박,숙박,0.032704245154711126,202408
52190,전북특별자치도 남원시,202401-202408,50,9479E9BEE36292354F789537F70D91F0,d23bbc09545512b0557bd0b75ad32a66,52,전북특별자치도,52190,남원시,127.385,35.3994,함파우소리체험관,함파우소리체험관,전북 남원시 술미안길 14-21,관광지,문화관광,관광지,문화관광,0.03253701886201812,202408
52190,전북특별자치도 남원시,202401-202408,51,F3309C87BEA0D504BE14FB9F37AD7484,5e20deb4a7d0b5343a417d4fa71bdef1,52,전북특별자치도,52190,남원시,127.3945,35.4225,보보스모텔,보보스모텔,전북 남원시 충정로 230-10,숙박,숙박,숙박,숙박,0.0324895530155977,202408
52190,전북특별자치도 남원시,202401-202408,52,FFCA5A84B6D41DB897F4D34E9EB8B3A9,31206692b072810760b9ed6869028329,52,전북특별자치도,52190,남원시,127.3947,35.4239,람세스모텔,람세스모텔,전북 남원시 충정로 233-0,숙박,숙박,숙박,숙박,0.03184255714212013,202408
52190,전북특별자치도 남원시,202401-202408,53,5E540244F755ABD87CDF2586D9B1C473,e577755bc09b0b8d2b3eecfdf80fcbd1,52,전북특별자치도,52190,남원시,127.4174,35.4609,남원자연휴양림,남원자연휴양림,전북 남원시 보산로 228-0,관광지,자연관광,관광지,자연관광,0.03158329616515783,202408
52190,전북특별자치도 남원시,202401-202408,54,3CB803FC78CF6CC2CFCF1A736A06F534,57fa34338a69ac836fc659c0cd82ff7a,52,전북특별자치도,52190,남원시,127.3441,35.3833,요천생태습지공원,요천생태습지공원,전북 남원시,관광지,문화관광,관광지,문화관광,0.030760035708289772,202407
52190,전북특별자치도 남원시,202401-202408,55,F8642A8086131BFE64DCFF10E42191F6,5c59b8ad5b4d4a7649b9009ac81111e4,52,전북특별자치도,52190,남원시,127.4614,35.3889,육모정,육모정,전북 남원시,관광지,역사관광,관광지,역사관광,0.029671147349272058,202408
52190,전북특별자치도 남원시,202401-202408,56,99C784FD1F567591B93B7717098B8368,c33eecfbdeb7a14e16ba103b88681de1,52,전북특별자치도,52190,남원시,127.3891,35.4086,위너스모텔,위너스모텔,전북 남원시 요천로 1559-3,숙박,숙박,숙박,숙박,0.029221309605049817,202408
52190,전북특별자치도 남원시,202401-202408,57,9C8F5ABE40D4762CC7227696D25EDEAC,a90fd43288cf9c4850a29cb8313c4f88,52,전북특별자치도,52190,남원시,127.3602,35.429,교룡산성,교룡산성,전북 남원시,관광지,역사관광,관광지,역사관광,0.02668746238562117,202408
52190,전북특별자치도 남원시,202401-202408,58,72C5C6C666AB002C49C259C7B97E7136,a28cabd51a5f6787fd65c0dca2078867,52,전북특별자치도,52190,남원시,127.4816,35.3928,구룡계곡,구룡계곡,전북 남원시,관광지,자연관광,관광지,자연관광,0.024775167842445215,202408
52190,전북특별자치도 남원시,202401-202408,59,4650FA661EE4AC63280B0E49A8821BC2,bfd5254555dbb849ae96498dbdf09c31,52,전북특별자치도,52190,남원시,127.5756,35.422,바래봉,바래봉,전북 남원시,관광지,자연관광,관광지,자연관광,0.02459279889554413,202405
52190,전북특별자치도 남원시,202401-202408,60,AF8A112B6D9546F6D91AF5E4F572B59A,300be7d6251932f4a45f61d5f5892864,52,전북특별자치도,52190,남원시,127.3868,35.4038,남원에어레일,남원에어레일,전북 남원시 소리길 86-0,관광지,레저스포츠,관광지,레저스포츠,0.02429176073167558,202403
52190,전북특별자치도 남원시,202401-202408,61,59B15990326CD8B976E7B7E6D731D1C0,3c6a37c18ed27dbf74739b3d5029f704,52,전북특별자치도,52190,남원시,127.3895,35.4056,퀸즈,퀸즈,전북 남원시 소리길 122-8,숙박,숙박,숙박,숙박,0.024134392964881377,202408
52190,전북특별자치도 남원시,202401-202408,62,F63DE0895A92C61A9DBC4F676C56620B,10957bcb3dc8449ddc24abf6d8f84cc5,52,전북특별자치도,52190,남원시,127.3948,35.424,홍콩모텔,홍콩모텔,전북 남원시 충정로 235-0,숙박,숙박,숙박,숙박,0.02198104457842489,202408
52190,전북특별자치도 남원시,202401-202408,63,31A896E5638F0D13923033BB0FBE0172,f6db12d18488a7059e88ac8a98f0537c,52,전북특별자치도,52190,남원시,127.4612,35.3887,육모정계곡,육모정계곡,전북 남원시,관광지,자연관광,관광지,자연관광,0.020107288083340814,202408
52190,전북특별자치도 남원시,202401-202408,64,793B9CA6C2D16F7CCF4B158E0E4EF7D9,2e35ec060a90fe007300453f085e3991,52,전북특별자치도,52190,남원시,127.4441,35.4244,남원문화체육센터축구장,남원문화체육센터축구장,전북 남원시 이백로 333-0,관광지,문화관광,관광지,문화관광,0.02003026162669394,202406
52190,전북특별자치도 남원시,202401-202408,65,2F67F3EBF239A26897725CD828581F22,ef20043b92a2f3dce752de67513e4247,52,전북특별자치도,52190,남원시,127.4494,35.3902,남원호텔,남원호텔,전북 남원시 정령치로 122-11,숙박,숙박,숙박,숙박,0.019849756639096706,202408
52190,전북특별자치도 남원시,202401-202408,66,E2C1C2FDB1E734B038EEDEEF77E85BFA,8bd0924d87729fac183d6cd11fc2e52a,52,전북특별자치도,52190,남원시,127.3871,35.415,발리모텔,발리모텔,전북 남원시 옥정4길 5-0,숙박,숙박,숙박,숙박,0.019115555087181088,202408
52190,전북특별자치도 남원시,202401-202408,67,B0E8B960FA855B1CA449566F772C5707,9fe3032915355408ad7660dff885fa28,52,전북특별자치도,52190,남원시,127.5076,35.4001,백두대간에코롯지,백두대간에코롯지,전북 남원시 운봉로 151-0,숙박,숙박,숙박,숙박,0.01832950408311314,202408
52190,전북특별자치도 남원시,202401-202408,68,D3811C8227A17CEF0B901634C582F8E7,67468a7ae3cddfd4efe889395736f30c,52,전북특별자치도,52190,남원시,127.3802,35.4022,광한루매표소,광한루매표소,전북 남원시 요천로 1447-0,관광지,기타관광,관광지,기타관광,0.01755001954645046,202408
52190,전북특별자치도 남원시,202401-202408,69,8BEE669D1EF3AD365D3B76C43DE6BCA3,88e512f890d1d07b659deb1751a3b136,52,전북특별자치도,52190,남원시,127.3899,35.409,오페라모텔,오페라모텔,전북 남원시 요천로 1563-0,숙박,숙박,숙박,숙박,0.01696199602743057,202408
52190,전북특별자치도 남원시,202401-202408,70,3467EC0880C6E259686F510B55C85B75,e40c785d6e4cb8ba5417463b57ad8fb1,52,전북특별자치도,52190,남원시,127.5892,35.4503,흥부골자연휴양림,흥부골자연휴양림,전북 남원시 구인월길 125-0,관광지,자연관광,관광지,자연관광,0.01606219487010333,202408
52190,전북특별자치도 남원시,202401-202408,71,7BB997B32859BE92FCE3791AB01560DB,81b765013f069b41d8bd90fb0f1d94a0,52,전북특별자치도,52190,남원시,127.5381,35.396,전북특별자치도학생수련원,전북특별자치도학생수련원,전북 남원시 행정공안길 302-0,관광지,레저스포츠,관광지,레저스포츠,0.014989378028185662,202408
52190,전북특별자치도 남원시,202401-202408,72,295BF7AC25279AF35F3E319DB4838CA2,4c8d5c7244f4cc55bf213b0c9fba6630,52,전북특별자치도,52190,남원시,127.3819,35.4007,남원요천벚꽃길,남원요천벚꽃길,전북 남원시 소리길 0-0,관광지,기타관광,관광지,기타관광,0.014180581733006908,202403
52190,전북특별자치도 남원시,202401-202408,73,09A3B1E8C406B56D16295152BCE863FE,6924992ebeb9529564d2add43ed7cee7,52,전북특별자치도,52190,남원시,127.4871,35.489,고소바위공원 캠핑장,고소바위공원 캠핑장,전북 남원시,숙박,숙박,숙박,숙박,0.014034683944010194,202408
52190,전북특별자치도 남원시,202401-202408,74,32AF9A8243B36F2F213B576212508938,65cde29734431107d8c1ad70670c6708,52,전북특별자치도,52190,남원시,127.5078,35.3978,백두대간에코큐브,백두대간에코큐브,전북 남원시 운봉로 151-0,관광지,문화관광,관광지,문화관광,0.0137685089348748,202408
52190,전북특별자치도 남원시,202401-202408,75,FACD06D6453ED3E43E5C93D035E0DB60,c41cb4fb386229b5a9c662fc16d84de1,52,전북특별자치도,52190,남원시,127.4268,35.4033,한증원스테이펜션,한증원스테이펜션,전북 남원시 원천로 345-25,숙박,숙박,숙박,숙박,0.013104180265895648,202408
52190,전북특별자치도 남원시,202401-202408,76,CEB8A75DB3C3500C8D729E7383F39234,a8afb0cc685905d678f9cb96c11d6e2b,52,전북특별자치도,52190,남원시,127.5417,35.3963,남원백두대간트리하우스,남원백두대간트리하우스,전북 남원시 행정공안길 299-0,숙박,숙박,숙박,숙박,0.012846404483194008,202408
52190,전북특별자치도 남원시,202401-202408,77,D637CFB0CB64F827AF8390951872E308,c629be38064c1de142669da6d0427abc,52,전북특별자치도,52190,남원시,127.3809,35.4034,예루원,예루원,전북 남원시 월매길 12-0,관광지,문화관광,관광지,문화관광,0.012442502160766492,202408
52190,전북특별자치도 남원시,202401-202408,78,5FEB9A12A7A93FC1D86325E5DC70681F,5e55dfc98c563764adc8e355db425f4f,52,전북특별자치도,52190,남원시,127.395,35.4242,하얏트모텔,하얏트모텔,전북 남원시 충정로 237-0,숙박,숙박,숙박,숙박,0.011948287820088527,202408
52190,전북특별자치도 남원시,202401-202408,79,234B7B7C52E697C02E9860F753ABE900,4efb1146edcb3b706a87bb81e7c77813,52,전북특별자치도,52190,남원시,127.5677,35.3651,덕동자동차야영장,덕동자동차야영장,전북 남원시 지리산로 593-0,숙박,숙박,숙박,숙박,0.010033930905309903,202408
52190,전북특별자치도 남원시,202401-202408,80,B1531DCE4E596555E887D93513FD3B6B,2e7712b8fb5838d20e17c385f66e21c8,52,전북특별자치도,52190,남원시,127.5285,35.441,서림공원,서림공원,전북 남원시,관광지,문화관광,관광지,문화관광,0.010030404205673232,202408
52190,전북특별자치도 남원시,202401-202408,81,55649DB57C1911A31E83681D147275C6,ce7d782eb4650c77b6101a70321d94de,52,전북특별자치도,52190,남원시,127.5724,35.3701,학천야영장,학천야영장,전북 남원시 지리산로 712-0,숙박,숙박,숙박,숙박,0.009907367820980503,202408
52190,전북특별자치도 남원시,202401-202408,82,C21673654F7433D132AB58C7F173C434,3f88b64e75a42a30a07f7745046f9e05,52,전북특별자치도,52190,남원시,127.3848,35.402,이랜드파크 켄싱턴리조트지리산남원,이랜드파크 켄싱턴리조트지리산남원,전북 남원시 소리길 66-0,숙박,숙박,숙박,숙박,0.009631742150140819,202408
52190,전북특별자치도 남원시,202401-202408,83,F904F0E2026EF4DD81B7C554C9B93CE9,416865461e704c808db8e4d83a251f0c,52,전북특별자치도,52190,남원시,127.388,35.4158,허브모텔,허브모텔,전북 남원시 옥정5길 10-0,숙박,숙박,숙박,숙박,0.009620967494300388,202408
52190,전북특별자치도 남원시,202401-202408,84,A280322FFCDDBB122C0734F98FF1B71F,57244205c2bf8c9b72a09ca10a5fe51d,52,전북특별자치도,52190,남원시,127.6184,35.408,토비스야영장,토비스야영장,전북 남원시 지리산로 1470-26,숙박,숙박,숙박,숙박,0.008935830834993734,202408
52190,전북특별자치도 남원시,202401-202408,85,97776A4A9C16D5DAAA2B3B634234C5F2,591922001a208dddbf47a29cfa5eaaaf,52,전북특별자치도,52190,남원시,127.3827,35.4054,삼익모텔,삼익모텔,전북 남원시 향단로 24-1,숙박,숙박,숙박,숙박,0.008930459401630316,202407
52190,전북특별자치도 남원시,202401-202408,86,96588DF23CCECFA69B6E7BAEF08AA5A1,44af9cc70a9b7fa4a80ff4bbe8bdf2d0,52,전북특별자치도,52190,남원시,127.387,35.4017,남원향토박물관,남원향토박물관,전북 남원시 양림길 14-9,관광지,문화관광,관광지,문화관광,0.008582073470734568,202408
52190,전북특별자치도 남원시,202401-202408,87,85E522F0FF6F916D7B77612B5912F6FB,6db96188d07e0bf31d04f9bc265bff65,52,전북특별자치도,52190,남원시,127.6589,35.4285,지리산뱀사골계곡길,지리산뱀사골계곡길,전북 남원시 황치길 180-112,관광지,문화관광,관광지,문화관광,0.008534429772731663,202408
52190,전북특별자치도 남원시,202401-202408,88,2CA41087F52FC03B65E021C8DB34F2B5,0ab7599f525a7d55c82c7a799bc8f8e3,52,전북특별자치도,52190,남원시,127.3878,35.4157,수모텔,수모텔,전북 남원시 옥정5길 12-8,숙박,숙박,숙박,숙박,0.00832710485301499,202408
52190,전북특별자치도 남원시,202401-202408,89,9FEFD6721C30DB68C4EE986BEB16E312,bb081a6efd3824ede47e6cd2580137ee,52,전북특별자치도,52190,남원시,127.3898,35.4044,원각사전망대,원각사전망대,전북 남원시 양림길 23-52,관광지,문화관광,관광지,문화관광,0.0077485228297974225,202408
52190,전북특별자치도 남원시,202401-202408,90,A536D0F48B546F5723EFAD6393630ADE,a26e70898c3770061a31d921a65eff90,52,전북특별자치도,52190,남원시,127.5559,35.4314,운지암,운지암,전북 남원시 바래봉길 210-86,관광지,역사관광,관광지,역사관광,0.007693535932712103,202408
52190,전북특별자치도 남원시,202401-202408,91,61DF123BBC2133630EC486BB75298550,6134965c22db320a5c81ce10fd5e94c0,52,전북특별자치도,52190,남원시,127.5658,35.5238,봉화산철쭉단지,봉화산철쭉단지,전북 장수군,관광지,문화관광,관광지,문화관광,0.0074220109095782215,202405
52190,전북특별자치도 남원시,202401-202408,92,118F7F24FE90C55B0E0D55D3DB2D898E,2e807c2ffb60d9f6aed9aaaafea82468,52,전북특별자치도,52190,남원시,127.5796,35.3706,뱀사골힐링야영장,뱀사골힐링야영장,전북 남원시 와운길 29-0,숙박,숙박,숙박,숙박,0.007188241280686885,202408
52190,전북특별자치도 남원시,202401-202408,93,28854BBEE00627335E27B44A29F1F33A,68e74e0e54ebcdb5e50feba810a9971e,52,전북특별자치도,52190,남원시,127.6198,35.443,백장암,백장암,전북 남원시 백장길 66-0,관광지,역사관광,관광지,역사관광,0.007029702753491114,202408
52190,전북특별자치도 남원시,202401-202408,94,1DB723EA06CAB5E4E33A97DA278D99E1,349e54bd10f875b85e928d85684a3945,52,전북특별자치도,52190,남원시,127.449,35.3811,지리산산수유축제,지리산산수유축제,전북 남원시 외용궁길 38-0,관광지,문화관광,관광지,문화관광,0.006776858123890738,202403
52190,전북특별자치도 남원시,202401-202408,95,82ADFA68A0EE286F8529EFAB35EB4ED6,3769a70f7670ddf3723b95f47b3b10e6,52,전북특별자치도,52190,남원시,127.4497,35.3917,유랑펜션타운,유랑펜션타운,전북 남원시 정령치로 129-0,숙박,숙박,숙박,숙박,0.00676577930775743,202408
52190,전북특별자치도 남원시,202401-202408,96,A736BE9EE399E2FC1FCB8F85A331C87C,ef78834d1d0a90d9b19f867cd6932b8d,52,전북특별자치도,52190,남원시,127.3801,35.4077,지리산소극장,지리산소극장,전북 남원시 광한북로 54-0,관광지,문화관광,관광지,문화관광,0.006604185988556966,202408
52190,전북특별자치도 남원시,202401-202408,97,73F081080CAD373E677D095426F2C3E5,d26c07b023adb11fe4cd6c9dc975d68e,52,전북특별자치도,52190,남원시,127.5723,35.458,황산정,황산정,전북 남원시 군화동길 74-0,관광지,레저스포츠,관광지,레저스포츠,0.0065226090025533165,202408
52190,전북특별자치도 남원시,202401-202408,98,49C368E0FF92E61C78538242FA06CF44,60dd1d81d3bdd9c60fa8d2ddcf8a29ba,52,전북특별자치도,52190,남원시,127.6021,35.3987,지리산밸리펜션,지리산밸리펜션,전북 남원시 지리산로 1268-0,숙박,숙박,숙박,숙박,0.006381600766282799,202408
52190,전북특별자치도 남원시,202401-202408,99,700DEFFAEF85D951175194DF1F3D87F2,788824ef2c1ded11a0f4f9050a502e88,52,전북특별자치도,52190,남원시,127.6078,35.4003,지리산소윤정펜션,지리산소윤정펜션,전북 남원시 지리산로 1322-0,숙박,숙박,숙박,숙박,0.006366205396677425,202408
52190,전북특별자치도 남원시,202401-202408,100,0C61B8BCBB5AEB07A8C64D13B2AB0617,6484b609f685c2a4722f192eabb74125,52,전북특별자치도,52190,남원시,127.5582,35.3548,달궁자동차야영장,달궁자동차야영장,전북 남원시 지리산로 365-0,숙박,숙박,숙박,숙박,0.00618572266227205,202406
43130,충청북도 충주시,202401-202408,1,C5F244D0940FAC36588EBBD24636D527,b9c4f8b51b729562ea5dfae61490d23b,43,충청북도,43130,충주시,128.0065,36.9611,활옥동굴,활옥동굴,충북 충주시 목벌안길 26-0,관광지,자연관광,관광지,자연관광,2.852313223512389,202408
43130,충청북도 충주시,202401-202408,2,0226688B509E443D2DCB84454B665D21,a90d04ec1ed3ab1a17871f07049a9591,43,충청북도,43130,충주시,127.8665,37.0167,중앙탑공원,중앙탑공원,충북 충주시,관광지,문화관광,관광지,문화관광,2.2884479299436133,202408
43130,충청북도 충주시,202401-202408,3,0E21C454A195F07C37514EB33AF5D680,5cc15e51c83fabedd4c6d83111f63cf0,43,충청북도,43130,충주시,127.8997,36.9879,탄금대공원,탄금대공원,충북 충주시,관광지,문화관광,관광지,문화관광,1.538614695671281,202408
43130,충청북도 충주시,202401-202408,4,3CB581570E38ED4A2C457B623C187C97,f34b531880c2cb3ecb6dc07768762c09,43,충청북도,43130,충주시,127.9275,36.9743,무학시장,무학시장,충북 충주시 무학1길 15-0,관광지,쇼핑,관광지,쇼핑,1.5144726153883767,202408
43130,충청북도 충주시,202401-202408,5,32584910A69693A7CDF97359EF3184D3,697e713ea83d2dab473454ab1b5e38b9,43,충청북도,43130,충주시,127.9239,36.898,수주팔봉,수주팔봉,충북 충주시,관광지,자연관광,관광지,자연관광,1.3261088065771278,202408
43130,충청북도 충주시,202401-202408,6,6B01B819A813B1AF5FB1D0919E4FC24F,990595e576b98e9added90abab46aaea,43,충청북도,43130,충주시,127.7465,37.057,동촌GC,동촌GC,충북 충주시 감노로 1327-0,관광지,레저스포츠,관광지,레저스포츠,0.8665641947278244,202408
43130,충청북도 충주시,202401-202408,7,05B06781B722B1142A892951040FBECF,d5b41f68505b6c13b658400f2599679f,43,충청북도,43130,충주시,127.8541,36.9528,대영힐스CC,대영힐스CC,충북 충주시 성종두담길 114-0,관광지,레저스포츠,관광지,레저스포츠,0.8202949708449419,202408
43130,충청북도 충주시,202401-202408,8,DC589B43BC24FC9C9BC0351FE3651426,3976a84faadcdde8c7107291efee69be,43,충청북도,43130,충주시,127.9966,37.0042,충주댐맑음전망대,충주댐맑음전망대,충북 충주시,관광지,문화관광,관광지,문화관광,0.7996731682937984,202408
43130,충청북도 충주시,202401-202408,9,BDB8B80118A56730AE5493AC46E1F39F,585534678287d7cc9ba78f78e768adb2,43,충청북도,43130,충주시,127.8677,37.0286,임페리얼레이크CC,임페리얼레이크CC,충북 충주시 다래울길 52-0,관광지,레저스포츠,관광지,레저스포츠,0.7831616714034864,202408
43130,충청북도 충주시,202401-202408,10,99604E680D42057E05DFA39BAEC5AA5A,296d6eb991d3b81b8512257e6bc510b7,43,충청북도,43130,충주시,127.8153,37.0185,킹스데일골프클럽,킹스데일골프클럽,충북 충주시 기업도시3로 2-0,관광지,레저스포츠,관광지,레저스포츠,0.7521085878883751,202408
43130,충청북도 충주시,202401-202408,11,13C1B1BFB82B7A10DFD0B3A49C8363DF,c7f9389f75d75e75178e24c51c634319,43,충청북도,43130,충주시,127.989,36.8478,수안보상록호텔,수안보상록호텔,충북 충주시 주정산로 22-0,숙박,숙박,숙박,숙박,0.73151054798832,202408
43130,충청북도 충주시,202401-202408,12,3A2DD02B59E5D0D94236A694715010ED,e36eeaf5f29f1055e4595a0221195b95,43,충청북도,43130,충주시,127.7844,37.0283,센테리움CC,센테리움CC,충북 충주시 솔고개로 750-0,관광지,레저스포츠,관광지,레저스포츠,0.7099041146344636,202408
43130,충청북도 충주시,202401-202408,13,CB06CA98BA4C0EC2BBE617A4958018EE,e4a0fa863c9db9a6c7e788b2a62a0e80,43,충청북도,43130,충주시,127.8345,36.9458,대영베이스CC,대영베이스CC,충북 충주시 성종두담길 113-0,관광지,레저스포츠,관광지,레저스포츠,0.6768687123599921,202408
43130,충청북도 충주시,202401-202408,14,BB011F03F0A5C4610A713E955DED3F76,d2712890e7737f0aeff0e8f65b30bef2,43,충청북도,43130,충주시,127.7871,37.1085,올데이CC,올데이CC,충북 충주시 비내길 189-0,관광지,레저스포츠,관광지,레저스포츠,0.6248520221600379,202408
43130,충청북도 충주시,202401-202408,15,FA594F3E2CFEC1F2C2B46E1E2A64AD1C,889b2b047c2dbf68778b1904db196833,43,충청북도,43130,충주시,127.9324,36.9733,충주자유시장,충주자유시장,충북 충주시 자유시장길 30-0,관광지,쇼핑,관광지,쇼핑,0.6222130034222462,202408
43130,충청북도 충주시,202401-202408,16,747467F421BEF625B0C21768BE6E15F3,04004b082cc596c7fde7eeef35cc2c39,43,충청북도,43130,충주시,127.9892,36.8467,수안보온천랜드,수안보온천랜드,충북 충주시 주정산로 32-0,관광지,체험관광,관광지,체험관광,0.6018456320600499,202408
43130,충청북도 충주시,202401-202408,17,C6644C1FABE47C0D61F76138CEB895A0,b4378bafc6cdd101624439a121e2becd,43,충청북도,43130,충주시,127.9278,36.981,CGV/충주교현,CGV/충주교현,충북 충주시 국원대로 107-0,관광지,문화관광,관광지,문화관광,0.5826159412073373,202408
43130,충청북도 충주시,202401-202408,18,F345C30089156FAAD38E0B01D1D7E7C8,75db3504c9bfa7a1fe49cc715240d543,43,충청북도,43130,충주시,127.7962,37.1017,켄싱턴리조트/충주,켄싱턴리조트/충주,충북 충주시 산전장수1길 103-0,숙박,숙박,숙박,숙박,0.5670746642468554,202408
43130,충청북도 충주시,202401-202408,19,6080D6744939A036C7753B9C134CA6DB,24335c097d09f2e4879d3fb93e51ded1,43,충청북도,43130,충주시,127.8979,36.9883,충주탄금대,충주탄금대,충북 충주시 탄금대안길 105-0,관광지,역사관광,관광지,역사관광,0.5441372865011641,202408
43130,충청북도 충주시,202401-202408,20,A1B253951488BDBB65A60FFC34FFF60B,ce3e456fbd92f90bec3e1eb1842befd5,43,충청북도,43130,충주시,127.7356,37.0935,일레븐CC,일레븐CC,충북 충주시 북부로 980-0,관광지,레저스포츠,관광지,레저스포츠,0.537824893343755,202408
43130,충청북도 충주시,202401-202408,21,104ABC03626393291EFB8CC1244FACF2,1432f98cfa45ffdbcfc299386d4297c5,43,충청북도,43130,충주시,127.9239,36.8994,수주팔봉야영지,수주팔봉야영지,충북 충주시,숙박,숙박,숙박,숙박,0.5359183071488006,202408
43130,충청북도 충주시,202401-202408,22,E74C5106D64B30DBAC913076CEE98CA8,c42bf19e57d075ee6364710d8f297493,43,충청북도,43130,충주시,128.005,36.9972,충주호선착장,충주호선착장,충북 충주시,관광지,기타관광,관광지,기타관광,0.5281398178232504,202408
43130,충청북도 충주시,202401-202408,23,3B4ED3DC01FDDD795087CF5AD09E53B6,9c4ffe11011976f9c366520d9b6e0509,43,충청북도,43130,충주시,127.9807,36.8441,수안보파크호텔,수안보파크호텔,충북 충주시 탑골1길 36-0,숙박,숙박,숙박,숙박,0.5274023198598228,202408
43130,충청북도 충주시,202401-202408,24,4F5C40032238448DF6214276629E9DAB,0128f48563227efe7fdb1670c35d2183,43,충청북도,43130,충주시,127.9078,36.9896,충주라바랜드,충주라바랜드,충북 충주시 남한강로 30-0,관광지,문화관광,관광지,문화관광,0.5250695085325974,202408
43130,충청북도 충주시,202401-202408,25,20E475F96FFBCC9F1719E1EDBBAE1887,879886dc95cbfff3e6b4a887d907987e,43,충청북도,43130,충주시,127.6995,37.0846,스타CC,스타CC,충북 충주시 상대촌1길 198-0,관광지,레저스포츠,관광지,레저스포츠,0.5200875982765084,202408
43130,충청북도 충주시,202401-202408,26,D95F4969764DDDF2DD781A7E03557A3D,17db5673bf6478123c9d2f658f6a4c4c,43,충청북도,43130,충주시,127.8981,36.9615,모다아울렛/충주점,모다아울렛/충주점,충북 충주시 중원대로 3683-0,관광지,쇼핑,관광지,쇼핑,0.4880738932149849,202408
43130,충청북도 충주시,202401-202408,27,DEB8DC1E82FB43D6B4414E9BF3B2CA78,611a0c3b3566045cc118174d35471b5c,43,충청북도,43130,충주시,127.6778,36.995,로얄포레CC,로얄포레CC,충북 충주시 화치3길 35-0,관광지,레저스포츠,관광지,레저스포츠,0.48011221271089516,202408
43130,충청북도 충주시,202401-202408,28,4D0400A03F107CFBBC3A98787A7F9AF1,8bb6e0e9544a6a99f24e986e0fdfcf82,43,충청북도,43130,충주시,127.9064,36.9884,충주탄금공원,충주탄금공원,충북 충주시 남한강로 24-0,관광지,문화관광,관광지,문화관광,0.47676889474679085,202408
43130,충청북도 충주시,202401-202408,29,EF8E73FC0D75BE2F5DD9CB79E2122FE1,dcf056fa8748190a1999ed49d5e9b3a1,43,충청북도,43130,충주시,127.994,36.8456,라마다수안보호텔,라마다수안보호텔,충북 충주시 조산공원길 99-0,숙박,숙박,숙박,숙박,0.4751556953781762,202408
43130,충청북도 충주시,202401-202408,30,AD8EABD0ACE0F3D77207FE5E1F1363CF,1d0ac750746e53e1b65dd9dfa15db06e,43,충청북도,43130,충주시,127.9973,37.0044,충주댐물문화관,충주댐물문화관,충북 충주시 지등로 745-0,관광지,문화관광,관광지,문화관광,0.4099787331650739,202408
43130,충청북도 충주시,202401-202408,31,ED7F021DC68884272AC853ED92ACF835,2e7b95ac83ded66873f9f90e647060d4,43,충청북도,43130,충주시,127.8021,37.0936,능암온천랜드,능암온천랜드,충북 충주시 새바지길 37-0,관광지,체험관광,관광지,체험관광,0.4082461759102044,202408
43130,충청북도 충주시,202401-202408,32,8C77E4EBAF0B09B26F37B9A9CA24D2CA,73a578c799cad187c38f7a1455beeff0,43,충청북도,43130,충주시,127.6741,37.0201,세일CC,세일CC,충북 충주시 동락길 207-0,관광지,레저스포츠,관광지,레저스포츠,0.402203405953954,202408
43130,충청북도 충주시,202401-202408,33,F743C9FBD992BA15CABE198100D89AF3,3c28bc2f6d7ffb8d0dc5426d15a22be5,43,충청북도,43130,충주시,127.8484,37.0401,충주고구려천문과학관,충주고구려천문과학관,충북 충주시 묘곡내동길 100-0,관광지,문화관광,관광지,문화관광,0.39871747446672046,202408
43130,충청북도 충주시,202401-202408,34,64CC079F69F9482ABD6E9D7D950F4DB9,5b972d004b0aeda5537e18359d232cf2,43,충청북도,43130,충주시,127.8483,37.0282,충주고구려비전시관,충주고구려비전시관,충북 충주시 감노로 2319-0,관광지,문화관광,관광지,문화관광,0.3853388229436365,202408
43130,충청북도 충주시,202401-202408,35,94DC78CCD66BE7E3257901FDAEB1E1C1,5b6a231b941ba392cf254e00a8ed9a5b,43,충청북도,43130,충주시,127.9966,36.976,종댕이길,종댕이길,충북 충주시,관광지,레저스포츠,관광지,레저스포츠,0.37165836012895104,202408
43130,충청북도 충주시,202401-202408,36,36951295C7A14C3758071CA185818D36,ab3e116c077c5665610e2acc45d27e9f,43,충청북도,43130,충주시,127.9488,36.9856,국립충주기상과학관,국립충주기상과학관,충북 충주시 번영대로 270-10,관광지,문화관광,관광지,문화관광,0.36267123325061357,202408
43130,충청북도 충주시,202401-202408,37,189664BAE00036AED41BD8C7293A7346,546fab9fc1fb5e0004ccc57f5878278e,43,충청북도,43130,충주시,127.7971,37.0938,앙성탄산온천,앙성탄산온천,충북 충주시 가곡로 1457-0,관광지,체험관광,관광지,체험관광,0.3333677960700085,202408
43130,충청북도 충주시,202401-202408,38,C752D49C116730E1249BBCD348CCE768,22f14b35d8fac29ae99d68ed2ccab442,43,충청북도,43130,충주시,127.9884,36.8447,수안보온천족욕체험장,수안보온천족욕체험장,충북 충주시 주정산로 34-0,관광지,레저스포츠,관광지,레저스포츠,0.32978356049482077,202408
43130,충청북도 충주시,202401-202408,39,845DBCA792127B609BC544877E2CA7C8,95b05090b8dae7bfcc8a2f8ce8e84290,43,충청북도,43130,충주시,127.8314,37.0578,보훈휴양원,보훈휴양원,충북 충주시 수룡봉황길 553-17,숙박,숙박,숙박,숙박,0.32367400376104283,202408
43130,충청북도 충주시,202401-202408,40,7384169B86153B9ED835E82B1234AC26,54c491baa104319b4889aa94163bf8ea,43,충청북도,43130,충주시,127.9265,36.9591,호텔더베이스,호텔더베이스,충북 충주시 호암대로 8-0,숙박,숙박,숙박,숙박,0.32297109697960735,202408
43130,충청북도 충주시,202401-202408,41,EC4FB69598C665F03B3DD58EBC530F3F,ed5d5cedb2ae8379cc9fc3c8e9961871,43,충청북도,43130,충주시,127.9973,37.0685,중원GC,중원GC,충북 충주시 인등로 392-0,관광지,레저스포츠,관광지,레저스포츠,0.3174085717484337,202408
43130,충청북도 충주시,202401-202408,42,4C9C09C0EB86F1A1C8B697CC2B69EEB9,0094c9fd9452119a4e95e5f8cb5803ea,43,충청북도,43130,충주시,127.9895,36.8483,수안보관광안내소,수안보관광안내소,충북 충주시 주정산로 12-0,관광지,기타관광,관광지,기타관광,0.3078451502773497,202408
43130,충청북도 충주시,202401-202408,43,9F5E0A72237C2E61A8AFFA4B98F1DAFF,f7a3901207073edd7326eb05b8bd7a37,43,충청북도,43130,충주시,128.005,36.9972,충주호관광선/충주나루,충주호관광선/충주나루,충북 충주시 지등로 882-0,관광지,기타관광,관광지,기타관광,0.3071853461047114,202408
43130,충청북도 충주시,202401-202408,44,12EF1F87E0D8027ACCFEDE1572643555,232e82f8ab689d40b94bb20f8e162167,43,충청북도,43130,충주시,127.9916,36.8454,수호텔,수호텔,충북 충주시 장터2길 12-0,숙박,숙박,숙박,숙박,0.30693025254098877,202408
43130,충청북도 충주시,202401-202408,45,4B84C762C0B5AC7B55C2112C48378172,012ba333e60dd723059d9c6381c1b017,43,충청북도,43130,충주시,128.0951,36.8219,미륵대원지,미륵대원지,충북 충주시,관광지,역사관광,관광지,역사관광,0.29222189782193986,202408
43130,충청북도 충주시,202401-202408,46,1E78C4CC07D4B32CF15D77B19A2B0090,dad6fe366cd049cccdac98a2c63c67c5,43,충청북도,43130,충주시,127.994,36.9793,계명산자연휴양림,계명산자연휴양림,충북 충주시 충주호수로 1170-0,관광지,자연관광,관광지,자연관광,0.2763758888671798,202408
43130,충청북도 충주시,202401-202408,47,72DB0AE7591DDAAEDD303B44C6FB091A,e6900f2255f9ff6b2fa3410d0834f41e,43,충청북도,43130,충주시,127.9694,36.9492,석종사,석종사,충북 충주시 직동길 271-56,관광지,역사관광,관광지,역사관광,0.2742361443273178,202408
43130,충청북도 충주시,202401-202408,48,4FED712153DE470AA866D5CE7979CF14,443ba6988a96b4e9ae6b16bcb17c6cda,43,충청북도,43130,충주시,127.9968,37.0042,충주댐벚꽃길,충주댐벚꽃길,충북 충주시 지등로 0-0,관광지,기타관광,관광지,기타관광,0.22850539402250758,202408
43130,충청북도 충주시,202401-202408,49,9471BEF3AA23357736008D597AC6B6D8,fadcdbaa951e07786d3c33e909eeaf04,43,충청북도,43130,충주시,127.9102,36.9749,브라운도트호텔/충주역점,브라운도트호텔/충주역점,충북 충주시 상방6길 1-0,숙박,숙박,숙박,숙박,0.22762180280954963,202408
43130,충청북도 충주시,202401-202408,50,D850B4095AD9B5DC921558F264D0A4DA,a436c854fc68c2b15b275f09fd5aa646,43,충청북도,43130,충주시,127.9995,36.9794,충주호출렁다리,충주호출렁다리,충북 충주시,관광지,기타관광,관광지,기타관광,0.21445462776054625,202408
43130,충청북도 충주시,202401-202408,51,747D87C387D73A8D366F1AAD57C0DCAD,ee71631e8c3d94d07119719070c6d483,43,충청북도,43130,충주시,127.8801,37.0722,목계솔밭캠핑장,목계솔밭캠핑장,충북 충주시,숙박,숙박,숙박,숙박,0.20330271743913791,202408
43130,충청북도 충주시,202401-202408,52,FDE8935BD3322AF96B2C1B012652A4BB,6459eb28d041f18796afe0cfe25997de,43,충청북도,43130,충주시,128.0142,36.9044,충주커피박물관,충주커피박물관,충북 충주시 월악로 432-0,관광지,문화관광,관광지,문화관광,0.20166149184226662,202408
43130,충청북도 충주시,202401-202408,53,D13528CE7D3C086A1F3AD15796B4DB54,025ae1034f90e245efb84c527188eee1,43,충청북도,43130,충주시,127.9321,36.9899,충주온천사우나,충주온천사우나,충북 충주시 연수서편2길 25-0,관광지,체험관광,관광지,체험관광,0.20008674317390157,202408
43130,충청북도 충주시,202401-202408,54,ACCD16751F4CDC9CDC194BB7906ED1A5,791963e17fdda5bbfbbbe734f2652ffe,43,충청북도,43130,충주시,127.9036,37.079,우림정원,우림정원,충북 충주시 삼실길 42-0,관광지,기타관광,관광지,기타관광,0.1999149365532046,202408
43130,충청북도 충주시,202401-202408,55,411769FB0250EDC8D22AE4A081855C88,4d41a4a93ad335b34fd1e79444eaef61,43,충청북도,43130,충주시,127.9171,36.9729,마리호텔,마리호텔,충북 충주시 봉방8길 26-0,숙박,숙박,숙박,숙박,0.19107859071619376,202408
43130,충청북도 충주시,202401-202408,56,7BC7D866635A6F021AE35DB67516D545,decc5bdee263bafd194e78d00c976a2e,43,충청북도,43130,충주시,127.8644,37.0214,충주탄금호국제조정경기장,충주탄금호국제조정경기장,충북 충주시 중앙탑길 150-0,관광지,레저스포츠,관광지,레저스포츠,0.18720411812275625,202408
43130,충청북도 충주시,202401-202408,57,2A3A4B25BEF58E498F22F29442475415,fa6268497c1d0ede422e66c2340e757b,43,충청북도,43130,충주시,127.8654,37.0161,충주박물관,충주박물관,충북 충주시 중앙탑길 112-28,관광지,문화관광,관광지,문화관광,0.18301176036432493,202408
43130,충청북도 충주시,202401-202408,58,8905B81A51DD5D177E17298EE89088CB,692a8fd10a553eb09efbc0e0698f938b,43,충청북도,43130,충주시,127.9159,36.9727,바라안호텔,바라안호텔,충북 충주시 애향로 60-0,숙박,숙박,숙박,숙박,0.17512125772262677,202408
43130,충청북도 충주시,202401-202408,59,0B33F8EA30AC7156CF41D65B490E8182,dff0b2dee73bc4f864e2eb915531c4d2,43,충청북도,43130,충주시,127.9879,36.8467,낙천탕,낙천탕,충북 충주시 온천천변길 39-4,관광지,체험관광,관광지,체험관광,0.17489604613536458,202408
43130,충청북도 충주시,202401-202408,60,CE7936FA7ED42C99B1996B0C467C8FBF,47e5f2fc88eaa732674f77b3a43a8bf8,43,충청북도,43130,충주시,127.8979,37.0194,충주체력단련장,충주체력단련장,충북 충주시,관광지,레저스포츠,관광지,레저스포츠,0.17046795639899748,202408
43130,충청북도 충주시,202401-202408,61,9FF41AEC83EFCE4BD95EFCCFF06BC3A1,d2e6dde1d9c87c075aae127a4ea5b740,43,충청북도,43130,충주시,127.7533,37.0275,문성자연휴양림,문성자연휴양림,충북 충주시 우성1길 191-0,관광지,자연관광,관광지,자연관광,0.17010184573080953,202408
43130,충청북도 충주시,202401-202408,62,8B50011A007EE492ED7EB0E850A2BCCB,a6987e5ad351e3ae0b109b94d7f52fbd,43,충청북도,43130,충주시,127.9099,36.9744,루엠호텔/충주점,루엠호텔/충주점,충북 충주시 상방5길 5-0,숙박,숙박,숙박,숙박,0.1681809012779534,202408
43130,충청북도 충주시,202401-202408,63,A1811D81F9E0BBED7ECF4F61E580AA42,3be414d1d8e6642a8f6fa6428e37331a,43,충청북도,43130,충주시,127.9517,37.0252,충주자연생태체험관,충주자연생태체험관,충북 충주시 지등로 260-0,관광지,문화관광,관광지,문화관광,0.1673699147359963,202408
43130,충청북도 충주시,202401-202408,64,7276B3FB57624C4056BD6499AC817532,21b071d433c3e6dce1835f40598b0fd2,43,충청북도,43130,충주시,127.9289,36.9892,어반브라운호텔,어반브라운호텔,충북 충주시 연수상가길 6-0,숙박,숙박,숙박,숙박,0.1587496745255524,202408
43130,충청북도 충주시,202401-202408,65,8802907FB4D78696A7D053E68447C956,2146a0e7d7ccd0b77091b704eae93f78,43,충청북도,43130,충주시,127.9235,36.9642,호암지생태공원,호암지생태공원,충북 충주시,관광지,문화관광,관광지,문화관광,0.15625209712459404,202408
43130,충청북도 충주시,202401-202408,66,266BB30B5623B309B9EBBDA2A7E80C3B,33d03aa9e25acff8dab2d5425eb5220d,43,충청북도,43130,충주시,127.9222,37.0059,충주시농수산물도매시장,충주시농수산물도매시장,충북 충주시 목행산단5로 54-0,관광지,쇼핑,관광지,쇼핑,0.15469337708744058,202408
43130,충청북도 충주시,202401-202408,67,F885FEB53E99D1F086F84D44FE43FB3E,8fe2941ade7b8722444d41b5b6fa0887,43,충청북도,43130,충주시,127.9288,36.9882,브라운도트호텔/충주시청점,브라운도트호텔/충주시청점,충북 충주시 연수상가길 18-0,숙박,숙박,숙박,숙박,0.15285937355986262,202408
43130,충청북도 충주시,202401-202408,68,C2A97486114270F4F64342CF62622251,ed6bf2b4f2bf07728cbf0b23fefed274,43,충청북도,43130,충주시,127.9913,36.8475,수안보온천힐링호텔,수안보온천힐링호텔,충북 충주시 수안보로 219-0,숙박,숙박,숙박,숙박,0.14841246328077257,202408
43130,충청북도 충주시,202401-202408,69,7AFBECACC0835038D6FB3114DAFD5445,50bb42d2ffe4bf6a30a3778fe76b5f7f,43,충청북도,43130,충주시,127.8982,36.9614,롯데시네마/충주,롯데시네마/충주,충북 충주시 중원대로 3683-0,관광지,문화관광,관광지,문화관광,0.14682586975266676,202408
43130,충청북도 충주시,202401-202408,70,D1460EEDDD55D1EAB7680DAF9F80B546,455c24be31c8eb0f3c72282ce7b0e043,43,충청북도,43130,충주시,127.9336,36.9718,중앙어울림시장,중앙어울림시장,충북 충주시 예성로 168-0,관광지,쇼핑,관광지,쇼핑,0.1439296164875884,202408
43130,충청북도 충주시,202401-202408,71,B6B11104200D34BC9F350AACA046E14B,ce79b6d9b8e81dac7f0026c339aba7bf,43,충청북도,43130,충주시,127.8167,36.9916,더반호텔,더반호텔,충북 충주시 메가폴리스2로 63-0,숙박,숙박,숙박,숙박,0.14209976525690984,202408
43130,충청북도 충주시,202401-202408,72,F931D54AE30918B225A2D099DB476FD6,afe6d39784a54cc6ab15fce8f4c78c83,43,충청북도,43130,충주시,127.9218,36.9624,호암지,호암지,충북 충주시,관광지,자연관광,관광지,자연관광,0.1395408359610844,202408
43130,충청북도 충주시,202401-202408,73,A4EB698A446DA1CD75C38A6239470542,d900bdc45152616e0a81d9eabff8c8c9,43,충청북도,43130,충주시,127.9135,36.9736,동행호텔,동행호텔,충북 충주시 상방6길 35-0,숙박,숙박,숙박,숙박,0.13776875831819502,202408
43130,충청북도 충주시,202401-202408,74,8AA73A7E970C0EF289B7BEFEE6265BBA,12eaa9937ddec0d850895b262f101257,43,충청북도,43130,충주시,127.9878,36.8457,수안보스파호텔,수안보스파호텔,충북 충주시 주정산로 49-0,숙박,숙박,숙박,숙박,0.134060950281115,202408
43130,충청북도 충주시,202401-202408,75,85021CBB82BE640163CAD172AFF52C26,85581eb587c4a57eb5b27fb63df8d045,43,충청북도,43130,충주시,127.9353,36.9699,충주어린이과학관해담별,충주어린이과학관해담별,충북 충주시 관아1길 20-0,관광지,문화관광,관광지,문화관광,0.13337071814603102,202408
43130,충청북도 충주시,202401-202408,76,B210A9F34F70CBC6B46C21A62D5D8188,248b491b8a5aedd4e0f27f1b5827c6c5,43,충청북도,43130,충주시,127.7992,37.0901,이든포레호텔,이든포레호텔,충북 충주시 가곡로 1500-0,숙박,숙박,숙박,숙박,0.13295730949246382,202408
43130,충청북도 충주시,202401-202408,77,0C7257EA306A7F595ABD19B1ADC8618A,0f97dacd2cbe0628fca2a68118416341,43,충청북도,43130,충주시,127.8292,37.0563,봉황자연휴양림,봉황자연휴양림,충북 충주시 수룡봉황길 540-0,관광지,자연관광,관광지,자연관광,0.1317814920628732,202408
43130,충청북도 충주시,202401-202408,78,66105763FE778163450FEAEBE729D8A1,db85dacf52594e23a96ce43b156eeb8a,43,충청북도,43130,충주시,127.993,36.8456,농협보험수련원/수안보수련원,농협보험수련원/수안보수련원,충북 충주시 온천중앙길 43-0,관광지,레저스포츠,관광지,레저스포츠,0.12420958558857571,202408
43130,충청북도 충주시,202401-202408,79,AC8F16AA7866598A463F8688B1091219,7dbde09ea1a5b9cc815706b248055c54,43,충청북도,43130,충주시,127.7418,37.1754,시그너스CC,시그너스CC,충북 충주시 중방곡길 57-44,관광지,레저스포츠,관광지,레저스포츠,0.11946770456182522,202408
43130,충청북도 충주시,202401-202408,80,B0222AE8B878D86F73E73A0E8F5ED4FD,036df66f8c28cc43e3cd649d1031422d,43,충청북도,43130,충주시,128.031,37.0691,삼탄유원지,삼탄유원지,충북 충주시,관광지,문화관광,관광지,문화관광,0.1194426890073653,202408
43130,충청북도 충주시,202401-202408,81,45616CD05C0620B52BBB7807A591CD63,cb5344c82a59d4cd2d94c861d937d8e2,43,충청북도,43130,충주시,127.884,37.0767,목계나루터,목계나루터,충북 충주시 구룡로 0-0,관광지,기타관광,관광지,기타관광,0.11913926580973751,202408
43130,충청북도 충주시,202401-202408,82,36F29D6CA4EF4BB3B5AD80FF7397378E,329b4aacfa8885a9f082854d68f9abc0,43,충청북도,43130,충주시,127.9557,36.8877,문강유황온천관광호텔,문강유황온천관광호텔,충북 충주시 팔봉로 1061-0,숙박,숙박,숙박,숙박,0.11625058882206944,202408
43130,충청북도 충주시,202401-202408,83,8AACBA72A0429A0E2A9CA6767018CD63,a325b4c6d1ca50da4a5b21b6b3665f36,43,충청북도,43130,충주시,127.9907,36.8471,리몬스온천호텔,리몬스온천호텔,충북 충주시 온천중앙길 14-0,숙박,숙박,숙박,숙박,0.11493930457384885,202408
43130,충청북도 충주시,202401-202408,84,E2D02320281FD4362A9FD1B2F1ADE702,966ef1b59274ed1c0fcb659c9052b7ba,43,충청북도,43130,충주시,127.9154,36.9704,충주그랜드관광호텔,충주그랜드관광호텔,충북 충주시 중원대로 3496-0,숙박,숙박,숙박,숙박,0.11453196953806387,202408
43130,충청북도 충주시,202401-202408,85,CE966079095C01DA7ED6AAF9EF4EC453,db6a3e4fd59ea7bac8f75e937891ecfc,43,충청북도,43130,충주시,127.9114,36.9744,호텔마루/충주역점,호텔마루/충주역점,충북 충주시 상방6길 15-0,숙박,숙박,숙박,숙박,0.11397281809332503,202408
43130,충청북도 충주시,202401-202408,86,02934377060966F9DA7152C16989A7A6,9980623260e3457564e7853c953f599d,43,충청북도,43130,충주시,127.8315,37.0027,호텔로드,호텔로드,충북 충주시 기업도시2로 14-0,숙박,숙박,숙박,숙박,0.11231263744442033,202408
43130,충청북도 충주시,202401-202408,87,B53D5E68EBA39A5DB06D04ED720DA7CA,0e3f9de368a4b30022ec01d6a01cf06c,43,충청북도,43130,충주시,127.9106,36.9756,토론토호텔,토론토호텔,충북 충주시 애향로 1-0,숙박,숙박,숙박,숙박,0.10959949547792422,202408
43130,충청북도 충주시,202401-202408,88,9C21EB2199769E29DFDFFB6228B72BD4,006e1fc5b7c0ca5935348c7cb1da66cd,43,충청북도,43130,충주시,127.8167,37.1069,비내섬,비내섬,충북 충주시,관광지,자연관광,관광지,자연관광,0.10484570335931775,202408
43130,충청북도 충주시,202401-202408,89,5FD8BF8067BDBCAB071AEA7965533775,0d71aa9b72e48405d5090ea66e060b51,43,충청북도,43130,충주시,127.8872,36.9961,우륵대교노지캠핑장,우륵대교노지캠핑장,충북 충주시,숙박,숙박,숙박,숙박,0.10302790160253246,202408
43130,충청북도 충주시,202401-202408,90,3A04BB5213E0C2598BD76F3B937BD588,46faecaf0d9a65ea9bf377f985af30b3,43,충청북도,43130,충주시,127.914,36.9743,호텔리버,호텔리버,충북 충주시 애향로 35-0,숙박,숙박,숙박,숙박,0.10163221152066211,202408
43130,충청북도 충주시,202401-202408,91,572AA6AFA136AA3B6B61A95F3E98A47B,fa7d078c1d667d4925d8166eae112499,43,충청북도,43130,충주시,127.9411,36.9875,메가박스/충주연수,메가박스/충주연수,충북 충주시 번영대로 211-0,관광지,문화관광,관광지,문화관광,0.0996800467810571,202408
43130,충청북도 충주시,202401-202408,92,E93644D39BA9B56F9D57727235C43653,3ba63c4f62b0199a1eb1565f56ac9602,43,충청북도,43130,충주시,127.9028,36.9802,하방마을벚꽃길,하방마을벚꽃길,충북 충주시,관광지,기타관광,관광지,기타관광,0.09480668441040613,202404
43130,충청북도 충주시,202401-202408,93,9914F3D908E3726E08204E27FD35102E,d9e4e59134a180dde46febb13d520388,43,충청북도,43130,충주시,128.0666,36.9595,충주호,충주호,충북 충주시,관광지,자연관광,관광지,자연관광,0.09408009093448919,202408
43130,충청북도 충주시,202401-202408,94,73DA60F7D3AAEC982AB4536B3D97D6DF,ed2d26dfb4547379ae7fa0c44be7eb40,43,충청북도,43130,충주시,127.7938,37.0941,충주오대호아트팩토리,충주오대호아트팩토리,충북 충주시 가곡로 1434-0,관광지,문화관광,관광지,문화관광,0.09371406193993666,202408
43130,충청북도 충주시,202401-202408,95,D9E223672B4B6597294CB9C429C97373,c54ab106b7f0f706a78a277b6c249100,43,충청북도,43130,충주시,127.93,36.9754,충주민속5일장풍물시장,충주민속5일장풍물시장,충북 충주시 충인1길 22-0,관광지,쇼핑,관광지,쇼핑,0.08867736241374868,202408
43130,충청북도 충주시,202401-202408,96,F231FF36BCF1CFAC954EB944E643DEAB,72934725b0fd8f9aa73ccab1e06cfa56,43,충청북도,43130,충주시,127.9883,36.8492,유원재,유원재,충북 충주시 주정산로 6-0,숙박,숙박,숙박,숙박,0.08767508360445939,202408
43130,충청북도 충주시,202401-202408,97,94E344AFF39C193FC6B883A5C6E3D7F2,50292ed57babb4efde495df27ea33bd8,43,충청북도,43130,충주시,127.7961,37.0638,수룡폭포,수룡폭포,충북 충주시,관광지,자연관광,관광지,자연관광,0.08514994378006767,202408
43130,충청북도 충주시,202401-202408,98,A012FE90CB872EC9ACCA69997D21AA5B,96861ee2598e1cd0bcf91379c4c1aebd,43,충청북도,43130,충주시,127.9309,36.9884,호텔쁠랑/충주점,호텔쁠랑/충주점,충북 충주시 연수상가2길 17-0,숙박,숙박,숙박,숙박,0.0791636894602729,202408
43130,충청북도 충주시,202401-202408,99,9AE728F0EB2FA20187C57AD1A8B81F75,e64416bc301f27695a6b84a24fb96fb6,43,충청북도,43130,충주시,128.0008,36.8551,수안보곤충박물관,수안보곤충박물관,충북 충주시 관동길 152-0,관광지,문화관광,관광지,문화관광,0.07796204942226062,202408
43130,충청북도 충주시,202401-202408,100,56058C27DC58B00698889A581EF9CE40,9209aa86655737f58bd5074a5dba70a2,43,충청북도,43130,충주시,128.0485,37.0097,캠핑808,캠핑808,충북 충주시 미라실로 689-1,숙박,숙박,숙박,숙박,0.07734131439517979,202408
