BASE_DATE,SIDO_NM,TOU_DIV_NM,TOU_NUM,SPPY_TOU_NUM,DTL_TOU_NUM_RATE
201801,세종특별자치시,외지인방문자(b),1634252.0,0.0,0.0
201801,전북특별자치도,외지인방문자(b),6285755.0,0.0,0.0
201801,강원특별자치도,외지인방문자(b),10216370.0,0.0,0.0
201801,제주특별자치도,외지인방문자(b),4275540.0,0.0,0.0
201801,경상남도,외지인방문자(b),11138715.0,0.0,0.0
201801,경상북도,외지인방문자(b),11549629.0,0.0,0.0
201801,전라남도,외지인방문자(b),7167216.0,0.0,0.0
201801,충청남도,외지인방문자(b),9866941.0,0.0,0.0
201801,충청북도,외지인방문자(b),6819592.0,0.0,0.0
201801,경기도,외지인방문자(b),43024558.0,0.0,0.0
201801,울산광역시,외지인방문자(b),3864854.0,0.0,0.0
201801,서울특별시,외지인방문자(b),47124220.0,0.0,0.0
201801,부산광역시,외지인방문자(b),11834204.0,0.0,0.0
201801,대구광역시,외지인방문자(b),8417059.0,0.0,0.0
201801,인천광역시,외지인방문자(b),11899167.0,0.0,0.0
201801,광주광역시,외지인방문자(b),5080523.0,0.0,0.0
201801,대전광역시,외지인방문자(b),6481178.0,0.0,0.0
201801,충청북도,전체방문자(a+b),26636768.0,0.0,0.0
201801,부산광역시,전체방문자(a+b),49403700.0,0.0,0.0
201801,대구광역시,전체방문자(a+b),41622676.0,0.0,0.0
201801,인천광역시,전체방문자(a+b),39528422.0,0.0,0.0
201801,광주광역시,전체방문자(a+b),26177476.0,0.0,0.0
201801,대전광역시,전체방문자(a+b),26976236.0,0.0,0.0
201801,울산광역시,전체방문자(a+b),18191134.0,0.0,0.0
201801,세종특별자치시,전체방문자(a+b),4191530.0,0.0,0.0
201801,경기도,전체방문자(a+b),192022873.0,0.0,0.0
201801,서울특별시,전체방문자(a+b),177317620.0,0.0,0.0
201801,충청남도,전체방문자(a+b),35645050.0,0.0,0.0
201801,전라남도,전체방문자(a+b),28731248.0,0.0,0.0
201801,경상북도,전체방문자(a+b),47961431.0,0.0,0.0
201801,경상남도,전체방문자(a+b),52668200.0,0.0,0.0
201801,제주특별자치도,전체방문자(a+b),17334464.0,0.0,0.0
201801,강원특별자치도,전체방문자(a+b),33659392.0,0.0,0.0
201801,전북특별자치도,전체방문자(a+b),30770012.0,0.0,0.0
201801,울산광역시,현지인방문자(a),14326280.0,0.0,0.0
201801,경상북도,현지인방문자(a),36411802.0,0.0,0.0
201801,경상남도,현지인방문자(a),41529484.0,0.0,0.0
201801,전라남도,현지인방문자(a),21564032.0,0.0,0.0
201801,제주특별자치도,현지인방문자(a),13058924.0,0.0,0.0
201801,충청남도,현지인방문자(a),25778109.0,0.0,0.0
201801,강원특별자치도,현지인방문자(a),23443021.0,0.0,0.0
201801,전북특별자치도,현지인방문자(a),24484257.0,0.0,0.0
201801,충청북도,현지인방문자(a),19817175.0,0.0,0.0
201801,경기도,현지인방문자(a),148998314.0,0.0,0.0
201801,세종특별자치시,현지인방문자(a),2557278.0,0.0,0.0
201801,대전광역시,현지인방문자(a),20495058.0,0.0,0.0
201801,광주광역시,현지인방문자(a),21096954.0,0.0,0.0
201801,서울특별시,현지인방문자(a),130193399.0,0.0,0.0
201801,부산광역시,현지인방문자(a),37569497.0,0.0,0.0
201801,인천광역시,현지인방문자(a),27629256.0,0.0,0.0
201801,대구광역시,현지인방문자(a),33205616.0,0.0,0.0
201802,경기도,외지인방문자(b),39847630.0,0.0,0.0
201802,전북특별자치도,외지인방문자(b),7521070.0,0.0,0.0
201802,서울특별시,외지인방문자(b),42031913.0,0.0,0.0
201802,대구광역시,외지인방문자(b),8816661.0,0.0,0.0
201802,인천광역시,외지인방문자(b),10218950.0,0.0,0.0
201802,광주광역시,외지인방문자(b),5329482.0,0.0,0.0
201802,대전광역시,외지인방문자(b),6498740.0,0.0,0.0
201802,울산광역시,외지인방문자(b),3629426.0,0.0,0.0
201802,세종특별자치시,외지인방문자(b),1677704.0,0.0,0.0
201802,부산광역시,외지인방문자(b),12335218.0,0.0,0.0
201802,충청북도,외지인방문자(b),7647168.0,0.0,0.0
201802,충청남도,외지인방문자(b),11171646.0,0.0,0.0
201802,전라남도,외지인방문자(b),9013182.0,0.0,0.0
201802,경상북도,외지인방문자(b),13504820.0,0.0,0.0
201802,경상남도,외지인방문자(b),11787962.0,0.0,0.0
201802,제주특별자치도,외지인방문자(b),3458410.0,0.0,0.0
201802,강원특별자치도,외지인방문자(b),10286941.0,0.0,0.0
201802,세종특별자치시,전체방문자(a+b),3939484.0,0.0,0.0
201802,강원특별자치도,전체방문자(a+b),31256190.0,0.0,0.0
201802,제주특별자치도,전체방문자(a+b),15314166.0,0.0,0.0
201802,경상남도,전체방문자(a+b),49333050.0,0.0,0.0
201802,경상북도,전체방문자(a+b),46666578.0,0.0,0.0
201802,전라남도,전체방문자(a+b),28877982.0,0.0,0.0
201802,충청남도,전체방문자(a+b),34351394.0,0.0,0.0
201802,충청북도,전체방문자(a+b),25667621.0,0.0,0.0
201802,경기도,전체방문자(a+b),171277368.0,0.0,0.0
201802,울산광역시,전체방문자(a+b),16445356.0,0.0,0.0
201802,대전광역시,전체방문자(a+b),24663233.0,0.0,0.0
201802,광주광역시,전체방문자(a+b),24266872.0,0.0,0.0
201802,인천광역시,전체방문자(a+b),38014182.0,0.0,0.0
201802,대구광역시,전체방문자(a+b),39032329.0,0.0,0.0
201802,부산광역시,전체방문자(a+b),46433096.0,0.0,0.0
201802,서울특별시,전체방문자(a+b),154777794.0,0.0,0.0
201802,전북특별자치도,전체방문자(a+b),30087152.0,0.0,0.0
201802,서울특별시,현지인방문자(a),112745882.0,0.0,0.0
201802,충청북도,현지인방문자(a),18020454.0,0.0,0.0
201802,광주광역시,현지인방문자(a),18937390.0,0.0,0.0
201802,대전광역시,현지인방문자(a),18164492.0,0.0,0.0
201802,인천광역시,현지인방문자(a),27795232.0,0.0,0.0
201802,충청남도,현지인방문자(a),23179748.0,0.0,0.0
201802,대구광역시,현지인방문자(a),30215668.0,0.0,0.0
201802,경기도,현지인방문자(a),131429739.0,0.0,0.0
201802,부산광역시,현지인방문자(a),34097878.0,0.0,0.0
201802,전라남도,현지인방문자(a),19864800.0,0.0,0.0
201802,울산광역시,현지인방문자(a),12815929.0,0.0,0.0
201802,전북특별자치도,현지인방문자(a),22566082.0,0.0,0.0
201802,경상북도,현지인방문자(a),33161758.0,0.0,0.0
201802,경상남도,현지인방문자(a),37545088.0,0.0,0.0
201802,제주특별자치도,현지인방문자(a),11855756.0,0.0,0.0
201802,강원특별자치도,현지인방문자(a),20969249.0,0.0,0.0
201802,세종특별자치시,현지인방문자(a),2261780.0,0.0,0.0
201803,인천광역시,외지인방문자(b),13076976.0,0.0,0.0
201803,제주특별자치도,외지인방문자(b),4182532.0,0.0,0.0
201803,강원특별자치도,외지인방문자(b),9936948.0,0.0,0.0
201803,경상남도,외지인방문자(b),12409894.0,0.0,0.0
201803,전북특별자치도,외지인방문자(b),7523142.0,0.0,0.0
201803,광주광역시,외지인방문자(b),5962918.0,0.0,0.0
201803,대전광역시,외지인방문자(b),8172700.0,0.0,0.0
201803,울산광역시,외지인방문자(b),3970204.0,0.0,0.0
201803,서울특별시,외지인방문자(b),55548748.0,0.0,0.0
201803,충청북도,외지인방문자(b),9117885.0,0.0,0.0
201803,경기도,외지인방문자(b),53385339.0,0.0,0.0
201803,세종특별자치시,외지인방문자(b),2244886.0,0.0,0.0
201803,대구광역시,외지인방문자(b),9436294.0,0.0,0.0
201803,전라남도,외지인방문자(b),9340698.0,0.0,0.0
201803,부산광역시,외지인방문자(b),13231071.0,0.0,0.0
201803,경상북도,외지인방문자(b),14431228.0,0.0,0.0
201803,충청남도,외지인방문자(b),13446814.0,0.0,0.0
201803,강원특별자치도,전체방문자(a+b),34676484.0,0.0,0.0
201803,제주특별자치도,전체방문자(a+b),18122902.0,0.0,0.0
201803,서울특별시,전체방문자(a+b),191673433.0,0.0,0.0
201803,부산광역시,전체방문자(a+b),52386110.0,0.0,0.0
201803,대구광역시,전체방문자(a+b),44522051.0,0.0,0.0
201803,인천광역시,전체방문자(a+b),46501276.0,0.0,0.0
201803,광주광역시,전체방문자(a+b),27801672.0,0.0,0.0
201803,대전광역시,전체방문자(a+b),29646026.0,0.0,0.0
201803,울산광역시,전체방문자(a+b),18989008.0,0.0,0.0
201803,세종특별자치시,전체방문자(a+b),5145168.0,0.0,0.0
201803,경기도,전체방문자(a+b),209859615.0,0.0,0.0
201803,충청북도,전체방문자(a+b),30447126.0,0.0,0.0
201803,충청남도,전체방문자(a+b),40878495.0,0.0,0.0
201803,전라남도,전체방문자(a+b),32612136.0,0.0,0.0
201803,경상북도,전체방문자(a+b),53303215.0,0.0,0.0
201803,경상남도,전체방문자(a+b),56146856.0,0.0,0.0
201803,전북특별자치도,전체방문자(a+b),33681571.0,0.0,0.0
201803,울산광역시,현지인방문자(a),15018804.0,0.0,0.0
201803,광주광역시,현지인방문자(a),21838754.0,0.0,0.0
201803,부산광역시,현지인방문자(a),39155039.0,0.0,0.0
201803,대구광역시,현지인방문자(a),35085757.0,0.0,0.0
201803,서울특별시,현지인방문자(a),136124684.0,0.0,0.0
201803,대전광역시,현지인방문자(a),21473326.0,0.0,0.0
201803,인천광역시,현지인방문자(a),33424300.0,0.0,0.0
201803,세종특별자치시,현지인방문자(a),2900282.0,0.0,0.0
201803,경기도,현지인방문자(a),156474276.0,0.0,0.0
201803,충청북도,현지인방문자(a),21329242.0,0.0,0.0
201803,충청남도,현지인방문자(a),27431680.0,0.0,0.0
201803,전라남도,현지인방문자(a),23271437.0,0.0,0.0
201803,경상북도,현지인방문자(a),38871987.0,0.0,0.0
201803,경상남도,현지인방문자(a),43736962.0,0.0,0.0
201803,제주특별자치도,현지인방문자(a),13940370.0,0.0,0.0
201803,강원특별자치도,현지인방문자(a),24739536.0,0.0,0.0
201803,전북특별자치도,현지인방문자(a),26158430.0,0.0,0.0
201804,경상북도,외지인방문자(b),12659311.0,0.0,0.0
201804,충청남도,외지인방문자(b),11783436.0,0.0,0.0
201804,울산광역시,외지인방문자(b),3415545.0,0.0,0.0
201804,전라남도,외지인방문자(b),9072438.0,0.0,0.0
201804,세종특별자치시,외지인방문자(b),1783075.0,0.0,0.0
201804,제주특별자치도,외지인방문자(b),4361262.0,0.0,0.0
201804,경기도,외지인방문자(b),45062574.0,0.0,0.0
201804,경상남도,외지인방문자(b),11577503.0,0.0,0.0
201804,충청북도,외지인방문자(b),8020674.0,0.0,0.0
201804,전북특별자치도,외지인방문자(b),6767894.0,0.0,0.0
201804,강원특별자치도,외지인방문자(b),8943512.0,0.0,0.0
201804,대전광역시,외지인방문자(b),6223714.0,0.0,0.0
201804,광주광역시,외지인방문자(b),4682349.0,0.0,0.0
201804,인천광역시,외지인방문자(b),11211837.0,0.0,0.0
201804,대구광역시,외지인방문자(b),7839898.0,0.0,0.0
201804,서울특별시,외지인방문자(b),44093536.0,0.0,0.0
201804,부산광역시,외지인방문자(b),10565821.0,0.0,0.0
201804,전북특별자치도,전체방문자(a+b),31549476.0,0.0,0.0
201804,서울특별시,전체방문자(a+b),173174568.0,0.0,0.0
201804,강원특별자치도,전체방문자(a+b),32686129.0,0.0,0.0
201804,제주특별자치도,전체방문자(a+b),17656040.0,0.0,0.0
201804,경상남도,전체방문자(a+b),52352010.0,0.0,0.0
201804,경상북도,전체방문자(a+b),49809988.0,0.0,0.0
201804,전라남도,전체방문자(a+b),31242278.0,0.0,0.0
201804,충청남도,전체방문자(a+b),37494692.0,0.0,0.0
201804,충청북도,전체방문자(a+b),28163275.0,0.0,0.0
201804,경기도,전체방문자(a+b),189049959.0,0.0,0.0
201804,세종특별자치시,전체방문자(a+b),4529136.0,0.0,0.0
201804,울산광역시,전체방문자(a+b),17263214.0,0.0,0.0
201804,대전광역시,전체방문자(a+b),26012980.0,0.0,0.0
201804,광주광역시,전체방문자(a+b),25163666.0,0.0,0.0
201804,인천광역시,전체방문자(a+b),40751375.0,0.0,0.0
201804,대구광역시,전체방문자(a+b),41379356.0,0.0,0.0
201804,부산광역시,전체방문자(a+b),47089581.0,0.0,0.0
201804,전북특별자치도,현지인방문자(a),24781582.0,0.0,0.0
201804,충청남도,현지인방문자(a),25711256.0,0.0,0.0
201804,전라남도,현지인방문자(a),22169840.0,0.0,0.0
201804,경상북도,현지인방문자(a),37150676.0,0.0,0.0
201804,경상남도,현지인방문자(a),40774506.0,0.0,0.0
201804,서울특별시,현지인방문자(a),129081032.0,0.0,0.0
201804,제주특별자치도,현지인방문자(a),13294778.0,0.0,0.0
201804,강원특별자치도,현지인방문자(a),23742618.0,0.0,0.0
201804,부산광역시,현지인방문자(a),36523760.0,0.0,0.0
201804,울산광역시,현지인방문자(a),13847670.0,0.0,0.0
201804,대구광역시,현지인방문자(a),33539457.0,0.0,0.0
201804,충청북도,현지인방문자(a),20142602.0,0.0,0.0
201804,인천광역시,현지인방문자(a),29539538.0,0.0,0.0
201804,경기도,현지인방문자(a),143987386.0,0.0,0.0
201804,광주광역시,현지인방문자(a),20481318.0,0.0,0.0
201804,대전광역시,현지인방문자(a),19789266.0,0.0,0.0
201804,세종특별자치시,현지인방문자(a),2746062.0,0.0,0.0
201805,제주특별자치도,외지인방문자(b),4385500.0,0.0,0.0
201805,강원특별자치도,외지인방문자(b),11278176.0,0.0,0.0
201805,경기도,외지인방문자(b),52493259.0,0.0,0.0
201805,전북특별자치도,외지인방문자(b),7782758.0,0.0,0.0
201805,광주광역시,외지인방문자(b),5297274.0,0.0,0.0
201805,세종특별자치시,외지인방문자(b),1919726.0,0.0,0.0
201805,경상북도,외지인방문자(b),14384654.0,0.0,0.0
201805,인천광역시,외지인방문자(b),12988280.0,0.0,0.0
201805,전라남도,외지인방문자(b),10142139.0,0.0,0.0
201805,충청남도,외지인방문자(b),13023700.0,0.0,0.0
201805,울산광역시,외지인방문자(b),3946134.0,0.0,0.0
201805,충청북도,외지인방문자(b),9134895.0,0.0,0.0
201805,대구광역시,외지인방문자(b),8945594.0,0.0,0.0
201805,경상남도,외지인방문자(b),12800340.0,0.0,0.0
201805,서울특별시,외지인방문자(b),48047528.0,0.0,0.0
201805,대전광역시,외지인방문자(b),6836918.0,0.0,0.0
201805,부산광역시,외지인방문자(b),12189331.0,0.0,0.0
201805,전북특별자치도,전체방문자(a+b),34937360.0,0.0,0.0
201805,경기도,전체방문자(a+b),215991895.0,0.0,0.0
201805,서울특별시,전체방문자(a+b),188871200.0,0.0,0.0
201805,부산광역시,전체방문자(a+b),53163898.0,0.0,0.0
201805,대구광역시,전체방문자(a+b),45309138.0,0.0,0.0
201805,인천광역시,전체방문자(a+b),46367640.0,0.0,0.0
201805,광주광역시,전체방문자(a+b),27717998.0,0.0,0.0
201805,대전광역시,전체방문자(a+b),29190318.0,0.0,0.0
201805,울산광역시,전체방문자(a+b),19205802.0,0.0,0.0
201805,강원특별자치도,전체방문자(a+b),38054520.0,0.0,0.0
201805,세종특별자치시,전체방문자(a+b),5127066.0,0.0,0.0
201805,제주특별자치도,전체방문자(a+b),18628810.0,0.0,0.0
201805,경상남도,전체방문자(a+b),57601372.0,0.0,0.0
201805,경상북도,전체방문자(a+b),55158954.0,0.0,0.0
201805,전라남도,전체방문자(a+b),34364208.0,0.0,0.0
201805,충청남도,전체방문자(a+b),41960692.0,0.0,0.0
201805,충청북도,전체방문자(a+b),31636458.0,0.0,0.0
201805,울산광역시,현지인방문자(a),15259668.0,0.0,0.0
201805,대전광역시,현지인방문자(a),22353401.0,0.0,0.0
201805,강원특별자치도,현지인방문자(a),26776344.0,0.0,0.0
201805,대구광역시,현지인방문자(a),36363544.0,0.0,0.0
201805,세종특별자치시,현지인방문자(a),3207340.0,0.0,0.0
201805,전북특별자치도,현지인방문자(a),27154603.0,0.0,0.0
201805,경기도,현지인방문자(a),163498636.0,0.0,0.0
201805,제주특별자치도,현지인방문자(a),14243310.0,0.0,0.0
201805,광주광역시,현지인방문자(a),22420724.0,0.0,0.0
201805,인천광역시,현지인방문자(a),33379360.0,0.0,0.0
201805,부산광역시,현지인방문자(a),40974566.0,0.0,0.0
201805,서울특별시,현지인방문자(a),140823672.0,0.0,0.0
201805,충청북도,현지인방문자(a),22501563.0,0.0,0.0
201805,충청남도,현지인방문자(a),28936992.0,0.0,0.0
201805,전라남도,현지인방문자(a),24222068.0,0.0,0.0
201805,경상북도,현지인방문자(a),40774300.0,0.0,0.0
201805,경상남도,현지인방문자(a),44801032.0,0.0,0.0
201806,경기도,외지인방문자(b),47981955.0,0.0,0.0
201806,세종특별자치시,외지인방문자(b),1783922.0,0.0,0.0
201806,대구광역시,외지인방문자(b),7907830.0,0.0,0.0
201806,부산광역시,외지인방문자(b),11135456.0,0.0,0.0
201806,서울특별시,외지인방문자(b),47240543.0,0.0,0.0
201806,인천광역시,외지인방문자(b),12069827.0,0.0,0.0
201806,충청북도,외지인방문자(b),8172276.0,0.0,0.0
201806,광주광역시,외지인방문자(b),4781770.0,0.0,0.0
201806,충청남도,외지인방문자(b),11605454.0,0.0,0.0
201806,전북특별자치도,외지인방문자(b),6528186.0,0.0,0.0
201806,강원특별자치도,외지인방문자(b),10604937.0,0.0,0.0
201806,대전광역시,외지인방문자(b),6421034.0,0.0,0.0
201806,제주특별자치도,외지인방문자(b),4285792.0,0.0,0.0
201806,경상남도,외지인방문자(b),11108636.0,0.0,0.0
201806,울산광역시,외지인방문자(b),3527706.0,0.0,0.0
201806,경상북도,외지인방문자(b),12660347.0,0.0,0.0
201806,전라남도,외지인방문자(b),8301206.0,0.0,0.0
201806,경기도,전체방문자(a+b),203252668.0,0.0,0.0
201806,전북특별자치도,전체방문자(a+b),32963840.0,0.0,0.0
201806,강원특별자치도,전체방문자(a+b),36678050.0,0.0,0.0
201806,제주특별자치도,전체방문자(a+b),18064022.0,0.0,0.0
201806,경상남도,전체방문자(a+b),54141476.0,0.0,0.0
201806,경상북도,전체방문자(a+b),52207862.0,0.0,0.0
201806,전라남도,전체방문자(a+b),32017622.0,0.0,0.0
201806,충청남도,전체방문자(a+b),39733792.0,0.0,0.0
201806,충청북도,전체방문자(a+b),30078678.0,0.0,0.0
201806,세종특별자치시,전체방문자(a+b),4947719.0,0.0,0.0
201806,울산광역시,전체방문자(a+b),18213839.0,0.0,0.0
201806,대전광역시,전체방문자(a+b),28142362.0,0.0,0.0
201806,광주광역시,전체방문자(a+b),26675789.0,0.0,0.0
201806,인천광역시,전체방문자(a+b),43917794.0,0.0,0.0
201806,대구광역시,전체방문자(a+b),42883876.0,0.0,0.0
201806,부산광역시,전체방문자(a+b),50652546.0,0.0,0.0
201806,서울특별시,전체방문자(a+b),184794186.0,0.0,0.0
201806,대전광역시,현지인방문자(a),21721329.0,0.0,0.0
201806,울산광역시,현지인방문자(a),14686133.0,0.0,0.0
201806,광주광역시,현지인방문자(a),21894019.0,0.0,0.0
201806,세종특별자치시,현지인방문자(a),3163797.0,0.0,0.0
201806,인천광역시,현지인방문자(a),31847966.0,0.0,0.0
201806,충청북도,현지인방문자(a),21906402.0,0.0,0.0
201806,대구광역시,현지인방문자(a),34976046.0,0.0,0.0
201806,부산광역시,현지인방문자(a),39517090.0,0.0,0.0
201806,서울특별시,현지인방문자(a),137553644.0,0.0,0.0
201806,경기도,현지인방문자(a),155270714.0,0.0,0.0
201806,충청남도,현지인방문자(a),28128338.0,0.0,0.0
201806,전북특별자치도,현지인방문자(a),26435654.0,0.0,0.0
201806,강원특별자치도,현지인방문자(a),26073114.0,0.0,0.0
201806,제주특별자치도,현지인방문자(a),13778230.0,0.0,0.0
201806,경상남도,현지인방문자(a),43032840.0,0.0,0.0
201806,경상북도,현지인방문자(a),39547515.0,0.0,0.0
201806,전라남도,현지인방문자(a),23716416.0,0.0,0.0
201807,서울특별시,외지인방문자(b),51672414.0,0.0,0.0
201807,부산광역시,외지인방문자(b),12254676.0,0.0,0.0
201807,대구광역시,외지인방문자(b),8700545.0,0.0,0.0
201807,인천광역시,외지인방문자(b),13055150.0,0.0,0.0
201807,광주광역시,외지인방문자(b),5369318.0,0.0,0.0
201807,대전광역시,외지인방문자(b),6816390.0,0.0,0.0
201807,전북특별자치도,외지인방문자(b),7423406.0,0.0,0.0
201807,강원특별자치도,외지인방문자(b),13513748.0,0.0,0.0
201807,제주특별자치도,외지인방문자(b),4676648.0,0.0,0.0
201807,경상남도,외지인방문자(b),12974238.0,0.0,0.0
201807,경상북도,외지인방문자(b),14302278.0,0.0,0.0
201807,전라남도,외지인방문자(b),9538378.0,0.0,0.0
201807,충청남도,외지인방문자(b),12683758.0,0.0,0.0
201807,충청북도,외지인방문자(b),8907213.0,0.0,0.0
201807,경기도,외지인방문자(b),52488681.0,0.0,0.0
201807,세종특별자치시,외지인방문자(b),1873056.0,0.0,0.0
201807,울산광역시,외지인방문자(b),4017811.0,0.0,0.0
201807,강원특별자치도,전체방문자(a+b),39446855.0,0.0,0.0
201807,제주특별자치도,전체방문자(a+b),18917822.0,0.0,0.0
201807,경상남도,전체방문자(a+b),57115989.0,0.0,0.0
201807,경상북도,전체방문자(a+b),53907133.0,0.0,0.0
201807,전라남도,전체방문자(a+b),33604764.0,0.0,0.0
201807,충청남도,전체방문자(a+b),40727648.0,0.0,0.0
201807,충청북도,전체방문자(a+b),30835710.0,0.0,0.0
201807,경기도,전체방문자(a+b),211123332.0,0.0,0.0
201807,울산광역시,전체방문자(a+b),19443238.0,0.0,0.0
201807,대전광역시,전체방문자(a+b),28944892.0,0.0,0.0
201807,광주광역시,전체방문자(a+b),27759179.0,0.0,0.0
201807,인천광역시,전체방문자(a+b),45408962.0,0.0,0.0
201807,대구광역시,전체방문자(a+b),44127968.0,0.0,0.0
201807,부산광역시,전체방문자(a+b),52507560.0,0.0,0.0
201807,서울특별시,전체방문자(a+b),195330499.0,0.0,0.0
201807,전북특별자치도,전체방문자(a+b),34174396.0,0.0,0.0
201807,세종특별자치시,전체방문자(a+b),5011150.0,0.0,0.0
201807,충청남도,현지인방문자(a),28043890.0,0.0,0.0
201807,광주광역시,현지인방문자(a),22389860.0,0.0,0.0
201807,인천광역시,현지인방문자(a),32353811.0,0.0,0.0
201807,대전광역시,현지인방문자(a),22128502.0,0.0,0.0
201807,대구광역시,현지인방문자(a),35427424.0,0.0,0.0
201807,전북특별자치도,현지인방문자(a),26750990.0,0.0,0.0
201807,부산광역시,현지인방문자(a),40252884.0,0.0,0.0
201807,울산광역시,현지인방문자(a),15425428.0,0.0,0.0
201807,서울특별시,현지인방문자(a),143658084.0,0.0,0.0
201807,강원특별자치도,현지인방문자(a),25933106.0,0.0,0.0
201807,제주특별자치도,현지인방문자(a),14241174.0,0.0,0.0
201807,세종특별자치시,현지인방문자(a),3138093.0,0.0,0.0
201807,경상남도,현지인방문자(a),44141752.0,0.0,0.0
201807,경상북도,현지인방문자(a),39604856.0,0.0,0.0
201807,경기도,현지인방문자(a),158634651.0,0.0,0.0
201807,전라남도,현지인방문자(a),24066385.0,0.0,0.0
201807,충청북도,현지인방문자(a),21928498.0,0.0,0.0
201808,부산광역시,외지인방문자(b),13347096.0,0.0,0.0
201808,서울특별시,외지인방문자(b),49125265.0,0.0,0.0
201808,경기도,외지인방문자(b),50964739.0,0.0,0.0
201808,경상남도,외지인방문자(b),13763376.0,0.0,0.0
201808,대구광역시,외지인방문자(b),8688326.0,0.0,0.0
201808,제주특별자치도,외지인방문자(b),5145578.0,0.0,0.0
201808,전라남도,외지인방문자(b),10566350.0,0.0,0.0
201808,강원특별자치도,외지인방문자(b),16743716.0,0.0,0.0
201808,인천광역시,외지인방문자(b),12911325.0,0.0,0.0
201808,전북특별자치도,외지인방문자(b),8352026.0,0.0,0.0
201808,충청북도,외지인방문자(b),9401707.0,0.0,0.0
201808,광주광역시,외지인방문자(b),5380540.0,0.0,0.0
201808,충청남도,외지인방문자(b),13492514.0,0.0,0.0
201808,대전광역시,외지인방문자(b),6906742.0,0.0,0.0
201808,경상북도,외지인방문자(b),15543378.0,0.0,0.0
201808,울산광역시,외지인방문자(b),4090653.0,0.0,0.0
201808,세종특별자치시,외지인방문자(b),1838571.0,0.0,0.0
201808,충청북도,전체방문자(a+b),30687758.0,0.0,0.0
201808,광주광역시,전체방문자(a+b),27315012.0,0.0,0.0
201808,충청남도,전체방문자(a+b),40965442.0,0.0,0.0
201808,전라남도,전체방문자(a+b),34245704.0,0.0,0.0
201808,경상북도,전체방문자(a+b),53855004.0,0.0,0.0
201808,경상남도,전체방문자(a+b),56746669.0,0.0,0.0
201808,제주특별자치도,전체방문자(a+b),19215560.0,0.0,0.0
201808,강원특별자치도,전체방문자(a+b),42113043.0,0.0,0.0
201808,전북특별자치도,전체방문자(a+b),34848639.0,0.0,0.0
201808,경기도,전체방문자(a+b),207076502.0,0.0,0.0
201808,세종특별자치시,전체방문자(a+b),4906440.0,0.0,0.0
201808,울산광역시,전체방문자(a+b),18737796.0,0.0,0.0
201808,대전광역시,전체방문자(a+b),28226404.0,0.0,0.0
201808,인천광역시,전체방문자(a+b),44481276.0,0.0,0.0
201808,대구광역시,전체방문자(a+b),43491602.0,0.0,0.0
201808,부산광역시,전체방문자(a+b),53963032.0,0.0,0.0
201808,서울특별시,전체방문자(a+b),188454752.0,0.0,0.0
201808,전라남도,현지인방문자(a),23679355.0,0.0,0.0
201808,충청남도,현지인방문자(a),27472928.0,0.0,0.0
201808,울산광역시,현지인방문자(a),14647143.0,0.0,0.0
201808,경상북도,현지인방문자(a),38311626.0,0.0,0.0
201808,충청북도,현지인방문자(a),21286052.0,0.0,0.0
201808,경기도,현지인방문자(a),156111764.0,0.0,0.0
201808,세종특별자치시,현지인방문자(a),3067869.0,0.0,0.0
201808,대전광역시,현지인방문자(a),21319662.0,0.0,0.0
201808,광주광역시,현지인방문자(a),21934472.0,0.0,0.0
201808,인천광역시,현지인방문자(a),31569951.0,0.0,0.0
201808,대구광역시,현지인방문자(a),34803276.0,0.0,0.0
201808,서울특별시,현지인방문자(a),139329488.0,0.0,0.0
201808,경상남도,현지인방문자(a),42983294.0,0.0,0.0
201808,제주특별자치도,현지인방문자(a),14069982.0,0.0,0.0
201808,강원특별자치도,현지인방문자(a),25369326.0,0.0,0.0
201808,전북특별자치도,현지인방문자(a),26496614.0,0.0,0.0
201808,부산광역시,현지인방문자(a),40615936.0,0.0,0.0
201809,전북특별자치도,외지인방문자(b),9659356.0,0.0,0.0
201809,충청남도,외지인방문자(b),15669440.0,0.0,0.0
201809,전라남도,외지인방문자(b),11921497.0,0.0,0.0
201809,충청북도,외지인방문자(b),10499646.0,0.0,0.0
201809,경기도,외지인방문자(b),55791834.0,0.0,0.0
201809,경상북도,외지인방문자(b),17805266.0,0.0,0.0
201809,세종특별자치시,외지인방문자(b),2405448.0,0.0,0.0
201809,울산광역시,외지인방문자(b),4072852.0,0.0,0.0
201809,경상남도,외지인방문자(b),14193060.0,0.0,0.0
201809,대전광역시,외지인방문자(b),7951209.0,0.0,0.0
201809,광주광역시,외지인방문자(b),6227970.0,0.0,0.0
201809,제주특별자치도,외지인방문자(b),4249438.0,0.0,0.0
201809,인천광역시,외지인방문자(b),15653078.0,0.0,0.0
201809,대구광역시,외지인방문자(b),10041927.0,0.0,0.0
201809,강원특별자치도,외지인방문자(b),12484538.0,0.0,0.0
201809,부산광역시,외지인방문자(b),13931208.0,0.0,0.0
201809,서울특별시,외지인방문자(b),51961686.0,0.0,0.0
201809,경상북도,전체방문자(a+b),55457112.0,0.0,0.0
201809,강원특별자치도,전체방문자(a+b),37383440.0,0.0,0.0
201809,제주특별자치도,전체방문자(a+b),18019862.0,0.0,0.0
201809,경상남도,전체방문자(a+b),57161594.0,0.0,0.0
201809,전라남도,전체방문자(a+b),35820967.0,0.0,0.0
201809,충청남도,전체방문자(a+b),42722634.0,0.0,0.0
201809,충청북도,전체방문자(a+b),31659978.0,0.0,0.0
201809,경기도,전체방문자(a+b),214472528.0,0.0,0.0
201809,세종특별자치시,전체방문자(a+b),5627584.0,0.0,0.0
201809,울산광역시,전체방문자(a+b),18269489.0,0.0,0.0
201809,대전광역시,전체방문자(a+b),28968026.0,0.0,0.0
201809,광주광역시,전체방문자(a+b),28125027.0,0.0,0.0
201809,인천광역시,전체방문자(a+b),48788495.0,0.0,0.0
201809,대구광역시,전체방문자(a+b),43993330.0,0.0,0.0
201809,부산광역시,전체방문자(a+b),53235928.0,0.0,0.0
201809,서울특별시,전체방문자(a+b),184793256.0,0.0,0.0
201809,전북특별자치도,전체방문자(a+b),35979156.0,0.0,0.0
201809,제주특별자치도,현지인방문자(a),13770424.0,0.0,0.0
201809,강원특별자치도,현지인방문자(a),24898902.0,0.0,0.0
201809,경상남도,현지인방문자(a),42968534.0,0.0,0.0
201809,경상북도,현지인방문자(a),37651845.0,0.0,0.0
201809,전북특별자치도,현지인방문자(a),26319800.0,0.0,0.0
201809,서울특별시,현지인방문자(a),132831570.0,0.0,0.0
201809,충청남도,현지인방문자(a),27053194.0,0.0,0.0
201809,전라남도,현지인방문자(a),23899470.0,0.0,0.0
201809,부산광역시,현지인방문자(a),39304720.0,0.0,0.0
201809,대구광역시,현지인방문자(a),33951404.0,0.0,0.0
201809,인천광역시,현지인방문자(a),33135417.0,0.0,0.0
201809,광주광역시,현지인방문자(a),21897057.0,0.0,0.0
201809,대전광역시,현지인방문자(a),21016818.0,0.0,0.0
201809,울산광역시,현지인방문자(a),14196637.0,0.0,0.0
201809,세종특별자치시,현지인방문자(a),3222135.0,0.0,0.0
201809,경기도,현지인방문자(a),158680694.0,0.0,0.0
201809,충청북도,현지인방문자(a),21160332.0,0.0,0.0
201810,경상남도,외지인방문자(b),11966350.0,0.0,0.0
201810,제주특별자치도,외지인방문자(b),4246260.0,0.0,0.0
201810,강원특별자치도,외지인방문자(b),10899602.0,0.0,0.0
201810,전북특별자치도,외지인방문자(b),7527250.0,0.0,0.0
201810,경상북도,외지인방문자(b),13758514.0,0.0,0.0
201810,전라남도,외지인방문자(b),9272522.0,0.0,0.0
201810,충청남도,외지인방문자(b),12861261.0,0.0,0.0
201810,충청북도,외지인방문자(b),8749702.0,0.0,0.0
201810,경기도,외지인방문자(b),50888677.0,0.0,0.0
201810,세종특별자치시,외지인방문자(b),2048288.0,0.0,0.0
201810,울산광역시,외지인방문자(b),3807762.0,0.0,0.0
201810,대전광역시,외지인방문자(b),6736376.0,0.0,0.0
201810,광주광역시,외지인방문자(b),5094936.0,0.0,0.0
201810,인천광역시,외지인방문자(b),14029834.0,0.0,0.0
201810,대구광역시,외지인방문자(b),8318317.0,0.0,0.0
201810,부산광역시,외지인방문자(b),11554078.0,0.0,0.0
201810,서울특별시,외지인방문자(b),51361583.0,0.0,0.0
201810,서울특별시,전체방문자(a+b),188756540.0,0.0,0.0
201810,전북특별자치도,전체방문자(a+b),34447360.0,0.0,0.0
201810,강원특별자치도,전체방문자(a+b),36756951.0,0.0,0.0
201810,제주특별자치도,전체방문자(a+b),18679104.0,0.0,0.0
201810,경상남도,전체방문자(a+b),56227868.0,0.0,0.0
201810,경상북도,전체방문자(a+b),53067164.0,0.0,0.0
201810,전라남도,전체방문자(a+b),33621080.0,0.0,0.0
201810,충청남도,전체방문자(a+b),41341083.0,0.0,0.0
201810,충청북도,전체방문자(a+b),30908864.0,0.0,0.0
201810,세종특별자치시,전체방문자(a+b),5405152.0,0.0,0.0
201810,울산광역시,전체방문자(a+b),18772621.0,0.0,0.0
201810,대전광역시,전체방문자(a+b),28563594.0,0.0,0.0
201810,광주광역시,전체방문자(a+b),27541616.0,0.0,0.0
201810,인천광역시,전체방문자(a+b),48452152.0,0.0,0.0
201810,대구광역시,전체방문자(a+b),43552754.0,0.0,0.0
201810,부산광역시,전체방문자(a+b),51627268.0,0.0,0.0
201810,경기도,전체방문자(a+b),216365194.0,0.0,0.0
201810,전라남도,현지인방문자(a),24348558.0,0.0,0.0
201810,세종특별자치시,현지인방문자(a),3356864.0,0.0,0.0
201810,경기도,현지인방문자(a),165476518.0,0.0,0.0
201810,울산광역시,현지인방문자(a),14964859.0,0.0,0.0
201810,대전광역시,현지인방문자(a),21827218.0,0.0,0.0
201810,충청북도,현지인방문자(a),22159162.0,0.0,0.0
201810,광주광역시,현지인방문자(a),22446680.0,0.0,0.0
201810,충청남도,현지인방문자(a),28479822.0,0.0,0.0
201810,인천광역시,현지인방문자(a),34422318.0,0.0,0.0
201810,대구광역시,현지인방문자(a),35234437.0,0.0,0.0
201810,부산광역시,현지인방문자(a),40073190.0,0.0,0.0
201810,서울특별시,현지인방문자(a),137394957.0,0.0,0.0
201810,경상북도,현지인방문자(a),39308650.0,0.0,0.0
201810,경상남도,현지인방문자(a),44261518.0,0.0,0.0
201810,전북특별자치도,현지인방문자(a),26920110.0,0.0,0.0
201810,강원특별자치도,현지인방문자(a),25857349.0,0.0,0.0
201810,제주특별자치도,현지인방문자(a),14432845.0,0.0,0.0
201811,강원특별자치도,외지인방문자(b),8658990.0,0.0,0.0
201811,충청북도,외지인방문자(b),8090092.0,0.0,0.0
201811,대구광역시,외지인방문자(b),8230768.0,0.0,0.0
201811,부산광역시,외지인방문자(b),11011714.0,0.0,0.0
201811,서울특별시,외지인방문자(b),46568602.0,0.0,0.0
201811,인천광역시,외지인방문자(b),12716767.0,0.0,0.0
201811,전북특별자치도,외지인방문자(b),7310128.0,0.0,0.0
201811,광주광역시,외지인방문자(b),4895793.0,0.0,0.0
201811,충청남도,외지인방문자(b),11666322.0,0.0,0.0
201811,전라남도,외지인방문자(b),8727866.0,0.0,0.0
201811,경기도,외지인방문자(b),45499584.0,0.0,0.0
201811,경상북도,외지인방문자(b),12788986.0,0.0,0.0
201811,세종특별자치시,외지인방문자(b),1895320.0,0.0,0.0
201811,울산광역시,외지인방문자(b),3554096.0,0.0,0.0
201811,경상남도,외지인방문자(b),11228704.0,0.0,0.0
201811,대전광역시,외지인방문자(b),6295222.0,0.0,0.0
201811,제주특별자치도,외지인방문자(b),3816222.0,0.0,0.0
201811,세종특별자치시,전체방문자(a+b),5155584.0,0.0,0.0
201811,울산광역시,전체방문자(a+b),17438502.0,0.0,0.0
201811,대전광역시,전체방문자(a+b),26988160.0,0.0,0.0
201811,광주광역시,전체방문자(a+b),26123290.0,0.0,0.0
201811,인천광역시,전체방문자(a+b),42045244.0,0.0,0.0
201811,대구광역시,전체방문자(a+b),41670164.0,0.0,0.0
201811,부산광역시,전체방문자(a+b),48497960.0,0.0,0.0
201811,서울특별시,전체방문자(a+b),174488850.0,0.0,0.0
201811,경기도,전체방문자(a+b),202089069.0,0.0,0.0
201811,충청북도,전체방문자(a+b),29052964.0,0.0,0.0
201811,전북특별자치도,전체방문자(a+b),33322390.0,0.0,0.0
201811,강원특별자치도,전체방문자(a+b),33972855.0,0.0,0.0
201811,제주특별자치도,전체방문자(a+b),17647854.0,0.0,0.0
201811,경상남도,전체방문자(a+b),53487276.0,0.0,0.0
201811,경상북도,전체방문자(a+b),50484714.0,0.0,0.0
201811,전라남도,전체방문자(a+b),31868585.0,0.0,0.0
201811,충청남도,전체방문자(a+b),38691856.0,0.0,0.0
201811,경상남도,현지인방문자(a),42258573.0,0.0,0.0
201811,강원특별자치도,현지인방문자(a),25313866.0,0.0,0.0
201811,경상북도,현지인방문자(a),37695728.0,0.0,0.0
201811,전북특별자치도,현지인방문자(a),26012262.0,0.0,0.0
201811,제주특별자치도,현지인방문자(a),13831632.0,0.0,0.0
201811,전라남도,현지인방문자(a),23140719.0,0.0,0.0
201811,충청남도,현지인방문자(a),27025534.0,0.0,0.0
201811,충청북도,현지인방문자(a),20962872.0,0.0,0.0
201811,서울특별시,현지인방문자(a),127920247.0,0.0,0.0
201811,대전광역시,현지인방문자(a),20692938.0,0.0,0.0
201811,부산광역시,현지인방문자(a),37486246.0,0.0,0.0
201811,대구광역시,현지인방문자(a),33439396.0,0.0,0.0
201811,인천광역시,현지인방문자(a),29328478.0,0.0,0.0
201811,광주광역시,현지인방문자(a),21227496.0,0.0,0.0
201811,울산광역시,현지인방문자(a),13884406.0,0.0,0.0
201811,세종특별자치시,현지인방문자(a),3260264.0,0.0,0.0
201811,경기도,현지인방문자(a),156589486.0,0.0,0.0
201812,전라남도,외지인방문자(b),8243610.0,0.0,0.0
201812,강원특별자치도,외지인방문자(b),9898154.0,0.0,0.0
201812,경상남도,외지인방문자(b),11766226.0,0.0,0.0
201812,충청남도,외지인방문자(b),10737528.0,0.0,0.0
201812,충청북도,외지인방문자(b),7304094.0,0.0,0.0
201812,경상북도,외지인방문자(b),12304810.0,0.0,0.0
201812,전북특별자치도,외지인방문자(b),6486284.0,0.0,0.0
201812,경기도,외지인방문자(b),47091534.0,0.0,0.0
201812,제주특별자치도,외지인방문자(b),3735056.0,0.0,0.0
201812,세종특별자치시,외지인방문자(b),1917608.0,0.0,0.0
201812,울산광역시,외지인방문자(b),3835674.0,0.0,0.0
201812,대전광역시,외지인방문자(b),6860514.0,0.0,0.0
201812,광주광역시,외지인방문자(b),5415308.0,0.0,0.0
201812,인천광역시,외지인방문자(b),13598690.0,0.0,0.0
201812,대구광역시,외지인방문자(b),9081128.0,0.0,0.0
201812,부산광역시,외지인방문자(b),12327728.0,0.0,0.0
201812,서울특별시,외지인방문자(b),50608856.0,0.0,0.0
201812,전북특별자치도,전체방문자(a+b),33430481.0,0.0,0.0
201812,제주특별자치도,전체방문자(a+b),17902661.0,0.0,0.0
201812,경상남도,전체방문자(a+b),55795758.0,0.0,0.0
201812,경상북도,전체방문자(a+b),51255764.0,0.0,0.0
201812,전라남도,전체방문자(a+b),32278166.0,0.0,0.0
201812,충청남도,전체방문자(a+b),39086674.0,0.0,0.0
201812,충청북도,전체방문자(a+b),29276632.0,0.0,0.0
201812,경기도,전체방문자(a+b),211192429.0,0.0,0.0
201812,세종특별자치시,전체방문자(a+b),5331704.0,0.0,0.0
201812,울산광역시,전체방문자(a+b),18577094.0,0.0,0.0
201812,대전광역시,전체방문자(a+b),28681958.0,0.0,0.0
201812,광주광역시,전체방문자(a+b),27922702.0,0.0,0.0
201812,인천광역시,전체방문자(a+b),48573598.0,0.0,0.0
201812,대구광역시,전체방문자(a+b),44372576.0,0.0,0.0
201812,강원특별자치도,전체방문자(a+b),35898884.0,0.0,0.0
201812,부산광역시,전체방문자(a+b),51844482.0,0.0,0.0
201812,서울특별시,전체방문자(a+b),182210742.0,0.0,0.0
201812,전북특별자치도,현지인방문자(a),26944197.0,0.0,0.0
201812,강원특별자치도,현지인방문자(a),26000730.0,0.0,0.0
201812,서울특별시,현지인방문자(a),131601886.0,0.0,0.0
201812,경상남도,현지인방문자(a),44029531.0,0.0,0.0
201812,제주특별자치도,현지인방문자(a),14167604.0,0.0,0.0
201812,경기도,현지인방문자(a),164100895.0,0.0,0.0
201812,세종특별자치시,현지인방문자(a),3414096.0,0.0,0.0
201812,울산광역시,현지인방문자(a),14741419.0,0.0,0.0
201812,대전광역시,현지인방문자(a),21821443.0,0.0,0.0
201812,광주광역시,현지인방문자(a),22507394.0,0.0,0.0
201812,인천광역시,현지인방문자(a),34974908.0,0.0,0.0
201812,부산광역시,현지인방문자(a),39516754.0,0.0,0.0
201812,충청북도,현지인방문자(a),21972538.0,0.0,0.0
201812,충청남도,현지인방문자(a),28349146.0,0.0,0.0
201812,전라남도,현지인방문자(a),24034556.0,0.0,0.0
201812,경상북도,현지인방문자(a),38950954.0,0.0,0.0
201812,대구광역시,현지인방문자(a),35291448.0,0.0,0.0
201901,제주특별자치도,외지인방문자(b),4266230.0,0.0,0.0
201901,경상남도,외지인방문자(b),11057704.0,0.0,0.0
201901,경상북도,외지인방문자(b),12040962.0,0.0,0.0
201901,전라남도,외지인방문자(b),7856650.0,0.0,0.0
201901,전북특별자치도,외지인방문자(b),6331780.0,0.0,0.0
201901,대구광역시,외지인방문자(b),8475848.0,0.0,0.0
201901,충청남도,외지인방문자(b),10369506.0,0.0,0.0
201901,충청북도,외지인방문자(b),7257800.0,0.0,0.0
201901,강원특별자치도,외지인방문자(b),10763655.0,0.0,0.0
201901,경기도,외지인방문자(b),45956222.0,0.0,0.0
201901,세종특별자치시,외지인방문자(b),1893444.0,0.0,0.0
201901,울산광역시,외지인방문자(b),3731231.0,0.0,0.0
201901,대전광역시,외지인방문자(b),6625594.0,0.0,0.0
201901,광주광역시,외지인방문자(b),5140044.0,0.0,0.0
201901,인천광역시,외지인방문자(b),13430781.0,0.0,0.0
201901,부산광역시,외지인방문자(b),11674128.0,0.0,0.0
201901,서울특별시,외지인방문자(b),49167240.0,0.0,0.0
201901,서울특별시,전체방문자(a+b),180148416.0,0.0,0.0
201901,대구광역시,전체방문자(a+b),43773656.0,0.0,0.0
201901,충청남도,전체방문자(a+b),37802286.0,0.0,0.0
201901,인천광역시,전체방문자(a+b),47793022.0,0.0,0.0
201901,광주광역시,전체방문자(a+b),27171434.0,0.0,0.0
201901,대전광역시,전체방문자(a+b),27929230.0,0.0,0.0
201901,울산광역시,전체방문자(a+b),18312984.0,0.0,0.0
201901,세종특별자치시,전체방문자(a+b),5199404.0,0.0,0.0
201901,경기도,전체방문자(a+b),208535782.0,0.0,0.0
201901,강원특별자치도,전체방문자(a+b),35717272.0,0.0,0.0
201901,충청북도,전체방문자(a+b),28606949.0,0.0,0.0
201901,전북특별자치도,전체방문자(a+b),32726166.0,0.0,0.0
201901,전라남도,전체방문자(a+b),31441522.0,0.0,0.0
201901,경상북도,전체방문자(a+b),50447250.0,0.0,0.0
201901,경상남도,전체방문자(a+b),53634844.0,0.0,0.0
201901,제주특별자치도,전체방문자(a+b),18266938.0,0.0,0.0
201901,부산광역시,전체방문자(a+b),50529276.0,0.0,0.0
201901,제주특별자치도,현지인방문자(a),14000707.0,0.0,0.0
201901,경상남도,현지인방문자(a),42577140.0,0.0,0.0
201901,경상북도,현지인방문자(a),38406288.0,0.0,0.0
201901,전라남도,현지인방문자(a),23584872.0,0.0,0.0
201901,충청남도,현지인방문자(a),27432780.0,0.0,0.0
201901,서울특별시,현지인방문자(a),130981176.0,0.0,0.0
201901,부산광역시,현지인방문자(a),38855148.0,0.0,0.0
201901,대구광역시,현지인방문자(a),35297808.0,0.0,0.0
201901,인천광역시,현지인방문자(a),34362240.0,0.0,0.0
201901,광주광역시,현지인방문자(a),22031390.0,0.0,0.0
201901,대전광역시,현지인방문자(a),21303636.0,0.0,0.0
201901,울산광역시,현지인방문자(a),14581752.0,0.0,0.0
201901,세종특별자치시,현지인방문자(a),3305960.0,0.0,0.0
201901,경기도,현지인방문자(a),162579560.0,0.0,0.0
201901,강원특별자치도,현지인방문자(a),24953618.0,0.0,0.0
201901,충청북도,현지인방문자(a),21349150.0,0.0,0.0
201901,전북특별자치도,현지인방문자(a),26394386.0,0.0,0.0
201902,강원특별자치도,외지인방문자(b),10695489.0,0.0,0.0
201902,충청북도,외지인방문자(b),8143037.0,0.0,0.0
201902,충청남도,외지인방문자(b),12122985.0,0.0,0.0
201902,전북특별자치도,외지인방문자(b),7976868.0,0.0,0.0
201902,전라남도,외지인방문자(b),9979893.0,0.0,0.0
201902,경상북도,외지인방문자(b),14803026.0,0.0,0.0
201902,경상남도,외지인방문자(b),12724344.0,0.0,0.0
201902,제주특별자치도,외지인방문자(b),3919934.0,0.0,0.0
201902,인천광역시,외지인방문자(b),12650463.0,0.0,0.0
201902,세종특별자치시,외지인방문자(b),1924342.0,0.0,0.0
201902,울산광역시,외지인방문자(b),3864693.0,0.0,0.0
201902,대전광역시,외지인방문자(b),6798166.0,0.0,0.0
201902,광주광역시,외지인방문자(b),5526822.0,0.0,0.0
201902,경기도,외지인방문자(b),43111302.0,0.0,0.0
201902,대구광역시,외지인방문자(b),9346676.0,0.0,0.0
201902,부산광역시,외지인방문자(b),12876465.0,0.0,0.0
201902,서울특별시,외지인방문자(b),43909075.0,0.0,0.0
201902,부산광역시,전체방문자(a+b),47558077.0,0.0,0.0
201902,서울특별시,전체방문자(a+b),155229896.0,0.0,0.0
201902,대전광역시,전체방문자(a+b),25466294.0,0.0,0.0
201902,대구광역시,전체방문자(a+b),40959737.0,0.0,0.0
201902,인천광역시,전체방문자(a+b),41676204.0,0.0,0.0
201902,광주광역시,전체방문자(a+b),24762248.0,0.0,0.0
201902,울산광역시,전체방문자(a+b),16806734.0,0.0,0.0
201902,세종특별자치시,전체방문자(a+b),4822724.0,0.0,0.0
201902,경기도,전체방문자(a+b),181976753.0,0.0,0.0
201902,강원특별자치도,전체방문자(a+b),32176767.0,0.0,0.0
201902,충청북도,전체방문자(a+b),26881750.0,0.0,0.0
201902,충청남도,전체방문자(a+b),36188264.0,0.0,0.0
201902,전북특별자치도,전체방문자(a+b),31219405.0,0.0,0.0
201902,전라남도,전체방문자(a+b),30724127.0,0.0,0.0
201902,경상북도,전체방문자(a+b),49076909.0,0.0,0.0
201902,경상남도,전체방문자(a+b),51074310.0,0.0,0.0
201902,제주특별자치도,전체방문자(a+b),16353617.0,0.0,0.0
201902,인천광역시,현지인방문자(a),29025742.0,0.0,0.0
201902,대구광역시,현지인방문자(a),31613060.0,0.0,0.0
201902,부산광역시,현지인방문자(a),34681612.0,0.0,0.0
201902,서울특별시,현지인방문자(a),111320822.0,0.0,0.0
201902,경상남도,현지인방문자(a),38349966.0,0.0,0.0
201902,경상북도,현지인방문자(a),34273883.0,0.0,0.0
201902,전라남도,현지인방문자(a),20744234.0,0.0,0.0
201902,전북특별자치도,현지인방문자(a),23242538.0,0.0,0.0
201902,충청남도,현지인방문자(a),24065279.0,0.0,0.0
201902,충청북도,현지인방문자(a),18738713.0,0.0,0.0
201902,강원특별자치도,현지인방문자(a),21481278.0,0.0,0.0
201902,경기도,현지인방문자(a),138865450.0,0.0,0.0
201902,세종특별자치시,현지인방문자(a),2898382.0,0.0,0.0
201902,울산광역시,현지인방문자(a),12942041.0,0.0,0.0
201902,대전광역시,현지인방문자(a),18668128.0,0.0,0.0
201902,광주광역시,현지인방문자(a),19235426.0,0.0,0.0
201902,제주특별자치도,현지인방문자(a),12433684.0,0.0,0.0
201903,대구광역시,외지인방문자(b),10078936.0,0.0,0.0
201903,대전광역시,외지인방문자(b),8529784.0,0.0,0.0
201903,전라남도,외지인방문자(b),10385742.0,0.0,0.0
201903,전북특별자치도,외지인방문자(b),8010716.0,0.0,0.0
201903,충청남도,외지인방문자(b),14588497.0,0.0,0.0
201903,충청북도,외지인방문자(b),9692655.0,0.0,0.0
201903,강원특별자치도,외지인방문자(b),11195216.0,0.0,0.0
201903,경기도,외지인방문자(b),60810432.0,0.0,0.0
201903,세종특별자치시,외지인방문자(b),2565381.0,0.0,0.0
201903,울산광역시,외지인방문자(b),4442596.0,0.0,0.0
201903,광주광역시,외지인방문자(b),6251892.0,0.0,0.0
201903,인천광역시,외지인방문자(b),15606297.0,0.0,0.0
201903,부산광역시,외지인방문자(b),14100188.0,0.0,0.0
201903,서울특별시,외지인방문자(b),60777356.0,0.0,0.0
201903,경상북도,외지인방문자(b),15789767.0,0.0,0.0
201903,경상남도,외지인방문자(b),13930532.0,0.0,0.0
201903,제주특별자치도,외지인방문자(b),4446690.0,0.0,0.0
201903,제주특별자치도,전체방문자(a+b),18762874.0,0.0,0.0
201903,경상남도,전체방문자(a+b),58373858.0,0.0,0.0
201903,경상북도,전체방문자(a+b),55546659.0,0.0,0.0
201903,전라남도,전체방문자(a+b),34653098.0,0.0,0.0
201903,전북특별자치도,전체방문자(a+b),34800776.0,0.0,0.0
201903,충청남도,전체방문자(a+b),42781526.0,0.0,0.0
201903,충청북도,전체방문자(a+b),31674206.0,0.0,0.0
201903,강원특별자치도,전체방문자(a+b),37172065.0,0.0,0.0
201903,경기도,전체방문자(a+b),228891516.0,0.0,0.0
201903,세종특별자치시,전체방문자(a+b),6057926.0,0.0,0.0
201903,울산광역시,전체방문자(a+b),19530668.0,0.0,0.0
201903,대전광역시,전체방문자(a+b),30271770.0,0.0,0.0
201903,광주광역시,전체방문자(a+b),28395160.0,0.0,0.0
201903,인천광역시,전체방문자(a+b),50563558.0,0.0,0.0
201903,대구광역시,전체방문자(a+b),46195485.0,0.0,0.0
201903,부산광역시,전체방문자(a+b),53810666.0,0.0,0.0
201903,서울특별시,전체방문자(a+b),195628867.0,0.0,0.0
201903,충청북도,현지인방문자(a),21981550.0,0.0,0.0
201903,울산광역시,현지인방문자(a),15088073.0,0.0,0.0
201903,강원특별자치도,현지인방문자(a),25976850.0,0.0,0.0
201903,경기도,현지인방문자(a),168081084.0,0.0,0.0
201903,세종특별자치시,현지인방문자(a),3492545.0,0.0,0.0
201903,전북특별자치도,현지인방문자(a),26790060.0,0.0,0.0
201903,충청남도,현지인방문자(a),28193028.0,0.0,0.0
201903,인천광역시,현지인방문자(a),34957262.0,0.0,0.0
201903,제주특별자치도,현지인방문자(a),14316183.0,0.0,0.0
201903,경상남도,현지인방문자(a),44443326.0,0.0,0.0
201903,경상북도,현지인방문자(a),39756892.0,0.0,0.0
201903,전라남도,현지인방문자(a),24267355.0,0.0,0.0
201903,광주광역시,현지인방문자(a),22143268.0,0.0,0.0
201903,대전광역시,현지인방문자(a),21741986.0,0.0,0.0
201903,서울특별시,현지인방문자(a),134851510.0,0.0,0.0
201903,부산광역시,현지인방문자(a),39710478.0,0.0,0.0
201903,대구광역시,현지인방문자(a),36116549.0,0.0,0.0
201904,제주특별자치도,외지인방문자(b),4080300.0,0.0,0.0
201904,서울특별시,외지인방문자(b),43323472.0,0.0,0.0
201904,부산광역시,외지인방문자(b),10284054.0,0.0,0.0
201904,대구광역시,외지인방문자(b),7807818.0,0.0,0.0
201904,인천광역시,외지인방문자(b),12173718.0,0.0,0.0
201904,광주광역시,외지인방문자(b),4676144.0,0.0,0.0
201904,대전광역시,외지인방문자(b),6052739.0,0.0,0.0
201904,울산광역시,외지인방문자(b),3349874.0,0.0,0.0
201904,세종특별자치시,외지인방문자(b),1914262.0,0.0,0.0
201904,강원특별자치도,외지인방문자(b),8864328.0,0.0,0.0
201904,충청북도,외지인방문자(b),8146012.0,0.0,0.0
201904,경기도,외지인방문자(b),44389796.0,0.0,0.0
201904,경상남도,외지인방문자(b),11461492.0,0.0,0.0
201904,경상북도,외지인방문자(b),12716868.0,0.0,0.0
201904,전라남도,외지인방문자(b),9104302.0,0.0,0.0
201904,전북특별자치도,외지인방문자(b),6619060.0,0.0,0.0
201904,충청남도,외지인방문자(b),12266222.0,0.0,0.0
201904,광주광역시,전체방문자(a+b),25339384.0,0.0,0.0
201904,경상북도,전체방문자(a+b),50425498.0,0.0,0.0
201904,제주특별자치도,전체방문자(a+b),17624943.0,0.0,0.0
201904,서울특별시,전체방문자(a+b),162509266.0,0.0,0.0
201904,부산광역시,전체방문자(a+b),46665892.0,0.0,0.0
201904,대구광역시,전체방문자(a+b),41672372.0,0.0,0.0
201904,인천광역시,전체방문자(a+b),43705694.0,0.0,0.0
201904,경상남도,전체방문자(a+b),52692472.0,0.0,0.0
201904,대전광역시,전체방문자(a+b),26235234.0,0.0,0.0
201904,울산광역시,전체방문자(a+b),17107968.0,0.0,0.0
201904,세종특별자치시,전체방문자(a+b),5204220.0,0.0,0.0
201904,경기도,전체방문자(a+b),192955644.0,0.0,0.0
201904,강원특별자치도,전체방문자(a+b),33160166.0,0.0,0.0
201904,충청북도,전체방문자(a+b),28993408.0,0.0,0.0
201904,충청남도,전체방문자(a+b),39167692.0,0.0,0.0
201904,전북특별자치도,전체방문자(a+b),32008375.0,0.0,0.0
201904,전라남도,전체방문자(a+b),32074116.0,0.0,0.0
201904,경상북도,현지인방문자(a),37708629.0,0.0,0.0
201904,충청남도,현지인방문자(a),26901469.0,0.0,0.0
201904,전북특별자치도,현지인방문자(a),25389315.0,0.0,0.0
201904,전라남도,현지인방문자(a),22969814.0,0.0,0.0
201904,경상남도,현지인방문자(a),41230980.0,0.0,0.0
201904,제주특별자치도,현지인방문자(a),13544643.0,0.0,0.0
201904,강원특별자치도,현지인방문자(a),24295838.0,0.0,0.0
201904,충청북도,현지인방문자(a),20847396.0,0.0,0.0
201904,서울특별시,현지인방문자(a),119185794.0,0.0,0.0
201904,부산광역시,현지인방문자(a),36381838.0,0.0,0.0
201904,대구광역시,현지인방문자(a),33864554.0,0.0,0.0
201904,인천광역시,현지인방문자(a),31531976.0,0.0,0.0
201904,광주광역시,현지인방문자(a),20663240.0,0.0,0.0
201904,대전광역시,현지인방문자(a),20182494.0,0.0,0.0
201904,울산광역시,현지인방문자(a),13758094.0,0.0,0.0
201904,세종특별자치시,현지인방문자(a),3289958.0,0.0,0.0
201904,경기도,현지인방문자(a),148565848.0,0.0,0.0
201905,광주광역시,외지인방문자(b),5168912.0,0.0,0.0
201905,대전광역시,외지인방문자(b),6623740.0,0.0,0.0
201905,울산광역시,외지인방문자(b),4138071.0,0.0,0.0
201905,세종특별자치시,외지인방문자(b),2099884.0,0.0,0.0
201905,경기도,외지인방문자(b),52650574.0,0.0,0.0
201905,강원특별자치도,외지인방문자(b),10288250.0,0.0,0.0
201905,충청북도,외지인방문자(b),9064794.0,0.0,0.0
201905,충청남도,외지인방문자(b),13182628.0,0.0,0.0
201905,전북특별자치도,외지인방문자(b),7650755.0,0.0,0.0
201905,전라남도,외지인방문자(b),10077232.0,0.0,0.0
201905,경상북도,외지인방문자(b),14248213.0,0.0,0.0
201905,경상남도,외지인방문자(b),13002129.0,0.0,0.0
201905,제주특별자치도,외지인방문자(b),4266714.0,0.0,0.0
201905,대구광역시,외지인방문자(b),8482460.0,0.0,0.0
201905,부산광역시,외지인방문자(b),12990982.0,0.0,0.0
201905,서울특별시,외지인방문자(b),51738645.0,0.0,0.0
201905,인천광역시,외지인방문자(b),13929828.0,0.0,0.0
201905,제주특별자치도,전체방문자(a+b),18628656.0,0.0,0.0
201905,경상남도,전체방문자(a+b),57463945.0,0.0,0.0
201905,경상북도,전체방문자(a+b),55433914.0,0.0,0.0
201905,전라남도,전체방문자(a+b),35007280.0,0.0,0.0
201905,전북특별자치도,전체방문자(a+b),35346770.0,0.0,0.0
201905,충청남도,전체방문자(a+b),42871630.0,0.0,0.0
201905,충청북도,전체방문자(a+b),32262671.0,0.0,0.0
201905,강원특별자치도,전체방문자(a+b),35766286.0,0.0,0.0
201905,경기도,전체방문자(a+b),204394740.0,0.0,0.0
201905,세종특별자치시,전체방문자(a+b),5906390.0,0.0,0.0
201905,울산광역시,전체방문자(a+b),19060895.0,0.0,0.0
201905,대전광역시,전체방문자(a+b),29089081.0,0.0,0.0
201905,광주광역시,전체방문자(a+b),27373342.0,0.0,0.0
201905,인천광역시,전체방문자(a+b),46029498.0,0.0,0.0
201905,대구광역시,전체방문자(a+b),44843176.0,0.0,0.0
201905,부산광역시,전체방문자(a+b),52917228.0,0.0,0.0
201905,서울특별시,전체방문자(a+b),174406442.0,0.0,0.0
201905,인천광역시,현지인방문자(a),32099669.0,0.0,0.0
201905,서울특별시,현지인방문자(a),122667797.0,0.0,0.0
201905,부산광역시,현지인방문자(a),39926246.0,0.0,0.0
201905,대구광역시,현지인방문자(a),36360716.0,0.0,0.0
201905,광주광역시,현지인방문자(a),22204430.0,0.0,0.0
201905,대전광역시,현지인방문자(a),22465342.0,0.0,0.0
201905,울산광역시,현지인방문자(a),14922824.0,0.0,0.0
201905,세종특별자치시,현지인방문자(a),3806506.0,0.0,0.0
201905,강원특별자치도,현지인방문자(a),25478036.0,0.0,0.0
201905,충청북도,현지인방문자(a),23197878.0,0.0,0.0
201905,충청남도,현지인방문자(a),29689002.0,0.0,0.0
201905,전북특별자치도,현지인방문자(a),27696014.0,0.0,0.0
201905,전라남도,현지인방문자(a),24930048.0,0.0,0.0
201905,경상북도,현지인방문자(a),41185700.0,0.0,0.0
201905,경상남도,현지인방문자(a),44461816.0,0.0,0.0
201905,제주특별자치도,현지인방문자(a),14361942.0,0.0,0.0
201905,경기도,현지인방문자(a),151744166.0,0.0,0.0
201906,광주광역시,외지인방문자(b),4826006.0,0.0,0.0
201906,대전광역시,외지인방문자(b),6154302.0,0.0,0.0
201906,울산광역시,외지인방문자(b),3529306.0,0.0,0.0
201906,세종특별자치시,외지인방문자(b),1920121.0,0.0,0.0
201906,경기도,외지인방문자(b),53647136.0,0.0,0.0
201906,강원특별자치도,외지인방문자(b),11405702.0,0.0,0.0
201906,충청북도,외지인방문자(b),8171226.0,0.0,0.0
201906,충청남도,외지인방문자(b),11982904.0,0.0,0.0
201906,전북특별자치도,외지인방문자(b),6637043.0,0.0,0.0
201906,전라남도,외지인방문자(b),8784338.0,0.0,0.0
201906,경상북도,외지인방문자(b),12821274.0,0.0,0.0
201906,경상남도,외지인방문자(b),11158998.0,0.0,0.0
201906,제주특별자치도,외지인방문자(b),4080814.0,0.0,0.0
201906,대구광역시,외지인방문자(b),7772754.0,0.0,0.0
201906,부산광역시,외지인방문자(b),11056896.0,0.0,0.0
201906,서울특별시,외지인방문자(b),51421888.0,0.0,0.0
201906,인천광역시,외지인방문자(b),14390208.0,0.0,0.0
201906,경상북도,전체방문자(a+b),52237619.0,0.0,0.0
201906,제주특별자치도,전체방문자(a+b),17662544.0,0.0,0.0
201906,경상남도,전체방문자(a+b),53777801.0,0.0,0.0
201906,전라남도,전체방문자(a+b),32975638.0,0.0,0.0
201906,전북특별자치도,전체방문자(a+b),33326898.0,0.0,0.0
201906,충청남도,전체방문자(a+b),40705154.0,0.0,0.0
201906,충청북도,전체방문자(a+b),30260391.0,0.0,0.0
201906,강원특별자치도,전체방문자(a+b),35923696.0,0.0,0.0
201906,경기도,전체방문자(a+b),199046225.0,0.0,0.0
201906,세종특별자치시,전체방문자(a+b),5621304.0,0.0,0.0
201906,울산광역시,전체방문자(a+b),18091178.0,0.0,0.0
201906,대전광역시,전체방문자(a+b),27686264.0,0.0,0.0
201906,광주광역시,전체방문자(a+b),26291654.0,0.0,0.0
201906,인천광역시,전체방문자(a+b),45001859.0,0.0,0.0
201906,대구광역시,전체방문자(a+b),43020722.0,0.0,0.0
201906,부산광역시,전체방문자(a+b),49982912.0,0.0,0.0
201906,서울특별시,전체방문자(a+b),167370668.0,0.0,0.0
201906,광주광역시,현지인방문자(a),21465647.0,0.0,0.0
201906,세종특별자치시,현지인방문자(a),3701184.0,0.0,0.0
201906,울산광역시,현지인방문자(a),14561872.0,0.0,0.0
201906,대전광역시,현지인방문자(a),21531962.0,0.0,0.0
201906,인천광역시,현지인방문자(a),30611651.0,0.0,0.0
201906,대구광역시,현지인방문자(a),35247968.0,0.0,0.0
201906,부산광역시,현지인방문자(a),38926016.0,0.0,0.0
201906,서울특별시,현지인방문자(a),115948780.0,0.0,0.0
201906,강원특별자치도,현지인방문자(a),24517994.0,0.0,0.0
201906,충청북도,현지인방문자(a),22089165.0,0.0,0.0
201906,충청남도,현지인방문자(a),28722250.0,0.0,0.0
201906,전북특별자치도,현지인방문자(a),26689856.0,0.0,0.0
201906,경기도,현지인방문자(a),145399090.0,0.0,0.0
201906,전라남도,현지인방문자(a),24191300.0,0.0,0.0
201906,경상북도,현지인방문자(a),39416346.0,0.0,0.0
201906,경상남도,현지인방문자(a),42618804.0,0.0,0.0
201906,제주특별자치도,현지인방문자(a),13581729.0,0.0,0.0
201907,광주광역시,외지인방문자(b),5742359.0,0.0,0.0
201907,대전광역시,외지인방문자(b),7121576.0,0.0,0.0
201907,울산광역시,외지인방문자(b),4397684.0,0.0,0.0
201907,세종특별자치시,외지인방문자(b),2160410.0,0.0,0.0
201907,경기도,외지인방문자(b),60127620.0,0.0,0.0
201907,강원특별자치도,외지인방문자(b),13965038.0,0.0,0.0
201907,충청북도,외지인방문자(b),9042842.0,0.0,0.0
201907,충청남도,외지인방문자(b),12938250.0,0.0,0.0
201907,전북특별자치도,외지인방문자(b),7512757.0,0.0,0.0
201907,전라남도,외지인방문자(b),9723480.0,0.0,0.0
201907,경상북도,외지인방문자(b),14840301.0,0.0,0.0
201907,제주특별자치도,외지인방문자(b),4713832.0,0.0,0.0
201907,경상남도,외지인방문자(b),13443118.0,0.0,0.0
201907,대구광역시,외지인방문자(b),9565580.0,0.0,0.0
201907,부산광역시,외지인방문자(b),13210617.0,0.0,0.0
201907,서울특별시,외지인방문자(b),58264846.0,0.0,0.0
201907,인천광역시,외지인방문자(b),15600932.0,0.0,0.0
201907,제주특별자치도,전체방문자(a+b),18503110.0,0.0,0.0
201907,경상남도,전체방문자(a+b),57495358.0,0.0,0.0
201907,서울특별시,전체방문자(a+b),175832290.0,0.0,0.0
201907,부산광역시,전체방문자(a+b),54137506.0,0.0,0.0
201907,대구광역시,전체방문자(a+b),45915958.0,0.0,0.0
201907,인천광역시,전체방문자(a+b),46417710.0,0.0,0.0
201907,광주광역시,전체방문자(a+b),27447668.0,0.0,0.0
201907,대전광역시,전체방문자(a+b),28733828.0,0.0,0.0
201907,울산광역시,전체방문자(a+b),20106086.0,0.0,0.0
201907,경기도,전체방문자(a+b),205713641.0,0.0,0.0
201907,세종특별자치시,전체방문자(a+b),5876955.0,0.0,0.0
201907,경상북도,전체방문자(a+b),54701038.0,0.0,0.0
201907,전라남도,전체방문자(a+b),33639494.0,0.0,0.0
201907,전북특별자치도,전체방문자(a+b),34009504.0,0.0,0.0
201907,충청북도,전체방문자(a+b),31238666.0,0.0,0.0
201907,강원특별자치도,전체방문자(a+b),36701536.0,0.0,0.0
201907,충청남도,전체방문자(a+b),41734962.0,0.0,0.0
201907,경기도,현지인방문자(a),145586021.0,0.0,0.0
201907,세종특별자치시,현지인방문자(a),3716545.0,0.0,0.0
201907,울산광역시,현지인방문자(a),15708402.0,0.0,0.0
201907,대전광역시,현지인방문자(a),21612252.0,0.0,0.0
201907,광주광역시,현지인방문자(a),21705310.0,0.0,0.0
201907,인천광역시,현지인방문자(a),30816779.0,0.0,0.0
201907,대구광역시,현지인방문자(a),36350377.0,0.0,0.0
201907,부산광역시,현지인방문자(a),40926890.0,0.0,0.0
201907,서울특별시,현지인방문자(a),117567443.0,0.0,0.0
201907,강원특별자치도,현지인방문자(a),22736497.0,0.0,0.0
201907,충청북도,현지인방문자(a),22195824.0,0.0,0.0
201907,충청남도,현지인방문자(a),28796712.0,0.0,0.0
201907,전북특별자치도,현지인방문자(a),26496746.0,0.0,0.0
201907,전라남도,현지인방문자(a),23916014.0,0.0,0.0
201907,경상북도,현지인방문자(a),39860737.0,0.0,0.0
201907,경상남도,현지인방문자(a),44052239.0,0.0,0.0
201907,제주특별자치도,현지인방문자(a),13789279.0,0.0,0.0
201908,충청남도,외지인방문자(b),14571708.0,0.0,0.0
201908,충청북도,외지인방문자(b),9953058.0,0.0,0.0
201908,강원특별자치도,외지인방문자(b),20002210.0,0.0,0.0
201908,경기도,외지인방문자(b),68402618.0,0.0,0.0
201908,세종특별자치시,외지인방문자(b),2099206.0,0.0,0.0
201908,울산광역시,외지인방문자(b),4261764.0,0.0,0.0
201908,대전광역시,외지인방문자(b),6958024.0,0.0,0.0
201908,광주광역시,외지인방문자(b),5643456.0,0.0,0.0
201908,인천광역시,외지인방문자(b),17910624.0,0.0,0.0
201908,대구광역시,외지인방문자(b),9090120.0,0.0,0.0
201908,부산광역시,외지인방문자(b),13473968.0,0.0,0.0
201908,서울특별시,외지인방문자(b),62843266.0,0.0,0.0
201908,전북특별자치도,외지인방문자(b),9107000.0,0.0,0.0
201908,전라남도,외지인방문자(b),11713205.0,0.0,0.0
201908,경상북도,외지인방문자(b),16981832.0,0.0,0.0
201908,경상남도,외지인방문자(b),14681723.0,0.0,0.0
201908,제주특별자치도,외지인방문자(b),5349022.0,0.0,0.0
201908,부산광역시,전체방문자(a+b),52398034.0,0.0,0.0
201908,서울특별시,전체방문자(a+b),185948794.0,0.0,0.0
201908,대구광역시,전체방문자(a+b),43209912.0,0.0,0.0
201908,인천광역시,전체방문자(a+b),48662926.0,0.0,0.0
201908,광주광역시,전체방문자(a+b),26552186.0,0.0,0.0
201908,대전광역시,전체방문자(a+b),27681458.0,0.0,0.0
201908,울산광역시,전체방문자(a+b),18581378.0,0.0,0.0
201908,세종특별자치시,전체방문자(a+b),5576368.0,0.0,0.0
201908,강원특별자치도,전체방문자(a+b),43982572.0,0.0,0.0
201908,경기도,전체방문자(a+b),218833220.0,0.0,0.0
201908,제주특별자치도,전체방문자(a+b),18944958.0,0.0,0.0
201908,경상남도,전체방문자(a+b),57307092.0,0.0,0.0
201908,경상북도,전체방문자(a+b),55153900.0,0.0,0.0
201908,전라남도,전체방문자(a+b),35138282.0,0.0,0.0
201908,전북특별자치도,전체방문자(a+b),34859822.0,0.0,0.0
201908,충청남도,전체방문자(a+b),42103985.0,0.0,0.0
201908,충청북도,전체방문자(a+b),31355138.0,0.0,0.0
201908,제주특별자치도,현지인방문자(a),13595936.0,0.0,0.0
201908,경상북도,현지인방문자(a),38172068.0,0.0,0.0
201908,서울특별시,현지인방문자(a),123105528.0,0.0,0.0
201908,부산광역시,현지인방문자(a),38924067.0,0.0,0.0
201908,대구광역시,현지인방문자(a),34119792.0,0.0,0.0
201908,인천광역시,현지인방문자(a),30752302.0,0.0,0.0
201908,광주광역시,현지인방문자(a),20908730.0,0.0,0.0
201908,대전광역시,현지인방문자(a),20723434.0,0.0,0.0
201908,울산광역시,현지인방문자(a),14319613.0,0.0,0.0
201908,경기도,현지인방문자(a),150430602.0,0.0,0.0
201908,강원특별자치도,현지인방문자(a),23980362.0,0.0,0.0
201908,충청북도,현지인방문자(a),21402080.0,0.0,0.0
201908,충청남도,현지인방문자(a),27532278.0,0.0,0.0
201908,전북특별자치도,현지인방문자(a),25752822.0,0.0,0.0
201908,전라남도,현지인방문자(a),23425076.0,0.0,0.0
201908,경상남도,현지인방문자(a),42625370.0,0.0,0.0
201908,세종특별자치시,현지인방문자(a),3477162.0,0.0,0.0
201909,대전광역시,외지인방문자(b),7716138.0,0.0,0.0
201909,울산광역시,외지인방문자(b),4117852.0,0.0,0.0
201909,세종특별자치시,외지인방문자(b),2294646.0,0.0,0.0
201909,경기도,외지인방문자(b),60490283.0,0.0,0.0
201909,강원특별자치도,외지인방문자(b),12339890.0,0.0,0.0
201909,충청북도,외지인방문자(b),10099666.0,0.0,0.0
201909,충청남도,외지인방문자(b),14875780.0,0.0,0.0
201909,전북특별자치도,외지인방문자(b),9227046.0,0.0,0.0
201909,전라남도,외지인방문자(b),11069306.0,0.0,0.0
201909,경상북도,외지인방문자(b),16953993.0,0.0,0.0
201909,경상남도,외지인방문자(b),13395340.0,0.0,0.0
201909,제주특별자치도,외지인방문자(b),4199822.0,0.0,0.0
201909,서울특별시,외지인방문자(b),57545747.0,0.0,0.0
201909,부산광역시,외지인방문자(b),13364900.0,0.0,0.0
201909,대구광역시,외지인방문자(b),9768518.0,0.0,0.0
201909,인천광역시,외지인방문자(b),16123726.0,0.0,0.0
201909,광주광역시,외지인방문자(b),6043698.0,0.0,0.0
201909,제주특별자치도,전체방문자(a+b),17317888.0,0.0,0.0
201909,서울특별시,전체방문자(a+b),177075038.0,0.0,0.0
201909,부산광역시,전체방문자(a+b),52708530.0,0.0,0.0
201909,대구광역시,전체방문자(a+b),43937096.0,0.0,0.0
201909,인천광역시,전체방문자(a+b),45994140.0,0.0,0.0
201909,광주광역시,전체방문자(a+b),26640537.0,0.0,0.0
201909,대전광역시,전체방문자(a+b),28532245.0,0.0,0.0
201909,울산광역시,전체방문자(a+b),18333164.0,0.0,0.0
201909,세종특별자치시,전체방문자(a+b),5908175.0,0.0,0.0
201909,경기도,전체방문자(a+b),207008162.0,0.0,0.0
201909,강원특별자치도,전체방문자(a+b),35386078.0,0.0,0.0
201909,충청북도,전체방문자(a+b),31582964.0,0.0,0.0
201909,충청남도,전체방문자(a+b),42517734.0,0.0,0.0
201909,전북특별자치도,전체방문자(a+b),34893036.0,0.0,0.0
201909,전라남도,전체방문자(a+b),34346238.0,0.0,0.0
201909,경상북도,전체방문자(a+b),55336894.0,0.0,0.0
201909,경상남도,전체방문자(a+b),56133105.0,0.0,0.0
201909,전라남도,현지인방문자(a),23276932.0,0.0,0.0
201909,전북특별자치도,현지인방문자(a),25665990.0,0.0,0.0
201909,경상북도,현지인방문자(a),38382900.0,0.0,0.0
201909,경상남도,현지인방문자(a),42737765.0,0.0,0.0
201909,제주특별자치도,현지인방문자(a),13118066.0,0.0,0.0
201909,인천광역시,현지인방문자(a),29870414.0,0.0,0.0
201909,충청남도,현지인방문자(a),27641954.0,0.0,0.0
201909,충청북도,현지인방문자(a),21483298.0,0.0,0.0
201909,강원특별자치도,현지인방문자(a),23046188.0,0.0,0.0
201909,경기도,현지인방문자(a),146517878.0,0.0,0.0
201909,세종특별자치시,현지인방문자(a),3613530.0,0.0,0.0
201909,울산광역시,현지인방문자(a),14215313.0,0.0,0.0
201909,대전광역시,현지인방문자(a),20816106.0,0.0,0.0
201909,광주광역시,현지인방문자(a),20596838.0,0.0,0.0
201909,대구광역시,현지인방문자(a),34168578.0,0.0,0.0
201909,부산광역시,현지인방문자(a),39343630.0,0.0,0.0
201909,서울특별시,현지인방문자(a),119529291.0,0.0,0.0
201910,경상남도,외지인방문자(b),12475624.0,0.0,0.0
201910,제주특별자치도,외지인방문자(b),4742090.0,0.0,0.0
201910,경상북도,외지인방문자(b),14374112.0,0.0,0.0
201910,전라남도,외지인방문자(b),10217050.0,0.0,0.0
201910,충청남도,외지인방문자(b),13842605.0,0.0,0.0
201910,전북특별자치도,외지인방문자(b),7982558.0,0.0,0.0
201910,세종특별자치시,외지인방문자(b),2183419.0,0.0,0.0
201910,울산광역시,외지인방문자(b),3979728.0,0.0,0.0
201910,대전광역시,외지인방문자(b),6835227.0,0.0,0.0
201910,광주광역시,외지인방문자(b),5385471.0,0.0,0.0
201910,인천광역시,외지인방문자(b),15390025.0,0.0,0.0
201910,대구광역시,외지인방문자(b),8458058.0,0.0,0.0
201910,부산광역시,외지인방문자(b),11671233.0,0.0,0.0
201910,서울특별시,외지인방문자(b),56278649.0,0.0,0.0
201910,경기도,외지인방문자(b),57996628.0,0.0,0.0
201910,강원특별자치도,외지인방문자(b),11885290.0,0.0,0.0
201910,충청북도,외지인방문자(b),9182016.0,0.0,0.0
201910,세종특별자치시,전체방문자(a+b),6099978.0,0.0,0.0
201910,경상북도,전체방문자(a+b),54704279.0,0.0,0.0
201910,경상남도,전체방문자(a+b),57398544.0,0.0,0.0
201910,전라남도,전체방문자(a+b),34814440.0,0.0,0.0
201910,전북특별자치도,전체방문자(a+b),34764986.0,0.0,0.0
201910,충청남도,전체방문자(a+b),43193392.0,0.0,0.0
201910,충청북도,전체방문자(a+b),31694796.0,0.0,0.0
201910,제주특별자치도,전체방문자(a+b),18801272.0,0.0,0.0
201910,강원특별자치도,전체방문자(a+b),35590902.0,0.0,0.0
201910,경기도,전체방문자(a+b),209474346.0,0.0,0.0
201910,울산광역시,전체방문자(a+b),18962097.0,0.0,0.0
201910,대전광역시,전체방문자(a+b),28532122.0,0.0,0.0
201910,광주광역시,전체방문자(a+b),26943553.0,0.0,0.0
201910,인천광역시,전체방문자(a+b),46803561.0,0.0,0.0
201910,대구광역시,전체방문자(a+b),44293470.0,0.0,0.0
201910,부산광역시,전체방문자(a+b),52872967.0,0.0,0.0
201910,서울특별시,전체방문자(a+b),179396480.0,0.0,0.0
201910,제주특별자치도,현지인방문자(a),14059182.0,0.0,0.0
201910,경상남도,현지인방문자(a),44922920.0,0.0,0.0
201910,충청북도,현지인방문자(a),22512780.0,0.0,0.0
201910,경상북도,현지인방문자(a),40330168.0,0.0,0.0
201910,전라남도,현지인방문자(a),24597391.0,0.0,0.0
201910,전북특별자치도,현지인방문자(a),26782427.0,0.0,0.0
201910,충청남도,현지인방문자(a),29350786.0,0.0,0.0
201910,강원특별자치도,현지인방문자(a),23705612.0,0.0,0.0
201910,경기도,현지인방문자(a),151477718.0,0.0,0.0
201910,세종특별자치시,현지인방문자(a),3916560.0,0.0,0.0
201910,울산광역시,현지인방문자(a),14982370.0,0.0,0.0
201910,대전광역시,현지인방문자(a),21696896.0,0.0,0.0
201910,광주광역시,현지인방문자(a),21558082.0,0.0,0.0
201910,인천광역시,현지인방문자(a),31413536.0,0.0,0.0
201910,대구광역시,현지인방문자(a),35835412.0,0.0,0.0
201910,부산광역시,현지인방문자(a),41201734.0,0.0,0.0
201910,서울특별시,현지인방문자(a),123117830.0,0.0,0.0
201911,서울특별시,외지인방문자(b),60061148.0,0.0,0.0
201911,충청남도,외지인방문자(b),12580018.0,0.0,0.0
201911,부산광역시,외지인방문자(b),11774396.0,0.0,0.0
201911,대구광역시,외지인방문자(b),8485554.0,0.0,0.0
201911,인천광역시,외지인방문자(b),15749436.0,0.0,0.0
201911,광주광역시,외지인방문자(b),5374310.0,0.0,0.0
201911,대전광역시,외지인방문자(b),6764891.0,0.0,0.0
201911,울산광역시,외지인방문자(b),3788099.0,0.0,0.0
201911,세종특별자치시,외지인방문자(b),2076918.0,0.0,0.0
201911,경기도,외지인방문자(b),58462264.0,0.0,0.0
201911,강원특별자치도,외지인방문자(b),11231770.0,0.0,0.0
201911,충청북도,외지인방문자(b),8687651.0,0.0,0.0
201911,제주특별자치도,외지인방문자(b),4348533.0,0.0,0.0
201911,경상남도,외지인방문자(b),11879340.0,0.0,0.0
201911,경상북도,외지인방문자(b),13760523.0,0.0,0.0
201911,전라남도,외지인방문자(b),9724774.0,0.0,0.0
201911,전북특별자치도,외지인방문자(b),8097876.0,0.0,0.0
201911,전북특별자치도,전체방문자(a+b),34744524.0,0.0,0.0
201911,서울특별시,전체방문자(a+b),196146346.0,0.0,0.0
201911,제주특별자치도,전체방문자(a+b),18080794.0,0.0,0.0
201911,경상남도,전체방문자(a+b),55802246.0,0.0,0.0
201911,경상북도,전체방문자(a+b),53886808.0,0.0,0.0
201911,전라남도,전체방문자(a+b),34032796.0,0.0,0.0
201911,충청남도,전체방문자(a+b),41791323.0,0.0,0.0
201911,충청북도,전체방문자(a+b),31129662.0,0.0,0.0
201911,강원특별자치도,전체방문자(a+b),37215605.0,0.0,0.0
201911,경기도,전체방문자(a+b),223290508.0,0.0,0.0
201911,세종특별자치시,전체방문자(a+b),6011576.0,0.0,0.0
201911,울산광역시,전체방문자(a+b),18338484.0,0.0,0.0
201911,대전광역시,전체방문자(a+b),28493140.0,0.0,0.0
201911,광주광역시,전체방문자(a+b),26523578.0,0.0,0.0
201911,인천광역시,전체방문자(a+b),49899542.0,0.0,0.0
201911,대구광역시,전체방문자(a+b),43577891.0,0.0,0.0
201911,부산광역시,전체방문자(a+b),52433311.0,0.0,0.0
201911,경기도,현지인방문자(a),164828244.0,0.0,0.0
201911,서울특별시,현지인방문자(a),136085198.0,0.0,0.0
201911,부산광역시,현지인방문자(a),40658916.0,0.0,0.0
201911,대구광역시,현지인방문자(a),35092337.0,0.0,0.0
201911,인천광역시,현지인방문자(a),34150106.0,0.0,0.0
201911,광주광역시,현지인방문자(a),21149268.0,0.0,0.0
201911,대전광역시,현지인방문자(a),21728248.0,0.0,0.0
201911,울산광역시,현지인방문자(a),14550386.0,0.0,0.0
201911,세종특별자치시,현지인방문자(a),3934658.0,0.0,0.0
201911,강원특별자치도,현지인방문자(a),25983836.0,0.0,0.0
201911,제주특별자치도,현지인방문자(a),13732260.0,0.0,0.0
201911,경상남도,현지인방문자(a),43922907.0,0.0,0.0
201911,경상북도,현지인방문자(a),40126286.0,0.0,0.0
201911,전라남도,현지인방문자(a),24308022.0,0.0,0.0
201911,전북특별자치도,현지인방문자(a),26646648.0,0.0,0.0
201911,충청남도,현지인방문자(a),29211304.0,0.0,0.0
201911,충청북도,현지인방문자(a),22442010.0,0.0,0.0
201912,전북특별자치도,외지인방문자(b),6997599.0,0.0,0.0
201912,충청남도,외지인방문자(b),11285460.0,0.0,0.0
201912,전라남도,외지인방문자(b),8949868.0,0.0,0.0
201912,경상북도,외지인방문자(b),12706012.0,0.0,0.0
201912,경상남도,외지인방문자(b),12054945.0,0.0,0.0
201912,제주특별자치도,외지인방문자(b),4481918.0,0.0,0.0
201912,충청북도,외지인방문자(b),7626696.0,0.0,0.0
201912,강원특별자치도,외지인방문자(b),11121075.0,0.0,0.0
201912,경기도,외지인방문자(b),49344624.0,0.0,0.0
201912,세종특별자치시,외지인방문자(b),2038550.0,0.0,0.0
201912,울산광역시,외지인방문자(b),4192864.0,0.0,0.0
201912,대전광역시,외지인방문자(b),6963992.0,0.0,0.0
201912,광주광역시,외지인방문자(b),5756152.0,0.0,0.0
201912,인천광역시,외지인방문자(b),14098581.0,0.0,0.0
201912,대구광역시,외지인방문자(b),9170518.0,0.0,0.0
201912,부산광역시,외지인방문자(b),13194310.0,0.0,0.0
201912,서울특별시,외지인방문자(b),53230254.0,0.0,0.0
201912,충청북도,전체방문자(a+b),30623803.0,0.0,0.0
201912,부산광역시,전체방문자(a+b),55950447.0,0.0,0.0
201912,대구광역시,전체방문자(a+b),45274341.0,0.0,0.0
201912,인천광역시,전체방문자(a+b),49364388.0,0.0,0.0
201912,광주광역시,전체방문자(a+b),27922716.0,0.0,0.0
201912,대전광역시,전체방문자(a+b),29302462.0,0.0,0.0
201912,울산광역시,전체방문자(a+b),19718601.0,0.0,0.0
201912,세종특별자치시,전체방문자(a+b),6060142.0,0.0,0.0
201912,경기도,전체방문자(a+b),219325141.0,0.0,0.0
201912,강원특별자치도,전체방문자(a+b),36986012.0,0.0,0.0
201912,충청남도,전체방문자(a+b),42086947.0,0.0,0.0
201912,전북특별자치도,전체방문자(a+b),34774985.0,0.0,0.0
201912,전라남도,전체방문자(a+b),34209917.0,0.0,0.0
201912,경상북도,전체방문자(a+b),53396861.0,0.0,0.0
201912,경상남도,전체방문자(a+b),58323612.0,0.0,0.0
201912,제주특별자치도,전체방문자(a+b),18631680.0,0.0,0.0
201912,서울특별시,전체방문자(a+b),189365544.0,0.0,0.0
201912,서울특별시,현지인방문자(a),136135290.0,0.0,0.0
201912,충청남도,현지인방문자(a),30801488.0,0.0,0.0
201912,전북특별자치도,현지인방문자(a),27777386.0,0.0,0.0
201912,전라남도,현지인방문자(a),25260050.0,0.0,0.0
201912,경상북도,현지인방문자(a),40690850.0,0.0,0.0
201912,경상남도,현지인방문자(a),46268666.0,0.0,0.0
201912,제주특별자치도,현지인방문자(a),14149762.0,0.0,0.0
201912,충청북도,현지인방문자(a),22997107.0,0.0,0.0
201912,강원특별자치도,현지인방문자(a),25864937.0,0.0,0.0
201912,세종특별자치시,현지인방문자(a),4021591.0,0.0,0.0
201912,부산광역시,현지인방문자(a),42756136.0,0.0,0.0
201912,대구광역시,현지인방문자(a),36103823.0,0.0,0.0
201912,인천광역시,현지인방문자(a),35265808.0,0.0,0.0
201912,광주광역시,현지인방문자(a),22166564.0,0.0,0.0
201912,대전광역시,현지인방문자(a),22338470.0,0.0,0.0
201912,울산광역시,현지인방문자(a),15525738.0,0.0,0.0
201912,경기도,현지인방문자(a),169980517.0,0.0,0.0
202001,대전광역시,외지인방문자(b),7108000.0,0.0,0.0
202001,울산광역시,외지인방문자(b),4277228.0,0.0,0.0
202001,서울특별시,외지인방문자(b),49980364.0,0.0,0.0
202001,부산광역시,외지인방문자(b),13512740.0,0.0,0.0
202001,대구광역시,외지인방문자(b),9669110.0,0.0,0.0
202001,인천광역시,외지인방문자(b),14490780.0,0.0,0.0
202001,광주광역시,외지인방문자(b),5752453.0,0.0,0.0
202001,경상남도,외지인방문자(b),13629364.0,0.0,0.0
202001,경상북도,외지인방문자(b),15190346.0,0.0,0.0
202001,전라남도,외지인방문자(b),10372540.0,0.0,0.0
202001,전북특별자치도,외지인방문자(b),8185107.0,0.0,0.0
202001,제주특별자치도,외지인방문자(b),4718360.0,0.0,0.0
202001,세종특별자치시,외지인방문자(b),2074216.0,0.0,0.0
202001,경기도,외지인방문자(b),49728308.0,0.0,0.0
202001,강원특별자치도,외지인방문자(b),13759644.0,0.0,0.0
202001,충청북도,외지인방문자(b),8591135.0,0.0,0.0
202001,충청남도,외지인방문자(b),12680412.0,0.0,0.0
202001,경상남도,전체방문자(a+b),57831022.0,0.0,0.0
202001,서울특별시,전체방문자(a+b),186311720.0,0.0,0.0
202001,부산광역시,전체방문자(a+b),53700832.0,0.0,0.0
202001,대구광역시,전체방문자(a+b),44547366.0,0.0,0.0
202001,인천광역시,전체방문자(a+b),49967284.0,0.0,0.0
202001,광주광역시,전체방문자(a+b),26807032.0,0.0,0.0
202001,대전광역시,전체방문자(a+b),28357948.0,0.0,0.0
202001,울산광역시,전체방문자(a+b),18758320.0,0.0,0.0
202001,세종특별자치시,전체방문자(a+b),5810917.0,0.0,0.0
202001,경기도,전체방문자(a+b),219984054.0,0.0,0.0
202001,제주특별자치도,전체방문자(a+b),18120938.0,0.0,0.0
202001,경상북도,전체방문자(a+b),53530484.0,0.0,0.0
202001,전라남도,전체방문자(a+b),34084838.0,0.0,0.0
202001,전북특별자치도,전체방문자(a+b),34352451.0,0.0,0.0
202001,충청북도,전체방문자(a+b),30258529.0,0.0,0.0
202001,강원특별자치도,전체방문자(a+b),39343164.0,0.0,0.0
202001,충청남도,전체방문자(a+b),41303006.0,0.0,0.0
202001,경기도,현지인방문자(a),170255746.0,0.0,0.0
202001,제주특별자치도,현지인방문자(a),13402578.0,0.0,0.0
202001,경상남도,현지인방문자(a),44201658.0,0.0,0.0
202001,경상북도,현지인방문자(a),38340138.0,0.0,0.0
202001,전라남도,현지인방문자(a),23712297.0,0.0,0.0
202001,전북특별자치도,현지인방문자(a),26167344.0,0.0,0.0
202001,충청남도,현지인방문자(a),28622594.0,0.0,0.0
202001,충청북도,현지인방문자(a),21667394.0,0.0,0.0
202001,부산광역시,현지인방문자(a),40188092.0,0.0,0.0
202001,대구광역시,현지인방문자(a),34878256.0,0.0,0.0
202001,인천광역시,현지인방문자(a),35476504.0,0.0,0.0
202001,광주광역시,현지인방문자(a),21054579.0,0.0,0.0
202001,대전광역시,현지인방문자(a),21249949.0,0.0,0.0
202001,울산광역시,현지인방문자(a),14481092.0,0.0,0.0
202001,세종특별자치시,현지인방문자(a),3736702.0,0.0,0.0
202001,서울특별시,현지인방문자(a),136331356.0,0.0,0.0
202001,강원특별자치도,현지인방문자(a),25583520.0,0.0,0.0
202002,대전광역시,외지인방문자(b),5392950.0,0.0,0.0
202002,충청북도,외지인방문자(b),6002482.0,0.0,0.0
202002,강원특별자치도,외지인방문자(b),8190966.0,0.0,0.0
202002,경기도,외지인방문자(b),40011500.0,0.0,0.0
202002,세종특별자치시,외지인방문자(b),1729840.0,0.0,0.0
202002,울산광역시,외지인방문자(b),3245508.0,0.0,0.0
202002,광주광역시,외지인방문자(b),4153275.0,0.0,0.0
202002,인천광역시,외지인방문자(b),10468969.0,0.0,0.0
202002,대구광역시,외지인방문자(b),6108753.0,0.0,0.0
202002,부산광역시,외지인방문자(b),9479306.0,0.0,0.0
202002,서울특별시,외지인방문자(b),39887253.0,0.0,0.0
202002,충청남도,외지인방문자(b),8693528.0,0.0,0.0
202002,전북특별자치도,외지인방문자(b),5432144.0,0.0,0.0
202002,전라남도,외지인방문자(b),7091238.0,0.0,0.0
202002,경상북도,외지인방문자(b),9805884.0,0.0,0.0
202002,경상남도,외지인방문자(b),9709630.0,0.0,0.0
202002,제주특별자치도,외지인방문자(b),3129308.0,0.0,0.0
202002,강원특별자치도,전체방문자(a+b),32015106.0,0.0,0.0
202002,서울특별시,전체방문자(a+b),166356950.0,0.0,0.0
202002,부산광역시,전체방문자(a+b),47040063.0,0.0,0.0
202002,대구광역시,전체방문자(a+b),37166160.0,0.0,0.0
202002,인천광역시,전체방문자(a+b),43359530.0,0.0,0.0
202002,광주광역시,전체방문자(a+b),23398872.0,0.0,0.0
202002,대전광역시,전체방문자(a+b),25058824.0,0.0,0.0
202002,울산광역시,전체방문자(a+b),17078422.0,0.0,0.0
202002,세종특별자치시,전체방문자(a+b),5324666.0,0.0,0.0
202002,경기도,전체방문자(a+b),196818636.0,0.0,0.0
202002,충청북도,전체방문자(a+b),25969500.0,0.0,0.0
202002,충청남도,전체방문자(a+b),35192913.0,0.0,0.0
202002,전북특별자치도,전체방문자(a+b),29749892.0,0.0,0.0
202002,전라남도,전체방문자(a+b),29448402.0,0.0,0.0
202002,경상북도,전체방문자(a+b),44728054.0,0.0,0.0
202002,경상남도,전체방문자(a+b),51264549.0,0.0,0.0
202002,제주특별자치도,전체방문자(a+b),15551963.0,0.0,0.0
202002,부산광역시,현지인방문자(a),37560758.0,0.0,0.0
202002,경기도,현지인방문자(a),156807136.0,0.0,0.0
202002,제주특별자치도,현지인방문자(a),12422655.0,0.0,0.0
202002,경상남도,현지인방문자(a),41554919.0,0.0,0.0
202002,경상북도,현지인방문자(a),34922170.0,0.0,0.0
202002,전라남도,현지인방문자(a),22357164.0,0.0,0.0
202002,전북특별자치도,현지인방문자(a),24317748.0,0.0,0.0
202002,충청남도,현지인방문자(a),26499386.0,0.0,0.0
202002,충청북도,현지인방문자(a),19967017.0,0.0,0.0
202002,강원특별자치도,현지인방문자(a),23824140.0,0.0,0.0
202002,세종특별자치시,현지인방문자(a),3594826.0,0.0,0.0
202002,울산광역시,현지인방문자(a),13832914.0,0.0,0.0
202002,대전광역시,현지인방문자(a),19665874.0,0.0,0.0
202002,광주광역시,현지인방문자(a),19245597.0,0.0,0.0
202002,인천광역시,현지인방문자(a),32890560.0,0.0,0.0
202002,대구광역시,현지인방문자(a),31057408.0,0.0,0.0
202002,서울특별시,현지인방문자(a),126469696.0,0.0,0.0
202003,경기도,외지인방문자(b),43016015.0,0.0,0.0
202003,서울특별시,외지인방문자(b),35875693.0,0.0,0.0
202003,부산광역시,외지인방문자(b),8356096.0,0.0,0.0
202003,대구광역시,외지인방문자(b),4361875.0,0.0,0.0
202003,인천광역시,외지인방문자(b),10548934.0,0.0,0.0
202003,광주광역시,외지인방문자(b),4255016.0,0.0,0.0
202003,대전광역시,외지인방문자(b),5141122.0,0.0,0.0
202003,울산광역시,외지인방문자(b),3000109.0,0.0,0.0
202003,세종특별자치시,외지인방문자(b),1758281.0,0.0,0.0
202003,강원특별자치도,외지인방문자(b),8454204.0,0.0,0.0
202003,충청북도,외지인방문자(b),6752246.0,0.0,0.0
202003,충청남도,외지인방문자(b),9791450.0,0.0,0.0
202003,전북특별자치도,외지인방문자(b),5764682.0,0.0,0.0
202003,전라남도,외지인방문자(b),8187242.0,0.0,0.0
202003,경상북도,외지인방문자(b),8919110.0,0.0,0.0
202003,경상남도,외지인방문자(b),9917985.0,0.0,0.0
202003,제주특별자치도,외지인방문자(b),2928020.0,0.0,0.0
202003,제주특별자치도,전체방문자(a+b),15917482.0,0.0,0.0
202003,세종특별자치시,전체방문자(a+b),5301922.0,0.0,0.0
202003,경상남도,전체방문자(a+b),51885284.0,0.0,0.0
202003,경상북도,전체방문자(a+b),43403574.0,0.0,0.0
202003,전라남도,전체방문자(a+b),30911818.0,0.0,0.0
202003,전북특별자치도,전체방문자(a+b),30641580.0,0.0,0.0
202003,충청남도,전체방문자(a+b),36421672.0,0.0,0.0
202003,충청북도,전체방문자(a+b),26885796.0,0.0,0.0
202003,강원특별자치도,전체방문자(a+b),32878710.0,0.0,0.0
202003,경기도,전체방문자(a+b),202021634.0,0.0,0.0
202003,울산광역시,전체방문자(a+b),16795866.0,0.0,0.0
202003,대전광역시,전체방문자(a+b),24372590.0,0.0,0.0
202003,광주광역시,전체방문자(a+b),23523563.0,0.0,0.0
202003,서울특별시,전체방문자(a+b),160534276.0,0.0,0.0
202003,부산광역시,전체방문자(a+b),45678045.0,0.0,0.0
202003,대구광역시,전체방문자(a+b),34032470.0,0.0,0.0
202003,인천광역시,전체방문자(a+b),44585642.0,0.0,0.0
202003,경기도,현지인방문자(a),159005620.0,0.0,0.0
202003,강원특별자치도,현지인방문자(a),24424505.0,0.0,0.0
202003,충청북도,현지인방문자(a),20133550.0,0.0,0.0
202003,충청남도,현지인방문자(a),26630222.0,0.0,0.0
202003,전북특별자치도,현지인방문자(a),24876898.0,0.0,0.0
202003,전라남도,현지인방문자(a),22724576.0,0.0,0.0
202003,경상북도,현지인방문자(a),34484464.0,0.0,0.0
202003,경상남도,현지인방문자(a),41967300.0,0.0,0.0
202003,제주특별자치도,현지인방문자(a),12989462.0,0.0,0.0
202003,울산광역시,현지인방문자(a),13795758.0,0.0,0.0
202003,서울특별시,현지인방문자(a),124658583.0,0.0,0.0
202003,부산광역시,현지인방문자(a),37321949.0,0.0,0.0
202003,대구광역시,현지인방문자(a),29670596.0,0.0,0.0
202003,인천광역시,현지인방문자(a),34036709.0,0.0,0.0
202003,광주광역시,현지인방문자(a),19268546.0,0.0,0.0
202003,대전광역시,현지인방문자(a),19231468.0,0.0,0.0
202003,세종특별자치시,현지인방문자(a),3543642.0,0.0,0.0
202004,강원특별자치도,외지인방문자(b),8732654.0,0.0,0.0
202004,부산광역시,외지인방문자(b),9035890.0,0.0,0.0
202004,충청북도,외지인방문자(b),7104153.0,0.0,0.0
202004,경기도,외지인방문자(b),43511209.0,0.0,0.0
202004,세종특별자치시,외지인방문자(b),1848182.0,0.0,0.0
202004,울산광역시,외지인방문자(b),3054177.0,0.0,0.0
202004,대전광역시,외지인방문자(b),5239070.0,0.0,0.0
202004,광주광역시,외지인방문자(b),4210668.0,0.0,0.0
202004,인천광역시,외지인방문자(b),10279241.0,0.0,0.0
202004,대구광역시,외지인방문자(b),6101042.0,0.0,0.0
202004,서울특별시,외지인방문자(b),37482358.0,0.0,0.0
202004,충청남도,외지인방문자(b),10863979.0,0.0,0.0
202004,전북특별자치도,외지인방문자(b),5935307.0,0.0,0.0
202004,전라남도,외지인방문자(b),8335432.0,0.0,0.0
202004,경상북도,외지인방문자(b),10711956.0,0.0,0.0
202004,경상남도,외지인방문자(b),9991513.0,0.0,0.0
202004,제주특별자치도,외지인방문자(b),2553394.0,0.0,0.0
202004,제주특별자치도,전체방문자(a+b),15449980.0,0.0,0.0
202004,울산광역시,전체방문자(a+b),16710155.0,0.0,0.0
202004,경상북도,전체방문자(a+b),46098938.0,0.0,0.0
202004,전라남도,전체방문자(a+b),31147788.0,0.0,0.0
202004,전북특별자치도,전체방문자(a+b),30328991.0,0.0,0.0
202004,충청남도,전체방문자(a+b),37515352.0,0.0,0.0
202004,충청북도,전체방문자(a+b),27375260.0,0.0,0.0
202004,강원특별자치도,전체방문자(a+b),32633811.0,0.0,0.0
202004,경기도,전체방문자(a+b),202443686.0,0.0,0.0
202004,세종특별자치시,전체방문자(a+b),5429904.0,0.0,0.0
202004,대전광역시,전체방문자(a+b),24106999.0,0.0,0.0
202004,광주광역시,전체방문자(a+b),22872500.0,0.0,0.0
202004,인천광역시,전체방문자(a+b),42999030.0,0.0,0.0
202004,대구광역시,전체방문자(a+b),35983468.0,0.0,0.0
202004,부산광역시,전체방문자(a+b),46927762.0,0.0,0.0
202004,경상남도,전체방문자(a+b),51725317.0,0.0,0.0
202004,서울특별시,전체방문자(a+b),163300834.0,0.0,0.0
202004,대구광역시,현지인방문자(a),29882426.0,0.0,0.0
202004,부산광역시,현지인방문자(a),37891872.0,0.0,0.0
202004,제주특별자치도,현지인방문자(a),12896586.0,0.0,0.0
202004,경상남도,현지인방문자(a),41733804.0,0.0,0.0
202004,경상북도,현지인방문자(a),35386981.0,0.0,0.0
202004,전라남도,현지인방문자(a),22812356.0,0.0,0.0
202004,전북특별자치도,현지인방문자(a),24393684.0,0.0,0.0
202004,충청남도,현지인방문자(a),26651373.0,0.0,0.0
202004,충청북도,현지인방문자(a),20271108.0,0.0,0.0
202004,강원특별자치도,현지인방문자(a),23901157.0,0.0,0.0
202004,경기도,현지인방문자(a),158932476.0,0.0,0.0
202004,세종특별자치시,현지인방문자(a),3581722.0,0.0,0.0
202004,울산광역시,현지인방문자(a),13655978.0,0.0,0.0
202004,대전광역시,현지인방문자(a),18867930.0,0.0,0.0
202004,광주광역시,현지인방문자(a),18661832.0,0.0,0.0
202004,인천광역시,현지인방문자(a),32719788.0,0.0,0.0
202004,서울특별시,현지인방문자(a),125818476.0,0.0,0.0
202005,광주광역시,외지인방문자(b),5209428.0,0.0,0.0
202005,제주특별자치도,외지인방문자(b),3470128.0,0.0,0.0
202005,경상남도,외지인방문자(b),12651482.0,0.0,0.0
202005,경상북도,외지인방문자(b),13769273.0,0.0,0.0
202005,서울특별시,외지인방문자(b),42751230.0,0.0,0.0
202005,부산광역시,외지인방문자(b),11105784.0,0.0,0.0
202005,대구광역시,외지인방문자(b),7518494.0,0.0,0.0
202005,인천광역시,외지인방문자(b),11574728.0,0.0,0.0
202005,전라남도,외지인방문자(b),10392522.0,0.0,0.0
202005,대전광역시,외지인방문자(b),6499300.0,0.0,0.0
202005,울산광역시,외지인방문자(b),3812704.0,0.0,0.0
202005,세종특별자치시,외지인방문자(b),2168680.0,0.0,0.0
202005,경기도,외지인방문자(b),49358684.0,0.0,0.0
202005,강원특별자치도,외지인방문자(b),11470095.0,0.0,0.0
202005,충청북도,외지인방문자(b),8542818.0,0.0,0.0
202005,충청남도,외지인방문자(b),13244248.0,0.0,0.0
202005,전북특별자치도,외지인방문자(b),7691670.0,0.0,0.0
202005,제주특별자치도,전체방문자(a+b),17401587.0,0.0,0.0
202005,서울특별시,전체방문자(a+b),176326584.0,0.0,0.0
202005,부산광역시,전체방문자(a+b),51285398.0,0.0,0.0
202005,경상남도,전체방문자(a+b),58372902.0,0.0,0.0
202005,경상북도,전체방문자(a+b),52921004.0,0.0,0.0
202005,전라남도,전체방문자(a+b),35220560.0,0.0,0.0
202005,전북특별자치도,전체방문자(a+b),34453142.0,0.0,0.0
202005,충청남도,전체방문자(a+b),42997490.0,0.0,0.0
202005,충청북도,전체방문자(a+b),30903558.0,0.0,0.0
202005,강원특별자치도,전체방문자(a+b),37623138.0,0.0,0.0
202005,경기도,전체방문자(a+b),221048530.0,0.0,0.0
202005,세종특별자치시,전체방문자(a+b),6203512.0,0.0,0.0
202005,울산광역시,전체방문자(a+b),18780503.0,0.0,0.0
202005,대전광역시,전체방문자(a+b),27625843.0,0.0,0.0
202005,광주광역시,전체방문자(a+b),25660534.0,0.0,0.0
202005,인천광역시,전체방문자(a+b),46358543.0,0.0,0.0
202005,대구광역시,전체방문자(a+b),40416418.0,0.0,0.0
202005,경기도,현지인방문자(a),171689847.0,0.0,0.0
202005,제주특별자치도,현지인방문자(a),13931460.0,0.0,0.0
202005,경상남도,현지인방문자(a),45721420.0,0.0,0.0
202005,경상북도,현지인방문자(a),39151732.0,0.0,0.0
202005,전라남도,현지인방문자(a),24828038.0,0.0,0.0
202005,전북특별자치도,현지인방문자(a),26761472.0,0.0,0.0
202005,충청남도,현지인방문자(a),29753241.0,0.0,0.0
202005,충청북도,현지인방문자(a),22360740.0,0.0,0.0
202005,강원특별자치도,현지인방문자(a),26153043.0,0.0,0.0
202005,세종특별자치시,현지인방문자(a),4034832.0,0.0,0.0
202005,울산광역시,현지인방문자(a),14967799.0,0.0,0.0
202005,대전광역시,현지인방문자(a),21126542.0,0.0,0.0
202005,광주광역시,현지인방문자(a),20451106.0,0.0,0.0
202005,인천광역시,현지인방문자(a),34783816.0,0.0,0.0
202005,대구광역시,현지인방문자(a),32897924.0,0.0,0.0
202005,부산광역시,현지인방문자(a),40179615.0,0.0,0.0
202005,서울특별시,현지인방문자(a),133575354.0,0.0,0.0
202006,대구광역시,외지인방문자(b),7019834.0,0.0,0.0
202006,제주특별자치도,외지인방문자(b),3630736.0,0.0,0.0
202006,경상남도,외지인방문자(b),11035454.0,0.0,0.0
202006,경상북도,외지인방문자(b),12289462.0,0.0,0.0
202006,전라남도,외지인방문자(b),8831270.0,0.0,0.0
202006,전북특별자치도,외지인방문자(b),6716714.0,0.0,0.0
202006,충청남도,외지인방문자(b),11482205.0,0.0,0.0
202006,충청북도,외지인방문자(b),7846307.0,0.0,0.0
202006,강원특별자치도,외지인방문자(b),11480175.0,0.0,0.0
202006,경기도,외지인방문자(b),45580780.0,0.0,0.0
202006,세종특별자치시,외지인방문자(b),1982018.0,0.0,0.0
202006,울산광역시,외지인방문자(b),3490053.0,0.0,0.0
202006,대전광역시,외지인방문자(b),5570786.0,0.0,0.0
202006,광주광역시,외지인방문자(b),4769016.0,0.0,0.0
202006,인천광역시,외지인방문자(b),10558954.0,0.0,0.0
202006,부산광역시,외지인방문자(b),10103576.0,0.0,0.0
202006,서울특별시,외지인방문자(b),39775204.0,0.0,0.0
202006,서울특별시,전체방문자(a+b),171403180.0,0.0,0.0
202006,제주특별자치도,전체방문자(a+b),17214421.0,0.0,0.0
202006,경상남도,전체방문자(a+b),56861326.0,0.0,0.0
202006,경상북도,전체방문자(a+b),52069668.0,0.0,0.0
202006,전라남도,전체방문자(a+b),33594278.0,0.0,0.0
202006,전북특별자치도,전체방문자(a+b),33304730.0,0.0,0.0
202006,충청남도,전체방문자(a+b),41870080.0,0.0,0.0
202006,충청북도,전체방문자(a+b),30575024.0,0.0,0.0
202006,강원특별자치도,전체방문자(a+b),38507455.0,0.0,0.0
202006,세종특별자치시,전체방문자(a+b),6120975.0,0.0,0.0
202006,울산광역시,전체방문자(a+b),18606042.0,0.0,0.0
202006,대전광역시,전체방문자(a+b),26570366.0,0.0,0.0
202006,광주광역시,전체방문자(a+b),25148672.0,0.0,0.0
202006,인천광역시,전체방문자(a+b),45047100.0,0.0,0.0
202006,대구광역시,전체방문자(a+b),40644779.0,0.0,0.0
202006,부산광역시,전체방문자(a+b),50956241.0,0.0,0.0
202006,경기도,전체방문자(a+b),216267226.0,0.0,0.0
202006,대구광역시,현지인방문자(a),33624944.0,0.0,0.0
202006,서울특별시,현지인방문자(a),131627976.0,0.0,0.0
202006,부산광역시,현지인방문자(a),40852665.0,0.0,0.0
202006,인천광역시,현지인방문자(a),34488146.0,0.0,0.0
202006,광주광역시,현지인방문자(a),20379656.0,0.0,0.0
202006,대전광역시,현지인방문자(a),20999580.0,0.0,0.0
202006,세종특별자치시,현지인방문자(a),4138956.0,0.0,0.0
202006,제주특별자치도,현지인방문자(a),13583686.0,0.0,0.0
202006,경상남도,현지인방문자(a),45825871.0,0.0,0.0
202006,경상북도,현지인방문자(a),39780206.0,0.0,0.0
202006,전라남도,현지인방문자(a),24763008.0,0.0,0.0
202006,전북특별자치도,현지인방문자(a),26588016.0,0.0,0.0
202006,충청남도,현지인방문자(a),30387875.0,0.0,0.0
202006,충청북도,현지인방문자(a),22728716.0,0.0,0.0
202006,강원특별자치도,현지인방문자(a),27027280.0,0.0,0.0
202006,울산광역시,현지인방문자(a),15115989.0,0.0,0.0
202006,경기도,현지인방문자(a),170686446.0,0.0,0.0
202007,경상남도,외지인방문자(b),11810396.0,0.0,0.0
202007,광주광역시,외지인방문자(b),4792784.0,0.0,0.0
202007,전라남도,외지인방문자(b),9419042.0,0.0,0.0
202007,전북특별자치도,외지인방문자(b),7561222.0,0.0,0.0
202007,충청남도,외지인방문자(b),11892153.0,0.0,0.0
202007,충청북도,외지인방문자(b),8319874.0,0.0,0.0
202007,강원특별자치도,외지인방문자(b),14398377.0,0.0,0.0
202007,경기도,외지인방문자(b),51282616.0,0.0,0.0
202007,세종특별자치시,외지인방문자(b),2045862.0,0.0,0.0
202007,울산광역시,외지인방문자(b),3691692.0,0.0,0.0
202007,대전광역시,외지인방문자(b),5466209.0,0.0,0.0
202007,인천광역시,외지인방문자(b),12223488.0,0.0,0.0
202007,대구광역시,외지인방문자(b),7745948.0,0.0,0.0
202007,부산광역시,외지인방문자(b),10989724.0,0.0,0.0
202007,서울특별시,외지인방문자(b),44764482.0,0.0,0.0
202007,경상북도,외지인방문자(b),13368282.0,0.0,0.0
202007,제주특별자치도,외지인방문자(b),4600592.0,0.0,0.0
202007,경기도,전체방문자(a+b),227377420.0,0.0,0.0
202007,강원특별자치도,전체방문자(a+b),42541905.0,0.0,0.0
202007,충청북도,전체방문자(a+b),31450912.0,0.0,0.0
202007,충청남도,전체방문자(a+b),42618166.0,0.0,0.0
202007,전북특별자치도,전체방문자(a+b),34724963.0,0.0,0.0
202007,전라남도,전체방문자(a+b),34243850.0,0.0,0.0
202007,경상북도,전체방문자(a+b),53991262.0,0.0,0.0
202007,경상남도,전체방문자(a+b),58387200.0,0.0,0.0
202007,세종특별자치시,전체방문자(a+b),6262546.0,0.0,0.0
202007,제주특별자치도,전체방문자(a+b),18638641.0,0.0,0.0
202007,울산광역시,전체방문자(a+b),19177403.0,0.0,0.0
202007,대전광역시,전체방문자(a+b),26386112.0,0.0,0.0
202007,광주광역시,전체방문자(a+b),24055108.0,0.0,0.0
202007,인천광역시,전체방문자(a+b),48301512.0,0.0,0.0
202007,대구광역시,전체방문자(a+b),42564613.0,0.0,0.0
202007,부산광역시,전체방문자(a+b),53035048.0,0.0,0.0
202007,서울특별시,전체방문자(a+b),181164610.0,0.0,0.0
202007,세종특별자치시,현지인방문자(a),4216684.0,0.0,0.0
202007,대전광역시,현지인방문자(a),20919902.0,0.0,0.0
202007,울산광역시,현지인방문자(a),15485712.0,0.0,0.0
202007,경상북도,현지인방문자(a),40622981.0,0.0,0.0
202007,광주광역시,현지인방문자(a),19262324.0,0.0,0.0
202007,인천광역시,현지인방문자(a),36078024.0,0.0,0.0
202007,대구광역시,현지인방문자(a),34818665.0,0.0,0.0
202007,부산광역시,현지인방문자(a),42045325.0,0.0,0.0
202007,서울특별시,현지인방문자(a),136400128.0,0.0,0.0
202007,강원특별자치도,현지인방문자(a),28143528.0,0.0,0.0
202007,경기도,현지인방문자(a),176094804.0,0.0,0.0
202007,경상남도,현지인방문자(a),46576803.0,0.0,0.0
202007,전라남도,현지인방문자(a),24824807.0,0.0,0.0
202007,전북특별자치도,현지인방문자(a),27163742.0,0.0,0.0
202007,충청남도,현지인방문자(a),30726014.0,0.0,0.0
202007,제주특별자치도,현지인방문자(a),14038048.0,0.0,0.0
202007,충청북도,현지인방문자(a),23131038.0,0.0,0.0
202008,서울특별시,외지인방문자(b),38545374.0,0.0,0.0
202008,제주특별자치도,외지인방문자(b),5108012.0,0.0,0.0
202008,부산광역시,외지인방문자(b),11664622.0,0.0,0.0
202008,대구광역시,외지인방문자(b),7706300.0,0.0,0.0
202008,인천광역시,외지인방문자(b),11365666.0,0.0,0.0
202008,광주광역시,외지인방문자(b),4692174.0,0.0,0.0
202008,대전광역시,외지인방문자(b),5840908.0,0.0,0.0
202008,울산광역시,외지인방문자(b),4008162.0,0.0,0.0
202008,세종특별자치시,외지인방문자(b),2027333.0,0.0,0.0
202008,경기도,외지인방문자(b),45559374.0,0.0,0.0
202008,강원특별자치도,외지인방문자(b),15297100.0,0.0,0.0
202008,충청북도,외지인방문자(b),8644692.0,0.0,0.0
202008,충청남도,외지인방문자(b),12917040.0,0.0,0.0
202008,전북특별자치도,외지인방문자(b),8330189.0,0.0,0.0
202008,전라남도,외지인방문자(b),11160191.0,0.0,0.0
202008,경상북도,외지인방문자(b),16283530.0,0.0,0.0
202008,경상남도,외지인방문자(b),14151816.0,0.0,0.0
202008,경상남도,전체방문자(a+b),59370252.0,0.0,0.0
202008,제주특별자치도,전체방문자(a+b),18759993.0,0.0,0.0
202008,경상북도,전체방문자(a+b),55852923.0,0.0,0.0
202008,전라남도,전체방문자(a+b),34812166.0,0.0,0.0
202008,전북특별자치도,전체방문자(a+b),34144656.0,0.0,0.0
202008,충청남도,전체방문자(a+b),42338667.0,0.0,0.0
202008,충청북도,전체방문자(a+b),30708587.0,0.0,0.0
202008,강원특별자치도,전체방문자(a+b),41571688.0,0.0,0.0
202008,경기도,전체방문자(a+b),212896344.0,0.0,0.0
202008,세종특별자치시,전체방문자(a+b),6077802.0,0.0,0.0
202008,울산광역시,전체방문자(a+b),19026994.0,0.0,0.0
202008,대전광역시,전체방문자(a+b),26384771.0,0.0,0.0
202008,광주광역시,전체방문자(a+b),23531564.0,0.0,0.0
202008,인천광역시,전체방문자(a+b),45763596.0,0.0,0.0
202008,대구광역시,전체방문자(a+b),41984716.0,0.0,0.0
202008,부산광역시,전체방문자(a+b),52402364.0,0.0,0.0
202008,서울특별시,전체방문자(a+b),166736150.0,0.0,0.0
202008,세종특별자치시,현지인방문자(a),4050470.0,0.0,0.0
202008,충청북도,현지인방문자(a),22063895.0,0.0,0.0
202008,서울특별시,현지인방문자(a),128190776.0,0.0,0.0
202008,부산광역시,현지인방문자(a),40737742.0,0.0,0.0
202008,대구광역시,현지인방문자(a),34278416.0,0.0,0.0
202008,인천광역시,현지인방문자(a),34397930.0,0.0,0.0
202008,광주광역시,현지인방문자(a),18839390.0,0.0,0.0
202008,대전광역시,현지인방문자(a),20543862.0,0.0,0.0
202008,울산광역시,현지인방문자(a),15018832.0,0.0,0.0
202008,제주특별자치도,현지인방문자(a),13651981.0,0.0,0.0
202008,경기도,현지인방문자(a),167336970.0,0.0,0.0
202008,강원특별자치도,현지인방문자(a),26274588.0,0.0,0.0
202008,충청남도,현지인방문자(a),29421626.0,0.0,0.0
202008,전북특별자치도,현지인방문자(a),25814467.0,0.0,0.0
202008,전라남도,현지인방문자(a),23651974.0,0.0,0.0
202008,경상북도,현지인방문자(a),39569394.0,0.0,0.0
202008,경상남도,현지인방문자(a),45218436.0,0.0,0.0
202009,경기도,외지인방문자(b),45252893.0,0.0,0.0
202009,강원특별자치도,외지인방문자(b),9350932.0,0.0,0.0
202009,충청북도,외지인방문자(b),7901050.0,0.0,0.0
202009,충청남도,외지인방문자(b),11838292.0,0.0,0.0
202009,전북특별자치도,외지인방문자(b),6596334.0,0.0,0.0
202009,전라남도,외지인방문자(b),8583162.0,0.0,0.0
202009,경상북도,외지인방문자(b),12888043.0,0.0,0.0
202009,경상남도,외지인방문자(b),11104506.0,0.0,0.0
202009,제주특별자치도,외지인방문자(b),3522309.0,0.0,0.0
202009,서울특별시,외지인방문자(b),36548505.0,0.0,0.0
202009,세종특별자치시,외지인방문자(b),2090452.0,0.0,0.0
202009,울산광역시,외지인방문자(b),3480886.0,0.0,0.0
202009,대전광역시,외지인방문자(b),5614742.0,0.0,0.0
202009,광주광역시,외지인방문자(b),4248528.0,0.0,0.0
202009,인천광역시,외지인방문자(b),11082176.0,0.0,0.0
202009,대구광역시,외지인방문자(b),7220636.0,0.0,0.0
202009,부산광역시,외지인방문자(b),9856056.0,0.0,0.0
202009,세종특별자치시,전체방문자(a+b),6456373.0,0.0,0.0
202009,경기도,전체방문자(a+b),212181742.0,0.0,0.0
202009,제주특별자치도,전체방문자(a+b),16983456.0,0.0,0.0
202009,경상남도,전체방문자(a+b),57320172.0,0.0,0.0
202009,경상북도,전체방문자(a+b),53286292.0,0.0,0.0
202009,전라남도,전체방문자(a+b),32828176.0,0.0,0.0
202009,전북특별자치도,전체방문자(a+b),32722980.0,0.0,0.0
202009,충청남도,전체방문자(a+b),41808935.0,0.0,0.0
202009,충청북도,전체방문자(a+b),30429560.0,0.0,0.0
202009,강원특별자치도,전체방문자(a+b),36855396.0,0.0,0.0
202009,울산광역시,전체방문자(a+b),18836559.0,0.0,0.0
202009,대전광역시,전체방문자(a+b),26143481.0,0.0,0.0
202009,광주광역시,전체방문자(a+b),22971669.0,0.0,0.0
202009,인천광역시,전체방문자(a+b),45221820.0,0.0,0.0
202009,대구광역시,전체방문자(a+b),41918107.0,0.0,0.0
202009,부산광역시,전체방문자(a+b),50743718.0,0.0,0.0
202009,서울특별시,전체방문자(a+b),161657650.0,0.0,0.0
202009,충청북도,현지인방문자(a),22528510.0,0.0,0.0
202009,서울특별시,현지인방문자(a),125109145.0,0.0,0.0
202009,부산광역시,현지인방문자(a),40887662.0,0.0,0.0
202009,강원특별자치도,현지인방문자(a),27504463.0,0.0,0.0
202009,경기도,현지인방문자(a),166928850.0,0.0,0.0
202009,세종특별자치시,현지인방문자(a),4365921.0,0.0,0.0
202009,울산광역시,현지인방문자(a),15355672.0,0.0,0.0
202009,대전광역시,현지인방문자(a),20528739.0,0.0,0.0
202009,광주광역시,현지인방문자(a),18723142.0,0.0,0.0
202009,인천광역시,현지인방문자(a),34139644.0,0.0,0.0
202009,대구광역시,현지인방문자(a),34697470.0,0.0,0.0
202009,제주특별자치도,현지인방문자(a),13461147.0,0.0,0.0
202009,경상남도,현지인방문자(a),46215666.0,0.0,0.0
202009,경상북도,현지인방문자(a),40398250.0,0.0,0.0
202009,전라남도,현지인방문자(a),24245014.0,0.0,0.0
202009,전북특별자치도,현지인방문자(a),26126646.0,0.0,0.0
202009,충청남도,현지인방문자(a),29970644.0,0.0,0.0
202010,제주특별자치도,외지인방문자(b),4560640.0,0.0,0.0
202010,경상남도,외지인방문자(b),13634716.0,0.0,0.0
202010,경상북도,외지인방문자(b),15704171.0,0.0,0.0
202010,전라남도,외지인방문자(b),11218743.0,0.0,0.0
202010,전북특별자치도,외지인방문자(b),8710421.0,0.0,0.0
202010,충청남도,외지인방문자(b),13883968.0,0.0,0.0
202010,충청북도,외지인방문자(b),9348136.0,0.0,0.0
202010,강원특별자치도,외지인방문자(b),12680906.0,0.0,0.0
202010,경기도,외지인방문자(b),51330321.0,0.0,0.0
202010,세종특별자치시,외지인방문자(b),2280996.0,0.0,0.0
202010,울산광역시,외지인방문자(b),4135082.0,0.0,0.0
202010,대전광역시,외지인방문자(b),6318193.0,0.0,0.0
202010,광주광역시,외지인방문자(b),5200647.0,0.0,0.0
202010,인천광역시,외지인방문자(b),12766176.0,0.0,0.0
202010,대구광역시,외지인방문자(b),8267346.0,0.0,0.0
202010,부산광역시,외지인방문자(b),11229418.0,0.0,0.0
202010,서울특별시,외지인방문자(b),43963000.0,0.0,0.0
202010,서울특별시,전체방문자(a+b),174895122.0,0.0,0.0
202010,경기도,전체방문자(a+b),226018768.0,0.0,0.0
202010,제주특별자치도,전체방문자(a+b),18883753.0,0.0,0.0
202010,경상남도,전체방문자(a+b),59753082.0,0.0,0.0
202010,경상북도,전체방문자(a+b),56251198.0,0.0,0.0
202010,전라남도,전체방문자(a+b),36331719.0,0.0,0.0
202010,전북특별자치도,전체방문자(a+b),35609265.0,0.0,0.0
202010,충청남도,전체방문자(a+b),44220564.0,0.0,0.0
202010,충청북도,전체방문자(a+b),31992572.0,0.0,0.0
202010,강원특별자치도,전체방문자(a+b),41796979.0,0.0,0.0
202010,세종특별자치시,전체방문자(a+b),6707516.0,0.0,0.0
202010,울산광역시,전체방문자(a+b),18901718.0,0.0,0.0
202010,대전광역시,전체방문자(a+b),27224225.0,0.0,0.0
202010,광주광역시,전체방문자(a+b),25253736.0,0.0,0.0
202010,인천광역시,전체방문자(a+b),49279836.0,0.0,0.0
202010,대구광역시,전체방문자(a+b),42981316.0,0.0,0.0
202010,부산광역시,전체방문자(a+b),51563970.0,0.0,0.0
202010,충청남도,현지인방문자(a),30336596.0,0.0,0.0
202010,충청북도,현지인방문자(a),22644436.0,0.0,0.0
202010,서울특별시,현지인방문자(a),130932123.0,0.0,0.0
202010,부산광역시,현지인방문자(a),40334553.0,0.0,0.0
202010,대구광역시,현지인방문자(a),34713970.0,0.0,0.0
202010,인천광역시,현지인방문자(a),36513659.0,0.0,0.0
202010,광주광역시,현지인방문자(a),20053089.0,0.0,0.0
202010,대전광역시,현지인방문자(a),20906032.0,0.0,0.0
202010,울산광역시,현지인방문자(a),14766636.0,0.0,0.0
202010,세종특별자치시,현지인방문자(a),4426520.0,0.0,0.0
202010,경기도,현지인방문자(a),174688448.0,0.0,0.0
202010,강원특별자치도,현지인방문자(a),29116073.0,0.0,0.0
202010,전북특별자치도,현지인방문자(a),26898844.0,0.0,0.0
202010,전라남도,현지인방문자(a),25112976.0,0.0,0.0
202010,경상북도,현지인방문자(a),40547028.0,0.0,0.0
202010,경상남도,현지인방문자(a),46118366.0,0.0,0.0
202010,제주특별자치도,현지인방문자(a),14323113.0,0.0,0.0
202011,충청남도,외지인방문자(b),11573390.0,0.0,0.0
202011,제주특별자치도,외지인방문자(b),4443582.0,0.0,0.0
202011,경상남도,외지인방문자(b),11201740.0,0.0,0.0
202011,경상북도,외지인방문자(b),12818939.0,0.0,0.0
202011,전라남도,외지인방문자(b),8694526.0,0.0,0.0
202011,전북특별자치도,외지인방문자(b),7374364.0,0.0,0.0
202011,광주광역시,외지인방문자(b),5108755.0,0.0,0.0
202011,세종특별자치시,외지인방문자(b),2005230.0,0.0,0.0
202011,경기도,외지인방문자(b),44328792.0,0.0,0.0
202011,강원특별자치도,외지인방문자(b),9047675.0,0.0,0.0
202011,충청북도,외지인방문자(b),8020792.0,0.0,0.0
202011,서울특별시,외지인방문자(b),40713340.0,0.0,0.0
202011,부산광역시,외지인방문자(b),10412234.0,0.0,0.0
202011,대구광역시,외지인방문자(b),7442474.0,0.0,0.0
202011,인천광역시,외지인방문자(b),10730646.0,0.0,0.0
202011,대전광역시,외지인방문자(b),5973548.0,0.0,0.0
202011,울산광역시,외지인방문자(b),3699510.0,0.0,0.0
202011,제주특별자치도,전체방문자(a+b),18500761.0,0.0,0.0
202011,경기도,전체방문자(a+b),215439980.0,0.0,0.0
202011,서울특별시,전체방문자(a+b),170381760.0,0.0,0.0
202011,부산광역시,전체방문자(a+b),51939604.0,0.0,0.0
202011,대구광역시,전체방문자(a+b),41918160.0,0.0,0.0
202011,인천광역시,전체방문자(a+b),45938942.0,0.0,0.0
202011,광주광역시,전체방문자(a+b),24896765.0,0.0,0.0
202011,대전광역시,전체방문자(a+b),27267264.0,0.0,0.0
202011,울산광역시,전체방문자(a+b),18631736.0,0.0,0.0
202011,세종특별자치시,전체방문자(a+b),6285132.0,0.0,0.0
202011,강원특별자치도,전체방문자(a+b),37131160.0,0.0,0.0
202011,충청북도,전체방문자(a+b),30286186.0,0.0,0.0
202011,충청남도,전체방문자(a+b),41577725.0,0.0,0.0
202011,전북특별자치도,전체방문자(a+b),33983237.0,0.0,0.0
202011,전라남도,전체방문자(a+b),33429698.0,0.0,0.0
202011,경상북도,전체방문자(a+b),52944224.0,0.0,0.0
202011,경상남도,전체방문자(a+b),56503310.0,0.0,0.0
202011,울산광역시,현지인방문자(a),14932225.0,0.0,0.0
202011,충청북도,현지인방문자(a),22265394.0,0.0,0.0
202011,강원특별자치도,현지인방문자(a),28083486.0,0.0,0.0
202011,경기도,현지인방문자(a),171111188.0,0.0,0.0
202011,세종특별자치시,현지인방문자(a),4279902.0,0.0,0.0
202011,서울특별시,현지인방문자(a),129668420.0,0.0,0.0
202011,충청남도,현지인방문자(a),30004334.0,0.0,0.0
202011,전북특별자치도,현지인방문자(a),26608872.0,0.0,0.0
202011,전라남도,현지인방문자(a),24735172.0,0.0,0.0
202011,경상북도,현지인방문자(a),40125284.0,0.0,0.0
202011,경상남도,현지인방문자(a),45301571.0,0.0,0.0
202011,제주특별자치도,현지인방문자(a),14057180.0,0.0,0.0
202011,대전광역시,현지인방문자(a),21293716.0,0.0,0.0
202011,광주광역시,현지인방문자(a),19788010.0,0.0,0.0
202011,인천광역시,현지인방문자(a),35208296.0,0.0,0.0
202011,대구광역시,현지인방문자(a),34475686.0,0.0,0.0
202011,부산광역시,현지인방문자(a),41527370.0,0.0,0.0
202012,충청북도,외지인방문자(b),6310112.0,0.0,0.0
202012,서울특별시,외지인방문자(b),33025762.0,0.0,0.0
202012,부산광역시,외지인방문자(b),8980440.0,0.0,0.0
202012,대구광역시,외지인방문자(b),7039298.0,0.0,0.0
202012,인천광역시,외지인방문자(b),9876772.0,0.0,0.0
202012,광주광역시,외지인방문자(b),4217364.0,0.0,0.0
202012,대전광역시,외지인방문자(b),5308331.0,0.0,0.0
202012,울산광역시,외지인방문자(b),3349171.0,0.0,0.0
202012,세종특별자치시,외지인방문자(b),1909950.0,0.0,0.0
202012,경기도,외지인방문자(b),39977802.0,0.0,0.0
202012,강원특별자치도,외지인방문자(b),8202562.0,0.0,0.0
202012,충청남도,외지인방문자(b),9568282.0,0.0,0.0
202012,전북특별자치도,외지인방문자(b),5494545.0,0.0,0.0
202012,전라남도,외지인방문자(b),8031474.0,0.0,0.0
202012,경상북도,외지인방문자(b),10792338.0,0.0,0.0
202012,경상남도,외지인방문자(b),10355471.0,0.0,0.0
202012,제주특별자치도,외지인방문자(b),3518081.0,0.0,0.0
202012,부산광역시,전체방문자(a+b),47978847.0,0.0,0.0
202012,경상남도,전체방문자(a+b),54426645.0,0.0,0.0
202012,서울특별시,전체방문자(a+b),151410693.0,0.0,0.0
202012,대구광역시,전체방문자(a+b),40885649.0,0.0,0.0
202012,인천광역시,전체방문자(a+b),42703038.0,0.0,0.0
202012,광주광역시,전체방문자(a+b),24007109.0,0.0,0.0
202012,대전광역시,전체방문자(a+b),25598685.0,0.0,0.0
202012,울산광역시,전체방문자(a+b),17568282.0,0.0,0.0
202012,세종특별자치시,전체방문자(a+b),6143445.0,0.0,0.0
202012,경기도,전체방문자(a+b),200174009.0,0.0,0.0
202012,강원특별자치도,전체방문자(a+b),35583222.0,0.0,0.0
202012,충청북도,전체방문자(a+b),27168715.0,0.0,0.0
202012,충청남도,전체방문자(a+b),38580882.0,0.0,0.0
202012,전북특별자치도,전체방문자(a+b),31142604.0,0.0,0.0
202012,전라남도,전체방문자(a+b),32863576.0,0.0,0.0
202012,경상북도,전체방문자(a+b),49406032.0,0.0,0.0
202012,제주특별자치도,전체방문자(a+b),17289730.0,0.0,0.0
202012,전북특별자치도,현지인방문자(a),25648060.0,0.0,0.0
202012,제주특별자치도,현지인방문자(a),13771650.0,0.0,0.0
202012,경상남도,현지인방문자(a),44071174.0,0.0,0.0
202012,경상북도,현지인방문자(a),38613694.0,0.0,0.0
202012,전라남도,현지인방문자(a),24832101.0,0.0,0.0
202012,서울특별시,현지인방문자(a),118384931.0,0.0,0.0
202012,부산광역시,현지인방문자(a),38998407.0,0.0,0.0
202012,대구광역시,현지인방문자(a),33846351.0,0.0,0.0
202012,인천광역시,현지인방문자(a),32826266.0,0.0,0.0
202012,광주광역시,현지인방문자(a),19789746.0,0.0,0.0
202012,대전광역시,현지인방문자(a),20290354.0,0.0,0.0
202012,울산광역시,현지인방문자(a),14219110.0,0.0,0.0
202012,세종특별자치시,현지인방문자(a),4233495.0,0.0,0.0
202012,경기도,현지인방문자(a),160196208.0,0.0,0.0
202012,강원특별자치도,현지인방문자(a),27380661.0,0.0,0.0
202012,충청북도,현지인방문자(a),20858604.0,0.0,0.0
202012,충청남도,현지인방문자(a),29012599.0,0.0,0.0
202101,제주특별자치도,외지인방문자(b),3090038.0,0.0,0.0
202101,광주광역시,외지인방문자(b),4092193.0,0.0,0.0
202101,인천광역시,외지인방문자(b),9594750.0,0.0,0.0
202101,대구광역시,외지인방문자(b),6444123.0,0.0,0.0
202101,부산광역시,외지인방문자(b),8749570.0,0.0,0.0
202101,서울특별시,외지인방문자(b),35471954.0,0.0,0.0
202101,울산광역시,외지인방문자(b),3159408.0,0.0,0.0
202101,경상남도,외지인방문자(b),9650466.0,0.0,0.0
202101,경상북도,외지인방문자(b),10043806.0,0.0,0.0
202101,전라남도,외지인방문자(b),7100548.0,0.0,0.0
202101,전북특별자치도,외지인방문자(b),5240900.0,0.0,0.0
202101,충청남도,외지인방문자(b),8811764.0,0.0,0.0
202101,충청북도,외지인방문자(b),5921206.0,0.0,0.0
202101,강원특별자치도,외지인방문자(b),7250050.0,0.0,0.0
202101,경기도,외지인방문자(b),38960540.0,0.0,0.0
202101,세종특별자치시,외지인방문자(b),1784976.0,0.0,0.0
202101,대전광역시,외지인방문자(b),5104704.0,0.0,0.0
202101,경기도,전체방문자(a+b),195938810.0,0.0,0.0
202101,부산광역시,전체방문자(a+b),46158343.0,0.0,0.0
202101,제주특별자치도,전체방문자(a+b),17597545.0,0.0,0.0
202101,경상남도,전체방문자(a+b),52110156.0,0.0,0.0
202101,경상북도,전체방문자(a+b),46124824.0,0.0,0.0
202101,전라남도,전체방문자(a+b),32063440.0,0.0,0.0
202101,전북특별자치도,전체방문자(a+b),32244044.0,0.0,0.0
202101,충청남도,전체방문자(a+b),36225424.0,0.0,0.0
202101,충청북도,전체방문자(a+b),25800450.0,0.0,0.0
202101,강원특별자치도,전체방문자(a+b),33019532.0,0.0,0.0
202101,세종특별자치시,전체방문자(a+b),5784499.0,0.0,0.0
202101,울산광역시,전체방문자(a+b),16996700.0,0.0,0.0
202101,대전광역시,전체방문자(a+b),24532053.0,0.0,0.0
202101,광주광역시,전체방문자(a+b),25437482.0,0.0,0.0
202101,인천광역시,전체방문자(a+b),42424224.0,0.0,0.0
202101,대구광역시,전체방문자(a+b),38484520.0,0.0,0.0
202101,서울특별시,전체방문자(a+b),153604650.0,0.0,0.0
202101,세종특별자치시,현지인방문자(a),3999524.0,0.0,0.0
202101,제주특별자치도,현지인방문자(a),14507507.0,0.0,0.0
202101,경상남도,현지인방문자(a),42459690.0,0.0,0.0
202101,경상북도,현지인방문자(a),36081017.0,0.0,0.0
202101,전라남도,현지인방문자(a),24962892.0,0.0,0.0
202101,전북특별자치도,현지인방문자(a),27003144.0,0.0,0.0
202101,충청남도,현지인방문자(a),27413659.0,0.0,0.0
202101,강원특별자치도,현지인방문자(a),25769482.0,0.0,0.0
202101,서울특별시,현지인방문자(a),118132696.0,0.0,0.0
202101,부산광역시,현지인방문자(a),37408774.0,0.0,0.0
202101,대구광역시,현지인방문자(a),32040396.0,0.0,0.0
202101,인천광역시,현지인방문자(a),32829475.0,0.0,0.0
202101,광주광역시,현지인방문자(a),21345289.0,0.0,0.0
202101,대전광역시,현지인방문자(a),19427348.0,0.0,0.0
202101,울산광역시,현지인방문자(a),13837292.0,0.0,0.0
202101,충청북도,현지인방문자(a),19879244.0,0.0,0.0
202101,경기도,현지인방문자(a),156978269.0,0.0,0.0
202102,대전광역시,외지인방문자(b),5419925.0,0.0,0.0
202102,울산광역시,외지인방문자(b),3332346.0,0.0,0.0
202102,세종특별자치시,외지인방문자(b),1882944.0,0.0,0.0
202102,강원특별자치도,외지인방문자(b),8956532.0,0.0,0.0
202102,제주특별자치도,외지인방문자(b),3866670.0,0.0,0.0
202102,경상남도,외지인방문자(b),10975874.0,0.0,0.0
202102,경상북도,외지인방문자(b),12326783.0,0.0,0.0
202102,전라남도,외지인방문자(b),8822317.0,0.0,0.0
202102,전북특별자치도,외지인방문자(b),6392701.0,0.0,0.0
202102,충청남도,외지인방문자(b),10326004.0,0.0,0.0
202102,충청북도,외지인방문자(b),6900072.0,0.0,0.0
202102,경기도,외지인방문자(b),41815820.0,0.0,0.0
202102,인천광역시,외지인방문자(b),10380874.0,0.0,0.0
202102,대구광역시,외지인방문자(b),7142832.0,0.0,0.0
202102,부산광역시,외지인방문자(b),10115679.0,0.0,0.0
202102,광주광역시,외지인방문자(b),4255702.0,0.0,0.0
202102,서울특별시,외지인방문자(b),37521838.0,0.0,0.0
202102,제주특별자치도,전체방문자(a+b),17850452.0,0.0,0.0
202102,경상남도,전체방문자(a+b),51139977.0,0.0,0.0
202102,경상북도,전체방문자(a+b),46760924.0,0.0,0.0
202102,전라남도,전체방문자(a+b),32334890.0,0.0,0.0
202102,전북특별자치도,전체방문자(a+b),32056976.0,0.0,0.0
202102,충청남도,전체방문자(a+b),36231226.0,0.0,0.0
202102,충청북도,전체방문자(a+b),25922435.0,0.0,0.0
202102,강원특별자치도,전체방문자(a+b),33544203.0,0.0,0.0
202102,경기도,전체방문자(a+b),193187760.0,0.0,0.0
202102,세종특별자치시,전체방문자(a+b),5531386.0,0.0,0.0
202102,울산광역시,전체방문자(a+b),16251848.0,0.0,0.0
202102,대전광역시,전체방문자(a+b),23670185.0,0.0,0.0
202102,광주광역시,전체방문자(a+b),23947248.0,0.0,0.0
202102,인천광역시,전체방문자(a+b),41926577.0,0.0,0.0
202102,대구광역시,전체방문자(a+b),37093392.0,0.0,0.0
202102,부산광역시,전체방문자(a+b),45675665.0,0.0,0.0
202102,서울특별시,전체방문자(a+b),149908899.0,0.0,0.0
202102,대전광역시,현지인방문자(a),18250260.0,0.0,0.0
202102,광주광역시,현지인방문자(a),19691546.0,0.0,0.0
202102,울산광역시,현지인방문자(a),12919501.0,0.0,0.0
202102,세종특별자치시,현지인방문자(a),3648442.0,0.0,0.0
202102,경기도,현지인방문자(a),151371941.0,0.0,0.0
202102,강원특별자치도,현지인방문자(a),24587672.0,0.0,0.0
202102,충청북도,현지인방문자(a),19022364.0,0.0,0.0
202102,충청남도,현지인방문자(a),25905222.0,0.0,0.0
202102,전북특별자치도,현지인방문자(a),25664275.0,0.0,0.0
202102,전라남도,현지인방문자(a),23512573.0,0.0,0.0
202102,경상북도,현지인방문자(a),34434141.0,0.0,0.0
202102,경상남도,현지인방문자(a),40164103.0,0.0,0.0
202102,제주특별자치도,현지인방문자(a),13983781.0,0.0,0.0
202102,인천광역시,현지인방문자(a),31545703.0,0.0,0.0
202102,대구광역시,현지인방문자(a),29950560.0,0.0,0.0
202102,부산광역시,현지인방문자(a),35559986.0,0.0,0.0
202102,서울특별시,현지인방문자(a),112387062.0,0.0,0.0
202103,울산광역시,외지인방문자(b),3881640.0,0.0,0.0
202103,대전광역시,외지인방문자(b),6787165.0,0.0,0.0
202103,광주광역시,외지인방문자(b),5220736.0,0.0,0.0
202103,인천광역시,외지인방문자(b),11998136.0,0.0,0.0
202103,대구광역시,외지인방문자(b),8140198.0,0.0,0.0
202103,부산광역시,외지인방문자(b),11716691.0,0.0,0.0
202103,서울특별시,외지인방문자(b),46699880.0,0.0,0.0
202103,경기도,외지인방문자(b),50924030.0,0.0,0.0
202103,충청북도,외지인방문자(b),8101580.0,0.0,0.0
202103,세종특별자치시,외지인방문자(b),2353246.0,0.0,0.0
202103,제주특별자치도,외지인방문자(b),4788962.0,0.0,0.0
202103,경상남도,외지인방문자(b),12046972.0,0.0,0.0
202103,경상북도,외지인방문자(b),13524528.0,0.0,0.0
202103,전라남도,외지인방문자(b),9556764.0,0.0,0.0
202103,전북특별자치도,외지인방문자(b),6933574.0,0.0,0.0
202103,충청남도,외지인방문자(b),12024418.0,0.0,0.0
202103,강원특별자치도,외지인방문자(b),8870246.0,0.0,0.0
202103,경상남도,전체방문자(a+b),58597574.0,0.0,0.0
202103,서울특별시,전체방문자(a+b),181541052.0,0.0,0.0
202103,부산광역시,전체방문자(a+b),53264148.0,0.0,0.0
202103,대구광역시,전체방문자(a+b),43219998.0,0.0,0.0
202103,인천광역시,전체방문자(a+b),48465610.0,0.0,0.0
202103,광주광역시,전체방문자(a+b),28586978.0,0.0,0.0
202103,대전광역시,전체방문자(a+b),28306128.0,0.0,0.0
202103,울산광역시,전체방문자(a+b),19015283.0,0.0,0.0
202103,세종특별자치시,전체방문자(a+b),6782268.0,0.0,0.0
202103,경기도,전체방문자(a+b),230636822.0,0.0,0.0
202103,강원특별자치도,전체방문자(a+b),38105162.0,0.0,0.0
202103,충청북도,전체방문자(a+b),30986970.0,0.0,0.0
202103,충청남도,전체방문자(a+b),43157478.0,0.0,0.0
202103,전북특별자치도,전체방문자(a+b),36965870.0,0.0,0.0
202103,전라남도,전체방문자(a+b),37426949.0,0.0,0.0
202103,경상북도,전체방문자(a+b),54525653.0,0.0,0.0
202103,제주특별자치도,전체방문자(a+b),21121296.0,0.0,0.0
202103,경상북도,현지인방문자(a),41001124.0,0.0,0.0
202103,서울특별시,현지인방문자(a),134841172.0,0.0,0.0
202103,부산광역시,현지인방문자(a),41547457.0,0.0,0.0
202103,대구광역시,현지인방문자(a),35079800.0,0.0,0.0
202103,인천광역시,현지인방문자(a),36467473.0,0.0,0.0
202103,광주광역시,현지인방문자(a),23366242.0,0.0,0.0
202103,대전광역시,현지인방문자(a),21518962.0,0.0,0.0
202103,제주특별자치도,현지인방문자(a),16332334.0,0.0,0.0
202103,경상남도,현지인방문자(a),46550602.0,0.0,0.0
202103,울산광역시,현지인방문자(a),15133643.0,0.0,0.0
202103,전라남도,현지인방문자(a),27870185.0,0.0,0.0
202103,전북특별자치도,현지인방문자(a),30032296.0,0.0,0.0
202103,충청남도,현지인방문자(a),31133060.0,0.0,0.0
202103,충청북도,현지인방문자(a),22885390.0,0.0,0.0
202103,강원특별자치도,현지인방문자(a),29234916.0,0.0,0.0
202103,경기도,현지인방문자(a),179712792.0,0.0,0.0
202103,세종특별자치시,현지인방문자(a),4429022.0,0.0,0.0
202104,서울특별시,외지인방문자(b),38039834.0,0.0,0.0
202104,전북특별자치도,외지인방문자(b),6152139.0,0.0,0.0
202104,부산광역시,외지인방문자(b),9099500.0,0.0,0.0
202104,대구광역시,외지인방문자(b),6832410.0,0.0,0.0
202104,인천광역시,외지인방문자(b),10670740.0,0.0,0.0
202104,광주광역시,외지인방문자(b),4299554.0,0.0,0.0
202104,충청남도,외지인방문자(b),11461608.0,0.0,0.0
202104,충청북도,외지인방문자(b),7685895.0,0.0,0.0
202104,강원특별자치도,외지인방문자(b),9608966.0,0.0,0.0
202104,경기도,외지인방문자(b),44118207.0,0.0,0.0
202104,세종특별자치시,외지인방문자(b),2017064.0,0.0,0.0
202104,울산광역시,외지인방문자(b),3178290.0,0.0,0.0
202104,대전광역시,외지인방문자(b),5154807.0,0.0,0.0
202104,전라남도,외지인방문자(b),8941902.0,0.0,0.0
202104,경상북도,외지인방문자(b),12378037.0,0.0,0.0
202104,경상남도,외지인방문자(b),10733632.0,0.0,0.0
202104,제주특별자치도,외지인방문자(b),5049282.0,0.0,0.0
202104,경기도,전체방문자(a+b),217529830.0,0.0,0.0
202104,부산광역시,전체방문자(a+b),48043684.0,0.0,0.0
202104,서울특별시,전체방문자(a+b),168789187.0,0.0,0.0
202104,제주특별자치도,전체방문자(a+b),20749687.0,0.0,0.0
202104,경상남도,전체방문자(a+b),55139182.0,0.0,0.0
202104,경상북도,전체방문자(a+b),52212878.0,0.0,0.0
202104,전라남도,전체방문자(a+b),35890120.0,0.0,0.0
202104,전북특별자치도,전체방문자(a+b),34876387.0,0.0,0.0
202104,충청남도,전체방문자(a+b),41584294.0,0.0,0.0
202104,충청북도,전체방문자(a+b),29836499.0,0.0,0.0
202104,강원특별자치도,전체방문자(a+b),38445908.0,0.0,0.0
202104,세종특별자치시,전체방문자(a+b),6194850.0,0.0,0.0
202104,울산광역시,전체방문자(a+b),17249274.0,0.0,0.0
202104,대전광역시,전체방문자(a+b),25447058.0,0.0,0.0
202104,광주광역시,전체방문자(a+b),26715101.0,0.0,0.0
202104,인천광역시,전체방문자(a+b),45956634.0,0.0,0.0
202104,대구광역시,전체방문자(a+b),40683262.0,0.0,0.0
202104,울산광역시,현지인방문자(a),14070984.0,0.0,0.0
202104,서울특별시,현지인방문자(a),130749353.0,0.0,0.0
202104,부산광역시,현지인방문자(a),38944185.0,0.0,0.0
202104,대구광역시,현지인방문자(a),33850852.0,0.0,0.0
202104,인천광역시,현지인방문자(a),35285894.0,0.0,0.0
202104,광주광역시,현지인방문자(a),22415547.0,0.0,0.0
202104,제주특별자치도,현지인방문자(a),15700405.0,0.0,0.0
202104,경상남도,현지인방문자(a),44405550.0,0.0,0.0
202104,경상북도,현지인방문자(a),39834840.0,0.0,0.0
202104,전라남도,현지인방문자(a),26948218.0,0.0,0.0
202104,전북특별자치도,현지인방문자(a),28724248.0,0.0,0.0
202104,충청남도,현지인방문자(a),30122687.0,0.0,0.0
202104,충청북도,현지인방문자(a),22150604.0,0.0,0.0
202104,강원특별자치도,현지인방문자(a),28836941.0,0.0,0.0
202104,경기도,현지인방문자(a),173411623.0,0.0,0.0
202104,세종특별자치시,현지인방문자(a),4177786.0,0.0,0.0
202104,대전광역시,현지인방문자(a),20292251.0,0.0,0.0
202105,서울특별시,외지인방문자(b),41247518.0,0.0,0.0
202105,부산광역시,외지인방문자(b),10615448.0,0.0,0.0
202105,대구광역시,외지인방문자(b),7490374.0,0.0,0.0
202105,전북특별자치도,외지인방문자(b),7259158.0,0.0,0.0
202105,인천광역시,외지인방문자(b),11897788.0,0.0,0.0
202105,광주광역시,외지인방문자(b),4652966.0,0.0,0.0
202105,대전광역시,외지인방문자(b),6001387.0,0.0,0.0
202105,울산광역시,외지인방문자(b),3397219.0,0.0,0.0
202105,세종특별자치시,외지인방문자(b),2173392.0,0.0,0.0
202105,경기도,외지인방문자(b),48270170.0,0.0,0.0
202105,강원특별자치도,외지인방문자(b),11261408.0,0.0,0.0
202105,충청북도,외지인방문자(b),8492057.0,0.0,0.0
202105,제주특별자치도,외지인방문자(b),5319930.0,0.0,0.0
202105,경상남도,외지인방문자(b),12268557.0,0.0,0.0
202105,경상북도,외지인방문자(b),14153489.0,0.0,0.0
202105,전라남도,외지인방문자(b),10034230.0,0.0,0.0
202105,충청남도,외지인방문자(b),12626621.0,0.0,0.0
202105,서울특별시,전체방문자(a+b),181941067.0,0.0,0.0
202105,제주특별자치도,전체방문자(a+b),21656170.0,0.0,0.0
202105,경상남도,전체방문자(a+b),59322840.0,0.0,0.0
202105,경상북도,전체방문자(a+b),56837028.0,0.0,0.0
202105,전라남도,전체방문자(a+b),38370560.0,0.0,0.0
202105,전북특별자치도,전체방문자(a+b),38229594.0,0.0,0.0
202105,충청남도,전체방문자(a+b),44733994.0,0.0,0.0
202105,충청북도,전체방문자(a+b),32255142.0,0.0,0.0
202105,강원특별자치도,전체방문자(a+b),41603555.0,0.0,0.0
202105,경기도,전체방문자(a+b),233921264.0,0.0,0.0
202105,세종특별자치시,전체방문자(a+b),6695714.0,0.0,0.0
202105,울산광역시,전체방문자(a+b),18042160.0,0.0,0.0
202105,대전광역시,전체방문자(a+b),28048426.0,0.0,0.0
202105,광주광역시,전체방문자(a+b),28442116.0,0.0,0.0
202105,인천광역시,전체방문자(a+b),49759420.0,0.0,0.0
202105,대구광역시,전체방문자(a+b),43629988.0,0.0,0.0
202105,부산광역시,전체방문자(a+b),53283475.0,0.0,0.0
202105,충청북도,현지인방문자(a),23763086.0,0.0,0.0
202105,강원특별자치도,현지인방문자(a),30342148.0,0.0,0.0
202105,경기도,현지인방문자(a),185651095.0,0.0,0.0
202105,제주특별자치도,현지인방문자(a),16336240.0,0.0,0.0
202105,경상남도,현지인방문자(a),47054284.0,0.0,0.0
202105,경상북도,현지인방문자(a),42683540.0,0.0,0.0
202105,전라남도,현지인방문자(a),28336329.0,0.0,0.0
202105,전북특별자치도,현지인방문자(a),30970436.0,0.0,0.0
202105,충청남도,현지인방문자(a),32107372.0,0.0,0.0
202105,서울특별시,현지인방문자(a),140693550.0,0.0,0.0
202105,부산광역시,현지인방문자(a),42668028.0,0.0,0.0
202105,대구광역시,현지인방문자(a),36139614.0,0.0,0.0
202105,인천광역시,현지인방문자(a),37861632.0,0.0,0.0
202105,세종특별자치시,현지인방문자(a),4522322.0,0.0,0.0
202105,울산광역시,현지인방문자(a),14644942.0,0.0,0.0
202105,대전광역시,현지인방문자(a),22047039.0,0.0,0.0
202105,광주광역시,현지인방문자(a),23789150.0,0.0,0.0
202106,경상남도,외지인방문자(b),11063090.0,0.0,0.0
202106,경기도,외지인방문자(b),44982304.0,0.0,0.0
202106,서울특별시,외지인방문자(b),40567944.0,0.0,0.0
202106,부산광역시,외지인방문자(b),9893394.0,0.0,0.0
202106,대구광역시,외지인방문자(b),6551038.0,0.0,0.0
202106,인천광역시,외지인방문자(b),11255262.0,0.0,0.0
202106,광주광역시,외지인방문자(b),4281182.0,0.0,0.0
202106,대전광역시,외지인방문자(b),5498948.0,0.0,0.0
202106,울산광역시,외지인방문자(b),3294207.0,0.0,0.0
202106,세종특별자치시,외지인방문자(b),2053776.0,0.0,0.0
202106,강원특별자치도,외지인방문자(b),10626220.0,0.0,0.0
202106,충청북도,외지인방문자(b),7866456.0,0.0,0.0
202106,충청남도,외지인방문자(b),11506940.0,0.0,0.0
202106,전북특별자치도,외지인방문자(b),6341030.0,0.0,0.0
202106,전라남도,외지인방문자(b),9021796.0,0.0,0.0
202106,경상북도,외지인방문자(b),12872265.0,0.0,0.0
202106,제주특별자치도,외지인방문자(b),5171156.0,0.0,0.0
202106,제주특별자치도,전체방문자(a+b),21332146.0,0.0,0.0
202106,울산광역시,전체방문자(a+b),18355978.0,0.0,0.0
202106,전라남도,전체방문자(a+b),37829354.0,0.0,0.0
202106,경상북도,전체방문자(a+b),56024566.0,0.0,0.0
202106,전북특별자치도,전체방문자(a+b),37393804.0,0.0,0.0
202106,충청남도,전체방문자(a+b),43971585.0,0.0,0.0
202106,충청북도,전체방문자(a+b),31837659.0,0.0,0.0
202106,강원특별자치도,전체방문자(a+b),40940599.0,0.0,0.0
202106,경기도,전체방문자(a+b),232475786.0,0.0,0.0
202106,세종특별자치시,전체방문자(a+b),6712038.0,0.0,0.0
202106,대전광역시,전체방문자(a+b),27385508.0,0.0,0.0
202106,광주광역시,전체방문자(a+b),28210504.0,0.0,0.0
202106,인천광역시,전체방문자(a+b),49499100.0,0.0,0.0
202106,대구광역시,전체방문자(a+b),42571998.0,0.0,0.0
202106,부산광역시,전체방문자(a+b),52097538.0,0.0,0.0
202106,서울특별시,전체방문자(a+b),182720934.0,0.0,0.0
202106,경상남도,전체방문자(a+b),58436259.0,0.0,0.0
202106,인천광역시,현지인방문자(a),38243838.0,0.0,0.0
202106,광주광역시,현지인방문자(a),23929322.0,0.0,0.0
202106,제주특별자치도,현지인방문자(a),16160991.0,0.0,0.0
202106,경상남도,현지인방문자(a),47373168.0,0.0,0.0
202106,경상북도,현지인방문자(a),43152302.0,0.0,0.0
202106,전라남도,현지인방문자(a),28807558.0,0.0,0.0
202106,전북특별자치도,현지인방문자(a),31052774.0,0.0,0.0
202106,충청남도,현지인방문자(a),32464646.0,0.0,0.0
202106,충청북도,현지인방문자(a),23971202.0,0.0,0.0
202106,강원특별자치도,현지인방문자(a),30314378.0,0.0,0.0
202106,경기도,현지인방문자(a),187493481.0,0.0,0.0
202106,세종특별자치시,현지인방문자(a),4658262.0,0.0,0.0
202106,울산광역시,현지인방문자(a),15061770.0,0.0,0.0
202106,대전광역시,현지인방문자(a),21886560.0,0.0,0.0
202106,대구광역시,현지인방문자(a),36020960.0,0.0,0.0
202106,부산광역시,현지인방문자(a),42204144.0,0.0,0.0
202106,서울특별시,현지인방문자(a),142152990.0,0.0,0.0
202107,울산광역시,외지인방문자(b),3665564.0,0.0,0.0
202107,제주특별자치도,외지인방문자(b),5643442.0,0.0,0.0
202107,경상남도,외지인방문자(b),12215760.0,0.0,0.0
202107,경상북도,외지인방문자(b),14078589.0,0.0,0.0
202107,전라남도,외지인방문자(b),9819845.0,0.0,0.0
202107,전북특별자치도,외지인방문자(b),7152834.0,0.0,0.0
202107,충청남도,외지인방문자(b),12133824.0,0.0,0.0
202107,충청북도,외지인방문자(b),8506648.0,0.0,0.0
202107,강원특별자치도,외지인방문자(b),13370077.0,0.0,0.0
202107,경기도,외지인방문자(b),45074172.0,0.0,0.0
202107,세종특별자치시,외지인방문자(b),2191490.0,0.0,0.0
202107,대전광역시,외지인방문자(b),5568332.0,0.0,0.0
202107,광주광역시,외지인방문자(b),4757102.0,0.0,0.0
202107,인천광역시,외지인방문자(b),11092154.0,0.0,0.0
202107,대구광역시,외지인방문자(b),7286870.0,0.0,0.0
202107,부산광역시,외지인방문자(b),10355972.0,0.0,0.0
202107,서울특별시,외지인방문자(b),37207586.0,0.0,0.0
202107,부산광역시,전체방문자(a+b),52546235.0,0.0,0.0
202107,서울특별시,전체방문자(a+b),174582317.0,0.0,0.0
202107,대구광역시,전체방문자(a+b),43396283.0,0.0,0.0
202107,인천광역시,전체방문자(a+b),48827874.0,0.0,0.0
202107,광주광역시,전체방문자(a+b),28772583.0,0.0,0.0
202107,대전광역시,전체방문자(a+b),26953164.0,0.0,0.0
202107,울산광역시,전체방문자(a+b),18911106.0,0.0,0.0
202107,세종특별자치시,전체방문자(a+b),6846606.0,0.0,0.0
202107,경기도,전체방문자(a+b),229109520.0,0.0,0.0
202107,강원특별자치도,전체방문자(a+b),43883259.0,0.0,0.0
202107,충청북도,전체방문자(a+b),32286730.0,0.0,0.0
202107,충청남도,전체방문자(a+b),44061734.0,0.0,0.0
202107,전북특별자치도,전체방문자(a+b),38384941.0,0.0,0.0
202107,전라남도,전체방문자(a+b),38451220.0,0.0,0.0
202107,경상북도,전체방문자(a+b),56842240.0,0.0,0.0
202107,경상남도,전체방문자(a+b),59511162.0,0.0,0.0
202107,제주특별자치도,전체방문자(a+b),22041852.0,0.0,0.0
202107,경상북도,현지인방문자(a),42763651.0,0.0,0.0
202107,제주특별자치도,현지인방문자(a),16398410.0,0.0,0.0
202107,경상남도,현지인방문자(a),47295402.0,0.0,0.0
202107,전라남도,현지인방문자(a),28631376.0,0.0,0.0
202107,충청남도,현지인방문자(a),31927910.0,0.0,0.0
202107,서울특별시,현지인방문자(a),137374730.0,0.0,0.0
202107,부산광역시,현지인방문자(a),42190264.0,0.0,0.0
202107,대구광역시,현지인방문자(a),36109412.0,0.0,0.0
202107,인천광역시,현지인방문자(a),37735719.0,0.0,0.0
202107,광주광역시,현지인방문자(a),24015481.0,0.0,0.0
202107,대전광역시,현지인방문자(a),21384832.0,0.0,0.0
202107,울산광역시,현지인방문자(a),15245542.0,0.0,0.0
202107,세종특별자치시,현지인방문자(a),4655116.0,0.0,0.0
202107,경기도,현지인방문자(a),184035348.0,0.0,0.0
202107,강원특별자치도,현지인방문자(a),30513182.0,0.0,0.0
202107,충청북도,현지인방문자(a),23780082.0,0.0,0.0
202107,전북특별자치도,현지인방문자(a),31232106.0,0.0,0.0
202108,울산광역시,외지인방문자(b),3719037.0,0.0,0.0
202108,서울특별시,외지인방문자(b),37433896.0,0.0,0.0
202108,부산광역시,외지인방문자(b),9714856.0,0.0,0.0
202108,대구광역시,외지인방문자(b),7115199.0,0.0,0.0
202108,인천광역시,외지인방문자(b),11266524.0,0.0,0.0
202108,광주광역시,외지인방문자(b),4574930.0,0.0,0.0
202108,제주특별자치도,외지인방문자(b),5213586.0,0.0,0.0
202108,경상남도,외지인방문자(b),12497146.0,0.0,0.0
202108,경상북도,외지인방문자(b),14931144.0,0.0,0.0
202108,전라남도,외지인방문자(b),10712268.0,0.0,0.0
202108,전북특별자치도,외지인방문자(b),7806208.0,0.0,0.0
202108,충청남도,외지인방문자(b),12830545.0,0.0,0.0
202108,충청북도,외지인방문자(b),8601481.0,0.0,0.0
202108,강원특별자치도,외지인방문자(b),14466599.0,0.0,0.0
202108,경기도,외지인방문자(b),45105988.0,0.0,0.0
202108,세종특별자치시,외지인방문자(b),2142896.0,0.0,0.0
202108,대전광역시,외지인방문자(b),5248579.0,0.0,0.0
202108,강원특별자치도,전체방문자(a+b),45188412.0,0.0,0.0
202108,부산광역시,전체방문자(a+b),50428962.0,0.0,0.0
202108,대구광역시,전체방문자(a+b),42637430.0,0.0,0.0
202108,인천광역시,전체방문자(a+b),47565994.0,0.0,0.0
202108,광주광역시,전체방문자(a+b),28014392.0,0.0,0.0
202108,대전광역시,전체방문자(a+b),25908456.0,0.0,0.0
202108,울산광역시,전체방문자(a+b),18521349.0,0.0,0.0
202108,세종특별자치시,전체방문자(a+b),6744454.0,0.0,0.0
202108,경기도,전체방문자(a+b),224258934.0,0.0,0.0
202108,충청북도,전체방문자(a+b),31740524.0,0.0,0.0
202108,충청남도,전체방문자(a+b),44241995.0,0.0,0.0
202108,전북특별자치도,전체방문자(a+b),38271790.0,0.0,0.0
202108,전라남도,전체방문자(a+b),38718278.0,0.0,0.0
202108,경상북도,전체방문자(a+b),56755100.0,0.0,0.0
202108,경상남도,전체방문자(a+b),58038796.0,0.0,0.0
202108,제주특별자치도,전체방문자(a+b),21037415.0,0.0,0.0
202108,서울특별시,전체방문자(a+b),171456506.0,0.0,0.0
202108,전북특별자치도,현지인방문자(a),30465582.0,0.0,0.0
202108,부산광역시,현지인방문자(a),40714107.0,0.0,0.0
202108,충청남도,현지인방문자(a),31411450.0,0.0,0.0
202108,전라남도,현지인방문자(a),28006010.0,0.0,0.0
202108,경상북도,현지인방문자(a),41823957.0,0.0,0.0
202108,경상남도,현지인방문자(a),45541650.0,0.0,0.0
202108,제주특별자치도,현지인방문자(a),15823829.0,0.0,0.0
202108,충청북도,현지인방문자(a),23139042.0,0.0,0.0
202108,강원특별자치도,현지인방문자(a),30721814.0,0.0,0.0
202108,경기도,현지인방문자(a),179152946.0,0.0,0.0
202108,세종특별자치시,현지인방문자(a),4601558.0,0.0,0.0
202108,울산광역시,현지인방문자(a),14802312.0,0.0,0.0
202108,대전광역시,현지인방문자(a),20659877.0,0.0,0.0
202108,광주광역시,현지인방문자(a),23439462.0,0.0,0.0
202108,인천광역시,현지인방문자(a),36299470.0,0.0,0.0
202108,대구광역시,현지인방문자(a),35522232.0,0.0,0.0
202108,서울특별시,현지인방문자(a),134022609.0,0.0,0.0
202109,강원특별자치도,외지인방문자(b),12037798.0,0.0,0.0
202109,충청북도,외지인방문자(b),9188627.0,0.0,0.0
202109,충청남도,외지인방문자(b),14008796.0,0.0,0.0
202109,전북특별자치도,외지인방문자(b),8252055.0,0.0,0.0
202109,전라남도,외지인방문자(b),11267938.0,0.0,0.0
202109,경상북도,외지인방문자(b),16078902.0,0.0,0.0
202109,경상남도,외지인방문자(b),13200061.0,0.0,0.0
202109,제주특별자치도,외지인방문자(b),4507808.0,0.0,0.0
202109,세종특별자치시,외지인방문자(b),2280054.0,0.0,0.0
202109,경기도,외지인방문자(b),49034394.0,0.0,0.0
202109,울산광역시,외지인방문자(b),3871354.0,0.0,0.0
202109,대전광역시,외지인방문자(b),6334100.0,0.0,0.0
202109,광주광역시,외지인방문자(b),5174897.0,0.0,0.0
202109,인천광역시,외지인방문자(b),12437638.0,0.0,0.0
202109,대구광역시,외지인방문자(b),8100379.0,0.0,0.0
202109,부산광역시,외지인방문자(b),11099624.0,0.0,0.0
202109,서울특별시,외지인방문자(b),40996662.0,0.0,0.0
202109,제주특별자치도,전체방문자(a+b),20310038.0,0.0,0.0
202109,부산광역시,전체방문자(a+b),52001614.0,0.0,0.0
202109,경상남도,전체방문자(a+b),60157902.0,0.0,0.0
202109,경상북도,전체방문자(a+b),57984644.0,0.0,0.0
202109,전라남도,전체방문자(a+b),39418810.0,0.0,0.0
202109,전북특별자치도,전체방문자(a+b),38392666.0,0.0,0.0
202109,충청남도,전체방문자(a+b),45273032.0,0.0,0.0
202109,충청북도,전체방문자(a+b),32623132.0,0.0,0.0
202109,강원특별자치도,전체방문자(a+b),42392455.0,0.0,0.0
202109,경기도,전체방문자(a+b),228979188.0,0.0,0.0
202109,세종특별자치시,전체방문자(a+b),6835570.0,0.0,0.0
202109,울산광역시,전체방문자(a+b),18825180.0,0.0,0.0
202109,대전광역시,전체방문자(a+b),27203540.0,0.0,0.0
202109,광주광역시,전체방문자(a+b),28891415.0,0.0,0.0
202109,인천광역시,전체방문자(a+b),48808312.0,0.0,0.0
202109,대구광역시,전체방문자(a+b),43309518.0,0.0,0.0
202109,서울특별시,전체방문자(a+b),174207008.0,0.0,0.0
202109,부산광역시,현지인방문자(a),40901990.0,0.0,0.0
202109,제주특별자치도,현지인방문자(a),15802230.0,0.0,0.0
202109,경상남도,현지인방문자(a),46957841.0,0.0,0.0
202109,경상북도,현지인방문자(a),41905742.0,0.0,0.0
202109,전라남도,현지인방문자(a),28150871.0,0.0,0.0
202109,전북특별자치도,현지인방문자(a),30140610.0,0.0,0.0
202109,충청남도,현지인방문자(a),31264236.0,0.0,0.0
202109,충청북도,현지인방문자(a),23434506.0,0.0,0.0
202109,강원특별자치도,현지인방문자(a),30354656.0,0.0,0.0
202109,경기도,현지인방문자(a),179944793.0,0.0,0.0
202109,세종특별자치시,현지인방문자(a),4555516.0,0.0,0.0
202109,울산광역시,현지인방문자(a),14953827.0,0.0,0.0
202109,대전광역시,현지인방문자(a),20869440.0,0.0,0.0
202109,광주광역시,현지인방문자(a),23716518.0,0.0,0.0
202109,인천광역시,현지인방문자(a),36370674.0,0.0,0.0
202109,대구광역시,현지인방문자(a),35209139.0,0.0,0.0
202109,서울특별시,현지인방문자(a),133210346.0,0.0,0.0
202110,부산광역시,외지인방문자(b),10952280.0,0.0,0.0
202110,제주특별자치도,외지인방문자(b),5768480.0,0.0,0.0
202110,경상남도,외지인방문자(b),12799020.0,0.0,0.0
202110,경상북도,외지인방문자(b),15094555.0,0.0,0.0
202110,전북특별자치도,외지인방문자(b),7837865.0,0.0,0.0
202110,강원특별자치도,외지인방문자(b),12728950.0,0.0,0.0
202110,경기도,외지인방문자(b),50078486.0,0.0,0.0
202110,세종특별자치시,외지인방문자(b),2259453.0,0.0,0.0
202110,울산광역시,외지인방문자(b),3858267.0,0.0,0.0
202110,대전광역시,외지인방문자(b),6139259.0,0.0,0.0
202110,광주광역시,외지인방문자(b),5270066.0,0.0,0.0
202110,전라남도,외지인방문자(b),10667002.0,0.0,0.0
202110,인천광역시,외지인방문자(b),12355444.0,0.0,0.0
202110,대구광역시,외지인방문자(b),7604842.0,0.0,0.0
202110,서울특별시,외지인방문자(b),43545894.0,0.0,0.0
202110,충청남도,외지인방문자(b),13886954.0,0.0,0.0
202110,충청북도,외지인방문자(b),9217733.0,0.0,0.0
202110,서울특별시,전체방문자(a+b),182994402.0,0.0,0.0
202110,경상남도,전체방문자(a+b),61513050.0,0.0,0.0
202110,부산광역시,전체방문자(a+b),53580408.0,0.0,0.0
202110,대구광역시,전체방문자(a+b),44251690.0,0.0,0.0
202110,인천광역시,전체방문자(a+b),50631679.0,0.0,0.0
202110,광주광역시,전체방문자(a+b),33027522.0,0.0,0.0
202110,대전광역시,전체방문자(a+b),28059300.0,0.0,0.0
202110,울산광역시,전체방문자(a+b),19175194.0,0.0,0.0
202110,세종특별자치시,전체방문자(a+b),7018186.0,0.0,0.0
202110,경기도,전체방문자(a+b),238899451.0,0.0,0.0
202110,강원특별자치도,전체방문자(a+b),44650386.0,0.0,0.0
202110,충청북도,전체방문자(a+b),33535348.0,0.0,0.0
202110,충청남도,전체방문자(a+b),46587464.0,0.0,0.0
202110,전북특별자치도,전체방문자(a+b),39180260.0,0.0,0.0
202110,전라남도,전체방문자(a+b),39840934.0,0.0,0.0
202110,경상북도,전체방문자(a+b),58402281.0,0.0,0.0
202110,제주특별자치도,전체방문자(a+b),22661807.0,0.0,0.0
202110,세종특별자치시,현지인방문자(a),4758733.0,0.0,0.0
202110,서울특별시,현지인방문자(a),139448508.0,0.0,0.0
202110,부산광역시,현지인방문자(a),42628128.0,0.0,0.0
202110,대구광역시,현지인방문자(a),36646848.0,0.0,0.0
202110,인천광역시,현지인방문자(a),38276234.0,0.0,0.0
202110,광주광역시,현지인방문자(a),27757457.0,0.0,0.0
202110,대전광역시,현지인방문자(a),21920042.0,0.0,0.0
202110,울산광역시,현지인방문자(a),15316928.0,0.0,0.0
202110,경기도,현지인방문자(a),188820964.0,0.0,0.0
202110,제주특별자치도,현지인방문자(a),16893328.0,0.0,0.0
202110,경상남도,현지인방문자(a),48714029.0,0.0,0.0
202110,경상북도,현지인방문자(a),43307726.0,0.0,0.0
202110,전라남도,현지인방문자(a),29173932.0,0.0,0.0
202110,전북특별자치도,현지인방문자(a),31342395.0,0.0,0.0
202110,충청남도,현지인방문자(a),32700510.0,0.0,0.0
202110,충청북도,현지인방문자(a),24317615.0,0.0,0.0
202110,강원특별자치도,현지인방문자(a),31921435.0,0.0,0.0
202111,경기도,외지인방문자(b),46652592.0,0.0,0.0
202111,제주특별자치도,외지인방문자(b),5587964.0,0.0,0.0
202111,경상남도,외지인방문자(b),11603750.0,0.0,0.0
202111,경상북도,외지인방문자(b),13636931.0,0.0,0.0
202111,전라남도,외지인방문자(b),9654754.0,0.0,0.0
202111,전북특별자치도,외지인방문자(b),7375284.0,0.0,0.0
202111,충청남도,외지인방문자(b),12122814.0,0.0,0.0
202111,충청북도,외지인방문자(b),8314306.0,0.0,0.0
202111,강원특별자치도,외지인방문자(b),10038665.0,0.0,0.0
202111,세종특별자치시,외지인방문자(b),2057976.0,0.0,0.0
202111,울산광역시,외지인방문자(b),3630480.0,0.0,0.0
202111,대전광역시,외지인방문자(b),5940774.0,0.0,0.0
202111,광주광역시,외지인방문자(b),4916513.0,0.0,0.0
202111,인천광역시,외지인방문자(b),11359173.0,0.0,0.0
202111,대구광역시,외지인방문자(b),7358312.0,0.0,0.0
202111,부산광역시,외지인방문자(b),10487578.0,0.0,0.0
202111,서울특별시,외지인방문자(b),44705472.0,0.0,0.0
202111,세종특별자치시,전체방문자(a+b),6767453.0,0.0,0.0
202111,서울특별시,전체방문자(a+b),182940289.0,0.0,0.0
202111,경상남도,전체방문자(a+b),58633932.0,0.0,0.0
202111,제주특별자치도,전체방문자(a+b),21935182.0,0.0,0.0
202111,경상북도,전체방문자(a+b),56260400.0,0.0,0.0
202111,전라남도,전체방문자(a+b),38173954.0,0.0,0.0
202111,전북특별자치도,전체방문자(a+b),37951935.0,0.0,0.0
202111,충청남도,전체방문자(a+b),44168344.0,0.0,0.0
202111,충청북도,전체방문자(a+b),32064834.0,0.0,0.0
202111,강원특별자치도,전체방문자(a+b),40146376.0,0.0,0.0
202111,경기도,전체방문자(a+b),231097282.0,0.0,0.0
202111,울산광역시,전체방문자(a+b),18686948.0,0.0,0.0
202111,대전광역시,전체방문자(a+b),27835742.0,0.0,0.0
202111,광주광역시,전체방문자(a+b),29592801.0,0.0,0.0
202111,인천광역시,전체방문자(a+b),48523002.0,0.0,0.0
202111,대구광역시,전체방문자(a+b),43281942.0,0.0,0.0
202111,부산광역시,전체방문자(a+b),52093909.0,0.0,0.0
202111,충청북도,현지인방문자(a),23750528.0,0.0,0.0
202111,부산광역시,현지인방문자(a),41606330.0,0.0,0.0
202111,강원특별자치도,현지인방문자(a),30107710.0,0.0,0.0
202111,충청남도,현지인방문자(a),32045531.0,0.0,0.0
202111,전북특별자치도,현지인방문자(a),30576651.0,0.0,0.0
202111,전라남도,현지인방문자(a),28519200.0,0.0,0.0
202111,경상북도,현지인방문자(a),42623469.0,0.0,0.0
202111,경상남도,현지인방문자(a),47030182.0,0.0,0.0
202111,제주특별자치도,현지인방문자(a),16347219.0,0.0,0.0
202111,경기도,현지인방문자(a),184444690.0,0.0,0.0
202111,세종특별자치시,현지인방문자(a),4709478.0,0.0,0.0
202111,울산광역시,현지인방문자(a),15056468.0,0.0,0.0
202111,대전광역시,현지인방문자(a),21894968.0,0.0,0.0
202111,광주광역시,현지인방문자(a),24676288.0,0.0,0.0
202111,인천광역시,현지인방문자(a),37163830.0,0.0,0.0
202111,대구광역시,현지인방문자(a),35923629.0,0.0,0.0
202111,서울특별시,현지인방문자(a),138234817.0,0.0,0.0
202112,경기도,외지인방문자(b),45761380.0,0.0,0.0
202112,서울특별시,외지인방문자(b),42443996.0,0.0,0.0
202112,제주특별자치도,외지인방문자(b),5276750.0,0.0,0.0
202112,경상남도,외지인방문자(b),11157531.0,0.0,0.0
202112,경상북도,외지인방문자(b),12132012.0,0.0,0.0
202112,전라남도,외지인방문자(b),8837608.0,0.0,0.0
202112,전북특별자치도,외지인방문자(b),6400698.0,0.0,0.0
202112,충청남도,외지인방문자(b),10800100.0,0.0,0.0
202112,충청북도,외지인방문자(b),7355170.0,0.0,0.0
202112,강원특별자치도,외지인방문자(b),11006163.0,0.0,0.0
202112,세종특별자치시,외지인방문자(b),2193205.0,0.0,0.0
202112,울산광역시,외지인방문자(b),3692266.0,0.0,0.0
202112,대전광역시,외지인방문자(b),5913156.0,0.0,0.0
202112,광주광역시,외지인방문자(b),4735213.0,0.0,0.0
202112,인천광역시,외지인방문자(b),11211067.0,0.0,0.0
202112,대구광역시,외지인방문자(b),7584812.0,0.0,0.0
202112,부산광역시,외지인방문자(b),10860272.0,0.0,0.0
202112,세종특별자치시,전체방문자(a+b),7072002.0,0.0,0.0
202112,서울특별시,전체방문자(a+b),182183316.0,0.0,0.0
202112,부산광역시,전체방문자(a+b),53202583.0,0.0,0.0
202112,대구광역시,전체방문자(a+b),43887606.0,0.0,0.0
202112,인천광역시,전체방문자(a+b),48851548.0,0.0,0.0
202112,광주광역시,전체방문자(a+b),26312307.0,0.0,0.0
202112,대전광역시,전체방문자(a+b),27844660.0,0.0,0.0
202112,울산광역시,전체방문자(a+b),19028093.0,0.0,0.0
202112,강원특별자치도,전체방문자(a+b),40357835.0,0.0,0.0
202112,충청북도,전체방문자(a+b),31653510.0,0.0,0.0
202112,충청남도,전체방문자(a+b),43021170.0,0.0,0.0
202112,전북특별자치도,전체방문자(a+b),37128102.0,0.0,0.0
202112,전라남도,전체방문자(a+b),37560912.0,0.0,0.0
202112,경상북도,전체방문자(a+b),54608218.0,0.0,0.0
202112,경상남도,전체방문자(a+b),58578471.0,0.0,0.0
202112,제주특별자치도,전체방문자(a+b),22009785.0,0.0,0.0
202112,경기도,전체방문자(a+b),233310539.0,0.0,0.0
202112,부산광역시,현지인방문자(a),42342310.0,0.0,0.0
202112,전라남도,현지인방문자(a),28723303.0,0.0,0.0
202112,제주특별자치도,현지인방문자(a),16733034.0,0.0,0.0
202112,경상남도,현지인방문자(a),47420940.0,0.0,0.0
202112,경상북도,현지인방문자(a),42476206.0,0.0,0.0
202112,전북특별자치도,현지인방문자(a),30727403.0,0.0,0.0
202112,충청남도,현지인방문자(a),32221070.0,0.0,0.0
202112,충청북도,현지인방문자(a),24298340.0,0.0,0.0
202112,강원특별자치도,현지인방문자(a),29351672.0,0.0,0.0
202112,세종특별자치시,현지인방문자(a),4878797.0,0.0,0.0
202112,서울특별시,현지인방문자(a),139739320.0,0.0,0.0
202112,대구광역시,현지인방문자(a),36302794.0,0.0,0.0
202112,인천광역시,현지인방문자(a),37640480.0,0.0,0.0
202112,광주광역시,현지인방문자(a),21577094.0,0.0,0.0
202112,대전광역시,현지인방문자(a),21931504.0,0.0,0.0
202112,울산광역시,현지인방문자(a),15335828.0,0.0,0.0
202112,경기도,현지인방문자(a),187549159.0,0.0,0.0
202201,전라남도,외지인방문자(b),9842752.0,0.0,0.0
202201,세종특별자치시,외지인방문자(b),2160725.0,0.0,0.0
202201,제주특별자치도,외지인방문자(b),6021704.0,0.0,0.0
202201,경상남도,외지인방문자(b),12246958.0,0.0,0.0
202201,경상북도,외지인방문자(b),13554852.0,0.0,0.0
202201,전북특별자치도,외지인방문자(b),7373170.0,0.0,0.0
202201,충청남도,외지인방문자(b),11582148.0,0.0,0.0
202201,충청북도,외지인방문자(b),7891562.0,0.0,0.0
202201,강원특별자치도,외지인방문자(b),11933170.0,0.0,0.0
202201,경기도,외지인방문자(b),46080706.0,0.0,0.0
202201,울산광역시,외지인방문자(b),3862282.0,0.0,0.0
202201,대전광역시,외지인방문자(b),6145374.0,0.0,0.0
202201,광주광역시,외지인방문자(b),5038960.0,0.0,0.0
202201,인천광역시,외지인방문자(b),11538968.0,0.0,0.0
202201,대구광역시,외지인방문자(b),7872214.0,0.0,0.0
202201,부산광역시,외지인방문자(b),11368994.0,0.0,0.0
202201,서울특별시,외지인방문자(b),42687078.0,0.0,0.0
202201,경기도,전체방문자(a+b),226238988.0,0.0,0.0
202201,인천광역시,전체방문자(a+b),47986998.0,0.0,0.0
202201,강원특별자치도,전체방문자(a+b),38596712.0,0.0,0.0
202201,충청북도,전체방문자(a+b),30648009.0,0.0,0.0
202201,충청남도,전체방문자(a+b),42112959.0,0.0,0.0
202201,전북특별자치도,전체방문자(a+b),36754190.0,0.0,0.0
202201,전라남도,전체방문자(a+b),37050335.0,0.0,0.0
202201,경상북도,전체방문자(a+b),53816700.0,0.0,0.0
202201,경상남도,전체방문자(a+b),58187437.0,0.0,0.0
202201,세종특별자치시,전체방문자(a+b),6691618.0,0.0,0.0
202201,울산광역시,전체방문자(a+b),18737215.0,0.0,0.0
202201,대전광역시,전체방문자(a+b),27186649.0,0.0,0.0
202201,광주광역시,전체방문자(a+b),26607035.0,0.0,0.0
202201,대구광역시,전체방문자(a+b),42501904.0,0.0,0.0
202201,부산광역시,전체방문자(a+b),52725715.0,0.0,0.0
202201,서울특별시,전체방문자(a+b),177787225.0,0.0,0.0
202201,제주특별자치도,전체방문자(a+b),22165266.0,0.0,0.0
202201,충청남도,현지인방문자(a),30530812.0,0.0,0.0
202201,부산광역시,현지인방문자(a),41356721.0,0.0,0.0
202201,충청북도,현지인방문자(a),22756447.0,0.0,0.0
202201,전북특별자치도,현지인방문자(a),29381020.0,0.0,0.0
202201,전라남도,현지인방문자(a),27207582.0,0.0,0.0
202201,경상북도,현지인방문자(a),40261848.0,0.0,0.0
202201,경상남도,현지인방문자(a),45940478.0,0.0,0.0
202201,제주특별자치도,현지인방문자(a),16143561.0,0.0,0.0
202201,강원특별자치도,현지인방문자(a),26663542.0,0.0,0.0
202201,경기도,현지인방문자(a),180158282.0,0.0,0.0
202201,세종특별자치시,현지인방문자(a),4530894.0,0.0,0.0
202201,울산광역시,현지인방문자(a),14874934.0,0.0,0.0
202201,대전광역시,현지인방문자(a),21041276.0,0.0,0.0
202201,광주광역시,현지인방문자(a),21568074.0,0.0,0.0
202201,인천광역시,현지인방문자(a),36448030.0,0.0,0.0
202201,대구광역시,현지인방문자(a),34629690.0,0.0,0.0
202201,서울특별시,현지인방문자(a),135100147.0,0.0,0.0
202202,인천광역시,외지인방문자(b),9861299.0,0.0,0.0
202202,제주특별자치도,외지인방문자(b),5053475.0,0.0,0.0
202202,경상남도,외지인방문자(b),10249638.0,0.0,0.0
202202,경상북도,외지인방문자(b),11606052.0,0.0,0.0
202202,전북특별자치도,외지인방문자(b),5917492.0,0.0,0.0
202202,서울특별시,외지인방문자(b),36369476.0,0.0,0.0
202202,부산광역시,외지인방문자(b),9877186.0,0.0,0.0
202202,대구광역시,외지인방문자(b),6499434.0,0.0,0.0
202202,광주광역시,외지인방문자(b),4094433.0,0.0,0.0
202202,대전광역시,외지인방문자(b),5129299.0,0.0,0.0
202202,울산광역시,외지인방문자(b),3269906.0,0.0,0.0
202202,세종특별자치시,외지인방문자(b),1850639.0,0.0,0.0
202202,경기도,외지인방문자(b),39137976.0,0.0,0.0
202202,강원특별자치도,외지인방문자(b),9681742.0,0.0,0.0
202202,충청북도,외지인방문자(b),6662369.0,0.0,0.0
202202,충청남도,외지인방문자(b),9813254.0,0.0,0.0
202202,전라남도,외지인방문자(b),8033060.0,0.0,0.0
202202,서울특별시,전체방문자(a+b),157063473.0,0.0,0.0
202202,제주특별자치도,전체방문자(a+b),19630128.0,0.0,0.0
202202,경상남도,전체방문자(a+b),51218934.0,0.0,0.0
202202,경상북도,전체방문자(a+b),47547920.0,0.0,0.0
202202,전라남도,전체방문자(a+b),32527320.0,0.0,0.0
202202,전북특별자치도,전체방문자(a+b),32256819.0,0.0,0.0
202202,충청남도,전체방문자(a+b),37185844.0,0.0,0.0
202202,충청북도,전체방문자(a+b),27093430.0,0.0,0.0
202202,강원특별자치도,전체방문자(a+b),33049272.0,0.0,0.0
202202,세종특별자치시,전체방문자(a+b),6050320.0,0.0,0.0
202202,경기도,전체방문자(a+b),202328756.0,0.0,0.0
202202,부산광역시,전체방문자(a+b),47151636.0,0.0,0.0
202202,대구광역시,전체방문자(a+b),38002842.0,0.0,0.0
202202,인천광역시,전체방문자(a+b),42897106.0,0.0,0.0
202202,광주광역시,전체방문자(a+b),23413271.0,0.0,0.0
202202,대전광역시,전체방문자(a+b),24166516.0,0.0,0.0
202202,울산광역시,전체방문자(a+b),16911794.0,0.0,0.0
202202,서울특별시,현지인방문자(a),120693996.0,0.0,0.0
202202,제주특별자치도,현지인방문자(a),14576653.0,0.0,0.0
202202,경상남도,현지인방문자(a),40969296.0,0.0,0.0
202202,경상북도,현지인방문자(a),35941868.0,0.0,0.0
202202,전라남도,현지인방문자(a),24494260.0,0.0,0.0
202202,전북특별자치도,현지인방문자(a),26339327.0,0.0,0.0
202202,충청남도,현지인방문자(a),27372590.0,0.0,0.0
202202,충청북도,현지인방문자(a),20431061.0,0.0,0.0
202202,강원특별자치도,현지인방문자(a),23367530.0,0.0,0.0
202202,경기도,현지인방문자(a),163190780.0,0.0,0.0
202202,세종특별자치시,현지인방문자(a),4199682.0,0.0,0.0
202202,울산광역시,현지인방문자(a),13641887.0,0.0,0.0
202202,대전광역시,현지인방문자(a),19037218.0,0.0,0.0
202202,광주광역시,현지인방문자(a),19318838.0,0.0,0.0
202202,인천광역시,현지인방문자(a),33035807.0,0.0,0.0
202202,대구광역시,현지인방문자(a),31503409.0,0.0,0.0
202202,부산광역시,현지인방문자(a),37274450.0,0.0,0.0
202203,세종특별자치시,외지인방문자(b),2364327.0,0.0,0.0
202203,서울특별시,외지인방문자(b),45396211.0,0.0,0.0
202203,부산광역시,외지인방문자(b),11363376.0,0.0,0.0
202203,대구광역시,외지인방문자(b),7580937.0,0.0,0.0
202203,인천광역시,외지인방문자(b),11605394.0,0.0,0.0
202203,광주광역시,외지인방문자(b),5015115.0,0.0,0.0
202203,대전광역시,외지인방문자(b),6585212.0,0.0,0.0
202203,경상남도,외지인방문자(b),11534068.0,0.0,0.0
202203,경상북도,외지인방문자(b),13033062.0,0.0,0.0
202203,전라남도,외지인방문자(b),9131980.0,0.0,0.0
202203,전북특별자치도,외지인방문자(b),6616316.0,0.0,0.0
202203,충청남도,외지인방문자(b),12180794.0,0.0,0.0
202203,충청북도,외지인방문자(b),8280654.0,0.0,0.0
202203,강원특별자치도,외지인방문자(b),10240909.0,0.0,0.0
202203,경기도,외지인방문자(b),48895206.0,0.0,0.0
202203,울산광역시,외지인방문자(b),3832140.0,0.0,0.0
202203,제주특별자치도,외지인방문자(b),4804996.0,0.0,0.0
202203,서울특별시,전체방문자(a+b),183383298.0,0.0,0.0
202203,부산광역시,전체방문자(a+b),55403565.0,0.0,0.0
202203,대구광역시,전체방문자(a+b),43651556.0,0.0,0.0
202203,인천광역시,전체방문자(a+b),48462054.0,0.0,0.0
202203,광주광역시,전체방문자(a+b),26747574.0,0.0,0.0
202203,대전광역시,전체방문자(a+b),28437885.0,0.0,0.0
202203,울산광역시,전체방문자(a+b),20072976.0,0.0,0.0
202203,세종특별자치시,전체방문자(a+b),7283420.0,0.0,0.0
202203,경기도,전체방문자(a+b),234186046.0,0.0,0.0
202203,강원특별자치도,전체방문자(a+b),37030098.0,0.0,0.0
202203,충청북도,전체방문자(a+b),31937248.0,0.0,0.0
202203,충청남도,전체방문자(a+b),43947740.0,0.0,0.0
202203,전북특별자치도,전체방문자(a+b),36822636.0,0.0,0.0
202203,전라남도,전체방문자(a+b),37453983.0,0.0,0.0
202203,경상북도,전체방문자(a+b),54538204.0,0.0,0.0
202203,경상남도,전체방문자(a+b),59816900.0,0.0,0.0
202203,제주특별자치도,전체방문자(a+b),21091630.0,0.0,0.0
202203,경상남도,현지인방문자(a),48282832.0,0.0,0.0
202203,제주특별자치도,현지인방문자(a),16286634.0,0.0,0.0
202203,서울특별시,현지인방문자(a),137987087.0,0.0,0.0
202203,부산광역시,현지인방문자(a),44040188.0,0.0,0.0
202203,인천광역시,현지인방문자(a),36856659.0,0.0,0.0
202203,경상북도,현지인방문자(a),41505142.0,0.0,0.0
202203,전라남도,현지인방문자(a),28322004.0,0.0,0.0
202203,전북특별자치도,현지인방문자(a),30206320.0,0.0,0.0
202203,충청남도,현지인방문자(a),31766945.0,0.0,0.0
202203,충청북도,현지인방문자(a),23656594.0,0.0,0.0
202203,강원특별자치도,현지인방문자(a),26789189.0,0.0,0.0
202203,경기도,현지인방문자(a),185290840.0,0.0,0.0
202203,세종특별자치시,현지인방문자(a),4919092.0,0.0,0.0
202203,울산광역시,현지인방문자(a),16240836.0,0.0,0.0
202203,대전광역시,현지인방문자(a),21852674.0,0.0,0.0
202203,광주광역시,현지인방문자(a),21732459.0,0.0,0.0
202203,대구광역시,현지인방문자(a),36070618.0,0.0,0.0
202204,세종특별자치시,외지인방문자(b),2166304.0,0.0,0.0
202204,제주특별자치도,외지인방문자(b),5376738.0,0.0,0.0
202204,경상남도,외지인방문자(b),11729704.0,0.0,0.0
202204,경상북도,외지인방문자(b),13207148.0,0.0,0.0
202204,전라남도,외지인방문자(b),9694384.0,0.0,0.0
202204,전북특별자치도,외지인방문자(b),6472326.0,0.0,0.0
202204,충청남도,외지인방문자(b),12778552.0,0.0,0.0
202204,충청북도,외지인방문자(b),8487584.0,0.0,0.0
202204,강원특별자치도,외지인방문자(b),11681436.0,0.0,0.0
202204,경기도,외지인방문자(b),52298978.0,0.0,0.0
202204,대전광역시,외지인방문자(b),5670228.0,0.0,0.0
202204,광주광역시,외지인방문자(b),4424724.0,0.0,0.0
202204,인천광역시,외지인방문자(b),13028172.0,0.0,0.0
202204,대구광역시,외지인방문자(b),7043701.0,0.0,0.0
202204,부산광역시,외지인방문자(b),10067470.0,0.0,0.0
202204,서울특별시,외지인방문자(b),47372241.0,0.0,0.0
202204,울산광역시,외지인방문자(b),3518260.0,0.0,0.0
202204,전라남도,전체방문자(a+b),37905308.0,0.0,0.0
202204,경상남도,전체방문자(a+b),59426017.0,0.0,0.0
202204,경상북도,전체방문자(a+b),54311694.0,0.0,0.0
202204,전북특별자치도,전체방문자(a+b),36036651.0,0.0,0.0
202204,충청남도,전체방문자(a+b),44468994.0,0.0,0.0
202204,충청북도,전체방문자(a+b),32476346.0,0.0,0.0
202204,강원특별자치도,전체방문자(a+b),38155544.0,0.0,0.0
202204,경기도,전체방문자(a+b),239130465.0,0.0,0.0
202204,세종특별자치시,전체방문자(a+b),7111612.0,0.0,0.0
202204,울산광역시,전체방문자(a+b),19440844.0,0.0,0.0
202204,대전광역시,전체방문자(a+b),27250825.0,0.0,0.0
202204,광주광역시,전체방문자(a+b),26792990.0,0.0,0.0
202204,인천광역시,전체방문자(a+b),50860936.0,0.0,0.0
202204,대구광역시,전체방문자(a+b),42112112.0,0.0,0.0
202204,부산광역시,전체방문자(a+b),53325475.0,0.0,0.0
202204,서울특별시,전체방문자(a+b),186003604.0,0.0,0.0
202204,제주특별자치도,전체방문자(a+b),21560518.0,0.0,0.0
202204,서울특별시,현지인방문자(a),138631364.0,0.0,0.0
202204,부산광역시,현지인방문자(a),43258005.0,0.0,0.0
202204,대구광역시,현지인방문자(a),35068411.0,0.0,0.0
202204,인천광역시,현지인방문자(a),37832764.0,0.0,0.0
202204,광주광역시,현지인방문자(a),22368266.0,0.0,0.0
202204,대전광역시,현지인방문자(a),21580598.0,0.0,0.0
202204,울산광역시,현지인방문자(a),15922585.0,0.0,0.0
202204,세종특별자치시,현지인방문자(a),4945308.0,0.0,0.0
202204,경기도,현지인방문자(a),186831488.0,0.0,0.0
202204,강원특별자치도,현지인방문자(a),26474108.0,0.0,0.0
202204,충청북도,현지인방문자(a),23988762.0,0.0,0.0
202204,충청남도,현지인방문자(a),31690442.0,0.0,0.0
202204,전북특별자치도,현지인방문자(a),29564325.0,0.0,0.0
202204,전라남도,현지인방문자(a),28210924.0,0.0,0.0
202204,경상북도,현지인방문자(a),41104546.0,0.0,0.0
202204,경상남도,현지인방문자(a),47696313.0,0.0,0.0
202204,제주특별자치도,현지인방문자(a),16183780.0,0.0,0.0
202205,경상북도,외지인방문자(b),14766157.0,0.0,0.0
202205,전라남도,외지인방문자(b),10347134.0,0.0,0.0
202205,서울특별시,외지인방문자(b),48937928.0,0.0,0.0
202205,부산광역시,외지인방문자(b),11842218.0,0.0,0.0
202205,대구광역시,외지인방문자(b),7745658.0,0.0,0.0
202205,인천광역시,외지인방문자(b),13286854.0,0.0,0.0
202205,광주광역시,외지인방문자(b),4790734.0,0.0,0.0
202205,대전광역시,외지인방문자(b),6578243.0,0.0,0.0
202205,울산광역시,외지인방문자(b),4070675.0,0.0,0.0
202205,세종특별자치시,외지인방문자(b),2409536.0,0.0,0.0
202205,경기도,외지인방문자(b),53124978.0,0.0,0.0
202205,강원특별자치도,외지인방문자(b),13157494.0,0.0,0.0
202205,충청북도,외지인방문자(b),9754686.0,0.0,0.0
202205,충청남도,외지인방문자(b),14383915.0,0.0,0.0
202205,전북특별자치도,외지인방문자(b),7307083.0,0.0,0.0
202205,제주특별자치도,외지인방문자(b),5353484.0,0.0,0.0
202205,경상남도,외지인방문자(b),13192053.0,0.0,0.0
202205,서울특별시,전체방문자(a+b),196862239.0,0.0,0.0
202205,부산광역시,전체방문자(a+b),60105962.0,0.0,0.0
202205,대구광역시,전체방문자(a+b),43507992.0,0.0,0.0
202205,인천광역시,전체방문자(a+b),53466147.0,0.0,0.0
202205,광주광역시,전체방문자(a+b),26292318.0,0.0,0.0
202205,대전광역시,전체방문자(a+b),30623582.0,0.0,0.0
202205,울산광역시,전체방문자(a+b),21533382.0,0.0,0.0
202205,경기도,전체방문자(a+b),252844610.0,0.0,0.0
202205,강원특별자치도,전체방문자(a+b),42609588.0,0.0,0.0
202205,충청북도,전체방문자(a+b),36508812.0,0.0,0.0
202205,충청남도,전체방문자(a+b),49539788.0,0.0,0.0
202205,전북특별자치도,전체방문자(a+b),36788602.0,0.0,0.0
202205,전라남도,전체방문자(a+b),38318938.0,0.0,0.0
202205,경상북도,전체방문자(a+b),57464830.0,0.0,0.0
202205,경상남도,전체방문자(a+b),65082045.0,0.0,0.0
202205,제주특별자치도,전체방문자(a+b),21203906.0,0.0,0.0
202205,세종특별자치시,전체방문자(a+b),7933072.0,0.0,0.0
202205,인천광역시,현지인방문자(a),40179293.0,0.0,0.0
202205,충청남도,현지인방문자(a),35155872.0,0.0,0.0
202205,충청북도,현지인방문자(a),26754126.0,0.0,0.0
202205,강원특별자치도,현지인방문자(a),29452094.0,0.0,0.0
202205,경기도,현지인방문자(a),199719632.0,0.0,0.0
202205,세종특별자치시,현지인방문자(a),5523536.0,0.0,0.0
202205,울산광역시,현지인방문자(a),17462708.0,0.0,0.0
202205,대전광역시,현지인방문자(a),24045340.0,0.0,0.0
202205,광주광역시,현지인방문자(a),21501585.0,0.0,0.0
202205,대구광역시,현지인방문자(a),35762335.0,0.0,0.0
202205,제주특별자치도,현지인방문자(a),15850422.0,0.0,0.0
202205,경상남도,현지인방문자(a),51889992.0,0.0,0.0
202205,경상북도,현지인방문자(a),42698674.0,0.0,0.0
202205,전라남도,현지인방문자(a),27971804.0,0.0,0.0
202205,전북특별자치도,현지인방문자(a),29481518.0,0.0,0.0
202205,서울특별시,현지인방문자(a),147924312.0,0.0,0.0
202205,부산광역시,현지인방문자(a),48263744.0,0.0,0.0
202206,제주특별자치도,외지인방문자(b),5830584.0,0.0,0.0
202206,울산광역시,외지인방문자(b),3751818.0,0.0,0.0
202206,경상남도,외지인방문자(b),11862896.0,0.0,0.0
202206,경상북도,외지인방문자(b),14416454.0,0.0,0.0
202206,전라남도,외지인방문자(b),10274856.0,0.0,0.0
202206,전북특별자치도,외지인방문자(b),7831708.0,0.0,0.0
202206,충청남도,외지인방문자(b),13152013.0,0.0,0.0
202206,충청북도,외지인방문자(b),8822443.0,0.0,0.0
202206,강원특별자치도,외지인방문자(b),12607371.0,0.0,0.0
202206,경기도,외지인방문자(b),48851086.0,0.0,0.0
202206,세종특별자치시,외지인방문자(b),2138423.0,0.0,0.0
202206,대전광역시,외지인방문자(b),6082069.0,0.0,0.0
202206,광주광역시,외지인방문자(b),5413726.0,0.0,0.0
202206,인천광역시,외지인방문자(b),12327273.0,0.0,0.0
202206,대구광역시,외지인방문자(b),8342306.0,0.0,0.0
202206,부산광역시,외지인방문자(b),11178738.0,0.0,0.0
202206,서울특별시,외지인방문자(b),45081498.0,0.0,0.0
202206,세종특별자치시,전체방문자(a+b),7455486.0,0.0,0.0
202206,경상남도,전체방문자(a+b),62250920.0,0.0,0.0
202206,서울특별시,전체방문자(a+b),191673797.0,0.0,0.0
202206,부산광역시,전체방문자(a+b),58605400.0,0.0,0.0
202206,대구광역시,전체방문자(a+b),42334432.0,0.0,0.0
202206,인천광역시,전체방문자(a+b),52101322.0,0.0,0.0
202206,광주광역시,전체방문자(a+b),25349478.0,0.0,0.0
202206,대전광역시,전체방문자(a+b),29357930.0,0.0,0.0
202206,울산광역시,전체방문자(a+b),20897149.0,0.0,0.0
202206,제주특별자치도,전체방문자(a+b),20444606.0,0.0,0.0
202206,경기도,전체방문자(a+b),246303816.0,0.0,0.0
202206,강원특별자치도,전체방문자(a+b),41185109.0,0.0,0.0
202206,충청북도,전체방문자(a+b),34577518.0,0.0,0.0
202206,충청남도,전체방문자(a+b),47133202.0,0.0,0.0
202206,전북특별자치도,전체방문자(a+b),35090223.0,0.0,0.0
202206,전라남도,전체방문자(a+b),36377509.0,0.0,0.0
202206,경상북도,전체방문자(a+b),54446854.0,0.0,0.0
202206,전북특별자치도,현지인방문자(a),27258514.0,0.0,0.0
202206,제주특별자치도,현지인방문자(a),14614022.0,0.0,0.0
202206,경상남도,현지인방문자(a),50388023.0,0.0,0.0
202206,경상북도,현지인방문자(a),40030400.0,0.0,0.0
202206,전라남도,현지인방문자(a),26102654.0,0.0,0.0
202206,충청남도,현지인방문자(a),33981188.0,0.0,0.0
202206,충청북도,현지인방문자(a),25755076.0,0.0,0.0
202206,강원특별자치도,현지인방문자(a),28577738.0,0.0,0.0
202206,경기도,현지인방문자(a),197452731.0,0.0,0.0
202206,세종특별자치시,현지인방문자(a),5317064.0,0.0,0.0
202206,울산광역시,현지인방문자(a),17145331.0,0.0,0.0
202206,대전광역시,현지인방문자(a),23275861.0,0.0,0.0
202206,광주광역시,현지인방문자(a),19935752.0,0.0,0.0
202206,인천광역시,현지인방문자(a),39774049.0,0.0,0.0
202206,대구광역시,현지인방문자(a),33992126.0,0.0,0.0
202206,부산광역시,현지인방문자(a),47426662.0,0.0,0.0
202206,서울특별시,현지인방문자(a),146592299.0,0.0,0.0
202207,충청남도,외지인방문자(b),14134498.0,0.0,0.0
202207,서울특별시,외지인방문자(b),48614730.0,0.0,0.0
202207,전북특별자치도,외지인방문자(b),12269390.0,0.0,0.0
202207,부산광역시,외지인방문자(b),12475754.0,0.0,0.0
202207,대구광역시,외지인방문자(b),11791269.0,0.0,0.0
202207,인천광역시,외지인방문자(b),13940486.0,0.0,0.0
202207,광주광역시,외지인방문자(b),8823314.0,0.0,0.0
202207,울산광역시,외지인방문자(b),4129534.0,0.0,0.0
202207,제주특별자치도,외지인방문자(b),8006250.0,0.0,0.0
202207,경상남도,외지인방문자(b),13922272.0,0.0,0.0
202207,경상북도,외지인방문자(b),19060265.0,0.0,0.0
202207,전라남도,외지인방문자(b),15398016.0,0.0,0.0
202207,강원특별자치도,외지인방문자(b),16093592.0,0.0,0.0
202207,경기도,외지인방문자(b),53632761.0,0.0,0.0
202207,세종특별자치시,외지인방문자(b),2296676.0,0.0,0.0
202207,대전광역시,외지인방문자(b),6574540.0,0.0,0.0
202207,충청북도,외지인방문자(b),9831616.0,0.0,0.0
202207,서울특별시,전체방문자(a+b),199382936.0,0.0,0.0
202207,경기도,전체방문자(a+b),256802934.0,0.0,0.0
202207,세종특별자치시,전체방문자(a+b),7777651.0,0.0,0.0
202207,울산광역시,전체방문자(a+b),21709310.0,0.0,0.0
202207,대전광역시,전체방문자(a+b),29999106.0,0.0,0.0
202207,광주광역시,전체방문자(a+b),31808091.0,0.0,0.0
202207,인천광역시,전체방문자(a+b),54692204.0,0.0,0.0
202207,대구광역시,전체방문자(a+b),46895580.0,0.0,0.0
202207,부산광역시,전체방문자(a+b),60881044.0,0.0,0.0
202207,강원특별자치도,전체방문자(a+b),45812848.0,0.0,0.0
202207,충청북도,전체방문자(a+b),35776766.0,0.0,0.0
202207,충청남도,전체방문자(a+b),48306220.0,0.0,0.0
202207,전북특별자치도,전체방문자(a+b),43492418.0,0.0,0.0
202207,전라남도,전체방문자(a+b),45095085.0,0.0,0.0
202207,경상북도,전체방문자(a+b),60477648.0,0.0,0.0
202207,제주특별자치도,전체방문자(a+b),24666128.0,0.0,0.0
202207,경상남도,전체방문자(a+b),66080640.0,0.0,0.0
202207,서울특별시,현지인방문자(a),150768205.0,0.0,0.0
202207,충청남도,현지인방문자(a),34171722.0,0.0,0.0
202207,충청북도,현지인방문자(a),25945150.0,0.0,0.0
202207,강원특별자치도,현지인방문자(a),29719256.0,0.0,0.0
202207,경기도,현지인방문자(a),203170174.0,0.0,0.0
202207,세종특별자치시,현지인방문자(a),5480976.0,0.0,0.0
202207,울산광역시,현지인방문자(a),17579776.0,0.0,0.0
202207,대전광역시,현지인방문자(a),23424566.0,0.0,0.0
202207,광주광역시,현지인방문자(a),22984776.0,0.0,0.0
202207,인천광역시,현지인방문자(a),40751718.0,0.0,0.0
202207,대구광역시,현지인방문자(a),35104310.0,0.0,0.0
202207,부산광역시,현지인방문자(a),48405290.0,0.0,0.0
202207,전북특별자치도,현지인방문자(a),31223028.0,0.0,0.0
202207,전라남도,현지인방문자(a),29697070.0,0.0,0.0
202207,경상북도,현지인방문자(a),41417383.0,0.0,0.0
202207,경상남도,현지인방문자(a),52158368.0,0.0,0.0
202207,제주특별자치도,현지인방문자(a),16659878.0,0.0,0.0
202208,광주광역시,외지인방문자(b),5101632.0,0.0,0.0
202208,제주특별자치도,외지인방문자(b),6506731.0,0.0,0.0
202208,경상남도,외지인방문자(b),14251111.0,0.0,0.0
202208,경상북도,외지인방문자(b),17090580.0,0.0,0.0
202208,전라남도,외지인방문자(b),11887292.0,0.0,0.0
202208,전북특별자치도,외지인방문자(b),8601078.0,0.0,0.0
202208,충청남도,외지인방문자(b),14464933.0,0.0,0.0
202208,충청북도,외지인방문자(b),10016114.0,0.0,0.0
202208,강원특별자치도,외지인방문자(b),17695688.0,0.0,0.0
202208,경기도,외지인방문자(b),52129088.0,0.0,0.0
202208,세종특별자치시,외지인방문자(b),2212802.0,0.0,0.0
202208,울산광역시,외지인방문자(b),4157220.0,0.0,0.0
202208,대전광역시,외지인방문자(b),6363105.0,0.0,0.0
202208,인천광역시,외지인방문자(b),13734133.0,0.0,0.0
202208,대구광역시,외지인방문자(b),8368224.0,0.0,0.0
202208,부산광역시,외지인방문자(b),12622116.0,0.0,0.0
202208,서울특별시,외지인방문자(b),46582602.0,0.0,0.0
202208,제주특별자치도,전체방문자(a+b),22062901.0,0.0,0.0
202208,서울특별시,전체방문자(a+b),195207656.0,0.0,0.0
202208,대구광역시,전체방문자(a+b),43840041.0,0.0,0.0
202208,인천광역시,전체방문자(a+b),53318559.0,0.0,0.0
202208,광주광역시,전체방문자(a+b),25396161.0,0.0,0.0
202208,대전광역시,전체방문자(a+b),29317068.0,0.0,0.0
202208,울산광역시,전체방문자(a+b),21334786.0,0.0,0.0
202208,세종특별자치시,전체방문자(a+b),7608573.0,0.0,0.0
202208,경기도,전체방문자(a+b),252694726.0,0.0,0.0
202208,부산광역시,전체방문자(a+b),60361777.0,0.0,0.0
202208,강원특별자치도,전체방문자(a+b),46545698.0,0.0,0.0
202208,충청북도,전체방문자(a+b),35535874.0,0.0,0.0
202208,충청남도,전체방문자(a+b),47924986.0,0.0,0.0
202208,전북특별자치도,전체방문자(a+b),37097739.0,0.0,0.0
202208,전라남도,전체방문자(a+b),38842416.0,0.0,0.0
202208,경상북도,전체방문자(a+b),58391501.0,0.0,0.0
202208,경상남도,전체방문자(a+b),64919606.0,0.0,0.0
202208,대전광역시,현지인방문자(a),22953962.0,0.0,0.0
202208,부산광역시,현지인방문자(a),47739660.0,0.0,0.0
202208,제주특별자치도,현지인방문자(a),15556170.0,0.0,0.0
202208,경상남도,현지인방문자(a),50668496.0,0.0,0.0
202208,경상북도,현지인방문자(a),41300920.0,0.0,0.0
202208,전라남도,현지인방문자(a),26955124.0,0.0,0.0
202208,전북특별자치도,현지인방문자(a),28496660.0,0.0,0.0
202208,충청남도,현지인방문자(a),33460052.0,0.0,0.0
202208,충청북도,현지인방문자(a),25519760.0,0.0,0.0
202208,강원특별자치도,현지인방문자(a),28850010.0,0.0,0.0
202208,세종특별자치시,현지인방문자(a),5395772.0,0.0,0.0
202208,울산광역시,현지인방문자(a),17177566.0,0.0,0.0
202208,서울특별시,현지인방문자(a),148625054.0,0.0,0.0
202208,광주광역시,현지인방문자(a),20294530.0,0.0,0.0
202208,인천광역시,현지인방문자(a),39584426.0,0.0,0.0
202208,대구광역시,현지인방문자(a),35471818.0,0.0,0.0
202208,경기도,현지인방문자(a),200565638.0,0.0,0.0
202209,부산광역시,외지인방문자(b),12278746.0,0.0,0.0
202209,대구광역시,외지인방문자(b),8935346.0,0.0,0.0
202209,인천광역시,외지인방문자(b),14614425.0,0.0,0.0
202209,광주광역시,외지인방문자(b),5724212.0,0.0,0.0
202209,대전광역시,외지인방문자(b),7251888.0,0.0,0.0
202209,울산광역시,외지인방문자(b),4108692.0,0.0,0.0
202209,세종특별자치시,외지인방문자(b),2478486.0,0.0,0.0
202209,경기도,외지인방문자(b),54915374.0,0.0,0.0
202209,강원특별자치도,외지인방문자(b),13292566.0,0.0,0.0
202209,충청북도,외지인방문자(b),10583706.0,0.0,0.0
202209,충청남도,외지인방문자(b),15828110.0,0.0,0.0
202209,전북특별자치도,외지인방문자(b),9014960.0,0.0,0.0
202209,전라남도,외지인방문자(b),11863880.0,0.0,0.0
202209,경상북도,외지인방문자(b),16975298.0,0.0,0.0
202209,경상남도,외지인방문자(b),13581410.0,0.0,0.0
202209,제주특별자치도,외지인방문자(b),5045789.0,0.0,0.0
202209,서울특별시,외지인방문자(b),49772345.0,0.0,0.0
202209,경상북도,전체방문자(a+b),60807929.0,0.0,0.0
202209,전라남도,전체방문자(a+b),41846077.0,0.0,0.0
202209,전북특별자치도,전체방문자(a+b),40519090.0,0.0,0.0
202209,충청남도,전체방문자(a+b),49611233.0,0.0,0.0
202209,충청북도,전체방문자(a+b),36330584.0,0.0,0.0
202209,강원특별자치도,전체방문자(a+b),41885410.0,0.0,0.0
202209,경기도,전체방문자(a+b),253963392.0,0.0,0.0
202209,세종특별자치시,전체방문자(a+b),7961502.0,0.0,0.0
202209,울산광역시,전체방문자(a+b),21280808.0,0.0,0.0
202209,대전광역시,전체방문자(a+b),30369878.0,0.0,0.0
202209,광주광역시,전체방문자(a+b),28501648.0,0.0,0.0
202209,인천광역시,전체방문자(a+b),54032898.0,0.0,0.0
202209,대구광역시,전체방문자(a+b),46689682.0,0.0,0.0
202209,부산광역시,전체방문자(a+b),59405073.0,0.0,0.0
202209,제주특별자치도,전체방문자(a+b),21621422.0,0.0,0.0
202209,서울특별시,전체방문자(a+b),196603866.0,0.0,0.0
202209,경상남도,전체방문자(a+b),64578476.0,0.0,0.0
202209,제주특별자치도,현지인방문자(a),16575632.0,0.0,0.0
202209,서울특별시,현지인방문자(a),146831520.0,0.0,0.0
202209,부산광역시,현지인방문자(a),47126328.0,0.0,0.0
202209,대구광역시,현지인방문자(a),37754336.0,0.0,0.0
202209,인천광역시,현지인방문자(a),39418474.0,0.0,0.0
202209,광주광역시,현지인방문자(a),22777436.0,0.0,0.0
202209,대전광역시,현지인방문자(a),23117990.0,0.0,0.0
202209,울산광역시,현지인방문자(a),17172116.0,0.0,0.0
202209,세종특별자치시,현지인방문자(a),5483016.0,0.0,0.0
202209,강원특별자치도,현지인방문자(a),28592844.0,0.0,0.0
202209,충청북도,현지인방문자(a),25746878.0,0.0,0.0
202209,충청남도,현지인방문자(a),33783124.0,0.0,0.0
202209,전북특별자치도,현지인방문자(a),31504130.0,0.0,0.0
202209,전라남도,현지인방문자(a),29982197.0,0.0,0.0
202209,경상북도,현지인방문자(a),43832632.0,0.0,0.0
202209,경상남도,현지인방문자(a),50997065.0,0.0,0.0
202209,경기도,현지인방문자(a),199048017.0,0.0,0.0
202210,세종특별자치시,외지인방문자(b),2395946.0,0.0,0.0
202210,울산광역시,외지인방문자(b),4411883.0,0.0,0.0
202210,대전광역시,외지인방문자(b),6649184.0,0.0,0.0
202210,광주광역시,외지인방문자(b),5208298.0,0.0,0.0
202210,인천광역시,외지인방문자(b),14407522.0,0.0,0.0
202210,제주특별자치도,외지인방문자(b),6094980.0,0.0,0.0
202210,대구광역시,외지인방문자(b),8298854.0,0.0,0.0
202210,부산광역시,외지인방문자(b),12013600.0,0.0,0.0
202210,서울특별시,외지인방문자(b),50165734.0,0.0,0.0
202210,경기도,외지인방문자(b),55480089.0,0.0,0.0
202210,강원특별자치도,외지인방문자(b),15159102.0,0.0,0.0
202210,충청북도,외지인방문자(b),10536480.0,0.0,0.0
202210,충청남도,외지인방문자(b),15424031.0,0.0,0.0
202210,전북특별자치도,외지인방문자(b),8732300.0,0.0,0.0
202210,전라남도,외지인방문자(b),11735633.0,0.0,0.0
202210,경상북도,외지인방문자(b),16661022.0,0.0,0.0
202210,경상남도,외지인방문자(b),14014399.0,0.0,0.0
202210,경기도,전체방문자(a+b),260321026.0,0.0,0.0
202210,부산광역시,전체방문자(a+b),60809354.0,0.0,0.0
202210,대구광역시,전체방문자(a+b),47185614.0,0.0,0.0
202210,인천광역시,전체방문자(a+b),54883031.0,0.0,0.0
202210,광주광역시,전체방문자(a+b),28538318.0,0.0,0.0
202210,대전광역시,전체방문자(a+b),30542284.0,0.0,0.0
202210,울산광역시,전체방문자(a+b),21973970.0,0.0,0.0
202210,세종특별자치시,전체방문자(a+b),8083204.0,0.0,0.0
202210,서울특별시,전체방문자(a+b),200083499.0,0.0,0.0
202210,강원특별자치도,전체방문자(a+b),44755025.0,0.0,0.0
202210,충청북도,전체방문자(a+b),36941373.0,0.0,0.0
202210,충청남도,전체방문자(a+b),50360058.0,0.0,0.0
202210,전북특별자치도,전체방문자(a+b),41174280.0,0.0,0.0
202210,전라남도,전체방문자(a+b),42656884.0,0.0,0.0
202210,경상북도,전체방문자(a+b),62476148.0,0.0,0.0
202210,경상남도,전체방문자(a+b),66546484.0,0.0,0.0
202210,제주특별자치도,전체방문자(a+b),23527276.0,0.0,0.0
202210,전라남도,현지인방문자(a),30921250.0,0.0,0.0
202210,경상남도,현지인방문자(a),52532084.0,0.0,0.0
202210,제주특별자치도,현지인방문자(a),17432296.0,0.0,0.0
202210,서울특별시,현지인방문자(a),149917764.0,0.0,0.0
202210,부산광역시,현지인방문자(a),48795754.0,0.0,0.0
202210,대구광역시,현지인방문자(a),38886760.0,0.0,0.0
202210,인천광역시,현지인방문자(a),40475508.0,0.0,0.0
202210,광주광역시,현지인방문자(a),23330020.0,0.0,0.0
202210,대전광역시,현지인방문자(a),23893100.0,0.0,0.0
202210,울산광역시,현지인방문자(a),17562086.0,0.0,0.0
202210,세종특별자치시,현지인방문자(a),5687258.0,0.0,0.0
202210,경기도,현지인방문자(a),204840937.0,0.0,0.0
202210,강원특별자치도,현지인방문자(a),29595923.0,0.0,0.0
202210,충청북도,현지인방문자(a),26404892.0,0.0,0.0
202210,충청남도,현지인방문자(a),34936027.0,0.0,0.0
202210,전북특별자치도,현지인방문자(a),32441980.0,0.0,0.0
202210,경상북도,현지인방문자(a),45815126.0,0.0,0.0
202211,제주특별자치도,외지인방문자(b),5252712.0,0.0,0.0
202211,경기도,외지인방문자(b),49986769.0,0.0,0.0
202211,서울특별시,외지인방문자(b),47061364.0,0.0,0.0
202211,부산광역시,외지인방문자(b),10901740.0,0.0,0.0
202211,대구광역시,외지인방문자(b),7927122.0,0.0,0.0
202211,인천광역시,외지인방문자(b),13095092.0,0.0,0.0
202211,광주광역시,외지인방문자(b),4936614.0,0.0,0.0
202211,대전광역시,외지인방문자(b),6176208.0,0.0,0.0
202211,울산광역시,외지인방문자(b),3741521.0,0.0,0.0
202211,세종특별자치시,외지인방문자(b),2185176.0,0.0,0.0
202211,강원특별자치도,외지인방문자(b),11238766.0,0.0,0.0
202211,충청북도,외지인방문자(b),9121178.0,0.0,0.0
202211,충청남도,외지인방문자(b),12910660.0,0.0,0.0
202211,전북특별자치도,외지인방문자(b),7787248.0,0.0,0.0
202211,전라남도,외지인방문자(b),9998443.0,0.0,0.0
202211,경상북도,외지인방문자(b),14021455.0,0.0,0.0
202211,경상남도,외지인방문자(b),11906342.0,0.0,0.0
202211,울산광역시,전체방문자(a+b),21020370.0,0.0,0.0
202211,서울특별시,전체방문자(a+b),196572946.0,0.0,0.0
202211,제주특별자치도,전체방문자(a+b),22423278.0,0.0,0.0
202211,경상남도,전체방문자(a+b),63733512.0,0.0,0.0
202211,경상북도,전체방문자(a+b),59488044.0,0.0,0.0
202211,전라남도,전체방문자(a+b),41015720.0,0.0,0.0
202211,전북특별자치도,전체방문자(a+b),40086490.0,0.0,0.0
202211,충청남도,전체방문자(a+b),48436378.0,0.0,0.0
202211,충청북도,전체방문자(a+b),35508728.0,0.0,0.0
202211,강원특별자치도,전체방문자(a+b),40630446.0,0.0,0.0
202211,세종특별자치시,전체방문자(a+b),7988750.0,0.0,0.0
202211,경기도,전체방문자(a+b),253053654.0,0.0,0.0
202211,대전광역시,전체방문자(a+b),30114889.0,0.0,0.0
202211,광주광역시,전체방문자(a+b),28173117.0,0.0,0.0
202211,인천광역시,전체방문자(a+b),52988775.0,0.0,0.0
202211,대구광역시,전체방문자(a+b),46352334.0,0.0,0.0
202211,부산광역시,전체방문자(a+b),58756842.0,0.0,0.0
202211,제주특별자치도,현지인방문자(a),17170566.0,0.0,0.0
202211,서울특별시,현지인방문자(a),149511582.0,0.0,0.0
202211,광주광역시,현지인방문자(a),23236504.0,0.0,0.0
202211,대전광역시,현지인방문자(a),23938680.0,0.0,0.0
202211,울산광역시,현지인방문자(a),17278849.0,0.0,0.0
202211,세종특별자치시,현지인방문자(a),5803574.0,0.0,0.0
202211,경기도,현지인방문자(a),203066885.0,0.0,0.0
202211,강원특별자치도,현지인방문자(a),29391680.0,0.0,0.0
202211,충청북도,현지인방문자(a),26387550.0,0.0,0.0
202211,충청남도,현지인방문자(a),35525718.0,0.0,0.0
202211,전북특별자치도,현지인방문자(a),32299242.0,0.0,0.0
202211,전라남도,현지인방문자(a),31017276.0,0.0,0.0
202211,경상북도,현지인방문자(a),45466589.0,0.0,0.0
202211,경상남도,현지인방문자(a),51827170.0,0.0,0.0
202211,인천광역시,현지인방문자(a),39893682.0,0.0,0.0
202211,대구광역시,현지인방문자(a),38425212.0,0.0,0.0
202211,부산광역시,현지인방문자(a),47855101.0,0.0,0.0
202212,제주특별자치도,외지인방문자(b),4796743.0,0.0,0.0
202212,경상남도,외지인방문자(b),11490090.0,0.0,0.0
202212,경상북도,외지인방문자(b),12950914.0,0.0,0.0
202212,전라남도,외지인방문자(b),8592804.0,0.0,0.0
202212,전북특별자치도,외지인방문자(b),6480075.0,0.0,0.0
202212,충청남도,외지인방문자(b),10997724.0,0.0,0.0
202212,충청북도,외지인방문자(b),7625390.0,0.0,0.0
202212,강원특별자치도,외지인방문자(b),10482426.0,0.0,0.0
202212,경기도,외지인방문자(b),47868415.0,0.0,0.0
202212,울산광역시,외지인방문자(b),3828062.0,0.0,0.0
202212,대전광역시,외지인방문자(b),6403439.0,0.0,0.0
202212,광주광역시,외지인방문자(b),5044186.0,0.0,0.0
202212,인천광역시,외지인방문자(b),13403887.0,0.0,0.0
202212,대구광역시,외지인방문자(b),8367874.0,0.0,0.0
202212,부산광역시,외지인방문자(b),12020771.0,0.0,0.0
202212,서울특별시,외지인방문자(b),48089780.0,0.0,0.0
202212,세종특별자치시,외지인방문자(b),2161842.0,0.0,0.0
202212,경기도,전체방문자(a+b),251796125.0,0.0,0.0
202212,세종특별자치시,전체방문자(a+b),7947530.0,0.0,0.0
202212,울산광역시,전체방문자(a+b),21398086.0,0.0,0.0
202212,대전광역시,전체방문자(a+b),30333121.0,0.0,0.0
202212,광주광역시,전체방문자(a+b),28160286.0,0.0,0.0
202212,인천광역시,전체방문자(a+b),54003316.0,0.0,0.0
202212,대구광역시,전체방문자(a+b),46770325.0,0.0,0.0
202212,부산광역시,전체방문자(a+b),60626912.0,0.0,0.0
202212,강원특별자치도,전체방문자(a+b),39370720.0,0.0,0.0
202212,서울특별시,전체방문자(a+b),196765810.0,0.0,0.0
202212,충청북도,전체방문자(a+b),33409352.0,0.0,0.0
202212,충청남도,전체방문자(a+b),46316350.0,0.0,0.0
202212,전북특별자치도,전체방문자(a+b),38399312.0,0.0,0.0
202212,전라남도,전체방문자(a+b),39340626.0,0.0,0.0
202212,경상북도,전체방문자(a+b),57720072.0,0.0,0.0
202212,경상남도,전체방문자(a+b),63965048.0,0.0,0.0
202212,제주특별자치도,전체방문자(a+b),22098828.0,0.0,0.0
202212,경기도,현지인방문자(a),203927710.0,0.0,0.0
202212,강원특별자치도,현지인방문자(a),28888293.0,0.0,0.0
202212,충청북도,현지인방문자(a),25783961.0,0.0,0.0
202212,충청남도,현지인방문자(a),35318626.0,0.0,0.0
202212,전북특별자치도,현지인방문자(a),31919237.0,0.0,0.0
202212,전라남도,현지인방문자(a),30747822.0,0.0,0.0
202212,경상북도,현지인방문자(a),44769158.0,0.0,0.0
202212,경상남도,현지인방문자(a),52474958.0,0.0,0.0
202212,제주특별자치도,현지인방문자(a),17302086.0,0.0,0.0
202212,울산광역시,현지인방문자(a),17570024.0,0.0,0.0
202212,대전광역시,현지인방문자(a),23929682.0,0.0,0.0
202212,광주광역시,현지인방문자(a),23116100.0,0.0,0.0
202212,인천광역시,현지인방문자(a),40599430.0,0.0,0.0
202212,대구광역시,현지인방문자(a),38402452.0,0.0,0.0
202212,부산광역시,현지인방문자(a),48606142.0,0.0,0.0
202212,서울특별시,현지인방문자(a),148676031.0,0.0,0.0
202212,세종특별자치시,현지인방문자(a),5785689.0,0.0,0.0
202301,대구광역시,외지인방문자(b),9140509.0,0.0,0.0
202301,서울특별시,외지인방문자(b),47059016.0,0.0,0.0
202301,부산광역시,외지인방문자(b),13161680.0,0.0,0.0
202301,인천광역시,외지인방문자(b),14079590.0,0.0,0.0
202301,제주특별자치도,외지인방문자(b),5372801.0,0.0,0.0
202301,경상남도,외지인방문자(b),13453380.0,0.0,0.0
202301,경상북도,외지인방문자(b),15381562.0,0.0,0.0
202301,전라남도,외지인방문자(b),10612343.0,0.0,0.0
202301,전북특별자치도,외지인방문자(b),8259524.0,0.0,0.0
202301,충청남도,외지인방문자(b),12629928.0,0.0,0.0
202301,충청북도,외지인방문자(b),8619737.0,0.0,0.0
202301,강원특별자치도,외지인방문자(b),12597830.0,0.0,0.0
202301,경기도,외지인방문자(b),48846553.0,0.0,0.0
202301,세종특별자치시,외지인방문자(b),2244179.0,0.0,0.0
202301,울산광역시,외지인방문자(b),4227856.0,0.0,0.0
202301,대전광역시,외지인방문자(b),6835395.0,0.0,0.0
202301,광주광역시,외지인방문자(b),5699004.0,0.0,0.0
202301,제주특별자치도,전체방문자(a+b),22002316.0,0.0,0.0
202301,경상남도,전체방문자(a+b),63758642.0,0.0,0.0
202301,경상북도,전체방문자(a+b),58234656.0,0.0,0.0
202301,전라남도,전체방문자(a+b),39887670.0,0.0,0.0
202301,전북특별자치도,전체방문자(a+b),38960397.0,0.0,0.0
202301,충청남도,전체방문자(a+b),45471328.0,0.0,0.0
202301,충청북도,전체방문자(a+b),33225731.0,0.0,0.0
202301,강원특별자치도,전체방문자(a+b),40237547.0,0.0,0.0
202301,경기도,전체방문자(a+b),245598157.0,0.0,0.0
202301,세종특별자치시,전체방문자(a+b),7629034.0,0.0,0.0
202301,울산광역시,전체방문자(a+b),21384738.0,0.0,0.0
202301,대전광역시,전체방문자(a+b),29751848.0,0.0,0.0
202301,광주광역시,전체방문자(a+b),28120820.0,0.0,0.0
202301,인천광역시,전체방문자(a+b),53271390.0,0.0,0.0
202301,대구광역시,전체방문자(a+b),46506817.0,0.0,0.0
202301,부산광역시,전체방문자(a+b),60276556.0,0.0,0.0
202301,서울특별시,전체방문자(a+b),190133836.0,0.0,0.0
202301,제주특별자치도,현지인방문자(a),16629515.0,0.0,0.0
202301,강원특별자치도,현지인방문자(a),27639717.0,0.0,0.0
202301,전북특별자치도,현지인방문자(a),30700873.0,0.0,0.0
202301,경기도,현지인방문자(a),196751604.0,0.0,0.0
202301,경상남도,현지인방문자(a),50305262.0,0.0,0.0
202301,세종특별자치시,현지인방문자(a),5384855.0,0.0,0.0
202301,경상북도,현지인방문자(a),42853094.0,0.0,0.0
202301,울산광역시,현지인방문자(a),17156881.0,0.0,0.0
202301,전라남도,현지인방문자(a),29275326.0,0.0,0.0
202301,대전광역시,현지인방문자(a),22916453.0,0.0,0.0
202301,충청남도,현지인방문자(a),32841400.0,0.0,0.0
202301,광주광역시,현지인방문자(a),22421816.0,0.0,0.0
202301,인천광역시,현지인방문자(a),39191800.0,0.0,0.0
202301,대구광역시,현지인방문자(a),37366308.0,0.0,0.0
202301,부산광역시,현지인방문자(a),47114876.0,0.0,0.0
202301,서울특별시,현지인방문자(a),143074820.0,0.0,0.0
202301,충청북도,현지인방문자(a),24605994.0,0.0,0.0
202302,제주특별자치도,외지인방문자(b),4931644.0,0.0,0.0
202302,전북특별자치도,외지인방문자(b),6544125.0,0.0,0.0
202302,서울특별시,외지인방문자(b),46917710.0,0.0,0.0
202302,부산광역시,외지인방문자(b),11221777.0,0.0,0.0
202302,대구광역시,외지인방문자(b),7667681.0,0.0,0.0
202302,인천광역시,외지인방문자(b),13018884.0,0.0,0.0
202302,광주광역시,외지인방문자(b),4753595.0,0.0,0.0
202302,대전광역시,외지인방문자(b),6167550.0,0.0,0.0
202302,울산광역시,외지인방문자(b),3567974.0,0.0,0.0
202302,세종특별자치시,외지인방문자(b),2081051.0,0.0,0.0
202302,경기도,외지인방문자(b),46803474.0,0.0,0.0
202302,강원특별자치도,외지인방문자(b),11172693.0,0.0,0.0
202302,충청북도,외지인방문자(b),7548436.0,0.0,0.0
202302,충청남도,외지인방문자(b),11278113.0,0.0,0.0
202302,경상남도,외지인방문자(b),10716444.0,0.0,0.0
202302,경상북도,외지인방문자(b),12768598.0,0.0,0.0
202302,전라남도,외지인방문자(b),8456077.0,0.0,0.0
202302,경상남도,전체방문자(a+b),57241412.0,0.0,0.0
202302,경기도,전체방문자(a+b),232541029.0,0.0,0.0
202302,서울특별시,전체방문자(a+b),181645516.0,0.0,0.0
202302,부산광역시,전체방문자(a+b),54382342.0,0.0,0.0
202302,대구광역시,전체방문자(a+b),42599890.0,0.0,0.0
202302,인천광역시,전체방문자(a+b),49984942.0,0.0,0.0
202302,광주광역시,전체방문자(a+b),25477627.0,0.0,0.0
202302,대전광역시,전체방문자(a+b),27699889.0,0.0,0.0
202302,울산광역시,전체방문자(a+b),19385765.0,0.0,0.0
202302,세종특별자치시,전체방문자(a+b),7168984.0,0.0,0.0
202302,강원특별자치도,전체방문자(a+b),37053520.0,0.0,0.0
202302,충청북도,전체방문자(a+b),30726962.0,0.0,0.0
202302,충청남도,전체방문자(a+b),42274274.0,0.0,0.0
202302,전북특별자치도,전체방문자(a+b),35343154.0,0.0,0.0
202302,전라남도,전체방문자(a+b),35979282.0,0.0,0.0
202302,경상북도,전체방문자(a+b),52995075.0,0.0,0.0
202302,제주특별자치도,전체방문자(a+b),20434414.0,0.0,0.0
202302,경기도,현지인방문자(a),185737556.0,0.0,0.0
202302,제주특별자치도,현지인방문자(a),15502770.0,0.0,0.0
202302,경상남도,현지인방문자(a),46524968.0,0.0,0.0
202302,경상북도,현지인방문자(a),40226476.0,0.0,0.0
202302,전라남도,현지인방문자(a),27523206.0,0.0,0.0
202302,전북특별자치도,현지인방문자(a),28799029.0,0.0,0.0
202302,충청남도,현지인방문자(a),30996161.0,0.0,0.0
202302,충청북도,현지인방문자(a),23178526.0,0.0,0.0
202302,강원특별자치도,현지인방문자(a),25880827.0,0.0,0.0
202302,서울특별시,현지인방문자(a),134727806.0,0.0,0.0
202302,세종특별자치시,현지인방문자(a),5087932.0,0.0,0.0
202302,울산광역시,현지인방문자(a),15817792.0,0.0,0.0
202302,대전광역시,현지인방문자(a),21532340.0,0.0,0.0
202302,광주광역시,현지인방문자(a),20724032.0,0.0,0.0
202302,인천광역시,현지인방문자(a),36966058.0,0.0,0.0
202302,대구광역시,현지인방문자(a),34932208.0,0.0,0.0
202302,부산광역시,현지인방문자(a),43160565.0,0.0,0.0
202303,충청남도,외지인방문자(b),14860090.0,0.0,0.0
202303,전북특별자치도,외지인방문자(b),8103039.0,0.0,0.0
202303,전라남도,외지인방문자(b),11146737.0,0.0,0.0
202303,경상북도,외지인방문자(b),15815412.0,0.0,0.0
202303,경상남도,외지인방문자(b),13747083.0,0.0,0.0
202303,제주특별자치도,외지인방문자(b),5266828.0,0.0,0.0
202303,서울특별시,외지인방문자(b),54703464.0,0.0,0.0
202303,부산광역시,외지인방문자(b),13128549.0,0.0,0.0
202303,대구광역시,외지인방문자(b),9281352.0,0.0,0.0
202303,인천광역시,외지인방문자(b),15411358.0,0.0,0.0
202303,광주광역시,외지인방문자(b),6137498.0,0.0,0.0
202303,대전광역시,외지인방문자(b),7722176.0,0.0,0.0
202303,울산광역시,외지인방문자(b),4297657.0,0.0,0.0
202303,세종특별자치시,외지인방문자(b),2690496.0,0.0,0.0
202303,경기도,외지인방문자(b),56997493.0,0.0,0.0
202303,강원특별자치도,외지인방문자(b),12137069.0,0.0,0.0
202303,충청북도,외지인방문자(b),10033978.0,0.0,0.0
202303,서울특별시,전체방문자(a+b),204369858.0,0.0,0.0
202303,경기도,전체방문자(a+b),266778754.0,0.0,0.0
202303,제주특별자치도,전체방문자(a+b),22922585.0,0.0,0.0
202303,경상남도,전체방문자(a+b),66924232.0,0.0,0.0
202303,경상북도,전체방문자(a+b),61543472.0,0.0,0.0
202303,전라남도,전체방문자(a+b),42624071.0,0.0,0.0
202303,전북특별자치도,전체방문자(a+b),40995451.0,0.0,0.0
202303,충청남도,전체방문자(a+b),49666400.0,0.0,0.0
202303,충청북도,전체방문자(a+b),36219477.0,0.0,0.0
202303,강원특별자치도,전체방문자(a+b),42375935.0,0.0,0.0
202303,세종특별자치시,전체방문자(a+b),8514124.0,0.0,0.0
202303,울산광역시,전체방문자(a+b),22143412.0,0.0,0.0
202303,대전광역시,전체방문자(a+b),31919156.0,0.0,0.0
202303,광주광역시,전체방문자(a+b),29828690.0,0.0,0.0
202303,인천광역시,전체방문자(a+b),57386203.0,0.0,0.0
202303,대구광역시,전체방문자(a+b),48708534.0,0.0,0.0
202303,부산광역시,전체방문자(a+b),62002696.0,0.0,0.0
202303,서울특별시,현지인방문자(a),149666394.0,0.0,0.0
202303,부산광역시,현지인방문자(a),48874147.0,0.0,0.0
202303,대구광역시,현지인방문자(a),39427182.0,0.0,0.0
202303,인천광역시,현지인방문자(a),41974846.0,0.0,0.0
202303,광주광역시,현지인방문자(a),23691192.0,0.0,0.0
202303,대전광역시,현지인방문자(a),24196980.0,0.0,0.0
202303,세종특별자치시,현지인방문자(a),5823629.0,0.0,0.0
202303,울산광역시,현지인방문자(a),17845754.0,0.0,0.0
202303,제주특별자치도,현지인방문자(a),17655757.0,0.0,0.0
202303,경상남도,현지인방문자(a),53177148.0,0.0,0.0
202303,경상북도,현지인방문자(a),45728060.0,0.0,0.0
202303,전라남도,현지인방문자(a),31477334.0,0.0,0.0
202303,전북특별자치도,현지인방문자(a),32892412.0,0.0,0.0
202303,충청남도,현지인방문자(a),34806310.0,0.0,0.0
202303,충청북도,현지인방문자(a),26185498.0,0.0,0.0
202303,강원특별자치도,현지인방문자(a),30238866.0,0.0,0.0
202303,경기도,현지인방문자(a),209781260.0,0.0,0.0
202304,서울특별시,외지인방문자(b),44422917.0,0.0,0.0
202304,충청남도,외지인방문자(b),13524164.0,0.0,0.0
202304,충청북도,외지인방문자(b),9069074.0,0.0,0.0
202304,강원특별자치도,외지인방문자(b),11124407.0,0.0,0.0
202304,경기도,외지인방문자(b),48758787.0,0.0,0.0
202304,세종특별자치시,외지인방문자(b),2173804.0,0.0,0.0
202304,울산광역시,외지인방문자(b),3728946.0,0.0,0.0
202304,대전광역시,외지인방문자(b),6231012.0,0.0,0.0
202304,광주광역시,외지인방문자(b),4883260.0,0.0,0.0
202304,인천광역시,외지인방문자(b),13465466.0,0.0,0.0
202304,대구광역시,외지인방문자(b),7756126.0,0.0,0.0
202304,부산광역시,외지인방문자(b),11330249.0,0.0,0.0
202304,전북특별자치도,외지인방문자(b),7583096.0,0.0,0.0
202304,전라남도,외지인방문자(b),11018892.0,0.0,0.0
202304,경상북도,외지인방문자(b),14299614.0,0.0,0.0
202304,경상남도,외지인방문자(b),12409229.0,0.0,0.0
202304,제주특별자치도,외지인방문자(b),5061833.0,0.0,0.0
202304,서울특별시,전체방문자(a+b),184969824.0,0.0,0.0
202304,경상남도,전체방문자(a+b),63117716.0,0.0,0.0
202304,제주특별자치도,전체방문자(a+b),21956658.0,0.0,0.0
202304,부산광역시,전체방문자(a+b),57342817.0,0.0,0.0
202304,대구광역시,전체방문자(a+b),45236768.0,0.0,0.0
202304,인천광역시,전체방문자(a+b),52883761.0,0.0,0.0
202304,광주광역시,전체방문자(a+b),27309488.0,0.0,0.0
202304,대전광역시,전체방문자(a+b),29316970.0,0.0,0.0
202304,울산광역시,전체방문자(a+b),20875995.0,0.0,0.0
202304,세종특별자치시,전체방문자(a+b),7717958.0,0.0,0.0
202304,경기도,전체방문자(a+b),247304505.0,0.0,0.0
202304,강원특별자치도,전체방문자(a+b),39768508.0,0.0,0.0
202304,충청북도,전체방문자(a+b),34133785.0,0.0,0.0
202304,충청남도,전체방문자(a+b),46839040.0,0.0,0.0
202304,전북특별자치도,전체방문자(a+b),39093719.0,0.0,0.0
202304,전라남도,전체방문자(a+b),41149241.0,0.0,0.0
202304,경상북도,전체방문자(a+b),58111358.0,0.0,0.0
202304,울산광역시,현지인방문자(a),17147050.0,0.0,0.0
202304,서울특별시,현지인방문자(a),140546906.0,0.0,0.0
202304,부산광역시,현지인방문자(a),46012568.0,0.0,0.0
202304,대구광역시,현지인방문자(a),37480642.0,0.0,0.0
202304,인천광역시,현지인방문자(a),39418295.0,0.0,0.0
202304,광주광역시,현지인방문자(a),22426229.0,0.0,0.0
202304,대전광역시,현지인방문자(a),23085958.0,0.0,0.0
202304,제주특별자치도,현지인방문자(a),16894826.0,0.0,0.0
202304,경상남도,현지인방문자(a),50708486.0,0.0,0.0
202304,경상북도,현지인방문자(a),43811744.0,0.0,0.0
202304,전라남도,현지인방문자(a),30130348.0,0.0,0.0
202304,전북특별자치도,현지인방문자(a),31510622.0,0.0,0.0
202304,충청남도,현지인방문자(a),33314876.0,0.0,0.0
202304,충청북도,현지인방문자(a),25064711.0,0.0,0.0
202304,강원특별자치도,현지인방문자(a),28644102.0,0.0,0.0
202304,경기도,현지인방문자(a),198545718.0,0.0,0.0
202304,세종특별자치시,현지인방문자(a),5544154.0,0.0,0.0
202305,제주특별자치도,외지인방문자(b),5146428.0,0.0,0.0
202305,경상남도,외지인방문자(b),13463142.0,0.0,0.0
202305,경상북도,외지인방문자(b),15863477.0,0.0,0.0
202305,인천광역시,외지인방문자(b),15536388.0,0.0,0.0
202305,전라남도,외지인방문자(b),11478579.0,0.0,0.0
202305,전북특별자치도,외지인방문자(b),8218654.0,0.0,0.0
202305,충청남도,외지인방문자(b),14439698.0,0.0,0.0
202305,충청북도,외지인방문자(b),9818924.0,0.0,0.0
202305,강원특별자치도,외지인방문자(b),12463906.0,0.0,0.0
202305,경기도,외지인방문자(b),53506996.0,0.0,0.0
202305,세종특별자치시,외지인방문자(b),2314770.0,0.0,0.0
202305,울산광역시,외지인방문자(b),4282096.0,0.0,0.0
202305,대전광역시,외지인방문자(b),6633008.0,0.0,0.0
202305,광주광역시,외지인방문자(b),5579196.0,0.0,0.0
202305,대구광역시,외지인방문자(b),8309998.0,0.0,0.0
202305,부산광역시,외지인방문자(b),12296326.0,0.0,0.0
202305,서울특별시,외지인방문자(b),48890608.0,0.0,0.0
202305,경상북도,전체방문자(a+b),63581826.0,0.0,0.0
202305,전라남도,전체방문자(a+b),43821176.0,0.0,0.0
202305,전북특별자치도,전체방문자(a+b),42069794.0,0.0,0.0
202305,충청남도,전체방문자(a+b),50755957.0,0.0,0.0
202305,충청북도,전체방문자(a+b),37327062.0,0.0,0.0
202305,강원특별자치도,전체방문자(a+b),44424048.0,0.0,0.0
202305,경기도,전체방문자(a+b),267504643.0,0.0,0.0
202305,세종특별자치시,전체방문자(a+b),8456130.0,0.0,0.0
202305,울산광역시,전체방문자(a+b),22419985.0,0.0,0.0
202305,대전광역시,전체방문자(a+b),31626536.0,0.0,0.0
202305,광주광역시,전체방문자(a+b),29841060.0,0.0,0.0
202305,인천광역시,전체방문자(a+b),58681903.0,0.0,0.0
202305,대구광역시,전체방문자(a+b),47860918.0,0.0,0.0
202305,부산광역시,전체방문자(a+b),62063449.0,0.0,0.0
202305,서울특별시,전체방문자(a+b),203020034.0,0.0,0.0
202305,경상남도,전체방문자(a+b),67831827.0,0.0,0.0
202305,제주특별자치도,전체방문자(a+b),23074408.0,0.0,0.0
202305,대구광역시,현지인방문자(a),39550920.0,0.0,0.0
202305,경기도,현지인방문자(a),213997648.0,0.0,0.0
202305,제주특별자치도,현지인방문자(a),17927980.0,0.0,0.0
202305,경상남도,현지인방문자(a),54368685.0,0.0,0.0
202305,경상북도,현지인방문자(a),47718349.0,0.0,0.0
202305,전라남도,현지인방문자(a),32342597.0,0.0,0.0
202305,전북특별자치도,현지인방문자(a),33851139.0,0.0,0.0
202305,충청남도,현지인방문자(a),36316259.0,0.0,0.0
202305,충청북도,현지인방문자(a),27508138.0,0.0,0.0
202305,강원특별자치도,현지인방문자(a),31960142.0,0.0,0.0
202305,세종특별자치시,현지인방문자(a),6141359.0,0.0,0.0
202305,울산광역시,현지인방문자(a),18137889.0,0.0,0.0
202305,대전광역시,현지인방문자(a),24993528.0,0.0,0.0
202305,광주광역시,현지인방문자(a),24261864.0,0.0,0.0
202305,인천광역시,현지인방문자(a),43145515.0,0.0,0.0
202305,부산광역시,현지인방문자(a),49767123.0,0.0,0.0
202305,서울특별시,현지인방문자(a),154129426.0,0.0,0.0
202306,강원특별자치도,외지인방문자(b),12256020.0,0.0,0.0
202306,충청북도,외지인방문자(b),9187822.0,0.0,0.0
202306,세종특별자치시,외지인방문자(b),2207464.0,0.0,0.0
202306,경기도,외지인방문자(b),50799192.0,0.0,0.0
202306,경상남도,외지인방문자(b),12251466.0,0.0,0.0
202306,충청남도,외지인방문자(b),13361870.0,0.0,0.0
202306,전북특별자치도,외지인방문자(b),7425761.0,0.0,0.0
202306,전라남도,외지인방문자(b),10039306.0,0.0,0.0
202306,경상북도,외지인방문자(b),14257464.0,0.0,0.0
202306,울산광역시,외지인방문자(b),3935680.0,0.0,0.0
202306,대전광역시,외지인방문자(b),6603320.0,0.0,0.0
202306,광주광역시,외지인방문자(b),5254522.0,0.0,0.0
202306,인천광역시,외지인방문자(b),13956943.0,0.0,0.0
202306,대구광역시,외지인방문자(b),7660860.0,0.0,0.0
202306,부산광역시,외지인방문자(b),11523799.0,0.0,0.0
202306,서울특별시,외지인방문자(b),47057941.0,0.0,0.0
202306,제주특별자치도,외지인방문자(b),4972198.0,0.0,0.0
202306,서울특별시,전체방문자(a+b),185111150.0,0.0,0.0
202306,부산광역시,전체방문자(a+b),55872404.0,0.0,0.0
202306,대구광역시,전체방문자(a+b),42054054.0,0.0,0.0
202306,인천광역시,전체방문자(a+b),53926257.0,0.0,0.0
202306,광주광역시,전체방문자(a+b),25697378.0,0.0,0.0
202306,대전광역시,전체방문자(a+b),27464070.0,0.0,0.0
202306,울산광역시,전체방문자(a+b),20882110.0,0.0,0.0
202306,세종특별자치시,전체방문자(a+b),7847000.0,0.0,0.0
202306,경기도,전체방문자(a+b),249006247.0,0.0,0.0
202306,강원특별자치도,전체방문자(a+b),43637846.0,0.0,0.0
202306,충청북도,전체방문자(a+b),33513333.0,0.0,0.0
202306,충청남도,전체방문자(a+b),46571798.0,0.0,0.0
202306,전북특별자치도,전체방문자(a+b),38105400.0,0.0,0.0
202306,전라남도,전체방문자(a+b),40784384.0,0.0,0.0
202306,경상북도,전체방문자(a+b),56415205.0,0.0,0.0
202306,경상남도,전체방문자(a+b),63788784.0,0.0,0.0
202306,제주특별자치도,전체방문자(a+b),22188663.0,0.0,0.0
202306,서울특별시,현지인방문자(a),138053209.0,0.0,0.0
202306,경기도,현지인방문자(a),198207054.0,0.0,0.0
202306,제주특별자치도,현지인방문자(a),17216465.0,0.0,0.0
202306,경상남도,현지인방문자(a),51537318.0,0.0,0.0
202306,경상북도,현지인방문자(a),42157742.0,0.0,0.0
202306,전라남도,현지인방문자(a),30745078.0,0.0,0.0
202306,전북특별자치도,현지인방문자(a),30679638.0,0.0,0.0
202306,충청남도,현지인방문자(a),33209928.0,0.0,0.0
202306,충청북도,현지인방문자(a),24325511.0,0.0,0.0
202306,강원특별자치도,현지인방문자(a),31381826.0,0.0,0.0
202306,세종특별자치시,현지인방문자(a),5639536.0,0.0,0.0
202306,울산광역시,현지인방문자(a),16946430.0,0.0,0.0
202306,대전광역시,현지인방문자(a),20860749.0,0.0,0.0
202306,광주광역시,현지인방문자(a),20442856.0,0.0,0.0
202306,인천광역시,현지인방문자(a),39969314.0,0.0,0.0
202306,대구광역시,현지인방문자(a),34393194.0,0.0,0.0
202306,부산광역시,현지인방문자(a),44348605.0,0.0,0.0
202307,서울특별시,외지인방문자(b),49356132.0,0.0,0.0
202307,부산광역시,외지인방문자(b),12601932.0,0.0,0.0
202307,대구광역시,외지인방문자(b),8671880.0,0.0,0.0
202307,인천광역시,외지인방문자(b),15029458.0,0.0,0.0
202307,광주광역시,외지인방문자(b),5634500.0,0.0,0.0
202307,대전광역시,외지인방문자(b),6724263.0,0.0,0.0
202307,세종특별자치시,외지인방문자(b),2183846.0,0.0,0.0
202307,제주특별자치도,외지인방문자(b),5186937.0,0.0,0.0
202307,경상남도,외지인방문자(b),13185414.0,0.0,0.0
202307,경상북도,외지인방문자(b),14858112.0,0.0,0.0
202307,전라남도,외지인방문자(b),10443545.0,0.0,0.0
202307,전북특별자치도,외지인방문자(b),7858092.0,0.0,0.0
202307,충청남도,외지인방문자(b),13292548.0,0.0,0.0
202307,울산광역시,외지인방문자(b),4207273.0,0.0,0.0
202307,경기도,외지인방문자(b),55130334.0,0.0,0.0
202307,강원특별자치도,외지인방문자(b),14632016.0,0.0,0.0
202307,충청북도,외지인방문자(b),9476890.0,0.0,0.0
202307,서울특별시,전체방문자(a+b),187041057.0,0.0,0.0
202307,강원특별자치도,전체방문자(a+b),45939338.0,0.0,0.0
202307,부산광역시,전체방문자(a+b),57492232.0,0.0,0.0
202307,대구광역시,전체방문자(a+b),43318828.0,0.0,0.0
202307,인천광역시,전체방문자(a+b),55891266.0,0.0,0.0
202307,광주광역시,전체방문자(a+b),26015364.0,0.0,0.0
202307,대전광역시,전체방문자(a+b),27288692.0,0.0,0.0
202307,울산광역시,전체방문자(a+b),21310348.0,0.0,0.0
202307,세종특별자치시,전체방문자(a+b),7704372.0,0.0,0.0
202307,경기도,전체방문자(a+b),254371596.0,0.0,0.0
202307,충청북도,전체방문자(a+b),33300876.0,0.0,0.0
202307,충청남도,전체방문자(a+b),45524507.0,0.0,0.0
202307,전북특별자치도,전체방문자(a+b),38257044.0,0.0,0.0
202307,전라남도,전체방문자(a+b),40835907.0,0.0,0.0
202307,경상북도,전체방문자(a+b),56386561.0,0.0,0.0
202307,경상남도,전체방문자(a+b),64696023.0,0.0,0.0
202307,제주특별자치도,전체방문자(a+b),22623822.0,0.0,0.0
202307,경상북도,현지인방문자(a),41528448.0,0.0,0.0
202307,경상남도,현지인방문자(a),51510610.0,0.0,0.0
202307,제주특별자치도,현지인방문자(a),17436884.0,0.0,0.0
202307,서울특별시,현지인방문자(a),137684925.0,0.0,0.0
202307,부산광역시,현지인방문자(a),44890300.0,0.0,0.0
202307,대구광역시,현지인방문자(a),34646948.0,0.0,0.0
202307,인천광역시,현지인방문자(a),40861807.0,0.0,0.0
202307,대전광역시,현지인방문자(a),20564428.0,0.0,0.0
202307,울산광역시,현지인방문자(a),17103076.0,0.0,0.0
202307,세종특별자치시,현지인방문자(a),5520526.0,0.0,0.0
202307,경기도,현지인방문자(a),199241262.0,0.0,0.0
202307,강원특별자치도,현지인방문자(a),31307322.0,0.0,0.0
202307,충청북도,현지인방문자(a),23823986.0,0.0,0.0
202307,충청남도,현지인방문자(a),32231958.0,0.0,0.0
202307,전북특별자치도,현지인방문자(a),30398952.0,0.0,0.0
202307,전라남도,현지인방문자(a),30392362.0,0.0,0.0
202307,광주광역시,현지인방문자(a),20380864.0,0.0,0.0
202308,서울특별시,외지인방문자(b),48280838.0,0.0,0.0
202308,경기도,외지인방문자(b),53860835.0,0.0,0.0
202308,경상남도,외지인방문자(b),13917960.0,0.0,0.0
202308,제주특별자치도,외지인방문자(b),5761396.0,0.0,0.0
202308,경상북도,외지인방문자(b),16106328.0,0.0,0.0
202308,전라남도,외지인방문자(b),11728479.0,0.0,0.0
202308,전북특별자치도,외지인방문자(b),8794499.0,0.0,0.0
202308,충청남도,외지인방문자(b),14769002.0,0.0,0.0
202308,충청북도,외지인방문자(b),10269494.0,0.0,0.0
202308,강원특별자치도,외지인방문자(b),17064232.0,0.0,0.0
202308,세종특별자치시,외지인방문자(b),2293084.0,0.0,0.0
202308,울산광역시,외지인방문자(b),4263844.0,0.0,0.0
202308,대전광역시,외지인방문자(b),6901016.0,0.0,0.0
202308,광주광역시,외지인방문자(b),5536346.0,0.0,0.0
202308,인천광역시,외지인방문자(b),14945406.0,0.0,0.0
202308,대구광역시,외지인방문자(b),8535950.0,0.0,0.0
202308,부산광역시,외지인방문자(b),13071261.0,0.0,0.0
202308,세종특별자치시,전체방문자(a+b),7811139.0,0.0,0.0
202308,경기도,전체방문자(a+b),248318892.0,0.0,0.0
202308,제주특별자치도,전체방문자(a+b),23147964.0,0.0,0.0
202308,경상남도,전체방문자(a+b),64806700.0,0.0,0.0
202308,경상북도,전체방문자(a+b),57374142.0,0.0,0.0
202308,전라남도,전체방문자(a+b),41811532.0,0.0,0.0
202308,전북특별자치도,전체방문자(a+b),38839332.0,0.0,0.0
202308,충청남도,전체방문자(a+b),46696496.0,0.0,0.0
202308,충청북도,전체방문자(a+b),33785556.0,0.0,0.0
202308,강원특별자치도,전체방문자(a+b),47830772.0,0.0,0.0
202308,울산광역시,전체방문자(a+b),21167041.0,0.0,0.0
202308,대전광역시,전체방문자(a+b),27229174.0,0.0,0.0
202308,광주광역시,전체방문자(a+b),25544498.0,0.0,0.0
202308,인천광역시,전체방문자(a+b),55155356.0,0.0,0.0
202308,대구광역시,전체방문자(a+b),42701942.0,0.0,0.0
202308,부산광역시,전체방문자(a+b),57673140.0,0.0,0.0
202308,서울특별시,전체방문자(a+b),182669168.0,0.0,0.0
202308,제주특별자치도,현지인방문자(a),17386568.0,0.0,0.0
202308,경기도,현지인방문자(a),194458058.0,0.0,0.0
202308,경상남도,현지인방문자(a),50888740.0,0.0,0.0
202308,경상북도,현지인방문자(a),41267814.0,0.0,0.0
202308,전라남도,현지인방문자(a),30083053.0,0.0,0.0
202308,전북특별자치도,현지인방문자(a),30044833.0,0.0,0.0
202308,충청남도,현지인방문자(a),31927494.0,0.0,0.0
202308,충청북도,현지인방문자(a),23516062.0,0.0,0.0
202308,강원특별자치도,현지인방문자(a),30766540.0,0.0,0.0
202308,세종특별자치시,현지인방문자(a),5518054.0,0.0,0.0
202308,울산광역시,현지인방문자(a),16903198.0,0.0,0.0
202308,대전광역시,현지인방문자(a),20328158.0,0.0,0.0
202308,광주광역시,현지인방문자(a),20008152.0,0.0,0.0
202308,인천광역시,현지인방문자(a),40209950.0,0.0,0.0
202308,대구광역시,현지인방문자(a),34165992.0,0.0,0.0
202308,부산광역시,현지인방문자(a),44601879.0,0.0,0.0
202308,서울특별시,현지인방문자(a),134388331.0,0.0,0.0
202309,경상남도,외지인방문자(b),14429852.0,0.0,0.0
202309,서울특별시,외지인방문자(b),50867548.0,0.0,0.0
202309,부산광역시,외지인방문자(b),13391634.0,0.0,0.0
202309,대구광역시,외지인방문자(b),9472172.0,0.0,0.0
202309,인천광역시,외지인방문자(b),15726382.0,0.0,0.0
202309,광주광역시,외지인방문자(b),6057485.0,0.0,0.0
202309,대전광역시,외지인방문자(b),7443037.0,0.0,0.0
202309,울산광역시,외지인방문자(b),4400263.0,0.0,0.0
202309,세종특별자치시,외지인방문자(b),2455240.0,0.0,0.0
202309,제주특별자치도,외지인방문자(b),4600320.0,0.0,0.0
202309,경기도,외지인방문자(b),56542360.0,0.0,0.0
202309,강원특별자치도,외지인방문자(b),13470664.0,0.0,0.0
202309,충청북도,외지인방문자(b),10832350.0,0.0,0.0
202309,충청남도,외지인방문자(b),16181560.0,0.0,0.0
202309,전북특별자치도,외지인방문자(b),9308901.0,0.0,0.0
202309,전라남도,외지인방문자(b),11959423.0,0.0,0.0
202309,경상북도,외지인방문자(b),17545112.0,0.0,0.0
202309,서울특별시,전체방문자(a+b),180678256.0,0.0,0.0
202309,제주특별자치도,전체방문자(a+b),21023986.0,0.0,0.0
202309,경상남도,전체방문자(a+b),65193272.0,0.0,0.0
202309,경상북도,전체방문자(a+b),59052672.0,0.0,0.0
202309,전라남도,전체방문자(a+b),40707331.0,0.0,0.0
202309,전북특별자치도,전체방문자(a+b),37850516.0,0.0,0.0
202309,충청남도,전체방문자(a+b),46485215.0,0.0,0.0
202309,충청북도,전체방문자(a+b),33488077.0,0.0,0.0
202309,강원특별자치도,전체방문자(a+b),44000145.0,0.0,0.0
202309,경기도,전체방문자(a+b),247333264.0,0.0,0.0
202309,울산광역시,전체방문자(a+b),21297846.0,0.0,0.0
202309,대전광역시,전체방문자(a+b),26831830.0,0.0,0.0
202309,광주광역시,전체방문자(a+b),25294874.0,0.0,0.0
202309,인천광역시,전체방문자(a+b),54837930.0,0.0,0.0
202309,대구광역시,전체방문자(a+b),43445272.0,0.0,0.0
202309,부산광역시,전체방문자(a+b),57652934.0,0.0,0.0
202309,세종특별자치시,전체방문자(a+b),7720962.0,0.0,0.0
202309,서울특별시,현지인방문자(a),129810709.0,0.0,0.0
202309,제주특별자치도,현지인방문자(a),16423666.0,0.0,0.0
202309,부산광역시,현지인방문자(a),44261301.0,0.0,0.0
202309,경상남도,현지인방문자(a),50763419.0,0.0,0.0
202309,경상북도,현지인방문자(a),41507560.0,0.0,0.0
202309,전라남도,현지인방문자(a),28747908.0,0.0,0.0
202309,전북특별자치도,현지인방문자(a),28541614.0,0.0,0.0
202309,충청남도,현지인방문자(a),30303654.0,0.0,0.0
202309,충청북도,현지인방문자(a),22655728.0,0.0,0.0
202309,강원특별자치도,현지인방문자(a),30529482.0,0.0,0.0
202309,경기도,현지인방문자(a),190790904.0,0.0,0.0
202309,세종특별자치시,현지인방문자(a),5265722.0,0.0,0.0
202309,울산광역시,현지인방문자(a),16897584.0,0.0,0.0
202309,대전광역시,현지인방문자(a),19388792.0,0.0,0.0
202309,광주광역시,현지인방문자(a),19237390.0,0.0,0.0
202309,인천광역시,현지인방문자(a),39111548.0,0.0,0.0
202309,대구광역시,현지인방문자(a),33973100.0,0.0,0.0
202310,제주특별자치도,외지인방문자(b),5378362.0,0.0,0.0
202310,경상남도,외지인방문자(b),14060358.0,0.0,0.0
202310,경상북도,외지인방문자(b),16335529.0,0.0,0.0
202310,전라남도,외지인방문자(b),12467774.0,0.0,0.0
202310,전북특별자치도,외지인방문자(b),9104504.0,0.0,0.0
202310,충청남도,외지인방문자(b),15880568.0,0.0,0.0
202310,충청북도,외지인방문자(b),10737696.0,0.0,0.0
202310,강원특별자치도,외지인방문자(b),13862968.0,0.0,0.0
202310,경기도,외지인방문자(b),55608368.0,0.0,0.0
202310,세종특별자치시,외지인방문자(b),2419014.0,0.0,0.0
202310,울산광역시,외지인방문자(b),4316970.0,0.0,0.0
202310,대전광역시,외지인방문자(b),7162844.0,0.0,0.0
202310,광주광역시,외지인방문자(b),5858604.0,0.0,0.0
202310,인천광역시,외지인방문자(b),15355025.0,0.0,0.0
202310,대구광역시,외지인방문자(b),8771756.0,0.0,0.0
202310,부산광역시,외지인방문자(b),12300270.0,0.0,0.0
202310,서울특별시,외지인방문자(b),49880316.0,0.0,0.0
202310,울산광역시,전체방문자(a+b),22107337.0,0.0,0.0
202310,서울특별시,전체방문자(a+b),187913446.0,0.0,0.0
202310,제주특별자치도,전체방문자(a+b),23187570.0,0.0,0.0
202310,경상남도,전체방문자(a+b),67635572.0,0.0,0.0
202310,경상북도,전체방문자(a+b),60405440.0,0.0,0.0
202310,전라남도,전체방문자(a+b),43981858.0,0.0,0.0
202310,전북특별자치도,전체방문자(a+b),40780960.0,0.0,0.0
202310,충청남도,전체방문자(a+b),49716846.0,0.0,0.0
202310,충청북도,전체방문자(a+b),35685853.0,0.0,0.0
202310,강원특별자치도,전체방문자(a+b),45620984.0,0.0,0.0
202310,경기도,전체방문자(a+b),259223503.0,0.0,0.0
202310,세종특별자치시,전체방문자(a+b),8250907.0,0.0,0.0
202310,대전광역시,전체방문자(a+b),29096452.0,0.0,0.0
202310,광주광역시,전체방문자(a+b),26762869.0,0.0,0.0
202310,인천광역시,전체방문자(a+b),56964313.0,0.0,0.0
202310,부산광역시,전체방문자(a+b),60544043.0,0.0,0.0
202310,대구광역시,전체방문자(a+b),46273962.0,0.0,0.0
202310,대구광역시,현지인방문자(a),37502206.0,0.0,0.0
202310,제주특별자치도,현지인방문자(a),17809208.0,0.0,0.0
202310,부산광역시,현지인방문자(a),48243772.0,0.0,0.0
202310,인천광역시,현지인방문자(a),41609288.0,0.0,0.0
202310,광주광역시,현지인방문자(a),20904264.0,0.0,0.0
202310,대전광역시,현지인방문자(a),21933608.0,0.0,0.0
202310,울산광역시,현지인방문자(a),17790367.0,0.0,0.0
202310,세종특별자치시,현지인방문자(a),5831892.0,0.0,0.0
202310,경기도,현지인방문자(a),203615136.0,0.0,0.0
202310,강원특별자치도,현지인방문자(a),31758016.0,0.0,0.0
202310,충청북도,현지인방문자(a),24948158.0,0.0,0.0
202310,충청남도,현지인방문자(a),33836278.0,0.0,0.0
202310,전북특별자치도,현지인방문자(a),31676456.0,0.0,0.0
202310,전라남도,현지인방문자(a),31514084.0,0.0,0.0
202310,경상북도,현지인방문자(a),44069910.0,0.0,0.0
202310,경상남도,현지인방문자(a),53575214.0,0.0,0.0
202310,서울특별시,현지인방문자(a),138033130.0,0.0,0.0
202311,울산광역시,외지인방문자(b),3833921.0,0.0,0.0
202311,세종특별자치시,외지인방문자(b),2105145.0,0.0,0.0
202311,경기도,외지인방문자(b),49313824.0,0.0,0.0
202311,강원특별자치도,외지인방문자(b),9826512.0,0.0,0.0
202311,충청북도,외지인방문자(b),8972064.0,0.0,0.0
202311,충청남도,외지인방문자(b),12601264.0,0.0,0.0
202311,전북특별자치도,외지인방문자(b),7656243.0,0.0,0.0
202311,전라남도,외지인방문자(b),9651887.0,0.0,0.0
202311,경상북도,외지인방문자(b),13577750.0,0.0,0.0
202311,경상남도,외지인방문자(b),11783051.0,0.0,0.0
202311,제주특별자치도,외지인방문자(b),4494056.0,0.0,0.0
202311,대전광역시,외지인방문자(b),6487950.0,0.0,0.0
202311,광주광역시,외지인방문자(b),5112068.0,0.0,0.0
202311,인천광역시,외지인방문자(b),13630480.0,0.0,0.0
202311,대구광역시,외지인방문자(b),8178992.0,0.0,0.0
202311,부산광역시,외지인방문자(b),11317982.0,0.0,0.0
202311,서울특별시,외지인방문자(b),48357250.0,0.0,0.0
202311,울산광역시,전체방문자(a+b),21159660.0,0.0,0.0
202311,전라남도,전체방문자(a+b),40312122.0,0.0,0.0
202311,경상북도,전체방문자(a+b),57025647.0,0.0,0.0
202311,전북특별자치도,전체방문자(a+b),38884223.0,0.0,0.0
202311,제주특별자치도,전체방문자(a+b),21716810.0,0.0,0.0
202311,충청남도,전체방문자(a+b),45944308.0,0.0,0.0
202311,충청북도,전체방문자(a+b),33712998.0,0.0,0.0
202311,강원특별자치도,전체방문자(a+b),41069126.0,0.0,0.0
202311,경기도,전체방문자(a+b),248701408.0,0.0,0.0
202311,세종특별자치시,전체방문자(a+b),7866218.0,0.0,0.0
202311,대전광역시,전체방문자(a+b),28369204.0,0.0,0.0
202311,광주광역시,전체방문자(a+b),25959577.0,0.0,0.0
202311,인천광역시,전체방문자(a+b),54347500.0,0.0,0.0
202311,대구광역시,전체방문자(a+b),45010147.0,0.0,0.0
202311,부산광역시,전체방문자(a+b),58853746.0,0.0,0.0
202311,서울특별시,전체방문자(a+b),184448184.0,0.0,0.0
202311,경상남도,전체방문자(a+b),64760703.0,0.0,0.0
202311,제주특별자치도,현지인방문자(a),17222754.0,0.0,0.0
202311,경상남도,현지인방문자(a),52977652.0,0.0,0.0
202311,경상북도,현지인방문자(a),43447898.0,0.0,0.0
202311,전라남도,현지인방문자(a),30660234.0,0.0,0.0
202311,전북특별자치도,현지인방문자(a),31227980.0,0.0,0.0
202311,충청남도,현지인방문자(a),33343044.0,0.0,0.0
202311,충청북도,현지인방문자(a),24740933.0,0.0,0.0
202311,강원특별자치도,현지인방문자(a),31242614.0,0.0,0.0
202311,경기도,현지인방문자(a),199387584.0,0.0,0.0
202311,세종특별자치시,현지인방문자(a),5761074.0,0.0,0.0
202311,울산광역시,현지인방문자(a),17325738.0,0.0,0.0
202311,대전광역시,현지인방문자(a),21881254.0,0.0,0.0
202311,광주광역시,현지인방문자(a),20847508.0,0.0,0.0
202311,인천광역시,현지인방문자(a),40717019.0,0.0,0.0
202311,대구광역시,현지인방문자(a),36831154.0,0.0,0.0
202311,부산광역시,현지인방문자(a),47535764.0,0.0,0.0
202311,서울특별시,현지인방문자(a),136090934.0,0.0,0.0
202312,제주특별자치도,외지인방문자(b),4456270.0,0.0,0.0
202312,서울특별시,외지인방문자(b),51472754.0,0.0,0.0
202312,경상남도,외지인방문자(b),11895552.0,0.0,0.0
202312,경상북도,외지인방문자(b),13307158.0,0.0,0.0
202312,전라남도,외지인방문자(b),9424076.0,0.0,0.0
202312,전북특별자치도,외지인방문자(b),7195510.0,0.0,0.0
202312,충청남도,외지인방문자(b),11996369.0,0.0,0.0
202312,충청북도,외지인방문자(b),8197931.0,0.0,0.0
202312,강원특별자치도,외지인방문자(b),11240540.0,0.0,0.0
202312,경기도,외지인방문자(b),51198168.0,0.0,0.0
202312,울산광역시,외지인방문자(b),3969553.0,0.0,0.0
202312,대전광역시,외지인방문자(b),7097769.0,0.0,0.0
202312,광주광역시,외지인방문자(b),5751242.0,0.0,0.0
202312,인천광역시,외지인방문자(b),14953648.0,0.0,0.0
202312,대구광역시,외지인방문자(b),9167680.0,0.0,0.0
202312,부산광역시,외지인방문자(b),12699096.0,0.0,0.0
202312,세종특별자치시,외지인방문자(b),2236952.0,0.0,0.0
202312,서울특별시,전체방문자(a+b),185272703.0,0.0,0.0
202312,부산광역시,전체방문자(a+b),58482711.0,0.0,0.0
202312,제주특별자치도,전체방문자(a+b),21897964.0,0.0,0.0
202312,경상남도,전체방문자(a+b),63008026.0,0.0,0.0
202312,경상북도,전체방문자(a+b),55642786.0,0.0,0.0
202312,전라남도,전체방문자(a+b),40686664.0,0.0,0.0
202312,전북특별자치도,전체방문자(a+b),38378252.0,0.0,0.0
202312,충청남도,전체방문자(a+b),45234140.0,0.0,0.0
202312,충청북도,전체방문자(a+b),32574028.0,0.0,0.0
202312,강원특별자치도,전체방문자(a+b),42778362.0,0.0,0.0
202312,경기도,전체방문자(a+b),250515794.0,0.0,0.0
202312,세종특별자치시,전체방문자(a+b),7938924.0,0.0,0.0
202312,울산광역시,전체방문자(a+b),20728018.0,0.0,0.0
202312,대전광역시,전체방문자(a+b),28704151.0,0.0,0.0
202312,광주광역시,전체방문자(a+b),26601054.0,0.0,0.0
202312,인천광역시,전체방문자(a+b),55499594.0,0.0,0.0
202312,대구광역시,전체방문자(a+b),45101301.0,0.0,0.0
202312,서울특별시,현지인방문자(a),133799950.0,0.0,0.0
202312,부산광역시,현지인방문자(a),45783616.0,0.0,0.0
202312,대구광역시,현지인방문자(a),35933622.0,0.0,0.0
202312,인천광역시,현지인방문자(a),40545946.0,0.0,0.0
202312,광주광역시,현지인방문자(a),20849812.0,0.0,0.0
202312,대전광역시,현지인방문자(a),21606382.0,0.0,0.0
202312,울산광역시,현지인방문자(a),16758466.0,0.0,0.0
202312,세종특별자치시,현지인방문자(a),5701972.0,0.0,0.0
202312,경기도,현지인방문자(a),199317626.0,0.0,0.0
202312,강원특별자치도,현지인방문자(a),31537821.0,0.0,0.0
202312,충청북도,현지인방문자(a),24376096.0,0.0,0.0
202312,충청남도,현지인방문자(a),33237771.0,0.0,0.0
202312,전북특별자치도,현지인방문자(a),31182742.0,0.0,0.0
202312,전라남도,현지인방문자(a),31262588.0,0.0,0.0
202312,경상북도,현지인방문자(a),42335629.0,0.0,0.0
202312,제주특별자치도,현지인방문자(a),17441694.0,0.0,0.0
202312,경상남도,현지인방문자(a),51112474.0,0.0,0.0
202401,대구광역시,외지인방문자(b),8261712.0,0.0,0.0
202401,서울특별시,외지인방문자(b),49815776.0,0.0,0.0
202401,제주특별자치도,외지인방문자(b),5006330.0,0.0,0.0
202401,경상북도,외지인방문자(b),12511264.0,0.0,0.0
202401,부산광역시,외지인방문자(b),12205134.0,0.0,0.0
202401,인천광역시,외지인방문자(b),14453061.0,0.0,0.0
202401,광주광역시,외지인방문자(b),5324910.0,0.0,0.0
202401,대전광역시,외지인방문자(b),6595099.0,0.0,0.0
202401,울산광역시,외지인방문자(b),4080860.0,0.0,0.0
202401,세종특별자치시,외지인방문자(b),2178946.0,0.0,0.0
202401,경기도,외지인방문자(b),49665494.0,0.0,0.0
202401,강원특별자치도,외지인방문자(b),11012484.0,0.0,0.0
202401,충청북도,외지인방문자(b),7850714.0,0.0,0.0
202401,충청남도,외지인방문자(b),11568700.0,0.0,0.0
202401,전북특별자치도,외지인방문자(b),6829340.0,0.0,0.0
202401,전라남도,외지인방문자(b),8769432.0,0.0,0.0
202401,경상남도,외지인방문자(b),11814030.0,0.0,0.0
202401,충청남도,전체방문자(a+b),43837780.0,0.0,0.0
202401,경상북도,전체방문자(a+b),53251667.0,0.0,0.0
202401,경상남도,전체방문자(a+b),63324558.0,0.0,0.0
202401,제주특별자치도,전체방문자(a+b),22258390.0,0.0,0.0
202401,전라남도,전체방문자(a+b),38826452.0,0.0,0.0
202401,전북특별자치도,전체방문자(a+b),37017211.0,0.0,0.0
202401,서울특별시,전체방문자(a+b),182650636.0,0.0,0.0
202401,부산광역시,전체방문자(a+b),57192236.0,0.0,0.0
202401,대구광역시,전체방문자(a+b),43172507.0,0.0,0.0
202401,광주광역시,전체방문자(a+b),25826388.0,0.0,0.0
202401,대전광역시,전체방문자(a+b),27698538.0,0.0,0.0
202401,울산광역시,전체방문자(a+b),20827030.0,0.0,0.0
202401,세종특별자치시,전체방문자(a+b),7774022.0,0.0,0.0
202401,경기도,전체방문자(a+b),242841193.0,0.0,0.0
202401,강원특별자치도,전체방문자(a+b),40879216.0,0.0,0.0
202401,충청북도,전체방문자(a+b),31067844.0,0.0,0.0
202401,인천광역시,전체방문자(a+b),54279914.0,0.0,0.0
202401,충청남도,현지인방문자(a),32269080.0,0.0,0.0
202401,전북특별자치도,현지인방문자(a),30187871.0,0.0,0.0
202401,전라남도,현지인방문자(a),30057020.0,0.0,0.0
202401,경상북도,현지인방문자(a),40740402.0,0.0,0.0
202401,경상남도,현지인방문자(a),51510529.0,0.0,0.0
202401,제주특별자치도,현지인방문자(a),17252060.0,0.0,0.0
202401,경기도,현지인방문자(a),193175700.0,0.0,0.0
202401,충청북도,현지인방문자(a),23217131.0,0.0,0.0
202401,강원특별자치도,현지인방문자(a),29866732.0,0.0,0.0
202401,세종특별자치시,현지인방문자(a),5595076.0,0.0,0.0
202401,울산광역시,현지인방문자(a),16746170.0,0.0,0.0
202401,대전광역시,현지인방문자(a),21103439.0,0.0,0.0
202401,광주광역시,현지인방문자(a),20501478.0,0.0,0.0
202401,인천광역시,현지인방문자(a),39826854.0,0.0,0.0
202401,대구광역시,현지인방문자(a),34910796.0,0.0,0.0
202401,서울특별시,현지인방문자(a),132834860.0,0.0,0.0
202401,부산광역시,현지인방문자(a),44987103.0,0.0,0.0
202402,세종특별자치시,외지인방문자(b),2266372.0,0.0,0.0
202402,제주특별자치도,외지인방문자(b),4484270.0,0.0,0.0
202402,서울특별시,외지인방문자(b),46996436.0,0.0,0.0
202402,부산광역시,외지인방문자(b),13042704.0,0.0,0.0
202402,대구광역시,외지인방문자(b),9364201.0,0.0,0.0
202402,인천광역시,외지인방문자(b),14805326.0,0.0,0.0
202402,광주광역시,외지인방문자(b),5863064.0,0.0,0.0
202402,대전광역시,외지인방문자(b),7114790.0,0.0,0.0
202402,울산광역시,외지인방문자(b),4078756.0,0.0,0.0
202402,경상남도,외지인방문자(b),13294386.0,0.0,0.0
202402,경기도,외지인방문자(b),51071608.0,0.0,0.0
202402,강원특별자치도,외지인방문자(b),11603196.0,0.0,0.0
202402,충청북도,외지인방문자(b),9137628.0,0.0,0.0
202402,충청남도,외지인방문자(b),13151092.0,0.0,0.0
202402,전북특별자치도,외지인방문자(b),8398047.0,0.0,0.0
202402,전라남도,외지인방문자(b),10735067.0,0.0,0.0
202402,경상북도,외지인방문자(b),15122352.0,0.0,0.0
202402,세종특별자치시,전체방문자(a+b),7344925.0,0.0,0.0
202402,울산광역시,전체방문자(a+b),19206782.0,0.0,0.0
202402,대전광역시,전체방문자(a+b),26098768.0,0.0,0.0
202402,광주광역시,전체방문자(a+b),24570994.0,0.0,0.0
202402,인천광역시,전체방문자(a+b),52388900.0,0.0,0.0
202402,대구광역시,전체방문자(a+b),42012268.0,0.0,0.0
202402,부산광역시,전체방문자(a+b),54344521.0,0.0,0.0
202402,서울특별시,전체방문자(a+b),166337986.0,0.0,0.0
202402,충청북도,전체방문자(a+b),30477601.0,0.0,0.0
202402,강원특별자치도,전체방문자(a+b),39594740.0,0.0,0.0
202402,경기도,전체방문자(a+b),227863206.0,0.0,0.0
202402,충청남도,전체방문자(a+b),42693920.0,0.0,0.0
202402,전북특별자치도,전체방문자(a+b),36266128.0,0.0,0.0
202402,전라남도,전체방문자(a+b),38415612.0,0.0,0.0
202402,경상북도,전체방문자(a+b),53018770.0,0.0,0.0
202402,경상남도,전체방문자(a+b),60506926.0,0.0,0.0
202402,제주특별자치도,전체방문자(a+b),20515926.0,0.0,0.0
202402,서울특별시,현지인방문자(a),119341551.0,0.0,0.0
202402,제주특별자치도,현지인방문자(a),16031656.0,0.0,0.0
202402,경상남도,현지인방문자(a),47212540.0,0.0,0.0
202402,경상북도,현지인방문자(a),37896418.0,0.0,0.0
202402,전라남도,현지인방문자(a),27680544.0,0.0,0.0
202402,전북특별자치도,현지인방문자(a),27868082.0,0.0,0.0
202402,충청남도,현지인방문자(a),29542828.0,0.0,0.0
202402,충청북도,현지인방문자(a),21339972.0,0.0,0.0
202402,강원특별자치도,현지인방문자(a),27991544.0,0.0,0.0
202402,세종특별자치시,현지인방문자(a),5078552.0,0.0,0.0
202402,울산광역시,현지인방문자(a),15128026.0,0.0,0.0
202402,대전광역시,현지인방문자(a),18983979.0,0.0,0.0
202402,광주광역시,현지인방문자(a),18707930.0,0.0,0.0
202402,인천광역시,현지인방문자(a),37583574.0,0.0,0.0
202402,대구광역시,현지인방문자(a),32648066.0,0.0,0.0
202402,부산광역시,현지인방문자(a),41301816.0,0.0,0.0
202402,경기도,현지인방문자(a),176791598.0,0.0,0.0
202403,대구광역시,외지인방문자(b),9740986.0,0.0,0.0
202403,충청남도,외지인방문자(b),15301636.0,0.0,0.0
202403,충청북도,외지인방문자(b),10304861.0,0.0,0.0
202403,강원특별자치도,외지인방문자(b),11103208.0,0.0,0.0
202403,경기도,외지인방문자(b),58818284.0,0.0,0.0
202403,세종특별자치시,외지인방문자(b),2718562.0,0.0,0.0
202403,울산광역시,외지인방문자(b),4381202.0,0.0,0.0
202403,대전광역시,외지인방문자(b),8228962.0,0.0,0.0
202403,광주광역시,외지인방문자(b),6381004.0,0.0,0.0
202403,인천광역시,외지인방문자(b),16074121.0,0.0,0.0
202403,부산광역시,외지인방문자(b),13459148.0,0.0,0.0
202403,서울특별시,외지인방문자(b),58118126.0,0.0,0.0
202403,전북특별자치도,외지인방문자(b),8434657.0,0.0,0.0
202403,전라남도,외지인방문자(b),11385854.0,0.0,0.0
202403,경상북도,외지인방문자(b),15949031.0,0.0,0.0
202403,경상남도,외지인방문자(b),13939258.0,0.0,0.0
202403,제주특별자치도,외지인방문자(b),4980832.0,0.0,0.0
202403,전라남도,전체방문자(a+b),42309726.0,0.0,0.0
202403,전북특별자치도,전체방문자(a+b),39494752.0,0.0,0.0
202403,충청남도,전체방문자(a+b),48661994.0,0.0,0.0
202403,충청북도,전체방문자(a+b),34303913.0,0.0,0.0
202403,강원특별자치도,전체방문자(a+b),42745062.0,0.0,0.0
202403,경기도,전체방문자(a+b),253389426.0,0.0,0.0
202403,세종특별자치시,전체방문자(a+b),8497398.0,0.0,0.0
202403,울산광역시,전체방문자(a+b),21288768.0,0.0,0.0
202403,대전광역시,전체방문자(a+b),29765470.0,0.0,0.0
202403,광주광역시,전체방문자(a+b),27230217.0,0.0,0.0
202403,인천광역시,전체방문자(a+b),56800989.0,0.0,0.0
202403,대구광역시,전체방문자(a+b),46177383.0,0.0,0.0
202403,부산광역시,전체방문자(a+b),58566288.0,0.0,0.0
202403,서울특별시,전체방문자(a+b),194583518.0,0.0,0.0
202403,경상북도,전체방문자(a+b),58414804.0,0.0,0.0
202403,경상남도,전체방문자(a+b),66262140.0,0.0,0.0
202403,제주특별자치도,전체방문자(a+b),22690465.0,0.0,0.0
202403,광주광역시,현지인방문자(a),20849213.0,0.0,0.0
202403,대전광역시,현지인방문자(a),21536508.0,0.0,0.0
202403,경상남도,현지인방문자(a),52322882.0,0.0,0.0
202403,인천광역시,현지인방문자(a),40726868.0,0.0,0.0
202403,대구광역시,현지인방문자(a),36436396.0,0.0,0.0
202403,부산광역시,현지인방문자(a),45107139.0,0.0,0.0
202403,서울특별시,현지인방문자(a),136465392.0,0.0,0.0
202403,울산광역시,현지인방문자(a),16907566.0,0.0,0.0
202403,세종특별자치시,현지인방문자(a),5778836.0,0.0,0.0
202403,경기도,현지인방문자(a),194571142.0,0.0,0.0
202403,강원특별자치도,현지인방문자(a),31641855.0,0.0,0.0
202403,충청북도,현지인방문자(a),23999052.0,0.0,0.0
202403,충청남도,현지인방문자(a),33360358.0,0.0,0.0
202403,전북특별자치도,현지인방문자(a),31060096.0,0.0,0.0
202403,전라남도,현지인방문자(a),30923872.0,0.0,0.0
202403,경상북도,현지인방문자(a),42465773.0,0.0,0.0
202403,제주특별자치도,현지인방문자(a),17709632.0,0.0,0.0
202404,강원특별자치도,외지인방문자(b),10293034.0,0.0,0.0
202404,충청북도,외지인방문자(b),9358408.0,0.0,0.0
202404,충청남도,외지인방문자(b),14047268.0,0.0,0.0
202404,전북특별자치도,외지인방문자(b),7485709.0,0.0,0.0
202404,전라남도,외지인방문자(b),10578074.0,0.0,0.0
202404,경상북도,외지인방문자(b),13984960.0,0.0,0.0
202404,경상남도,외지인방문자(b),12228500.0,0.0,0.0
202404,제주특별자치도,외지인방문자(b),4838876.0,0.0,0.0
202404,경기도,외지인방문자(b),48147239.0,0.0,0.0
202404,세종특별자치시,외지인방문자(b),2256180.0,0.0,0.0
202404,서울특별시,외지인방문자(b),44897276.0,0.0,0.0
202404,부산광역시,외지인방문자(b),10744188.0,0.0,0.0
202404,대구광역시,외지인방문자(b),8089812.0,0.0,0.0
202404,인천광역시,외지인방문자(b),13695605.0,0.0,0.0
202404,광주광역시,외지인방문자(b),5025839.0,0.0,0.0
202404,대전광역시,외지인방문자(b),6436210.0,0.0,0.0
202404,울산광역시,외지인방문자(b),3742526.0,0.0,0.0
202404,부산광역시,전체방문자(a+b),53722014.0,0.0,0.0
202404,서울특별시,전체방문자(a+b),172463375.0,0.0,0.0
202404,제주특별자치도,전체방문자(a+b),21869418.0,0.0,0.0
202404,경상남도,전체방문자(a+b),62538707.0,0.0,0.0
202404,경상북도,전체방문자(a+b),55080714.0,0.0,0.0
202404,전라남도,전체방문자(a+b),40562526.0,0.0,0.0
202404,전북특별자치도,전체방문자(a+b),37610587.0,0.0,0.0
202404,충청남도,전체방문자(a+b),46847948.0,0.0,0.0
202404,충청북도,전체방문자(a+b),33122876.0,0.0,0.0
202404,강원특별자치도,전체방문자(a+b),40486103.0,0.0,0.0
202404,경기도,전체방문자(a+b),235039116.0,0.0,0.0
202404,세종특별자치시,전체방문자(a+b),7833284.0,0.0,0.0
202404,울산광역시,전체방문자(a+b),19867914.0,0.0,0.0
202404,대전광역시,전체방문자(a+b),27062504.0,0.0,0.0
202404,광주광역시,전체방문자(a+b),25060220.0,0.0,0.0
202404,인천광역시,전체방문자(a+b),53705670.0,0.0,0.0
202404,대구광역시,전체방문자(a+b),42701410.0,0.0,0.0
202404,서울특별시,현지인방문자(a),127566100.0,0.0,0.0
202404,부산광역시,현지인방문자(a),42977826.0,0.0,0.0
202404,대구광역시,현지인방문자(a),34611598.0,0.0,0.0
202404,인천광역시,현지인방문자(a),40010064.0,0.0,0.0
202404,광주광역시,현지인방문자(a),20034382.0,0.0,0.0
202404,대전광역시,현지인방문자(a),20626294.0,0.0,0.0
202404,울산광역시,현지인방문자(a),16125389.0,0.0,0.0
202404,세종특별자치시,현지인방문자(a),5577103.0,0.0,0.0
202404,경기도,현지인방문자(a),186891876.0,0.0,0.0
202404,강원특별자치도,현지인방문자(a),30193068.0,0.0,0.0
202404,충청북도,현지인방문자(a),23764468.0,0.0,0.0
202404,충청남도,현지인방문자(a),32800680.0,0.0,0.0
202404,전북특별자치도,현지인방문자(a),30124878.0,0.0,0.0
202404,전라남도,현지인방문자(a),29984451.0,0.0,0.0
202404,경상북도,현지인방문자(a),41095754.0,0.0,0.0
202404,경상남도,현지인방문자(a),50310208.0,0.0,0.0
202404,제주특별자치도,현지인방문자(a),17030542.0,0.0,0.0
202405,강원특별자치도,외지인방문자(b),12363662.0,0.0,0.0
202405,제주특별자치도,외지인방문자(b),4948328.0,0.0,0.0
202405,부산광역시,외지인방문자(b),12526098.0,0.0,0.0
202405,대구광역시,외지인방문자(b),8712046.0,0.0,0.0
202405,인천광역시,외지인방문자(b),14948465.0,0.0,0.0
202405,광주광역시,외지인방문자(b),5696786.0,0.0,0.0
202405,대전광역시,외지인방문자(b),7160968.0,0.0,0.0
202405,울산광역시,외지인방문자(b),4200990.0,0.0,0.0
202405,세종특별자치시,외지인방문자(b),2356252.0,0.0,0.0
202405,경기도,외지인방문자(b),54328120.0,0.0,0.0
202405,서울특별시,외지인방문자(b),49137014.0,0.0,0.0
202405,충청북도,외지인방문자(b),10080990.0,0.0,0.0
202405,충청남도,외지인방문자(b),14201551.0,0.0,0.0
202405,전북특별자치도,외지인방문자(b),8443432.0,0.0,0.0
202405,전라남도,외지인방문자(b),11526112.0,0.0,0.0
202405,경상북도,외지인방문자(b),15236210.0,0.0,0.0
202405,경상남도,외지인방문자(b),13627922.0,0.0,0.0
202405,제주특별자치도,전체방문자(a+b),22916586.0,0.0,0.0
202405,부산광역시,전체방문자(a+b),57735892.0,0.0,0.0
202405,경상남도,전체방문자(a+b),65761370.0,0.0,0.0
202405,경상북도,전체방문자(a+b),58656532.0,0.0,0.0
202405,전라남도,전체방문자(a+b),43474557.0,0.0,0.0
202405,전북특별자치도,전체방문자(a+b),40740427.0,0.0,0.0
202405,충청남도,전체방문자(a+b),48838993.0,0.0,0.0
202405,충청북도,전체방문자(a+b),35649226.0,0.0,0.0
202405,강원특별자치도,전체방문자(a+b),44339022.0,0.0,0.0
202405,경기도,전체방문자(a+b),248967246.0,0.0,0.0
202405,세종특별자치시,전체방문자(a+b),8309746.0,0.0,0.0
202405,울산광역시,전체방문자(a+b),20998495.0,0.0,0.0
202405,대전광역시,전체방문자(a+b),29701382.0,0.0,0.0
202405,광주광역시,전체방문자(a+b),27022667.0,0.0,0.0
202405,인천광역시,전체방문자(a+b),56731906.0,0.0,0.0
202405,대구광역시,전체방문자(a+b),44561122.0,0.0,0.0
202405,서울특별시,전체방문자(a+b),180225196.0,0.0,0.0
202405,부산광역시,현지인방문자(a),45209794.0,0.0,0.0
202405,제주특별자치도,현지인방문자(a),17968258.0,0.0,0.0
202405,경상남도,현지인방문자(a),52133448.0,0.0,0.0
202405,경상북도,현지인방문자(a),43420321.0,0.0,0.0
202405,전라남도,현지인방문자(a),31948444.0,0.0,0.0
202405,전북특별자치도,현지인방문자(a),32296996.0,0.0,0.0
202405,충청남도,현지인방문자(a),34637442.0,0.0,0.0
202405,충청북도,현지인방문자(a),25568235.0,0.0,0.0
202405,강원특별자치도,현지인방문자(a),31975360.0,0.0,0.0
202405,경기도,현지인방문자(a),194639126.0,0.0,0.0
202405,세종특별자치시,현지인방문자(a),5953493.0,0.0,0.0
202405,울산광역시,현지인방문자(a),16797504.0,0.0,0.0
202405,대전광역시,현지인방문자(a),22540413.0,0.0,0.0
202405,광주광역시,현지인방문자(a),21325882.0,0.0,0.0
202405,인천광역시,현지인방문자(a),41783441.0,0.0,0.0
202405,대구광역시,현지인방문자(a),35849076.0,0.0,0.0
202405,서울특별시,현지인방문자(a),131088181.0,0.0,0.0
202406,경상남도,외지인방문자(b),12324452.0,0.0,0.0
202406,제주특별자치도,외지인방문자(b),4620595.0,0.0,0.0
202406,서울특별시,외지인방문자(b),47087534.0,0.0,0.0
202406,부산광역시,외지인방문자(b),11750655.0,0.0,0.0
202406,대구광역시,외지인방문자(b),8480174.0,0.0,0.0
202406,인천광역시,외지인방문자(b),14347988.0,0.0,0.0
202406,광주광역시,외지인방문자(b),5047304.0,0.0,0.0
202406,대전광역시,외지인방문자(b),6725747.0,0.0,0.0
202406,울산광역시,외지인방문자(b),4054438.0,0.0,0.0
202406,세종특별자치시,외지인방문자(b),2204114.0,0.0,0.0
202406,경기도,외지인방문자(b),50334725.0,0.0,0.0
202406,강원특별자치도,외지인방문자(b),12718976.0,0.0,0.0
202406,충청북도,외지인방문자(b),9518694.0,0.0,0.0
202406,충청남도,외지인방문자(b),13383122.0,0.0,0.0
202406,전북특별자치도,외지인방문자(b),7503909.0,0.0,0.0
202406,전라남도,외지인방문자(b),9936570.0,0.0,0.0
202406,경상북도,외지인방문자(b),14584682.0,0.0,0.0
202406,서울특별시,전체방문자(a+b),174317104.0,0.0,0.0
202406,경상남도,전체방문자(a+b),62373955.0,0.0,0.0
202406,부산광역시,전체방문자(a+b),55029166.0,0.0,0.0
202406,대구광역시,전체방문자(a+b),43569502.0,0.0,0.0
202406,인천광역시,전체방문자(a+b),54576613.0,0.0,0.0
202406,광주광역시,전체방문자(a+b),25136174.0,0.0,0.0
202406,대전광역시,전체방문자(a+b),28616928.0,0.0,0.0
202406,울산광역시,전체방문자(a+b),20413124.0,0.0,0.0
202406,세종특별자치시,전체방문자(a+b),7951769.0,0.0,0.0
202406,경기도,전체방문자(a+b),236787131.0,0.0,0.0
202406,강원특별자치도,전체방문자(a+b),43700430.0,0.0,0.0
202406,충청북도,전체방문자(a+b),34056732.0,0.0,0.0
202406,충청남도,전체방문자(a+b),47066474.0,0.0,0.0
202406,전북특별자치도,전체방문자(a+b),38741871.0,0.0,0.0
202406,전라남도,전체방문자(a+b),40824416.0,0.0,0.0
202406,경상북도,전체방문자(a+b),56550690.0,0.0,0.0
202406,제주특별자치도,전체방문자(a+b),21808080.0,0.0,0.0
202406,경기도,현지인방문자(a),186452406.0,0.0,0.0
202406,서울특별시,현지인방문자(a),127229571.0,0.0,0.0
202406,부산광역시,현지인방문자(a),43278512.0,0.0,0.0
202406,대구광역시,현지인방문자(a),35089327.0,0.0,0.0
202406,인천광역시,현지인방문자(a),40228626.0,0.0,0.0
202406,광주광역시,현지인방문자(a),20088870.0,0.0,0.0
202406,대전광역시,현지인방문자(a),21891180.0,0.0,0.0
202406,울산광역시,현지인방문자(a),16358685.0,0.0,0.0
202406,세종특별자치시,현지인방문자(a),5747654.0,0.0,0.0
202406,강원특별자치도,현지인방문자(a),30981454.0,0.0,0.0
202406,제주특별자치도,현지인방문자(a),17187485.0,0.0,0.0
202406,경상남도,현지인방문자(a),50049503.0,0.0,0.0
202406,경상북도,현지인방문자(a),41966008.0,0.0,0.0
202406,전라남도,현지인방문자(a),30887846.0,0.0,0.0
202406,전북특별자치도,현지인방문자(a),31237962.0,0.0,0.0
202406,충청남도,현지인방문자(a),33683352.0,0.0,0.0
202406,충청북도,현지인방문자(a),24538038.0,0.0,0.0
202407,경상남도,외지인방문자(b),12951582.0,0.0,0.0
202407,제주특별자치도,외지인방문자(b),5017078.0,0.0,0.0
202407,경상북도,외지인방문자(b),14535829.0,0.0,0.0
202407,전라남도,외지인방문자(b),10180947.0,0.0,0.0
202407,전북특별자치도,외지인방문자(b),7458829.0,0.0,0.0
202407,충청남도,외지인방문자(b),13165198.0,0.0,0.0
202407,충청북도,외지인방문자(b),9286070.0,0.0,0.0
202407,강원특별자치도,외지인방문자(b),13323723.0,0.0,0.0
202407,경기도,외지인방문자(b),51902616.0,0.0,0.0
202407,세종특별자치시,외지인방문자(b),2270026.0,0.0,0.0
202407,울산광역시,외지인방문자(b),4246560.0,0.0,0.0
202407,대전광역시,외지인방문자(b),6913697.0,0.0,0.0
202407,광주광역시,외지인방문자(b),5418637.0,0.0,0.0
202407,인천광역시,외지인방문자(b),14459848.0,0.0,0.0
202407,대구광역시,외지인방문자(b),8595570.0,0.0,0.0
202407,부산광역시,외지인방문자(b),12553352.0,0.0,0.0
202407,서울특별시,외지인방문자(b),49290160.0,0.0,0.0
202407,제주특별자치도,전체방문자(a+b),22677966.0,0.0,0.0
202407,부산광역시,전체방문자(a+b),56644098.0,0.0,0.0
202407,서울특별시,전체방문자(a+b),179355792.0,0.0,0.0
202407,경상남도,전체방문자(a+b),64056926.0,0.0,0.0
202407,경상북도,전체방문자(a+b),57045779.0,0.0,0.0
202407,전라남도,전체방문자(a+b),41667014.0,0.0,0.0
202407,전북특별자치도,전체방문자(a+b),39129874.0,0.0,0.0
202407,충청남도,전체방문자(a+b),47043535.0,0.0,0.0
202407,충청북도,전체방문자(a+b),33949996.0,0.0,0.0
202407,강원특별자치도,전체방문자(a+b),45025589.0,0.0,0.0
202407,세종특별자치시,전체방문자(a+b),8139148.0,0.0,0.0
202407,울산광역시,전체방문자(a+b),20744664.0,0.0,0.0
202407,대전광역시,전체방문자(a+b),28843896.0,0.0,0.0
202407,광주광역시,전체방문자(a+b),25949186.0,0.0,0.0
202407,인천광역시,전체방문자(a+b),55833008.0,0.0,0.0
202407,대구광역시,전체방문자(a+b),44251728.0,0.0,0.0
202407,경기도,전체방문자(a+b),242842968.0,0.0,0.0
202407,세종특별자치시,현지인방문자(a),5869122.0,0.0,0.0
202407,제주특별자치도,현지인방문자(a),17660888.0,0.0,0.0
202407,경상남도,현지인방문자(a),51105344.0,0.0,0.0
202407,경상북도,현지인방문자(a),42509950.0,0.0,0.0
202407,전라남도,현지인방문자(a),31486066.0,0.0,0.0
202407,전북특별자치도,현지인방문자(a),31671045.0,0.0,0.0
202407,충청남도,현지인방문자(a),33878338.0,0.0,0.0
202407,충청북도,현지인방문자(a),24663926.0,0.0,0.0
202407,강원특별자치도,현지인방문자(a),31701866.0,0.0,0.0
202407,경기도,현지인방문자(a),190940351.0,0.0,0.0
202407,울산광역시,현지인방문자(a),16498104.0,0.0,0.0
202407,대전광역시,현지인방문자(a),21930198.0,0.0,0.0
202407,광주광역시,현지인방문자(a),20530548.0,0.0,0.0
202407,인천광역시,현지인방문자(a),41373160.0,0.0,0.0
202407,대구광역시,현지인방문자(a),35656159.0,0.0,0.0
202407,부산광역시,현지인방문자(a),44090746.0,0.0,0.0
202407,서울특별시,현지인방문자(a),130065632.0,0.0,0.0
202408,충청북도,외지인방문자(b),10499062.0,0.0,0.0
202408,충청남도,외지인방문자(b),14730740.0,0.0,0.0
202408,경기도,외지인방문자(b),53824900.0,0.0,0.0
202408,강원특별자치도,외지인방문자(b),17822672.0,0.0,0.0
202408,제주특별자치도,외지인방문자(b),5584425.0,0.0,0.0
202408,전북특별자치도,외지인방문자(b),8899079.0,0.0,0.0
202408,전라남도,외지인방문자(b),11818660.0,0.0,0.0
202408,경상북도,외지인방문자(b),16327990.0,0.0,0.0
202408,경상남도,외지인방문자(b),14470470.0,0.0,0.0
202408,세종특별자치시,외지인방문자(b),2345756.0,0.0,0.0
202408,울산광역시,외지인방문자(b),4476150.0,0.0,0.0
202408,대전광역시,외지인방문자(b),7173198.0,0.0,0.0
202408,광주광역시,외지인방문자(b),5459874.0,0.0,0.0
202408,인천광역시,외지인방문자(b),15299494.0,0.0,0.0
202408,대구광역시,외지인방문자(b),8520806.0,0.0,0.0
202408,부산광역시,외지인방문자(b),13472851.0,0.0,0.0
202408,서울특별시,외지인방문자(b),48888014.0,0.0,0.0
202408,경기도,전체방문자(a+b),243058977.0,0.0,0.0
202408,세종특별자치시,전체방문자(a+b),8184358.0,0.0,0.0
202408,울산광역시,전체방문자(a+b),20545434.0,0.0,0.0
202408,대전광역시,전체방문자(a+b),28273528.0,0.0,0.0
202408,광주광역시,전체방문자(a+b),25134543.0,0.0,0.0
202408,인천광역시,전체방문자(a+b),55435958.0,0.0,0.0
202408,대구광역시,전체방문자(a+b),42604566.0,0.0,0.0
202408,부산광역시,전체방문자(a+b),56125576.0,0.0,0.0
202408,강원특별자치도,전체방문자(a+b),49730597.0,0.0,0.0
202408,서울특별시,전체방문자(a+b),179616955.0,0.0,0.0
202408,충청북도,전체방문자(a+b),34253432.0,0.0,0.0
202408,충청남도,전체방문자(a+b),47378814.0,0.0,0.0
202408,전북특별자치도,전체방문자(a+b),39614922.0,0.0,0.0
202408,전라남도,전체방문자(a+b),42381602.0,0.0,0.0
202408,경상북도,전체방문자(a+b),57187266.0,0.0,0.0
202408,경상남도,전체방문자(a+b),63922600.0,0.0,0.0
202408,제주특별자치도,전체방문자(a+b),23032838.0,0.0,0.0
202408,제주특별자치도,현지인방문자(a),17448414.0,0.0,0.0
202408,서울특별시,현지인방문자(a),130728941.0,0.0,0.0
202408,경상남도,현지인방문자(a),49452130.0,0.0,0.0
202408,경상북도,현지인방문자(a),40859276.0,0.0,0.0
202408,전라남도,현지인방문자(a),30562942.0,0.0,0.0
202408,전북특별자치도,현지인방문자(a),30715842.0,0.0,0.0
202408,충청남도,현지인방문자(a),32648074.0,0.0,0.0
202408,충청북도,현지인방문자(a),23754370.0,0.0,0.0
202408,강원특별자치도,현지인방문자(a),31907925.0,0.0,0.0
202408,경기도,현지인방문자(a),189234076.0,0.0,0.0
202408,세종특별자치시,현지인방문자(a),5838602.0,0.0,0.0
202408,울산광역시,현지인방문자(a),16069284.0,0.0,0.0
202408,대전광역시,현지인방문자(a),21100331.0,0.0,0.0
202408,광주광역시,현지인방문자(a),19674669.0,0.0,0.0
202408,인천광역시,현지인방문자(a),40136464.0,0.0,0.0
202408,대구광역시,현지인방문자(a),34083760.0,0.0,0.0
202408,부산광역시,현지인방문자(a),42652726.0,0.0,0.0
202409,경기도,외지인방문자(b),53665812.0,0.0,0.0
202409,제주특별자치도,외지인방문자(b),4703055.0,0.0,0.0
202409,경상남도,외지인방문자(b),14499026.0,0.0,0.0
202409,경상북도,외지인방문자(b),17772055.0,0.0,0.0
202409,전라남도,외지인방문자(b),12067006.0,0.0,0.0
202409,전북특별자치도,외지인방문자(b),9483040.0,0.0,0.0
202409,충청남도,외지인방문자(b),15944562.0,0.0,0.0
202409,충청북도,외지인방문자(b),10842552.0,0.0,0.0
202409,강원특별자치도,외지인방문자(b),13037696.0,0.0,0.0
202409,세종특별자치시,외지인방문자(b),2514942.0,0.0,0.0
202409,서울특별시,외지인방문자(b),49670618.0,0.0,0.0
202409,부산광역시,외지인방문자(b),13618364.0,0.0,0.0
202409,대구광역시,외지인방문자(b),9843592.0,0.0,0.0
202409,인천광역시,외지인방문자(b),15702242.0,0.0,0.0
202409,광주광역시,외지인방문자(b),6142353.0,0.0,0.0
202409,대전광역시,외지인방문자(b),7723916.0,0.0,0.0
202409,울산광역시,외지인방문자(b),4388674.0,0.0,0.0
202409,경상남도,전체방문자(a+b),63672108.0,0.0,0.0
202409,경상북도,전체방문자(a+b),58849298.0,0.0,0.0
202409,전라남도,전체방문자(a+b),42437336.0,0.0,0.0
202409,전북특별자치도,전체방문자(a+b),39828712.0,0.0,0.0
202409,충청남도,전체방문자(a+b),48166972.0,0.0,0.0
202409,충청북도,전체방문자(a+b),34443262.0,0.0,0.0
202409,강원특별자치도,전체방문자(a+b),44226798.0,0.0,0.0
202409,경기도,전체방문자(a+b),239177435.0,0.0,0.0
202409,세종특별자치시,전체방문자(a+b),8314663.0,0.0,0.0
202409,울산광역시,전체방문자(a+b),20178725.0,0.0,0.0
202409,대전광역시,전체방문자(a+b),28622027.0,0.0,0.0
202409,광주광역시,전체방문자(a+b),25745559.0,0.0,0.0
202409,인천광역시,전체방문자(a+b),55083172.0,0.0,0.0
202409,대구광역시,전체방문자(a+b),43944803.0,0.0,0.0
202409,부산광역시,전체방문자(a+b),55548448.0,0.0,0.0
202409,제주특별자치도,전체방문자(a+b),21741874.0,0.0,0.0
202409,서울특별시,전체방문자(a+b),176345810.0,0.0,0.0
202409,제주특별자치도,현지인방문자(a),17038819.0,0.0,0.0
202409,경상남도,현지인방문자(a),49173082.0,0.0,0.0
202409,경상북도,현지인방문자(a),41077242.0,0.0,0.0
202409,전라남도,현지인방문자(a),30370330.0,0.0,0.0
202409,전북특별자치도,현지인방문자(a),30345672.0,0.0,0.0
202409,충청남도,현지인방문자(a),32222410.0,0.0,0.0
202409,충청북도,현지인방문자(a),23600710.0,0.0,0.0
202409,강원특별자치도,현지인방문자(a),31189102.0,0.0,0.0
202409,경기도,현지인방문자(a),185511624.0,0.0,0.0
202409,세종특별자치시,현지인방문자(a),5799720.0,0.0,0.0
202409,울산광역시,현지인방문자(a),15790050.0,0.0,0.0
202409,대전광역시,현지인방문자(a),20898112.0,0.0,0.0
202409,광주광역시,현지인방문자(a),19603206.0,0.0,0.0
202409,인천광역시,현지인방문자(a),39380929.0,0.0,0.0
202409,대구광역시,현지인방문자(a),34101210.0,0.0,0.0
202409,부산광역시,현지인방문자(a),41930084.0,0.0,0.0
202409,서울특별시,현지인방문자(a),126675192.0,0.0,0.0
202410,제주특별자치도,외지인방문자(b),4945717.0,0.0,0.0
202410,서울특별시,외지인방문자(b),52413634.0,0.0,0.0
202410,부산광역시,외지인방문자(b),12008294.0,0.0,0.0
202410,대구광역시,외지인방문자(b),8474102.0,0.0,0.0
202410,인천광역시,외지인방문자(b),15178954.0,0.0,0.0
202410,광주광역시,외지인방문자(b),5310602.0,0.0,0.0
202410,울산광역시,외지인방문자(b),4196966.0,0.0,0.0
202410,경상남도,외지인방문자(b),13456359.0,0.0,0.0
202410,경상북도,외지인방문자(b),15215711.0,0.0,0.0
202410,전라남도,외지인방문자(b),10604052.0,0.0,0.0
202410,전북특별자치도,외지인방문자(b),8243739.0,0.0,0.0
202410,충청남도,외지인방문자(b),14865382.0,0.0,0.0
202410,강원특별자치도,외지인방문자(b),12736710.0,0.0,0.0
202410,경기도,외지인방문자(b),54792412.0,0.0,0.0
202410,세종특별자치시,외지인방문자(b),2371926.0,0.0,0.0
202410,대전광역시,외지인방문자(b),6889806.0,0.0,0.0
202410,충청북도,외지인방문자(b),10330705.0,0.0,0.0
202410,경상남도,전체방문자(a+b),64858356.0,0.0,0.0
202410,경기도,전체방문자(a+b),254260136.0,0.0,0.0
202410,서울특별시,전체방문자(a+b),189686038.0,0.0,0.0
202410,부산광역시,전체방문자(a+b),56202422.0,0.0,0.0
202410,대구광역시,전체방문자(a+b),44471928.0,0.0,0.0
202410,인천광역시,전체방문자(a+b),57259993.0,0.0,0.0
202410,광주광역시,전체방문자(a+b),26307141.0,0.0,0.0
202410,대전광역시,전체방문자(a+b),29246105.0,0.0,0.0
202410,울산광역시,전체방문자(a+b),21056217.0,0.0,0.0
202410,세종특별자치시,전체방문자(a+b),8540112.0,0.0,0.0
202410,강원특별자치도,전체방문자(a+b),45727042.0,0.0,0.0
202410,충청북도,전체방문자(a+b),35551212.0,0.0,0.0
202410,충청남도,전체방문자(a+b),49329063.0,0.0,0.0
202410,전북특별자치도,전체방문자(a+b),40459769.0,0.0,0.0
202410,전라남도,전체방문자(a+b),42540908.0,0.0,0.0
202410,경상북도,전체방문자(a+b),58915812.0,0.0,0.0
202410,제주특별자치도,전체방문자(a+b),22848438.0,0.0,0.0
202410,서울특별시,현지인방문자(a),137272404.0,0.0,0.0
202410,충청남도,현지인방문자(a),34463681.0,0.0,0.0
202410,충청북도,현지인방문자(a),25220506.0,0.0,0.0
202410,강원특별자치도,현지인방문자(a),32990332.0,0.0,0.0
202410,경기도,현지인방문자(a),199467723.0,0.0,0.0
202410,세종특별자치시,현지인방문자(a),6168186.0,0.0,0.0
202410,울산광역시,현지인방문자(a),16859252.0,0.0,0.0
202410,대전광역시,현지인방문자(a),22356299.0,0.0,0.0
202410,광주광역시,현지인방문자(a),20996538.0,0.0,0.0
202410,인천광역시,현지인방문자(a),42081039.0,0.0,0.0
202410,대구광역시,현지인방문자(a),35997826.0,0.0,0.0
202410,부산광역시,현지인방문자(a),44194129.0,0.0,0.0
202410,전북특별자치도,현지인방문자(a),32216030.0,0.0,0.0
202410,전라남도,현지인방문자(a),31936856.0,0.0,0.0
202410,경상북도,현지인방문자(a),43700100.0,0.0,0.0
202410,경상남도,현지인방문자(a),51401998.0,0.0,0.0
202410,제주특별자치도,현지인방문자(a),17902720.0,0.0,0.0
202411,서울특별시,외지인방문자(b),48073140.0,0.0,0.0
202411,대구광역시,외지인방문자(b),8394152.0,0.0,0.0
202411,대전광역시,외지인방문자(b),6779322.0,0.0,0.0
202411,울산광역시,외지인방문자(b),3989556.0,0.0,0.0
202411,광주광역시,외지인방문자(b),5226662.0,0.0,0.0
202411,세종특별자치시,외지인방문자(b),2242244.0,0.0,0.0
202411,경기도,외지인방문자(b),49315980.0,0.0,0.0
202411,인천광역시,외지인방문자(b),13933272.0,0.0,0.0
202411,충청북도,외지인방문자(b),9606597.0,0.0,0.0
202411,충청남도,외지인방문자(b),13252918.0,0.0,0.0
202411,전라남도,외지인방문자(b),10038032.0,0.0,0.0
202411,경상북도,외지인방문자(b),14450076.0,0.0,0.0
202411,부산광역시,외지인방문자(b),11932462.0,0.0,0.0
202411,경상남도,외지인방문자(b),12554129.0,0.0,0.0
202411,제주특별자치도,외지인방문자(b),4403266.0,0.0,0.0
202411,강원특별자치도,외지인방문자(b),10450898.0,0.0,0.0
202411,전북특별자치도,외지인방문자(b),8164160.0,0.0,0.0
202411,서울특별시,전체방문자(a+b),181253062.0,0.0,0.0
202411,강원특별자치도,전체방문자(a+b),42588973.0,0.0,0.0
202411,부산광역시,전체방문자(a+b),55911380.0,0.0,0.0
202411,대구광역시,전체방문자(a+b),44011404.0,0.0,0.0
202411,인천광역시,전체방문자(a+b),54642308.0,0.0,0.0
202411,광주광역시,전체방문자(a+b),26022304.0,0.0,0.0
202411,대전광역시,전체방문자(a+b),29103358.0,0.0,0.0
202411,울산광역시,전체방문자(a+b),20616253.0,0.0,0.0
202411,세종특별자치시,전체방문자(a+b),8476594.0,0.0,0.0
202411,경기도,전체방문자(a+b),240903285.0,0.0,0.0
202411,충청북도,전체방문자(a+b),33911934.0,0.0,0.0
202411,충청남도,전체방문자(a+b),46793194.0,0.0,0.0
202411,전라남도,전체방문자(a+b),40989515.0,0.0,0.0
202411,경상북도,전체방문자(a+b),57382122.0,0.0,0.0
202411,경상남도,전체방문자(a+b),63075348.0,0.0,0.0
202411,제주특별자치도,전체방문자(a+b),21695496.0,0.0,0.0
202411,전북특별자치도,전체방문자(a+b),39785053.0,0.0,0.0
202411,대구광역시,현지인방문자(a),35617253.0,0.0,0.0
202411,전북특별자치도,현지인방문자(a),31620894.0,0.0,0.0
202411,인천광역시,현지인방문자(a),40709036.0,0.0,0.0
202411,부산광역시,현지인방문자(a),43978918.0,0.0,0.0
202411,광주광역시,현지인방문자(a),20795642.0,0.0,0.0
202411,서울특별시,현지인방문자(a),133179921.0,0.0,0.0
202411,대전광역시,현지인방문자(a),22324036.0,0.0,0.0
202411,세종특별자치시,현지인방문자(a),6234350.0,0.0,0.0
202411,경기도,현지인방문자(a),191587305.0,0.0,0.0
202411,충청북도,현지인방문자(a),24305337.0,0.0,0.0
202411,충청남도,현지인방문자(a),33540276.0,0.0,0.0
202411,전라남도,현지인방문자(a),30951484.0,0.0,0.0
202411,경상북도,현지인방문자(a),42932046.0,0.0,0.0
202411,경상남도,현지인방문자(a),50521219.0,0.0,0.0
202411,제주특별자치도,현지인방문자(a),17292230.0,0.0,0.0
202411,강원특별자치도,현지인방문자(a),32138074.0,0.0,0.0
202411,울산광역시,현지인방문자(a),16626698.0,0.0,0.0
202412,울산광역시,외지인방문자(b),4100212.0,0.0,0.0
202412,세종특별자치시,외지인방문자(b),2241348.0,0.0,0.0
202412,경기도,외지인방문자(b),49570717.0,0.0,0.0
202412,충청북도,외지인방문자(b),8188152.0,0.0,0.0
202412,충청남도,외지인방문자(b),11856240.0,0.0,0.0
202412,전라남도,외지인방문자(b),9138115.0,0.0,0.0
202412,경상북도,외지인방문자(b),12902830.0,0.0,0.0
202412,경상남도,외지인방문자(b),12071990.0,0.0,0.0
202412,제주특별자치도,외지인방문자(b),4396102.0,0.0,0.0
202412,강원특별자치도,외지인방문자(b),10152044.0,0.0,0.0
202412,전북특별자치도,외지인방문자(b),6952264.0,0.0,0.0
202412,대전광역시,외지인방문자(b),6898196.0,0.0,0.0
202412,광주광역시,외지인방문자(b),5458786.0,0.0,0.0
202412,서울특별시,외지인방문자(b),51393122.0,0.0,0.0
202412,인천광역시,외지인방문자(b),14421172.0,0.0,0.0
202412,부산광역시,외지인방문자(b),12926788.0,0.0,0.0
202412,대구광역시,외지인방문자(b),8875338.0,0.0,0.0
202412,충청북도,전체방문자(a+b),32637458.0,0.0,0.0
202412,충청남도,전체방문자(a+b),46051722.0,0.0,0.0
202412,세종특별자치시,전체방문자(a+b),8499771.0,0.0,0.0
202412,경기도,전체방문자(a+b),243970892.0,0.0,0.0
202412,강원특별자치도,전체방문자(a+b),42285170.0,0.0,0.0
202412,전라남도,전체방문자(a+b),40555781.0,0.0,0.0
202412,경상북도,전체방문자(a+b),56182298.0,0.0,0.0
202412,경상남도,전체방문자(a+b),65049660.0,0.0,0.0
202412,제주특별자치도,전체방문자(a+b),22157608.0,0.0,0.0
202412,울산광역시,전체방문자(a+b),21765124.0,0.0,0.0
202412,대전광역시,전체방문자(a+b),29599724.0,0.0,0.0
202412,광주광역시,전체방문자(a+b),26566981.0,0.0,0.0
202412,인천광역시,전체방문자(a+b),55691545.0,0.0,0.0
202412,대구광역시,전체방문자(a+b),45340900.0,0.0,0.0
202412,부산광역시,전체방문자(a+b),60075043.0,0.0,0.0
202412,서울특별시,전체방문자(a+b),186161902.0,0.0,0.0
202412,전북특별자치도,전체방문자(a+b),38690022.0,0.0,0.0
202412,울산광역시,현지인방문자(a),17664913.0,0.0,0.0
202412,서울특별시,현지인방문자(a),134768781.0,0.0,0.0
202412,전북특별자치도,현지인방문자(a),31737758.0,0.0,0.0
202412,강원특별자치도,현지인방문자(a),32133126.0,0.0,0.0
202412,부산광역시,현지인방문자(a),47148255.0,0.0,0.0
202412,제주특별자치도,현지인방문자(a),17761506.0,0.0,0.0
202412,경상남도,현지인방문자(a),52977670.0,0.0,0.0
202412,대구광역시,현지인방문자(a),36465562.0,0.0,0.0
202412,전라남도,현지인방문자(a),31417666.0,0.0,0.0
202412,경상북도,현지인방문자(a),43279467.0,0.0,0.0
202412,대전광역시,현지인방문자(a),22701528.0,0.0,0.0
202412,세종특별자치시,현지인방문자(a),6258424.0,0.0,0.0
202412,경기도,현지인방문자(a),194400174.0,0.0,0.0
202412,광주광역시,현지인방문자(a),21108196.0,0.0,0.0
202412,충청북도,현지인방문자(a),24449306.0,0.0,0.0
202412,충청남도,현지인방문자(a),34195483.0,0.0,0.0
202412,인천광역시,현지인방문자(a),41270372.0,0.0,0.0
202501,대구광역시,외지인방문자(b),9796276.0,0.0,0.0
202501,서울특별시,외지인방문자(b),48995110.0,0.0,0.0
202501,전라남도,외지인방문자(b),11220489.0,0.0,0.0
202501,충청남도,외지인방문자(b),13058787.0,0.0,0.0
202501,충청북도,외지인방문자(b),9164071.0,0.0,0.0
202501,경상북도,외지인방문자(b),15681267.0,0.0,0.0
202501,경기도,외지인방문자(b),51400685.0,0.0,0.0
202501,세종특별자치시,외지인방문자(b),2328333.0,0.0,0.0
202501,경상남도,외지인방문자(b),14223377.0,0.0,0.0
202501,울산광역시,외지인방문자(b),4449204.0,0.0,0.0
202501,대전광역시,외지인방문자(b),7260614.0,0.0,0.0
202501,제주특별자치도,외지인방문자(b),4749304.0,0.0,0.0
202501,광주광역시,외지인방문자(b),6005433.0,0.0,0.0
202501,인천광역시,외지인방문자(b),15377296.0,0.0,0.0
202501,강원특별자치도,외지인방문자(b),12907489.0,0.0,0.0
202501,부산광역시,외지인방문자(b),14167030.0,0.0,0.0
202501,전북특별자치도,외지인방문자(b),8679636.0,0.0,0.0
202501,전북특별자치도,전체방문자(a+b),38576293.0,0.0,0.0
202501,강원특별자치도,전체방문자(a+b),42809196.0,0.0,0.0
202501,제주특별자치도,전체방문자(a+b),21818986.0,0.0,0.0
202501,경상남도,전체방문자(a+b),63851879.0,0.0,0.0
202501,경상북도,전체방문자(a+b),56442750.0,0.0,0.0
202501,전라남도,전체방문자(a+b),40936472.0,0.0,0.0
202501,충청남도,전체방문자(a+b),44425748.0,0.0,0.0
202501,충청북도,전체방문자(a+b),31877860.0,0.0,0.0
202501,경기도,전체방문자(a+b),237741612.0,0.0,0.0
202501,세종특별자치시,전체방문자(a+b),8143359.0,0.0,0.0
202501,울산광역시,전체방문자(a+b),20905878.0,0.0,0.0
202501,대전광역시,전체방문자(a+b),28594800.0,0.0,0.0
202501,광주광역시,전체방문자(a+b),26161894.0,0.0,0.0
202501,인천광역시,전체방문자(a+b),55285548.0,0.0,0.0
202501,대구광역시,전체방문자(a+b),44719857.0,0.0,0.0
202501,부산광역시,전체방문자(a+b),57594208.0,0.0,0.0
202501,서울특별시,전체방문자(a+b),176361906.0,0.0,0.0
202501,제주특별자치도,현지인방문자(a),17069682.0,0.0,0.0
202501,강원특별자치도,현지인방문자(a),29901708.0,0.0,0.0
202501,경상남도,현지인방문자(a),49628502.0,0.0,0.0
202501,전북특별자치도,현지인방문자(a),29896657.0,0.0,0.0
202501,경상북도,현지인방문자(a),40761483.0,0.0,0.0
202501,충청북도,현지인방문자(a),22713789.0,0.0,0.0
202501,전라남도,현지인방문자(a),29715984.0,0.0,0.0
202501,충청남도,현지인방문자(a),31366962.0,0.0,0.0
202501,서울특별시,현지인방문자(a),127366796.0,0.0,0.0
202501,경기도,현지인방문자(a),186340928.0,0.0,0.0
202501,세종특별자치시,현지인방문자(a),5815026.0,0.0,0.0
202501,울산광역시,현지인방문자(a),16456674.0,0.0,0.0
202501,대전광역시,현지인방문자(a),21334187.0,0.0,0.0
202501,광주광역시,현지인방문자(a),20156462.0,0.0,0.0
202501,인천광역시,현지인방문자(a),39908253.0,0.0,0.0
202501,대구광역시,현지인방문자(a),34923581.0,0.0,0.0
202501,부산광역시,현지인방문자(a),43427178.0,0.0,0.0
202502,광주광역시,외지인방문자(b),4786684.0,0.0,0.0
202502,충청남도,외지인방문자(b),11578287.0,0.0,0.0
202502,전북특별자치도,외지인방문자(b),6129106.0,0.0,0.0
202502,강원특별자치도,외지인방문자(b),9314914.0,0.0,0.0
202502,제주특별자치도,외지인방문자(b),3724602.0,0.0,0.0
202502,경상남도,외지인방문자(b),10676880.0,0.0,0.0
202502,경상북도,외지인방문자(b),11679854.0,0.0,0.0
202502,전라남도,외지인방문자(b),7731437.0,0.0,0.0
202502,서울특별시,외지인방문자(b),48232079.0,0.0,0.0
202502,부산광역시,외지인방문자(b),11753406.0,0.0,0.0
202502,대구광역시,외지인방문자(b),7710644.0,0.0,0.0
202502,인천광역시,외지인방문자(b),13275546.0,0.0,0.0
202502,대전광역시,외지인방문자(b),6460640.0,0.0,0.0
202502,울산광역시,외지인방문자(b),3724864.0,0.0,0.0
202502,충청북도,외지인방문자(b),7716310.0,0.0,0.0
202502,세종특별자치시,외지인방문자(b),2115362.0,0.0,0.0
202502,경기도,외지인방문자(b),46151301.0,0.0,0.0
202502,경상남도,전체방문자(a+b),57144888.0,0.0,0.0
202502,전북특별자치도,전체방문자(a+b),34252180.0,0.0,0.0
202502,강원특별자치도,전체방문자(a+b),37502356.0,0.0,0.0
202502,서울특별시,전체방문자(a+b),171224372.0,0.0,0.0
202502,부산광역시,전체방문자(a+b),52126627.0,0.0,0.0
202502,대구광역시,전체방문자(a+b),40327340.0,0.0,0.0
202502,인천광역시,전체방문자(a+b),50501178.0,0.0,0.0
202502,광주광역시,전체방문자(a+b),23668778.0,0.0,0.0
202502,대전광역시,전체방문자(a+b),26481763.0,0.0,0.0
202502,세종특별자치시,전체방문자(a+b),7673074.0,0.0,0.0
202502,경기도,전체방문자(a+b),221191806.0,0.0,0.0
202502,충청북도,전체방문자(a+b),29117585.0,0.0,0.0
202502,충청남도,전체방문자(a+b),41749922.0,0.0,0.0
202502,전라남도,전체방문자(a+b),35515308.0,0.0,0.0
202502,경상북도,전체방문자(a+b),50044400.0,0.0,0.0
202502,제주특별자치도,전체방문자(a+b),19334276.0,0.0,0.0
202502,울산광역시,전체방문자(a+b),19156179.0,0.0,0.0
202502,대전광역시,현지인방문자(a),20021124.0,0.0,0.0
202502,전라남도,현지인방문자(a),27783872.0,0.0,0.0
202502,전북특별자치도,현지인방문자(a),28123074.0,0.0,0.0
202502,충청남도,현지인방문자(a),30171634.0,0.0,0.0
202502,강원특별자치도,현지인방문자(a),28187442.0,0.0,0.0
202502,제주특별자치도,현지인방문자(a),15609674.0,0.0,0.0
202502,충청북도,현지인방문자(a),21401275.0,0.0,0.0
202502,경상남도,현지인방문자(a),46468009.0,0.0,0.0
202502,경상북도,현지인방문자(a),38364546.0,0.0,0.0
202502,경기도,현지인방문자(a),175040506.0,0.0,0.0
202502,광주광역시,현지인방문자(a),18882094.0,0.0,0.0
202502,울산광역시,현지인방문자(a),15431314.0,0.0,0.0
202502,인천광역시,현지인방문자(a),37225632.0,0.0,0.0
202502,대구광역시,현지인방문자(a),32616696.0,0.0,0.0
202502,서울특별시,현지인방문자(a),122992292.0,0.0,0.0
202502,세종특별자치시,현지인방문자(a),5557713.0,0.0,0.0
202502,부산광역시,현지인방문자(a),40373221.0,0.0,0.0
202503,인천광역시,외지인방문자(b),16062410.0,0.0,0.0
202503,강원특별자치도,외지인방문자(b),11053553.0,0.0,0.0
202503,제주특별자치도,외지인방문자(b),4389290.0,0.0,0.0
202503,경상남도,외지인방문자(b),14043614.0,0.0,0.0
202503,경상북도,외지인방문자(b),15764598.0,0.0,0.0
202503,전라남도,외지인방문자(b),11258317.0,0.0,0.0
202503,충청남도,외지인방문자(b),14764428.0,0.0,0.0
202503,충청북도,외지인방문자(b),10154876.0,0.0,0.0
202503,경기도,외지인방문자(b),58499192.0,0.0,0.0
202503,전북특별자치도,외지인방문자(b),8511468.0,0.0,0.0
202503,세종특별자치시,외지인방문자(b),2696484.0,0.0,0.0
202503,서울특별시,외지인방문자(b),57586168.0,0.0,0.0
202503,울산광역시,외지인방문자(b),4375780.0,0.0,0.0
202503,부산광역시,외지인방문자(b),13907002.0,0.0,0.0
202503,대전광역시,외지인방문자(b),8171160.0,0.0,0.0
202503,광주광역시,외지인방문자(b),6367256.0,0.0,0.0
202503,대구광역시,외지인방문자(b),9649934.0,0.0,0.0
202503,전북특별자치도,전체방문자(a+b),39749598.0,0.0,0.0
202503,제주특별자치도,전체방문자(a+b),21964568.0,0.0,0.0
202503,강원특별자치도,전체방문자(a+b),42820564.0,0.0,0.0
202503,경상남도,전체방문자(a+b),66066770.0,0.0,0.0
202503,경상북도,전체방문자(a+b),58393552.0,0.0,0.0
202503,전라남도,전체방문자(a+b),42222240.0,0.0,0.0
202503,충청남도,전체방문자(a+b),47187308.0,0.0,0.0
202503,충청북도,전체방문자(a+b),33528579.0,0.0,0.0
202503,경기도,전체방문자(a+b),252925474.0,0.0,0.0
202503,세종특별자치시,전체방문자(a+b),8664341.0,0.0,0.0
202503,울산광역시,전체방문자(a+b),21232848.0,0.0,0.0
202503,대전광역시,전체방문자(a+b),29582525.0,0.0,0.0
202503,광주광역시,전체방문자(a+b),27338199.0,0.0,0.0
202503,인천광역시,전체방문자(a+b),57483314.0,0.0,0.0
202503,대구광역시,전체방문자(a+b),45499822.0,0.0,0.0
202503,부산광역시,전체방문자(a+b),58258914.0,0.0,0.0
202503,서울특별시,전체방문자(a+b),194173948.0,0.0,0.0
202503,전북특별자치도,현지인방문자(a),31238130.0,0.0,0.0
202503,서울특별시,현지인방문자(a),136587780.0,0.0,0.0
202503,강원특별자치도,현지인방문자(a),31767012.0,0.0,0.0
202503,제주특별자치도,현지인방문자(a),17575278.0,0.0,0.0
202503,경상남도,현지인방문자(a),52023156.0,0.0,0.0
202503,경상북도,현지인방문자(a),42628954.0,0.0,0.0
202503,전라남도,현지인방문자(a),30963922.0,0.0,0.0
202503,충청남도,현지인방문자(a),32422880.0,0.0,0.0
202503,충청북도,현지인방문자(a),23373704.0,0.0,0.0
202503,경기도,현지인방문자(a),194426281.0,0.0,0.0
202503,세종특별자치시,현지인방문자(a),5967857.0,0.0,0.0
202503,울산광역시,현지인방문자(a),16857068.0,0.0,0.0
202503,대전광역시,현지인방문자(a),21411366.0,0.0,0.0
202503,광주광역시,현지인방문자(a),20970943.0,0.0,0.0
202503,인천광역시,현지인방문자(a),41420904.0,0.0,0.0
202503,대구광역시,현지인방문자(a),35849888.0,0.0,0.0
202503,부산광역시,현지인방문자(a),44351912.0,0.0,0.0
202504,광주광역시,외지인방문자(b),4960490.0,0.0,0.0
202504,서울특별시,외지인방문자(b),46523312.0,0.0,0.0
202504,부산광역시,외지인방문자(b),10887390.0,0.0,0.0
202504,대구광역시,외지인방문자(b),7956084.0,0.0,0.0
202504,인천광역시,외지인방문자(b),13153802.0,0.0,0.0
202504,대전광역시,외지인방문자(b),6651666.0,0.0,0.0
202504,충청북도,외지인방문자(b),9296430.0,0.0,0.0
202504,전북특별자치도,외지인방문자(b),7384286.0,0.0,0.0
202504,강원특별자치도,외지인방문자(b),9577078.0,0.0,0.0
202504,제주특별자치도,외지인방문자(b),4488715.0,0.0,0.0
202504,경상남도,외지인방문자(b),12217548.0,0.0,0.0
202504,경상북도,외지인방문자(b),13674644.0,0.0,0.0
202504,전라남도,외지인방문자(b),10244154.0,0.0,0.0
202504,충청남도,외지인방문자(b),13381154.0,0.0,0.0
202504,경기도,외지인방문자(b),48216364.0,0.0,0.0
202504,울산광역시,외지인방문자(b),3717553.0,0.0,0.0
202504,세종특별자치시,외지인방문자(b),2242636.0,0.0,0.0
202504,대전광역시,전체방문자(a+b),27966774.0,0.0,0.0
202504,서울특별시,전체방문자(a+b),182140892.0,0.0,0.0
202504,부산광역시,전체방문자(a+b),54886566.0,0.0,0.0
202504,대구광역시,전체방문자(a+b),43485645.0,0.0,0.0
202504,인천광역시,전체방문자(a+b),53950484.0,0.0,0.0
202504,광주광역시,전체방문자(a+b),25794489.0,0.0,0.0
202504,전북특별자치도,전체방문자(a+b),38300521.0,0.0,0.0
202504,강원특별자치도,전체방문자(a+b),40867043.0,0.0,0.0
202504,제주특별자치도,전체방문자(a+b),21712386.0,0.0,0.0
202504,경상남도,전체방문자(a+b),63368386.0,0.0,0.0
202504,경상북도,전체방문자(a+b),56319543.0,0.0,0.0
202504,전라남도,전체방문자(a+b),40935482.0,0.0,0.0
202504,충청남도,전체방문자(a+b),47180122.0,0.0,0.0
202504,충청북도,전체방문자(a+b),33339110.0,0.0,0.0
202504,경기도,전체방문자(a+b),242175706.0,0.0,0.0
202504,세종특별자치시,전체방문자(a+b),8170659.0,0.0,0.0
202504,울산광역시,전체방문자(a+b),20607650.0,0.0,0.0
202504,경상북도,현지인방문자(a),42644900.0,0.0,0.0
202504,전북특별자치도,현지인방문자(a),30916235.0,0.0,0.0
202504,대전광역시,현지인방문자(a),21315108.0,0.0,0.0
202504,강원특별자치도,현지인방문자(a),31289965.0,0.0,0.0
202504,제주특별자치도,현지인방문자(a),17223672.0,0.0,0.0
202504,광주광역시,현지인방문자(a),20833998.0,0.0,0.0
202504,경상남도,현지인방문자(a),51150838.0,0.0,0.0
202504,세종특별자치시,현지인방문자(a),5928024.0,0.0,0.0
202504,경기도,현지인방문자(a),193959342.0,0.0,0.0
202504,인천광역시,현지인방문자(a),40796682.0,0.0,0.0
202504,전라남도,현지인방문자(a),30691328.0,0.0,0.0
202504,충청남도,현지인방문자(a),33798968.0,0.0,0.0
202504,울산광역시,현지인방문자(a),16890097.0,0.0,0.0
202504,충청북도,현지인방문자(a),24042680.0,0.0,0.0
202504,서울특별시,현지인방문자(a),135617580.0,0.0,0.0
202504,대구광역시,현지인방문자(a),35529560.0,0.0,0.0
202504,부산광역시,현지인방문자(a),43999176.0,0.0,0.0
202505,서울특별시,외지인방문자(b),58571541.0,0.0,0.0
202505,경기도,외지인방문자(b),64063209.0,0.0,0.0
202505,전북특별자치도,외지인방문자(b),10200606.0,0.0,0.0
202505,강원특별자치도,외지인방문자(b),14326288.0,0.0,0.0
202505,제주특별자치도,외지인방문자(b),5287975.0,0.0,0.0
202505,경상남도,외지인방문자(b),16480516.0,0.0,0.0
202505,경상북도,외지인방문자(b),17858897.0,0.0,0.0
202505,전라남도,외지인방문자(b),13199032.0,0.0,0.0
202505,충청남도,외지인방문자(b),16634100.0,0.0,0.0
202505,충청북도,외지인방문자(b),11701610.0,0.0,0.0
202505,세종특별자치시,외지인방문자(b),2863542.0,0.0,0.0
202505,울산광역시,외지인방문자(b),4965352.0,0.0,0.0
202505,광주광역시,외지인방문자(b),6777337.0,0.0,0.0
202505,부산광역시,외지인방문자(b),14881668.0,0.0,0.0
202505,인천광역시,외지인방문자(b),17314686.0,0.0,0.0
202505,대전광역시,외지인방문자(b),8580282.0,0.0,0.0
202505,대구광역시,외지인방문자(b),10831156.0,0.0,0.0
202505,대구광역시,전체방문자(a+b),48148132.0,0.0,0.0
202505,인천광역시,전체방문자(a+b),60637518.0,0.0,0.0
202505,광주광역시,전체방문자(a+b),28731619.0,0.0,0.0
202505,대전광역시,전체방문자(a+b),31414775.0,0.0,0.0
202505,경기도,전체방문자(a+b),269018404.0,0.0,0.0
202505,부산광역시,전체방문자(a+b),61508464.0,0.0,0.0
202505,서울특별시,전체방문자(a+b),200756346.0,0.0,0.0
202505,전북특별자치도,전체방문자(a+b),42985730.0,0.0,0.0
202505,강원특별자치도,전체방문자(a+b),47596776.0,0.0,0.0
202505,제주특별자치도,전체방문자(a+b),23336887.0,0.0,0.0
202505,경상남도,전체방문자(a+b),69842619.0,0.0,0.0
202505,경상북도,전체방문자(a+b),62826340.0,0.0,0.0
202505,전라남도,전체방문자(a+b),45548041.0,0.0,0.0
202505,충청남도,전체방문자(a+b),52746838.0,0.0,0.0
202505,충청북도,전체방문자(a+b),37647768.0,0.0,0.0
202505,세종특별자치시,전체방문자(a+b),9322789.0,0.0,0.0
202505,울산광역시,전체방문자(a+b),22602664.0,0.0,0.0
202505,전라남도,현지인방문자(a),32349009.0,0.0,0.0
202505,서울특별시,현지인방문자(a),142184805.0,0.0,0.0
202505,전북특별자치도,현지인방문자(a),32785123.0,0.0,0.0
202505,부산광역시,현지인방문자(a),46626797.0,0.0,0.0
202505,강원특별자치도,현지인방문자(a),33270489.0,0.0,0.0
202505,제주특별자치도,현지인방문자(a),18048912.0,0.0,0.0
202505,대구광역시,현지인방문자(a),37316976.0,0.0,0.0
202505,경상남도,현지인방문자(a),53362102.0,0.0,0.0
202505,경상북도,현지인방문자(a),44967444.0,0.0,0.0
202505,인천광역시,현지인방문자(a),43322832.0,0.0,0.0
202505,충청남도,현지인방문자(a),36112738.0,0.0,0.0
202505,광주광역시,현지인방문자(a),21954282.0,0.0,0.0
202505,충청북도,현지인방문자(a),25946158.0,0.0,0.0
202505,경기도,현지인방문자(a),204955194.0,0.0,0.0
202505,세종특별자치시,현지인방문자(a),6459246.0,0.0,0.0
202505,대전광역시,현지인방문자(a),22834494.0,0.0,0.0
202505,울산광역시,현지인방문자(a),17637312.0,0.0,0.0
202506,전북특별자치도,외지인방문자(b),7956322.0,0.0,0.0
202506,전라남도,외지인방문자(b),10468944.0,0.0,0.0
202506,대구광역시,외지인방문자(b),8905631.0,0.0,0.0
202506,부산광역시,외지인방문자(b),12654750.0,0.0,0.0
202506,서울특별시,외지인방문자(b),51055210.0,0.0,0.0
202506,경기도,외지인방문자(b),53838260.0,0.0,0.0
202506,인천광역시,외지인방문자(b),15115940.0,0.0,0.0
202506,충청북도,외지인방문자(b),9968746.0,0.0,0.0
202506,충청남도,외지인방문자(b),13540062.0,0.0,0.0
202506,광주광역시,외지인방문자(b),5588569.0,0.0,0.0
202506,경상북도,외지인방문자(b),14884247.0,0.0,0.0
202506,대전광역시,외지인방문자(b),7276700.0,0.0,0.0
202506,경상남도,외지인방문자(b),13076816.0,0.0,0.0
202506,제주특별자치도,외지인방문자(b),4781322.0,0.0,0.0
202506,울산광역시,외지인방문자(b),4249840.0,0.0,0.0
202506,강원특별자치도,외지인방문자(b),12584078.0,0.0,0.0
202506,세종특별자치시,외지인방문자(b),2409796.0,0.0,0.0
202506,세종특별자치시,전체방문자(a+b),8930918.0,0.0,0.0
202506,울산광역시,전체방문자(a+b),21653944.0,0.0,0.0
202506,서울특별시,전체방문자(a+b),192023209.0,0.0,0.0
202506,부산광역시,전체방문자(a+b),58633368.0,0.0,0.0
202506,대구광역시,전체방문자(a+b),45937280.0,0.0,0.0
202506,대전광역시,전체방문자(a+b),30293900.0,0.0,0.0
202506,광주광역시,전체방문자(a+b),27455642.0,0.0,0.0
202506,인천광역시,전체방문자(a+b),57316564.0,0.0,0.0
202506,경기도,전체방문자(a+b),254648874.0,0.0,0.0
202506,충청북도,전체방문자(a+b),35545136.0,0.0,0.0
202506,충청남도,전체방문자(a+b),49329287.0,0.0,0.0
202506,전라남도,전체방문자(a+b),42205891.0,0.0,0.0
202506,경상북도,전체방문자(a+b),59216420.0,0.0,0.0
202506,경상남도,전체방문자(a+b),65436924.0,0.0,0.0
202506,제주특별자치도,전체방문자(a+b),22385318.0,0.0,0.0
202506,강원특별자치도,전체방문자(a+b),45019597.0,0.0,0.0
202506,전북특별자치도,전체방문자(a+b),40162640.0,0.0,0.0
202506,대전광역시,현지인방문자(a),23017200.0,0.0,0.0
202506,충청북도,현지인방문자(a),25576390.0,0.0,0.0
202506,광주광역시,현지인방문자(a),21867072.0,0.0,0.0
202506,울산광역시,현지인방문자(a),17404104.0,0.0,0.0
202506,인천광역시,현지인방문자(a),42200624.0,0.0,0.0
202506,세종특별자치시,현지인방문자(a),6521123.0,0.0,0.0
202506,대구광역시,현지인방문자(a),37031648.0,0.0,0.0
202506,부산광역시,현지인방문자(a),45978618.0,0.0,0.0
202506,경기도,현지인방문자(a),200810614.0,0.0,0.0
202506,충청남도,현지인방문자(a),35789226.0,0.0,0.0
202506,전라남도,현지인방문자(a),31736946.0,0.0,0.0
202506,경상북도,현지인방문자(a),44332172.0,0.0,0.0
202506,경상남도,현지인방문자(a),52360108.0,0.0,0.0
202506,제주특별자치도,현지인방문자(a),17603996.0,0.0,0.0
202506,강원특별자치도,현지인방문자(a),32435518.0,0.0,0.0
202506,전북특별자치도,현지인방문자(a),32206318.0,0.0,0.0
202506,서울특별시,현지인방문자(a),140967998.0,0.0,0.0
202507,전북특별자치도,외지인방문자(b),8314058.0,0.0,0.0
202507,울산광역시,외지인방문자(b),4603697.0,0.0,0.0
202507,세종특별자치시,외지인방문자(b),2489851.0,0.0,0.0
202507,경기도,외지인방문자(b),57472919.0,0.0,0.0
202507,대전광역시,외지인방문자(b),7589477.0,0.0,0.0
202507,충청북도,외지인방문자(b),10399942.0,0.0,0.0
202507,광주광역시,외지인방문자(b),6081985.0,0.0,0.0
202507,충청남도,외지인방문자(b),13992657.0,0.0,0.0
202507,전라남도,외지인방문자(b),10972748.0,0.0,0.0
202507,인천광역시,외지인방문자(b),15845417.0,0.0,0.0
202507,경상북도,외지인방문자(b),15742506.0,0.0,0.0
202507,대구광역시,외지인방문자(b),9441796.0,0.0,0.0
202507,경상남도,외지인방문자(b),14177586.0,0.0,0.0
202507,서울특별시,외지인방문자(b),54141650.0,0.0,0.0
202507,제주특별자치도,외지인방문자(b),5423733.0,0.0,0.0
202507,부산광역시,외지인방문자(b),13879274.0,0.0,0.0
202507,강원특별자치도,외지인방문자(b),15020740.0,0.0,0.0
202507,전라남도,전체방문자(a+b),43809451.0,0.0,0.0
202507,서울특별시,전체방문자(a+b),202948690.0,0.0,0.0
202507,부산광역시,전체방문자(a+b),61647684.0,0.0,0.0
202507,대구광역시,전체방문자(a+b),47500250.0,0.0,0.0
202507,인천광역시,전체방문자(a+b),60726068.0,0.0,0.0
202507,광주광역시,전체방문자(a+b),28485436.0,0.0,0.0
202507,대전광역시,전체방문자(a+b),30701496.0,0.0,0.0
202507,울산광역시,전체방문자(a+b),22658920.0,0.0,0.0
202507,세종특별자치시,전체방문자(a+b),9095852.0,0.0,0.0
202507,경기도,전체방문자(a+b),269238308.0,0.0,0.0
202507,충청북도,전체방문자(a+b),36436785.0,0.0,0.0
202507,전북특별자치도,전체방문자(a+b),41346389.0,0.0,0.0
202507,강원특별자치도,전체방문자(a+b),48755178.0,0.0,0.0
202507,제주특별자치도,전체방문자(a+b),23665264.0,0.0,0.0
202507,경상남도,전체방문자(a+b),69011702.0,0.0,0.0
202507,경상북도,전체방문자(a+b),61332579.0,0.0,0.0
202507,충청남도,전체방문자(a+b),50220149.0,0.0,0.0
202507,세종특별자치시,현지인방문자(a),6606002.0,0.0,0.0
202507,경상남도,현지인방문자(a),54834115.0,0.0,0.0
202507,서울특별시,현지인방문자(a),148807040.0,0.0,0.0
202507,경기도,현지인방문자(a),211765390.0,0.0,0.0
202507,전북특별자치도,현지인방문자(a),33032332.0,0.0,0.0
202507,충청북도,현지인방문자(a),26036843.0,0.0,0.0
202507,강원특별자치도,현지인방문자(a),33734438.0,0.0,0.0
202507,충청남도,현지인방문자(a),36227492.0,0.0,0.0
202507,전라남도,현지인방문자(a),32836702.0,0.0,0.0
202507,제주특별자치도,현지인방문자(a),18241531.0,0.0,0.0
202507,경상북도,현지인방문자(a),45590072.0,0.0,0.0
202507,대구광역시,현지인방문자(a),38058454.0,0.0,0.0
202507,부산광역시,현지인방문자(a),47768410.0,0.0,0.0
202507,울산광역시,현지인방문자(a),18055222.0,0.0,0.0
202507,인천광역시,현지인방문자(a),44880650.0,0.0,0.0
202507,대전광역시,현지인방문자(a),23112019.0,0.0,0.0
202507,광주광역시,현지인방문자(a),22403451.0,0.0,0.0
202508,대구광역시,외지인방문자(b),9678942.0,0.0,0.0
202508,강원특별자치도,외지인방문자(b),18293898.0,0.0,0.0
202508,전북특별자치도,외지인방문자(b),9399484.0,0.0,0.0
202508,서울특별시,외지인방문자(b),51745726.0,0.0,0.0
202508,부산광역시,외지인방문자(b),14639538.0,0.0,0.0
202508,경기도,외지인방문자(b),56973802.0,0.0,0.0
202508,인천광역시,외지인방문자(b),16161579.0,0.0,0.0
202508,광주광역시,외지인방문자(b),6110727.0,0.0,0.0
202508,대전광역시,외지인방문자(b),7848246.0,0.0,0.0
202508,울산광역시,외지인방문자(b),4643642.0,0.0,0.0
202508,세종특별자치시,외지인방문자(b),2605267.0,0.0,0.0
202508,충청남도,외지인방문자(b),16535452.0,0.0,0.0
202508,제주특별자치도,외지인방문자(b),5782984.0,0.0,0.0
202508,경상남도,외지인방문자(b),15244355.0,0.0,0.0
202508,충청북도,외지인방문자(b),11401537.0,0.0,0.0
202508,경상북도,외지인방문자(b),17657910.0,0.0,0.0
202508,전라남도,외지인방문자(b),12199166.0,0.0,0.0
202508,경상남도,전체방문자(a+b),68980681.0,0.0,0.0
202508,강원특별자치도,전체방문자(a+b),51402894.0,0.0,0.0
202508,전북특별자치도,전체방문자(a+b),41863392.0,0.0,0.0
202508,충청남도,전체방문자(a+b),52512596.0,0.0,0.0
202508,충청북도,전체방문자(a+b),36964676.0,0.0,0.0
202508,경기도,전체방문자(a+b),264550034.0,0.0,0.0
202508,세종특별자치시,전체방문자(a+b),9237644.0,0.0,0.0
202508,울산광역시,전체방문자(a+b),22392402.0,0.0,0.0
202508,대전광역시,전체방문자(a+b),30468694.0,0.0,0.0
202508,광주광역시,전체방문자(a+b),28178066.0,0.0,0.0
202508,인천광역시,전체방문자(a+b),59764526.0,0.0,0.0
202508,대구광역시,전체방문자(a+b),46902090.0,0.0,0.0
202508,부산광역시,전체방문자(a+b),61508548.0,0.0,0.0
202508,서울특별시,전체방문자(a+b),195235670.0,0.0,0.0
202508,전라남도,전체방문자(a+b),44301271.0,0.0,0.0
202508,경상북도,전체방문자(a+b),62390206.0,0.0,0.0
202508,제주특별자치도,전체방문자(a+b),23694430.0,0.0,0.0
202508,인천광역시,현지인방문자(a),43602948.0,0.0,0.0
202508,충청남도,현지인방문자(a),35977144.0,0.0,0.0
202508,경기도,현지인방문자(a),207576232.0,0.0,0.0
202508,전라남도,현지인방문자(a),32102105.0,0.0,0.0
202508,세종특별자치시,현지인방문자(a),6632378.0,0.0,0.0
202508,울산광역시,현지인방문자(a),17748759.0,0.0,0.0
202508,충청북도,현지인방문자(a),25563139.0,0.0,0.0
202508,대전광역시,현지인방문자(a),22620448.0,0.0,0.0
202508,광주광역시,현지인방문자(a),22067339.0,0.0,0.0
202508,경상북도,현지인방문자(a),44732296.0,0.0,0.0
202508,강원특별자치도,현지인방문자(a),33108996.0,0.0,0.0
202508,대구광역시,현지인방문자(a),37223148.0,0.0,0.0
202508,경상남도,현지인방문자(a),53736326.0,0.0,0.0
202508,부산광역시,현지인방문자(a),46869011.0,0.0,0.0
202508,서울특별시,현지인방문자(a),143489944.0,0.0,0.0
202508,제주특별자치도,현지인방문자(a),17911446.0,0.0,0.0
202508,전북특별자치도,현지인방문자(a),32463907.0,0.0,0.0
202509,인천광역시,외지인방문자(b),15393626.0,0.0,0.0
202509,서울특별시,외지인방문자(b),54009456.0,0.0,0.0
202509,전북특별자치도,외지인방문자(b),7971775.0,0.0,0.0
202509,강원특별자치도,외지인방문자(b),10976266.0,0.0,0.0
202509,제주특별자치도,외지인방문자(b),4841711.0,0.0,0.0
202509,경상남도,외지인방문자(b),12865738.0,0.0,0.0
202509,경상북도,외지인방문자(b),15235038.0,0.0,0.0
202509,전라남도,외지인방문자(b),9819310.0,0.0,0.0
202509,충청남도,외지인방문자(b),15404784.0,0.0,0.0
202509,충청북도,외지인방문자(b),10605234.0,0.0,0.0
202509,경기도,외지인방문자(b),54202012.0,0.0,0.0
202509,세종특별자치시,외지인방문자(b),2557275.0,0.0,0.0
202509,울산광역시,외지인방문자(b),4246564.0,0.0,0.0
202509,대전광역시,외지인방문자(b),7691190.0,0.0,0.0
202509,광주광역시,외지인방문자(b),5817150.0,0.0,0.0
202509,부산광역시,외지인방문자(b),12990422.0,0.0,0.0
202509,대구광역시,외지인방문자(b),9062876.0,0.0,0.0
202509,서울특별시,전체방문자(a+b),200858616.0,0.0,0.0
202509,광주광역시,전체방문자(a+b),28452592.0,0.0,0.0
202509,부산광역시,전체방문자(a+b),60627192.0,0.0,0.0
202509,대구광역시,전체방문자(a+b),46412079.0,0.0,0.0
202509,인천광역시,전체방문자(a+b),59411642.0,0.0,0.0
202509,대전광역시,전체방문자(a+b),30908728.0,0.0,0.0
202509,울산광역시,전체방문자(a+b),22593277.0,0.0,0.0
202509,세종특별자치시,전체방문자(a+b),9173738.0,0.0,0.0
202509,경기도,전체방문자(a+b),263710146.0,0.0,0.0
202509,충청북도,전체방문자(a+b),36352284.0,0.0,0.0
202509,충청남도,전체방문자(a+b),51050818.0,0.0,0.0
202509,전라남도,전체방문자(a+b),42605388.0,0.0,0.0
202509,경상북도,전체방문자(a+b),60661286.0,0.0,0.0
202509,경상남도,전체방문자(a+b),68326954.0,0.0,0.0
202509,제주특별자치도,전체방문자(a+b),22722259.0,0.0,0.0
202509,강원특별자치도,전체방문자(a+b),43815572.0,0.0,0.0
202509,전북특별자치도,전체방문자(a+b),40880332.0,0.0,0.0
202509,부산광역시,현지인방문자(a),47636771.0,0.0,0.0
202509,서울특별시,현지인방문자(a),146849160.0,0.0,0.0
202509,전북특별자치도,현지인방문자(a),32908558.0,0.0,0.0
202509,울산광역시,현지인방문자(a),18346713.0,0.0,0.0
202509,강원특별자치도,현지인방문자(a),32839306.0,0.0,0.0
202509,제주특별자치도,현지인방문자(a),17880548.0,0.0,0.0
202509,대구광역시,현지인방문자(a),37349204.0,0.0,0.0
202509,경상남도,현지인방문자(a),55461217.0,0.0,0.0
202509,인천광역시,현지인방문자(a),44018016.0,0.0,0.0
202509,세종특별자치시,현지인방문자(a),6616463.0,0.0,0.0
202509,대전광역시,현지인방문자(a),23217537.0,0.0,0.0
202509,경기도,현지인방문자(a),209508134.0,0.0,0.0
202509,충청북도,현지인방문자(a),25747050.0,0.0,0.0
202509,광주광역시,현지인방문자(a),22635442.0,0.0,0.0
202509,충청남도,현지인방문자(a),35646034.0,0.0,0.0
202509,경상북도,현지인방문자(a),45426248.0,0.0,0.0
202509,전라남도,현지인방문자(a),32786078.0,0.0,0.0
202510,전북특별자치도,외지인방문자(b),11491386.0,0.0,0.0
202510,강원특별자치도,외지인방문자(b),15613846.0,0.0,0.0
202510,제주특별자치도,외지인방문자(b),5905109.0,0.0,0.0
202510,경상남도,외지인방문자(b),17743358.0,0.0,0.0
202510,경상북도,외지인방문자(b),20209777.0,0.0,0.0
202510,전라남도,외지인방문자(b),15113644.0,0.0,0.0
202510,충청남도,외지인방문자(b),18236568.0,0.0,0.0
202510,충청북도,외지인방문자(b),12560180.0,0.0,0.0
202510,경기도,외지인방문자(b),60667824.0,0.0,0.0
202510,세종특별자치시,외지인방문자(b),2787890.0,0.0,0.0
202510,울산광역시,외지인방문자(b),5081713.0,0.0,0.0
202510,대전광역시,외지인방문자(b),8235178.0,0.0,0.0
202510,광주광역시,외지인방문자(b),6892697.0,0.0,0.0
202510,인천광역시,외지인방문자(b),17471072.0,0.0,0.0
202510,대구광역시,외지인방문자(b),11060637.0,0.0,0.0
202510,부산광역시,외지인방문자(b),15551704.0,0.0,0.0
202510,서울특별시,외지인방문자(b),52697897.0,0.0,0.0
202510,세종특별자치시,전체방문자(a+b),9170077.0,0.0,0.0
202510,강원특별자치도,전체방문자(a+b),48151792.0,0.0,0.0
202510,충청북도,전체방문자(a+b),37807738.0,0.0,0.0
202510,경기도,전체방문자(a+b),264920310.0,0.0,0.0
202510,충청남도,전체방문자(a+b),52856304.0,0.0,0.0
202510,울산광역시,전체방문자(a+b),23075440.0,0.0,0.0
202510,전라남도,전체방문자(a+b),47227159.0,0.0,0.0
202510,대전광역시,전체방문자(a+b),30660354.0,0.0,0.0
202510,경상북도,전체방문자(a+b),64492232.0,0.0,0.0
202510,경상남도,전체방문자(a+b),72678438.0,0.0,0.0
202510,제주특별자치도,전체방문자(a+b),23839473.0,0.0,0.0
202510,전북특별자치도,전체방문자(a+b),43922571.0,0.0,0.0
202510,서울특별시,전체방문자(a+b),194028863.0,0.0,0.0
202510,광주광역시,전체방문자(a+b),29278588.0,0.0,0.0
202510,인천광역시,전체방문자(a+b),60763605.0,0.0,0.0
202510,대구광역시,전체방문자(a+b),48229496.0,0.0,0.0
202510,부산광역시,전체방문자(a+b),63535504.0,0.0,0.0
202510,전북특별자치도,현지인방문자(a),32431186.0,0.0,0.0
202510,인천광역시,현지인방문자(a),43292532.0,0.0,0.0
202510,경기도,현지인방문자(a),204252486.0,0.0,0.0
202510,충청북도,현지인방문자(a),25247558.0,0.0,0.0
202510,충청남도,현지인방문자(a),34619736.0,0.0,0.0
202510,전라남도,현지인방문자(a),32113515.0,0.0,0.0
202510,경상북도,현지인방문자(a),44282455.0,0.0,0.0
202510,경상남도,현지인방문자(a),54935080.0,0.0,0.0
202510,제주특별자치도,현지인방문자(a),17934364.0,0.0,0.0
202510,강원특별자치도,현지인방문자(a),32537946.0,0.0,0.0
202510,세종특별자치시,현지인방문자(a),6382187.0,0.0,0.0
202510,울산광역시,현지인방문자(a),17993728.0,0.0,0.0
202510,대전광역시,현지인방문자(a),22425176.0,0.0,0.0
202510,광주광역시,현지인방문자(a),22385892.0,0.0,0.0
202510,대구광역시,현지인방문자(a),37168859.0,0.0,0.0
202510,부산광역시,현지인방문자(a),47983800.0,0.0,0.0
202510,서울특별시,현지인방문자(a),141330966.0,0.0,0.0
202511,전라남도,외지인방문자(b),10697522.0,0.0,0.0
202511,경기도,외지인방문자(b),54842274.0,0.0,0.0
202511,전북특별자치도,외지인방문자(b),8734796.0,0.0,0.0
202511,강원특별자치도,외지인방문자(b),10941196.0,0.0,0.0
202511,충청북도,외지인방문자(b),10775572.0,0.0,0.0
202511,제주특별자치도,외지인방문자(b),4999656.0,0.0,0.0
202511,경상남도,외지인방문자(b),13336421.0,0.0,0.0
202511,충청남도,외지인방문자(b),14976101.0,0.0,0.0
202511,경상북도,외지인방문자(b),15639757.0,0.0,0.0
202511,세종특별자치시,외지인방문자(b),2528068.0,0.0,0.0
202511,울산광역시,외지인방문자(b),4393326.0,0.0,0.0
202511,대전광역시,외지인방문자(b),7559122.0,0.0,0.0
202511,서울특별시,외지인방문자(b),54363256.0,0.0,0.0
202511,광주광역시,외지인방문자(b),5623460.0,0.0,0.0
202511,인천광역시,외지인방문자(b),15135110.0,0.0,0.0
202511,부산광역시,외지인방문자(b),13006564.0,0.0,0.0
202511,대구광역시,외지인방문자(b),8954046.0,0.0,0.0
202511,경상북도,전체방문자(a+b),61140933.0,0.0,0.0
202511,서울특별시,전체방문자(a+b),200319172.0,0.0,0.0
202511,부산광역시,전체방문자(a+b),61020348.0,0.0,0.0
202511,대구광역시,전체방문자(a+b),46716670.0,0.0,0.0
202511,전라남도,전체방문자(a+b),43462916.0,0.0,0.0
202511,충청남도,전체방문자(a+b),50858840.0,0.0,0.0
202511,충청북도,전체방문자(a+b),36860740.0,0.0,0.0
202511,경기도,전체방문자(a+b),262981677.0,0.0,0.0
202511,세종특별자치시,전체방문자(a+b),9241393.0,0.0,0.0
202511,울산광역시,전체방문자(a+b),22591828.0,0.0,0.0
202511,대전광역시,전체방문자(a+b),31196305.0,0.0,0.0
202511,광주광역시,전체방문자(a+b),28626696.0,0.0,0.0
202511,인천광역시,전체방문자(a+b),59102841.0,0.0,0.0
202511,제주특별자치도,전체방문자(a+b),22989652.0,0.0,0.0
202511,경상남도,전체방문자(a+b),68140324.0,0.0,0.0
202511,전북특별자치도,전체방문자(a+b),41886208.0,0.0,0.0
202511,강원특별자치도,전체방문자(a+b),43691106.0,0.0,0.0
202511,서울특별시,현지인방문자(a),145955915.0,0.0,0.0
202511,경기도,현지인방문자(a),208139404.0,0.0,0.0
202511,전라남도,현지인방문자(a),32765394.0,0.0,0.0
202511,부산광역시,현지인방문자(a),48013784.0,0.0,0.0
202511,충청남도,현지인방문자(a),35882738.0,0.0,0.0
202511,대구광역시,현지인방문자(a),37762624.0,0.0,0.0
202511,인천광역시,현지인방문자(a),43967732.0,0.0,0.0
202511,충청북도,현지인방문자(a),26085168.0,0.0,0.0
202511,광주광역시,현지인방문자(a),23003236.0,0.0,0.0
202511,대전광역시,현지인방문자(a),23637184.0,0.0,0.0
202511,울산광역시,현지인방문자(a),18198502.0,0.0,0.0
202511,세종특별자치시,현지인방문자(a),6713326.0,0.0,0.0
202511,경상남도,현지인방문자(a),54803903.0,0.0,0.0
202511,제주특별자치도,현지인방문자(a),17989996.0,0.0,0.0
202511,강원특별자치도,현지인방문자(a),32749910.0,0.0,0.0
202511,전북특별자치도,현지인방문자(a),33151412.0,0.0,0.0
202511,경상북도,현지인방문자(a),45501176.0,0.0,0.0
202512,강원특별자치도,외지인방문자(b),10625867.0,0.0,0.0
202512,제주특별자치도,외지인방문자(b),4895485.0,0.0,0.0
202512,경상남도,외지인방문자(b),12601638.0,0.0,0.0
202512,경상북도,외지인방문자(b),13758563.0,0.0,0.0
202512,전라남도,외지인방문자(b),9769798.0,0.0,0.0
202512,충청남도,외지인방문자(b),13301463.0,0.0,0.0
202512,충청북도,외지인방문자(b),9047230.0,0.0,0.0
202512,경기도,외지인방문자(b),53716334.0,0.0,0.0
202512,세종특별자치시,외지인방문자(b),2503879.0,0.0,0.0
202512,울산광역시,외지인방문자(b),4230695.0,0.0,0.0
202512,대전광역시,외지인방문자(b),7623630.0,0.0,0.0
202512,광주광역시,외지인방문자(b),5967899.0,0.0,0.0
202512,인천광역시,외지인방문자(b),15176378.0,0.0,0.0
202512,대구광역시,외지인방문자(b),9380970.0,0.0,0.0
202512,부산광역시,외지인방문자(b),13564702.0,0.0,0.0
202512,서울특별시,외지인방문자(b),55364449.0,0.0,0.0
202512,전북특별자치도,외지인방문자(b),7356657.0,0.0,0.0
202512,강원특별자치도,전체방문자(a+b),43954376.0,0.0,0.0
202512,전북특별자치도,전체방문자(a+b),40736017.0,0.0,0.0
202512,제주특별자치도,전체방문자(a+b),23265106.0,0.0,0.0
202512,경상남도,전체방문자(a+b),68605478.0,0.0,0.0
202512,경상북도,전체방문자(a+b),59382180.0,0.0,0.0
202512,전라남도,전체방문자(a+b),42768698.0,0.0,0.0
202512,충청남도,전체방문자(a+b),49733005.0,0.0,0.0
202512,경기도,전체방문자(a+b),263611131.0,0.0,0.0
202512,서울특별시,전체방문자(a+b),201357233.0,0.0,0.0
202512,부산광역시,전체방문자(a+b),62173391.0,0.0,0.0
202512,충청북도,전체방문자(a+b),35221634.0,0.0,0.0
202512,대구광역시,전체방문자(a+b),47745957.0,0.0,0.0
202512,인천광역시,전체방문자(a+b),59782590.0,0.0,0.0
202512,광주광역시,전체방문자(a+b),29280142.0,0.0,0.0
202512,대전광역시,전체방문자(a+b),31480309.0,0.0,0.0
202512,울산광역시,전체방문자(a+b),22773646.0,0.0,0.0
202512,세종특별자치시,전체방문자(a+b),9232293.0,0.0,0.0
202512,경상남도,현지인방문자(a),56003840.0,0.0,0.0
202512,대전광역시,현지인방문자(a),23856679.0,0.0,0.0
202512,울산광역시,현지인방문자(a),18542951.0,0.0,0.0
202512,광주광역시,현지인방문자(a),23312244.0,0.0,0.0
202512,세종특별자치시,현지인방문자(a),6728414.0,0.0,0.0
202512,인천광역시,현지인방문자(a),44606212.0,0.0,0.0
202512,경기도,현지인방문자(a),209894797.0,0.0,0.0
202512,대구광역시,현지인방문자(a),38364988.0,0.0,0.0
202512,충청북도,현지인방문자(a),26174404.0,0.0,0.0
202512,부산광역시,현지인방문자(a),48608690.0,0.0,0.0
202512,충청남도,현지인방문자(a),36431542.0,0.0,0.0
202512,서울특별시,현지인방문자(a),145992784.0,0.0,0.0
202512,전라남도,현지인방문자(a),32998900.0,0.0,0.0
202512,경상북도,현지인방문자(a),45623616.0,0.0,0.0
202512,제주특별자치도,현지인방문자(a),18369620.0,0.0,0.0
202512,강원특별자치도,현지인방문자(a),33328508.0,0.0,0.0
202512,전북특별자치도,현지인방문자(a),33379360.0,0.0,0.0
202601,대전광역시,외지인방문자(b),7477407.0,0.0,0.0
202601,울산광역시,외지인방문자(b),4152330.0,0.0,0.0
202601,전북특별자치도,외지인방문자(b),7421950.0,0.0,0.0
202601,강원특별자치도,외지인방문자(b),11619538.0,0.0,0.0
202601,제주특별자치도,외지인방문자(b),5208343.0,0.0,0.0
202601,경상남도,외지인방문자(b),12572273.0,0.0,0.0
202601,경상북도,외지인방문자(b),13671004.0,0.0,0.0
202601,전라남도,외지인방문자(b),9158874.0,0.0,0.0
202601,충청남도,외지인방문자(b),12366858.0,0.0,0.0
202601,충청북도,외지인방문자(b),8585626.0,0.0,0.0
202601,경기도,외지인방문자(b),52168767.0,0.0,0.0
202601,세종특별자치시,외지인방문자(b),2434946.0,0.0,0.0
202601,광주광역시,외지인방문자(b),5800204.0,0.0,0.0
202601,부산광역시,외지인방문자(b),13501618.0,0.0,0.0
202601,서울특별시,외지인방문자(b),51867977.0,0.0,0.0
202601,인천광역시,외지인방문자(b),15184813.0,0.0,0.0
202601,대구광역시,외지인방문자(b),9258032.0,0.0,0.0
202601,전북특별자치도,전체방문자(a+b),39014140.0,0.0,0.0
202601,제주특별자치도,전체방문자(a+b),22862416.0,0.0,0.0
202601,경상남도,전체방문자(a+b),66206836.0,0.0,0.0
202601,경상북도,전체방문자(a+b),56432894.0,0.0,0.0
202601,전라남도,전체방문자(a+b),40355578.0,0.0,0.0
202601,충청남도,전체방문자(a+b),46681008.0,0.0,0.0
202601,충청북도,전체방문자(a+b),33261165.0,0.0,0.0
202601,경기도,전체방문자(a+b),253377386.0,0.0,0.0
202601,세종특별자치시,전체방문자(a+b),8834332.0,0.0,0.0
202601,울산광역시,전체방문자(a+b),21759185.0,0.0,0.0
202601,대전광역시,전체방문자(a+b),30005104.0,0.0,0.0
202601,광주광역시,전체방문자(a+b),28061652.0,0.0,0.0
202601,인천광역시,전체방문자(a+b),57773100.0,0.0,0.0
202601,대구광역시,전체방문자(a+b),45722912.0,0.0,0.0
202601,부산광역시,전체방문자(a+b),60172735.0,0.0,0.0
202601,서울특별시,전체방문자(a+b),192700179.0,0.0,0.0
202601,강원특별자치도,전체방문자(a+b),42673186.0,0.0,0.0
202601,부산광역시,현지인방문자(a),46671118.0,0.0,0.0
202601,강원특별자치도,현지인방문자(a),31053648.0,0.0,0.0
202601,제주특별자치도,현지인방문자(a),17654074.0,0.0,0.0
202601,전북특별자치도,현지인방문자(a),31592190.0,0.0,0.0
202601,경상남도,현지인방문자(a),53634564.0,0.0,0.0
202601,대구광역시,현지인방문자(a),36464880.0,0.0,0.0
202601,세종특별자치시,현지인방문자(a),6399386.0,0.0,0.0
202601,경상북도,현지인방문자(a),42761890.0,0.0,0.0
202601,인천광역시,현지인방문자(a),42588287.0,0.0,0.0
202601,전라남도,현지인방문자(a),31196704.0,0.0,0.0
202601,울산광역시,현지인방문자(a),17606855.0,0.0,0.0
202601,서울특별시,현지인방문자(a),140832202.0,0.0,0.0
202601,충청남도,현지인방문자(a),34314150.0,0.0,0.0
202601,충청북도,현지인방문자(a),24675539.0,0.0,0.0
202601,광주광역시,현지인방문자(a),22261449.0,0.0,0.0
202601,경기도,현지인방문자(a),201208620.0,0.0,0.0
202601,대전광역시,현지인방문자(a),22527698.0,0.0,0.0
202602,대구광역시,외지인방문자(b),9606625.0,0.0,0.0
202602,부산광역시,외지인방문자(b),13867021.0,0.0,0.0
202602,인천광역시,외지인방문자(b),14869438.0,0.0,0.0
202602,제주특별자치도,외지인방문자(b),4500212.0,0.0,0.0
202602,서울특별시,외지인방문자(b),48050072.0,0.0,0.0
202602,광주광역시,외지인방문자(b),5975620.0,0.0,0.0
202602,대전광역시,외지인방문자(b),7357077.0,0.0,0.0
202602,충청북도,외지인방문자(b),9434106.0,0.0,0.0
202602,울산광역시,외지인방문자(b),4048454.0,0.0,0.0
202602,충청남도,외지인방문자(b),13689935.0,0.0,0.0
202602,세종특별자치시,외지인방문자(b),2384018.0,0.0,0.0
202602,전라남도,외지인방문자(b),10932554.0,0.0,0.0
202602,경기도,외지인방문자(b),51143432.0,0.0,0.0
202602,경상북도,외지인방문자(b),15584940.0,0.0,0.0
202602,전북특별자치도,외지인방문자(b),8586158.0,0.0,0.0
202602,경상남도,외지인방문자(b),13586156.0,0.0,0.0
202602,강원특별자치도,외지인방문자(b),11925144.0,0.0,0.0
202602,인천광역시,전체방문자(a+b),53096358.0,0.0,0.0
202602,전라남도,전체방문자(a+b),38889722.0,0.0,0.0
202602,충청남도,전체방문자(a+b),45165292.0,0.0,0.0
202602,충청북도,전체방문자(a+b),31646100.0,0.0,0.0
202602,경기도,전체방문자(a+b),228226638.0,0.0,0.0
202602,세종특별자치시,전체방문자(a+b),8053045.0,0.0,0.0
202602,울산광역시,전체방문자(a+b),19491787.0,0.0,0.0
202602,대전광역시,전체방문자(a+b),27163024.0,0.0,0.0
202602,광주광역시,전체방문자(a+b),25565074.0,0.0,0.0
202602,대구광역시,전체방문자(a+b),42064600.0,0.0,0.0
202602,부산광역시,전체방문자(a+b),55258644.0,0.0,0.0
202602,서울특별시,전체방문자(a+b),171566353.0,0.0,0.0
202602,경상북도,전체방문자(a+b),53880848.0,0.0,0.0
202602,경상남도,전체방문자(a+b),61648573.0,0.0,0.0
202602,제주특별자치도,전체방문자(a+b),20333936.0,0.0,0.0
202602,강원특별자치도,전체방문자(a+b),40016347.0,0.0,0.0
202602,전북특별자치도,전체방문자(a+b),36813864.0,0.0,0.0
202602,충청북도,현지인방문자(a),22211994.0,0.0,0.0
202602,서울특별시,현지인방문자(a),123516281.0,0.0,0.0
202602,충청남도,현지인방문자(a),31475356.0,0.0,0.0
202602,전라남도,현지인방문자(a),27957167.0,0.0,0.0
202602,경상북도,현지인방문자(a),38295908.0,0.0,0.0
202602,경상남도,현지인방문자(a),48062416.0,0.0,0.0
202602,제주특별자치도,현지인방문자(a),15833724.0,0.0,0.0
202602,강원특별자치도,현지인방문자(a),28091203.0,0.0,0.0
202602,전북특별자치도,현지인방문자(a),28227706.0,0.0,0.0
202602,경기도,현지인방문자(a),177083207.0,0.0,0.0
202602,세종특별자치시,현지인방문자(a),5669027.0,0.0,0.0
202602,울산광역시,현지인방문자(a),15443334.0,0.0,0.0
202602,대전광역시,현지인방문자(a),19805947.0,0.0,0.0
202602,광주광역시,현지인방문자(a),19589454.0,0.0,0.0
202602,인천광역시,현지인방문자(a),38226920.0,0.0,0.0
202602,대구광역시,현지인방문자(a),32457974.0,0.0,0.0
202602,부산광역시,현지인방문자(a),41391623.0,0.0,0.0
202603,전북특별자치도,외지인방문자(b),8658598.0,0.0,0.0
202603,서울특별시,외지인방문자(b),62767366.0,0.0,0.0
202603,강원특별자치도,외지인방문자(b),10677992.0,0.0,0.0
202603,제주특별자치도,외지인방문자(b),4989341.0,0.0,0.0
202603,경상남도,외지인방문자(b),14187078.0,0.0,0.0
202603,경상북도,외지인방문자(b),16123824.0,0.0,0.0
202603,전라남도,외지인방문자(b),11316778.0,0.0,0.0
202603,충청남도,외지인방문자(b),15588769.0,0.0,0.0
202603,충청북도,외지인방문자(b),10951574.0,0.0,0.0
202603,경기도,외지인방문자(b),63949837.0,0.0,0.0
202603,세종특별자치시,외지인방문자(b),2955348.0,0.0,0.0
202603,울산광역시,외지인방문자(b),4569730.0,0.0,0.0
202603,대전광역시,외지인방문자(b),8904182.0,0.0,0.0
202603,광주광역시,외지인방문자(b),6686421.0,0.0,0.0
202603,부산광역시,외지인방문자(b),14385486.0,0.0,0.0
202603,인천광역시,외지인방문자(b),16791901.0,0.0,0.0
202603,대구광역시,외지인방문자(b),10060274.0,0.0,0.0
202603,광주광역시,전체방문자(a+b),29530420.0,0.0,0.0
202603,강원특별자치도,전체방문자(a+b),43526564.0,0.0,0.0
202603,전북특별자치도,전체방문자(a+b),41534682.0,0.0,0.0
202603,서울특별시,전체방문자(a+b),210289471.0,0.0,0.0
202603,부산광역시,전체방문자(a+b),61708566.0,0.0,0.0
202603,대구광역시,전체방문자(a+b),47676720.0,0.0,0.0
202603,인천광역시,전체방문자(a+b),61686562.0,0.0,0.0
202603,대전광역시,전체방문자(a+b),32182409.0,0.0,0.0
202603,울산광역시,전체방문자(a+b),22565718.0,0.0,0.0
202603,세종특별자치시,전체방문자(a+b),9631464.0,0.0,0.0
202603,경기도,전체방문자(a+b),273541936.0,0.0,0.0
202603,충청북도,전체방문자(a+b),37186772.0,0.0,0.0
202603,충청남도,전체방문자(a+b),52760841.0,0.0,0.0
202603,전라남도,전체방문자(a+b),44019868.0,0.0,0.0
202603,경상북도,전체방문자(a+b),60982442.0,0.0,0.0
202603,경상남도,전체방문자(a+b),69609491.0,0.0,0.0
202603,제주특별자치도,전체방문자(a+b),23303948.0,0.0,0.0
202603,강원특별자치도,현지인방문자(a),32848571.0,0.0,0.0
202603,서울특별시,현지인방문자(a),147522106.0,0.0,0.0
202603,전북특별자치도,현지인방문자(a),32876084.0,0.0,0.0
202603,부산광역시,현지인방문자(a),47323080.0,0.0,0.0
202603,제주특별자치도,현지인방문자(a),18314608.0,0.0,0.0
202603,경상남도,현지인방문자(a),55422412.0,0.0,0.0
202603,대구광역시,현지인방문자(a),37616446.0,0.0,0.0
202603,경상북도,현지인방문자(a),44858618.0,0.0,0.0
202603,인천광역시,현지인방문자(a),44894661.0,0.0,0.0
202603,울산광역시,현지인방문자(a),17995988.0,0.0,0.0
202603,대전광역시,현지인방문자(a),23278227.0,0.0,0.0
202603,세종특별자치시,현지인방문자(a),6676117.0,0.0,0.0
202603,경기도,현지인방문자(a),209592100.0,0.0,0.0
202603,충청북도,현지인방문자(a),26235198.0,0.0,0.0
202603,전라남도,현지인방문자(a),32703090.0,0.0,0.0
202603,충청남도,현지인방문자(a),37172072.0,0.0,0.0
202603,광주광역시,현지인방문자(a),22844000.0,0.0,0.0
202604,경기도,외지인방문자(b),50155360.0,0.0,0.0
202604,강원특별자치도,외지인방문자(b),10122224.0,0.0,0.0
202604,제주특별자치도,외지인방문자(b),4707798.0,0.0,0.0
202604,경상남도,외지인방문자(b),12494944.0,0.0,0.0
202604,경상북도,외지인방문자(b),14069688.0,0.0,0.0
202604,전라남도,외지인방문자(b),10277911.0,0.0,0.0
202604,충청남도,외지인방문자(b),13398752.0,0.0,0.0
202604,충청북도,외지인방문자(b),9488146.0,0.0,0.0
202604,전북특별자치도,외지인방문자(b),7672833.0,0.0,0.0
202604,세종특별자치시,외지인방문자(b),2353071.0,0.0,0.0
202604,울산광역시,외지인방문자(b),3694152.0,0.0,0.0
202604,대전광역시,외지인방문자(b),6703844.0,0.0,0.0
202604,광주광역시,외지인방문자(b),5230718.0,0.0,0.0
202604,인천광역시,외지인방문자(b),14065912.0,0.0,0.0
202604,대구광역시,외지인방문자(b),8256580.0,0.0,0.0
202604,부산광역시,외지인방문자(b),11514954.0,0.0,0.0
202604,서울특별시,외지인방문자(b),48139308.0,0.0,0.0
202604,전북특별자치도,전체방문자(a+b),39168836.0,0.0,0.0
202604,울산광역시,전체방문자(a+b),20601861.0,0.0,0.0
202604,강원특별자치도,전체방문자(a+b),41759596.0,0.0,0.0
202604,제주특별자치도,전체방문자(a+b),22235682.0,0.0,0.0
202604,경상남도,전체방문자(a+b),65385716.0,0.0,0.0
202604,경상북도,전체방문자(a+b),57182314.0,0.0,0.0
202604,전라남도,전체방문자(a+b),41530202.0,0.0,0.0
202604,충청남도,전체방문자(a+b),48809075.0,0.0,0.0
202604,충청북도,전체방문자(a+b),34603905.0,0.0,0.0
202604,경기도,전체방문자(a+b),248794154.0,0.0,0.0
202604,세종특별자치시,전체방문자(a+b),8712571.0,0.0,0.0
202604,대전광역시,전체방문자(a+b),28890978.0,0.0,0.0
202604,광주광역시,전체방문자(a+b),26852763.0,0.0,0.0
202604,인천광역시,전체방문자(a+b),56721301.0,0.0,0.0
202604,대구광역시,전체방문자(a+b),44448320.0,0.0,0.0
202604,부산광역시,전체방문자(a+b),56319802.0,0.0,0.0
202604,서울특별시,전체방문자(a+b),185429216.0,0.0,0.0
202604,대구광역시,현지인방문자(a),36191740.0,0.0,0.0
202604,제주특별자치도,현지인방문자(a),17527884.0,0.0,0.0
202604,광주광역시,현지인방문자(a),21622044.0,0.0,0.0
202604,강원특별자치도,현지인방문자(a),31637372.0,0.0,0.0
202604,전북특별자치도,현지인방문자(a),31496003.0,0.0,0.0
202604,경상남도,현지인방문자(a),52890772.0,0.0,0.0
202604,경상북도,현지인방문자(a),43112626.0,0.0,0.0
202604,인천광역시,현지인방문자(a),42655389.0,0.0,0.0
202604,전라남도,현지인방문자(a),31252291.0,0.0,0.0
202604,대전광역시,현지인방문자(a),22187134.0,0.0,0.0
202604,충청남도,현지인방문자(a),35410322.0,0.0,0.0
202604,충청북도,현지인방문자(a),25115758.0,0.0,0.0
202604,부산광역시,현지인방문자(a),44804848.0,0.0,0.0
202604,경기도,현지인방문자(a),198638794.0,0.0,0.0
202604,서울특별시,현지인방문자(a),137289908.0,0.0,0.0
202604,세종특별자치시,현지인방문자(a),6359500.0,0.0,0.0
202604,울산광역시,현지인방문자(a),16907709.0,0.0,0.0
202605,세종특별자치시,외지인방문자(b),2670850.0,0.0,0.0
202605,광주광역시,외지인방문자(b),6282098.0,0.0,0.0
202605,대전광역시,외지인방문자(b),7861483.0,0.0,0.0
202605,대구광역시,외지인방문자(b),9847859.0,0.0,0.0
202605,인천광역시,외지인방문자(b),16351674.0,0.0,0.0
202605,울산광역시,외지인방문자(b),4350510.0,0.0,0.0
202605,부산광역시,외지인방문자(b),14047618.0,0.0,0.0
202605,전북특별자치도,외지인방문자(b),9488616.0,0.0,0.0
202605,강원특별자치도,외지인방문자(b),13980592.0,0.0,0.0
202605,제주특별자치도,외지인방문자(b),4807442.0,0.0,0.0
202605,경상남도,외지인방문자(b),15099452.0,0.0,0.0
202605,서울특별시,외지인방문자(b),53082169.0,0.0,0.0
202605,경상북도,외지인방문자(b),17091490.0,0.0,0.0
202605,전라남도,외지인방문자(b),12319906.0,0.0,0.0
202605,충청남도,외지인방문자(b),16092556.0,0.0,0.0
202605,충청북도,외지인방문자(b),11130066.0,0.0,0.0
202605,경기도,외지인방문자(b),58235650.0,0.0,0.0
202605,전라남도,전체방문자(a+b),45609088.0,0.0,0.0
202605,경상남도,전체방문자(a+b),71043122.0,0.0,0.0
202605,부산광역시,전체방문자(a+b),62094868.0,0.0,0.0
202605,대구광역시,전체방문자(a+b),48257440.0,0.0,0.0
202605,인천광역시,전체방문자(a+b),62473198.0,0.0,0.0
202605,광주광역시,전체방문자(a+b),29315965.0,0.0,0.0
202605,대전광역시,전체방문자(a+b),31934704.0,0.0,0.0
202605,울산광역시,전체방문자(a+b),22338782.0,0.0,0.0
202605,세종특별자치시,전체방문자(a+b),9525968.0,0.0,0.0
202605,경기도,전체방문자(a+b),272171690.0,0.0,0.0
202605,충청북도,전체방문자(a+b),38414702.0,0.0,0.0
202605,충청남도,전체방문자(a+b),54642588.0,0.0,0.0
202605,서울특별시,전체방문자(a+b),201538463.0,0.0,0.0
202605,경상북도,전체방문자(a+b),63350161.0,0.0,0.0
202605,제주특별자치도,전체방문자(a+b),23428086.0,0.0,0.0
202605,강원특별자치도,전체방문자(a+b),47689302.0,0.0,0.0
202605,전북특별자치도,전체방문자(a+b),43277252.0,0.0,0.0
202605,충청북도,현지인방문자(a),27284635.0,0.0,0.0
202605,대구광역시,현지인방문자(a),38409581.0,0.0,0.0
202605,부산광역시,현지인방문자(a),48047251.0,0.0,0.0
202605,서울특별시,현지인방문자(a),148456294.0,0.0,0.0
202605,광주광역시,현지인방문자(a),23033868.0,0.0,0.0
202605,인천광역시,현지인방문자(a),46121523.0,0.0,0.0
202605,충청남도,현지인방문자(a),38550032.0,0.0,0.0
202605,전라남도,현지인방문자(a),33289182.0,0.0,0.0
202605,경상북도,현지인방문자(a),46258670.0,0.0,0.0
202605,경상남도,현지인방문자(a),55943671.0,0.0,0.0
202605,제주특별자치도,현지인방문자(a),18620644.0,0.0,0.0
202605,전북특별자치도,현지인방문자(a),33788636.0,0.0,0.0
202605,경기도,현지인방문자(a),213936040.0,0.0,0.0
202605,세종특별자치시,현지인방문자(a),6855118.0,0.0,0.0
202605,울산광역시,현지인방문자(a),17988271.0,0.0,0.0
202605,대전광역시,현지인방문자(a),24073220.0,0.0,0.0
202605,강원특별자치도,현지인방문자(a),33708710.0,0.0,0.0
202606,울산광역시,외지인방문자(b),3903140.0,0.0,0.0
202606,세종특별자치시,외지인방문자(b),2415112.0,0.0,0.0
202606,경기도,외지인방문자(b),52284040.0,0.0,0.0
202606,충청북도,외지인방문자(b),9729094.0,0.0,0.0
202606,충청남도,외지인방문자(b),13727924.0,0.0,0.0
202606,전라남도,외지인방문자(b),9653175.0,0.0,0.0
202606,경상북도,외지인방문자(b),13932152.0,0.0,0.0
202606,경상남도,외지인방문자(b),12137640.0,0.0,0.0
202606,제주특별자치도,외지인방문자(b),4436632.0,0.0,0.0
202606,강원특별자치도,외지인방문자(b),11759258.0,0.0,0.0
202606,전북특별자치도,외지인방문자(b),7413126.0,0.0,0.0
202606,서울특별시,외지인방문자(b),51120335.0,0.0,0.0
202606,광주광역시,외지인방문자(b),5375489.0,0.0,0.0
202606,인천광역시,외지인방문자(b),14507658.0,0.0,0.0
202606,부산광역시,외지인방문자(b),12015374.0,0.0,0.0
202606,대전광역시,외지인방문자(b),6941806.0,0.0,0.0
202606,대구광역시,외지인방문자(b),8289225.0,0.0,0.0
202606,세종특별자치시,전체방문자(a+b),9315334.0,0.0,0.0
202606,서울특별시,전체방문자(a+b),201274864.0,0.0,0.0
202606,부산광역시,전체방문자(a+b),59812056.0,0.0,0.0
202606,대구광역시,전체방문자(a+b),46712620.0,0.0,0.0
202606,인천광역시,전체방문자(a+b),60286706.0,0.0,0.0
202606,광주광역시,전체방문자(a+b),28382182.0,0.0,0.0
202606,대전광역시,전체방문자(a+b),31045735.0,0.0,0.0
202606,울산광역시,전체방문자(a+b),22007696.0,0.0,0.0
202606,경기도,전체방문자(a+b),267674988.0,0.0,0.0
202606,전북특별자치도,전체방문자(a+b),40856116.0,0.0,0.0
202606,강원특별자치도,전체방문자(a+b),45115133.0,0.0,0.0
202606,제주특별자치도,전체방문자(a+b),22565316.0,0.0,0.0
202606,경상남도,전체방문자(a+b),67515332.0,0.0,0.0
202606,경상북도,전체방문자(a+b),60031492.0,0.0,0.0
202606,전라남도,전체방문자(a+b),42670512.0,0.0,0.0
202606,충청남도,전체방문자(a+b),52230927.0,0.0,0.0
202606,충청북도,전체방문자(a+b),36836054.0,0.0,0.0
202606,전라남도,현지인방문자(a),33017338.0,0.0,0.0
202606,서울특별시,현지인방문자(a),150154529.0,0.0,0.0
202606,전북특별자치도,현지인방문자(a),33442990.0,0.0,0.0
202606,강원특별자치도,현지인방문자(a),33355875.0,0.0,0.0
202606,부산광역시,현지인방문자(a),47796682.0,0.0,0.0
202606,제주특별자치도,현지인방문자(a),18128684.0,0.0,0.0
202606,경상남도,현지인방문자(a),55377693.0,0.0,0.0
202606,대구광역시,현지인방문자(a),38423396.0,0.0,0.0
202606,경상북도,현지인방문자(a),46099340.0,0.0,0.0
202606,인천광역시,현지인방문자(a),45779048.0,0.0,0.0
202606,충청남도,현지인방문자(a),38503003.0,0.0,0.0
202606,충청북도,현지인방문자(a),27106961.0,0.0,0.0
202606,광주광역시,현지인방문자(a),23006694.0,0.0,0.0
202606,경기도,현지인방문자(a),215390948.0,0.0,0.0
202606,세종특별자치시,현지인방문자(a),6900222.0,0.0,0.0
202606,대전광역시,현지인방문자(a),24103930.0,0.0,0.0
202606,울산광역시,현지인방문자(a),18104555.0,0.0,0.0
202607,전남광주통합특별시,외지인방문자(b),10634162.0,0.0,0.0
202607,제주특별자치도,외지인방문자(b),5181694.0,0.0,0.0
202607,세종특별자치시,외지인방문자(b),2503834.0,0.0,0.0
202607,울산광역시,외지인방문자(b),4278004.0,0.0,0.0
202607,대전광역시,외지인방문자(b),7522263.0,0.0,0.0
202607,전북특별자치도,외지인방문자(b),8112234.0,0.0,0.0
202607,인천광역시,외지인방문자(b),15560391.0,0.0,0.0
202607,대구광역시,외지인방문자(b),9150015.0,0.0,0.0
202607,강원특별자치도,외지인방문자(b),14713128.0,0.0,0.0
202607,부산광역시,외지인방문자(b),13783497.0,0.0,0.0
202607,서울특별시,외지인방문자(b),51421223.0,0.0,0.0
202607,경상남도,외지인방문자(b),13686183.0,0.0,0.0
202607,경상북도,외지인방문자(b),15322808.0,0.0,0.0
202607,충청남도,외지인방문자(b),14311955.0,0.0,0.0
202607,충청북도,외지인방문자(b),10235732.0,0.0,0.0
202607,경기도,외지인방문자(b),54606433.0,0.0,0.0
202607,세종특별자치시,전체방문자(a+b),9177371.0,0.0,0.0
202607,서울특별시,전체방문자(a+b),196802620.0,0.0,0.0
202607,전남광주통합특별시,전체방문자(a+b),65976841.0,0.0,0.0
202607,부산광역시,전체방문자(a+b),61385622.0,0.0,0.0
202607,대구광역시,전체방문자(a+b),46950421.0,0.0,0.0
202607,인천광역시,전체방문자(a+b),60393564.0,0.0,0.0
202607,대전광역시,전체방문자(a+b),30746401.0,0.0,0.0
202607,울산광역시,전체방문자(a+b),22178188.0,0.0,0.0
202607,경기도,전체방문자(a+b),267253668.0,0.0,0.0
202607,충청북도,전체방문자(a+b),36566610.0,0.0,0.0
202607,충청남도,전체방문자(a+b),51735194.0,0.0,0.0
202607,경상북도,전체방문자(a+b),60733547.0,0.0,0.0
202607,경상남도,전체방문자(a+b),68917622.0,0.0,0.0
202607,제주특별자치도,전체방문자(a+b),23483982.0,0.0,0.0
202607,강원특별자치도,전체방문자(a+b),48041105.0,0.0,0.0
202607,전북특별자치도,전체방문자(a+b),41100304.0,0.0,0.0
202607,제주특별자치도,현지인방문자(a),18302288.0,0.0,0.0
202607,충청북도,현지인방문자(a),26330878.0,0.0,0.0
202607,강원특별자치도,현지인방문자(a),33327976.0,0.0,0.0
202607,경상남도,현지인방문자(a),55231438.0,0.0,0.0
202607,전북특별자치도,현지인방문자(a),32988070.0,0.0,0.0
202607,경상북도,현지인방문자(a),45410740.0,0.0,0.0
202607,충청남도,현지인방문자(a),37423239.0,0.0,0.0
202607,경기도,현지인방문자(a),212647236.0,0.0,0.0
202607,세종특별자치시,현지인방문자(a),6673538.0,0.0,0.0
202607,울산광역시,현지인방문자(a),17900183.0,0.0,0.0
202607,대전광역시,현지인방문자(a),23224138.0,0.0,0.0
202607,인천광역시,현지인방문자(a),44833173.0,0.0,0.0
202607,대구광역시,현지인방문자(a),37800406.0,0.0,0.0
202607,부산광역시,현지인방문자(a),47602124.0,0.0,0.0
202607,전남광주통합특별시,현지인방문자(a),55342679.0,0.0,0.0
202607,서울특별시,현지인방문자(a),145381397.0,0.0,0.0
202608,경상북도,외지인방문자(b),16978594.0,0.0,0.0
202608,서울특별시,외지인방문자(b),51716868.0,0.0,0.0
202608,전남광주통합특별시,외지인방문자(b),11590418.0,0.0,0.0
202608,부산광역시,외지인방문자(b),14375008.0,0.0,0.0
202608,대구광역시,외지인방문자(b),9442342.0,0.0,0.0
202608,인천광역시,외지인방문자(b),16209932.0,0.0,0.0
202608,대전광역시,외지인방문자(b),7885052.0,0.0,0.0
202608,울산광역시,외지인방문자(b),4324736.0,0.0,0.0
202608,경기도,외지인방문자(b),55924792.0,0.0,0.0
202608,전북특별자치도,외지인방문자(b),9186758.0,0.0,0.0
202608,충청북도,외지인방문자(b),11029886.0,0.0,0.0
202608,충청남도,외지인방문자(b),15588650.0,0.0,0.0
202608,강원특별자치도,외지인방문자(b),17604226.0,0.0,0.0
202608,경상남도,외지인방문자(b),14378284.0,0.0,0.0
202608,세종특별자치시,외지인방문자(b),2513284.0,0.0,0.0
202608,제주특별자치도,외지인방문자(b),5651905.0,0.0,0.0
202608,전북특별자치도,전체방문자(a+b),41648558.0,0.0,0.0
202608,강원특별자치도,전체방문자(a+b),50463570.0,0.0,0.0
202608,제주특별자치도,전체방문자(a+b),23788006.0,0.0,0.0
202608,경상남도,전체방문자(a+b),68255996.0,0.0,0.0
202608,경상북도,전체방문자(a+b),61466594.0,0.0,0.0
202608,충청남도,전체방문자(a+b),52971569.0,0.0,0.0
202608,충청북도,전체방문자(a+b),37188176.0,0.0,0.0
202608,경기도,전체방문자(a+b),266795438.0,0.0,0.0
202608,세종특별자치시,전체방문자(a+b),9162629.0,0.0,0.0
202608,울산광역시,전체방문자(a+b),21517580.0,0.0,0.0
202608,대전광역시,전체방문자(a+b),30695444.0,0.0,0.0
202608,인천광역시,전체방문자(a+b),60210622.0,0.0,0.0
202608,대구광역시,전체방문자(a+b),46471954.0,0.0,0.0
202608,부산광역시,전체방문자(a+b),60397390.0,0.0,0.0
202608,전남광주통합특별시,전체방문자(a+b),65866605.0,0.0,0.0
202608,서울특별시,전체방문자(a+b),194665754.0,0.0,0.0
202608,제주특별자치도,현지인방문자(a),18136100.0,0.0,0.0
202608,서울특별시,현지인방문자(a),142948886.0,0.0,0.0
202608,전남광주통합특별시,현지인방문자(a),54276187.0,0.0,0.0
202608,전북특별자치도,현지인방문자(a),32461800.0,0.0,0.0
202608,부산광역시,현지인방문자(a),46022382.0,0.0,0.0
202608,대구광역시,현지인방문자(a),37029612.0,0.0,0.0
202608,강원특별자치도,현지인방문자(a),32859344.0,0.0,0.0
202608,인천광역시,현지인방문자(a),44000691.0,0.0,0.0
202608,대전광역시,현지인방문자(a),22810392.0,0.0,0.0
202608,울산광역시,현지인방문자(a),17192844.0,0.0,0.0
202608,세종특별자치시,현지인방문자(a),6649346.0,0.0,0.0
202608,경상남도,현지인방문자(a),53877712.0,0.0,0.0
202608,경상북도,현지인방문자(a),44488000.0,0.0,0.0
202608,충청남도,현지인방문자(a),37382919.0,0.0,0.0
202608,충청북도,현지인방문자(a),26158290.0,0.0,0.0
202608,경기도,현지인방문자(a),210870646.0,0.0,0.0
