DPTR_REGN_NM,DPTR_REGN_DTL_NM,TOU_NUM,TOU_NUM_SQRT,TOU_NUM_RATE,DTL_TOU_NUM,DTL_TOU_NUM_SQRT,DTL_TOU_NUM_RATE
_,_,212048886.0,14562.0,0.2,2078864.0,1442.0,1.0
_,_,212048886.0,14562.0,0.2,4910269.0,2216.0,2.3
_,_,212048886.0,14562.0,0.2,1411316.0,1188.0,0.7
_,_,212048886.0,14562.0,0.2,2232604.0,1494.0,1.1
_,_,212048886.0,14562.0,0.2,2130720.0,1460.0,1.0
_,_,212048886.0,14562.0,0.2,3660111.0,1913.0,1.7
_,_,212048886.0,14562.0,0.2,353458.0,595.0,0.2
_,_,212048886.0,14562.0,0.2,3348023.0,1830.0,1.6
_,_,212048886.0,14562.0,0.2,6737878.0,2596.0,3.2
_,_,212048886.0,14562.0,0.2,5668572.0,2381.0,2.7
_,_,212048886.0,14562.0,0.2,3216846.0,1794.0,1.5
_,_,212048886.0,14562.0,0.2,710364.0,843.0,0.3
_,_,212048886.0,14562.0,0.2,2181823.0,1477.0,1.0
_,_,212048886.0,14562.0,0.2,4379340.0,2093.0,2.1
_,_,212048886.0,14562.0,0.2,2169562.0,1473.0,1.0
_,_,212048886.0,14562.0,0.2,570644.0,755.0,0.3
_,_,212048886.0,14562.0,0.2,3414103.0,1848.0,1.6
_,_,212048886.0,14562.0,0.2,8907122.0,2984.0,4.2
_,_,212048886.0,14562.0,0.2,1335534.0,1156.0,0.6
_,_,212048886.0,14562.0,0.2,3778719.0,1944.0,1.8
_,_,212048886.0,14562.0,0.2,5165475.0,2273.0,2.4
_,_,212048886.0,14562.0,0.2,5968826.0,2443.0,2.8
_,_,212048886.0,14562.0,0.2,1454670.0,1206.0,0.7
_,_,212048886.0,14562.0,0.2,3108018.0,1763.0,1.5
_,_,212048886.0,14562.0,0.2,2870928.0,1694.0,1.4
_,_,212048886.0,14562.0,0.2,2473104.0,1573.0,1.2
_,_,212048886.0,14562.0,0.2,6873412.0,2622.0,3.2
_,_,212048886.0,14562.0,0.2,1013610.0,1007.0,0.5
_,_,212048886.0,14562.0,0.2,1431661.0,1197.0,0.7
_,_,212048886.0,14562.0,0.2,4108892.0,2027.0,1.9
_,_,212048886.0,14562.0,0.2,1531534.0,1238.0,0.7
_,_,212048886.0,14562.0,0.2,4961786.0,2228.0,2.3
_,_,212048886.0,14562.0,0.2,3848229.0,1962.0,1.8
_,_,212048886.0,14562.0,0.2,1667880.0,1291.0,0.8
_,_,212048886.0,14562.0,0.2,3887096.0,1972.0,1.8
_,_,212048886.0,14562.0,0.2,2615350.0,1617.0,1.2
_,_,212048886.0,14562.0,0.2,1562750.0,1250.0,0.7
_,_,212048886.0,14562.0,0.2,1519217.0,1233.0,0.7
_,_,212048886.0,14562.0,0.2,5526504.0,2351.0,2.6
_,_,212048886.0,14562.0,0.2,1193692.0,1093.0,0.6
_,_,212048886.0,14562.0,0.2,2346666.0,1532.0,1.1
_,_,212048886.0,14562.0,0.2,1114474.0,1056.0,0.5
_,_,212048886.0,14562.0,0.2,3762346.0,1940.0,1.8
_,_,212048886.0,14562.0,0.2,260694.0,511.0,0.1
_,_,212048886.0,14562.0,0.2,466018.0,683.0,0.2
_,_,212048886.0,14562.0,0.2,2028236.0,1424.0,1.0
_,_,212048886.0,14562.0,0.2,860566.0,928.0,0.4
_,_,212048886.0,14562.0,0.2,661234.0,813.0,0.3
_,_,212048886.0,14562.0,0.2,97142.0,312.0,0.0
_,_,212048886.0,14562.0,0.2,3049896.0,1746.0,1.4
_,_,212048886.0,14562.0,0.2,8789417.0,2965.0,4.1
_,_,212048886.0,14562.0,0.2,1449735.0,1204.0,0.7
_,_,212048886.0,14562.0,0.2,3846381.0,1961.0,1.8
_,_,212048886.0,14562.0,0.2,1902918.0,1379.0,0.9
_,_,212048886.0,14562.0,0.2,3820705.0,1955.0,1.8
_,_,212048886.0,14562.0,0.2,1137308.0,1066.0,0.5
_,_,212048886.0,14562.0,0.2,1288998.0,1135.0,0.6
_,_,212048886.0,14562.0,0.2,5679359.0,2383.0,2.7
_,_,212048886.0,14562.0,0.2,704340.0,839.0,0.3
_,_,212048886.0,14562.0,0.2,2733300.0,1653.0,1.3
_,_,212048886.0,14562.0,0.2,4665958.0,2160.0,2.2
_,_,212048886.0,14562.0,0.2,3294060.0,1815.0,1.6
_,_,212048886.0,14562.0,0.2,1814855.0,1347.0,0.9
_,_,212048886.0,14562.0,0.2,2429777.0,1559.0,1.1
_,_,212048886.0,14562.0,0.2,3215516.0,1793.0,1.5
_,_,212048886.0,14562.0,0.2,3268608.0,1808.0,1.5
_,_,212048886.0,14562.0,0.2,2242590.0,1498.0,1.1
_,_,212048886.0,14562.0,0.2,3002286.0,1733.0,1.4
_,_,212048886.0,14562.0,0.2,4365767.0,2089.0,2.1
_,_,212048886.0,14562.0,0.2,3875585.0,1969.0,1.8
_,_,212048886.0,14562.0,0.2,7895646.0,2810.0,3.7
가경동,가경동,100349266.0,10017.0,0.1,100349266.0,10017.0,100.0
가곡동,가곡동,22433719.0,4736.0,0.0,22433719.0,4736.0,100.0
가곡면,가곡면,4798598.0,2191.0,0.0,911197.0,955.0,19.0
가곡면,가곡면,4798598.0,2191.0,0.0,3887401.0,1972.0,81.0
가남읍,가남읍,29423135.0,5424.0,0.0,29423135.0,5424.0,100.0
가능동,가능동,44434992.0,6666.0,0.0,44434992.0,6666.0,100.0
가덕도동,가덕도동,7017871.0,2649.0,0.0,7017871.0,2649.0,100.0
가덕면,가덕면,7755024.0,2785.0,0.0,7755024.0,2785.0,100.0
가락1동,가락1동,85450456.0,9244.0,0.1,85450456.0,9244.0,100.0
가락2동,가락2동,55771464.0,7468.0,0.0,55771464.0,7468.0,100.0
가락동,가락동,4769258.0,2184.0,0.0,4769258.0,2184.0,100.0
가락본동,가락본동,108489888.0,10416.0,0.1,108489888.0,10416.0,100.0
가례면,가례면,3727210.0,1931.0,0.0,3727210.0,1931.0,100.0
가리봉동,가리봉동,8658111.0,2942.0,0.0,8658111.0,2942.0,100.0
가북면,가북면,1591796.0,1262.0,0.0,1591796.0,1262.0,100.0
가사문학면,가사문학면,1141518.0,1068.0,0.0,1141518.0,1068.0,100.0
가산동,가산동,64110708.0,8007.0,0.1,64110708.0,8007.0,100.0
가산면,가산면,33320413.0,5772.0,0.0,28200302.0,5310.0,84.6
가산면,가산면,33320413.0,5772.0,0.0,5120112.0,2263.0,15.4
가수원동,가수원동,44170147.0,6646.0,0.0,44170147.0,6646.0,100.0
가야1동,가야1동,41726108.0,6460.0,0.0,41726108.0,6460.0,100.0
가야2동,가야2동,25617081.0,5061.0,0.0,25617081.0,5061.0,100.0
가야곡면,가야곡면,9013778.0,3002.0,0.0,9013778.0,3002.0,100.0
가야면,가야면,6444158.0,2539.0,0.0,6444158.0,2539.0,100.0
가야읍,가야읍,51117080.0,7150.0,0.0,51117080.0,7150.0,100.0
가양1동,가양1동,151947516.0,12327.0,0.1,26415424.0,5140.0,17.4
가양1동,가양1동,151947516.0,12327.0,0.1,125532092.0,11204.0,82.6
가양2동,가양2동,67271449.0,8202.0,0.1,29096630.0,5394.0,43.3
가양2동,가양2동,67271449.0,8202.0,0.1,38174818.0,6179.0,56.7
가양3동,가양3동,27431282.0,5237.0,0.0,27431282.0,5237.0,100.0
가은읍,가은읍,5764994.0,2401.0,0.0,5764994.0,2401.0,100.0
가음면,가음면,2075654.0,1441.0,0.0,2075654.0,1441.0,100.0
가음정동,가음정동,90315158.0,9503.0,0.1,90315158.0,9503.0,100.0
가장동,가장동,20613320.0,4540.0,0.0,20613320.0,4540.0,100.0
가정1동,가정1동,71303764.0,8444.0,0.1,71303764.0,8444.0,100.0
가정2동,가정2동,14675493.0,3831.0,0.0,14675493.0,3831.0,100.0
가정3동,가정3동,9626474.0,3103.0,0.0,9626474.0,3103.0,100.0
가조면,가조면,9981265.0,3159.0,0.0,9981265.0,3159.0,100.0
가좌1동,가좌1동,35012372.0,5917.0,0.0,35012372.0,5917.0,100.0
가좌2동,가좌2동,31078887.0,5575.0,0.0,31078887.0,5575.0,100.0
가좌3동,가좌3동,35747520.0,5979.0,0.0,35747520.0,5979.0,100.0
가좌4동,가좌4동,11102830.0,3332.0,0.0,11102830.0,3332.0,100.0
가좌동,가좌동,29048260.0,5390.0,0.0,29048260.0,5390.0,100.0
가창면,가창면,11367020.0,3372.0,0.0,11367020.0,3372.0,100.0
가천면,가천면,2575906.0,1605.0,0.0,2575906.0,1605.0,100.0
가평읍,가평읍,50253378.0,7089.0,0.0,50253378.0,7089.0,100.0
가포동,가포동,8455674.0,2908.0,0.0,8455674.0,2908.0,100.0
가호동,가호동,78521174.0,8861.0,0.1,78521174.0,8861.0,100.0
가회동,가회동,23755564.0,4874.0,0.0,23755564.0,4874.0,100.0
가회면,가회면,2058032.0,1435.0,0.0,2058032.0,1435.0,100.0
가흥1동,가흥1동,67317404.0,8205.0,0.1,67317404.0,8205.0,100.0
가흥2동,가흥2동,25595052.0,5059.0,0.0,25595052.0,5059.0,100.0
각남면,각남면,3547470.0,1883.0,0.0,3547470.0,1883.0,100.0
각북면,각북면,3414103.0,1848.0,0.0,3414103.0,1848.0,100.0
간동면,간동면,4973311.0,2230.0,0.0,4973311.0,2230.0,100.0
간석1동,간석1동,93970496.0,9694.0,0.1,93970496.0,9694.0,100.0
간석2동,간석2동,25100068.0,5010.0,0.0,25100068.0,5010.0,100.0
간석3동,간석3동,38423298.0,6199.0,0.0,38423298.0,6199.0,100.0
간석4동,간석4동,19659570.0,4434.0,0.0,19659570.0,4434.0,100.0
간성읍,간성읍,24224806.0,4922.0,0.0,24224806.0,4922.0,100.0
간전면,간전면,2420439.0,1556.0,0.0,2420439.0,1556.0,100.0
갈마1동,갈마1동,51123268.0,7150.0,0.0,51123268.0,7150.0,100.0
갈마2동,갈마2동,50186010.0,7084.0,0.0,50186010.0,7084.0,100.0
갈말읍,갈말읍,36507198.0,6042.0,0.0,36507198.0,6042.0,100.0
갈매동,갈매동,10919696.0,3304.0,0.0,10919696.0,3304.0,100.0
갈산1동,갈산1동,23277244.0,4825.0,0.0,23277244.0,4825.0,100.0
갈산2동,갈산2동,50261088.0,7090.0,0.0,50261088.0,7090.0,100.0
갈산동,갈산동,18295823.0,4277.0,0.0,18295823.0,4277.0,100.0
갈산면,갈산면,8107796.0,2847.0,0.0,8107796.0,2847.0,100.0
갈현1동,갈현1동,56871391.0,7541.0,0.0,56871391.0,7541.0,100.0
갈현2동,갈현2동,41978541.0,6479.0,0.0,41978541.0,6479.0,100.0
갈현동,갈현동,7076223.0,2660.0,0.0,7076223.0,2660.0,100.0
감곡면,감곡면,16883212.0,4109.0,0.0,13444872.0,3667.0,79.6
감곡면,감곡면,16883212.0,4109.0,0.0,3438340.0,1854.0,20.4
감만1동,감만1동,19803206.0,4450.0,0.0,19803206.0,4450.0,100.0
감만2동,감만2동,9772066.0,3126.0,0.0,9772066.0,3126.0,100.0
감문면,감문면,4376533.0,2092.0,0.0,4376533.0,2092.0,100.0
감물면,감물면,3830508.0,1957.0,0.0,3830508.0,1957.0,100.0
감북동,감북동,7120410.0,2668.0,0.0,7120410.0,2668.0,100.0
감삼동,감삼동,48842430.0,6989.0,0.0,48842430.0,6989.0,100.0
감일동,감일동,25785742.0,5078.0,0.0,25785742.0,5078.0,100.0
감전동,감전동,37567334.0,6129.0,0.0,37567334.0,6129.0,100.0
감천1동,감천1동,25109546.0,5011.0,0.0,25109546.0,5011.0,100.0
감천2동,감천2동,5562644.0,2359.0,0.0,5562644.0,2359.0,100.0
감천면,감천면,8229442.0,2869.0,0.0,3676820.0,1918.0,44.7
감천면,감천면,8229442.0,2869.0,0.0,4552622.0,2134.0,55.3
감포읍,감포읍,11184302.0,3344.0,0.0,11184302.0,3344.0,100.0
갑천면,갑천면,3411188.0,1847.0,0.0,3411188.0,1847.0,100.0
강경읍,강경읍,20783990.0,4559.0,0.0,20783990.0,4559.0,100.0
강구면,강구면,19559690.0,4423.0,0.0,19559690.0,4423.0,100.0
강남동,강남동,207280815.0,14397.0,0.2,47362668.0,6882.0,22.8
강남동,강남동,207280815.0,14397.0,0.2,110190731.0,10497.0,53.2
강남동,강남동,207280815.0,14397.0,0.2,49727416.0,7052.0,24.0
강내면,강내면,26241156.0,5123.0,0.0,26241156.0,5123.0,100.0
강동동,강동동,35502330.0,5958.0,0.0,7666452.0,2769.0,21.6
강동동,강동동,35502330.0,5958.0,0.0,27835878.0,5276.0,78.4
강동면,강동면,32314370.0,5685.0,0.0,11668058.0,3416.0,36.1
강동면,강동면,32314370.0,5685.0,0.0,20646311.0,4544.0,63.9
강림면,강림면,2295800.0,1515.0,0.0,2295800.0,1515.0,100.0
강상면,강상면,22608040.0,4755.0,0.0,22608040.0,4755.0,100.0
강서1동,강서1동,64613395.0,8038.0,0.1,64613395.0,8038.0,100.0
강서2동,강서2동,36264410.0,6022.0,0.0,36264410.0,6022.0,100.0
강서동,강서동,31430760.0,5606.0,0.0,31430760.0,5606.0,100.0
강일동,강일동,45708008.0,6761.0,0.0,45708008.0,6761.0,100.0
강진면,강진면,1907216.0,1381.0,0.0,1907216.0,1381.0,100.0
강진읍,강진읍,45835944.0,6770.0,0.0,45835944.0,6770.0,100.0
강천면,강천면,10669446.0,3266.0,0.0,10669446.0,3266.0,100.0
강하면,강하면,10573938.0,3252.0,0.0,10573938.0,3252.0,100.0
강현면,강현면,17805288.0,4220.0,0.0,17805288.0,4220.0,100.0
강화읍,강화읍,83740472.0,9151.0,0.1,83740472.0,9151.0,100.0
개군면,개군면,10262630.0,3204.0,0.0,10262630.0,3204.0,100.0
개금1동,개금1동,30775720.0,5548.0,0.0,30775720.0,5548.0,100.0
개금2동,개금2동,17386120.0,4170.0,0.0,17386120.0,4170.0,100.0
개금3동,개금3동,33039979.0,5748.0,0.0,33039979.0,5748.0,100.0
개령면,개령면,5487996.0,2343.0,0.0,5487996.0,2343.0,100.0
개봉1동,개봉1동,63114002.0,7944.0,0.0,63114002.0,7944.0,100.0
개봉2동,개봉2동,40851059.0,6391.0,0.0,40851059.0,6391.0,100.0
개봉3동,개봉3동,24138821.0,4913.0,0.0,24138821.0,4913.0,100.0
개운동,개운동,63101280.0,7944.0,0.0,63101280.0,7944.0,100.0
개정동,개정동,11479734.0,3388.0,0.0,11479734.0,3388.0,100.0
개정면,개정면,7771936.0,2788.0,0.0,7771936.0,2788.0,100.0
개진면,개진면,2425703.0,1557.0,0.0,2425703.0,1557.0,100.0
개천면,개천면,1122996.0,1060.0,0.0,1122996.0,1060.0,100.0
개포1동,개포1동,39087076.0,6252.0,0.0,39087076.0,6252.0,100.0
개포2동,개포2동,55794750.0,7470.0,0.0,55794750.0,7470.0,100.0
개포3동,개포3동,17345951.0,4165.0,0.0,17345951.0,4165.0,100.0
개포4동,개포4동,36770664.0,6064.0,0.0,36770664.0,6064.0,100.0
개포면,개포면,4325643.0,2080.0,0.0,4325643.0,2080.0,100.0
개항동,개항동,9588898.0,3097.0,0.0,9588898.0,3097.0,100.0
거류면,거류면,8878268.0,2980.0,0.0,8878268.0,2980.0,100.0
거북섬동,거북섬동,4381349.0,2093.0,0.0,4381349.0,2093.0,100.0
거여1동,거여1동,29948818.0,5473.0,0.0,29948818.0,5473.0,100.0
거여2동,거여2동,31450951.0,5608.0,0.0,31450951.0,5608.0,100.0
거제1동,거제1동,36457060.0,6038.0,0.0,36457060.0,6038.0,100.0
거제2동,거제2동,25389168.0,5039.0,0.0,25389168.0,5039.0,100.0
거제3동,거제3동,19797312.0,4449.0,0.0,19797312.0,4449.0,100.0
거제4동,거제4동,8035447.0,2835.0,0.0,8035447.0,2835.0,100.0
거제면,거제면,31262928.0,5591.0,0.0,31262928.0,5591.0,100.0
거진읍,거진읍,15750486.0,3969.0,0.0,15750486.0,3969.0,100.0
거창읍,거창읍,91485048.0,9565.0,0.1,91485048.0,9565.0,100.0
건국동,건국동,93506980.0,9670.0,0.1,93506980.0,9670.0,100.0
건입동,건입동,79770758.0,8931.0,0.1,79770758.0,8931.0,100.0
건천읍,건천읍,35423384.0,5952.0,0.0,35423384.0,5952.0,100.0
검단동,검단동,73575358.0,8578.0,0.1,56167024.0,7494.0,76.3
검단동,검단동,73575358.0,8578.0,0.1,17408335.0,4172.0,23.7
검산동,검산동,27516748.0,5246.0,0.0,27516748.0,5246.0,100.0
검암경서동,검암경서동,113022074.0,10631.0,0.1,113022074.0,10631.0,100.0
결성면,결성면,3655638.0,1912.0,0.0,3655638.0,1912.0,100.0
겸면,겸면,2918013.0,1708.0,0.0,2918013.0,1708.0,100.0
겸백면,겸백면,1311706.0,1145.0,0.0,1311706.0,1145.0,100.0
경안동,경안동,154076402.0,12413.0,0.1,154076402.0,12413.0,100.0
경암동,경암동,57500065.0,7583.0,0.0,57500065.0,7583.0,100.0
경천면,경천면,1144910.0,1070.0,0.0,1144910.0,1070.0,100.0
경포동,경포동,61654082.0,7852.0,0.0,61654082.0,7852.0,100.0
경화동,경화동,21904642.0,4680.0,0.0,21904642.0,4680.0,100.0
계곡면,계곡면,2268276.0,1506.0,0.0,2268276.0,1506.0,100.0
계남면,계남면,3193974.0,1787.0,0.0,3193974.0,1787.0,100.0
계룡면,계룡면,7399200.0,2720.0,0.0,7399200.0,2720.0,100.0
계림1동,계림1동,16687615.0,4085.0,0.0,16687615.0,4085.0,100.0
계림2동,계림2동,9688206.0,3113.0,0.0,9688206.0,3113.0,100.0
계림동,계림동,45332150.0,6733.0,0.0,45332150.0,6733.0,100.0
계북면,계북면,1767073.0,1329.0,0.0,1767073.0,1329.0,100.0
계산1동,계산1동,46948359.0,6852.0,0.0,46948359.0,6852.0,100.0
계산2동,계산2동,30805540.0,5550.0,0.0,30805540.0,5550.0,100.0
계산3동,계산3동,30629554.0,5534.0,0.0,30629554.0,5534.0,100.0
계산4동,계산4동,69453976.0,8334.0,0.1,69453976.0,8334.0,100.0
계성면,계성면,4578539.0,2140.0,0.0,4578539.0,2140.0,100.0
계양1동,계양1동,38351652.0,6193.0,0.0,38351652.0,6193.0,100.0
계양2동,계양2동,56441581.0,7513.0,0.0,56441581.0,7513.0,100.0
계양3동,계양3동,38499174.0,6205.0,0.0,38499174.0,6205.0,100.0
계화면,계화면,4874230.0,2208.0,0.0,4874230.0,2208.0,100.0
고강1동,고강1동,11350384.0,3369.0,0.0,8482817.0,2913.0,74.7
고강1동,고강1동,11350384.0,3369.0,0.0,2867568.0,1693.0,25.3
고강본동,고강본동,15854226.0,3982.0,0.0,6224306.0,2495.0,39.3
고강본동,고강본동,15854226.0,3982.0,0.0,9629921.0,3103.0,60.7
고경면,고경면,9678627.0,3111.0,0.0,9678627.0,3111.0,100.0
고군면,고군면,4913668.0,2217.0,0.0,4913668.0,2217.0,100.0
고금면,고금면,8338046.0,2888.0,0.0,8338046.0,2888.0,100.0
고남면,고남면,5437562.0,2332.0,0.0,5437562.0,2332.0,100.0
고달면,고달면,1319476.0,1149.0,0.0,1319476.0,1149.0,100.0
고대면,고대면,14108574.0,3756.0,0.0,14108574.0,3756.0,100.0
고덕1동,고덕1동,38144232.0,6176.0,0.0,38144232.0,6176.0,100.0
고덕2동,고덕2동,31084459.0,5575.0,0.0,31084459.0,5575.0,100.0
고덕동,고덕동,63793856.0,7987.0,0.1,63793856.0,7987.0,100.0
고덕면,고덕면,41464262.0,6439.0,0.0,32077577.0,5664.0,77.4
고덕면,고덕면,41464262.0,6439.0,0.0,9386685.0,3064.0,22.6
고등동,고등동,26969408.0,5193.0,0.0,9141296.0,3023.0,33.9
고등동,고등동,26969408.0,5193.0,0.0,17828111.0,4222.0,66.1
고봉동,고봉동,35482122.0,5957.0,0.0,35482122.0,5957.0,100.0
고부면,고부면,5338025.0,2310.0,0.0,5338025.0,2310.0,100.0
고북면,고북면,11244055.0,3353.0,0.0,11244055.0,3353.0,100.0
고산1동,고산1동,96315380.0,9814.0,0.1,96315380.0,9814.0,100.0
고산2동,고산2동,74859138.0,8652.0,0.1,74859138.0,8652.0,100.0
고산3동,고산3동,61823108.0,7863.0,0.0,61823108.0,7863.0,100.0
고산동,고산동,10489168.0,3239.0,0.0,10489168.0,3239.0,100.0
고산면,고산면,7451941.0,2730.0,0.0,7451941.0,2730.0,100.0
고삼면,고삼면,8649974.0,2941.0,0.0,8649974.0,2941.0,100.0
고서면,고서면,4602360.0,2145.0,0.0,4602360.0,2145.0,100.0
고성동,고성동,78468772.0,8858.0,0.1,78468772.0,8858.0,100.0
고성읍,고성읍,56814572.0,7538.0,0.0,56814572.0,7538.0,100.0
고수면,고수면,4505084.0,2123.0,0.0,4505084.0,2123.0,100.0
고아읍,고아읍,73321892.0,8563.0,0.1,73321892.0,8563.0,100.0
고암면,고암면,3035459.0,1742.0,0.0,3035459.0,1742.0,100.0
고양동,고양동,46164268.0,6794.0,0.0,46164268.0,6794.0,100.0
고운동,고운동,19280009.0,4391.0,0.0,19280009.0,4391.0,100.0
고잔동,고잔동,128809135.0,11349.0,0.1,128809135.0,11349.0,100.0
고전면,고전면,2020214.0,1421.0,0.0,2020214.0,1421.0,100.0
고제면,고제면,2002676.0,1415.0,0.0,2002676.0,1415.0,100.0
고창읍,고창읍,63433080.0,7964.0,0.0,63433080.0,7964.0,100.0
고척1동,고척1동,48411338.0,6958.0,0.0,48411338.0,6958.0,100.0
고척2동,고척2동,25250722.0,5025.0,0.0,25250722.0,5025.0,100.0
고천동,고천동,23628538.0,4861.0,0.0,23628538.0,4861.0,100.0
고촌읍,고촌읍,93781982.0,9684.0,0.1,93781982.0,9684.0,100.0
고한읍,고한읍,14364000.0,3790.0,0.0,14364000.0,3790.0,100.0
고현동,고현동,238159775.0,15432.0,0.2,238159775.0,15432.0,100.0
고현면,고현면,6281202.0,2506.0,0.0,6281202.0,2506.0,100.0
고흥읍,고흥읍,35198891.0,5933.0,0.0,35198891.0,5933.0,100.0
곡선동,곡선동,57227380.0,7565.0,0.0,57227380.0,7565.0,100.0
곡성읍,곡성읍,19433848.0,4408.0,0.0,19433848.0,4408.0,100.0
곤명면,곤명면,3032491.0,1741.0,0.0,3032491.0,1741.0,100.0
곤양면,곤양면,3912790.0,1978.0,0.0,3912790.0,1978.0,100.0
곤지암읍,곤지암읍,61814812.0,7862.0,0.0,61814812.0,7862.0,100.0
골약동,골약동,13374168.0,3657.0,0.0,13374168.0,3657.0,100.0
공검면,공검면,2515950.0,1586.0,0.0,2515950.0,1586.0,100.0
공근면,공근면,4958128.0,2227.0,0.0,4958128.0,2227.0,100.0
공단1동,공단1동,8310309.0,2883.0,0.0,8310309.0,2883.0,100.0
공단2동,공단2동,27170234.0,5213.0,0.0,27170234.0,5213.0,100.0
공단동,공단동,49255150.0,7018.0,0.0,49255150.0,7018.0,100.0
공덕동,공덕동,69759308.0,8352.0,0.1,69759308.0,8352.0,100.0
공덕면,공덕면,2494618.0,1579.0,0.0,2494618.0,1579.0,100.0
공도읍,공도읍,89924758.0,9483.0,0.1,89924758.0,9483.0,100.0
공릉1동,공릉1동,110609194.0,10517.0,0.1,110609194.0,10517.0,100.0
공릉2동,공릉2동,96097116.0,9803.0,0.1,96097116.0,9803.0,100.0
공산동,공산동,39409142.0,6278.0,0.0,39409142.0,6278.0,100.0
공산면,공산면,4118580.0,2029.0,0.0,4118580.0,2029.0,100.0
공성면,공성면,5045873.0,2246.0,0.0,5045873.0,2246.0,100.0
공음면,공음면,4201113.0,2050.0,0.0,4201113.0,2050.0,100.0
공항동,공항동,72987159.0,8543.0,0.1,72987159.0,8543.0,100.0
과림동,과림동,4689702.0,2166.0,0.0,4689702.0,2166.0,100.0
과역면,과역면,4463546.0,2113.0,0.0,4463546.0,2113.0,100.0
과천동,과천동,28301742.0,5320.0,0.0,28301742.0,5320.0,100.0
관고동,관고동,48635181.0,6974.0,0.0,48635181.0,6974.0,100.0
관교동,관교동,20966544.0,4579.0,0.0,20966544.0,4579.0,100.0
관문동,관문동,56726334.0,7532.0,0.0,56726334.0,7532.0,100.0
관산동,관산동,39856603.0,6313.0,0.0,39856603.0,6313.0,100.0
관산읍,관산읍,10029873.0,3167.0,0.0,10029873.0,3167.0,100.0
관양1동,관양1동,39451657.0,6281.0,0.0,39451657.0,6281.0,100.0
관양2동,관양2동,38513965.0,6206.0,0.0,38513965.0,6206.0,100.0
관양동,관양동,21198541.0,4604.0,0.0,21198541.0,4604.0,100.0
관음동,관음동,33167771.0,5759.0,0.0,33167771.0,5759.0,100.0
관인면,관인면,4012550.0,2003.0,0.0,4012550.0,2003.0,100.0
관저1동,관저1동,77080486.0,8780.0,0.1,77080486.0,8780.0,100.0
관저2동,관저2동,72840338.0,8535.0,0.1,72840338.0,8535.0,100.0
관촌면,관촌면,4593760.0,2143.0,0.0,4593760.0,2143.0,100.0
관평동,관평동,62604843.0,7912.0,0.0,62604843.0,7912.0,100.0
광교1동,광교1동,94778306.0,9735.0,0.1,94778306.0,9735.0,100.0
광교2동,광교2동,42551908.0,6523.0,0.0,42551908.0,6523.0,100.0
광남1동,광남1동,64426040.0,8027.0,0.1,64426040.0,8027.0,100.0
광남2동,광남2동,21260848.0,4611.0,0.0,21260848.0,4611.0,100.0
광남동,광남동,31432342.0,5606.0,0.0,31432342.0,5606.0,100.0
광덕면,광덕면,8164247.0,2857.0,0.0,8164247.0,2857.0,100.0
광도면,광도면,72134587.0,8493.0,0.1,72134587.0,8493.0,100.0
광림동,광림동,31307588.0,5595.0,0.0,31307588.0,5595.0,100.0
광명1동,광명1동,7587867.0,2755.0,0.0,7587867.0,2755.0,100.0
광명2동,광명2동,8449634.0,2907.0,0.0,8449634.0,2907.0,100.0
광명3동,광명3동,35208540.0,5934.0,0.0,35208540.0,5934.0,100.0
광명4동,광명4동,19600623.0,4427.0,0.0,19600623.0,4427.0,100.0
광명5동,광명5동,6412091.0,2532.0,0.0,6412091.0,2532.0,100.0
광명6동,광명6동,24041283.0,4903.0,0.0,24041283.0,4903.0,100.0
광명7동,광명7동,30420859.0,5516.0,0.0,30420859.0,5516.0,100.0
광복동,광복동,10969021.0,3312.0,0.0,10969021.0,3312.0,100.0
광석면,광석면,9227600.0,3038.0,0.0,9227600.0,3038.0,100.0
광시면,광시면,6019671.0,2454.0,0.0,6019671.0,2454.0,100.0
광안1동,광안1동,28718196.0,5359.0,0.0,28718196.0,5359.0,100.0
광안2동,광안2동,56855746.0,7540.0,0.0,56855746.0,7540.0,100.0
광안3동,광안3동,34533821.0,5877.0,0.0,34533821.0,5877.0,100.0
광안4동,광안4동,34942274.0,5911.0,0.0,34942274.0,5911.0,100.0
광양읍,광양읍,80589414.0,8977.0,0.1,80589414.0,8977.0,100.0
광영동,광영동,21951664.0,4685.0,0.0,21951664.0,4685.0,100.0
광의면,광의면,4429320.0,2105.0,0.0,4429320.0,2105.0,100.0
광장동,광장동,80938536.0,8997.0,0.1,80938536.0,8997.0,100.0
광적면,광적면,46103180.0,6790.0,0.0,46103180.0,6790.0,100.0
광정동,광정동,141931384.0,11913.0,0.1,141931384.0,11913.0,100.0
광천동,광천동,29778052.0,5457.0,0.0,29778052.0,5457.0,100.0
광천읍,광천읍,18089194.0,4253.0,0.0,18089194.0,4253.0,100.0
광탄면,광탄면,24329998.0,4933.0,0.0,24329998.0,4933.0,100.0
광평동,광평동,18921756.0,4350.0,0.0,18921756.0,4350.0,100.0
광혜원면,광혜원면,17182014.0,4145.0,0.0,17182014.0,4145.0,100.0
광활면,광활면,1618617.0,1272.0,0.0,1618617.0,1272.0,100.0
광희동,광희동,67081644.0,8190.0,0.1,67081644.0,8190.0,100.0
괘법동,괘법동,66953789.0,8183.0,0.1,66953789.0,8183.0,100.0
괴산읍,괴산읍,30722972.0,5543.0,0.0,30722972.0,5543.0,100.0
괴안동,괴안동,42171493.0,6494.0,0.0,7727384.0,2780.0,18.3
괴안동,괴안동,42171493.0,6494.0,0.0,34444109.0,5869.0,81.7
괴정1동,괴정1동,30105596.0,5487.0,0.0,30105596.0,5487.0,100.0
괴정2동,괴정2동,14033876.0,3746.0,0.0,14033876.0,3746.0,100.0
괴정3동,괴정3동,33279760.0,5769.0,0.0,33279760.0,5769.0,100.0
괴정4동,괴정4동,23018548.0,4798.0,0.0,23018548.0,4798.0,100.0
괴정동,괴정동,55849490.0,7473.0,0.0,55849490.0,7473.0,100.0
교1동,교1동,107298380.0,10358.0,0.1,107298380.0,10358.0,100.0
교2동,교2동,42543134.0,6523.0,0.0,42543134.0,6523.0,100.0
교남동,교남동,17063410.0,4131.0,0.0,17063410.0,4131.0,100.0
교동,교동,186694238.0,13664.0,0.1,61182062.0,7822.0,32.8
교동,교동,186694238.0,13664.0,0.1,33576386.0,5795.0,18.0
교동,교동,186694238.0,13664.0,0.1,16796563.0,4098.0,9.0
교동,교동,186694238.0,13664.0,0.1,28620543.0,5350.0,15.3
교동,교동,186694238.0,13664.0,0.1,46518686.0,6820.0,24.9
교동면,교동면,5698385.0,2387.0,0.0,5698385.0,2387.0,100.0
교문1동,교문1동,56721276.0,7531.0,0.0,56721276.0,7531.0,100.0
교문2동,교문2동,46300572.0,6804.0,0.0,46300572.0,6804.0,100.0
교방동,교방동,25069236.0,5007.0,0.0,25069236.0,5007.0,100.0
교월동,교월동,14999394.0,3873.0,0.0,14999394.0,3873.0,100.0
교하동,교하동,99835984.0,9992.0,0.1,99835984.0,9992.0,100.0
교현.안림동,교현.안림동,62336642.0,7895.0,0.0,62336642.0,7895.0,100.0
교현2동,교현2동,40780092.0,6386.0,0.0,40780092.0,6386.0,100.0
구갈동,구갈동,115041829.0,10726.0,0.1,115041829.0,10726.0,100.0
구래동,구래동,38833774.0,6232.0,0.0,38833774.0,6232.0,100.0
구례읍,구례읍,28302050.0,5320.0,0.0,28302050.0,5320.0,100.0
구로1동,구로1동,29218945.0,5405.0,0.0,29218945.0,5405.0,100.0
구로2동,구로2동,62157092.0,7884.0,0.0,62157092.0,7884.0,100.0
구로3동,구로3동,77428946.0,8799.0,0.1,77428946.0,8799.0,100.0
구로4동,구로4동,43728920.0,6613.0,0.0,43728920.0,6613.0,100.0
구로5동,구로5동,91765541.0,9579.0,0.1,91765541.0,9579.0,100.0
구룡면,구룡면,6660259.0,2581.0,0.0,6660259.0,2581.0,100.0
구룡포읍,구룡포읍,18059276.0,4250.0,0.0,18059276.0,4250.0,100.0
구림면,구림면,2091313.0,1446.0,0.0,2091313.0,1446.0,100.0
구만면,구만면,1600980.0,1265.0,0.0,1600980.0,1265.0,100.0
구문소동,구문소동,7465591.0,2732.0,0.0,7465591.0,2732.0,100.0
구미1동,구미1동,49434672.0,7031.0,0.0,49434672.0,7031.0,100.0
구미동,구미동,76328224.0,8737.0,0.1,76328224.0,8737.0,100.0
구산동,구산동,49987374.0,7070.0,0.0,49987374.0,7070.0,100.0
구산면,구산면,10872785.0,3297.0,0.0,10872785.0,3297.0,100.0
구서1동,구서1동,33682828.0,5804.0,0.0,33682828.0,5804.0,100.0
구서2동,구서2동,53742850.0,7331.0,0.0,53742850.0,7331.0,100.0
구성동,구성동,72619138.0,8522.0,0.1,72619138.0,8522.0,100.0
구성면,구성면,3790924.0,1947.0,0.0,3790924.0,1947.0,100.0
구암1동,구암1동,8043217.0,2836.0,0.0,8043217.0,2836.0,100.0
구암2동,구암2동,18196731.0,4266.0,0.0,18196731.0,4266.0,100.0
구암동,구암동,135200076.0,11628.0,0.1,105619325.0,10277.0,78.1
구암동,구암동,135200076.0,11628.0,0.1,29580750.0,5439.0,21.9
구운동,구운동,44945369.0,6704.0,0.0,44945369.0,6704.0,100.0
구월1동,구월1동,39232344.0,6264.0,0.0,39232344.0,6264.0,100.0
구월2동,구월2동,55988380.0,7483.0,0.0,55988380.0,7483.0,100.0
구월3동,구월3동,114990253.0,10723.0,0.1,114990253.0,10723.0,100.0
구월4동,구월4동,54879716.0,7408.0,0.0,54879716.0,7408.0,100.0
구의1동,구의1동,46877012.0,6847.0,0.0,46877012.0,6847.0,100.0
구의2동,구의2동,57551144.0,7586.0,0.0,57551144.0,7586.0,100.0
구의3동,구의3동,76574760.0,8751.0,0.1,76574760.0,8751.0,100.0
구이면,구이면,7631704.0,2763.0,0.0,7631704.0,2763.0,100.0
구정면,구정면,18798770.0,4336.0,0.0,18798770.0,4336.0,100.0
구좌읍,구좌읍,58122988.0,7624.0,0.0,58122988.0,7624.0,100.0
구즉동,구즉동,34394752.0,5865.0,0.0,34394752.0,5865.0,100.0
구지면,구지면,36672906.0,6056.0,0.0,36672906.0,6056.0,100.0
구천면,구천면,3070308.0,1752.0,0.0,3070308.0,1752.0,100.0
구평동,구평동,17513867.0,4185.0,0.0,17513867.0,4185.0,100.0
구포1동,구포1동,52825367.0,7268.0,0.0,52825367.0,7268.0,100.0
구포2동,구포2동,39445098.0,6281.0,0.0,39445098.0,6281.0,100.0
구포3동,구포3동,35463200.0,5955.0,0.0,35463200.0,5955.0,100.0
구항면,구항면,6429626.0,2536.0,0.0,6429626.0,2536.0,100.0
국동,국동,27532558.0,5247.0,0.0,27532558.0,5247.0,100.0
국우동,국우동,60187956.0,7758.0,0.0,60187956.0,7758.0,100.0
국토정중앙면,국토정중앙면,7062598.0,2658.0,0.0,7062598.0,2658.0,100.0
군남면,군남면,12412879.0,3523.0,0.0,7657128.0,2767.0,61.7
군남면,군남면,12412879.0,3523.0,0.0,4755751.0,2181.0,38.3
군내면,군내면,34620239.0,5884.0,0.0,5717684.0,2391.0,16.5
군내면,군내면,34620239.0,5884.0,0.0,992926.0,996.0,2.9
군내면,군내면,34620239.0,5884.0,0.0,27909630.0,5283.0,80.6
군동면,군동면,10876460.0,3298.0,0.0,10876460.0,3298.0,100.0
군북면,군북면,25753850.0,5075.0,0.0,6249470.0,2500.0,24.3
군북면,군북면,25753850.0,5075.0,0.0,14981866.0,3871.0,58.2
군북면,군북면,25753850.0,5075.0,0.0,4522514.0,2127.0,17.6
군서면,군서면,17257160.0,4154.0,0.0,7882686.0,2808.0,45.7
군서면,군서면,17257160.0,4154.0,0.0,4046112.0,2011.0,23.4
군서면,군서면,17257160.0,4154.0,0.0,5328362.0,2308.0,30.9
군외면,군외면,3583349.0,1893.0,0.0,3583349.0,1893.0,100.0
군위읍,군위읍,17370182.0,4168.0,0.0,17370182.0,4168.0,100.0
군자동,군자동,65323430.0,8082.0,0.1,18914847.0,4349.0,29.0
군자동,군자동,65323430.0,8082.0,0.1,46408582.0,6812.0,71.0
군포1동,군포1동,72710284.0,8527.0,0.1,72710284.0,8527.0,100.0
군포2동,군포2동,72223980.0,8498.0,0.1,72223980.0,8498.0,100.0
궁내동,궁내동,42126654.0,6491.0,0.0,42126654.0,6491.0,100.0
궁류면,궁류면,1254824.0,1120.0,0.0,1254824.0,1120.0,100.0
권선1동,권선1동,80048882.0,8947.0,0.1,80048882.0,8947.0,100.0
권선2동,권선2동,49227496.0,7016.0,0.0,49227496.0,7016.0,100.0
귀래면,귀래면,5280737.0,2298.0,0.0,5280737.0,2298.0,100.0
귀인동,귀인동,58256114.0,7633.0,0.0,58256114.0,7633.0,100.0
규암면,규암면,40502640.0,6364.0,0.0,40502640.0,6364.0,100.0
근남면,근남면,18239344.0,4271.0,0.0,13122333.0,3622.0,71.9
근남면,근남면,18239344.0,4271.0,0.0,5117010.0,2262.0,28.1
근덕면,근덕면,16669600.0,4083.0,0.0,16669600.0,4083.0,100.0
근동면,근동면,23384.0,153.0,0.0,23384.0,153.0,100.0
근북면,근북면,72482.0,269.0,0.0,72482.0,269.0,100.0
근화동,근화동,46813630.0,6842.0,0.0,46813630.0,6842.0,100.0
근흥면,근흥면,18223846.0,4269.0,0.0,18223846.0,4269.0,100.0
금가면,금가면,16853666.0,4105.0,0.0,16853666.0,4105.0,100.0
금강송면,금강송면,1959926.0,1400.0,0.0,1959926.0,1400.0,100.0
금곡동,금곡동,282980582.0,16822.0,0.2,79481826.0,8915.0,28.1
금곡동,금곡동,282980582.0,16822.0,0.2,84198566.0,9176.0,29.8
금곡동,금곡동,282980582.0,16822.0,0.2,62347596.0,7896.0,22.0
금곡동,금곡동,282980582.0,16822.0,0.2,56952595.0,7547.0,20.1
금곡면,금곡면,2260604.0,1504.0,0.0,2260604.0,1504.0,100.0
금과면,금과면,1472807.0,1214.0,0.0,1472807.0,1214.0,100.0
금광1동,금광1동,30218500.0,5497.0,0.0,30218500.0,5497.0,100.0
금광2동,금광2동,41859944.0,6470.0,0.0,41859944.0,6470.0,100.0
금광면,금광면,20964006.0,4579.0,0.0,20964006.0,4579.0,100.0
금구면,금구면,8339590.0,2888.0,0.0,8339590.0,2888.0,100.0
금남동,금남동,27258354.0,5221.0,0.0,27258354.0,5221.0,100.0
금남면,금남면,34323488.0,5859.0,0.0,5243046.0,2290.0,15.3
금남면,금남면,34323488.0,5859.0,0.0,29080443.0,5393.0,84.7
금당면,금당면,590020.0,768.0,0.0,590020.0,768.0,100.0
금동,금동,30023976.0,5479.0,0.0,30023976.0,5479.0,100.0
금마면,금마면,30195123.0,5495.0,0.0,6164879.0,2483.0,20.4
금마면,금마면,30195123.0,5495.0,0.0,24030244.0,4902.0,79.6
금사면,금사면,5000860.0,2236.0,0.0,5000860.0,2236.0,100.0
금사회동동,금사회동동,17484432.0,4181.0,0.0,17484432.0,4181.0,100.0
금산면,금산면,59734479.0,7729.0,0.0,7718260.0,2778.0,12.9
금산면,금산면,59734479.0,7729.0,0.0,6323971.0,2515.0,10.6
금산면,금산면,59734479.0,7729.0,0.0,45692248.0,6760.0,76.5
금산읍,금산읍,72749848.0,8529.0,0.1,72749848.0,8529.0,100.0
금서면,금서면,7322392.0,2706.0,0.0,7322392.0,2706.0,100.0
금성동,금성동,3346864.0,1829.0,0.0,3346864.0,1829.0,100.0
금성면,금성면,31578169.0,5619.0,0.0,8858346.0,2976.0,28.1
금성면,금성면,31578169.0,5619.0,0.0,5559561.0,2358.0,17.6
금성면,금성면,31578169.0,5619.0,0.0,4123438.0,2031.0,13.1
금성면,금성면,31578169.0,5619.0,0.0,9747664.0,3122.0,30.9
금성면,금성면,31578169.0,5619.0,0.0,3289160.0,1814.0,10.4
금수강산면,금수강산면,568676.0,754.0,0.0,568676.0,754.0,100.0
금수면,금수면,1550048.0,1245.0,0.0,1550048.0,1245.0,100.0
금암1동,금암1동,39371017.0,6275.0,0.0,39371017.0,6275.0,100.0
금암2동,금암2동,24863055.0,4986.0,0.0,24863055.0,4986.0,100.0
금암동,금암동,44873164.0,6699.0,0.0,14790706.0,3846.0,33.0
금암동,금암동,44873164.0,6699.0,0.0,30082458.0,5485.0,67.0
금왕읍,금왕읍,59426238.0,7709.0,0.0,59426238.0,7709.0,100.0
금일읍,금일읍,4446201.0,2109.0,0.0,4446201.0,2109.0,100.0
금정동,금정동,35409549.0,5951.0,0.0,35409549.0,5951.0,100.0
금정면,금정면,3048899.0,1746.0,0.0,3048899.0,1746.0,100.0
금지면,금지면,4603840.0,2146.0,0.0,4603840.0,2146.0,100.0
금창동,금창동,8714342.0,2952.0,0.0,8714342.0,2952.0,100.0
금천동,금천동,46772744.0,6839.0,0.0,46772744.0,6839.0,100.0
금천면,금천면,18793722.0,4335.0,0.0,15110767.0,3887.0,80.4
금천면,금천면,18793722.0,4335.0,0.0,3682956.0,1919.0,19.6
금촌1동,금촌1동,69317594.0,8326.0,0.1,69317594.0,8326.0,100.0
금촌2동,금촌2동,48907663.0,6993.0,0.0,48907663.0,6993.0,100.0
금촌3동,금촌3동,33384284.0,5778.0,0.0,33384284.0,5778.0,100.0
금학동,금학동,10387948.0,3223.0,0.0,10387948.0,3223.0,100.0
금호1가동,금호1가동,29900490.0,5468.0,0.0,29900490.0,5468.0,100.0
금호1동,금호1동,37023962.0,6085.0,0.0,37023962.0,6085.0,100.0
금호2.3가동,금호2.3가동,36902068.0,6075.0,0.0,36902068.0,6075.0,100.0
금호2동,금호2동,46166264.0,6795.0,0.0,46166264.0,6795.0,100.0
금호4가동,금호4가동,36620238.0,6051.0,0.0,36620238.0,6051.0,100.0
금호동,금호동,100512426.0,10026.0,0.1,67185674.0,8197.0,66.8
금호동,금호동,100512426.0,10026.0,0.1,33326752.0,5773.0,33.2
금호읍,금호읍,17466102.0,4179.0,0.0,17466102.0,4179.0,100.0
기계면,기계면,11724153.0,3424.0,0.0,11724153.0,3424.0,100.0
기린면,기린면,9298888.0,3049.0,0.0,9298888.0,3049.0,100.0
기배동,기배동,24283900.0,4928.0,0.0,24283900.0,4928.0,100.0
기북면,기북면,2493152.0,1579.0,0.0,2493152.0,1579.0,100.0
기산면,기산면,9094652.0,3016.0,0.0,3751895.0,1937.0,41.3
기산면,기산면,9094652.0,3016.0,0.0,5342757.0,2311.0,58.7
기성동,기성동,9064986.0,3011.0,0.0,9064986.0,3011.0,100.0
기성면,기성면,5676251.0,2382.0,0.0,5676251.0,2382.0,100.0
기장읍,기장읍,106955460.0,10342.0,0.1,106955460.0,10342.0,100.0
기흥동,기흥동,46732122.0,6836.0,0.0,46732122.0,6836.0,100.0
길곡면,길곡면,1056412.0,1028.0,0.0,1056412.0,1028.0,100.0
길동,길동,146093658.0,12087.0,0.1,146093658.0,12087.0,100.0
길상면,길상면,24843903.0,4984.0,0.0,24843903.0,4984.0,100.0
길안면,길안면,6497074.0,2549.0,0.0,6497074.0,2549.0,100.0
길음1동,길음1동,68011338.0,8247.0,0.1,68011338.0,8247.0,100.0
길음2동,길음2동,40543727.0,6367.0,0.0,40543727.0,6367.0,100.0
김삿갓면,김삿갓면,2705454.0,1645.0,0.0,2705454.0,1645.0,100.0
김포본동,김포본동,127771532.0,11304.0,0.1,127771532.0,11304.0,100.0
김화읍,김화읍,7292831.0,2701.0,0.0,7292831.0,2701.0,100.0
나산면,나산면,2567656.0,1602.0,0.0,2567656.0,1602.0,100.0
나성동,나성동,32179525.0,5673.0,0.0,32179525.0,5673.0,100.0
나운1동,나운1동,44570183.0,6676.0,0.0,44570183.0,6676.0,100.0
나운2동,나운2동,56261670.0,7501.0,0.0,56261670.0,7501.0,100.0
나운3동,나운3동,107236952.0,10356.0,0.1,107236952.0,10356.0,100.0
나포면,나포면,5477696.0,2340.0,0.0,5477696.0,2340.0,100.0
낙동면,낙동면,7225866.0,2688.0,0.0,7225866.0,2688.0,100.0
낙서면,낙서면,686777.0,829.0,0.0,686777.0,829.0,100.0
낙성대동,낙성대동,74534820.0,8633.0,0.1,74534820.0,8633.0,100.0
낙안면,낙안면,5246944.0,2291.0,0.0,5246944.0,2291.0,100.0
낙월면,낙월면,777976.0,882.0,0.0,777976.0,882.0,100.0
난곡동,난곡동,36633020.0,6053.0,0.0,36633020.0,6053.0,100.0
난향동,난향동,13996790.0,3741.0,0.0,13996790.0,3741.0,100.0
남가좌1동,남가좌1동,21581700.0,4646.0,0.0,21581700.0,4646.0,100.0
남가좌2동,남가좌2동,38315557.0,6190.0,0.0,38315557.0,6190.0,100.0
남면,남면,95373628.0,9766.0,0.1,4395405.0,2097.0,4.6
남면,남면,95373628.0,9766.0,0.1,16111851.0,4014.0,16.9
남면,남면,95373628.0,9766.0,0.1,170558.0,413.0,0.2
남면,남면,95373628.0,9766.0,0.1,10127352.0,3182.0,10.6
남면,남면,95373628.0,9766.0,0.1,6798564.0,2607.0,7.1
남면,남면,95373628.0,9766.0,0.1,9706480.0,3116.0,10.2
남면,남면,95373628.0,9766.0,0.1,20178120.0,4492.0,21.2
남면,남면,95373628.0,9766.0,0.1,5281976.0,2298.0,5.5
남면,남면,95373628.0,9766.0,0.1,633661.0,796.0,0.7
남면,남면,95373628.0,9766.0,0.1,3257594.0,1805.0,3.4
남면,남면,95373628.0,9766.0,0.1,2728470.0,1652.0,2.9
남면,남면,95373628.0,9766.0,0.1,2908994.0,1706.0,3.1
남면,남면,95373628.0,9766.0,0.1,6740282.0,2596.0,7.1
남면,남면,95373628.0,9766.0,0.1,6334321.0,2517.0,6.6
남목1동,남목1동,13800546.0,3715.0,0.0,13800546.0,3715.0,100.0
남목2동,남목2동,49195696.0,7014.0,0.0,49195696.0,7014.0,100.0
남목3동,남목3동,26528694.0,5151.0,0.0,26528694.0,5151.0,100.0
남부동,남부동,64949594.0,8059.0,0.1,19078605.0,4368.0,29.4
남부동,남부동,64949594.0,8059.0,0.1,45870990.0,6773.0,70.6
남부면,남부면,6968332.0,2640.0,0.0,6968332.0,2640.0,100.0
남부민1동,남부민1동,7024899.0,2650.0,0.0,7024899.0,2650.0,100.0
남부민2동,남부민2동,15562309.0,3945.0,0.0,15562309.0,3945.0,100.0
남사면,남사면,8802672.0,2967.0,0.0,8802672.0,2967.0,100.0
남사읍,남사읍,22144392.0,4706.0,0.0,22144392.0,4706.0,100.0
남산1동,남산1동,16279221.0,4035.0,0.0,16279221.0,4035.0,100.0
남산2동,남산2동,13851666.0,3722.0,0.0,13851666.0,3722.0,100.0
남산3동,남산3동,10832392.0,3291.0,0.0,10832392.0,3291.0,100.0
남산4동,남산4동,27771230.0,5270.0,0.0,27771230.0,5270.0,100.0
남산동,남산동,69703896.0,8349.0,0.1,69703896.0,8349.0,100.0
남산면,남산면,24233454.0,4923.0,0.0,8606496.0,2934.0,35.5
남산면,남산면,24233454.0,4923.0,0.0,15626958.0,3953.0,64.5
남상면,남상면,7078680.0,2661.0,0.0,7078680.0,2661.0,100.0
남선면,남선면,6107878.0,2471.0,0.0,6107878.0,2471.0,100.0
남양동,남양동,60834676.0,7800.0,0.0,14739540.0,3839.0,24.2
남양동,남양동,60834676.0,7800.0,0.0,46095136.0,6789.0,75.8
남양면,남양면,5717537.0,2391.0,0.0,3443251.0,1856.0,60.2
남양면,남양면,5717537.0,2391.0,0.0,2274286.0,1508.0,39.8
남양읍,남양읍,137927125.0,11744.0,0.1,137927125.0,11744.0,100.0
남영동,남영동,48052238.0,6932.0,0.0,48052238.0,6932.0,100.0
남원동,남원동,39403161.0,6277.0,0.0,39403161.0,6277.0,100.0
남원읍,남원읍,48898857.0,6993.0,0.0,48898857.0,6993.0,100.0
남이면,남이면,18763524.0,4332.0,0.0,15119884.0,3888.0,80.6
남이면,남이면,18763524.0,4332.0,0.0,3643640.0,1909.0,19.4
남일면,남일면,24597132.0,4960.0,0.0,19216610.0,4384.0,78.1
남일면,남일면,24597132.0,4960.0,0.0,5380522.0,2320.0,21.9
남정면,남정면,4697780.0,2167.0,0.0,4697780.0,2167.0,100.0
남제동,남제동,30501880.0,5523.0,0.0,30501880.0,5523.0,100.0
남종면,남종면,4459168.0,2112.0,0.0,4459168.0,2112.0,100.0
남중동,남중동,63605174.0,7975.0,0.0,63605174.0,7975.0,100.0
남지읍,남지읍,23693092.0,4868.0,0.0,23693092.0,4868.0,100.0
남천1동,남천1동,51886443.0,7203.0,0.0,51886443.0,7203.0,100.0
남천2동,남천2동,27440564.0,5238.0,0.0,27440564.0,5238.0,100.0
남천면,남천면,7366048.0,2714.0,0.0,7366048.0,2714.0,100.0
남촌도림동,남촌도림동,39098034.0,6253.0,0.0,39098034.0,6253.0,100.0
남촌동,남촌동,58226158.0,7631.0,0.0,58226158.0,7631.0,100.0
남평읍,남평읍,20306598.0,4506.0,0.0,20306598.0,4506.0,100.0
남포동,남포동,31028406.0,5570.0,0.0,31028406.0,5570.0,100.0
남포면,남포면,17351582.0,4166.0,0.0,17351582.0,4166.0,100.0
남하면,남하면,2968444.0,1723.0,0.0,2968444.0,1723.0,100.0
남한산성면,남한산성면,8966220.0,2994.0,0.0,8966220.0,2994.0,100.0
남항동,남항동,55146844.0,7426.0,0.0,55146844.0,7426.0,100.0
남해읍,남해읍,43147454.0,6569.0,0.0,43147454.0,6569.0,100.0
남현동,남현동,63111538.0,7944.0,0.0,27557838.0,5250.0,43.7
남현동,남현동,63111538.0,7944.0,0.0,35553700.0,5963.0,56.3
남후면,남후면,7657338.0,2767.0,0.0,7657338.0,2767.0,100.0
낭산면,낭산면,9455414.0,3075.0,0.0,9455414.0,3075.0,100.0
낭성면,낭성면,4363079.0,2089.0,0.0,4363079.0,2089.0,100.0
내가면,내가면,10336266.0,3215.0,0.0,10336266.0,3215.0,100.0
내곡동,내곡동,79538690.0,8918.0,0.1,50563373.0,7111.0,63.6
내곡동,내곡동,79538690.0,8918.0,0.1,28975317.0,5383.0,36.4
내남면,내남면,13328382.0,3651.0,0.0,13328382.0,3651.0,100.0
내당1동,내당1동,31820719.0,5641.0,0.0,31820719.0,5641.0,100.0
내당2.3동,내당2.3동,12033392.0,3469.0,0.0,12033392.0,3469.0,100.0
내당4동,내당4동,19651132.0,4433.0,0.0,19651132.0,4433.0,100.0
내덕1동,내덕1동,18252462.0,4272.0,0.0,18252462.0,4272.0,100.0
내덕2동,내덕2동,39979968.0,6323.0,0.0,39979968.0,6323.0,100.0
내동,내동,28529361.0,5341.0,0.0,28529361.0,5341.0,100.0
내동면,내동면,12705410.0,3564.0,0.0,12705410.0,3564.0,100.0
내면,내면,3488572.0,1868.0,0.0,3488572.0,1868.0,100.0
내북면,내북면,2543485.0,1595.0,0.0,2543485.0,1595.0,100.0
내산면,내산면,3228158.0,1797.0,0.0,3228158.0,1797.0,100.0
내서면,내서면,3090339.0,1758.0,0.0,3090339.0,1758.0,100.0
내서읍,내서읍,106990964.0,10344.0,0.1,106990964.0,10344.0,100.0
내손1동,내손1동,36468358.0,6039.0,0.0,36468358.0,6039.0,100.0
내손2동,내손2동,27975976.0,5289.0,0.0,27975976.0,5289.0,100.0
내수읍,내수읍,35193904.0,5932.0,0.0,35193904.0,5932.0,100.0
내외동,내외동,182348817.0,13504.0,0.1,182348817.0,13504.0,100.0
내이동,내이동,67393050.0,8209.0,0.1,67393050.0,8209.0,100.0
내일동,내일동,19232034.0,4385.0,0.0,19232034.0,4385.0,100.0
내장상동,내장상동,58943202.0,7677.0,0.0,58943202.0,7677.0,100.0
내촌면,내촌면,11705627.0,3421.0,0.0,2598792.0,1612.0,22.2
내촌면,내촌면,11705627.0,3421.0,0.0,9106835.0,3018.0,77.8
노곡면,노곡면,1202656.0,1097.0,0.0,1202656.0,1097.0,100.0
노동면,노동면,1345491.0,1160.0,0.0,1345491.0,1160.0,100.0
노량진1동,노량진1동,88144928.0,9389.0,0.1,88144928.0,9389.0,100.0
노량진2동,노량진2동,45187562.0,6722.0,0.0,45187562.0,6722.0,100.0
노산동,노산동,4097471.0,2024.0,0.0,4097471.0,2024.0,100.0
노성면,노성면,7301858.0,2702.0,0.0,7301858.0,2702.0,100.0
노송동,노송동,43457694.0,6592.0,0.0,43457694.0,6592.0,100.0
노안면,노안면,7615150.0,2760.0,0.0,7615150.0,2760.0,100.0
노암동,노암동,20974674.0,4580.0,0.0,20974674.0,4580.0,100.0
노원동,노원동,47975588.0,6926.0,0.0,47975588.0,6926.0,100.0
노은1동,노은1동,76380650.0,8740.0,0.1,76380650.0,8740.0,100.0
노은2동,노은2동,34107507.0,5840.0,0.0,34107507.0,5840.0,100.0
노은3동,노은3동,50708522.0,7121.0,0.0,50708522.0,7121.0,100.0
노은면,노은면,6279882.0,2506.0,0.0,6279882.0,2506.0,100.0
노학동,노학동,70192906.0,8378.0,0.1,70192906.0,8378.0,100.0
노형동,노형동,243194476.0,15595.0,0.2,243194476.0,15595.0,100.0
노화읍,노화읍,12980006.0,3603.0,0.0,12980006.0,3603.0,100.0
녹번동,녹번동,74870744.0,8653.0,0.1,74870744.0,8653.0,100.0
녹산동,녹산동,68702277.0,8289.0,0.1,68702277.0,8289.0,100.0
녹양동,녹양동,30102342.0,5487.0,0.0,30102342.0,5487.0,100.0
녹전면,녹전면,2332404.0,1527.0,0.0,2332404.0,1527.0,100.0
논공읍,논공읍,46015644.0,6783.0,0.0,46015644.0,6783.0,100.0
논현1동,논현1동,158050154.0,12572.0,0.1,67101475.0,8192.0,42.5
논현1동,논현1동,158050154.0,12572.0,0.1,90948680.0,9537.0,57.5
논현2동,논현2동,184804823.0,13594.0,0.1,116165161.0,10778.0,62.9
논현2동,논현2동,184804823.0,13594.0,0.1,68639662.0,8285.0,37.1
논현고잔동,논현고잔동,94904470.0,9742.0,0.1,94904470.0,9742.0,100.0
농성1동,농성1동,73034430.0,8546.0,0.1,73034430.0,8546.0,100.0
농성2동,농성2동,14874822.0,3857.0,0.0,14874822.0,3857.0,100.0
농소1동,농소1동,111512544.0,10560.0,0.1,111512544.0,10560.0,100.0
농소2동,농소2동,43138032.0,6568.0,0.0,43138032.0,6568.0,100.0
농소3동,농소3동,55490880.0,7449.0,0.0,55490880.0,7449.0,100.0
농소동,농소동,15865804.0,3983.0,0.0,15865804.0,3983.0,100.0
농소면,농소면,43604694.0,6603.0,0.0,43604694.0,6603.0,100.0
농암면,농암면,2764808.0,1663.0,0.0,2764808.0,1663.0,100.0
능곡동,능곡동,44892610.0,6700.0,0.0,21326042.0,4618.0,47.5
능곡동,능곡동,44892610.0,6700.0,0.0,23566567.0,4855.0,52.5
능동,능동,65765483.0,8110.0,0.1,65765483.0,8110.0,100.0
능서면,능서면,10556637.0,3249.0,0.0,10556637.0,3249.0,100.0
능주면,능주면,11302876.0,3362.0,0.0,11302876.0,3362.0,100.0
능평동,능평동,18044408.0,4248.0,0.0,18044408.0,4248.0,100.0
능포동,능포동,33808257.0,5814.0,0.0,33808257.0,5814.0,100.0
다대1동,다대1동,68530234.0,8278.0,0.1,68530234.0,8278.0,100.0
다대2동,다대2동,48032716.0,6931.0,0.0,48032716.0,6931.0,100.0
다도면,다도면,3997917.0,1999.0,0.0,3997917.0,1999.0,100.0
다사읍,다사읍,97386989.0,9868.0,0.1,97386989.0,9868.0,100.0
다산1동,다산1동,125553078.0,11205.0,0.1,125553078.0,11205.0,100.0
다산2동,다산2동,76670010.0,8756.0,0.1,76670010.0,8756.0,100.0
다산동,다산동,42798924.0,6542.0,0.0,42798924.0,6542.0,100.0
다산면,다산면,8302508.0,2881.0,0.0,8302508.0,2881.0,100.0
다시면,다시면,7714623.0,2778.0,0.0,7714623.0,2778.0,100.0
다압면,다압면,1589948.0,1261.0,0.0,1589948.0,1261.0,100.0
다운동,다운동,33162896.0,5759.0,0.0,33162896.0,5759.0,100.0
다인면,다인면,3819728.0,1954.0,0.0,3819728.0,1954.0,100.0
다정동,다정동,9776890.0,3127.0,0.0,9776890.0,3127.0,100.0
단계동,단계동,137011472.0,11705.0,0.1,137011472.0,11705.0,100.0
단구동,단구동,162724398.0,12756.0,0.1,162724398.0,12756.0,100.0
단대동,단대동,18750098.0,4330.0,0.0,18750098.0,4330.0,100.0
단밀면,단밀면,2453969.0,1567.0,0.0,2453969.0,1567.0,100.0
단북면,단북면,5364348.0,2316.0,0.0,5364348.0,2316.0,100.0
단산면,단산면,3988467.0,1997.0,0.0,3988467.0,1997.0,100.0
단성면,단성면,13313209.0,3649.0,0.0,9216064.0,3036.0,69.2
단성면,단성면,13313209.0,3649.0,0.0,4097146.0,2024.0,30.8
단양읍,단양읍,32731646.0,5721.0,0.0,32731646.0,5721.0,100.0
단월면,단월면,6422826.0,2534.0,0.0,6422826.0,2534.0,100.0
단장면,단장면,7848400.0,2801.0,0.0,7848400.0,2801.0,100.0
단촌면,단촌면,3433062.0,1853.0,0.0,3433062.0,1853.0,100.0
달동,달동,124867512.0,11174.0,0.1,124867512.0,11174.0,100.0
달산면,달산면,1689919.0,1300.0,0.0,1689919.0,1300.0,100.0
달안동,달안동,69804311.0,8355.0,0.1,69804311.0,8355.0,100.0
달천동,달천동,26806770.0,5178.0,0.0,26806770.0,5178.0,100.0
담양읍,담양읍,44395852.0,6663.0,0.0,44395852.0,6663.0,100.0
답십리1동,답십리1동,49747019.0,7053.0,0.0,49747019.0,7053.0,100.0
답십리2동,답십리2동,47841556.0,6917.0,0.0,47841556.0,6917.0,100.0
당감1동,당감1동,38626270.0,6215.0,0.0,38626270.0,6215.0,100.0
당감2동,당감2동,13616088.0,3690.0,0.0,13616088.0,3690.0,100.0
당감4동,당감4동,25357843.0,5036.0,0.0,25357843.0,5036.0,100.0
당리동,당리동,54474175.0,7381.0,0.0,54474175.0,7381.0,100.0
당산1동,당산1동,62202228.0,7887.0,0.0,62202228.0,7887.0,100.0
당산2동,당산2동,79571636.0,8920.0,0.1,79571636.0,8920.0,100.0
당진1동,당진1동,132768374.0,11523.0,0.1,132768374.0,11523.0,100.0
당진2동,당진2동,34273638.0,5854.0,0.0,34273638.0,5854.0,100.0
당진3동,당진3동,60372942.0,7770.0,0.0,60372942.0,7770.0,100.0
당하동,당하동,51806769.0,7198.0,0.0,51806769.0,7198.0,100.0
대가면,대가면,7019614.0,2649.0,0.0,4573702.0,2139.0,65.2
대가면,대가면,7019614.0,2649.0,0.0,2445912.0,1564.0,34.8
대가야읍,대가야읍,27762668.0,5269.0,0.0,27762668.0,5269.0,100.0
대강면,대강면,7374196.0,2716.0,0.0,1848066.0,1359.0,25.1
대강면,대강면,7374196.0,2716.0,0.0,5526129.0,2351.0,74.9
대곡동,대곡동,46184075.0,6796.0,0.0,46184075.0,6796.0,100.0
대곡면,대곡면,6075034.0,2465.0,0.0,6075034.0,2465.0,100.0
대곶면,대곶면,38181133.0,6179.0,0.0,38181133.0,6179.0,100.0
대관령면,대관령면,20470002.0,4524.0,0.0,20470002.0,4524.0,100.0
대교동,대교동,19769022.0,4446.0,0.0,19769022.0,4446.0,100.0
대구면,대구면,2946762.0,1717.0,0.0,2946762.0,1717.0,100.0
대덕동,대덕동,16006179.0,4001.0,0.0,16006179.0,4001.0,100.0
대덕면,대덕면,54138182.0,7358.0,0.0,48706466.0,6979.0,90.0
대덕면,대덕면,54138182.0,7358.0,0.0,2452292.0,1566.0,4.5
대덕면,대덕면,54138182.0,7358.0,0.0,2979424.0,1726.0,5.5
대덕읍,대덕읍,6544640.0,2558.0,0.0,6544640.0,2558.0,100.0
대동,대동,23000576.0,4796.0,0.0,23000576.0,4796.0,100.0
대동면,대동면,17233720.0,4151.0,0.0,11918193.0,3452.0,69.2
대동면,대동면,17233720.0,4151.0,0.0,5315527.0,2306.0,30.8
대륜동,대륜동,61851598.0,7865.0,0.0,61851598.0,7865.0,100.0
대림1동,대림1동,24008086.0,4900.0,0.0,24008086.0,4900.0,100.0
대림2동,대림2동,26801068.0,5177.0,0.0,26801068.0,5177.0,100.0
대림3동,대림3동,37526248.0,6126.0,0.0,37526248.0,6126.0,100.0
대마면,대마면,2960366.0,1721.0,0.0,2960366.0,1721.0,100.0
대명10동,대명10동,15208686.0,3900.0,0.0,15208686.0,3900.0,100.0
대명11동,대명11동,15318219.0,3914.0,0.0,15318219.0,3914.0,100.0
대명1동,대명1동,23494401.0,4847.0,0.0,23494401.0,4847.0,100.0
대명2동,대명2동,24272724.0,4927.0,0.0,24272724.0,4927.0,100.0
대명3동,대명3동,18115986.0,4256.0,0.0,18115986.0,4256.0,100.0
대명4동,대명4동,21300734.0,4615.0,0.0,21300734.0,4615.0,100.0
대명5동,대명5동,26244687.0,5123.0,0.0,26244687.0,5123.0,100.0
대명6동,대명6동,23894566.0,4888.0,0.0,23894566.0,4888.0,100.0
대명9동,대명9동,44585345.0,6677.0,0.0,44585345.0,6677.0,100.0
대방동,대방동,67994000.0,8246.0,0.1,67994000.0,8246.0,100.0
대병면,대병면,4984570.0,2233.0,0.0,4984570.0,2233.0,100.0
대봉1동,대봉1동,10542578.0,3247.0,0.0,10542578.0,3247.0,100.0
대봉2동,대봉2동,12275666.0,3504.0,0.0,12275666.0,3504.0,100.0
대부동,대부동,19358776.0,4400.0,0.0,19358776.0,4400.0,100.0
대사동,대사동,23896411.0,4888.0,0.0,23896411.0,4888.0,100.0
대산동,대산동,106590726.0,10324.0,0.1,106590726.0,10324.0,100.0
대산면,대산면,27665708.0,5260.0,0.0,3589365.0,1895.0,13.0
대산면,대산면,27665708.0,5260.0,0.0,4884432.0,2210.0,17.7
대산면,대산면,27665708.0,5260.0,0.0,14562874.0,3816.0,52.6
대산면,대산면,27665708.0,5260.0,0.0,4629037.0,2152.0,16.7
대산읍,대산읍,39861126.0,6314.0,0.0,39861126.0,6314.0,100.0
대서면,대서면,1641360.0,1281.0,0.0,1641360.0,1281.0,100.0
대성동,대성동,31660447.0,5627.0,0.0,31660447.0,5627.0,100.0
대소원면,대소원면,41253972.0,6423.0,0.0,41253972.0,6423.0,100.0
대소읍,대소읍,34374053.0,5863.0,0.0,34374053.0,5863.0,100.0
대송동,대송동,27275980.0,5223.0,0.0,27275980.0,5223.0,100.0
대송면,대송면,14901688.0,3860.0,0.0,14901688.0,3860.0,100.0
대술면,대술면,3690634.0,1921.0,0.0,3690634.0,1921.0,100.0
대신동,대신동,114926119.0,10720.0,0.1,86028078.0,9275.0,74.9
대신동,대신동,114926119.0,10720.0,0.1,28898040.0,5376.0,25.1
대신면,대신면,15987230.0,3998.0,0.0,15987230.0,3998.0,100.0
대야동,대야동,129010140.0,11358.0,0.1,92090904.0,9596.0,71.4
대야동,대야동,129010140.0,11358.0,0.1,36919236.0,6076.0,28.6
대야면,대야면,12693860.0,3563.0,0.0,12693860.0,3563.0,100.0
대양면,대양면,5642553.0,2375.0,0.0,5642553.0,2375.0,100.0
대연1동,대연1동,63861984.0,7991.0,0.1,63861984.0,7991.0,100.0
대연3동,대연3동,135928751.0,11659.0,0.1,135928751.0,11659.0,100.0
대연4동,대연4동,25010937.0,5001.0,0.0,25010937.0,5001.0,100.0
대연5동,대연5동,34859472.0,5904.0,0.0,34859472.0,5904.0,100.0
대연6동,대연6동,20408126.0,4518.0,0.0,20408126.0,4518.0,100.0
대원1동,대원1동,35768428.0,5981.0,0.0,35768428.0,5981.0,100.0
대원2동,대원2동,6695591.0,2588.0,0.0,6695591.0,2588.0,100.0
대원동,대원동,82382688.0,9076.0,0.1,82382688.0,9076.0,100.0
대월면,대월면,42092992.0,6488.0,0.0,42092992.0,6488.0,100.0
대의면,대의면,1359768.0,1166.0,0.0,1359768.0,1166.0,100.0
대이동,대이동,73169366.0,8554.0,0.1,73169366.0,8554.0,100.0
대저1동,대저1동,18540064.0,4306.0,0.0,18540064.0,4306.0,100.0
대저2동,대저2동,32751082.0,5723.0,0.0,32751082.0,5723.0,100.0
대전면,대전면,7462084.0,2732.0,0.0,7462084.0,2732.0,100.0
대정읍,대정읍,60633909.0,7787.0,0.0,60633909.0,7787.0,100.0
대조동,대조동,97676033.0,9883.0,0.1,97676033.0,9883.0,100.0
대지면,대지면,3564869.0,1888.0,0.0,3564869.0,1888.0,100.0
대창면,대창면,3816596.0,1954.0,0.0,3816596.0,1954.0,100.0
대천1동,대천1동,41595222.0,6449.0,0.0,41595222.0,6449.0,100.0
대천2동,대천2동,78257274.0,8846.0,0.1,78257274.0,8846.0,100.0
대천3동,대천3동,82564062.0,9086.0,0.1,82564062.0,9086.0,100.0
대천4동,대천4동,45730052.0,6762.0,0.0,45730052.0,6762.0,100.0
대천5동,대천5동,35155883.0,5929.0,0.0,35155883.0,5929.0,100.0
대천동,대천동,35429359.0,5952.0,0.0,35429359.0,5952.0,100.0
대청동,대청동,28823308.0,5369.0,0.0,7775022.0,2788.0,27.0
대청동,대청동,28823308.0,5369.0,0.0,21048286.0,4588.0,73.0
대청면,대청면,2246408.0,1499.0,0.0,2246408.0,1499.0,100.0
대촌동,대촌동,12638206.0,3555.0,0.0,12638206.0,3555.0,100.0
대치1동,대치1동,118370273.0,10880.0,0.1,118370273.0,10880.0,100.0
대치2동,대치2동,155314058.0,12463.0,0.1,155314058.0,12463.0,100.0
대치4동,대치4동,150779398.0,12279.0,0.1,150779398.0,12279.0,100.0
대치면,대치면,4093442.0,2023.0,0.0,4093442.0,2023.0,100.0
대평동,대평동,10082744.0,3175.0,0.0,10082744.0,3175.0,100.0
대평면,대평면,1917363.0,1385.0,0.0,1917363.0,1385.0,100.0
대포동,대포동,26459909.0,5144.0,0.0,26459909.0,5144.0,100.0
대학동,대학동,93915171.0,9691.0,0.1,93915171.0,9691.0,100.0
대합면,대합면,7194296.0,2682.0,0.0,7194296.0,2682.0,100.0
대항면,대항면,7779930.0,2789.0,0.0,7779930.0,2789.0,100.0
대현동,대현동,98174202.0,9908.0,0.1,34553813.0,5878.0,35.2
대현동,대현동,98174202.0,9908.0,0.1,63620389.0,7976.0,64.8
대호지면,대호지면,2911937.0,1706.0,0.0,2911937.0,1706.0,100.0
대화동,대화동,169922588.0,13035.0,0.1,16900398.0,4111.0,9.9
대화동,대화동,169922588.0,13035.0,0.1,153022191.0,12370.0,90.1
대화면,대화면,11255727.0,3355.0,0.0,11255727.0,3355.0,100.0
대흥동,대흥동,130246448.0,11413.0,0.1,73892931.0,8596.0,56.7
대흥동,대흥동,130246448.0,11413.0,0.1,56353518.0,7507.0,43.3
대흥면,대흥면,6588288.0,2567.0,0.0,6588288.0,2567.0,100.0
덕계동,덕계동,40570026.0,6369.0,0.0,40570026.0,6369.0,100.0
덕곡면,덕곡면,1969572.0,1403.0,0.0,1466868.0,1211.0,74.5
덕곡면,덕곡면,1969572.0,1403.0,0.0,502705.0,709.0,25.5
덕과면,덕과면,1677042.0,1295.0,0.0,1677042.0,1295.0,100.0
덕산동,덕산동,27736268.0,5267.0,0.0,27736268.0,5267.0,100.0
덕산면,덕산면,26794870.0,5176.0,0.0,2412308.0,1553.0,9.0
덕산면,덕산면,26794870.0,5176.0,0.0,3436937.0,1854.0,12.8
덕산면,덕산면,26794870.0,5176.0,0.0,20945624.0,4577.0,78.2
덕산읍,덕산읍,17511182.0,4185.0,0.0,17511182.0,4185.0,100.0
덕암동,덕암동,21840074.0,4673.0,0.0,21840074.0,4673.0,100.0
덕연동,덕연동,128087410.0,11318.0,0.1,128087410.0,11318.0,100.0
덕이동,덕이동,64361465.0,8023.0,0.1,64361465.0,8023.0,100.0
덕적면,덕적면,2066015.0,1437.0,0.0,2066015.0,1437.0,100.0
덕진동,덕진동,112027668.0,10584.0,0.1,112027668.0,10584.0,100.0
덕진면,덕진면,3494866.0,1869.0,0.0,3494866.0,1869.0,100.0
덕천1동,덕천1동,34262266.0,5853.0,0.0,34262266.0,5853.0,100.0
덕천2동,덕천2동,88090110.0,9386.0,0.1,88090110.0,9386.0,100.0
덕천3동,덕천3동,8852900.0,2975.0,0.0,8852900.0,2975.0,100.0
덕천면,덕천면,3377423.0,1838.0,0.0,3377423.0,1838.0,100.0
덕치면,덕치면,708449.0,842.0,0.0,708449.0,842.0,100.0
덕포1동,덕포1동,12843572.0,3584.0,0.0,12843572.0,3584.0,100.0
덕포2동,덕포2동,25399948.0,5040.0,0.0,25399948.0,5040.0,100.0
덕풍1동,덕풍1동,25637962.0,5063.0,0.0,25637962.0,5063.0,100.0
덕풍2동,덕풍2동,32789379.0,5726.0,0.0,32789379.0,5726.0,100.0
덕풍3동,덕풍3동,132954437.0,11531.0,0.1,132954437.0,11531.0,100.0
도개면,도개면,4628480.0,2151.0,0.0,4628480.0,2151.0,100.0
도계읍,도계읍,16873927.0,4108.0,0.0,16873927.0,4108.0,100.0
도고면,도고면,10502748.0,3241.0,0.0,10502748.0,3241.0,100.0
도곡1동,도곡1동,115455634.0,10745.0,0.1,115455634.0,10745.0,100.0
도곡2동,도곡2동,73914564.0,8597.0,0.1,73914564.0,8597.0,100.0
도곡면,도곡면,8025346.0,2833.0,0.0,8025346.0,2833.0,100.0
도담동,도담동,130480920.0,11423.0,0.1,130480920.0,11423.0,100.0
도당동,도당동,34220386.0,5850.0,0.0,14969966.0,3869.0,43.7
도당동,도당동,34220386.0,5850.0,0.0,19250420.0,4388.0,56.3
도덕면,도덕면,3727168.0,1931.0,0.0,3727168.0,1931.0,100.0
도두동,도두동,32919541.0,5738.0,0.0,32919541.0,5738.0,100.0
도량동,도량동,54075010.0,7354.0,0.0,54075010.0,7354.0,100.0
도림동,도림동,37546834.0,6128.0,0.0,37546834.0,6128.0,100.0
도마1동,도마1동,41107448.0,6412.0,0.0,41107448.0,6412.0,100.0
도마2동,도마2동,29143611.0,5398.0,0.0,29143611.0,5398.0,100.0
도봉1동,도봉1동,43416636.0,6589.0,0.0,43416636.0,6589.0,100.0
도봉2동,도봉2동,37763110.0,6145.0,0.0,37763110.0,6145.0,100.0
도사동,도사동,61326800.0,7831.0,0.0,61326800.0,7831.0,100.0
도산동,도산동,26763464.0,5173.0,0.0,26763464.0,5173.0,100.0
도산면,도산면,11073682.0,3328.0,0.0,6904384.0,2628.0,62.3
도산면,도산면,11073682.0,3328.0,0.0,4169298.0,2042.0,37.7
도안동,도안동,24316516.0,4931.0,0.0,24316516.0,4931.0,100.0
도안면,도안면,4851406.0,2203.0,0.0,4851406.0,2203.0,100.0
도암면,도암면,7131212.0,2670.0,0.0,1776870.0,1333.0,24.9
도암면,도암면,7131212.0,2670.0,0.0,5354342.0,2314.0,75.1
도양읍,도양읍,18225428.0,4269.0,0.0,18225428.0,4269.0,100.0
도원동,도원동,84446506.0,9189.0,0.1,76814042.0,8764.0,91.0
도원동,도원동,84446506.0,9189.0,0.1,7632464.0,2763.0,9.0
도척면,도척면,20334097.0,4509.0,0.0,20334097.0,4509.0,100.0
도천동,도천동,44131574.0,6643.0,0.0,44131574.0,6643.0,100.0
도천면,도천면,3799827.0,1949.0,0.0,3799827.0,1949.0,100.0
도초면,도초면,6158453.0,2482.0,0.0,6158453.0,2482.0,100.0
도촌동,도촌동,26018790.0,5101.0,0.0,26018790.0,5101.0,100.0
도통동,도통동,46933551.0,6851.0,0.0,46933551.0,6851.0,100.0
도평동,도평동,8654538.0,2942.0,0.0,8654538.0,2942.0,100.0
도포면,도포면,2433697.0,1560.0,0.0,2433697.0,1560.0,100.0
도화1동,도화1동,53388416.0,7307.0,0.0,53388416.0,7307.0,100.0
도화2.3동,도화2.3동,42744313.0,6538.0,0.0,42744313.0,6538.0,100.0
도화동,도화동,45792271.0,6767.0,0.0,45792271.0,6767.0,100.0
도화면,도화면,5021664.0,2241.0,0.0,5021664.0,2241.0,100.0
독산1동,독산1동,64954278.0,8059.0,0.1,64954278.0,8059.0,100.0
독산2동,독산2동,17888608.0,4229.0,0.0,17888608.0,4229.0,100.0
독산3동,독산3동,24983452.0,4998.0,0.0,24983452.0,4998.0,100.0
독산4동,독산4동,32038321.0,5660.0,0.0,32038321.0,5660.0,100.0
돈암1동,돈암1동,29164026.0,5400.0,0.0,29164026.0,5400.0,100.0
돈암2동,돈암2동,29357972.0,5418.0,0.0,29357972.0,5418.0,100.0
돌산읍,돌산읍,35315266.0,5943.0,0.0,35315266.0,5943.0,100.0
동강면,동강면,5245152.0,2290.0,0.0,2430838.0,1559.0,46.3
동강면,동강면,5245152.0,2290.0,0.0,2814315.0,1678.0,53.7
동계면,동계면,1603780.0,1266.0,0.0,1603780.0,1266.0,100.0
동곡동,동곡동,4363384.0,2089.0,0.0,4363384.0,2089.0,100.0
동광동,동광동,10659092.0,3265.0,0.0,10659092.0,3265.0,100.0
동구동,동구동,122349202.0,11061.0,0.1,122349202.0,11061.0,100.0
동내면,동내면,74697830.0,8643.0,0.1,74697830.0,8643.0,100.0
동대신1동,동대신1동,8885471.0,2981.0,0.0,8885471.0,2981.0,100.0
동대신2동,동대신2동,9117230.0,3019.0,0.0,9117230.0,3019.0,100.0
동대신3동,동대신3동,29573733.0,5438.0,0.0,29573733.0,5438.0,100.0
동량면,동량면,15137672.0,3891.0,0.0,15137672.0,3891.0,100.0
동로면,동로면,2743538.0,1656.0,0.0,2743538.0,1656.0,100.0
동림동,동림동,39603854.0,6293.0,0.0,39603854.0,6293.0,100.0
동면,동면,167638870.0,12948.0,0.1,2896838.0,1702.0,1.7
동면,동면,167638870.0,12948.0,0.1,74918448.0,8656.0,44.7
동면,동면,167638870.0,12948.0,0.1,78230005.0,8845.0,46.7
동면,동면,167638870.0,12948.0,0.1,6525064.0,2554.0,3.9
동면,동면,167638870.0,12948.0,0.1,5068514.0,2251.0,3.0
동명동,동명동,63584283.0,7974.0,0.0,20492994.0,4527.0,32.2
동명동,동명동,63584283.0,7974.0,0.0,25246641.0,5025.0,39.7
동명동,동명동,63584283.0,7974.0,0.0,17844648.0,4224.0,28.1
동명면,동명면,7847672.0,2801.0,0.0,7847672.0,2801.0,100.0
동문1동,동문1동,48235835.0,6945.0,0.0,48235835.0,6945.0,100.0
동문2동,동문2동,56418414.0,7511.0,0.0,56418414.0,7511.0,100.0
동문동,동문동,73920052.0,8598.0,0.1,17936348.0,4235.0,24.3
동문동,동문동,73920052.0,8598.0,0.1,55983704.0,7482.0,75.7
동백1동,동백1동,31880342.0,5646.0,0.0,31880342.0,5646.0,100.0
동백2동,동백2동,83971304.0,9164.0,0.1,83971304.0,9164.0,100.0
동백3동,동백3동,48343022.0,6953.0,0.0,48343022.0,6953.0,100.0
동백동,동백동,27248896.0,5220.0,0.0,27248896.0,5220.0,100.0
동복면,동복면,2253052.0,1501.0,0.0,2253052.0,1501.0,100.0
동부동,동부동,171257261.0,13087.0,0.1,52528903.0,7248.0,30.7
동부동,동부동,171257261.0,13087.0,0.1,34032824.0,5834.0,19.9
동부동,동부동,171257261.0,13087.0,0.1,84695534.0,9203.0,49.5
동부면,동부면,16696869.0,4086.0,0.0,16696869.0,4086.0,100.0
동삭동,동삭동,38616140.0,6214.0,0.0,38616140.0,6214.0,100.0
동산동,동산동,60025553.0,7748.0,0.0,60025553.0,7748.0,100.0
동산면,동산면,5701437.0,2388.0,0.0,5701437.0,2388.0,100.0
동삼1동,동삼1동,59251514.0,7698.0,0.0,59251514.0,7698.0,100.0
동삼2동,동삼2동,17981089.0,4240.0,0.0,17981089.0,4240.0,100.0
동삼3동,동삼3동,18595552.0,4312.0,0.0,18595552.0,4312.0,100.0
동상동,동상동,47474130.0,6890.0,0.0,47474130.0,6890.0,100.0
동상면,동상면,1229270.0,1109.0,0.0,1229270.0,1109.0,100.0
동서금동,동서금동,34472690.0,5871.0,0.0,34472690.0,5871.0,100.0
동서동,동서동,16020756.0,4003.0,0.0,16020756.0,4003.0,100.0
동서학동,동서학동,15298528.0,3911.0,0.0,15298528.0,3911.0,100.0
동선동,동선동,90911163.0,9535.0,0.1,90911163.0,9535.0,100.0
동성동,동성동,12348777.0,3514.0,0.0,12348777.0,3514.0,100.0
동송읍,동송읍,34353557.0,5861.0,0.0,34353557.0,5861.0,100.0
동읍,동읍,32313613.0,5685.0,0.0,32313613.0,5685.0,100.0
동이면,동이면,7865694.0,2805.0,0.0,7865694.0,2805.0,100.0
동인동,동인동,34949156.0,5912.0,0.0,34949156.0,5912.0,100.0
동인천동,동인천동,27130758.0,5209.0,0.0,27130758.0,5209.0,100.0
동일면,동일면,2084726.0,1444.0,0.0,2084726.0,1444.0,100.0
동진면,동진면,4878545.0,2209.0,0.0,4878545.0,2209.0,100.0
동천동,동천동,271330874.0,16472.0,0.2,60494322.0,7778.0,22.3
동천동,동천동,271330874.0,16472.0,0.2,110493162.0,10512.0,40.7
동천동,동천동,271330874.0,16472.0,0.2,77110740.0,8781.0,28.4
동천동,동천동,271330874.0,16472.0,0.2,23232650.0,4820.0,8.6
동촌동,동촌동,47722507.0,6908.0,0.0,47722507.0,6908.0,100.0
동춘1동,동춘1동,59489213.0,7713.0,0.0,59489213.0,7713.0,100.0
동춘2동,동춘2동,37578320.0,6130.0,0.0,37578320.0,6130.0,100.0
동춘3동,동춘3동,18161826.0,4262.0,0.0,18161826.0,4262.0,100.0
동충동,동충동,22961631.0,4792.0,0.0,22961631.0,4792.0,100.0
동탄1동,동탄1동,186076866.0,13641.0,0.1,186076866.0,13641.0,100.0
동탄2동,동탄2동,63051160.0,7940.0,0.0,63051160.0,7940.0,100.0
동탄3동,동탄3동,60813865.0,7798.0,0.0,60813865.0,7798.0,100.0
동탄4동,동탄4동,47511688.0,6893.0,0.0,47511688.0,6893.0,100.0
동탄5동,동탄5동,89517200.0,9461.0,0.1,89517200.0,9461.0,100.0
동탄6동,동탄6동,171669810.0,13102.0,0.1,171669810.0,13102.0,100.0
동탄7동,동탄7동,77079366.0,8779.0,0.1,77079366.0,8779.0,100.0
동탄8동,동탄8동,31276690.0,5593.0,0.0,31276690.0,5593.0,100.0
동탄9동,동탄9동,14525574.0,3811.0,0.0,14525574.0,3811.0,100.0
동해면,동해면,25181219.0,5018.0,0.0,17109110.0,4136.0,67.9
동해면,동해면,25181219.0,5018.0,0.0,8072110.0,2841.0,32.1
동향면,동향면,1525164.0,1235.0,0.0,1525164.0,1235.0,100.0
동호동,동호동,13669530.0,3697.0,0.0,13669530.0,3697.0,100.0
동홍동,동홍동,83480754.0,9137.0,0.1,83480754.0,9137.0,100.0
동화동,동화동,21859288.0,4675.0,0.0,21859288.0,4675.0,100.0
동화면,동화면,4114936.0,2029.0,0.0,4114936.0,2029.0,100.0
두동면,두동면,9117952.0,3020.0,0.0,9117952.0,3020.0,100.0
두류1.2동,두류1.2동,39259944.0,6266.0,0.0,39259944.0,6266.0,100.0
두류3동,두류3동,47247252.0,6874.0,0.0,47247252.0,6874.0,100.0
두마면,두마면,12897454.0,3591.0,0.0,12897454.0,3591.0,100.0
두산동,두산동,86158443.0,9282.0,0.1,86158443.0,9282.0,100.0
두서면,두서면,7933933.0,2817.0,0.0,7933933.0,2817.0,100.0
두암1동,두암1동,10742008.0,3278.0,0.0,10742008.0,3278.0,100.0
두암2동,두암2동,41227014.0,6421.0,0.0,41227014.0,6421.0,100.0
두암3동,두암3동,29783656.0,5457.0,0.0,29783656.0,5457.0,100.0
두원면,두원면,5231888.0,2287.0,0.0,5231888.0,2287.0,100.0
두촌면,두촌면,3755490.0,1938.0,0.0,3755490.0,1938.0,100.0
두호동,두호동,74403301.0,8626.0,0.1,74403301.0,8626.0,100.0
둔내면,둔내면,10841138.0,3293.0,0.0,10841138.0,3293.0,100.0
둔덕동,둔덕동,21159985.0,4600.0,0.0,21159985.0,4600.0,100.0
둔덕면,둔덕면,7911673.0,2813.0,0.0,7911673.0,2813.0,100.0
둔산1동,둔산1동,93713624.0,9681.0,0.1,93713624.0,9681.0,100.0
둔산2동,둔산2동,158952616.0,12608.0,0.1,158952616.0,12608.0,100.0
둔산3동,둔산3동,26492400.0,5147.0,0.0,26492400.0,5147.0,100.0
둔촌1동,둔촌1동,15159945.0,3894.0,0.0,15159945.0,3894.0,100.0
둔촌2동,둔촌2동,64769205.0,8048.0,0.1,64769205.0,8048.0,100.0
둔포면,둔포면,42128062.0,6491.0,0.0,42128062.0,6491.0,100.0
득량면,득량면,8516876.0,2918.0,0.0,8516876.0,2918.0,100.0
등촌1동,등촌1동,50687228.0,7119.0,0.0,50687228.0,7119.0,100.0
등촌2동,등촌2동,18571973.0,4310.0,0.0,18571973.0,4310.0,100.0
등촌3동,등촌3동,95308952.0,9763.0,0.1,95308952.0,9763.0,100.0
마도면,마도면,23658124.0,4864.0,0.0,23658124.0,4864.0,100.0
마동,마동,29979096.0,5475.0,0.0,29979096.0,5475.0,100.0
마두1동,마두1동,66358386.0,8146.0,0.1,66358386.0,8146.0,100.0
마두2동,마두2동,39718872.0,6302.0,0.0,39718872.0,6302.0,100.0
마량면,마량면,3665676.0,1915.0,0.0,3665676.0,1915.0,100.0
마령면,마령면,3023150.0,1739.0,0.0,3023150.0,1739.0,100.0
마로면,마로면,4026519.0,2007.0,0.0,4026519.0,2007.0,100.0
마리면,마리면,4543105.0,2131.0,0.0,4543105.0,2131.0,100.0
마북동,마북동,66772573.0,8171.0,0.1,66772573.0,8171.0,100.0
마산동,마산동,28640630.0,5352.0,0.0,28640630.0,5352.0,100.0
마산면,마산면,15700108.0,3962.0,0.0,8288816.0,2879.0,52.8
마산면,마산면,15700108.0,3962.0,0.0,2600045.0,1612.0,16.6
마산면,마산면,15700108.0,3962.0,0.0,4811247.0,2193.0,30.6
마서면,마서면,15341736.0,3917.0,0.0,15341736.0,3917.0,100.0
마성면,마성면,6641390.0,2577.0,0.0,6641390.0,2577.0,100.0
마암면,마암면,3080136.0,1755.0,0.0,3080136.0,1755.0,100.0
마장동,마장동,40019854.0,6326.0,0.0,40019854.0,6326.0,100.0
마장면,마장면,43545968.0,6599.0,0.0,43545968.0,6599.0,100.0
마전동,마전동,39885944.0,6316.0,0.0,39885944.0,6316.0,100.0
마천1동,마천1동,19564468.0,4423.0,0.0,19564468.0,4423.0,100.0
마천2동,마천2동,34750380.0,5895.0,0.0,34750380.0,5895.0,100.0
마천면,마천면,3792666.0,1947.0,0.0,3792666.0,1947.0,100.0
만경읍,만경읍,6290522.0,2508.0,0.0,6290522.0,2508.0,100.0
만년동,만년동,51913236.0,7205.0,0.0,51913236.0,7205.0,100.0
만덕1동,만덕1동,23365674.0,4834.0,0.0,23365674.0,4834.0,100.0
만덕2동,만덕2동,38076434.0,6171.0,0.0,38076434.0,6171.0,100.0
만덕3동,만덕3동,25021854.0,5002.0,0.0,25021854.0,5002.0,100.0
만덕동,만덕동,26409754.0,5139.0,0.0,26409754.0,5139.0,100.0
만석동,만석동,7325780.0,2707.0,0.0,7325780.0,2707.0,100.0
만수1동,만수1동,26223572.0,5121.0,0.0,26223572.0,5121.0,100.0
만수2동,만수2동,28099463.0,5301.0,0.0,28099463.0,5301.0,100.0
만수3동,만수3동,12618042.0,3552.0,0.0,12618042.0,3552.0,100.0
만수4동,만수4동,19818638.0,4452.0,0.0,19818638.0,4452.0,100.0
만수5동,만수5동,42039963.0,6484.0,0.0,42039963.0,6484.0,100.0
만수6동,만수6동,44035120.0,6636.0,0.0,44035120.0,6636.0,100.0
만촌1동,만촌1동,41733433.0,6460.0,0.0,41733433.0,6460.0,100.0
만촌2동,만촌2동,24273966.0,4927.0,0.0,24273966.0,4927.0,100.0
만촌3동,만촌3동,43263101.0,6577.0,0.0,43263101.0,6577.0,100.0
만호동,만호동,23086287.0,4805.0,0.0,23086287.0,4805.0,100.0
망미1동,망미1동,34623995.0,5884.0,0.0,34623995.0,5884.0,100.0
망미2동,망미2동,15963647.0,3995.0,0.0,15963647.0,3995.0,100.0
망상동,망상동,13831562.0,3719.0,0.0,13831562.0,3719.0,100.0
망성면,망성면,5641398.0,2375.0,0.0,5641398.0,2375.0,100.0
망우3동,망우3동,26470356.0,5145.0,0.0,26470356.0,5145.0,100.0
망우본동,망우본동,93805408.0,9685.0,0.1,93805408.0,9685.0,100.0
망운면,망운면,4806518.0,2192.0,0.0,4806518.0,2192.0,100.0
망원1동,망원1동,58967678.0,7679.0,0.0,58967678.0,7679.0,100.0
망원2동,망원2동,46139233.0,6793.0,0.0,46139233.0,6793.0,100.0
망포1동,망포1동,36958436.0,6079.0,0.0,36958436.0,6079.0,100.0
망포2동,망포2동,25471047.0,5047.0,0.0,25471047.0,5047.0,100.0
매곡동,매곡동,58826565.0,7670.0,0.0,50555610.0,7110.0,85.9
매곡동,매곡동,58826565.0,7670.0,0.0,8270955.0,2876.0,14.1
매곡면,매곡면,3237710.0,1799.0,0.0,3237710.0,1799.0,100.0
매교동,매교동,18739718.0,4329.0,0.0,18739718.0,4329.0,100.0
매산동,매산동,53294115.0,7300.0,0.0,53294115.0,7300.0,100.0
매송면,매송면,12700580.0,3564.0,0.0,12700580.0,3564.0,100.0
매전면,매전면,3664066.0,1914.0,0.0,3664066.0,1914.0,100.0
매탄1동,매탄1동,21334295.0,4619.0,0.0,21334295.0,4619.0,100.0
매탄2동,매탄2동,150381364.0,12263.0,0.1,150381364.0,12263.0,100.0
매탄3동,매탄3동,101854263.0,10092.0,0.1,101854263.0,10092.0,100.0
매탄4동,매탄4동,21554872.0,4643.0,0.0,21554872.0,4643.0,100.0
매포읍,매포읍,8973268.0,2996.0,0.0,8973268.0,2996.0,100.0
매화동,매화동,18079520.0,4252.0,0.0,18079520.0,4252.0,100.0
매화면,매화면,5350086.0,2313.0,0.0,5350086.0,2313.0,100.0
맹동면,맹동면,26483163.0,5146.0,0.0,26483163.0,5146.0,100.0
면목2동,면목2동,44748907.0,6689.0,0.0,44748907.0,6689.0,100.0
면목3.8동,면목3.8동,15132817.0,3890.0,0.0,15132817.0,3890.0,100.0
면목4동,면목4동,36096879.0,6008.0,0.0,36096879.0,6008.0,100.0
면목5동,면목5동,29200874.0,5404.0,0.0,29200874.0,5404.0,100.0
면목7동,면목7동,49317860.0,7023.0,0.0,49317860.0,7023.0,100.0
면목본동,면목본동,53250040.0,7297.0,0.0,53250040.0,7297.0,100.0
면목제3.8동,면목제3.8동,45905044.0,6775.0,0.0,45905044.0,6775.0,100.0
면천면,면천면,11079436.0,3329.0,0.0,11079436.0,3329.0,100.0
명곡동,명곡동,73002034.0,8544.0,0.1,73002034.0,8544.0,100.0
명동,명동,80919573.0,8996.0,0.1,80919573.0,8996.0,100.0
명륜1동,명륜1동,30979658.0,5566.0,0.0,30979658.0,5566.0,100.0
명륜2동,명륜2동,42775026.0,6540.0,0.0,42775026.0,6540.0,100.0
명륜동,명륜동,118901342.0,10904.0,0.1,23573442.0,4855.0,19.8
명륜동,명륜동,118901342.0,10904.0,0.1,95327900.0,9764.0,80.2
명석면,명석면,5805950.0,2410.0,0.0,5805950.0,2410.0,100.0
명일1동,명일1동,76930886.0,8771.0,0.1,76930886.0,8771.0,100.0
명일2동,명일2동,47458268.0,6889.0,0.0,47458268.0,6889.0,100.0
명장1동,명장1동,17788239.0,4218.0,0.0,17788239.0,4218.0,100.0
명장2동,명장2동,13119568.0,3622.0,0.0,13119568.0,3622.0,100.0
명정동,명정동,16297628.0,4037.0,0.0,16297628.0,4037.0,100.0
명지1동,명지1동,88676046.0,9417.0,0.1,88676046.0,9417.0,100.0
명지2동,명지2동,38381808.0,6195.0,0.0,38381808.0,6195.0,100.0
명학동,명학동,402787.0,635.0,0.0,402787.0,635.0,100.0
명호면,명호면,2306384.0,1519.0,0.0,2306384.0,1519.0,100.0
모가면,모가면,16973708.0,4120.0,0.0,16973708.0,4120.0,100.0
모동면,모동면,3518344.0,1876.0,0.0,3518344.0,1876.0,100.0
모라1동,모라1동,40090200.0,6332.0,0.0,40090200.0,6332.0,100.0
모라3동,모라3동,13709888.0,3703.0,0.0,13709888.0,3703.0,100.0
모서면,모서면,4087836.0,2022.0,0.0,4087836.0,2022.0,100.0
모충동,모충동,24323250.0,4932.0,0.0,24323250.0,4932.0,100.0
모현동,모현동,105592610.0,10276.0,0.1,105592610.0,10276.0,100.0
모현읍,모현읍,32240918.0,5678.0,0.0,32240918.0,5678.0,100.0
목1동,목1동,104300256.0,10213.0,0.1,104300256.0,10213.0,100.0
목2동,목2동,49922092.0,7066.0,0.0,49922092.0,7066.0,100.0
목3동,목3동,16781026.0,4096.0,0.0,16781026.0,4096.0,100.0
목4동,목4동,36275810.0,6023.0,0.0,36275810.0,6023.0,100.0
목5동,목5동,72203758.0,8497.0,0.1,72203758.0,8497.0,100.0
목감동,목감동,44783694.0,6692.0,0.0,44783694.0,6692.0,100.0
목동,목동,21423510.0,4629.0,0.0,21423510.0,4629.0,100.0
목면,목면,1088804.0,1043.0,0.0,1088804.0,1043.0,100.0
목사동면,목사동면,1254424.0,1120.0,0.0,1254424.0,1120.0,100.0
목상동,목상동,19008034.0,4360.0,0.0,19008034.0,4360.0,100.0
목원동,목원동,68571934.0,8281.0,0.1,68571934.0,8281.0,100.0
목천읍,목천읍,36449434.0,6037.0,0.0,36449434.0,6037.0,100.0
목행.용탄동,목행.용탄동,32914928.0,5737.0,0.0,32914928.0,5737.0,100.0
몽탄면,몽탄면,3948287.0,1987.0,0.0,3948287.0,1987.0,100.0
묘도동,묘도동,2150036.0,1466.0,0.0,2150036.0,1466.0,100.0
묘량면,묘량면,2433994.0,1560.0,0.0,2433994.0,1560.0,100.0
묘산면,묘산면,1624242.0,1274.0,0.0,1624242.0,1274.0,100.0
무거동,무거동,78030214.0,8833.0,0.1,78030214.0,8833.0,100.0
무릉도원면,무릉도원면,2289802.0,1513.0,0.0,2289802.0,1513.0,100.0
무실동,무실동,151123382.0,12293.0,0.1,151123382.0,12293.0,100.0
무악동,무악동,11161230.0,3341.0,0.0,11161230.0,3341.0,100.0
무안면,무안면,8024646.0,2833.0,0.0,8024646.0,2833.0,100.0
무안읍,무안읍,33745117.0,5809.0,0.0,33745117.0,5809.0,100.0
무을면,무을면,3041636.0,1744.0,0.0,3041636.0,1744.0,100.0
무장면,무장면,6288289.0,2508.0,0.0,6288289.0,2508.0,100.0
무전동,무전동,59692500.0,7726.0,0.0,59692500.0,7726.0,100.0
무정면,무정면,3413182.0,1847.0,0.0,3413182.0,1847.0,100.0
무주읍,무주읍,25549979.0,5055.0,0.0,25549979.0,5055.0,100.0
무태조야동,무태조야동,49675854.0,7048.0,0.0,49675854.0,7048.0,100.0
무풍면,무풍면,3053512.0,1747.0,0.0,3053512.0,1747.0,100.0
묵1동,묵1동,48887492.0,6992.0,0.0,48887492.0,6992.0,100.0
묵2동,묵2동,48314192.0,6951.0,0.0,48314192.0,6951.0,100.0
묵호동,묵호동,12286932.0,3505.0,0.0,12286932.0,3505.0,100.0
문경읍,문경읍,15041327.0,3878.0,0.0,15041327.0,3878.0,100.0
문곡소도동,문곡소도동,17386089.0,4170.0,0.0,17386089.0,4170.0,100.0
문광면,문광면,3479819.0,1865.0,0.0,3479819.0,1865.0,100.0
문내면,문내면,5860603.0,2421.0,0.0,5860603.0,2421.0,100.0
문덕면,문덕면,795375.0,892.0,0.0,795375.0,892.0,100.0
문래동,문래동,74782876.0,8648.0,0.1,74782876.0,8648.0,100.0
문막읍,문막읍,42496290.0,6519.0,0.0,42496290.0,6519.0,100.0
문무대왕면,문무대왕면,7853608.0,2802.0,0.0,7853608.0,2802.0,100.0
문백면,문백면,7194306.0,2682.0,0.0,7194306.0,2682.0,100.0
문산면,문산면,1914910.0,1384.0,0.0,1914910.0,1384.0,100.0
문산읍,문산읍,95648592.0,9780.0,0.1,78135876.0,8839.0,81.7
문산읍,문산읍,95648592.0,9780.0,0.1,17512715.0,4185.0,18.3
문성동,문성동,45592134.0,6752.0,0.0,45592134.0,6752.0,100.0
문수동,문수동,53204162.0,7294.0,0.0,53204162.0,7294.0,100.0
문수면,문수면,5009042.0,2238.0,0.0,5009042.0,2238.0,100.0
문원동,문원동,32771508.0,5725.0,0.0,32771508.0,5725.0,100.0
문의면,문의면,7005828.0,2647.0,0.0,7005828.0,2647.0,100.0
문정1동,문정1동,50395090.0,7099.0,0.0,50395090.0,7099.0,100.0
문정2동,문정2동,129218824.0,11367.0,0.1,129218824.0,11367.0,100.0
문창동,문창동,13085860.0,3617.0,0.0,13085860.0,3617.0,100.0
문척면,문척면,2791271.0,1671.0,0.0,2791271.0,1671.0,100.0
문평면,문평면,1232644.0,1110.0,0.0,1232644.0,1110.0,100.0
문학동,문학동,27720122.0,5265.0,0.0,27720122.0,5265.0,100.0
문현1동,문현1동,19561633.0,4423.0,0.0,19561633.0,4423.0,100.0
문현2동,문현2동,20748357.0,4555.0,0.0,20748357.0,4555.0,100.0
문현3동,문현3동,28032232.0,5295.0,0.0,28032232.0,5295.0,100.0
문현4동,문현4동,8649928.0,2941.0,0.0,8649928.0,2941.0,100.0
문화1동,문화1동,61518709.0,7843.0,0.0,61518709.0,7843.0,100.0
문화2동,문화2동,22025087.0,4693.0,0.0,22025087.0,4693.0,100.0
문화동,문화동,165218686.0,12854.0,0.1,51620590.0,7185.0,31.2
문화동,문화동,165218686.0,12854.0,0.1,48155856.0,6939.0,29.1
문화동,문화동,165218686.0,12854.0,0.1,65442240.0,8090.0,39.6
문흥1동,문흥1동,40998164.0,6403.0,0.0,40998164.0,6403.0,100.0
문흥2동,문흥2동,25221329.0,5022.0,0.0,25221329.0,5022.0,100.0
물금읍,물금읍,225597572.0,15020.0,0.2,225597572.0,15020.0,100.0
물야면,물야면,3207757.0,1791.0,0.0,3207757.0,1791.0,100.0
미력면,미력면,3200690.0,1789.0,0.0,3200690.0,1789.0,100.0
미로면,미로면,3942348.0,1986.0,0.0,3942348.0,1986.0,100.0
미사1동,미사1동,123442424.0,11110.0,0.1,123442424.0,11110.0,100.0
미사2동,미사2동,114345994.0,10693.0,0.1,114345994.0,10693.0,100.0
미사3동,미사3동,27632521.0,5257.0,0.0,27632521.0,5257.0,100.0
미산면,미산면,6525382.0,2554.0,0.0,3352086.0,1831.0,51.4
미산면,미산면,6525382.0,2554.0,0.0,3173296.0,1781.0,48.6
미성동,미성동,98631326.0,9931.0,0.1,48664942.0,6976.0,49.3
미성동,미성동,98631326.0,9931.0,0.1,49966385.0,7069.0,50.7
미수동,미수동,19489774.0,4415.0,0.0,19489774.0,4415.0,100.0
미아동,미아동,47279645.0,6876.0,0.0,47279645.0,6876.0,100.0
미암면,미암면,5710638.0,2390.0,0.0,5710638.0,2390.0,100.0
미양면,미양면,23112898.0,4808.0,0.0,23112898.0,4808.0,100.0
미원면,미원면,8700283.0,2950.0,0.0,8700283.0,2950.0,100.0
미조면,미조면,5796934.0,2408.0,0.0,5796934.0,2408.0,100.0
미천면,미천면,1579585.0,1257.0,0.0,1579585.0,1257.0,100.0
미탄면,미탄면,2522908.0,1588.0,0.0,2522908.0,1588.0,100.0
미평동,미평동,32412642.0,5693.0,0.0,32412642.0,5693.0,100.0
민락동,민락동,59749000.0,7730.0,0.0,59749000.0,7730.0,100.0
박달1동,박달1동,21165480.0,4601.0,0.0,21165480.0,4601.0,100.0
박달2동,박달2동,37916238.0,6158.0,0.0,37916238.0,6158.0,100.0
박달동,박달동,3474936.0,1864.0,0.0,3474936.0,1864.0,100.0
반곡관설동,반곡관설동,139089692.0,11794.0,0.1,139089692.0,11794.0,100.0
반곡동,반곡동,24082905.0,4907.0,0.0,24082905.0,4907.0,100.0
반구1동,반구1동,22931248.0,4789.0,0.0,22931248.0,4789.0,100.0
반구2동,반구2동,32262528.0,5680.0,0.0,32262528.0,5680.0,100.0
반남면,반남면,2049257.0,1432.0,0.0,2049257.0,1432.0,100.0
반송1동,반송1동,13887688.0,3727.0,0.0,13887688.0,3727.0,100.0
반송2동,반송2동,16653035.0,4081.0,0.0,16653035.0,4081.0,100.0
반송동,반송동,52178710.0,7223.0,0.0,52178710.0,7223.0,100.0
반여1동,반여1동,59204117.0,7694.0,0.0,59204117.0,7694.0,100.0
반여2동,반여2동,18937835.0,4352.0,0.0,18937835.0,4352.0,100.0
반여3동,반여3동,7076548.0,2660.0,0.0,7076548.0,2660.0,100.0
반여4동,반여4동,11004766.0,3317.0,0.0,11004766.0,3317.0,100.0
반월동,반월동,81318391.0,9018.0,0.1,15909180.0,3989.0,19.6
반월동,반월동,81318391.0,9018.0,0.1,65409211.0,8088.0,80.4
반월중앙동,반월중앙동,33515682.0,5789.0,0.0,33515682.0,5789.0,100.0
반포1동,반포1동,63319302.0,7957.0,0.0,63319302.0,7957.0,100.0
반포2동,반포2동,63310600.0,7957.0,0.0,63310600.0,7957.0,100.0
반포3동,반포3동,55130243.0,7425.0,0.0,55130243.0,7425.0,100.0
반포4동,반포4동,106881456.0,10338.0,0.1,106881456.0,10338.0,100.0
반포면,반포면,8765099.0,2961.0,0.0,8765099.0,2961.0,100.0
반포본동,반포본동,12151300.0,3486.0,0.0,12151300.0,3486.0,100.0
발산1동,발산1동,82170854.0,9065.0,0.1,82170854.0,9065.0,100.0
발한동,발한동,19852312.0,4456.0,0.0,19852312.0,4456.0,100.0
방림1동,방림1동,11101433.0,3332.0,0.0,11101433.0,3332.0,100.0
방림2동,방림2동,9831566.0,3136.0,0.0,9831566.0,3136.0,100.0
방림면,방림면,4610592.0,2147.0,0.0,4610592.0,2147.0,100.0
방배1동,방배1동,64875853.0,8055.0,0.1,64875853.0,8055.0,100.0
방배2동,방배2동,29702656.0,5450.0,0.0,29702656.0,5450.0,100.0
방배3동,방배3동,47922626.0,6923.0,0.0,47922626.0,6923.0,100.0
방배4동,방배4동,69781050.0,8354.0,0.1,69781050.0,8354.0,100.0
방배본동,방배본동,42162880.0,6493.0,0.0,42162880.0,6493.0,100.0
방산면,방산면,3340554.0,1828.0,0.0,3340554.0,1828.0,100.0
방어동,방어동,82475824.0,9082.0,0.1,82475824.0,9082.0,100.0
방이1동,방이1동,75554199.0,8692.0,0.1,75554199.0,8692.0,100.0
방이2동,방이2동,125832284.0,11217.0,0.1,125832284.0,11217.0,100.0
방촌동,방촌동,34387696.0,5864.0,0.0,34387696.0,5864.0,100.0
방학1동,방학1동,52843780.0,7269.0,0.0,52843780.0,7269.0,100.0
방학2동,방학2동,26580341.0,5156.0,0.0,26580341.0,5156.0,100.0
방학3동,방학3동,35287182.0,5940.0,0.0,35287182.0,5940.0,100.0
방화1동,방화1동,67724006.0,8229.0,0.1,67724006.0,8229.0,100.0
방화2동,방화2동,67249774.0,8201.0,0.1,67249774.0,8201.0,100.0
방화3동,방화3동,43712148.0,6612.0,0.0,43712148.0,6612.0,100.0
배곧1동,배곧1동,14914046.0,3862.0,0.0,14914046.0,3862.0,100.0
배곧2동,배곧2동,13196155.0,3633.0,0.0,13196155.0,3633.0,100.0
배곧동,배곧동,6282017.0,2506.0,0.0,6282017.0,2506.0,100.0
배방읍,배방읍,124547178.0,11160.0,0.1,124547178.0,11160.0,100.0
백곡면,백곡면,3535438.0,1880.0,0.0,3535438.0,1880.0,100.0
백구면,백구면,3751310.0,1937.0,0.0,3751310.0,1937.0,100.0
백령면,백령면,11297909.0,3361.0,0.0,11297909.0,3361.0,100.0
백사면,백사면,25606144.0,5060.0,0.0,25606144.0,5060.0,100.0
백산면,백산면,11065194.0,3326.0,0.0,7761670.0,2786.0,70.1
백산면,백산면,11065194.0,3326.0,0.0,3303524.0,1818.0,29.9
백석1동,백석1동,79803238.0,8933.0,0.1,79803238.0,8933.0,100.0
백석2동,백석2동,49239635.0,7017.0,0.0,49239635.0,7017.0,100.0
백석동,백석동,56302382.0,7503.0,0.0,56302382.0,7503.0,100.0
백석읍,백석읍,58487062.0,7648.0,0.0,58487062.0,7648.0,100.0
백수읍,백수읍,9418850.0,3069.0,0.0,9418850.0,3069.0,100.0
백아면,백아면,1257095.0,1121.0,0.0,1257095.0,1121.0,100.0
백암면,백암면,18098192.0,4254.0,0.0,18098192.0,4254.0,100.0
백운1동,백운1동,16558266.0,4069.0,0.0,16558266.0,4069.0,100.0
백운2동,백운2동,10705152.0,3272.0,0.0,10705152.0,3272.0,100.0
백운동,백운동,35477778.0,5956.0,0.0,35477778.0,5956.0,100.0
백운면,백운면,6722121.0,2593.0,0.0,2153134.0,1467.0,32.0
백운면,백운면,6722121.0,2593.0,0.0,4568988.0,2138.0,68.0
백전면,백전면,2067884.0,1438.0,0.0,2067884.0,1438.0,100.0
백학면,백학면,4795354.0,2190.0,0.0,4795354.0,2190.0,100.0
백현동,백현동,80265174.0,8959.0,0.1,80265174.0,8959.0,100.0
번1동,번1동,57578444.0,7588.0,0.0,8988525.0,2998.0,15.6
번1동,번1동,57578444.0,7588.0,0.0,48589919.0,6971.0,84.4
번2동,번2동,28577780.0,5346.0,0.0,25583299.0,5058.0,89.5
번2동,번2동,28577780.0,5346.0,0.0,2994481.0,1730.0,10.5
번3동,번3동,29442956.0,5426.0,0.0,3426686.0,1851.0,11.6
번3동,번3동,29442956.0,5426.0,0.0,26016270.0,5101.0,88.4
번암면,번암면,2400296.0,1549.0,0.0,2400296.0,1549.0,100.0
벌곡면,벌곡면,3006514.0,1734.0,0.0,3006514.0,1734.0,100.0
벌교읍,벌교읍,17983721.0,4241.0,0.0,17983721.0,4241.0,100.0
벌용동,벌용동,46177971.0,6795.0,0.0,46177971.0,6795.0,100.0
범계동,범계동,61708696.0,7855.0,0.0,61708696.0,7855.0,100.0
범물1동,범물1동,21963624.0,4687.0,0.0,21963624.0,4687.0,100.0
범물2동,범물2동,32331016.0,5686.0,0.0,32331016.0,5686.0,100.0
범박동,범박동,57091118.0,7556.0,0.0,48597111.0,6971.0,85.1
범박동,범박동,57091118.0,7556.0,0.0,8494006.0,2914.0,14.9
범서읍,범서읍,100075913.0,10004.0,0.1,100075913.0,10004.0,100.0
범안동,범안동,82565850.0,9087.0,0.1,82565850.0,9087.0,100.0
범어1동,범어1동,64346692.0,8022.0,0.1,64346692.0,8022.0,100.0
범어2동,범어2동,65045964.0,8065.0,0.1,65045964.0,8065.0,100.0
범어3동,범어3동,28943362.0,5380.0,0.0,28943362.0,5380.0,100.0
범어4동,범어4동,39549212.0,6289.0,0.0,39549212.0,6289.0,100.0
범일1동,범일1동,14558400.0,3816.0,0.0,14558400.0,3816.0,100.0
범일2동,범일2동,35706356.0,5975.0,0.0,35706356.0,5975.0,100.0
범일5동,범일5동,10231694.0,3199.0,0.0,10231694.0,3199.0,100.0
범천1동,범천1동,38750156.0,6225.0,0.0,38750156.0,6225.0,100.0
범천2동,범천2동,29879140.0,5466.0,0.0,29879140.0,5466.0,100.0
법1동,법1동,11370345.0,3372.0,0.0,11370345.0,3372.0,100.0
법2동,법2동,25295764.0,5029.0,0.0,25295764.0,5029.0,100.0
법성면,법성면,12992522.0,3605.0,0.0,12992522.0,3605.0,100.0
법수면,법수면,6859612.0,2619.0,0.0,6859612.0,2619.0,100.0
법원읍,법원읍,18820406.0,4338.0,0.0,18820406.0,4338.0,100.0
법전면,법전면,1522423.0,1234.0,0.0,1522423.0,1234.0,100.0
벽진면,벽진면,3697750.0,1923.0,0.0,3697750.0,1923.0,100.0
변동,변동,33368436.0,5777.0,0.0,33368436.0,5777.0,100.0
변산면,변산면,13399340.0,3661.0,0.0,13399340.0,3661.0,100.0
별내동,별내동,118542378.0,10888.0,0.1,118542378.0,10888.0,100.0
별내면,별내면,28045392.0,5296.0,0.0,28045392.0,5296.0,100.0
별량면,별량면,11153198.0,3340.0,0.0,11153198.0,3340.0,100.0
별양동,별양동,48513059.0,6965.0,0.0,48513059.0,6965.0,100.0
병곡면,병곡면,8533028.0,2921.0,0.0,6597661.0,2569.0,77.3
병곡면,병곡면,8533028.0,2921.0,0.0,1935367.0,1391.0,22.7
병목안동,병목안동,345888.0,588.0,0.0,345888.0,588.0,100.0
병암동,병암동,16708226.0,4088.0,0.0,16708226.0,4088.0,100.0
병영1동,병영1동,44597644.0,6678.0,0.0,44597644.0,6678.0,100.0
병영2동,병영2동,27902150.0,5282.0,0.0,27902150.0,5282.0,100.0
병영면,병영면,3313422.0,1820.0,0.0,3313422.0,1820.0,100.0
병점1동,병점1동,45400946.0,6738.0,0.0,45400946.0,6738.0,100.0
병점2동,병점2동,24946754.0,4995.0,0.0,24946754.0,4995.0,100.0
병천면,병천면,23382345.0,4836.0,0.0,23382345.0,4836.0,100.0
보개면,보개면,24152048.0,4914.0,0.0,24152048.0,4914.0,100.0
보광동,보광동,24302026.0,4930.0,0.0,24302026.0,4930.0,100.0
보길면,보길면,7494596.0,2738.0,0.0,7494596.0,2738.0,100.0
보덕동,보덕동,32583058.0,5708.0,0.0,32583058.0,5708.0,100.0
보라동,보라동,58089384.0,7622.0,0.0,58089384.0,7622.0,100.0
보라매동,보라매동,20795026.0,4560.0,0.0,20795026.0,4560.0,100.0
보람동,보람동,16197048.0,4025.0,0.0,16197048.0,4025.0,100.0
보문동,보문동,44755392.0,6690.0,0.0,44755392.0,6690.0,100.0
보문면,보문면,2707352.0,1645.0,0.0,2707352.0,1645.0,100.0
보산동,보산동,16012115.0,4002.0,0.0,16012115.0,4002.0,100.0
보성읍,보성읍,23025359.0,4798.0,0.0,23025359.0,4798.0,100.0
보수동,보수동,16473524.0,4059.0,0.0,16473524.0,4059.0,100.0
보안면,보안면,4644696.0,2155.0,0.0,4644696.0,2155.0,100.0
보은읍,보은읍,40650372.0,6376.0,0.0,40650372.0,6376.0,100.0
보절면,보절면,1334182.0,1155.0,0.0,1334182.0,1155.0,100.0
보정동,보정동,70762058.0,8412.0,0.1,70762058.0,8412.0,100.0
복내면,복내면,2005308.0,1416.0,0.0,2005308.0,1416.0,100.0
복대1동,복대1동,80162652.0,8953.0,0.1,80162652.0,8953.0,100.0
복대2동,복대2동,27510063.0,5245.0,0.0,27510063.0,5245.0,100.0
복산1동,복산1동,4648868.0,2156.0,0.0,4648868.0,2156.0,100.0
복산2동,복산2동,23758329.0,4874.0,0.0,23758329.0,4874.0,100.0
복산동,복산동,31193764.0,5585.0,0.0,18047606.0,4248.0,57.9
복산동,복산동,31193764.0,5585.0,0.0,13146158.0,3626.0,42.1
복수동,복수동,29990810.0,5476.0,0.0,29990810.0,5476.0,100.0
복수면,복수면,4782918.0,2187.0,0.0,4782918.0,2187.0,100.0
복정동,복정동,32551176.0,5705.0,0.0,32551176.0,5705.0,100.0
복현1동,복현1동,23954812.0,4894.0,0.0,23954812.0,4894.0,100.0
복현2동,복현2동,50429169.0,7101.0,0.0,50429169.0,7101.0,100.0
복흥면,복흥면,2022948.0,1422.0,0.0,2022948.0,1422.0,100.0
본동,본동,45010476.0,6709.0,0.0,45010476.0,6709.0,100.0
본량동,본량동,4529553.0,2128.0,0.0,4529553.0,2128.0,100.0
본리동,본리동,68598152.0,8282.0,0.1,68598152.0,8282.0,100.0
본오1동,본오1동,56129157.0,7492.0,0.0,56129157.0,7492.0,100.0
본오2동,본오2동,39010836.0,6246.0,0.0,39010836.0,6246.0,100.0
본오3동,본오3동,62160777.0,7884.0,0.0,62160777.0,7884.0,100.0
봉강면,봉강면,5766222.0,2401.0,0.0,5766222.0,2401.0,100.0
봉개동,봉개동,32991606.0,5744.0,0.0,32991606.0,5744.0,100.0
봉남면,봉남면,2521452.0,1588.0,0.0,2521452.0,1588.0,100.0
봉담읍,봉담읍,141043882.0,11876.0,0.1,141043882.0,11876.0,100.0
봉덕1동,봉덕1동,16992899.0,4122.0,0.0,16992899.0,4122.0,100.0
봉덕2동,봉덕2동,17935922.0,4235.0,0.0,17935922.0,4235.0,100.0
봉덕3동,봉덕3동,31511784.0,5614.0,0.0,31511784.0,5614.0,100.0
봉동읍,봉동읍,42985369.0,6556.0,0.0,42985369.0,6556.0,100.0
봉래1동,봉래1동,18652389.0,4319.0,0.0,18652389.0,4319.0,100.0
봉래2동,봉래2동,17753841.0,4214.0,0.0,17753841.0,4214.0,100.0
봉래면,봉래면,4172472.0,2043.0,0.0,4172472.0,2043.0,100.0
봉림동,봉림동,73793318.0,8590.0,0.1,73793318.0,8590.0,100.0
봉명1동,봉명1동,16706616.0,4087.0,0.0,16706616.0,4087.0,100.0
봉명2.송정동,봉명2.송정동,55124769.0,7425.0,0.0,55124769.0,7425.0,100.0
봉명동,봉명동,23765094.0,4875.0,0.0,23765094.0,4875.0,100.0
봉방동,봉방동,27316828.0,5227.0,0.0,27316828.0,5227.0,100.0
봉산동,봉산동,19544466.0,4421.0,0.0,19544466.0,4421.0,100.0
봉산면,봉산면,19909670.0,4462.0,0.0,3607376.0,1899.0,18.1
봉산면,봉산면,19909670.0,4462.0,0.0,9584578.0,3096.0,48.1
봉산면,봉산면,19909670.0,4462.0,0.0,1697710.0,1303.0,8.5
봉산면,봉산면,19909670.0,4462.0,0.0,5020004.0,2241.0,25.2
봉선1동,봉선1동,28466092.0,5335.0,0.0,28466092.0,5335.0,100.0
봉선2동,봉선2동,50438412.0,7102.0,0.0,50438412.0,7102.0,100.0
봉성면,봉성면,3234388.0,1798.0,0.0,3234388.0,1798.0,100.0
봉수면,봉수면,1355578.0,1164.0,0.0,1355578.0,1164.0,100.0
봉암동,봉암동,10700476.0,3271.0,0.0,10700476.0,3271.0,100.0
봉양면,봉양면,9559526.0,3092.0,0.0,9559526.0,3092.0,100.0
봉양읍,봉양읍,13433819.0,3665.0,0.0,13433819.0,3665.0,100.0
봉평동,봉평동,34812466.0,5900.0,0.0,34812466.0,5900.0,100.0
봉평면,봉평면,14843486.0,3853.0,0.0,14843486.0,3853.0,100.0
봉현면,봉현면,11272240.0,3357.0,0.0,11272240.0,3357.0,100.0
봉화읍,봉화읍,21893053.0,4679.0,0.0,21893053.0,4679.0,100.0
봉황면,봉황면,5922035.0,2434.0,0.0,5922035.0,2434.0,100.0
부강면,부강면,12884697.0,3590.0,0.0,12884697.0,3590.0,100.0
부개1동,부개1동,22744222.0,4769.0,0.0,22744222.0,4769.0,100.0
부개2동,부개2동,37067800.0,6088.0,0.0,37067800.0,6088.0,100.0
부개3동,부개3동,41575457.0,6448.0,0.0,41575457.0,6448.0,100.0
부계면,부계면,3725050.0,1930.0,0.0,3725050.0,1930.0,100.0
부곡1동,부곡1동,15301136.0,3912.0,0.0,15301136.0,3912.0,100.0
부곡2동,부곡2동,50097313.0,7078.0,0.0,50097313.0,7078.0,100.0
부곡3동,부곡3동,38585088.0,6212.0,0.0,38585088.0,6212.0,100.0
부곡4동,부곡4동,15683269.0,3960.0,0.0,15683269.0,3960.0,100.0
부곡동,부곡동,104257699.0,10211.0,0.1,31735186.0,5633.0,30.4
부곡동,부곡동,104257699.0,10211.0,0.1,44214583.0,6649.0,42.4
부곡동,부곡동,104257699.0,10211.0,0.1,28307930.0,5321.0,27.2
부곡면,부곡면,8793600.0,2965.0,0.0,8793600.0,2965.0,100.0
부귀면,부귀면,2795940.0,1672.0,0.0,2795940.0,1672.0,100.0
부남면,부남면,4974526.0,2230.0,0.0,1296180.0,1138.0,26.1
부남면,부남면,4974526.0,2230.0,0.0,3678346.0,1918.0,73.9
부동면,부동면,586954.0,766.0,0.0,586954.0,766.0,100.0
부량면,부량면,3104300.0,1762.0,0.0,3104300.0,1762.0,100.0
부론면,부론면,3828678.0,1957.0,0.0,3828678.0,1957.0,100.0
부리면,부리면,3919475.0,1980.0,0.0,3919475.0,1980.0,100.0
부림동,부림동,107290390.0,10358.0,0.1,78668628.0,8870.0,73.3
부림동,부림동,107290390.0,10358.0,0.1,28621761.0,5350.0,26.7
부림면,부림면,5706250.0,2389.0,0.0,5706250.0,2389.0,100.0
부민동,부민동,11925886.0,3453.0,0.0,11925886.0,3453.0,100.0
부발읍,부발읍,85238006.0,9232.0,0.1,85238006.0,9232.0,100.0
부북면,부북면,18881922.0,4345.0,0.0,18881922.0,4345.0,100.0
부사동,부사동,13897058.0,3728.0,0.0,13897058.0,3728.0,100.0
부산면,부산면,3437259.0,1854.0,0.0,3437259.0,1854.0,100.0
부석면,부석면,15885202.0,3986.0,0.0,10953344.0,3310.0,69.0
부석면,부석면,15885202.0,3986.0,0.0,4931857.0,2221.0,31.0
부성1동,부성1동,55120538.0,7424.0,0.0,55120538.0,7424.0,100.0
부성2동,부성2동,108903270.0,10436.0,0.1,108903270.0,10436.0,100.0
부안면,부안면,3614516.0,1901.0,0.0,3614516.0,1901.0,100.0
부안읍,부안읍,61002963.0,7810.0,0.0,61002963.0,7810.0,100.0
부암1동,부암1동,51460885.0,7174.0,0.0,51460885.0,7174.0,100.0
부암3동,부암3동,37022240.0,6085.0,0.0,37022240.0,6085.0,100.0
부암동,부암동,24297500.0,4929.0,0.0,24297500.0,4929.0,100.0
부여읍,부여읍,93008216.0,9644.0,0.1,93008216.0,9644.0,100.0
부원동,부원동,63696700.0,7981.0,0.0,63696700.0,7981.0,100.0
부적면,부적면,10329896.0,3214.0,0.0,10329896.0,3214.0,100.0
부전1동,부전1동,115444144.0,10744.0,0.1,115444144.0,10744.0,100.0
부전2동,부전2동,124938902.0,11178.0,0.1,124938902.0,11178.0,100.0
부주동,부주동,47624178.0,6901.0,0.0,47624178.0,6901.0,100.0
부창동,부창동,39927730.0,6319.0,0.0,39927730.0,6319.0,100.0
부천동,부천동,144835498.0,12035.0,0.1,144835498.0,12035.0,100.0
부춘동,부춘동,83180990.0,9120.0,0.1,83180990.0,9120.0,100.0
부평1동,부평1동,115452148.0,10745.0,0.1,115452148.0,10745.0,100.0
부평2동,부평2동,23368793.0,4834.0,0.0,23368793.0,4834.0,100.0
부평3동,부평3동,40238390.0,6343.0,0.0,40238390.0,6343.0,100.0
부평4동,부평4동,85111002.0,9226.0,0.1,85111002.0,9226.0,100.0
부평5동,부평5동,103432514.0,10170.0,0.1,103432514.0,10170.0,100.0
부평6동,부평6동,39559345.0,6290.0,0.0,39559345.0,6290.0,100.0
부평동,부평동,30209910.0,5496.0,0.0,30209910.0,5496.0,100.0
부항면,부항면,1621792.0,1273.0,0.0,1621792.0,1273.0,100.0
부흥동,부흥동,80486570.0,8971.0,0.1,37106562.0,6092.0,46.1
부흥동,부흥동,80486570.0,8971.0,0.1,43380008.0,6586.0,53.9
북가좌1동,북가좌1동,19928622.0,4464.0,0.0,19928622.0,4464.0,100.0
북가좌2동,북가좌2동,47062015.0,6860.0,0.0,47062015.0,6860.0,100.0
북내면,북내면,11734558.0,3426.0,0.0,11734558.0,3426.0,100.0
북도면,북도면,1277787.0,1130.0,0.0,1277787.0,1130.0,100.0
북면,북면,147576457.0,12148.0,0.1,68114204.0,8253.0,46.2
북면,북면,147576457.0,12148.0,0.1,2611588.0,1616.0,1.8
북면,북면,147576457.0,12148.0,0.1,24058976.0,4905.0,16.3
북면,북면,147576457.0,12148.0,0.1,10791084.0,3285.0,7.3
북면,북면,147576457.0,12148.0,0.1,7565950.0,2751.0,5.1
북면,북면,147576457.0,12148.0,0.1,7231570.0,2689.0,4.9
북면,북면,147576457.0,12148.0,0.1,23010883.0,4797.0,15.6
북면,북면,147576457.0,12148.0,0.1,3916955.0,1979.0,2.7
북면,북면,147576457.0,12148.0,0.1,275247.0,525.0,0.2
북문동,북문동,32752370.0,5723.0,0.0,32752370.0,5723.0,100.0
북방면,북방면,11763192.0,3430.0,0.0,11763192.0,3430.0,100.0
북부동,북부동,199630974.0,14129.0,0.2,54079344.0,7354.0,27.1
북부동,북부동,199630974.0,14129.0,0.2,145551630.0,12064.0,72.9
북산면,북산면,2092486.0,1447.0,0.0,2092486.0,1447.0,100.0
북삼동,북삼동,59082874.0,7687.0,0.0,59082874.0,7687.0,100.0
북삼읍,북삼읍,26580746.0,5156.0,0.0,26580746.0,5156.0,100.0
북상면,북상면,2661519.0,1631.0,0.0,2661519.0,1631.0,100.0
북성동,북성동,4715826.0,2172.0,0.0,4715826.0,2172.0,100.0
북신동,북신동,23650242.0,4863.0,0.0,23650242.0,4863.0,100.0
북아현동,북아현동,30573774.0,5529.0,0.0,30573774.0,5529.0,100.0
북안면,북안면,5594848.0,2365.0,0.0,5594848.0,2365.0,100.0
북이면,북이면,12872839.0,3588.0,0.0,4522805.0,2127.0,35.1
북이면,북이면,12872839.0,3588.0,0.0,8350034.0,2890.0,64.9
북일면,북일면,3918775.0,1980.0,0.0,2341262.0,1530.0,59.7
북일면,북일면,3918775.0,1980.0,0.0,1577513.0,1256.0,40.3
북천면,북천면,1582161.0,1258.0,0.0,1582161.0,1258.0,100.0
북평동,북평동,35993094.0,5999.0,0.0,35993094.0,5999.0,100.0
북평면,북평면,11379949.0,3373.0,0.0,6428541.0,2535.0,56.5
북평면,북평면,11379949.0,3373.0,0.0,4951408.0,2225.0,43.5
북하면,북하면,3174920.0,1782.0,0.0,3174920.0,1782.0,100.0
북항동,북항동,31296678.0,5594.0,0.0,31296678.0,5594.0,100.0
북후면,북후면,6382590.0,2526.0,0.0,6382590.0,2526.0,100.0
분당동,분당동,65695406.0,8105.0,0.1,65695406.0,8105.0,100.0
분평동,분평동,59216024.0,7695.0,0.0,59216024.0,7695.0,100.0
불갑면,불갑면,3309800.0,1819.0,0.0,3309800.0,1819.0,100.0
불광1동,불광1동,52873166.0,7271.0,0.0,52873166.0,7271.0,100.0
불광2동,불광2동,51058732.0,7146.0,0.0,51058732.0,7146.0,100.0
불국동,불국동,31163976.0,5582.0,0.0,31163976.0,5582.0,100.0
불당1동,불당1동,26958624.0,5192.0,0.0,26958624.0,5192.0,100.0
불당2동,불당2동,31412112.0,5605.0,0.0,31412112.0,5605.0,100.0
불당동,불당동,28939656.0,5380.0,0.0,28939656.0,5380.0,100.0
불로.봉무동,불로.봉무동,53328698.0,7303.0,0.0,53328698.0,7303.0,100.0
불로대곡동,불로대곡동,27030210.0,5199.0,0.0,27030210.0,5199.0,100.0
불암동,불암동,9242863.0,3040.0,0.0,9242863.0,3040.0,100.0
불은면,불은면,14625555.0,3824.0,0.0,14625555.0,3824.0,100.0
불정면,불정면,3505820.0,1872.0,0.0,3505820.0,1872.0,100.0
불현동,불현동,41533020.0,6445.0,0.0,41533020.0,6445.0,100.0
비금면,비금면,7244244.0,2692.0,0.0,7244244.0,2692.0,100.0
비래동,비래동,21659726.0,4654.0,0.0,21659726.0,4654.0,100.0
비봉면,비봉면,22002733.0,4691.0,0.0,1813612.0,1347.0,8.2
비봉면,비봉면,22002733.0,4691.0,0.0,17141226.0,4140.0,77.9
비봉면,비봉면,22002733.0,4691.0,0.0,3047894.0,1746.0,13.9
비산1동,비산1동,44924649.0,6703.0,0.0,36115020.0,6010.0,80.4
비산1동,비산1동,44924649.0,6703.0,0.0,8809630.0,2968.0,19.6
비산2.3동,비산2.3동,9205522.0,3034.0,0.0,9205522.0,3034.0,100.0
비산2동,비산2동,20652940.0,4545.0,0.0,20652940.0,4545.0,100.0
비산3동,비산3동,37564594.0,6129.0,0.0,37564594.0,6129.0,100.0
비산4동,비산4동,12756394.0,3572.0,0.0,12756394.0,3572.0,100.0
비산5동,비산5동,4223681.0,2055.0,0.0,4223681.0,2055.0,100.0
비산6동,비산6동,23390094.0,4836.0,0.0,23390094.0,4836.0,100.0
비산7동,비산7동,11319850.0,3364.0,0.0,11319850.0,3364.0,100.0
비산동,비산동,30958690.0,5564.0,0.0,30958690.0,5564.0,100.0
비아동,비아동,35083398.0,5923.0,0.0,35083398.0,5923.0,100.0
비안면,비안면,2893296.0,1701.0,0.0,2893296.0,1701.0,100.0
비인면,비인면,7715519.0,2778.0,0.0,7715519.0,2778.0,100.0
비전1동,비전1동,108051524.0,10395.0,0.1,108051524.0,10395.0,100.0
비전2동,비전2동,143985636.0,11999.0,0.1,143985636.0,11999.0,100.0
빛가람동,빛가람동,87808315.0,9371.0,0.1,87808315.0,9371.0,100.0
사곡면,사곡면,6710228.0,2590.0,0.0,4697214.0,2167.0,70.0
사곡면,사곡면,6710228.0,2590.0,0.0,2013014.0,1419.0,30.0
사근동,사근동,49354256.0,7025.0,0.0,49354256.0,7025.0,100.0
사남면,사남면,33924261.0,5824.0,0.0,33924261.0,5824.0,100.0
사내면,사내면,11265888.0,3356.0,0.0,11265888.0,3356.0,100.0
사당1동,사당1동,42106036.0,6489.0,0.0,42106036.0,6489.0,100.0
사당2동,사당2동,68958648.0,8304.0,0.1,68958648.0,8304.0,100.0
사당3동,사당3동,29707898.0,5450.0,0.0,29707898.0,5450.0,100.0
사당4동,사당4동,26430498.0,5141.0,0.0,26430498.0,5141.0,100.0
사당5동,사당5동,20149157.0,4489.0,0.0,20149157.0,4489.0,100.0
사동,사동,65877091.0,8116.0,0.1,65877091.0,8116.0,100.0
사등면,사등면,46383894.0,6811.0,0.0,46383894.0,6811.0,100.0
사량면,사량면,2166202.0,1472.0,0.0,2166202.0,1472.0,100.0
사리면,사리면,3077568.0,1754.0,0.0,3077568.0,1754.0,100.0
사매면,사매면,2799769.0,1673.0,0.0,2799769.0,1673.0,100.0
사벌국면,사벌국면,5946272.0,2438.0,0.0,5946272.0,2438.0,100.0
사벌면,사벌면,1479768.0,1216.0,0.0,1479768.0,1216.0,100.0
사봉면,사봉면,2725160.0,1651.0,0.0,2725160.0,1651.0,100.0
사북면,사북면,6063908.0,2463.0,0.0,6063908.0,2463.0,100.0
사북읍,사북읍,17421750.0,4174.0,0.0,17421750.0,4174.0,100.0
사우동,사우동,172683620.0,13141.0,0.1,172683620.0,13141.0,100.0
사이동,사이동,33171922.0,5760.0,0.0,33171922.0,5760.0,100.0
사직1동,사직1동,76655761.0,8755.0,0.1,34605886.0,5883.0,45.1
사직1동,사직1동,76655761.0,8755.0,0.1,42049875.0,6485.0,54.9
사직2동,사직2동,56221872.0,7498.0,0.0,37720694.0,6142.0,67.1
사직2동,사직2동,56221872.0,7498.0,0.0,18501178.0,4301.0,32.9
사직3동,사직3동,20588841.0,4537.0,0.0,20588841.0,4537.0,100.0
사직동,사직동,72431947.0,8511.0,0.1,63966640.0,7998.0,88.3
사직동,사직동,72431947.0,8511.0,0.1,8465306.0,2910.0,11.7
사창동,사창동,31533106.0,5615.0,0.0,31533106.0,5615.0,100.0
사천면,사천면,34786644.0,5898.0,0.0,34786644.0,5898.0,100.0
사천읍,사천읍,53947562.0,7345.0,0.0,53947562.0,7345.0,100.0
사파동,사파동,84749333.0,9206.0,0.1,84749333.0,9206.0,100.0
사평면,사평면,2919830.0,1709.0,0.0,2919830.0,1709.0,100.0
산격1동,산격1동,12650382.0,3557.0,0.0,12650382.0,3557.0,100.0
산격2동,산격2동,84577930.0,9197.0,0.1,84577930.0,9197.0,100.0
산격3동,산격3동,52735781.0,7262.0,0.0,52735781.0,7262.0,100.0
산격4동,산격4동,15577016.0,3947.0,0.0,15577016.0,3947.0,100.0
산곡1동,산곡1동,11636958.0,3411.0,0.0,11636958.0,3411.0,100.0
산곡2동,산곡2동,45384815.0,6737.0,0.0,45384815.0,6737.0,100.0
산곡3동,산곡3동,30573484.0,5529.0,0.0,30573484.0,5529.0,100.0
산곡4동,산곡4동,87710105.0,9365.0,0.1,87710105.0,9365.0,100.0
산남동,산남동,44271591.0,6654.0,0.0,44271591.0,6654.0,100.0
산내동,산내동,30277184.0,5502.0,0.0,30277184.0,5502.0,100.0
산내면,산내면,17015226.0,4125.0,0.0,4187393.0,2046.0,24.6
산내면,산내면,17015226.0,4125.0,0.0,6428698.0,2535.0,37.8
산내면,산내면,17015226.0,4125.0,0.0,1389542.0,1179.0,8.2
산내면,산내면,17015226.0,4125.0,0.0,5009592.0,2238.0,29.4
산동면,산동면,23736741.0,4872.0,0.0,3139245.0,1772.0,13.2
산동면,산동면,23736741.0,4872.0,0.0,5611736.0,2369.0,23.6
산동면,산동면,23736741.0,4872.0,0.0,14985761.0,3871.0,63.1
산동읍,산동읍,35794857.0,5983.0,0.0,35794857.0,5983.0,100.0
산본1동,산본1동,44134374.0,6643.0,0.0,44134374.0,6643.0,100.0
산본2동,산본2동,78987030.0,8887.0,0.1,78987030.0,8887.0,100.0
산북면,산북면,5577327.0,2362.0,0.0,2685056.0,1639.0,48.1
산북면,산북면,5577327.0,2362.0,0.0,2892270.0,1701.0,51.9
산서면,산서면,2075678.0,1441.0,0.0,2075678.0,1441.0,100.0
산성동,산성동,57877232.0,7608.0,0.0,13529072.0,3678.0,23.4
산성동,산성동,57877232.0,7608.0,0.0,44348160.0,6659.0,76.6
산성면,산성면,1354252.0,1164.0,0.0,1354252.0,1164.0,100.0
산솔면,산솔면,1231976.0,1110.0,0.0,1231976.0,1110.0,100.0
산수1동,산수1동,19657236.0,4434.0,0.0,19657236.0,4434.0,100.0
산수2동,산수2동,8364044.0,2892.0,0.0,8364044.0,2892.0,100.0
산양면,산양면,6120888.0,2474.0,0.0,6120888.0,2474.0,100.0
산양읍,산양읍,16048753.0,4006.0,0.0,16048753.0,4006.0,100.0
산외면,산외면,14987192.0,3871.0,0.0,10914015.0,3304.0,72.8
산외면,산외면,14987192.0,3871.0,0.0,2168236.0,1472.0,14.5
산외면,산외면,14987192.0,3871.0,0.0,1904942.0,1380.0,12.7
산이면,산이면,5758140.0,2400.0,0.0,5758140.0,2400.0,100.0
산인면,산인면,8458110.0,2908.0,0.0,8458110.0,2908.0,100.0
산정동,산정동,28280403.0,5318.0,0.0,28280403.0,5318.0,100.0
산척면,산척면,9773526.0,3126.0,0.0,9773526.0,3126.0,100.0
산청읍,산청읍,17892805.0,4230.0,0.0,17892805.0,4230.0,100.0
산포면,산포면,10184937.0,3191.0,0.0,10184937.0,3191.0,100.0
산호동,산호동,21693427.0,4658.0,0.0,21693427.0,4658.0,100.0
살미면,살미면,6198444.0,2490.0,0.0,6198444.0,2490.0,100.0
삼가동,삼가동,35786373.0,5982.0,0.0,35786373.0,5982.0,100.0
삼가면,삼가면,3907641.0,1977.0,0.0,3907641.0,1977.0,100.0
삼각동,삼각동,46528150.0,6821.0,0.0,46528150.0,6821.0,100.0
삼각산동,삼각산동,28571224.0,5345.0,0.0,28571224.0,5345.0,100.0
삼계면,삼계면,11456246.0,3385.0,0.0,10360794.0,3219.0,90.4
삼계면,삼계면,11456246.0,3385.0,0.0,1095451.0,1047.0,9.6
삼국유사면,삼국유사면,1740848.0,1319.0,0.0,500252.0,707.0,28.7
삼국유사면,삼국유사면,1740848.0,1319.0,0.0,1240596.0,1114.0,71.3
삼기면,삼기면,13251410.0,3640.0,0.0,1841886.0,1357.0,13.9
삼기면,삼기면,13251410.0,3640.0,0.0,11409524.0,3378.0,86.1
삼남면,삼남면,14973609.0,3870.0,0.0,14973609.0,3870.0,100.0
삼남읍,삼남읍,45436181.0,6741.0,0.0,45436181.0,6741.0,100.0
삼덕동,삼덕동,35224178.0,5935.0,0.0,35224178.0,5935.0,100.0
삼도1동,삼도1동,68277156.0,8263.0,0.1,68277156.0,8263.0,100.0
삼도2동,삼도2동,66025631.0,8126.0,0.1,66025631.0,8126.0,100.0
삼도동,삼도동,7092642.0,2663.0,0.0,7092642.0,2663.0,100.0
삼동면,삼동면,13023451.0,3609.0,0.0,8073240.0,2841.0,62.0
삼동면,삼동면,13023451.0,3609.0,0.0,4950211.0,2225.0,38.0
삼락동,삼락동,25114624.0,5011.0,0.0,25114624.0,5011.0,100.0
삼랑진읍,삼랑진읍,14324642.0,3785.0,0.0,14324642.0,3785.0,100.0
삼례읍,삼례읍,24616347.0,4961.0,0.0,24616347.0,4961.0,100.0
삼문동,삼문동,71361850.0,8448.0,0.1,71361850.0,8448.0,100.0
삼산1동,삼산1동,43235776.0,6575.0,0.0,43235776.0,6575.0,100.0
삼산2동,삼산2동,63587556.0,7974.0,0.0,63587556.0,7974.0,100.0
삼산동,삼산동,231293020.0,15208.0,0.2,82776526.0,9098.0,35.8
삼산동,삼산동,231293020.0,15208.0,0.2,148516494.0,12187.0,64.2
삼산면,삼산면,22466216.0,4740.0,0.0,3429682.0,1852.0,15.3
삼산면,삼산면,22466216.0,4740.0,0.0,4877432.0,2208.0,21.7
삼산면,삼산면,22466216.0,4740.0,0.0,6689868.0,2586.0,29.8
삼산면,삼산면,22466216.0,4740.0,0.0,7469234.0,2733.0,33.2
삼서면,삼서면,6560120.0,2561.0,0.0,6560120.0,2561.0,100.0
삼선동,삼선동,97492983.0,9874.0,0.1,97492983.0,9874.0,100.0
삼성1동,삼성1동,155331670.0,12463.0,0.1,155331670.0,12463.0,100.0
삼성2동,삼성2동,127125516.0,11275.0,0.1,127125516.0,11275.0,100.0
삼성동,삼성동,216158320.0,14702.0,0.2,34206774.0,5849.0,15.8
삼성동,삼성동,216158320.0,14702.0,0.2,70456676.0,8394.0,32.6
삼성동,삼성동,216158320.0,14702.0,0.2,91392962.0,9560.0,42.3
삼성동,삼성동,216158320.0,14702.0,0.2,20101907.0,4484.0,9.3
삼성면,삼성면,18694648.0,4324.0,0.0,18694648.0,4324.0,100.0
삼송1동,삼송1동,55331790.0,7439.0,0.0,55331790.0,7439.0,100.0
삼송2동,삼송2동,38900102.0,6237.0,0.0,38900102.0,6237.0,100.0
삼송동,삼송동,23467619.0,4844.0,0.0,23467619.0,4844.0,100.0
삼수동,삼수동,19058196.0,4366.0,0.0,19058196.0,4366.0,100.0
삼승면,삼승면,4869980.0,2207.0,0.0,4869980.0,2207.0,100.0
삼안동,삼안동,77677369.0,8813.0,0.1,77677369.0,8813.0,100.0
삼양동,삼양동,108087875.0,10397.0,0.1,35273497.0,5939.0,32.6
삼양동,삼양동,108087875.0,10397.0,0.1,72814378.0,8533.0,67.4
삼일동,삼일동,47530172.0,6894.0,0.0,47530172.0,6894.0,100.0
삼장면,삼장면,2730276.0,1652.0,0.0,2730276.0,1652.0,100.0
삼전동,삼전동,50936428.0,7137.0,0.0,50936428.0,7137.0,100.0
삼죽면,삼죽면,11147787.0,3339.0,0.0,11147787.0,3339.0,100.0
삼천1동,삼천1동,24752410.0,4975.0,0.0,24752410.0,4975.0,100.0
삼천2동,삼천2동,42114198.0,6490.0,0.0,42114198.0,6490.0,100.0
삼천3동,삼천3동,53478334.0,7313.0,0.0,53478334.0,7313.0,100.0
삼청동,삼청동,12758144.0,3572.0,0.0,12758144.0,3572.0,100.0
삼평동,삼평동,165064176.0,12848.0,0.1,165064176.0,12848.0,100.0
삼학동,삼학동,38946019.0,6241.0,0.0,23649843.0,4863.0,60.7
삼학동,삼학동,38946019.0,6241.0,0.0,15296176.0,3911.0,39.3
삼향동,삼향동,28268390.0,5317.0,0.0,28268390.0,5317.0,100.0
삼향읍,삼향읍,76788288.0,8763.0,0.1,76788288.0,8763.0,100.0
삼호동,삼호동,30227922.0,5498.0,0.0,30227922.0,5498.0,100.0
삼호읍,삼호읍,59042095.0,7684.0,0.0,59042095.0,7684.0,100.0
삼화동,삼화동,11136478.0,3337.0,0.0,11136478.0,3337.0,100.0
삽교읍,삽교읍,24947391.0,4995.0,0.0,24947391.0,4995.0,100.0
상1동,상1동,32072456.0,5663.0,0.0,12507145.0,3537.0,39.0
상1동,상1동,32072456.0,5663.0,0.0,19565312.0,4423.0,61.0
상2동,상2동,53161444.0,7291.0,0.0,29736892.0,5453.0,55.9
상2동,상2동,53161444.0,7291.0,0.0,23424552.0,4840.0,44.1
상3동,상3동,48414348.0,6958.0,0.0,18405233.0,4290.0,38.0
상3동,상3동,48414348.0,6958.0,0.0,30009116.0,5478.0,62.0
상갈동,상갈동,38569388.0,6210.0,0.0,38569388.0,6210.0,100.0
상계10동,상계10동,32225543.0,5677.0,0.0,32225543.0,5677.0,100.0
상계1동,상계1동,66282475.0,8141.0,0.1,66282475.0,8141.0,100.0
상계2동,상계2동,127333437.0,11284.0,0.1,127333437.0,11284.0,100.0
상계3.4동,상계3.4동,55745974.0,7466.0,0.0,55745974.0,7466.0,100.0
상계5동,상계5동,38586793.0,6212.0,0.0,38586793.0,6212.0,100.0
상계6.7동,상계6.7동,158292890.0,12581.0,0.1,158292890.0,12581.0,100.0
상계8동,상계8동,44664907.0,6683.0,0.0,44664907.0,6683.0,100.0
상계9동,상계9동,39552702.0,6289.0,0.0,39552702.0,6289.0,100.0
상관면,상관면,3868830.0,1967.0,0.0,3868830.0,1967.0,100.0
상교동,상교동,10820176.0,3289.0,0.0,10820176.0,3289.0,100.0
상남동,상남동,125020175.0,11181.0,0.1,125020175.0,11181.0,100.0
상남면,상남면,20896474.0,4571.0,0.0,17245414.0,4153.0,82.5
상남면,상남면,20896474.0,4571.0,0.0,3651060.0,1911.0,17.5
상대동,상대동,175363573.0,13242.0,0.1,86890818.0,9322.0,49.5
상대동,상대동,175363573.0,13242.0,0.1,26394095.0,5138.0,15.1
상대동,상대동,175363573.0,13242.0,0.1,62078660.0,7879.0,35.4
상대원1동,상대원1동,48385547.0,6956.0,0.0,48385547.0,6956.0,100.0
상대원2동,상대원2동,24949165.0,4995.0,0.0,24949165.0,4995.0,100.0
상대원3동,상대원3동,10835002.0,3292.0,0.0,10835002.0,3292.0,100.0
상도1동,상도1동,63218592.0,7951.0,0.0,63218592.0,7951.0,100.0
상도2동,상도2동,47851314.0,6917.0,0.0,47851314.0,6917.0,100.0
상도3동,상도3동,30361888.0,5510.0,0.0,30361888.0,5510.0,100.0
상도4동,상도4동,34843358.0,5903.0,0.0,34843358.0,5903.0,100.0
상동,상동,265843918.0,16305.0,0.2,50011129.0,7072.0,18.8
상동,상동,265843918.0,16305.0,0.2,133142418.0,11539.0,50.1
상동,상동,265843918.0,16305.0,0.2,13040083.0,3611.0,4.9
상동,상동,265843918.0,16305.0,0.2,12700534.0,3564.0,4.8
상동,상동,265843918.0,16305.0,0.2,56949753.0,7547.0,21.4
상동면,상동면,19226207.0,4385.0,0.0,13293952.0,3646.0,69.1
상동면,상동면,19226207.0,4385.0,0.0,5932255.0,2436.0,30.9
상동읍,상동읍,1387998.0,1178.0,0.0,1387998.0,1178.0,100.0
상리면,상리면,2430456.0,1559.0,0.0,2430456.0,1559.0,100.0
상망동,상망동,13047836.0,3612.0,0.0,13047836.0,3612.0,100.0
상면,상면,13998386.0,3741.0,0.0,13998386.0,3741.0,100.0
상모사곡동,상모사곡동,62526104.0,7907.0,0.0,62526104.0,7907.0,100.0
상무1동,상무1동,51401130.0,7169.0,0.0,51401130.0,7169.0,100.0
상무2동,상무2동,60501388.0,7778.0,0.0,60501388.0,7778.0,100.0
상문동,상문동,86819803.0,9318.0,0.1,86819803.0,9318.0,100.0
상봉1동,상봉1동,33352935.0,5775.0,0.0,33352935.0,5775.0,100.0
상봉2동,상봉2동,63245612.0,7953.0,0.0,63245612.0,7953.0,100.0
상봉동,상봉동,17446076.0,4177.0,0.0,17446076.0,4177.0,100.0
상북면,상북면,74556930.0,8635.0,0.1,34587564.0,5881.0,46.4
상북면,상북면,74556930.0,8635.0,0.1,39969366.0,6322.0,53.6
상사면,상사면,9204318.0,3034.0,0.0,9204318.0,3034.0,100.0
상서면,상서면,17646282.0,4201.0,0.0,10928676.0,3306.0,61.9
상서면,상서면,17646282.0,4201.0,0.0,6717606.0,2592.0,38.1
상암동,상암동,101752224.0,10087.0,0.1,101752224.0,10087.0,100.0
상운면,상운면,1009564.0,1005.0,0.0,1009564.0,1005.0,100.0
상월면,상월면,7246544.0,2692.0,0.0,7246544.0,2692.0,100.0
상인1동,상인1동,79589559.0,8921.0,0.1,79589559.0,8921.0,100.0
상인2동,상인2동,84726352.0,9205.0,0.1,84726352.0,9205.0,100.0
상인3동,상인3동,26421255.0,5140.0,0.0,26421255.0,5140.0,100.0
상일1동,상일1동,48657728.0,6976.0,0.0,48657728.0,6976.0,100.0
상일2동,상일2동,13924981.0,3732.0,0.0,13924981.0,3732.0,100.0
상일동,상일동,29657677.0,5446.0,0.0,29657677.0,5446.0,100.0
상장동,상장동,48315208.0,6951.0,0.0,48315208.0,6951.0,100.0
상전면,상전면,870457.0,933.0,0.0,870457.0,933.0,100.0
상주면,상주면,2806780.0,1675.0,0.0,2806780.0,1675.0,100.0
상중이동,상중이동,36629568.0,6052.0,0.0,36629568.0,6052.0,100.0
상촌면,상촌면,2838700.0,1685.0,0.0,2838700.0,1685.0,100.0
상패동,상패동,30506116.0,5523.0,0.0,30506116.0,5523.0,100.0
상평동,상평동,27120342.0,5208.0,0.0,27120342.0,5208.0,100.0
상하동,상하동,42077231.0,6487.0,0.0,42077231.0,6487.0,100.0
상하면,상하면,5060296.0,2250.0,0.0,5060296.0,2250.0,100.0
상현1동,상현1동,31242834.0,5590.0,0.0,31242834.0,5590.0,100.0
상현2동,상현2동,45437700.0,6741.0,0.0,45437700.0,6741.0,100.0
상현3동,상현3동,43543556.0,6599.0,0.0,43543556.0,6599.0,100.0
새롬동,새롬동,46347878.0,6808.0,0.0,46347878.0,6808.0,100.0
새솔동,새솔동,5717145.0,2391.0,0.0,5717145.0,2391.0,100.0
생극면,생극면,11993194.0,3463.0,0.0,11993194.0,3463.0,100.0
생림면,생림면,15885926.0,3986.0,0.0,15885926.0,3986.0,100.0
생비량면,생비량면,684642.0,827.0,0.0,684642.0,827.0,100.0
생연1동,생연1동,12253402.0,3500.0,0.0,12253402.0,3500.0,100.0
생연2동,생연2동,18470417.0,4298.0,0.0,18470417.0,4298.0,100.0
생일면,생일면,1398103.0,1182.0,0.0,1398103.0,1182.0,100.0
생초면,생초면,2988996.0,1729.0,0.0,2988996.0,1729.0,100.0
서1동,서1동,8935412.0,2989.0,0.0,8935412.0,2989.0,100.0
서2동,서2동,13796912.0,3714.0,0.0,13796912.0,3714.0,100.0
서3동,서3동,19297964.0,4393.0,0.0,19297964.0,4393.0,100.0
서강동,서강동,80641659.0,8980.0,0.1,68509298.0,8277.0,85.0
서강동,서강동,80641659.0,8980.0,0.1,12132362.0,3483.0,15.0
서교동,서교동,187662786.0,13699.0,0.1,187662786.0,13699.0,100.0
서구동,서구동,76403992.0,8741.0,0.1,76403992.0,8741.0,100.0
서남동,서남동,40661730.0,6377.0,0.0,40661730.0,6377.0,100.0
서농동,서농동,34935484.0,5911.0,0.0,34935484.0,5911.0,100.0
서대신1동,서대신1동,35154546.0,5929.0,0.0,35154546.0,5929.0,100.0
서대신3동,서대신3동,5962632.0,2442.0,0.0,5962632.0,2442.0,100.0
서대신4동,서대신4동,19255726.0,4388.0,0.0,19255726.0,4388.0,100.0
서도면,서도면,1223918.0,1106.0,0.0,1223918.0,1106.0,100.0
서둔동,서둔동,67050165.0,8188.0,0.1,67050165.0,8188.0,100.0
서림동,서림동,27625920.0,5256.0,0.0,27625920.0,5256.0,100.0
서면,서면,102425298.0,10121.0,0.1,4115139.0,2029.0,4.0
서면,서면,102425298.0,10121.0,0.1,16423141.0,4053.0,16.0
서면,서면,102425298.0,10121.0,0.1,11528069.0,3395.0,11.3
서면,서면,102425298.0,10121.0,0.1,30660462.0,5537.0,29.9
서면,서면,102425298.0,10121.0,0.1,7272492.0,2697.0,7.1
서면,서면,102425298.0,10121.0,0.1,5475645.0,2340.0,5.3
서면,서면,102425298.0,10121.0,0.1,8043238.0,2836.0,7.9
서면,서면,102425298.0,10121.0,0.1,11319112.0,3364.0,11.1
서면,서면,102425298.0,10121.0,0.1,7588000.0,2755.0,7.4
서부1동,서부1동,97067338.0,9852.0,0.1,97067338.0,9852.0,100.0
서부2동,서부2동,47914363.0,6922.0,0.0,47914363.0,6922.0,100.0
서부동,서부동,17417729.0,4173.0,0.0,17417729.0,4173.0,100.0
서부면,서부면,6291215.0,2508.0,0.0,6291215.0,2508.0,100.0
서빙고동,서빙고동,38230654.0,6183.0,0.0,38230654.0,6183.0,100.0
서삼면,서삼면,5229980.0,2287.0,0.0,5229980.0,2287.0,100.0
서상면,서상면,3012814.0,1736.0,0.0,3012814.0,1736.0,100.0
서생면,서생면,23795996.0,4878.0,0.0,23795996.0,4878.0,100.0
서서학동,서서학동,15483934.0,3935.0,0.0,15483934.0,3935.0,100.0
서석면,서석면,4794594.0,2190.0,0.0,4794594.0,2190.0,100.0
서수면,서수면,6009818.0,2451.0,0.0,6009818.0,2451.0,100.0
서신동,서신동,81476434.0,9026.0,0.1,81476434.0,9026.0,100.0
서신면,서신면,26739234.0,5171.0,0.0,26739234.0,5171.0,100.0
서운면,서운면,12039258.0,3470.0,0.0,12039258.0,3470.0,100.0
서원동,서원동,72207282.0,8497.0,0.1,72207282.0,8497.0,100.0
서원면,서원면,2526906.0,1590.0,0.0,2526906.0,1590.0,100.0
서정동,서정동,110984335.0,10535.0,0.1,110984335.0,10535.0,100.0
서종면,서종면,14869900.0,3856.0,0.0,14869900.0,3856.0,100.0
서창2동,서창2동,13870210.0,3724.0,0.0,13870210.0,3724.0,100.0
서창동,서창동,113803784.0,10668.0,0.1,56921952.0,7545.0,50.0
서창동,서창동,113803784.0,10668.0,0.1,56881832.0,7542.0,50.0
서천읍,서천읍,56358900.0,7507.0,0.0,56358900.0,7507.0,100.0
서초1동,서초1동,91677537.0,9575.0,0.1,91677537.0,9575.0,100.0
서초2동,서초2동,111014768.0,10536.0,0.1,111014768.0,10536.0,100.0
서초3동,서초3동,219075160.0,14801.0,0.2,219075160.0,14801.0,100.0
서초4동,서초4동,100682477.0,10034.0,0.1,100682477.0,10034.0,100.0
서탄면,서탄면,13849395.0,3721.0,0.0,13849395.0,3721.0,100.0
서포면,서포면,4822867.0,2196.0,0.0,4822867.0,2196.0,100.0
서하면,서하면,1997306.0,1413.0,0.0,1997306.0,1413.0,100.0
서현1동,서현1동,198089272.0,14074.0,0.2,198089272.0,14074.0,100.0
서현2동,서현2동,61401207.0,7836.0,0.0,61401207.0,7836.0,100.0
서호면,서호면,2944361.0,1716.0,0.0,2944361.0,1716.0,100.0
서홍동,서홍동,33068248.0,5750.0,0.0,33068248.0,5750.0,100.0
서화면,서화면,8216915.0,2867.0,0.0,8216915.0,2867.0,100.0
서후면,서후면,16285728.0,4036.0,0.0,16285728.0,4036.0,100.0
석곡동,석곡동,11507836.0,3392.0,0.0,11507836.0,3392.0,100.0
석곡면,석곡면,3959067.0,1990.0,0.0,3959067.0,1990.0,100.0
석관동,석관동,39023145.0,6247.0,0.0,39023145.0,6247.0,100.0
석교동,석교동,19859707.0,4456.0,0.0,19859707.0,4456.0,100.0
석남1동,석남1동,55916928.0,7478.0,0.0,55916928.0,7478.0,100.0
석남2동,석남2동,71520554.0,8457.0,0.1,71520554.0,8457.0,100.0
석남3동,석남3동,21478460.0,4634.0,0.0,21478460.0,4634.0,100.0
석남동,석남동,76749536.0,8761.0,0.1,76749536.0,8761.0,100.0
석동,석동,40661719.0,6377.0,0.0,40661719.0,6377.0,100.0
석문면,석문면,30894276.0,5558.0,0.0,30894276.0,5558.0,100.0
석보면,석보면,2544244.0,1595.0,0.0,2544244.0,1595.0,100.0
석봉동,석봉동,28510706.0,5340.0,0.0,28510706.0,5340.0,100.0
석사동,석사동,152432144.0,12346.0,0.1,152432144.0,12346.0,100.0
석성면,석성면,5496746.0,2345.0,0.0,5496746.0,2345.0,100.0
석수1동,석수1동,29287443.0,5412.0,0.0,29287443.0,5412.0,100.0
석수2동,석수2동,44534049.0,6673.0,0.0,44534049.0,6673.0,100.0
석수3동,석수3동,12154667.0,3486.0,0.0,12154667.0,3486.0,100.0
석적읍,석적읍,23920474.0,4891.0,0.0,23920474.0,4891.0,100.0
석전동,석전동,46258828.0,6801.0,0.0,46258828.0,6801.0,100.0
석촌동,석촌동,82243242.0,9069.0,0.1,82243242.0,9069.0,100.0
석포면,석포면,2975735.0,1725.0,0.0,2975735.0,1725.0,100.0
선구동,선구동,19696996.0,4438.0,0.0,19696996.0,4438.0,100.0
선남면,선남면,8759660.0,2960.0,0.0,8759660.0,2960.0,100.0
선단동,선단동,40288591.0,6347.0,0.0,40288591.0,6347.0,100.0
선도동,선도동,42007651.0,6481.0,0.0,42007651.0,6481.0,100.0
선두구동,선두구동,7551064.0,2748.0,0.0,7551064.0,2748.0,100.0
선부1동,선부1동,46060830.0,6787.0,0.0,46060830.0,6787.0,100.0
선부2동,선부2동,30302570.0,5505.0,0.0,30302570.0,5505.0,100.0
선부3동,선부3동,51727970.0,7192.0,0.0,51727970.0,7192.0,100.0
선산읍,선산읍,34502209.0,5874.0,0.0,34502209.0,5874.0,100.0
선암동,선암동,52465903.0,7243.0,0.0,52465903.0,7243.0,100.0
선원면,선원면,26929774.0,5189.0,0.0,26929774.0,5189.0,100.0
선장면,선장면,9224005.0,3037.0,0.0,9224005.0,3037.0,100.0
선주원남동,선주원남동,111728900.0,10570.0,0.1,111728900.0,10570.0,100.0
선학동,선학동,28323246.0,5322.0,0.0,28323246.0,5322.0,100.0
설성면,설성면,10003588.0,3163.0,0.0,10003588.0,3163.0,100.0
설악면,설악면,21156054.0,4600.0,0.0,21156054.0,4600.0,100.0
설천면,설천면,13601780.0,3688.0,0.0,4658262.0,2158.0,34.2
설천면,설천면,13601780.0,3688.0,0.0,8943518.0,2991.0,65.8
성거읍,성거읍,24847448.0,4985.0,0.0,24847448.0,4985.0,100.0
성건동,성건동,79048490.0,8891.0,0.1,79048490.0,8891.0,100.0
성곡동,성곡동,106814802.0,10335.0,0.1,88083030.0,9385.0,82.5
성곡동,성곡동,106814802.0,10335.0,0.1,18731772.0,4328.0,17.5
성남동,성남동,76127534.0,8725.0,0.1,18128834.0,4258.0,23.8
성남동,성남동,76127534.0,8725.0,0.1,57998700.0,7616.0,76.2
성남면,성남면,10152723.0,3186.0,0.0,10152723.0,3186.0,100.0
성내.충인동,성내.충인동,108670968.0,10425.0,0.1,108670968.0,10425.0,100.0
성내1동,성내1동,139287690.0,11802.0,0.1,67491344.0,8215.0,48.5
성내1동,성내1동,139287690.0,11802.0,0.1,71796347.0,8473.0,51.5
성내2동,성내2동,105952354.0,10293.0,0.1,64151636.0,8009.0,60.5
성내2동,성내2동,105952354.0,10293.0,0.1,41800717.0,6465.0,39.5
성내3동,성내3동,116712043.0,10803.0,0.1,100572206.0,10029.0,86.2
성내3동,성내3동,116712043.0,10803.0,0.1,16139837.0,4017.0,13.8
성내동,성내동,30909235.0,5560.0,0.0,30909235.0,5560.0,100.0
성내면,성내면,1445234.0,1202.0,0.0,1445234.0,1202.0,100.0
성당동,성당동,37570040.0,6129.0,0.0,37570040.0,6129.0,100.0
성당면,성당면,3890002.0,1972.0,0.0,3890002.0,1972.0,100.0
성덕동,성덕동,81432474.0,9024.0,0.1,81432474.0,9024.0,100.0
성덕면,성덕면,2632021.0,1622.0,0.0,2632021.0,1622.0,100.0
성동면,성동면,8726036.0,2954.0,0.0,8726036.0,2954.0,100.0
성복동,성복동,52650248.0,7256.0,0.0,52650248.0,7256.0,100.0
성북동,성북동,166311512.0,12896.0,0.1,42493776.0,6519.0,25.6
성북동,성북동,166311512.0,12896.0,0.1,74132180.0,8610.0,44.6
성북동,성북동,166311512.0,12896.0,0.1,49685556.0,7049.0,29.9
성사1동,성사1동,66184734.0,8135.0,0.1,66184734.0,8135.0,100.0
성사2동,성사2동,39035244.0,6248.0,0.0,39035244.0,6248.0,100.0
성산1동,성산1동,47385040.0,6884.0,0.0,47385040.0,6884.0,100.0
성산2동,성산2동,74738878.0,8645.0,0.1,74738878.0,8645.0,100.0
성산면,성산면,32950533.0,5740.0,0.0,3687954.0,1920.0,11.2
성산면,성산면,32950533.0,5740.0,0.0,1761750.0,1327.0,5.3
성산면,성산면,32950533.0,5740.0,0.0,14284732.0,3780.0,43.4
성산면,성산면,32950533.0,5740.0,0.0,13216098.0,3635.0,40.1
성산읍,성산읍,39617490.0,6294.0,0.0,39617490.0,6294.0,100.0
성송면,성송면,2535480.0,1592.0,0.0,2535480.0,1592.0,100.0
성수1가1동,성수1가1동,51240136.0,7158.0,0.0,51240136.0,7158.0,100.0
성수1가2동,성수1가2동,48607486.0,6972.0,0.0,48607486.0,6972.0,100.0
성수2가1동,성수2가1동,43681918.0,6609.0,0.0,43681918.0,6609.0,100.0
성수2가3동,성수2가3동,67827854.0,8236.0,0.1,67827854.0,8236.0,100.0
성수면,성수면,3737192.0,1933.0,0.0,2512184.0,1585.0,67.2
성수면,성수면,3737192.0,1933.0,0.0,1225007.0,1107.0,32.8
성안동,성안동,96934904.0,9846.0,0.1,50019238.0,7072.0,51.6
성안동,성안동,96934904.0,9846.0,0.1,46915666.0,6850.0,48.4
성연면,성연면,31320636.0,5596.0,0.0,31320636.0,5596.0,100.0
성전면,성전면,5684574.0,2384.0,0.0,5684574.0,2384.0,100.0
성정1동,성정1동,17643822.0,4200.0,0.0,17643822.0,4200.0,100.0
성정2동,성정2동,51376696.0,7168.0,0.0,51376696.0,7168.0,100.0
성주동,성주동,65060580.0,8066.0,0.1,65060580.0,8066.0,100.0
성주면,성주면,10918988.0,3304.0,0.0,10918988.0,3304.0,100.0
성주읍,성주읍,49725260.0,7052.0,0.0,49725260.0,7052.0,100.0
성포동,성포동,38849933.0,6233.0,0.0,38849933.0,6233.0,100.0
성현동,성현동,38256827.0,6185.0,0.0,38256827.0,6185.0,100.0
성화.개신.죽림동,성화.개신.죽림동,74663400.0,8641.0,0.1,74663400.0,8641.0,100.0
성환읍,성환읍,37664154.0,6137.0,0.0,37664154.0,6137.0,100.0
세곡동,세곡동,56610617.0,7524.0,0.0,56610617.0,7524.0,100.0
세교동,세교동,67399472.0,8210.0,0.1,67399472.0,8210.0,100.0
세도면,세도면,3403844.0,1845.0,0.0,3403844.0,1845.0,100.0
세류1동,세류1동,8142844.0,2854.0,0.0,8142844.0,2854.0,100.0
세류2동,세류2동,24639664.0,4964.0,0.0,24639664.0,4964.0,100.0
세류3동,세류3동,18902096.0,4348.0,0.0,18902096.0,4348.0,100.0
세마동,세마동,55375355.0,7441.0,0.0,55375355.0,7441.0,100.0
세종대왕면,세종대왕면,19812482.0,4451.0,0.0,19812482.0,4451.0,100.0
세지면,세지면,4475552.0,2116.0,0.0,4475552.0,2116.0,100.0
소공동,소공동,68276404.0,8263.0,0.1,68276404.0,8263.0,100.0
소담동,소담동,12559687.0,3544.0,0.0,12559687.0,3544.0,100.0
소라면,소라면,39044204.0,6249.0,0.0,39044204.0,6249.0,100.0
소룡동,소룡동,83592666.0,9143.0,0.1,83592666.0,9143.0,100.0
소보면,소보면,1598723.0,1264.0,0.0,1598723.0,1264.0,100.0
소사동,소사동,7424266.0,2725.0,0.0,4135236.0,2034.0,55.7
소사동,소사동,7424266.0,2725.0,0.0,3289030.0,1814.0,44.3
소사본1동,소사본1동,14178938.0,3765.0,0.0,14178938.0,3765.0,100.0
소사본3동,소사본3동,8758376.0,2959.0,0.0,8758376.0,2959.0,100.0
소사본동,소사본동,73376653.0,8566.0,0.1,13873118.0,3725.0,18.9
소사본동,소사본동,73376653.0,8566.0,0.1,59503535.0,7714.0,81.1
소성면,소성면,3805515.0,1951.0,0.0,3805515.0,1951.0,100.0
소수면,소수면,2331766.0,1527.0,0.0,2331766.0,1527.0,100.0
소안면,소안면,5530469.0,2352.0,0.0,5530469.0,2352.0,100.0
소양동,소양동,90965945.0,9538.0,0.1,90965945.0,9538.0,100.0
소양면,소양면,5731100.0,2394.0,0.0,5731100.0,2394.0,100.0
소요동,소요동,21225960.0,4607.0,0.0,21225960.0,4607.0,100.0
소원면,소원면,14484022.0,3806.0,0.0,14484022.0,3806.0,100.0
소이면,소이면,4618422.0,2149.0,0.0,4618422.0,2149.0,100.0
소정면,소정면,1832792.0,1354.0,0.0,1832792.0,1354.0,100.0
소주동,소주동,34539641.0,5877.0,0.0,34539641.0,5877.0,100.0
소천면,소천면,2175446.0,1475.0,0.0,2175446.0,1475.0,100.0
소초면,소초면,28902937.0,5376.0,0.0,28902937.0,5376.0,100.0
소태면,소태면,3207869.0,1791.0,0.0,3207869.0,1791.0,100.0
소하1동,소하1동,62767922.0,7923.0,0.0,62767922.0,7923.0,100.0
소하2동,소하2동,44354856.0,6660.0,0.0,44354856.0,6660.0,100.0
소흘읍,소흘읍,81378654.0,9021.0,0.1,81378654.0,9021.0,100.0
속리산면,속리산면,4852295.0,2203.0,0.0,4852295.0,2203.0,100.0
손불면,손불면,3525182.0,1878.0,0.0,3525182.0,1878.0,100.0
손양면,손양면,12614791.0,3552.0,0.0,12614791.0,3552.0,100.0
송광면,송광면,2531204.0,1591.0,0.0,2531204.0,1591.0,100.0
송내1동,송내1동,15319178.0,3914.0,0.0,7838383.0,2800.0,51.2
송내1동,송내1동,15319178.0,3914.0,0.0,7480795.0,2735.0,48.8
송내2동,송내2동,29586291.0,5439.0,0.0,17267526.0,4155.0,58.4
송내2동,송내2동,29586291.0,5439.0,0.0,12318764.0,3510.0,41.6
송내동,송내동,60201726.0,7759.0,0.0,60201726.0,7759.0,100.0
송도1동,송도1동,193430510.0,13908.0,0.2,193430510.0,13908.0,100.0
송도2동,송도2동,72210208.0,8498.0,0.1,72210208.0,8498.0,100.0
송도3동,송도3동,103338288.0,10166.0,0.1,103338288.0,10166.0,100.0
송도4동,송도4동,36157958.0,6013.0,0.0,36157958.0,6013.0,100.0
송도5동,송도5동,23840831.0,4883.0,0.0,23840831.0,4883.0,100.0
송도동,송도동,25080566.0,5008.0,0.0,25080566.0,5008.0,100.0
송동면,송동면,3436391.0,1854.0,0.0,3436391.0,1854.0,100.0
송라면,송라면,11696640.0,3420.0,0.0,11696640.0,3420.0,100.0
송림1동,송림1동,9547804.0,3090.0,0.0,9547804.0,3090.0,100.0
송림2동,송림2동,4601797.0,2145.0,0.0,4601797.0,2145.0,100.0
송림3.5동,송림3.5동,10265749.0,3204.0,0.0,10265749.0,3204.0,100.0
송림4동,송림4동,3669026.0,1915.0,0.0,3669026.0,1915.0,100.0
송림6동,송림6동,12248050.0,3500.0,0.0,12248050.0,3500.0,100.0
송부동,송부동,18570598.0,4309.0,0.0,18570598.0,4309.0,100.0
송북동,송북동,42447962.0,6515.0,0.0,42447962.0,6515.0,100.0
송산1동,송산1동,74018472.0,8603.0,0.1,74018472.0,8603.0,100.0
송산2동,송산2동,119139433.0,10915.0,0.1,119139433.0,10915.0,100.0
송산3동,송산3동,64668184.0,8042.0,0.1,64668184.0,8042.0,100.0
송산동,송산동,73122234.0,8551.0,0.1,15964098.0,3996.0,21.8
송산동,송산동,73122234.0,8551.0,0.1,57158136.0,7560.0,78.2
송산면,송산면,68093364.0,8252.0,0.1,26252849.0,5124.0,38.6
송산면,송산면,68093364.0,8252.0,0.1,41840516.0,6468.0,61.4
송악면,송악면,10836004.0,3292.0,0.0,10836004.0,3292.0,100.0
송악읍,송악읍,69673741.0,8347.0,0.1,69673741.0,8347.0,100.0
송암동,송암동,41005618.0,6404.0,0.0,41005618.0,6404.0,100.0
송월동,송월동,29543538.0,5435.0,0.0,1459010.0,1208.0,4.9
송월동,송월동,29543538.0,5435.0,0.0,28084528.0,5299.0,95.1
송정1동,송정1동,12828004.0,3582.0,0.0,12828004.0,3582.0,100.0
송정2동,송정2동,48546068.0,6968.0,0.0,48546068.0,6968.0,100.0
송정동,송정동,345673646.0,18592.0,0.3,83564142.0,9141.0,24.2
송정동,송정동,345673646.0,18592.0,0.3,86747262.0,9314.0,25.1
송정동,송정동,345673646.0,18592.0,0.3,18150545.0,4260.0,5.3
송정동,송정동,345673646.0,18592.0,0.3,35576282.0,5965.0,10.3
송정동,송정동,345673646.0,18592.0,0.3,47372364.0,6883.0,13.7
송정동,송정동,345673646.0,18592.0,0.3,7300713.0,2702.0,2.1
송정동,송정동,345673646.0,18592.0,0.3,66962340.0,8183.0,19.4
송죽동,송죽동,45591732.0,6752.0,0.0,45591732.0,6752.0,100.0
송중동,송중동,54739377.0,7399.0,0.0,54739377.0,7399.0,100.0
송지면,송지면,9929798.0,3151.0,0.0,9929798.0,3151.0,100.0
송천1동,송천1동,99315244.0,9966.0,0.1,99315244.0,9966.0,100.0
송천2동,송천2동,59908334.0,7740.0,0.0,59908334.0,7740.0,100.0
송천3동,송천3동,6043121.0,2458.0,0.0,6043121.0,2458.0,100.0
송천동,송천동,55346102.0,7439.0,0.0,55346102.0,7439.0,100.0
송촌동,송촌동,48507266.0,6965.0,0.0,48507266.0,6965.0,100.0
송탄동,송탄동,76419903.0,8742.0,0.1,76419903.0,8742.0,100.0
송파1동,송파1동,99329884.0,9966.0,0.1,99329884.0,9966.0,100.0
송파2동,송파2동,40277692.0,6346.0,0.0,40277692.0,6346.0,100.0
송포동,송포동,63539424.0,7971.0,0.0,63539424.0,7971.0,100.0
송하동,송하동,42882217.0,6548.0,0.0,42882217.0,6548.0,100.0
송학동,송학동,43707377.0,6611.0,0.0,43707377.0,6611.0,100.0
송학면,송학면,13364348.0,3656.0,0.0,13364348.0,3656.0,100.0
송해면,송해면,7962332.0,2822.0,0.0,7962332.0,2822.0,100.0
송현1.2동,송현1.2동,18150339.0,4260.0,0.0,18150339.0,4260.0,100.0
송현1동,송현1동,39468930.0,6282.0,0.0,39468930.0,6282.0,100.0
송현2동,송현2동,46557196.0,6823.0,0.0,46557196.0,6823.0,100.0
송현3동,송현3동,6775524.0,2603.0,0.0,6775524.0,2603.0,100.0
수곡1동,수곡1동,17400376.0,4171.0,0.0,17400376.0,4171.0,100.0
수곡2동,수곡2동,15838694.0,3980.0,0.0,15838694.0,3980.0,100.0
수곡면,수곡면,2540108.0,1594.0,0.0,2540108.0,1594.0,100.0
수궁동,수궁동,26766523.0,5174.0,0.0,26766523.0,5174.0,100.0
수내1동,수내1동,102919551.0,10145.0,0.1,102919551.0,10145.0,100.0
수내2동,수내2동,8461212.0,2909.0,0.0,8461212.0,2909.0,100.0
수내3동,수내3동,45083286.0,6714.0,0.0,45083286.0,6714.0,100.0
수동면,수동면,30735162.0,5544.0,0.0,24157154.0,4915.0,78.6
수동면,수동면,30735162.0,5544.0,0.0,1144318.0,1070.0,3.7
수동면,수동면,30735162.0,5544.0,0.0,5433690.0,2331.0,17.7
수륜면,수륜면,4215096.0,2053.0,0.0,4215096.0,2053.0,100.0
수리동,수리동,43268852.0,6578.0,0.0,43268852.0,6578.0,100.0
수민동,수민동,52569090.0,7250.0,0.0,52569090.0,7250.0,100.0
수북면,수북면,7785176.0,2790.0,0.0,7785176.0,2790.0,100.0
수비면,수비면,2336562.0,1529.0,0.0,2336562.0,1529.0,100.0
수산면,수산면,2849556.0,1688.0,0.0,2849556.0,1688.0,100.0
수색동,수색동,17493410.0,4183.0,0.0,17493410.0,4183.0,100.0
수서동,수서동,59918722.0,7741.0,0.0,59918722.0,7741.0,100.0
수석동,수석동,38804518.0,6229.0,0.0,38804518.0,6229.0,100.0
수성1가동,수성1가동,26724418.0,5170.0,0.0,26724418.0,5170.0,100.0
수성2.3가동,수성2.3가동,35404495.0,5950.0,0.0,35404495.0,5950.0,100.0
수성4가동,수성4가동,30668550.0,5538.0,0.0,30668550.0,5538.0,100.0
수성동,수성동,62817055.0,7926.0,0.0,62817055.0,7926.0,100.0
수송동,수송동,190818246.0,13814.0,0.1,190818246.0,13814.0,100.0
수신면,수신면,8877204.0,2979.0,0.0,8877204.0,2979.0,100.0
수안보면,수안보면,15223568.0,3902.0,0.0,15223568.0,3902.0,100.0
수암동,수암동,28137487.0,5304.0,0.0,28137487.0,5304.0,100.0
수양동,수양동,87501334.0,9354.0,0.1,87501334.0,9354.0,100.0
수영동,수영동,47092934.0,6862.0,0.0,47092934.0,6862.0,100.0
수완동,수완동,115673834.0,10755.0,0.1,115673834.0,10755.0,100.0
수유1동,수유1동,29003950.0,5386.0,0.0,25024615.0,5002.0,86.3
수유1동,수유1동,29003950.0,5386.0,0.0,3979336.0,1995.0,13.7
수유2동,수유2동,45479382.0,6744.0,0.0,5585839.0,2363.0,12.3
수유2동,수유2동,45479382.0,6744.0,0.0,39893542.0,6316.0,87.7
수유3동,수유3동,86990936.0,9327.0,0.1,76143764.0,8726.0,87.5
수유3동,수유3동,86990936.0,9327.0,0.1,10847172.0,3294.0,12.5
수정1동,수정1동,12857572.0,3586.0,0.0,12857572.0,3586.0,100.0
수정2동,수정2동,16975122.0,4120.0,0.0,16975122.0,4120.0,100.0
수정4동,수정4동,4773895.0,2185.0,0.0,4773895.0,2185.0,100.0
수정5동,수정5동,5578744.0,2362.0,0.0,5578744.0,2362.0,100.0
수지면,수지면,2066386.0,1437.0,0.0,2066386.0,1437.0,100.0
수진1동,수진1동,16013512.0,4002.0,0.0,16013512.0,4002.0,100.0
수진2동,수진2동,58552949.0,7652.0,0.0,58552949.0,7652.0,100.0
수택1동,수택1동,158256242.0,12580.0,0.1,158256242.0,12580.0,100.0
수택2동,수택2동,58370088.0,7640.0,0.0,58370088.0,7640.0,100.0
수택3동,수택3동,83472448.0,9136.0,0.1,83472448.0,9136.0,100.0
수한면,수한면,3356745.0,1832.0,0.0,3356745.0,1832.0,100.0
순성면,순성면,11591720.0,3405.0,0.0,11591720.0,3405.0,100.0
순창읍,순창읍,21696468.0,4658.0,0.0,21696468.0,4658.0,100.0
순흥면,순흥면,7086538.0,2662.0,0.0,7086538.0,2662.0,100.0
숭의1.3동,숭의1.3동,24692115.0,4969.0,0.0,24692115.0,4969.0,100.0
숭의2동,숭의2동,53026106.0,7282.0,0.0,53026106.0,7282.0,100.0
숭의4동,숭의4동,17514928.0,4185.0,0.0,17514928.0,4185.0,100.0
숭인1동,숭인1동,20997851.0,4582.0,0.0,20997851.0,4582.0,100.0
숭인2동,숭인2동,26031068.0,5102.0,0.0,26031068.0,5102.0,100.0
승주읍,승주읍,5210362.0,2283.0,0.0,5210362.0,2283.0,100.0
시기동,시기동,17452886.0,4178.0,0.0,17452886.0,4178.0,100.0
시전동,시전동,86976130.0,9326.0,0.1,86976130.0,9326.0,100.0
시종면,시종면,4760728.0,2182.0,0.0,4760728.0,2182.0,100.0
시천면,시천면,7114492.0,2667.0,0.0,7114492.0,2667.0,100.0
시초면,시초면,1486030.0,1219.0,0.0,1486030.0,1219.0,100.0
시흥1동,시흥1동,67815604.0,8235.0,0.1,67815604.0,8235.0,100.0
시흥2동,시흥2동,27110524.0,5207.0,0.0,27110524.0,5207.0,100.0
시흥3동,시흥3동,15131480.0,3890.0,0.0,15131480.0,3890.0,100.0
시흥4동,시흥4동,24766553.0,4977.0,0.0,24766553.0,4977.0,100.0
시흥5동,시흥5동,23775885.0,4876.0,0.0,23775885.0,4876.0,100.0
시흥동,시흥동,21535493.0,4641.0,0.0,21535493.0,4641.0,100.0
식사동,식사동,60719358.0,7792.0,0.0,60719358.0,7792.0,100.0
신가동,신가동,60685516.0,7790.0,0.0,60685516.0,7790.0,100.0
신갈동,신갈동,81980570.0,9054.0,0.1,81980570.0,9054.0,100.0
신곡1동,신곡1동,64539153.0,8034.0,0.1,64539153.0,8034.0,100.0
신곡2동,신곡2동,90921467.0,9535.0,0.1,90921467.0,9535.0,100.0
신관동,신관동,62431002.0,7901.0,0.0,62431002.0,7901.0,100.0
신광면,신광면,9084302.0,3014.0,0.0,1689555.0,1300.0,18.6
신광면,신광면,9084302.0,3014.0,0.0,7394748.0,2719.0,81.4
신기면,신기면,1434069.0,1198.0,0.0,1434069.0,1198.0,100.0
신길1동,신길1동,39434570.0,6280.0,0.0,39434570.0,6280.0,100.0
신길3동,신길3동,23905609.0,4889.0,0.0,23905609.0,4889.0,100.0
신길4동,신길4동,18373548.0,4286.0,0.0,18373548.0,4286.0,100.0
신길5동,신길5동,12313147.0,3509.0,0.0,12313147.0,3509.0,100.0
신길6동,신길6동,32776586.0,5725.0,0.0,32776586.0,5725.0,100.0
신길7동,신길7동,20311634.0,4507.0,0.0,20311634.0,4507.0,100.0
신길동,신길동,22996082.0,4795.0,0.0,22996082.0,4795.0,100.0
신내1동,신내1동,62751108.0,7922.0,0.0,62751108.0,7922.0,100.0
신내2동,신내2동,47448324.0,6888.0,0.0,47448324.0,6888.0,100.0
신녕면,신녕면,4787538.0,2188.0,0.0,4787538.0,2188.0,100.0
신니면,신니면,7961916.0,2822.0,0.0,7961916.0,2822.0,100.0
신당5동,신당5동,16408637.0,4051.0,0.0,16408637.0,4051.0,100.0
신당동,신당동,156174232.0,12497.0,0.1,103150890.0,10156.0,66.0
신당동,신당동,156174232.0,12497.0,0.1,53023341.0,7282.0,34.0
신대방1동,신대방1동,17715887.0,4209.0,0.0,17715887.0,4209.0,100.0
신대방2동,신대방2동,35769864.0,5981.0,0.0,35769864.0,5981.0,100.0
신덕면,신덕면,867342.0,931.0,0.0,867342.0,931.0,100.0
신도림동,신도림동,74120420.0,8609.0,0.1,74120420.0,8609.0,100.0
신도안면,신도안면,17720367.0,4210.0,0.0,17720367.0,4210.0,100.0
신동,신동,74936922.0,8657.0,0.1,74936922.0,8657.0,100.0
신동면,신동면,18597092.0,4312.0,0.0,18597092.0,4312.0,100.0
신동읍,신동읍,4087489.0,2022.0,0.0,4087489.0,2022.0,100.0
신둔면,신둔면,48189505.0,6942.0,0.0,48189505.0,6942.0,100.0
신등면,신등면,3050618.0,1747.0,0.0,3050618.0,1747.0,100.0
신림동,신림동,65780736.0,8111.0,0.1,65780736.0,8111.0,100.0
신림면,신림면,14034587.0,3746.0,0.0,9467437.0,3077.0,67.5
신림면,신림면,14034587.0,3746.0,0.0,4567150.0,2137.0,32.5
신방동,신방동,60379176.0,7770.0,0.0,60379176.0,7770.0,100.0
신백동,신백동,17684709.0,4205.0,0.0,17684709.0,4205.0,100.0
신봉동,신봉동,61149904.0,7820.0,0.0,61149904.0,7820.0,100.0
신북면,신북면,35445137.0,5954.0,0.0,4268198.0,2066.0,12.0
신북면,신북면,35445137.0,5954.0,0.0,31176939.0,5584.0,88.0
신북읍,신북읍,35338888.0,5945.0,0.0,35338888.0,5945.0,100.0
신사1동,신사1동,37538060.0,6127.0,0.0,37538060.0,6127.0,100.0
신사2동,신사2동,20621010.0,4541.0,0.0,20621010.0,4541.0,100.0
신사동,신사동,133694015.0,11563.0,0.1,100819520.0,10041.0,75.4
신사동,신사동,133694015.0,11563.0,0.1,32874496.0,5734.0,24.6
신사우동,신사우동,66489062.0,8154.0,0.1,66489062.0,8154.0,100.0
신서면,신서면,5831094.0,2415.0,0.0,5831094.0,2415.0,100.0
신선동,신선동,14616822.0,3823.0,0.0,14616822.0,3823.0,100.0
신설동,신설동,3345076.0,1829.0,0.0,3345076.0,1829.0,100.0
신성동,신성동,97773680.0,9888.0,0.1,97773680.0,9888.0,100.0
신수동,신수동,46519616.0,6821.0,0.0,46519616.0,6821.0,100.0
신안동,신안동,190893867.0,13816.0,0.1,110335978.0,10504.0,57.8
신안동,신안동,190893867.0,13816.0,0.1,45214925.0,6724.0,23.7
신안동,신안동,190893867.0,13816.0,0.1,35342965.0,5945.0,18.5
신안면,신안면,8799903.0,2966.0,0.0,8799903.0,2966.0,100.0
신암1동,신암1동,17757187.0,4214.0,0.0,17757187.0,4214.0,100.0
신암2동,신암2동,10570746.0,3251.0,0.0,10570746.0,3251.0,100.0
신암3동,신암3동,14655494.0,3828.0,0.0,14655494.0,3828.0,100.0
신암4동,신암4동,44745505.0,6689.0,0.0,44745505.0,6689.0,100.0
신암5동,신암5동,15178384.0,3896.0,0.0,15178384.0,3896.0,100.0
신암면,신암면,10207806.0,3195.0,0.0,10207806.0,3195.0,100.0
신양면,신양면,4303023.0,2074.0,0.0,4303023.0,2074.0,100.0
신용동,신용동,27624356.0,5256.0,0.0,27624356.0,5256.0,100.0
신원동,신원동,31310832.0,5596.0,0.0,31310832.0,5596.0,100.0
신원면,신원면,1984826.0,1409.0,0.0,1984826.0,1409.0,100.0
신월1동,신월1동,26271150.0,5126.0,0.0,26271150.0,5126.0,100.0
신월2동,신월2동,19708080.0,4439.0,0.0,19708080.0,4439.0,100.0
신월3동,신월3동,17992023.0,4242.0,0.0,17992023.0,4242.0,100.0
신월4동,신월4동,16164036.0,4020.0,0.0,16164036.0,4020.0,100.0
신월5동,신월5동,8486244.0,2913.0,0.0,8486244.0,2913.0,100.0
신월6동,신월6동,17029397.0,4127.0,0.0,17029397.0,4127.0,100.0
신월7동,신월7동,29233690.0,5407.0,0.0,29233690.0,5407.0,100.0
신의면,신의면,1766656.0,1329.0,0.0,1766656.0,1329.0,100.0
신인동,신인동,32080825.0,5664.0,0.0,32080825.0,5664.0,100.0
신장1동,신장1동,65524238.0,8095.0,0.1,9196240.0,3033.0,14.0
신장1동,신장1동,65524238.0,8095.0,0.1,29226673.0,5406.0,44.6
신장1동,신장1동,65524238.0,8095.0,0.1,27101326.0,5206.0,41.4
신장2동,신장2동,143664913.0,11986.0,0.1,14788848.0,3846.0,10.3
신장2동,신장2동,143664913.0,11986.0,0.1,14354098.0,3789.0,10.0
신장2동,신장2동,143664913.0,11986.0,0.1,114521967.0,10701.0,79.7
신장동,신장동,76092086.0,8723.0,0.1,76092086.0,8723.0,100.0
신전면,신전면,3033044.0,1742.0,0.0,3033044.0,1742.0,100.0
신정1동,신정1동,83664217.0,9147.0,0.1,49063518.0,7005.0,58.6
신정1동,신정1동,83664217.0,9147.0,0.1,34600699.0,5882.0,41.4
신정2동,신정2동,132439699.0,11508.0,0.1,27638240.0,5257.0,20.9
신정2동,신정2동,132439699.0,11508.0,0.1,104801459.0,10237.0,79.1
신정3동,신정3동,134504517.0,11598.0,0.1,81109098.0,9006.0,60.3
신정3동,신정3동,134504517.0,11598.0,0.1,53395419.0,7307.0,39.7
신정4동,신정4동,119713685.0,10941.0,0.1,68625578.0,8284.0,57.3
신정4동,신정4동,119713685.0,10941.0,0.1,51088107.0,7148.0,42.7
신정5동,신정5동,30974062.0,5565.0,0.0,30974062.0,5565.0,100.0
신정6동,신정6동,44444589.0,6667.0,0.0,44444589.0,6667.0,100.0
신정7동,신정7동,50432620.0,7102.0,0.0,50432620.0,7102.0,100.0
신중동,신중동,228676430.0,15122.0,0.2,228676430.0,15122.0,100.0
신지면,신지면,8490136.0,2914.0,0.0,8490136.0,2914.0,100.0
신창동,신창동,56945802.0,7546.0,0.0,56945802.0,7546.0,100.0
신창면,신창면,47851902.0,6918.0,0.0,47851902.0,6918.0,100.0
신천1.2동,신천1.2동,27198910.0,5215.0,0.0,27198910.0,5215.0,100.0
신천3동,신천3동,33736882.0,5808.0,0.0,33736882.0,5808.0,100.0
신천4동,신천4동,26201630.0,5119.0,0.0,26201630.0,5119.0,100.0
신천동,신천동,73544804.0,8576.0,0.1,73544804.0,8576.0,100.0
신촌동,신촌동,174943713.0,13227.0,0.1,26916722.0,5188.0,15.4
신촌동,신촌동,174943713.0,13227.0,0.1,5769785.0,2402.0,3.3
신촌동,신촌동,174943713.0,13227.0,0.1,142257206.0,11927.0,81.3
신탄진동,신탄진동,28753400.0,5362.0,0.0,28753400.0,5362.0,100.0
신태인읍,신태인읍,10462112.0,3235.0,0.0,10462112.0,3235.0,100.0
신평1동,신평1동,51564016.0,7181.0,0.0,29964372.0,5474.0,58.1
신평1동,신평1동,51564016.0,7181.0,0.0,21599644.0,4648.0,41.9
신평2동,신평2동,46172332.0,6795.0,0.0,14037807.0,3747.0,30.4
신평2동,신평2동,46172332.0,6795.0,0.0,32134526.0,5669.0,69.6
신평동,신평동,96027319.0,9799.0,0.1,96027319.0,9799.0,100.0
신평면,신평면,35232956.0,5936.0,0.0,1594652.0,1263.0,4.5
신평면,신평면,35232956.0,5936.0,0.0,502996.0,709.0,1.4
신평면,신평면,35232956.0,5936.0,0.0,33135308.0,5756.0,94.0
신포동,신포동,19866689.0,4457.0,0.0,19866689.0,4457.0,100.0
신풍동,신풍동,58926676.0,7676.0,0.0,34238992.0,5851.0,58.1
신풍동,신풍동,58926676.0,7676.0,0.0,24687684.0,4969.0,41.9
신풍면,신풍면,3638824.0,1908.0,0.0,3638824.0,1908.0,100.0
신현동,신현동,37271846.0,6105.0,0.0,20386516.0,4515.0,54.7
신현동,신현동,37271846.0,6105.0,0.0,16885330.0,4109.0,45.3
신형원창동,신형원창동,85129149.0,9227.0,0.1,85129149.0,9227.0,100.0
신호동,신호동,4644580.0,2155.0,0.0,4644580.0,2155.0,100.0
신흥1동,신흥1동,19313462.0,4395.0,0.0,19313462.0,4395.0,100.0
신흥2동,신흥2동,30412144.0,5515.0,0.0,30412144.0,5515.0,100.0
신흥3동,신흥3동,38274702.0,6187.0,0.0,38274702.0,6187.0,100.0
신흥동,신흥동,192989720.0,13892.0,0.2,112836654.0,10622.0,58.5
신흥동,신흥동,192989720.0,13892.0,0.2,17974744.0,4240.0,9.3
신흥동,신흥동,192989720.0,13892.0,0.2,11833636.0,3440.0,6.1
신흥동,신흥동,192989720.0,13892.0,0.2,18772338.0,4333.0,9.7
신흥동,신흥동,192989720.0,13892.0,0.2,11878192.0,3446.0,6.2
신흥동,신흥동,192989720.0,13892.0,0.2,19694157.0,4438.0,10.2
심곡1동,심곡1동,13110622.0,3621.0,0.0,5542114.0,2354.0,42.3
심곡1동,심곡1동,13110622.0,3621.0,0.0,7568508.0,2751.0,57.7
심곡2동,심곡2동,39369281.0,6274.0,0.0,18357878.0,4285.0,46.6
심곡2동,심곡2동,39369281.0,6274.0,0.0,21011403.0,4584.0,53.4
심곡3동,심곡3동,32052682.0,5662.0,0.0,8024194.0,2833.0,25.0
심곡3동,심곡3동,32052682.0,5662.0,0.0,24028487.0,4902.0,75.0
심곡동,심곡동,114557082.0,10703.0,0.1,114557082.0,10703.0,100.0
심곡본1동,심곡본1동,12659759.0,3558.0,0.0,8654124.0,2942.0,68.4
심곡본1동,심곡본1동,12659759.0,3558.0,0.0,4005634.0,2001.0,31.6
심곡본동,심곡본동,27027259.0,5199.0,0.0,13750516.0,3708.0,50.9
심곡본동,심곡본동,27027259.0,5199.0,0.0,13276742.0,3644.0,49.1
심원면,심원면,5879139.0,2425.0,0.0,5879139.0,2425.0,100.0
심천면,심천면,5198182.0,2280.0,0.0,5198182.0,2280.0,100.0
십정1동,십정1동,24344842.0,4934.0,0.0,24344842.0,4934.0,100.0
십정2동,십정2동,21870600.0,4677.0,0.0,21870600.0,4677.0,100.0
쌍령동,쌍령동,25103271.0,5010.0,0.0,25103271.0,5010.0,100.0
쌍림면,쌍림면,5163116.0,2272.0,0.0,5163116.0,2272.0,100.0
쌍문1동,쌍문1동,22839428.0,4779.0,0.0,22839428.0,4779.0,100.0
쌍문2동,쌍문2동,42907182.0,6550.0,0.0,42907182.0,6550.0,100.0
쌍문3동,쌍문3동,22695718.0,4764.0,0.0,22695718.0,4764.0,100.0
쌍문4동,쌍문4동,31196504.0,5585.0,0.0,31196504.0,5585.0,100.0
쌍백면,쌍백면,1352477.0,1163.0,0.0,1352477.0,1163.0,100.0
쌍봉동,쌍봉동,123277434.0,11103.0,0.1,123277434.0,11103.0,100.0
쌍용1동,쌍용1동,29778574.0,5457.0,0.0,29778574.0,5457.0,100.0
쌍용2동,쌍용2동,28655732.0,5353.0,0.0,28655732.0,5353.0,100.0
쌍용3동,쌍용3동,20235397.0,4498.0,0.0,20235397.0,4498.0,100.0
쌍책면,쌍책면,1924528.0,1387.0,0.0,1924528.0,1387.0,100.0
쌍치면,쌍치면,1419008.0,1191.0,0.0,1419008.0,1191.0,100.0
아라1동,아라1동,3342668.0,1828.0,0.0,3342668.0,1828.0,100.0
아라2동,아라2동,2477776.0,1574.0,0.0,2477776.0,1574.0,100.0
아라동,아라동,200126003.0,14147.0,0.2,19556733.0,4422.0,9.8
아라동,아라동,200126003.0,14147.0,0.2,180569270.0,13438.0,90.2
아름동,아름동,9367228.0,3061.0,0.0,9367228.0,3061.0,100.0
아미동,아미동,11503793.0,3392.0,0.0,11503793.0,3392.0,100.0
아산면,아산면,7454814.0,2730.0,0.0,7454814.0,2730.0,100.0
아영면,아영면,3003004.0,1733.0,0.0,3003004.0,1733.0,100.0
아주동,아주동,126881237.0,11264.0,0.1,126881237.0,11264.0,100.0
아포읍,아포읍,9280862.0,3046.0,0.0,9280862.0,3046.0,100.0
아현동,아현동,61060066.0,7814.0,0.0,61060066.0,7814.0,100.0
악양면,악양면,4960123.0,2227.0,0.0,4960123.0,2227.0,100.0
안강읍,안강읍,56403109.0,7510.0,0.0,56403109.0,7510.0,100.0
안계면,안계면,11837878.0,3441.0,0.0,11837878.0,3441.0,100.0
안기동,안기동,11793754.0,3434.0,0.0,11793754.0,3434.0,100.0
안남면,안남면,2487580.0,1577.0,0.0,2487580.0,1577.0,100.0
안내면,안내면,2603559.0,1614.0,0.0,2603559.0,1614.0,100.0
안덕면,안덕면,58166577.0,7627.0,0.0,3886992.0,1972.0,6.7
안덕면,안덕면,58166577.0,7627.0,0.0,54279586.0,7367.0,93.3
안락1동,안락1동,33807676.0,5814.0,0.0,33807676.0,5814.0,100.0
안락2동,안락2동,39031744.0,6248.0,0.0,39031744.0,6248.0,100.0
안면읍,안면읍,23264426.0,4823.0,0.0,23264426.0,4823.0,100.0
안사면,안사면,776934.0,881.0,0.0,776934.0,881.0,100.0
안산동,안산동,11013919.0,3319.0,0.0,11013919.0,3319.0,100.0
안성1동,안성1동,50049948.0,7075.0,0.0,50049948.0,7075.0,100.0
안성2동,안성2동,106734176.0,10331.0,0.1,106734176.0,10331.0,100.0
안성3동,안성3동,71167159.0,8436.0,0.1,71167159.0,8436.0,100.0
안성면,안성면,6197828.0,2490.0,0.0,6197828.0,2490.0,100.0
안심1동,안심1동,71907706.0,8480.0,0.1,71907706.0,8480.0,100.0
안심2동,안심2동,23018054.0,4798.0,0.0,23018054.0,4798.0,100.0
안심3.4동,안심3.4동,36025224.0,6002.0,0.0,36025224.0,6002.0,100.0
안심3동,안심3동,25131340.0,5013.0,0.0,25131340.0,5013.0,100.0
안심4동,안심4동,72306892.0,8503.0,0.1,72306892.0,8503.0,100.0
안암동,안암동,57705949.0,7596.0,0.0,57705949.0,7596.0,100.0
안양1동,안양1동,55817097.0,7471.0,0.0,55817097.0,7471.0,100.0
안양2동,안양2동,55410043.0,7444.0,0.0,55410043.0,7444.0,100.0
안양3동,안양3동,30996172.0,5567.0,0.0,30996172.0,5567.0,100.0
안양4동,안양4동,41177658.0,6417.0,0.0,41177658.0,6417.0,100.0
안양5동,안양5동,75726284.0,8702.0,0.1,75726284.0,8702.0,100.0
안양6동,안양6동,39906125.0,6317.0,0.0,39906125.0,6317.0,100.0
안양7동,안양7동,22743364.0,4769.0,0.0,22743364.0,4769.0,100.0
안양8동,안양8동,19495952.0,4415.0,0.0,19495952.0,4415.0,100.0
안양9동,안양9동,18103746.0,4255.0,0.0,18103746.0,4255.0,100.0
안양면,안양면,5691416.0,2386.0,0.0,5691416.0,2386.0,100.0
안의면,안의면,9735978.0,3120.0,0.0,9735978.0,3120.0,100.0
안정면,안정면,7567060.0,2751.0,0.0,7567060.0,2751.0,100.0
안좌면,안좌면,5287009.0,2299.0,0.0,5287009.0,2299.0,100.0
안중읍,안중읍,76327125.0,8737.0,0.1,76327125.0,8737.0,100.0
안천면,안천면,1316000.0,1147.0,0.0,1316000.0,1147.0,100.0
안평면,안평면,1967434.0,1403.0,0.0,1967434.0,1403.0,100.0
안흥면,안흥면,5199873.0,2280.0,0.0,5199873.0,2280.0,100.0
암남동,암남동,36148220.0,6012.0,0.0,36148220.0,6012.0,100.0
암사1동,암사1동,85818652.0,9264.0,0.1,85818652.0,9264.0,100.0
암사2동,암사2동,42331062.0,6506.0,0.0,42331062.0,6506.0,100.0
암사3동,암사3동,36276128.0,6023.0,0.0,36276128.0,6023.0,100.0
암태면,암태면,5001230.0,2236.0,0.0,5001230.0,2236.0,100.0
압구정동,압구정동,127003958.0,11270.0,0.1,127003958.0,11270.0,100.0
압량면,압량면,8676017.0,2946.0,0.0,8676017.0,2946.0,100.0
압량읍,압량읍,31050002.0,5572.0,0.0,31050002.0,5572.0,100.0
압해읍,압해읍,6647333.0,2578.0,0.0,6647333.0,2578.0,100.0
앙성면,앙성면,8716309.0,2952.0,0.0,8716309.0,2952.0,100.0
애월읍,애월읍,160135504.0,12654.0,0.1,160135504.0,12654.0,100.0
야로면,야로면,3796597.0,1948.0,0.0,3796597.0,1948.0,100.0
야음장생포동,야음장생포동,52745987.0,7263.0,0.0,52745987.0,7263.0,100.0
야탑1동,야탑1동,114347908.0,10693.0,0.1,114347908.0,10693.0,100.0
야탑2동,야탑2동,39682618.0,6299.0,0.0,39682618.0,6299.0,100.0
야탑3동,야탑3동,71247414.0,8441.0,0.1,71247414.0,8441.0,100.0
약대동,약대동,12815922.0,3580.0,0.0,8309122.0,2883.0,64.8
약대동,약대동,12815922.0,3580.0,0.0,4506800.0,2123.0,35.2
약목면,약목면,14443936.0,3801.0,0.0,14443936.0,3801.0,100.0
약사동,약사동,14713115.0,3836.0,0.0,14713115.0,3836.0,100.0
약사명동,약사명동,59906406.0,7740.0,0.0,59906406.0,7740.0,100.0
약산면,약산면,4669910.0,2161.0,0.0,4669910.0,2161.0,100.0
약수동,약수동,33871369.0,5820.0,0.0,33871369.0,5820.0,100.0
양3동,양3동,6256033.0,2501.0,0.0,6256033.0,2501.0,100.0
양감면,양감면,20802288.0,4561.0,0.0,20802288.0,4561.0,100.0
양강면,양강면,5981188.0,2446.0,0.0,5981188.0,2446.0,100.0
양구읍,양구읍,38920424.0,6239.0,0.0,38920424.0,6239.0,100.0
양금동,양금동,7506530.0,2740.0,0.0,7506530.0,2740.0,100.0
양남면,양남면,15886402.0,3986.0,0.0,15886402.0,3986.0,100.0
양덕1동,양덕1동,17373318.0,4168.0,0.0,17373318.0,4168.0,100.0
양덕2동,양덕2동,59386887.0,7706.0,0.0,59386887.0,7706.0,100.0
양도면,양도면,10632930.0,3261.0,0.0,10632930.0,3261.0,100.0
양동,양동,13517514.0,3677.0,0.0,13517514.0,3677.0,100.0
양동면,양동면,4977434.0,2231.0,0.0,4977434.0,2231.0,100.0
양림동,양림동,19395436.0,4404.0,0.0,19395436.0,4404.0,100.0
양보면,양보면,1225483.0,1107.0,0.0,1225483.0,1107.0,100.0
양북면,양북면,3986980.0,1997.0,0.0,3986980.0,1997.0,100.0
양사면,양사면,4717237.0,2172.0,0.0,4717237.0,2172.0,100.0
양산동,양산동,80792464.0,8988.0,0.1,80792464.0,8988.0,100.0
양산면,양산면,4420661.0,2103.0,0.0,4420661.0,2103.0,100.0
양서면,양서면,28777396.0,5364.0,0.0,28777396.0,5364.0,100.0
양성면,양성면,18982030.0,4357.0,0.0,18982030.0,4357.0,100.0
양양읍,양양읍,55347372.0,7440.0,0.0,55347372.0,7440.0,100.0
양재1동,양재1동,115853591.0,10764.0,0.1,115853591.0,10764.0,100.0
양재2동,양재2동,105566678.0,10275.0,0.1,105566678.0,10275.0,100.0
양정1동,양정1동,54728037.0,7398.0,0.0,54728037.0,7398.0,100.0
양정2동,양정2동,20808168.0,4562.0,0.0,20808168.0,4562.0,100.0
양정동,양정동,74750270.0,8646.0,0.1,33229794.0,5765.0,44.5
양정동,양정동,74750270.0,8646.0,0.1,41520476.0,6444.0,55.5
양주1동,양주1동,21149846.0,4599.0,0.0,21149846.0,4599.0,100.0
양주2동,양주2동,94290637.0,9710.0,0.1,94290637.0,9710.0,100.0
양주동,양주동,69230318.0,8320.0,0.1,69230318.0,8320.0,100.0
양지동,양지동,10818885.0,3289.0,0.0,10818885.0,3289.0,100.0
양지읍,양지읍,53383421.0,7306.0,0.0,53383421.0,7306.0,100.0
양촌면,양촌면,10473116.0,3236.0,0.0,10473116.0,3236.0,100.0
양촌읍,양촌읍,178283217.0,13352.0,0.1,178283217.0,13352.0,100.0
양평1동,양평1동,33113574.0,5754.0,0.0,33113574.0,5754.0,100.0
양평2동,양평2동,49498914.0,7036.0,0.0,49498914.0,7036.0,100.0
양평읍,양평읍,104809950.0,10238.0,0.1,104809950.0,10238.0,100.0
양포동,양포동,72527094.0,8516.0,0.1,72527094.0,8516.0,100.0
양학동,양학동,18660565.0,4320.0,0.0,18660565.0,4320.0,100.0
양화면,양화면,2273870.0,1508.0,0.0,2273870.0,1508.0,100.0
어룡동,어룡동,74475940.0,8630.0,0.1,74475940.0,8630.0,100.0
어모면,어모면,9982332.0,3159.0,0.0,9982332.0,3159.0,100.0
어상천면,어상천면,1289564.0,1136.0,0.0,1289564.0,1136.0,100.0
어양동,어양동,68349844.0,8267.0,0.1,68349844.0,8267.0,100.0
어진동,어진동,119465668.0,10930.0,0.1,119465668.0,10930.0,100.0
언양읍,언양읍,82134633.0,9063.0,0.1,82134633.0,9063.0,100.0
엄궁동,엄궁동,40322440.0,6350.0,0.0,40322440.0,6350.0,100.0
엄다면,엄다면,2838644.0,1685.0,0.0,2838644.0,1685.0,100.0
엄사면,엄사면,37209606.0,6100.0,0.0,37209606.0,6100.0,100.0
엄정면,엄정면,9211930.0,3035.0,0.0,9211930.0,3035.0,100.0
여량면,여량면,3981131.0,1995.0,0.0,3981131.0,1995.0,100.0
여산면,여산면,7287136.0,2699.0,0.0,7287136.0,2699.0,100.0
여서동,여서동,46457736.0,6816.0,0.0,46457736.0,6816.0,100.0
여의동,여의동,308521759.0,17565.0,0.2,255566612.0,15986.0,82.8
여의동,여의동,308521759.0,17565.0,0.2,52955147.0,7277.0,17.2
여좌동,여좌동,24143462.0,4914.0,0.0,24143462.0,4914.0,100.0
여천동,여천동,65796269.0,8111.0,0.1,65796269.0,8111.0,100.0
여항면,여항면,1697230.0,1303.0,0.0,1697230.0,1303.0,100.0
여흥동,여흥동,92222854.0,9603.0,0.1,92222854.0,9603.0,100.0
역곡1동,역곡1동,16151730.0,4019.0,0.0,8366418.0,2892.0,51.8
역곡1동,역곡1동,16151730.0,4019.0,0.0,7785312.0,2790.0,48.2
역곡2동,역곡2동,16104592.0,4013.0,0.0,7470578.0,2733.0,46.4
역곡2동,역곡2동,16104592.0,4013.0,0.0,8634014.0,2938.0,53.6
역곡3동,역곡3동,63800331.0,7988.0,0.1,50841672.0,7130.0,79.7
역곡3동,역곡3동,63800331.0,7988.0,0.1,12958659.0,3600.0,20.3
역북동,역북동,61236700.0,7825.0,0.0,61236700.0,7825.0,100.0
역삼1동,역삼1동,291114705.0,17062.0,0.2,291114705.0,17062.0,100.0
역삼2동,역삼2동,135172387.0,11626.0,0.1,135172387.0,11626.0,100.0
역삼동,역삼동,46857864.0,6845.0,0.0,46857864.0,6845.0,100.0
역촌동,역촌동,68136884.0,8255.0,0.1,68136884.0,8255.0,100.0
연곡면,연곡면,23008251.0,4797.0,0.0,23008251.0,4797.0,100.0
연기면,연기면,24103009.0,4909.0,0.0,24103009.0,4909.0,100.0
연남동,연남동,40692568.0,6379.0,0.0,40692568.0,6379.0,100.0
연동,연동,270231087.0,16439.0,0.2,33494324.0,5787.0,12.4
연동,연동,270231087.0,16439.0,0.2,236736762.0,15386.0,87.6
연동면,연동면,8052230.0,2838.0,0.0,8052230.0,2838.0,100.0
연무동,연무동,34067656.0,5837.0,0.0,34067656.0,5837.0,100.0
연무읍,연무읍,30293326.0,5504.0,0.0,30293326.0,5504.0,100.0
연산1동,연산1동,40399709.0,6356.0,0.0,40399709.0,6356.0,100.0
연산2동,연산2동,28244268.0,5315.0,0.0,28244268.0,5315.0,100.0
연산3동,연산3동,6255823.0,2501.0,0.0,6255823.0,2501.0,100.0
연산4동,연산4동,35424312.0,5952.0,0.0,35424312.0,5952.0,100.0
연산5동,연산5동,28743225.0,5361.0,0.0,28743225.0,5361.0,100.0
연산6동,연산6동,21219758.0,4606.0,0.0,21219758.0,4606.0,100.0
연산8동,연산8동,14610802.0,3822.0,0.0,14610802.0,3822.0,100.0
연산9동,연산9동,37770705.0,6146.0,0.0,37770705.0,6146.0,100.0
연산동,연산동,49613522.0,7044.0,0.0,49613522.0,7044.0,100.0
연산면,연산면,17141089.0,4140.0,0.0,17141089.0,4140.0,100.0
연서면,연서면,30244571.0,5500.0,0.0,30244571.0,5500.0,100.0
연성동,연성동,65805302.0,8112.0,0.1,65805302.0,8112.0,100.0
연수1동,연수1동,39462080.0,6282.0,0.0,39462080.0,6282.0,100.0
연수2동,연수2동,77477796.0,8802.0,0.1,77477796.0,8802.0,100.0
연수3동,연수3동,42382000.0,6510.0,0.0,42382000.0,6510.0,100.0
연수동,연수동,100306906.0,10015.0,0.1,100306906.0,10015.0,100.0
연안동,연안동,18960046.0,4354.0,0.0,18960046.0,4354.0,100.0
연일읍,연일읍,58475008.0,7647.0,0.0,58475008.0,7647.0,100.0
연지동,연지동,69773501.0,8353.0,0.1,29819100.0,5461.0,42.7
연지동,연지동,69773501.0,8353.0,0.1,39954400.0,6321.0,57.3
연천읍,연천읍,20170087.0,4491.0,0.0,20170087.0,4491.0,100.0
연초면,연초면,45377570.0,6736.0,0.0,45377570.0,6736.0,100.0
연평면,연평면,2730763.0,1653.0,0.0,2730763.0,1653.0,100.0
연풍면,연풍면,3383723.0,1839.0,0.0,3383723.0,1839.0,100.0
연희동,연희동,229375430.0,15145.0,0.2,147408436.0,12141.0,64.3
연희동,연희동,229375430.0,15145.0,0.2,81966994.0,9054.0,35.7
염리동,염리동,53121240.0,7288.0,0.0,53121240.0,7288.0,100.0
염산면,염산면,6684531.0,2585.0,0.0,6684531.0,2585.0,100.0
염창동,염창동,56711140.0,7531.0,0.0,56711140.0,7531.0,100.0
염치읍,염치읍,19629004.0,4430.0,0.0,19629004.0,4430.0,100.0
염포동,염포동,17486490.0,4182.0,0.0,17486490.0,4182.0,100.0
영강동,영강동,9485728.0,3080.0,0.0,9485728.0,3080.0,100.0
영광읍,영광읍,65439510.0,8089.0,0.1,65439510.0,8089.0,100.0
영귀미면,영귀미면,4277378.0,2068.0,0.0,4277378.0,2068.0,100.0
영남면,영남면,2078034.0,1442.0,0.0,2078034.0,1442.0,100.0
영덕1동,영덕1동,49250946.0,7018.0,0.0,49250946.0,7018.0,100.0
영덕2동,영덕2동,25013303.0,5001.0,0.0,25013303.0,5001.0,100.0
영덕동,영덕동,18097408.0,4254.0,0.0,18097408.0,4254.0,100.0
영덕읍,영덕읍,32322986.0,5685.0,0.0,32322986.0,5685.0,100.0
영동읍,영동읍,69406530.0,8331.0,0.1,69406530.0,8331.0,100.0
영등1동,영등1동,75871278.0,8710.0,0.1,75871278.0,8710.0,100.0
영등2동,영등2동,105719208.0,10282.0,0.1,105719208.0,10282.0,100.0
영등포동,영등포동,169216652.0,13008.0,0.1,169216652.0,13008.0,100.0
영등포본동,영등포본동,52377332.0,7237.0,0.0,52377332.0,7237.0,100.0
영랑동,영랑동,25109458.0,5011.0,0.0,25109458.0,5011.0,100.0
영북면,영북면,17411205.0,4173.0,0.0,17411205.0,4173.0,100.0
영산동,영산동,5001255.0,2236.0,0.0,5001255.0,2236.0,100.0
영산면,영산면,12315734.0,3509.0,0.0,12315734.0,3509.0,100.0
영서동,영서동,27041248.0,5200.0,0.0,27041248.0,5200.0,100.0
영선1동,영선1동,12834626.0,3583.0,0.0,12834626.0,3583.0,100.0
영선2동,영선2동,16620538.0,4077.0,0.0,16620538.0,4077.0,100.0
영순면,영순면,4141070.0,2035.0,0.0,4141070.0,2035.0,100.0
영암읍,영암읍,24948865.0,4995.0,0.0,24948865.0,4995.0,100.0
영양읍,영양읍,17818325.0,4221.0,0.0,17818325.0,4221.0,100.0
영오면,영오면,1349884.0,1162.0,0.0,1349884.0,1162.0,100.0
영운동,영운동,11171198.0,3342.0,0.0,11171198.0,3342.0,100.0
영원면,영원면,2783714.0,1668.0,0.0,2783714.0,1668.0,100.0
영월읍,영월읍,43121480.0,6567.0,0.0,43121480.0,6567.0,100.0
영인면,영인면,22033333.0,4694.0,0.0,22033333.0,4694.0,100.0
영종1동,영종1동,72518806.0,8516.0,0.1,72518806.0,8516.0,100.0
영종2동,영종2동,24490820.0,4949.0,0.0,24490820.0,4949.0,100.0
영종동,영종동,75349162.0,8680.0,0.1,75349162.0,8680.0,100.0
영주1동,영주1동,30334815.0,5508.0,0.0,2961914.0,1721.0,9.8
영주1동,영주1동,30334815.0,5508.0,0.0,27372902.0,5232.0,90.2
영주2동,영주2동,38367046.0,6194.0,0.0,22987174.0,4794.0,59.9
영주2동,영주2동,38367046.0,6194.0,0.0,15379872.0,3922.0,40.1
영중면,영중면,11881692.0,3447.0,0.0,11881692.0,3447.0,100.0
영천동,영천동,22819160.0,4777.0,0.0,22819160.0,4777.0,100.0
영춘면,영춘면,4854241.0,2203.0,0.0,4854241.0,2203.0,100.0
영통1동,영통1동,41123313.0,6413.0,0.0,41123313.0,6413.0,100.0
영통2동,영통2동,44324924.0,6658.0,0.0,44324924.0,6658.0,100.0
영통3동,영통3동,69804756.0,8355.0,0.1,69804756.0,8355.0,100.0
영해면,영해면,22904024.0,4786.0,0.0,22904024.0,4786.0,100.0
영현면,영현면,707536.0,841.0,0.0,707536.0,841.0,100.0
영화동,영화동,79127808.0,8895.0,0.1,79127808.0,8895.0,100.0
영흥면,영흥면,11109567.0,3333.0,0.0,11109567.0,3333.0,100.0
예래동,예래동,26203261.0,5119.0,0.0,26203261.0,5119.0,100.0
예산읍,예산읍,86269200.0,9288.0,0.1,86269200.0,9288.0,100.0
예안면,예안면,2532100.0,1591.0,0.0,2532100.0,1591.0,100.0
예천읍,예천읍,49524352.0,7037.0,0.0,49524352.0,7037.0,100.0
오가면,오가면,11186756.0,3345.0,0.0,11186756.0,3345.0,100.0
오곡면,오곡면,5906565.0,2430.0,0.0,5906565.0,2430.0,100.0
오근장동,오근장동,28250568.0,5315.0,0.0,28250568.0,5315.0,100.0
오금동,오금동,116190190.0,10779.0,0.1,32415432.0,5693.0,27.9
오금동,오금동,116190190.0,10779.0,0.1,83774758.0,9153.0,72.1
오남읍,오남읍,82376480.0,9076.0,0.1,82376480.0,9076.0,100.0
오동동,오동동,86264836.0,9288.0,0.1,86264836.0,9288.0,100.0
오라동,오라동,122033079.0,11047.0,0.1,122033079.0,11047.0,100.0
오류1동,오류1동,41261854.0,6424.0,0.0,41261854.0,6424.0,100.0
오류2동,오류2동,62843035.0,7927.0,0.0,62843035.0,7927.0,100.0
오류동,오류동,37880934.0,6155.0,0.0,37880934.0,6155.0,100.0
오류왕길동,오류왕길동,146006504.0,12083.0,0.1,146006504.0,12083.0,100.0
오륜동,오륜동,43321352.0,6582.0,0.0,43321352.0,6582.0,100.0
오부면,오부면,825724.0,909.0,0.0,825724.0,909.0,100.0
오산면,오산면,20865638.0,4568.0,0.0,1496134.0,1223.0,7.2
오산면,오산면,20865638.0,4568.0,0.0,19369504.0,4401.0,92.8
오성면,오성면,16832385.0,4103.0,0.0,16832385.0,4103.0,100.0
오송읍,오송읍,51591561.0,7183.0,0.0,51591561.0,7183.0,100.0
오수면,오수면,5613254.0,2369.0,0.0,5613254.0,2369.0,100.0
오전동,오전동,42228018.0,6498.0,0.0,42228018.0,6498.0,100.0
오정동,오정동,148392066.0,12182.0,0.1,28431176.0,5332.0,19.2
오정동,오정동,148392066.0,12182.0,0.1,111055094.0,10538.0,74.8
오정동,오정동,148392066.0,12182.0,0.1,8905796.0,2984.0,6.0
오창읍,오창읍,95970609.0,9796.0,0.1,95970609.0,9796.0,100.0
오천면,오천면,15546422.0,3943.0,0.0,15546422.0,3943.0,100.0
오천읍,오천읍,94903630.0,9742.0,0.1,94903630.0,9742.0,100.0
오치1동,오치1동,25969734.0,5096.0,0.0,25969734.0,5096.0,100.0
오치2동,오치2동,21538608.0,4641.0,0.0,21538608.0,4641.0,100.0
오포1동,오포1동,29351315.0,5418.0,0.0,29351315.0,5418.0,100.0
오포2동,오포2동,26536632.0,5151.0,0.0,26536632.0,5151.0,100.0
오포읍,오포읍,90789640.0,9528.0,0.1,90789640.0,9528.0,100.0
오학동,오학동,57013912.0,7551.0,0.0,57013912.0,7551.0,100.0
옥계면,옥계면,10384108.0,3222.0,0.0,10384108.0,3222.0,100.0
옥곡면,옥곡면,8271140.0,2876.0,0.0,8271140.0,2876.0,100.0
옥과면,옥과면,8801366.0,2967.0,0.0,8801366.0,2967.0,100.0
옥구읍,옥구읍,10801203.0,3287.0,0.0,10801203.0,3287.0,100.0
옥길동,옥길동,9904083.0,3147.0,0.0,9904083.0,3147.0,100.0
옥도면,옥도면,9085752.0,3014.0,0.0,9085752.0,3014.0,100.0
옥동,옥동,169223257.0,13009.0,0.1,88817502.0,9424.0,52.5
옥동,옥동,169223257.0,13009.0,0.1,80405756.0,8967.0,47.5
옥련1동,옥련1동,78246024.0,8846.0,0.1,78246024.0,8846.0,100.0
옥련2동,옥련2동,59861942.0,7737.0,0.0,59861942.0,7737.0,100.0
옥룡동,옥룡동,14572306.0,3817.0,0.0,14572306.0,3817.0,100.0
옥룡면,옥룡면,6524116.0,2554.0,0.0,6524116.0,2554.0,100.0
옥산면,옥산면,40030574.0,6327.0,0.0,22390466.0,4732.0,55.9
옥산면,옥산면,40030574.0,6327.0,0.0,2208353.0,1486.0,5.5
옥산면,옥산면,40030574.0,6327.0,0.0,13293108.0,3646.0,33.2
옥산면,옥산면,40030574.0,6327.0,0.0,2138647.0,1462.0,5.3
옥서면,옥서면,9949457.0,3154.0,0.0,9949457.0,3154.0,100.0
옥성면,옥성면,3458962.0,1860.0,0.0,3458962.0,1860.0,100.0
옥수동,옥수동,49578893.0,7041.0,0.0,49578893.0,7041.0,100.0
옥암동,옥암동,47110217.0,6864.0,0.0,47110217.0,6864.0,100.0
옥정1동,옥정1동,26923960.0,5189.0,0.0,26923960.0,5189.0,100.0
옥정2동,옥정2동,33165510.0,5759.0,0.0,33165510.0,5759.0,100.0
옥종면,옥종면,3362240.0,1834.0,0.0,3362240.0,1834.0,100.0
옥천동,옥천동,75311232.0,8678.0,0.1,75311232.0,8678.0,100.0
옥천면,옥천면,29796774.0,5459.0,0.0,23751746.0,4874.0,79.7
옥천면,옥천면,29796774.0,5459.0,0.0,6045028.0,2459.0,20.3
옥천읍,옥천읍,83972721.0,9164.0,0.1,83972721.0,9164.0,100.0
옥포1동,옥포1동,99151493.0,9957.0,0.1,99151493.0,9957.0,100.0
옥포2동,옥포2동,75188463.0,8671.0,0.1,75188463.0,8671.0,100.0
옥포읍,옥포읍,30337632.0,5508.0,0.0,30337632.0,5508.0,100.0
온산읍,온산읍,65165376.0,8073.0,0.1,65165376.0,8073.0,100.0
온양1동,온양1동,63550648.0,7972.0,0.0,63550648.0,7972.0,100.0
온양2동,온양2동,29702197.0,5450.0,0.0,29702197.0,5450.0,100.0
온양3동,온양3동,88115990.0,9387.0,0.1,88115990.0,9387.0,100.0
온양4동,온양4동,47713568.0,6908.0,0.0,47713568.0,6908.0,100.0
온양5동,온양5동,73799436.0,8591.0,0.1,73799436.0,8591.0,100.0
온양6동,온양6동,57511853.0,7584.0,0.0,57511853.0,7584.0,100.0
온양읍,온양읍,52423402.0,7240.0,0.0,52423402.0,7240.0,100.0
온정면,온정면,3494026.0,1869.0,0.0,3494026.0,1869.0,100.0
온천1동,온천1동,209263992.0,14466.0,0.2,141351900.0,11889.0,67.5
온천1동,온천1동,209263992.0,14466.0,0.2,67912092.0,8241.0,32.5
온천2동,온천2동,252637490.0,15895.0,0.2,221461740.0,14882.0,87.7
온천2동,온천2동,252637490.0,15895.0,0.2,31175750.0,5584.0,12.3
온천3동,온천3동,70466599.0,8394.0,0.1,70466599.0,8394.0,100.0
옴천면,옴천면,1237586.0,1112.0,0.0,1237586.0,1112.0,100.0
옹동면,옹동면,2381946.0,1543.0,0.0,2381946.0,1543.0,100.0
와동,와동,53808650.0,7335.0,0.0,53808650.0,7335.0,100.0
와룡면,와룡면,9910033.0,3148.0,0.0,9910033.0,3148.0,100.0
와부읍,와부읍,115120313.0,10729.0,0.1,115120313.0,10729.0,100.0
와촌면,와촌면,11606179.0,3407.0,0.0,11606179.0,3407.0,100.0
완도읍,완도읍,56731882.0,7532.0,0.0,56731882.0,7532.0,100.0
완산동,완산동,50047487.0,7074.0,0.0,11118275.0,3334.0,22.2
완산동,완산동,50047487.0,7074.0,0.0,38929212.0,6239.0,77.8
완월동,완월동,31089103.0,5576.0,0.0,31089103.0,5576.0,100.0
왕곡면,왕곡면,5538116.0,2353.0,0.0,5538116.0,2353.0,100.0
왕궁면,왕궁면,13448116.0,3667.0,0.0,13448116.0,3667.0,100.0
왕산면,왕산면,4395440.0,2097.0,0.0,4395440.0,2097.0,100.0
왕십리2동,왕십리2동,18382364.0,4287.0,0.0,18382364.0,4287.0,100.0
왕십리도선동,왕십리도선동,53813823.0,7336.0,0.0,53813823.0,7336.0,100.0
왕정동,왕정동,15188995.0,3897.0,0.0,15188995.0,3897.0,100.0
왕조1동,왕조1동,129645271.0,11386.0,0.1,129645271.0,11386.0,100.0
왕조2동,왕조2동,75645801.0,8697.0,0.1,75645801.0,8697.0,100.0
왕징면,왕징면,1767980.0,1330.0,0.0,1767980.0,1330.0,100.0
왜관읍,왜관읍,77452445.0,8801.0,0.1,77452445.0,8801.0,100.0
외남면,외남면,2521186.0,1588.0,0.0,2521186.0,1588.0,100.0
외도동,외도동,57393483.0,7576.0,0.0,57393483.0,7576.0,100.0
외동읍,외동읍,44783630.0,6692.0,0.0,44783630.0,6692.0,100.0
외산면,외산면,4310726.0,2076.0,0.0,4310726.0,2076.0,100.0
외서면,외서면,5429274.0,2330.0,0.0,4723824.0,2173.0,87.0
외서면,외서면,5429274.0,2330.0,0.0,705450.0,840.0,13.0
요촌동,요촌동,54953283.0,7413.0,0.0,54953283.0,7413.0,100.0
욕지면,욕지면,4298560.0,2073.0,0.0,4298560.0,2073.0,100.0
용강동,용강동,98018960.0,9900.0,0.1,50380138.0,7098.0,51.4
용강동,용강동,98018960.0,9900.0,0.1,47638822.0,6902.0,48.6
용궁면,용궁면,2893958.0,1701.0,0.0,2893958.0,1701.0,100.0
용남면,용남면,24768328.0,4977.0,0.0,24768328.0,4977.0,100.0
용담.명암.산성동,용담.명암.산성동,43809101.0,6619.0,0.0,43809101.0,6619.0,100.0
용담1동,용담1동,45139588.0,6719.0,0.0,45139588.0,6719.0,100.0
용담2동,용담2동,84223654.0,9177.0,0.1,84223654.0,9177.0,100.0
용담면,용담면,764575.0,874.0,0.0,764575.0,874.0,100.0
용답동,용답동,19355206.0,4399.0,0.0,19355206.0,4399.0,100.0
용당1동,용당1동,38582628.0,6211.0,0.0,38582628.0,6211.0,100.0
용당2동,용당2동,30231089.0,5498.0,0.0,30231089.0,5498.0,100.0
용당동,용당동,28769552.0,5364.0,0.0,28769552.0,5364.0,100.0
용덕면,용덕면,2750892.0,1659.0,0.0,2750892.0,1659.0,100.0
용동면,용동면,2045337.0,1430.0,0.0,2045337.0,1430.0,100.0
용두동,용두동,71040543.0,8429.0,0.1,27195658.0,5215.0,38.3
용두동,용두동,71040543.0,8429.0,0.1,36972862.0,6081.0,52.0
용두동,용두동,71040543.0,8429.0,0.1,6872022.0,2621.0,9.7
용면,용면,3527951.0,1878.0,0.0,3527951.0,1878.0,100.0
용문동,용문동,51942580.0,7207.0,0.0,35223766.0,5935.0,67.8
용문동,용문동,51942580.0,7207.0,0.0,16718814.0,4089.0,32.2
용문면,용문면,52537534.0,7248.0,0.0,48832581.0,6988.0,92.9
용문면,용문면,52537534.0,7248.0,0.0,3704953.0,1925.0,7.1
용방면,용방면,4329521.0,2081.0,0.0,4329521.0,2081.0,100.0
용봉동,용봉동,151074735.0,12291.0,0.1,151074735.0,12291.0,100.0
용산1동,용산1동,62266428.0,7891.0,0.0,62266428.0,7891.0,100.0
용산2가동,용산2가동,29794688.0,5458.0,0.0,29794688.0,5458.0,100.0
용산2동,용산2동,35851308.0,5988.0,0.0,35851308.0,5988.0,100.0
용산동,용산동,37992672.0,6164.0,0.0,37992672.0,6164.0,100.0
용산면,용산면,11906811.0,3451.0,0.0,7121166.0,2669.0,59.8
용산면,용산면,11906811.0,3451.0,0.0,4785644.0,2188.0,40.2
용상동,용상동,79683730.0,8927.0,0.1,79683730.0,8927.0,100.0
용성면,용성면,4945350.0,2224.0,0.0,4945350.0,2224.0,100.0
용신동,용신동,66835492.0,8175.0,0.1,66835492.0,8175.0,100.0
용안면,용안면,4499467.0,2121.0,0.0,4499467.0,2121.0,100.0
용암1동,용암1동,89822204.0,9477.0,0.1,89822204.0,9477.0,100.0
용암2동,용암2동,49391027.0,7028.0,0.0,49391027.0,7028.0,100.0
용암면,용암면,3399473.0,1844.0,0.0,3399473.0,1844.0,100.0
용운동,용운동,36393010.0,6033.0,0.0,36393010.0,6033.0,100.0
용유동,용유동,15194879.0,3898.0,0.0,15194879.0,3898.0,100.0
용이동,용이동,25048012.0,5005.0,0.0,25048012.0,5005.0,100.0
용전동,용전동,47135207.0,6866.0,0.0,47135207.0,6866.0,100.0
용주면,용주면,4585710.0,2141.0,0.0,4585710.0,2141.0,100.0
용지동,용지동,88857590.0,9426.0,0.1,28599382.0,5348.0,32.2
용지동,용지동,88857590.0,9426.0,0.1,60258208.0,7763.0,67.8
용지면,용지면,5626852.0,2372.0,0.0,5626852.0,2372.0,100.0
용진읍,용진읍,9396236.0,3065.0,0.0,9396236.0,3065.0,100.0
용평면,용평면,9969242.0,3157.0,0.0,9969242.0,3157.0,100.0
용해동,용해동,36697507.0,6058.0,0.0,36697507.0,6058.0,100.0
용현1.4동,용현1.4동,48034679.0,6931.0,0.0,48034679.0,6931.0,100.0
용현2동,용현2동,18738962.0,4329.0,0.0,18738962.0,4329.0,100.0
용현3동,용현3동,15283398.0,3909.0,0.0,15283398.0,3909.0,100.0
용현5동,용현5동,49890516.0,7063.0,0.0,49890516.0,7063.0,100.0
용현면,용현면,18972485.0,4356.0,0.0,18972485.0,4356.0,100.0
용호1동,용호1동,57077937.0,7555.0,0.0,57077937.0,7555.0,100.0
용호2동,용호2동,35723793.0,5977.0,0.0,35723793.0,5977.0,100.0
용호3동,용호3동,33968924.0,5828.0,0.0,33968924.0,5828.0,100.0
용호4동,용호4동,18936782.0,4352.0,0.0,18936782.0,4352.0,100.0
용화면,용화면,1190658.0,1091.0,0.0,1190658.0,1091.0,100.0
용흥동,용흥동,38594640.0,6212.0,0.0,38594640.0,6212.0,100.0
우1동,우1동,109517695.0,10465.0,0.1,109517695.0,10465.0,100.0
우2동,우2동,165848263.0,12878.0,0.1,165848263.0,12878.0,100.0
우3동,우3동,69427326.0,8332.0,0.1,69427326.0,8332.0,100.0
우강면,우강면,7069703.0,2659.0,0.0,7069703.0,2659.0,100.0
우곡면,우곡면,1442746.0,1201.0,0.0,1442746.0,1201.0,100.0
우도면,우도면,5751784.0,2398.0,0.0,5751784.0,2398.0,100.0
우만1동,우만1동,39716464.0,6302.0,0.0,39716464.0,6302.0,100.0
우만2동,우만2동,30204209.0,5496.0,0.0,30204209.0,5496.0,100.0
우보면,우보면,2066754.0,1438.0,0.0,2066754.0,1438.0,100.0
우산동,우산동,214897935.0,14659.0,0.2,51571072.0,7181.0,24.0
우산동,우산동,214897935.0,14659.0,0.2,126083100.0,11229.0,58.7
우산동,우산동,214897935.0,14659.0,0.2,37243762.0,6103.0,17.3
우성면,우성면,7152337.0,2674.0,0.0,7152337.0,2674.0,100.0
우아1동,우아1동,40440662.0,6359.0,0.0,40440662.0,6359.0,100.0
우아2동,우아2동,47236746.0,6873.0,0.0,47236746.0,6873.0,100.0
우암동,우암동,59167185.0,7692.0,0.0,31691275.0,5630.0,53.6
우암동,우암동,59167185.0,7692.0,0.0,27475910.0,5242.0,46.4
우이동,우이동,40064686.0,6330.0,0.0,40064686.0,6330.0,100.0
우장산동,우장산동,49706328.0,7050.0,0.0,49706328.0,7050.0,100.0
우정동,우정동,42237265.0,6499.0,0.0,42237265.0,6499.0,100.0
우정읍,우정읍,49904729.0,7064.0,0.0,49904729.0,7064.0,100.0
우창동,우창동,87754160.0,9368.0,0.1,87754160.0,9368.0,100.0
우천면,우천면,9524340.0,3086.0,0.0,9524340.0,3086.0,100.0
운곡면,운곡면,2261840.0,1504.0,0.0,2261840.0,1504.0,100.0
운남동,운남동,46010342.0,6783.0,0.0,46010342.0,6783.0,100.0
운남면,운남면,3911708.0,1978.0,0.0,3911708.0,1978.0,100.0
운문면,운문면,2432227.0,1560.0,0.0,2432227.0,1560.0,100.0
운봉읍,운봉읍,8611750.0,2935.0,0.0,8611750.0,2935.0,100.0
운산면,운산면,10385896.0,3223.0,0.0,10385896.0,3223.0,100.0
운서1동,운서1동,11360587.0,3371.0,0.0,11360587.0,3371.0,100.0
운서2동,운서2동,3945652.0,1986.0,0.0,3945652.0,1986.0,100.0
운서동,운서동,121775790.0,11035.0,0.1,121775790.0,11035.0,100.0
운수면,운수면,1923838.0,1387.0,0.0,1923838.0,1387.0,100.0
운암1동,운암1동,54258410.0,7366.0,0.0,54258410.0,7366.0,100.0
운암2동,운암2동,49969941.0,7069.0,0.0,49969941.0,7069.0,100.0
운암3동,운암3동,42802232.0,6542.0,0.0,42802232.0,6542.0,100.0
운암면,운암면,1531016.0,1237.0,0.0,1531016.0,1237.0,100.0
운양동,운양동,74695156.0,8643.0,0.1,74695156.0,8643.0,100.0
운정1동,운정1동,112913342.0,10626.0,0.1,112913342.0,10626.0,100.0
운정2동,운정2동,81614270.0,9034.0,0.1,81614270.0,9034.0,100.0
운정3동,운정3동,123535737.0,11115.0,0.1,123535737.0,11115.0,100.0
운정4동,운정4동,24829956.0,4983.0,0.0,24829956.0,4983.0,100.0
운정5동,운정5동,29209873.0,5405.0,0.0,29209873.0,5405.0,100.0
운정6동,운정6동,17348334.0,4165.0,0.0,17348334.0,4165.0,100.0
운주면,운주면,1861128.0,1364.0,0.0,1861128.0,1364.0,100.0
운중동,운중동,67363646.0,8208.0,0.1,67363646.0,8208.0,100.0
운천.신봉동,운천.신봉동,28217766.0,5312.0,0.0,28217766.0,5312.0,100.0
울릉읍,울릉읍,16891284.0,4110.0,0.0,16891284.0,4110.0,100.0
울진읍,울진읍,41587567.0,6449.0,0.0,41587567.0,6449.0,100.0
웅남동,웅남동,54326027.0,7371.0,0.0,54326027.0,7371.0,100.0
웅동1동,웅동1동,24782016.0,4978.0,0.0,24782016.0,4978.0,100.0
웅동2동,웅동2동,59803664.0,7733.0,0.0,59803664.0,7733.0,100.0
웅양면,웅양면,2749418.0,1658.0,0.0,2749418.0,1658.0,100.0
웅진동,웅진동,33915413.0,5824.0,0.0,33915413.0,5824.0,100.0
웅천동,웅천동,23586969.0,4857.0,0.0,23586969.0,4857.0,100.0
웅천읍,웅천읍,14893844.0,3859.0,0.0,14893844.0,3859.0,100.0
웅촌면,웅촌면,9639690.0,3105.0,0.0,9639690.0,3105.0,100.0
웅치면,웅치면,2151146.0,1467.0,0.0,2151146.0,1467.0,100.0
웅포면,웅포면,4579082.0,2140.0,0.0,4579082.0,2140.0,100.0
원곡동,원곡동,49064687.0,7005.0,0.0,49064687.0,7005.0,100.0
원곡면,원곡면,14435494.0,3799.0,0.0,14435494.0,3799.0,100.0
원남면,원남면,8767188.0,2961.0,0.0,8324526.0,2885.0,95.0
원남면,원남면,8767188.0,2961.0,0.0,442662.0,665.0,5.0
원당동,원당동,40594708.0,6371.0,0.0,40594708.0,6371.0,100.0
원대동,원대동,6699410.0,2588.0,0.0,6699410.0,2588.0,100.0
원덕읍,원덕읍,12354262.0,3515.0,0.0,12354262.0,3515.0,100.0
원동면,원동면,10304497.0,3210.0,0.0,10182396.0,3191.0,98.8
원동면,원동면,10304497.0,3210.0,0.0,122101.0,349.0,1.2
원문동,원문동,14442309.0,3800.0,0.0,14442309.0,3800.0,100.0
원미1동,원미1동,19373025.0,4401.0,0.0,10903081.0,3302.0,56.3
원미1동,원미1동,19373025.0,4401.0,0.0,8469944.0,2910.0,43.7
원미2동,원미2동,11171797.0,3342.0,0.0,4622936.0,2150.0,41.4
원미2동,원미2동,11171797.0,3342.0,0.0,6548860.0,2559.0,58.6
원북면,원북면,17618548.0,4197.0,0.0,17618548.0,4197.0,100.0
원산동,원산동,56841964.0,7539.0,0.0,56841964.0,7539.0,100.0
원삼면,원삼면,22491158.0,4742.0,0.0,22491158.0,4742.0,100.0
원성1동,원성1동,27821112.0,5275.0,0.0,27821112.0,5275.0,100.0
원성2동,원성2동,25701246.0,5070.0,0.0,25701246.0,5070.0,100.0
원신동,원신동,44003085.0,6633.0,0.0,44003085.0,6633.0,100.0
원신흥동,원신흥동,66237626.0,8139.0,0.1,66237626.0,8139.0,100.0
원인동,원인동,24979556.0,4998.0,0.0,24979556.0,4998.0,100.0
원종1동,원종1동,27880902.0,5280.0,0.0,11546048.0,3398.0,41.4
원종1동,원종1동,27880902.0,5280.0,0.0,16334854.0,4042.0,58.6
원종2동,원종2동,9802096.0,3131.0,0.0,4952080.0,2225.0,50.5
원종2동,원종2동,9802096.0,3131.0,0.0,4850016.0,2202.0,49.5
원천동,원천동,111798050.0,10573.0,0.1,111798050.0,10573.0,100.0
원평1동,원평1동,20873430.0,4569.0,0.0,20873430.0,4569.0,100.0
원평2동,원평2동,23493040.0,4847.0,0.0,23493040.0,4847.0,100.0
원평동,원평동,77126655.0,8782.0,0.1,58998936.0,7681.0,76.5
원평동,원평동,77126655.0,8782.0,0.1,18127718.0,4258.0,23.5
원효로1동,원효로1동,55047279.0,7419.0,0.0,55047279.0,7419.0,100.0
원효로2동,원효로2동,32142467.0,5669.0,0.0,32142467.0,5669.0,100.0
월계1동,월계1동,49826784.0,7059.0,0.0,49826784.0,7059.0,100.0
월계2동,월계2동,32267434.0,5680.0,0.0,32267434.0,5680.0,100.0
월계3동,월계3동,54133352.0,7358.0,0.0,54133352.0,7358.0,100.0
월곡1동,월곡1동,85994864.0,9273.0,0.1,15167590.0,3895.0,17.6
월곡1동,월곡1동,85994864.0,9273.0,0.1,70827274.0,8416.0,82.4
월곡2동,월곡2동,121040682.0,11002.0,0.1,51478532.0,7175.0,42.5
월곡2동,월곡2동,121040682.0,11002.0,0.1,69562150.0,8340.0,57.5
월곶동,월곶동,26539559.0,5152.0,0.0,26539559.0,5152.0,100.0
월곶면,월곶면,23364253.0,4834.0,0.0,23364253.0,4834.0,100.0
월등면,월등면,2770110.0,1664.0,0.0,2770110.0,1664.0,100.0
월롱면,월롱면,21943425.0,4684.0,0.0,21943425.0,4684.0,100.0
월명동,월명동,97097032.0,9854.0,0.1,97097032.0,9854.0,100.0
월산4동,월산4동,7275902.0,2697.0,0.0,7275902.0,2697.0,100.0
월산5동,월산5동,8905326.0,2984.0,0.0,8905326.0,2984.0,100.0
월산동,월산동,7150619.0,2674.0,0.0,7150619.0,2674.0,100.0
월산면,월산면,3584280.0,1893.0,0.0,3584280.0,1893.0,100.0
월성1동,월성1동,93986756.0,9695.0,0.1,93986756.0,9695.0,100.0
월성2동,월성2동,51348787.0,7166.0,0.0,51348787.0,7166.0,100.0
월성동,월성동,25792168.0,5079.0,0.0,25792168.0,5079.0,100.0
월송동,월송동,29604239.0,5441.0,0.0,29604239.0,5441.0,100.0
월야면,월야면,3616004.0,1902.0,0.0,3616004.0,1902.0,100.0
월영동,월영동,79935065.0,8941.0,0.1,79935065.0,8941.0,100.0
월평1동,월평1동,34083189.0,5838.0,0.0,34083189.0,5838.0,100.0
월평2동,월평2동,62021064.0,7875.0,0.0,62021064.0,7875.0,100.0
월평3동,월평3동,12451642.0,3529.0,0.0,12451642.0,3529.0,100.0
월피동,월피동,41869594.0,6471.0,0.0,41869594.0,6471.0,100.0
월항면,월항면,5139449.0,2267.0,0.0,5139449.0,2267.0,100.0
월호동,월호동,9788726.0,3129.0,0.0,9788726.0,3129.0,100.0
위도면,위도면,1173046.0,1083.0,0.0,1173046.0,1083.0,100.0
위례동,위례동,123601447.0,11118.0,0.1,47919456.0,6922.0,38.8
위례동,위례동,123601447.0,11118.0,0.1,61233858.0,7825.0,49.5
위례동,위례동,123601447.0,11118.0,0.1,14448133.0,3801.0,11.7
위천면,위천면,5196009.0,2279.0,0.0,5196009.0,2279.0,100.0
유가읍,유가읍,39876277.0,6315.0,0.0,39876277.0,6315.0,100.0
유곡면,유곡면,1553447.0,1246.0,0.0,1553447.0,1246.0,100.0
유구읍,유구읍,11246554.0,3354.0,0.0,11246554.0,3354.0,100.0
유달동,유달동,20435016.0,4521.0,0.0,20435016.0,4521.0,100.0
유덕동,유덕동,38919450.0,6239.0,0.0,38919450.0,6239.0,100.0
유등면,유등면,1841455.0,1357.0,0.0,1841455.0,1357.0,100.0
유림1동,유림1동,5946874.0,2439.0,0.0,5946874.0,2439.0,100.0
유림2동,유림2동,7164388.0,2677.0,0.0,7164388.0,2677.0,100.0
유림동,유림동,59090710.0,7687.0,0.0,59090710.0,7687.0,100.0
유림면,유림면,1943494.0,1394.0,0.0,1943494.0,1394.0,100.0
유어면,유어면,1908991.0,1382.0,0.0,1908991.0,1382.0,100.0
유천1동,유천1동,24545185.0,4954.0,0.0,24545185.0,4954.0,100.0
유천2동,유천2동,26541949.0,5152.0,0.0,26541949.0,5152.0,100.0
유천동,유천동,23400850.0,4837.0,0.0,23400850.0,4837.0,100.0
유천면,유천면,4375116.0,2092.0,0.0,4375116.0,2092.0,100.0
유치면,유치면,1448251.0,1203.0,0.0,1448251.0,1203.0,100.0
율곡동,율곡동,10865018.0,3296.0,0.0,10865018.0,3296.0,100.0
율곡면,율곡면,3967344.0,1992.0,0.0,3967344.0,1992.0,100.0
율량.사천동,율량.사천동,91929414.0,9588.0,0.1,91929414.0,9588.0,100.0
율면,율면,3663128.0,1914.0,0.0,3663128.0,1914.0,100.0
율목동,율목동,4716372.0,2172.0,0.0,4716372.0,2172.0,100.0
율어면,율어면,1175667.0,1084.0,0.0,1175667.0,1084.0,100.0
율천동,율천동,87721144.0,9366.0,0.1,87721144.0,9366.0,100.0
율촌면,율촌면,8556131.0,2925.0,0.0,8556131.0,2925.0,100.0
은산면,은산면,8306798.0,2882.0,0.0,8306798.0,2882.0,100.0
은진면,은진면,13474962.0,3671.0,0.0,13474962.0,3671.0,100.0
은척면,은척면,2902764.0,1704.0,0.0,2902764.0,1704.0,100.0
은천동,은천동,43253906.0,6577.0,0.0,43253906.0,6577.0,100.0
은풍면,은풍면,2260496.0,1503.0,0.0,2260496.0,1503.0,100.0
은하면,은하면,3508232.0,1873.0,0.0,3508232.0,1873.0,100.0
은행1동,은행1동,4251961.0,2062.0,0.0,4251961.0,2062.0,100.0
은행2동,은행2동,35328391.0,5944.0,0.0,35328391.0,5944.0,100.0
은행동,은행동,46905240.0,6849.0,0.0,46905240.0,6849.0,100.0
은행선화동,은행선화동,61970314.0,7872.0,0.0,61970314.0,7872.0,100.0
은현면,은현면,19655986.0,4434.0,0.0,19655986.0,4434.0,100.0
을지로동,을지로동,44557286.0,6675.0,0.0,44557286.0,6675.0,100.0
음봉면,음봉면,33300113.0,5771.0,0.0,33300113.0,5771.0,100.0
음성읍,음성읍,47748365.0,6910.0,0.0,47748365.0,6910.0,100.0
음암면,음암면,19568840.0,4424.0,0.0,19568840.0,4424.0,100.0
읍내동,읍내동,55157364.0,7427.0,0.0,55157364.0,7427.0,100.0
응봉동,응봉동,25816441.0,5081.0,0.0,25816441.0,5081.0,100.0
응봉면,응봉면,7978436.0,2825.0,0.0,7978436.0,2825.0,100.0
응암1동,응암1동,61209974.0,7824.0,0.0,61209974.0,7824.0,100.0
응암2동,응암2동,20633669.0,4542.0,0.0,20633669.0,4542.0,100.0
응암3동,응암3동,39780454.0,6307.0,0.0,39780454.0,6307.0,100.0
의당면,의당면,7364256.0,2714.0,0.0,7364256.0,2714.0,100.0
의령읍,의령읍,32403693.0,5692.0,0.0,32403693.0,5692.0,100.0
의림지동,의림지동,24872960.0,4987.0,0.0,24872960.0,4987.0,100.0
의성읍,의성읍,40788744.0,6387.0,0.0,40788744.0,6387.0,100.0
의신면,의신면,8413976.0,2901.0,0.0,8413976.0,2901.0,100.0
의정부1동,의정부1동,155042360.0,12452.0,0.1,155042360.0,12452.0,100.0
의정부2동,의정부2동,137007420.0,11705.0,0.1,137007420.0,11705.0,100.0
의정부3동,의정부3동,10914470.0,3304.0,0.0,10914470.0,3304.0,100.0
의창동,의창동,85796739.0,9263.0,0.1,85796739.0,9263.0,100.0
의흥면,의흥면,3127488.0,1768.0,0.0,3127488.0,1768.0,100.0
이곡1동,이곡1동,79586868.0,8921.0,0.1,79586868.0,8921.0,100.0
이곡2동,이곡2동,55137106.0,7425.0,0.0,55137106.0,7425.0,100.0
이도1동,이도1동,109289450.0,10454.0,0.1,109289450.0,10454.0,100.0
이도2동,이도2동,293746856.0,17139.0,0.2,293746856.0,17139.0,100.0
이동,이동,89859084.0,9479.0,0.1,27022544.0,5198.0,30.1
이동,이동,89859084.0,9479.0,0.1,62836540.0,7927.0,69.9
이동면,이동면,24198282.0,4919.0,0.0,15595486.0,3949.0,64.4
이동면,이동면,24198282.0,4919.0,0.0,8602797.0,2933.0,35.6
이동읍,이동읍,42522305.0,6521.0,0.0,42522305.0,6521.0,100.0
이로동,이로동,24962721.0,4996.0,0.0,24962721.0,4996.0,100.0
이매1동,이매1동,65655566.0,8103.0,0.1,65655566.0,8103.0,100.0
이매2동,이매2동,15033414.0,3877.0,0.0,15033414.0,3877.0,100.0
이문1동,이문1동,58312660.0,7636.0,0.0,58312660.0,7636.0,100.0
이문2동,이문2동,20968882.0,4579.0,0.0,20968882.0,4579.0,100.0
이반성면,이반성면,2266754.0,1506.0,0.0,2266754.0,1506.0,100.0
이방면,이방면,2743464.0,1656.0,0.0,2743464.0,1656.0,100.0
이백면,이백면,5812026.0,2411.0,0.0,5812026.0,2411.0,100.0
이산면,이산면,3746694.0,1936.0,0.0,3746694.0,1936.0,100.0
이서면,이서면,26464809.0,5144.0,0.0,7316869.0,2705.0,27.6
이서면,이서면,26464809.0,5144.0,0.0,17834068.0,4223.0,67.4
이서면,이서면,26464809.0,5144.0,0.0,1313872.0,1146.0,5.0
이안면,이안면,4289260.0,2071.0,0.0,4289260.0,2071.0,100.0
이양면,이양면,2822026.0,1680.0,0.0,2822026.0,1680.0,100.0
이원면,이원면,14455980.0,3802.0,0.0,10201684.0,3194.0,70.6
이원면,이원면,14455980.0,3802.0,0.0,4254296.0,2063.0,29.4
이월면,이월면,22170491.0,4709.0,0.0,22170491.0,4709.0,100.0
이인면,이인면,3606796.0,1899.0,0.0,3606796.0,1899.0,100.0
이창동,이창동,16873094.0,4108.0,0.0,16873094.0,4108.0,100.0
이천동,이천동,13990718.0,3740.0,0.0,13990718.0,3740.0,100.0
이촌1동,이촌1동,53734646.0,7330.0,0.0,53734646.0,7330.0,100.0
이촌2동,이촌2동,10289881.0,3208.0,0.0,10289881.0,3208.0,100.0
이태원1동,이태원1동,35530596.0,5961.0,0.0,35530596.0,5961.0,100.0
이태원2동,이태원2동,28945984.0,5380.0,0.0,28945984.0,5380.0,100.0
이평면,이평면,3017690.0,1737.0,0.0,3017690.0,1737.0,100.0
이현동,이현동,22228336.0,4715.0,0.0,22228336.0,4715.0,100.0
이호동,이호동,31055672.0,5573.0,0.0,31055672.0,5573.0,100.0
이화동,이화동,64500608.0,8031.0,0.1,64500608.0,8031.0,100.0
인계동,인계동,117274017.0,10829.0,0.1,117274017.0,10829.0,100.0
인계면,인계면,1881544.0,1372.0,0.0,1881544.0,1372.0,100.0
인덕원동,인덕원동,14114324.0,3757.0,0.0,14114324.0,3757.0,100.0
인동동,인동동,77582698.0,8808.0,0.1,77582698.0,8808.0,100.0
인수동,인수동,54075602.0,7354.0,0.0,54075602.0,7354.0,100.0
인월면,인월면,8953406.0,2992.0,0.0,8953406.0,2992.0,100.0
인제읍,인제읍,28641470.0,5352.0,0.0,28641470.0,5352.0,100.0
인주면,인주면,21295978.0,4615.0,0.0,21295978.0,4615.0,100.0
인지면,인지면,15270832.0,3908.0,0.0,15270832.0,3908.0,100.0
인창동,인창동,70052458.0,8370.0,0.1,70052458.0,8370.0,100.0
인헌동,인헌동,44933318.0,6703.0,0.0,44933318.0,6703.0,100.0
인화동,인화동,27689795.0,5262.0,0.0,27689795.0,5262.0,100.0
인후1동,인후1동,29829516.0,5462.0,0.0,29829516.0,5462.0,100.0
인후2동,인후2동,24359699.0,4936.0,0.0,24359699.0,4936.0,100.0
인후3동,인후3동,51194248.0,7155.0,0.0,51194248.0,7155.0,100.0
일곡동,일곡동,59941735.0,7742.0,0.0,59941735.0,7742.0,100.0
일광면,일광면,16164992.0,4021.0,0.0,16164992.0,4021.0,100.0
일광읍,일광읍,31396410.0,5603.0,0.0,31396410.0,5603.0,100.0
일도1동,일도1동,34716297.0,5892.0,0.0,34716297.0,5892.0,100.0
일도2동,일도2동,135342672.0,11634.0,0.1,135342672.0,11634.0,100.0
일동,일동,36161979.0,6013.0,0.0,36161979.0,6013.0,100.0
일동면,일동면,24676306.0,4968.0,0.0,24676306.0,4968.0,100.0
일로읍,일로읍,27540600.0,5248.0,0.0,27540600.0,5248.0,100.0
일반성면,일반성면,5454788.0,2336.0,0.0,5454788.0,2336.0,100.0
일봉동,일봉동,49470421.0,7034.0,0.0,49470421.0,7034.0,100.0
일산1동,일산1동,35925617.0,5994.0,0.0,35925617.0,5994.0,100.0
일산2동,일산2동,48738952.0,6981.0,0.0,48738952.0,6981.0,100.0
일산3동,일산3동,45565685.0,6750.0,0.0,45565685.0,6750.0,100.0
일산동,일산동,107054174.0,10347.0,0.1,54524600.0,7384.0,50.9
일산동,일산동,107054174.0,10347.0,0.1,52529575.0,7248.0,49.1
일신동,일신동,15188313.0,3897.0,0.0,15188313.0,3897.0,100.0
일운면,일운면,37306472.0,6108.0,0.0,37306472.0,6108.0,100.0
일원1동,일원1동,28803366.0,5367.0,0.0,28803366.0,5367.0,100.0
일원2동,일원2동,18861703.0,4343.0,0.0,18861703.0,4343.0,100.0
일원본동,일원본동,44899908.0,6701.0,0.0,44899908.0,6701.0,100.0
일월면,일월면,2988688.0,1729.0,0.0,2988688.0,1729.0,100.0
일죽면,일죽면,16600973.0,4074.0,0.0,16600973.0,4074.0,100.0
일직동,일직동,34450353.0,5869.0,0.0,34450353.0,5869.0,100.0
일직면,일직면,5587516.0,2364.0,0.0,5587516.0,2364.0,100.0
임계면,임계면,4680616.0,2163.0,0.0,4680616.0,2163.0,100.0
임고면,임고면,8558382.0,2925.0,0.0,8558382.0,2925.0,100.0
임곡동,임곡동,6593202.0,2568.0,0.0,6593202.0,2568.0,100.0
임남면,임남면,578.0,24.0,0.0,578.0,24.0,100.0
임동,임동,18170705.0,4263.0,0.0,18170705.0,4263.0,100.0
임동면,임동면,3464632.0,1861.0,0.0,3464632.0,1861.0,100.0
임실읍,임실읍,15015388.0,3875.0,0.0,15015388.0,3875.0,100.0
임오동,임오동,25371860.0,5037.0,0.0,25371860.0,5037.0,100.0
임자면,임자면,5473598.0,2340.0,0.0,5473598.0,2340.0,100.0
임천면,임천면,6656618.0,2580.0,0.0,6656618.0,2580.0,100.0
임피면,임피면,7782740.0,2790.0,0.0,7782740.0,2790.0,100.0
임하면,임하면,6784918.0,2605.0,0.0,6784918.0,2605.0,100.0
임회면,임회면,6587850.0,2567.0,0.0,6587850.0,2567.0,100.0
입면,입면,4107855.0,2027.0,0.0,4107855.0,2027.0,100.0
입북동,입북동,15962076.0,3995.0,0.0,15962076.0,3995.0,100.0
입암면,입암면,7831666.0,2799.0,0.0,4688138.0,2165.0,59.9
입암면,입암면,7831666.0,2799.0,0.0,3143528.0,1773.0,40.1
입장면,입장면,14800412.0,3847.0,0.0,14800412.0,3847.0,100.0
자금동,자금동,74924899.0,8656.0,0.1,74924899.0,8656.0,100.0
자산동,자산동,74460099.0,8629.0,0.1,52416290.0,7240.0,70.4
자산동,자산동,74460099.0,8629.0,0.1,22043808.0,4695.0,29.6
자양1동,자양1동,49552226.0,7039.0,0.0,49552226.0,7039.0,100.0
자양2동,자양2동,57753416.0,7600.0,0.0,57753416.0,7600.0,100.0
자양3동,자양3동,91622066.0,9572.0,0.1,91622066.0,9572.0,100.0
자양4동,자양4동,66791050.0,8173.0,0.1,66791050.0,8173.0,100.0
자양동,자양동,24637246.0,4964.0,0.0,24637246.0,4964.0,100.0
자양면,자양면,1202810.0,1097.0,0.0,1202810.0,1097.0,100.0
자월면,자월면,1109255.0,1053.0,0.0,1109255.0,1053.0,100.0
자은동,자은동,16425560.0,4053.0,0.0,16425560.0,4053.0,100.0
자은면,자은면,3787738.0,1946.0,0.0,3787738.0,1946.0,100.0
자인면,자인면,24003738.0,4899.0,0.0,24003738.0,4899.0,100.0
작전1동,작전1동,39730590.0,6303.0,0.0,39730590.0,6303.0,100.0
작전2동,작전2동,49815941.0,7058.0,0.0,49815941.0,7058.0,100.0
작전서운동,작전서운동,70339070.0,8387.0,0.1,70339070.0,8387.0,100.0
작천면,작천면,3430301.0,1852.0,0.0,3430301.0,1852.0,100.0
잠실2동,잠실2동,72090473.0,8491.0,0.1,72090473.0,8491.0,100.0
잠실3동,잠실3동,118671956.0,10894.0,0.1,118671956.0,10894.0,100.0
잠실4동,잠실4동,50865423.0,7132.0,0.0,50865423.0,7132.0,100.0
잠실6동,잠실6동,167486634.0,12942.0,0.1,167486634.0,12942.0,100.0
잠실7동,잠실7동,25379732.0,5038.0,0.0,25379732.0,5038.0,100.0
잠실본동,잠실본동,91236618.0,9552.0,0.1,91236618.0,9552.0,100.0
잠원동,잠원동,62335133.0,7895.0,0.0,62335133.0,7895.0,100.0
장계면,장계면,8670021.0,2944.0,0.0,8670021.0,2944.0,100.0
장곡동,장곡동,37097938.0,6091.0,0.0,37097938.0,6091.0,100.0
장곡면,장곡면,3730867.0,1932.0,0.0,3730867.0,1932.0,100.0
장군면,장군면,29097646.0,5394.0,0.0,29097646.0,5394.0,100.0
장기동,장기동,156132830.0,12495.0,0.1,59066780.0,7685.0,37.8
장기동,장기동,156132830.0,12495.0,0.1,97066050.0,9852.0,62.2
장기면,장기면,7615192.0,2760.0,0.0,7615192.0,2760.0,100.0
장기본동,장기본동,134294629.0,11589.0,0.1,134294629.0,11589.0,100.0
장남면,장남면,1207874.0,1099.0,0.0,1207874.0,1099.0,100.0
장단면,장단면,4981228.0,2232.0,0.0,4981228.0,2232.0,100.0
장동면,장동면,1234916.0,1111.0,0.0,1234916.0,1111.0,100.0
장량동,장량동,165230499.0,12854.0,0.1,165230499.0,12854.0,100.0
장림1동,장림1동,32580286.0,5708.0,0.0,32580286.0,5708.0,100.0
장림2동,장림2동,45307864.0,6731.0,0.0,45307864.0,6731.0,100.0
장마면,장마면,2119719.0,1456.0,0.0,2119719.0,1456.0,100.0
장명동,장명동,7357094.0,2712.0,0.0,7357094.0,2712.0,100.0
장목면,장목면,21557046.0,4643.0,0.0,21557046.0,4643.0,100.0
장산면,장산면,1239640.0,1113.0,0.0,1239640.0,1113.0,100.0
장성동,장성동,13040594.0,3611.0,0.0,13040594.0,3611.0,100.0
장성읍,장성읍,37800004.0,6148.0,0.0,37800004.0,6148.0,100.0
장수면,장수면,6972448.0,2641.0,0.0,6972448.0,2641.0,100.0
장수서창동,장수서창동,66188878.0,8136.0,0.1,66188878.0,8136.0,100.0
장수읍,장수읍,16227911.0,4028.0,0.0,16227911.0,4028.0,100.0
장승포동,장승포동,55392764.0,7443.0,0.0,55392764.0,7443.0,100.0
장안1동,장안1동,74239459.0,8616.0,0.1,74239459.0,8616.0,100.0
장안2동,장안2동,87969360.0,9379.0,0.1,87969360.0,9379.0,100.0
장안면,장안면,38199224.0,6181.0,0.0,35392378.0,5949.0,92.7
장안면,장안면,38199224.0,6181.0,0.0,2806846.0,1675.0,7.3
장안읍,장안읍,42100009.0,6488.0,0.0,42100009.0,6488.0,100.0
장암동,장암동,41707362.0,6458.0,0.0,41707362.0,6458.0,100.0
장암면,장암면,7460820.0,2731.0,0.0,7460820.0,2731.0,100.0
장연면,장연면,2117860.0,1455.0,0.0,2117860.0,1455.0,100.0
장위1동,장위1동,35230860.0,5936.0,0.0,35230860.0,5936.0,100.0
장위2동,장위2동,21760501.0,4665.0,0.0,21760501.0,4665.0,100.0
장위3동,장위3동,13431134.0,3665.0,0.0,13431134.0,3665.0,100.0
장유1동,장유1동,104266197.0,10211.0,0.1,104266197.0,10211.0,100.0
장유2동,장유2동,90770141.0,9527.0,0.1,90770141.0,9527.0,100.0
장유3동,장유3동,105018288.0,10248.0,0.1,105018288.0,10248.0,100.0
장전1동,장전1동,52764100.0,7264.0,0.0,52764100.0,7264.0,100.0
장전2동,장전2동,92267822.0,9606.0,0.1,92267822.0,9606.0,100.0
장전3동,장전3동,11959454.0,3458.0,0.0,11959454.0,3458.0,100.0
장지동,장지동,53317134.0,7302.0,0.0,53317134.0,7302.0,100.0
장천동,장천동,29032801.0,5388.0,0.0,29032801.0,5388.0,100.0
장천면,장천면,7551176.0,2748.0,0.0,7551176.0,2748.0,100.0
장충동,장충동,27342948.0,5229.0,0.0,27342948.0,5229.0,100.0
장평동,장평동,111418608.0,10556.0,0.1,111418608.0,10556.0,100.0
장평면,장평면,6703564.0,2589.0,0.0,2988909.0,1729.0,44.6
장평면,장평면,6703564.0,2589.0,0.0,3714655.0,1927.0,55.4
장항1동,장항1동,25625940.0,5062.0,0.0,25625940.0,5062.0,100.0
장항2동,장항2동,149975130.0,12246.0,0.1,149975130.0,12246.0,100.0
장항읍,장항읍,31358800.0,5600.0,0.0,31358800.0,5600.0,100.0
장호원읍,장호원읍,23939458.0,4893.0,0.0,23939458.0,4893.0,100.0
장흥면,장흥면,18946085.0,4353.0,0.0,18946085.0,4353.0,100.0
장흥읍,장흥읍,52611167.0,7253.0,0.0,52611167.0,7253.0,100.0
재궁동,재궁동,54613660.0,7390.0,0.0,54613660.0,7390.0,100.0
재산면,재산면,1193636.0,1093.0,0.0,1193636.0,1093.0,100.0
재송1동,재송1동,87554495.0,9357.0,0.1,87554495.0,9357.0,100.0
재송2동,재송2동,34878214.0,5906.0,0.0,34878214.0,5906.0,100.0
저전동,저전동,682678.0,826.0,0.0,682678.0,826.0,100.0
적량면,적량면,3277764.0,1810.0,0.0,3277764.0,1810.0,100.0
적상면,적상면,5124343.0,2264.0,0.0,5124343.0,2264.0,100.0
적성면,적성면,19868166.0,4457.0,0.0,15058284.0,3881.0,75.8
적성면,적성면,19868166.0,4457.0,0.0,3260512.0,1806.0,16.4
적성면,적성면,19868166.0,4457.0,0.0,1549370.0,1245.0,7.8
적중면,적중면,2242810.0,1498.0,0.0,2242810.0,1498.0,100.0
전곡읍,전곡읍,47388495.0,6884.0,0.0,47388495.0,6884.0,100.0
전농1동,전농1동,71019406.0,8427.0,0.1,71019406.0,8427.0,100.0
전농2동,전농2동,36082865.0,6007.0,0.0,36082865.0,6007.0,100.0
전동면,전동면,6436776.0,2537.0,0.0,6436776.0,2537.0,100.0
전민동,전민동,62089447.0,7880.0,0.0,62089447.0,7880.0,100.0
전의면,전의면,13890870.0,3727.0,0.0,13890870.0,3727.0,100.0
전포1동,전포1동,56273270.0,7502.0,0.0,56273270.0,7502.0,100.0
전포2동,전포2동,65991012.0,8123.0,0.1,65991012.0,8123.0,100.0
전하1동,전하1동,51240214.0,7158.0,0.0,51240214.0,7158.0,100.0
전하2동,전하2동,61087075.0,7816.0,0.0,61087075.0,7816.0,100.0
점곡면,점곡면,3266382.0,1807.0,0.0,3266382.0,1807.0,100.0
점동면,점동면,11542380.0,3397.0,0.0,11542380.0,3397.0,100.0
점암면,점암면,3254223.0,1804.0,0.0,3254223.0,1804.0,100.0
점촌1동,점촌1동,8042009.0,2836.0,0.0,8042009.0,2836.0,100.0
점촌2동,점촌2동,34007564.0,5832.0,0.0,34007564.0,5832.0,100.0
점촌3동,점촌3동,21704809.0,4659.0,0.0,21704809.0,4659.0,100.0
점촌4동,점촌4동,7512106.0,2741.0,0.0,7512106.0,2741.0,100.0
점촌5동,점촌5동,42071474.0,6486.0,0.0,42071474.0,6486.0,100.0
정곡면,정곡면,1779792.0,1334.0,0.0,1779792.0,1334.0,100.0
정관읍,정관읍,117996358.0,10863.0,0.1,117996358.0,10863.0,100.0
정남면,정남면,34087319.0,5838.0,0.0,34087319.0,5838.0,100.0
정동면,정동면,26710330.0,5168.0,0.0,26710330.0,5168.0,100.0
정라동,정라동,32064266.0,5663.0,0.0,32064266.0,5663.0,100.0
정량동,정량동,29663798.0,5446.0,0.0,29663798.0,5446.0,100.0
정릉1동,정릉1동,40413160.0,6357.0,0.0,40413160.0,6357.0,100.0
정릉2동,정릉2동,60963242.0,7808.0,0.0,60963242.0,7808.0,100.0
정릉3동,정릉3동,33326380.0,5773.0,0.0,33326380.0,5773.0,100.0
정릉4동,정릉4동,39479104.0,6283.0,0.0,39479104.0,6283.0,100.0
정림동,정림동,21241356.0,4609.0,0.0,21241356.0,4609.0,100.0
정미면,정미면,7952588.0,2820.0,0.0,7952588.0,2820.0,100.0
정발산동,정발산동,80188755.0,8955.0,0.1,80188755.0,8955.0,100.0
정방동,정방동,29076173.0,5392.0,0.0,29076173.0,5392.0,100.0
정산면,정산면,6321424.0,2514.0,0.0,6321424.0,2514.0,100.0
정선읍,정선읍,32719564.0,5720.0,0.0,32719564.0,5720.0,100.0
정안면,정안면,5054756.0,2248.0,0.0,5054756.0,2248.0,100.0
정왕1동,정왕1동,104279864.0,10212.0,0.1,104279864.0,10212.0,100.0
정왕2동,정왕2동,58441176.0,7645.0,0.0,58441176.0,7645.0,100.0
정왕3동,정왕3동,78445311.0,8857.0,0.1,78445311.0,8857.0,100.0
정왕4동,정왕4동,53726477.0,7330.0,0.0,53726477.0,7330.0,100.0
정왕본동,정왕본동,55034441.0,7419.0,0.0,55034441.0,7419.0,100.0
정우면,정우면,4317012.0,2078.0,0.0,4317012.0,2078.0,100.0
정자1동,정자1동,167696539.0,12950.0,0.1,111968486.0,10582.0,66.8
정자1동,정자1동,167696539.0,12950.0,0.1,55728054.0,7465.0,33.2
정자2동,정자2동,90761982.0,9527.0,0.1,44007212.0,6634.0,48.5
정자2동,정자2동,90761982.0,9527.0,0.1,46754771.0,6838.0,51.5
정자3동,정자3동,153623610.0,12394.0,0.1,65894258.0,8118.0,42.9
정자3동,정자3동,153623610.0,12394.0,0.1,87729352.0,9366.0,57.1
정자동,정자동,82461768.0,9081.0,0.1,82461768.0,9081.0,100.0
정천면,정천면,1397224.0,1182.0,0.0,1397224.0,1182.0,100.0
정촌면,정촌면,17213147.0,4149.0,0.0,17213147.0,4149.0,100.0
제기동,제기동,61762278.0,7859.0,0.0,61762278.0,7859.0,100.0
제원면,제원면,9904444.0,3147.0,0.0,9904444.0,3147.0,100.0
제철동,제철동,39803232.0,6309.0,0.0,39803232.0,6309.0,100.0
조곡동,조곡동,35565890.0,5964.0,0.0,35565890.0,5964.0,100.0
조도면,조도면,4450302.0,2110.0,0.0,4450302.0,2110.0,100.0
조리읍,조리읍,39826129.0,6311.0,0.0,39826129.0,6311.0,100.0
조마면,조마면,3538636.0,1881.0,0.0,3538636.0,1881.0,100.0
조성면,조성면,6244889.0,2499.0,0.0,6244889.0,2499.0,100.0
조안면,조안면,9578247.0,3095.0,0.0,9578247.0,3095.0,100.0
조양동,조양동,88870204.0,9427.0,0.1,88870204.0,9427.0,100.0
조운동,조운동,40029493.0,6327.0,0.0,40029493.0,6327.0,100.0
조원1동,조원1동,71444240.0,8452.0,0.1,71444240.0,8452.0,100.0
조원2동,조원2동,43813550.0,6619.0,0.0,43813550.0,6619.0,100.0
조원동,조원동,45899284.0,6775.0,0.0,45899284.0,6775.0,100.0
조종면,조종면,24070578.0,4906.0,0.0,24070578.0,4906.0,100.0
조천읍,조천읍,102453460.0,10122.0,0.1,102453460.0,10122.0,100.0
조촌동,조촌동,104738686.0,10234.0,0.1,80920024.0,8996.0,77.3
조촌동,조촌동,104738686.0,10234.0,0.1,23818662.0,4880.0,22.7
조치원읍,조치원읍,98843948.0,9942.0,0.1,98843948.0,9942.0,100.0
종로1.2.3.4가동,종로1.2.3.4가동,143589862.0,11983.0,0.1,143589862.0,11983.0,100.0
종로5.6가동,종로5.6가동,52912346.0,7274.0,0.0,52912346.0,7274.0,100.0
종암동,종암동,63899210.0,7994.0,0.1,63899210.0,7994.0,100.0
종천면,종천면,6598204.0,2569.0,0.0,6598204.0,2569.0,100.0
종촌동,종촌동,14850500.0,3854.0,0.0,14850500.0,3854.0,100.0
좌1동,좌1동,95593848.0,9777.0,0.1,95593848.0,9777.0,100.0
좌2동,좌2동,86780603.0,9316.0,0.1,86780603.0,9316.0,100.0
좌3동,좌3동,31129462.0,5579.0,0.0,31129462.0,5579.0,100.0
좌4동,좌4동,86310570.0,9290.0,0.1,86310570.0,9290.0,100.0
좌천동,좌천동,9071510.0,3012.0,0.0,9071510.0,3012.0,100.0
주교동,주교동,33550570.0,5792.0,0.0,33550570.0,5792.0,100.0
주교면,주교면,15483412.0,3935.0,0.0,15483412.0,3935.0,100.0
주덕읍,주덕읍,31798554.0,5639.0,0.0,31798554.0,5639.0,100.0
주례1동,주례1동,26228206.0,5121.0,0.0,26228206.0,5121.0,100.0
주례2동,주례2동,34866192.0,5905.0,0.0,34866192.0,5905.0,100.0
주례3동,주례3동,14706618.0,3835.0,0.0,14706618.0,3835.0,100.0
주문진읍,주문진읍,54877602.0,7408.0,0.0,54877602.0,7408.0,100.0
주산면,주산면,7056486.0,2656.0,0.0,4076216.0,2019.0,57.8
주산면,주산면,7056486.0,2656.0,0.0,2980271.0,1726.0,42.2
주삼동,주삼동,19637558.0,4431.0,0.0,19637558.0,4431.0,100.0
주상면,주상면,1986652.0,1409.0,0.0,1986652.0,1409.0,100.0
주생면,주생면,3555881.0,1886.0,0.0,3555881.0,1886.0,100.0
주안1동,주안1동,72195406.0,8497.0,0.1,72195406.0,8497.0,100.0
주안2동,주안2동,26766064.0,5174.0,0.0,26766064.0,5174.0,100.0
주안3동,주안3동,20701614.0,4550.0,0.0,20701614.0,4550.0,100.0
주안4동,주안4동,26616902.0,5159.0,0.0,26616902.0,5159.0,100.0
주안5동,주안5동,36534782.0,6044.0,0.0,36534782.0,6044.0,100.0
주안6동,주안6동,33070457.0,5751.0,0.0,33070457.0,5751.0,100.0
주안7동,주안7동,48764216.0,6983.0,0.0,48764216.0,6983.0,100.0
주안8동,주안8동,33010299.0,5745.0,0.0,33010299.0,5745.0,100.0
주암면,주암면,4886214.0,2210.0,0.0,4886214.0,2210.0,100.0
주엽1동,주엽1동,44115330.0,6642.0,0.0,44115330.0,6642.0,100.0
주엽2동,주엽2동,67721063.0,8229.0,0.1,67721063.0,8229.0,100.0
주왕산면,주왕산면,4741310.0,2177.0,0.0,4741310.0,2177.0,100.0
주월1동,주월1동,41184300.0,6417.0,0.0,41184300.0,6417.0,100.0
주월2동,주월2동,7552660.0,2748.0,0.0,7552660.0,2748.0,100.0
주천면,주천면,14013475.0,3743.0,0.0,5401634.0,2324.0,38.5
주천면,주천면,14013475.0,3743.0,0.0,7205485.0,2684.0,51.4
주천면,주천면,14013475.0,3743.0,0.0,1406356.0,1186.0,10.0
주촌면,주촌면,43512903.0,6596.0,0.0,43512903.0,6596.0,100.0
주포면,주포면,5331532.0,2309.0,0.0,5331532.0,2309.0,100.0
죽곡면,죽곡면,2222090.0,1491.0,0.0,2222090.0,1491.0,100.0
죽교동,죽교동,21437570.0,4630.0,0.0,21437570.0,4630.0,100.0
죽도동,죽도동,82043630.0,9058.0,0.1,82043630.0,9058.0,100.0
죽변면,죽변면,20631296.0,4542.0,0.0,20631296.0,4542.0,100.0
죽산면,죽산면,23358982.0,4833.0,0.0,20437974.0,4521.0,87.5
죽산면,죽산면,23358982.0,4833.0,0.0,2921009.0,1709.0,12.5
죽왕면,죽왕면,13010694.0,3607.0,0.0,13010694.0,3607.0,100.0
죽장면,죽장면,4645767.0,2155.0,0.0,4645767.0,2155.0,100.0
죽전1동,죽전1동,62100636.0,7880.0,0.0,62100636.0,7880.0,100.0
죽전2동,죽전2동,40766397.0,6385.0,0.0,40766397.0,6385.0,100.0
죽전3동,죽전3동,29316172.0,5414.0,0.0,29316172.0,5414.0,100.0
죽전동,죽전동,39102382.0,6253.0,0.0,39102382.0,6253.0,100.0
죽항동,죽항동,39668104.0,6298.0,0.0,39668104.0,6298.0,100.0
줄포면,줄포면,5587512.0,2364.0,0.0,5587512.0,2364.0,100.0
중1동,중1동,265764250.0,16302.0,0.2,128091341.0,11318.0,48.2
중1동,중1동,265764250.0,16302.0,0.2,49031532.0,7002.0,18.4
중1동,중1동,265764250.0,16302.0,0.2,88641378.0,9415.0,33.4
중2동,중2동,94110254.0,9701.0,0.1,20794708.0,4560.0,22.1
중2동,중2동,94110254.0,9701.0,0.1,13799730.0,3715.0,14.7
중2동,중2동,94110254.0,9701.0,0.1,59515816.0,7715.0,63.2
중3동,중3동,28986405.0,5384.0,0.0,19972057.0,4469.0,68.9
중3동,중3동,28986405.0,5384.0,0.0,9014348.0,3002.0,31.1
중4동,중4동,31435565.0,5607.0,0.0,9437197.0,3072.0,30.0
중4동,중4동,31435565.0,5607.0,0.0,21998368.0,4690.0,70.0
중계1동,중계1동,65683166.0,8105.0,0.1,65683166.0,8105.0,100.0
중계2.3동,중계2.3동,97621786.0,9880.0,0.1,97621786.0,9880.0,100.0
중계4동,중계4동,47992220.0,6928.0,0.0,47992220.0,6928.0,100.0
중계본동,중계본동,68333052.0,8266.0,0.1,68333052.0,8266.0,100.0
중곡1동,중곡1동,37676614.0,6138.0,0.0,37676614.0,6138.0,100.0
중곡2동,중곡2동,38129140.0,6175.0,0.0,38129140.0,6175.0,100.0
중곡3동,중곡3동,32095252.0,5665.0,0.0,32095252.0,5665.0,100.0
중곡4동,중곡4동,72967958.0,8542.0,0.1,72967958.0,8542.0,100.0
중구동,중구동,71893392.0,8479.0,0.1,71893392.0,8479.0,100.0
중동,중동,127041162.0,11271.0,0.1,19853274.0,4456.0,15.6
중동,중동,127041162.0,11271.0,0.1,33149084.0,5758.0,26.1
중동,중동,127041162.0,11271.0,0.1,74038804.0,8605.0,58.3
중동면,중동면,2418742.0,1555.0,0.0,2418742.0,1555.0,100.0
중리동,중리동,138970363.0,11789.0,0.1,45849198.0,6771.0,33.0
중리동,중리동,138970363.0,11789.0,0.1,93121164.0,9650.0,67.0
중림동,중림동,13413900.0,3662.0,0.0,13413900.0,3662.0,100.0
중마동,중마동,102265282.0,10113.0,0.1,102265282.0,10113.0,100.0
중면,중면,1698694.0,1303.0,0.0,1698694.0,1303.0,100.0
중문동,중문동,38885704.0,6236.0,0.0,38885704.0,6236.0,100.0
중방동,중방동,39488148.0,6284.0,0.0,39488148.0,6284.0,100.0
중부동,중부동,66476781.0,8153.0,0.1,66476781.0,8153.0,100.0
중산1동,중산1동,36249553.0,6021.0,0.0,36249553.0,6021.0,100.0
중산2동,중산2동,50391166.0,7099.0,0.0,50391166.0,7099.0,100.0
중산동,중산동,47652794.0,6903.0,0.0,47652794.0,6903.0,100.0
중앙동,중앙동,1752855300.0,41867.0,1.4,97510455.0,9875.0,5.6
중앙동,중앙동,1752855300.0,41867.0,1.4,32173572.0,5672.0,1.8
중앙동,중앙동,1752855300.0,41867.0,1.4,117375741.0,10834.0,6.7
중앙동,중앙동,1752855300.0,41867.0,1.4,87115332.0,9334.0,5.0
중앙동,중앙동,1752855300.0,41867.0,1.4,81134753.0,9007.0,4.6
중앙동,중앙동,1752855300.0,41867.0,1.4,29571605.0,5438.0,1.7
중앙동,중앙동,1752855300.0,41867.0,1.4,22478239.0,4741.0,1.3
중앙동,중앙동,1752855300.0,41867.0,1.4,112951780.0,10628.0,6.4
중앙동,중앙동,1752855300.0,41867.0,1.4,67188460.0,8197.0,3.8
중앙동,중앙동,1752855300.0,41867.0,1.4,64919396.0,8057.0,3.7
중앙동,중앙동,1752855300.0,41867.0,1.4,75624686.0,8696.0,4.3
중앙동,중앙동,1752855300.0,41867.0,1.4,7087930.0,2662.0,0.4
중앙동,중앙동,1752855300.0,41867.0,1.4,48509010.0,6965.0,2.8
중앙동,중앙동,1752855300.0,41867.0,1.4,22530750.0,4747.0,1.3
중앙동,중앙동,1752855300.0,41867.0,1.4,97337485.0,9866.0,5.6
중앙동,중앙동,1752855300.0,41867.0,1.4,66858032.0,8177.0,3.8
중앙동,중앙동,1752855300.0,41867.0,1.4,23706823.0,4869.0,1.4
중앙동,중앙동,1752855300.0,41867.0,1.4,26051151.0,5104.0,1.5
중앙동,중앙동,1752855300.0,41867.0,1.4,32179861.0,5673.0,1.8
중앙동,중앙동,1752855300.0,41867.0,1.4,23675236.0,4866.0,1.4
중앙동,중앙동,1752855300.0,41867.0,1.4,30819842.0,5552.0,1.8
중앙동,중앙동,1752855300.0,41867.0,1.4,60494808.0,7778.0,3.5
중앙동,중앙동,1752855300.0,41867.0,1.4,79626816.0,8923.0,4.5
중앙동,중앙동,1752855300.0,41867.0,1.4,129263204.0,11369.0,7.4
중앙동,중앙동,1752855300.0,41867.0,1.4,31581851.0,5620.0,1.8
중앙동,중앙동,1752855300.0,41867.0,1.4,32471201.0,5698.0,1.9
중앙동,중앙동,1752855300.0,41867.0,1.4,40423600.0,6358.0,2.3
중앙동,중앙동,1752855300.0,41867.0,1.4,33110035.0,5754.0,1.9
중앙동,중앙동,1752855300.0,41867.0,1.4,57666794.0,7594.0,3.3
중앙동,중앙동,1752855300.0,41867.0,1.4,67016456.0,8186.0,3.8
중앙동,중앙동,1752855300.0,41867.0,1.4,22277441.0,4720.0,1.3
중앙동,중앙동,1752855300.0,41867.0,1.4,32122954.0,5668.0,1.8
중앙탑면,중앙탑면,22128393.0,4704.0,0.0,22128393.0,4704.0,100.0
중촌동,중촌동,23701006.0,4868.0,0.0,23701006.0,4868.0,100.0
중학동,중학동,17502527.0,4184.0,0.0,17502527.0,4184.0,100.0
중화1동,중화1동,46232011.0,6799.0,0.0,46232011.0,6799.0,100.0
중화2동,중화2동,40744788.0,6383.0,0.0,40744788.0,6383.0,100.0
중화산1동,중화산1동,53242088.0,7297.0,0.0,53242088.0,7297.0,100.0
중화산2동,중화산2동,69782293.0,8354.0,0.1,69782293.0,8354.0,100.0
중흥1동,중흥1동,8183186.0,2861.0,0.0,8183186.0,2861.0,100.0
중흥2동,중흥2동,11153404.0,3340.0,0.0,11153404.0,3340.0,100.0
중흥3동,중흥3동,6395109.0,2529.0,0.0,6395109.0,2529.0,100.0
중흥동,중흥동,6715908.0,2592.0,0.0,6715908.0,2592.0,100.0
증도면,증도면,2406512.0,1551.0,0.0,2406512.0,1551.0,100.0
증산동,증산동,15893518.0,3987.0,0.0,15893518.0,3987.0,100.0
증산면,증산면,1567478.0,1252.0,0.0,1567478.0,1252.0,100.0
증평읍,증평읍,76763200.0,8761.0,0.1,76763200.0,8761.0,100.0
증포동,증포동,93437446.0,9666.0,0.1,93437446.0,9666.0,100.0
지곡면,지곡면,23753443.0,4874.0,0.0,3905094.0,1976.0,16.4
지곡면,지곡면,23753443.0,4874.0,0.0,19848350.0,4455.0,83.6
지도읍,지도읍,5972379.0,2444.0,0.0,5972379.0,2444.0,100.0
지동,지동,16987260.0,4122.0,0.0,16987260.0,4122.0,100.0
지례면,지례면,4085501.0,2021.0,0.0,4085501.0,2021.0,100.0
지보면,지보면,3870979.0,1967.0,0.0,3870979.0,1967.0,100.0
지사면,지사면,886998.0,942.0,0.0,886998.0,942.0,100.0
지산1동,지산1동,85451818.0,9244.0,0.1,72161302.0,8495.0,84.4
지산1동,지산1동,85451818.0,9244.0,0.1,13290515.0,3646.0,15.6
지산2동,지산2동,64803889.0,8050.0,0.1,49301087.0,7021.0,76.1
지산2동,지산2동,64803889.0,8050.0,0.1,15502802.0,3937.0,23.9
지산동,지산동,63262251.0,7954.0,0.0,18003702.0,4243.0,28.5
지산동,지산동,63262251.0,7954.0,0.0,45258549.0,6727.0,71.5
지산면,지산면,5945930.0,2438.0,0.0,5945930.0,2438.0,100.0
지수면,지수면,1725080.0,1313.0,0.0,1725080.0,1313.0,100.0
지원1동,지원1동,13553547.0,3682.0,0.0,13553547.0,3682.0,100.0
지원2동,지원2동,19782319.0,4448.0,0.0,19782319.0,4448.0,100.0
지저동,지저동,23962796.0,4895.0,0.0,23962796.0,4895.0,100.0
지정면,지정면,57618638.0,7591.0,0.0,56605160.0,7524.0,98.2
지정면,지정면,57618638.0,7591.0,0.0,1013478.0,1007.0,1.8
지좌동,지좌동,22486720.0,4742.0,0.0,22486720.0,4742.0,100.0
지천면,지천면,9052043.0,3009.0,0.0,9052043.0,3009.0,100.0
지평면,지평면,14623273.0,3824.0,0.0,14623273.0,3824.0,100.0
지품면,지품면,3100566.0,1761.0,0.0,3100566.0,1761.0,100.0
지현동,지현동,22143810.0,4706.0,0.0,22143810.0,4706.0,100.0
직산읍,직산읍,36545204.0,6045.0,0.0,36545204.0,6045.0,100.0
진건읍,진건읍,53765187.0,7332.0,0.0,53765187.0,7332.0,100.0
진관동,진관동,114505240.0,10701.0,0.1,114505240.0,10701.0,100.0
진교면,진교면,7420427.0,2724.0,0.0,7420427.0,2724.0,100.0
진도읍,진도읍,28895688.0,5375.0,0.0,28895688.0,5375.0,100.0
진동면,진동면,24027507.0,4902.0,0.0,296219.0,544.0,1.2
진동면,진동면,24027507.0,4902.0,0.0,23731288.0,4871.0,98.8
진량읍,진량읍,74820210.0,8650.0,0.1,74820210.0,8650.0,100.0
진례면,진례면,28282278.0,5318.0,0.0,28282278.0,5318.0,100.0
진미동,진미동,45613218.0,6754.0,0.0,45613218.0,6754.0,100.0
진보면,진보면,15845106.0,3981.0,0.0,15845106.0,3981.0,100.0
진봉면,진봉면,3034986.0,1742.0,0.0,3034986.0,1742.0,100.0
진부면,진부면,18857906.0,4343.0,0.0,18857906.0,4343.0,100.0
진북동,진북동,28868304.0,5373.0,0.0,28868304.0,5373.0,100.0
진북면,진북면,14121258.0,3758.0,0.0,14121258.0,3758.0,100.0
진산면,진산면,5804806.0,2409.0,0.0,5804806.0,2409.0,100.0
진상면,진상면,4205604.0,2051.0,0.0,4205604.0,2051.0,100.0
진서면,진서면,6698724.0,2588.0,0.0,176774.0,420.0,2.6
진서면,진서면,6698724.0,2588.0,0.0,6521949.0,2554.0,97.4
진성면,진성면,5074408.0,2253.0,0.0,5074408.0,2253.0,100.0
진안동,진안동,80423696.0,8968.0,0.1,80423696.0,8968.0,100.0
진안읍,진안읍,18611026.0,4314.0,0.0,18611026.0,4314.0,100.0
진영읍,진영읍,100730119.0,10036.0,0.1,100730119.0,10036.0,100.0
진원면,진원면,3332791.0,1826.0,0.0,3332791.0,1826.0,100.0
진월동,진월동,20695843.0,4549.0,0.0,20695843.0,4549.0,100.0
진월면,진월면,5137825.0,2267.0,0.0,5137825.0,2267.0,100.0
진위면,진위면,22782011.0,4773.0,0.0,22782011.0,4773.0,100.0
진잠동,진잠동,50242112.0,7088.0,0.0,50242112.0,7088.0,100.0
진전면,진전면,6750639.0,2598.0,0.0,6750639.0,2598.0,100.0
진접읍,진접읍,167517973.0,12943.0,0.1,167517973.0,12943.0,100.0
진천동,진천동,137971144.0,11746.0,0.1,137971144.0,11746.0,100.0
진천읍,진천읍,77653888.0,8812.0,0.1,77653888.0,8812.0,100.0
집현면,집현면,6584372.0,2566.0,0.0,6584372.0,2566.0,100.0
차황면,차황면,1852081.0,1361.0,0.0,1852081.0,1361.0,100.0
창1동,창1동,40492732.0,6363.0,0.0,40492732.0,6363.0,100.0
창2동,창2동,46630871.0,6829.0,0.0,46630871.0,6829.0,100.0
창3동,창3동,18493384.0,4300.0,0.0,18493384.0,4300.0,100.0
창4동,창4동,68025440.0,8248.0,0.1,68025440.0,8248.0,100.0
창5동,창5동,47285892.0,6876.0,0.0,47285892.0,6876.0,100.0
창녕읍,창녕읍,45082919.0,6714.0,0.0,45082919.0,6714.0,100.0
창릉동,창릉동,86986270.0,9327.0,0.1,86986270.0,9327.0,100.0
창선면,창선면,6229436.0,2496.0,0.0,6229436.0,2496.0,100.0
창수면,창수면,6956610.0,2638.0,0.0,2445219.0,1564.0,35.1
창수면,창수면,6956610.0,2638.0,0.0,4511392.0,2124.0,64.9
창신1동,창신1동,25533893.0,5053.0,0.0,25533893.0,5053.0,100.0
창신2동,창신2동,17531969.0,4187.0,0.0,17531969.0,4187.0,100.0
창신3동,창신3동,9178362.0,3030.0,0.0,9178362.0,3030.0,100.0
창전동,창전동,105540603.0,10273.0,0.1,105540603.0,10273.0,100.0
창평면,창평면,7169054.0,2678.0,0.0,7169054.0,2678.0,100.0
채운면,채운면,5421871.0,2328.0,0.0,5421871.0,2328.0,100.0
천곡동,천곡동,95750039.0,9785.0,0.1,95750039.0,9785.0,100.0
천북면,천북면,42512418.0,6520.0,0.0,38017472.0,6166.0,89.4
천북면,천북면,42512418.0,6520.0,0.0,4494945.0,2120.0,10.6
천연동,천연동,24225684.0,4922.0,0.0,24225684.0,4922.0,100.0
천전동,천전동,80133260.0,8952.0,0.1,80133260.0,8952.0,100.0
천지동,천지동,14759238.0,3842.0,0.0,14759238.0,3842.0,100.0
천천면,천천면,2558202.0,1599.0,0.0,2558202.0,1599.0,100.0
천현동,천현동,59569097.0,7718.0,0.0,59569097.0,7718.0,100.0
천호1동,천호1동,77007504.0,8775.0,0.1,77007504.0,8775.0,100.0
천호2동,천호2동,91744562.0,9578.0,0.1,91744562.0,9578.0,100.0
천호3동,천호3동,66207281.0,8137.0,0.1,66207281.0,8137.0,100.0
철마면,철마면,9558378.0,3092.0,0.0,9558378.0,3092.0,100.0
철산1동,철산1동,12099521.0,3478.0,0.0,12099521.0,3478.0,100.0
철산2동,철산2동,18159729.0,4261.0,0.0,18159729.0,4261.0,100.0
철산3동,철산3동,96958806.0,9847.0,0.1,96958806.0,9847.0,100.0
철산4동,철산4동,17917616.0,4233.0,0.0,17917616.0,4233.0,100.0
철암동,철암동,5233333.0,2288.0,0.0,5233333.0,2288.0,100.0
철원읍,철원읍,10548604.0,3248.0,0.0,10548604.0,3248.0,100.0
첨단1동,첨단1동,54110567.0,7356.0,0.0,54110567.0,7356.0,100.0
첨단2동,첨단2동,110398172.0,10507.0,0.1,110398172.0,10507.0,100.0
청계동,청계동,61306606.0,7830.0,0.0,61306606.0,7830.0,100.0
청계면,청계면,14366912.0,3790.0,0.0,14366912.0,3790.0,100.0
청구동,청구동,22480444.0,4741.0,0.0,22480444.0,4741.0,100.0
청기면,청기면,1880025.0,1371.0,0.0,1880025.0,1371.0,100.0
청남면,청남면,2072063.0,1439.0,0.0,2072063.0,1439.0,100.0
청담동,청담동,126420052.0,11244.0,0.1,126420052.0,11244.0,100.0
청덕면,청덕면,1108530.0,1053.0,0.0,1108530.0,1053.0,100.0
청도면,청도면,1873308.0,1369.0,0.0,1873308.0,1369.0,100.0
청도읍,청도읍,28238329.0,5314.0,0.0,28238329.0,5314.0,100.0
청라1동,청라1동,123376407.0,11107.0,0.1,123376407.0,11107.0,100.0
청라2동,청라2동,95628302.0,9779.0,0.1,95628302.0,9779.0,100.0
청라3동,청라3동,57431017.0,7578.0,0.0,57431017.0,7578.0,100.0
청라면,청라면,9290376.0,3048.0,0.0,9290376.0,3048.0,100.0
청량리동,청량리동,35398150.0,5950.0,0.0,35398150.0,5950.0,100.0
청량읍,청량읍,21631558.0,4651.0,0.0,21631558.0,4651.0,100.0
청룡노포동,청룡노포동,27123516.0,5208.0,0.0,27123516.0,5208.0,100.0
청룡동,청룡동,174084323.0,13194.0,0.1,78786113.0,8876.0,45.3
청룡동,청룡동,174084323.0,13194.0,0.1,95298210.0,9762.0,54.7
청리면,청리면,6192966.0,2489.0,0.0,6192966.0,2489.0,100.0
청림동,청림동,32956126.0,5741.0,0.0,8075242.0,2842.0,24.5
청림동,청림동,32956126.0,5741.0,0.0,24880884.0,4988.0,75.5
청북읍,청북읍,42467845.0,6517.0,0.0,42467845.0,6517.0,100.0
청산면,청산면,23124286.0,4809.0,0.0,5153323.0,2270.0,22.3
청산면,청산면,23124286.0,4809.0,0.0,4634441.0,2153.0,20.0
청산면,청산면,23124286.0,4809.0,0.0,13336522.0,3652.0,57.7
청성면,청성면,3252242.0,1803.0,0.0,3252242.0,1803.0,100.0
청소면,청소면,4810407.0,2193.0,0.0,4810407.0,2193.0,100.0
청송읍,청송읍,19345375.0,4398.0,0.0,19345375.0,4398.0,100.0
청안면,청안면,3923661.0,1981.0,0.0,3923661.0,1981.0,100.0
청암면,청암면,1677137.0,1295.0,0.0,1677137.0,1295.0,100.0
청양읍,청양읍,31369450.0,5601.0,0.0,31369450.0,5601.0,100.0
청운면,청운면,5843369.0,2417.0,0.0,5843369.0,2417.0,100.0
청운효자동,청운효자동,34469068.0,5871.0,0.0,34469068.0,5871.0,100.0
청웅면,청웅면,1372735.0,1172.0,0.0,1372735.0,1172.0,100.0
청일면,청일면,2668631.0,1634.0,0.0,2668631.0,1634.0,100.0
청전동,청전동,35859138.0,5988.0,0.0,35859138.0,5988.0,100.0
청천1동,청천1동,16733244.0,4091.0,0.0,16733244.0,4091.0,100.0
청천2동,청천2동,78911280.0,8883.0,0.1,78911280.0,8883.0,100.0
청천면,청천면,5624094.0,2372.0,0.0,5624094.0,2372.0,100.0
청통면,청통면,7067851.0,2659.0,0.0,7067851.0,2659.0,100.0
청파동,청파동,54823450.0,7404.0,0.0,54823450.0,7404.0,100.0
청평면,청평면,31743425.0,5634.0,0.0,31743425.0,5634.0,100.0
청풍면,청풍면,4319024.0,2078.0,0.0,3456019.0,1859.0,80.0
청풍면,청풍면,4319024.0,2078.0,0.0,863006.0,929.0,20.0
청하면,청하면,18759696.0,4331.0,0.0,2599972.0,1612.0,13.9
청하면,청하면,18759696.0,4331.0,0.0,16159724.0,4020.0,86.1
청학1동,청학1동,12105698.0,3479.0,0.0,12105698.0,3479.0,100.0
청학2동,청학2동,30302041.0,5505.0,0.0,30302041.0,5505.0,100.0
청학동,청학동,51341532.0,7165.0,0.0,51341532.0,7165.0,100.0
청호동,청호동,20626886.0,4542.0,0.0,20626886.0,4542.0,100.0
초계면,초계면,5966678.0,2443.0,0.0,5966678.0,2443.0,100.0
초당동,초당동,32725140.0,5721.0,0.0,32725140.0,5721.0,100.0
초동면,초동면,4233982.0,2058.0,0.0,4233982.0,2058.0,100.0
초량1동,초량1동,9006459.0,3001.0,0.0,9006459.0,3001.0,100.0
초량2동,초량2동,30362311.0,5510.0,0.0,30362311.0,5510.0,100.0
초량3동,초량3동,31756949.0,5635.0,0.0,31756949.0,5635.0,100.0
초량6동,초량6동,3521340.0,1877.0,0.0,3521340.0,1877.0,100.0
초산동,초산동,25801752.0,5080.0,0.0,25801752.0,5080.0,100.0
초월읍,초월읍,94388462.0,9715.0,0.1,94388462.0,9715.0,100.0
초읍동,초읍동,51846924.0,7200.0,0.0,51846924.0,7200.0,100.0
초이동,초이동,12448933.0,3528.0,0.0,12448933.0,3528.0,100.0
초장동,초장동,62934826.0,7933.0,0.0,10948592.0,3309.0,17.4
초장동,초장동,62934826.0,7933.0,0.0,51986235.0,7210.0,82.6
초전면,초전면,8753899.0,2959.0,0.0,8753899.0,2959.0,100.0
초지동,초지동,165737887.0,12874.0,0.1,165737887.0,12874.0,100.0
초촌면,초촌면,2155086.0,1468.0,0.0,2155086.0,1468.0,100.0
초평동,초평동,26610560.0,5159.0,0.0,26610560.0,5159.0,100.0
초평면,초평면,7106004.0,2666.0,0.0,7106004.0,2666.0,100.0
추부면,추부면,15068792.0,3882.0,0.0,15068792.0,3882.0,100.0
추자면,추자면,4744512.0,2178.0,0.0,4744512.0,2178.0,100.0
추풍령면,추풍령면,2500631.0,1581.0,0.0,2500631.0,1581.0,100.0
축동면,축동면,5165216.0,2273.0,0.0,5165216.0,2273.0,100.0
축산면,축산면,7569334.0,2751.0,0.0,7569334.0,2751.0,100.0
춘궁동,춘궁동,22611326.0,4755.0,0.0,22611326.0,4755.0,100.0
춘산면,춘산면,1474858.0,1214.0,0.0,1474858.0,1214.0,100.0
춘양면,춘양면,9548924.0,3090.0,0.0,6297550.0,2509.0,66.0
춘양면,춘양면,9548924.0,3090.0,0.0,3251374.0,1803.0,34.0
춘의동,춘의동,29747221.0,5454.0,0.0,17794514.0,4218.0,59.8
춘의동,춘의동,29747221.0,5454.0,0.0,11952706.0,3457.0,40.2
춘포면,춘포면,9305135.0,3050.0,0.0,9305135.0,3050.0,100.0
충무공동,충무공동,46572729.0,6824.0,0.0,46572729.0,6824.0,100.0
충무동,충무동,82108362.0,9061.0,0.1,42172865.0,6494.0,51.4
충무동,충무동,82108362.0,9061.0,0.1,17340858.0,4164.0,21.1
충무동,충무동,82108362.0,9061.0,0.1,22594638.0,4753.0,27.5
충장동,충장동,67145572.0,8194.0,0.1,67145572.0,8194.0,100.0
충현동,충현동,78966776.0,8886.0,0.1,78966776.0,8886.0,100.0
충화면,충화면,1803739.0,1343.0,0.0,1803739.0,1343.0,100.0
충훈동,충훈동,5243396.0,2290.0,0.0,5243396.0,2290.0,100.0
취암동,취암동,109512918.0,10465.0,0.1,109512918.0,10465.0,100.0
치평동,치평동,123993432.0,11135.0,0.1,123993432.0,11135.0,100.0
칠곡면,칠곡면,2069742.0,1439.0,0.0,2069742.0,1439.0,100.0
칠금.금릉동,칠금.금릉동,112351799.0,10600.0,0.1,112351799.0,10600.0,100.0
칠량면,칠량면,3348432.0,1830.0,0.0,3348432.0,1830.0,100.0
칠보면,칠보면,4476731.0,2116.0,0.0,4476731.0,2116.0,100.0
칠북면,칠북면,2571366.0,1604.0,0.0,2571366.0,1604.0,100.0
칠산서부동,칠산서부동,30159160.0,5492.0,0.0,30159160.0,5492.0,100.0
칠서면,칠서면,10537432.0,3246.0,0.0,10537432.0,3246.0,100.0
칠성동,칠성동,66913707.0,8180.0,0.1,66913707.0,8180.0,100.0
칠성면,칠성면,6681549.0,2585.0,0.0,6681549.0,2585.0,100.0
칠원읍,칠원읍,22806242.0,4776.0,0.0,22806242.0,4776.0,100.0
침산1동,침산1동,17040272.0,4128.0,0.0,17040272.0,4128.0,100.0
침산2동,침산2동,33453640.0,5784.0,0.0,33453640.0,5784.0,100.0
침산3동,침산3동,20290722.0,4505.0,0.0,20290722.0,4505.0,100.0
탄방동,탄방동,126871164.0,11264.0,0.1,126871164.0,11264.0,100.0
탄벌동,탄벌동,50193500.0,7085.0,0.0,50193500.0,7085.0,100.0
탄부면,탄부면,2528404.0,1590.0,0.0,2528404.0,1590.0,100.0
탄천면,탄천면,4115769.0,2029.0,0.0,4115769.0,2029.0,100.0
탄현1동,탄현1동,58829669.0,7670.0,0.0,58829669.0,7670.0,100.0
탄현2동,탄현2동,12864912.0,3587.0,0.0,12864912.0,3587.0,100.0
탄현동,탄현동,38377300.0,6195.0,0.0,38377300.0,6195.0,100.0
탄현면,탄현면,55640868.0,7459.0,0.0,55640868.0,7459.0,100.0
탑대성동,탑대성동,20305764.0,4506.0,0.0,20305764.0,4506.0,100.0
탕정면,탕정면,65714016.0,8106.0,0.1,65714016.0,8106.0,100.0
태백동,태백동,7696910.0,2774.0,0.0,7696910.0,2774.0,100.0
태안읍,태안읍,102166816.0,10108.0,0.1,102166816.0,10108.0,100.0
태인동,태인동,7508886.0,2740.0,0.0,7508886.0,2740.0,100.0
태인면,태인면,7772782.0,2788.0,0.0,7772782.0,2788.0,100.0
태장1동,태장1동,28995512.0,5385.0,0.0,28995512.0,5385.0,100.0
태장2동,태장2동,42162180.0,6493.0,0.0,42162180.0,6493.0,100.0
태장동,태장동,12255176.0,3501.0,0.0,12255176.0,3501.0,100.0
태전1동,태전1동,43571983.0,6601.0,0.0,43571983.0,6601.0,100.0
태전2동,태전2동,76778443.0,8762.0,0.1,76778443.0,8762.0,100.0
태평1동,태평1동,53292376.0,7300.0,0.0,22445430.0,4738.0,42.1
태평1동,태평1동,53292376.0,7300.0,0.0,30846946.0,5554.0,57.9
태평2동,태평2동,61540500.0,7845.0,0.0,36200283.0,6017.0,58.8
태평2동,태평2동,61540500.0,7845.0,0.0,25340217.0,5034.0,41.2
태평3동,태평3동,32713054.0,5720.0,0.0,32713054.0,5720.0,100.0
태평4동,태평4동,17427690.0,4175.0,0.0,17427690.0,4175.0,100.0
태평동,태평동,848659.0,921.0,0.0,848659.0,921.0,100.0
태화동,태화동,121277240.0,11013.0,0.1,48893621.0,6992.0,40.3
태화동,태화동,121277240.0,11013.0,0.1,72383619.0,8508.0,59.7
토성면,토성면,23069865.0,4803.0,0.0,23069865.0,4803.0,100.0
토지면,토지면,4423164.0,2103.0,0.0,4423164.0,2103.0,100.0
통복동,통복동,17740996.0,4212.0,0.0,17740996.0,4212.0,100.0
통진읍,통진읍,74386872.0,8625.0,0.1,74386872.0,8625.0,100.0
퇴계동,퇴계동,162157835.0,12734.0,0.1,162157835.0,12734.0,100.0
퇴계원면,퇴계원면,12065904.0,3474.0,0.0,12065904.0,3474.0,100.0
퇴계원읍,퇴계원읍,49307125.0,7022.0,0.0,49307125.0,7022.0,100.0
퇴촌면,퇴촌면,27416630.0,5236.0,0.0,27416630.0,5236.0,100.0
파동,파동,22079648.0,4699.0,0.0,22079648.0,4699.0,100.0
파장동,파장동,69506073.0,8337.0,0.1,69506073.0,8337.0,100.0
파주읍,파주읍,32174366.0,5672.0,0.0,32174366.0,5672.0,100.0
파천면,파천면,3456796.0,1859.0,0.0,3456796.0,1859.0,100.0
파평면,파평면,10918215.0,3304.0,0.0,10918215.0,3304.0,100.0
판교동,판교동,50361412.0,7097.0,0.0,50361412.0,7097.0,100.0
판교면,판교면,3370406.0,1836.0,0.0,3370406.0,1836.0,100.0
판문동,판문동,43022802.0,6559.0,0.0,43022802.0,6559.0,100.0
판부면,판부면,33790533.0,5813.0,0.0,33790533.0,5813.0,100.0
판암1동,판암1동,20192620.0,4494.0,0.0,20192620.0,4494.0,100.0
판암2동,판암2동,12494822.0,3535.0,0.0,12494822.0,3535.0,100.0
팔금면,팔금면,1949122.0,1396.0,0.0,1949122.0,1396.0,100.0
팔덕면,팔덕면,2788002.0,1670.0,0.0,2788002.0,1670.0,100.0
팔룡동,팔룡동,124534781.0,11160.0,0.1,124534781.0,11160.0,100.0
팔복동,팔복동,34728690.0,5893.0,0.0,34728690.0,5893.0,100.0
팔봉동,팔봉동,51546348.0,7180.0,0.0,51546348.0,7180.0,100.0
팔봉면,팔봉면,6728970.0,2594.0,0.0,6728970.0,2594.0,100.0
팔탄면,팔탄면,52976763.0,7279.0,0.0,52976763.0,7279.0,100.0
팽성읍,팽성읍,70675644.0,8407.0,0.1,70675644.0,8407.0,100.0
평거동,평거동,69612448.0,8343.0,0.1,69612448.0,8343.0,100.0
평내동,평내동,111301967.0,10550.0,0.1,111301967.0,10550.0,100.0
평동,평동,96951362.0,9846.0,0.1,29655325.0,5446.0,30.6
평동,평동,96951362.0,9846.0,0.1,67296036.0,8203.0,69.4
평리1동,평리1동,9258102.0,3043.0,0.0,9258102.0,3043.0,100.0
평리2동,평리2동,11273626.0,3358.0,0.0,11273626.0,3358.0,100.0
평리3동,평리3동,25146986.0,5015.0,0.0,25146986.0,5015.0,100.0
평리4동,평리4동,28881720.0,5374.0,0.0,28881720.0,5374.0,100.0
평리5동,평리5동,12940431.0,3597.0,0.0,12940431.0,3597.0,100.0
평리6동,평리6동,7236180.0,2690.0,0.0,7236180.0,2690.0,100.0
평산동,평산동,65053916.0,8066.0,0.1,65053916.0,8066.0,100.0
평안동,평안동,49648680.0,7046.0,0.0,49648680.0,7046.0,100.0
평은면,평은면,2944179.0,1716.0,0.0,2944179.0,1716.0,100.0
평창동,평창동,24812666.0,4981.0,0.0,24812666.0,4981.0,100.0
평창읍,평창읍,27017904.0,5198.0,0.0,27017904.0,5198.0,100.0
평촌동,평촌동,28921424.0,5378.0,0.0,28921424.0,5378.0,100.0
평해읍,평해읍,5712644.0,2390.0,0.0,5712644.0,2390.0,100.0
평화1동,평화1동,19389720.0,4403.0,0.0,19389720.0,4403.0,100.0
평화2동,평화2동,102210056.0,10110.0,0.1,102210056.0,10110.0,100.0
평화남산동,평화남산동,27725750.0,5266.0,0.0,27725750.0,5266.0,100.0
평화동,평화동,31628506.0,5624.0,0.0,13647672.0,3694.0,43.1
평화동,평화동,31628506.0,5624.0,0.0,17980834.0,4240.0,56.9
포곡읍,포곡읍,64455090.0,8028.0,0.1,64455090.0,8028.0,100.0
포남1동,포남1동,68379798.0,8269.0,0.1,68379798.0,8269.0,100.0
포남2동,포남2동,115733324.0,10758.0,0.1,115733324.0,10758.0,100.0
포두면,포두면,6674024.0,2583.0,0.0,6674024.0,2583.0,100.0
포승읍,포승읍,61607511.0,7849.0,0.0,61607511.0,7849.0,100.0
포천동,포천동,74744428.0,8645.0,0.1,74744428.0,8645.0,100.0
표선면,표선면,37695049.0,6140.0,0.0,37695049.0,6140.0,100.0
풍각면,풍각면,7234318.0,2690.0,0.0,7234318.0,2690.0,100.0
풍기읍,풍기읍,30118186.0,5488.0,0.0,30118186.0,5488.0,100.0
풍남동,풍남동,41291632.0,6426.0,0.0,41291632.0,6426.0,100.0
풍납1동,풍납1동,27964846.0,5288.0,0.0,27964846.0,5288.0,100.0
풍납2동,풍납2동,79206880.0,8900.0,0.1,79206880.0,8900.0,100.0
풍덕동,풍덕동,57022854.0,7551.0,0.0,57022854.0,7551.0,100.0
풍덕천1동,풍덕천1동,155247438.0,12460.0,0.1,155247438.0,12460.0,100.0
풍덕천2동,풍덕천2동,92833640.0,9635.0,0.1,92833640.0,9635.0,100.0
풍무동,풍무동,60750155.0,7794.0,0.0,60750155.0,7794.0,100.0
풍산동,풍산동,108361397.0,10410.0,0.1,77355964.0,8795.0,71.4
풍산동,풍산동,108361397.0,10410.0,0.1,31005432.0,5568.0,28.6
풍산면,풍산면,1500107.0,1225.0,0.0,1500107.0,1225.0,100.0
풍산읍,풍산읍,22895862.0,4785.0,0.0,22895862.0,4785.0,100.0
풍세면,풍세면,12453682.0,3529.0,0.0,12453682.0,3529.0,100.0
풍암동,풍암동,84088728.0,9170.0,0.1,84088728.0,9170.0,100.0
풍양면,풍양면,7692986.0,2774.0,0.0,2930088.0,1712.0,38.1
풍양면,풍양면,7692986.0,2774.0,0.0,4762898.0,2182.0,61.9
풍천면,풍천면,13354156.0,3654.0,0.0,13354156.0,3654.0,100.0
풍향동,풍향동,6152832.0,2480.0,0.0,6152832.0,2480.0,100.0
풍호동,풍호동,35708452.0,5976.0,0.0,35708452.0,5976.0,100.0
필동,필동,42765058.0,6539.0,0.0,42765058.0,6539.0,100.0
하계1동,하계1동,93415766.0,9665.0,0.1,93415766.0,9665.0,100.0
하계2동,하계2동,32988753.0,5744.0,0.0,32988753.0,5744.0,100.0
하남동,하남동,118400152.0,10881.0,0.1,118400152.0,10881.0,100.0
하남면,하남면,7740565.0,2782.0,0.0,7740565.0,2782.0,100.0
하남읍,하남읍,13146242.0,3626.0,0.0,13146242.0,3626.0,100.0
하단1동,하단1동,48226706.0,6945.0,0.0,48226706.0,6945.0,100.0
하단2동,하단2동,81853838.0,9047.0,0.1,81853838.0,9047.0,100.0
하당동,하당동,82139292.0,9063.0,0.1,82139292.0,9063.0,100.0
하대동,하대동,43518083.0,6597.0,0.0,43518083.0,6597.0,100.0
하대원동,하대원동,28734622.0,5360.0,0.0,28734622.0,5360.0,100.0
하동읍,하동읍,23994747.0,4898.0,0.0,23994747.0,4898.0,100.0
하망동,하망동,34606173.0,5883.0,0.0,34606173.0,5883.0,100.0
하북면,하북면,22761557.0,4771.0,0.0,22761557.0,4771.0,100.0
하빈면,하빈면,6968336.0,2640.0,0.0,6968336.0,2640.0,100.0
하서면,하서면,3960768.0,1990.0,0.0,3960768.0,1990.0,100.0
하성면,하성면,31389642.0,5603.0,0.0,31389642.0,5603.0,100.0
하안1동,하안1동,65781625.0,8111.0,0.1,65781625.0,8111.0,100.0
하안2동,하안2동,21771886.0,4666.0,0.0,21771886.0,4666.0,100.0
하안3동,하안3동,36649806.0,6054.0,0.0,36649806.0,6054.0,100.0
하안4동,하안4동,18834056.0,4340.0,0.0,18834056.0,4340.0,100.0
하양읍,하양읍,60997097.0,7810.0,0.0,60997097.0,7810.0,100.0
하의면,하의면,2096318.0,1448.0,0.0,2096318.0,1448.0,100.0
하이면,하이면,2994064.0,1730.0,0.0,2994064.0,1730.0,100.0
하일면,하일면,2627814.0,1621.0,0.0,2627814.0,1621.0,100.0
하장면,하장면,1194494.0,1093.0,0.0,1194494.0,1093.0,100.0
하점면,하점면,10555486.0,3249.0,0.0,10555486.0,3249.0,100.0
하청면,하청면,15597886.0,3949.0,0.0,15597886.0,3949.0,100.0
학교면,학교면,4584524.0,2141.0,0.0,4584524.0,2141.0,100.0
학동,학동,27888928.0,5281.0,0.0,27888928.0,5281.0,100.0
학산면,학산면,9398910.0,3066.0,0.0,4469342.0,2114.0,47.6
학산면,학산면,9398910.0,3066.0,0.0,4929568.0,2220.0,52.4
학성동,학성동,38610068.0,6214.0,0.0,21088322.0,4592.0,54.6
학성동,학성동,38610068.0,6214.0,0.0,17521745.0,4186.0,45.4
학온동,학온동,10894636.0,3301.0,0.0,10894636.0,3301.0,100.0
학운동,학운동,23954749.0,4894.0,0.0,23954749.0,4894.0,100.0
학익1동,학익1동,75391718.0,8683.0,0.1,75391718.0,8683.0,100.0
학익2동,학익2동,36890637.0,6074.0,0.0,36890637.0,6074.0,100.0
학장동,학장동,29027530.0,5388.0,0.0,29027530.0,5388.0,100.0
학하동,학하동,33643701.0,5800.0,0.0,33643701.0,5800.0,100.0
한강로동,한강로동,135371523.0,11635.0,0.1,135371523.0,11635.0,100.0
한경면,한경면,31031486.0,5571.0,0.0,31031486.0,5571.0,100.0
한남동,한남동,74059710.0,8606.0,0.1,74059710.0,8606.0,100.0
한려동,한려동,16489816.0,4061.0,0.0,16489816.0,4061.0,100.0
한림면,한림면,29707640.0,5450.0,0.0,29707640.0,5450.0,100.0
한림읍,한림읍,77114034.0,8781.0,0.1,77114034.0,8781.0,100.0
한반도면,한반도면,3292706.0,1815.0,0.0,3292706.0,1815.0,100.0
한산면,한산면,9742534.0,3121.0,0.0,5921195.0,2433.0,60.8
한산면,한산면,9742534.0,3121.0,0.0,3821338.0,1955.0,39.2
한솔동,한솔동,44030822.0,6636.0,0.0,44030822.0,6636.0,100.0
한수면,한수면,1202996.0,1097.0,0.0,1202996.0,1097.0,100.0
한천면,한천면,2452149.0,1566.0,0.0,2452149.0,1566.0,100.0
함라면,함라면,6893436.0,2626.0,0.0,6893436.0,2626.0,100.0
함안면,함안면,4751978.0,2180.0,0.0,4751978.0,2180.0,100.0
함양읍,함양읍,47627240.0,6901.0,0.0,47627240.0,6901.0,100.0
함열읍,함열읍,22910692.0,4787.0,0.0,22910692.0,4787.0,100.0
함창읍,함창읍,12566060.0,3545.0,0.0,12566060.0,3545.0,100.0
함평읍,함평읍,18782386.0,4334.0,0.0,18782386.0,4334.0,100.0
합덕읍,합덕읍,28409314.0,5330.0,0.0,28409314.0,5330.0,100.0
합성1동,합성1동,13264836.0,3642.0,0.0,13264836.0,3642.0,100.0
합성2동,합성2동,38061989.0,6169.0,0.0,38061989.0,6169.0,100.0
합정동,합정동,56719880.0,7531.0,0.0,56719880.0,7531.0,100.0
합천읍,합천읍,39991350.0,6324.0,0.0,39991350.0,6324.0,100.0
합포동,합포동,26142686.0,5113.0,0.0,26142686.0,5113.0,100.0
항동,항동,11707927.0,3422.0,0.0,11707927.0,3422.0,100.0
해남읍,해남읍,58508628.0,7649.0,0.0,58508628.0,7649.0,100.0
해도동,해도동,37718702.0,6142.0,0.0,37718702.0,6142.0,100.0
해룡면,해룡면,124964368.0,11179.0,0.1,124964368.0,11179.0,100.0
해리면,해리면,6091631.0,2468.0,0.0,6091631.0,2468.0,100.0
해미면,해미면,26589255.0,5156.0,0.0,26589255.0,5156.0,100.0
해밀동,해밀동,12599864.0,3550.0,0.0,12599864.0,3550.0,100.0
해보면,해보면,4069695.0,2017.0,0.0,4069695.0,2017.0,100.0
해신동,해신동,9320192.0,3053.0,0.0,9320192.0,3053.0,100.0
해안동,해안동,37381166.0,6114.0,0.0,37381166.0,6114.0,100.0
해안면,해안면,2406876.0,1551.0,0.0,2406876.0,1551.0,100.0
해양동,해양동,31873698.0,5646.0,0.0,31873698.0,5646.0,100.0
해제면,해제면,5528758.0,2351.0,0.0,5528758.0,2351.0,100.0
해평면,해평면,9362794.0,3060.0,0.0,9362794.0,3060.0,100.0
행구동,행구동,64880770.0,8055.0,0.1,64880770.0,8055.0,100.0
행궁동,행궁동,46659760.0,6831.0,0.0,46659760.0,6831.0,100.0
행당1동,행당1동,61398463.0,7836.0,0.0,61398463.0,7836.0,100.0
행당2동,행당2동,35368823.0,5947.0,0.0,35368823.0,5947.0,100.0
행신1동,행신1동,47286022.0,6876.0,0.0,47286022.0,6876.0,100.0
행신2동,행신2동,56318118.0,7505.0,0.0,56318118.0,7505.0,100.0
행신3동,행신3동,27250244.0,5220.0,0.0,27250244.0,5220.0,100.0
행신4동,행신4동,18726750.0,4327.0,0.0,18726750.0,4327.0,100.0
행안면,행안면,10181560.0,3191.0,0.0,10181560.0,3191.0,100.0
행운동,행운동,45890929.0,6774.0,0.0,45890929.0,6774.0,100.0
행주동,행주동,45054156.0,6712.0,0.0,45054156.0,6712.0,100.0
향교동,향교동,32869004.0,5733.0,0.0,32869004.0,5733.0,100.0
향남읍,향남읍,183993474.0,13564.0,0.1,183993474.0,13564.0,100.0
향동,향동,19885488.0,4459.0,0.0,19885488.0,4459.0,100.0
향촌동,향촌동,15943466.0,3993.0,0.0,15943466.0,3993.0,100.0
혁신동,혁신동,52396155.0,7239.0,0.0,33284692.0,5769.0,63.5
혁신동,혁신동,52396155.0,7239.0,0.0,19111463.0,4372.0,36.5
현경면,현경면,7546816.0,2747.0,0.0,7546816.0,2747.0,100.0
현곡면,현곡면,36541102.0,6045.0,0.0,36541102.0,6045.0,100.0
현남면,현남면,6744675.0,2597.0,0.0,6744675.0,2597.0,100.0
현내면,현내면,7022484.0,2650.0,0.0,7022484.0,2650.0,100.0
현덕면,현덕면,14063378.0,3750.0,0.0,14063378.0,3750.0,100.0
현도면,현도면,5033458.0,2244.0,0.0,5033458.0,2244.0,100.0
현동,현동,20297896.0,4505.0,0.0,20297896.0,4505.0,100.0
현동면,현동면,3993692.0,1998.0,0.0,3993692.0,1998.0,100.0
현북면,현북면,8280374.0,2878.0,0.0,8280374.0,2878.0,100.0
현산면,현산면,4972810.0,2230.0,0.0,4972810.0,2230.0,100.0
현서면,현서면,2518362.0,1587.0,0.0,2518362.0,1587.0,100.0
현풍읍,현풍읍,80641554.0,8980.0,0.1,80641554.0,8980.0,100.0
형곡1동,형곡1동,47567664.0,6897.0,0.0,47567664.0,6897.0,100.0
형곡2동,형곡2동,42917290.0,6551.0,0.0,42917290.0,6551.0,100.0
혜화동,혜화동,63051096.0,7940.0,0.0,63051096.0,7940.0,100.0
호계1동,호계1동,35402742.0,5950.0,0.0,35402742.0,5950.0,100.0
호계2동,호계2동,48511074.0,6965.0,0.0,48511074.0,6965.0,100.0
호계3동,호계3동,29323914.0,5415.0,0.0,29323914.0,5415.0,100.0
호계면,호계면,4084686.0,2021.0,0.0,4084686.0,2021.0,100.0
호매실동,호매실동,35281323.0,5940.0,0.0,35281323.0,5940.0,100.0
호명면,호명면,20309524.0,4507.0,0.0,20309524.0,4507.0,100.0
호명읍,호명읍,11016408.0,3319.0,0.0,11016408.0,3319.0,100.0
호미곶면,호미곶면,5182506.0,2277.0,0.0,5182506.0,2277.0,100.0
호법면,호법면,23163332.0,4813.0,0.0,23163332.0,4813.0,100.0
호성동,호성동,42035998.0,6484.0,0.0,42035998.0,6484.0,100.0
호수동,호수동,116958860.0,10815.0,0.1,116958860.0,10815.0,100.0
호암.직동,호암.직동,54298920.0,7369.0,0.0,54298920.0,7369.0,100.0
호원1동,호원1동,74439970.0,8628.0,0.1,74439970.0,8628.0,100.0
호원2동,호원2동,74674614.0,8641.0,0.1,74674614.0,8641.0,100.0
호저면,호저면,17217627.0,4149.0,0.0,17217627.0,4149.0,100.0
호평동,호평동,133131912.0,11538.0,0.1,133131912.0,11538.0,100.0
호현동,호현동,6037776.0,2457.0,0.0,6037776.0,2457.0,100.0
홍농읍,홍농읍,14533040.0,3812.0,0.0,14533040.0,3812.0,100.0
홍도동,홍도동,17066046.0,4131.0,0.0,17066046.0,4131.0,100.0
홍동면,홍동면,7503139.0,2739.0,0.0,7503139.0,2739.0,100.0
홍북읍,홍북읍,49338296.0,7024.0,0.0,49338296.0,7024.0,100.0
홍산면,홍산면,10911446.0,3303.0,0.0,10911446.0,3303.0,100.0
홍성읍,홍성읍,99892891.0,9995.0,0.1,99892891.0,9995.0,100.0
홍은1동,홍은1동,29567926.0,5438.0,0.0,29567926.0,5438.0,100.0
홍은2동,홍은2동,52664675.0,7257.0,0.0,52664675.0,7257.0,100.0
홍제1동,홍제1동,56295442.0,7503.0,0.0,56295442.0,7503.0,100.0
홍제2동,홍제2동,19152553.0,4376.0,0.0,19152553.0,4376.0,100.0
홍제3동,홍제3동,41387538.0,6433.0,0.0,41387538.0,6433.0,100.0
홍제동,홍제동,45078159.0,6714.0,0.0,45078159.0,6714.0,100.0
홍천읍,홍천읍,80914116.0,8995.0,0.1,80914116.0,8995.0,100.0
화개면,화개면,5035082.0,2244.0,0.0,5035082.0,2244.0,100.0
화곡1동,화곡1동,68270150.0,8263.0,0.1,68270150.0,8263.0,100.0
화곡2동,화곡2동,13157354.0,3627.0,0.0,13157354.0,3627.0,100.0
화곡3동,화곡3동,40724488.0,6382.0,0.0,40724488.0,6382.0,100.0
화곡4동,화곡4동,17823025.0,4222.0,0.0,17823025.0,4222.0,100.0
화곡6동,화곡6동,48436150.0,6960.0,0.0,48436150.0,6960.0,100.0
화곡8동,화곡8동,79261942.0,8903.0,0.1,79261942.0,8903.0,100.0
화곡본동,화곡본동,49556594.0,7040.0,0.0,49556594.0,7040.0,100.0
화남면,화남면,5714306.0,2390.0,0.0,4784234.0,2187.0,83.7
화남면,화남면,5714306.0,2390.0,0.0,930072.0,964.0,16.3
화도면,화도면,11339272.0,3367.0,0.0,11339272.0,3367.0,100.0
화도읍,화도읍,198634800.0,14094.0,0.2,198634800.0,14094.0,100.0
화동면,화동면,2586084.0,1608.0,0.0,2586084.0,1608.0,100.0
화명1동,화명1동,65554713.0,8097.0,0.1,65554713.0,8097.0,100.0
화명2동,화명2동,61725772.0,7857.0,0.0,61725772.0,7857.0,100.0
화명3동,화명3동,98706100.0,9935.0,0.1,98706100.0,9935.0,100.0
화북동,화북동,104214268.0,10209.0,0.1,104214268.0,10209.0,100.0
화북면,화북면,5046254.0,2246.0,0.0,2429682.0,1559.0,48.1
화북면,화북면,5046254.0,2246.0,0.0,2616572.0,1618.0,51.9
화산동,화산동,78870284.0,8881.0,0.1,43619124.0,6604.0,55.3
화산동,화산동,78870284.0,8881.0,0.1,35251160.0,5937.0,44.7
화산면,화산면,9984653.0,3160.0,0.0,3668872.0,1915.0,36.7
화산면,화산면,9984653.0,3160.0,0.0,2210708.0,1487.0,22.1
화산면,화산면,9984653.0,3160.0,0.0,4105073.0,2026.0,41.1
화서1동,화서1동,40720162.0,6381.0,0.0,40720162.0,6381.0,100.0
화서2동,화서2동,47491994.0,6891.0,0.0,47491994.0,6891.0,100.0
화서면,화서면,4908740.0,2216.0,0.0,4908740.0,2216.0,100.0
화성면,화성면,2450784.0,1565.0,0.0,2450784.0,1565.0,100.0
화수1.화평동,화수1.화평동,8105251.0,2847.0,0.0,8105251.0,2847.0,100.0
화수2동,화수2동,10471282.0,3236.0,0.0,10471282.0,3236.0,100.0
화순읍,화순읍,98228882.0,9911.0,0.1,98228882.0,9911.0,100.0
화암면,화암면,3137404.0,1771.0,0.0,3137404.0,1771.0,100.0
화양동,화양동,93709196.0,9680.0,0.1,93709196.0,9680.0,100.0
화양면,화양면,18323445.0,4281.0,0.0,13205910.0,3634.0,72.1
화양면,화양면,18323445.0,4281.0,0.0,5117536.0,2262.0,27.9
화양읍,화양읍,21942448.0,4684.0,0.0,21942448.0,4684.0,100.0
화원면,화원면,4511360.0,2124.0,0.0,4511360.0,2124.0,100.0
화원읍,화원읍,71357951.0,8447.0,0.1,71357951.0,8447.0,100.0
화전동,화전동,32378080.0,5690.0,0.0,32378080.0,5690.0,100.0
화정1동,화정1동,122805826.0,11082.0,0.1,32641942.0,5713.0,26.6
화정1동,화정1동,122805826.0,11082.0,0.1,90163885.0,9495.0,73.4
화정2동,화정2동,143681422.0,11987.0,0.1,31027626.0,5570.0,21.6
화정2동,화정2동,143681422.0,11987.0,0.1,112653796.0,10614.0,78.4
화정3동,화정3동,18728440.0,4328.0,0.0,18728440.0,4328.0,100.0
화정4동,화정4동,31258804.0,5591.0,0.0,31258804.0,5591.0,100.0
화정동,화정동,29844878.0,5463.0,0.0,29844878.0,5463.0,100.0
화정면,화정면,5846498.0,2418.0,0.0,4436019.0,2106.0,75.9
화정면,화정면,5846498.0,2418.0,0.0,1410479.0,1188.0,24.1
화천읍,화천읍,24111815.0,4910.0,0.0,24111815.0,4910.0,100.0
화촌면,화촌면,7747810.0,2783.0,0.0,7747810.0,2783.0,100.0
화현면,화현면,6902382.0,2627.0,0.0,6902382.0,2627.0,100.0
환여동,환여동,28441049.0,5333.0,0.0,28441049.0,5333.0,100.0
활천동,활천동,102035528.0,10101.0,0.1,102035528.0,10101.0,100.0
황간면,황간면,9107626.0,3018.0,0.0,9107626.0,3018.0,100.0
황금1동,황금1동,43163026.0,6570.0,0.0,43163026.0,6570.0,100.0
황금2동,황금2동,32722400.0,5720.0,0.0,32722400.0,5720.0,100.0
황남동,황남동,25268646.0,5027.0,0.0,25268646.0,5027.0,100.0
황등면,황등면,18136356.0,4259.0,0.0,18136356.0,4259.0,100.0
황룡면,황룡면,9339018.0,3056.0,0.0,9339018.0,3056.0,100.0
황산면,황산면,9959414.0,3156.0,0.0,2912759.0,1707.0,29.2
황산면,황산면,9959414.0,3156.0,0.0,7046655.0,2655.0,70.8
황성동,황성동,114220614.0,10687.0,0.1,114220614.0,10687.0,100.0
황연동,황연동,20817408.0,4563.0,0.0,20817408.0,4563.0,100.0
황오동,황오동,83188444.0,9121.0,0.1,83188444.0,9121.0,100.0
황전면,황전면,5001818.0,2236.0,0.0,5001818.0,2236.0,100.0
황지동,황지동,44771622.0,6691.0,0.0,44771622.0,6691.0,100.0
황학동,황학동,21888832.0,4679.0,0.0,21888832.0,4679.0,100.0
회기동,회기동,44491926.0,6670.0,0.0,44491926.0,6670.0,100.0
회남면,회남면,516096.0,718.0,0.0,516096.0,718.0,100.0
회덕동,회덕동,33014272.0,5746.0,0.0,33014272.0,5746.0,100.0
회성동,회성동,10158663.0,3187.0,0.0,10158663.0,3187.0,100.0
회원1동,회원1동,21141354.0,4598.0,0.0,21141354.0,4598.0,100.0
회원2동,회원2동,15124638.0,3889.0,0.0,15124638.0,3889.0,100.0
회인면,회인면,2442338.0,1563.0,0.0,2442338.0,1563.0,100.0
회진면,회진면,5488038.0,2343.0,0.0,5488038.0,2343.0,100.0
회천1동,회천1동,37941666.0,6160.0,0.0,37941666.0,6160.0,100.0
회천2동,회천2동,55057684.0,7420.0,0.0,55057684.0,7420.0,100.0
회천3동,회천3동,64423272.0,8026.0,0.1,64423272.0,8026.0,100.0
회천4동,회천4동,40265757.0,6346.0,0.0,40265757.0,6346.0,100.0
회천면,회천면,7129378.0,2670.0,0.0,7129378.0,2670.0,100.0
회현동,회현동,102224346.0,10111.0,0.1,65749789.0,8109.0,64.3
회현동,회현동,102224346.0,10111.0,0.1,36474557.0,6039.0,35.7
회현면,회현면,7253988.0,2693.0,0.0,7253988.0,2693.0,100.0
회화면,회화면,6826022.0,2613.0,0.0,6826022.0,2613.0,100.0
횡성읍,횡성읍,45018922.0,6710.0,0.0,45018922.0,6710.0,100.0
횡천면,횡천면,2494933.0,1580.0,0.0,2494933.0,1580.0,100.0
효곡동,효곡동,59718698.0,7728.0,0.0,59718698.0,7728.0,100.0
효덕동,효덕동,39433618.0,6280.0,0.0,39433618.0,6280.0,100.0
효돈동,효돈동,17907362.0,4232.0,0.0,17907362.0,4232.0,100.0
효동,효동,39544876.0,6288.0,0.0,39544876.0,6288.0,100.0
효령면,효령면,5625928.0,2372.0,0.0,5625928.0,2372.0,100.0
효목1동,효목1동,32829024.0,5730.0,0.0,32829024.0,5730.0,100.0
효목2동,효목2동,55794249.0,7470.0,0.0,55794249.0,7470.0,100.0
효문동,효문동,108552574.0,10419.0,0.1,108552574.0,10419.0,100.0
효성1동,효성1동,37899362.0,6156.0,0.0,37899362.0,6156.0,100.0
효성2동,효성2동,23612333.0,4859.0,0.0,23612333.0,4859.0,100.0
효자1동,효자1동,40343807.0,6352.0,0.0,30816877.0,5551.0,76.4
효자1동,효자1동,40343807.0,6352.0,0.0,9526930.0,3087.0,23.6
효자2동,효자2동,118014144.0,10863.0,0.1,40686954.0,6379.0,34.5
효자2동,효자2동,118014144.0,10863.0,0.1,77327190.0,8794.0,65.5
효자3동,효자3동,107795916.0,10382.0,0.1,61250273.0,7826.0,56.8
효자3동,효자3동,107795916.0,10382.0,0.1,46545642.0,6822.0,43.2
효자4동,효자4동,118361212.0,10879.0,0.1,118361212.0,10879.0,100.0
효자5동,효자5동,103093949.0,10154.0,0.1,103093949.0,10154.0,100.0
효자동,효자동,16295444.0,4037.0,0.0,16295444.0,4037.0,100.0
효자면,효자면,1753682.0,1324.0,0.0,1753682.0,1324.0,100.0
효창동,효창동,16041834.0,4005.0,0.0,16041834.0,4005.0,100.0
후암동,후암동,26482498.0,5146.0,0.0,26482498.0,5146.0,100.0
후평1동,후평1동,72259842.0,8501.0,0.1,72259842.0,8501.0,100.0
후평2동,후평2동,44415424.0,6664.0,0.0,44415424.0,6664.0,100.0
후평3동,후평3동,77142216.0,8783.0,0.1,77142216.0,8783.0,100.0
후포면,후포면,17895378.0,4230.0,0.0,17895378.0,4230.0,100.0
휘경1동,휘경1동,39757109.0,6305.0,0.0,39757109.0,6305.0,100.0
휘경2동,휘경2동,41163272.0,6416.0,0.0,41163272.0,6416.0,100.0
휴천1동,휴천1동,16355070.0,4044.0,0.0,16355070.0,4044.0,100.0
휴천2동,휴천2동,33479744.0,5786.0,0.0,33479744.0,5786.0,100.0
휴천3동,휴천3동,33477101.0,5786.0,0.0,33477101.0,5786.0,100.0
휴천면,휴천면,1939514.0,1393.0,0.0,1939514.0,1393.0,100.0
흑산면,흑산면,3616333.0,1902.0,0.0,3616333.0,1902.0,100.0
흑석동,흑석동,74259304.0,8617.0,0.1,74259304.0,8617.0,100.0
흥남동,흥남동,43349635.0,6584.0,0.0,43349635.0,6584.0,100.0
흥덕면,흥덕면,7072446.0,2659.0,0.0,7072446.0,2659.0,100.0
흥도동,흥도동,75543328.0,8692.0,0.1,75543328.0,8692.0,100.0
흥선동,흥선동,35947611.0,5996.0,0.0,35947611.0,5996.0,100.0
흥업면,흥업면,36474994.0,6039.0,0.0,36474994.0,6039.0,100.0
흥천면,흥천면,8861237.0,2977.0,0.0,8861237.0,2977.0,100.0
흥해읍,흥해읍,132005976.0,11489.0,0.1,132005976.0,11489.0,100.0
