시군,연월,방문
가평군,201901,1305487.0
가평군,201902,1306735.0
가평군,201903,1579990.0
가평군,201904,1690624.0
가평군,201905,2008534.0
가평군,201906,2214390.0
가평군,201907,2574035.0
가평군,201908,3593114.0
가평군,201909,1862698.0
가평군,201910,1916862.0
가평군,201911,1694413.0
가평군,201912,1347302.0
가평군,202001,1407705.0
가평군,202002,1188288.0
가평군,202003,1452224.0
가평군,202004,1853671.0
가평군,202005,2397958.0
가평군,202006,2390419.0
가평군,202007,2926730.0
가평군,202008,2895569.0
가평군,202009,2061271.0
가평군,202010,2562368.0
가평군,202011,1891985.0
가평군,202012,1404237.0
가평군,202101,1214417.0
가평군,202102,1587202.0
가평군,202103,1595330.0
가평군,202104,2090396.0
가평군,202105,2375499.0
가평군,202106,2417775.0
가평군,202107,2628139.0
가평군,202108,3000613.0
가평군,202109,2378975.0
가평군,202110,2600308.0
가평군,202111,2091598.0
가평군,202112,1694792.0
가평군,202201,1712260.0
가평군,202202,1563295.0
가평군,202203,1565470.0
가평군,202204,2364239.0
가평군,202205,2826054.0
가평군,202206,2881407.0
가평군,202207,3472349.0
가평군,202208,3778676.0
가평군,202209,2577892.0
가평군,202210,2809112.0
가평군,202211,1974653.0
가평군,202212,1488326.0
가평군,202301,1558903.0
가평군,202302,1561902.0
가평군,202303,1884402.0
가평군,202304,2288054.0
가평군,202305,2472818.0
가평군,202306,2491557.0
가평군,202307,2846480.0
가평군,202308,3382578.0
가평군,202309,2362772.0
가평군,202310,2679415.0
가평군,202311,1726309.0
가평군,202312,1548968.0
가평군,202401,1436376.0
가평군,202402,1584887.0
가평군,202403,1765150.0
가평군,202404,2133392.0
가평군,202405,2381040.0
가평군,202406,2541713.0
가평군,202407,2482877.0
가평군,202408,3510073.0
가평군,202409,2341673.0
가평군,202410,2342320.0
가평군,202411,2001733.0
가평군,202412,1467306.0
가평군,202501,1607062.0
가평군,202502,1330691.0
가평군,202503,1825941.0
가평군,202504,1983615.0
가평군,202505,2669569.0
가평군,202506,2406441.0
가평군,202507,2688306.0
가평군,202508,3322009.0
가평군,202509,2051931.0
가평군,202510,2644120.0
가평군,202511,2019569.0
가평군,202512,1506418.0
가평군,202601,1461307.0
가평군,202602,1623502.0
가평군,202603,1699743.0
가평군,202604,2013852.0
가평군,202605,2695742.0
가평군,202606,2226514.0
가평군,202607,2601337.0
가평군,202608,3226499.0
강남구,201901,17246027.0
강남구,201902,13361409.0
강남구,201903,18073410.0
강남구,201904,14706852.0
강남구,201905,16020604.0
강남구,201906,15859982.0
강남구,201907,18096214.0
강남구,201908,17633938.0
강남구,201909,15810401.0
강남구,201910,16926384.0
강남구,201911,19235881.0
강남구,201912,18896489.0
강남구,202001,17199969.0
강남구,202002,14225061.0
강남구,202003,12221403.0
강남구,202004,14523567.0
강남구,202005,16143699.0
강남구,202006,16241490.0
강남구,202007,17758926.0
강남구,202008,14978051.0
강남구,202009,14023328.0
강남구,202010,17118650.0
강남구,202011,16155939.0
강남구,202012,12370956.0
강남구,202101,13722664.0
강남구,202102,14161525.0
강남구,202103,17556830.0
강남구,202104,15483126.0
강남구,202105,16308184.0
강남구,202106,16661825.0
강남구,202107,14630384.0
강남구,202108,14907794.0
강남구,202109,15205359.0
강남구,202110,17221830.0
강남구,202111,18186152.0
강남구,202112,16918424.0
강남구,202201,16549745.0
강남구,202202,13834524.0
강남구,202203,16592924.0
강남구,202204,18132705.0
강남구,202205,18926752.0
강남구,202206,17861069.0
강남구,202207,19334413.0
강남구,202208,18063175.0
강남구,202209,17879101.0
강남구,202210,18870068.0
강남구,202211,18562817.0
강남구,202212,18897346.0
강남구,202301,17797676.0
강남구,202302,17822727.0
강남구,202303,19294211.0
강남구,202304,17398867.0
강남구,202305,18667015.0
강남구,202306,18311327.0
강남구,202307,19379837.0
강남구,202308,18455806.0
강남구,202309,17623381.0
강남구,202310,18183203.0
강남구,202311,18514625.0
강남구,202312,18880216.0
강남구,202401,19184346.0
강남구,202402,16362575.0
강남구,202403,19457728.0
강남구,202404,17755423.0
강남구,202405,18441685.0
강남구,202406,17919468.0
강남구,202407,19142856.0
강남구,202408,17949898.0
강남구,202409,16899254.0
강남구,202410,19155196.0
강남구,202411,18454622.0
강남구,202412,18999102.0
강남구,202501,17327714.0
강남구,202502,17788461.0
강남구,202503,19186618.0
강남구,202504,18179979.0
강남구,202505,19453768.0
강남구,202506,18896430.0
강남구,202507,20744605.0
강남구,202508,19150645.0
강남구,202509,19706330.0
강남구,202510,17875780.0
강남구,202511,20540975.0
강남구,202512,20704791.0
강남구,202601,19514086.0
강남구,202602,16491571.0
강남구,202603,20391292.0
강남구,202604,18120587.0
강남구,202605,18520122.0
강남구,202606,19054984.0
강남구,202607,19030131.0
강남구,202608,18558927.0
강동구,201901,3913513.0
강동구,201902,3611277.0
강동구,201903,4558790.0
강동구,201904,3731651.0
강동구,201905,4163908.0
강동구,201906,4143481.0
강동구,201907,4497273.0
강동구,201908,4891366.0
강동구,201909,4741505.0
강동구,201910,4628102.0
강동구,201911,5039717.0
강동구,201912,4752908.0
강동구,202001,4681073.0
강동구,202002,3912231.0
강동구,202003,4000452.0
강동구,202004,4222589.0
강동구,202005,4634769.0
강동구,202006,3997543.0
강동구,202007,4224306.0
강동구,202008,3654524.0
강동구,202009,3792882.0
강동구,202010,4234162.0
강동구,202011,3838318.0
강동구,202012,3322834.0
강동구,202101,3428017.0
강동구,202102,3650173.0
강동구,202103,4460777.0
강동구,202104,3924711.0
강동구,202105,4158765.0
강동구,202106,3958671.0
강동구,202107,3767389.0
강동구,202108,3721663.0
강동구,202109,4129750.0
강동구,202110,4170798.0
강동구,202111,4081667.0
강동구,202112,3978294.0
강동구,202201,3847755.0
강동구,202202,3304446.0
강동구,202203,4031014.0
강동구,202204,4360222.0
강동구,202205,4560285.0
강동구,202206,4147955.0
강동구,202207,4317294.0
강동구,202208,4101256.0
강동구,202209,4299101.0
강동구,202210,4364469.0
강동구,202211,4122262.0
강동구,202212,4097062.0
강동구,202301,3994413.0
강동구,202302,3887949.0
강동구,202303,4483667.0
강동구,202304,3976918.0
강동구,202305,4395248.0
강동구,202306,4131079.0
강동구,202307,4213103.0
강동구,202308,4219341.0
강동구,202309,4213752.0
강동구,202310,4264657.0
강동구,202311,4012435.0
강동구,202312,4217568.0
강동구,202401,4039722.0
강동구,202402,3975718.0
강동구,202403,4694703.0
강동구,202404,4154447.0
강동구,202405,4404392.0
강동구,202406,4198510.0
강동구,202407,4272783.0
강동구,202408,4352213.0
강동구,202409,4326581.0
강동구,202410,4605044.0
강동구,202411,4212901.0
강동구,202412,4594315.0
강동구,202501,4399012.0
강동구,202502,4237477.0
강동구,202503,5013295.0
강동구,202504,4500687.0
강동구,202505,5405721.0
강동구,202506,4822151.0
강동구,202507,4987171.0
강동구,202508,4880376.0
강동구,202509,4733936.0
강동구,202510,4917713.0
강동구,202511,4874974.0
강동구,202512,4941536.0
강동구,202601,4645133.0
강동구,202602,4444564.0
강동구,202603,5239792.0
강동구,202604,4506969.0
강동구,202605,4987387.0
강동구,202606,4716371.0
강동구,202607,4833869.0
강동구,202608,4871129.0
강릉시,201901,2529722.0
강릉시,201902,2541596.0
강릉시,201903,2735350.0
강릉시,201904,2015462.0
강릉시,201905,2294427.0
강릉시,201906,2495856.0
강릉시,201907,2886280.0
강릉시,201908,4343024.0
강릉시,201909,2752343.0
강릉시,201910,2476660.0
강릉시,201911,2429408.0
강릉시,201912,2637785.0
강릉시,202001,3223308.0
강릉시,202002,1931524.0
강릉시,202003,1956155.0
강릉시,202004,2138132.0
강릉시,202005,2773554.0
강릉시,202006,2703952.0
강릉시,202007,3309239.0
강릉시,202008,3731388.0
강릉시,202009,2226340.0
강릉시,202010,2949044.0
강릉시,202011,2302359.0
강릉시,202012,1968619.0
강릉시,202101,1894908.0
강릉시,202102,2386268.0
강릉시,202103,2161616.0
강릉시,202104,2224714.0
강릉시,202105,2593092.0
강릉시,202106,2628991.0
강릉시,202107,2832909.0
강릉시,202108,3051795.0
강릉시,202109,2698787.0
강릉시,202110,2869171.0
강릉시,202111,2465652.0
강릉시,202112,2631135.0
강릉시,202201,2975257.0
강릉시,202202,2452971.0
강릉시,202203,2297665.0
강릉시,202204,3006683.0
강릉시,202205,3040091.0
강릉시,202206,2984766.0
강릉시,202207,3545681.0
강릉시,202208,4023154.0
강릉시,202209,2971479.0
강릉시,202210,3315760.0
강릉시,202211,2599321.0
강릉시,202212,2526094.0
강릉시,202301,2874540.0
강릉시,202302,2717059.0
강릉시,202303,2997592.0
강릉시,202304,2637828.0
강릉시,202305,2783909.0
강릉시,202306,2833662.0
강릉시,202307,3115846.0
강릉시,202308,3595883.0
강릉시,202309,2887335.0
강릉시,202310,2902647.0
강릉시,202311,2236155.0
강릉시,202312,2627612.0
강릉시,202401,2674625.0
강릉시,202402,2603264.0
강릉시,202403,2663660.0
강릉시,202404,2446378.0
강릉시,202405,2759043.0
강릉시,202406,2919379.0
강릉시,202407,2973705.0
강릉시,202408,3831460.0
강릉시,202409,2861238.0
강릉시,202410,2737118.0
강릉시,202411,2324625.0
강릉시,202412,2438844.0
강릉시,202501,3019206.0
강릉시,202502,2303350.0
강릉시,202503,2561434.0
강릉시,202504,2291049.0
강릉시,202505,3197507.0
강릉시,202506,2925481.0
강릉시,202507,3377531.0
강릉시,202508,4089684.0
강릉시,202509,2226060.0
강릉시,202510,3178887.0
강릉시,202511,2533828.0
강릉시,202512,2665084.0
강릉시,202601,2883546.0
강릉시,202602,2865550.0
강릉시,202603,2566989.0
강릉시,202604,2480436.0
강릉시,202605,3191114.0
강릉시,202606,2810910.0
강릉시,202607,3335312.0
강릉시,202608,3967016.0
강북구,201901,2588330.0
강북구,201902,2530269.0
강북구,201903,3082174.0
강북구,201904,2471559.0
강북구,201905,2768336.0
강북구,201906,2695786.0
강북구,201907,2955563.0
강북구,201908,3382129.0
강북구,201909,3050306.0
강북구,201910,2861199.0
강북구,201911,3075975.0
강북구,201912,2920356.0
강북구,202001,2856405.0
강북구,202002,2323372.0
강북구,202003,2282011.0
강북구,202004,2359862.0
강북구,202005,2677999.0
강북구,202006,2360790.0
강북구,202007,2610214.0
강북구,202008,2302523.0
강북구,202009,2255035.0
강북구,202010,2689399.0
강북구,202011,2306048.0
강북구,202012,1903817.0
강북구,202101,1990539.0
강북구,202102,2161737.0
강북구,202103,2522727.0
강북구,202104,2229091.0
강북구,202105,2457551.0
강북구,202106,2340363.0
강북구,202107,2231126.0
강북구,202108,2206797.0
강북구,202109,2485769.0
강북구,202110,2443784.0
강북구,202111,2442514.0
강북구,202112,2308657.0
강북구,202201,2368609.0
강북구,202202,2111796.0
강북구,202203,2447744.0
강북구,202204,2679953.0
강북구,202205,2914792.0
강북구,202206,2618206.0
강북구,202207,2803299.0
강북구,202208,2644861.0
강북구,202209,2879280.0
강북구,202210,2819591.0
강북구,202211,2587644.0
강북구,202212,2632802.0
강북구,202301,2669476.0
강북구,202302,2436651.0
강북구,202303,2952330.0
강북구,202304,2584340.0
강북구,202305,2772091.0
강북구,202306,2645897.0
강북구,202307,2757632.0
강북구,202308,2708337.0
강북구,202309,2920053.0
강북구,202310,2833746.0
강북구,202311,2607303.0
강북구,202312,2839607.0
강북구,202401,2621400.0
강북구,202402,2727002.0
강북구,202403,3050643.0
강북구,202404,2539474.0
강북구,202405,2860766.0
강북구,202406,2647325.0
강북구,202407,2610342.0
강북구,202408,2780334.0
강북구,202409,2855258.0
강북구,202410,3026996.0
강북구,202411,2809513.0
강북구,202412,2769481.0
강북구,202501,2768780.0
강북구,202502,2485104.0
강북구,202503,3108731.0
강북구,202504,2733931.0
강북구,202505,3236816.0
강북구,202506,2873532.0
강북구,202507,3109816.0
강북구,202508,2976316.0
강북구,202509,2892467.0
강북구,202510,3225706.0
강북구,202511,2944354.0
강북구,202512,2963719.0
강북구,202601,2759466.0
강북구,202602,2776196.0
강북구,202603,3198541.0
강북구,202604,2721025.0
강북구,202605,3150440.0
강북구,202606,2781014.0
강북구,202607,2790795.0
강북구,202608,2903200.0
강서구,201901,7620342.0
강서구,201902,7343096.0
강서구,201903,8822982.0
강서구,201904,7336402.0
강서구,201905,7835064.0
강서구,201906,7640078.0
강서구,201907,8441955.0
강서구,201908,8856541.0
강서구,201909,8487664.0
강서구,201910,8761964.0
강서구,201911,9139019.0
강서구,201912,8777430.0
강서구,202001,8517324.0
강서구,202002,6611857.0
강서구,202003,6312548.0
강서구,202004,6762488.0
강서구,202005,7658390.0
강서구,202006,7278203.0
강서구,202007,7933468.0
강서구,202008,7493858.0
강서구,202009,7136713.0
강서구,202010,8500206.0
강서구,202011,8503201.0
강서구,202012,6758489.0
강서구,202101,6758249.0
강서구,202102,7687620.0
강서구,202103,9121261.0
강서구,202104,8287506.0
강서구,202105,9035424.0
강서구,202106,8585824.0
강서구,202107,8357352.0
강서구,202108,8195962.0
강서구,202109,8643786.0
강서구,202110,9415621.0
강서구,202111,9002763.0
강서구,202112,8601527.0
강서구,202201,8783034.0
강서구,202202,7634778.0
강서구,202203,8667107.0
강서구,202204,9607669.0
강서구,202205,10133069.0
강서구,202206,9426205.0
강서구,202207,10013319.0
강서구,202208,10069632.0
강서구,202209,9996073.0
강서구,202210,10431979.0
강서구,202211,9480240.0
강서구,202212,9480865.0
강서구,202301,9677636.0
강서구,202302,9119240.0
강서구,202303,10225694.0
강서구,202304,9586403.0
강서구,202305,10390073.0
강서구,202306,9917845.0
강서구,202307,10312563.0
강서구,202308,10233294.0
강서구,202309,10183747.0
강서구,202310,10344217.0
강서구,202311,9715693.0
강서구,202312,10044465.0
강서구,202401,9952303.0
강서구,202402,9657059.0
강서구,202403,10919464.0
강서구,202404,10085283.0
강서구,202405,10578844.0
강서구,202406,10101891.0
강서구,202407,10321764.0
강서구,202408,10349873.0
강서구,202409,10433857.0
강서구,202410,10872076.0
강서구,202411,10222755.0
강서구,202412,10437296.0
강서구,202501,10340646.0
강서구,202502,9866245.0
강서구,202503,11221549.0
강서구,202504,10361074.0
강서구,202505,12211358.0
강서구,202506,11423955.0
강서구,202507,12066386.0
강서구,202508,11950462.0
강서구,202509,11928151.0
강서구,202510,12418792.0
강서구,202511,12483349.0
강서구,202512,12441715.0
강서구,202601,11907586.0
강서구,202602,11295245.0
강서구,202603,12878818.0
강서구,202604,11459445.0
강서구,202605,12211851.0
강서구,202606,11433084.0
강서구,202607,12007527.0
강서구,202608,12061072.0
강진군,201901,363333.0
강진군,201902,441681.0
강진군,201903,446248.0
강진군,201904,509147.0
강진군,201905,493206.0
강진군,201906,404455.0
강진군,201907,416382.0
강진군,201908,502076.0
강진군,201909,489530.0
강진군,201910,499517.0
강진군,201911,448683.0
강진군,201912,378523.0
강진군,202001,456551.0
강진군,202002,309891.0
강진군,202003,360082.0
강진군,202004,405756.0
강진군,202005,465361.0
강진군,202006,379855.0
강진군,202007,388943.0
강진군,202008,468731.0
강진군,202009,374501.0
강진군,202010,485284.0
강진군,202011,356036.0
강진군,202012,358201.0
강진군,202101,303695.0
강진군,202102,386445.0
강진군,202103,426508.0
강진군,202104,438394.0
강진군,202105,459171.0
강진군,202106,394962.0
강진군,202107,422919.0
강진군,202108,451064.0
강진군,202109,509493.0
강진군,202110,470744.0
강진군,202111,436462.0
강진군,202112,399389.0
강진군,202201,455278.0
강진군,202202,362671.0
강진군,202203,389155.0
강진군,202204,534389.0
강진군,202205,474619.0
강진군,202206,430372.0
강진군,202207,574962.0
강진군,202208,503284.0
강진군,202209,536764.0
강진군,202210,549708.0
강진군,202211,463319.0
강진군,202212,368678.0
강진군,202301,474951.0
강진군,202302,399158.0
강진군,202303,503163.0
강진군,202304,615799.0
강진군,202305,502062.0
강진군,202306,443416.0
강진군,202307,440074.0
강진군,202308,483337.0
강진군,202309,538732.0
강진군,202310,536387.0
강진군,202311,425746.0
강진군,202312,406118.0
강진군,202401,374569.0
강진군,202402,484881.0
강진군,202403,505951.0
강진군,202404,633301.0
강진군,202405,518006.0
강진군,202406,436179.0
강진군,202407,439326.0
강진군,202408,484727.0
강진군,202409,527620.0
강진군,202410,491475.0
강진군,202411,482796.0
강진군,202412,396158.0
강진군,202501,475850.0
강진군,202502,355273.0
강진군,202503,513333.0
강진군,202504,597030.0
강진군,202505,585426.0
강진군,202506,463942.0
강진군,202507,459969.0
강진군,202508,516386.0
강진군,202509,433731.0
강진군,202510,690415.0
강진군,202511,508317.0
강진군,202512,427035.0
강진군,202601,386819.0
강진군,202602,513548.0
강진군,202603,505598.0
강진군,202604,630922.0
강진군,202605,561991.0
강진군,202606,458418.0
강진군,202607,442617.0
강진군,202608,483982.0
강화군,201901,1023173.0
강화군,201902,1075678.0
강화군,201903,1234691.0
강화군,201904,1274159.0
강화군,201905,1351834.0
강화군,201906,1275147.0
강화군,201907,1163281.0
강화군,201908,1619672.0
강화군,201909,1375158.0
강화군,201910,1289769.0
강화군,201911,1257961.0
강화군,201912,1017454.0
강화군,202001,1221347.0
강화군,202002,848266.0
강화군,202003,1105692.0
강화군,202004,1154884.0
강화군,202005,1463945.0
강화군,202006,1227305.0
강화군,202007,1355990.0
강화군,202008,1417483.0
강화군,202009,1384360.0
강화군,202010,1758201.0
강화군,202011,1196405.0
강화군,202012,975667.0
강화군,202101,949071.0
강화군,202102,1144518.0
강화군,202103,1140797.0
강화군,202104,1264178.0
강화군,202105,1490274.0
강화군,202106,1289964.0
강화군,202107,1331679.0
강화군,202108,1562660.0
강화군,202109,1641076.0
강화군,202110,1667930.0
강화군,202111,1237193.0
강화군,202112,1071889.0
강화군,202201,1271214.0
강화군,202202,1037914.0
강화군,202203,1120681.0
강화군,202204,1426028.0
강화군,202205,1558422.0
강화군,202206,1396030.0
강화군,202207,1541624.0
강화군,202208,1584426.0
강화군,202209,1678561.0
강화군,202210,1793758.0
강화군,202211,1366557.0
강화군,202212,1050454.0
강화군,202301,1264982.0
강화군,202302,1165349.0
강화군,202303,1369845.0
강화군,202304,1540978.0
강화군,202305,1611920.0
강화군,202306,1541222.0
강화군,202307,1425772.0
강화군,202308,1516617.0
강화군,202309,1626875.0
강화군,202310,1853277.0
강화군,202311,1266089.0
강화군,202312,1125753.0
강화군,202401,1073314.0
강화군,202402,1248773.0
강화군,202403,1351751.0
강화군,202404,1509438.0
강화군,202405,1561080.0
강화군,202406,1482220.0
강화군,202407,1256614.0
강화군,202408,1547515.0
강화군,202409,1681023.0
강화군,202410,1753834.0
강화군,202411,1379453.0
강화군,202412,1090451.0
강화군,202501,1302807.0
강화군,202502,1034709.0
강화군,202503,1414653.0
강화군,202504,1257265.0
강화군,202505,1757278.0
강화군,202506,1493948.0
강화군,202507,1345102.0
강화군,202508,1597060.0
강화군,202509,1404297.0
강화군,202510,1999653.0
강화군,202511,1487594.0
강화군,202512,1102338.0
강화군,202601,1179362.0
강화군,202602,1376930.0
강화군,202603,1500827.0
강화군,202604,1378829.0
강화군,202605,1795156.0
강화군,202606,1396732.0
강화군,202607,1384329.0
강화군,202608,1580319.0
거제시,201901,1691454.0
거제시,201902,1744312.0
거제시,201903,1975131.0
거제시,201904,1714640.0
거제시,201905,1930348.0
거제시,201906,1770478.0
거제시,201907,2155570.0
거제시,201908,2445734.0
거제시,201909,1819943.0
거제시,201910,1867616.0
거제시,201911,1758431.0
거제시,201912,1841572.0
거제시,202001,1967853.0
거제시,202002,1513515.0
거제시,202003,1457691.0
거제시,202004,1517496.0
거제시,202005,1912787.0
거제시,202006,1726886.0
거제시,202007,1967609.0
거제시,202008,2545149.0
거제시,202009,1648642.0
거제시,202010,2087101.0
거제시,202011,1736298.0
거제시,202012,1572591.0
거제시,202101,1416525.0
거제시,202102,1591760.0
거제시,202103,1590735.0
거제시,202104,1525850.0
거제시,202105,1865180.0
거제시,202106,1787081.0
거제시,202107,2054149.0
거제시,202108,2217330.0
거제시,202109,1940816.0
거제시,202110,1971066.0
거제시,202111,1740566.0
거제시,202112,1780739.0
거제시,202201,1936739.0
거제시,202202,1599101.0
거제시,202203,1609142.0
거제시,202204,1674741.0
거제시,202205,1979254.0
거제시,202206,1958769.0
거제시,202207,2343052.0
거제시,202208,2435820.0
거제시,202209,1912911.0
거제시,202210,2130701.0
거제시,202211,1743251.0
거제시,202212,1788993.0
거제시,202301,2013743.0
거제시,202302,1662549.0
거제시,202303,1853745.0
거제시,202304,1830672.0
거제시,202305,1963731.0
거제시,202306,1973050.0
거제시,202307,2158909.0
거제시,202308,2294128.0
거제시,202309,1947991.0
거제시,202310,2064456.0
거제시,202311,1616123.0
거제시,202312,1780006.0
거제시,202401,1747793.0
거제시,202402,1807625.0
거제시,202403,1818572.0
거제시,202404,1682979.0
거제시,202405,1900770.0
거제시,202406,1892683.0
거제시,202407,2017910.0
거제시,202408,2274727.0
거제시,202409,2039766.0
거제시,202410,1873116.0
거제시,202411,1733116.0
거제시,202412,1752710.0
거제시,202501,2047148.0
거제시,202502,1508576.0
거제시,202503,1853658.0
거제시,202504,1675954.0
거제시,202505,2232031.0
거제시,202506,1985295.0
거제시,202507,2123597.0
거제시,202508,2371002.0
거제시,202509,1772557.0
거제시,202510,2474586.0
거제시,202511,1829328.0
거제시,202512,1782460.0
거제시,202601,1820591.0
거제시,202602,1830280.0
거제시,202603,1818466.0
거제시,202604,1644159.0
거제시,202605,2116376.0
거제시,202606,1821298.0
거제시,202607,2125397.0
거제시,202608,2252795.0
거창군,201901,438257.0
거창군,201902,558575.0
거창군,201903,500251.0
거창군,201904,475253.0
거창군,201905,545947.0
거창군,201906,487172.0
거창군,201907,583627.0
거창군,201908,774076.0
거창군,201909,641714.0
거창군,201910,529825.0
거창군,201911,569671.0
거창군,201912,470045.0
거창군,202001,643996.0
거창군,202002,358015.0
거창군,202003,298165.0
거창군,202004,404887.0
거창군,202005,561352.0
거창군,202006,474443.0
거창군,202007,509247.0
거창군,202008,696759.0
거창군,202009,497017.0
거창군,202010,655909.0
거창군,202011,583340.0
거창군,202012,400271.0
거창군,202101,381732.0
거창군,202102,463706.0
거창군,202103,485648.0
거창군,202104,490048.0
거창군,202105,553881.0
거창군,202106,506224.0
거창군,202107,583812.0
거창군,202108,645144.0
거창군,202109,679512.0
거창군,202110,670767.0
거창군,202111,580728.0
거창군,202112,469461.0
거창군,202201,568016.0
거창군,202202,457358.0
거창군,202203,455046.0
거창군,202204,531378.0
거창군,202205,643307.0
거창군,202206,576399.0
거창군,202207,704182.0
거창군,202208,779977.0
거창군,202209,722885.0
거창군,202210,797699.0
거창군,202211,573473.0
거창군,202212,415855.0
거창군,202301,564177.0
거창군,202302,405596.0
거창군,202303,497711.0
거창군,202304,524623.0
거창군,202305,562718.0
거창군,202306,512340.0
거창군,202307,547611.0
거창군,202308,652897.0
거창군,202309,680663.0
거창군,202310,691340.0
거창군,202311,505319.0
거창군,202312,435465.0
거창군,202401,445699.0
거창군,202402,540838.0
거창군,202403,482852.0
거창군,202404,498724.0
거창군,202405,567504.0
거창군,202406,492553.0
거창군,202407,533511.0
거창군,202408,676065.0
거창군,202409,720789.0
거창군,202410,686147.0
거창군,202411,541445.0
거창군,202412,422901.0
거창군,202501,582335.0
거창군,202502,349926.0
거창군,202503,480366.0
거창군,202504,495482.0
거창군,202505,668935.0
거창군,202506,508435.0
거창군,202507,575651.0
거창군,202508,680194.0
거창군,202509,653544.0
거창군,202510,948376.0
거창군,202511,584369.0
거창군,202512,443742.0
거창군,202601,470467.0
거창군,202602,534788.0
거창군,202603,475771.0
거창군,202604,529827.0
거창군,202605,641892.0
거창군,202606,471948.0
거창군,202607,549363.0
거창군,202608,643796.0
검단구,202607,2225461.0
검단구,202608,2164135.0
경산시,201901,2195383.0
경산시,201902,2492676.0
경산시,201903,3759547.0
경산시,201904,2343024.0
경산시,201905,2506559.0
경산시,201906,2338525.0
경산시,201907,2462890.0
경산시,201908,2556090.0
경산시,201909,3541082.0
경산시,201910,2528138.0
경산시,201911,2506102.0
경산시,201912,2426799.0
경산시,202001,2518673.0
경산시,202002,1792379.0
경산시,202003,1560810.0
경산시,202004,1988320.0
경산시,202005,2368272.0
경산시,202006,2283895.0
경산시,202007,2274549.0
경산시,202008,2389410.0
경산시,202009,2537243.0
경산시,202010,2627728.0
경산시,202011,2267147.0
경산시,202012,2028091.0
경산시,202101,1894679.0
경산시,202102,2132180.0
경산시,202103,2938860.0
경산시,202104,2206306.0
경산시,202105,2420642.0
경산시,202106,2407285.0
경산시,202107,2287270.0
경산시,202108,2339901.0
경산시,202109,2825868.0
경산시,202110,2466959.0
경산시,202111,2354851.0
경산시,202112,2189175.0
경산시,202201,2236978.0
경산시,202202,2064427.0
경산시,202203,3069336.0
경산시,202204,2255261.0
경산시,202205,2504830.0
경산시,202206,2345990.0
경산시,202207,2887766.0
경산시,202208,2600977.0
경산시,202209,3261142.0
경산시,202210,2586577.0
경산시,202211,2409368.0
경산시,202212,2301888.0
경산시,202301,2526248.0
경산시,202302,2331342.0
경산시,202303,3552107.0
경산시,202304,2413339.0
경산시,202305,2704986.0
경산시,202306,2436609.0
경산시,202307,2474161.0
경산시,202308,2583895.0
경산시,202309,3114486.0
경산시,202310,2429696.0
경산시,202311,2230124.0
경산시,202312,2303209.0
경산시,202401,2141723.0
경산시,202402,2402228.0
경산시,202403,3366705.0
경산시,202404,2178838.0
경산시,202405,2467618.0
경산시,202406,2343621.0
경산시,202407,2258639.0
경산시,202408,2320850.0
경산시,202409,3168110.0
경산시,202410,2429604.0
경산시,202411,2360785.0
경산시,202412,2298194.0
경산시,202501,2434706.0
경산시,202502,2118934.0
경산시,202503,3330696.0
경산시,202504,2262501.0
경산시,202505,2811035.0
경산시,202506,2463775.0
경산시,202507,2459292.0
경산시,202508,2656458.0
경산시,202509,3171696.0
경산시,202510,2823154.0
경산시,202511,2574462.0
경산시,202512,2447345.0
경산시,202601,2315742.0
경산시,202602,2459700.0
경산시,202603,3527894.0
경산시,202604,2288451.0
경산시,202605,2737524.0
경산시,202606,2446004.0
경산시,202607,2412744.0
경산시,202608,2616567.0
경주시,201901,3059414.0
경주시,201902,3404363.0
경주시,201903,3766663.0
경주시,201904,3497455.0
경주시,201905,3494871.0
경주시,201906,3255698.0
경주시,201907,3622160.0
경주시,201908,4410611.0
경주시,201909,3668386.0
경주시,201910,3854282.0
경주시,201911,3494888.0
경주시,201912,3214990.0
경주시,202001,3525319.0
경주시,202002,2278029.0
경주시,202003,2158073.0
경주시,202004,2499762.0
경주시,202005,3230418.0
경주시,202006,2857355.0
경주시,202007,3177750.0
경주시,202008,4157468.0
경주시,202009,2749888.0
경주시,202010,3719307.0
경주시,202011,3186129.0
경주시,202012,2384796.0
경주시,202101,2294679.0
경주시,202102,2868307.0
경주시,202103,3128939.0
경주시,202104,3186763.0
경주시,202105,3494612.0
경주시,202106,3113001.0
경주시,202107,3438842.0
경주시,202108,3771519.0
경주시,202109,3613182.0
경주시,202110,3951356.0
경주시,202111,3579497.0
경주시,202112,3074129.0
경주시,202201,3337691.0
경주시,202202,2913560.0
경주시,202203,2908833.0
경주시,202204,3756166.0
경주시,202205,3687574.0
경주시,202206,3548747.0
경주시,202207,4503527.0
경주시,202208,4669482.0
경주시,202209,3964555.0
경주시,202210,4629062.0
경주시,202211,3750744.0
경주시,202212,3415952.0
경주시,202301,3779359.0
경주시,202302,3401133.0
경주시,202303,4037727.0
경주시,202304,4091806.0
경주시,202305,4047336.0
경주시,202306,3735376.0
경주시,202307,4070618.0
경주시,202308,4558839.0
경주시,202309,4125650.0
경주시,202310,4469699.0
경주시,202311,3671924.0
경주시,202312,3553593.0
경주시,202401,3322347.0
경주시,202402,3719788.0
경주시,202403,3941448.0
경주시,202404,4076371.0
경주시,202405,3957185.0
경주시,202406,3833982.0
경주시,202407,3928856.0
경주시,202408,4482151.0
경주시,202409,4203264.0
경주시,202410,4187485.0
경주시,202411,3977933.0
경주시,202412,3467405.0
경주시,202501,3962697.0
경주시,202502,3160736.0
경주시,202503,3896246.0
경주시,202504,4025554.0
경주시,202505,4547788.0
경주시,202506,3929776.0
경주시,202507,4140973.0
경주시,202508,4931581.0
경주시,202509,3843828.0
경주시,202510,5318422.0
경주시,202511,4567230.0
경주시,202512,3878416.0
경주시,202601,3787566.0
경주시,202602,4080834.0
경주시,202603,4040776.0
경주시,202604,4369493.0
경주시,202605,4696385.0
경주시,202606,3749725.0
경주시,202607,4232067.0
경주시,202608,4763041.0
계룡시,201901,360798.0
계룡시,201902,369878.0
계룡시,201903,396235.0
계룡시,201904,380326.0
계룡시,201905,405186.0
계룡시,201906,371006.0
계룡시,201907,405152.0
계룡시,201908,419027.0
계룡시,201909,398832.0
계룡시,201910,458218.0
계룡시,201911,402955.0
계룡시,201912,388382.0
계룡시,202001,398552.0
계룡시,202002,310822.0
계룡시,202003,359353.0
계룡시,202004,376496.0
계룡시,202005,410131.0
계룡시,202006,370439.0
계룡시,202007,387950.0
계룡시,202008,375014.0
계룡시,202009,379361.0
계룡시,202010,427308.0
계룡시,202011,400868.0
계룡시,202012,362747.0
계룡시,202101,324531.0
계룡시,202102,350045.0
계룡시,202103,395970.0
계룡시,202104,386201.0
계룡시,202105,401516.0
계룡시,202106,385085.0
계룡시,202107,401744.0
계룡시,202108,396771.0
계룡시,202109,407429.0
계룡시,202110,420092.0
계룡시,202111,363372.0
계룡시,202112,426589.0
계룡시,202201,432065.0
계룡시,202202,332389.0
계룡시,202203,380640.0
계룡시,202204,409685.0
계룡시,202205,446927.0
계룡시,202206,430742.0
계룡시,202207,457890.0
계룡시,202208,416256.0
계룡시,202209,510041.0
계룡시,202210,757809.0
계룡시,202211,487520.0
계룡시,202212,384212.0
계룡시,202301,406314.0
계룡시,202302,353251.0
계룡시,202303,467664.0
계룡시,202304,428302.0
계룡시,202305,469573.0
계룡시,202306,429002.0
계룡시,202307,421744.0
계룡시,202308,441385.0
계룡시,202309,440303.0
계룡시,202310,510990.0
계룡시,202311,374133.0
계룡시,202312,409055.0
계룡시,202401,433113.0
계룡시,202402,410526.0
계룡시,202403,399073.0
계룡시,202404,454847.0
계룡시,202405,441241.0
계룡시,202406,400987.0
계룡시,202407,421202.0
계룡시,202408,420366.0
계룡시,202409,446736.0
계룡시,202410,552663.0
계룡시,202411,421649.0
계룡시,202412,415400.0
계룡시,202501,431141.0
계룡시,202502,402392.0
계룡시,202503,425231.0
계룡시,202504,409428.0
계룡시,202505,489453.0
계룡시,202506,413932.0
계룡시,202507,439848.0
계룡시,202508,501179.0
계룡시,202509,510449.0
계룡시,202510,501824.0
계룡시,202511,464408.0
계룡시,202512,478468.0
계룡시,202601,454865.0
계룡시,202602,431622.0
계룡시,202603,437833.0
계룡시,202604,404536.0
계룡시,202605,458571.0
계룡시,202606,398924.0
계룡시,202607,428354.0
계룡시,202608,427703.0
계양구,201901,2202400.0
계양구,201902,2081176.0
계양구,201903,2555653.0
계양구,201904,2112446.0
계양구,201905,2333424.0
계양구,201906,2322139.0
계양구,201907,2377727.0
계양구,201908,2655927.0
계양구,201909,2499060.0
계양구,201910,2506324.0
계양구,201911,2615391.0
계양구,201912,2406710.0
계양구,202001,2335879.0
계양구,202002,1905456.0
계양구,202003,2043644.0
계양구,202004,2118642.0
계양구,202005,2298080.0
계양구,202006,2037082.0
계양구,202007,2285274.0
계양구,202008,2112122.0
계양구,202009,2137849.0
계양구,202010,2398051.0
계양구,202011,2088376.0
계양구,202012,1849127.0
계양구,202101,1825723.0
계양구,202102,1955768.0
계양구,202103,2311913.0
계양구,202104,2200994.0
계양구,202105,2405806.0
계양구,202106,2317900.0
계양구,202107,2179903.0
계양구,202108,2083369.0
계양구,202109,2300736.0
계양구,202110,2302984.0
계양구,202111,2156202.0
계양구,202112,2012885.0
계양구,202201,2058421.0
계양구,202202,1764807.0
계양구,202203,2083681.0
계양구,202204,2543165.0
계양구,202205,2576212.0
계양구,202206,2317800.0
계양구,202207,2390528.0
계양구,202208,2257590.0
계양구,202209,2449843.0
계양구,202210,2414385.0
계양구,202211,2264345.0
계양구,202212,2231848.0
계양구,202301,2209913.0
계양구,202302,2073487.0
계양구,202303,2497894.0
계양구,202304,2248683.0
계양구,202305,2420651.0
계양구,202306,2308570.0
계양구,202307,2351164.0
계양구,202308,2296436.0
계양구,202309,2493457.0
계양구,202310,2438334.0
계양구,202311,2239616.0
계양구,202312,2340980.0
계양구,202401,2237294.0
계양구,202402,2428929.0
계양구,202403,2674776.0
계양구,202404,2451619.0
계양구,202405,2538958.0
계양구,202406,2382323.0
계양구,202407,2339687.0
계양구,202408,2475593.0
계양구,202409,2635107.0
계양구,202410,2678982.0
계양구,202411,2524310.0
계양구,202412,2490135.0
계양구,202501,2522777.0
계양구,202502,2247634.0
계양구,202503,2730559.0
계양구,202504,2419083.0
계양구,202505,2968625.0
계양구,202506,2637982.0
계양구,202507,2776959.0
계양구,202508,2693798.0
계양구,202509,2784554.0
계양구,202510,2994107.0
계양구,202511,2808263.0
계양구,202512,2749962.0
계양구,202601,2566840.0
계양구,202602,2519801.0
계양구,202603,2933696.0
계양구,202604,2661572.0
계양구,202605,2937588.0
계양구,202606,2708684.0
계양구,202607,2742615.0
계양구,202608,2715404.0
고령군,201901,347818.0
고령군,201902,414260.0
고령군,201903,439054.0
고령군,201904,457738.0
고령군,201905,470418.0
고령군,201906,436814.0
고령군,201907,434927.0
고령군,201908,444786.0
고령군,201909,503208.0
고령군,201910,463377.0
고령군,201911,442351.0
고령군,201912,377526.0
고령군,202001,441471.0
고령군,202002,334980.0
고령군,202003,398121.0
고령군,202004,477677.0
고령군,202005,547403.0
고령군,202006,481585.0
고령군,202007,442271.0
고령군,202008,472561.0
고령군,202009,485278.0
고령군,202010,561708.0
고령군,202011,464941.0
고령군,202012,391763.0
고령군,202101,370633.0
고령군,202102,451406.0
고령군,202103,499189.0
고령군,202104,509859.0
고령군,202105,570353.0
고령군,202106,533020.0
고령군,202107,472179.0
고령군,202108,481427.0
고령군,202109,593186.0
고령군,202110,551716.0
고령군,202111,491894.0
고령군,202112,422372.0
고령군,202201,446408.0
고령군,202202,409050.0
고령군,202203,493465.0
고령군,202204,542277.0
고령군,202205,564725.0
고령군,202206,490197.0
고령군,202207,541722.0
고령군,202208,506870.0
고령군,202209,598842.0
고령군,202210,607533.0
고령군,202211,507337.0
고령군,202212,409006.0
고령군,202301,479495.0
고령군,202302,432510.0
고령군,202303,541818.0
고령군,202304,577084.0
고령군,202305,563105.0
고령군,202306,528481.0
고령군,202307,491830.0
고령군,202308,478703.0
고령군,202309,598929.0
고령군,202310,569721.0
고령군,202311,481559.0
고령군,202312,429251.0
고령군,202401,417445.0
고령군,202402,477063.0
고령군,202403,555287.0
고령군,202404,553815.0
고령군,202405,592835.0
고령군,202406,540737.0
고령군,202407,469097.0
고령군,202408,468461.0
고령군,202409,600511.0
고령군,202410,579257.0
고령군,202411,531880.0
고령군,202412,436579.0
고령군,202501,485348.0
고령군,202502,383786.0
고령군,202503,542703.0
고령군,202504,553017.0
고령군,202505,628626.0
고령군,202506,563786.0
고령군,202507,489067.0
고령군,202508,508703.0
고령군,202509,528487.0
고령군,202510,670522.0
고령군,202511,639450.0
고령군,202512,471812.0
고령군,202601,428763.0
고령군,202602,490589.0
고령군,202603,573565.0
고령군,202604,560714.0
고령군,202605,610283.0
고령군,202606,531740.0
고령군,202607,482781.0
고령군,202608,494451.0
고성군,201901,1268271.0
고성군,201902,1435620.0
고성군,201903,1505062.0
고성군,201904,1411433.0
고성군,201905,1530200.0
고성군,201906,1573323.0
고성군,201907,1774689.0
고성군,201908,2355249.0
고성군,201909,1593169.0
고성군,201910,1644773.0
고성군,201911,1485236.0
고성군,201912,1493680.0
고성군,202001,1633411.0
고성군,202002,1136268.0
고성군,202003,1277546.0
고성군,202004,1354189.0
고성군,202005,1715001.0
고성군,202006,1721228.0
고성군,202007,2008293.0
고성군,202008,2481822.0
고성군,202009,1553569.0
고성군,202010,2050794.0
고성군,202011,1455564.0
고성군,202012,1349341.0
고성군,202101,1126814.0
고성군,202102,1407036.0
고성군,202103,1339837.0
고성군,202104,1476264.0
고성군,202105,1795650.0
고성군,202106,1776653.0
고성군,202107,2132035.0
고성군,202108,2229026.0
고성군,202109,1906334.0
고성군,202110,2092752.0
고성군,202111,1637835.0
고성군,202112,1547932.0
고성군,202201,1642623.0
고성군,202202,1415101.0
고성군,202203,1276469.0
고성군,202204,1663692.0
고성군,202205,1983979.0
고성군,202206,2009791.0
고성군,202207,2361008.0
고성군,202208,2616513.0
고성군,202209,1972984.0
고성군,202210,2218211.0
고성군,202211,1597202.0
고성군,202212,1603984.0
고성군,202301,1672283.0
고성군,202302,1509920.0
고성군,202303,1630079.0
고성군,202304,1723142.0
고성군,202305,1869388.0
고성군,202306,1970835.0
고성군,202307,2217112.0
고성군,202308,2431280.0
고성군,202309,2135870.0
고성군,202310,2341097.0
고성군,202311,1579504.0
고성군,202312,1638883.0
고성군,202401,1491099.0
고성군,202402,1640686.0
고성군,202403,1708717.0
고성군,202404,1714597.0
고성군,202405,1953393.0
고성군,202406,2063105.0
고성군,202407,2106027.0
고성군,202408,2670107.0
고성군,202409,2073722.0
고성군,202410,2147603.0
고성군,202411,1761611.0
고성군,202412,1589583.0
고성군,202501,1834253.0
고성군,202502,1330044.0
고성군,202503,1652262.0
고성군,202504,1640978.0
고성군,202505,2190441.0
고성군,202506,2077982.0
고성군,202507,2320185.0
고성군,202508,2792406.0
고성군,202509,1828294.0
고성군,202510,2522403.0
고성군,202511,1896760.0
고성군,202512,1685734.0
고성군,202601,1656854.0
고성군,202602,1742488.0
고성군,202603,1610680.0
고성군,202604,1704542.0
고성군,202605,2273810.0
고성군,202606,2050878.0
고성군,202607,2419255.0
고성군,202608,2741519.0
고양시 덕양구,201901,4292708.0
고양시 덕양구,201902,4187658.0
고양시 덕양구,201903,5273553.0
고양시 덕양구,201904,4335385.0
고양시 덕양구,201905,4836810.0
고양시 덕양구,201906,4763416.0
고양시 덕양구,201907,5044688.0
고양시 덕양구,201908,5663708.0
고양시 덕양구,201909,5294199.0
고양시 덕양구,201910,5163270.0
고양시 덕양구,201911,5446216.0
고양시 덕양구,201912,4983054.0
고양시 덕양구,202001,4969669.0
고양시 덕양구,202002,3935803.0
고양시 덕양구,202003,4395337.0
고양시 덕양구,202004,4707488.0
고양시 덕양구,202005,5204139.0
고양시 덕양구,202006,5112525.0
고양시 덕양구,202007,5209297.0
고양시 덕양구,202008,4841126.0
고양시 덕양구,202009,5199293.0
고양시 덕양구,202010,5843051.0
고양시 덕양구,202011,4927528.0
고양시 덕양구,202012,4218420.0
고양시 덕양구,202101,4334339.0
고양시 덕양구,202102,4673984.0
고양시 덕양구,202103,5363896.0
고양시 덕양구,202104,5001595.0
고양시 덕양구,202105,5607732.0
고양시 덕양구,202106,5341876.0
고양시 덕양구,202107,5172263.0
고양시 덕양구,202108,5198563.0
고양시 덕양구,202109,5524182.0
고양시 덕양구,202110,5591584.0
고양시 덕양구,202111,5109414.0
고양시 덕양구,202112,4900838.0
고양시 덕양구,202201,4893546.0
고양시 덕양구,202202,4199328.0
고양시 덕양구,202203,4896994.0
고양시 덕양구,202204,5489960.0
고양시 덕양구,202205,5928967.0
고양시 덕양구,202206,5284475.0
고양시 덕양구,202207,5650198.0
고양시 덕양구,202208,5529393.0
고양시 덕양구,202209,5784912.0
고양시 덕양구,202210,5842801.0
고양시 덕양구,202211,5247869.0
고양시 덕양구,202212,5154630.0
고양시 덕양구,202301,5247978.0
고양시 덕양구,202302,4884827.0
고양시 덕양구,202303,5788335.0
고양시 덕양구,202304,5302805.0
고양시 덕양구,202305,5918113.0
고양시 덕양구,202306,5436964.0
고양시 덕양구,202307,5962375.0
고양시 덕양구,202308,5778553.0
고양시 덕양구,202309,5460647.0
고양시 덕양구,202310,5253624.0
고양시 덕양구,202311,4810925.0
고양시 덕양구,202312,4944821.0
고양시 덕양구,202401,4629278.0
고양시 덕양구,202402,4860365.0
고양시 덕양구,202403,5317575.0
고양시 덕양구,202404,4654217.0
고양시 덕양구,202405,5270327.0
고양시 덕양구,202406,4871589.0
고양시 덕양구,202407,4903477.0
고양시 덕양구,202408,5133398.0
고양시 덕양구,202409,5179720.0
고양시 덕양구,202410,5217960.0
고양시 덕양구,202411,4828142.0
고양시 덕양구,202412,4786622.0
고양시 덕양구,202501,4796753.0
고양시 덕양구,202502,4258871.0
고양시 덕양구,202503,5318122.0
고양시 덕양구,202504,4708376.0
고양시 덕양구,202505,5700995.0
고양시 덕양구,202506,5296983.0
고양시 덕양구,202507,5577489.0
고양시 덕양구,202508,5467269.0
고양시 덕양구,202509,5192926.0
고양시 덕양구,202510,5804388.0
고양시 덕양구,202511,5215579.0
고양시 덕양구,202512,5045112.0
고양시 덕양구,202601,4864049.0
고양시 덕양구,202602,4837266.0
고양시 덕양구,202603,5544729.0
고양시 덕양구,202604,4806679.0
고양시 덕양구,202605,5583788.0
고양시 덕양구,202606,5026987.0
고양시 덕양구,202607,5333459.0
고양시 덕양구,202608,5402454.0
고양시 일산동구,201901,5071580.0
고양시 일산동구,201902,4521636.0
고양시 일산동구,201903,5620621.0
고양시 일산동구,201904,4881987.0
고양시 일산동구,201905,5245262.0
고양시 일산동구,201906,4967285.0
고양시 일산동구,201907,5268144.0
고양시 일산동구,201908,5643202.0
고양시 일산동구,201909,5266208.0
고양시 일산동구,201910,5302394.0
고양시 일산동구,201911,5711330.0
고양시 일산동구,201912,5464494.0
고양시 일산동구,202001,5304677.0
고양시 일산동구,202002,4259154.0
고양시 일산동구,202003,4430551.0
고양시 일산동구,202004,4651690.0
고양시 일산동구,202005,5189910.0
고양시 일산동구,202006,4829126.0
고양시 일산동구,202007,5115112.0
고양시 일산동구,202008,4513356.0
고양시 일산동구,202009,4602541.0
고양시 일산동구,202010,5144744.0
고양시 일산동구,202011,4581780.0
고양시 일산동구,202012,4146196.0
고양시 일산동구,202101,4171016.0
고양시 일산동구,202102,4320088.0
고양시 일산동구,202103,5177239.0
고양시 일산동구,202104,4772263.0
고양시 일산동구,202105,5103187.0
고양시 일산동구,202106,4993592.0
고양시 일산동구,202107,4734226.0
고양시 일산동구,202108,4790737.0
고양시 일산동구,202109,5051097.0
고양시 일산동구,202110,5180417.0
고양시 일산동구,202111,4986696.0
고양시 일산동구,202112,4847500.0
고양시 일산동구,202201,4787895.0
고양시 일산동구,202202,4063951.0
고양시 일산동구,202203,4867061.0
고양시 일산동구,202204,5309715.0
고양시 일산동구,202205,5576927.0
고양시 일산동구,202206,4990953.0
고양시 일산동구,202207,5415985.0
고양시 일산동구,202208,5218391.0
고양시 일산동구,202209,5318736.0
고양시 일산동구,202210,5421786.0
고양시 일산동구,202211,4979278.0
고양시 일산동구,202212,5163843.0
고양시 일산동구,202301,5066781.0
고양시 일산동구,202302,4745712.0
고양시 일산동구,202303,5480722.0
고양시 일산동구,202304,5169628.0
고양시 일산동구,202305,5634812.0
고양시 일산동구,202306,5160230.0
고양시 일산동구,202307,5542053.0
고양시 일산동구,202308,5335063.0
고양시 일산동구,202309,4599833.0
고양시 일산동구,202310,4711497.0
고양시 일산동구,202311,4344571.0
고양시 일산동구,202312,4751238.0
고양시 일산동구,202401,4433125.0
고양시 일산동구,202402,4286310.0
고양시 일산동구,202403,4812426.0
고양시 일산동구,202404,4548844.0
고양시 일산동구,202405,4954825.0
고양시 일산동구,202406,4472419.0
고양시 일산동구,202407,4568015.0
고양시 일산동구,202408,4637799.0
고양시 일산동구,202409,4596992.0
고양시 일산동구,202410,4866726.0
고양시 일산동구,202411,4385460.0
고양시 일산동구,202412,4616748.0
고양시 일산동구,202501,4451282.0
고양시 일산동구,202502,4077950.0
고양시 일산동구,202503,4826641.0
고양시 일산동구,202504,4637622.0
고양시 일산동구,202505,5311923.0
고양시 일산동구,202506,4683585.0
고양시 일산동구,202507,4909818.0
고양시 일산동구,202508,4795803.0
고양시 일산동구,202509,4681692.0
고양시 일산동구,202510,4925632.0
고양시 일산동구,202511,4702120.0
고양시 일산동구,202512,4781837.0
고양시 일산동구,202601,4418073.0
고양시 일산동구,202602,4242561.0
고양시 일산동구,202603,4818663.0
고양시 일산동구,202604,4365523.0
고양시 일산동구,202605,4800725.0
고양시 일산동구,202606,4246264.0
고양시 일산동구,202607,4400697.0
고양시 일산동구,202608,4490737.0
고양시 일산서구,201901,3365727.0
고양시 일산서구,201902,3220352.0
고양시 일산서구,201903,4081099.0
고양시 일산서구,201904,3439474.0
고양시 일산서구,201905,3633936.0
고양시 일산서구,201906,3430579.0
고양시 일산서구,201907,3593653.0
고양시 일산서구,201908,4058964.0
고양시 일산서구,201909,3664218.0
고양시 일산서구,201910,3682391.0
고양시 일산서구,201911,4051775.0
고양시 일산서구,201912,3761150.0
고양시 일산서구,202001,3591550.0
고양시 일산서구,202002,2755472.0
고양시 일산서구,202003,2894592.0
고양시 일산서구,202004,3012041.0
고양시 일산서구,202005,3486100.0
고양시 일산서구,202006,3348570.0
고양시 일산서구,202007,3531504.0
고양시 일산서구,202008,3104969.0
고양시 일산서구,202009,3156098.0
고양시 일산서구,202010,3514977.0
고양시 일산서구,202011,3444706.0
고양시 일산서구,202012,2866468.0
고양시 일산서구,202101,2854124.0
고양시 일산서구,202102,2928116.0
고양시 일산서구,202103,3573766.0
고양시 일산서구,202104,3125367.0
고양시 일산서구,202105,3572001.0
고양시 일산서구,202106,3312920.0
고양시 일산서구,202107,3241428.0
고양시 일산서구,202108,3225499.0
고양시 일산서구,202109,3456274.0
고양시 일산서구,202110,3574534.0
고양시 일산서구,202111,3490043.0
고양시 일산서구,202112,3337950.0
고양시 일산서구,202201,3240770.0
고양시 일산서구,202202,2714608.0
고양시 일산서구,202203,3343493.0
고양시 일산서구,202204,3509876.0
고양시 일산서구,202205,3847184.0
고양시 일산서구,202206,3622664.0
고양시 일산서구,202207,3825393.0
고양시 일산서구,202208,3793720.0
고양시 일산서구,202209,3701801.0
고양시 일산서구,202210,3714757.0
고양시 일산서구,202211,3417358.0
고양시 일산서구,202212,3377386.0
고양시 일산서구,202301,3301049.0
고양시 일산서구,202302,3143099.0
고양시 일산서구,202303,3724665.0
고양시 일산서구,202304,3514524.0
고양시 일산서구,202305,3791960.0
고양시 일산서구,202306,3458540.0
고양시 일산서구,202307,3779923.0
고양시 일산서구,202308,3822097.0
고양시 일산서구,202309,3489544.0
고양시 일산서구,202310,3552161.0
고양시 일산서구,202311,3284774.0
고양시 일산서구,202312,3334172.0
고양시 일산서구,202401,3066630.0
고양시 일산서구,202402,3140144.0
고양시 일산서구,202403,3342121.0
고양시 일산서구,202404,3135907.0
고양시 일산서구,202405,3536117.0
고양시 일산서구,202406,3173764.0
고양시 일산서구,202407,3451211.0
고양시 일산서구,202408,3398366.0
고양시 일산서구,202409,3225903.0
고양시 일산서구,202410,3477644.0
고양시 일산서구,202411,3204809.0
고양시 일산서구,202412,3202280.0
고양시 일산서구,202501,3099643.0
고양시 일산서구,202502,2896558.0
고양시 일산서구,202503,3557662.0
고양시 일산서구,202504,3578927.0
고양시 일산서구,202505,3985776.0
고양시 일산서구,202506,3362621.0
고양시 일산서구,202507,3797623.0
고양시 일산서구,202508,3722918.0
고양시 일산서구,202509,3393784.0
고양시 일산서구,202510,3742965.0
고양시 일산서구,202511,3518554.0
고양시 일산서구,202512,3459873.0
고양시 일산서구,202601,3189764.0
고양시 일산서구,202602,3199895.0
고양시 일산서구,202603,3770740.0
고양시 일산서구,202604,3462387.0
고양시 일산서구,202605,3931402.0
고양시 일산서구,202606,3375426.0
고양시 일산서구,202607,3635219.0
고양시 일산서구,202608,3668085.0
고창군,201901,551894.0
고창군,201902,734426.0
고창군,201903,715352.0
고창군,201904,839910.0
고창군,201905,918765.0
고창군,201906,752015.0
고창군,201907,717286.0
고창군,201908,893194.0
고창군,201909,970126.0
고창군,201910,922521.0
고창군,201911,933021.0
고창군,201912,652112.0
고창군,202001,771894.0
고창군,202002,491368.0
고창군,202003,600985.0
고창군,202004,705971.0
고창군,202005,890616.0
고창군,202006,725361.0
고창군,202007,701191.0
고창군,202008,847558.0
고창군,202009,748308.0
고창군,202010,979915.0
고창군,202011,702938.0
고창군,202012,582768.0
고창군,202101,502682.0
고창군,202102,682119.0
고창군,202103,716464.0
고창군,202104,794402.0
고창군,202105,884114.0
고창군,202106,772908.0
고창군,202107,762953.0
고창군,202108,842888.0
고창군,202109,1041945.0
고창군,202110,994719.0
고창군,202111,886766.0
고창군,202112,648020.0
고창군,202201,694797.0
고창군,202202,606546.0
고창군,202203,656933.0
고창군,202204,834049.0
고창군,202205,894317.0
고창군,202206,791186.0
고창군,202207,1001204.0
고창군,202208,942019.0
고창군,202209,1144780.0
고창군,202210,1107453.0
고창군,202211,924661.0
고창군,202212,570858.0
고창군,202301,740209.0
고창군,202302,603181.0
고창군,202303,793031.0
고창군,202304,1041568.0
고창군,202305,939003.0
고창군,202306,866807.0
고창군,202307,762897.0
고창군,202308,850383.0
고창군,202309,927321.0
고창군,202310,965208.0
고창군,202311,766446.0
고창군,202312,571017.0
고창군,202401,504211.0
고창군,202402,666518.0
고창군,202403,718852.0
고창군,202404,879176.0
고창군,202405,859992.0
고창군,202406,779133.0
고창군,202407,651029.0
고창군,202408,753380.0
고창군,202409,964187.0
고창군,202410,951722.0
고창군,202411,873673.0
고창군,202412,568940.0
고창군,202501,682021.0
고창군,202502,462086.0
고창군,202503,718046.0
고창군,202504,908751.0
고창군,202505,1035974.0
고창군,202506,787161.0
고창군,202507,688909.0
고창군,202508,785642.0
고창군,202509,766744.0
고창군,202510,1209135.0
고창군,202511,959554.0
고창군,202512,632617.0
고창군,202601,577552.0
고창군,202602,720719.0
고창군,202603,723730.0
고창군,202604,941858.0
고창군,202605,1020075.0
고창군,202606,763438.0
고창군,202607,718754.0
고창군,202608,780744.0
고흥군,201901,358147.0
고흥군,201902,552046.0
고흥군,201903,406287.0
고흥군,201904,402704.0
고흥군,201905,491306.0
고흥군,201906,420199.0
고흥군,201907,446072.0
고흥군,201908,579318.0
고흥군,201909,568530.0
고흥군,201910,435313.0
고흥군,201911,438712.0
고흥군,201912,414451.0
고흥군,202001,585190.0
고흥군,202002,308542.0
고흥군,202003,423847.0
고흥군,202004,442149.0
고흥군,202005,584019.0
고흥군,202006,452496.0
고흥군,202007,478094.0
고흥군,202008,668562.0
고흥군,202009,463510.0
고흥군,202010,620372.0
고흥군,202011,416742.0
고흥군,202012,445503.0
고흥군,202101,386311.0
고흥군,202102,525454.0
고흥군,202103,458885.0
고흥군,202104,476061.0
고흥군,202105,523492.0
고흥군,202106,501738.0
고흥군,202107,570824.0
고흥군,202108,647847.0
고흥군,202109,708968.0
고흥군,202110,623630.0
고흥군,202111,503917.0
고흥군,202112,463512.0
고흥군,202201,576998.0
고흥군,202202,452399.0
고흥군,202203,423515.0
고흥군,202204,518468.0
고흥군,202205,573594.0
고흥군,202206,511722.0
고흥군,202207,764476.0
고흥군,202208,693636.0
고흥군,202209,680518.0
고흥군,202210,652095.0
고흥군,202211,528065.0
고흥군,202212,459736.0
고흥군,202301,610413.0
고흥군,202302,410804.0
고흥군,202303,511229.0
고흥군,202304,551615.0
고흥군,202305,626482.0
고흥군,202306,540801.0
고흥군,202307,586367.0
고흥군,202308,635157.0
고흥군,202309,697221.0
고흥군,202310,627203.0
고흥군,202311,499530.0
고흥군,202312,488830.0
고흥군,202401,422524.0
고흥군,202402,585829.0
고흥군,202403,499823.0
고흥군,202404,517843.0
고흥군,202405,632028.0
고흥군,202406,542757.0
고흥군,202407,536843.0
고흥군,202408,641882.0
고흥군,202409,712949.0
고흥군,202410,530718.0
고흥군,202411,536494.0
고흥군,202412,461824.0
고흥군,202501,656336.0
고흥군,202502,342243.0
고흥군,202503,523247.0
고흥군,202504,518071.0
고흥군,202505,728840.0
고흥군,202506,565761.0
고흥군,202507,592753.0
고흥군,202508,648869.0
고흥군,202509,510212.0
고흥군,202510,931742.0
고흥군,202511,576026.0
고흥군,202512,498213.0
고흥군,202601,452873.0
고흥군,202602,627386.0
고흥군,202603,514170.0
고흥군,202604,526457.0
고흥군,202605,685726.0
고흥군,202606,511761.0
고흥군,202607,582248.0
고흥군,202608,628346.0
곡성군,201901,273795.0
곡성군,201902,376171.0
곡성군,201903,447982.0
곡성군,201904,427827.0
곡성군,201905,756147.0
곡성군,201906,424936.0
곡성군,201907,385041.0
곡성군,201908,490596.0
곡성군,201909,467671.0
곡성군,201910,423843.0
곡성군,201911,386726.0
곡성군,201912,311958.0
곡성군,202001,384824.0
곡성군,202002,254744.0
곡성군,202003,340958.0
곡성군,202004,387927.0
곡성군,202005,509094.0
곡성군,202006,398356.0
곡성군,202007,349909.0
곡성군,202008,457202.0
곡성군,202009,374966.0
곡성군,202010,459064.0
곡성군,202011,323272.0
곡성군,202012,302680.0
곡성군,202101,267451.0
곡성군,202102,355425.0
곡성군,202103,453277.0
곡성군,202104,423206.0
곡성군,202105,558323.0
곡성군,202106,441330.0
곡성군,202107,433067.0
곡성군,202108,467794.0
곡성군,202109,510762.0
곡성군,202110,496713.0
곡성군,202111,404889.0
곡성군,202112,323910.0
곡성군,202201,359973.0
곡성군,202202,309070.0
곡성군,202203,395711.0
곡성군,202204,508115.0
곡성군,202205,688726.0
곡성군,202206,443750.0
곡성군,202207,538261.0
곡성군,202208,491647.0
곡성군,202209,528181.0
곡성군,202210,524473.0
곡성군,202211,435822.0
곡성군,202212,340775.0
곡성군,202301,426521.0
곡성군,202302,340347.0
곡성군,202303,514861.0
곡성군,202304,532231.0
곡성군,202305,825048.0
곡성군,202306,510279.0
곡성군,202307,443437.0
곡성군,202308,506384.0
곡성군,202309,510188.0
곡성군,202310,485332.0
곡성군,202311,374233.0
곡성군,202312,325206.0
곡성군,202401,294302.0
곡성군,202402,397627.0
곡성군,202403,443835.0
곡성군,202404,453107.0
곡성군,202405,801440.0
곡성군,202406,432260.0
곡성군,202407,383090.0
곡성군,202408,459109.0
곡성군,202409,498283.0
곡성군,202410,459282.0
곡성군,202411,412112.0
곡성군,202412,316769.0
곡성군,202501,380916.0
곡성군,202502,259716.0
곡성군,202503,429992.0
곡성군,202504,449943.0
곡성군,202505,865534.0
곡성군,202506,461752.0
곡성군,202507,400875.0
곡성군,202508,456911.0
곡성군,202509,403165.0
곡성군,202510,611349.0
곡성군,202511,429368.0
곡성군,202512,345244.0
곡성군,202601,313084.0
곡성군,202602,406509.0
곡성군,202603,434948.0
곡성군,202604,443814.0
곡성군,202605,805748.0
곡성군,202606,414611.0
곡성군,202607,401383.0
곡성군,202608,439807.0
공주시,201901,1765686.0
공주시,201902,2031775.0
공주시,201903,2281053.0
공주시,201904,2335507.0
공주시,201905,2326614.0
공주시,201906,2104645.0
공주시,201907,2192854.0
공주시,201908,2539055.0
공주시,201909,2525417.0
공주시,201910,2405368.0
공주시,201911,2298208.0
공주시,201912,1907327.0
공주시,202001,2196261.0
공주시,202002,1401082.0
공주시,202003,1561456.0
공주시,202004,1903908.0
공주시,202005,2177110.0
공주시,202006,1890373.0
공주시,202007,1930768.0
공주시,202008,2134081.0
공주시,202009,1909897.0
공주시,202010,2276378.0
공주시,202011,1933867.0
공주시,202012,1466183.0
공주시,202101,1364914.0
공주시,202102,1681072.0
공주시,202103,1956518.0
공주시,202104,1965678.0
공주시,202105,2152017.0
공주시,202106,2020702.0
공주시,202107,2070535.0
공주시,202108,2166652.0
공주시,202109,2404056.0
공주시,202110,2411337.0
공주시,202111,2115802.0
공주시,202112,1716984.0
공주시,202201,1829163.0
공주시,202202,1601711.0
공주시,202203,1867671.0
공주시,202204,2266440.0
공주시,202205,2490829.0
공주시,202206,2428999.0
공주시,202207,2506110.0
공주시,202208,2501871.0
공주시,202209,2688344.0
공주시,202210,2845487.0
공주시,202211,2250717.0
공주시,202212,1805288.0
공주시,202301,2119729.0
공주시,202302,1823319.0
공주시,202303,2401646.0
공주시,202304,2377303.0
공주시,202305,2420133.0
공주시,202306,2233049.0
공주시,202307,2145494.0
공주시,202308,2347624.0
공주시,202309,2393310.0
공주시,202310,2358449.0
공주시,202311,1808365.0
공주시,202312,1585724.0
공주시,202401,1581106.0
공주시,202402,1766441.0
공주시,202403,2035383.0
공주시,202404,2188683.0
공주시,202405,2162565.0
공주시,202406,2126343.0
공주시,202407,2052232.0
공주시,202408,2278255.0
공주시,202409,2346531.0
공주시,202410,2154736.0
공주시,202411,1966221.0
공주시,202412,1539241.0
공주시,202501,1782485.0
공주시,202502,1565980.0
공주시,202503,2084163.0
공주시,202504,2041506.0
공주시,202505,2418392.0
공주시,202506,2203547.0
공주시,202507,2225858.0
공주시,202508,2439469.0
공주시,202509,2143881.0
공주시,202510,2720235.0
공주시,202511,2282640.0
공주시,202512,1878593.0
공주시,202601,1712215.0
공주시,202602,2070504.0
공주시,202603,2206790.0
공주시,202604,2106001.0
공주시,202605,2412560.0
공주시,202606,2208465.0
공주시,202607,2303062.0
공주시,202608,2505846.0
과천시,201901,1335892.0
과천시,201902,1131838.0
과천시,201903,1685513.0
과천시,201904,1714371.0
과천시,201905,1754128.0
과천시,201906,1680265.0
과천시,201907,1634679.0
과천시,201908,1794223.0
과천시,201909,1746126.0
과천시,201910,1867666.0
과천시,201911,1751475.0
과천시,201912,1438422.0
과천시,202001,1415112.0
과천시,202002,1089397.0
과천시,202003,1075278.0
과천시,202004,1352424.0
과천시,202005,1482544.0
과천시,202006,1289685.0
과천시,202007,1355166.0
과천시,202008,1092636.0
과천시,202009,1308892.0
과천시,202010,1655218.0
과천시,202011,1314369.0
과천시,202012,1014340.0
과천시,202101,1097005.0
과천시,202102,1284547.0
과천시,202103,1491956.0
과천시,202104,1624980.0
과천시,202105,1718666.0
과천시,202106,1468397.0
과천시,202107,1221274.0
과천시,202108,1369718.0
과천시,202109,1567401.0
과천시,202110,1658027.0
과천시,202111,1587850.0
과천시,202112,1370667.0
과천시,202201,1434402.0
과천시,202202,1182271.0
과천시,202203,1536264.0
과천시,202204,2052429.0
과천시,202205,2045063.0
과천시,202206,1629016.0
과천시,202207,1691317.0
과천시,202208,1622021.0
과천시,202209,1815209.0
과천시,202210,2043903.0
과천시,202211,1695092.0
과천시,202212,1430359.0
과천시,202301,1360458.0
과천시,202302,1498031.0
과천시,202303,1819072.0
과천시,202304,1924910.0
과천시,202305,1958785.0
과천시,202306,1887886.0
과천시,202307,1632600.0
과천시,202308,1692254.0
과천시,202309,1753445.0
과천시,202310,1997852.0
과천시,202311,1502524.0
과천시,202312,1420644.0
과천시,202401,1404186.0
과천시,202402,1387443.0
과천시,202403,1864363.0
과천시,202404,2128164.0
과천시,202405,2060990.0
과천시,202406,1779326.0
과천시,202407,1628095.0
과천시,202408,1597624.0
과천시,202409,1717847.0
과천시,202410,2152033.0
과천시,202411,1741991.0
과천시,202412,1423042.0
과천시,202501,1400084.0
과천시,202502,1337259.0
과천시,202503,1725208.0
과천시,202504,1834096.0
과천시,202505,2285971.0
과천시,202506,1998856.0
과천시,202507,1831084.0
과천시,202508,1791874.0
과천시,202509,1910987.0
과천시,202510,2014848.0
과천시,202511,2030391.0
과천시,202512,1595747.0
과천시,202601,1554695.0
과천시,202602,1560574.0
과천시,202603,2005975.0
과천시,202604,2137036.0
과천시,202605,2220841.0
과천시,202606,1838835.0
과천시,202607,1726120.0
과천시,202608,1710062.0
관악구,201901,4649098.0
관악구,201902,4223280.0
관악구,201903,5634852.0
관악구,201904,4100368.0
관악구,201905,4689583.0
관악구,201906,4598042.0
관악구,201907,4992823.0
관악구,201908,5261386.0
관악구,201909,4992502.0
관악구,201910,4689670.0
관악구,201911,5121625.0
관악구,201912,4816166.0
관악구,202001,4611331.0
관악구,202002,3849615.0
관악구,202003,3547633.0
관악구,202004,3682583.0
관악구,202005,4236862.0
관악구,202006,3781665.0
관악구,202007,4049913.0
관악구,202008,3732337.0
관악구,202009,3556223.0
관악구,202010,4408172.0
관악구,202011,4227784.0
관악구,202012,3486924.0
관악구,202101,3734503.0
관악구,202102,3852270.0
관악구,202103,4787886.0
관악구,202104,4180257.0
관악구,202105,4416952.0
관악구,202106,4187521.0
관악구,202107,3967811.0
관악구,202108,3949947.0
관악구,202109,4248251.0
관악구,202110,4490926.0
관악구,202111,4503385.0
관악구,202112,4342339.0
관악구,202201,4493288.0
관악구,202202,3865487.0
관악구,202203,4679304.0
관악구,202204,4862967.0
관악구,202205,5120552.0
관악구,202206,4688482.0
관악구,202207,4912957.0
관악구,202208,4839706.0
관악구,202209,5089593.0
관악구,202210,5039524.0
관악구,202211,4739137.0
관악구,202212,4723873.0
관악구,202301,4655380.0
관악구,202302,4682671.0
관악구,202303,5551212.0
관악구,202304,4576777.0
관악구,202305,4931652.0
관악구,202306,4660441.0
관악구,202307,4855036.0
관악구,202308,4757063.0
관악구,202309,5111865.0
관악구,202310,5036632.0
관악구,202311,4904038.0
관악구,202312,5102998.0
관악구,202401,4916633.0
관악구,202402,4776151.0
관악구,202403,5943527.0
관악구,202404,4893857.0
관악구,202405,5147992.0
관악구,202406,5040306.0
관악구,202407,5228033.0
관악구,202408,5307148.0
관악구,202409,5465214.0
관악구,202410,5582528.0
관악구,202411,5165077.0
관악구,202412,5433608.0
관악구,202501,5092843.0
관악구,202502,4925756.0
관악구,202503,6193816.0
관악구,202504,5196950.0
관악구,202505,6209895.0
관악구,202506,5559628.0
관악구,202507,5917767.0
관악구,202508,5744763.0
관악구,202509,5949742.0
관악구,202510,5645830.0
관악구,202511,5936690.0
관악구,202512,5887972.0
관악구,202601,5614741.0
관악구,202602,5450307.0
관악구,202603,6865370.0
관악구,202604,5619174.0
관악구,202605,6415379.0
관악구,202606,6055923.0
관악구,202607,5986584.0
관악구,202608,6014129.0
광명시,201901,3326071.0
광명시,201902,3110845.0
광명시,201903,3640635.0
광명시,201904,3002315.0
광명시,201905,3230596.0
광명시,201906,3250239.0
광명시,201907,3499845.0
광명시,201908,3581220.0
광명시,201909,3268062.0
광명시,201910,3097980.0
광명시,201911,3387666.0
광명시,201912,3313853.0
광명시,202001,3228085.0
광명시,202002,2592056.0
광명시,202003,2566584.0
광명시,202004,2858443.0
광명시,202005,3061363.0
광명시,202006,2785562.0
광명시,202007,2990885.0
광명시,202008,2857467.0
광명시,202009,2755806.0
광명시,202010,3174363.0
광명시,202011,2983840.0
광명시,202012,2600223.0
광명시,202101,2690913.0
광명시,202102,2828794.0
광명시,202103,3276527.0
광명시,202104,2957756.0
광명시,202105,3287827.0
광명시,202106,2998756.0
광명시,202107,2975663.0
광명시,202108,2964112.0
광명시,202109,2914035.0
광명시,202110,3060784.0
광명시,202111,2933881.0
광명시,202112,2882613.0
광명시,202201,3081513.0
광명시,202202,2670406.0
광명시,202203,3053566.0
광명시,202204,3369310.0
광명시,202205,3625647.0
광명시,202206,3341894.0
광명시,202207,3618527.0
광명시,202208,3455207.0
광명시,202209,3526508.0
광명시,202210,3567710.0
광명시,202211,3323312.0
광명시,202212,3403079.0
광명시,202301,3364183.0
광명시,202302,3105891.0
광명시,202303,3586112.0
광명시,202304,3296699.0
광명시,202305,3630360.0
광명시,202306,3475755.0
광명시,202307,3679488.0
광명시,202308,3609782.0
광명시,202309,3271360.0
광명시,202310,3302416.0
광명시,202311,3125240.0
광명시,202312,3371789.0
광명시,202401,3160351.0
광명시,202402,3133480.0
광명시,202403,3480875.0
광명시,202404,3163429.0
광명시,202405,3397772.0
광명시,202406,3281289.0
광명시,202407,3352568.0
광명시,202408,3424759.0
광명시,202409,3327747.0
광명시,202410,3371192.0
광명시,202411,3231903.0
광명시,202412,3330722.0
광명시,202501,3449287.0
광명시,202502,3437004.0
광명시,202503,3773576.0
광명시,202504,3349802.0
광명시,202505,4038629.0
광명시,202506,3749721.0
광명시,202507,4004325.0
광명시,202508,3985072.0
광명시,202509,3666593.0
광명시,202510,3911824.0
광명시,202511,3875204.0
광명시,202512,3932919.0
광명시,202601,3767639.0
광명시,202602,3589897.0
광명시,202603,3939924.0
광명시,202604,3562415.0
광명시,202605,4015450.0
광명시,202606,3658169.0
광명시,202607,3900127.0
광명시,202608,4065288.0
광산구,201901,3467427.0
광산구,201902,3421105.0
광산구,201903,4081530.0
광산구,201904,3330874.0
광산구,201905,3541237.0
광산구,201906,3336649.0
광산구,201907,3885484.0
광산구,201908,3662375.0
광산구,201909,3769114.0
광산구,201910,3619824.0
광산구,201911,3613063.0
광산구,201912,3764679.0
광산구,202001,3604898.0
광산구,202002,2757211.0
광산구,202003,2889765.0
광산구,202004,2913449.0
광산구,202005,3396299.0
광산구,202006,3175846.0
광산구,202007,3022766.0
광산구,202008,3046200.0
광산구,202009,2937100.0
광산구,202010,3162204.0
광산구,202011,2979323.0
광산구,202012,2912643.0
광산구,202101,2795949.0
광산구,202102,2880230.0
광산구,202103,3627613.0
광산구,202104,3192370.0
광산구,202105,3329335.0
광산구,202106,3270706.0
광산구,202107,3356473.0
광산구,202108,3239591.0
광산구,202109,3567544.0
광산구,202110,4183287.0
광산구,202111,3425307.0
광산구,202112,3434833.0
광산구,202201,3476336.0
광산구,202202,2859102.0
광산구,202203,3500589.0
광산구,202204,3367193.0
광산구,202205,3474967.0
광산구,202206,3444396.0
광산구,202207,4749731.0
광산구,202208,3541235.0
광산구,202209,3854342.0
광산구,202210,3676859.0
광산구,202211,3463271.0
광산구,202212,3443774.0
광산구,202301,3648524.0
광산구,202302,3245067.0
광산구,202303,4014134.0
광산구,202304,3469250.0
광산구,202305,3825963.0
광산구,202306,3647326.0
광산구,202307,3802219.0
광산구,202308,3793193.0
광산구,202309,3942913.0
광산구,202310,4000445.0
광산구,202311,3679064.0
광산구,202312,3919856.0
광산구,202401,3682718.0
광산구,202402,3770703.0
광산구,202403,4278953.0
광산구,202404,3646397.0
광산구,202405,4137554.0
광산구,202406,3779645.0
광산구,202407,3929070.0
광산구,202408,3938728.0
광산구,202409,4209044.0
광산구,202410,4026965.0
광산구,202411,3940106.0
광산구,202412,4025369.0
광산구,202501,4084418.0
광산구,202502,3543011.0
광산구,202503,4451565.0
광산구,202504,3808207.0
광산구,202505,4557633.0
광산구,202506,4122288.0
광산구,202507,4337775.0
광산구,202508,4365593.0
광산구,202509,4282735.0
광산구,202510,4585257.0
광산구,202511,4222869.0
광산구,202512,4273908.0
광산구,202601,4081539.0
광산구,202602,3959808.0
광산구,202603,4550749.0
광산구,202604,3863021.0
광산구,202605,4386361.0
광산구,202606,3982161.0
광산구,202607,4226299.0
광산구,202608,4295541.0
광양시,201901,874191.0
광양시,201902,996085.0
광양시,201903,1467203.0
광양시,201904,889120.0
광양시,201905,964249.0
광양시,201906,897419.0
광양시,201907,1050420.0
광양시,201908,1193305.0
광양시,201909,1026904.0
광양시,201910,1000526.0
광양시,201911,972612.0
광양시,201912,972015.0
광양시,202001,1015496.0
광양시,202002,821320.0
광양시,202003,1019973.0
광양시,202004,897458.0
광양시,202005,1029924.0
광양시,202006,931863.0
광양시,202007,998304.0
광양시,202008,1111849.0
광양시,202009,856484.0
광양시,202010,1073554.0
광양시,202011,776976.0
광양시,202012,841834.0
광양시,202101,782596.0
광양시,202102,894176.0
광양시,202103,1212217.0
광양시,202104,924314.0
광양시,202105,966401.0
광양시,202106,979185.0
광양시,202107,1058438.0
광양시,202108,1101771.0
광양시,202109,1070501.0
광양시,202110,1128157.0
광양시,202111,1040366.0
광양시,202112,980895.0
광양시,202201,1020082.0
광양시,202202,890872.0
광양시,202203,1274295.0
광양시,202204,1049454.0
광양시,202205,1077067.0
광양시,202206,1057089.0
광양시,202207,1496472.0
광양시,202208,1243086.0
광양시,202209,1168956.0
광양시,202210,1197713.0
광양시,202211,1071190.0
광양시,202212,1011974.0
광양시,202301,1077389.0
광양시,202302,979162.0
광양시,202303,1649198.0
광양시,202304,1104432.0
광양시,202305,1161786.0
광양시,202306,1067454.0
광양시,202307,1133073.0
광양시,202308,1289615.0
광양시,202309,1121396.0
광양시,202310,1237568.0
광양시,202311,1050621.0
광양시,202312,1048420.0
광양시,202401,1034940.0
광양시,202402,1149181.0
광양시,202403,1612136.0
광양시,202404,1077538.0
광양시,202405,1176446.0
광양시,202406,1095486.0
광양시,202407,1200339.0
광양시,202408,1326556.0
광양시,202409,1184776.0
광양시,202410,1148040.0
광양시,202411,1068333.0
광양시,202412,1055374.0
광양시,202501,1172091.0
광양시,202502,1003889.0
광양시,202503,1501972.0
광양시,202504,1122614.0
광양시,202505,1322224.0
광양시,202506,1160086.0
광양시,202507,1332817.0
광양시,202508,1360853.0
광양시,202509,1132836.0
광양시,202510,1415335.0
광양시,202511,1175705.0
광양시,202512,1135094.0
광양시,202601,1111178.0
광양시,202602,1158431.0
광양시,202603,1621850.0
광양시,202604,1106556.0
광양시,202605,1267223.0
광양시,202606,1110719.0
광양시,202607,1230086.0
광양시,202608,1318809.0
광주시,201901,3272739.0
광주시,201902,3154923.0
광주시,201903,3793847.0
광주시,201904,3406647.0
광주시,201905,3775956.0
광주시,201906,3713052.0
광주시,201907,3912118.0
광주시,201908,4380509.0
광주시,201909,4032091.0
광주시,201910,4064944.0
광주시,201911,4176883.0
광주시,201912,3531358.0
광주시,202001,3784984.0
광주시,202002,3002442.0
광주시,202003,3516310.0
광주시,202004,3838750.0
광주시,202005,4196092.0
광주시,202006,3834375.0
광주시,202007,4178136.0
광주시,202008,3726811.0
광주시,202009,3974055.0
광주시,202010,4603203.0
광주시,202011,3783199.0
광주시,202012,3107912.0
광주시,202101,2888840.0
광주시,202102,3388444.0
광주시,202103,3764980.0
광주시,202104,3993199.0
광주시,202105,4320965.0
광주시,202106,3999914.0
광주시,202107,3964348.0
광주시,202108,4083917.0
광주시,202109,4415955.0
광주시,202110,4629187.0
광주시,202111,3893355.0
광주시,202112,3456037.0
광주시,202201,3597286.0
광주시,202202,3005447.0
광주시,202203,3464347.0
광주시,202204,4210432.0
광주시,202205,4219137.0
광주시,202206,3781398.0
광주시,202207,4295973.0
광주시,202208,4001206.0
광주시,202209,4168634.0
광주시,202210,4677952.0
광주시,202211,4212702.0
광주시,202212,3366414.0
광주시,202301,3537687.0
광주시,202302,3341955.0
광주시,202303,3677343.0
광주시,202304,3734807.0
광주시,202305,4178561.0
광주시,202306,4053661.0
광주시,202307,3945291.0
광주시,202308,3906708.0
광주시,202309,4313937.0
광주시,202310,4571890.0
광주시,202311,3584664.0
광주시,202312,3327739.0
광주시,202401,3506000.0
광주시,202402,3693013.0
광주시,202403,3927802.0
광주시,202404,3824038.0
광주시,202405,4129273.0
광주시,202406,3865234.0
광주시,202407,3712140.0
광주시,202408,3921316.0
광주시,202409,4041589.0
광주시,202410,4231963.0
광주시,202411,4019087.0
광주시,202412,3697272.0
광주시,202501,3900958.0
광주시,202502,3574389.0
광주시,202503,4129505.0
광주시,202504,3727852.0
광주시,202505,4519020.0
광주시,202506,4013355.0
광주시,202507,4024128.0
광주시,202508,4123444.0
광주시,202509,3800279.0
광주시,202510,4494236.0
광주시,202511,4118922.0
광주시,202512,3445361.0
광주시,202601,3566609.0
광주시,202602,3680358.0
광주시,202603,4276947.0
광주시,202604,3716618.0
광주시,202605,4261539.0
광주시,202606,3959529.0
광주시,202607,3937034.0
광주시,202608,3994543.0
광진구,201901,5535073.0
광진구,201902,5120685.0
광진구,201903,6676940.0
광진구,201904,5589261.0
광진구,201905,6094819.0
광진구,201906,5808405.0
광진구,201907,5897438.0
광진구,201908,6414672.0
광진구,201909,6336225.0
광진구,201910,6130183.0
광진구,201911,6750409.0
광진구,201912,6361804.0
광진구,202001,5751506.0
광진구,202002,4591048.0
광진구,202003,4473835.0
광진구,202004,5120744.0
광진구,202005,5541777.0
광진구,202006,5152485.0
광진구,202007,5573735.0
광진구,202008,4794797.0
광진구,202009,4670118.0
광진구,202010,5569580.0
광진구,202011,4943844.0
광진구,202012,3854333.0
광진구,202101,4017040.0
광진구,202102,4325324.0
광진구,202103,5282104.0
광진구,202104,4977491.0
광진구,202105,5291729.0
광진구,202106,5083449.0
광진구,202107,4585320.0
광진구,202108,4553904.0
광진구,202109,5163661.0
광진구,202110,5286532.0
광진구,202111,5278246.0
광진구,202112,4937220.0
광진구,202201,4890418.0
광진구,202202,4206230.0
광진구,202203,5174792.0
광진구,202204,5848851.0
광진구,202205,6273137.0
광진구,202206,5537608.0
광진구,202207,5772814.0
광진구,202208,5636564.0
광진구,202209,6135751.0
광진구,202210,6005546.0
광진구,202211,5622851.0
광진구,202212,5512984.0
광진구,202301,5305179.0
광진구,202302,5302706.0
광진구,202303,6501354.0
광진구,202304,5621669.0
광진구,202305,6130495.0
광진구,202306,5729595.0
광진구,202307,5568450.0
광진구,202308,5593194.0
광진구,202309,6115655.0
광진구,202310,6159514.0
광진구,202311,5600440.0
광진구,202312,5825019.0
광진구,202401,5434473.0
광진구,202402,5304431.0
광진구,202403,6712458.0
광진구,202404,5996113.0
광진구,202405,6566171.0
광진구,202406,6143040.0
광진구,202407,5654079.0
광진구,202408,5674847.0
광진구,202409,6092402.0
광진구,202410,6265119.0
광진구,202411,5808421.0
광진구,202412,5791745.0
광진구,202501,5367860.0
광진구,202502,5366201.0
광진구,202503,6797985.0
광진구,202504,5887686.0
광진구,202505,7109837.0
광진구,202506,6153879.0
광진구,202507,6221516.0
광진구,202508,6259317.0
광진구,202509,6786236.0
광진구,202510,6484535.0
광진구,202511,6618118.0
광진구,202512,6450117.0
광진구,202601,5917186.0
광진구,202602,5702241.0
광진구,202603,7439390.0
광진구,202604,6367348.0
광진구,202605,7045100.0
광진구,202606,6171382.0
광진구,202607,5760045.0
광진구,202608,5862069.0
괴산군,201901,448948.0
괴산군,201902,596522.0
괴산군,201903,706165.0
괴산군,201904,659294.0
괴산군,201905,775661.0
괴산군,201906,805669.0
괴산군,201907,907997.0
괴산군,201908,1122596.0
괴산군,201909,887032.0
괴산군,201910,791248.0
괴산군,201911,739253.0
괴산군,201912,502063.0
괴산군,202001,629648.0
괴산군,202002,413889.0
괴산군,202003,500780.0
괴산군,202004,634026.0
괴산군,202005,787072.0
괴산군,202006,744470.0
괴산군,202007,872763.0
괴산군,202008,964046.0
괴산군,202009,757303.0
괴산군,202010,979459.0
괴산군,202011,733730.0
괴산군,202012,521962.0
괴산군,202101,485498.0
괴산군,202102,595523.0
괴산군,202103,681209.0
괴산군,202104,701293.0
괴산군,202105,794406.0
괴산군,202106,754394.0
괴산군,202107,977946.0
괴산군,202108,989474.0
괴산군,202109,905328.0
괴산군,202110,919312.0
괴산군,202111,831754.0
괴산군,202112,577576.0
괴산군,202201,681759.0
괴산군,202202,608608.0
괴산군,202203,661331.0
괴산군,202204,787354.0
괴산군,202205,912509.0
괴산군,202206,866580.0
괴산군,202207,1147938.0
괴산군,202208,1147724.0
괴산군,202209,1104496.0
괴산군,202210,1150980.0
괴산군,202211,870944.0
괴산군,202212,570619.0
괴산군,202301,718363.0
괴산군,202302,584951.0
괴산군,202303,812455.0
괴산군,202304,843046.0
괴산군,202305,897629.0
괴산군,202306,909287.0
괴산군,202307,983133.0
괴산군,202308,1192805.0
괴산군,202309,1162566.0
괴산군,202310,1114679.0
괴산군,202311,880206.0
괴산군,202312,641444.0
괴산군,202401,612767.0
괴산군,202402,827492.0
괴산군,202403,858853.0
괴산군,202404,900713.0
괴산군,202405,1016460.0
괴산군,202406,999750.0
괴산군,202407,1031507.0
괴산군,202408,1352929.0
괴산군,202409,1142300.0
괴산군,202410,1037331.0
괴산군,202411,997671.0
괴산군,202412,644085.0
괴산군,202501,823349.0
괴산군,202502,574340.0
괴산군,202503,845984.0
괴산군,202504,858939.0
괴산군,202505,1109637.0
괴산군,202506,998029.0
괴산군,202507,1169901.0
괴산군,202508,1281873.0
괴산군,202509,949922.0
괴산군,202510,1259899.0
괴산군,202511,1077392.0
괴산군,202512,668103.0
괴산군,202601,682201.0
괴산군,202602,837864.0
괴산군,202603,831364.0
괴산군,202604,858217.0
괴산군,202605,1116466.0
괴산군,202606,919352.0
괴산군,202607,1084624.0
괴산군,202608,1220173.0
구례군,201901,296201.0
구례군,201902,382591.0
구례군,201903,820357.0
구례군,201904,452185.0
구례군,201905,431754.0
구례군,201906,361469.0
구례군,201907,430630.0
구례군,201908,626804.0
구례군,201909,397993.0
구례군,201910,453913.0
구례군,201911,484419.0
구례군,201912,337774.0
구례군,202001,400911.0
구례군,202002,246347.0
구례군,202003,494584.0
구례군,202004,345968.0
구례군,202005,414205.0
구례군,202006,337216.0
구례군,202007,363444.0
구례군,202008,527551.0
구례군,202009,296873.0
구례군,202010,479361.0
구례군,202011,336847.0
구례군,202012,252110.0
구례군,202101,249230.0
구례군,202102,349214.0
구례군,202103,663493.0
구례군,202104,400910.0
구례군,202105,447822.0
구례군,202106,386942.0
구례군,202107,476562.0
구례군,202108,569460.0
구례군,202109,458743.0
구례군,202110,509307.0
구례군,202111,458858.0
구례군,202112,305306.0
구례군,202201,364233.0
구례군,202202,309865.0
구례군,202203,603952.0
구례군,202204,678587.0
구례군,202205,454830.0
구례군,202206,381422.0
구례군,202207,595811.0
구례군,202208,603459.0
구례군,202209,480998.0
구례군,202210,583045.0
구례군,202211,468445.0
구례군,202212,290245.0
구례군,202301,382849.0
구례군,202302,324218.0
구례군,202303,1088096.0
구례군,202304,588050.0
구례군,202305,510134.0
구례군,202306,430664.0
구례군,202307,436779.0
구례군,202308,606549.0
구례군,202309,495969.0
구례군,202310,611470.0
구례군,202311,470527.0
구례군,202312,334926.0
구례군,202401,322394.0
구례군,202402,426300.0
구례군,202403,1118056.0
구례군,202404,601288.0
구례군,202405,543331.0
구례군,202406,449633.0
구례군,202407,451313.0
구례군,202408,668459.0
구례군,202409,514369.0
구례군,202410,508630.0
구례군,202411,531493.0
구례군,202412,331423.0
구례군,202501,415930.0
구례군,202502,295075.0
구례군,202503,882896.0
구례군,202504,656817.0
구례군,202505,613641.0
구례군,202506,476551.0
구례군,202507,503347.0
구례군,202508,668322.0
구례군,202509,400856.0
구례군,202510,696207.0
구례군,202511,539775.0
구례군,202512,335911.0
구례군,202601,336563.0
구례군,202602,428410.0
구례군,202603,1003987.0
구례군,202604,615059.0
구례군,202605,624267.0
구례군,202606,432559.0
구례군,202607,516636.0
구례군,202608,647808.0
구로구,201901,4616652.0
구로구,201902,4110446.0
구로구,201903,5465880.0
구로구,201904,4565906.0
구로구,201905,4887557.0
구로구,201906,4900575.0
구로구,201907,5378793.0
구로구,201908,5486477.0
구로구,201909,5425448.0
구로구,201910,5425118.0
구로구,201911,5924088.0
구로구,201912,5672506.0
구로구,202001,5335264.0
구로구,202002,4160058.0
구로구,202003,3641859.0
구로구,202004,4053811.0
구로구,202005,4662177.0
구로구,202006,4257204.0
구로구,202007,4605444.0
구로구,202008,4176243.0
구로구,202009,4092096.0
구로구,202010,4944376.0
구로구,202011,4628717.0
구로구,202012,3708756.0
구로구,202101,3847287.0
구로구,202102,4093498.0
구로구,202103,4961702.0
구로구,202104,4438224.0
구로구,202105,4772842.0
구로구,202106,4720760.0
구로구,202107,4332818.0
구로구,202108,4156696.0
구로구,202109,4433097.0
구로구,202110,4787580.0
구로구,202111,4778552.0
구로구,202112,4518887.0
구로구,202201,4465628.0
구로구,202202,3827520.0
구로구,202203,4566419.0
구로구,202204,4959725.0
구로구,202205,5204044.0
구로구,202206,4905083.0
구로구,202207,5107362.0
구로구,202208,4847666.0
구로구,202209,5159698.0
구로구,202210,5401733.0
구로구,202211,5363898.0
구로구,202212,5185535.0
구로구,202301,5024829.0
구로구,202302,4845880.0
구로구,202303,5585469.0
구로구,202304,4996807.0
구로구,202305,5455293.0
구로구,202306,5208468.0
구로구,202307,5289762.0
구로구,202308,5213240.0
구로구,202309,5244157.0
구로구,202310,5225644.0
구로구,202311,5095113.0
구로구,202312,5338409.0
구로구,202401,5059679.0
구로구,202402,4969507.0
구로구,202403,5979232.0
구로구,202404,5363017.0
구로구,202405,5515533.0
구로구,202406,5393659.0
구로구,202407,5532071.0
구로구,202408,5361718.0
구로구,202409,5442449.0
구로구,202410,5586695.0
구로구,202411,5463948.0
구로구,202412,5693030.0
구로구,202501,5440342.0
구로구,202502,5113210.0
구로구,202503,6259806.0
구로구,202504,5406720.0
구로구,202505,6397663.0
구로구,202506,5889248.0
구로구,202507,5923993.0
구로구,202508,5904715.0
구로구,202509,5905632.0
구로구,202510,5757582.0
구로구,202511,6042051.0
구로구,202512,6094939.0
구로구,202601,5746623.0
구로구,202602,5209579.0
구로구,202603,6054174.0
구로구,202604,5402968.0
구로구,202605,5783640.0
구로구,202606,5426915.0
구로구,202607,5405433.0
구로구,202608,5333433.0
구리시,201901,3024890.0
구리시,201902,2852703.0
구리시,201903,3440479.0
구리시,201904,3038875.0
구리시,201905,3302251.0
구리시,201906,3193020.0
구리시,201907,3466839.0
구리시,201908,3698232.0
구리시,201909,3659708.0
구리시,201910,3599360.0
구리시,201911,3933511.0
구리시,201912,3591665.0
구리시,202001,3475076.0
구리시,202002,2849964.0
구리시,202003,3061357.0
구리시,202004,3438892.0
구리시,202005,3863624.0
구리시,202006,3748768.0
구리시,202007,3860178.0
구리시,202008,3632259.0
구리시,202009,3672434.0
구리시,202010,4324807.0
구리시,202011,3746904.0
구리시,202012,2985987.0
구리시,202101,2987481.0
구리시,202102,3345251.0
구리시,202103,3877593.0
구리시,202104,3659797.0
구리시,202105,4072241.0
구리시,202106,3806453.0
구리시,202107,3565841.0
구리시,202108,3646269.0
구리시,202109,4083139.0
구리시,202110,4072053.0
구리시,202111,3847717.0
구리시,202112,3536052.0
구리시,202201,3486655.0
구리시,202202,2857885.0
구리시,202203,3330346.0
구리시,202204,3913535.0
구리시,202205,4200913.0
구리시,202206,3720688.0
구리시,202207,3966246.0
구리시,202208,3849099.0
구리시,202209,4063379.0
구리시,202210,4082020.0
구리시,202211,3692783.0
구리시,202212,3623088.0
구리시,202301,3577746.0
구리시,202302,3332328.0
구리시,202303,3903423.0
구리시,202304,3691685.0
구리시,202305,4071443.0
구리시,202306,3496849.0
구리시,202307,3901269.0
구리시,202308,3838735.0
구리시,202309,4074644.0
구리시,202310,3910907.0
구리시,202311,3655801.0
구리시,202312,3698577.0
구리시,202401,3391121.0
구리시,202402,3443080.0
구리시,202403,3873027.0
구리시,202404,3649810.0
구리시,202405,4044006.0
구리시,202406,3598549.0
구리시,202407,3777219.0
구리시,202408,4039886.0
구리시,202409,4052128.0
구리시,202410,4147010.0
구리시,202411,3839152.0
구리시,202412,3738097.0
구리시,202501,3628603.0
구리시,202502,3290820.0
구리시,202503,3928078.0
구리시,202504,3617345.0
구리시,202505,4290775.0
구리시,202506,3982664.0
구리시,202507,4179817.0
구리시,202508,4254622.0
구리시,202509,4233822.0
구리시,202510,4435263.0
구리시,202511,4288153.0
구리시,202512,4194600.0
구리시,202601,3871982.0
구리시,202602,3814646.0
구리시,202603,4249741.0
구리시,202604,3747046.0
구리시,202605,4319012.0
구리시,202606,3869301.0
구리시,202607,3968786.0
구리시,202608,4107643.0
구미시,201901,2054566.0
구미시,201902,2182624.0
구미시,201903,2542321.0
구미시,201904,1993333.0
구미시,201905,2123952.0
구미시,201906,2005012.0
구미시,201907,2301277.0
구미시,201908,2221997.0
구미시,201909,2475608.0
구미시,201910,2201236.0
구미시,201911,2113425.0
구미시,201912,2169581.0
구미시,202001,2292208.0
구미시,202002,1678963.0
구미시,202003,1423888.0
구미시,202004,1707325.0
구미시,202005,1969090.0
구미시,202006,1931477.0
구미시,202007,2050425.0
구미시,202008,2029056.0
구미시,202009,2037278.0
구미시,202010,2196936.0
구미시,202011,1997764.0
구미시,202012,1820738.0
구미시,202101,1698238.0
구미시,202102,1844181.0
구미시,202103,2182962.0
구미시,202104,1837643.0
구미시,202105,1988574.0
구미시,202106,1882780.0
구미시,202107,1982673.0
구미시,202108,1890029.0
구미시,202109,2110712.0
구미시,202110,2068607.0
구미시,202111,1936791.0
구미시,202112,1906266.0
구미시,202201,2042718.0
구미시,202202,1696588.0
구미시,202203,2099398.0
구미시,202204,1928906.0
구미시,202205,2100107.0
구미시,202206,1980647.0
구미시,202207,2536103.0
구미시,202208,2153401.0
구미시,202209,2344482.0
구미시,202210,2218091.0
구미시,202211,2082249.0
구미시,202212,2045772.0
구미시,202301,2249990.0
구미시,202302,1932951.0
구미시,202303,2389298.0
구미시,202304,2060040.0
구미시,202305,2209585.0
구미시,202306,2097577.0
구미시,202307,2173206.0
구미시,202308,2166578.0
구미시,202309,2400520.0
구미시,202310,2275105.0
구미시,202311,2061772.0
구미시,202312,2141369.0
구미시,202401,2044269.0
구미시,202402,2211249.0
구미시,202403,2444714.0
구미시,202404,2062212.0
구미시,202405,2285556.0
구미시,202406,2174476.0
구미시,202407,2217533.0
구미시,202408,2171977.0
구미시,202409,2518924.0
구미시,202410,2221116.0
구미시,202411,2179816.0
구미시,202412,2153328.0
구미시,202501,2317493.0
구미시,202502,1929485.0
구미시,202503,2404516.0
구미시,202504,2091971.0
구미시,202505,2558637.0
구미시,202506,2280215.0
구미시,202507,2356669.0
구미시,202508,2362661.0
구미시,202509,2361871.0
구미시,202510,2655471.0
구미시,202511,2346542.0
구미시,202512,2248228.0
구미시,202601,2170729.0
구미시,202602,2221480.0
구미시,202603,2529014.0
구미시,202604,2082542.0
구미시,202605,2322923.0
구미시,202606,2142641.0
구미시,202607,2244772.0
구미시,202608,2265631.0
군산시,201901,1629679.0
군산시,201902,1859963.0
군산시,201903,2115710.0
군산시,201904,1798894.0
군산시,201905,1970018.0
군산시,201906,1776611.0
군산시,201907,1889625.0
군산시,201908,2208194.0
군산시,201909,2313550.0
군산시,201910,2208062.0
군산시,201911,2012811.0
군산시,201912,1868155.0
군산시,202001,1927931.0
군산시,202002,1253795.0
군산시,202003,1505577.0
군산시,202004,1587061.0
군산시,202005,2022919.0
군산시,202006,1765106.0
군산시,202007,1938852.0
군산시,202008,2082254.0
군산시,202009,1889060.0
군산시,202010,2301329.0
군산시,202011,1758590.0
군산시,202012,1502223.0
군산시,202101,1430882.0
군산시,202102,1678337.0
군산시,202103,1918996.0
군산시,202104,1694061.0
군산시,202105,1988877.0
군산시,202106,1771775.0
군산시,202107,1874711.0
군산시,202108,2062805.0
군산시,202109,2260669.0
군산시,202110,2176060.0
군산시,202111,1851346.0
군산시,202112,1695348.0
군산시,202201,1848249.0
군산시,202202,1537150.0
군산시,202203,1745408.0
군산시,202204,1778730.0
군산시,202205,2017251.0
군산시,202206,2040032.0
군산시,202207,2788656.0
군산시,202208,2287487.0
군산시,202209,2528379.0
군산시,202210,2423685.0
군산시,202211,2030246.0
군산시,202212,1726059.0
군산시,202301,2014484.0
군산시,202302,1758086.0
군산시,202303,2191950.0
군산시,202304,2088324.0
군산시,202305,2186211.0
군산시,202306,1988744.0
군산시,202307,2006311.0
군산시,202308,2240750.0
군산시,202309,2437191.0
군산시,202310,2435932.0
군산시,202311,1902776.0
군산시,202312,1903008.0
군산시,202401,1791590.0
군산시,202402,2061802.0
군산시,202403,2285290.0
군산시,202404,2076818.0
군산시,202405,2239565.0
군산시,202406,2076931.0
군산시,202407,1980457.0
군산시,202408,2291111.0
군산시,202409,2521304.0
군산시,202410,2306075.0
군산시,202411,2067701.0
군산시,202412,1923170.0
군산시,202501,2099624.0
군산시,202502,1634686.0
군산시,202503,2281320.0
군산시,202504,2003324.0
군산시,202505,2519440.0
군산시,202506,2159996.0
군산시,202507,2132462.0
군산시,202508,2473479.0
군산시,202509,2273693.0
군산시,202510,2946781.0
군산시,202511,2222400.0
군산시,202512,2070485.0
군산시,202601,1985844.0
군산시,202602,2155550.0
군산시,202603,2353409.0
군산시,202604,2116948.0
군산시,202605,2504804.0
군산시,202606,2085567.0
군산시,202607,2171414.0
군산시,202608,2493826.0
군위군,201901,436701.0
군위군,201902,527679.0
군위군,201903,509895.0
군위군,201904,482943.0
군위군,201905,578531.0
군위군,201906,558725.0
군위군,201907,599614.0
군위군,201908,717663.0
군위군,201909,708900.0
군위군,201910,623138.0
군위군,201911,574525.0
군위군,201912,474396.0
군위군,202001,614302.0
군위군,202002,351772.0
군위군,202003,390494.0
군위군,202004,480512.0
군위군,202005,612254.0
군위군,202006,535844.0
군위군,202007,579155.0
군위군,202008,768329.0
군위군,202009,557984.0
군위군,202010,708626.0
군위군,202011,551571.0
군위군,202012,395385.0
군위군,202101,380620.0
군위군,202102,478322.0
군위군,202103,501757.0
군위군,202104,538035.0
군위군,202105,638190.0
군위군,202106,584536.0
군위군,202107,603392.0
군위군,202108,662152.0
군위군,202109,708667.0
군위군,202110,663918.0
군위군,202111,571666.0
군위군,202112,444956.0
군위군,202201,493149.0
군위군,202202,450967.0
군위군,202203,478931.0
군위군,202204,575217.0
군위군,202205,641558.0
군위군,202206,550263.0
군위군,202207,683055.0
군위군,202208,717439.0
군위군,202209,755076.0
군위군,202210,750471.0
군위군,202211,590491.0
군위군,202212,456143.0
군위군,202301,577792.0
군위군,202302,472790.0
군위군,202303,572001.0
군위군,202304,642737.0
군위군,202305,705878.0
군위군,202306,645509.0
군위군,202307,657323.0
군위군,202308,702258.0
군위군,202309,854938.0
군위군,202310,798096.0
군위군,202311,607291.0
군위군,202312,523171.0
군위군,202401,496902.0
군위군,202402,646437.0
군위군,202403,634471.0
군위군,202404,656591.0
군위군,202405,752994.0
군위군,202406,698782.0
군위군,202407,656481.0
군위군,202408,770706.0
군위군,202409,854795.0
군위군,202410,751519.0
군위군,202411,688634.0
군위군,202412,530295.0
군위군,202501,634334.0
군위군,202502,455873.0
군위군,202503,606830.0
군위군,202504,602648.0
군위군,202505,779741.0
군위군,202506,654743.0
군위군,202507,666542.0
군위군,202508,748414.0
군위군,202509,650085.0
군위군,202510,946723.0
군위군,202511,697692.0
군위군,202512,512950.0
군위군,202601,485538.0
군위군,202602,617437.0
군위군,202603,594420.0
군위군,202604,601190.0
군위군,202605,758681.0
군위군,202606,615523.0
군위군,202607,621389.0
군위군,202608,689357.0
군포시,201901,2043437.0
군포시,201902,1878170.0
군포시,201903,2384720.0
군포시,201904,1934726.0
군포시,201905,2092862.0
군포시,201906,2093477.0
군포시,201907,2325332.0
군포시,201908,2539365.0
군포시,201909,2403827.0
군포시,201910,2323136.0
군포시,201911,2397838.0
군포시,201912,2206887.0
군포시,202001,2235687.0
군포시,202002,1800284.0
군포시,202003,1838449.0
군포시,202004,1995317.0
군포시,202005,2188827.0
군포시,202006,1970655.0
군포시,202007,2096892.0
군포시,202008,1873411.0
군포시,202009,2023084.0
군포시,202010,2153500.0
군포시,202011,1878727.0
군포시,202012,1665474.0
군포시,202101,1725652.0
군포시,202102,1809404.0
군포시,202103,2105327.0
군포시,202104,1922290.0
군포시,202105,2038231.0
군포시,202106,1965467.0
군포시,202107,1911101.0
군포시,202108,1869290.0
군포시,202109,2043337.0
군포시,202110,2078418.0
군포시,202111,1985787.0
군포시,202112,1934594.0
군포시,202201,2044070.0
군포시,202202,1723474.0
군포시,202203,2035115.0
군포시,202204,2213338.0
군포시,202205,2299347.0
군포시,202206,2078502.0
군포시,202207,2215420.0
군포시,202208,2126973.0
군포시,202209,2310702.0
군포시,202210,2267241.0
군포시,202211,2118493.0
군포시,202212,2119673.0
군포시,202301,2215823.0
군포시,202302,1975093.0
군포시,202303,2346480.0
군포시,202304,2220384.0
군포시,202305,2290959.0
군포시,202306,2207113.0
군포시,202307,2269463.0
군포시,202308,2170695.0
군포시,202309,2200284.0
군포시,202310,2208323.0
군포시,202311,2048607.0
군포시,202312,2094192.0
군포시,202401,2040456.0
군포시,202402,2095046.0
군포시,202403,2326920.0
군포시,202404,2177024.0
군포시,202405,2173902.0
군포시,202406,2064922.0
군포시,202407,2091929.0
군포시,202408,2059015.0
군포시,202409,2148519.0
군포시,202410,2152844.0
군포시,202411,2040112.0
군포시,202412,2056390.0
군포시,202501,2081277.0
군포시,202502,1885601.0
군포시,202503,2245838.0
군포시,202504,2150532.0
군포시,202505,2394323.0
군포시,202506,2177801.0
군포시,202507,2282075.0
군포시,202508,2178334.0
군포시,202509,2188067.0
군포시,202510,2298150.0
군포시,202511,2225041.0
군포시,202512,2220096.0
군포시,202601,2114663.0
군포시,202602,2056119.0
군포시,202603,2403557.0
군포시,202604,2245920.0
군포시,202605,2287791.0
군포시,202606,2093846.0
군포시,202607,2139122.0
군포시,202608,2139722.0
금산군,201901,663542.0
금산군,201902,751056.0
금산군,201903,846622.0
금산군,201904,769148.0
금산군,201905,863693.0
금산군,201906,796497.0
금산군,201907,853606.0
금산군,201908,1031194.0
금산군,201909,1011862.0
금산군,201910,954308.0
금산군,201911,850853.0
금산군,201912,680322.0
금산군,202001,835837.0
금산군,202002,527985.0
금산군,202003,680658.0
금산군,202004,753281.0
금산군,202005,867055.0
금산군,202006,740828.0
금산군,202007,747328.0
금산군,202008,867790.0
금산군,202009,761764.0
금산군,202010,933848.0
금산군,202011,759466.0
금산군,202012,567199.0
금산군,202101,544421.0
금산군,202102,655640.0
금산군,202103,704535.0
금산군,202104,743289.0
금산군,202105,839170.0
금산군,202106,742145.0
금산군,202107,809313.0
금산군,202108,831886.0
금산군,202109,938902.0
금산군,202110,992523.0
금산군,202111,813414.0
금산군,202112,641038.0
금산군,202201,715754.0
금산군,202202,600950.0
금산군,202203,704394.0
금산군,202204,837260.0
금산군,202205,1001375.0
금산군,202206,910949.0
금산군,202207,972937.0
금산군,202208,982136.0
금산군,202209,1040746.0
금산군,202210,1162198.0
금산군,202211,855346.0
금산군,202212,613650.0
금산군,202301,789080.0
금산군,202302,633351.0
금산군,202303,862058.0
금산군,202304,861257.0
금산군,202305,883490.0
금산군,202306,869395.0
금산군,202307,844710.0
금산군,202308,928553.0
금산군,202309,1031595.0
금산군,202310,1119357.0
금산군,202311,814896.0
금산군,202312,659675.0
금산군,202401,678156.0
금산군,202402,767813.0
금산군,202403,848287.0
금산군,202404,847591.0
금산군,202405,870582.0
금산군,202406,823294.0
금산군,202407,818062.0
금산군,202408,912245.0
금산군,202409,990980.0
금산군,202410,1041340.0
금산군,202411,846836.0
금산군,202412,652848.0
금산군,202501,722331.0
금산군,202502,620279.0
금산군,202503,814663.0
금산군,202504,805926.0
금산군,202505,966465.0
금산군,202506,803095.0
금산군,202507,848142.0
금산군,202508,999704.0
금산군,202509,977833.0
금산군,202510,1097556.0
금산군,202511,926857.0
금산군,202512,705320.0
금산군,202601,700568.0
금산군,202602,803335.0
금산군,202603,820683.0
금산군,202604,773698.0
금산군,202605,942480.0
금산군,202606,796049.0
금산군,202607,870792.0
금산군,202608,945786.0
금정구,201901,2261447.0
금정구,201902,2453757.0
금정구,201903,3095259.0
금정구,201904,2125769.0
금정구,201905,2594192.0
금정구,201906,2266773.0
금정구,201907,2364349.0
금정구,201908,2406236.0
금정구,201909,2886504.0
금정구,201910,2438086.0
금정구,201911,2375441.0
금정구,201912,2446542.0
금정구,202001,2463693.0
금정구,202002,1863794.0
금정구,202003,1723274.0
금정구,202004,1969006.0
금정구,202005,2317949.0
금정구,202006,2188252.0
금정구,202007,2164584.0
금정구,202008,2145406.0
금정구,202009,2193489.0
금정구,202010,2365199.0
금정구,202011,2237306.0
금정구,202012,1768132.0
금정구,202101,1772843.0
금정구,202102,2028630.0
금정구,202103,2529997.0
금정구,202104,2024184.0
금정구,202105,2274324.0
금정구,202106,2076111.0
금정구,202107,2060619.0
금정구,202108,1953236.0
금정구,202109,2346102.0
금정구,202110,2327780.0
금정구,202111,2286406.0
금정구,202112,2197130.0
금정구,202201,2167854.0
금정구,202202,1939540.0
금정구,202203,2534145.0
금정구,202204,2286570.0
금정구,202205,2596396.0
금정구,202206,2246673.0
금정구,202207,2333079.0
금정구,202208,2301299.0
금정구,202209,2769519.0
금정구,202210,2497066.0
금정구,202211,2359293.0
금정구,202212,2302289.0
금정구,202301,2425741.0
금정구,202302,2179461.0
금정구,202303,3009485.0
금정구,202304,2328449.0
금정구,202305,2552042.0
금정구,202306,2333193.0
금정구,202307,2325405.0
금정구,202308,2361580.0
금정구,202309,2952306.0
금정구,202310,2529421.0
금정구,202311,2347975.0
금정구,202312,2334284.0
금정구,202401,2248824.0
금정구,202402,2456645.0
금정구,202403,2959295.0
금정구,202404,2266919.0
금정구,202405,2689727.0
금정구,202406,2342385.0
금정구,202407,2292183.0
금정구,202408,2328777.0
금정구,202409,2850904.0
금정구,202410,2479039.0
금정구,202411,2483407.0
금정구,202412,2413191.0
금정구,202501,2487450.0
금정구,202502,2175629.0
금정구,202503,2967391.0
금정구,202504,2352197.0
금정구,202505,2783777.0
금정구,202506,2426596.0
금정구,202507,2504759.0
금정구,202508,2472968.0
금정구,202509,2795677.0
금정구,202510,2792757.0
금정구,202511,2673549.0
금정구,202512,2523037.0
금정구,202601,2367786.0
금정구,202602,2499951.0
금정구,202603,3078925.0
금정구,202604,2337515.0
금정구,202605,2907221.0
금정구,202606,2443046.0
금정구,202607,2460023.0
금정구,202608,2485658.0
금천구,201901,2317445.0
금천구,201902,2003333.0
금천구,201903,2566150.0
금천구,201904,2037395.0
금천구,201905,2231826.0
금천구,201906,2202688.0
금천구,201907,2556051.0
금천구,201908,2505577.0
금천구,201909,2413767.0
금천구,201910,2370790.0
금천구,201911,2696207.0
금천구,201912,2382134.0
금천구,202001,2447319.0
금천구,202002,2052884.0
금천구,202003,1929543.0
금천구,202004,2027598.0
금천구,202005,2154537.0
금천구,202006,2084506.0
금천구,202007,2184118.0
금천구,202008,1958845.0
금천구,202009,2044798.0
금천구,202010,2309676.0
금천구,202011,2195665.0
금천구,202012,1892748.0
금천구,202101,2009778.0
금천구,202102,2002008.0
금천구,202103,2432258.0
금천구,202104,2138972.0
금천구,202105,2271867.0
금천구,202106,2314664.0
금천구,202107,2117174.0
금천구,202108,2123551.0
금천구,202109,2276212.0
금천구,202110,2388839.0
금천구,202111,2355259.0
금천구,202112,2196321.0
금천구,202201,2361561.0
금천구,202202,1966233.0
금천구,202203,2389744.0
금천구,202204,2612345.0
금천구,202205,2626301.0
금천구,202206,2409220.0
금천구,202207,2603481.0
금천구,202208,2417836.0
금천구,202209,2583710.0
금천구,202210,2614217.0
금천구,202211,2473380.0
금천구,202212,2429313.0
금천구,202301,2428466.0
금천구,202302,2349334.0
금천구,202303,2595627.0
금천구,202304,2332211.0
금천구,202305,2562996.0
금천구,202306,2426998.0
금천구,202307,2416238.0
금천구,202308,2304850.0
금천구,202309,2358444.0
금천구,202310,2388410.0
금천구,202311,2334281.0
금천구,202312,2360092.0
금천구,202401,2441231.0
금천구,202402,2254539.0
금천구,202403,2643872.0
금천구,202404,2393773.0
금천구,202405,2403737.0
금천구,202406,2330009.0
금천구,202407,2533067.0
금천구,202408,2296219.0
금천구,202409,2303758.0
금천구,202410,2445213.0
금천구,202411,2279377.0
금천구,202412,2304939.0
금천구,202501,2272926.0
금천구,202502,2275447.0
금천구,202503,2511563.0
금천구,202504,2357307.0
금천구,202505,2749057.0
금천구,202506,2500839.0
금천구,202507,2671123.0
금천구,202508,2414844.0
금천구,202509,2533267.0
금천구,202510,2648104.0
금천구,202511,2671291.0
금천구,202512,2574699.0
금천구,202601,2461416.0
금천구,202602,2410384.0
금천구,202603,2879150.0
금천구,202604,2607177.0
금천구,202605,2696253.0
금천구,202606,2700290.0
금천구,202607,2668857.0
금천구,202608,2645973.0
기장군,201901,2683232.0
기장군,201902,2856914.0
기장군,201903,2988857.0
기장군,201904,2636611.0
기장군,201905,3071580.0
기장군,201906,2765974.0
기장군,201907,2951649.0
기장군,201908,3217145.0
기장군,201909,2974921.0
기장군,201910,3057721.0
기장군,201911,2980121.0
기장군,201912,3080811.0
기장군,202001,3143043.0
기장군,202002,2594417.0
기장군,202003,2721266.0
기장군,202004,3054909.0
기장군,202005,3697127.0
기장군,202006,3147841.0
기장군,202007,3321233.0
기장군,202008,3679023.0
기장군,202009,2937838.0
기장군,202010,3538984.0
기장군,202011,3093232.0
기장군,202012,2507590.0
기장군,202101,2711373.0
기장군,202102,2939617.0
기장군,202103,3126432.0
기장군,202104,2980799.0
기장군,202105,3492734.0
기장군,202106,3088363.0
기장군,202107,3147406.0
기장군,202108,3160232.0
기장군,202109,3293186.0
기장군,202110,3613758.0
기장군,202111,3209583.0
기장군,202112,3006129.0
기장군,202201,3298480.0
기장군,202202,2736559.0
기장군,202203,2944474.0
기장군,202204,3407542.0
기장군,202205,3919122.0
기장군,202206,3429460.0
기장군,202207,3685191.0
기장군,202208,3807174.0
기장군,202209,3521803.0
기장군,202210,3763441.0
기장군,202211,3219517.0
기장군,202212,3273140.0
기장군,202301,3759975.0
기장군,202302,3151036.0
기장군,202303,3456497.0
기장군,202304,3528009.0
기장군,202305,3718343.0
기장군,202306,3456026.0
기장군,202307,3576363.0
기장군,202308,3709021.0
기장군,202309,3456937.0
기장군,202310,3580610.0
기장군,202311,2953102.0
기장군,202312,3245317.0
기장군,202401,3123458.0
기장군,202402,3259374.0
기장군,202403,3401418.0
기장군,202404,3141827.0
기장군,202405,3667797.0
기장군,202406,3252839.0
기장군,202407,3299399.0
기장군,202408,3646553.0
기장군,202409,3641945.0
기장군,202410,3470323.0
기장군,202411,3285902.0
기장군,202412,3394775.0
기장군,202501,3685662.0
기장군,202502,2933376.0
기장군,202503,3392488.0
기장군,202504,3149527.0
기장군,202505,3903612.0
기장군,202506,3414889.0
기장군,202507,3473280.0
기장군,202508,3835966.0
기장군,202509,3307927.0
기장군,202510,4171533.0
기장군,202511,3544957.0
기장군,202512,3411097.0
기장군,202601,3370465.0
기장군,202602,3503456.0
기장군,202603,3419237.0
기장군,202604,3262744.0
기장군,202605,4098097.0
기장군,202606,3254626.0
기장군,202607,3605077.0
기장군,202608,3806239.0
김제시,201901,735325.0
김제시,201902,866076.0
김제시,201903,834428.0
김제시,201904,812483.0
김제시,201905,895999.0
김제시,201906,812137.0
김제시,201907,832451.0
김제시,201908,889683.0
김제시,201909,1050842.0
김제시,201910,977145.0
김제시,201911,951300.0
김제시,201912,817981.0
김제시,202001,948647.0
김제시,202002,678584.0
김제시,202003,841228.0
김제시,202004,887548.0
김제시,202005,974205.0
김제시,202006,860879.0
김제시,202007,867426.0
김제시,202008,891503.0
김제시,202009,939077.0
김제시,202010,1101065.0
김제시,202011,817028.0
김제시,202012,782898.0
김제시,202101,723725.0
김제시,202102,887340.0
김제시,202103,952227.0
김제시,202104,955498.0
김제시,202105,1043132.0
김제시,202106,942578.0
김제시,202107,960006.0
김제시,202108,953940.0
김제시,202109,1192407.0
김제시,202110,1075839.0
김제시,202111,1045554.0
김제시,202112,862012.0
김제시,202201,937038.0
김제시,202202,776047.0
김제시,202203,887302.0
김제시,202204,968442.0
김제시,202205,969866.0
김제시,202206,879206.0
김제시,202207,1186950.0
김제시,202208,968171.0
김제시,202209,1243655.0
김제시,202210,1171470.0
김제시,202211,1069061.0
김제시,202212,819574.0
김제시,202301,1003678.0
김제시,202302,831807.0
김제시,202303,1044464.0
김제시,202304,1038415.0
김제시,202305,1094087.0
김제시,202306,984951.0
김제시,202307,956677.0
김제시,202308,1035007.0
김제시,202309,1156560.0
김제시,202310,1204547.0
김제시,202311,968502.0
김제시,202312,881073.0
김제시,202401,834831.0
김제시,202402,1003920.0
김제시,202403,1023122.0
김제시,202404,1049624.0
김제시,202405,1137346.0
김제시,202406,1010646.0
김제시,202407,943883.0
김제시,202408,1003174.0
김제시,202409,1176900.0
김제시,202410,1134947.0
김제시,202411,1015993.0
김제시,202412,908928.0
김제시,202501,1020236.0
김제시,202502,773939.0
김제시,202503,1045645.0
김제시,202504,1010582.0
김제시,202505,1201999.0
김제시,202506,1030212.0
김제시,202507,993596.0
김제시,202508,1057658.0
김제시,202509,1001343.0
김제시,202510,1453464.0
김제시,202511,1156989.0
김제시,202512,1017840.0
김제시,202601,939922.0
김제시,202602,1066721.0
김제시,202603,1086241.0
김제시,202604,1103083.0
김제시,202605,1246669.0
김제시,202606,1058003.0
김제시,202607,1058711.0
김제시,202608,1082944.0
김천시,201901,877686.0
김천시,201902,1047784.0
김천시,201903,1075236.0
김천시,201904,992438.0
김천시,201905,1049440.0
김천시,201906,943867.0
김천시,201907,1049632.0
김천시,201908,1135139.0
김천시,201909,1212051.0
김천시,201910,1034665.0
김천시,201911,1011346.0
김천시,201912,936460.0
김천시,202001,1097224.0
김천시,202002,716219.0
김천시,202003,668131.0
김천시,202004,816292.0
김천시,202005,1001319.0
김천시,202006,900525.0
김천시,202007,982711.0
김천시,202008,1057769.0
김천시,202009,980251.0
김천시,202010,1149825.0
김천시,202011,928585.0
김천시,202012,755908.0
김천시,202101,736613.0
김천시,202102,888210.0
김천시,202103,990144.0
김천시,202104,961921.0
김천시,202105,975606.0
김천시,202106,928320.0
김천시,202107,1003972.0
김천시,202108,990469.0
김천시,202109,1138487.0
김천시,202110,1049587.0
김천시,202111,979704.0
김천시,202112,877589.0
김천시,202201,923268.0
김천시,202202,804273.0
김천시,202203,929201.0
김천시,202204,1039160.0
김천시,202205,1093898.0
김천시,202206,1046796.0
김천시,202207,1266292.0
김천시,202208,1118630.0
김천시,202209,1219640.0
김천시,202210,1164149.0
김천시,202211,1035075.0
김천시,202212,922313.0
김천시,202301,1074359.0
김천시,202302,860002.0
김천시,202303,1156596.0
김천시,202304,1095458.0
김천시,202305,1153803.0
김천시,202306,1056044.0
김천시,202307,1067994.0
김천시,202308,1108150.0
김천시,202309,1272572.0
김천시,202310,1166146.0
김천시,202311,1011470.0
김천시,202312,974242.0
김천시,202401,928353.0
김천시,202402,1207934.0
김천시,202403,1300720.0
김천시,202404,1231405.0
김천시,202405,1284911.0
김천시,202406,1230780.0
김천시,202407,1208213.0
김천시,202408,1286133.0
김천시,202409,1496201.0
김천시,202410,1286532.0
김천시,202411,1225112.0
김천시,202412,1100464.0
김천시,202501,1292715.0
김천시,202502,982514.0
김천시,202503,1319118.0
김천시,202504,1254263.0
김천시,202505,1506051.0
김천시,202506,1278291.0
김천시,202507,1301159.0
김천시,202508,1349498.0
김천시,202509,1319068.0
김천시,202510,1663258.0
김천시,202511,1344517.0
김천시,202512,1153737.0
김천시,202601,1118068.0
김천시,202602,1288752.0
김천시,202603,1318199.0
김천시,202604,1287984.0
김천시,202605,1440418.0
김천시,202606,1248938.0
김천시,202607,1296665.0
김천시,202608,1344880.0
김포시,201901,3602621.0
김포시,201902,3270082.0
김포시,201903,4289044.0
김포시,201904,3610768.0
김포시,201905,3866735.0
김포시,201906,3868008.0
김포시,201907,4067576.0
김포시,201908,4477089.0
김포시,201909,4186078.0
김포시,201910,4189129.0
김포시,201911,4302358.0
김포시,201912,3937636.0
김포시,202001,3834238.0
김포시,202002,3189605.0
김포시,202003,3845560.0
김포시,202004,3951721.0
김포시,202005,4247893.0
김포시,202006,3942585.0
김포시,202007,4272681.0
김포시,202008,4033888.0
김포시,202009,4478972.0
김포시,202010,4799298.0
김포시,202011,3925470.0
김포시,202012,3716582.0
김포시,202101,3570255.0
김포시,202102,3765136.0
김포시,202103,4365023.0
김포시,202104,4069093.0
김포시,202105,4380849.0
김포시,202106,4032982.0
김포시,202107,4057424.0
김포시,202108,4171939.0
김포시,202109,4712701.0
김포시,202110,4760409.0
김포시,202111,4073653.0
김포시,202112,3904574.0
김포시,202201,4028717.0
김포시,202202,3434179.0
김포시,202203,4076211.0
김포시,202204,4212010.0
김포시,202205,4600196.0
김포시,202206,4245924.0
김포시,202207,4434994.0
김포시,202208,4269248.0
김포시,202209,4685734.0
김포시,202210,4789242.0
김포시,202211,4133842.0
김포시,202212,4013444.0
김포시,202301,4116699.0
김포시,202302,3823619.0
김포시,202303,4525465.0
김포시,202304,4177688.0
김포시,202305,4632269.0
김포시,202306,4303043.0
김포시,202307,4454312.0
김포시,202308,4414285.0
김포시,202309,4440114.0
김포시,202310,4421427.0
김포시,202311,3898749.0
김포시,202312,4046580.0
김포시,202401,3904690.0
김포시,202402,3950198.0
김포시,202403,4419065.0
김포시,202404,4044872.0
김포시,202405,4392207.0
김포시,202406,4103284.0
김포시,202407,4071912.0
김포시,202408,4274798.0
김포시,202409,4470810.0
김포시,202410,4590169.0
김포시,202411,4046444.0
김포시,202412,4045386.0
김포시,202501,4117651.0
김포시,202502,3623784.0
김포시,202503,4417168.0
김포시,202504,3964151.0
김포시,202505,4853453.0
김포시,202506,4365772.0
김포시,202507,4464222.0
김포시,202508,4541283.0
김포시,202509,4417137.0
김포시,202510,5009150.0
김포시,202511,4490839.0
김포시,202512,4239164.0
김포시,202601,4083684.0
김포시,202602,4087671.0
김포시,202603,4760347.0
김포시,202604,4133863.0
김포시,202605,4725215.0
김포시,202606,4289117.0
김포시,202607,4422673.0
김포시,202608,4564698.0
김해시,201901,2963895.0
김해시,201902,3130130.0
김해시,201903,3563315.0
김해시,201904,2946691.0
김해시,201905,3405233.0
김해시,201906,3040778.0
김해시,201907,3349308.0
김해시,201908,3395265.0
김해시,201909,3394099.0
김해시,201910,3397188.0
김해시,201911,3197612.0
김해시,201912,3410383.0
김해시,202001,3593218.0
김해시,202002,2764274.0
김해시,202003,2797659.0
김해시,202004,2910056.0
김해시,202005,3453688.0
김해시,202006,3164940.0
김해시,202007,3221508.0
김해시,202008,3375204.0
김해시,202009,3188638.0
김해시,202010,3635388.0
김해시,202011,3210248.0
김해시,202012,2921400.0
김해시,202101,2822734.0
김해시,202102,3016399.0
김해시,202103,3531264.0
김해시,202104,3176896.0
김해시,202105,3453090.0
김해시,202106,3166568.0
김해시,202107,3192969.0
김해시,202108,2973012.0
김해시,202109,3500888.0
김해시,202110,3522827.0
김해시,202111,3269118.0
김해시,202112,3156332.0
김해시,202201,3356112.0
김해시,202202,2902718.0
김해시,202203,3357882.0
김해시,202204,3479919.0
김해시,202205,3904496.0
김해시,202206,3632222.0
김해시,202207,3702569.0
김해시,202208,3740337.0
김해시,202209,3896742.0
김해시,202210,3981685.0
김해시,202211,3558966.0
김해시,202212,3555695.0
김해시,202301,3799801.0
김해시,202302,3236691.0
김해시,202303,3932560.0
김해시,202304,3588979.0
김해시,202305,3823631.0
김해시,202306,3689761.0
김해시,202307,3848395.0
김해시,202308,3839590.0
김해시,202309,3899470.0
김해시,202310,3728001.0
김해시,202311,3354596.0
김해시,202312,3434071.0
김해시,202401,3403100.0
김해시,202402,3565647.0
김해시,202403,3845432.0
김해시,202404,3483405.0
김해시,202405,3858115.0
김해시,202406,3596284.0
김해시,202407,3685982.0
김해시,202408,3823042.0
김해시,202409,3972179.0
김해시,202410,3838917.0
김해시,202411,3623598.0
김해시,202412,3639292.0
김해시,202501,3903642.0
김해시,202502,3218096.0
김해시,202503,3969745.0
김해시,202504,3578039.0
김해시,202505,4465123.0
김해시,202506,3835556.0
김해시,202507,4060203.0
김해시,202508,4166404.0
김해시,202509,3865788.0
김해시,202510,4528014.0
김해시,202511,4030325.0
김해시,202512,3914768.0
김해시,202601,3822404.0
김해시,202602,3871080.0
김해시,202603,4201443.0
김해시,202604,3724952.0
김해시,202605,4284612.0
김해시,202606,3756547.0
김해시,202607,4027644.0
김해시,202608,4150245.0
나주시,201901,1035232.0
나주시,201902,1175515.0
나주시,201903,1312096.0
나주시,201904,1205679.0
나주시,201905,1275869.0
나주시,201906,1150073.0
나주시,201907,1189172.0
나주시,201908,1276855.0
나주시,201909,1390051.0
나주시,201910,1362385.0
나주시,201911,1244594.0
나주시,201912,1165026.0
나주시,202001,1268020.0
나주시,202002,944551.0
나주시,202003,1135328.0
나주시,202004,1164051.0
나주시,202005,1316458.0
나주시,202006,1186239.0
나주시,202007,1156412.0
나주시,202008,1199415.0
나주시,202009,1201574.0
나주시,202010,1364215.0
나주시,202011,1147252.0
나주시,202012,1110752.0
나주시,202101,1004404.0
나주시,202102,1175112.0
나주시,202103,1394899.0
나주시,202104,1311869.0
나주시,202105,1406247.0
나주시,202106,1302406.0
나주시,202107,1252458.0
나주시,202108,1308466.0
나주시,202109,1476348.0
나주시,202110,1481028.0
나주시,202111,1303024.0
나주시,202112,1228371.0
나주시,202201,1244452.0
나주시,202202,1099927.0
나주시,202203,1343470.0
나주시,202204,1396488.0
나주시,202205,1360723.0
나주시,202206,1257949.0
나주시,202207,1717352.0
나주시,202208,1407251.0
나주시,202209,1548511.0
나주시,202210,1466296.0
나주시,202211,1325472.0
나주시,202212,1150466.0
나주시,202301,1321400.0
나주시,202302,1148019.0
나주시,202303,1508582.0
나주시,202304,1438717.0
나주시,202305,1418920.0
나주시,202306,1322805.0
나주시,202307,1295512.0
나주시,202308,1409266.0
나주시,202309,1451285.0
나주시,202310,1471343.0
나주시,202311,1242566.0
나주시,202312,1183216.0
나주시,202401,1129789.0
나주시,202402,1291809.0
나주시,202403,1467901.0
나주시,202404,1383439.0
나주시,202405,1431550.0
나주시,202406,1278646.0
나주시,202407,1290386.0
나주시,202408,1386589.0
나주시,202409,1512498.0
나주시,202410,1429647.0
나주시,202411,1322529.0
나주시,202412,1213121.0
나주시,202501,1321129.0
나주시,202502,1077374.0
나주시,202503,1503065.0
나주시,202504,1384942.0
나주시,202505,1582196.0
나주시,202506,1355313.0
나주시,202507,1386317.0
나주시,202508,1429063.0
나주시,202509,1393894.0
나주시,202510,1850715.0
나주시,202511,1432950.0
나주시,202512,1311971.0
나주시,202601,1188558.0
나주시,202602,1332742.0
나주시,202603,1557240.0
나주시,202604,1401346.0
나주시,202605,1564364.0
나주시,202606,1344143.0
나주시,202607,1327860.0
나주시,202608,1381435.0
남구,201901,10013048.0
남구,201902,9976819.0
남구,201903,11992815.0
남구,201904,9371320.0
남구,201905,10736664.0
남구,201906,9613329.0
남구,201907,10555029.0
남구,201908,10231081.0
남구,201909,11004740.0
남구,201910,10409488.0
남구,201911,10119718.0
남구,201912,10846210.0
남구,202001,10686376.0
남구,202002,8100032.0
남구,202003,7184603.0
남구,202004,8176131.0
남구,202005,9721724.0
남구,202006,9198565.0
남구,202007,9309817.0
남구,202008,9151728.0
남구,202009,8882008.0
남구,202010,9978570.0
남구,202011,9314569.0
남구,202012,8213055.0
남구,202101,8005653.0
남구,202102,8578811.0
남구,202103,10297644.0
남구,202104,8674932.0
남구,202105,9259209.0
남구,202106,9068553.0
남구,202107,9325564.0
남구,202108,8914061.0
남구,202109,9803543.0
남구,202110,9814763.0
남구,202111,9542808.0
남구,202112,9332553.0
남구,202201,9275731.0
남구,202202,7995302.0
남구,202203,9922331.0
남구,202204,9386286.0
남구,202205,10247373.0
남구,202206,9413344.0
남구,202207,10791463.0
남구,202208,9764639.0
남구,202209,10761065.0
남구,202210,10460375.0
남구,202211,9698463.0
남구,202212,9852981.0
남구,202301,10279623.0
남구,202302,9184063.0
남구,202303,11495743.0
남구,202304,9555005.0
남구,202305,10533499.0
남구,202306,9917183.0
남구,202307,10090719.0
남구,202308,10070402.0
남구,202309,10985355.0
남구,202310,10454141.0
남구,202311,9706489.0
남구,202312,10119289.0
남구,202401,9880778.0
남구,202402,9930654.0
남구,202403,11436909.0
남구,202404,9560093.0
남구,202405,10534855.0
남구,202406,9866960.0
남구,202407,10056623.0
남구,202408,9850590.0
남구,202409,10819675.0
남구,202410,10425920.0
남구,202411,10217219.0
남구,202412,10541676.0
남구,202501,10626102.0
남구,202502,9395272.0
남구,202503,11547658.0
남구,202504,9815678.0
남구,202505,11569453.0
남구,202506,10542389.0
남구,202507,10996794.0
남구,202508,10928822.0
남구,202509,11281945.0
남구,202510,11611913.0
남구,202511,11074331.0
남구,202512,11306736.0
남구,202601,10624375.0
남구,202602,10263844.0
남구,202603,12161508.0
남구,202604,10018356.0
남구,202605,11287895.0
남구,202606,10349264.0
남구,202607,10711771.0
남구,202608,10669142.0
남동구,201901,4043407.0
남동구,201902,3725465.0
남동구,201903,4579947.0
남동구,201904,4145265.0
남동구,201905,4417703.0
남동구,201906,4379155.0
남동구,201907,4671195.0
남동구,201908,4636812.0
남동구,201909,4730391.0
남동구,201910,4828815.0
남동구,201911,4974372.0
남동구,201912,4687853.0
남동구,202001,4559184.0
남동구,202002,3719774.0
남동구,202003,3793203.0
남동구,202004,4015046.0
남동구,202005,4361120.0
남동구,202006,3958297.0
남동구,202007,4366644.0
남동구,202008,3927180.0
남동구,202009,4046690.0
남동구,202010,4638081.0
남동구,202011,4015030.0
남동구,202012,3396050.0
남동구,202101,3473107.0
남동구,202102,3705352.0
남동구,202103,4335190.0
남동구,202104,3940903.0
남동구,202105,4283640.0
남동구,202106,4100960.0
남동구,202107,3810707.0
남동구,202108,3783020.0
남동구,202109,4251258.0
남동구,202110,4349886.0
남동구,202111,4156149.0
남동구,202112,3872577.0
남동구,202201,3982260.0
남동구,202202,3384780.0
남동구,202203,3941333.0
남동구,202204,4543350.0
남동구,202205,4812060.0
남동구,202206,4358947.0
남동구,202207,4519145.0
남동구,202208,4297540.0
남동구,202209,4714030.0
남동구,202210,4750136.0
남동구,202211,4387201.0
남동구,202212,4286241.0
남동구,202301,4313618.0
남동구,202302,3947495.0
남동구,202303,4662122.0
남동구,202304,4380805.0
남동구,202305,4716191.0
남동구,202306,4444271.0
남동구,202307,4445007.0
남동구,202308,4320073.0
남동구,202309,4778873.0
남동구,202310,4725110.0
남동구,202311,4248902.0
남동구,202312,4445405.0
남동구,202401,4223446.0
남동구,202402,4364474.0
남동구,202403,4864298.0
남동구,202404,4559672.0
남동구,202405,4736610.0
남동구,202406,4438071.0
남동구,202407,4420165.0
남동구,202408,4393444.0
남동구,202409,4718304.0
남동구,202410,4849846.0
남동구,202411,4474465.0
남동구,202412,4459363.0
남동구,202501,4456695.0
남동구,202502,4089457.0
남동구,202503,4852256.0
남동구,202504,4555167.0
남동구,202505,5345785.0
남동구,202506,4807385.0
남동구,202507,4943265.0
남동구,202508,4865923.0
남동구,202509,5089589.0
남동구,202510,5260210.0
남동구,202511,5145750.0
남동구,202512,4920405.0
남동구,202601,4612857.0
남동구,202602,4490141.0
남동구,202603,5152779.0
남동구,202604,4840010.0
남동구,202605,5252816.0
남동구,202606,4760487.0
남동구,202607,4799509.0
남동구,202608,4902179.0
남양주시,201901,4515361.0
남양주시,201902,4441029.0
남양주시,201903,5690503.0
남양주시,201904,4834169.0
남양주시,201905,5453930.0
남양주시,201906,5434766.0
남양주시,201907,5859644.0
남양주시,201908,6632844.0
남양주시,201909,6003806.0
남양주시,201910,5874768.0
남양주시,201911,5942873.0
남양주시,201912,5366444.0
남양주시,202001,5377652.0
남양주시,202002,4501641.0
남양주시,202003,5467632.0
남양주시,202004,5679075.0
남양주시,202005,6402846.0
남양주시,202006,5816612.0
남양주시,202007,6211760.0
남양주시,202008,5645150.0
남양주시,202009,5842893.0
남양주시,202010,6661770.0
남양주시,202011,5386476.0
남양주시,202012,4598367.0
남양주시,202101,4485463.0
남양주시,202102,5207314.0
남양주시,202103,6013308.0
남양주시,202104,5936400.0
남양주시,202105,6287770.0
남양주시,202106,5812963.0
남양주시,202107,5949242.0
남양주시,202108,5950100.0
남양주시,202109,6485678.0
남양주시,202110,6241596.0
남양주시,202111,5604694.0
남양주시,202112,5202183.0
남양주시,202201,5332927.0
남양주시,202202,4642895.0
남양주시,202203,5537287.0
남양주시,202204,6388808.0
남양주시,202205,6714654.0
남양주시,202206,6055637.0
남양주시,202207,6506807.0
남양주시,202208,6515649.0
남양주시,202209,6804956.0
남양주시,202210,6812614.0
남양주시,202211,6004404.0
남양주시,202212,5323274.0
남양주시,202301,5630049.0
남양주시,202302,5255732.0
남양주시,202303,6483025.0
남양주시,202304,6238294.0
남양주시,202305,6699181.0
남양주시,202306,5895285.0
남양주시,202307,6581719.0
남양주시,202308,6471671.0
남양주시,202309,6493367.0
남양주시,202310,6336279.0
남양주시,202311,5416098.0
남양주시,202312,5462678.0
남양주시,202401,5104917.0
남양주시,202402,5502522.0
남양주시,202403,6335310.0
남양주시,202404,5693243.0
남양주시,202405,6272197.0
남양주시,202406,5828962.0
남양주시,202407,5675486.0
남양주시,202408,6191992.0
남양주시,202409,6253711.0
남양주시,202410,6120610.0
남양주시,202411,5522231.0
남양주시,202412,5315430.0
남양주시,202501,5498821.0
남양주시,202502,4693622.0
남양주시,202503,6140503.0
남양주시,202504,5492018.0
남양주시,202505,6836358.0
남양주시,202506,6057022.0
남양주시,202507,6251136.0
남양주시,202508,6511954.0
남양주시,202509,5786554.0
남양주시,202510,6772342.0
남양주시,202511,5884970.0
남양주시,202512,5611732.0
남양주시,202601,5383536.0
남양주시,202602,5553606.0
남양주시,202603,6330217.0
남양주시,202604,5719777.0
남양주시,202605,6842384.0
남양주시,202606,5883781.0
남양주시,202607,6142453.0
남양주시,202608,6434309.0
남원시,201901,605950.0
남원시,201902,750761.0
남원시,201903,783918.0
남원시,201904,752316.0
남원시,201905,976293.0
남원시,201906,732940.0
남원시,201907,829275.0
남원시,201908,1081050.0
남원시,201909,844836.0
남원시,201910,821627.0
남원시,201911,819131.0
남원시,201912,640664.0
남원시,202001,781499.0
남원시,202002,517155.0
남원시,202003,588239.0
남원시,202004,641322.0
남원시,202005,830722.0
남원시,202006,688732.0
남원시,202007,754739.0
남원시,202008,934676.0
남원시,202009,669515.0
남원시,202010,899785.0
남원시,202011,679960.0
남원시,202012,541682.0
남원시,202101,519695.0
남원시,202102,654239.0
남원시,202103,711752.0
남원시,202104,725149.0
남원시,202105,829011.0
남원시,202106,709372.0
남원시,202107,819892.0
남원시,202108,939845.0
남원시,202109,886973.0
남원시,202110,849585.0
남원시,202111,796182.0
남원시,202112,625184.0
남원시,202201,716012.0
남원시,202202,587898.0
남원시,202203,641307.0
남원시,202204,784806.0
남원시,202205,895433.0
남원시,202206,750605.0
남원시,202207,1175234.0
남원시,202208,1019497.0
남원시,202209,941559.0
남원시,202210,1000765.0
남원시,202211,859060.0
남원시,202212,616644.0
남원시,202301,826434.0
남원시,202302,642167.0
남원시,202303,879840.0
남원시,202304,899797.0
남원시,202305,1038075.0
남원시,202306,825744.0
남원시,202307,871908.0
남원시,202308,1049120.0
남원시,202309,951042.0
남원시,202310,985445.0
남원시,202311,808530.0
남원시,202312,678515.0
남원시,202401,651716.0
남원시,202402,810588.0
남원시,202403,874232.0
남원시,202404,859469.0
남원시,202405,1090295.0
남원시,202406,811142.0
남원시,202407,866502.0
남원시,202408,1077898.0
남원시,202409,979531.0
남원시,202410,885664.0
남원시,202411,874714.0
남원시,202412,665990.0
남원시,202501,852935.0
남원시,202502,588978.0
남원시,202503,844944.0
남원시,202504,850970.0
남원시,202505,1202721.0
남원시,202506,838878.0
남원시,202507,955886.0
남원시,202508,1081229.0
남원시,202509,783478.0
남원시,202510,1238797.0
남원시,202511,915024.0
남원시,202512,688043.0
남원시,202601,687601.0
남원시,202602,828065.0
남원시,202603,834659.0
남원시,202604,841932.0
남원시,202605,1167068.0
남원시,202606,789296.0
남원시,202607,917308.0
남원시,202608,1048553.0
남해군,201901,516908.0
남해군,201902,657593.0
남해군,201903,683779.0
남해군,201904,686534.0
남해군,201905,744562.0
남해군,201906,658662.0
남해군,201907,723614.0
남해군,201908,1025078.0
남해군,201909,646908.0
남해군,201910,674160.0
남해군,201911,643642.0
남해군,201912,583771.0
남해군,202001,662959.0
남해군,202002,436223.0
남해군,202003,505588.0
남해군,202004,541099.0
남해군,202005,782742.0
남해군,202006,615916.0
남해군,202007,690688.0
남해군,202008,1055441.0
남해군,202009,570860.0
남해군,202010,836352.0
남해군,202011,616573.0
남해군,202012,528298.0
남해군,202101,476347.0
남해군,202102,615095.0
남해군,202103,569340.0
남해군,202104,603057.0
남해군,202105,741987.0
남해군,202106,633331.0
남해군,202107,756608.0
남해군,202108,907755.0
남해군,202109,758626.0
남해군,202110,779152.0
남해군,202111,634237.0
남해군,202112,601876.0
남해군,202201,699089.0
남해군,202202,563230.0
남해군,202203,531255.0
남해군,202204,707756.0
남해군,202205,801984.0
남해군,202206,691711.0
남해군,202207,875320.0
남해군,202208,1024469.0
남해군,202209,762641.0
남해군,202210,857567.0
남해군,202211,635991.0
남해군,202212,576831.0
남해군,202301,690701.0
남해군,202302,546584.0
남해군,202303,692181.0
남해군,202304,765747.0
남해군,202305,776028.0
남해군,202306,673779.0
남해군,202307,756485.0
남해군,202308,869052.0
남해군,202309,808672.0
남해군,202310,826387.0
남해군,202311,583153.0
남해군,202312,581682.0
남해군,202401,562021.0
남해군,202402,652531.0
남해군,202403,697981.0
남해군,202404,701851.0
남해군,202405,736983.0
남해군,202406,657835.0
남해군,202407,701285.0
남해군,202408,972939.0
남해군,202409,808694.0
남해군,202410,710582.0
남해군,202411,614713.0
남해군,202412,572352.0
남해군,202501,741174.0
남해군,202502,465609.0
남해군,202503,662241.0
남해군,202504,671875.0
남해군,202505,875125.0
남해군,202506,703735.0
남해군,202507,823543.0
남해군,202508,1047964.0
남해군,202509,689162.0
남해군,202510,1095790.0
남해군,202511,667717.0
남해군,202512,613509.0
남해군,202601,615612.0
남해군,202602,704218.0
남해군,202603,661367.0
남해군,202604,728851.0
남해군,202605,922633.0
남해군,202606,684710.0
남해군,202607,836669.0
남해군,202608,978143.0
노원구,201901,4127050.0
노원구,201902,4026075.0
노원구,201903,5430458.0
노원구,201904,3874403.0
노원구,201905,4517100.0
노원구,201906,4308882.0
노원구,201907,4729016.0
노원구,201908,5354874.0
노원구,201909,5345239.0
노원구,201910,4874760.0
노원구,201911,5269766.0
노원구,201912,4816827.0
노원구,202001,4691058.0
노원구,202002,3800710.0
노원구,202003,3609083.0
노원구,202004,3704250.0
노원구,202005,4370118.0
노원구,202006,4259810.0
노원구,202007,4574009.0
노원구,202008,4054212.0
노원구,202009,4012433.0
노원구,202010,4833825.0
노원구,202011,4227490.0
노원구,202012,3723084.0
노원구,202101,3708482.0
노원구,202102,3992638.0
노원구,202103,4780836.0
노원구,202104,4154689.0
노원구,202105,4478676.0
노원구,202106,4232894.0
노원구,202107,4033450.0
노원구,202108,4016762.0
노원구,202109,4654771.0
노원구,202110,4496032.0
노원구,202111,4415885.0
노원구,202112,4251374.0
노원구,202201,4223299.0
노원구,202202,3829884.0
노원구,202203,4719951.0
노원구,202204,4905736.0
노원구,202205,5195044.0
노원구,202206,4551844.0
노원구,202207,4833703.0
노원구,202208,4592909.0
노원구,202209,5312051.0
노원구,202210,4892632.0
노원구,202211,4642277.0
노원구,202212,4491950.0
노원구,202301,4538023.0
노원구,202302,4362691.0
노원구,202303,5437183.0
노원구,202304,4445825.0
노원구,202305,5133994.0
노원구,202306,4694331.0
노원구,202307,4870166.0
노원구,202308,4801493.0
노원구,202309,5430709.0
노원구,202310,4946016.0
노원구,202311,4789021.0
노원구,202312,4910666.0
노원구,202401,4567951.0
노원구,202402,4755622.0
노원구,202403,5659676.0
노원구,202404,4645584.0
노원구,202405,5324105.0
노원구,202406,4720063.0
노원구,202407,4688953.0
노원구,202408,4824089.0
노원구,202409,5246257.0
노원구,202410,5019719.0
노원구,202411,4831165.0
노원구,202412,4721892.0
노원구,202501,4705327.0
노원구,202502,4334237.0
노원구,202503,5592614.0
노원구,202504,4691327.0
노원구,202505,5552431.0
노원구,202506,4961014.0
노원구,202507,5094255.0
노원구,202508,5130296.0
노원구,202509,5467548.0
노원구,202510,5443020.0
노원구,202511,5348934.0
노원구,202512,5213562.0
노원구,202601,4942351.0
노원구,202602,4954698.0
노원구,202603,6108336.0
노원구,202604,4923042.0
노원구,202605,5505163.0
노원구,202606,5086948.0
노원구,202607,5116850.0
노원구,202608,5312429.0
논산시,201901,1027661.0
논산시,201902,1235415.0
논산시,201903,1379437.0
논산시,201904,1194824.0
논산시,201905,1285241.0
논산시,201906,1165207.0
논산시,201907,1263403.0
논산시,201908,1372932.0
논산시,201909,1437722.0
논산시,201910,1315035.0
논산시,201911,1297051.0
논산시,201912,1127773.0
논산시,202001,1315014.0
논산시,202002,889726.0
논산시,202003,1045769.0
논산시,202004,1114553.0
논산시,202005,1323095.0
논산시,202006,1127287.0
논산시,202007,1167204.0
논산시,202008,1251291.0
논산시,202009,1201986.0
논산시,202010,1376659.0
논산시,202011,1182665.0
논산시,202012,1012116.0
논산시,202101,927401.0
논산시,202102,1126837.0
논산시,202103,1239005.0
논산시,202104,1199901.0
논산시,202105,1349644.0
논산시,202106,1166436.0
논산시,202107,1228963.0
논산시,202108,1273849.0
논산시,202109,1408220.0
논산시,202110,1369108.0
논산시,202111,1277848.0
논산시,202112,1124956.0
논산시,202201,1232977.0
논산시,202202,1075120.0
논산시,202203,1277307.0
논산시,202204,1326454.0
논산시,202205,1507280.0
논산시,202206,1356517.0
논산시,202207,1414619.0
논산시,202208,1429111.0
논산시,202209,1580136.0
논산시,202210,1561625.0
논산시,202211,1355806.0
논산시,202212,1143581.0
논산시,202301,1323467.0
논산시,202302,1104276.0
논산시,202303,1554639.0
논산시,202304,1348600.0
논산시,202305,1421190.0
논산시,202306,1416994.0
논산시,202307,1360186.0
논산시,202308,1440275.0
논산시,202309,1574725.0
논산시,202310,1522142.0
논산시,202311,1282566.0
논산시,202312,1222882.0
논산시,202401,1225399.0
논산시,202402,1406637.0
논산시,202403,1648354.0
논산시,202404,1526704.0
논산시,202405,1483013.0
논산시,202406,1349904.0
논산시,202407,1333661.0
논산시,202408,1403588.0
논산시,202409,1520044.0
논산시,202410,1466215.0
논산시,202411,1382124.0
논산시,202412,1206489.0
논산시,202501,1352098.0
논산시,202502,1199902.0
논산시,202503,1600217.0
논산시,202504,1419627.0
논산시,202505,1672636.0
논산시,202506,1433376.0
논산시,202507,1368396.0
논산시,202508,1544467.0
논산시,202509,1356365.0
논산시,202510,1733211.0
논산시,202511,1441367.0
논산시,202512,1329326.0
논산시,202601,1248201.0
논산시,202602,1419343.0
논산시,202603,1623774.0
논산시,202604,1327926.0
논산시,202605,1636039.0
논산시,202606,1409515.0
논산시,202607,1427312.0
논산시,202608,1575812.0
단양군,201901,474216.0
단양군,201902,612358.0
단양군,201903,572870.0
단양군,201904,682684.0
단양군,201905,844472.0
단양군,201906,726975.0
단양군,201907,715550.0
단양군,201908,1039029.0
단양군,201909,707367.0
단양군,201910,853090.0
단양군,201911,701309.0
단양군,201912,509806.0
단양군,202001,602058.0
단양군,202002,333814.0
단양군,202003,323211.0
단양군,202004,437141.0
단양군,202005,666563.0
단양군,202006,590749.0
단양군,202007,654928.0
단양군,202008,826214.0
단양군,202009,535532.0
단양군,202010,846711.0
단양군,202011,620607.0
단양군,202012,324898.0
단양군,202101,318667.0
단양군,202102,463411.0
단양군,202103,434577.0
단양군,202104,520863.0
단양군,202105,670985.0
단양군,202106,624897.0
단양군,202107,686009.0
단양군,202108,829088.0
단양군,202109,733548.0
단양군,202110,832838.0
단양군,202111,702573.0
단양군,202112,449916.0
단양군,202201,509877.0
단양군,202202,441646.0
단양군,202203,413011.0
단양군,202204,608027.0
단양군,202205,831258.0
단양군,202206,794721.0
단양군,202207,865072.0
단양군,202208,1017505.0
단양군,202209,894546.0
단양군,202210,1171574.0
단양군,202211,788600.0
단양군,202212,471239.0
단양군,202301,615163.0
단양군,202302,515163.0
단양군,202303,585124.0
단양군,202304,766119.0
단양군,202305,871701.0
단양군,202306,835495.0
단양군,202307,790584.0
단양군,202308,991309.0
단양군,202309,977119.0
단양군,202310,1166507.0
단양군,202311,782401.0
단양군,202312,524709.0
단양군,202401,543591.0
단양군,202402,701556.0
단양군,202403,648094.0
단양군,202404,798295.0
단양군,202405,927531.0
단양군,202406,872371.0
단양군,202407,778901.0
단양군,202408,1067275.0
단양군,202409,899820.0
단양군,202410,1019796.0
단양군,202411,889226.0
단양군,202412,524240.0
단양군,202501,646311.0
단양군,202502,471255.0
단양군,202503,594480.0
단양군,202504,676170.0
단양군,202505,993671.0
단양군,202506,820265.0
단양군,202507,831153.0
단양군,202508,1059592.0
단양군,202509,705000.0
단양군,202510,1186195.0
단양군,202511,930753.0
단양군,202512,513088.0
단양군,202601,519435.0
단양군,202602,688874.0
단양군,202603,589455.0
단양군,202604,718389.0
단양군,202605,1018943.0
단양군,202606,763194.0
단양군,202607,793551.0
단양군,202608,1046665.0
달서구,201901,4499466.0
달서구,201902,4668862.0
달서구,201903,5455392.0
달서구,201904,4468219.0
달서구,201905,4817497.0
달서구,201906,4349630.0
달서구,201907,4984569.0
달서구,201908,4698867.0
달서구,201909,5190118.0
달서구,201910,4768543.0
달서구,201911,4647715.0
달서구,201912,4976853.0
달서구,202001,4996894.0
달서구,202002,3423999.0
달서구,202003,2780283.0
달서구,202004,3622659.0
달서구,202005,4295699.0
달서구,202006,4082272.0
달서구,202007,4275613.0
달서구,202008,4156235.0
달서구,202009,4144772.0
달서구,202010,4569160.0
달서구,202011,4105607.0
달서구,202012,3814543.0
달서구,202101,3486561.0
달서구,202102,3774974.0
달서구,202103,4507810.0
달서구,202104,3829574.0
달서구,202105,4090542.0
달서구,202106,3754371.0
달서구,202107,3917753.0
달서구,202108,3804693.0
달서구,202109,4235711.0
달서구,202110,4213466.0
달서구,202111,4073216.0
달서구,202112,3969358.0
달서구,202201,3995704.0
달서구,202202,3461427.0
달서구,202203,4284386.0
달서구,202204,4044473.0
달서구,202205,4321704.0
달서구,202206,4166074.0
달서구,202207,5319360.0
달서구,202208,4430894.0
달서구,202209,4899540.0
달서구,202210,4532116.0
달서구,202211,4332966.0
달서구,202212,4409555.0
달서구,202301,4589439.0
달서구,202302,4111579.0
달서구,202303,5118024.0
달서구,202304,4282845.0
달서구,202305,4589601.0
달서구,202306,4280968.0
달서구,202307,4517543.0
달서구,202308,4400395.0
달서구,202309,4972798.0
달서구,202310,4683232.0
달서구,202311,4326339.0
달서구,202312,4665816.0
달서구,202401,4374449.0
달서구,202402,4583773.0
달서구,202403,5163715.0
달서구,202404,4413007.0
달서구,202405,4640755.0
달서구,202406,4442986.0
달서구,202407,4586235.0
달서구,202408,4291222.0
달서구,202409,5026668.0
달서구,202410,4537268.0
달서구,202411,4501638.0
달서구,202412,4590318.0
달서구,202501,4822830.0
달서구,202502,4054968.0
달서구,202503,5052555.0
달서구,202504,4337347.0
달서구,202505,5231257.0
달서구,202506,4552996.0
달서구,202507,4802887.0
달서구,202508,4684533.0
달서구,202509,4817290.0
달서구,202510,5215206.0
달서구,202511,4730942.0
달서구,202512,4794684.0
달서구,202601,4578421.0
달서구,202602,4582860.0
달서구,202603,5184519.0
달서구,202604,4369839.0
달서구,202605,4962976.0
달서구,202606,4372328.0
달서구,202607,4608609.0
달서구,202608,4581617.0
달성군,201901,2207520.0
달성군,201902,2344496.0
달성군,201903,2695582.0
달성군,201904,2435219.0
달성군,201905,2496871.0
달성군,201906,2290822.0
달성군,201907,2597301.0
달성군,201908,2530310.0
달성군,201909,2565889.0
달성군,201910,2560870.0
달성군,201911,2342977.0
달성군,201912,2308428.0
달성군,202001,2443593.0
달성군,202002,1841813.0
달성군,202003,1900701.0
달성군,202004,2239858.0
달성군,202005,2516969.0
달성군,202006,2285662.0
달성군,202007,2380170.0
달성군,202008,2479642.0
달성군,202009,2321541.0
달성군,202010,2621710.0
달성군,202011,2219736.0
달성군,202012,2015054.0
달성군,202101,1997955.0
달성군,202102,2208850.0
달성군,202103,2517492.0
달성군,202104,2377804.0
달성군,202105,2544888.0
달성군,202106,2289385.0
달성군,202107,2412692.0
달성군,202108,2395693.0
달성군,202109,2619278.0
달성군,202110,2549810.0
달성군,202111,2244524.0
달성군,202112,2145826.0
달성군,202201,2240058.0
달성군,202202,2009844.0
달성군,202203,2355831.0
달성군,202204,2520142.0
달성군,202205,2470545.0
달성군,202206,2382782.0
달성군,202207,2907157.0
달성군,202208,2461490.0
달성군,202209,2615289.0
달성군,202210,2640571.0
달성군,202211,2334624.0
달성군,202212,2177881.0
달성군,202301,2416590.0
달성군,202302,2188288.0
달성군,202303,2728191.0
달성군,202304,2586902.0
달성군,202305,2606747.0
달성군,202306,2413311.0
달성군,202307,2541185.0
달성군,202308,2485931.0
달성군,202309,2677838.0
달성군,202310,2656672.0
달성군,202311,2292614.0
달성군,202312,2349912.0
달성군,202401,2306203.0
달성군,202402,2425354.0
달성군,202403,2723450.0
달성군,202404,2564163.0
달성군,202405,2660085.0
달성군,202406,2482856.0
달성군,202407,2521447.0
달성군,202408,2457961.0
달성군,202409,2638223.0
달성군,202410,2560717.0
달성군,202411,2407549.0
달성군,202412,2325103.0
달성군,202501,2557096.0
달성군,202502,2156374.0
달성군,202503,2645189.0
달성군,202504,2508866.0
달성군,202505,2907859.0
달성군,202506,2586878.0
달성군,202507,2685952.0
달성군,202508,2729712.0
달성군,202509,2491037.0
달성군,202510,2963416.0
달성군,202511,2576292.0
달성군,202512,2448817.0
달성군,202601,2471341.0
달성군,202602,2463555.0
달성군,202603,2797330.0
달성군,202604,2641987.0
달성군,202605,2845189.0
달성군,202606,2440641.0
달성군,202607,2550978.0
달성군,202608,2616217.0
담양군,201901,930483.0
담양군,201902,1020921.0
담양군,201903,1103920.0
담양군,201904,1025653.0
담양군,201905,1271719.0
담양군,201906,1132805.0
담양군,201907,1121264.0
담양군,201908,1342336.0
담양군,201909,1122070.0
담양군,201910,1172648.0
담양군,201911,1193002.0
담양군,201912,1021914.0
담양군,202001,1030111.0
담양군,202002,781056.0
담양군,202003,1023403.0
담양군,202004,1104704.0
담양군,202005,1358048.0
담양군,202006,1103710.0
담양군,202007,1042161.0
담양군,202008,1285032.0
담양군,202009,999311.0
담양군,202010,1299596.0
담양군,202011,1026081.0
담양군,202012,930450.0
담양군,202101,900992.0
담양군,202102,1091731.0
담양군,202103,1203570.0
담양군,202104,1157269.0
담양군,202105,1403151.0
담양군,202106,1265257.0
담양군,202107,1313610.0
담양군,202108,1384672.0
담양군,202109,1361890.0
담양군,202110,1409112.0
담양군,202111,1284439.0
담양군,202112,1057631.0
담양군,202201,1137127.0
담양군,202202,989133.0
담양군,202203,1112278.0
담양군,202204,1280578.0
담양군,202205,1373605.0
담양군,202206,1179536.0
담양군,202207,1565420.0
담양군,202208,1506942.0
담양군,202209,1414012.0
담양군,202210,1544097.0
담양군,202211,1392915.0
담양군,202212,974952.0
담양군,202301,1180086.0
담양군,202302,1066732.0
담양군,202303,1326047.0
담양군,202304,1320328.0
담양군,202305,1441684.0
담양군,202306,1348687.0
담양군,202307,1322371.0
담양군,202308,1506689.0
담양군,202309,1404983.0
담양군,202310,1491599.0
담양군,202311,1287524.0
담양군,202312,1178611.0
담양군,202401,1099167.0
담양군,202402,1225827.0
담양군,202403,1289255.0
담양군,202404,1282416.0
담양군,202405,1515310.0
담양군,202406,1326785.0
담양군,202407,1283132.0
담양군,202408,1488754.0
담양군,202409,1391500.0
담양군,202410,1320739.0
담양군,202411,1401708.0
담양군,202412,1132115.0
담양군,202501,1252382.0
담양군,202502,938587.0
담양군,202503,1342393.0
담양군,202504,1266955.0
담양군,202505,1643872.0
담양군,202506,1380934.0
담양군,202507,1346055.0
담양군,202508,1534296.0
담양군,202509,1202398.0
담양군,202510,1680109.0
담양군,202511,1534424.0
담양군,202512,1193475.0
담양군,202601,1135208.0
담양군,202602,1283717.0
담양군,202603,1294144.0
담양군,202604,1232192.0
담양군,202605,1634175.0
담양군,202606,1250695.0
담양군,202607,1304871.0
담양군,202608,1459211.0
당진시,201901,1145801.0
당진시,201902,1329979.0
당진시,201903,1514015.0
당진시,201904,1826030.0
당진시,201905,1553137.0
당진시,201906,1471141.0
당진시,201907,1297476.0
당진시,201908,1415671.0
당진시,201909,1804402.0
당진시,201910,2073637.0
당진시,201911,1633144.0
당진시,201912,1496272.0
당진시,202001,1495288.0
당진시,202002,1078643.0
당진시,202003,1426175.0
당진시,202004,1681556.0
당진시,202005,1908260.0
당진시,202006,1579965.0
당진시,202007,1575132.0
당진시,202008,1612579.0
당진시,202009,1682229.0
당진시,202010,1970624.0
당진시,202011,1596944.0
당진시,202012,1270949.0
당진시,202101,1202821.0
당진시,202102,1382077.0
당진시,202103,1623997.0
당진시,202104,1710442.0
당진시,202105,1799450.0
당진시,202106,1624234.0
당진시,202107,1574559.0
당진시,202108,1737869.0
당진시,202109,1949643.0
당진시,202110,2022871.0
당진시,202111,1633500.0
당진시,202112,1357811.0
당진시,202201,1582585.0
당진시,202202,1435105.0
당진시,202203,1722241.0
당진시,202204,2153995.0
당진시,202205,2239340.0
당진시,202206,1985596.0
당진시,202207,2000396.0
당진시,202208,2106905.0
당진시,202209,2301738.0
당진시,202210,2319996.0
당진시,202211,1922300.0
당진시,202212,1522790.0
당진시,202301,1801072.0
당진시,202302,1603910.0
당진시,202303,2055450.0
당진시,202304,2217971.0
당진시,202305,2192160.0
당진시,202306,1948813.0
당진시,202307,1756093.0
당진시,202308,1881453.0
당진시,202309,2095757.0
당진시,202310,2228635.0
당진시,202311,1738807.0
당진시,202312,1605152.0
당진시,202401,1524228.0
당진시,202402,1772027.0
당진시,202403,2047209.0
당진시,202404,2256767.0
당진시,202405,2147552.0
당진시,202406,2034369.0
당진시,202407,1803189.0
당진시,202408,2015348.0
당진시,202409,2257813.0
당진시,202410,2276701.0
당진시,202411,1888911.0
당진시,202412,1576643.0
당진시,202501,1616153.0
당진시,202502,1476868.0
당진시,202503,1793412.0
당진시,202504,1891688.0
당진시,202505,2243752.0
당진시,202506,1834313.0
당진시,202507,1758051.0
당진시,202508,1957841.0
당진시,202509,1871325.0
당진시,202510,2288030.0
당진시,202511,1878878.0
당진시,202512,1640052.0
당진시,202601,1511686.0
당진시,202602,1652309.0
당진시,202603,1907003.0
당진시,202604,1957030.0
당진시,202605,2226459.0
당진시,202606,1845727.0
당진시,202607,1810174.0
당진시,202608,2007141.0
대덕구,201901,1822791.0
대덕구,201902,1781304.0
대덕구,201903,2215289.0
대덕구,201904,1836080.0
대덕구,201905,1932145.0
대덕구,201906,1793055.0
대덕구,201907,1988502.0
대덕구,201908,1911433.0
대덕구,201909,2167883.0
대덕구,201910,2071600.0
대덕구,201911,1948801.0
대덕구,201912,1933672.0
대덕구,202001,1974903.0
대덕구,202002,1632241.0
대덕구,202003,1688448.0
대덕구,202004,1791552.0
대덕구,202005,1998180.0
대덕구,202006,1873846.0
대덕구,202007,1971547.0
대덕구,202008,1992914.0
대덕구,202009,1990405.0
대덕구,202010,2239557.0
대덕구,202011,2033589.0
대덕구,202012,1765546.0
대덕구,202101,1772539.0
대덕구,202102,1865235.0
대덕구,202103,2192639.0
대덕구,202104,1871820.0
대덕구,202105,2106636.0
대덕구,202106,1998975.0
대덕구,202107,1913212.0
대덕구,202108,1846423.0
대덕구,202109,2155685.0
대덕구,202110,2144668.0
대덕구,202111,2048895.0
대덕구,202112,1971163.0
대덕구,202201,2005205.0
대덕구,202202,1639030.0
대덕구,202203,2059207.0
대덕구,202204,2000967.0
대덕구,202205,2187374.0
대덕구,202206,1995111.0
대덕구,202207,2103749.0
대덕구,202208,2031547.0
대덕구,202209,2298237.0
대덕구,202210,2045816.0
대덕구,202211,1930859.0
대덕구,202212,1874270.0
대덕구,202301,1960012.0
대덕구,202302,1788554.0
대덕구,202303,2208291.0
대덕구,202304,1938739.0
대덕구,202305,2062885.0
대덕구,202306,2174766.0
대덕구,202307,2139218.0
대덕구,202308,2177746.0
대덕구,202309,2277289.0
대덕구,202310,2305635.0
대덕구,202311,2062579.0
대덕구,202312,2121557.0
대덕구,202401,2011407.0
대덕구,202402,2051609.0
대덕구,202403,2405088.0
대덕구,202404,2121437.0
대덕구,202405,2384726.0
대덕구,202406,2184318.0
대덕구,202407,2182515.0
대덕구,202408,2209787.0
대덕구,202409,2466148.0
대덕구,202410,2396479.0
대덕구,202411,2320386.0
대덕구,202412,2306524.0
대덕구,202501,2312068.0
대덕구,202502,2029222.0
대덕구,202503,2495322.0
대덕구,202504,2209242.0
대덕구,202505,2632601.0
대덕구,202506,2316569.0
대덕구,202507,2332734.0
대덕구,202508,2325105.0
대덕구,202509,2438886.0
대덕구,202510,2516398.0
대덕구,202511,2526788.0
대덕구,202512,2428508.0
대덕구,202601,2239796.0
대덕구,202602,2242721.0
대덕구,202603,2611029.0
대덕구,202604,2243108.0
대덕구,202605,2469219.0
대덕구,202606,2286112.0
대덕구,202607,2281452.0
대덕구,202608,2383791.0
도봉구,201901,2311811.0
도봉구,201902,2229889.0
도봉구,201903,2796998.0
도봉구,201904,2184660.0
도봉구,201905,2451326.0
도봉구,201906,2440193.0
도봉구,201907,2667438.0
도봉구,201908,2828585.0
도봉구,201909,2860840.0
도봉구,201910,3244611.0
도봉구,201911,2785463.0
도봉구,201912,2440625.0
도봉구,202001,2497526.0
도봉구,202002,2018263.0
도봉구,202003,2126617.0
도봉구,202004,2164173.0
도봉구,202005,2595233.0
도봉구,202006,2370394.0
도봉구,202007,2499319.0
도봉구,202008,2257018.0
도봉구,202009,2298650.0
도봉구,202010,2581994.0
도봉구,202011,2353215.0
도봉구,202012,2067029.0
도봉구,202101,1995696.0
도봉구,202102,2167971.0
도봉구,202103,2470644.0
도봉구,202104,2247933.0
도봉구,202105,2470848.0
도봉구,202106,2277658.0
도봉구,202107,2191072.0
도봉구,202108,2148813.0
도봉구,202109,2540861.0
도봉구,202110,2397821.0
도봉구,202111,2363830.0
도봉구,202112,2188198.0
도봉구,202201,2301054.0
도봉구,202202,1959931.0
도봉구,202203,2351314.0
도봉구,202204,2554636.0
도봉구,202205,2672617.0
도봉구,202206,2373639.0
도봉구,202207,2529099.0
도봉구,202208,2396400.0
도봉구,202209,2739137.0
도봉구,202210,2578506.0
도봉구,202211,2440134.0
도봉구,202212,2356257.0
도봉구,202301,2467412.0
도봉구,202302,2224174.0
도봉구,202303,2870417.0
도봉구,202304,2396340.0
도봉구,202305,2603995.0
도봉구,202306,2482618.0
도봉구,202307,2506721.0
도봉구,202308,2443833.0
도봉구,202309,2791964.0
도봉구,202310,2659521.0
도봉구,202311,2500183.0
도봉구,202312,2570885.0
도봉구,202401,2447873.0
도봉구,202402,2533856.0
도봉구,202403,2971742.0
도봉구,202404,2472680.0
도봉구,202405,2775730.0
도봉구,202406,2501997.0
도봉구,202407,2620661.0
도봉구,202408,2699784.0
도봉구,202409,2896619.0
도봉구,202410,2921548.0
도봉구,202411,2736381.0
도봉구,202412,2651829.0
도봉구,202501,2734762.0
도봉구,202502,2374674.0
도봉구,202503,3090944.0
도봉구,202504,2622573.0
도봉구,202505,3192072.0
도봉구,202506,2865652.0
도봉구,202507,2903682.0
도봉구,202508,2875287.0
도봉구,202509,2975115.0
도봉구,202510,3084999.0
도봉구,202511,2912761.0
도봉구,202512,2879386.0
도봉구,202601,2664334.0
도봉구,202602,2724151.0
도봉구,202603,3328380.0
도봉구,202604,2790444.0
도봉구,202605,3155293.0
도봉구,202606,2847381.0
도봉구,202607,2840438.0
도봉구,202608,2881350.0
동구,201901,14467935.0
동구,201902,14483545.0
동구,201903,16732032.0
동구,201904,13631168.0
동구,201905,15294602.0
동구,201906,14036476.0
동구,201907,15171249.0
동구,201908,15325656.0
동구,201909,15572733.0
동구,201910,15293434.0
동구,201911,15069319.0
동구,201912,15541142.0
동구,202001,15071644.0
동구,202002,10802935.0
동구,202003,9474332.0
동구,202004,11082112.0
동구,202005,13558159.0
동구,202006,12568933.0
동구,202007,12400596.0
동구,202008,12774272.0
동구,202009,11811154.0
동구,202010,13749505.0
동구,202011,12811158.0
동구,202012,11071347.0
동구,202101,10838367.0
동구,202102,11796465.0
동구,202103,14190188.0
동구,202104,12218214.0
동구,202105,13556911.0
동구,202106,12877722.0
동구,202107,13114379.0
동구,202108,12568178.0
동구,202109,13962625.0
동구,202110,14311694.0
동구,202111,14282773.0
동구,202112,13461295.0
동구,202201,13523114.0
동구,202202,11816936.0
동구,202203,13826139.0
동구,202204,13927885.0
동구,202205,15296370.0
동구,202206,14188559.0
동구,202207,16464028.0
동구,202208,15158230.0
동구,202209,15980169.0
동구,202210,15946079.0
동구,202211,14629905.0
동구,202212,14814824.0
동구,202301,15107619.0
동구,202302,13919643.0
동구,202303,16598161.0
동구,202304,14701664.0
동구,202305,16028313.0
동구,202306,15170035.0
동구,202307,15641957.0
동구,202308,15703412.0
동구,202309,16339746.0
동구,202310,16591524.0
동구,202311,15222224.0
동구,202312,16056001.0
동구,202401,15240620.0
동구,202402,15751269.0
동구,202403,17419386.0
동구,202404,15207297.0
동구,202405,17302265.0
동구,202406,15860725.0
동구,202407,16078630.0
동구,202408,16487729.0
동구,202409,17398053.0
동구,202410,16827868.0
동구,202411,16404329.0
동구,202412,16511671.0
동구,202501,16714461.0
동구,202502,15278679.0
동구,202503,17759150.0
동구,202504,15856951.0
동구,202505,18710154.0
동구,202506,16808243.0
동구,202507,17810479.0
동구,202508,18147808.0
동구,202509,17356041.0
동구,202510,18636911.0
동구,202511,17657531.0
동구,202512,17515035.0
동구,202601,16688466.0
동구,202602,16501489.0
동구,202603,18841904.0
동구,202604,16371848.0
동구,202605,18744367.0
동구,202606,16553876.0
동구,202607,16665404.0
동구,202608,16952918.0
동대문구,201901,4456708.0
동대문구,201902,4041828.0
동대문구,201903,5763188.0
동대문구,201904,4110536.0
동대문구,201905,4544014.0
동대문구,201906,4252471.0
동대문구,201907,4439998.0
동대문구,201908,4812779.0
동대문구,201909,5152444.0
동대문구,201910,4525543.0
동대문구,201911,5176827.0
동대문구,201912,4727628.0
동대문구,202001,4486262.0
동대문구,202002,3709346.0
동대문구,202003,3492593.0
동대문구,202004,3713900.0
동대문구,202005,4150376.0
동대문구,202006,3866032.0
동대문구,202007,4214215.0
동대문구,202008,3759986.0
동대문구,202009,3838081.0
동대문구,202010,4285279.0
동대문구,202011,3944242.0
동대문구,202012,3339061.0
동대문구,202101,3401189.0
동대문구,202102,3585525.0
동대문구,202103,4500570.0
동대문구,202104,3802480.0
동대문구,202105,4051664.0
동대문구,202106,3930695.0
동대문구,202107,3756853.0
동대문구,202108,3687650.0
동대문구,202109,4044823.0
동대문구,202110,4056428.0
동대문구,202111,4168212.0
동대문구,202112,3876632.0
동대문구,202201,4015976.0
동대문구,202202,3431249.0
동대문구,202203,4257720.0
동대문구,202204,4430888.0
동대문구,202205,4577853.0
동대문구,202206,4149326.0
동대문구,202207,4369262.0
동대문구,202208,4222504.0
동대문구,202209,4892324.0
동대문구,202210,4535720.0
동대문구,202211,4466862.0
동대문구,202212,4321933.0
동대문구,202301,4196379.0
동대문구,202302,4234016.0
동대문구,202303,5454298.0
동대문구,202304,4186830.0
동대문구,202305,4745593.0
동대문구,202306,4376546.0
동대문구,202307,4307381.0
동대문구,202308,4461843.0
동대문구,202309,5277735.0
동대문구,202310,4641745.0
동대문구,202311,4650862.0
동대문구,202312,4672698.0
동대문구,202401,4449032.0
동대문구,202402,4431590.0
동대문구,202403,5875975.0
동대문구,202404,4308857.0
동대문구,202405,4859471.0
동대문구,202406,4498967.0
동대문구,202407,4247264.0
동대문구,202408,4496729.0
동대문구,202409,5073965.0
동대문구,202410,5008785.0
동대문구,202411,4718016.0
동대문구,202412,4621693.0
동대문구,202501,4487825.0
동대문구,202502,4454953.0
동대문구,202503,5796890.0
동대문구,202504,4569268.0
동대문구,202505,5325642.0
동대문구,202506,4832708.0
동대문구,202507,4845900.0
동대문구,202508,4811735.0
동대문구,202509,5424209.0
동대문구,202510,5080203.0
동대문구,202511,5165478.0
동대문구,202512,5070545.0
동대문구,202601,4577059.0
동대문구,202602,4572399.0
동대문구,202603,6191382.0
동대문구,202604,4684812.0
동대문구,202605,5141927.0
동대문구,202606,4745837.0
동대문구,202607,4588448.0
동대문구,202608,4769932.0
동두천시,201901,727890.0
동두천시,201902,704025.0
동두천시,201903,873705.0
동두천시,201904,709868.0
동두천시,201905,779382.0
동두천시,201906,745283.0
동두천시,201907,799133.0
동두천시,201908,955510.0
동두천시,201909,878984.0
동두천시,201910,833991.0
동두천시,201911,890693.0
동두천시,201912,753057.0
동두천시,202001,805660.0
동두천시,202002,621238.0
동두천시,202003,665089.0
동두천시,202004,654053.0
동두천시,202005,811034.0
동두천시,202006,762677.0
동두천시,202007,811065.0
동두천시,202008,701952.0
동두천시,202009,712714.0
동두천시,202010,806428.0
동두천시,202011,699026.0
동두천시,202012,593558.0
동두천시,202101,573990.0
동두천시,202102,642759.0
동두천시,202103,708191.0
동두천시,202104,698412.0
동두천시,202105,787182.0
동두천시,202106,725892.0
동두천시,202107,720396.0
동두천시,202108,725971.0
동두천시,202109,805916.0
동두천시,202110,816605.0
동두천시,202111,769384.0
동두천시,202112,686452.0
동두천시,202201,713329.0
동두천시,202202,598818.0
동두천시,202203,723792.0
동두천시,202204,841671.0
동두천시,202205,858220.0
동두천시,202206,762830.0
동두천시,202207,862211.0
동두천시,202208,816981.0
동두천시,202209,901554.0
동두천시,202210,884472.0
동두천시,202211,777373.0
동두천시,202212,710133.0
동두천시,202301,761620.0
동두천시,202302,658388.0
동두천시,202303,826780.0
동두천시,202304,753652.0
동두천시,202305,844830.0
동두천시,202306,799115.0
동두천시,202307,789959.0
동두천시,202308,972514.0
동두천시,202309,911115.0
동두천시,202310,874346.0
동두천시,202311,763422.0
동두천시,202312,785778.0
동두천시,202401,748371.0
동두천시,202402,823275.0
동두천시,202403,883959.0
동두천시,202404,790176.0
동두천시,202405,888029.0
동두천시,202406,860127.0
동두천시,202407,762040.0
동두천시,202408,932895.0
동두천시,202409,884284.0
동두천시,202410,920163.0
동두천시,202411,833501.0
동두천시,202412,779609.0
동두천시,202501,811144.0
동두천시,202502,683138.0
동두천시,202503,897437.0
동두천시,202504,815475.0
동두천시,202505,968024.0
동두천시,202506,834888.0
동두천시,202507,881657.0
동두천시,202508,897033.0
동두천시,202509,835934.0
동두천시,202510,1001891.0
동두천시,202511,853839.0
동두천시,202512,810930.0
동두천시,202601,747715.0
동두천시,202602,803527.0
동두천시,202603,896661.0
동두천시,202604,814875.0
동두천시,202605,934598.0
동두천시,202606,796351.0
동두천시,202607,827655.0
동두천시,202608,892220.0
동래구,201901,2988772.0
동래구,201902,2974362.0
동래구,201903,3299552.0
동래구,201904,2794071.0
동래구,201905,3245847.0
동래구,201906,2967094.0
동래구,201907,3141955.0
동래구,201908,3158854.0
동래구,201909,3238499.0
동래구,201910,3216965.0
동래구,201911,3102348.0
동래구,201912,3427329.0
동래구,202001,3280350.0
동래구,202002,2393676.0
동래구,202003,2076427.0
동래구,202004,2585535.0
동래구,202005,2906721.0
동래구,202006,2720341.0
동래구,202007,2858621.0
동래구,202008,2644565.0
동래구,202009,2621537.0
동래구,202010,2860620.0
동래구,202011,2713141.0
동래구,202012,2211949.0
동래구,202101,2277803.0
동래구,202102,2423340.0
동래구,202103,2790258.0
동래구,202104,2394740.0
동래구,202105,2613269.0
동래구,202106,2503428.0
동래구,202107,2533693.0
동래구,202108,2296252.0
동래구,202109,2659999.0
동래구,202110,2664575.0
동래구,202111,2590191.0
동래구,202112,2579289.0
동래구,202201,2698346.0
동래구,202202,2272418.0
동래구,202203,2554939.0
동래구,202204,2709619.0
동래구,202205,3088244.0
동래구,202206,2842887.0
동래구,202207,3015335.0
동래구,202208,2841912.0
동래구,202209,2909951.0
동래구,202210,2985749.0
동래구,202211,2799088.0
동래구,202212,3023122.0
동래구,202301,3174886.0
동래구,202302,2723367.0
동래구,202303,3161704.0
동래구,202304,2947247.0
동래구,202305,3136408.0
동래구,202306,3018839.0
동래구,202307,3096511.0
동래구,202308,3124542.0
동래구,202309,3214957.0
동래구,202310,3148268.0
동래구,202311,2921633.0
동래구,202312,3117729.0
동래구,202401,3027140.0
동래구,202402,3072501.0
동래구,202403,3406176.0
동래구,202404,3035988.0
동래구,202405,3416151.0
동래구,202406,3211073.0
동래구,202407,3294777.0
동래구,202408,3321241.0
동래구,202409,3442922.0
동래구,202410,3165196.0
동래구,202411,3147184.0
동래구,202412,3349238.0
동래구,202501,3497196.0
동래구,202502,3080624.0
동래구,202503,3642168.0
동래구,202504,3266509.0
동래구,202505,3871711.0
동래구,202506,3533745.0
동래구,202507,3752275.0
동래구,202508,3693664.0
동래구,202509,3429530.0
동래구,202510,3766610.0
동래구,202511,3479162.0
동래구,202512,3696943.0
동래구,202601,3512563.0
동래구,202602,3405350.0
동래구,202603,3611169.0
동래구,202604,3482219.0
동래구,202605,3821131.0
동래구,202606,3456295.0
동래구,202607,3583024.0
동래구,202608,3647575.0
동작구,201901,4630520.0
동작구,201902,4071135.0
동작구,201903,5676855.0
동작구,201904,4193584.0
동작구,201905,4571323.0
동작구,201906,4531515.0
동작구,201907,4728205.0
동작구,201908,4898373.0
동작구,201909,5280727.0
동작구,201910,5023308.0
동작구,201911,5541249.0
동작구,201912,5201729.0
동작구,202001,4915864.0
동작구,202002,3913799.0
동작구,202003,3730655.0
동작구,202004,3875190.0
동작구,202005,4343734.0
동작구,202006,4035206.0
동작구,202007,4314774.0
동작구,202008,3690947.0
동작구,202009,3640377.0
동작구,202010,4267527.0
동작구,202011,3992193.0
동작구,202012,3224164.0
동작구,202101,3432747.0
동작구,202102,3746355.0
동작구,202103,4435282.0
동작구,202104,3945385.0
동작구,202105,4164393.0
동작구,202106,4060931.0
동작구,202107,3781307.0
동작구,202108,3633154.0
동작구,202109,4055461.0
동작구,202110,4166608.0
동작구,202111,4162735.0
동작구,202112,4007980.0
동작구,202201,4034538.0
동작구,202202,3380299.0
동작구,202203,4355169.0
동작구,202204,4638078.0
동작구,202205,4794828.0
동작구,202206,4412007.0
동작구,202207,4501915.0
동작구,202208,4364356.0
동작구,202209,5088606.0
동작구,202210,4846313.0
동작구,202211,4726918.0
동작구,202212,4868212.0
동작구,202301,4535434.0
동작구,202302,4257680.0
동작구,202303,5430845.0
동작구,202304,4666368.0
동작구,202305,4901004.0
동작구,202306,4583359.0
동작구,202307,4558960.0
동작구,202308,4442244.0
동작구,202309,5280121.0
동작구,202310,5056994.0
동작구,202311,4807153.0
동작구,202312,5126619.0
동작구,202401,4720856.0
동작구,202402,4569016.0
동작구,202403,5774219.0
동작구,202404,5064560.0
동작구,202405,5193291.0
동작구,202406,4915995.0
동작구,202407,4901341.0
동작구,202408,4750264.0
동작구,202409,5381312.0
동작구,202410,5385017.0
동작구,202411,5066238.0
동작구,202412,5401096.0
동작구,202501,4926397.0
동작구,202502,4720715.0
동작구,202503,6051036.0
동작구,202504,5146697.0
동작구,202505,6063054.0
동작구,202506,5577211.0
동작구,202507,5443579.0
동작구,202508,5377177.0
동작구,202509,6414344.0
동작구,202510,6077719.0
동작구,202511,6265943.0
동작구,202512,6308934.0
동작구,202601,5752578.0
동작구,202602,5294312.0
동작구,202603,6296835.0
동작구,202604,5301220.0
동작구,202605,5653546.0
동작구,202606,5426934.0
동작구,202607,5289587.0
동작구,202608,5208670.0
동해시,201901,806675.0
동해시,201902,800452.0
동해시,201903,816716.0
동해시,201904,706587.0
동해시,201905,784380.0
동해시,201906,806233.0
동해시,201907,975595.0
동해시,201908,1396226.0
동해시,201909,941695.0
동해시,201910,898542.0
동해시,201911,894315.0
동해시,201912,869417.0
동해시,202001,1065730.0
동해시,202002,649501.0
동해시,202003,696731.0
동해시,202004,744003.0
동해시,202005,950712.0
동해시,202006,897838.0
동해시,202007,1035230.0
동해시,202008,1164148.0
동해시,202009,734166.0
동해시,202010,944358.0
동해시,202011,758609.0
동해시,202012,646939.0
동해시,202101,570480.0
동해시,202102,719193.0
동해시,202103,665780.0
동해시,202104,867982.0
동해시,202105,846566.0
동해시,202106,791914.0
동해시,202107,964100.0
동해시,202108,1018140.0
동해시,202109,915402.0
동해시,202110,943181.0
동해시,202111,786317.0
동해시,202112,825063.0
동해시,202201,923379.0
동해시,202202,766143.0
동해시,202203,838090.0
동해시,202204,923511.0
동해시,202205,1029853.0
동해시,202206,964752.0
동해시,202207,1225250.0
동해시,202208,1263004.0
동해시,202209,1094283.0
동해시,202210,1128819.0
동해시,202211,987603.0
동해시,202212,846825.0
동해시,202301,1023580.0
동해시,202302,848233.0
동해시,202303,923995.0
동해시,202304,1067799.0
동해시,202305,1065533.0
동해시,202306,955835.0
동해시,202307,1108399.0
동해시,202308,1221222.0
동해시,202309,1008304.0
동해시,202310,1047712.0
동해시,202311,801705.0
동해시,202312,876133.0
동해시,202401,819145.0
동해시,202402,862779.0
동해시,202403,886717.0
동해시,202404,905438.0
동해시,202405,1030071.0
동해시,202406,1026280.0
동해시,202407,1050155.0
동해시,202408,1275000.0
동해시,202409,1027584.0
동해시,202410,972412.0
동해시,202411,873450.0
동해시,202412,816086.0
동해시,202501,1036035.0
동해시,202502,733376.0
동해시,202503,891543.0
동해시,202504,892794.0
동해시,202505,1177862.0
동해시,202506,1133891.0
동해시,202507,1171125.0
동해시,202508,1363927.0
동해시,202509,896258.0
동해시,202510,1245701.0
동해시,202511,905411.0
동해시,202512,889477.0
동해시,202601,969344.0
동해시,202602,1043398.0
동해시,202603,933424.0
동해시,202604,942493.0
동해시,202605,1231849.0
동해시,202606,1158183.0
동해시,202607,1217000.0
동해시,202608,1386557.0
마포구,201901,9257545.0
마포구,201902,7854848.0
마포구,201903,10294720.0
마포구,201904,8077972.0
마포구,201905,9451677.0
마포구,201906,9166751.0
마포구,201907,9609672.0
마포구,201908,10420725.0
마포구,201909,9916620.0
마포구,201910,10462805.0
마포구,201911,11257868.0
마포구,201912,10955462.0
마포구,202001,9569261.0
마포구,202002,8034063.0
마포구,202003,7382341.0
마포구,202004,7909393.0
마포구,202005,8429387.0
마포구,202006,8034840.0
마포구,202007,8846477.0
마포구,202008,7689096.0
마포구,202009,7338192.0
마포구,202010,8922832.0
마포구,202011,7881577.0
마포구,202012,5686167.0
마포구,202101,6223360.0
마포구,202102,6927919.0
마포구,202103,8465885.0
마포구,202104,7750082.0
마포구,202105,8433630.0
마포구,202106,8691333.0
마포구,202107,7378689.0
마포구,202108,7580288.0
마포구,202109,8062529.0
마포구,202110,8786544.0
마포구,202111,8980695.0
마포구,202112,8323386.0
마포구,202201,8076597.0
마포구,202202,6907843.0
마포구,202203,8385642.0
마포구,202204,9625910.0
마포구,202205,10472114.0
마포구,202206,9707024.0
마포구,202207,10189282.0
마포구,202208,9805381.0
마포구,202209,10300351.0
마포구,202210,10489944.0
마포구,202211,9575436.0
마포구,202212,9771884.0
마포구,202301,9216867.0
마포구,202302,9344804.0
마포구,202303,10559390.0
마포구,202304,9441863.0
마포구,202305,10081513.0
마포구,202306,10004986.0
마포구,202307,10205105.0
마포구,202308,9775415.0
마포구,202309,10168283.0
마포구,202310,10549750.0
마포구,202311,9716343.0
마포구,202312,10153603.0
마포구,202401,9667566.0
마포구,202402,9177058.0
마포구,202403,10984343.0
마포구,202404,9708340.0
마포구,202405,10641516.0
마포구,202406,9920495.0
마포구,202407,9729596.0
마포구,202408,9893523.0
마포구,202409,10072854.0
마포구,202410,10882234.0
마포구,202411,9935496.0
마포구,202412,9984591.0
마포구,202501,9116937.0
마포구,202502,9086595.0
마포구,202503,10711567.0
마포구,202504,9594630.0
마포구,202505,11146667.0
마포구,202506,10202286.0
마포구,202507,10558498.0
마포구,202508,10496915.0
마포구,202509,10992051.0
마포구,202510,10678733.0
마포구,202511,11026491.0
마포구,202512,10786653.0
마포구,202601,9922507.0
마포구,202602,9335775.0
마포구,202603,11178815.0
마포구,202604,10194064.0
마포구,202605,10976475.0
마포구,202606,10144978.0
마포구,202607,10145408.0
마포구,202608,10138419.0
목포시,201901,1795223.0
목포시,201902,1923533.0
목포시,201903,1994534.0
목포시,201904,1825718.0
목포시,201905,1909903.0
목포시,201906,1771931.0
목포시,201907,1940671.0
목포시,201908,2144911.0
목포시,201909,2139704.0
목포시,201910,2130438.0
목포시,201911,2020594.0
목포시,201912,2012681.0
목포시,202001,2089756.0
목포시,202002,1535131.0
목포시,202003,1486031.0
목포시,202004,1462013.0
목포시,202005,1888159.0
목포시,202006,1701336.0
목포시,202007,1862897.0
목포시,202008,2020050.0
목포시,202009,1655263.0
목포시,202010,2083052.0
목포시,202011,1808883.0
목포시,202012,1681671.0
목포시,202101,1626563.0
목포시,202102,1696059.0
목포시,202103,1832098.0
목포시,202104,1744041.0
목포시,202105,1907684.0
목포시,202106,1793172.0
목포시,202107,1949042.0
목포시,202108,1989662.0
목포시,202109,2084682.0
목포시,202110,2083244.0
목포시,202111,2015017.0
목포시,202112,1880688.0
목포시,202201,1890023.0
목포시,202202,1600432.0
목포시,202203,1814085.0
목포시,202204,1885111.0
목포시,202205,2003190.0
목포시,202206,2149555.0
목포시,202207,2956688.0
목포시,202208,2291980.0
목포시,202209,2362183.0
목포시,202210,2381489.0
목포시,202211,2063589.0
목포시,202212,2000403.0
목포시,202301,2205170.0
목포시,202302,1840155.0
목포시,202303,2200624.0
목포시,202304,2123455.0
목포시,202305,2190884.0
목포시,202306,2047959.0
목포시,202307,2231818.0
목포시,202308,2382685.0
목포시,202309,2368313.0
목포시,202310,2521466.0
목포시,202311,2123390.0
목포시,202312,2211937.0
목포시,202401,2094605.0
목포시,202402,2236485.0
목포시,202403,2356663.0
목포시,202404,2159945.0
목포시,202405,2377650.0
목포시,202406,2140185.0
목포시,202407,2248830.0
목포시,202408,2362318.0
목포시,202409,2449637.0
목포시,202410,2287215.0
목포시,202411,2183193.0
목포시,202412,2184763.0
목포시,202501,2452220.0
목포시,202502,1842303.0
목포시,202503,2340101.0
목포시,202504,2164102.0
목포시,202505,2632834.0
목포시,202506,2257082.0
목포시,202507,2357435.0
목포시,202508,2525157.0
목포시,202509,2229723.0
목포시,202510,2923407.0
목포시,202511,2279051.0
목포시,202512,2286302.0
목포시,202601,2169625.0
목포시,202602,2240833.0
목포시,202603,2327797.0
목포시,202604,2141159.0
목포시,202605,2459107.0
목포시,202606,2090645.0
목포시,202607,2297486.0
목포시,202608,2469211.0
무안군,201901,947536.0
무안군,201902,1033346.0
무안군,201903,1312743.0
무안군,201904,1022981.0
무안군,201905,1125705.0
무안군,201906,1110484.0
무안군,201907,1104371.0
무안군,201908,1159030.0
무안군,201909,1301448.0
무안군,201910,1121724.0
무안군,201911,1067521.0
무안군,201912,1066190.0
무안군,202001,1118269.0
무안군,202002,850462.0
무안군,202003,905944.0
무안군,202004,924602.0
무안군,202005,1150197.0
무안군,202006,1025573.0
무안군,202007,980577.0
무안군,202008,1117301.0
무안군,202009,1035421.0
무안군,202010,1241722.0
무안군,202011,978187.0
무안군,202012,969449.0
무안군,202101,868937.0
무안군,202102,985067.0
무안군,202103,1226230.0
무안군,202104,1143494.0
무안군,202105,1213692.0
무안군,202106,1120739.0
무안군,202107,1123727.0
무안군,202108,1147927.0
무안군,202109,1302142.0
무안군,202110,1295890.0
무안군,202111,1099203.0
무안군,202112,1027990.0
무안군,202201,1046206.0
무안군,202202,924902.0
무안군,202203,1265609.0
무안군,202204,1217640.0
무안군,202205,1222798.0
무안군,202206,1191143.0
무안군,202207,1592933.0
무안군,202208,1268741.0
무안군,202209,1499795.0
무안군,202210,1390956.0
무안군,202211,1214947.0
무안군,202212,1118597.0
무안군,202301,1225411.0
무안군,202302,1070770.0
무안군,202303,1438270.0
무안군,202304,1305105.0
무안군,202305,1359035.0
무안군,202306,1248531.0
무안군,202307,1248473.0
무안군,202308,1287519.0
무안군,202309,1450006.0
무안군,202310,1418431.0
무안군,202311,1204769.0
무안군,202312,1215315.0
무안군,202401,1138836.0
무안군,202402,1247802.0
무안군,202403,1426349.0
무안군,202404,1269944.0
무안군,202405,1365886.0
무안군,202406,1270822.0
무안군,202407,1274751.0
무안군,202408,1321094.0
무안군,202409,1508736.0
무안군,202410,1428993.0
무안군,202411,1349630.0
무안군,202412,1367185.0
무안군,202501,1410501.0
무안군,202502,1090484.0
무안군,202503,1527115.0
무안군,202504,1345862.0
무안군,202505,1580932.0
무안군,202506,1465988.0
무안군,202507,1428761.0
무안군,202508,1464277.0
무안군,202509,1448199.0
무안군,202510,1701719.0
무안군,202511,1428739.0
무안군,202512,1384793.0
무안군,202601,1289775.0
무안군,202602,1328695.0
무안군,202603,1530910.0
무안군,202604,1368733.0
무안군,202605,1519014.0
무안군,202606,1367245.0
무안군,202607,1392116.0
무안군,202608,1404210.0
무주군,201901,784649.0
무주군,201902,696798.0
무주군,201903,475510.0
무주군,201904,485290.0
무주군,201905,607974.0
무주군,201906,564672.0
무주군,201907,659232.0
무주군,201908,993045.0
무주군,201909,640003.0
무주군,201910,588429.0
무주군,201911,574093.0
무주군,201912,634462.0
무주군,202001,886442.0
무주군,202002,470963.0
무주군,202003,313043.0
무주군,202004,383642.0
무주군,202005,546154.0
무주군,202006,472834.0
무주군,202007,552959.0
무주군,202008,834076.0
무주군,202009,460073.0
무주군,202010,606928.0
무주군,202011,412159.0
무주군,202012,414577.0
무주군,202101,459616.0
무주군,202102,487369.0
무주군,202103,369281.0
무주군,202104,433979.0
무주군,202105,528330.0
무주군,202106,490357.0
무주군,202107,643816.0
무주군,202108,780169.0
무주군,202109,625410.0
무주군,202110,631406.0
무주군,202111,551782.0
무주군,202112,617205.0
무주군,202201,887208.0
무주군,202202,639502.0
무주군,202203,354739.0
무주군,202204,452697.0
무주군,202205,566405.0
무주군,202206,555726.0
무주군,202207,835685.0
무주군,202208,914646.0
무주군,202209,685918.0
무주군,202210,759378.0
무주군,202211,569722.0
무주군,202212,667050.0
무주군,202301,1013250.0
무주군,202302,680875.0
무주군,202303,491045.0
무주군,202304,576453.0
무주군,202305,644341.0
무주군,202306,671965.0
무주군,202307,673686.0
무주군,202308,877648.0
무주군,202309,785134.0
무주군,202310,734454.0
무주군,202311,567792.0
무주군,202312,743952.0
무주군,202401,938668.0
무주군,202402,790555.0
무주군,202403,520726.0
무주군,202404,541516.0
무주군,202405,629339.0
무주군,202406,632101.0
무주군,202407,647917.0
무주군,202408,969187.0
무주군,202409,741421.0
무주군,202410,644815.0
무주군,202411,620853.0
무주군,202412,688412.0
무주군,202501,1052077.0
무주군,202502,633210.0
무주군,202503,502394.0
무주군,202504,499706.0
무주군,202505,712523.0
무주군,202506,615431.0
무주군,202507,712701.0
무주군,202508,907212.0
무주군,202509,606901.0
무주군,202510,864226.0
무주군,202511,635890.0
무주군,202512,638310.0
무주군,202601,855729.0
무주군,202602,806683.0
무주군,202603,490385.0
무주군,202604,541697.0
무주군,202605,699778.0
무주군,202606,598054.0
무주군,202607,696084.0
무주군,202608,889485.0
문경시,201901,656946.0
문경시,201902,870934.0
문경시,201903,764829.0
문경시,201904,752903.0
문경시,201905,905684.0
문경시,201906,837990.0
문경시,201907,896625.0
문경시,201908,1102496.0
문경시,201909,1212719.0
문경시,201910,1177124.0
문경시,201911,1084116.0
문경시,201912,867482.0
문경시,202001,1093223.0
문경시,202002,603017.0
문경시,202003,556310.0
문경시,202004,721003.0
문경시,202005,973332.0
문경시,202006,817177.0
문경시,202007,798671.0
문경시,202008,989301.0
문경시,202009,773489.0
문경시,202010,1010739.0
문경시,202011,799165.0
문경시,202012,581865.0
문경시,202101,533742.0
문경시,202102,707343.0
문경시,202103,697277.0
문경시,202104,729343.0
문경시,202105,844284.0
문경시,202106,783164.0
문경시,202107,868090.0
문경시,202108,945176.0
문경시,202109,1024660.0
문경시,202110,1008936.0
문경시,202111,874014.0
문경시,202112,665992.0
문경시,202201,746739.0
문경시,202202,649404.0
문경시,202203,644137.0
문경시,202204,788147.0
문경시,202205,949236.0
문경시,202206,878873.0
문경시,202207,1059523.0
문경시,202208,1076161.0
문경시,202209,1147460.0
문경시,202210,1244815.0
문경시,202211,935332.0
문경시,202212,689188.0
문경시,202301,903050.0
문경시,202302,682142.0
문경시,202303,826003.0
문경시,202304,902436.0
문경시,202305,1060350.0
문경시,202306,941455.0
문경시,202307,970649.0
문경시,202308,1074510.0
문경시,202309,1240506.0
문경시,202310,1141029.0
문경시,202311,834570.0
문경시,202312,676747.0
문경시,202401,616346.0
문경시,202402,865053.0
문경시,202403,794721.0
문경시,202404,844245.0
문경시,202405,947545.0
문경시,202406,900196.0
문경시,202407,923999.0
문경시,202408,1107014.0
문경시,202409,1202119.0
문경시,202410,1150455.0
문경시,202411,1009017.0
문경시,202412,750481.0
문경시,202501,905425.0
문경시,202502,648429.0
문경시,202503,859219.0
문경시,202504,862058.0
문경시,202505,1232733.0
문경시,202506,1002721.0
문경시,202507,1026720.0
문경시,202508,1189116.0
문경시,202509,994828.0
문경시,202510,1599998.0
문경시,202511,1109750.0
문경시,202512,817905.0
문경시,202601,792838.0
문경시,202602,1041495.0
문경시,202603,899550.0
문경시,202604,955174.0
문경시,202605,1267829.0
문경시,202606,965721.0
문경시,202607,1078375.0
문경시,202608,1183674.0
미추홀구,201901,3485887.0
미추홀구,201902,3237012.0
미추홀구,201903,4282951.0
미추홀구,201904,3580035.0
미추홀구,201905,4104707.0
미추홀구,201906,3968226.0
미추홀구,201907,4081706.0
미추홀구,201908,4401092.0
미추홀구,201909,4454651.0
미추홀구,201910,4080211.0
미추홀구,201911,4542121.0
미추홀구,201912,4196587.0
미추홀구,202001,4098686.0
미추홀구,202002,3224939.0
미추홀구,202003,3146815.0
미추홀구,202004,3111268.0
미추홀구,202005,3345107.0
미추홀구,202006,3174177.0
미추홀구,202007,3478998.0
미추홀구,202008,3194084.0
미추홀구,202009,3148834.0
미추홀구,202010,3606578.0
미추홀구,202011,3243110.0
미추홀구,202012,2961925.0
미추홀구,202101,2874972.0
미추홀구,202102,3029364.0
미추홀구,202103,3695586.0
미추홀구,202104,3221509.0
미추홀구,202105,3486528.0
미추홀구,202106,3348252.0
미추홀구,202107,3183941.0
미추홀구,202108,3123441.0
미추홀구,202109,3472608.0
미추홀구,202110,3448686.0
미추홀구,202111,3363682.0
미추홀구,202112,3256368.0
미추홀구,202201,3254282.0
미추홀구,202202,2841583.0
미추홀구,202203,3428863.0
미추홀구,202204,3743896.0
미추홀구,202205,3980439.0
미추홀구,202206,3574919.0
미추홀구,202207,3800108.0
미추홀구,202208,3652425.0
미추홀구,202209,4100891.0
미추홀구,202210,3812298.0
미추홀구,202211,3595937.0
미추홀구,202212,3506312.0
미추홀구,202301,3533245.0
미추홀구,202302,3260113.0
미추홀구,202303,4176764.0
미추홀구,202304,3529164.0
미추홀구,202305,3852332.0
미추홀구,202306,3635748.0
미추홀구,202307,3868825.0
미추홀구,202308,3753987.0
미추홀구,202309,4015594.0
미추홀구,202310,3731513.0
미추홀구,202311,3519384.0
미추홀구,202312,3700662.0
미추홀구,202401,3449893.0
미추홀구,202402,3577095.0
미추홀구,202403,4294718.0
미추홀구,202404,3677305.0
미추홀구,202405,3920183.0
미추홀구,202406,3704970.0
미추홀구,202407,3821124.0
미추홀구,202408,3744007.0
미추홀구,202409,3998801.0
미추홀구,202410,3716477.0
미추홀구,202411,3515995.0
미추홀구,202412,3616812.0
미추홀구,202501,3664063.0
미추홀구,202502,3275696.0
미추홀구,202503,4436839.0
미추홀구,202504,3645896.0
미추홀구,202505,4235171.0
미추홀구,202506,3830007.0
미추홀구,202507,4036690.0
미추홀구,202508,4022316.0
미추홀구,202509,4202046.0
미추홀구,202510,4064463.0
미추홀구,202511,3898095.0
미추홀구,202512,3843163.0
미추홀구,202601,3601047.0
미추홀구,202602,3558183.0
미추홀구,202603,4500719.0
미추홀구,202604,3833486.0
미추홀구,202605,4105852.0
미추홀구,202606,3766758.0
미추홀구,202607,3868505.0
미추홀구,202608,3870474.0
밀양시,201901,770503.0
밀양시,201902,982260.0
밀양시,201903,1049177.0
밀양시,201904,869214.0
밀양시,201905,1073810.0
밀양시,201906,936670.0
밀양시,201907,1034704.0
밀양시,201908,1286466.0
밀양시,201909,1063551.0
밀양시,201910,1093151.0
밀양시,201911,1089030.0
밀양시,201912,893803.0
밀양시,202001,1069372.0
밀양시,202002,744143.0
밀양시,202003,885814.0
밀양시,202004,996542.0
밀양시,202005,1249949.0
밀양시,202006,1024192.0
밀양시,202007,1050909.0
밀양시,202008,1412473.0
밀양시,202009,1033423.0
밀양시,202010,1465425.0
밀양시,202011,1172346.0
밀양시,202012,899953.0
밀양시,202101,886981.0
밀양시,202102,1017440.0
밀양시,202103,1125979.0
밀양시,202104,1091551.0
밀양시,202105,1318808.0
밀양시,202106,1109420.0
밀양시,202107,1207645.0
밀양시,202108,1349189.0
밀양시,202109,1337736.0
밀양시,202110,1403623.0
밀양시,202111,1321538.0
밀양시,202112,1034685.0
밀양시,202201,1120659.0
밀양시,202202,999685.0
밀양시,202203,1065698.0
밀양시,202204,1265145.0
밀양시,202205,1409287.0
밀양시,202206,1170144.0
밀양시,202207,1345370.0
밀양시,202208,1446638.0
밀양시,202209,1369721.0
밀양시,202210,1522376.0
밀양시,202211,1316140.0
밀양시,202212,1043303.0
밀양시,202301,1224565.0
밀양시,202302,995299.0
밀양시,202303,1337188.0
밀양시,202304,1303097.0
밀양시,202305,1365840.0
밀양시,202306,1197696.0
밀양시,202307,1221817.0
밀양시,202308,1396164.0
밀양시,202309,1369719.0
밀양시,202310,1427096.0
밀양시,202311,1233788.0
밀양시,202312,1030975.0
밀양시,202401,1049776.0
밀양시,202402,1255924.0
밀양시,202403,1330798.0
밀양시,202404,1238816.0
밀양시,202405,1454428.0
밀양시,202406,1186646.0
밀양시,202407,1169314.0
밀양시,202408,1440826.0
밀양시,202409,1337949.0
밀양시,202410,1286375.0
밀양시,202411,1374506.0
밀양시,202412,1111978.0
밀양시,202501,1278737.0
밀양시,202502,968920.0
밀양시,202503,1340962.0
밀양시,202504,1174307.0
밀양시,202505,1573829.0
밀양시,202506,1250460.0
밀양시,202507,1304576.0
밀양시,202508,1535597.0
밀양시,202509,1188571.0
밀양시,202510,1707822.0
밀양시,202511,1543381.0
밀양시,202512,1145132.0
밀양시,202601,1087560.0
밀양시,202602,1292301.0
밀양시,202603,1334655.0
밀양시,202604,1282181.0
밀양시,202605,1579134.0
밀양시,202606,1176246.0
밀양시,202607,1252968.0
밀양시,202608,1386552.0
보령시,201901,1028220.0
보령시,201902,1130509.0
보령시,201903,1171257.0
보령시,201904,1120089.0
보령시,201905,1301508.0
보령시,201906,1259478.0
보령시,201907,1483529.0
보령시,201908,1865562.0
보령시,201909,1408685.0
보령시,201910,1475000.0
보령시,201911,1297619.0
보령시,201912,1222553.0
보령시,202001,1301102.0
보령시,202002,836192.0
보령시,202003,970934.0
보령시,202004,1081752.0
보령시,202005,1430648.0
보령시,202006,1205427.0
보령시,202007,1362430.0
보령시,202008,1625951.0
보령시,202009,1291303.0
보령시,202010,1660825.0
보령시,202011,1241329.0
보령시,202012,1018697.0
보령시,202101,907720.0
보령시,202102,1077941.0
보령시,202103,1077838.0
보령시,202104,1139602.0
보령시,202105,1340830.0
보령시,202106,1233238.0
보령시,202107,1416234.0
보령시,202108,1601078.0
보령시,202109,1606760.0
보령시,202110,1664960.0
보령시,202111,1306329.0
보령시,202112,1443459.0
보령시,202201,1403312.0
보령시,202202,1098900.0
보령시,202203,1090314.0
보령시,202204,1401919.0
보령시,202205,1705015.0
보령시,202206,1571962.0
보령시,202207,1850916.0
보령시,202208,1939373.0
보령시,202209,1814368.0
보령시,202210,1891192.0
보령시,202211,1376441.0
보령시,202212,1201807.0
보령시,202301,1329793.0
보령시,202302,1162543.0
보령시,202303,1326385.0
보령시,202304,1503903.0
보령시,202305,1582511.0
보령시,202306,1502616.0
보령시,202307,1567954.0
보령시,202308,1803888.0
보령시,202309,1783516.0
보령시,202310,1766609.0
보령시,202311,1256232.0
보령시,202312,1295771.0
보령시,202401,1137607.0
보령시,202402,1253672.0
보령시,202403,1309404.0
보령시,202404,1483320.0
보령시,202405,1513545.0
보령시,202406,1463602.0
보령시,202407,1502679.0
보령시,202408,1898031.0
보령시,202409,1783200.0
보령시,202410,1651306.0
보령시,202411,1403209.0
보령시,202412,1235792.0
보령시,202501,1300636.0
보령시,202502,1026680.0
보령시,202503,1325940.0
보령시,202504,1347574.0
보령시,202505,1725824.0
보령시,202506,1405686.0
보령시,202507,1544704.0
보령시,202508,1934219.0
보령시,202509,1549752.0
보령시,202510,1993329.0
보령시,202511,1419928.0
보령시,202512,1205337.0
보령시,202601,1180441.0
보령시,202602,1241009.0
보령시,202603,1256893.0
보령시,202604,1309969.0
보령시,202605,1716815.0
보령시,202606,1365333.0
보령시,202607,1535715.0
보령시,202608,1855434.0
보성군,201901,454294.0
보성군,201902,568158.0
보성군,201903,526641.0
보성군,201904,569734.0
보성군,201905,616955.0
보성군,201906,479978.0
보성군,201907,485711.0
보성군,201908,624841.0
보성군,201909,604782.0
보성군,201910,527259.0
보성군,201911,544259.0
보성군,201912,573433.0
보성군,202001,633142.0
보성군,202002,353141.0
보성군,202003,430229.0
보성군,202004,500218.0
보성군,202005,621353.0
보성군,202006,490509.0
보성군,202007,448064.0
보성군,202008,595917.0
보성군,202009,478023.0
보성군,202010,603930.0
보성군,202011,412661.0
보성군,202012,440354.0
보성군,202101,377756.0
보성군,202102,495477.0
보성군,202103,518253.0
보성군,202104,526323.0
보성군,202105,598528.0
보성군,202106,503486.0
보성군,202107,517550.0
보성군,202108,579651.0
보성군,202109,670230.0
보성군,202110,589798.0
보성군,202111,526752.0
보성군,202112,477768.0
보성군,202201,543074.0
보성군,202202,437539.0
보성군,202203,466674.0
보성군,202204,614794.0
보성군,202205,623445.0
보성군,202206,550089.0
보성군,202207,713290.0
보성군,202208,655844.0
보성군,202209,702684.0
보성군,202210,675877.0
보성군,202211,573755.0
보성군,202212,485969.0
보성군,202301,624048.0
보성군,202302,464228.0
보성군,202303,606956.0
보성군,202304,731239.0
보성군,202305,693526.0
보성군,202306,603396.0
보성군,202307,559712.0
보성군,202308,616139.0
보성군,202309,676643.0
보성군,202310,668406.0
보성군,202311,518450.0
보성군,202312,513162.0
보성군,202401,465749.0
보성군,202402,575232.0
보성군,202403,574315.0
보성군,202404,639844.0
보성군,202405,668478.0
보성군,202406,593535.0
보성군,202407,532528.0
보성군,202408,617399.0
보성군,202409,690361.0
보성군,202410,573089.0
보성군,202411,554563.0
보성군,202412,500502.0
보성군,202501,638324.0
보성군,202502,404420.0
보성군,202503,579626.0
보성군,202504,619811.0
보성군,202505,764725.0
보성군,202506,615191.0
보성군,202507,546296.0
보성군,202508,619862.0
보성군,202509,534042.0
보성군,202510,845341.0
보성군,202511,602726.0
보성군,202512,536391.0
보성군,202601,509115.0
보성군,202602,610604.0
보성군,202603,569461.0
보성군,202604,609598.0
보성군,202605,755978.0
보성군,202606,577826.0
보성군,202607,556084.0
보성군,202608,601838.0
보은군,201901,358533.0
보은군,201902,458600.0
보은군,201903,475043.0
보은군,201904,505607.0
보은군,201905,554009.0
보은군,201906,492184.0
보은군,201907,493879.0
보은군,201908,613040.0
보은군,201909,573165.0
보은군,201910,815282.0
보은군,201911,569784.0
보은군,201912,371978.0
보은군,202001,452200.0
보은군,202002,285172.0
보은군,202003,383421.0
보은군,202004,458097.0
보은군,202005,507880.0
보은군,202006,438145.0
보은군,202007,467116.0
보은군,202008,520489.0
보은군,202009,471813.0
보은군,202010,695947.0
보은군,202011,489017.0
보은군,202012,318148.0
보은군,202101,295963.0
보은군,202102,385789.0
보은군,202103,416446.0
보은군,202104,454564.0
보은군,202105,503845.0
보은군,202106,440813.0
보은군,202107,484787.0
보은군,202108,530759.0
보은군,202109,576513.0
보은군,202110,657149.0
보은군,202111,518277.0
보은군,202112,356029.0
보은군,202201,395135.0
보은군,202202,349411.0
보은군,202203,380213.0
보은군,202204,497076.0
보은군,202205,536998.0
보은군,202206,471823.0
보은군,202207,555146.0
보은군,202208,572994.0
보은군,202209,607284.0
보은군,202210,764255.0
보은군,202211,549814.0
보은군,202212,342755.0
보은군,202301,433102.0
보은군,202302,370110.0
보은군,202303,492888.0
보은군,202304,543423.0
보은군,202305,568549.0
보은군,202306,512737.0
보은군,202307,482551.0
보은군,202308,555321.0
보은군,202309,755216.0
보은군,202310,1013039.0
보은군,202311,684263.0
보은군,202312,441951.0
보은군,202401,349498.0
보은군,202402,567850.0
보은군,202403,605463.0
보은군,202404,694197.0
보은군,202405,728668.0
보은군,202406,673498.0
보은군,202407,617477.0
보은군,202408,755837.0
보은군,202409,802008.0
보은군,202410,956008.0
보은군,202411,813466.0
보은군,202412,517980.0
보은군,202501,597308.0
보은군,202502,474830.0
보은군,202503,630783.0
보은군,202504,693798.0
보은군,202505,814125.0
보은군,202506,685411.0
보은군,202507,712612.0
보은군,202508,815178.0
보은군,202509,711073.0
보은군,202510,1135917.0
보은군,202511,914567.0
보은군,202512,563320.0
보은군,202601,517808.0
보은군,202602,667922.0
보은군,202603,666592.0
보은군,202604,757876.0
보은군,202605,853140.0
보은군,202606,686490.0
보은군,202607,723351.0
보은군,202608,801900.0
봉화군,201901,236422.0
봉화군,201902,316150.0
봉화군,201903,272730.0
봉화군,201904,285890.0
봉화군,201905,364714.0
봉화군,201906,301866.0
봉화군,201907,406126.0
봉화군,201908,521554.0
봉화군,201909,434032.0
봉화군,201910,399659.0
봉화군,201911,331059.0
봉화군,201912,260560.0
봉화군,202001,354846.0
봉화군,202002,205545.0
봉화군,202003,203674.0
봉화군,202004,272722.0
봉화군,202005,376531.0
봉화군,202006,312391.0
봉화군,202007,341222.0
봉화군,202008,457007.0
봉화군,202009,345040.0
봉화군,202010,467650.0
봉화군,202011,330257.0
봉화군,202012,228654.0
봉화군,202101,209330.0
봉화군,202102,279444.0
봉화군,202103,289695.0
봉화군,202104,314715.0
봉화군,202105,370584.0
봉화군,202106,339347.0
봉화군,202107,409834.0
봉화군,202108,451360.0
봉화군,202109,460882.0
봉화군,202110,427141.0
봉화군,202111,350718.0
봉화군,202112,274840.0
봉화군,202201,318416.0
봉화군,202202,260576.0
봉화군,202203,273945.0
봉화군,202204,333670.0
봉화군,202205,394985.0
봉화군,202206,341124.0
봉화군,202207,491509.0
봉화군,202208,508631.0
봉화군,202209,451023.0
봉화군,202210,486457.0
봉화군,202211,359145.0
봉화군,202212,272403.0
봉화군,202301,376753.0
봉화군,202302,275561.0
봉화군,202303,330044.0
봉화군,202304,355660.0
봉화군,202305,410883.0
봉화군,202306,356369.0
봉화군,202307,385636.0
봉화군,202308,443303.0
봉화군,202309,503501.0
봉화군,202310,469068.0
봉화군,202311,361950.0
봉화군,202312,303669.0
봉화군,202401,278867.0
봉화군,202402,355506.0
봉화군,202403,336401.0
봉화군,202404,358504.0
봉화군,202405,417278.0
봉화군,202406,374966.0
봉화군,202407,406376.0
봉화군,202408,498626.0
봉화군,202409,472737.0
봉화군,202410,438253.0
봉화군,202411,382374.0
봉화군,202412,292455.0
봉화군,202501,371674.0
봉화군,202502,246613.0
봉화군,202503,322449.0
봉화군,202504,343946.0
봉화군,202505,454775.0
봉화군,202506,365135.0
봉화군,202507,444937.0
봉화군,202508,499379.0
봉화군,202509,359038.0
봉화군,202510,601814.0
봉화군,202511,407943.0
봉화군,202512,302187.0
봉화군,202601,285591.0
봉화군,202602,353364.0
봉화군,202603,330762.0
봉화군,202604,340673.0
봉화군,202605,447214.0
봉화군,202606,357658.0
봉화군,202607,423602.0
봉화군,202608,473998.0
부산진구,201901,5835191.0
부산진구,201902,5704803.0
부산진구,201903,6361917.0
부산진구,201904,5090099.0
부산진구,201905,6238288.0
부산진구,201906,5659638.0
부산진구,201907,6223067.0
부산진구,201908,6231254.0
부산진구,201909,6304184.0
부산진구,201910,6105324.0
부산진구,201911,5996021.0
부산진구,201912,6757040.0
부산진구,202001,6447716.0
부산진구,202002,4800057.0
부산진구,202003,3895032.0
부산진구,202004,4732851.0
부산진구,202005,5531620.0
부산진구,202006,5303441.0
부산진구,202007,5615544.0
부산진구,202008,5241774.0
부산진구,202009,4889582.0
부산진구,202010,5458315.0
부산진구,202011,5375392.0
부산진구,202012,4074514.0
부산진구,202101,4316991.0
부산진구,202102,4783838.0
부산진구,202103,5781423.0
부산진구,202104,4655347.0
부산진구,202105,5262426.0
부산진구,202106,5153899.0
부산진구,202107,4927251.0
부산진구,202108,4462697.0
부산진구,202109,5282080.0
부산진구,202110,5436848.0
부산진구,202111,5482665.0
부산진구,202112,5246001.0
부산진구,202201,5428708.0
부산진구,202202,4516008.0
부산진구,202203,5336841.0
부산진구,202204,5546868.0
부산진구,202205,6250008.0
부산진구,202206,5672898.0
부산진구,202207,6215178.0
부산진구,202208,5952222.0
부산진구,202209,6007008.0
부산진구,202210,6179044.0
부산진구,202211,5722403.0
부산진구,202212,6138598.0
부산진구,202301,6058765.0
부산진구,202302,5580236.0
부산진구,202303,6294803.0
부산진구,202304,5626357.0
부산진구,202305,6097945.0
부산진구,202306,5758876.0
부산진구,202307,6025453.0
부산진구,202308,5966731.0
부산진구,202309,6192796.0
부산진구,202310,6016868.0
부산진구,202311,5701025.0
부산진구,202312,6037903.0
부산진구,202401,6021686.0
부산진구,202402,5859500.0
부산진구,202403,6336005.0
부산진구,202404,5562457.0
부산진구,202405,6223929.0
부산진구,202406,5663686.0
부산진구,202407,5907290.0
부산진구,202408,5917117.0
부산진구,202409,5984948.0
부산진구,202410,5841350.0
부산진구,202411,5855223.0
부산진구,202412,6312608.0
부산진구,202501,6238064.0
부산진구,202502,5613259.0
부산진구,202503,6375522.0
부산진구,202504,5541882.0
부산진구,202505,6572939.0
부산진구,202506,6122701.0
부산진구,202507,6542665.0
부산진구,202508,6627425.0
부산진구,202509,6457157.0
부산진구,202510,6751600.0
부산진구,202511,6482170.0
부산진구,202512,6890546.0
부산진구,202601,6543171.0
부산진구,202602,6224579.0
부산진구,202603,6622601.0
부산진구,202604,5772315.0
부산진구,202605,6631883.0
부산진구,202606,5829557.0
부산진구,202607,6291952.0
부산진구,202608,6288251.0
부안군,201901,598103.0
부안군,201902,722085.0
부안군,201903,701430.0
부안군,201904,752310.0
부안군,201905,841934.0
부안군,201906,754088.0
부안군,201907,784970.0
부안군,201908,1032811.0
부안군,201909,833897.0
부안군,201910,818279.0
부안군,201911,811576.0
부안군,201912,653430.0
부안군,202001,724744.0
부안군,202002,464069.0
부안군,202003,589174.0
부안군,202004,655265.0
부안군,202005,858836.0
부안군,202006,723897.0
부안군,202007,800834.0
부안군,202008,1054937.0
부안군,202009,755115.0
부안군,202010,960050.0
부안군,202011,649545.0
부안군,202012,594102.0
부안군,202101,526566.0
부안군,202102,671677.0
부안군,202103,638566.0
부안군,202104,717023.0
부안군,202105,901604.0
부안군,202106,795204.0
부안군,202107,852798.0
부안군,202108,991421.0
부안군,202109,970030.0
부안군,202110,921090.0
부안군,202111,800385.0
부안군,202112,645284.0
부안군,202201,722586.0
부안군,202202,606670.0
부안군,202203,625219.0
부안군,202204,782943.0
부안군,202205,880924.0
부안군,202206,805609.0
부안군,202207,1114963.0
부안군,202208,1089337.0
부안군,202209,1036329.0
부안군,202210,1037820.0
부안군,202211,866090.0
부안군,202212,641777.0
부안군,202301,761083.0
부안군,202302,640295.0
부안군,202303,760105.0
부안군,202304,907038.0
부안군,202305,958024.0
부안군,202306,890558.0
부안군,202307,896433.0
부안군,202308,1088659.0
부안군,202309,1025363.0
부안군,202310,1018918.0
부안군,202311,792536.0
부안군,202312,702173.0
부안군,202401,645911.0
부안군,202402,777185.0
부안군,202403,770339.0
부안군,202404,867680.0
부안군,202405,948643.0
부안군,202406,876934.0
부안군,202407,848488.0
부안군,202408,1084874.0
부안군,202409,1041068.0
부안군,202410,946950.0
부안군,202411,883878.0
부안군,202412,703591.0
부안군,202501,817714.0
부안군,202502,565468.0
부안군,202503,812724.0
부안군,202504,860039.0
부안군,202505,1114684.0
부안군,202506,924981.0
부안군,202507,893449.0
부안군,202508,1126002.0
부안군,202509,841241.0
부안군,202510,1292430.0
부안군,202511,933921.0
부안군,202512,740495.0
부안군,202601,674677.0
부안군,202602,822169.0
부안군,202603,766234.0
부안군,202604,876599.0
부안군,202605,1131094.0
부안군,202606,866813.0
부안군,202607,911372.0
부안군,202608,1094201.0
부여군,201901,637395.0
부여군,201902,890653.0
부여군,201903,807274.0
부여군,201904,852953.0
부여군,201905,973043.0
부여군,201906,836423.0
부여군,201907,998146.0
부여군,201908,945769.0
부여군,201909,1061951.0
부여군,201910,994679.0
부여군,201911,911558.0
부여군,201912,743655.0
부여군,202001,937400.0
부여군,202002,542902.0
부여군,202003,641977.0
부여군,202004,714182.0
부여군,202005,985650.0
부여군,202006,784619.0
부여군,202007,848601.0
부여군,202008,900565.0
부여군,202009,833039.0
부여군,202010,1067600.0
부여군,202011,825913.0
부여군,202012,623438.0
부여군,202101,569087.0
부여군,202102,786563.0
부여군,202103,765966.0
부여군,202104,812719.0
부여군,202105,947475.0
부여군,202106,804268.0
부여군,202107,894246.0
부여군,202108,914008.0
부여군,202109,1078176.0
부여군,202110,1006654.0
부여군,202111,896125.0
부여군,202112,708465.0
부여군,202201,823702.0
부여군,202202,679741.0
부여군,202203,705003.0
부여군,202204,906843.0
부여군,202205,1052542.0
부여군,202206,924333.0
부여군,202207,1077960.0
부여군,202208,962467.0
부여군,202209,1151419.0
부여군,202210,1158673.0
부여군,202211,892655.0
부여군,202212,688301.0
부여군,202301,924280.0
부여군,202302,711809.0
부여군,202303,872562.0
부여군,202304,965937.0
부여군,202305,981713.0
부여군,202306,895938.0
부여군,202307,914816.0
부여군,202308,919057.0
부여군,202309,1084941.0
부여군,202310,1057581.0
부여군,202311,793540.0
부여군,202312,660002.0
부여군,202401,638030.0
부여군,202402,813056.0
부여군,202403,783838.0
부여군,202404,869589.0
부여군,202405,890969.0
부여군,202406,798209.0
부여군,202407,836222.0
부여군,202408,832337.0
부여군,202409,1053447.0
부여군,202410,970982.0
부여군,202411,864528.0
부여군,202412,706752.0
부여군,202501,838565.0
부여군,202502,655304.0
부여군,202503,832762.0
부여군,202504,888493.0
부여군,202505,1056296.0
부여군,202506,881152.0
부여군,202507,937257.0
부여군,202508,1011752.0
부여군,202509,937580.0
부여군,202510,1448054.0
부여군,202511,1067333.0
부여군,202512,864814.0
부여군,202601,751051.0
부여군,202602,960139.0
부여군,202603,861785.0
부여군,202604,866507.0
부여군,202605,1141979.0
부여군,202606,921581.0
부여군,202607,1039533.0
부여군,202608,945902.0
부천시,201901,6031589.0
부천시,201902,5533158.0
부천시,201903,7357268.0
부천시,201904,5668498.0
부천시,201905,6263900.0
부천시,201906,6290037.0
부천시,201907,6750166.0
부천시,201908,7421938.0
부천시,201909,7267510.0
부천시,201910,6766034.0
부천시,201911,7023020.0
부천시,201912,6584234.0
부천시,202001,6473754.0
부천시,202002,4961653.0
부천시,202003,5023880.0
부천시,202004,5199805.0
부천시,202005,5705476.0
부천시,202006,5118736.0
부천시,202007,5921001.0
부천시,202008,5360634.0
부천시,202009,5215959.0
부천시,202010,6111721.0
부천시,202011,5364530.0
부천시,202012,4595932.0
부천시,202101,4704825.0
부천시,202102,4923072.0
부천시,202103,5963819.0
부천시,202104,5215636.0
부천시,202105,5614419.0
부천시,202106,5369466.0
부천시,202107,5206787.0
부천시,202108,5148984.0
부천시,202109,5605653.0
부천시,202110,5681621.0
부천시,202111,5523993.0
부천시,202112,5399112.0
부천시,202201,5483021.0
부천시,202202,4658036.0
부천시,202203,5410106.0
부천시,202204,6388989.0
부천시,202205,6337799.0
부천시,202206,5766273.0
부천시,202207,6091129.0
부천시,202208,5782537.0
부천시,202209,6273279.0
부천시,202210,6232414.0
부천시,202211,5657334.0
부천시,202212,5854054.0
부천시,202301,5921956.0
부천시,202302,5373542.0
부천시,202303,6613549.0
부천시,202304,5884510.0
부천시,202305,6253626.0
부천시,202306,5951171.0
부천시,202307,6253576.0
부천시,202308,5899278.0
부천시,202309,6071877.0
부천시,202310,5962916.0
부천시,202311,5728524.0
부천시,202312,6093395.0
부천시 소사구,202401,2106329.0
부천시 소사구,202402,2152770.0
부천시 소사구,202403,2489981.0
부천시 소사구,202404,2059149.0
부천시 소사구,202405,2182102.0
부천시 소사구,202406,2099265.0
부천시 소사구,202407,2205730.0
부천시 소사구,202408,2150947.0
부천시 소사구,202409,2411240.0
부천시 소사구,202410,2864018.0
부천시 소사구,202411,2385919.0
부천시 소사구,202412,2479088.0
부천시 소사구,202501,2531537.0
부천시 소사구,202502,2151057.0
부천시 소사구,202503,2756728.0
부천시 소사구,202504,2297677.0
부천시 소사구,202505,2760083.0
부천시 소사구,202506,2481417.0
부천시 소사구,202507,2567584.0
부천시 소사구,202508,2509781.0
부천시 소사구,202509,2594169.0
부천시 소사구,202510,2663925.0
부천시 소사구,202511,2507622.0
부천시 소사구,202512,2598940.0
부천시 소사구,202601,2374011.0
부천시 소사구,202602,2296532.0
부천시 소사구,202603,2839879.0
부천시 소사구,202604,2380780.0
부천시 소사구,202605,2648938.0
부천시 소사구,202606,2414340.0
부천시 소사구,202607,2459526.0
부천시 소사구,202608,2454784.0
부천시 오정구,202401,1638193.0
부천시 오정구,202402,1599282.0
부천시 오정구,202403,1871614.0
부천시 오정구,202404,1723425.0
부천시 오정구,202405,1765738.0
부천시 오정구,202406,1641740.0
부천시 오정구,202407,1690576.0
부천시 오정구,202408,1632220.0
부천시 오정구,202409,1728569.0
부천시 오정구,202410,1710233.0
부천시 오정구,202411,1644688.0
부천시 오정구,202412,1619665.0
부천시 오정구,202501,1585430.0
부천시 오정구,202502,1451450.0
부천시 오정구,202503,1783045.0
부천시 오정구,202504,1709221.0
부천시 오정구,202505,1973873.0
부천시 오정구,202506,1804671.0
부천시 오정구,202507,1866143.0
부천시 오정구,202508,1755548.0
부천시 오정구,202509,1867075.0
부천시 오정구,202510,1809769.0
부천시 오정구,202511,1847196.0
부천시 오정구,202512,1805598.0
부천시 오정구,202601,1668076.0
부천시 오정구,202602,1618284.0
부천시 오정구,202603,1942627.0
부천시 오정구,202604,1726679.0
부천시 오정구,202605,1811183.0
부천시 오정구,202606,1595411.0
부천시 오정구,202607,1621748.0
부천시 오정구,202608,1546582.0
부천시 원미구,202401,5110668.0
부천시 원미구,202402,4997257.0
부천시 원미구,202403,5893777.0
부천시 원미구,202404,5316549.0
부천시 원미구,202405,5430881.0
부천시 원미구,202406,5132111.0
부천시 원미구,202407,5310358.0
부천시 원미구,202408,5176539.0
부천시 원미구,202409,5234312.0
부천시 원미구,202410,5369057.0
부천시 원미구,202411,5068221.0
부천시 원미구,202412,5210985.0
부천시 원미구,202501,5259039.0
부천시 원미구,202502,4824552.0
부천시 원미구,202503,5888934.0
부천시 원미구,202504,5279724.0
부천시 원미구,202505,6154775.0
부천시 원미구,202506,5423021.0
부천시 원미구,202507,5639020.0
부천시 원미구,202508,5542681.0
부천시 원미구,202509,5672653.0
부천시 원미구,202510,5631864.0
부천시 원미구,202511,5630049.0
부천시 원미구,202512,5674131.0
부천시 원미구,202601,5312128.0
부천시 원미구,202602,5052280.0
부천시 원미구,202603,6222333.0
부천시 원미구,202604,5465243.0
부천시 원미구,202605,6019117.0
부천시 원미구,202606,5551418.0
부천시 원미구,202607,5537217.0
부천시 원미구,202608,5643878.0
부평구,201901,4368681.0
부평구,201902,4074415.0
부평구,201903,4757997.0
부평구,201904,3884660.0
부평구,201905,4273428.0
부평구,201906,4245827.0
부평구,201907,4453374.0
부평구,201908,5053355.0
부평구,201909,4583200.0
부평구,201910,4375282.0
부평구,201911,4754237.0
부평구,201912,4520121.0
부평구,202001,4577241.0
부평구,202002,3538677.0
부평구,202003,3368946.0
부평구,202004,3607378.0
부평구,202005,3910560.0
부평구,202006,3510588.0
부평구,202007,4027416.0
부평구,202008,3591581.0
부평구,202009,3635575.0
부평구,202010,4099567.0
부평구,202011,3631672.0
부평구,202012,3111621.0
부평구,202101,3163100.0
부평구,202102,3406328.0
부평구,202103,3967635.0
부평구,202104,3563133.0
부평구,202105,3892224.0
부평구,202106,3731744.0
부평구,202107,3482435.0
부평구,202108,3386149.0
부평구,202109,3822001.0
부평구,202110,3748218.0
부평구,202111,3811723.0
부평구,202112,3650232.0
부평구,202201,3777852.0
부평구,202202,3091759.0
부평구,202203,3507640.0
부평구,202204,4343602.0
부평구,202205,4291531.0
부평구,202206,3918770.0
부평구,202207,4231138.0
부평구,202208,4041692.0
부평구,202209,4272030.0
부평구,202210,4140570.0
부평구,202211,3892325.0
부평구,202212,4022559.0
부평구,202301,4227155.0
부평구,202302,3765432.0
부평구,202303,4356730.0
부평구,202304,3876000.0
부평구,202305,4252814.0
부평구,202306,4010334.0
부평구,202307,4272149.0
부평구,202308,4028443.0
부평구,202309,4255018.0
부평구,202310,3950410.0
부평구,202311,3819901.0
부평구,202312,4158221.0
부평구,202401,3899791.0
부평구,202402,4226549.0
부평구,202403,4283556.0
부평구,202404,3770236.0
부평구,202405,4034895.0
부평구,202406,3818017.0
부평구,202407,3917203.0
부평구,202408,3945174.0
부평구,202409,4089317.0
부평구,202410,3953606.0
부평구,202411,3857542.0
부평구,202412,3994742.0
부평구,202501,4140713.0
부평구,202502,3635731.0
부평구,202503,4260020.0
부평구,202504,3856206.0
부평구,202505,4636807.0
부평구,202506,4067433.0
부평구,202507,4407292.0
부평구,202508,4286327.0
부평구,202509,4187332.0
부평구,202510,4554835.0
부평구,202511,4272493.0
부평구,202512,4307363.0
부평구,202601,4112312.0
부평구,202602,4087144.0
부평구,202603,4434577.0
부평구,202604,3887766.0
부평구,202605,4393330.0
부평구,202606,3952675.0
부평구,202607,4180326.0
부평구,202608,4163027.0
북구,201901,10692462.0
북구,201902,10941649.0
북구,201903,12836445.0
북구,201904,10022326.0
북구,201905,11235807.0
북구,201906,10465914.0
북구,201907,11506792.0
북구,201908,11280054.0
북구,201909,12457642.0
북구,201910,11682491.0
북구,201911,11453535.0
북구,201912,12126288.0
북구,202001,12180867.0
북구,202002,8966952.0
북구,202003,8362987.0
북구,202004,9499714.0
북구,202005,11408529.0
북구,202006,10701689.0
북구,202007,10559647.0
북구,202008,10852389.0
북구,202009,10358168.0
북구,202010,11177399.0
북구,202011,10363727.0
북구,202012,9738043.0
북구,202101,9369198.0
북구,202102,9795052.0
북구,202103,11756215.0
북구,202104,10111075.0
북구,202105,10891234.0
북구,202106,10251079.0
북구,202107,10729317.0
북구,202108,10361452.0
북구,202109,11644146.0
북구,202110,11616117.0
북구,202111,11017699.0
북구,202112,10715134.0
북구,202201,11150127.0
북구,202202,9399010.0
북구,202203,11449213.0
북구,202204,10831261.0
북구,202205,11594534.0
북구,202206,11163691.0
북구,202207,13751376.0
북구,202208,11580168.0
북구,202209,12684802.0
북구,202210,11978731.0
북구,202211,11158380.0
북구,202212,11353468.0
북구,202301,12121534.0
북구,202302,10529160.0
북구,202303,13106258.0
북구,202304,11240798.0
북구,202305,12186481.0
북구,202306,11557342.0
북구,202307,11950425.0
북구,202308,12022984.0
북구,202309,13278796.0
북구,202310,12368658.0
북구,202311,11379298.0
북구,202312,12257463.0
북구,202401,11538891.0
북구,202402,12078286.0
북구,202403,13571508.0
북구,202404,11425553.0
북구,202405,12926410.0
북구,202406,12040257.0
북구,202407,12234383.0
북구,202408,12158242.0
북구,202409,13485488.0
북구,202410,12537629.0
북구,202411,12104908.0
북구,202412,12409064.0
북구,202501,12917966.0
북구,202502,11024293.0
북구,202503,13749661.0
북구,202504,11808643.0
북구,202505,14286167.0
북구,202506,12682741.0
북구,202507,13346205.0
북구,202508,13314419.0
북구,202509,13455900.0
북구,202510,14488038.0
북구,202511,13092803.0
북구,202512,13207528.0
북구,202601,12407250.0
북구,202602,12521443.0
북구,202603,14309176.0
북구,202604,12066402.0
북구,202605,13829790.0
북구,202606,12459269.0
북구,202607,12968869.0
북구,202608,13233367.0
사상구,201901,2438758.0
사상구,201902,2331861.0
사상구,201903,2966044.0
사상구,201904,2182902.0
사상구,201905,2503640.0
사상구,201906,2236449.0
사상구,201907,2457903.0
사상구,201908,2353003.0
사상구,201909,2725526.0
사상구,201910,2437074.0
사상구,201911,2335210.0
사상구,201912,2427322.0
사상구,202001,2354476.0
사상구,202002,1870931.0
사상구,202003,1818058.0
사상구,202004,1952026.0
사상구,202005,2274021.0
사상구,202006,2129994.0
사상구,202007,2124910.0
사상구,202008,2065394.0
사상구,202009,2137383.0
사상구,202010,2212430.0
사상구,202011,2108012.0
사상구,202012,1704692.0
사상구,202101,1697332.0
사상구,202102,1857397.0
사상구,202103,2387920.0
사상구,202104,1881093.0
사상구,202105,2125920.0
사상구,202106,2006850.0
사상구,202107,1964171.0
사상구,202108,1862397.0
사상구,202109,2237592.0
사상구,202110,2220943.0
사상구,202111,2119944.0
사상구,202112,1979878.0
사상구,202201,2033666.0
사상구,202202,1764780.0
사상구,202203,2276462.0
사상구,202204,2312435.0
사상구,202205,2387215.0
사상구,202206,2167119.0
사상구,202207,2280342.0
사상구,202208,2218645.0
사상구,202209,2539958.0
사상구,202210,2365108.0
사상구,202211,2207064.0
사상구,202212,2256035.0
사상구,202301,2321243.0
사상구,202302,2080826.0
사상구,202303,2669090.0
사상구,202304,2211638.0
사상구,202305,2340776.0
사상구,202306,2196136.0
사상구,202307,2243432.0
사상구,202308,2240640.0
사상구,202309,2612042.0
사상구,202310,2331698.0
사상구,202311,2214391.0
사상구,202312,2255273.0
사상구,202401,2212236.0
사상구,202402,2270167.0
사상구,202403,2679769.0
사상구,202404,2264156.0
사상구,202405,2512056.0
사상구,202406,2296588.0
사상구,202407,2300308.0
사상구,202408,2305471.0
사상구,202409,2569649.0
사상구,202410,2444602.0
사상구,202411,2279293.0
사상구,202412,2316310.0
사상구,202501,2386173.0
사상구,202502,2121350.0
사상구,202503,2612914.0
사상구,202504,2298174.0
사상구,202505,2543862.0
사상구,202506,2321342.0
사상구,202507,2435348.0
사상구,202508,2418446.0
사상구,202509,2734240.0
사상구,202510,2661838.0
사상구,202511,2545758.0
사상구,202512,2481603.0
사상구,202601,2316636.0
사상구,202602,2312286.0
사상구,202603,2792836.0
사상구,202604,2366213.0
사상구,202605,2541500.0
사상구,202606,2351962.0
사상구,202607,2408132.0
사상구,202608,2470834.0
사천시,201901,1073997.0
사천시,201902,1244722.0
사천시,201903,1415976.0
사천시,201904,1355467.0
사천시,201905,1346479.0
사천시,201906,1181801.0
사천시,201907,1331386.0
사천시,201908,1562885.0
사천시,201909,1320704.0
사천시,201910,1391244.0
사천시,201911,1285480.0
사천시,201912,1241447.0
사천시,202001,1376343.0
사천시,202002,952780.0
사천시,202003,1070399.0
사천시,202004,1076945.0
사천시,202005,1381023.0
사천시,202006,1209170.0
사천시,202007,1245556.0
사천시,202008,1556363.0
사천시,202009,1186386.0
사천시,202010,1418667.0
사천시,202011,1061711.0
사천시,202012,1000164.0
사천시,202101,961607.0
사천시,202102,1116788.0
사천시,202103,1155819.0
사천시,202104,1113483.0
사천시,202105,1210849.0
사천시,202106,1166679.0
사천시,202107,1299792.0
사천시,202108,1393860.0
사천시,202109,1407531.0
사천시,202110,1390250.0
사천시,202111,1231033.0
사천시,202112,1142745.0
사천시,202201,1255730.0
사천시,202202,1036436.0
사천시,202203,1110449.0
사천시,202204,1305548.0
사천시,202205,1413806.0
사천시,202206,1271273.0
사천시,202207,1505763.0
사천시,202208,1542306.0
사천시,202209,1458099.0
사천시,202210,1606365.0
사천시,202211,1257821.0
사천시,202212,1198328.0
사천시,202301,1344729.0
사천시,202302,1114115.0
사천시,202303,1421169.0
사천시,202304,1501920.0
사천시,202305,1433495.0
사천시,202306,1287949.0
사천시,202307,1373724.0
사천시,202308,1507799.0
사천시,202309,1313369.0
사천시,202310,1284957.0
사천시,202311,1122367.0
사천시,202312,1098838.0
사천시,202401,1080587.0
사천시,202402,1178332.0
사천시,202403,1251244.0
사천시,202404,1242663.0
사천시,202405,1300254.0
사천시,202406,1149766.0
사천시,202407,1236838.0
사천시,202408,1419453.0
사천시,202409,1376595.0
사천시,202410,1322523.0
사천시,202411,1190410.0
사천시,202412,1127523.0
사천시,202501,1299670.0
사천시,202502,960917.0
사천시,202503,1211011.0
사천시,202504,1244545.0
사천시,202505,1477128.0
사천시,202506,1193244.0
사천시,202507,1316878.0
사천시,202508,1472780.0
사천시,202509,1203518.0
사천시,202510,1615692.0
사천시,202511,1220713.0
사천시,202512,1181831.0
사천시,202601,1150721.0
사천시,202602,1228826.0
사천시,202603,1231187.0
사천시,202604,1235960.0
사천시,202605,1401001.0
사천시,202606,1109642.0
사천시,202607,1305494.0
사천시,202608,1374029.0
사하구,201901,1824088.0
사하구,201902,2039892.0
사하구,201903,2260250.0
사하구,201904,1669190.0
사하구,201905,2084314.0
사하구,201906,1798479.0
사하구,201907,2072469.0
사하구,201908,2069317.0
사하구,201909,2256616.0
사하구,201910,2023271.0
사하구,201911,1900305.0
사하구,201912,2127534.0
사하구,202001,2164748.0
사하구,202002,1620438.0
사하구,202003,1551184.0
사하구,202004,1734923.0
사하구,202005,1959947.0
사하구,202006,1829412.0
사하구,202007,1858545.0
사하구,202008,1860587.0
사하구,202009,1856487.0
사하구,202010,2038060.0
사하구,202011,1862637.0
사하구,202012,1572597.0
사하구,202101,1547850.0
사하구,202102,1747570.0
사하구,202103,2008399.0
사하구,202104,1626266.0
사하구,202105,1898570.0
사하구,202106,1801904.0
사하구,202107,1823891.0
사하구,202108,1749052.0
사하구,202109,1985414.0
사하구,202110,1967843.0
사하구,202111,1797902.0
사하구,202112,1817941.0
사하구,202201,1875658.0
사하구,202202,1661047.0
사하구,202203,1958870.0
사하구,202204,1780838.0
사하구,202205,1990688.0
사하구,202206,1832445.0
사하구,202207,1992054.0
사하구,202208,1927247.0
사하구,202209,2103644.0
사하구,202210,1945540.0
사하구,202211,1797719.0
사하구,202212,1859798.0
사하구,202301,2026639.0
사하구,202302,1741195.0
사하구,202303,2157667.0
사하구,202304,1807459.0
사하구,202305,1920355.0
사하구,202306,1800083.0
사하구,202307,1883054.0
사하구,202308,1940823.0
사하구,202309,2245558.0
사하구,202310,2011726.0
사하구,202311,1824191.0
사하구,202312,1881530.0
사하구,202401,1875661.0
사하구,202402,1998262.0
사하구,202403,2191952.0
사하구,202404,1780059.0
사하구,202405,2057328.0
사하구,202406,1895591.0
사하구,202407,1994572.0
사하구,202408,1976018.0
사하구,202409,2177377.0
사하구,202410,2049587.0
사하구,202411,1974683.0
사하구,202412,2001577.0
사하구,202501,2133597.0
사하구,202502,1789895.0
사하구,202503,2246697.0
사하구,202504,1862130.0
사하구,202505,2286649.0
사하구,202506,2014445.0
사하구,202507,2160380.0
사하구,202508,2197119.0
사하구,202509,2181536.0
사하구,202510,2429677.0
사하구,202511,2114677.0
사하구,202512,2069198.0
사하구,202601,2001040.0
사하구,202602,2062610.0
사하구,202603,2290384.0
사하구,202604,1882205.0
사하구,202605,2246971.0
사하구,202606,1992215.0
사하구,202607,2094722.0
사하구,202608,2160656.0
산청군,201901,379171.0
산청군,201902,468871.0
산청군,201903,436787.0
산청군,201904,498174.0
산청군,201905,645298.0
산청군,201906,497628.0
산청군,201907,623536.0
산청군,201908,913928.0
산청군,201909,537004.0
산청군,201910,541510.0
산청군,201911,506227.0
산청군,201912,378934.0
산청군,202001,514397.0
산청군,202002,314771.0
산청군,202003,354343.0
산청군,202004,407956.0
산청군,202005,571465.0
산청군,202006,467262.0
산청군,202007,520476.0
산청군,202008,809619.0
산청군,202009,455177.0
산청군,202010,637354.0
산청군,202011,474242.0
산청군,202012,340232.0
산청군,202101,328045.0
산청군,202102,408621.0
산청군,202103,400938.0
산청군,202104,465926.0
산청군,202105,582288.0
산청군,202106,492348.0
산청군,202107,606471.0
산청군,202108,731763.0
산청군,202109,604177.0
산청군,202110,609700.0
산청군,202111,529995.0
산청군,202112,405186.0
산청군,202201,444569.0
산청군,202202,384216.0
산청군,202203,377015.0
산청군,202204,523575.0
산청군,202205,675416.0
산청군,202206,551313.0
산청군,202207,777290.0
산청군,202208,874876.0
산청군,202209,630957.0
산청군,202210,752588.0
산청군,202211,553866.0
산청군,202212,420426.0
산청군,202301,511660.0
산청군,202302,383137.0
산청군,202303,490598.0
산청군,202304,626142.0
산청군,202305,665924.0
산청군,202306,582170.0
산청군,202307,659254.0
산청군,202308,857707.0
산청군,202309,740999.0
산청군,202310,808617.0
산청군,202311,546625.0
산청군,202312,432997.0
산청군,202401,424610.0
산청군,202402,532637.0
산청군,202403,518969.0
산청군,202404,657584.0
산청군,202405,714246.0
산청군,202406,592051.0
산청군,202407,668094.0
산청군,202408,944120.0
산청군,202409,701404.0
산청군,202410,670411.0
산청군,202411,611399.0
산청군,202412,440658.0
산청군,202501,548409.0
산청군,202502,355583.0
산청군,202503,498445.0
산청군,202504,551937.0
산청군,202505,763941.0
산청군,202506,577740.0
산청군,202507,726058.0
산청군,202508,841130.0
산청군,202509,541743.0
산청군,202510,835774.0
산청군,202511,647520.0
산청군,202512,474468.0
산청군,202601,464959.0
산청군,202602,544952.0
산청군,202603,511899.0
산청군,202604,649262.0
산청군,202605,787088.0
산청군,202606,569820.0
산청군,202607,694905.0
산청군,202608,859575.0
삼척시,201901,753241.0
삼척시,201902,799324.0
삼척시,201903,987842.0
삼척시,201904,815480.0
삼척시,201905,887587.0
삼척시,201906,855909.0
삼척시,201907,1037203.0
삼척시,201908,1507757.0
삼척시,201909,1092906.0
삼척시,201910,901167.0
삼척시,201911,868580.0
삼척시,201912,815891.0
삼척시,202001,933877.0
삼척시,202002,605330.0
삼척시,202003,711765.0
삼척시,202004,759008.0
삼척시,202005,976543.0
삼척시,202006,937840.0
삼척시,202007,1075238.0
삼척시,202008,1373210.0
삼척시,202009,810784.0
삼척시,202010,1059989.0
삼척시,202011,812633.0
삼척시,202012,660117.0
삼척시,202101,602031.0
삼척시,202102,723172.0
삼척시,202103,718729.0
삼척시,202104,780497.0
삼척시,202105,904221.0
삼척시,202106,889502.0
삼척시,202107,1076959.0
삼척시,202108,1187712.0
삼척시,202109,1019682.0
삼척시,202110,963526.0
삼척시,202111,813138.0
삼척시,202112,738847.0
삼척시,202201,862513.0
삼척시,202202,714825.0
삼척시,202203,762107.0
삼척시,202204,942669.0
삼척시,202205,1023904.0
삼척시,202206,967907.0
삼척시,202207,1266056.0
삼척시,202208,1423037.0
삼척시,202209,1077616.0
삼척시,202210,1093969.0
삼척시,202211,863336.0
삼척시,202212,745910.0
삼척시,202301,873786.0
삼척시,202302,753776.0
삼척시,202303,974261.0
삼척시,202304,1054201.0
삼척시,202305,1088391.0
삼척시,202306,990835.0
삼척시,202307,1173254.0
삼척시,202308,1368724.0
삼척시,202309,1152315.0
삼척시,202310,1048180.0
삼척시,202311,790484.0
삼척시,202312,794048.0
삼척시,202401,762179.0
삼척시,202402,810350.0
삼척시,202403,980201.0
삼척시,202404,1005241.0
삼척시,202405,1085867.0
삼척시,202406,1007792.0
삼척시,202407,1124005.0
삼척시,202408,1486980.0
삼척시,202409,1115097.0
삼척시,202410,971062.0
삼척시,202411,815261.0
삼척시,202412,746519.0
삼척시,202501,909199.0
삼척시,202502,669549.0
삼척시,202503,903156.0
삼척시,202504,960210.0
삼척시,202505,1197543.0
삼척시,202506,1074122.0
삼척시,202507,1237498.0
삼척시,202508,1527964.0
삼척시,202509,978433.0
삼척시,202510,1144684.0
삼척시,202511,874149.0
삼척시,202512,771379.0
삼척시,202601,762774.0
삼척시,202602,842478.0
삼척시,202603,918154.0
삼척시,202604,949242.0
삼척시,202605,1149514.0
삼척시,202606,955109.0
삼척시,202607,1195116.0
삼척시,202608,1419716.0
상주시,201901,806751.0
상주시,201902,1063148.0
상주시,201903,976877.0
상주시,201904,932548.0
상주시,201905,1065855.0
상주시,201906,938699.0
상주시,201907,1026515.0
상주시,201908,1196874.0
상주시,201909,1268339.0
상주시,201910,1058493.0
상주시,201911,1019713.0
상주시,201912,883170.0
상주시,202001,1128498.0
상주시,202002,652522.0
상주시,202003,626014.0
상주시,202004,809699.0
상주시,202005,1047664.0
상주시,202006,931840.0
상주시,202007,987681.0
상주시,202008,1119533.0
상주시,202009,990634.0
상주시,202010,1203849.0
상주시,202011,930122.0
상주시,202012,755169.0
상주시,202101,651459.0
상주시,202102,877099.0
상주시,202103,939048.0
상주시,202104,921600.0
상주시,202105,1050616.0
상주시,202106,975860.0
상주시,202107,1021172.0
상주시,202108,1071114.0
상주시,202109,1287416.0
상주시,202110,1126074.0
상주시,202111,991954.0
상주시,202112,829071.0
상주시,202201,933479.0
상주시,202202,798074.0
상주시,202203,860471.0
상주시,202204,959104.0
상주시,202205,1113923.0
상주시,202206,1058626.0
상주시,202207,1225700.0
상주시,202208,1194641.0
상주시,202209,1311993.0
상주시,202210,1273829.0
상주시,202211,1044847.0
상주시,202212,1163950.0
상주시,202301,1247561.0
상주시,202302,974492.0
상주시,202303,1123109.0
상주시,202304,1105629.0
상주시,202305,1216266.0
상주시,202306,1091294.0
상주시,202307,1081430.0
상주시,202308,1160235.0
상주시,202309,1421915.0
상주시,202310,1304461.0
상주시,202311,1054255.0
상주시,202312,962252.0
상주시,202401,912918.0
상주시,202402,1167941.0
상주시,202403,1106445.0
상주시,202404,1082553.0
상주시,202405,1226054.0
상주시,202406,1158485.0
상주시,202407,1073034.0
상주시,202408,1212909.0
상주시,202409,1398494.0
상주시,202410,1232902.0
상주시,202411,1149851.0
상주시,202412,956859.0
상주시,202501,1203246.0
상주시,202502,831242.0
상주시,202503,1144623.0
상주시,202504,1053233.0
상주시,202505,1373224.0
상주시,202506,1170028.0
상주시,202507,1194590.0
상주시,202508,1290809.0
상주시,202509,1177710.0
상주시,202510,1656423.0
상주시,202511,1210647.0
상주시,202512,1037227.0
상주시,202601,993270.0
상주시,202602,1206968.0
상주시,202603,1129618.0
상주시,202604,1071511.0
상주시,202605,1341782.0
상주시,202606,1148248.0
상주시,202607,1146564.0
상주시,202608,1259320.0
서구,201901,15962665.0
서구,201902,15418572.0
서구,201903,18043623.0
서구,201904,15004802.0
서구,201905,16413854.0
서구,201906,15632840.0
서구,201907,17239744.0
서구,201908,17203895.0
서구,201909,17182644.0
서구,201910,17131163.0
서구,201911,16970669.0
서구,201912,17440591.0
서구,202001,16876476.0
서구,202002,13187058.0
서구,202003,12722608.0
서구,202004,13793960.0
서구,202005,16185308.0
서구,202006,14903704.0
서구,202007,14759615.0
서구,202008,14616232.0
서구,202009,14024024.0
서구,202010,15420070.0
서구,202011,14245986.0
서구,202012,13199030.0
서구,202101,12875978.0
서구,202102,13598897.0
서구,202103,16063161.0
서구,202104,14139642.0
서구,202105,15370788.0
서구,202106,14877127.0
서구,202107,14851664.0
서구,202108,14189077.0
서구,202109,15817932.0
서구,202110,16361170.0
서구,202111,15562519.0
서구,202112,15070511.0
서구,202201,15149732.0
서구,202202,13008530.0
서구,202203,15515470.0
서구,202204,15638421.0
서구,202205,16752317.0
서구,202206,15763823.0
서구,202207,18235950.0
서구,202208,16527511.0
서구,202209,17479314.0
서구,202210,17202324.0
서구,202211,16175057.0
서구,202212,16487017.0
서구,202301,16741604.0
서구,202302,15380614.0
서구,202303,18216779.0
서구,202304,16101366.0
서구,202305,17510338.0
서구,202306,16749497.0
서구,202307,17506247.0
서구,202308,17264364.0
서구,202309,18004348.0
서구,202310,18075469.0
서구,202311,16712817.0
서구,202312,17765270.0
서구,202401,16832192.0
서구,202402,16914566.0
서구,202403,18949590.0
서구,202404,16567030.0
서구,202405,18321211.0
서구,202406,17178090.0
서구,202407,17684129.0
서구,202408,17717452.0
서구,202409,18398049.0
서구,202410,18301561.0
서구,202411,17592011.0
서구,202412,18151369.0
서구,202501,18138742.0
서구,202502,16284528.0
서구,202503,19306378.0
서구,202504,17194175.0
서구,202505,20426857.0
서구,202506,18490656.0
서구,202507,19652118.0
서구,202508,19368601.0
서구,202509,19112168.0
서구,202510,20365480.0
서구,202511,19573366.0
서구,202512,19598846.0
서구,202601,18569160.0
서구,202602,18004719.0
서구,202603,20603404.0
서구,202604,17669491.0
서구,202605,19867679.0
서구,202606,18310374.0
서구,202607,13861132.0
서구,202608,13991229.0
서귀포시,201901,3238391.0
서귀포시,201902,2985637.0
서귀포시,201903,3250148.0
서귀포시,201904,3334411.0
서귀포시,201905,3434739.0
서귀포시,201906,3138928.0
서귀포시,201907,3291834.0
서귀포시,201908,3826506.0
서귀포시,201909,2968456.0
서귀포시,201910,3605651.0
서귀포시,201911,3288136.0
서귀포시,201912,3235647.0
서귀포시,202001,3369854.0
서귀포시,202002,2054001.0
서귀포시,202003,2131456.0
서귀포시,202004,2075496.0
서귀포시,202005,2678785.0
서귀포시,202006,2639657.0
서귀포시,202007,3136850.0
서귀포시,202008,3674486.0
서귀포시,202009,2522798.0
서귀포시,202010,3294620.0
서귀포시,202011,2920318.0
서귀포시,202012,2647626.0
서귀포시,202101,2336490.0
서귀포시,202102,2956767.0
서귀포시,202103,3508141.0
서귀포시,202104,3879639.0
서귀포시,202105,4083580.0
서귀포시,202106,3865352.0
서귀포시,202107,4033553.0
서귀포시,202108,3816286.0
서귀포시,202109,3389077.0
서귀포시,202110,4381254.0
서귀포시,202111,4144340.0
서귀포시,202112,3959407.0
서귀포시,202201,4388262.0
서귀포시,202202,3714243.0
서귀포시,202203,3483975.0
서귀포시,202204,4239921.0
서귀포시,202205,4109367.0
서귀포시,202206,3997093.0
서귀포시,202207,4882394.0
서귀포시,202208,4764502.0
서귀포시,202209,3759625.0
서귀포시,202210,4741145.0
서귀포시,202211,3996447.0
서귀포시,202212,3575774.0
서귀포시,202301,3878455.0
서귀포시,202302,3672448.0
서귀포시,202303,3912787.0
서귀포시,202304,4055332.0
서귀포시,202305,4024178.0
서귀포시,202306,3742327.0
서귀포시,202307,3715019.0
서귀포시,202308,4196249.0
서귀포시,202309,3443756.0
서귀포시,202310,4143921.0
서귀포시,202311,3458106.0
서귀포시,202312,3316973.0
서귀포시,202401,3649210.0
서귀포시,202402,3242078.0
서귀포시,202403,3649374.0
서귀포시,202404,3854094.0
서귀포시,202405,3909750.0
서귀포시,202406,3459872.0
서귀포시,202407,3590927.0
서귀포시,202408,4082800.0
서귀포시,202409,3517879.0
서귀포시,202410,3785681.0
서귀포시,202411,3396692.0
서귀포시,202412,3350720.0
서귀포시,202501,3490148.0
서귀포시,202502,2663674.0
서귀포시,202503,3200932.0
서귀포시,202504,3594359.0
서귀포시,202505,4038951.0
서귀포시,202506,3592632.0
서귀포시,202507,3849929.0
서귀포시,202508,4197049.0
서귀포시,202509,3535826.0
서귀포시,202510,4465420.0
서귀포시,202511,3817608.0
서귀포시,202512,3660831.0
서귀포시,202601,3814517.0
서귀포시,202602,3306784.0
서귀포시,202603,3572460.0
서귀포시,202604,3752117.0
서귀포시,202605,3942431.0
서귀포시,202606,3380970.0
서귀포시,202607,3702516.0
서귀포시,202608,4099629.0
서대문구,201901,7337458.0
서대문구,201902,6080579.0
서대문구,201903,8681487.0
서대문구,201904,6331041.0
서대문구,201905,7026260.0
서대문구,201906,6668359.0
서대문구,201907,7377410.0
서대문구,201908,7648834.0
서대문구,201909,7736672.0
서대문구,201910,7463553.0
서대문구,201911,8409207.0
서대문구,201912,8103662.0
서대문구,202001,7111302.0
서대문구,202002,5719156.0
서대문구,202003,4947142.0
서대문구,202004,5342169.0
서대문구,202005,5787614.0
서대문구,202006,5600038.0
서대문구,202007,6332622.0
서대문구,202008,5442259.0
서대문구,202009,5043999.0
서대문구,202010,6088051.0
서대문구,202011,5652608.0
서대문구,202012,4462212.0
서대문구,202101,4799310.0
서대문구,202102,5063313.0
서대문구,202103,6243931.0
서대문구,202104,5298449.0
서대문구,202105,5717551.0
서대문구,202106,5860853.0
서대문구,202107,5172143.0
서대문구,202108,5373170.0
서대문구,202109,5537017.0
서대문구,202110,5872254.0
서대문구,202111,6258693.0
서대문구,202112,5883678.0
서대문구,202201,5826037.0
서대문구,202202,5009154.0
서대문구,202203,6147005.0
서대문구,202204,6473602.0
서대문구,202205,7016009.0
서대문구,202206,6448238.0
서대문구,202207,6860187.0
서대문구,202208,6715502.0
서대문구,202209,7248479.0
서대문구,202210,6927682.0
서대문구,202211,6886397.0
서대문구,202212,6903415.0
서대문구,202301,6427269.0
서대문구,202302,6576902.0
서대문구,202303,8058851.0
서대문구,202304,6443712.0
서대문구,202305,7135446.0
서대문구,202306,6719192.0
서대문구,202307,6729702.0
서대문구,202308,6810746.0
서대문구,202309,7232347.0
서대문구,202310,6793585.0
서대문구,202311,7001390.0
서대문구,202312,7053360.0
서대문구,202401,6892069.0
서대문구,202402,6410412.0
서대문구,202403,8198430.0
서대문구,202404,6487125.0
서대문구,202405,7223951.0
서대문구,202406,6678124.0
서대문구,202407,7170096.0
서대문구,202408,7199239.0
서대문구,202409,7513997.0
서대문구,202410,7616747.0
서대문구,202411,7261077.0
서대문구,202412,7398410.0
서대문구,202501,6670914.0
서대문구,202502,6777522.0
서대문구,202503,8327029.0
서대문구,202504,6878825.0
서대문구,202505,7902083.0
서대문구,202506,7430018.0
서대문구,202507,7752334.0
서대문구,202508,7408742.0
서대문구,202509,8376717.0
서대문구,202510,7344330.0
서대문구,202511,8027687.0
서대문구,202512,8079467.0
서대문구,202601,7247503.0
서대문구,202602,6660496.0
서대문구,202603,9267107.0
서대문구,202604,7333678.0
서대문구,202605,7840134.0
서대문구,202606,7596000.0
서대문구,202607,7470482.0
서대문구,202608,7650415.0
서산시,201901,1200406.0
서산시,201902,1384831.0
서산시,201903,1653576.0
서산시,201904,1652599.0
서산시,201905,1679711.0
서산시,201906,1456823.0
서산시,201907,1477839.0
서산시,201908,1622431.0
서산시,201909,1630969.0
서산시,201910,1638848.0
서산시,201911,1452708.0
서산시,201912,1312329.0
서산시,202001,1431075.0
서산시,202002,1038563.0
서산시,202003,1235116.0
서산시,202004,1486743.0
서산시,202005,1693119.0
서산시,202006,1476674.0
서산시,202007,1474449.0
서산시,202008,1522798.0
서산시,202009,1467492.0
서산시,202010,1756261.0
서산시,202011,1424515.0
서산시,202012,1151728.0
서산시,202101,1113442.0
서산시,202102,1287805.0
서산시,202103,1449779.0
서산시,202104,1661165.0
서산시,202105,1602704.0
서산시,202106,1481057.0
서산시,202107,1483394.0
서산시,202108,1549747.0
서산시,202109,1666218.0
서산시,202110,1726759.0
서산시,202111,1416602.0
서산시,202112,1291304.0
서산시,202201,1368919.0
서산시,202202,1156270.0
서산시,202203,1323563.0
서산시,202204,1754477.0
서산시,202205,1709949.0
서산시,202206,1544481.0
서산시,202207,1598827.0
서산시,202208,1622313.0
서산시,202209,1784789.0
서산시,202210,1749119.0
서산시,202211,1479832.0
서산시,202212,1219438.0
서산시,202301,1420402.0
서산시,202302,1251431.0
서산시,202303,1655177.0
서산시,202304,1809304.0
서산시,202305,1726553.0
서산시,202306,1585370.0
서산시,202307,1481877.0
서산시,202308,1624488.0
서산시,202309,1618752.0
서산시,202310,1701706.0
서산시,202311,1383179.0
서산시,202312,1259561.0
서산시,202401,1204451.0
서산시,202402,1348817.0
서산시,202403,1619996.0
서산시,202404,1760942.0
서산시,202405,1619509.0
서산시,202406,1506485.0
서산시,202407,1369984.0
서산시,202408,1513052.0
서산시,202409,1640433.0
서산시,202410,1602072.0
서산시,202411,1400939.0
서산시,202412,1269603.0
서산시,202501,1357925.0
서산시,202502,1164753.0
서산시,202503,1513372.0
서산시,202504,1684950.0
서산시,202505,1832169.0
서산시,202506,1467991.0
서산시,202507,1408781.0
서산시,202508,1628591.0
서산시,202509,1548739.0
서산시,202510,1891486.0
서산시,202511,1545928.0
서산시,202512,1343570.0
서산시,202601,1237309.0
서산시,202602,1380598.0
서산시,202603,1575021.0
서산시,202604,1764102.0
서산시,202605,1728363.0
서산시,202606,1431693.0
서산시,202607,1439479.0
서산시,202608,1530257.0
서천군,201901,585218.0
서천군,201902,705978.0
서천군,201903,793471.0
서천군,201904,713104.0
서천군,201905,843774.0
서천군,201906,740229.0
서천군,201907,680437.0
서천군,201908,856922.0
서천군,201909,910982.0
서천군,201910,874897.0
서천군,201911,763463.0
서천군,201912,685183.0
서천군,202001,794538.0
서천군,202002,480043.0
서천군,202003,617278.0
서천군,202004,681060.0
서천군,202005,860978.0
서천군,202006,736566.0
서천군,202007,744882.0
서천군,202008,852767.0
서천군,202009,842887.0
서천군,202010,998373.0
서천군,202011,740458.0
서천군,202012,592869.0
서천군,202101,513962.0
서천군,202102,649377.0
서천군,202103,723588.0
서천군,202104,713089.0
서천군,202105,846569.0
서천군,202106,738174.0
서천군,202107,733821.0
서천군,202108,855537.0
서천군,202109,1025077.0
서천군,202110,928195.0
서천군,202111,717658.0
서천군,202112,622358.0
서천군,202201,734711.0
서천군,202202,600118.0
서천군,202203,676607.0
서천군,202204,833539.0
서천군,202205,991859.0
서천군,202206,869640.0
서천군,202207,865865.0
서천군,202208,964565.0
서천군,202209,1148350.0
서천군,202210,1028520.0
서천군,202211,787665.0
서천군,202212,606918.0
서천군,202301,801381.0
서천군,202302,661454.0
서천군,202303,916112.0
서천군,202304,918635.0
서천군,202305,1011032.0
서천군,202306,908585.0
서천군,202307,766129.0
서천군,202308,1027001.0
서천군,202309,1192366.0
서천군,202310,1054872.0
서천군,202311,757244.0
서천군,202312,708395.0
서천군,202401,693238.0
서천군,202402,797173.0
서천군,202403,888149.0
서천군,202404,883675.0
서천군,202405,1038103.0
서천군,202406,907018.0
서천군,202407,778758.0
서천군,202408,1019325.0
서천군,202409,1100910.0
서천군,202410,963276.0
서천군,202411,816835.0
서천군,202412,684032.0
서천군,202501,825510.0
서천군,202502,605329.0
서천군,202503,907667.0
서천군,202504,846792.0
서천군,202505,1151540.0
서천군,202506,923187.0
서천군,202507,830819.0
서천군,202508,1080508.0
서천군,202509,976461.0
서천군,202510,1323693.0
서천군,202511,888436.0
서천군,202512,759577.0
서천군,202601,703106.0
서천군,202602,837938.0
서천군,202603,863250.0
서천군,202604,825378.0
서천군,202605,1132398.0
서천군,202606,851841.0
서천군,202607,780331.0
서천군,202608,996864.0
서초구,201901,13228234.0
서초구,201902,11127074.0
서초구,201903,14624746.0
서초구,201904,12024940.0
서초구,201905,12765339.0
서초구,201906,12579837.0
서초구,201907,13918238.0
서초구,201908,14225701.0
서초구,201909,13294827.0
서초구,201910,13904399.0
서초구,201911,15389268.0
서초구,201912,14819929.0
서초구,202001,13511499.0
서초구,202002,10924720.0
서초구,202003,9588982.0
서초구,202004,11089959.0
서초구,202005,12312567.0
서초구,202006,11688764.0
서초구,202007,12731108.0
서초구,202008,10608359.0
서초구,202009,10490575.0
서초구,202010,12558842.0
서초구,202011,11878585.0
서초구,202012,9260794.0
서초구,202101,9783478.0
서초구,202102,10203751.0
서초구,202103,12569989.0
서초구,202104,11404941.0
서초구,202105,12008040.0
서초구,202106,12012185.0
서초구,202107,10825604.0
서초구,202108,10837721.0
서초구,202109,11266483.0
서초구,202110,12267634.0
서초구,202111,12773820.0
서초구,202112,11720413.0
서초구,202201,11459927.0
서초구,202202,9446088.0
서초구,202203,11313655.0
서초구,202204,13103892.0
서초구,202205,13934549.0
서초구,202206,12877033.0
서초구,202207,13619627.0
서초구,202208,12882141.0
서초구,202209,13504787.0
서초구,202210,13696151.0
서초구,202211,13086936.0
서초구,202212,13511312.0
서초구,202301,12800047.0
서초구,202302,12731388.0
서초구,202303,14312780.0
서초구,202304,12961495.0
서초구,202305,13760541.0
서초구,202306,13319306.0
서초구,202307,13593010.0
서초구,202308,13063127.0
서초구,202309,13406204.0
서초구,202310,13770570.0
서초구,202311,13756599.0
서초구,202312,13800625.0
서초구,202401,13714612.0
서초구,202402,12328506.0
서초구,202403,14766957.0
서초구,202404,14074191.0
서초구,202405,14272906.0
서초구,202406,13777159.0
서초구,202407,14292532.0
서초구,202408,13728375.0
서초구,202409,13846825.0
서초구,202410,15482362.0
서초구,202411,14876868.0
서초구,202412,15575633.0
서초구,202501,14055082.0
서초구,202502,14188512.0
서초구,202503,15777598.0
서초구,202504,15152798.0
서초구,202505,16509257.0
서초구,202506,15808713.0
서초구,202507,16840384.0
서초구,202508,16034825.0
서초구,202509,16697453.0
서초구,202510,15582303.0
서초구,202511,17400897.0
서초구,202512,17399192.0
서초구,202601,16144883.0
서초구,202602,14397641.0
서초구,202603,17253670.0
서초구,202604,15409939.0
서초구,202605,16166902.0
서초구,202606,15971917.0
서초구,202607,15760648.0
서초구,202608,15251052.0
서해구,202607,3905267.0
서해구,202608,3891885.0
성남시 분당구,201901,7469434.0
성남시 분당구,201902,6175376.0
성남시 분당구,201903,8654458.0
성남시 분당구,201904,6675153.0
성남시 분당구,201905,7287445.0
성남시 분당구,201906,7239521.0
성남시 분당구,201907,7945371.0
성남시 분당구,201908,8185884.0
성남시 분당구,201909,7571331.0
성남시 분당구,201910,7669275.0
성남시 분당구,201911,8271235.0
성남시 분당구,201912,7884027.0
성남시 분당구,202001,7543176.0
성남시 분당구,202002,6144137.0
성남시 분당구,202003,5376977.0
성남시 분당구,202004,6202358.0
성남시 분당구,202005,6845875.0
성남시 분당구,202006,6519087.0
성남시 분당구,202007,6981532.0
성남시 분당구,202008,6156327.0
성남시 분당구,202009,6228196.0
성남시 분당구,202010,7209757.0
성남시 분당구,202011,6418602.0
성남시 분당구,202012,5407558.0
성남시 분당구,202101,5815817.0
성남시 분당구,202102,5966437.0
성남시 분당구,202103,7209861.0
성남시 분당구,202104,6348939.0
성남시 분당구,202105,6691987.0
성남시 분당구,202106,6885154.0
성남시 분당구,202107,6321604.0
성남시 분당구,202108,6304130.0
성남시 분당구,202109,6614769.0
성남시 분당구,202110,7019784.0
성남시 분당구,202111,6984664.0
성남시 분당구,202112,6659399.0
성남시 분당구,202201,6594443.0
성남시 분당구,202202,5511092.0
성남시 분당구,202203,6685560.0
성남시 분당구,202204,7519957.0
성남시 분당구,202205,7700343.0
성남시 분당구,202206,7097635.0
성남시 분당구,202207,7565632.0
성남시 분당구,202208,7168734.0
성남시 분당구,202209,7286924.0
성남시 분당구,202210,7400812.0
성남시 분당구,202211,7080378.0
성남시 분당구,202212,7244664.0
성남시 분당구,202301,7078290.0
성남시 분당구,202302,6757072.0
성남시 분당구,202303,7710170.0
성남시 분당구,202304,6976096.0
성남시 분당구,202305,7355817.0
성남시 분당구,202306,7178508.0
성남시 분당구,202307,7394430.0
성남시 분당구,202308,7124487.0
성남시 분당구,202309,6965417.0
성남시 분당구,202310,7157641.0
성남시 분당구,202311,6999692.0
성남시 분당구,202312,7267477.0
성남시 분당구,202401,7247315.0
성남시 분당구,202402,6749224.0
성남시 분당구,202403,7810211.0
성남시 분당구,202404,6917085.0
성남시 분당구,202405,7321072.0
성남시 분당구,202406,6989004.0
성남시 분당구,202407,7338528.0
성남시 분당구,202408,7070307.0
성남시 분당구,202409,6935309.0
성남시 분당구,202410,7482385.0
성남시 분당구,202411,6944062.0
성남시 분당구,202412,7175865.0
성남시 분당구,202501,6732317.0
성남시 분당구,202502,6588066.0
성남시 분당구,202503,7474334.0
성남시 분당구,202504,6994676.0
성남시 분당구,202505,7866615.0
성남시 분당구,202506,7509529.0
성남시 분당구,202507,8022505.0
성남시 분당구,202508,7547277.0
성남시 분당구,202509,7696359.0
성남시 분당구,202510,7387525.0
성남시 분당구,202511,7852474.0
성남시 분당구,202512,7836002.0
성남시 분당구,202601,7427776.0
성남시 분당구,202602,6698478.0
성남시 분당구,202603,8708976.0
성남시 분당구,202604,7465754.0
성남시 분당구,202605,7864692.0
성남시 분당구,202606,7796633.0
성남시 분당구,202607,7877707.0
성남시 분당구,202608,7826841.0
성남시 수정구,201901,2854696.0
성남시 수정구,201902,2532413.0
성남시 수정구,201903,3790314.0
성남시 수정구,201904,2829530.0
성남시 수정구,201905,2986669.0
성남시 수정구,201906,2911024.0
성남시 수정구,201907,3087419.0
성남시 수정구,201908,3446058.0
성남시 수정구,201909,3490329.0
성남시 수정구,201910,3460587.0
성남시 수정구,201911,3490684.0
성남시 수정구,201912,3193925.0
성남시 수정구,202001,2981503.0
성남시 수정구,202002,2868039.0
성남시 수정구,202003,2557803.0
성남시 수정구,202004,2764693.0
성남시 수정구,202005,3050316.0
성남시 수정구,202006,2796846.0
성남시 수정구,202007,3067586.0
성남시 수정구,202008,2745897.0
성남시 수정구,202009,2938161.0
성남시 수정구,202010,3361868.0
성남시 수정구,202011,2799040.0
성남시 수정구,202012,2432354.0
성남시 수정구,202101,2437213.0
성남시 수정구,202102,2573594.0
성남시 수정구,202103,3238795.0
성남시 수정구,202104,2737935.0
성남시 수정구,202105,2955928.0
성남시 수정구,202106,2948009.0
성남시 수정구,202107,2615720.0
성남시 수정구,202108,2694183.0
성남시 수정구,202109,2857982.0
성남시 수정구,202110,3185742.0
성남시 수정구,202111,3100481.0
성남시 수정구,202112,2777868.0
성남시 수정구,202201,2975782.0
성남시 수정구,202202,2625229.0
성남시 수정구,202203,3232759.0
성남시 수정구,202204,3484778.0
성남시 수정구,202205,3677991.0
성남시 수정구,202206,3304456.0
성남시 수정구,202207,3469640.0
성남시 수정구,202208,3425330.0
성남시 수정구,202209,3706899.0
성남시 수정구,202210,3600158.0
성남시 수정구,202211,3377373.0
성남시 수정구,202212,3380985.0
성남시 수정구,202301,3392641.0
성남시 수정구,202302,3213298.0
성남시 수정구,202303,4123255.0
성남시 수정구,202304,3442186.0
성남시 수정구,202305,3667621.0
성남시 수정구,202306,3502209.0
성남시 수정구,202307,3557830.0
성남시 수정구,202308,3588745.0
성남시 수정구,202309,3796419.0
성남시 수정구,202310,3667300.0
성남시 수정구,202311,3501508.0
성남시 수정구,202312,3528636.0
성남시 수정구,202401,3424594.0
성남시 수정구,202402,3377157.0
성남시 수정구,202403,4283184.0
성남시 수정구,202404,3547436.0
성남시 수정구,202405,3877826.0
성남시 수정구,202406,3562019.0
성남시 수정구,202407,3544458.0
성남시 수정구,202408,3539897.0
성남시 수정구,202409,3875044.0
성남시 수정구,202410,3845090.0
성남시 수정구,202411,3533210.0
성남시 수정구,202412,3536381.0
성남시 수정구,202501,3387967.0
성남시 수정구,202502,3289425.0
성남시 수정구,202503,4217090.0
성남시 수정구,202504,3587262.0
성남시 수정구,202505,4122497.0
성남시 수정구,202506,3810797.0
성남시 수정구,202507,3914410.0
성남시 수정구,202508,3840615.0
성남시 수정구,202509,4071683.0
성남시 수정구,202510,3814802.0
성남시 수정구,202511,3946910.0
성남시 수정구,202512,3712086.0
성남시 수정구,202601,3598873.0
성남시 수정구,202602,3400463.0
성남시 수정구,202603,4672647.0
성남시 수정구,202604,3845179.0
성남시 수정구,202605,4058215.0
성남시 수정구,202606,3829180.0
성남시 수정구,202607,3697385.0
성남시 수정구,202608,3803903.0
성남시 중원구,201901,2415274.0
성남시 중원구,201902,2035250.0
성남시 중원구,201903,2843235.0
성남시 중원구,201904,2126069.0
성남시 중원구,201905,2298928.0
성남시 중원구,201906,2268189.0
성남시 중원구,201907,2373391.0
성남시 중원구,201908,2484840.0
성남시 중원구,201909,2608581.0
성남시 중원구,201910,2429118.0
성남시 중원구,201911,2575060.0
성남시 중원구,201912,2468549.0
성남시 중원구,202001,2534656.0
성남시 중원구,202002,1894454.0
성남시 중원구,202003,1810426.0
성남시 중원구,202004,2089833.0
성남시 중원구,202005,2327332.0
성남시 중원구,202006,2094868.0
성남시 중원구,202007,2224084.0
성남시 중원구,202008,1940854.0
성남시 중원구,202009,2036899.0
성남시 중원구,202010,2369303.0
성남시 중원구,202011,2117389.0
성남시 중원구,202012,1749381.0
성남시 중원구,202101,1845321.0
성남시 중원구,202102,1916916.0
성남시 중원구,202103,2325762.0
성남시 중원구,202104,2071701.0
성남시 중원구,202105,2192752.0
성남시 중원구,202106,2131303.0
성남시 중원구,202107,1976656.0
성남시 중원구,202108,1897880.0
성남시 중원구,202109,2139089.0
성남시 중원구,202110,2224040.0
성남시 중원구,202111,2126229.0
성남시 중원구,202112,2036011.0
성남시 중원구,202201,2004282.0
성남시 중원구,202202,1729555.0
성남시 중원구,202203,2194517.0
성남시 중원구,202204,2255417.0
성남시 중원구,202205,2398431.0
성남시 중원구,202206,2179903.0
성남시 중원구,202207,2222593.0
성남시 중원구,202208,2144346.0
성남시 중원구,202209,2430576.0
성남시 중원구,202210,2363918.0
성남시 중원구,202211,2205508.0
성남시 중원구,202212,2310764.0
성남시 중원구,202301,2292504.0
성남시 중원구,202302,2103813.0
성남시 중원구,202303,2604031.0
성남시 중원구,202304,2139696.0
성남시 중원구,202305,2290463.0
성남시 중원구,202306,2195253.0
성남시 중원구,202307,2200945.0
성남시 중원구,202308,2132063.0
성남시 중원구,202309,2306796.0
성남시 중원구,202310,2241308.0
성남시 중원구,202311,2002336.0
성남시 중원구,202312,2070830.0
성남시 중원구,202401,2054302.0
성남시 중원구,202402,2124345.0
성남시 중원구,202403,2429397.0
성남시 중원구,202404,2047183.0
성남시 중원구,202405,2155935.0
성남시 중원구,202406,1969443.0
성남시 중원구,202407,1968745.0
성남시 중원구,202408,1966938.0
성남시 중원구,202409,2261170.0
성남시 중원구,202410,2249805.0
성남시 중원구,202411,2076629.0
성남시 중원구,202412,2073048.0
성남시 중원구,202501,2128741.0
성남시 중원구,202502,1940377.0
성남시 중원구,202503,2386066.0
성남시 중원구,202504,2030368.0
성남시 중원구,202505,2339707.0
성남시 중원구,202506,2133206.0
성남시 중원구,202507,2178817.0
성남시 중원구,202508,2080958.0
성남시 중원구,202509,2254520.0
성남시 중원구,202510,2286985.0
성남시 중원구,202511,2199422.0
성남시 중원구,202512,2170437.0
성남시 중원구,202601,2029452.0
성남시 중원구,202602,1958174.0
성남시 중원구,202603,2459590.0
성남시 중원구,202604,2009485.0
성남시 중원구,202605,2223298.0
성남시 중원구,202606,2048049.0
성남시 중원구,202607,1982393.0
성남시 중원구,202608,2006092.0
성동구,201901,4005122.0
성동구,201902,3569838.0
성동구,201903,5083569.0
성동구,201904,3871591.0
성동구,201905,4503142.0
성동구,201906,4281020.0
성동구,201907,4571157.0
성동구,201908,4795344.0
성동구,201909,4945295.0
성동구,201910,5331721.0
성동구,201911,5701299.0
성동구,201912,5159225.0
성동구,202001,4705309.0
성동구,202002,4186309.0
성동구,202003,3984747.0
성동구,202004,4111124.0
성동구,202005,4584194.0
성동구,202006,4105361.0
성동구,202007,4489752.0
성동구,202008,3848186.0
성동구,202009,3932606.0
성동구,202010,4422939.0
성동구,202011,4057243.0
성동구,202012,3257499.0
성동구,202101,3474210.0
성동구,202102,3783674.0
성동구,202103,4644587.0
성동구,202104,4338232.0
성동구,202105,4472494.0
성동구,202106,4617678.0
성동구,202107,4036571.0
성동구,202108,4014668.0
성동구,202109,4354752.0
성동구,202110,4579451.0
성동구,202111,4619775.0
성동구,202112,4360457.0
성동구,202201,4248575.0
성동구,202202,3640719.0
성동구,202203,4652793.0
성동구,202204,5138000.0
성동구,202205,5349162.0
성동구,202206,4875515.0
성동구,202207,4990887.0
성동구,202208,4781791.0
성동구,202209,5233603.0
성동구,202210,5223033.0
성동구,202211,5099337.0
성동구,202212,4879143.0
성동구,202301,4641889.0
성동구,202302,4737643.0
성동구,202303,5782327.0
성동구,202304,5038224.0
성동구,202305,5382377.0
성동구,202306,5080221.0
성동구,202307,5060333.0
성동구,202308,5018253.0
성동구,202309,5488003.0
성동구,202310,5390676.0
성동구,202311,5176432.0
성동구,202312,5327215.0
성동구,202401,5043810.0
성동구,202402,4799872.0
성동구,202403,6116949.0
성동구,202404,5244946.0
성동구,202405,5423178.0
성동구,202406,5122437.0
성동구,202407,5089105.0
성동구,202408,5128755.0
성동구,202409,5667382.0
성동구,202410,6263663.0
성동구,202411,5752499.0
성동구,202412,5913054.0
성동구,202501,5264217.0
성동구,202502,5467845.0
성동구,202503,6828441.0
성동구,202504,6105125.0
성동구,202505,7032290.0
성동구,202506,6516904.0
성동구,202507,6505555.0
성동구,202508,6415764.0
성동구,202509,7151389.0
성동구,202510,6709262.0
성동구,202511,7095674.0
성동구,202512,6931862.0
성동구,202601,6147346.0
성동구,202602,5825127.0
성동구,202603,7576961.0
성동구,202604,6405756.0
성동구,202605,7343959.0
성동구,202606,7186123.0
성동구,202607,7107104.0
성동구,202608,6772861.0
성북구,201901,3850505.0
성북구,201902,3682281.0
성북구,201903,5718000.0
성북구,201904,3742420.0
성북구,201905,4408799.0
성북구,201906,4093226.0
성북구,201907,4267880.0
성북구,201908,4725573.0
성북구,201909,5190489.0
성북구,201910,4781887.0
성북구,201911,4973935.0
성북구,201912,4363208.0
성북구,202001,4072280.0
성북구,202002,3447400.0
성북구,202003,3450118.0
성북구,202004,3432749.0
성북구,202005,3985370.0
성북구,202006,3672636.0
성북구,202007,3899290.0
성북구,202008,3343674.0
성북구,202009,3570008.0
성북구,202010,4024151.0
성북구,202011,3665772.0
성북구,202012,3116981.0
성북구,202101,3196812.0
성북구,202102,3385799.0
성북구,202103,4210009.0
성북구,202104,3490014.0
성북구,202105,3781948.0
성북구,202106,3596676.0
성북구,202107,3339785.0
성북구,202108,3352352.0
성북구,202109,3834759.0
성북구,202110,3753600.0
성북구,202111,3825493.0
성북구,202112,3622610.0
성북구,202201,3593224.0
성북구,202202,3217040.0
성북구,202203,4053787.0
성북구,202204,4487008.0
성북구,202205,4436088.0
성북구,202206,3825855.0
성북구,202207,3950282.0
성북구,202208,3896904.0
성북구,202209,4909118.0
성북구,202210,4281962.0
성북구,202211,4100915.0
성북구,202212,3891175.0
성북구,202301,3779947.0
성북구,202302,3769470.0
성북구,202303,5362362.0
성북구,202304,3852185.0
성북구,202305,4380673.0
성북구,202306,3911404.0
성북구,202307,3859406.0
성북구,202308,3863464.0
성북구,202309,4927453.0
성북구,202310,4288187.0
성북구,202311,4257993.0
성북구,202312,4120449.0
성북구,202401,3815270.0
성북구,202402,3949750.0
성북구,202403,5479344.0
성북구,202404,3895878.0
성북구,202405,4657800.0
성북구,202406,4048688.0
성북구,202407,3909469.0
성북구,202408,4106502.0
성북구,202409,4848637.0
성북구,202410,4705796.0
성북구,202411,4301291.0
성북구,202412,4195017.0
성북구,202501,3941397.0
성북구,202502,3881174.0
성북구,202503,5623582.0
성북구,202504,4267941.0
성북구,202505,5083364.0
성북구,202506,4620490.0
성북구,202507,4958034.0
성북구,202508,4829684.0
성북구,202509,5845188.0
성북구,202510,5488463.0
성북구,202511,5417428.0
성북구,202512,5181708.0
성북구,202601,4607254.0
성북구,202602,4630242.0
성북구,202603,6592748.0
성북구,202604,5019533.0
성북구,202605,5543531.0
성북구,202606,4973314.0
성북구,202607,4831211.0
성북구,202608,4985832.0
성주군,201901,455527.0
성주군,201902,554753.0
성주군,201903,575335.0
성주군,201904,533503.0
성주군,201905,644061.0
성주군,201906,552164.0
성주군,201907,620119.0
성주군,201908,734105.0
성주군,201909,665303.0
성주군,201910,570364.0
성주군,201911,537293.0
성주군,201912,488125.0
성주군,202001,580591.0
성주군,202002,410233.0
성주군,202003,460346.0
성주군,202004,559937.0
성주군,202005,658813.0
성주군,202006,563645.0
성주군,202007,593530.0
성주군,202008,727435.0
성주군,202009,583346.0
성주군,202010,666123.0
성주군,202011,536932.0
성주군,202012,461475.0
성주군,202101,430572.0
성주군,202102,524427.0
성주군,202103,574502.0
성주군,202104,587758.0
성주군,202105,675327.0
성주군,202106,601258.0
성주군,202107,669991.0
성주군,202108,672411.0
성주군,202109,700274.0
성주군,202110,602193.0
성주군,202111,557732.0
성주군,202112,490280.0
성주군,202201,529869.0
성주군,202202,487186.0
성주군,202203,530666.0
성주군,202204,599373.0
성주군,202205,650591.0
성주군,202206,578078.0
성주군,202207,737121.0
성주군,202208,717886.0
성주군,202209,703222.0
성주군,202210,648502.0
성주군,202211,549055.0
성주군,202212,504807.0
성주군,202301,600073.0
성주군,202302,497182.0
성주군,202303,616633.0
성주군,202304,634818.0
성주군,202305,707473.0
성주군,202306,611973.0
성주군,202307,651541.0
성주군,202308,691704.0
성주군,202309,764292.0
성주군,202310,652681.0
성주군,202311,553491.0
성주군,202312,534949.0
성주군,202401,494804.0
성주군,202402,600674.0
성주군,202403,631855.0
성주군,202404,622878.0
성주군,202405,700543.0
성주군,202406,616188.0
성주군,202407,622962.0
성주군,202408,707089.0
성주군,202409,744807.0
성주군,202410,629397.0
성주군,202411,584726.0
성주군,202412,537017.0
성주군,202501,620685.0
성주군,202502,470910.0
성주군,202503,636594.0
성주군,202504,637812.0
성주군,202505,792831.0
성주군,202506,639506.0
성주군,202507,683983.0
성주군,202508,743405.0
성주군,202509,627589.0
성주군,202510,825741.0
성주군,202511,633982.0
성주군,202512,572811.0
성주군,202601,541702.0
성주군,202602,629460.0
성주군,202603,649335.0
성주군,202604,630150.0
성주군,202605,773213.0
성주군,202606,611943.0
성주군,202607,647532.0
성주군,202608,682057.0
세종특별자치시,201901,2042369.0
세종특별자치시,201902,2075002.0
세종특별자치시,201903,2735243.0
세종특별자치시,201904,2079261.0
세종특별자치시,201905,2287574.0
세종특별자치시,201906,2104790.0
세종특별자치시,201907,2372983.0
세종특별자치시,201908,2319511.0
세종특별자치시,201909,2502259.0
세종특별자치시,201910,2390988.0
세종특별자치시,201911,2297407.0
세종특별자치시,201912,2249198.0
세종특별자치시,202001,2214630.0
세종특별자치시,202002,1840425.0
세종특별자치시,202003,1880219.0
세종특별자치시,202004,1980754.0
세종특별자치시,202005,2310308.0
세종특별자치시,202006,2113714.0
세종특별자치시,202007,2194411.0
세종특별자치시,202008,2173322.0
세종특별자치시,202009,2301767.0
세종특별자치시,202010,2562335.0
세종특별자치시,202011,2276938.0
세종특별자치시,202012,2140473.0
세종특별자치시,202101,2001476.0
세종특별자치시,202102,2118387.0
세종특별자치시,202103,2606373.0
세종특별자치시,202104,2270606.0
세종특별자치시,202105,2454174.0
세종특별자치시,202106,2311936.0
세종특별자치시,202107,2467429.0
세종특별자치시,202108,2424528.0
세종특별자치시,202109,2577322.0
세종특별자치시,202110,2558155.0
세종특별자치시,202111,2323243.0
세종특별자치시,202112,2401113.0
세종특별자치시,202201,2440377.0
세종특별자치시,202202,2123545.0
세종특별자치시,202203,2675589.0
세종특별자치시,202204,2510900.0
세종특별자치시,202205,2764595.0
세종특별자치시,202206,2445022.0
세종특별자치시,202207,2606619.0
세종특별자치시,202208,2526425.0
세종특별자치시,202209,2820338.0
세종특별자치시,202210,2749841.0
세종특별자치시,202211,2473374.0
세종특별자치시,202212,2431743.0
세종특별자치시,202301,2523387.0
세종특별자치시,202302,2355295.0
세종특별자치시,202303,3026614.0
세종특별자치시,202304,2494613.0
세종특별자치시,202305,2656385.0
세종특별자치시,202306,2517304.0
세종특별자치시,202307,2470885.0
세종특별자치시,202308,2581158.0
세종특별자치시,202309,2771671.0
세종특별자치시,202310,2764211.0
세종특별자치시,202311,2390342.0
세종특별자치시,202312,2531733.0
세종특별자치시,202401,2456994.0
세종특별자치시,202402,2554602.0
세종특별자치시,202403,3040314.0
세종특별자치시,202404,2584075.0
세종특별자치시,202405,2717171.0
세종특별자치시,202406,2519158.0
세종특별자치시,202407,2477196.0
세종특별자치시,202408,2541128.0
세종특별자치시,202409,2744409.0
세종특별자치시,202410,2652978.0
세종특별자치시,202411,2505206.0
세종특별자치시,202412,2480890.0
세종특별자치시,202501,2580636.0
세종특별자치시,202502,2345338.0
세종특별자치시,202503,2962648.0
세종특별자치시,202504,2528056.0
세종특별자치시,202505,3189855.0
세종특별자치시,202506,2716895.0
세종특별자치시,202507,2770306.0
세종특별자치시,202508,2893268.0
세종특별자치시,202509,2854710.0
세종특별자치시,202510,3128428.0
세종특별자치시,202511,2838696.0
세종특별자치시,202512,2800747.0
세종특별자치시,202601,2701804.0
세종특별자치시,202602,2671440.0
세종특별자치시,202603,3263345.0
세종특별자치시,202604,2662043.0
세종특별자치시,202605,3017007.0
세종특별자치시,202606,2712956.0
세종특별자치시,202607,2803853.0
세종특별자치시,202608,2806018.0
속초시,201901,1715523.0
속초시,201902,1672511.0
속초시,201903,1589052.0
속초시,201904,1192339.0
속초시,201905,1492467.0
속초시,201906,1626500.0
속초시,201907,1906684.0
속초시,201908,2881310.0
속초시,201909,1582245.0
속초시,201910,1920208.0
속초시,201911,1702103.0
속초시,201912,1779286.0
속초시,202001,1968314.0
속초시,202002,1301677.0
속초시,202003,1266203.0
속초시,202004,1344146.0
속초시,202005,1776058.0
속초시,202006,1780274.0
속초시,202007,2268916.0
속초시,202008,2706212.0
속초시,202009,1436280.0
속초시,202010,2198703.0
속초시,202011,1547109.0
속초시,202012,1342937.0
속초시,202101,1226805.0
속초시,202102,1555548.0
속초시,202103,1209268.0
속초시,202104,1783990.0
속초시,202105,1869000.0
속초시,202106,1801921.0
속초시,202107,2169922.0
속초시,202108,2293176.0
속초시,202109,1738362.0
속초시,202110,2158997.0
속초시,202111,1721690.0
속초시,202112,1677886.0
속초시,202201,1994440.0
속초시,202202,1560859.0
속초시,202203,1286064.0
속초시,202204,1829544.0
속초시,202205,2214952.0
속초시,202206,2185190.0
속초시,202207,2625477.0
속초시,202208,3002404.0
속초시,202209,2003600.0
속초시,202210,2522023.0
속초시,202211,1913715.0
속초시,202212,1891019.0
속초시,202301,1912691.0
속초시,202302,1912247.0
속초시,202303,1668560.0
속초시,202304,1925893.0
속초시,202305,2035183.0
속초시,202306,2072443.0
속초시,202307,2414887.0
속초시,202308,2855051.0
속초시,202309,2003986.0
속초시,202310,2452611.0
속초시,202311,1672421.0
속초시,202312,1934044.0
속초시,202401,1757717.0
속초시,202402,1749135.0
속초시,202403,1676561.0
속초시,202404,1699963.0
속초시,202405,2047429.0
속초시,202406,2183779.0
속초시,202407,2351758.0
속초시,202408,3163943.0
속초시,202409,2077956.0
속초시,202410,2328055.0
속초시,202411,1876676.0
속초시,202412,1866960.0
속초시,202501,2140730.0
속초시,202502,1633133.0
속초시,202503,1672062.0
속초시,202504,1653027.0
속초시,202505,2343598.0
속초시,202506,2224681.0
속초시,202507,2678567.0
속초시,202508,3261162.0
속초시,202509,1859829.0
속초시,202510,2570072.0
속초시,202511,2009650.0
속초시,202512,1958501.0
속초시,202601,2061432.0
속초시,202602,2037430.0
속초시,202603,1623603.0
속초시,202604,1765359.0
속초시,202605,2384048.0
속초시,202606,2129975.0
속초시,202607,2685779.0
속초시,202608,3285429.0
송파구,201901,9266983.0
송파구,201902,8132625.0
송파구,201903,9984091.0
송파구,201904,8805103.0
송파구,201905,9368472.0
송파구,201906,9012765.0
송파구,201907,9858861.0
송파구,201908,10623464.0
송파구,201909,9674292.0
송파구,201910,10098931.0
송파구,201911,10492198.0
송파구,201912,10672530.0
송파구,202001,9397462.0
송파구,202002,7291878.0
송파구,202003,6941618.0
송파구,202004,7649584.0
송파구,202005,8828951.0
송파구,202006,8178739.0
송파구,202007,9093848.0
송파구,202008,7938821.0
송파구,202009,7763637.0
송파구,202010,8996170.0
송파구,202011,8384220.0
송파구,202012,6828126.0
송파구,202101,7198434.0
송파구,202102,7572927.0
송파구,202103,9159384.0
송파구,202104,8262414.0
송파구,202105,8713259.0
송파구,202106,8604912.0
송파구,202107,7858481.0
송파구,202108,7889138.0
송파구,202109,8380926.0
송파구,202110,9284906.0
송파구,202111,9285183.0
송파구,202112,8909648.0
송파구,202201,8699144.0
송파구,202202,7281171.0
송파구,202203,8596333.0
송파구,202204,10456634.0
송파구,202205,10613559.0
송파구,202206,9735010.0
송파구,202207,10471513.0
송파구,202208,9991333.0
송파구,202209,10292686.0
송파구,202210,10945038.0
송파구,202211,9803875.0
송파구,202212,10504288.0
송파구,202301,9698947.0
송파구,202302,9384024.0
송파구,202303,10428829.0
송파구,202304,10052698.0
송파구,202305,10549126.0
송파구,202306,10234023.0
송파구,202307,10473238.0
송파구,202308,10078157.0
송파구,202309,10282455.0
송파구,202310,10734322.0
송파구,202311,10389666.0
송파구,202312,11231606.0
송파구,202401,10119159.0
송파구,202402,9388715.0
송파구,202403,10988530.0
송파구,202404,10841081.0
송파구,202405,11045032.0
송파구,202406,10414085.0
송파구,202407,10461210.0
송파구,202408,10373064.0
송파구,202409,10322944.0
송파구,202410,10991542.0
송파구,202411,10185892.0
송파구,202412,10894198.0
송파구,202501,9797383.0
송파구,202502,9739316.0
송파구,202503,11296644.0
송파구,202504,11070540.0
송파구,202505,12189335.0
송파구,202506,11057942.0
송파구,202507,11655969.0
송파구,202508,11398249.0
송파구,202509,11173923.0
송파구,202510,11264582.0
송파구,202511,11812549.0
송파구,202512,12254222.0
송파구,202601,11062120.0
송파구,202602,10146853.0
송파구,202603,11907262.0
송파구,202604,11493113.0
송파구,202605,11909718.0
송파구,202606,12136831.0
송파구,202607,11569566.0
송파구,202608,11569679.0
수성구,201901,4029046.0
수성구,201902,4097913.0
수성구,201903,4453488.0
수성구,201904,3788830.0
수성구,201905,4108954.0
수성구,201906,3943564.0
수성구,201907,4404159.0
수성구,201908,4173235.0
수성구,201909,4252978.0
수성구,201910,4083037.0
수성구,201911,4054635.0
수성구,201912,4463729.0
수성구,202001,4345804.0
수성구,202002,2961875.0
수성구,202003,2347607.0
수성구,202004,3170345.0
수성구,202005,3787525.0
수성구,202006,3570122.0
수성구,202007,3868899.0
수성구,202008,3793867.0
수성구,202009,3593836.0
수성구,202010,3986913.0
수성구,202011,3683110.0
수성구,202012,3432213.0
수성구,202101,3094692.0
수성구,202102,3309428.0
수성구,202103,3842495.0
수성구,202104,3475233.0
수성구,202105,3788965.0
수성구,202106,3382543.0
수성구,202107,3714304.0
수성구,202108,3472831.0
수성구,202109,3773666.0
수성구,202110,3786333.0
수성구,202111,3684422.0
수성구,202112,3707660.0
수성구,202201,3668077.0
수성구,202202,3104245.0
수성구,202203,3616612.0
수성구,202204,3774094.0
수성구,202205,4009486.0
수성구,202206,3891944.0
수성구,202207,4843180.0
수성구,202208,4123630.0
수성구,202209,4259779.0
수성구,202210,4066504.0
수성구,202211,3907823.0
수성구,202212,4041303.0
수성구,202301,4137279.0
수성구,202302,3621643.0
수성구,202303,4237628.0
수성구,202304,3891097.0
수성구,202305,4145349.0
수성구,202306,3903733.0
수성구,202307,4051939.0
수성구,202308,4054604.0
수성구,202309,4247872.0
수성구,202310,4024106.0
수성구,202311,3844927.0
수성구,202312,4249632.0
수성구,202401,3913022.0
수성구,202402,4035491.0
수성구,202403,4417491.0
수성구,202404,3959446.0
수성구,202405,4292256.0
수성구,202406,4126680.0
수성구,202407,4238027.0
수성구,202408,4095794.0
수성구,202409,4450036.0
수성구,202410,4183335.0
수성구,202411,4041000.0
수성구,202412,4293265.0
수성구,202501,4343609.0
수성구,202502,3751678.0
수성구,202503,4513995.0
수성구,202504,4080245.0
수성구,202505,4808787.0
수성구,202506,4343450.0
수성구,202507,4510772.0
수성구,202508,4613017.0
수성구,202509,4410118.0
수성구,202510,4784606.0
수성구,202511,4292296.0
수성구,202512,4514999.0
수성구,202601,4251470.0
수성구,202602,4167871.0
수성구,202603,4608168.0
수성구,202604,4125910.0
수성구,202605,4714902.0
수성구,202606,4211584.0
수성구,202607,4407807.0
수성구,202608,4377366.0
수영구,201901,2644874.0
수영구,201902,2693516.0
수영구,201903,2909209.0
수영구,201904,2482920.0
수영구,201905,2987233.0
수영구,201906,2829853.0
수영구,201907,3084529.0
수영구,201908,3292295.0
수영구,201909,2785313.0
수영구,201910,2814862.0
수영구,201911,2875215.0
수영구,201912,3016951.0
수영구,202001,2905427.0
수영구,202002,2253153.0
수영구,202003,2160864.0
수영구,202004,2478095.0
수영구,202005,2969787.0
수영구,202006,2773115.0
수영구,202007,3009603.0
수영구,202008,3057488.0
수영구,202009,2585663.0
수영구,202010,2906251.0
수영구,202011,2612077.0
수영구,202012,2132776.0
수영구,202101,2188240.0
수영구,202102,2485685.0
수영구,202103,2794553.0
수영구,202104,2455442.0
수영구,202105,2909308.0
수영구,202106,2779428.0
수영구,202107,2791854.0
수영구,202108,2556467.0
수영구,202109,2774713.0
수영구,202110,2962767.0
수영구,202111,2803480.0
수영구,202112,2789340.0
수영구,202201,2847226.0
수영구,202202,2397208.0
수영구,202203,2599124.0
수영구,202204,2959786.0
수영구,202205,3414267.0
수영구,202206,3137060.0
수영구,202207,3607690.0
수영구,202208,3520861.0
수영구,202209,3072555.0
수영구,202210,3380394.0
수영구,202211,2884009.0
수영구,202212,3141657.0
수영구,202301,3214060.0
수영구,202302,2914568.0
수영구,202303,3131419.0
수영구,202304,3010878.0
수영구,202305,3195052.0
수영구,202306,3155930.0
수영구,202307,3371201.0
수영구,202308,3462901.0
수영구,202309,3174888.0
수영구,202310,3154776.0
수영구,202311,2876486.0
수영구,202312,3092450.0
수영구,202401,3046344.0
수영구,202402,3004201.0
수영구,202403,3107493.0
수영구,202404,2900563.0
수영구,202405,3319621.0
수영구,202406,3015187.0
수영구,202407,3319245.0
수영구,202408,3594071.0
수영구,202409,3206300.0
수영구,202410,3148688.0
수영구,202411,3269830.0
수영구,202412,3290870.0
수영구,202501,3373600.0
수영구,202502,2884981.0
수영구,202503,3148172.0
수영구,202504,2907445.0
수영구,202505,3655285.0
수영구,202506,3305261.0
수영구,202507,3736813.0
수영구,202508,4032785.0
수영구,202509,3434866.0
수영구,202510,3847586.0
수영구,202511,3555599.0
수영구,202512,3566943.0
수영구,202601,3484591.0
수영구,202602,3376361.0
수영구,202603,3459780.0
수영구,202604,3177474.0
수영구,202605,3795249.0
수영구,202606,3358537.0
수영구,202607,3873675.0
수영구,202608,3953099.0
수원시 권선구,201901,3370968.0
수원시 권선구,201902,3119425.0
수원시 권선구,201903,3826411.0
수원시 권선구,201904,3055437.0
수원시 권선구,201905,3337649.0
수원시 권선구,201906,3308610.0
수원시 권선구,201907,3462729.0
수원시 권선구,201908,3663713.0
수원시 권선구,201909,3424706.0
수원시 권선구,201910,3321730.0
수원시 권선구,201911,3715005.0
수원시 권선구,201912,3651462.0
수원시 권선구,202001,3411852.0
수원시 권선구,202002,2665935.0
수원시 권선구,202003,2737270.0
수원시 권선구,202004,2758766.0
수원시 권선구,202005,3117821.0
수원시 권선구,202006,2775202.0
수원시 권선구,202007,2983249.0
수원시 권선구,202008,2867547.0
수원시 권선구,202009,2943192.0
수원시 권선구,202010,3252300.0
수원시 권선구,202011,2934137.0
수원시 권선구,202012,2607668.0
수원시 권선구,202101,2659890.0
수원시 권선구,202102,2807005.0
수원시 권선구,202103,3262912.0
수원시 권선구,202104,2966750.0
수원시 권선구,202105,3222175.0
수원시 권선구,202106,3022953.0
수원시 권선구,202107,3005027.0
수원시 권선구,202108,2946279.0
수원시 권선구,202109,3312380.0
수원시 권선구,202110,3878036.0
수원시 권선구,202111,3333111.0
수원시 권선구,202112,3305558.0
수원시 권선구,202201,3407622.0
수원시 권선구,202202,2879676.0
수원시 권선구,202203,3290638.0
수원시 권선구,202204,3491808.0
수원시 권선구,202205,3696549.0
수원시 권선구,202206,3375608.0
수원시 권선구,202207,3618002.0
수원시 권선구,202208,3434700.0
수원시 권선구,202209,3597504.0
수원시 권선구,202210,3648312.0
수원시 권선구,202211,3325360.0
수원시 권선구,202212,3527560.0
수원시 권선구,202301,3544173.0
수원시 권선구,202302,3306647.0
수원시 권선구,202303,3791800.0
수원시 권선구,202304,3402093.0
수원시 권선구,202305,3655195.0
수원시 권선구,202306,3550393.0
수원시 권선구,202307,3845619.0
수원시 권선구,202308,3654732.0
수원시 권선구,202309,3728046.0
수원시 권선구,202310,3673786.0
수원시 권선구,202311,3574608.0
수원시 권선구,202312,3817661.0
수원시 권선구,202401,3633804.0
수원시 권선구,202402,3562790.0
수원시 권선구,202403,4121848.0
수원시 권선구,202404,3559775.0
수원시 권선구,202405,3797585.0
수원시 권선구,202406,3620093.0
수원시 권선구,202407,3679142.0
수원시 권선구,202408,3753054.0
수원시 권선구,202409,3778108.0
수원시 권선구,202410,3983324.0
수원시 권선구,202411,3743060.0
수원시 권선구,202412,3978452.0
수원시 권선구,202501,3845437.0
수원시 권선구,202502,3488264.0
수원시 권선구,202503,4237278.0
수원시 권선구,202504,3776872.0
수원시 권선구,202505,4527741.0
수원시 권선구,202506,4085931.0
수원시 권선구,202507,4337652.0
수원시 권선구,202508,4312989.0
수원시 권선구,202509,4103866.0
수원시 권선구,202510,4352640.0
수원시 권선구,202511,4193603.0
수원시 권선구,202512,4268238.0
수원시 권선구,202601,4031705.0
수원시 권선구,202602,3922794.0
수원시 권선구,202603,4583069.0
수원시 권선구,202604,3967908.0
수원시 권선구,202605,4395896.0
수원시 권선구,202606,4080338.0
수원시 권선구,202607,4300030.0
수원시 권선구,202608,4487098.0
수원시 영통구,201901,4239012.0
수원시 영통구,201902,3962413.0
수원시 영통구,201903,5630485.0
수원시 영통구,201904,4173502.0
수원시 영통구,201905,4563223.0
수원시 영통구,201906,4461803.0
수원시 영통구,201907,4837424.0
수원시 영통구,201908,4961672.0
수원시 영통구,201909,4923391.0
수원시 영통구,201910,4681231.0
수원시 영통구,201911,5012895.0
수원시 영통구,201912,4867009.0
수원시 영통구,202001,4621283.0
수원시 영통구,202002,3865725.0
수원시 영통구,202003,3765973.0
수원시 영통구,202004,3947226.0
수원시 영통구,202005,4398081.0
수원시 영통구,202006,4214054.0
수원시 영통구,202007,4517647.0
수원시 영통구,202008,4030627.0
수원시 영통구,202009,4007799.0
수원시 영통구,202010,4398748.0
수원시 영통구,202011,4046970.0
수원시 영통구,202012,3529728.0
수원시 영통구,202101,3627473.0
수원시 영통구,202102,3837838.0
수원시 영통구,202103,4788188.0
수원시 영통구,202104,4083773.0
수원시 영통구,202105,4274767.0
수원시 영통구,202106,4252590.0
수원시 영통구,202107,3961712.0
수원시 영통구,202108,3985280.0
수원시 영통구,202109,4251675.0
수원시 영통구,202110,4405478.0
수원시 영통구,202111,4205149.0
수원시 영통구,202112,4209701.0
수원시 영통구,202201,4186618.0
수원시 영통구,202202,3601424.0
수원시 영통구,202203,4641583.0
수원시 영통구,202204,4702288.0
수원시 영통구,202205,4968670.0
수원시 영통구,202206,4583340.0
수원시 영통구,202207,4833319.0
수원시 영통구,202208,4617484.0
수원시 영통구,202209,5086806.0
수원시 영통구,202210,4861738.0
수원시 영통구,202211,4608252.0
수원시 영통구,202212,4689208.0
수원시 영통구,202301,4530204.0
수원시 영통구,202302,4494676.0
수원시 영통구,202303,5710006.0
수원시 영통구,202304,4734182.0
수원시 영통구,202305,5076607.0
수원시 영통구,202306,4850988.0
수원시 영통구,202307,5096963.0
수원시 영통구,202308,4918489.0
수원시 영통구,202309,5086825.0
수원시 영통구,202310,4943288.0
수원시 영통구,202311,4741681.0
수원시 영통구,202312,4849443.0
수원시 영통구,202401,4732216.0
수원시 영통구,202402,4563150.0
수원시 영통구,202403,5748976.0
수원시 영통구,202404,4770479.0
수원시 영통구,202405,5050517.0
수원시 영통구,202406,4666152.0
수원시 영통구,202407,4847781.0
수원시 영통구,202408,4769661.0
수원시 영통구,202409,4927300.0
수원시 영통구,202410,5181007.0
수원시 영통구,202411,4680240.0
수원시 영통구,202412,4766007.0
수원시 영통구,202501,4524447.0
수원시 영통구,202502,4457591.0
수원시 영통구,202503,5595690.0
수원시 영통구,202504,4751800.0
수원시 영통구,202505,5489052.0
수원시 영통구,202506,5013157.0
수원시 영통구,202507,5301822.0
수원시 영통구,202508,5072229.0
수원시 영통구,202509,5325900.0
수원시 영통구,202510,5003327.0
수원시 영통구,202511,5222750.0
수원시 영통구,202512,5102457.0
수원시 영통구,202601,4742616.0
수원시 영통구,202602,4514762.0
수원시 영통구,202603,6055350.0
수원시 영통구,202604,4927925.0
수원시 영통구,202605,5230990.0
수원시 영통구,202606,5085592.0
수원시 영통구,202607,5056204.0
수원시 영통구,202608,5116331.0
수원시 장안구,201901,2534912.0
수원시 장안구,201902,2402209.0
수원시 장안구,201903,3362759.0
수원시 장안구,201904,2618668.0
수원시 장안구,201905,2763223.0
수원시 장안구,201906,2724811.0
수원시 장안구,201907,2972205.0
수원시 장안구,201908,3248972.0
수원시 장안구,201909,3244917.0
수원시 장안구,201910,3107033.0
수원시 장안구,201911,3236401.0
수원시 장안구,201912,3112578.0
수원시 장안구,202001,2968063.0
수원시 장안구,202002,2371026.0
수원시 장안구,202003,2570465.0
수원시 장안구,202004,2714655.0
수원시 장안구,202005,2982798.0
수원시 장안구,202006,2592860.0
수원시 장안구,202007,2722829.0
수원시 장안구,202008,2536495.0
수원시 장안구,202009,2543552.0
수원시 장안구,202010,2951844.0
수원시 장안구,202011,2590833.0
수원시 장안구,202012,2144737.0
수원시 장안구,202101,2193528.0
수원시 장안구,202102,2414963.0
수원시 장안구,202103,2941430.0
수원시 장안구,202104,2641541.0
수원시 장안구,202105,2753108.0
수원시 장안구,202106,2608457.0
수원시 장안구,202107,2441786.0
수원시 장안구,202108,2454395.0
수원시 장안구,202109,2742065.0
수원시 장안구,202110,2898496.0
수원시 장안구,202111,2728175.0
수원시 장안구,202112,2597921.0
수원시 장안구,202201,2714986.0
수원시 장안구,202202,2366013.0
수원시 장안구,202203,2893784.0
수원시 장안구,202204,3224794.0
수원시 장안구,202205,3305989.0
수원시 장안구,202206,2862728.0
수원시 장안구,202207,2965795.0
수원시 장안구,202208,2902740.0
수원시 장안구,202209,3232358.0
수원시 장안구,202210,3173769.0
수원시 장안구,202211,2824875.0
수원시 장안구,202212,2860192.0
수원시 장안구,202301,2889075.0
수원시 장안구,202302,2815571.0
수원시 장안구,202303,3566151.0
수원시 장안구,202304,3167942.0
수원시 장안구,202305,3226600.0
수원시 장안구,202306,3164732.0
수원시 장안구,202307,3223581.0
수원시 장안구,202308,3219783.0
수원시 장안구,202309,3365329.0
수원시 장안구,202310,3393823.0
수원시 장안구,202311,3036237.0
수원시 장안구,202312,3135880.0
수원시 장안구,202401,3404207.0
수원시 장안구,202402,3911955.0
수원시 장안구,202403,4396262.0
수원시 장안구,202404,3829853.0
수원시 장안구,202405,4021244.0
수원시 장안구,202406,3798797.0
수원시 장안구,202407,3672923.0
수원시 장안구,202408,3845851.0
수원시 장안구,202409,3917762.0
수원시 장안구,202410,3864180.0
수원시 장안구,202411,3541103.0
수원시 장안구,202412,3655887.0
수원시 장안구,202501,3624077.0
수원시 장안구,202502,3295203.0
수원시 장안구,202503,4267240.0
수원시 장안구,202504,3652662.0
수원시 장안구,202505,4324335.0
수원시 장안구,202506,3866699.0
수원시 장안구,202507,4004239.0
수원시 장안구,202508,4050142.0
수원시 장안구,202509,4048316.0
수원시 장안구,202510,4135755.0
수원시 장안구,202511,3898061.0
수원시 장안구,202512,3889528.0
수원시 장안구,202601,3645604.0
수원시 장안구,202602,3614876.0
수원시 장안구,202603,4659353.0
수원시 장안구,202604,3903996.0
수원시 장안구,202605,4197465.0
수원시 장안구,202606,3772630.0
수원시 장안구,202607,3862216.0
수원시 장안구,202608,3950349.0
수원시 팔달구,201901,5051579.0
수원시 팔달구,201902,4582705.0
수원시 팔달구,201903,5829750.0
수원시 팔달구,201904,4858823.0
수원시 팔달구,201905,5129769.0
수원시 팔달구,201906,4964867.0
수원시 팔달구,201907,5144901.0
수원시 팔달구,201908,5501689.0
수원시 팔달구,201909,5277012.0
수원시 팔달구,201910,5385220.0
수원시 팔달구,201911,5757803.0
수원시 팔달구,201912,5632985.0
수원시 팔달구,202001,5304442.0
수원시 팔달구,202002,3999877.0
수원시 팔달구,202003,3767566.0
수원시 팔달구,202004,4219352.0
수원시 팔달구,202005,4878334.0
수원시 팔달구,202006,4446102.0
수원시 팔달구,202007,4742027.0
수원시 팔달구,202008,4245337.0
수원시 팔달구,202009,4016187.0
수원시 팔달구,202010,4938654.0
수원시 팔달구,202011,4344573.0
수원시 팔달구,202012,3438909.0
수원시 팔달구,202101,3656108.0
수원시 팔달구,202102,4051670.0
수원시 팔달구,202103,4851337.0
수원시 팔달구,202104,4393203.0
수원시 팔달구,202105,4674895.0
수원시 팔달구,202106,4430314.0
수원시 팔달구,202107,4012494.0
수원시 팔달구,202108,4019623.0
수원시 팔달구,202109,4436502.0
수원시 팔달구,202110,4801358.0
수원시 팔달구,202111,4797643.0
수원시 팔달구,202112,4637699.0
수원시 팔달구,202201,4592566.0
수원시 팔달구,202202,4027455.0
수원시 팔달구,202203,4772418.0
수원시 팔달구,202204,5414859.0
수원시 팔달구,202205,5750206.0
수원시 팔달구,202206,5242125.0
수원시 팔달구,202207,5483738.0
수원시 팔달구,202208,5332128.0
수원시 팔달구,202209,5615935.0
수원시 팔달구,202210,5864610.0
수원시 팔달구,202211,5175495.0
수원시 팔달구,202212,5359052.0
수원시 팔달구,202301,5060669.0
수원시 팔달구,202302,4989668.0
수원시 팔달구,202303,5848792.0
수원시 팔달구,202304,5337909.0
수원시 팔달구,202305,5532876.0
수원시 팔달구,202306,5303465.0
수원시 팔달구,202307,5355011.0
수원시 팔달구,202308,5376260.0
수원시 팔달구,202309,5562213.0
수원시 팔달구,202310,5930164.0
수원시 팔달구,202311,5195009.0
수원시 팔달구,202312,5702910.0
수원시 팔달구,202401,5402377.0
수원시 팔달구,202402,5444522.0
수원시 팔달구,202403,6306805.0
수원시 팔달구,202404,5613364.0
수원시 팔달구,202405,5964785.0
수원시 팔달구,202406,5572329.0
수원시 팔달구,202407,5551867.0
수원시 팔달구,202408,5726137.0
수원시 팔달구,202409,5764987.0
수원시 팔달구,202410,6503160.0
수원시 팔달구,202411,5969599.0
수원시 팔달구,202412,6176932.0
수원시 팔달구,202501,5894814.0
수원시 팔달구,202502,5471941.0
수원시 팔달구,202503,6755149.0
수원시 팔달구,202504,5955614.0
수원시 팔달구,202505,6796240.0
수원시 팔달구,202506,6086201.0
수원시 팔달구,202507,6314864.0
수원시 팔달구,202508,6529088.0
수원시 팔달구,202509,6362779.0
수원시 팔달구,202510,6796213.0
수원시 팔달구,202511,6554987.0
수원시 팔달구,202512,6576999.0
수원시 팔달구,202601,6107467.0
수원시 팔달구,202602,5948612.0
수원시 팔달구,202603,7038978.0
수원시 팔달구,202604,6398428.0
수원시 팔달구,202605,7076381.0
수원시 팔달구,202606,6260811.0
수원시 팔달구,202607,6375091.0
수원시 팔달구,202608,6734307.0
순창군,201901,220526.0
순창군,201902,312240.0
순창군,201903,289512.0
순창군,201904,308111.0
순창군,201905,349063.0
순창군,201906,323386.0
순창군,201907,319512.0
순창군,201908,404747.0
순창군,201909,390343.0
순창군,201910,453643.0
순창군,201911,573698.0
순창군,201912,252104.0
순창군,202001,320522.0
순창군,202002,208378.0
순창군,202003,286914.0
순창군,202004,344617.0
순창군,202005,416681.0
순창군,202006,354715.0
순창군,202007,316542.0
순창군,202008,388346.0
순창군,202009,313020.0
순창군,202010,475210.0
순창군,202011,390146.0
순창군,202012,225488.0
순창군,202101,209524.0
순창군,202102,311632.0
순창군,202103,309853.0
순창군,202104,338015.0
순창군,202105,383744.0
순창군,202106,349400.0
순창군,202107,379887.0
순창군,202108,420573.0
순창군,202109,452024.0
순창군,202110,472788.0
순창군,202111,521864.0
순창군,202112,272193.0
순창군,202201,321494.0
순창군,202202,280800.0
순창군,202203,312457.0
순창군,202204,394171.0
순창군,202205,406926.0
순창군,202206,360431.0
순창군,202207,482372.0
순창군,202208,452306.0
순창군,202209,468473.0
순창군,202210,607282.0
순창군,202211,623690.0
순창군,202212,276846.0
순창군,202301,370252.0
순창군,202302,322472.0
순창군,202303,419968.0
순창군,202304,437726.0
순창군,202305,430708.0
순창군,202306,429027.0
순창군,202307,392026.0
순창군,202308,480962.0
순창군,202309,461721.0
순창군,202310,518203.0
순창군,202311,522285.0
순창군,202312,282028.0
순창군,202401,272364.0
순창군,202402,371414.0
순창군,202403,380441.0
순창군,202404,408706.0
순창군,202405,426519.0
순창군,202406,386869.0
순창군,202407,349992.0
순창군,202408,442727.0
순창군,202409,473397.0
순창군,202410,481786.0
순창군,202411,580170.0
순창군,202412,283279.0
순창군,202501,339264.0
순창군,202502,242019.0
순창군,202503,369977.0
순창군,202504,393799.0
순창군,202505,460597.0
순창군,202506,402558.0
순창군,202507,403443.0
순창군,202508,467836.0
순창군,202509,361588.0
순창군,202510,608923.0
순창군,202511,640951.0
순창군,202512,295677.0
순창군,202601,278528.0
순창군,202602,363434.0
순창군,202603,352953.0
순창군,202604,424381.0
순창군,202605,464263.0
순창군,202606,389833.0
순창군,202607,391660.0
순창군,202608,477176.0
순천시,201901,1621171.0
순천시,201902,1856928.0
순천시,201903,2075492.0
순천시,201904,1863971.0
순천시,201905,1929377.0
순천시,201906,1670805.0
순천시,201907,1770430.0
순천시,201908,2060893.0
순천시,201909,2015819.0
순천시,201910,2076287.0
순천시,201911,1998369.0
순천시,201912,1812494.0
순천시,202001,1911629.0
순천시,202002,1370011.0
순천시,202003,1381106.0
순천시,202004,1628283.0
순천시,202005,2015887.0
순천시,202006,1763555.0
순천시,202007,1878659.0
순천시,202008,1956605.0
순천시,202009,1510912.0
순천시,202010,2174127.0
순천시,202011,1653687.0
순천시,202012,1570946.0
순천시,202101,1485238.0
순천시,202102,1696473.0
순천시,202103,1968015.0
순천시,202104,1708080.0
순천시,202105,1842027.0
순천시,202106,1756429.0
순천시,202107,1862090.0
순천시,202108,1954384.0
순천시,202109,2077814.0
순천시,202110,2206779.0
순천시,202111,2057170.0
순천시,202112,1838601.0
순천시,202201,1940255.0
순천시,202202,1601606.0
순천시,202203,1863630.0
순천시,202204,1988689.0
순천시,202205,2069084.0
순천시,202206,1946680.0
순천시,202207,2731561.0
순천시,202208,2239874.0
순천시,202209,2293841.0
순천시,202210,2444197.0
순천시,202211,2160517.0
순천시,202212,1903903.0
순천시,202301,2139765.0
순천시,202302,1808732.0
순천시,202303,2327332.0
순천시,202304,2890348.0
순천시,202305,2687380.0
순천시,202306,2239063.0
순천시,202307,2142418.0
순천시,202308,2280044.0
순천시,202309,2376408.0
순천시,202310,2878152.0
순천시,202311,2075731.0
순천시,202312,1950843.0
순천시,202401,1822625.0
순천시,202402,2067875.0
순천시,202403,2287316.0
순천시,202404,2226930.0
순천시,202405,2342719.0
순천시,202406,2032361.0
순천시,202407,2004780.0
순천시,202408,2135851.0
순천시,202409,2319411.0
순천시,202410,2239907.0
순천시,202411,2219835.0
순천시,202412,2017326.0
순천시,202501,2253478.0
순천시,202502,1769376.0
순천시,202503,2371131.0
순천시,202504,2209203.0
순천시,202505,2662767.0
순천시,202506,2264277.0
순천시,202507,2202720.0
순천시,202508,2352735.0
순천시,202509,2188232.0
순천시,202510,2966849.0
순천시,202511,2446034.0
순천시,202512,2264690.0
순천시,202601,2110866.0
순천시,202602,2258606.0
순천시,202603,2521709.0
순천시,202604,2302629.0
순천시,202605,2580253.0
순천시,202606,2103177.0
순천시,202607,2187161.0
순천시,202608,2314821.0
시흥시,201901,3892496.0
시흥시,201902,3534767.0
시흥시,201903,4921072.0
시흥시,201904,3774647.0
시흥시,201905,4230593.0
시흥시,201906,4133893.0
시흥시,201907,4339165.0
시흥시,201908,4656904.0
시흥시,201909,4710570.0
시흥시,201910,4640212.0
시흥시,201911,4600834.0
시흥시,201912,4147005.0
시흥시,202001,4150772.0
시흥시,202002,3390637.0
시흥시,202003,3975537.0
시흥시,202004,4167028.0
시흥시,202005,4665981.0
시흥시,202006,4247406.0
시흥시,202007,4568643.0
시흥시,202008,4355683.0
시흥시,202009,4552092.0
시흥시,202010,5148648.0
시흥시,202011,3918968.0
시흥시,202012,3572059.0
시흥시,202101,3600318.0
시흥시,202102,4019379.0
시흥시,202103,4627502.0
시흥시,202104,4247862.0
시흥시,202105,4663412.0
시흥시,202106,4441937.0
시흥시,202107,4232060.0
시흥시,202108,4635988.0
시흥시,202109,4860451.0
시흥시,202110,4717884.0
시흥시,202111,4120397.0
시흥시,202112,3893818.0
시흥시,202201,3952571.0
시흥시,202202,3454101.0
시흥시,202203,4179365.0
시흥시,202204,4488914.0
시흥시,202205,4825148.0
시흥시,202206,4444949.0
시흥시,202207,4659996.0
시흥시,202208,4585308.0
시흥시,202209,4999892.0
시흥시,202210,4977087.0
시흥시,202211,4289995.0
시흥시,202212,4179529.0
시흥시,202301,4101528.0
시흥시,202302,3920138.0
시흥시,202303,4835527.0
시흥시,202304,4302757.0
시흥시,202305,4706267.0
시흥시,202306,4391843.0
시흥시,202307,4456326.0
시흥시,202308,4504940.0
시흥시,202309,4809628.0
시흥시,202310,4770559.0
시흥시,202311,4113563.0
시흥시,202312,4191294.0
시흥시,202401,4011496.0
시흥시,202402,4168080.0
시흥시,202403,4839890.0
시흥시,202404,4399662.0
시흥시,202405,4740163.0
시흥시,202406,4514349.0
시흥시,202407,4464535.0
시흥시,202408,4651344.0
시흥시,202409,4958027.0
시흥시,202410,4987250.0
시흥시,202411,4381815.0
시흥시,202412,4257593.0
시흥시,202501,4234817.0
시흥시,202502,3803342.0
시흥시,202503,4810793.0
시흥시,202504,4305623.0
시흥시,202505,5266151.0
시흥시,202506,4731241.0
시흥시,202507,4766489.0
시흥시,202508,5024181.0
시흥시,202509,4962167.0
시흥시,202510,5320152.0
시흥시,202511,4768108.0
시흥시,202512,4505182.0
시흥시,202601,4258014.0
시흥시,202602,4293291.0
시흥시,202603,5039481.0
시흥시,202604,4463699.0
시흥시,202605,5147066.0
시흥시,202606,4671002.0
시흥시,202607,4822522.0
시흥시,202608,5067630.0
신안군,201901,277175.0
신안군,201902,385920.0
신안군,201903,355724.0
신안군,201904,637923.0
신안군,201905,614478.0
신안군,201906,551376.0
신안군,201907,510805.0
신안군,201908,656816.0
신안군,201909,546528.0
신안군,201910,544855.0
신안군,201911,476089.0
신안군,201912,408541.0
신안군,202001,427161.0
신안군,202002,330218.0
신안군,202003,363616.0
신안군,202004,405281.0
신안군,202005,529938.0
신안군,202006,486710.0
신안군,202007,490715.0
신안군,202008,656013.0
신안군,202009,499011.0
신안군,202010,656804.0
신안군,202011,409467.0
신안군,202012,425155.0
신안군,202101,336071.0
신안군,202102,424815.0
신안군,202103,478009.0
신안군,202104,614335.0
신안군,202105,590735.0
신안군,202106,552595.0
신안군,202107,534711.0
신안군,202108,703406.0
신안군,202109,639582.0
신안군,202110,686478.0
신안군,202111,506287.0
신안군,202112,457313.0
신안군,202201,475906.0
신안군,202202,389889.0
신안군,202203,453117.0
신안군,202204,630426.0
신안군,202205,622021.0
신안군,202206,569560.0
신안군,202207,729786.0
신안군,202208,697769.0
신안군,202209,649643.0
신안군,202210,713028.0
신안군,202211,538462.0
신안군,202212,447379.0
신안군,202301,470916.0
신안군,202302,410170.0
신안군,202303,525945.0
신안군,202304,733966.0
신안군,202305,683863.0
신안군,202306,623266.0
신안군,202307,538784.0
신안군,202308,666409.0
신안군,202309,715614.0
신안군,202310,789276.0
신안군,202311,564668.0
신안군,202312,545737.0
신안군,202401,478234.0
신안군,202402,515022.0
신안군,202403,616380.0
신안군,202404,801334.0
신안군,202405,741101.0
신안군,202406,649046.0
신안군,202407,584811.0
신안군,202408,778940.0
신안군,202409,674373.0
신안군,202410,703630.0
신안군,202411,557748.0
신안군,202412,477957.0
신안군,202501,556443.0
신안군,202502,395587.0
신안군,202503,632027.0
신안군,202504,695533.0
신안군,202505,790913.0
신안군,202506,647063.0
신안군,202507,613132.0
신안군,202508,735484.0
신안군,202509,600320.0
신안군,202510,859163.0
신안군,202511,590600.0
신안군,202512,500274.0
신안군,202601,458146.0
신안군,202602,528005.0
신안군,202603,622215.0
신안군,202604,684583.0
신안군,202605,765776.0
신안군,202606,619967.0
신안군,202607,600910.0
신안군,202608,740736.0
아산시,201901,2246447.0
아산시,201902,2393698.0
아산시,201903,3285005.0
아산시,201904,2427747.0
아산시,201905,2660756.0
아산시,201906,2345949.0
아산시,201907,2538143.0
아산시,201908,2638822.0
아산시,201909,2887696.0
아산시,201910,2781750.0
아산시,201911,2665915.0
아산시,201912,2610073.0
아산시,202001,2628607.0
아산시,202002,2005126.0
아산시,202003,2119154.0
아산시,202004,2332135.0
아산시,202005,2660549.0
아산시,202006,2483523.0
아산시,202007,2525955.0
아산시,202008,2451631.0
아산시,202009,2504828.0
아산시,202010,2742078.0
아산시,202011,2493057.0
아산시,202012,2183578.0
아산시,202101,2074767.0
아산시,202102,2190265.0
아산시,202103,2724673.0
아산시,202104,2466068.0
아산시,202105,2629309.0
아산시,202106,2557157.0
아산시,202107,2553049.0
아산시,202108,2591195.0
아산시,202109,2881830.0
아산시,202110,2941758.0
아산시,202111,2796081.0
아산시,202112,2504493.0
아산시,202201,2541718.0
아산시,202202,2322964.0
아산시,202203,3048305.0
아산시,202204,2844879.0
아산시,202205,3065790.0
아산시,202206,2760206.0
아산시,202207,2860421.0
아산시,202208,2909557.0
아산시,202209,3314404.0
아산시,202210,3127089.0
아산시,202211,2980878.0
아산시,202212,2677141.0
아산시,202301,2677211.0
아산시,202302,2709713.0
아산시,202303,3437163.0
아산시,202304,2900892.0
아산시,202305,3204396.0
아산시,202306,2891616.0
아산시,202307,2927738.0
아산시,202308,3188904.0
아산시,202309,3280979.0
아산시,202310,3413109.0
아산시,202311,2958970.0
아산시,202312,2907607.0
아산시,202401,2868719.0
아산시,202402,2992010.0
아산시,202403,3739888.0
아산시,202404,3167723.0
아산시,202405,3276159.0
아산시,202406,3056232.0
아산시,202407,3029110.0
아산시,202408,3179768.0
아산시,202409,3480464.0
아산시,202410,3370046.0
아산시,202411,3260590.0
아산시,202412,3035655.0
아산시,202501,3003196.0
아산시,202502,2943268.0
아산시,202503,3656735.0
아산시,202504,3181911.0
아산시,202505,3823511.0
아산시,202506,3261560.0
아산시,202507,3325433.0
아산시,202508,3632987.0
아산시,202509,3715487.0
아산시,202510,3816315.0
아산시,202511,3854287.0
아산시,202512,3429577.0
아산시,202601,3203609.0
아산시,202602,3207749.0
아산시,202603,4121365.0
아산시,202604,3267048.0
아산시,202605,3795498.0
아산시,202606,3420477.0
아산시,202607,3370756.0
아산시,202608,3556921.0
안동시,201901,1381688.0
안동시,201902,1619809.0
안동시,201903,1655737.0
안동시,201904,1389473.0
안동시,201905,1544970.0
안동시,201906,1422166.0
안동시,201907,1563963.0
안동시,201908,1794861.0
안동시,201909,1935979.0
안동시,201910,1697947.0
안동시,201911,1545887.0
안동시,201912,1420347.0
안동시,202001,1726047.0
안동시,202002,1033504.0
안동시,202003,803657.0
안동시,202004,1047069.0
안동시,202005,1380359.0
안동시,202006,1286271.0
안동시,202007,1425069.0
안동시,202008,1630804.0
안동시,202009,1403294.0
안동시,202010,1693518.0
안동시,202011,1391762.0
안동시,202012,1072781.0
안동시,202101,1017188.0
안동시,202102,1246950.0
안동시,202103,1423485.0
안동시,202104,1276311.0
안동시,202105,1439134.0
안동시,202106,1342392.0
안동시,202107,1427848.0
안동시,202108,1509456.0
안동시,202109,1757622.0
안동시,202110,1600459.0
안동시,202111,1460837.0
안동시,202112,1266562.0
안동시,202201,1404801.0
안동시,202202,1165343.0
안동시,202203,1312796.0
안동시,202204,1341786.0
안동시,202205,1562725.0
안동시,202206,1385684.0
안동시,202207,1549996.0
안동시,202208,1507595.0
안동시,202209,1657449.0
안동시,202210,1558329.0
안동시,202211,1315912.0
안동시,202212,1312522.0
안동시,202301,1483301.0
안동시,202302,1177958.0
안동시,202303,1514720.0
안동시,202304,1336896.0
안동시,202305,1455372.0
안동시,202306,1306377.0
안동시,202307,1343234.0
안동시,202308,1477304.0
안동시,202309,1771798.0
안동시,202310,1649375.0
안동시,202311,1334642.0
안동시,202312,1282216.0
안동시,202401,1187182.0
안동시,202402,1441841.0
안동시,202403,1532625.0
안동시,202404,1322477.0
안동시,202405,1430427.0
안동시,202406,1346881.0
안동시,202407,1333689.0
안동시,202408,1504964.0
안동시,202409,1788606.0
안동시,202410,1542955.0
안동시,202411,1442364.0
안동시,202412,1292742.0
안동시,202501,1542347.0
안동시,202502,1091878.0
안동시,202503,1493846.0
안동시,202504,1277945.0
안동시,202505,1658991.0
안동시,202506,1401319.0
안동시,202507,1448621.0
안동시,202508,1641080.0
안동시,202509,1568607.0
안동시,202510,2029109.0
안동시,202511,1552912.0
안동시,202512,1347924.0
안동시,202601,1295808.0
안동시,202602,1458814.0
안동시,202603,1562342.0
안동시,202604,1410285.0
안동시,202605,1649583.0
안동시,202606,1339684.0
안동시,202607,1414309.0
안동시,202608,1595487.0
안산시 단원구,201901,4043832.0
안산시 단원구,201902,3501722.0
안산시 단원구,201903,4839514.0
안산시 단원구,201904,3735884.0
안산시 단원구,201905,4267166.0
안산시 단원구,201906,4147607.0
안산시 단원구,201907,4404545.0
안산시 단원구,201908,4854873.0
안산시 단원구,201909,4664605.0
안산시 단원구,201910,4526504.0
안산시 단원구,201911,4604965.0
안산시 단원구,201912,4373030.0
안산시 단원구,202001,4288559.0
안산시 단원구,202002,3528213.0
안산시 단원구,202003,3767354.0
안산시 단원구,202004,3917148.0
안산시 단원구,202005,4507738.0
안산시 단원구,202006,4213930.0
안산시 단원구,202007,4389550.0
안산시 단원구,202008,4201283.0
안산시 단원구,202009,4199909.0
안산시 단원구,202010,4583618.0
안산시 단원구,202011,3956701.0
안산시 단원구,202012,3475246.0
안산시 단원구,202101,3504633.0
안산시 단원구,202102,3539523.0
안산시 단원구,202103,4279208.0
안산시 단원구,202104,3854413.0
안산시 단원구,202105,4192880.0
안산시 단원구,202106,4073583.0
안산시 단원구,202107,3882349.0
안산시 단원구,202108,4079073.0
안산시 단원구,202109,4360942.0
안산시 단원구,202110,4217280.0
안산시 단원구,202111,3896593.0
안산시 단원구,202112,3685874.0
안산시 단원구,202201,3783085.0
안산시 단원구,202202,3245332.0
안산시 단원구,202203,3871190.0
안산시 단원구,202204,4288464.0
안산시 단원구,202205,4626651.0
안산시 단원구,202206,4278093.0
안산시 단원구,202207,4500887.0
안산시 단원구,202208,4444653.0
안산시 단원구,202209,4604010.0
안산시 단원구,202210,4595157.0
안산시 단원구,202211,4050436.0
안산시 단원구,202212,4036710.0
안산시 단원구,202301,4089626.0
안산시 단원구,202302,3795000.0
안산시 단원구,202303,4491050.0
안산시 단원구,202304,4138042.0
안산시 단원구,202305,4479602.0
안산시 단원구,202306,4342795.0
안산시 단원구,202307,4393130.0
안산시 단원구,202308,4473792.0
안산시 단원구,202309,4589946.0
안산시 단원구,202310,4600429.0
안산시 단원구,202311,4034491.0
안산시 단원구,202312,4189230.0
안산시 단원구,202401,4130551.0
안산시 단원구,202402,4064944.0
안산시 단원구,202403,4822792.0
안산시 단원구,202404,4236878.0
안산시 단원구,202405,4574102.0
안산시 단원구,202406,4465201.0
안산시 단원구,202407,4474235.0
안산시 단원구,202408,4577877.0
안산시 단원구,202409,4780427.0
안산시 단원구,202410,4818981.0
안산시 단원구,202411,4313291.0
안산시 단원구,202412,4350207.0
안산시 단원구,202501,4270398.0
안산시 단원구,202502,3925871.0
안산시 단원구,202503,4824607.0
안산시 단원구,202504,4251758.0
안산시 단원구,202505,5056949.0
안산시 단원구,202506,4688256.0
안산시 단원구,202507,4796309.0
안산시 단원구,202508,5030573.0
안산시 단원구,202509,4935743.0
안산시 단원구,202510,5062069.0
안산시 단원구,202511,4780755.0
안산시 단원구,202512,4588476.0
안산시 단원구,202601,4357402.0
안산시 단원구,202602,4193847.0
안산시 단원구,202603,5133501.0
안산시 단원구,202604,4438236.0
안산시 단원구,202605,5076367.0
안산시 단원구,202606,4671211.0
안산시 단원구,202607,4731532.0
안산시 단원구,202608,4951839.0
안산시 상록구,201901,2324896.0
안산시 상록구,201902,2169404.0
안산시 상록구,201903,3232409.0
안산시 상록구,201904,2174879.0
안산시 상록구,201905,2470104.0
안산시 상록구,201906,2410257.0
안산시 상록구,201907,2618016.0
안산시 상록구,201908,2937966.0
안산시 상록구,201909,2933434.0
안산시 상록구,201910,2648747.0
안산시 상록구,201911,2692091.0
안산시 상록구,201912,2541232.0
안산시 상록구,202001,2602692.0
안산시 상록구,202002,2082672.0
안산시 상록구,202003,2209279.0
안산시 상록구,202004,2211198.0
안산시 상록구,202005,2545833.0
안산시 상록구,202006,2295986.0
안산시 상록구,202007,2435305.0
안산시 상록구,202008,2185921.0
안산시 상록구,202009,2216559.0
안산시 상록구,202010,2581805.0
안산시 상록구,202011,2244628.0
안산시 상록구,202012,2008993.0
안산시 상록구,202101,1987635.0
안산시 상록구,202102,2097873.0
안산시 상록구,202103,2493851.0
안산시 상록구,202104,2197115.0
안산시 상록구,202105,2375391.0
안산시 상록구,202106,2327242.0
안산시 상록구,202107,2142956.0
안산시 상록구,202108,2171906.0
안산시 상록구,202109,2368308.0
안산시 상록구,202110,2386976.0
안산시 상록구,202111,2228689.0
안산시 상록구,202112,2204644.0
안산시 상록구,202201,2178651.0
안산시 상록구,202202,1842406.0
안산시 상록구,202203,2347421.0
안산시 상록구,202204,2464400.0
안산시 상록구,202205,2522976.0
안산시 상록구,202206,2268940.0
안산시 상록구,202207,2385481.0
안산시 상록구,202208,2299209.0
안산시 상록구,202209,2647998.0
안산시 상록구,202210,2440475.0
안산시 상록구,202211,2281063.0
안산시 상록구,202212,2285807.0
안산시 상록구,202301,2342787.0
안산시 상록구,202302,2113261.0
안산시 상록구,202303,2751994.0
안산시 상록구,202304,2295101.0
안산시 상록구,202305,2498741.0
안산시 상록구,202306,2340247.0
안산시 상록구,202307,2357077.0
안산시 상록구,202308,2311489.0
안산시 상록구,202309,2484242.0
안산시 상록구,202310,2219668.0
안산시 상록구,202311,2089207.0
안산시 상록구,202312,2168917.0
안산시 상록구,202401,2043201.0
안산시 상록구,202402,2202318.0
안산시 상록구,202403,2610546.0
안산시 상록구,202404,2207468.0
안산시 상록구,202405,2310229.0
안산시 상록구,202406,2210904.0
안산시 상록구,202407,2172594.0
안산시 상록구,202408,2223354.0
안산시 상록구,202409,2530143.0
안산시 상록구,202410,2383806.0
안산시 상록구,202411,2319003.0
안산시 상록구,202412,2270599.0
안산시 상록구,202501,2319132.0
안산시 상록구,202502,2038125.0
안산시 상록구,202503,2776423.0
안산시 상록구,202504,2238313.0
안산시 상록구,202505,2693626.0
안산시 상록구,202506,2413000.0
안산시 상록구,202507,2480992.0
안산시 상록구,202508,2523040.0
안산시 상록구,202509,2615403.0
안산시 상록구,202510,2718547.0
안산시 상록구,202511,2514272.0
안산시 상록구,202512,2459238.0
안산시 상록구,202601,2278662.0
안산시 상록구,202602,2437235.0
안산시 상록구,202603,2950344.0
안산시 상록구,202604,2381648.0
안산시 상록구,202605,2675562.0
안산시 상록구,202606,2389757.0
안산시 상록구,202607,2409474.0
안산시 상록구,202608,2461922.0
안성시,201901,2115959.0
안성시,201902,2158617.0
안성시,201903,2795669.0
안성시,201904,2377821.0
안성시,201905,2585215.0
안성시,201906,2433334.0
안성시,201907,2597345.0
안성시,201908,2815979.0
안성시,201909,3153831.0
안성시,201910,2769333.0
안성시,201911,2866318.0
안성시,201912,2374391.0
안성시,202001,2634250.0
안성시,202002,1981276.0
안성시,202003,2264969.0
안성시,202004,2525712.0
안성시,202005,2954840.0
안성시,202006,2701612.0
안성시,202007,2819158.0
안성시,202008,2739963.0
안성시,202009,2871881.0
안성시,202010,3516551.0
안성시,202011,2855463.0
안성시,202012,2271558.0
안성시,202101,2197970.0
안성시,202102,2535936.0
안성시,202103,2962982.0
안성시,202104,2846234.0
안성시,202105,3167986.0
안성시,202106,2930243.0
안성시,202107,2818169.0
안성시,202108,2915370.0
안성시,202109,3407588.0
안성시,202110,3338719.0
안성시,202111,3026056.0
안성시,202112,2565748.0
안성시,202201,2605759.0
안성시,202202,2372416.0
안성시,202203,2898208.0
안성시,202204,3194528.0
안성시,202205,3532368.0
안성시,202206,3158444.0
안성시,202207,3300942.0
안성시,202208,3307153.0
안성시,202209,3812628.0
안성시,202210,3478412.0
안성시,202211,3007864.0
안성시,202212,2443466.0
안성시,202301,2683222.0
안성시,202302,2641610.0
안성시,202303,3250775.0
안성시,202304,3004471.0
안성시,202305,3336914.0
안성시,202306,3031240.0
안성시,202307,2999559.0
안성시,202308,3005730.0
안성시,202309,3334133.0
안성시,202310,3357839.0
안성시,202311,2716420.0
안성시,202312,2426581.0
안성시,202401,2386992.0
안성시,202402,2693347.0
안성시,202403,3087965.0
안성시,202404,2801988.0
안성시,202405,3072714.0
안성시,202406,2853106.0
안성시,202407,2691760.0
안성시,202408,2891758.0
안성시,202409,3257074.0
안성시,202410,3307264.0
안성시,202411,2894093.0
안성시,202412,2577196.0
안성시,202501,2668157.0
안성시,202502,2378582.0
안성시,202503,3266321.0
안성시,202504,2845900.0
안성시,202505,3395558.0
안성시,202506,3045227.0
안성시,202507,3045809.0
안성시,202508,3146005.0
안성시,202509,3217419.0
안성시,202510,3677624.0
안성시,202511,3213255.0
안성시,202512,2716609.0
안성시,202601,2602110.0
안성시,202602,2868199.0
안성시,202603,3539294.0
안성시,202604,2904899.0
안성시,202605,3478074.0
안성시,202606,3120219.0
안성시,202607,3135473.0
안성시,202608,3270498.0
안양시 동안구,201901,3680037.0
안양시 동안구,201902,3113060.0
안양시 동안구,201903,4135434.0
안양시 동안구,201904,3157180.0
안양시 동안구,201905,3620594.0
안양시 동안구,201906,3573097.0
안양시 동안구,201907,3597531.0
안양시 동안구,201908,3860898.0
안양시 동안구,201909,3731622.0
안양시 동안구,201910,3884961.0
안양시 동안구,201911,3935280.0
안양시 동안구,201912,3880949.0
안양시 동안구,202001,3708315.0
안양시 동안구,202002,3023764.0
안양시 동안구,202003,2749982.0
안양시 동안구,202004,2998350.0
안양시 동안구,202005,3309548.0
안양시 동안구,202006,3040628.0
안양시 동안구,202007,3368649.0
안양시 동안구,202008,2698604.0
안양시 동안구,202009,3272203.0
안양시 동안구,202010,3328688.0
안양시 동안구,202011,3070525.0
안양시 동안구,202012,2597105.0
안양시 동안구,202101,2687311.0
안양시 동안구,202102,2869692.0
안양시 동안구,202103,3490256.0
안양시 동안구,202104,2995508.0
안양시 동안구,202105,3164824.0
안양시 동안구,202106,3088693.0
안양시 동안구,202107,2879962.0
안양시 동안구,202108,2818594.0
안양시 동안구,202109,3041349.0
안양시 동안구,202110,3150976.0
안양시 동안구,202111,3183690.0
안양시 동안구,202112,3156181.0
안양시 동안구,202201,3254306.0
안양시 동안구,202202,2704851.0
안양시 동안구,202203,3240067.0
안양시 동안구,202204,3263276.0
안양시 동안구,202205,3586483.0
안양시 동안구,202206,3270765.0
안양시 동안구,202207,3545380.0
안양시 동안구,202208,3344518.0
안양시 동안구,202209,3535151.0
안양시 동안구,202210,3492661.0
안양시 동안구,202211,3393627.0
안양시 동안구,202212,3553585.0
안양시 동안구,202301,3512546.0
안양시 동안구,202302,3243919.0
안양시 동안구,202303,3739232.0
안양시 동안구,202304,3252050.0
안양시 동안구,202305,3512096.0
안양시 동안구,202306,3464959.0
안양시 동안구,202307,3665781.0
안양시 동안구,202308,3464547.0
안양시 동안구,202309,3355353.0
안양시 동안구,202310,3313198.0
안양시 동안구,202311,3238299.0
안양시 동안구,202312,3569557.0
안양시 동안구,202401,3450256.0
안양시 동안구,202402,3234398.0
안양시 동안구,202403,3729035.0
안양시 동안구,202404,3152908.0
안양시 동안구,202405,3436378.0
안양시 동안구,202406,3298548.0
안양시 동안구,202407,3430926.0
안양시 동안구,202408,3328930.0
안양시 동안구,202409,3368595.0
안양시 동안구,202410,3445849.0
안양시 동안구,202411,3275222.0
안양시 동안구,202412,3511267.0
안양시 동안구,202501,3413043.0
안양시 동안구,202502,3153618.0
안양시 동안구,202503,3626685.0
안양시 동안구,202504,3188516.0
안양시 동안구,202505,3796640.0
안양시 동안구,202506,3512001.0
안양시 동안구,202507,3730664.0
안양시 동안구,202508,3527821.0
안양시 동안구,202509,3547410.0
안양시 동안구,202510,3515988.0
안양시 동안구,202511,3657869.0
안양시 동안구,202512,3750131.0
안양시 동안구,202601,3562409.0
안양시 동안구,202602,3256338.0
안양시 동안구,202603,4151142.0
안양시 동안구,202604,3491307.0
안양시 동안구,202605,3924487.0
안양시 동안구,202606,3663007.0
안양시 동안구,202607,3781092.0
안양시 동안구,202608,3795428.0
안양시 만안구,201901,2737120.0
안양시 만안구,201902,2640150.0
안양시 만안구,201903,3426920.0
안양시 만안구,201904,2630988.0
안양시 만안구,201905,3046441.0
안양시 만안구,201906,2885027.0
안양시 만안구,201907,3093275.0
안양시 만안구,201908,3186962.0
안양시 만안구,201909,3323243.0
안양시 만안구,201910,3121825.0
안양시 만안구,201911,3177937.0
안양시 만안구,201912,2888889.0
안양시 만안구,202001,2850120.0
안양시 만안구,202002,2247411.0
안양시 만안구,202003,2194634.0
안양시 만안구,202004,2304536.0
안양시 만안구,202005,2633056.0
안양시 만안구,202006,2452552.0
안양시 만안구,202007,2528709.0
안양시 만안구,202008,2273715.0
안양시 만안구,202009,2371472.0
안양시 만안구,202010,2516309.0
안양시 만안구,202011,2231296.0
안양시 만안구,202012,1878032.0
안양시 만안구,202101,1866975.0
안양시 만안구,202102,2085300.0
안양시 만안구,202103,2608268.0
안양시 만안구,202104,2275311.0
안양시 만안구,202105,2398271.0
안양시 만안구,202106,2310736.0
안양시 만안구,202107,2160009.0
안양시 만안구,202108,2109518.0
안양시 만안구,202109,2302810.0
안양시 만안구,202110,2330418.0
안양시 만안구,202111,2270655.0
안양시 만안구,202112,2151588.0
안양시 만안구,202201,2203198.0
안양시 만안구,202202,1920880.0
안양시 만안구,202203,2370922.0
안양시 만안구,202204,2510299.0
안양시 만안구,202205,2751994.0
안양시 만안구,202206,2480653.0
안양시 만안구,202207,2619306.0
안양시 만안구,202208,2501893.0
안양시 만안구,202209,2762726.0
안양시 만안구,202210,2636298.0
안양시 만안구,202211,2509275.0
안양시 만안구,202212,2402523.0
안양시 만안구,202301,2375212.0
안양시 만안구,202302,2215361.0
안양시 만안구,202303,2884106.0
안양시 만안구,202304,2522862.0
안양시 만안구,202305,2729151.0
안양시 만안구,202306,2587774.0
안양시 만안구,202307,2635595.0
안양시 만안구,202308,2664562.0
안양시 만안구,202309,2592247.0
안양시 만안구,202310,2443591.0
안양시 만안구,202311,2309722.0
안양시 만안구,202312,2286860.0
안양시 만안구,202401,2199795.0
안양시 만안구,202402,2311631.0
안양시 만안구,202403,2773281.0
안양시 만안구,202404,2419342.0
안양시 만안구,202405,2578147.0
안양시 만안구,202406,2395507.0
안양시 만안구,202407,2414432.0
안양시 만안구,202408,2464150.0
안양시 만안구,202409,2560929.0
안양시 만안구,202410,2554210.0
안양시 만안구,202411,2468313.0
안양시 만안구,202412,2377690.0
안양시 만안구,202501,2356284.0
안양시 만안구,202502,2254287.0
안양시 만안구,202503,2966794.0
안양시 만안구,202504,2515953.0
안양시 만안구,202505,2904065.0
안양시 만안구,202506,2640730.0
안양시 만안구,202507,2693986.0
안양시 만안구,202508,2695314.0
안양시 만안구,202509,2800662.0
안양시 만안구,202510,2705920.0
안양시 만안구,202511,2770874.0
안양시 만안구,202512,2610919.0
안양시 만안구,202601,2386510.0
안양시 만안구,202602,2462392.0
안양시 만안구,202603,3002405.0
안양시 만안구,202604,2539382.0
안양시 만안구,202605,2787510.0
안양시 만안구,202606,2585722.0
안양시 만안구,202607,2614648.0
안양시 만안구,202608,2677419.0
양구군,201901,202561.0
양구군,201902,191439.0
양구군,201903,268750.0
양구군,201904,311172.0
양구군,201905,315658.0
양구군,201906,270856.0
양구군,201907,308604.0
양구군,201908,376426.0
양구군,201909,298381.0
양구군,201910,278995.0
양구군,201911,297996.0
양구군,201912,217652.0
양구군,202001,218116.0
양구군,202002,143525.0
양구군,202003,194836.0
양구군,202004,188746.0
양구군,202005,236712.0
양구군,202006,238404.0
양구군,202007,284224.0
양구군,202008,268224.0
양구군,202009,225736.0
양구군,202010,293280.0
양구군,202011,206010.0
양구군,202012,186754.0
양구군,202101,145459.0
양구군,202102,170933.0
양구군,202103,213904.0
양구군,202104,258646.0
양구군,202105,275739.0
양구군,202106,236703.0
양구군,202107,286685.0
양구군,202108,288907.0
양구군,202109,263053.0
양구군,202110,266789.0
양구군,202111,209186.0
양구군,202112,188368.0
양구군,202201,194958.0
양구군,202202,144483.0
양구군,202203,183081.0
양구군,202204,269175.0
양구군,202205,283619.0
양구군,202206,229303.0
양구군,202207,272001.0
양구군,202208,288982.0
양구군,202209,289192.0
양구군,202210,276324.0
양구군,202211,226952.0
양구군,202212,198796.0
양구군,202301,204974.0
양구군,202302,170458.0
양구군,202303,233773.0
양구군,202304,236501.0
양구군,202305,278523.0
양구군,202306,258412.0
양구군,202307,271763.0
양구군,202308,278471.0
양구군,202309,294199.0
양구군,202310,266804.0
양구군,202311,221300.0
양구군,202312,176590.0
양구군,202401,160658.0
양구군,202402,206462.0
양구군,202403,225615.0
양구군,202404,245846.0
양구군,202405,287696.0
양구군,202406,252553.0
양구군,202407,261063.0
양구군,202408,321039.0
양구군,202409,275003.0
양구군,202410,260071.0
양구군,202411,247988.0
양구군,202412,191346.0
양구군,202501,200595.0
양구군,202502,144271.0
양구군,202503,236297.0
양구군,202504,235628.0
양구군,202505,343567.0
양구군,202506,253012.0
양구군,202507,288235.0
양구군,202508,323577.0
양구군,202509,253458.0
양구군,202510,322090.0
양구군,202511,243927.0
양구군,202512,189508.0
양구군,202601,175352.0
양구군,202602,185854.0
양구군,202603,224948.0
양구군,202604,230760.0
양구군,202605,312914.0
양구군,202606,236576.0
양구군,202607,268481.0
양구군,202608,309791.0
양산시,201901,2435745.0
양산시,201902,2567602.0
양산시,201903,2953666.0
양산시,201904,2275106.0
양산시,201905,2646756.0
양산시,201906,2361056.0
양산시,201907,2684748.0
양산시,201908,2878564.0
양산시,201909,2739937.0
양산시,201910,2675949.0
양산시,201911,2589186.0
양산시,201912,2685865.0
양산시,202001,2795464.0
양산시,202002,2188956.0
양산시,202003,2292316.0
양산시,202004,2326408.0
양산시,202005,2640233.0
양산시,202006,2427774.0
양산시,202007,2511749.0
양산시,202008,2787094.0
양산시,202009,2505803.0
양산시,202010,2839313.0
양산시,202011,2521786.0
양산시,202012,2379550.0
양산시,202101,2279308.0
양산시,202102,2417937.0
양산시,202103,2851018.0
양산시,202104,2507366.0
양산시,202105,2705256.0
양산시,202106,2490410.0
양산시,202107,2703750.0
양산시,202108,2723116.0
양산시,202109,2761899.0
양산시,202110,2764807.0
양산시,202111,2605271.0
양산시,202112,2471527.0
양산시,202201,2669578.0
양산시,202202,2347189.0
양산시,202203,2718940.0
양산시,202204,2701541.0
양산시,202205,2885390.0
양산시,202206,2622230.0
양산시,202207,2938234.0
양산시,202208,2966796.0
양산시,202209,2956003.0
양산시,202210,2990813.0
양산시,202211,2708890.0
양산시,202212,2580334.0
양산시,202301,2859616.0
양산시,202302,2532432.0
양산시,202303,3095311.0
양산시,202304,2668216.0
양산시,202305,2869810.0
양산시,202306,2728927.0
양산시,202307,2824447.0
양산시,202308,2944988.0
양산시,202309,3060422.0
양산시,202310,3059468.0
양산시,202311,2682011.0
양산시,202312,2633488.0
양산시,202401,2768203.0
양산시,202402,2944083.0
양산시,202403,3263863.0
양산시,202404,2691783.0
양산시,202405,2994324.0
양산시,202406,2779550.0
양산시,202407,2908769.0
양산시,202408,3083213.0
양산시,202409,3102530.0
양산시,202410,2969989.0
양산시,202411,2895717.0
양산시,202412,2760105.0
양산시,202501,3035405.0
양산시,202502,2570330.0
양산시,202503,3448300.0
양산시,202504,2883768.0
양산시,202505,3526476.0
양산시,202506,3114202.0
양산시,202507,3320055.0
양산시,202508,3447684.0
양산시,202509,3126191.0
양산시,202510,3866590.0
양산시,202511,3296830.0
양산시,202512,3040578.0
양산시,202601,2985149.0
양산시,202602,3206745.0
양산시,202603,3389319.0
양산시,202604,2837236.0
양산시,202605,3327272.0
양산시,202606,2867837.0
양산시,202607,3077795.0
양산시,202608,3116662.0
양양군,201901,974576.0
양양군,201902,911956.0
양양군,201903,995868.0
양양군,201904,824139.0
양양군,201905,1034764.0
양양군,201906,1121538.0
양양군,201907,1344713.0
양양군,201908,2122082.0
양양군,201909,1110275.0
양양군,201910,1297456.0
양양군,201911,1036749.0
양양군,201912,1031364.0
양양군,202001,1182137.0
양양군,202002,789517.0
양양군,202003,900559.0
양양군,202004,949659.0
양양군,202005,1299550.0
양양군,202006,1329474.0
양양군,202007,1704280.0
양양군,202008,2239079.0
양양군,202009,1134444.0
양양군,202010,1690078.0
양양군,202011,1062434.0
양양군,202012,945075.0
양양군,202101,819718.0
양양군,202102,986226.0
양양군,202103,827535.0
양양군,202104,990319.0
양양군,202105,1254805.0
양양군,202106,1286650.0
양양군,202107,1586053.0
양양군,202108,1710133.0
양양군,202109,1313321.0
양양군,202110,1534485.0
양양군,202111,1081253.0
양양군,202112,976110.0
양양군,202201,1237462.0
양양군,202202,1077290.0
양양군,202203,845568.0
양양군,202204,1235556.0
양양군,202205,1623587.0
양양군,202206,1549076.0
양양군,202207,1876476.0
양양군,202208,2189979.0
양양군,202209,1371361.0
양양군,202210,1748646.0
양양군,202211,1071060.0
양양군,202212,991391.0
양양군,202301,1037141.0
양양군,202302,982765.0
양양군,202303,1034676.0
양양군,202304,1211960.0
양양군,202305,1378161.0
양양군,202306,1431367.0
양양군,202307,1725293.0
양양군,202308,2028946.0
양양군,202309,1369016.0
양양군,202310,1660703.0
양양군,202311,953408.0
양양군,202312,990673.0
양양군,202401,927000.0
양양군,202402,943447.0
양양군,202403,988179.0
양양군,202404,1114114.0
양양군,202405,1363681.0
양양군,202406,1463672.0
양양군,202407,1534166.0
양양군,202408,2116275.0
양양군,202409,1276750.0
양양군,202410,1483783.0
양양군,202411,1048510.0
양양군,202412,940831.0
양양군,202501,1115607.0
양양군,202502,846140.0
양양군,202503,974496.0
양양군,202504,1051186.0
양양군,202505,1479936.0
양양군,202506,1414210.0
양양군,202507,1683250.0
양양군,202508,2113220.0
양양군,202509,1105163.0
양양군,202510,1585267.0
양양군,202511,1173304.0
양양군,202512,999841.0
양양군,202601,1085866.0
양양군,202602,1055846.0
양양군,202603,948230.0
양양군,202604,1106304.0
양양군,202605,1513818.0
양양군,202606,1309299.0
양양군,202607,1688784.0
양양군,202608,2018591.0
양주시,201901,2001296.0
양주시,201902,1968979.0
양주시,201903,2567158.0
양주시,201904,2220632.0
양주시,201905,2442376.0
양주시,201906,2345125.0
양주시,201907,2555809.0
양주시,201908,2957612.0
양주시,201909,2732461.0
양주시,201910,2598426.0
양주시,201911,2637715.0
양주시,201912,2235692.0
양주시,202001,2346413.0
양주시,202002,1898158.0
양주시,202003,2234734.0
양주시,202004,2313836.0
양주시,202005,2677278.0
양주시,202006,2616676.0
양주시,202007,2746922.0
양주시,202008,2608022.0
양주시,202009,2512897.0
양주시,202010,2836751.0
양주시,202011,2312253.0
양주시,202012,2020677.0
양주시,202101,1927659.0
양주시,202102,2216183.0
양주시,202103,2627089.0
양주시,202104,2545750.0
양주시,202105,2774834.0
양주시,202106,2620803.0
양주시,202107,2648599.0
양주시,202108,2621116.0
양주시,202109,2873130.0
양주시,202110,2844128.0
양주시,202111,2492954.0
양주시,202112,2281101.0
양주시,202201,2367361.0
양주시,202202,2036913.0
양주시,202203,2428183.0
양주시,202204,2871329.0
양주시,202205,3021561.0
양주시,202206,2805681.0
양주시,202207,3092006.0
양주시,202208,2973749.0
양주시,202209,3171661.0
양주시,202210,3092981.0
양주시,202211,2782324.0
양주시,202212,2481250.0
양주시,202301,2612428.0
양주시,202302,2438493.0
양주시,202303,3044122.0
양주시,202304,2822553.0
양주시,202305,3137273.0
양주시,202306,3034123.0
양주시,202307,3190825.0
양주시,202308,3322625.0
양주시,202309,3163783.0
양주시,202310,3114172.0
양주시,202311,2624156.0
양주시,202312,2491312.0
양주시,202401,2325025.0
양주시,202402,2572035.0
양주시,202403,2970199.0
양주시,202404,2757127.0
양주시,202405,3029809.0
양주시,202406,2845399.0
양주시,202407,2842771.0
양주시,202408,3245539.0
양주시,202409,3211167.0
양주시,202410,3127002.0
양주시,202411,2824724.0
양주시,202412,2536360.0
양주시,202501,2679506.0
양주시,202502,2282971.0
양주시,202503,2975770.0
양주시,202504,2746974.0
양주시,202505,3353410.0
양주시,202506,2980315.0
양주시,202507,3144060.0
양주시,202508,3216314.0
양주시,202509,2890530.0
양주시,202510,3304334.0
양주시,202511,2830196.0
양주시,202512,2652933.0
양주시,202601,2489568.0
양주시,202602,2636361.0
양주시,202603,2965039.0
양주시,202604,2713258.0
양주시,202605,3069895.0
양주시,202606,2756097.0
양주시,202607,2925737.0
양주시,202608,3098892.0
양천구,201901,3046853.0
양천구,201902,2745412.0
양천구,201903,3315984.0
양천구,201904,2623183.0
양천구,201905,2937634.0
양천구,201906,2968192.0
양천구,201907,3321020.0
양천구,201908,3835700.0
양천구,201909,3474812.0
양천구,201910,3485947.0
양천구,201911,3764751.0
양천구,201912,3577853.0
양천구,202001,3564269.0
양천구,202002,2998519.0
양천구,202003,2882655.0
양천구,202004,3040185.0
양천구,202005,3404969.0
양천구,202006,2988630.0
양천구,202007,3362046.0
양천구,202008,2990232.0
양천구,202009,3011461.0
양천구,202010,3504527.0
양천구,202011,3091584.0
양천구,202012,2711482.0
양천구,202101,2789398.0
양천구,202102,2990171.0
양천구,202103,3467991.0
양천구,202104,3087448.0
양천구,202105,3318603.0
양천구,202106,3160797.0
양천구,202107,3061297.0
양천구,202108,3020386.0
양천구,202109,3171517.0
양천구,202110,3188922.0
양천구,202111,3146831.0
양천구,202112,3157336.0
양천구,202201,3179030.0
양천구,202202,2700670.0
양천구,202203,3234686.0
양천구,202204,3490944.0
양천구,202205,3516102.0
양천구,202206,3203359.0
양천구,202207,3433266.0
양천구,202208,3194433.0
양천구,202209,3236288.0
양천구,202210,3182749.0
양천구,202211,3069417.0
양천구,202212,3022749.0
양천구,202301,3098100.0
양천구,202302,2857049.0
양천구,202303,3356536.0
양천구,202304,2915234.0
양천구,202305,3250404.0
양천구,202306,3139679.0
양천구,202307,3257099.0
양천구,202308,3141080.0
양천구,202309,3172723.0
양천구,202310,3110358.0
양천구,202311,2929407.0
양천구,202312,3091078.0
양천구,202401,3080597.0
양천구,202402,3005290.0
양천구,202403,3432090.0
양천구,202404,3135831.0
양천구,202405,3236885.0
양천구,202406,3037517.0
양천구,202407,3178626.0
양천구,202408,3095932.0
양천구,202409,3233597.0
양천구,202410,3265215.0
양천구,202411,3084611.0
양천구,202412,3121947.0
양천구,202501,3187768.0
양천구,202502,2977608.0
양천구,202503,3663082.0
양천구,202504,3161858.0
양천구,202505,3795944.0
양천구,202506,3452292.0
양천구,202507,3599305.0
양천구,202508,3522297.0
양천구,202509,3509667.0
양천구,202510,3625631.0
양천구,202511,3568305.0
양천구,202512,3467347.0
양천구,202601,3418277.0
양천구,202602,3321170.0
양천구,202603,3944664.0
양천구,202604,3350801.0
양천구,202605,3586153.0
양천구,202606,3366440.0
양천구,202607,3471002.0
양천구,202608,3483549.0
양평군,201901,2007097.0
양평군,201902,2016707.0
양평군,201903,2313906.0
양평군,201904,2336555.0
양평군,201905,2611982.0
양평군,201906,2636889.0
양평군,201907,2714461.0
양평군,201908,3538902.0
양평군,201909,2522240.0
양평군,201910,2609142.0
양평군,201911,2514949.0
양평군,201912,2107680.0
양평군,202001,2362307.0
양평군,202002,1756545.0
양평군,202003,2307852.0
양평군,202004,2539719.0
양평군,202005,2871925.0
양평군,202006,2678611.0
양평군,202007,3058547.0
양평군,202008,2926351.0
양평군,202009,2586979.0
양평군,202010,3191094.0
양평군,202011,2331709.0
양평군,202012,1805552.0
양평군,202101,1730838.0
양평군,202102,2216382.0
양평군,202103,2341100.0
양평군,202104,2693664.0
양평군,202105,2980051.0
양평군,202106,2757578.0
양평군,202107,2927437.0
양평군,202108,3276877.0
양평군,202109,3089564.0
양평군,202110,3145045.0
양평군,202111,2513720.0
양평군,202112,2102832.0
양평군,202201,2437668.0
양평군,202202,2172137.0
양평군,202203,2187770.0
양평군,202204,2864892.0
양평군,202205,2903813.0
양평군,202206,2831940.0
양평군,202207,3290291.0
양평군,202208,3464459.0
양평군,202209,3055251.0
양평군,202210,3379755.0
양평군,202211,2488932.0
양평군,202212,1924648.0
양평군,202301,2128374.0
양평군,202302,1976360.0
양평군,202303,2529900.0
양평군,202304,2889156.0
양평군,202305,2932314.0
양평군,202306,2776060.0
양평군,202307,2842997.0
양평군,202308,2971110.0
양평군,202309,2732377.0
양평군,202310,3097292.0
양평군,202311,2098832.0
양평군,202312,1952238.0
양평군,202401,1760806.0
양평군,202402,2025384.0
양평군,202403,2214300.0
양평군,202404,2500692.0
양평군,202405,2699760.0
양평군,202406,2667053.0
양평군,202407,2486345.0
양평군,202408,3100676.0
양평군,202409,2719654.0
양평군,202410,2719466.0
양평군,202411,2310053.0
양평군,202412,1841649.0
양평군,202501,2077910.0
양평군,202502,1613561.0
양평군,202503,2273842.0
양평군,202504,2354958.0
양평군,202505,2952292.0
양평군,202506,2615260.0
양평군,202507,2709377.0
양평군,202508,3106198.0
양평군,202509,2249025.0
양평군,202510,3035393.0
양평군,202511,2409805.0
양평군,202512,1957521.0
양평군,202601,1910369.0
양평군,202602,2149363.0
양평군,202603,2186607.0
양평군,202604,2406660.0
양평군,202605,2904026.0
양평군,202606,2408923.0
양평군,202607,2640417.0
양평군,202608,2908086.0
여수시,201901,1731770.0
여수시,201902,1898505.0
여수시,201903,1987878.0
여수시,201904,1839615.0
여수시,201905,2008842.0
여수시,201906,1821517.0
여수시,201907,2103235.0
여수시,201908,2639068.0
여수시,201909,1879662.0
여수시,201910,2095223.0
여수시,201911,1974288.0
여수시,201912,1959834.0
여수시,202001,2092552.0
여수시,202002,1532931.0
여수시,202003,1548597.0
여수시,202004,1627915.0
여수시,202005,2098236.0
여수시,202006,1911602.0
여수시,202007,2149402.0
여수시,202008,2698425.0
여수시,202009,1775021.0
여수시,202010,2336747.0
여수시,202011,1838134.0
여수시,202012,1751815.0
여수시,202101,1633746.0
여수시,202102,1865562.0
여수시,202103,1887660.0
여수시,202104,1832170.0
여수시,202105,2027293.0
여수시,202106,1943946.0
여수시,202107,2191742.0
여수시,202108,2444557.0
여수시,202109,2111932.0
여수시,202110,2270389.0
여수시,202111,2091396.0
여수시,202112,2005905.0
여수시,202201,2176785.0
여수시,202202,1779734.0
여수시,202203,1780857.0
여수시,202204,1922278.0
여수시,202205,2175510.0
여수시,202206,2188359.0
여수시,202207,3131581.0
여수시,202208,2978502.0
여수시,202209,2276443.0
여수시,202210,2580323.0
여수시,202211,2112159.0
여수시,202212,2005306.0
여수시,202301,2223340.0
여수시,202302,2015255.0
여수시,202303,2211696.0
여수시,202304,2269605.0
여수시,202305,2349142.0
여수시,202306,2217658.0
여수시,202307,2450744.0
여수시,202308,2761843.0
여수시,202309,2298797.0
여수시,202310,2631108.0
여수시,202311,2032414.0
여수시,202312,2136129.0
여수시,202401,2005156.0
여수시,202402,2159032.0
여수시,202403,2286030.0
여수시,202404,2160815.0
여수시,202405,2393056.0
여수시,202406,2177968.0
여수시,202407,2292544.0
여수시,202408,2812470.0
여수시,202409,2326714.0
여수시,202410,2226318.0
여수시,202411,2061480.0
여수시,202412,2017799.0
여수시,202501,2294637.0
여수시,202502,1767427.0
여수시,202503,2161378.0
여수시,202504,1959872.0
여수시,202505,2522876.0
여수시,202506,2157618.0
여수시,202507,2389834.0
여수시,202508,2794791.0
여수시,202509,1987697.0
여수시,202510,2834115.0
여수시,202511,2120965.0
여수시,202512,2079029.0
여수시,202601,1963447.0
여수시,202602,2116193.0
여수시,202603,2063045.0
여수시,202604,1942558.0
여수시,202605,2353414.0
여수시,202606,1944895.0
여수시,202607,2315182.0
여수시,202608,2650769.0
여주시,201901,1750710.0
여주시,201902,1941125.0
여주시,201903,2261988.0
여주시,201904,2111339.0
여주시,201905,2359114.0
여주시,201906,2212278.0
여주시,201907,2190143.0
여주시,201908,2854066.0
여주시,201909,2617044.0
여주시,201910,2647704.0
여주시,201911,2647980.0
여주시,201912,2115617.0
여주시,202001,2068757.0
여주시,202002,1458956.0
여주시,202003,1789407.0
여주시,202004,2075667.0
여주시,202005,2393005.0
여주시,202006,2097546.0
여주시,202007,2204350.0
여주시,202008,2044382.0
여주시,202009,2115579.0
여주시,202010,2671396.0
여주시,202011,2084753.0
여주시,202012,1540963.0
여주시,202101,1435175.0
여주시,202102,1834028.0
여주시,202103,2016586.0
여주시,202104,2097321.0
여주시,202105,2305258.0
여주시,202106,2133403.0
여주시,202107,2000904.0
여주시,202108,2106447.0
여주시,202109,2339675.0
여주시,202110,2509349.0
여주시,202111,2028174.0
여주시,202112,1784819.0
여주시,202201,1740590.0
여주시,202202,1512080.0
여주시,202203,1986568.0
여주시,202204,2553246.0
여주시,202205,2495832.0
여주시,202206,2228899.0
여주시,202207,2215143.0
여주시,202208,2437265.0
여주시,202209,2438929.0
여주시,202210,2642310.0
여주시,202211,2227312.0
여주시,202212,1655662.0
여주시,202301,1724416.0
여주시,202302,1727554.0
여주시,202303,2146834.0
여주시,202304,2299472.0
여주시,202305,2394775.0
여주시,202306,2263035.0
여주시,202307,2161950.0
여주시,202308,2305321.0
여주시,202309,2351824.0
여주시,202310,2447288.0
여주시,202311,1946192.0
여주시,202312,1685273.0
여주시,202401,1461447.0
여주시,202402,1850674.0
여주시,202403,2107375.0
여주시,202404,2149186.0
여주시,202405,2299832.0
여주시,202406,2082342.0
여주시,202407,1867589.0
여주시,202408,2114113.0
여주시,202409,2211563.0
여주시,202410,2355047.0
여주시,202411,2044627.0
여주시,202412,1587437.0
여주시,202501,1625340.0
여주시,202502,1379230.0
여주시,202503,1997419.0
여주시,202504,1961464.0
여주시,202505,2640262.0
여주시,202506,2165628.0
여주시,202507,1993846.0
여주시,202508,2190968.0
여주시,202509,2049611.0
여주시,202510,2709024.0
여주시,202511,2325731.0
여주시,202512,1703177.0
여주시,202601,1515766.0
여주시,202602,1839611.0
여주시,202603,2024213.0
여주시,202604,2085322.0
여주시,202605,2494698.0
여주시,202606,2004237.0
여주시,202607,1967627.0
여주시,202608,2152902.0
연수구,201901,3144715.0
연수구,201902,2820889.0
연수구,201903,3902941.0
연수구,201904,2919565.0
연수구,201905,3219583.0
연수구,201906,3274173.0
연수구,201907,3624009.0
연수구,201908,3879201.0
연수구,201909,3776283.0
연수구,201910,3596388.0
연수구,201911,3745082.0
연수구,201912,3520844.0
연수구,202001,3317979.0
연수구,202002,2605537.0
연수구,202003,2689173.0
연수구,202004,2768326.0
연수구,202005,3088979.0
연수구,202006,2875498.0
연수구,202007,3274796.0
연수구,202008,3137803.0
연수구,202009,3038659.0
연수구,202010,3470853.0
연수구,202011,3063441.0
연수구,202012,2681008.0
연수구,202101,2814160.0
연수구,202102,2982029.0
연수구,202103,3458685.0
연수구,202104,3086189.0
연수구,202105,3431849.0
연수구,202106,3273141.0
연수구,202107,3195723.0
연수구,202108,3178836.0
연수구,202109,3457077.0
연수구,202110,3540378.0
연수구,202111,3342987.0
연수구,202112,3270587.0
연수구,202201,3370991.0
연수구,202202,2922533.0
연수구,202203,3636567.0
연수구,202204,3746494.0
연수구,202205,3859551.0
연수구,202206,3264470.0
연수구,202207,3918671.0
연수구,202208,3883630.0
연수구,202209,4083187.0
연수구,202210,3969924.0
연수구,202211,3585975.0
연수구,202212,3896806.0
연수구,202301,3652849.0
연수구,202302,3565386.0
연수구,202303,4305708.0
연수구,202304,3685028.0
연수구,202305,5332002.0
연수구,202306,3867289.0
연수구,202307,4022485.0
연수구,202308,4131792.0
연수구,202309,4272382.0
연수구,202310,4045114.0
연수구,202311,3777949.0
연수구,202312,4018830.0
연수구,202401,3714830.0
연수구,202402,3798456.0
연수구,202403,4551601.0
연수구,202404,3729930.0
연수구,202405,4076925.0
연수구,202406,3966273.0
연수구,202407,3991004.0
연수구,202408,4293206.0
연수구,202409,4301777.0
연수구,202410,4208979.0
연수구,202411,3859061.0
연수구,202412,3994185.0
연수구,202501,3888392.0
연수구,202502,3577620.0
연수구,202503,4575187.0
연수구,202504,3777005.0
연수구,202505,4623833.0
연수구,202506,4198425.0
연수구,202507,4302571.0
연수구,202508,4565432.0
연수구,202509,4530855.0
연수구,202510,4510334.0
연수구,202511,4317245.0
연수구,202512,4309621.0
연수구,202601,4005829.0
연수구,202602,3828934.0
연수구,202603,4741655.0
연수구,202604,3924472.0
연수구,202605,4461432.0
연수구,202606,4028493.0
연수구,202607,4228141.0
연수구,202608,4395222.0
연제구,201901,2160457.0
연제구,201902,2140077.0
연제구,201903,2405605.0
연제구,201904,1982343.0
연제구,201905,2273687.0
연제구,201906,2150354.0
연제구,201907,2347996.0
연제구,201908,2178981.0
연제구,201909,2249570.0
연제구,201910,2133402.0
연제구,201911,2102495.0
연제구,201912,2296181.0
연제구,202001,2241882.0
연제구,202002,1755844.0
연제구,202003,1673014.0
연제구,202004,1972803.0
연제구,202005,2212681.0
연제구,202006,2090010.0
연제구,202007,2152901.0
연제구,202008,2055117.0
연제구,202009,1974296.0
연제구,202010,2158929.0
연제구,202011,2061148.0
연제구,202012,1690309.0
연제구,202101,1697920.0
연제구,202102,1991792.0
연제구,202103,2321888.0
연제구,202104,1884968.0
연제구,202105,2102428.0
연제구,202106,1982848.0
연제구,202107,2037832.0
연제구,202108,1837931.0
연제구,202109,2132545.0
연제구,202110,2153708.0
연제구,202111,2062209.0
연제구,202112,2140364.0
연제구,202201,2116160.0
연제구,202202,1789671.0
연제구,202203,2101082.0
연제구,202204,2230059.0
연제구,202205,2367032.0
연제구,202206,2223994.0
연제구,202207,2471852.0
연제구,202208,2309026.0
연제구,202209,2391383.0
연제구,202210,2493751.0
연제구,202211,2271624.0
연제구,202212,2446531.0
연제구,202301,2504045.0
연제구,202302,2190799.0
연제구,202303,2560554.0
연제구,202304,2347565.0
연제구,202305,2487761.0
연제구,202306,2357507.0
연제구,202307,2448577.0
연제구,202308,2584739.0
연제구,202309,2752810.0
연제구,202310,2633788.0
연제구,202311,2480000.0
연제구,202312,2697129.0
연제구,202401,2660458.0
연제구,202402,2580167.0
연제구,202403,2825886.0
연제구,202404,2475238.0
연제구,202405,2680414.0
연제구,202406,2500351.0
연제구,202407,2583056.0
연제구,202408,2601435.0
연제구,202409,2625244.0
연제구,202410,2487082.0
연제구,202411,2536972.0
연제구,202412,2720180.0
연제구,202501,2738791.0
연제구,202502,2389554.0
연제구,202503,2764092.0
연제구,202504,2512273.0
연제구,202505,2837294.0
연제구,202506,2624744.0
연제구,202507,2826265.0
연제구,202508,2802223.0
연제구,202509,2675350.0
연제구,202510,2927119.0
연제구,202511,2766985.0
연제구,202512,2804973.0
연제구,202601,2704951.0
연제구,202602,2585509.0
연제구,202603,2832196.0
연제구,202604,2581282.0
연제구,202605,2782155.0
연제구,202606,2830006.0
연제구,202607,2706342.0
연제구,202608,2735583.0
연천군,201901,509890.0
연천군,201902,533450.0
연천군,201903,651298.0
연천군,201904,618946.0
연천군,201905,708731.0
연천군,201906,641332.0
연천군,201907,659521.0
연천군,201908,835449.0
연천군,201909,738676.0
연천군,201910,646335.0
연천군,201911,662946.0
연천군,201912,578217.0
연천군,202001,603259.0
연천군,202002,445373.0
연천군,202003,650756.0
연천군,202004,691761.0
연천군,202005,750658.0
연천군,202006,741421.0
연천군,202007,787883.0
연천군,202008,670209.0
연천군,202009,753844.0
연천군,202010,893344.0
연천군,202011,643307.0
연천군,202012,592275.0
연천군,202101,482472.0
연천군,202102,573100.0
연천군,202103,673582.0
연천군,202104,748414.0
연천군,202105,853014.0
연천군,202106,724462.0
연천군,202107,754919.0
연천군,202108,784346.0
연천군,202109,946522.0
연천군,202110,844335.0
연천군,202111,682566.0
연천군,202112,631858.0
연천군,202201,604707.0
연천군,202202,508615.0
연천군,202203,614848.0
연천군,202204,783799.0
연천군,202205,863805.0
연천군,202206,751732.0
연천군,202207,831424.0
연천군,202208,805070.0
연천군,202209,980219.0
연천군,202210,970898.0
연천군,202211,702170.0
연천군,202212,597087.0
연천군,202301,587923.0
연천군,202302,581308.0
연천군,202303,759077.0
연천군,202304,753190.0
연천군,202305,847592.0
연천군,202306,775235.0
연천군,202307,817495.0
연천군,202308,812619.0
연천군,202309,970371.0
연천군,202310,957603.0
연천군,202311,636324.0
연천군,202312,626839.0
연천군,202401,576678.0
연천군,202402,700297.0
연천군,202403,747341.0
연천군,202404,725838.0
연천군,202405,890674.0
연천군,202406,806217.0
연천군,202407,823518.0
연천군,202408,835987.0
연천군,202409,893812.0
연천군,202410,984274.0
연천군,202411,740645.0
연천군,202412,579576.0
연천군,202501,620156.0
연천군,202502,529067.0
연천군,202503,715287.0
연천군,202504,726218.0
연천군,202505,958133.0
연천군,202506,782441.0
연천군,202507,771050.0
연천군,202508,844401.0
연천군,202509,737879.0
연천군,202510,1068260.0
연천군,202511,719530.0
연천군,202512,635953.0
연천군,202601,582736.0
연천군,202602,666200.0
연천군,202603,813307.0
연천군,202604,735283.0
연천군,202605,954547.0
연천군,202606,796582.0
연천군,202607,764359.0
연천군,202608,844032.0
영광군,201901,441331.0
영광군,201902,524617.0
영광군,201903,510113.0
영광군,201904,529469.0
영광군,201905,551953.0
영광군,201906,551398.0
영광군,201907,524984.0
영광군,201908,640186.0
영광군,201909,817177.0
영광군,201910,564782.0
영광군,201911,537758.0
영광군,201912,502415.0
영광군,202001,601597.0
영광군,202002,413494.0
영광군,202003,490086.0
영광군,202004,554650.0
영광군,202005,646984.0
영광군,202006,553815.0
영광군,202007,546762.0
영광군,202008,638382.0
영광군,202009,667938.0
영광군,202010,700869.0
영광군,202011,485471.0
영광군,202012,485723.0
영광군,202101,452499.0
영광군,202102,555656.0
영광군,202103,545228.0
영광군,202104,575501.0
영광군,202105,632659.0
영광군,202106,566067.0
영광군,202107,593938.0
영광군,202108,659032.0
영광군,202109,848712.0
영광군,202110,630352.0
영광군,202111,562682.0
영광군,202112,487065.0
영광군,202201,593696.0
영광군,202202,461544.0
영광군,202203,498856.0
영광군,202204,589706.0
영광군,202205,601658.0
영광군,202206,564333.0
영광군,202207,747949.0
영광군,202208,662472.0
영광군,202209,965105.0
영광군,202210,701316.0
영광군,202211,560400.0
영광군,202212,447703.0
영광군,202301,593980.0
영광군,202302,463106.0
영광군,202303,569203.0
영광군,202304,642471.0
영광군,202305,627433.0
영광군,202306,596124.0
영광군,202307,575503.0
영광군,202308,650312.0
영광군,202309,869503.0
영광군,202310,688787.0
영광군,202311,515591.0
영광군,202312,499866.0
영광군,202401,500520.0
영광군,202402,560764.0
영광군,202403,547203.0
영광군,202404,628776.0
영광군,202405,632419.0
영광군,202406,566492.0
영광군,202407,559949.0
영광군,202408,642635.0
영광군,202409,845370.0
영광군,202410,633941.0
영광군,202411,540639.0
영광군,202412,472388.0
영광군,202501,578864.0
영광군,202502,366351.0
영광군,202503,550006.0
영광군,202504,594467.0
영광군,202505,694814.0
영광군,202506,582091.0
영광군,202507,590180.0
영광군,202508,654751.0
영광군,202509,693082.0
영광군,202510,869138.0
영광군,202511,599873.0
영광군,202512,504494.0
영광군,202601,468652.0
영광군,202602,572244.0
영광군,202603,557391.0
영광군,202604,583781.0
영광군,202605,683671.0
영광군,202606,567115.0
영광군,202607,572141.0
영광군,202608,643006.0
영덕군,201901,774431.0
영덕군,201902,831516.0
영덕군,201903,781973.0
영덕군,201904,659749.0
영덕군,201905,731877.0
영덕군,201906,698340.0
영덕군,201907,839299.0
영덕군,201908,1201218.0
영덕군,201909,779078.0
영덕군,201910,739718.0
영덕군,201911,718345.0
영덕군,201912,747782.0
영덕군,202001,897656.0
영덕군,202002,548668.0
영덕군,202003,520413.0
영덕군,202004,601825.0
영덕군,202005,812544.0
영덕군,202006,693733.0
영덕군,202007,795130.0
영덕군,202008,1265963.0
영덕군,202009,618157.0
영덕군,202010,910728.0
영덕군,202011,683536.0
영덕군,202012,628386.0
영덕군,202101,658484.0
영덕군,202102,753338.0
영덕군,202103,603883.0
영덕군,202104,651526.0
영덕군,202105,806146.0
영덕군,202106,763009.0
영덕군,202107,971452.0
영덕군,202108,1086014.0
영덕군,202109,863475.0
영덕군,202110,907566.0
영덕군,202111,773178.0
영덕군,202112,706454.0
영덕군,202201,907238.0
영덕군,202202,690954.0
영덕군,202203,548588.0
영덕군,202204,689068.0
영덕군,202205,801827.0
영덕군,202206,811832.0
영덕군,202207,1105036.0
영덕군,202208,1201610.0
영덕군,202209,852338.0
영덕군,202210,973921.0
영덕군,202211,741846.0
영덕군,202212,730334.0
영덕군,202301,922368.0
영덕군,202302,803909.0
영덕군,202303,767482.0
영덕군,202304,813344.0
영덕군,202305,859451.0
영덕군,202306,846851.0
영덕군,202307,973994.0
영덕군,202308,1155897.0
영덕군,202309,904474.0
영덕군,202310,942473.0
영덕군,202311,697341.0
영덕군,202312,804645.0
영덕군,202401,795355.0
영덕군,202402,801166.0
영덕군,202403,772304.0
영덕군,202404,731730.0
영덕군,202405,821844.0
영덕군,202406,827974.0
영덕군,202407,914921.0
영덕군,202408,1192083.0
영덕군,202409,914690.0
영덕군,202410,841736.0
영덕군,202411,761811.0
영덕군,202412,727830.0
영덕군,202501,949013.0
영덕군,202502,676026.0
영덕군,202503,808765.0
영덕군,202504,676561.0
영덕군,202505,948949.0
영덕군,202506,887145.0
영덕군,202507,1053656.0
영덕군,202508,1333188.0
영덕군,202509,758862.0
영덕군,202510,1157970.0
영덕군,202511,855141.0
영덕군,202512,771368.0
영덕군,202601,863611.0
영덕군,202602,835841.0
영덕군,202603,721276.0
영덕군,202604,722569.0
영덕군,202605,961084.0
영덕군,202606,786776.0
영덕군,202607,1000809.0
영덕군,202608,1276556.0
영도구,201901,1147286.0
영도구,201902,1284280.0
영도구,201903,1493204.0
영도구,201904,1083930.0
영도구,201905,1322840.0
영도구,201906,1319770.0
영도구,201907,1448230.0
영도구,201908,1432304.0
영도구,201909,1463491.0
영도구,201910,1324949.0
영도구,201911,1293860.0
영도구,201912,1397197.0
영도구,202001,1398778.0
영도구,202002,1014014.0
영도구,202003,940812.0
영도구,202004,1158058.0
영도구,202005,1306824.0
영도구,202006,1284368.0
영도구,202007,1301859.0
영도구,202008,1357026.0
영도구,202009,1190254.0
영도구,202010,1359017.0
영도구,202011,1247113.0
영도구,202012,1039189.0
영도구,202101,1006126.0
영도구,202102,1168405.0
영도구,202103,1251732.0
영도구,202104,1124041.0
영도구,202105,1594999.0
영도구,202106,1499566.0
영도구,202107,1431820.0
영도구,202108,1401636.0
영도구,202109,1481566.0
영도구,202110,1567951.0
영도구,202111,1464747.0
영도구,202112,1402206.0
영도구,202201,1469792.0
영도구,202202,1276541.0
영도구,202203,1433691.0
영도구,202204,1471004.0
영도구,202205,1742793.0
영도구,202206,1575029.0
영도구,202207,1687180.0
영도구,202208,1707359.0
영도구,202209,1625337.0
영도구,202210,1662093.0
영도구,202211,1451245.0
영도구,202212,1502395.0
영도구,202301,1572365.0
영도구,202302,1414170.0
영도구,202303,1678980.0
영도구,202304,1487200.0
영도구,202305,1666421.0
영도구,202306,1609232.0
영도구,202307,1607115.0
영도구,202308,1669331.0
영도구,202309,1738340.0
영도구,202310,1651218.0
영도구,202311,1413061.0
영도구,202312,1582718.0
영도구,202401,1508936.0
영도구,202402,1486597.0
영도구,202403,1657221.0
영도구,202404,1379328.0
영도구,202405,1645122.0
영도구,202406,1523619.0
영도구,202407,1504906.0
영도구,202408,1622654.0
영도구,202409,1634166.0
영도구,202410,1506135.0
영도구,202411,1437873.0
영도구,202412,1543410.0
영도구,202501,1584204.0
영도구,202502,1311928.0
영도구,202503,1579717.0
영도구,202504,1349206.0
영도구,202505,1725714.0
영도구,202506,1549689.0
영도구,202507,1543729.0
영도구,202508,1629296.0
영도구,202509,1600114.0
영도구,202510,1819608.0
영도구,202511,1570219.0
영도구,202512,1561109.0
영도구,202601,1507605.0
영도구,202602,1556370.0
영도구,202603,1683817.0
영도구,202604,1401071.0
영도구,202605,1771747.0
영도구,202606,1570657.0
영도구,202607,1627199.0
영도구,202608,1756215.0
영동군,201901,422676.0
영동군,201902,522364.0
영동군,201903,537238.0
영동군,201904,505370.0
영동군,201905,578943.0
영동군,201906,538521.0
영동군,201907,561251.0
영동군,201908,710109.0
영동군,201909,675899.0
영동군,201910,559594.0
영동군,201911,527782.0
영동군,201912,455676.0
영동군,202001,557217.0
영동군,202002,346689.0
영동군,202003,408886.0
영동군,202004,458512.0
영동군,202005,549678.0
영동군,202006,484667.0
영동군,202007,497997.0
영동군,202008,590099.0
영동군,202009,533058.0
영동군,202010,597204.0
영동군,202011,469293.0
영동군,202012,380552.0
영동군,202101,351242.0
영동군,202102,434088.0
영동군,202103,449045.0
영동군,202104,473705.0
영동군,202105,531478.0
영동군,202106,480163.0
영동군,202107,525228.0
영동군,202108,554229.0
영동군,202109,632913.0
영동군,202110,548770.0
영동군,202111,481094.0
영동군,202112,415558.0
영동군,202201,471972.0
영동군,202202,385181.0
영동군,202203,445491.0
영동군,202204,507528.0
영동군,202205,606658.0
영동군,202206,552222.0
영동군,202207,597016.0
영동군,202208,667033.0
영동군,202209,691351.0
영동군,202210,625150.0
영동군,202211,523076.0
영동군,202212,423473.0
영동군,202301,549278.0
영동군,202302,431299.0
영동군,202303,560351.0
영동군,202304,577227.0
영동군,202305,615594.0
영동군,202306,578291.0
영동군,202307,571999.0
영동군,202308,671873.0
영동군,202309,670735.0
영동군,202310,614342.0
영동군,202311,494264.0
영동군,202312,427662.0
영동군,202401,443386.0
영동군,202402,522726.0
영동군,202403,520129.0
영동군,202404,538756.0
영동군,202405,607770.0
영동군,202406,558214.0
영동군,202407,530160.0
영동군,202408,653024.0
영동군,202409,662674.0
영동군,202410,583198.0
영동군,202411,547715.0
영동군,202412,426730.0
영동군,202501,525757.0
영동군,202502,366374.0
영동군,202503,517581.0
영동군,202504,511572.0
영동군,202505,637461.0
영동군,202506,559328.0
영동군,202507,572335.0
영동군,202508,652263.0
영동군,202509,674821.0
영동군,202510,784558.0
영동군,202511,558626.0
영동군,202512,439522.0
영동군,202601,469602.0
영동군,202602,558092.0
영동군,202603,529988.0
영동군,202604,522494.0
영동군,202605,641622.0
영동군,202606,550401.0
영동군,202607,570275.0
영동군,202608,641371.0
영등포구,201901,8108442.0
영등포구,201902,6842751.0
영등포구,201903,8986853.0
영등포구,201904,8153790.0
영등포구,201905,8469176.0
영등포구,201906,8133475.0
영등포구,201907,8782748.0
영등포구,201908,8962914.0
영등포구,201909,8516027.0
영등포구,201910,9095851.0
영등포구,201911,9480799.0
영등포구,201912,9330438.0
영등포구,202001,8425896.0
영등포구,202002,6829486.0
영등포구,202003,6395334.0
영등포구,202004,7079819.0
영등포구,202005,8048356.0
영등포구,202006,7519930.0
영등포구,202007,8199771.0
영등포구,202008,6896083.0
영등포구,202009,6940695.0
영등포구,202010,7934028.0
영등포구,202011,7299114.0
영등포구,202012,5748731.0
영등포구,202101,6292001.0
영등포구,202102,7019685.0
영등포구,202103,8918700.0
영등포구,202104,8063054.0
영등포구,202105,8486660.0
영등포구,202106,8502990.0
영등포구,202107,7175513.0
영등포구,202108,7410616.0
영등포구,202109,7815261.0
영등포구,202110,8461736.0
영등포구,202111,8470266.0
영등포구,202112,7928845.0
영등포구,202201,7911695.0
영등포구,202202,6664879.0
영등포구,202203,8077285.0
영등포구,202204,9855500.0
영등포구,202205,9872878.0
영등포구,202206,8866627.0
영등포구,202207,9427355.0
영등포구,202208,9074426.0
영등포구,202209,9166736.0
영등포구,202210,9744199.0
영등포구,202211,9219911.0
영등포구,202212,9249049.0
영등포구,202301,8510394.0
영등포구,202302,8319147.0
영등포구,202303,9444474.0
영등포구,202304,9182480.0
영등포구,202305,9289625.0
영등포구,202306,8983930.0
영등포구,202307,9283181.0
영등포구,202308,8997413.0
영등포구,202309,9678201.0
영등포구,202310,9794914.0
영등포구,202311,9271261.0
영등포구,202312,9609706.0
영등포구,202401,9043783.0
영등포구,202402,8402955.0
영등포구,202403,10080869.0
영등포구,202404,9928105.0
영등포구,202405,9835437.0
영등포구,202406,9665812.0
영등포구,202407,9752909.0
영등포구,202408,9604811.0
영등포구,202409,9271762.0
영등포구,202410,10474672.0
영등포구,202411,9454196.0
영등포구,202412,10563437.0
영등포구,202501,8673049.0
영등포구,202502,8862054.0
영등포구,202503,10180609.0
영등포구,202504,9824315.0
영등포구,202505,10714829.0
영등포구,202506,9959711.0
영등포구,202507,10666084.0
영등포구,202508,10090656.0
영등포구,202509,10514869.0
영등포구,202510,10156781.0
영등포구,202511,10634863.0
영등포구,202512,10537512.0
영등포구,202601,9691271.0
영등포구,202602,8794981.0
영등포구,202603,10886125.0
영등포구,202604,10410222.0
영등포구,202605,10602691.0
영등포구,202606,10324974.0
영등포구,202607,10317333.0
영등포구,202608,10426844.0
영암군,201901,634783.0
영암군,201902,683955.0
영암군,201903,818463.0
영암군,201904,824265.0
영암군,201905,748115.0
영암군,201906,693698.0
영암군,201907,712129.0
영암군,201908,854759.0
영암군,201909,886393.0
영암군,201910,866103.0
영암군,201911,802916.0
영암군,201912,718932.0
영암군,202001,752762.0
영암군,202002,607691.0
영암군,202003,702776.0
영암군,202004,746718.0
영암군,202005,816023.0
영암군,202006,732234.0
영암군,202007,708282.0
영암군,202008,793425.0
영암군,202009,829215.0
영암군,202010,883623.0
영암군,202011,710720.0
영암군,202012,702248.0
영암군,202101,562893.0
영암군,202102,725565.0
영암군,202103,878876.0
영암군,202104,805935.0
영암군,202105,854632.0
영암군,202106,803940.0
영암군,202107,809841.0
영암군,202108,827439.0
영암군,202109,979943.0
영암군,202110,934929.0
영암군,202111,847675.0
영암군,202112,738745.0
영암군,202201,754438.0
영암군,202202,658193.0
영암군,202203,777719.0
영암군,202204,957119.0
영암군,202205,823246.0
영암군,202206,797196.0
영암군,202207,1056595.0
영암군,202208,897859.0
영암군,202209,1001476.0
영암군,202210,1005339.0
영암군,202211,944874.0
영암군,202212,731105.0
영암군,202301,802837.0
영암군,202302,714467.0
영암군,202303,934816.0
영암군,202304,962625.0
영암군,202305,897324.0
영암군,202306,848201.0
영암군,202307,827666.0
영암군,202308,929398.0
영암군,202309,965363.0
영암군,202310,982953.0
영암군,202311,871560.0
영암군,202312,741777.0
영암군,202401,714107.0
영암군,202402,794327.0
영암군,202403,956010.0
영암군,202404,916774.0
영암군,202405,900166.0
영암군,202406,808516.0
영암군,202407,821974.0
영암군,202408,882700.0
영암군,202409,970158.0
영암군,202410,941858.0
영암군,202411,903423.0
영암군,202412,763426.0
영암군,202501,798456.0
영암군,202502,643093.0
영암군,202503,880681.0
영암군,202504,911737.0
영암군,202505,964926.0
영암군,202506,843082.0
영암군,202507,875298.0
영암군,202508,926158.0
영암군,202509,929988.0
영암군,202510,1086900.0
영암군,202511,980425.0
영암군,202512,831752.0
영암군,202601,717494.0
영암군,202602,815203.0
영암군,202603,947087.0
영암군,202604,971706.0
영암군,202605,984381.0
영암군,202606,861490.0
영암군,202607,860680.0
영암군,202608,914813.0
영양군,201901,96335.0
영양군,201902,141627.0
영양군,201903,111137.0
영양군,201904,111725.0
영양군,201905,160623.0
영양군,201906,122321.0
영양군,201907,148982.0
영양군,201908,201831.0
영양군,201909,191425.0
영양군,201910,129058.0
영양군,201911,135233.0
영양군,201912,99713.0
영양군,202001,147725.0
영양군,202002,84716.0
영양군,202003,87883.0
영양군,202004,116806.0
영양군,202005,154220.0
영양군,202006,130805.0
영양군,202007,130914.0
영양군,202008,203227.0
영양군,202009,151328.0
영양군,202010,173092.0
영양군,202011,136384.0
영양군,202012,95287.0
영양군,202101,85896.0
영양군,202102,118714.0
영양군,202103,115204.0
영양군,202104,130279.0
영양군,202105,147859.0
영양군,202106,134197.0
영양군,202107,159690.0
영양군,202108,197707.0
영양군,202109,209765.0
영양군,202110,159783.0
영양군,202111,146027.0
영양군,202112,106645.0
영양군,202201,130099.0
영양군,202202,98343.0
영양군,202203,106105.0
영양군,202204,128388.0
영양군,202205,158451.0
영양군,202206,141961.0
영양군,202207,183641.0
영양군,202208,193760.0
영양군,202209,194332.0
영양군,202210,147878.0
영양군,202211,135685.0
영양군,202212,94982.0
영양군,202301,140243.0
영양군,202302,93977.0
영양군,202303,128017.0
영양군,202304,135002.0
영양군,202305,167738.0
영양군,202306,137593.0
영양군,202307,145876.0
영양군,202308,181530.0
영양군,202309,200183.0
영양군,202310,159428.0
영양군,202311,134251.0
영양군,202312,106649.0
영양군,202401,111407.0
영양군,202402,136301.0
영양군,202403,119431.0
영양군,202404,136299.0
영양군,202405,163852.0
영양군,202406,141191.0
영양군,202407,147805.0
영양군,202408,198910.0
영양군,202409,196969.0
영양군,202410,147541.0
영양군,202411,147505.0
영양군,202412,102356.0
영양군,202501,169380.0
영양군,202502,87982.0
영양군,202503,123187.0
영양군,202504,136257.0
영양군,202505,177501.0
영양군,202506,140606.0
영양군,202507,159319.0
영양군,202508,199801.0
영양군,202509,145206.0
영양군,202510,221395.0
영양군,202511,149590.0
영양군,202512,111308.0
영양군,202601,140104.0
영양군,202602,146427.0
영양군,202603,126571.0
영양군,202604,132419.0
영양군,202605,181390.0
영양군,202606,138626.0
영양군,202607,149970.0
영양군,202608,193539.0
영월군,201901,360413.0
영월군,201902,414878.0
영월군,201903,426614.0
영월군,201904,405098.0
영월군,201905,492318.0
영월군,201906,532548.0
영월군,201907,659316.0
영월군,201908,1008918.0
영월군,201909,550451.0
영월군,201910,492767.0
영월군,201911,445301.0
영월군,201912,369252.0
영월군,202001,486521.0
영월군,202002,326478.0
영월군,202003,354543.0
영월군,202004,395036.0
영월군,202005,579200.0
영월군,202006,581049.0
영월군,202007,676424.0
영월군,202008,791686.0
영월군,202009,517573.0
영월군,202010,679479.0
영월군,202011,444891.0
영월군,202012,300219.0
영월군,202101,307161.0
영월군,202102,385025.0
영월군,202103,410928.0
영월군,202104,469005.0
영월군,202105,572277.0
영월군,202106,580861.0
영월군,202107,753122.0
영월군,202108,893617.0
영월군,202109,670163.0
영월군,202110,701572.0
영월군,202111,492533.0
영월군,202112,375058.0
영월군,202201,426186.0
영월군,202202,356606.0
영월군,202203,372506.0
영월군,202204,503159.0
영월군,202205,652439.0
영월군,202206,662422.0
영월군,202207,830812.0
영월군,202208,904777.0
영월군,202209,651603.0
영월군,202210,731433.0
영월군,202211,487426.0
영월군,202212,371094.0
영월군,202301,442274.0
영월군,202302,393970.0
영월군,202303,483035.0
영월군,202304,550765.0
영월군,202305,663071.0
영월군,202306,658439.0
영월군,202307,742507.0
영월군,202308,931380.0
영월군,202309,711450.0
영월군,202310,737801.0
영월군,202311,491498.0
영월군,202312,442089.0
영월군,202401,396921.0
영월군,202402,466852.0
영월군,202403,478941.0
영월군,202404,526125.0
영월군,202405,636541.0
영월군,202406,668395.0
영월군,202407,686669.0
영월군,202408,981720.0
영월군,202409,661868.0
영월군,202410,652379.0
영월군,202411,518729.0
영월군,202412,387340.0
영월군,202501,470502.0
영월군,202502,370575.0
영월군,202503,467852.0
영월군,202504,512276.0
영월군,202505,704205.0
영월군,202506,664766.0
영월군,202507,796227.0
영월군,202508,970193.0
영월군,202509,583935.0
영월군,202510,810339.0
영월군,202511,532782.0
영월군,202512,403377.0
영월군,202601,406651.0
영월군,202602,528268.0
영월군,202603,596654.0
영월군,202604,668535.0
영월군,202605,864813.0
영월군,202606,696375.0
영월군,202607,796182.0
영월군,202608,1013793.0
영종구,202607,7113320.0
영종구,202608,7717598.0
영주시,201901,619497.0
영주시,201902,782509.0
영주시,201903,785687.0
영주시,201904,628004.0
영주시,201905,756854.0
영주시,201906,645314.0
영주시,201907,725969.0
영주시,201908,849618.0
영주시,201909,902146.0
영주시,201910,833510.0
영주시,201911,728926.0
영주시,201912,625729.0
영주시,202001,812776.0
영주시,202002,465005.0
영주시,202003,415826.0
영주시,202004,515506.0
영주시,202005,726687.0
영주시,202006,626127.0
영주시,202007,674751.0
영주시,202008,757779.0
영주시,202009,680812.0
영주시,202010,869428.0
영주시,202011,675217.0
영주시,202012,500680.0
영주시,202101,495432.0
영주시,202102,609788.0
영주시,202103,677975.0
영주시,202104,599564.0
영주시,202105,719602.0
영주시,202106,630490.0
영주시,202107,695504.0
영주시,202108,710367.0
영주시,202109,833004.0
영주시,202110,802330.0
영주시,202111,715768.0
영주시,202112,611600.0
영주시,202201,707896.0
영주시,202202,548485.0
영주시,202203,626163.0
영주시,202204,615867.0
영주시,202205,746492.0
영주시,202206,686206.0
영주시,202207,865853.0
영주시,202208,787663.0
영주시,202209,912001.0
영주시,202210,1028410.0
영주시,202211,709269.0
영주시,202212,590115.0
영주시,202301,777475.0
영주시,202302,554314.0
영주시,202303,738464.0
영주시,202304,679005.0
영주시,202305,789026.0
영주시,202306,662665.0
영주시,202307,712161.0
영주시,202308,745505.0
영주시,202309,947489.0
영주시,202310,897917.0
영주시,202311,705205.0
영주시,202312,660465.0
영주시,202401,614684.0
영주시,202402,785778.0
영주시,202403,770391.0
영주시,202404,689930.0
영주시,202405,804467.0
영주시,202406,724831.0
영주시,202407,729803.0
영주시,202408,797016.0
영주시,202409,935321.0
영주시,202410,842197.0
영주시,202411,788151.0
영주시,202412,660916.0
영주시,202501,855720.0
영주시,202502,543637.0
영주시,202503,755805.0
영주시,202504,666194.0
영주시,202505,928115.0
영주시,202506,737621.0
영주시,202507,790143.0
영주시,202508,836753.0
영주시,202509,752978.0
영주시,202510,1150217.0
영주시,202511,817552.0
영주시,202512,683175.0
영주시,202601,672065.0
영주시,202602,812218.0
영주시,202603,765586.0
영주시,202604,706150.0
영주시,202605,888599.0
영주시,202606,682131.0
영주시,202607,755273.0
영주시,202608,833601.0
영천시,201901,839593.0
영천시,201902,1052447.0
영천시,201903,1008807.0
영천시,201904,921557.0
영천시,201905,1055585.0
영천시,201906,945112.0
영천시,201907,996331.0
영천시,201908,1084502.0
영천시,201909,1265025.0
영천시,201910,989391.0
영천시,201911,953517.0
영천시,201912,880186.0
영천시,202001,1107250.0
영천시,202002,712974.0
영천시,202003,705422.0
영천시,202004,849153.0
영천시,202005,1066969.0
영천시,202006,941080.0
영천시,202007,920341.0
영천시,202008,1023594.0
영천시,202009,992767.0
영천시,202010,1121082.0
영천시,202011,909971.0
영천시,202012,756299.0
영천시,202101,771852.0
영천시,202102,921297.0
영천시,202103,965064.0
영천시,202104,927785.0
영천시,202105,1076386.0
영천시,202106,970231.0
영천시,202107,967606.0
영천시,202108,981554.0
영천시,202109,1204321.0
영천시,202110,1024633.0
영천시,202111,944494.0
영천시,202112,844716.0
영천시,202201,926788.0
영천시,202202,851963.0
영천시,202203,896482.0
영천시,202204,986018.0
영천시,202205,1092041.0
영천시,202206,977093.0
영천시,202207,1162622.0
영천시,202208,1081605.0
영천시,202209,1254362.0
영천시,202210,1128675.0
영천시,202211,967498.0
영천시,202212,1132926.0
영천시,202301,1166718.0
영천시,202302,934365.0
영천시,202303,1094003.0
영천시,202304,1052757.0
영천시,202305,1197653.0
영천시,202306,1099837.0
영천시,202307,1057015.0
영천시,202308,1086140.0
영천시,202309,1431871.0
영천시,202310,1251936.0
영천시,202311,985667.0
영천시,202312,934838.0
영천시,202401,880309.0
영천시,202402,1142524.0
영천시,202403,1103849.0
영천시,202404,1065617.0
영천시,202405,1217249.0
영천시,202406,1106406.0
영천시,202407,1037244.0
영천시,202408,1092838.0
영천시,202409,1404562.0
영천시,202410,1124390.0
영천시,202411,1065551.0
영천시,202412,951137.0
영천시,202501,1169394.0
영천시,202502,841026.0
영천시,202503,1130892.0
영천시,202504,1059090.0
영천시,202505,1377608.0
영천시,202506,1166578.0
영천시,202507,1132180.0
영천시,202508,1221001.0
영천시,202509,1177309.0
영천시,202510,1533832.0
영천시,202511,1165029.0
영천시,202512,979729.0
영천시,202601,951126.0
영천시,202602,1173939.0
영천시,202603,1144853.0
영천시,202604,1085495.0
영천시,202605,1336845.0
영천시,202606,1091500.0
영천시,202607,1084875.0
영천시,202608,1139923.0
예산군,201901,925902.0
예산군,201902,1082110.0
예산군,201903,1074575.0
예산군,201904,1314236.0
예산군,201905,1448287.0
예산군,201906,1206276.0
예산군,201907,1112683.0
예산군,201908,1218535.0
예산군,201909,1224051.0
예산군,201910,1276965.0
예산군,201911,1175681.0
예산군,201912,1022222.0
예산군,202001,1182201.0
예산군,202002,739249.0
예산군,202003,843996.0
예산군,202004,971293.0
예산군,202005,1193115.0
예산군,202006,1013032.0
예산군,202007,1108697.0
예산군,202008,1175614.0
예산군,202009,1042443.0
예산군,202010,1295249.0
예산군,202011,1137484.0
예산군,202012,881452.0
예산군,202101,846595.0
예산군,202102,1023511.0
예산군,202103,1103822.0
예산군,202104,1157357.0
예산군,202105,1260886.0
예산군,202106,1133538.0
예산군,202107,1128809.0
예산군,202108,1198903.0
예산군,202109,1323143.0
예산군,202110,1286822.0
예산군,202111,1224282.0
예산군,202112,987708.0
예산군,202201,1119613.0
예산군,202202,946403.0
예산군,202203,1043727.0
예산군,202204,1311513.0
예산군,202205,1426464.0
예산군,202206,1269217.0
예산군,202207,1310088.0
예산군,202208,1327638.0
예산군,202209,1475652.0
예산군,202210,1404058.0
예산군,202211,1289288.0
예산군,202212,1038301.0
예산군,202301,1248878.0
예산군,202302,1194929.0
예산군,202303,1271406.0
예산군,202304,1383421.0
예산군,202305,1364260.0
예산군,202306,1301642.0
예산군,202307,1179779.0
예산군,202308,1279706.0
예산군,202309,1422387.0
예산군,202310,1481935.0
예산군,202311,1209737.0
예산군,202312,1132935.0
예산군,202401,1146785.0
예산군,202402,1266219.0
예산군,202403,1315495.0
예산군,202404,1298663.0
예산군,202405,1285889.0
예산군,202406,1211097.0
예산군,202407,1097146.0
예산군,202408,1200309.0
예산군,202409,1341175.0
예산군,202410,1353115.0
예산군,202411,1259213.0
예산군,202412,1175939.0
예산군,202501,1297932.0
예산군,202502,1116811.0
예산군,202503,1333823.0
예산군,202504,1340270.0
예산군,202505,1534157.0
예산군,202506,1237377.0
예산군,202507,1230759.0
예산군,202508,1468107.0
예산군,202509,1313804.0
예산군,202510,1729577.0
예산군,202511,1453875.0
예산군,202512,1341637.0
예산군,202601,1245495.0
예산군,202602,1468455.0
예산군,202603,1380686.0
예산군,202604,1359570.0
예산군,202605,1548260.0
예산군,202606,1300089.0
예산군,202607,1289172.0
예산군,202608,1390124.0
예천군,201901,453682.0
예천군,201902,567087.0
예천군,201903,526760.0
예천군,201904,492800.0
예천군,201905,565986.0
예천군,201906,482056.0
예천군,201907,542209.0
예천군,201908,585893.0
예천군,201909,656496.0
예천군,201910,537506.0
예천군,201911,539883.0
예천군,201912,468606.0
예천군,202001,603444.0
예천군,202002,364645.0
예천군,202003,354268.0
예천군,202004,367487.0
예천군,202005,517175.0
예천군,202006,480281.0
예천군,202007,544080.0
예천군,202008,589544.0
예천군,202009,529734.0
예천군,202010,640144.0
예천군,202011,511878.0
예천군,202012,415061.0
예천군,202101,397114.0
예천군,202102,496067.0
예천군,202103,518712.0
예천군,202104,546525.0
예천군,202105,595677.0
예천군,202106,538021.0
예천군,202107,545928.0
예천군,202108,565567.0
예천군,202109,680228.0
예천군,202110,583370.0
예천군,202111,545511.0
예천군,202112,457695.0
예천군,202201,519792.0
예천군,202202,433662.0
예천군,202203,473614.0
예천군,202204,543497.0
예천군,202205,608776.0
예천군,202206,534317.0
예천군,202207,630207.0
예천군,202208,653050.0
예천군,202209,670875.0
예천군,202210,644030.0
예천군,202211,534384.0
예천군,202212,577196.0
예천군,202301,637817.0
예천군,202302,467308.0
예천군,202303,576955.0
예천군,202304,585168.0
예천군,202305,631920.0
예천군,202306,564140.0
예천군,202307,578550.0
예천군,202308,560487.0
예천군,202309,703816.0
예천군,202310,601714.0
예천군,202311,538644.0
예천군,202312,487087.0
예천군,202401,463714.0
예천군,202402,599018.0
예천군,202403,554458.0
예천군,202404,582634.0
예천군,202405,618992.0
예천군,202406,556287.0
예천군,202407,523213.0
예천군,202408,590006.0
예천군,202409,716767.0
예천군,202410,577089.0
예천군,202411,563742.0
예천군,202412,484653.0
예천군,202501,604367.0
예천군,202502,427528.0
예천군,202503,564044.0
예천군,202504,568479.0
예천군,202505,665829.0
예천군,202506,569295.0
예천군,202507,571930.0
예천군,202508,615217.0
예천군,202509,609620.0
예천군,202510,780096.0
예천군,202511,602316.0
예천군,202512,503174.0
예천군,202601,481372.0
예천군,202602,579872.0
예천군,202603,573292.0
예천군,202604,594530.0
예천군,202605,662766.0
예천군,202606,558005.0
예천군,202607,553867.0
예천군,202608,587934.0
오산시,201901,2102926.0
오산시,201902,1857321.0
오산시,201903,2585555.0
오산시,201904,2032479.0
오산시,201905,2198244.0
오산시,201906,2121946.0
오산시,201907,2204899.0
오산시,201908,2346282.0
오산시,201909,2321382.0
오산시,201910,2261666.0
오산시,201911,2339187.0
오산시,201912,2180514.0
오산시,202001,2111964.0
오산시,202002,1757612.0
오산시,202003,1804787.0
오산시,202004,1842067.0
오산시,202005,2029269.0
오산시,202006,1922342.0
오산시,202007,2036971.0
오산시,202008,1948968.0
오산시,202009,1945177.0
오산시,202010,2086457.0
오산시,202011,1866410.0
오산시,202012,1664780.0
오산시,202101,1703524.0
오산시,202102,1770674.0
오산시,202103,2161520.0
오산시,202104,1962090.0
오산시,202105,2081716.0
오산시,202106,2010751.0
오산시,202107,1966428.0
오산시,202108,1915334.0
오산시,202109,2071579.0
오산시,202110,2172606.0
오산시,202111,2066552.0
오산시,202112,2083399.0
오산시,202201,1996876.0
오산시,202202,2162440.0
오산시,202203,2390113.0
오산시,202204,2456518.0
오산시,202205,2624041.0
오산시,202206,2379914.0
오산시,202207,2468823.0
오산시,202208,2344587.0
오산시,202209,2542197.0
오산시,202210,2536592.0
오산시,202211,2402055.0
오산시,202212,2329661.0
오산시,202301,2298961.0
오산시,202302,2219985.0
오산시,202303,2684267.0
오산시,202304,2345835.0
오산시,202305,2492607.0
오산시,202306,2325338.0
오산시,202307,2442143.0
오산시,202308,2397053.0
오산시,202309,2431450.0
오산시,202310,2365003.0
오산시,202311,2208844.0
오산시,202312,2315046.0
오산시,202401,2232430.0
오산시,202402,2381047.0
오산시,202403,2813115.0
오산시,202404,2383715.0
오산시,202405,2639263.0
오산시,202406,2435381.0
오산시,202407,2462969.0
오산시,202408,2472572.0
오산시,202409,2530797.0
오산시,202410,2586653.0
오산시,202411,2408521.0
오산시,202412,2448958.0
오산시,202501,2380439.0
오산시,202502,2214152.0
오산시,202503,2802957.0
오산시,202504,2503439.0
오산시,202505,2947429.0
오산시,202506,2659670.0
오산시,202507,2718661.0
오산시,202508,2680759.0
오산시,202509,2692523.0
오산시,202510,2766720.0
오산시,202511,2739072.0
오산시,202512,2677798.0
오산시,202601,2509178.0
오산시,202602,2442846.0
오산시,202603,2981366.0
오산시,202604,2580744.0
오산시,202605,2960532.0
오산시,202606,2668293.0
오산시,202607,2702608.0
오산시,202608,2769741.0
옥천군,201901,720526.0
옥천군,201902,864089.0
옥천군,201903,935055.0
옥천군,201904,883024.0
옥천군,201905,992957.0
옥천군,201906,867571.0
옥천군,201907,893025.0
옥천군,201908,985004.0
옥천군,201909,986368.0
옥천군,201910,903779.0
옥천군,201911,866656.0
옥천군,201912,763076.0
옥천군,202001,911926.0
옥천군,202002,571630.0
옥천군,202003,730047.0
옥천군,202004,841103.0
옥천군,202005,954240.0
옥천군,202006,790387.0
옥천군,202007,796722.0
옥천군,202008,870445.0
옥천군,202009,783060.0
옥천군,202010,896223.0
옥천군,202011,747004.0
옥천군,202012,596300.0
옥천군,202101,588579.0
옥천군,202102,734294.0
옥천군,202103,843783.0
옥천군,202104,852854.0
옥천군,202105,893892.0
옥천군,202106,815317.0
옥천군,202107,851204.0
옥천군,202108,864840.0
옥천군,202109,991461.0
옥천군,202110,892379.0
옥천군,202111,790336.0
옥천군,202112,659980.0
옥천군,202201,756751.0
옥천군,202202,660300.0
옥천군,202203,770767.0
옥천군,202204,955295.0
옥천군,202205,981825.0
옥천군,202206,877080.0
옥천군,202207,960707.0
옥천군,202208,976535.0
옥천군,202209,1035741.0
옥천군,202210,1008916.0
옥천군,202211,836399.0
옥천군,202212,682574.0
옥천군,202301,837993.0
옥천군,202302,681350.0
옥천군,202303,931284.0
옥천군,202304,994478.0
옥천군,202305,998529.0
옥천군,202306,905142.0
옥천군,202307,873020.0
옥천군,202308,893979.0
옥천군,202309,967789.0
옥천군,202310,924277.0
옥천군,202311,798213.0
옥천군,202312,692791.0
옥천군,202401,670642.0
옥천군,202402,841473.0
옥천군,202403,911415.0
옥천군,202404,975603.0
옥천군,202405,1009859.0
옥천군,202406,967407.0
옥천군,202407,869703.0
옥천군,202408,944600.0
옥천군,202409,1001299.0
옥천군,202410,1088525.0
옥천군,202411,1028307.0
옥천군,202412,840201.0
옥천군,202501,948003.0
옥천군,202502,724508.0
옥천군,202503,1046010.0
옥천군,202504,1031103.0
옥천군,202505,1230326.0
옥천군,202506,1018514.0
옥천군,202507,981622.0
옥천군,202508,1115765.0
옥천군,202509,999648.0
옥천군,202510,1298678.0
옥천군,202511,1090037.0
옥천군,202512,828125.0
옥천군,202601,837482.0
옥천군,202602,1000057.0
옥천군,202603,1039596.0
옥천군,202604,1089560.0
옥천군,202605,1233381.0
옥천군,202606,1000474.0
옥천군,202607,1019224.0
옥천군,202608,1091830.0
옹진군,201901,224881.0
옹진군,201902,254197.0
옹진군,201903,369183.0
옹진군,201904,397053.0
옹진군,201905,500076.0
옹진군,201906,515773.0
옹진군,201907,455507.0
옹진군,201908,646174.0
옹진군,201909,536617.0
옹진군,201910,514069.0
옹진군,201911,403277.0
옹진군,201912,308984.0
옹진군,202001,286357.0
옹진군,202002,257769.0
옹진군,202003,439814.0
옹진군,202004,462410.0
옹진군,202005,583365.0
옹진군,202006,527718.0
옹진군,202007,589162.0
옹진군,202008,639595.0
옹진군,202009,559889.0
옹진군,202010,669088.0
옹진군,202011,392555.0
옹진군,202012,327026.0
옹진군,202101,260780.0
옹진군,202102,322691.0
옹진군,202103,396906.0
옹진군,202104,461974.0
옹진군,202105,528026.0
옹진군,202106,503936.0
옹진군,202107,504041.0
옹진군,202108,595628.0
옹진군,202109,582574.0
옹진군,202110,590849.0
옹진군,202111,426383.0
옹진군,202112,342703.0
옹진군,202201,337593.0
옹진군,202202,323023.0
옹진군,202203,383456.0
옹진군,202204,534555.0
옹진군,202205,651310.0
옹진군,202206,635995.0
옹진군,202207,636845.0
옹진군,202208,677029.0
옹진군,202209,660814.0
옹진군,202210,680889.0
옹진군,202211,468723.0
옹진군,202212,343571.0
옹진군,202301,317208.0
옹진군,202302,352864.0
옹진군,202303,470399.0
옹진군,202304,526710.0
옹진군,202305,592669.0
옹진군,202306,610027.0
옹진군,202307,548803.0
옹진군,202308,633905.0
옹진군,202309,714313.0
옹진군,202310,693138.0
옹진군,202311,395520.0
옹진군,202312,365107.0
옹진군,202401,298884.0
옹진군,202402,357755.0
옹진군,202403,471549.0
옹진군,202404,555973.0
옹진군,202405,627019.0
옹진군,202406,663696.0
옹진군,202407,503769.0
옹진군,202408,699317.0
옹진군,202409,756748.0
옹진군,202410,717542.0
옹진군,202411,499919.0
옹진군,202412,355076.0
옹진군,202501,350177.0
옹진군,202502,293700.0
옹진군,202503,501265.0
옹진군,202504,498281.0
옹진군,202505,750141.0
옹진군,202506,675836.0
옹진군,202507,586209.0
옹진군,202508,735188.0
옹진군,202509,651419.0
옹진군,202510,796582.0
옹진군,202511,566710.0
옹진군,202512,386250.0
옹진군,202601,332622.0
옹진군,202602,391618.0
옹진군,202603,525955.0
옹진군,202604,562223.0
옹진군,202605,772795.0
옹진군,202606,654339.0
옹진군,202607,704856.0
옹진군,202608,891031.0
완도군,201901,371161.0
완도군,201902,450997.0
완도군,201903,434919.0
완도군,201904,458584.0
완도군,201905,508530.0
완도군,201906,395282.0
완도군,201907,472311.0
완도군,201908,663423.0
완도군,201909,521873.0
완도군,201910,441920.0
완도군,201911,419101.0
완도군,201912,399526.0
완도군,202001,483219.0
완도군,202002,322400.0
완도군,202003,361410.0
완도군,202004,360336.0
완도군,202005,481792.0
완도군,202006,396701.0
완도군,202007,445955.0
완도군,202008,657212.0
완도군,202009,394035.0
완도군,202010,512237.0
완도군,202011,384693.0
완도군,202012,414931.0
완도군,202101,351579.0
완도군,202102,415338.0
완도군,202103,403587.0
완도군,202104,417811.0
완도군,202105,477135.0
완도군,202106,417110.0
완도군,202107,466311.0
완도군,202108,575559.0
완도군,202109,533548.0
완도군,202110,499417.0
완도군,202111,446561.0
완도군,202112,429434.0
완도군,202201,524198.0
완도군,202202,376208.0
완도군,202203,394260.0
완도군,202204,426944.0
완도군,202205,457635.0
완도군,202206,444788.0
완도군,202207,694794.0
완도군,202208,638286.0
완도군,202209,535595.0
완도군,202210,552969.0
완도군,202211,456105.0
완도군,202212,404760.0
완도군,202301,517490.0
완도군,202302,387238.0
완도군,202303,480010.0
완도군,202304,508700.0
완도군,202305,567478.0
완도군,202306,454994.0
완도군,202307,495219.0
완도군,202308,599181.0
완도군,202309,611675.0
완도군,202310,608077.0
완도군,202311,444166.0
완도군,202312,487220.0
완도군,202401,475688.0
완도군,202402,512071.0
완도군,202403,489370.0
완도군,202404,533241.0
완도군,202405,564135.0
완도군,202406,472798.0
완도군,202407,526044.0
완도군,202408,658781.0
완도군,202409,608770.0
완도군,202410,508710.0
완도군,202411,467040.0
완도군,202412,460579.0
완도군,202501,617315.0
완도군,202502,372195.0
완도군,202503,521072.0
완도군,202504,538179.0
완도군,202505,689905.0
완도군,202506,521070.0
완도군,202507,590067.0
완도군,202508,720554.0
완도군,202509,482761.0
완도군,202510,860464.0
완도군,202511,521253.0
완도군,202512,538084.0
완도군,202601,491120.0
완도군,202602,563380.0
완도군,202603,504149.0
완도군,202604,528004.0
완도군,202605,661023.0
완도군,202606,480844.0
완도군,202607,591560.0
완도군,202608,707127.0
완주군,201901,1181084.0
완주군,201902,1265206.0
완주군,201903,1551152.0
완주군,201904,1363108.0
완주군,201905,1475840.0
완주군,201906,1382036.0
완주군,201907,1576740.0
완주군,201908,1823256.0
완주군,201909,1607965.0
완주군,201910,1499115.0
완주군,201911,1440922.0
완주군,201912,1276344.0
완주군,202001,1342250.0
완주군,202002,1062081.0
완주군,202003,1265326.0
완주군,202004,1340206.0
완주군,202005,1525808.0
완주군,202006,1394582.0
완주군,202007,1490716.0
완주군,202008,1660242.0
완주군,202009,1359011.0
완주군,202010,1585951.0
완주군,202011,1199978.0
완주군,202012,1065392.0
완주군,202101,1062238.0
완주군,202102,1249523.0
완주군,202103,1507728.0
완주군,202104,1424199.0
완주군,202105,1572888.0
완주군,202106,1522291.0
완주군,202107,1684896.0
완주군,202108,1779348.0
완주군,202109,1698219.0
완주군,202110,1783736.0
완주군,202111,1539110.0
완주군,202112,1311186.0
완주군,202201,1453745.0
완주군,202202,1312221.0
완주군,202203,1591208.0
완주군,202204,1704399.0
완주군,202205,1697549.0
완주군,202206,1596537.0
완주군,202207,2256198.0
완주군,202208,2012377.0
완주군,202209,1939500.0
완주군,202210,1944536.0
완주군,202211,1732239.0
완주군,202212,1393508.0
완주군,202301,1626559.0
완주군,202302,1466739.0
완주군,202303,1932147.0
완주군,202304,1823781.0
완주군,202305,1933136.0
완주군,202306,1877389.0
완주군,202307,1963803.0
완주군,202308,2178077.0
완주군,202309,2050561.0
완주군,202310,2101182.0
완주군,202311,1816902.0
완주군,202312,1600271.0
완주군,202401,1613609.0
완주군,202402,1710540.0
완주군,202403,1980797.0
완주군,202404,1895268.0
완주군,202405,1997832.0
완주군,202406,1925963.0
완주군,202407,1967444.0
완주군,202408,2274169.0
완주군,202409,2095910.0
완주군,202410,1994640.0
완주군,202411,1965701.0
완주군,202412,1623788.0
완주군,202501,1739067.0
완주군,202502,1471373.0
완주군,202503,2055789.0
완주군,202504,1905838.0
완주군,202505,2209798.0
완주군,202506,1986824.0
완주군,202507,2170295.0
완주군,202508,2379713.0
완주군,202509,1963139.0
완주군,202510,2300277.0
완주군,202511,2112504.0
완주군,202512,1722258.0
완주군,202601,1639962.0
완주군,202602,1727290.0
완주군,202603,2066741.0
완주군,202604,1849180.0
완주군,202605,2066982.0
완주군,202606,1852459.0
완주군,202607,1986757.0
완주군,202608,2191928.0
용산구,201901,7761947.0
용산구,201902,6900743.0
용산구,201903,8506570.0
용산구,201904,7192640.0
용산구,201905,7970822.0
용산구,201906,7958961.0
용산구,201907,8164492.0
용산구,201908,8725274.0
용산구,201909,8241905.0
용산구,201910,8978026.0
용산구,201911,9483641.0
용산구,201912,9682606.0
용산구,202001,8731809.0
용산구,202002,6646704.0
용산구,202003,5749884.0
용산구,202004,6373200.0
용산구,202005,7000541.0
용산구,202006,6730638.0
용산구,202007,7127945.0
용산구,202008,6545690.0
용산구,202009,6064282.0
용산구,202010,7288585.0
용산구,202011,6622362.0
용산구,202012,4922760.0
용산구,202101,5042036.0
용산구,202102,5671947.0
용산구,202103,6888150.0
용산구,202104,6521896.0
용산구,202105,7097608.0
용산구,202106,7103754.0
용산구,202107,6224043.0
용산구,202108,6387568.0
용산구,202109,6746937.0
용산구,202110,7543040.0
용산구,202111,7740364.0
용산구,202112,6991862.0
용산구,202201,6530592.0
용산구,202202,5421068.0
용산구,202203,6416111.0
용산구,202204,7766821.0
용산구,202205,9100677.0
용산구,202206,8413420.0
용산구,202207,8895384.0
용산구,202208,8669030.0
용산구,202209,8608215.0
용산구,202210,9251334.0
용산구,202211,8127969.0
용산구,202212,8170501.0
용산구,202301,7595782.0
용산구,202302,7559229.0
용산구,202303,8508157.0
용산구,202304,7955435.0
용산구,202305,8748881.0
용산구,202306,8539842.0
용산구,202307,8522704.0
용산구,202308,8551402.0
용산구,202309,8651632.0
용산구,202310,8963513.0
용산구,202311,8149342.0
용산구,202312,8598211.0
용산구,202401,7782673.0
용산구,202402,7625390.0
용산구,202403,8980186.0
용산구,202404,8373033.0
용산구,202405,8895028.0
용산구,202406,8591304.0
용산구,202407,8725097.0
용산구,202408,8797016.0
용산구,202409,8756056.0
용산구,202410,9607718.0
용산구,202411,8856138.0
용산구,202412,9070103.0
용산구,202501,8675241.0
용산구,202502,8450413.0
용산구,202503,9982633.0
용산구,202504,8889357.0
용산구,202505,10626250.0
용산구,202506,9952589.0
용산구,202507,10113338.0
용산구,202508,10508559.0
용산구,202509,10208620.0
용산구,202510,10275041.0
용산구,202511,10598595.0
용산구,202512,10532050.0
용산구,202601,9305640.0
용산구,202602,8920878.0
용산구,202603,10501471.0
용산구,202604,9860245.0
용산구,202605,10949672.0
용산구,202606,10067530.0
용산구,202607,10222145.0
용산구,202608,10576458.0
용인시 기흥구,201901,4410734.0
용인시 기흥구,201902,4129195.0
용인시 기흥구,201903,5733079.0
용인시 기흥구,201904,4375310.0
용인시 기흥구,201905,4896379.0
용인시 기흥구,201906,4705089.0
용인시 기흥구,201907,4775073.0
용인시 기흥구,201908,5114668.0
용인시 기흥구,201909,5165017.0
용인시 기흥구,201910,5015349.0
용인시 기흥구,201911,5192744.0
용인시 기흥구,201912,5002988.0
용인시 기흥구,202001,4776561.0
용인시 기흥구,202002,3843578.0
용인시 기흥구,202003,3946852.0
용인시 기흥구,202004,4347818.0
용인시 기흥구,202005,4915313.0
용인시 기흥구,202006,4475908.0
용인시 기흥구,202007,4782358.0
용인시 기흥구,202008,4245446.0
용인시 기흥구,202009,4417307.0
용인시 기흥구,202010,5073342.0
용인시 기흥구,202011,4381971.0
용인시 기흥구,202012,3873838.0
용인시 기흥구,202101,3980882.0
용인시 기흥구,202102,4246469.0
용인시 기흥구,202103,5089639.0
용인시 기흥구,202104,4532178.0
용인시 기흥구,202105,4899624.0
용인시 기흥구,202106,4656886.0
용인시 기흥구,202107,4435926.0
용인시 기흥구,202108,4448433.0
용인시 기흥구,202109,4731698.0
용인시 기흥구,202110,4970633.0
용인시 기흥구,202111,4622961.0
용인시 기흥구,202112,4583611.0
용인시 기흥구,202201,4541720.0
용인시 기흥구,202202,3881686.0
용인시 기흥구,202203,4746748.0
용인시 기흥구,202204,4870084.0
용인시 기흥구,202205,5230360.0
용인시 기흥구,202206,4703348.0
용인시 기흥구,202207,4932342.0
용인시 기흥구,202208,4767636.0
용인시 기흥구,202209,5335531.0
용인시 기흥구,202210,5258680.0
용인시 기흥구,202211,4682302.0
용인시 기흥구,202212,4686017.0
용인시 기흥구,202301,4569349.0
용인시 기흥구,202302,4377671.0
용인시 기흥구,202303,5506222.0
용인시 기흥구,202304,4817369.0
용인시 기흥구,202305,5167853.0
용인시 기흥구,202306,4928573.0
용인시 기흥구,202307,5190161.0
용인시 기흥구,202308,5005891.0
용인시 기흥구,202309,5129274.0
용인시 기흥구,202310,4945893.0
용인시 기흥구,202311,4604512.0
용인시 기흥구,202312,4666824.0
용인시 기흥구,202401,4583498.0
용인시 기흥구,202402,4654535.0
용인시 기흥구,202403,5657600.0
용인시 기흥구,202404,4748388.0
용인시 기흥구,202405,5067999.0
용인시 기흥구,202406,4859619.0
용인시 기흥구,202407,4644260.0
용인시 기흥구,202408,4965228.0
용인시 기흥구,202409,5212444.0
용인시 기흥구,202410,5447120.0
용인시 기흥구,202411,4929001.0
용인시 기흥구,202412,4887568.0
용인시 기흥구,202501,4808228.0
용인시 기흥구,202502,4443989.0
용인시 기흥구,202503,5544610.0
용인시 기흥구,202504,4755034.0
용인시 기흥구,202505,5725251.0
용인시 기흥구,202506,5156352.0
용인시 기흥구,202507,5378901.0
용인시 기흥구,202508,5286579.0
용인시 기흥구,202509,5302642.0
용인시 기흥구,202510,5453153.0
용인시 기흥구,202511,5285866.0
용인시 기흥구,202512,5030289.0
용인시 기흥구,202601,4822483.0
용인시 기흥구,202602,4617686.0
용인시 기흥구,202603,5872846.0
용인시 기흥구,202604,4946524.0
용인시 기흥구,202605,5563395.0
용인시 기흥구,202606,5008271.0
용인시 기흥구,202607,5192152.0
용인시 기흥구,202608,5266379.0
용인시 수지구,201901,2784824.0
용인시 수지구,201902,2491790.0
용인시 수지구,201903,3295896.0
용인시 수지구,201904,2496424.0
용인시 수지구,201905,2809272.0
용인시 수지구,201906,2832463.0
용인시 수지구,201907,3114377.0
용인시 수지구,201908,3552816.0
용인시 수지구,201909,3453587.0
용인시 수지구,201910,3255256.0
용인시 수지구,201911,3511856.0
용인시 수지구,201912,3246395.0
용인시 수지구,202001,3194359.0
용인시 수지구,202002,2548830.0
용인시 수지구,202003,2444808.0
용인시 수지구,202004,2597710.0
용인시 수지구,202005,2969354.0
용인시 수지구,202006,2777945.0
용인시 수지구,202007,2960309.0
용인시 수지구,202008,2648057.0
용인시 수지구,202009,2703070.0
용인시 수지구,202010,3039218.0
용인시 수지구,202011,2698033.0
용인시 수지구,202012,2413286.0
용인시 수지구,202101,2412214.0
용인시 수지구,202102,2574935.0
용인시 수지구,202103,3048247.0
용인시 수지구,202104,2640971.0
용인시 수지구,202105,2913639.0
용인시 수지구,202106,2711633.0
용인시 수지구,202107,2723133.0
용인시 수지구,202108,2758956.0
용인시 수지구,202109,2857035.0
용인시 수지구,202110,2921139.0
용인시 수지구,202111,2770669.0
용인시 수지구,202112,2783381.0
용인시 수지구,202201,2789486.0
용인시 수지구,202202,2344888.0
용인시 수지구,202203,2867329.0
용인시 수지구,202204,2925651.0
용인시 수지구,202205,3127207.0
용인시 수지구,202206,2906077.0
용인시 수지구,202207,3124093.0
용인시 수지구,202208,2935435.0
용인시 수지구,202209,3109420.0
용인시 수지구,202210,2932806.0
용인시 수지구,202211,2635846.0
용인시 수지구,202212,2801899.0
용인시 수지구,202301,2785399.0
용인시 수지구,202302,2580872.0
용인시 수지구,202303,3211387.0
용인시 수지구,202304,2691352.0
용인시 수지구,202305,2945435.0
용인시 수지구,202306,2794038.0
용인시 수지구,202307,3063479.0
용인시 수지구,202308,2937322.0
용인시 수지구,202309,3082955.0
용인시 수지구,202310,2951134.0
용인시 수지구,202311,2789699.0
용인시 수지구,202312,2960081.0
용인시 수지구,202401,2835601.0
용인시 수지구,202402,2873087.0
용인시 수지구,202403,3398183.0
용인시 수지구,202404,2773559.0
용인시 수지구,202405,3052476.0
용인시 수지구,202406,2830202.0
용인시 수지구,202407,3300245.0
용인시 수지구,202408,3068450.0
용인시 수지구,202409,3093996.0
용인시 수지구,202410,3002211.0
용인시 수지구,202411,2782861.0
용인시 수지구,202412,2930084.0
용인시 수지구,202501,2946143.0
용인시 수지구,202502,2697131.0
용인시 수지구,202503,3392210.0
용인시 수지구,202504,2776686.0
용인시 수지구,202505,3491996.0
용인시 수지구,202506,3132313.0
용인시 수지구,202507,3322801.0
용인시 수지구,202508,3302376.0
용인시 수지구,202509,3293180.0
용인시 수지구,202510,3248058.0
용인시 수지구,202511,3161536.0
용인시 수지구,202512,3175188.0
용인시 수지구,202601,3050198.0
용인시 수지구,202602,2899194.0
용인시 수지구,202603,3646733.0
용인시 수지구,202604,2950829.0
용인시 수지구,202605,3376220.0
용인시 수지구,202606,3042282.0
용인시 수지구,202607,3220165.0
용인시 수지구,202608,3262265.0
용인시 처인구,201901,3003289.0
용인시 처인구,201902,2820259.0
용인시 처인구,201903,3912931.0
용인시 처인구,201904,3438189.0
용인시 처인구,201905,3741555.0
용인시 처인구,201906,3515941.0
용인시 처인구,201907,3462196.0
용인시 처인구,201908,3980823.0
용인시 처인구,201909,4039328.0
용인시 처인구,201910,3965142.0
용인시 처인구,201911,3698090.0
용인시 처인구,201912,3200797.0
용인시 처인구,202001,3301111.0
용인시 처인구,202002,2520935.0
용인시 처인구,202003,2848905.0
용인시 처인구,202004,3144253.0
용인시 처인구,202005,3533199.0
용인시 처인구,202006,3227330.0
용인시 처인구,202007,3366065.0
용인시 처인구,202008,3055955.0
용인시 처인구,202009,3366692.0
용인시 처인구,202010,4035044.0
용인시 처인구,202011,3277414.0
용인시 처인구,202012,2645155.0
용인시 처인구,202101,2482937.0
용인시 처인구,202102,2979859.0
용인시 처인구,202103,3563606.0
용인시 처인구,202104,3696316.0
용인시 처인구,202105,3946259.0
용인시 처인구,202106,3670379.0
용인시 처인구,202107,3347337.0
용인시 처인구,202108,3504808.0
용인시 처인구,202109,4120192.0
용인시 처인구,202110,4309370.0
용인시 처인구,202111,3854474.0
용인시 처인구,202112,3333402.0
용인시 처인구,202201,3318911.0
용인시 처인구,202202,2937731.0
용인시 처인구,202203,3559463.0
용인시 처인구,202204,4404789.0
용인시 처인구,202205,4736835.0
용인시 처인구,202206,4083454.0
용인시 처인구,202207,4297387.0
용인시 처인구,202208,4197298.0
용인시 처인구,202209,4782833.0
용인시 처인구,202210,5020426.0
용인시 처인구,202211,4049984.0
용인시 처인구,202212,3225244.0
용인시 처인구,202301,3240107.0
용인시 처인구,202302,3613387.0
용인시 처인구,202303,4350419.0
용인시 처인구,202304,4203991.0
용인시 처인구,202305,4386037.0
용인시 처인구,202306,4254742.0
용인시 처인구,202307,4253368.0
용인시 처인구,202308,4307407.0
용인시 처인구,202309,4621969.0
용인시 처인구,202310,4688553.0
용인시 처인구,202311,3645030.0
용인시 처인구,202312,3239228.0
용인시 처인구,202401,3249947.0
용인시 처인구,202402,3691094.0
용인시 처인구,202403,4268953.0
용인시 처인구,202404,4123848.0
용인시 처인구,202405,4511680.0
용인시 처인구,202406,3979409.0
용인시 처인구,202407,3652715.0
용인시 처인구,202408,4045610.0
용인시 처인구,202409,4400661.0
용인시 처인구,202410,4552281.0
용인시 처인구,202411,3872445.0
용인시 처인구,202412,3318514.0
용인시 처인구,202501,3455556.0
용인시 처인구,202502,3317181.0
용인시 처인구,202503,4420258.0
용인시 처인구,202504,4121815.0
용인시 처인구,202505,4945369.0
용인시 처인구,202506,4284805.0
용인시 처인구,202507,4264660.0
용인시 처인구,202508,4633810.0
용인시 처인구,202509,4604482.0
용인시 처인구,202510,5078712.0
용인시 처인구,202511,4537447.0
용인시 처인구,202512,3805954.0
용인시 처인구,202601,3753626.0
용인시 처인구,202602,3966775.0
용인시 처인구,202603,5299567.0
용인시 처인구,202604,4361202.0
용인시 처인구,202605,5011273.0
용인시 처인구,202606,4565028.0
용인시 처인구,202607,4412271.0
용인시 처인구,202608,4652324.0
울릉군,201901,42182.0
울릉군,201902,48225.0
울릉군,201903,137825.0
울릉군,201904,167452.0
울릉군,201905,271522.0
울릉군,201906,212663.0
울릉군,201907,147653.0
울릉군,201908,190041.0
울릉군,201909,124229.0
울릉군,201910,134329.0
울릉군,201911,88726.0
울릉군,201912,62807.0
울릉군,202001,38386.0
울릉군,202002,58728.0
울릉군,202003,75908.0
울릉군,202004,50778.0
울릉군,202005,106319.0
울릉군,202006,130668.0
울릉군,202007,123980.0
울릉군,202008,216680.0
울릉군,202009,70814.0
울릉군,202010,132444.0
울릉군,202011,85289.0
울릉군,202012,59494.0
울릉군,202101,42018.0
울릉군,202102,39518.0
울릉군,202103,91423.0
울릉군,202104,106044.0
울릉군,202105,167651.0
울릉군,202106,167843.0
울릉군,202107,149875.0
울릉군,202108,155493.0
울릉군,202109,125558.0
울릉군,202110,187384.0
울릉군,202111,112828.0
울릉군,202112,75743.0
울릉군,202201,56791.0
울릉군,202202,58986.0
울릉군,202203,103255.0
울릉군,202204,169338.0
울릉군,202205,255490.0
울릉군,202206,223026.0
울릉군,202207,223361.0
울릉군,202208,229978.0
울릉군,202209,174671.0
울릉군,202210,232286.0
울릉군,202211,109162.0
울릉군,202212,65127.0
울릉군,202301,52147.0
울릉군,202302,67361.0
울릉군,202303,146998.0
울릉군,202304,205332.0
울릉군,202305,263966.0
울릉군,202306,213064.0
울릉군,202307,131530.0
울릉군,202308,158962.0
울릉군,202309,144885.0
울릉군,202310,211519.0
울릉군,202311,84724.0
울릉군,202312,42374.0
울릉군,202401,47619.0
울릉군,202402,55781.0
울릉군,202403,133639.0
울릉군,202404,194719.0
울릉군,202405,216732.0
울릉군,202406,198171.0
울릉군,202407,148395.0
울릉군,202408,197816.0
울릉군,202409,148678.0
울릉군,202410,170247.0
울릉군,202411,88295.0
울릉군,202412,40756.0
울릉군,202501,44838.0
울릉군,202502,54089.0
울릉군,202503,132827.0
울릉군,202504,166338.0
울릉군,202505,217314.0
울릉군,202506,193079.0
울릉군,202507,172851.0
울릉군,202508,212202.0
울릉군,202509,128255.0
울릉군,202510,137671.0
울릉군,202511,75467.0
울릉군,202512,43049.0
울릉군,202601,43127.0
울릉군,202602,64196.0
울릉군,202603,116097.0
울릉군,202604,131803.0
울릉군,202605,176690.0
울릉군,202606,137234.0
울릉군,202607,124744.0
울릉군,202608,158309.0
울주군,201901,2141187.0
울주군,201902,2233723.0
울주군,201903,2685084.0
울주군,201904,2173685.0
울주군,201905,2506174.0
울주군,201906,2240936.0
울주군,201907,2607321.0
울주군,201908,2727808.0
울주군,201909,2491468.0
울주군,201910,2544047.0
울주군,201911,2414002.0
울주군,201912,2423824.0
울주군,202001,2578289.0
울주군,202002,2014208.0
울주군,202003,2065632.0
울주군,202004,2207075.0
울주군,202005,2607180.0
울주군,202006,2425796.0
울주군,202007,2449604.0
울주군,202008,2860299.0
울주군,202009,2323990.0
울주군,202010,2838518.0
울주군,202011,2471393.0
울주군,202012,2068685.0
울주군,202101,2036636.0
울주군,202102,2207467.0
울주군,202103,2533546.0
울주군,202104,2266022.0
울주군,202105,2488011.0
울주군,202106,2390173.0
울주군,202107,2580605.0
울주군,202108,2724431.0
울주군,202109,2662444.0
울주군,202110,2787735.0
울주군,202111,2555453.0
울주군,202112,2372660.0
울주군,202201,2509456.0
울주군,202202,2183164.0
울주군,202203,2508250.0
울주군,202204,2672063.0
울주군,202205,2895431.0
울주군,202206,2674690.0
울주군,202207,2961107.0
울주군,202208,3128517.0
울주군,202209,2934861.0
울주군,202210,3229703.0
울주군,202211,2777475.0
울주군,202212,2570579.0
울주군,202301,2804631.0
울주군,202302,2503788.0
울주군,202303,3032999.0
울주군,202304,2715146.0
울주군,202305,2989693.0
울주군,202306,2804139.0
울주군,202307,2959842.0
울주군,202308,3111939.0
울주군,202309,3079895.0
울주군,202310,3208513.0
울주군,202311,2737557.0
울주군,202312,2623368.0
울주군,202401,2767603.0
울주군,202402,2793343.0
울주군,202403,3111108.0
울주군,202404,2787944.0
울주군,202405,3060564.0
울주군,202406,2862647.0
울주군,202407,3031221.0
울주군,202408,3328532.0
울주군,202409,3139642.0
울주군,202410,3127180.0
울주군,202411,2972329.0
울주군,202412,2839938.0
울주군,202501,3145864.0
울주군,202502,2621646.0
울주군,202503,3162981.0
울주군,202504,2901361.0
울주군,202505,3396622.0
울주군,202506,3109733.0
울주군,202507,3388867.0
울주군,202508,3623142.0
울주군,202509,3295518.0
울주군,202510,3724461.0
울주군,202511,3466333.0
울주군,202512,3086542.0
울주군,202601,3003305.0
울주군,202602,2998439.0
울주군,202603,3407059.0
울주군,202604,3011071.0
울주군,202605,3336104.0
울주군,202606,3014279.0
울주군,202607,3254386.0
울주군,202608,3376206.0
울진군,201901,584479.0
울진군,201902,649709.0
울진군,201903,605166.0
울진군,201904,523647.0
울진군,201905,594313.0
울진군,201906,555758.0
울진군,201907,673355.0
울진군,201908,953860.0
울진군,201909,617354.0
울진군,201910,611287.0
울진군,201911,559111.0
울진군,201912,610332.0
울진군,202001,700651.0
울진군,202002,398032.0
울진군,202003,359559.0
울진군,202004,426143.0
울진군,202005,596252.0
울진군,202006,541175.0
울진군,202007,637561.0
울진군,202008,991944.0
울진군,202009,473938.0
울진군,202010,692950.0
울진군,202011,526021.0
울진군,202012,450437.0
울진군,202101,433275.0
울진군,202102,522460.0
울진군,202103,446575.0
울진군,202104,482002.0
울진군,202105,604040.0
울진군,202106,543326.0
울진군,202107,702799.0
울진군,202108,818391.0
울진군,202109,662954.0
울진군,202110,689478.0
울진군,202111,584961.0
울진군,202112,508474.0
울진군,202201,676168.0
울진군,202202,524283.0
울진군,202203,474558.0
울진군,202204,513653.0
울진군,202205,623925.0
울진군,202206,674760.0
울진군,202207,871627.0
울진군,202208,944303.0
울진군,202209,664716.0
울진군,202210,785314.0
울진군,202211,630990.0
울진군,202212,594933.0
울진군,202301,717891.0
울진군,202302,595320.0
울진군,202303,630706.0
울진군,202304,685199.0
울진군,202305,702019.0
울진군,202306,664140.0
울진군,202307,717833.0
울진군,202308,905962.0
울진군,202309,743523.0
울진군,202310,794080.0
울진군,202311,586856.0
울진군,202312,630298.0
울진군,202401,592391.0
울진군,202402,633559.0
울진군,202403,603072.0
울진군,202404,584005.0
울진군,202405,654207.0
울진군,202406,651758.0
울진군,202407,722866.0
울진군,202408,931182.0
울진군,202409,733284.0
울진군,202410,690963.0
울진군,202411,640962.0
울진군,202412,573509.0
울진군,202501,740088.0
울진군,202502,550924.0
울진군,202503,654194.0
울진군,202504,601947.0
울진군,202505,815351.0
울진군,202506,713756.0
울진군,202507,807161.0
울진군,202508,1028362.0
울진군,202509,592686.0
울진군,202510,895313.0
울진군,202511,664163.0
울진군,202512,614724.0
울진군,202601,681607.0
울진군,202602,727872.0
울진군,202603,653436.0
울진군,202604,591324.0
울진군,202605,762280.0
울진군,202606,640930.0
울진군,202607,761601.0
울진군,202608,995432.0
원주시,201901,2167102.0
원주시,201902,2201659.0
원주시,201903,2742855.0
원주시,201904,2023336.0
원주시,201905,2210758.0
원주시,201906,2410866.0
원주시,201907,2733817.0
원주시,201908,3412818.0
원주시,201909,2864650.0
원주시,201910,2550227.0
원주시,201911,2652516.0
원주시,201912,2495666.0
원주시,202001,2975273.0
원주시,202002,1837264.0
원주시,202003,1754667.0
원주시,202004,2046912.0
원주시,202005,2542944.0
원주시,202006,2477432.0
원주시,202007,2825722.0
원주시,202008,2431379.0
원주시,202009,2022939.0
원주시,202010,2602799.0
원주시,202011,1971891.0
원주시,202012,1871623.0
원주시,202101,1745604.0
원주시,202102,1926530.0
원주시,202103,2224852.0
원주시,202104,2052004.0
원주시,202105,2313758.0
원주시,202106,2197352.0
원주시,202107,2421213.0
원주시,202108,2494126.0
원주시,202109,2520238.0
원주시,202110,2625879.0
원주시,202111,2267151.0
원주시,202112,2382863.0
원주시,202201,2277287.0
원주시,202202,1981471.0
원주시,202203,2790875.0
원주시,202204,2555463.0
원주시,202205,2860807.0
원주시,202206,2470784.0
원주시,202207,2877348.0
원주시,202208,2920551.0
원주시,202209,2943885.0
원주시,202210,3041302.0
원주시,202211,2615356.0
원주시,202212,2252211.0
원주시,202301,2551600.0
원주시,202302,2380505.0
원주시,202303,3247967.0
원주시,202304,2452195.0
원주시,202305,2742817.0
원주시,202306,2579616.0
원주시,202307,2793315.0
원주시,202308,2909817.0
원주시,202309,3181233.0
원주시,202310,3085699.0
원주시,202311,2636207.0
원주시,202312,2644521.0
원주시,202401,2511747.0
원주시,202402,2728709.0
원주시,202403,3024207.0
원주시,202404,2594363.0
원주시,202405,2964566.0
원주시,202406,2836459.0
원주시,202407,2753904.0
원주시,202408,3143748.0
원주시,202409,3061607.0
원주시,202410,2965265.0
원주시,202411,2766439.0
원주시,202412,2420450.0
원주시,202501,2713391.0
원주시,202502,2194355.0
원주시,202503,2932899.0
원주시,202504,2457871.0
원주시,202505,3250436.0
원주시,202506,2862788.0
원주시,202507,2994091.0
원주시,202508,3313577.0
원주시,202509,2879151.0
원주시,202510,3587450.0
원주시,202511,3057321.0
원주시,202512,2629402.0
원주시,202601,2613747.0
원주시,202602,2771834.0
원주시,202603,3044334.0
원주시,202604,2598706.0
원주시,202605,3245523.0
원주시,202606,2786750.0
원주시,202607,3022698.0
원주시,202608,3265593.0
유성구,201901,4473217.0
유성구,201902,4107403.0
유성구,201903,5604691.0
유성구,201904,4310573.0
유성구,201905,4584515.0
유성구,201906,4270953.0
유성구,201907,4654219.0
유성구,201908,4545314.0
유성구,201909,4918558.0
유성구,201910,4875212.0
유성구,201911,4671443.0
유성구,201912,4778818.0
유성구,202001,4542375.0
유성구,202002,3712761.0
유성구,202003,3508390.0
유성구,202004,3758940.0
유성구,202005,4494665.0
유성구,202006,4092718.0
유성구,202007,3837641.0
유성구,202008,4020226.0
유성구,202009,4045317.0
유성구,202010,4288370.0
유성구,202011,4211151.0
유성구,202012,3507932.0
유성구,202101,3489594.0
유성구,202102,3615214.0
유성구,202103,4701583.0
유성구,202104,3751627.0
유성구,202105,4222847.0
유성구,202106,4101778.0
유성구,202107,4026683.0
유성구,202108,3687800.0
유성구,202109,4269372.0
유성구,202110,4428633.0
유성구,202111,4231093.0
유성구,202112,4141459.0
유성구,202201,4119279.0
유성구,202202,3487559.0
유성구,202203,4630213.0
유성구,202204,4386117.0
유성구,202205,4820360.0
유성구,202206,4574597.0
유성구,202207,4832147.0
유성구,202208,4586417.0
유성구,202209,5101741.0
유성구,202210,5046430.0
유성구,202211,4534787.0
유성구,202212,4584855.0
유성구,202301,4608618.0
유성구,202302,4462422.0
유성구,202303,5475892.0
유성구,202304,4662555.0
유성구,202305,4977561.0
유성구,202306,4857494.0
유성구,202307,4815824.0
유성구,202308,4817135.0
유성구,202309,5056997.0
유성구,202310,5192496.0
유성구,202311,4734907.0
유성구,202312,4967410.0
유성구,202401,4732991.0
유성구,202402,4702442.0
유성구,202403,5729030.0
유성구,202404,4810089.0
유성구,202405,5278475.0
유성구,202406,4976798.0
유성구,202407,4991008.0
유성구,202408,4958113.0
유성구,202409,5332970.0
유성구,202410,5253504.0
유성구,202411,5112650.0
유성구,202412,5038383.0
유성구,202501,4872113.0
유성구,202502,4623408.0
유성구,202503,5664481.0
유성구,202504,4892766.0
유성구,202505,5801495.0
유성구,202506,5195886.0
유성구,202507,5299878.0
유성구,202508,5274758.0
유성구,202509,5562714.0
유성구,202510,5540101.0
유성구,202511,5718373.0
유성구,202512,5475890.0
유성구,202601,5239444.0
유성구,202602,4961076.0
유성구,202603,6333682.0
유성구,202604,5062022.0
유성구,202605,5667255.0
유성구,202606,5148385.0
유성구,202607,5286425.0
유성구,202608,5464548.0
은평구,201901,2886626.0
은평구,201902,2822808.0
은평구,201903,3490487.0
은평구,201904,2777640.0
은평구,201905,3068417.0
은평구,201906,3048664.0
은평구,201907,3286028.0
은평구,201908,3629696.0
은평구,201909,3500191.0
은평구,201910,3356284.0
은평구,201911,3885371.0
은평구,201912,3289269.0
은평구,202001,3295662.0
은평구,202002,2643559.0
은평구,202003,2556212.0
은평구,202004,2744546.0
은평구,202005,3159820.0
은평구,202006,2869714.0
은평구,202007,3123653.0
은평구,202008,2770858.0
은평구,202009,2685932.0
은평구,202010,3130988.0
은평구,202011,2714814.0
은평구,202012,2419498.0
은평구,202101,2448080.0
은평구,202102,2611840.0
은평구,202103,2996590.0
은평구,202104,2681440.0
은평구,202105,2988851.0
은평구,202106,2799037.0
은평구,202107,2723421.0
은평구,202108,2629193.0
은평구,202109,3004751.0
은평구,202110,2946638.0
은평구,202111,2945549.0
은평구,202112,2884254.0
은평구,202201,2911773.0
은평구,202202,2501056.0
은평구,202203,2925929.0
은평구,202204,2957149.0
은평구,202205,3249774.0
은평구,202206,3075121.0
은평구,202207,3257571.0
은평구,202208,3075819.0
은평구,202209,3267718.0
은평구,202210,3182574.0
은평구,202211,2983712.0
은평구,202212,3033109.0
은평구,202301,3107646.0
은평구,202302,2887627.0
은평구,202303,3421890.0
은평구,202304,3025874.0
은평구,202305,3268729.0
은평구,202306,3073627.0
은평구,202307,3265989.0
은평구,202308,3234568.0
은평구,202309,3240765.0
은평구,202310,3140646.0
은평구,202311,2946056.0
은평구,202312,3136838.0
은평구,202401,2934537.0
은평구,202402,3059044.0
은평구,202403,3322429.0
은평구,202404,2649431.0
은평구,202405,3024696.0
은평구,202406,2894708.0
은평구,202407,2952282.0
은평구,202408,3096116.0
은평구,202409,3170931.0
은평구,202410,3122906.0
은평구,202411,2984189.0
은평구,202412,3000178.0
은평구,202501,3073742.0
은평구,202502,2737593.0
은평구,202503,3354757.0
은평구,202504,2849124.0
은평구,202505,3471304.0
은평구,202506,3094495.0
은평구,202507,3286650.0
은평구,202508,3172922.0
은평구,202509,3040858.0
은평구,202510,3476592.0
은평구,202511,3138200.0
은평구,202512,3198628.0
은평구,202601,3040717.0
은평구,202602,2976479.0
은평구,202603,3486929.0
은평구,202604,2964736.0
은평구,202605,3328701.0
은평구,202606,2974419.0
은평구,202607,3115068.0
은평구,202608,3244557.0
음성군,201901,1093639.0
음성군,201902,1152611.0
음성군,201903,1419016.0
음성군,201904,1243630.0
음성군,201905,1402950.0
음성군,201906,1255891.0
음성군,201907,1320668.0
음성군,201908,1378494.0
음성군,201909,1446810.0
음성군,201910,1313634.0
음성군,201911,1252576.0
음성군,201912,1132888.0
음성군,202001,1284213.0
음성군,202002,956874.0
음성군,202003,1092829.0
음성군,202004,1174221.0
음성군,202005,1309876.0
음성군,202006,1284253.0
음성군,202007,1314533.0
음성군,202008,1239068.0
음성군,202009,1325516.0
음성군,202010,1419270.0
음성군,202011,1273766.0
음성군,202012,1039320.0
음성군,202101,971664.0
음성군,202102,1073134.0
음성군,202103,1317171.0
음성군,202104,1250075.0
음성군,202105,1325743.0
음성군,202106,1305688.0
음성군,202107,1341469.0
음성군,202108,1315785.0
음성군,202109,1402875.0
음성군,202110,1403895.0
음성군,202111,1291121.0
음성군,202112,1155568.0
음성군,202201,1309609.0
음성군,202202,1171857.0
음성군,202203,1413650.0
음성군,202204,1585653.0
음성군,202205,1762616.0
음성군,202206,1599489.0
음성군,202207,1733286.0
음성군,202208,1710418.0
음성군,202209,1918996.0
음성군,202210,1901375.0
음성군,202211,1681660.0
음성군,202212,1352599.0
음성군,202301,1486175.0
음성군,202302,1330403.0
음성군,202303,1670084.0
음성군,202304,1600673.0
음성군,202305,1777930.0
음성군,202306,1682800.0
음성군,202307,1662541.0
음성군,202308,1781106.0
음성군,202309,1689806.0
음성군,202310,1623404.0
음성군,202311,1412347.0
음성군,202312,1223620.0
음성군,202401,1251484.0
음성군,202402,1356025.0
음성군,202403,1567370.0
음성군,202404,1476525.0
음성군,202405,1622639.0
음성군,202406,1512770.0
음성군,202407,1459759.0
음성군,202408,1533008.0
음성군,202409,1652958.0
음성군,202410,1619405.0
음성군,202411,1465274.0
음성군,202412,1282968.0
음성군,202501,1293364.0
음성군,202502,1164867.0
음성군,202503,1498474.0
음성군,202504,1500879.0
음성군,202505,1818548.0
음성군,202506,1707221.0
음성군,202507,1687717.0
음성군,202508,1711786.0
음성군,202509,1705721.0
음성군,202510,1855757.0
음성군,202511,1729227.0
음성군,202512,1464062.0
음성군,202601,1320057.0
음성군,202602,1471965.0
음성군,202603,1724889.0
음성군,202604,1592305.0
음성군,202605,1727401.0
음성군,202606,1681969.0
음성군,202607,1610558.0
음성군,202608,1676230.0
의령군,201901,240432.0
의령군,201902,343885.0
의령군,201903,304378.0
의령군,201904,333302.0
의령군,201905,360812.0
의령군,201906,306848.0
의령군,201907,304223.0
의령군,201908,360676.0
의령군,201909,386043.0
의령군,201910,323362.0
의령군,201911,338643.0
의령군,201912,279310.0
의령군,202001,357014.0
의령군,202002,241527.0
의령군,202003,295485.0
의령군,202004,322139.0
의령군,202005,390885.0
의령군,202006,320062.0
의령군,202007,292247.0
의령군,202008,353828.0
의령군,202009,333063.0
의령군,202010,424805.0
의령군,202011,325223.0
의령군,202012,274538.0
의령군,202101,249939.0
의령군,202102,318616.0
의령군,202103,319688.0
의령군,202104,335294.0
의령군,202105,391358.0
의령군,202106,332599.0
의령군,202107,319329.0
의령군,202108,343494.0
의령군,202109,435009.0
의령군,202110,376415.0
의령군,202111,334167.0
의령군,202112,295243.0
의령군,202201,326743.0
의령군,202202,293848.0
의령군,202203,300224.0
의령군,202204,377793.0
의령군,202205,418986.0
의령군,202206,331038.0
의령군,202207,350115.0
의령군,202208,363216.0
의령군,202209,407029.0
의령군,202210,421969.0
의령군,202211,347071.0
의령군,202212,286116.0
의령군,202301,350004.0
의령군,202302,272790.0
의령군,202303,349482.0
의령군,202304,416562.0
의령군,202305,396616.0
의령군,202306,348188.0
의령군,202307,329182.0
의령군,202308,348550.0
의령군,202309,463746.0
의령군,202310,460381.0
의령군,202311,354323.0
의령군,202312,317622.0
의령군,202401,294912.0
의령군,202402,360195.0
의령군,202403,371911.0
의령군,202404,410861.0
의령군,202405,428475.0
의령군,202406,360513.0
의령군,202407,337849.0
의령군,202408,355403.0
의령군,202409,442633.0
의령군,202410,478774.0
의령군,202411,370567.0
의령군,202412,306917.0
의령군,202501,361942.0
의령군,202502,243841.0
의령군,202503,354135.0
의령군,202504,419000.0
의령군,202505,461627.0
의령군,202506,374828.0
의령군,202507,336543.0
의령군,202508,370063.0
의령군,202509,377757.0
의령군,202510,612641.0
의령군,202511,396970.0
의령군,202512,327351.0
의령군,202601,295460.0
의령군,202602,365303.0
의령군,202603,354004.0
의령군,202604,427500.0
의령군,202605,473285.0
의령군,202606,363902.0
의령군,202607,340915.0
의령군,202608,364493.0
의성군,201901,431255.0
의성군,201902,597104.0
의성군,201903,542055.0
의성군,201904,480272.0
의성군,201905,596597.0
의성군,201906,526395.0
의성군,201907,561464.0
의성군,201908,636762.0
의성군,201909,709234.0
의성군,201910,559398.0
의성군,201911,546132.0
의성군,201912,445737.0
의성군,202001,632335.0
의성군,202002,352140.0
의성군,202003,401422.0
의성군,202004,498948.0
의성군,202005,651175.0
의성군,202006,558816.0
의성군,202007,545925.0
의성군,202008,641646.0
의성군,202009,586137.0
의성군,202010,710073.0
의성군,202011,538050.0
의성군,202012,420057.0
의성군,202101,392439.0
의성군,202102,504641.0
의성군,202103,496102.0
의성군,202104,533273.0
의성군,202105,666436.0
의성군,202106,601187.0
의성군,202107,613903.0
의성군,202108,613077.0
의성군,202109,759310.0
의성군,202110,644156.0
의성군,202111,583873.0
의성군,202112,461393.0
의성군,202201,530981.0
의성군,202202,465493.0
의성군,202203,493610.0
의성군,202204,563386.0
의성군,202205,655175.0
의성군,202206,560558.0
의성군,202207,676277.0
의성군,202208,652405.0
의성군,202209,749315.0
의성군,202210,683539.0
의성군,202211,587132.0
의성군,202212,508335.0
의성군,202301,635137.0
의성군,202302,463346.0
의성군,202303,620755.0
의성군,202304,593561.0
의성군,202305,679207.0
의성군,202306,612479.0
의성군,202307,593805.0
의성군,202308,615069.0
의성군,202309,791365.0
의성군,202310,627958.0
의성군,202311,547511.0
의성군,202312,463034.0
의성군,202401,429224.0
의성군,202402,595226.0
의성군,202403,589784.0
의성군,202404,548704.0
의성군,202405,653310.0
의성군,202406,588620.0
의성군,202407,547823.0
의성군,202408,602694.0
의성군,202409,773979.0
의성군,202410,619405.0
의성군,202411,610932.0
의성군,202412,474480.0
의성군,202501,610546.0
의성군,202502,400746.0
의성군,202503,632852.0
의성군,202504,563818.0
의성군,202505,724359.0
의성군,202506,585711.0
의성군,202507,587046.0
의성군,202508,603676.0
의성군,202509,580967.0
의성군,202510,782965.0
의성군,202511,594121.0
의성군,202512,455157.0
의성군,202601,439478.0
의성군,202602,572855.0
의성군,202603,587689.0
의성군,202604,518513.0
의성군,202605,670775.0
의성군,202606,540010.0
의성군,202607,540819.0
의성군,202608,573894.0
의왕시,201901,1824742.0
의왕시,201902,1661324.0
의왕시,201903,2299294.0
의왕시,201904,1873786.0
의왕시,201905,2060184.0
의왕시,201906,1955380.0
의왕시,201907,2089068.0
의왕시,201908,2307829.0
의왕시,201909,2145542.0
의왕시,201910,2099119.0
의왕시,201911,2144544.0
의왕시,201912,2059321.0
의왕시,202001,2008250.0
의왕시,202002,1760207.0
의왕시,202003,1924299.0
의왕시,202004,2107836.0
의왕시,202005,2258244.0
의왕시,202006,2045226.0
의왕시,202007,2194466.0
의왕시,202008,1914712.0
의왕시,202009,2198259.0
의왕시,202010,2298896.0
의왕시,202011,1922990.0
의왕시,202012,1638289.0
의왕시,202101,1670219.0
의왕시,202102,1799368.0
의왕시,202103,2144659.0
의왕시,202104,2121811.0
의왕시,202105,2284885.0
의왕시,202106,2144757.0
의왕시,202107,2063218.0
의왕시,202108,2142528.0
의왕시,202109,2612948.0
의왕시,202110,2586136.0
의왕시,202111,2269586.0
의왕시,202112,2068467.0
의왕시,202201,2116627.0
의왕시,202202,1815862.0
의왕시,202203,2200780.0
의왕시,202204,2484528.0
의왕시,202205,2756767.0
의왕시,202206,2415792.0
의왕시,202207,2521701.0
의왕시,202208,2446277.0
의왕시,202209,2596449.0
의왕시,202210,2626643.0
의왕시,202211,2356668.0
의왕시,202212,2253835.0
의왕시,202301,2286021.0
의왕시,202302,2111488.0
의왕시,202303,2545192.0
의왕시,202304,2386703.0
의왕시,202305,2588867.0
의왕시,202306,2435072.0
의왕시,202307,2496759.0
의왕시,202308,2462537.0
의왕시,202309,2504567.0
의왕시,202310,2489331.0
의왕시,202311,2250144.0
의왕시,202312,2275628.0
의왕시,202401,2156195.0
의왕시,202402,2273093.0
의왕시,202403,2596296.0
의왕시,202404,2477898.0
의왕시,202405,2638246.0
의왕시,202406,2504564.0
의왕시,202407,2450399.0
의왕시,202408,2520443.0
의왕시,202409,2597725.0
의왕시,202410,2643730.0
의왕시,202411,2442314.0
의왕시,202412,2376051.0
의왕시,202501,2355492.0
의왕시,202502,2139852.0
의왕시,202503,2670317.0
의왕시,202504,2442390.0
의왕시,202505,2866146.0
의왕시,202506,2669065.0
의왕시,202507,2808676.0
의왕시,202508,2780090.0
의왕시,202509,2677786.0
의왕시,202510,2751096.0
의왕시,202511,2708398.0
의왕시,202512,2585449.0
의왕시,202601,2383257.0
의왕시,202602,2327699.0
의왕시,202603,2753038.0
의왕시,202604,2524595.0
의왕시,202605,2816506.0
의왕시,202606,2531112.0
의왕시,202607,2652112.0
의왕시,202608,2678226.0
의정부시,201901,3286686.0
의정부시,201902,3209412.0
의정부시,201903,3817644.0
의정부시,201904,3064411.0
의정부시,201905,3432813.0
의정부시,201906,3406011.0
의정부시,201907,3683009.0
의정부시,201908,4082904.0
의정부시,201909,3923215.0
의정부시,201910,3588353.0
의정부시,201911,3898112.0
의정부시,201912,3554819.0
의정부시,202001,3644108.0
의정부시,202002,2930540.0
의정부시,202003,2890809.0
의정부시,202004,2837728.0
의정부시,202005,3473388.0
의정부시,202006,3177424.0
의정부시,202007,3400999.0
의정부시,202008,3164791.0
의정부시,202009,3146148.0
의정부시,202010,3592924.0
의정부시,202011,3175335.0
의정부시,202012,2780114.0
의정부시,202101,2773142.0
의정부시,202102,3020849.0
의정부시,202103,3409488.0
의정부시,202104,3138534.0
의정부시,202105,3407410.0
의정부시,202106,3226497.0
의정부시,202107,3202253.0
의정부시,202108,3267985.0
의정부시,202109,3592048.0
의정부시,202110,3445775.0
의정부시,202111,3321391.0
의정부시,202112,3177765.0
의정부시,202201,3247638.0
의정부시,202202,2733722.0
의정부시,202203,3173714.0
의정부시,202204,3696486.0
의정부시,202205,3659549.0
의정부시,202206,3395621.0
의정부시,202207,3695821.0
의정부시,202208,3500970.0
의정부시,202209,3850757.0
의정부시,202210,3805676.0
의정부시,202211,3371150.0
의정부시,202212,3416517.0
의정부시,202301,3534188.0
의정부시,202302,3141549.0
의정부시,202303,3861622.0
의정부시,202304,3364609.0
의정부시,202305,3698916.0
의정부시,202306,3242038.0
의정부시,202307,3765897.0
의정부시,202308,3958184.0
의정부시,202309,4077754.0
의정부시,202310,3764975.0
의정부시,202311,3453182.0
의정부시,202312,3680182.0
의정부시,202401,3334712.0
의정부시,202402,3471196.0
의정부시,202403,3847081.0
의정부시,202404,3273130.0
의정부시,202405,3784701.0
의정부시,202406,3282452.0
의정부시,202407,3424174.0
의정부시,202408,3546225.0
의정부시,202409,3592339.0
의정부시,202410,3516492.0
의정부시,202411,3345822.0
의정부시,202412,3387476.0
의정부시,202501,3492799.0
의정부시,202502,2985468.0
의정부시,202503,3744892.0
의정부시,202504,3210404.0
의정부시,202505,3886141.0
의정부시,202506,3424583.0
의정부시,202507,3697843.0
의정부시,202508,3737784.0
의정부시,202509,3680770.0
의정부시,202510,4239343.0
의정부시,202511,3772342.0
의정부시,202512,3851077.0
의정부시,202601,3581392.0
의정부시,202602,3583466.0
의정부시,202603,4096774.0
의정부시,202604,3431657.0
의정부시,202605,4019997.0
의정부시,202606,3608821.0
의정부시,202607,3749281.0
의정부시,202608,3878651.0
이천시,201901,2890971.0
이천시,201902,2793519.0
이천시,201903,3305183.0
이천시,201904,2813151.0
이천시,201905,3048475.0
이천시,201906,2881152.0
이천시,201907,3073516.0
이천시,201908,3559494.0
이천시,201909,3419300.0
이천시,201910,3273745.0
이천시,201911,3454291.0
이천시,201912,3071202.0
이천시,202001,3328241.0
이천시,202002,2311217.0
이천시,202003,2437338.0
이천시,202004,2740278.0
이천시,202005,3138470.0
이천시,202006,2871133.0
이천시,202007,3081318.0
이천시,202008,2940243.0
이천시,202009,2943639.0
이천시,202010,3311856.0
이천시,202011,2946816.0
이천시,202012,2401828.0
이천시,202101,2349158.0
이천시,202102,2714864.0
이천시,202103,3043591.0
이천시,202104,2976705.0
이천시,202105,3311635.0
이천시,202106,3043229.0
이천시,202107,2976272.0
이천시,202108,3137223.0
이천시,202109,3418539.0
이천시,202110,3652475.0
이천시,202111,3367440.0
이천시,202112,3127102.0
이천시,202201,3174382.0
이천시,202202,2587148.0
이천시,202203,3016385.0
이천시,202204,3542035.0
이천시,202205,3621847.0
이천시,202206,3229283.0
이천시,202207,3454770.0
이천시,202208,3542445.0
이천시,202209,3726185.0
이천시,202210,3809827.0
이천시,202211,3415997.0
이천시,202212,2894370.0
이천시,202301,2971682.0
이천시,202302,3116214.0
이천시,202303,3219291.0
이천시,202304,3151079.0
이천시,202305,3268847.0
이천시,202306,3064465.0
이천시,202307,3184837.0
이천시,202308,3129566.0
이천시,202309,3408234.0
이천시,202310,3435939.0
이천시,202311,2916255.0
이천시,202312,2757494.0
이천시,202401,2647773.0
이천시,202402,2875330.0
이천시,202403,3164004.0
이천시,202404,2872589.0
이천시,202405,3133135.0
이천시,202406,2896080.0
이천시,202407,2845051.0
이천시,202408,3067924.0
이천시,202409,3168287.0
이천시,202410,3223483.0
이천시,202411,2934626.0
이천시,202412,2753413.0
이천시,202501,2903624.0
이천시,202502,2607313.0
이천시,202503,3137069.0
이천시,202504,2810164.0
이천시,202505,3352045.0
이천시,202506,2954997.0
이천시,202507,3002725.0
이천시,202508,3150087.0
이천시,202509,3070982.0
이천시,202510,3487960.0
이천시,202511,3174648.0
이천시,202512,2849644.0
이천시,202601,2853860.0
이천시,202602,3024593.0
이천시,202603,3561642.0
이천시,202604,2965059.0
이천시,202605,3309440.0
이천시,202606,3136433.0
이천시,202607,3163425.0
이천시,202608,3291020.0
익산시,201901,1595891.0
익산시,201902,1862062.0
익산시,201903,2183187.0
익산시,201904,1651987.0
익산시,201905,1879186.0
익산시,201906,1662052.0
익산시,201907,1784265.0
익산시,201908,1880751.0
익산시,201909,2320549.0
익산시,201910,1972860.0
익산시,201911,1911623.0
익산시,201912,1837667.0
익산시,202001,1972181.0
익산시,202002,1470475.0
익산시,202003,1599334.0
익산시,202004,1564162.0
익산시,202005,1878108.0
익산시,202006,1687349.0
익산시,202007,1829970.0
익산시,202008,1755271.0
익산시,202009,1685802.0
익산시,202010,2031389.0
익산시,202011,1744606.0
익산시,202012,1464290.0
익산시,202101,1406160.0
익산시,202102,1643492.0
익산시,202103,2022044.0
익산시,202104,1613832.0
익산시,202105,1858867.0
익산시,202106,1681270.0
익산시,202107,1728162.0
익산시,202108,1765840.0
익산시,202109,2007849.0
익산시,202110,1959680.0
익산시,202111,1784580.0
익산시,202112,1696282.0
익산시,202201,1733304.0
익산시,202202,1465432.0
익산시,202203,1910155.0
익산시,202204,1653551.0
익산시,202205,1784851.0
익산시,202206,1823786.0
익산시,202207,2512667.0
익산시,202208,1853076.0
익산시,202209,2268431.0
익산시,202210,2049071.0
익산시,202211,1827788.0
익산시,202212,1684093.0
익산시,202301,1977193.0
익산시,202302,1643269.0
익산시,202303,2212813.0
익산시,202304,1847083.0
익산시,202305,2020715.0
익산시,202306,1830668.0
익산시,202307,1905222.0
익산시,202308,2051287.0
익산시,202309,2341764.0
익산시,202310,2248164.0
익산시,202311,1899389.0
익산시,202312,1866724.0
익산시,202401,1784957.0
익산시,202402,2074209.0
익산시,202403,2311405.0
익산시,202404,1886708.0
익산시,202405,2111673.0
익산시,202406,1876809.0
익산시,202407,1890798.0
익산시,202408,1960348.0
익산시,202409,2389088.0
익산시,202410,2314634.0
익산시,202411,2151965.0
익산시,202412,2001131.0
익산시,202501,2251722.0
익산시,202502,1779594.0
익산시,202503,2463790.0
익산시,202504,2004638.0
익산시,202505,2509294.0
익산시,202506,2114264.0
익산시,202507,2209448.0
익산시,202508,2266301.0
익산시,202509,2304670.0
익산시,202510,2784690.0
익산시,202511,2300920.0
익산시,202512,2124814.0
익산시,202601,2032745.0
익산시,202602,2215369.0
익산시,202603,2523235.0
익산시,202604,2065441.0
익산시,202605,2399250.0
익산시,202606,2047735.0
익산시,202607,2127752.0
익산시,202608,2234547.0
인제군,201901,690014.0
인제군,201902,583530.0
인제군,201903,619772.0
인제군,201904,550371.0
인제군,201905,755493.0
인제군,201906,786801.0
인제군,201907,953982.0
인제군,201908,1427417.0
인제군,201909,753643.0
인제군,201910,1060379.0
인제군,201911,713389.0
인제군,201912,607801.0
인제군,202001,709297.0
인제군,202002,478975.0
인제군,202003,485550.0
인제군,202004,534268.0
인제군,202005,750679.0
인제군,202006,812266.0
인제군,202007,1008648.0
인제군,202008,1120155.0
인제군,202009,624926.0
인제군,202010,1080112.0
인제군,202011,565563.0
인제군,202012,521701.0
인제군,202101,427301.0
인제군,202102,528239.0
인제군,202103,515018.0
인제군,202104,601833.0
인제군,202105,798765.0
인제군,202106,748198.0
인제군,202107,967597.0
인제군,202108,1071602.0
인제군,202109,777089.0
인제군,202110,1021975.0
인제군,202111,610540.0
인제군,202112,547861.0
인제군,202201,637267.0
인제군,202202,504188.0
인제군,202203,449682.0
인제군,202204,627581.0
인제군,202205,839707.0
인제군,202206,850749.0
인제군,202207,1025601.0
인제군,202208,1156141.0
인제군,202209,817894.0
인제군,202210,1225098.0
인제군,202211,611348.0
인제군,202212,531565.0
인제군,202301,638758.0
인제군,202302,516366.0
인제군,202303,543901.0
인제군,202304,603939.0
인제군,202305,799615.0
인제군,202306,817107.0
인제군,202307,948329.0
인제군,202308,1170542.0
인제군,202309,885429.0
인제군,202310,1205729.0
인제군,202311,581915.0
인제군,202312,584250.0
인제군,202401,494495.0
인제군,202402,540688.0
인제군,202403,534610.0
인제군,202404,570996.0
인제군,202405,789006.0
인제군,202406,830845.0
인제군,202407,805117.0
인제군,202408,1243254.0
인제군,202409,780658.0
인제군,202410,1115465.0
인제군,202411,652121.0
인제군,202412,482069.0
인제군,202501,573168.0
인제군,202502,428192.0
인제군,202503,572211.0
인제군,202504,543374.0
인제군,202505,878877.0
인제군,202506,788797.0
인제군,202507,957798.0
인제군,202508,1283821.0
인제군,202509,688331.0
인제군,202510,1469330.0
인제군,202511,944728.0
인제군,202512,752555.0
인제군,202601,812260.0
인제군,202602,822317.0
인제군,202603,671534.0
인제군,202604,752075.0
인제군,202605,1144678.0
인제군,202606,997628.0
인제군,202607,1247790.0
인제군,202608,1587170.0
임실군,201901,319383.0
임실군,201902,436191.0
임실군,201903,411573.0
임실군,201904,434071.0
임실군,201905,505875.0
임실군,201906,572190.0
임실군,201907,555829.0
임실군,201908,705113.0
임실군,201909,714310.0
임실군,201910,712908.0
임실군,201911,585432.0
임실군,201912,487230.0
임실군,202001,598729.0
임실군,202002,337789.0
임실군,202003,436138.0
임실군,202004,548560.0
임실군,202005,652886.0
임실군,202006,548263.0
임실군,202007,545102.0
임실군,202008,649329.0
임실군,202009,527658.0
임실군,202010,685909.0
임실군,202011,458558.0
임실군,202012,423189.0
임실군,202101,379702.0
임실군,202102,531723.0
임실군,202103,573069.0
임실군,202104,609119.0
임실군,202105,690969.0
임실군,202106,596647.0
임실군,202107,616357.0
임실군,202108,677367.0
임실군,202109,762945.0
임실군,202110,784521.0
임실군,202111,616199.0
임실군,202112,490810.0
임실군,202201,547498.0
임실군,202202,466843.0
임실군,202203,531378.0
임실군,202204,685033.0
임실군,202205,739835.0
임실군,202206,598951.0
임실군,202207,777761.0
임실군,202208,779127.0
임실군,202209,815322.0
임실군,202210,947405.0
임실군,202211,741212.0
임실군,202212,462122.0
임실군,202301,606604.0
임실군,202302,458555.0
임실군,202303,715476.0
임실군,202304,778896.0
임실군,202305,802949.0
임실군,202306,688235.0
임실군,202307,649151.0
임실군,202308,726847.0
임실군,202309,872514.0
임실군,202310,1009878.0
임실군,202311,663436.0
임실군,202312,550236.0
임실군,202401,493257.0
임실군,202402,676080.0
임실군,202403,755340.0
임실군,202404,815227.0
임실군,202405,899015.0
임실군,202406,719231.0
임실군,202407,634838.0
임실군,202408,751136.0
임실군,202409,868373.0
임실군,202410,948442.0
임실군,202411,733870.0
임실군,202412,580939.0
임실군,202501,634573.0
임실군,202502,440754.0
임실군,202503,717893.0
임실군,202504,812736.0
임실군,202505,1021603.0
임실군,202506,746241.0
임실군,202507,666928.0
임실군,202508,772790.0
임실군,202509,690245.0
임실군,202510,1291291.0
임실군,202511,783681.0
임실군,202512,604378.0
임실군,202601,518628.0
임실군,202602,706934.0
임실군,202603,722245.0
임실군,202604,806052.0
임실군,202605,1076582.0
임실군,202606,713678.0
임실군,202607,672774.0
임실군,202608,738994.0
장성군,201901,522242.0
장성군,201902,616792.0
장성군,201903,738881.0
장성군,201904,640621.0
장성군,201905,750669.0
장성군,201906,703373.0
장성군,201907,716385.0
장성군,201908,770392.0
장성군,201909,788823.0
장성군,201910,1062722.0
장성군,201911,956884.0
장성군,201912,637538.0
장성군,202001,679902.0
장성군,202002,514521.0
장성군,202003,740736.0
장성군,202004,700968.0
장성군,202005,817289.0
장성군,202006,734357.0
장성군,202007,689194.0
장성군,202008,729980.0
장성군,202009,667495.0
장성군,202010,933415.0
장성군,202011,753879.0
장성군,202012,626456.0
장성군,202101,538108.0
장성군,202102,670701.0
장성군,202103,852963.0
장성군,202104,754277.0
장성군,202105,888650.0
장성군,202106,814113.0
장성군,202107,804251.0
장성군,202108,801979.0
장성군,202109,932044.0
장성군,202110,1054521.0
장성군,202111,923353.0
장성군,202112,680966.0
장성군,202201,694350.0
장성군,202202,613849.0
장성군,202203,772058.0
장성군,202204,807490.0
장성군,202205,899107.0
장성군,202206,748357.0
장성군,202207,975275.0
장성군,202208,870188.0
장성군,202209,943818.0
장성군,202210,1244898.0
장성군,202211,1016661.0
장성군,202212,691842.0
장성군,202301,749728.0
장성군,202302,668223.0
장성군,202303,908368.0
장성군,202304,870206.0
장성군,202305,996214.0
장성군,202306,901747.0
장성군,202307,841220.0
장성군,202308,921816.0
장성군,202309,919037.0
장성군,202310,1207214.0
장성군,202311,936652.0
장성군,202312,691943.0
장성군,202401,640330.0
장성군,202402,759966.0
장성군,202403,847766.0
장성군,202404,840526.0
장성군,202405,967950.0
장성군,202406,833741.0
장성군,202407,784864.0
장성군,202408,854289.0
장성군,202409,888648.0
장성군,202410,1054251.0
장성군,202411,1022656.0
장성군,202412,680646.0
장성군,202501,732875.0
장성군,202502,564881.0
장성군,202503,893854.0
장성군,202504,871749.0
장성군,202505,1033186.0
장성군,202506,868087.0
장성군,202507,867012.0
장성군,202508,921442.0
장성군,202509,815257.0
장성군,202510,1247378.0
장성군,202511,1152490.0
장성군,202512,745957.0
장성군,202601,681842.0
장성군,202602,772161.0
장성군,202603,909530.0
장성군,202604,853900.0
장성군,202605,1018778.0
장성군,202606,853661.0
장성군,202607,875897.0
장성군,202608,908551.0
장수군,201901,156926.0
장수군,201902,223137.0
장수군,201903,194577.0
장수군,201904,199914.0
장수군,201905,252348.0
장수군,201906,210663.0
장수군,201907,262570.0
장수군,201908,368376.0
장수군,201909,318843.0
장수군,201910,222644.0
장수군,201911,233312.0
장수군,201912,166042.0
장수군,202001,232464.0
장수군,202002,146624.0
장수군,202003,182932.0
장수군,202004,216257.0
장수군,202005,260283.0
장수군,202006,210025.0
장수군,202007,234555.0
장수군,202008,301325.0
장수군,202009,236703.0
장수군,202010,263586.0
장수군,202011,194593.0
장수군,202012,167209.0
장수군,202101,145950.0
장수군,202102,200423.0
장수군,202103,200551.0
장수군,202104,233751.0
장수군,202105,231018.0
장수군,202106,221498.0
장수군,202107,262425.0
장수군,202108,295492.0
장수군,202109,305900.0
장수군,202110,253228.0
장수군,202111,229889.0
장수군,202112,169690.0
장수군,202201,206602.0
장수군,202202,168717.0
장수군,202203,187850.0
장수군,202204,220530.0
장수군,202205,240739.0
장수군,202206,218590.0
장수군,202207,336368.0
장수군,202208,313341.0
장수군,202209,326421.0
장수군,202210,291774.0
장수군,202211,235526.0
장수군,202212,153166.0
장수군,202301,238508.0
장수군,202302,169510.0
장수군,202303,218423.0
장수군,202304,231189.0
장수군,202305,250074.0
장수군,202306,236923.0
장수군,202307,249427.0
장수군,202308,308606.0
장수군,202309,336822.0
장수군,202310,230907.0
장수군,202311,204336.0
장수군,202312,149983.0
장수군,202401,154141.0
장수군,202402,217990.0
장수군,202403,190703.0
장수군,202404,217013.0
장수군,202405,235737.0
장수군,202406,220696.0
장수군,202407,222550.0
장수군,202408,316752.0
장수군,202409,320568.0
장수군,202410,214273.0
장수군,202411,218879.0
장수군,202412,148853.0
장수군,202501,204897.0
장수군,202502,131662.0
장수군,202503,208073.0
장수군,202504,211929.0
장수군,202505,274329.0
장수군,202506,213871.0
장수군,202507,252142.0
장수군,202508,294327.0
장수군,202509,263018.0
장수군,202510,324268.0
장수군,202511,224896.0
장수군,202512,155605.0
장수군,202601,154760.0
장수군,202602,208189.0
장수군,202603,193639.0
장수군,202604,212177.0
장수군,202605,264669.0
장수군,202606,204648.0
장수군,202607,246476.0
장수군,202608,282894.0
장흥군,201901,337945.0
장흥군,201902,421783.0
장흥군,201903,369124.0
장흥군,201904,381501.0
장흥군,201905,416025.0
장흥군,201906,344836.0
장흥군,201907,410300.0
장흥군,201908,441571.0
장흥군,201909,425843.0
장흥군,201910,413778.0
장흥군,201911,385913.0
장흥군,201912,363592.0
장흥군,202001,456396.0
장흥군,202002,282933.0
장흥군,202003,317291.0
장흥군,202004,339919.0
장흥군,202005,418420.0
장흥군,202006,333725.0
장흥군,202007,344361.0
장흥군,202008,428233.0
장흥군,202009,355872.0
장흥군,202010,428210.0
장흥군,202011,326179.0
장흥군,202012,372561.0
장흥군,202101,309194.0
장흥군,202102,360879.0
장흥군,202103,354023.0
장흥군,202104,386662.0
장흥군,202105,419438.0
장흥군,202106,376346.0
장흥군,202107,401842.0
장흥군,202108,419786.0
장흥군,202109,461110.0
장흥군,202110,421210.0
장흥군,202111,391503.0
장흥군,202112,383857.0
장흥군,202201,441771.0
장흥군,202202,336850.0
장흥군,202203,340052.0
장흥군,202204,423234.0
장흥군,202205,423987.0
장흥군,202206,402319.0
장흥군,202207,586356.0
장흥군,202208,510931.0
장흥군,202209,512810.0
장흥군,202210,487223.0
장흥군,202211,430563.0
장흥군,202212,375332.0
장흥군,202301,493650.0
장흥군,202302,344184.0
장흥군,202303,430613.0
장흥군,202304,489588.0
장흥군,202305,470939.0
장흥군,202306,432188.0
장흥군,202307,475842.0
장흥군,202308,499349.0
장흥군,202309,527461.0
장흥군,202310,490414.0
장흥군,202311,403980.0
장흥군,202312,407966.0
장흥군,202401,375064.0
장흥군,202402,453669.0
장흥군,202403,406006.0
장흥군,202404,468233.0
장흥군,202405,478070.0
장흥군,202406,402642.0
장흥군,202407,465715.0
장흥군,202408,523323.0
장흥군,202409,531951.0
장흥군,202410,441325.0
장흥군,202411,427804.0
장흥군,202412,409270.0
장흥군,202501,512999.0
장흥군,202502,311898.0
장흥군,202503,420119.0
장흥군,202504,471146.0
장흥군,202505,541979.0
장흥군,202506,420349.0
장흥군,202507,480457.0
장흥군,202508,482423.0
장흥군,202509,402712.0
장흥군,202510,637095.0
장흥군,202511,437938.0
장흥군,202512,415618.0
장흥군,202601,393605.0
장흥군,202602,471407.0
장흥군,202603,424995.0
장흥군,202604,464745.0
장흥군,202605,514859.0
장흥군,202606,415562.0
장흥군,202607,485214.0
장흥군,202608,483325.0
전주시 덕진구,201901,2599464.0
전주시 덕진구,201902,2702230.0
전주시 덕진구,201903,3294577.0
전주시 덕진구,201904,2586184.0
전주시 덕진구,201905,2828492.0
전주시 덕진구,201906,2504987.0
전주시 덕진구,201907,2756522.0
전주시 덕진구,201908,2811588.0
전주시 덕진구,201909,3095440.0
전주시 덕진구,201910,2913050.0
전주시 덕진구,201911,2801382.0
전주시 덕진구,201912,2847503.0
전주시 덕진구,202001,2845512.0
전주시 덕진구,202002,2272297.0
전주시 덕진구,202003,2155060.0
전주시 덕진구,202004,2195143.0
전주시 덕진구,202005,2684405.0
전주시 덕진구,202006,2512263.0
전주시 덕진구,202007,2663515.0
전주시 덕진구,202008,2475097.0
전주시 덕진구,202009,2332172.0
전주시 덕진구,202010,2797701.0
전주시 덕진구,202011,2460418.0
전주시 덕진구,202012,2177582.0
전주시 덕진구,202101,2273391.0
전주시 덕진구,202102,2462990.0
전주시 덕진구,202103,2883423.0
전주시 덕진구,202104,2431507.0
전주시 덕진구,202105,2796138.0
전주시 덕진구,202106,2727651.0
전주시 덕진구,202107,2758401.0
전주시 덕진구,202108,2683088.0
전주시 덕진구,202109,2836154.0
전주시 덕진구,202110,2972703.0
전주시 덕진구,202111,2863576.0
전주시 덕진구,202112,2695377.0
전주시 덕진구,202201,2812102.0
전주시 덕진구,202202,2430165.0
전주시 덕진구,202203,2971011.0
전주시 덕진구,202204,2791584.0
전주시 덕진구,202205,2921691.0
전주시 덕진구,202206,2877512.0
전주시 덕진구,202207,3834924.0
전주시 덕진구,202208,3048627.0
전주시 덕진구,202209,3346819.0
전주시 덕진구,202210,3203940.0
전주시 덕진구,202211,3001849.0
전주시 덕진구,202212,2915158.0
전주시 덕진구,202301,3087965.0
전주시 덕진구,202302,2850446.0
전주시 덕진구,202303,3553232.0
전주시 덕진구,202304,3039476.0
전주시 덕진구,202305,3265061.0
전주시 덕진구,202306,3042739.0
전주시 덕진구,202307,3107559.0
전주시 덕진구,202308,3208426.0
전주시 덕진구,202309,3370883.0
전주시 덕진구,202310,3392806.0
전주시 덕진구,202311,3061093.0
전주시 덕진구,202312,3203707.0
전주시 덕진구,202401,3048869.0
전주시 덕진구,202402,3202824.0
전주시 덕진구,202403,3718812.0
전주시 덕진구,202404,3120797.0
전주시 덕진구,202405,3501081.0
전주시 덕진구,202406,3149663.0
전주시 덕진구,202407,3183685.0
전주시 덕진구,202408,3226723.0
전주시 덕진구,202409,3552824.0
전주시 덕진구,202410,3447679.0
전주시 덕진구,202411,3344025.0
전주시 덕진구,202412,3266059.0
전주시 덕진구,202501,3311758.0
전주시 덕진구,202502,3018606.0
전주시 덕진구,202503,3804364.0
전주시 덕진구,202504,3253022.0
전주시 덕진구,202505,3995950.0
전주시 덕진구,202506,3439685.0
전주시 덕진구,202507,3508287.0
전주시 덕진구,202508,3577604.0
전주시 덕진구,202509,3678283.0
전주시 덕진구,202510,3847960.0
전주시 덕진구,202511,3597982.0
전주시 덕진구,202512,3514688.0
전주시 덕진구,202601,3382032.0
전주시 덕진구,202602,3376039.0
전주시 덕진구,202603,4021218.0
전주시 덕진구,202604,3368568.0
전주시 덕진구,202605,3843697.0
전주시 덕진구,202606,3307601.0
전주시 덕진구,202607,3422797.0
전주시 덕진구,202608,3576936.0
전주시 완산구,201901,3164906.0
전주시 완산구,201902,3403776.0
전주시 완산구,201903,3703619.0
전주시 완산구,201904,3025458.0
전주시 완산구,201905,3397667.0
전주시 완산구,201906,2985624.0
전주시 완산구,201907,3169348.0
전주시 완산구,201908,3356046.0
전주시 완산구,201909,3483021.0
전주시 완산구,201910,3368347.0
전주시 완산구,201911,3284922.0
전주시 완산구,201912,3446605.0
전주시 완산구,202001,3365381.0
전주시 완산구,202002,2499056.0
전주시 완산구,202003,2339944.0
전주시 완산구,202004,2460108.0
전주시 완산구,202005,3030605.0
전주시 완산구,202006,2763025.0
전주시 완산구,202007,3013788.0
전주시 완산구,202008,2901653.0
전주시 완산구,202009,2553802.0
전주시 완산구,202010,3203041.0
전주시 완산구,202011,2834699.0
전주시 완산구,202012,2408649.0
전주시 완산구,202101,2503403.0
전주시 완산구,202102,2776155.0
전주시 완산구,202103,3131184.0
전주시 완산구,202104,2635888.0
전주시 완산구,202105,3138645.0
전주시 완산구,202106,2862739.0
전주시 완산구,202107,3095533.0
전주시 완산구,202108,2972210.0
전주시 완산구,202109,3058622.0
전주시 완산구,202110,3184246.0
전주시 완산구,202111,3086295.0
전주시 완산구,202112,3004157.0
전주시 완산구,202201,3059477.0
전주시 완산구,202202,2537490.0
전주시 완산구,202203,2964563.0
전주시 완산구,202204,2937073.0
전주시 완산구,202205,3128164.0
전주시 완산구,202206,3071807.0
전주시 완산구,202207,4261191.0
전주시 완산구,202208,3315466.0
전주시 완산구,202209,3439413.0
전주시 완산구,202210,3461758.0
전주시 완산구,202211,3172158.0
전주시 완산구,202212,3190878.0
전주시 완산구,202301,3425726.0
전주시 완산구,202302,3076943.0
전주시 완산구,202303,3591088.0
전주시 완산구,202304,3205660.0
전주시 완산구,202305,3405249.0
전주시 완산구,202306,3109295.0
전주시 완산구,202307,3269071.0
전주시 완산구,202308,3349430.0
전주시 완산구,202309,3414598.0
전주시 완산구,202310,3558692.0
전주시 완산구,202311,3159899.0
전주시 완산구,202312,3469461.0
전주시 완산구,202401,3185146.0
전주시 완산구,202402,3423764.0
전주시 완산구,202403,3710666.0
전주시 완산구,202404,3176415.0
전주시 완산구,202405,3564946.0
전주시 완산구,202406,3214894.0
전주시 완산구,202407,3275779.0
전주시 완산구,202408,3429810.0
전주시 완산구,202409,3595346.0
전주시 완산구,202410,3415481.0
전주시 완산구,202411,3379923.0
전주시 완산구,202412,3439655.0
전주시 완산구,202501,3544454.0
전주시 완산구,202502,3084199.0
전주시 완산구,202503,3766555.0
전주시 완산구,202504,3262227.0
전주시 완산구,202505,4072087.0
전주시 완산구,202506,3437485.0
전주시 완산구,202507,3524367.0
전주시 완산구,202508,3707591.0
전주시 완산구,202509,3490585.0
전주시 완산구,202510,4111313.0
전주시 완산구,202511,3602019.0
전주시 완산구,202512,3639485.0
전주시 완산구,202601,3450183.0
전주시 완산구,202602,3545895.0
전주시 완산구,202603,3815495.0
전주시 완산구,202604,3343516.0
전주시 완산구,202605,3860935.0
전주시 완산구,202606,3254030.0
전주시 완산구,202607,3446053.0
전주시 완산구,202608,3664983.0
정선군,201901,815614.0
정선군,201902,739523.0
정선군,201903,597848.0
정선군,201904,533018.0
정선군,201905,644756.0
정선군,201906,694154.0
정선군,201907,852164.0
정선군,201908,1217816.0
정선군,201909,716467.0
정선군,201910,740995.0
정선군,201911,679118.0
정선군,201912,749818.0
정선군,202001,926426.0
정선군,202002,545799.0
정선군,202003,308380.0
정선군,202004,334931.0
정선군,202005,523750.0
정선군,202006,502701.0
정선군,202007,622953.0
정선군,202008,790228.0
정선군,202009,434854.0
정선군,202010,719830.0
정선군,202011,501740.0
정선군,202012,306540.0
정선군,202101,313862.0
정선군,202102,450523.0
정선군,202103,414138.0
정선군,202104,425124.0
정선군,202105,564759.0
정선군,202106,612012.0
정선군,202107,766560.0
정선군,202108,825614.0
정선군,202109,686211.0
정선군,202110,743637.0
정선군,202111,555915.0
정선군,202112,574473.0
정선군,202201,722253.0
정선군,202202,562492.0
정선군,202203,401999.0
정선군,202204,546029.0
정선군,202205,738727.0
정선군,202206,804527.0
정선군,202207,1014710.0
정선군,202208,1127752.0
정선군,202209,806484.0
정선군,202210,911723.0
정선군,202211,631339.0
정선군,202212,731806.0
정선군,202301,925152.0
정선군,202302,794583.0
정선군,202303,606898.0
정선군,202304,649695.0
정선군,202305,814409.0
정선군,202306,780522.0
정선군,202307,970375.0
정선군,202308,1139479.0
정선군,202309,857786.0
정선군,202310,911188.0
정선군,202311,621637.0
정선군,202312,805377.0
정선군,202401,889924.0
정선군,202402,853086.0
정선군,202403,624790.0
정선군,202404,619815.0
정선군,202405,770259.0
정선군,202406,843063.0
정선군,202407,899760.0
정선군,202408,1226087.0
정선군,202409,868005.0
정선군,202410,882263.0
정선군,202411,697051.0
정선군,202412,742242.0
정선군,202501,1002622.0
정선군,202502,768836.0
정선군,202503,583935.0
정선군,202504,577813.0
정선군,202505,875127.0
정선군,202506,848727.0
정선군,202507,1040033.0
정선군,202508,1225612.0
정선군,202509,769196.0
정선군,202510,995036.0
정선군,202511,717231.0
정선군,202512,783177.0
정선군,202601,904960.0
정선군,202602,857819.0
정선군,202603,602596.0
정선군,202604,581600.0
정선군,202605,864674.0
정선군,202606,776430.0
정선군,202607,951646.0
정선군,202608,1157972.0
정읍시,201901,697429.0
정읍시,201902,893217.0
정읍시,201903,803193.0
정읍시,201904,780549.0
정읍시,201905,902093.0
정읍시,201906,861417.0
정읍시,201907,903425.0
정읍시,201908,1037293.0
정읍시,201909,1147319.0
정읍시,201910,1266207.0
정읍시,201911,1413909.0
정읍시,201912,894092.0
정읍시,202001,1063165.0
정읍시,202002,700770.0
정읍시,202003,728454.0
정읍시,202004,770318.0
정읍시,202005,895107.0
정읍시,202006,781004.0
정읍시,202007,819434.0
정읍시,202008,877696.0
정읍시,202009,802332.0
정읍시,202010,1060769.0
정읍시,202011,938655.0
정읍시,202012,697724.0
정읍시,202101,639041.0
정읍시,202102,766660.0
정읍시,202103,814178.0
정읍시,202104,798622.0
정읍시,202105,885777.0
정읍시,202106,822554.0
정읍시,202107,860603.0
정읍시,202108,860460.0
정읍시,202109,1020223.0
정읍시,202110,1084546.0
정읍시,202111,1167154.0
정읍시,202112,763896.0
정읍시,202201,873806.0
정읍시,202202,700946.0
정읍시,202203,763457.0
정읍시,202204,865063.0
정읍시,202205,877465.0
정읍시,202206,864175.0
정읍시,202207,1213822.0
정읍시,202208,960401.0
정읍시,202209,1073245.0
정읍시,202210,1258009.0
정읍시,202211,1232110.0
정읍시,202212,732605.0
정읍시,202301,953154.0
정읍시,202302,716055.0
정읍시,202303,891728.0
정읍시,202304,916526.0
정읍시,202305,943357.0
정읍시,202306,921839.0
정읍시,202307,881964.0
정읍시,202308,924691.0
정읍시,202309,1058260.0
정읍시,202310,1216063.0
정읍시,202311,1160738.0
정읍시,202312,795285.0
정읍시,202401,738413.0
정읍시,202402,945993.0
정읍시,202403,894086.0
정읍시,202404,883875.0
정읍시,202405,952426.0
정읍시,202406,856326.0
정읍시,202407,834436.0
정읍시,202408,933573.0
정읍시,202409,1072159.0
정읍시,202410,1069757.0
정읍시,202411,1267460.0
정읍시,202412,790920.0
정읍시,202501,941794.0
정읍시,202502,660684.0
정읍시,202503,912220.0
정읍시,202504,895478.0
정읍시,202505,1067816.0
정읍시,202506,890839.0
정읍시,202507,909076.0
정읍시,202508,979707.0
정읍시,202509,879833.0
정읍시,202510,1423960.0
정읍시,202511,1362902.0
정읍시,202512,848743.0
정읍시,202601,807345.0
정읍시,202602,951208.0
정읍시,202603,912718.0
정읍시,202604,911858.0
정읍시,202605,1032570.0
정읍시,202606,862866.0
정읍시,202607,885083.0
정읍시,202608,922269.0
제물포구,202607,2382976.0
제물포구,202608,2513993.0
제주시,201901,4087431.0
제주시,201902,3831637.0
제주시,201903,4439254.0
제주시,201904,4054535.0
제주시,201905,4219953.0
제주시,201906,4024861.0
제주시,201907,4456288.0
제주시,201908,4998578.0
제주시,201909,4100724.0
제주시,201910,4639792.0
제주시,201911,4245592.0
제주시,201912,4321627.0
제주시,202001,4431292.0
제주시,202002,3142961.0
제주시,202003,2882579.0
제주시,202004,2615452.0
제주시,202005,3425461.0
제주시,202006,3536815.0
제주시,202007,4293864.0
제주시,202008,4700863.0
제주시,202009,3413571.0
제주시,202010,4407052.0
제주시,202011,4259213.0
제주시,202012,3373155.0
제주시,202101,2964985.0
제주시,202102,3777168.0
제주시,202103,4672143.0
제주시,202104,4852782.0
제주시,202105,5093559.0
제주시,202106,4981106.0
제주시,202107,5235958.0
제주시,202108,4869401.0
제주시,202109,4394185.0
제주시,202110,5557857.0
제주시,202111,5391722.0
제주시,202112,4934944.0
제주시,202201,5574916.0
제주시,202202,4817306.0
제주시,202203,4676727.0
제주시,202204,5198265.0
제주시,202205,5189982.0
제주시,202206,5468356.0
제주시,202207,7256073.0
제주시,202208,6143830.0
제주시,202209,4983144.0
제주시,202210,5994443.0
제주시,202211,5191255.0
제주시,202212,4743630.0
제주시,202301,5199521.0
제주시,202302,4865815.0
제주시,202303,5339925.0
제주시,202304,5102967.0
제주시,202305,5246453.0
제주시,202306,5057846.0
제주시,202307,5140409.0
제주시,202308,5641037.0
제주시,202309,4712633.0
제주시,202310,5465749.0
제주시,202311,4577179.0
제주시,202312,4475417.0
제주시,202401,4875924.0
제주시,202402,4491852.0
제주시,202403,5043990.0
제주시,202404,4892671.0
제주시,202405,5084345.0
제주시,202406,4727349.0
제주시,202407,4960272.0
제주시,202408,5480959.0
제주시,202409,4852708.0
제주시,202410,5128198.0
제주시,202411,4557780.0
제주시,202412,4503062.0
제주시,202501,4686839.0
제주시,202502,3814261.0
제주시,202503,4567600.0
제주시,202504,4639435.0
제주시,202505,5355543.0
제주시,202506,4949963.0
제주시,202507,5360671.0
제주시,202508,5714738.0
제주시,202509,4997890.0
제주시,202510,5894317.0
제주시,202511,5172891.0
제주시,202512,4956928.0
제주시,202601,4981365.0
제주시,202602,4459966.0
제주시,202603,5021064.0
제주시,202604,4708233.0
제주시,202605,4889375.0
제주시,202606,4535913.0
제주시,202607,5107103.0
제주시,202608,5503900.0
제천시,201901,846267.0
제천시,201902,982783.0
제천시,201903,1139658.0
제천시,201904,1149841.0
제천시,201905,1181003.0
제천시,201906,1114695.0
제천시,201907,1177393.0
제천시,201908,1495843.0
제천시,201909,1309692.0
제천시,201910,1233512.0
제천시,201911,1105890.0
제천시,201912,939114.0
제천시,202001,1078715.0
제천시,202002,691160.0
제천시,202003,790140.0
제천시,202004,896366.0
제천시,202005,1093421.0
제천시,202006,1024027.0
제천시,202007,1127527.0
제천시,202008,1214332.0
제천시,202009,1013497.0
제천시,202010,1283638.0
제천시,202011,1030161.0
제천시,202012,582426.0
제천시,202101,653189.0
제천시,202102,831898.0
제천시,202103,911525.0
제천시,202104,993870.0
제천시,202105,1117237.0
제천시,202106,1021784.0
제천시,202107,1244116.0
제천시,202108,1318883.0
제천시,202109,1237065.0
제천시,202110,1299408.0
제천시,202111,1183542.0
제천시,202112,927844.0
제천시,202201,991241.0
제천시,202202,824056.0
제천시,202203,1001589.0
제천시,202204,1147641.0
제천시,202205,1387508.0
제천시,202206,1266017.0
제천시,202207,1467601.0
제천시,202208,1547615.0
제천시,202209,1439191.0
제천시,202210,1523167.0
제천시,202211,1209157.0
제천시,202212,939298.0
제천시,202301,1064939.0
제천시,202302,939350.0
제천시,202303,1249824.0
제천시,202304,1280616.0
제천시,202305,1348604.0
제천시,202306,1268526.0
제천시,202307,1418598.0
제천시,202308,1665886.0
제천시,202309,1472555.0
제천시,202310,1551631.0
제천시,202311,1208479.0
제천시,202312,1038198.0
제천시,202401,943347.0
제천시,202402,1122075.0
제천시,202403,1270299.0
제천시,202404,1316176.0
제천시,202405,1377686.0
제천시,202406,1324456.0
제천시,202407,1324636.0
제천시,202408,1660988.0
제천시,202409,1470849.0
제천시,202410,1449856.0
제천시,202411,1311437.0
제천시,202412,1012914.0
제천시,202501,1105666.0
제천시,202502,872670.0
제천시,202503,1207059.0
제천시,202504,1210219.0
제천시,202505,1507529.0
제천시,202506,1314390.0
제천시,202507,1467267.0
제천시,202508,1679444.0
제천시,202509,1333177.0
제천시,202510,1708165.0
제천시,202511,1389851.0
제천시,202512,1084860.0
제천시,202601,1003161.0
제천시,202602,1152008.0
제천시,202603,1260421.0
제천시,202604,1270916.0
제천시,202605,1504651.0
제천시,202606,1245625.0
제천시,202607,1421305.0
제천시,202608,1634632.0
종로구,201901,11291744.0
종로구,201902,9358249.0
종로구,201903,12360854.0
종로구,201904,10294944.0
종로구,201905,11081027.0
종로구,201906,10290162.0
종로구,201907,11073468.0
종로구,201908,11366095.0
종로구,201909,11147670.0
종로구,201910,12605866.0
종로구,201911,12789155.0
종로구,201912,12599867.0
종로구,202001,10920717.0
종로구,202002,8264909.0
종로구,202003,7117356.0
종로구,202004,8222498.0
종로구,202005,9419599.0
종로구,202006,8924799.0
종로구,202007,9846218.0
종로구,202008,7912382.0
종로구,202009,7921617.0
종로구,202010,10063120.0
종로구,202011,8991388.0
종로구,202012,6332938.0
종로구,202101,6920206.0
종로구,202102,7764507.0
종로구,202103,9872053.0
종로구,202104,8873225.0
종로구,202105,9398584.0
종로구,202106,9413044.0
종로구,202107,7995346.0
종로구,202108,8224812.0
종로구,202109,9028427.0
종로구,202110,10030208.0
종로구,202111,10456596.0
종로구,202112,9120029.0
종로구,202201,8896497.0
종로구,202202,7634772.0
종로구,202203,9396821.0
종로구,202204,11027025.0
종로구,202205,12431582.0
종로구,202206,11106624.0
종로구,202207,11139280.0
종로구,202208,10892768.0
종로구,202209,11858878.0
종로구,202210,12663423.0
종로구,202211,11618402.0
종로구,202212,11213626.0
종로구,202301,10226396.0
종로구,202302,10760140.0
종로구,202303,12432479.0
종로구,202304,11121079.0
종로구,202305,12108674.0
종로구,202306,11120757.0
종로구,202307,10978556.0
종로구,202308,10734127.0
종로구,202309,11739607.0
종로구,202310,12493931.0
종로구,202311,11413864.0
종로구,202312,11781369.0
종로구,202401,11003068.0
종로구,202402,10273216.0
종로구,202403,12570679.0
종로구,202404,11486163.0
종로구,202405,12467665.0
종로구,202406,11169849.0
종로구,202407,10860062.0
종로구,202408,10605195.0
종로구,202409,11367319.0
종로구,202410,12979444.0
종로구,202411,11763421.0
종로구,202412,11797350.0
종로구,202501,10435059.0
종로구,202502,10636226.0
종로구,202503,13247019.0
종로구,202504,11936430.0
종로구,202505,13493779.0
종로구,202506,12478902.0
종로구,202507,11929843.0
종로구,202508,11764989.0
종로구,202509,13168411.0
종로구,202510,12867441.0
종로구,202511,13616193.0
종로구,202512,13344254.0
종로구,202601,11556171.0
종로구,202602,11029066.0
종로구,202603,14714585.0
종로구,202604,12604973.0
종로구,202605,13811888.0
종로구,202606,12687574.0
종로구,202607,12041758.0
종로구,202608,11980064.0
중구,201901,31441031.0
중구,201902,28244719.0
중구,201903,33560053.0
중구,201904,28614382.0
중구,201905,31878307.0
중구,201906,30278018.0
중구,201907,32353539.0
중구,201908,33290300.0
중구,201909,31422406.0
중구,201910,32943225.0
중구,201911,33352048.0
중구,201912,35037471.0
중구,202001,31692379.0
중구,202002,21981946.0
중구,202003,18297039.0
중구,202004,22357505.0
중구,202005,26778219.0
중구,202006,25006937.0
중구,202007,26439861.0
중구,202008,24720267.0
중구,202009,23552377.0
중구,202010,27366225.0
중구,202011,25457649.0
중구,202012,20606848.0
중구,202101,20662474.0
중구,202102,22412147.0
중구,202103,26486231.0
중구,202104,24124540.0
중구,202105,26312822.0
중구,202106,25955448.0
중구,202107,23971302.0
중구,202108,23468208.0
중구,202109,25786942.0
중구,202110,27642258.0
중구,202111,27295263.0
중구,202112,26794457.0
중구,202201,25881389.0
중구,202202,21590699.0
중구,202203,25488541.0
중구,202204,28681625.0
중구,202205,31661163.0
중구,202206,28938579.0
중구,202207,31002607.0
중구,202208,30076501.0
중구,202209,30830567.0
중구,202210,32737157.0
중구,202211,30013782.0
중구,202212,31391955.0
중구,202301,29905465.0
중구,202302,29283147.0
중구,202303,32830889.0
중구,202304,30666325.0
중구,202305,33302430.0
중구,202306,31801844.0
중구,202307,32157133.0
중구,202308,31856190.0
중구,202309,34096952.0
중구,202310,36132008.0
중구,202311,32935689.0
중구,202312,35843037.0
중구,202401,34103027.0
중구,202402,32968030.0
중구,202403,36562728.0
중구,202404,33664519.0
중구,202405,36869155.0
중구,202406,34698637.0
중구,202407,34782951.0
중구,202408,35243723.0
중구,202409,35263776.0
중구,202410,37304971.0
중구,202411,35147013.0
중구,202412,36687274.0
중구,202501,34829419.0
중구,202502,32634350.0
중구,202503,36535407.0
중구,202504,33675824.0
중구,202505,38882305.0
중구,202506,36083669.0
중구,202507,37108868.0
중구,202508,37651695.0
중구,202509,36789431.0
중구,202510,39228857.0
중구,202511,37991348.0
중구,202512,38926950.0
중구,202601,36397415.0
중구,202602,34423501.0
중구,202603,38249213.0
중구,202604,34979060.0
중구,202605,38950236.0
중구,202606,35606423.0
중구,202607,27466632.0
중구,202608,27441289.0
중랑구,201901,2855976.0
중랑구,201902,2775958.0
중랑구,201903,3368226.0
중랑구,201904,2692856.0
중랑구,201905,3078600.0
중랑구,201906,2925222.0
중랑구,201907,3116339.0
중랑구,201908,3478150.0
중랑구,201909,3269779.0
중랑구,201910,3093698.0
중랑구,201911,3460440.0
중랑구,201912,3147763.0
중랑구,202001,3163490.0
중랑구,202002,2524140.0
중랑구,202003,2570121.0
중랑구,202004,2614840.0
중랑구,202005,3009021.0
중랑구,202006,2684936.0
중랑구,202007,2914620.0
중랑구,202008,2708841.0
중랑구,202009,2684004.0
중랑구,202010,2994242.0
중랑구,202011,2744736.0
중랑구,202012,2393117.0
중랑구,202101,2382910.0
중랑구,202102,2514402.0
중랑구,202103,2886061.0
중랑구,202104,2676234.0
중랑구,202105,2949545.0
중랑구,202106,2816393.0
중랑구,202107,2619409.0
중랑구,202108,2559377.0
중랑구,202109,2891162.0
중랑구,202110,2828728.0
중랑구,202111,2844945.0
중랑구,202112,2707521.0
중랑구,202201,2754823.0
중랑구,202202,2370343.0
중랑구,202203,2780972.0
중랑구,202204,2961875.0
중랑구,202205,3292915.0
중랑구,202206,2780662.0
중랑구,202207,2976024.0
중랑구,202208,2817761.0
중랑구,202209,3172652.0
중랑구,202210,3028871.0
중랑구,202211,2826250.0
중랑구,202212,2852641.0
중랑구,202301,2916348.0
중랑구,202302,2671727.0
중랑구,202303,3159759.0
중랑구,202304,2806840.0
중랑구,202305,3386614.0
중랑구,202306,2883997.0
중랑구,202307,3008410.0
중랑구,202308,2908065.0
중랑구,202309,3206723.0
중랑구,202310,3029996.0
중랑구,202311,2846473.0
중랑구,202312,3046270.0
중랑구,202401,2853561.0
중랑구,202402,2930719.0
중랑구,202403,3316358.0
중랑구,202404,2821055.0
중랑구,202405,3482182.0
중랑구,202406,2922990.0
중랑구,202407,2890591.0
중랑구,202408,3058189.0
중랑구,202409,3145193.0
중랑구,202410,3138374.0
중랑구,202411,2907776.0
중랑구,202412,2985552.0
중랑구,202501,2979384.0
중랑구,202502,2676337.0
중랑구,202503,3303483.0
중랑구,202504,2917510.0
중랑구,202505,3686436.0
중랑구,202506,3080415.0
중랑구,202507,3159873.0
중랑구,202508,3119994.0
중랑구,202509,3088095.0
중랑구,202510,3342834.0
중랑구,202511,3124204.0
중랑구,202512,3212589.0
중랑구,202601,2986561.0
중랑구,202602,2979385.0
중랑구,202603,3463409.0
중랑구,202604,2923994.0
중랑구,202605,3558614.0
중랑구,202606,2993090.0
중랑구,202607,3048918.0
중랑구,202608,3149212.0
증평군,201901,382760.0
증평군,201902,409026.0
증평군,201903,485077.0
증평군,201904,433719.0
증평군,201905,477118.0
증평군,201906,440764.0
증평군,201907,449727.0
증평군,201908,460263.0
증평군,201909,514588.0
증평군,201910,517230.0
증평군,201911,459646.0
증평군,201912,441041.0
증평군,202001,464456.0
증평군,202002,343723.0
증평군,202003,398899.0
증평군,202004,428274.0
증평군,202005,493204.0
증평군,202006,465929.0
증평군,202007,477594.0
증평군,202008,451017.0
증평군,202009,461869.0
증평군,202010,533061.0
증평군,202011,460812.0
증평군,202012,381349.0
증평군,202101,351413.0
증평군,202102,416160.0
증평군,202103,479979.0
증평군,202104,439944.0
증평군,202105,497011.0
증평군,202106,463447.0
증평군,202107,471116.0
증평군,202108,472054.0
증평군,202109,526209.0
증평군,202110,525441.0
증평군,202111,467897.0
증평군,202112,435259.0
증평군,202201,439170.0
증평군,202202,379934.0
증평군,202203,462542.0
증평군,202204,488412.0
증평군,202205,550313.0
증평군,202206,484575.0
증평군,202207,508893.0
증평군,202208,494440.0
증평군,202209,540535.0
증평군,202210,590556.0
증평군,202211,465947.0
증평군,202212,421900.0
증평군,202301,444739.0
증평군,202302,407728.0
증평군,202303,518988.0
증평군,202304,496410.0
증평군,202305,511062.0
증평군,202306,494417.0
증평군,202307,482707.0
증평군,202308,503311.0
증평군,202309,510841.0
증평군,202310,555511.0
증평군,202311,458832.0
증평군,202312,454077.0
증평군,202401,429732.0
증평군,202402,460703.0
증평군,202403,515624.0
증평군,202404,494641.0
증평군,202405,541154.0
증평군,202406,498015.0
증평군,202407,481710.0
증평군,202408,510064.0
증평군,202409,530619.0
증평군,202410,607286.0
증평군,202411,484299.0
증평군,202412,442312.0
증평군,202501,455972.0
증평군,202502,387291.0
증평군,202503,510929.0
증평군,202504,489867.0
증평군,202505,577506.0
증평군,202506,527167.0
증평군,202507,531511.0
증평군,202508,532647.0
증평군,202509,542980.0
증평군,202510,569370.0
증평군,202511,532048.0
증평군,202512,471061.0
증평군,202601,450424.0
증평군,202602,453290.0
증평군,202603,542710.0
증평군,202604,508979.0
증평군,202605,579182.0
증평군,202606,512356.0
증평군,202607,517656.0
증평군,202608,525357.0
진도군,201901,255366.0
진도군,201902,301093.0
진도군,201903,306255.0
진도군,201904,266567.0
진도군,201905,294560.0
진도군,201906,262264.0
진도군,201907,342181.0
진도군,201908,456255.0
진도군,201909,418075.0
진도군,201910,394208.0
진도군,201911,370388.0
진도군,201912,354042.0
진도군,202001,399120.0
진도군,202002,285585.0
진도군,202003,278766.0
진도군,202004,308765.0
진도군,202005,374522.0
진도군,202006,323122.0
진도군,202007,351875.0
진도군,202008,434768.0
진도군,202009,337918.0
진도군,202010,415047.0
진도군,202011,320244.0
진도군,202012,340535.0
진도군,202101,283364.0
진도군,202102,325822.0
진도군,202103,317417.0
진도군,202104,334837.0
진도군,202105,371873.0
진도군,202106,343515.0
진도군,202107,366320.0
진도군,202108,403865.0
진도군,202109,450116.0
진도군,202110,426670.0
진도군,202111,387816.0
진도군,202112,389185.0
진도군,202201,412337.0
진도군,202202,341836.0
진도군,202203,314007.0
진도군,202204,359163.0
진도군,202205,411452.0
진도군,202206,398019.0
진도군,202207,520504.0
진도군,202208,505320.0
진도군,202209,476762.0
진도군,202210,485260.0
진도군,202211,411185.0
진도군,202212,370364.0
진도군,202301,447414.0
진도군,202302,363379.0
진도군,202303,387799.0
진도군,202304,436347.0
진도군,202305,418161.0
진도군,202306,386794.0
진도군,202307,412426.0
진도군,202308,497903.0
진도군,202309,508300.0
진도군,202310,497123.0
진도군,202311,384445.0
진도군,202312,416812.0
진도군,202401,394611.0
진도군,202402,438323.0
진도군,202403,419546.0
진도군,202404,421083.0
진도군,202405,446378.0
진도군,202406,411455.0
진도군,202407,421126.0
진도군,202408,533408.0
진도군,202409,506693.0
진도군,202410,470971.0
진도군,202411,418601.0
진도군,202412,401790.0
진도군,202501,478368.0
진도군,202502,321850.0
진도군,202503,436433.0
진도군,202504,421299.0
진도군,202505,497445.0
진도군,202506,423528.0
진도군,202507,468805.0
진도군,202508,566291.0
진도군,202509,433714.0
진도군,202510,626322.0
진도군,202511,425784.0
진도군,202512,415785.0
진도군,202601,382117.0
진도군,202602,440698.0
진도군,202603,399261.0
진도군,202604,434374.0
진도군,202605,497962.0
진도군,202606,381686.0
진도군,202607,447039.0
진도군,202608,509488.0
진안군,201901,230033.0
진안군,201902,305929.0
진안군,201903,299726.0
진안군,201904,434908.0
진안군,201905,407030.0
진안군,201906,328858.0
진안군,201907,362348.0
진안군,201908,499823.0
진안군,201909,404310.0
진안군,201910,408525.0
진안군,201911,372554.0
진안군,201912,246218.0
진안군,202001,311358.0
진안군,202002,213639.0
진안군,202003,285270.0
진안군,202004,390919.0
진안군,202005,422227.0
진안군,202006,354631.0
진안군,202007,377404.0
진안군,202008,482900.0
진안군,202009,356758.0
진안군,202010,450956.0
진안군,202011,306359.0
진안군,202012,249327.0
진안군,202101,220016.0
진안군,202102,300094.0
진안군,202103,319836.0
진안군,202104,419387.0
진안군,202105,408415.0
진안군,202106,360693.0
진안군,202107,429438.0
진안군,202108,479577.0
진안군,202109,468543.0
진안군,202110,430350.0
진안군,202111,381013.0
진안군,202112,263592.0
진안군,202201,305517.0
진안군,202202,265322.0
진안군,202203,290041.0
진안군,202204,434963.0
진안군,202205,400370.0
진안군,202206,352763.0
진안군,202207,517339.0
진안군,202208,500632.0
진안군,202209,490935.0
진안군,202210,502569.0
진안군,202211,407955.0
진안군,202212,245482.0
진안군,202301,331159.0
진안군,202302,270149.0
진안군,202303,364353.0
진안군,202304,491256.0
진안군,202305,432241.0
진안군,202306,404370.0
진안군,202307,397239.0
진안군,202308,488483.0
진안군,202309,501521.0
진안군,202310,460573.0
진안군,202311,384173.0
진안군,202312,280303.0
진안군,202401,273279.0
진안군,202402,340324.0
진안군,202403,360051.0
진안군,202404,497605.0
진안군,202405,437962.0
진안군,202406,390268.0
진안군,202407,389216.0
진안군,202408,502585.0
진안군,202409,470067.0
진안군,202410,440871.0
진안군,202411,424232.0
진안군,202412,267590.0
진안군,202501,325932.0
진안군,202502,244374.0
진안군,202503,380718.0
진안군,202504,476729.0
진안군,202505,502642.0
진안군,202506,397325.0
진안군,202507,427362.0
진안군,202508,504641.0
진안군,202509,412036.0
진안군,202510,587958.0
진안군,202511,474519.0
진안군,202512,281425.0
진안군,202601,279480.0
진안군,202602,357915.0
진안군,202603,362946.0
진안군,202604,487871.0
진안군,202605,499524.0
진안군,202606,387220.0
진안군,202607,427192.0
진안군,202608,517063.0
진주시,201901,1736687.0
진주시,201902,2021494.0
진주시,201903,2300831.0
진주시,201904,1746795.0
진주시,201905,1883544.0
진주시,201906,1703824.0
진주시,201907,1924932.0
진주시,201908,2035169.0
진주시,201909,2226917.0
진주시,201910,2255392.0
진주시,201911,2004775.0
진주시,201912,2000923.0
진주시,202001,2207241.0
진주시,202002,1523456.0
진주시,202003,1507865.0
진주시,202004,1453121.0
진주시,202005,1949419.0
진주시,202006,1726940.0
진주시,202007,1756623.0
진주시,202008,1956266.0
진주시,202009,1753662.0
진주시,202010,2001053.0
진주시,202011,1607569.0
진주시,202012,1440448.0
진주시,202101,1385736.0
진주시,202102,1639253.0
진주시,202103,1683610.0
진주시,202104,1487969.0
진주시,202105,1694247.0
진주시,202106,1640542.0
진주시,202107,1711025.0
진주시,202108,1787794.0
진주시,202109,2062516.0
진주시,202110,1953574.0
진주시,202111,1718474.0
진주시,202112,1684061.0
진주시,202201,1800433.0
진주시,202202,1530700.0
진주시,202203,1861671.0
진주시,202204,1660994.0
진주시,202205,1906306.0
진주시,202206,1711255.0
진주시,202207,1977025.0
진주시,202208,1963818.0
진주시,202209,2153376.0
진주시,202210,2334737.0
진주시,202211,1769918.0
진주시,202212,1735417.0
진주시,202301,1958237.0
진주시,202302,1635541.0
진주시,202303,2180801.0
진주시,202304,1760590.0
진주시,202305,1906041.0
진주시,202306,1754432.0
진주시,202307,1829501.0
진주시,202308,1881703.0
진주시,202309,2164198.0
진주시,202310,2114137.0
진주시,202311,1668847.0
진주시,202312,1771089.0
진주시,202401,1704531.0
진주시,202402,1966615.0
진주시,202403,2124970.0
진주시,202404,1669231.0
진주시,202405,1873538.0
진주시,202406,1707378.0
진주시,202407,1757643.0
진주시,202408,1881357.0
진주시,202409,2121808.0
진주시,202410,2060552.0
진주시,202411,1808579.0
진주시,202412,1763155.0
진주시,202501,1984847.0
진주시,202502,1580143.0
진주시,202503,2139199.0
진주시,202504,1698454.0
진주시,202505,2171281.0
진주시,202506,1816447.0
진주시,202507,1834449.0
진주시,202508,1988244.0
진주시,202509,1961325.0
진주시,202510,2640367.0
진주시,202511,1947030.0
진주시,202512,1869943.0
진주시,202601,1807025.0
진주시,202602,1963766.0
진주시,202603,2192650.0
진주시,202604,1771710.0
진주시,202605,2047788.0
진주시,202606,1759399.0
진주시,202607,1823352.0
진주시,202608,1927716.0
진천군,201901,818530.0
진천군,201902,815575.0
진천군,201903,1003067.0
진천군,201904,944375.0
진천군,201905,1036828.0
진천군,201906,932493.0
진천군,201907,956173.0
진천군,201908,933275.0
진천군,201909,1012306.0
진천군,201910,963242.0
진천군,201911,911239.0
진천군,201912,814533.0
진천군,202001,864581.0
진천군,202002,706429.0
진천군,202003,835191.0
진천군,202004,932672.0
진천군,202005,1021362.0
진천군,202006,967592.0
진천군,202007,973165.0
진천군,202008,907467.0
진천군,202009,984155.0
진천군,202010,1062200.0
진천군,202011,965289.0
진천군,202012,810541.0
진천군,202101,748712.0
진천군,202102,843095.0
진천군,202103,1015791.0
진천군,202104,1038851.0
진천군,202105,1087347.0
진천군,202106,1045050.0
진천군,202107,1035978.0
진천군,202108,1059324.0
진천군,202109,1163515.0
진천군,202110,1129889.0
진천군,202111,1017853.0
진천군,202112,920704.0
진천군,202201,961092.0
진천군,202202,830939.0
진천군,202203,1043031.0
진천군,202204,1114159.0
진천군,202205,1208781.0
진천군,202206,1083574.0
진천군,202207,1141273.0
진천군,202208,1110011.0
진천군,202209,1217898.0
진천군,202210,1177470.0
진천군,202211,1056117.0
진천군,202212,876716.0
진천군,202301,935444.0
진천군,202302,887586.0
진천군,202303,1124104.0
진천군,202304,1057096.0
진천군,202305,1087204.0
진천군,202306,1234891.0
진천군,202307,1036921.0
진천군,202308,1123745.0
진천군,202309,1146928.0
진천군,202310,1172607.0
진천군,202311,998862.0
진천군,202312,883975.0
진천군,202401,885929.0
진천군,202402,900211.0
진천군,202403,1121063.0
진천군,202404,1136057.0
진천군,202405,1253221.0
진천군,202406,1171568.0
진천군,202407,1053399.0
진천군,202408,1084590.0
진천군,202409,1158729.0
진천군,202410,1215010.0
진천군,202411,1086771.0
진천군,202412,870976.0
진천군,202501,989591.0
진천군,202502,1059887.0
진천군,202503,1089930.0
진천군,202504,1134414.0
진천군,202505,1324457.0
진천군,202506,1144163.0
진천군,202507,1107870.0
진천군,202508,1212119.0
진천군,202509,1256108.0
진천군,202510,1300975.0
진천군,202511,1251908.0
진천군,202512,1112428.0
진천군,202601,995370.0
진천군,202602,1040015.0
진천군,202603,1261827.0
진천군,202604,1197968.0
진천군,202605,1314290.0
진천군,202606,1253472.0
진천군,202607,1171870.0
진천군,202608,1182753.0
창녕군,201901,669187.0
창녕군,201902,813572.0
창녕군,201903,786047.0
창녕군,201904,912987.0
창녕군,201905,777944.0
창녕군,201906,745067.0
창녕군,201907,696078.0
창녕군,201908,729693.0
창녕군,201909,817220.0
창녕군,201910,773856.0
창녕군,201911,766704.0
창녕군,201912,695884.0
창녕군,202001,832939.0
창녕군,202002,549059.0
창녕군,202003,579962.0
창녕군,202004,674133.0
창녕군,202005,837079.0
창녕군,202006,714573.0
창녕군,202007,679103.0
창녕군,202008,732060.0
창녕군,202009,692896.0
창녕군,202010,909645.0
창녕군,202011,716611.0
창녕군,202012,622250.0
창녕군,202101,595976.0
창녕군,202102,695082.0
창녕군,202103,722002.0
창녕군,202104,734977.0
창녕군,202105,864899.0
창녕군,202106,768379.0
창녕군,202107,737447.0
창녕군,202108,718963.0
창녕군,202109,871431.0
창녕군,202110,873448.0
창녕군,202111,753792.0
창녕군,202112,683605.0
창녕군,202201,752608.0
창녕군,202202,680334.0
창녕군,202203,702205.0
창녕군,202204,865553.0
창녕군,202205,944037.0
창녕군,202206,737941.0
창녕군,202207,771800.0
창녕군,202208,776052.0
창녕군,202209,885703.0
창녕군,202210,911767.0
창녕군,202211,751649.0
창녕군,202212,697613.0
창녕군,202301,837854.0
창녕군,202302,652458.0
창녕군,202303,826823.0
창녕군,202304,1044947.0
창녕군,202305,891946.0
창녕군,202306,794838.0
창녕군,202307,752990.0
창녕군,202308,744321.0
창녕군,202309,904053.0
창녕군,202310,899235.0
창녕군,202311,750080.0
창녕군,202312,695292.0
창녕군,202401,707024.0
창녕군,202402,805822.0
창녕군,202403,863125.0
창녕군,202404,1041106.0
창녕군,202405,973689.0
창녕군,202406,734602.0
창녕군,202407,718553.0
창녕군,202408,740631.0
창녕군,202409,882516.0
창녕군,202410,853677.0
창녕군,202411,799775.0
창녕군,202412,750362.0
창녕군,202501,874970.0
창녕군,202502,647405.0
창녕군,202503,863610.0
창녕군,202504,1048501.0
창녕군,202505,1095332.0
창녕군,202506,822764.0
창녕군,202507,736114.0
창녕군,202508,788487.0
창녕군,202509,783898.0
창녕군,202510,1063975.0
창녕군,202511,869002.0
창녕군,202512,782365.0
창녕군,202601,785916.0
창녕군,202602,866408.0
창녕군,202603,891178.0
창녕군,202604,1030806.0
창녕군,202605,1038906.0
창녕군,202606,797974.0
창녕군,202607,753368.0
창녕군,202608,739975.0
창원시 마산합포구,201901,1976050.0
창원시 마산합포구,201902,2035188.0
창원시 마산합포구,201903,2380399.0
창원시 마산합포구,201904,1947751.0
창원시 마산합포구,201905,2078601.0
창원시 마산합포구,201906,1887732.0
창원시 마산합포구,201907,2023885.0
창원시 마산합포구,201908,2168916.0
창원시 마산합포구,201909,2315765.0
창원시 마산합포구,201910,2183302.0
창원시 마산합포구,201911,2195094.0
창원시 마산합포구,201912,2216420.0
창원시 마산합포구,202001,2252738.0
창원시 마산합포구,202002,1670676.0
창원시 마산합포구,202003,1708110.0
창원시 마산합포구,202004,1829585.0
창원시 마산합포구,202005,2209292.0
창원시 마산합포구,202006,1975086.0
창원시 마산합포구,202007,1991994.0
창원시 마산합포구,202008,2075389.0
창원시 마산합포구,202009,1986483.0
창원시 마산합포구,202010,2258749.0
창원시 마산합포구,202011,1913622.0
창원시 마산합포구,202012,1753976.0
창원시 마산합포구,202101,1785069.0
창원시 마산합포구,202102,1887286.0
창원시 마산합포구,202103,2232109.0
창원시 마산합포구,202104,1906764.0
창원시 마산합포구,202105,2187131.0
창원시 마산합포구,202106,1966659.0
창원시 마산합포구,202107,2004211.0
창원시 마산합포구,202108,1965160.0
창원시 마산합포구,202109,2333256.0
창원시 마산합포구,202110,2257934.0
창원시 마산합포구,202111,2117243.0
창원시 마산합포구,202112,2062152.0
창원시 마산합포구,202201,2123300.0
창원시 마산합포구,202202,1817745.0
창원시 마산합포구,202203,2082357.0
창원시 마산합포구,202204,2068961.0
창원시 마산합포구,202205,2270961.0
창원시 마산합포구,202206,1997179.0
창원시 마산합포구,202207,2139912.0
창원시 마산합포구,202208,2180331.0
창원시 마산합포구,202209,2368764.0
창원시 마산합포구,202210,2434967.0
창원시 마산합포구,202211,2051853.0
창원시 마산합포구,202212,2038151.0
창원시 마산합포구,202301,2185431.0
창원시 마산합포구,202302,1796850.0
창원시 마산합포구,202303,2286545.0
창원시 마산합포구,202304,2022142.0
창원시 마산합포구,202305,2169628.0
창원시 마산합포구,202306,2016523.0
창원시 마산합포구,202307,2074451.0
창원시 마산합포구,202308,2150658.0
창원시 마산합포구,202309,2297562.0
창원시 마산합포구,202310,2178626.0
창원시 마산합포구,202311,1964874.0
창원시 마산합포구,202312,2052002.0
창원시 마산합포구,202401,1940036.0
창원시 마산합포구,202402,2007706.0
창원시 마산합포구,202403,2198880.0
창원시 마산합포구,202404,1915826.0
창원시 마산합포구,202405,2200705.0
창원시 마산합포구,202406,1962515.0
창원시 마산합포구,202407,1990440.0
창원시 마산합포구,202408,2038177.0
창원시 마산합포구,202409,2206507.0
창원시 마산합포구,202410,2078607.0
창원시 마산합포구,202411,1971787.0
창원시 마산합포구,202412,2007873.0
창원시 마산합포구,202501,2185427.0
창원시 마산합포구,202502,1700128.0
창원시 마산합포구,202503,2158048.0
창원시 마산합포구,202504,1842148.0
창원시 마산합포구,202505,2254124.0
창원시 마산합포구,202506,1992523.0
창원시 마산합포구,202507,2094847.0
창원시 마산합포구,202508,2205447.0
창원시 마산합포구,202509,2092575.0
창원시 마산합포구,202510,2426486.0
창원시 마산합포구,202511,2229262.0
창원시 마산합포구,202512,2105688.0
창원시 마산합포구,202601,2002802.0
창원시 마산합포구,202602,2046818.0
창원시 마산합포구,202603,2206470.0
창원시 마산합포구,202604,1889037.0
창원시 마산합포구,202605,2306659.0
창원시 마산합포구,202606,1926588.0
창원시 마산합포구,202607,2039585.0
창원시 마산합포구,202608,2102266.0
창원시 마산회원구,201901,1698648.0
창원시 마산회원구,201902,1816869.0
창원시 마산회원구,201903,1971877.0
창원시 마산회원구,201904,1665443.0
창원시 마산회원구,201905,1887827.0
창원시 마산회원구,201906,1624447.0
창원시 마산회원구,201907,1838027.0
창원시 마산회원구,201908,1812014.0
창원시 마산회원구,201909,1926508.0
창원시 마산회원구,201910,1743111.0
창원시 마산회원구,201911,1747766.0
창원시 마산회원구,201912,1916465.0
창원시 마산회원구,202001,2023807.0
창원시 마산회원구,202002,1511260.0
창원시 마산회원구,202003,1370252.0
창원시 마산회원구,202004,1468487.0
창원시 마산회원구,202005,1815396.0
창원시 마산회원구,202006,1616973.0
창원시 마산회원구,202007,1690198.0
창원시 마산회원구,202008,1666931.0
창원시 마산회원구,202009,1614989.0
창원시 마산회원구,202010,1846928.0
창원시 마산회원구,202011,1551550.0
창원시 마산회원구,202012,1429330.0
창원시 마산회원구,202101,1413717.0
창원시 마산회원구,202102,1533838.0
창원시 마산회원구,202103,1725547.0
창원시 마산회원구,202104,1546167.0
창원시 마산회원구,202105,1685274.0
창원시 마산회원구,202106,1593383.0
창원시 마산회원구,202107,1604286.0
창원시 마산회원구,202108,1479083.0
창원시 마산회원구,202109,1826460.0
창원시 마산회원구,202110,1692061.0
창원시 마산회원구,202111,1650158.0
창원시 마산회원구,202112,1637552.0
창원시 마산회원구,202201,1651195.0
창원시 마산회원구,202202,1424667.0
창원시 마산회원구,202203,1640861.0
창원시 마산회원구,202204,1637017.0
창원시 마산회원구,202205,1825545.0
창원시 마산회원구,202206,1634424.0
창원시 마산회원구,202207,1778020.0
창원시 마산회원구,202208,1718351.0
창원시 마산회원구,202209,1927068.0
창원시 마산회원구,202210,1793420.0
창원시 마산회원구,202211,1717615.0
창원시 마산회원구,202212,1745483.0
창원시 마산회원구,202301,1877449.0
창원시 마산회원구,202302,1545123.0
창원시 마산회원구,202303,1884013.0
창원시 마산회원구,202304,1697489.0
창원시 마산회원구,202305,1829256.0
창원시 마산회원구,202306,1708946.0
창원시 마산회원구,202307,1786131.0
창원시 마산회원구,202308,1776944.0
창원시 마산회원구,202309,1955695.0
창원시 마산회원구,202310,1779605.0
창원시 마산회원구,202311,1686272.0
창원시 마산회원구,202312,1698834.0
창원시 마산회원구,202401,1698361.0
창원시 마산회원구,202402,1751513.0
창원시 마산회원구,202403,1833515.0
창원시 마산회원구,202404,1645512.0
창원시 마산회원구,202405,1822622.0
창원시 마산회원구,202406,1680764.0
창원시 마산회원구,202407,1744814.0
창원시 마산회원구,202408,1773024.0
창원시 마산회원구,202409,1929126.0
창원시 마산회원구,202410,1734652.0
창원시 마산회원구,202411,1685488.0
창원시 마산회원구,202412,1754552.0
창원시 마산회원구,202501,1873385.0
창원시 마산회원구,202502,1569572.0
창원시 마산회원구,202503,1922585.0
창원시 마산회원구,202504,1654633.0
창원시 마산회원구,202505,1997932.0
창원시 마산회원구,202506,1823677.0
창원시 마산회원구,202507,1882439.0
창원시 마산회원구,202508,2048922.0
창원시 마산회원구,202509,1920351.0
창원시 마산회원구,202510,2133101.0
창원시 마산회원구,202511,1868925.0
창원시 마산회원구,202512,1905579.0
창원시 마산회원구,202601,1766217.0
창원시 마산회원구,202602,1802690.0
창원시 마산회원구,202603,2082188.0
창원시 마산회원구,202604,1745191.0
창원시 마산회원구,202605,1999009.0
창원시 마산회원구,202606,1773885.0
창원시 마산회원구,202607,1875499.0
창원시 마산회원구,202608,1854250.0
창원시 성산구,201901,2579662.0
창원시 성산구,201902,2411632.0
창원시 성산구,201903,2844491.0
창원시 성산구,201904,2317199.0
창원시 성산구,201905,2606525.0
창원시 성산구,201906,2317063.0
창원시 성산구,201907,2668402.0
창원시 성산구,201908,2551376.0
창원시 성산구,201909,2634116.0
창원시 성산구,201910,2631231.0
창원시 성산구,201911,2569943.0
창원시 성산구,201912,2794243.0
창원시 성산구,202001,2760957.0
창원시 성산구,202002,2186348.0
창원시 성산구,202003,1908707.0
창원시 성산구,202004,2100090.0
창원시 성산구,202005,2524777.0
창원시 성산구,202006,2487648.0
창원시 성산구,202007,2497919.0
창원시 성산구,202008,2368126.0
창원시 성산구,202009,2385328.0
창원시 성산구,202010,2527221.0
창원시 성산구,202011,2207980.0
창원시 성산구,202012,2007996.0
창원시 성산구,202101,2102603.0
창원시 성산구,202102,2177228.0
창원시 성산구,202103,2539167.0
창원시 성산구,202104,2231329.0
창원시 성산구,202105,2409317.0
창원시 성산구,202106,2362326.0
창원시 성산구,202107,2297033.0
창원시 성산구,202108,2301354.0
창원시 성산구,202109,2798959.0
창원시 성산구,202110,2789442.0
창원시 성산구,202111,2744266.0
창원시 성산구,202112,2684341.0
창원시 성산구,202201,2735229.0
창원시 성산구,202202,2156516.0
창원시 성산구,202203,2549152.0
창원시 성산구,202204,2645202.0
창원시 성산구,202205,2843444.0
창원시 성산구,202206,2600310.0
창원시 성산구,202207,2798405.0
창원시 성산구,202208,2645771.0
창원시 성산구,202209,2770335.0
창원시 성산구,202210,2805006.0
창원시 성산구,202211,2630826.0
창원시 성산구,202212,2711998.0
창원시 성산구,202301,2850222.0
창원시 성산구,202302,2476303.0
창원시 성산구,202303,2871085.0
창원시 성산구,202304,2547195.0
창원시 성산구,202305,2737215.0
창원시 성산구,202306,2657420.0
창원시 성산구,202307,2731727.0
창원시 성산구,202308,2627035.0
창원시 성산구,202309,2795399.0
창원시 성산구,202310,2712773.0
창원시 성산구,202311,2568524.0
창원시 성산구,202312,2672843.0
창원시 성산구,202401,2723301.0
창원시 성산구,202402,2572956.0
창원시 성산구,202403,2842229.0
창원시 성산구,202404,2513301.0
창원시 성산구,202405,2747099.0
창원시 성산구,202406,2603723.0
창원시 성산구,202407,2703270.0
창원시 성산구,202408,2616596.0
창원시 성산구,202409,2762167.0
창원시 성산구,202410,2777197.0
창원시 성산구,202411,2651055.0
창원시 성산구,202412,2780998.0
창원시 성산구,202501,2871294.0
창원시 성산구,202502,2539576.0
창원시 성산구,202503,2839826.0
창원시 성산구,202504,2621183.0
창원시 성산구,202505,3094561.0
창원시 성산구,202506,2780388.0
창원시 성산구,202507,2981126.0
창원시 성산구,202508,2881092.0
창원시 성산구,202509,2908445.0
창원시 성산구,202510,3127158.0
창원시 성산구,202511,3083023.0
창원시 성산구,202512,3112158.0
창원시 성산구,202601,2990080.0
창원시 성산구,202602,2768374.0
창원시 성산구,202603,3204819.0
창원시 성산구,202604,2776218.0
창원시 성산구,202605,3095586.0
창원시 성산구,202606,2855948.0
창원시 성산구,202607,2957160.0
창원시 성산구,202608,2901719.0
창원시 의창구,201901,3012104.0
창원시 의창구,201902,3057603.0
창원시 의창구,201903,3502245.0
창원시 의창구,201904,2982078.0
창원시 의창구,201905,3320225.0
창원시 의창구,201906,2985079.0
창원시 의창구,201907,3208466.0
창원시 의창구,201908,3144436.0
창원시 의창구,201909,3440937.0
창원시 의창구,201910,3303610.0
창원시 의창구,201911,3259046.0
창원시 의창구,201912,3401704.0
창원시 의창구,202001,3385423.0
창원시 의창구,202002,2560710.0
창원시 의창구,202003,2352857.0
창원시 의창구,202004,2616932.0
창원시 의창구,202005,3192986.0
창원시 의창구,202006,2945865.0
창원시 의창구,202007,2915793.0
창원시 의창구,202008,2918235.0
창원시 의창구,202009,2766258.0
창원시 의창구,202010,3261051.0
창원시 의창구,202011,2733412.0
창원시 의창구,202012,2417106.0
창원시 의창구,202101,2440791.0
창원시 의창구,202102,2666006.0
창원시 의창구,202103,3131661.0
창원시 의창구,202104,2808595.0
창원시 의창구,202105,3056241.0
창원시 의창구,202106,2866815.0
창원시 의창구,202107,2829446.0
창원시 의창구,202108,2150128.0
창원시 의창구,202109,2658355.0
창원시 의창구,202110,2689539.0
창원시 의창구,202111,2508406.0
창원시 의창구,202112,2368976.0
창원시 의창구,202201,2441571.0
창원시 의창구,202202,2261096.0
창원시 의창구,202203,2575741.0
창원시 의창구,202204,2751411.0
창원시 의창구,202205,3025271.0
창원시 의창구,202206,2645527.0
창원시 의창구,202207,2852761.0
창원시 의창구,202208,2818633.0
창원시 의창구,202209,3100281.0
창원시 의창구,202210,3166282.0
창원시 의창구,202211,2781264.0
창원시 의창구,202212,2706784.0
창원시 의창구,202301,2871613.0
창원시 의창구,202302,2482618.0
창원시 의창구,202303,3051081.0
창원시 의창구,202304,2780369.0
창원시 의창구,202305,2893063.0
창원시 의창구,202306,2665315.0
창원시 의창구,202307,2708282.0
창원시 의창구,202308,2684225.0
창원시 의창구,202309,2950784.0
창원시 의창구,202310,2844747.0
창원시 의창구,202311,2622398.0
창원시 의창구,202312,2578020.0
창원시 의창구,202401,2564273.0
창원시 의창구,202402,2660031.0
창원시 의창구,202403,2913185.0
창원시 의창구,202404,2640617.0
창원시 의창구,202405,2857140.0
창원시 의창구,202406,2714753.0
창원시 의창구,202407,2666521.0
창원시 의창구,202408,2692646.0
창원시 의창구,202409,2950585.0
창원시 의창구,202410,2873360.0
창원시 의창구,202411,2839872.0
창원시 의창구,202412,2758539.0
창원시 의창구,202501,2878426.0
창원시 의창구,202502,2480620.0
창원시 의창구,202503,2966648.0
창원시 의창구,202504,2652943.0
창원시 의창구,202505,3192154.0
창원시 의창구,202506,2845237.0
창원시 의창구,202507,2893777.0
창원시 의창구,202508,2877293.0
창원시 의창구,202509,2926246.0
창원시 의창구,202510,3180961.0
창원시 의창구,202511,3054764.0
창원시 의창구,202512,2885608.0
창원시 의창구,202601,2830928.0
창원시 의창구,202602,2785024.0
창원시 의창구,202603,3139077.0
창원시 의창구,202604,2825188.0
창원시 의창구,202605,3134834.0
창원시 의창구,202606,2755727.0
창원시 의창구,202607,2871175.0
창원시 의창구,202608,2868704.0
창원시 진해구,201901,1340473.0
창원시 진해구,201902,1337674.0
창원시 진해구,201903,1829809.0
창원시 진해구,201904,1543913.0
창원시 진해구,201905,1407099.0
창원시 진해구,201906,1311331.0
창원시 진해구,201907,1389263.0
창원시 진해구,201908,1417364.0
창원시 진해구,201909,1435987.0
창원시 진해구,201910,1398545.0
창원시 진해구,201911,1352320.0
창원시 진해구,201912,1481978.0
창원시 진해구,202001,1482958.0
창원시 진해구,202002,1207719.0
창원시 진해구,202003,1358767.0
창원시 진해구,202004,1276611.0
창원시 진해구,202005,1432237.0
창원시 진해구,202006,1355163.0
창원시 진해구,202007,1416648.0
창원시 진해구,202008,1476121.0
창원시 진해구,202009,1412715.0
창원시 진해구,202010,1537767.0
창원시 진해구,202011,1318926.0
창원시 진해구,202012,1317806.0
창원시 진해구,202101,1264790.0
창원시 진해구,202102,1302250.0
창원시 진해구,202103,1619131.0
창원시 진해구,202104,1379812.0
창원시 진해구,202105,1467366.0
창원시 진해구,202106,1387647.0
창원시 진해구,202107,1444042.0
창원시 진해구,202108,1370757.0
창원시 진해구,202109,1538246.0
창원시 진해구,202110,1516465.0
창원시 진해구,202111,1424314.0
창원시 진해구,202112,1423670.0
창원시 진해구,202201,1442044.0
창원시 진해구,202202,1256023.0
창원시 진해구,202203,1515704.0
창원시 진해구,202204,1655386.0
창원시 진해구,202205,1544472.0
창원시 진해구,202206,1442926.0
창원시 진해구,202207,1531965.0
창원시 진해구,202208,1476882.0
창원시 진해구,202209,1524270.0
창원시 진해구,202210,1548000.0
창원시 진해구,202211,1415979.0
창원시 진해구,202212,1476006.0
창원시 진해구,202301,1536569.0
창원시 진해구,202302,1317353.0
창원시 진해구,202303,2086860.0
창원시 진해구,202304,1595734.0
창원시 진해구,202305,1523437.0
창원시 진해구,202306,1524354.0
창원시 진해구,202307,1535680.0
창원시 진해구,202308,1494846.0
창원시 진해구,202309,1465466.0
창원시 진해구,202310,1404225.0
창원시 진해구,202311,1272149.0
창원시 진해구,202312,1336732.0
창원시 진해구,202401,1327598.0
창원시 진해구,202402,1373123.0
창원시 진해구,202403,1829623.0
창원시 진해구,202404,1481027.0
창원시 진해구,202405,1506198.0
창원시 진해구,202406,1381969.0
창원시 진해구,202407,1403812.0
창원시 진해구,202408,1416589.0
창원시 진해구,202409,1483786.0
창원시 진해구,202410,1469647.0
창원시 진해구,202411,1401730.0
창원시 진해구,202412,1440775.0
창원시 진해구,202501,1520317.0
창원시 진해구,202502,1257321.0
창원시 진해구,202503,1756207.0
창원시 진해구,202504,1704637.0
창원시 진해구,202505,1645706.0
창원시 진해구,202506,1491396.0
창원시 진해구,202507,1574352.0
창원시 진해구,202508,1573019.0
창원시 진해구,202509,1515732.0
창원시 진해구,202510,1694407.0
창원시 진해구,202511,1529434.0
창원시 진해구,202512,1533532.0
창원시 진해구,202601,1482958.0
창원시 진해구,202602,1458056.0
창원시 진해구,202603,1860541.0
창원시 진해구,202604,1701417.0
창원시 진해구,202605,1589961.0
창원시 진해구,202606,1452392.0
창원시 진해구,202607,1545122.0
창원시 진해구,202608,1505999.0
천안시 동남구,201901,3440071.0
천안시 동남구,201902,3453339.0
천안시 동남구,201903,4695680.0
천안시 동남구,201904,3600842.0
천안시 동남구,201905,3896600.0
천안시 동남구,201906,3565606.0
천안시 동남구,201907,3648632.0
천안시 동남구,201908,3970852.0
천안시 동남구,201909,4236664.0
천안시 동남구,201910,3855237.0
천안시 동남구,201911,3769967.0
천안시 동남구,201912,3569314.0
천안시 동남구,202001,3503615.0
천안시 동남구,202002,2603782.0
천안시 동남구,202003,2381507.0
천안시 동남구,202004,2867171.0
천안시 동남구,202005,3439667.0
천안시 동남구,202006,3222305.0
천안시 동남구,202007,3260789.0
천안시 동남구,202008,3167533.0
천안시 동남구,202009,3052253.0
천안시 동남구,202010,3453423.0
천안시 동남구,202011,3099222.0
천안시 동남구,202012,2660511.0
천안시 동남구,202101,2556999.0
천안시 동남구,202102,2807265.0
천안시 동남구,202103,3514168.0
천안시 동남구,202104,3161006.0
천안시 동남구,202105,3406805.0
천안시 동남구,202106,3243546.0
천안시 동남구,202107,3197075.0
천안시 동남구,202108,3273878.0
천안시 동남구,202109,3553895.0
천안시 동남구,202110,3598768.0
천안시 동남구,202111,3429195.0
천안시 동남구,202112,3118198.0
천안시 동남구,202201,3121454.0
천안시 동남구,202202,2755008.0
천안시 동남구,202203,3682946.0
천안시 동남구,202204,3471210.0
천안시 동남구,202205,3938111.0
천안시 동남구,202206,3577178.0
천안시 동남구,202207,3729951.0
천안시 동남구,202208,3767417.0
천안시 동남구,202209,4255062.0
천안시 동남구,202210,3998367.0
천안시 동남구,202211,3711416.0
천안시 동남구,202212,3375450.0
천안시 동남구,202301,3450344.0
천안시 동남구,202302,3304461.0
천안시 동남구,202303,4438115.0
천안시 동남구,202304,3672331.0
천안시 동남구,202305,3978053.0
천안시 동남구,202306,3689794.0
천안시 동남구,202307,3587879.0
천안시 동남구,202308,3893461.0
천안시 동남구,202309,4110615.0
천안시 동남구,202310,4038588.0
천안시 동남구,202311,3647281.0
천안시 동남구,202312,3552912.0
천안시 동남구,202401,3394387.0
천안시 동남구,202402,3625329.0
천안시 동남구,202403,4527252.0
천안시 동남구,202404,3839151.0
천안시 동남구,202405,4099101.0
천안시 동남구,202406,3816670.0
천안시 동남구,202407,3685862.0
천안시 동남구,202408,4011923.0
천안시 동남구,202409,4274065.0
천안시 동남구,202410,4156266.0
천안시 동남구,202411,3976661.0
천안시 동남구,202412,3731406.0
천안시 동남구,202501,3680684.0
천안시 동남구,202502,3482767.0
천안시 동남구,202503,4550327.0
천안시 동남구,202504,3856912.0
천안시 동남구,202505,4514568.0
천안시 동남구,202506,4038325.0
천안시 동남구,202507,3989183.0
천안시 동남구,202508,4298373.0
천안시 동남구,202509,4445187.0
천안시 동남구,202510,4434502.0
천안시 동남구,202511,4312946.0
천안시 동남구,202512,3886804.0
천안시 동남구,202601,3618465.0
천안시 동남구,202602,3771726.0
천안시 동남구,202603,4732412.0
천안시 동남구,202604,3945241.0
천안시 동남구,202605,4361368.0
천안시 동남구,202606,3890238.0
천안시 동남구,202607,3944524.0
천안시 동남구,202608,4258395.0
천안시 서북구,201901,3058394.0
천안시 서북구,201902,2954149.0
천안시 서북구,201903,3747572.0
천안시 서북구,201904,2909846.0
천안시 서북구,201905,3168552.0
천안시 서북구,201906,3008462.0
천안시 서북구,201907,3272993.0
천안시 서북구,201908,3269645.0
천안시 서북구,201909,3299807.0
천안시 서북구,201910,3223555.0
천안시 서북구,201911,3123878.0
천안시 서북구,201912,3235125.0
천안시 서북구,202001,3101138.0
천안시 서북구,202002,2480273.0
천안시 서북구,202003,2183812.0
천안시 서북구,202004,2583562.0
천안시 서북구,202005,3037225.0
천안시 서북구,202006,2880080.0
천안시 서북구,202007,2953509.0
천안시 서북구,202008,2820509.0
천안시 서북구,202009,2800684.0
천안시 서북구,202010,2989066.0
천안시 서북구,202011,2639345.0
천안시 서북구,202012,2513048.0
천안시 서북구,202101,2409456.0
천안시 서북구,202102,2451171.0
천안시 서북구,202103,3157085.0
천안시 서북구,202104,2709361.0
천안시 서북구,202105,2967084.0
천안시 서북구,202106,2847274.0
천안시 서북구,202107,2926523.0
천안시 서북구,202108,2827641.0
천안시 서북구,202109,2951226.0
천안시 서북구,202110,3075853.0
천안시 서북구,202111,2932364.0
천안시 서북구,202112,2849610.0
천안시 서북구,202201,2827261.0
천안시 서북구,202202,2434857.0
천안시 서북구,202203,3137566.0
천안시 서북구,202204,2962534.0
천안시 서북구,202205,3297732.0
천안시 서북구,202206,3069209.0
천안시 서북구,202207,3267078.0
천안시 서북구,202208,3187744.0
천안시 서북구,202209,3450716.0
천안시 서북구,202210,3351072.0
천안시 서북구,202211,3129267.0
천안시 서북구,202212,3112076.0
천안시 서북구,202301,3122683.0
천안시 서북구,202302,2969524.0
천안시 서북구,202303,3763099.0
천안시 서북구,202304,3090020.0
천안시 서북구,202305,3292252.0
천안시 서북구,202306,3198031.0
천안시 서북구,202307,3286068.0
천안시 서북구,202308,3296236.0
천안시 서북구,202309,3378511.0
천안시 서북구,202310,3456623.0
천안시 서북구,202311,3161617.0
천안시 서북구,202312,3328422.0
천안시 서북구,202401,3130144.0
천안시 서북구,202402,3147370.0
천안시 서북구,202403,3885152.0
천안시 서북구,202404,3168157.0
천안시 서북구,202405,3412174.0
천안시 서북구,202406,3284757.0
천안시 서북구,202407,3334324.0
천안시 서북구,202408,3346949.0
천안시 서북구,202409,3550189.0
천안시 서북구,202410,3548743.0
천안시 서북구,202411,3365433.0
천안시 서북구,202412,3552095.0
천안시 서북구,202501,3361244.0
천안시 서북구,202502,3203275.0
천안시 서북구,202503,3885821.0
천안시 서북구,202504,3277935.0
천안시 서북구,202505,3972899.0
천안시 서북구,202506,3553211.0
천안시 서북구,202507,3696499.0
천안시 서북구,202508,3778240.0
천안시 서북구,202509,3858900.0
천안시 서북구,202510,3783356.0
천안시 서북구,202511,3742512.0
천안시 서북구,202512,3758161.0
천안시 서북구,202601,3533974.0
천안시 서북구,202602,3361219.0
천안시 서북구,202603,4233401.0
천안시 서북구,202604,3415899.0
천안시 서북구,202605,3743473.0
천안시 서북구,202606,3586102.0
천안시 서북구,202607,3676420.0
천안시 서북구,202608,3845688.0
철원군,201901,390622.0
철원군,201902,424407.0
철원군,201903,486808.0
철원군,201904,539570.0
철원군,201905,534841.0
철원군,201906,526244.0
철원군,201907,568565.0
철원군,201908,787066.0
철원군,201909,596526.0
철원군,201910,597506.0
철원군,201911,508470.0
철원군,201912,416675.0
철원군,202001,480677.0
철원군,202002,323555.0
철원군,202003,444395.0
철원군,202004,394844.0
철원군,202005,530062.0
철원군,202006,515592.0
철원군,202007,601557.0
철원군,202008,529916.0
철원군,202009,507657.0
철원군,202010,607598.0
철원군,202011,419952.0
철원군,202012,431074.0
철원군,202101,370780.0
철원군,202102,389250.0
철원군,202103,455564.0
철원군,202104,501090.0
철원군,202105,540570.0
철원군,202106,455551.0
철원군,202107,519487.0
철원군,202108,517159.0
철원군,202109,653665.0
철원군,202110,583550.0
철원군,202111,510694.0
철원군,202112,495041.0
철원군,202201,510092.0
철원군,202202,414389.0
철원군,202203,465406.0
철원군,202204,573198.0
철원군,202205,675802.0
철원군,202206,590489.0
철원군,202207,624933.0
철원군,202208,632217.0
철원군,202209,705083.0
철원군,202210,933475.0
철원군,202211,602488.0
철원군,202212,417945.0
철원군,202301,483055.0
철원군,202302,437475.0
철원군,202303,560623.0
철원군,202304,574120.0
철원군,202305,651971.0
철원군,202306,571164.0
철원군,202307,597649.0
철원군,202308,693588.0
철원군,202309,736205.0
철원군,202310,941726.0
철원군,202311,476193.0
철원군,202312,445585.0
철원군,202401,428690.0
철원군,202402,531410.0
철원군,202403,526117.0
철원군,202404,543494.0
철원군,202405,664757.0
철원군,202406,597731.0
철원군,202407,532028.0
철원군,202408,651218.0
철원군,202409,683030.0
철원군,202410,804556.0
철원군,202411,552714.0
철원군,202412,392121.0
철원군,202501,485691.0
철원군,202502,350712.0
철원군,202503,543828.0
철원군,202504,473046.0
철원군,202505,690068.0
철원군,202506,572172.0
철원군,202507,570652.0
철원군,202508,641792.0
철원군,202509,603192.0
철원군,202510,935396.0
철원군,202511,539546.0
철원군,202512,417451.0
철원군,202601,420041.0
철원군,202602,485317.0
철원군,202603,467410.0
철원군,202604,488437.0
철원군,202605,655431.0
철원군,202606,509378.0
철원군,202607,527950.0
철원군,202608,594608.0
청도군,201901,573826.0
청도군,201902,790258.0
청도군,201903,836342.0
청도군,201904,681629.0
청도군,201905,766753.0
청도군,201906,710807.0
청도군,201907,786941.0
청도군,201908,1002370.0
청도군,201909,814783.0
청도군,201910,838073.0
청도군,201911,753909.0
청도군,201912,643003.0
청도군,202001,769712.0
청도군,202002,499300.0
청도군,202003,400923.0
청도군,202004,612729.0
청도군,202005,783409.0
청도군,202006,702383.0
청도군,202007,757041.0
청도군,202008,1032132.0
청도군,202009,684522.0
청도군,202010,958724.0
청도군,202011,703163.0
청도군,202012,547886.0
청도군,202101,551975.0
청도군,202102,736978.0
청도군,202103,797897.0
청도군,202104,757253.0
청도군,202105,902281.0
청도군,202106,798239.0
청도군,202107,922873.0
청도군,202108,1028312.0
청도군,202109,924092.0
청도군,202110,976872.0
청도군,202111,789285.0
청도군,202112,651097.0
청도군,202201,735290.0
청도군,202202,712646.0
청도군,202203,735223.0
청도군,202204,840278.0
청도군,202205,864589.0
청도군,202206,786059.0
청도군,202207,1031061.0
청도군,202208,1057346.0
청도군,202209,935988.0
청도군,202210,1109350.0
청도군,202211,826130.0
청도군,202212,771703.0
청도군,202301,900313.0
청도군,202302,857130.0
청도군,202303,916704.0
청도군,202304,869446.0
청도군,202305,860260.0
청도군,202306,839876.0
청도군,202307,874169.0
청도군,202308,946028.0
청도군,202309,892282.0
청도군,202310,1013430.0
청도군,202311,732896.0
청도군,202312,712165.0
청도군,202401,665374.0
청도군,202402,840114.0
청도군,202403,885568.0
청도군,202404,851881.0
청도군,202405,872308.0
청도군,202406,835908.0
청도군,202407,844503.0
청도군,202408,992137.0
청도군,202409,934213.0
청도군,202410,961205.0
청도군,202411,915845.0
청도군,202412,756359.0
청도군,202501,894083.0
청도군,202502,696740.0
청도군,202503,954421.0
청도군,202504,817973.0
청도군,202505,981206.0
청도군,202506,856843.0
청도군,202507,898813.0
청도군,202508,1069397.0
청도군,202509,768535.0
청도군,202510,1160906.0
청도군,202511,887232.0
청도군,202512,721535.0
청도군,202601,732657.0
청도군,202602,874321.0
청도군,202603,888868.0
청도군,202604,813359.0
청도군,202605,982342.0
청도군,202606,779810.0
청도군,202607,899035.0
청도군,202608,991650.0
청송군,201901,298821.0
청송군,201902,367542.0
청송군,201903,330160.0
청송군,201904,326255.0
청송군,201905,392627.0
청송군,201906,346049.0
청송군,201907,403939.0
청송군,201908,516680.0
청송군,201909,454848.0
청송군,201910,514265.0
청송군,201911,574888.0
청송군,201912,311948.0
청송군,202001,447121.0
청송군,202002,245511.0
청송군,202003,227247.0
청송군,202004,298726.0
청송군,202005,412733.0
청송군,202006,342952.0
청송군,202007,380061.0
청송군,202008,537785.0
청송군,202009,386133.0
청송군,202010,594124.0
청송군,202011,462479.0
청송군,202012,260590.0
청송군,202101,276994.0
청송군,202102,327260.0
청송군,202103,304635.0
청송군,202104,336627.0
청송군,202105,407674.0
청송군,202106,364785.0
청송군,202107,422402.0
청송군,202108,464772.0
청송군,202109,512154.0
청송군,202110,585897.0
청송군,202111,529949.0
청송군,202112,307164.0
청송군,202201,395873.0
청송군,202202,310793.0
청송군,202203,279167.0
청송군,202204,349572.0
청송군,202205,417307.0
청송군,202206,368879.0
청송군,202207,494512.0
청송군,202208,504481.0
청송군,202209,497868.0
청송군,202210,643740.0
청송군,202211,532368.0
청송군,202212,313789.0
청송군,202301,424407.0
청송군,202302,310825.0
청송군,202303,356451.0
청송군,202304,385514.0
청송군,202305,421885.0
청송군,202306,396880.0
청송군,202307,432614.0
청송군,202308,483201.0
청송군,202309,505006.0
청송군,202310,610692.0
청송군,202311,530915.0
청송군,202312,328958.0
청송군,202401,317283.0
청송군,202402,365429.0
청송군,202403,327580.0
청송군,202404,351127.0
청송군,202405,403654.0
청송군,202406,376385.0
청송군,202407,387742.0
청송군,202408,475944.0
청송군,202409,489558.0
청송군,202410,518184.0
청송군,202411,596232.0
청송군,202412,329060.0
청송군,202501,421144.0
청송군,202502,278536.0
청송군,202503,347151.0
청송군,202504,318524.0
청송군,202505,423414.0
청송군,202506,370330.0
청송군,202507,422664.0
청송군,202508,458738.0
청송군,202509,377676.0
청송군,202510,621288.0
청송군,202511,621625.0
청송군,202512,345841.0
청송군,202601,360323.0
청송군,202602,390493.0
청송군,202603,339429.0
청송군,202604,336020.0
청송군,202605,436489.0
청송군,202606,346011.0
청송군,202607,398163.0
청송군,202608,452095.0
청양군,201901,347952.0
청양군,201902,398652.0
청양군,201903,378743.0
청양군,201904,387628.0
청양군,201905,406834.0
청양군,201906,360185.0
청양군,201907,353407.0
청양군,201908,462148.0
청양군,201909,447214.0
청양군,201910,373039.0
청양군,201911,381346.0
청양군,201912,321032.0
청양군,202001,440509.0
청양군,202002,246520.0
청양군,202003,299380.0
청양군,202004,363977.0
청양군,202005,423724.0
청양군,202006,328235.0
청양군,202007,321280.0
청양군,202008,369011.0
청양군,202009,341158.0
청양군,202010,436560.0
청양군,202011,352235.0
청양군,202012,248389.0
청양군,202101,273851.0
청양군,202102,321734.0
청양군,202103,349795.0
청양군,202104,383913.0
청양군,202105,391661.0
청양군,202106,349992.0
청양군,202107,345723.0
청양군,202108,383541.0
청양군,202109,475176.0
청양군,202110,405685.0
청양군,202111,370913.0
청양군,202112,308631.0
청양군,202201,450229.0
청양군,202202,332323.0
청양군,202203,338317.0
청양군,202204,415585.0
청양군,202205,421643.0
청양군,202206,371197.0
청양군,202207,395345.0
청양군,202208,429365.0
청양군,202209,474342.0
청양군,202210,422598.0
청양군,202211,371628.0
청양군,202212,299843.0
청양군,202301,497203.0
청양군,202302,361971.0
청양군,202303,413393.0
청양군,202304,451701.0
청양군,202305,428791.0
청양군,202306,381399.0
청양군,202307,370771.0
청양군,202308,390997.0
청양군,202309,514136.0
청양군,202310,436121.0
청양군,202311,353570.0
청양군,202312,321358.0
청양군,202401,393325.0
청양군,202402,388956.0
청양군,202403,390340.0
청양군,202404,437821.0
청양군,202405,392703.0
청양군,202406,361889.0
청양군,202407,321123.0
청양군,202408,392691.0
청양군,202409,452452.0
청양군,202410,375438.0
청양군,202411,363298.0
청양군,202412,303841.0
청양군,202501,452853.0
청양군,202502,344680.0
청양군,202503,351137.0
청양군,202504,440423.0
청양군,202505,437017.0
청양군,202506,341516.0
청양군,202507,334121.0
청양군,202508,431310.0
청양군,202509,395234.0
청양군,202510,498806.0
청양군,202511,433657.0
청양군,202512,397253.0
청양군,202601,405377.0
청양군,202602,457335.0
청양군,202603,428118.0
청양군,202604,413651.0
청양군,202605,466408.0
청양군,202606,394833.0
청양군,202607,388364.0
청양군,202608,452607.0
청주시 상당구,201901,2248768.0
청주시 상당구,201902,2332652.0
청주시 상당구,201903,2591345.0
청주시 상당구,201904,2591341.0
청주시 상당구,201905,2687298.0
청주시 상당구,201906,2365963.0
청주시 상당구,201907,2442475.0
청주시 상당구,201908,2523458.0
청주시 상당구,201909,2622110.0
청주시 상당구,201910,2647632.0
청주시 상당구,201911,2515658.0
청주시 상당구,201912,2414525.0
청주시 상당구,202001,2494235.0
청주시 상당구,202002,1927627.0
청주시 상당구,202003,2149112.0
청주시 상당구,202004,2254028.0
청주시 상당구,202005,2563440.0
청주시 상당구,202006,2404972.0
청주시 상당구,202007,2496134.0
청주시 상당구,202008,2307241.0
청주시 상당구,202009,2289212.0
청주시 상당구,202010,2624540.0
청주시 상당구,202011,2289056.0
청주시 상당구,202012,1908282.0
청주시 상당구,202101,1899460.0
청주시 상당구,202102,2172275.0
청주시 상당구,202103,2456655.0
청주시 상당구,202104,2299684.0
청주시 상당구,202105,2489392.0
청주시 상당구,202106,2282955.0
청주시 상당구,202107,2349396.0
청주시 상당구,202108,2333628.0
청주시 상당구,202109,2597384.0
청주시 상당구,202110,2498132.0
청주시 상당구,202111,2349654.0
청주시 상당구,202112,2249302.0
청주시 상당구,202201,2303510.0
청주시 상당구,202202,1989661.0
청주시 상당구,202203,2364264.0
청주시 상당구,202204,2772427.0
청주시 상당구,202205,2825155.0
청주시 상당구,202206,2455234.0
청주시 상당구,202207,2583676.0
청주시 상당구,202208,2549189.0
청주시 상당구,202209,2834869.0
청주시 상당구,202210,2730289.0
청주시 상당구,202211,2454743.0
청주시 상당구,202212,2317358.0
청주시 상당구,202301,2416842.0
청주시 상당구,202302,2231010.0
청주시 상당구,202303,2843161.0
청주시 상당구,202304,2615351.0
청주시 상당구,202305,2685772.0
청주시 상당구,202306,2481184.0
청주시 상당구,202307,2462229.0
청주시 상당구,202308,2516601.0
청주시 상당구,202309,2626439.0
청주시 상당구,202310,2743796.0
청주시 상당구,202311,2345156.0
청주시 상당구,202312,2399558.0
청주시 상당구,202401,2213796.0
청주시 상당구,202402,2354696.0
청주시 상당구,202403,2723252.0
청주시 상당구,202404,2603975.0
청주시 상당구,202405,2679009.0
청주시 상당구,202406,2394698.0
청주시 상당구,202407,2349339.0
청주시 상당구,202408,2434863.0
청주시 상당구,202409,2648327.0
청주시 상당구,202410,2668217.0
청주시 상당구,202411,2529975.0
청주시 상당구,202412,2406017.0
청주시 상당구,202501,2414949.0
청주시 상당구,202502,2170898.0
청주시 상당구,202503,2745701.0
청주시 상당구,202504,2688407.0
청주시 상당구,202505,2981479.0
청주시 상당구,202506,2610818.0
청주시 상당구,202507,2585115.0
청주시 상당구,202508,2726268.0
청주시 상당구,202509,2621479.0
청주시 상당구,202510,3056108.0
청주시 상당구,202511,2792765.0
청주시 상당구,202512,2632181.0
청주시 상당구,202601,2414283.0
청주시 상당구,202602,2506035.0
청주시 상당구,202603,2852480.0
청주시 상당구,202604,2778641.0
청주시 상당구,202605,3031573.0
청주시 상당구,202606,2585757.0
청주시 상당구,202607,2625512.0
청주시 상당구,202608,2712375.0
청주시 서원구,201901,2455558.0
청주시 서원구,201902,2467957.0
청주시 서원구,201903,3112889.0
청주시 서원구,201904,2467814.0
청주시 서원구,201905,2576140.0
청주시 서원구,201906,2364704.0
청주시 서원구,201907,2557856.0
청주시 서원구,201908,2566967.0
청주시 서원구,201909,2803893.0
청주시 서원구,201910,2560343.0
청주시 서원구,201911,2508510.0
청주시 서원구,201912,2580990.0
청주시 서원구,202001,2602649.0
청주시 서원구,202002,2040574.0
청주시 서원구,202003,2057006.0
청주시 서원구,202004,2319931.0
청주시 서원구,202005,2561932.0
청주시 서원구,202006,2307236.0
청주시 서원구,202007,2359643.0
청주시 서원구,202008,2319902.0
청주시 서원구,202009,2401852.0
청주시 서원구,202010,2514330.0
청주시 서원구,202011,2219200.0
청주시 서원구,202012,1936960.0
청주시 서원구,202101,1905429.0
청주시 서원구,202102,2067104.0
청주시 서원구,202103,2551568.0
청주시 서원구,202104,2199247.0
청주시 서원구,202105,2371077.0
청주시 서원구,202106,2243318.0
청주시 서원구,202107,2318077.0
청주시 서원구,202108,2257853.0
청주시 서원구,202109,2503195.0
청주시 서원구,202110,2422690.0
청주시 서원구,202111,2292347.0
청주시 서원구,202112,2224118.0
청주시 서원구,202201,2265113.0
청주시 서원구,202202,1953239.0
청주시 서원구,202203,2523549.0
청주시 서원구,202204,2442272.0
청주시 서원구,202205,2655924.0
청주시 서원구,202206,2407168.0
청주시 서원구,202207,2538037.0
청주시 서원구,202208,2435175.0
청주시 서원구,202209,2833988.0
청주시 서원구,202210,2550176.0
청주시 서원구,202211,2373493.0
청주시 서원구,202212,2367317.0
청주시 서원구,202301,2466970.0
청주시 서원구,202302,2235756.0
청주시 서원구,202303,2965705.0
청주시 서원구,202304,2449482.0
청주시 서원구,202305,2571368.0
청주시 서원구,202306,2414266.0
청주시 서원구,202307,2524484.0
청주시 서원구,202308,2523323.0
청주시 서원구,202309,2681132.0
청주시 서원구,202310,2596349.0
청주시 서원구,202311,2362438.0
청주시 서원구,202312,2529354.0
청주시 서원구,202401,2362115.0
청주시 서원구,202402,2488089.0
청주시 서원구,202403,3020475.0
청주시 서원구,202404,2597876.0
청주시 서원구,202405,2624216.0
청주시 서원구,202406,2462799.0
청주시 서원구,202407,2446506.0
청주시 서원구,202408,2485445.0
청주시 서원구,202409,2807188.0
청주시 서원구,202410,2521564.0
청주시 서원구,202411,2430199.0
청주시 서원구,202412,2474641.0
청주시 서원구,202501,2528454.0
청주시 서원구,202502,2305094.0
청주시 서원구,202503,2961543.0
청주시 서원구,202504,2554357.0
청주시 서원구,202505,2768767.0
청주시 서원구,202506,2508394.0
청주시 서원구,202507,2594659.0
청주시 서원구,202508,2773221.0
청주시 서원구,202509,2943907.0
청주시 서원구,202510,2849764.0
청주시 서원구,202511,2722556.0
청주시 서원구,202512,2683924.0
청주시 서원구,202601,2506485.0
청주시 서원구,202602,2550901.0
청주시 서원구,202603,3178605.0
청주시 서원구,202604,2569057.0
청주시 서원구,202605,2690423.0
청주시 서원구,202606,2544770.0
청주시 서원구,202607,2554127.0
청주시 서원구,202608,2674005.0
청주시 청원구,201901,2040496.0
청주시 청원구,201902,2009696.0
청주시 청원구,201903,2468999.0
청주시 청원구,201904,2026374.0
청주시 청원구,201905,2152740.0
청주시 청원구,201906,2015605.0
청주시 청원구,201907,2173674.0
청주시 청원구,201908,2164113.0
청주시 청원구,201909,2361737.0
청주시 청원구,201910,2276631.0
청주시 청원구,201911,2173335.0
청주시 청원구,201912,2167317.0
청주시 청원구,202001,2101417.0
청주시 청원구,202002,1633475.0
청주시 청원구,202003,1629890.0
청주시 청원구,202004,1733951.0
청주시 청원구,202005,2039962.0
청주시 청원구,202006,1947686.0
청주시 청원구,202007,2017952.0
청주시 청원구,202008,1957529.0
청주시 청원구,202009,1869001.0
청주시 청원구,202010,2124252.0
청주시 청원구,202011,1980446.0
청주시 청원구,202012,1577862.0
청주시 청원구,202101,1535356.0
청주시 청원구,202102,1702588.0
청주시 청원구,202103,2057114.0
청주시 청원구,202104,1868694.0
청주시 청원구,202105,2025375.0
청주시 청원구,202106,1938965.0
청주시 청원구,202107,1982897.0
청주시 청원구,202108,1879011.0
청주시 청원구,202109,2022211.0
청주시 청원구,202110,2136306.0
청주시 청원구,202111,2006916.0
청주시 청원구,202112,1999793.0
청주시 청원구,202201,1933087.0
청주시 청원구,202202,1698414.0
청주시 청원구,202203,2155369.0
청주시 청원구,202204,2128437.0
청주시 청원구,202205,2446394.0
청주시 청원구,202206,2134858.0
청주시 청원구,202207,2222332.0
청주시 청원구,202208,2184172.0
청주시 청원구,202209,2429640.0
청주시 청원구,202210,2373825.0
청주시 청원구,202211,2183016.0
청주시 청원구,202212,2066448.0
청주시 청원구,202301,2119672.0
청주시 청원구,202302,1982389.0
청주시 청원구,202303,2504453.0
청주시 청원구,202304,2111136.0
청주시 청원구,202305,2336968.0
청주시 청원구,202306,2133234.0
청주시 청원구,202307,2180751.0
청주시 청원구,202308,2237006.0
청주시 청원구,202309,2450212.0
청주시 청원구,202310,2506014.0
청주시 청원구,202311,2185323.0
청주시 청원구,202312,2296013.0
청주시 청원구,202401,2157359.0
청주시 청원구,202402,2229614.0
청주시 청원구,202403,2636311.0
청주시 청원구,202404,2246449.0
청주시 청원구,202405,2421021.0
청주시 청원구,202406,2328330.0
청주시 청원구,202407,2313049.0
청주시 청원구,202408,2405286.0
청주시 청원구,202409,2548895.0
청주시 청원구,202410,2462930.0
청주시 청원구,202411,2289326.0
청주시 청원구,202412,2320034.0
청주시 청원구,202501,2281540.0
청주시 청원구,202502,2206810.0
청주시 청원구,202503,2619172.0
청주시 청원구,202504,2328204.0
청주시 청원구,202505,2704843.0
청주시 청원구,202506,2439522.0
청주시 청원구,202507,2489590.0
청주시 청원구,202508,2657096.0
청주시 청원구,202509,2734143.0
청주시 청원구,202510,2821480.0
청주시 청원구,202511,2695713.0
청주시 청원구,202512,2683969.0
청주시 청원구,202601,2501395.0
청주시 청원구,202602,2438154.0
청주시 청원구,202603,2963657.0
청주시 청원구,202604,2455942.0
청주시 청원구,202605,2666695.0
청주시 청원구,202606,2499174.0
청주시 청원구,202607,2503443.0
청주시 청원구,202608,2587346.0
청주시 흥덕구,201901,2717831.0
청주시 흥덕구,201902,2552966.0
청주시 흥덕구,201903,3168844.0
청주시 흥덕구,201904,2566924.0
청주시 흥덕구,201905,2777706.0
청주시 흥덕구,201906,2576221.0
청주시 흥덕구,201907,2835333.0
청주시 흥덕구,201908,2783942.0
청주시 흥덕구,201909,2992548.0
청주시 흥덕구,201910,2930332.0
청주시 흥덕구,201911,2839624.0
청주시 흥덕구,201912,2894975.0
청주시 흥덕구,202001,2819264.0
청주시 흥덕구,202002,2213527.0
청주시 흥덕구,202003,2221262.0
청주시 흥덕구,202004,2326719.0
청주시 흥덕구,202005,2726420.0
청주시 흥덕구,202006,2607145.0
청주시 흥덕구,202007,2611094.0
청주시 흥덕구,202008,2497039.0
청주시 흥덕구,202009,2618131.0
청주시 흥덕구,202010,2857618.0
청주시 흥덕구,202011,2658976.0
청주시 흥덕구,202012,2305376.0
청주시 흥덕구,202101,2276561.0
청주시 흥덕구,202102,2370819.0
청주시 흥덕구,202103,2894512.0
청주시 흥덕구,202104,2534708.0
청주시 흥덕구,202105,2751510.0
청주시 흥덕구,202106,2687459.0
청주시 흥덕구,202107,2725931.0
청주시 흥덕구,202108,2630107.0
청주시 흥덕구,202109,2861753.0
청주시 흥덕구,202110,2923416.0
청주시 흥덕구,202111,2787410.0
청주시 흥덕구,202112,2793649.0
청주시 흥덕구,202201,2691646.0
청주시 흥덕구,202202,2366960.0
청주시 흥덕구,202203,2859810.0
청주시 흥덕구,202204,2867155.0
청주시 흥덕구,202205,3184652.0
청주시 흥덕구,202206,2881196.0
청주시 흥덕구,202207,3101899.0
청주시 흥덕구,202208,3002710.0
청주시 흥덕구,202209,3211087.0
청주시 흥덕구,202210,3150134.0
청주시 흥덕구,202211,2990665.0
청주시 흥덕구,202212,2959988.0
청주시 흥덕구,202301,3091352.0
청주시 흥덕구,202302,2982383.0
청주시 흥덕구,202303,3530052.0
청주시 흥덕구,202304,3122517.0
청주시 흥덕구,202305,3339642.0
청주시 흥덕구,202306,3153404.0
청주시 흥덕구,202307,3282481.0
청주시 흥덕구,202308,3351114.0
청주시 흥덕구,202309,3241101.0
청주시 흥덕구,202310,3274350.0
청주시 흥덕구,202311,3121318.0
청주시 흥덕구,202312,3235457.0
청주시 흥덕구,202401,3068418.0
청주시 흥덕구,202402,3099390.0
청주시 흥덕구,202403,3552795.0
청주시 흥덕구,202404,3114056.0
청주시 흥덕구,202405,3329025.0
청주시 흥덕구,202406,3150656.0
청주시 흥덕구,202407,3236039.0
청주시 흥덕구,202408,3243566.0
청주시 흥덕구,202409,3450078.0
청주시 흥덕구,202410,3352894.0
청주시 흥덕구,202411,3302788.0
청주시 흥덕구,202412,3327655.0
청주시 흥덕구,202501,3321486.0
청주시 흥덕구,202502,3056128.0
청주시 흥덕구,202503,3595760.0
청주시 흥덕구,202504,3251166.0
청주시 흥덕구,202505,3723453.0
청주시 흥덕구,202506,3546355.0
청주시 흥덕구,202507,3773540.0
청주시 흥덕구,202508,3768747.0
청주시 흥덕구,202509,3776122.0
청주시 흥덕구,202510,3846295.0
청주시 흥덕구,202511,3821244.0
청주시 흥덕구,202512,3751851.0
청주시 흥덕구,202601,3499645.0
청주시 흥덕구,202602,3373494.0
청주시 흥덕구,202603,3972263.0
청주시 흥덕구,202604,3373364.0
청주시 흥덕구,202605,3708122.0
청주시 흥덕구,202606,3517180.0
청주시 흥덕구,202607,3601804.0
청주시 흥덕구,202608,3663304.0
춘천시,201901,2054390.0
춘천시,201902,2117531.0
춘천시,201903,2718375.0
춘천시,201904,2045887.0
춘천시,201905,2257811.0
춘천시,201906,2414314.0
춘천시,201907,2664950.0
춘천시,201908,3286125.0
춘천시,201909,2811161.0
춘천시,201910,2559940.0
춘천시,201911,2614095.0
춘천시,201912,2239582.0
춘천시,202001,2566133.0
춘천시,202002,1697206.0
춘천시,202003,1935860.0
춘천시,202004,2050529.0
춘천시,202005,2483197.0
춘천시,202006,2372924.0
춘천시,202007,2738595.0
춘천시,202008,2379799.0
춘천시,202009,2122149.0
춘천시,202010,2623267.0
춘천시,202011,2043415.0
춘천시,202012,1722787.0
춘천시,202101,1642932.0
춘천시,202102,1892569.0
춘천시,202103,2246094.0
춘천시,202104,2095159.0
춘천시,202105,2308590.0
춘천시,202106,2093450.0
춘천시,202107,2300182.0
춘천시,202108,2556287.0
춘천시,202109,2548913.0
춘천시,202110,2673225.0
춘천시,202111,2284382.0
춘천시,202112,2208270.0
춘천시,202201,2313536.0
춘천시,202202,2034531.0
춘천시,202203,2804662.0
춘천시,202204,2630376.0
춘천시,202205,2906773.0
춘천시,202206,2615590.0
춘천시,202207,2889057.0
춘천시,202208,3099235.0
춘천시,202209,3046269.0
춘천시,202210,3223181.0
춘천시,202211,2646631.0
춘천시,202212,2164480.0
춘천시,202301,2522586.0
춘천시,202302,2334959.0
춘천시,202303,3158434.0
춘천시,202304,2493333.0
춘천시,202305,2715664.0
춘천시,202306,2603703.0
춘천시,202307,2684309.0
춘천시,202308,2927204.0
춘천시,202309,2978173.0
춘천시,202310,2908451.0
춘천시,202311,2330462.0
춘천시,202312,2322507.0
춘천시,202401,2166748.0
춘천시,202402,2356910.0
춘천시,202403,2799355.0
춘천시,202404,2415344.0
춘천시,202405,2659500.0
춘천시,202406,2544943.0
춘천시,202407,2389781.0
춘천시,202408,2808088.0
춘천시,202409,2774585.0
춘천시,202410,2652376.0
춘천시,202411,2400904.0
춘천시,202412,2072055.0
춘천시,202501,2362456.0
춘천시,202502,1944563.0
춘천시,202503,2717713.0
춘천시,202504,2179832.0
춘천시,202505,2925567.0
춘천시,202506,2500721.0
춘천시,202507,2531235.0
춘천시,202508,2873327.0
춘천시,202509,2563739.0
춘천시,202510,3100080.0
춘천시,202511,2497190.0
춘천시,202512,2121110.0
춘천시,202601,2171715.0
춘천시,202602,2289436.0
춘천시,202603,2683565.0
춘천시,202604,2277204.0
춘천시,202605,2806314.0
춘천시,202606,2296762.0
춘천시,202607,2459141.0
춘천시,202608,2759155.0
충주시,201901,1649531.0
충주시,201902,1817651.0
충주시,201903,2119868.0
충주시,201904,1811002.0
충주시,201905,2113062.0
충주시,201906,1829117.0
충주시,201907,1947738.0
충주시,201908,2207203.0
충주시,201909,2325944.0
충주시,201910,2032791.0
충주시,201911,1903121.0
충주시,201912,1646521.0
충주시,202001,1843505.0
충주시,202002,1211377.0
충주시,202003,1339506.0
충주시,202004,1522966.0
충주시,202005,1927044.0
충주시,202006,1782987.0
충주시,202007,1864020.0
충주시,202008,1975473.0
충주시,202009,1766013.0
충주시,202010,2139257.0
충주시,202011,1812088.0
충주시,202012,1348089.0
충주시,202101,1260802.0
충주시,202102,1498050.0
충주시,202103,1745105.0
충주시,202104,1797362.0
충주시,202105,1977943.0
충주시,202106,1886029.0
충주시,202107,1948090.0
충주시,202108,1886210.0
충주시,202109,2108613.0
충주시,202110,2150271.0
충주시,202111,1847812.0
충주시,202112,1608434.0
충주시,202201,1763056.0
충주시,202202,1450092.0
충주시,202203,1788171.0
충주시,202204,1878535.0
충주시,202205,2164641.0
충주시,202206,2040205.0
충주시,202207,2253826.0
충주시,202208,2263125.0
충주시,202209,2421491.0
충주시,202210,2401667.0
충주시,202211,2044604.0
충주시,202212,1692883.0
충주시,202301,1948144.0
충주시,202302,1680087.0
충주시,202303,2249844.0
충주시,202304,2082061.0
충주시,202305,2227162.0
충주시,202306,2123273.0
충주시,202307,2178613.0
충주시,202308,2336277.0
충주시,202309,2460101.0
충주시,202310,2452504.0
충주시,202311,2063649.0
충주시,202312,2150949.0
충주시,202401,2035449.0
충주시,202402,2450160.0
충주시,202403,2668903.0
충주시,202404,2485297.0
충주시,202405,2733817.0
충주시,202406,2576175.0
충주시,202407,2467067.0
충주시,202408,2885117.0
충주시,202409,3054432.0
충주시,202410,2790880.0
충주시,202411,2565065.0
충주시,202412,2131528.0
충주시,202501,2364427.0
충주시,202502,1918256.0
충주시,202503,2571874.0
충주시,202504,2377974.0
충주시,202505,2994166.0
충주시,202506,2556879.0
충주시,202507,2610345.0
충주시,202508,2983683.0
충주시,202509,2691901.0
충주시,202510,3357745.0
충주시,202511,2746516.0
충주시,202512,2189328.0
충주시,202601,2014271.0
충주시,202602,2370474.0
충주시,202603,2664739.0
충주시,202604,2362587.0
충주시,202605,2843326.0
충주시,202606,2407629.0
충주시,202607,2566920.0
충주시,202608,2859125.0
칠곡군,201901,1287065.0
칠곡군,201902,1358266.0
칠곡군,201903,1550232.0
칠곡군,201904,1400890.0
칠곡군,201905,1532944.0
칠곡군,201906,1408934.0
칠곡군,201907,1546180.0
칠곡군,201908,1574100.0
칠곡군,201909,1598412.0
칠곡군,201910,1596686.0
칠곡군,201911,1440687.0
칠곡군,201912,1366883.0
칠곡군,202001,1453808.0
칠곡군,202002,1148037.0
칠곡군,202003,1154539.0
칠곡군,202004,1355760.0
칠곡군,202005,1577263.0
칠곡군,202006,1441763.0
칠곡군,202007,1511775.0
칠곡군,202008,1589248.0
칠곡군,202009,1497615.0
칠곡군,202010,1730417.0
칠곡군,202011,1431146.0
칠곡군,202012,1244055.0
칠곡군,202101,1196490.0
칠곡군,202102,1297376.0
칠곡군,202103,1495254.0
칠곡군,202104,1454951.0
칠곡군,202105,1568509.0
칠곡군,202106,1482361.0
칠곡군,202107,1551147.0
칠곡군,202108,1534772.0
칠곡군,202109,1623026.0
칠곡군,202110,1613780.0
칠곡군,202111,1462302.0
칠곡군,202112,1333631.0
칠곡군,202201,1455922.0
칠곡군,202202,1313143.0
칠곡군,202203,1522885.0
칠곡군,202204,1622404.0
칠곡군,202205,1753143.0
칠곡군,202206,1637282.0
칠곡군,202207,1984264.0
칠곡군,202208,1866200.0
칠곡군,202209,1967934.0
칠곡군,202210,2055590.0
칠곡군,202211,1750154.0
칠곡군,202212,1541129.0
칠곡군,202301,1716318.0
칠곡군,202302,1509129.0
칠곡군,202303,1798532.0
칠곡군,202304,1784944.0
칠곡군,202305,1906949.0
칠곡군,202306,1777081.0
칠곡군,202307,1845914.0
칠곡군,202308,1881555.0
칠곡군,202309,2077157.0
칠곡군,202310,2077037.0
칠곡군,202311,1719762.0
칠곡군,202312,1646670.0
칠곡군,202401,1605081.0
칠곡군,202402,1776499.0
칠곡군,202403,1864399.0
칠곡군,202404,1836141.0
칠곡군,202405,1971371.0
칠곡군,202406,1864883.0
칠곡군,202407,1863128.0
칠곡군,202408,1906976.0
칠곡군,202409,2084923.0
칠곡군,202410,2019806.0
칠곡군,202411,1867189.0
칠곡군,202412,1691447.0
칠곡군,202501,1825668.0
칠곡군,202502,1525315.0
칠곡군,202503,1844449.0
칠곡군,202504,1808186.0
칠곡군,202505,2119107.0
칠곡군,202506,1930468.0
칠곡군,202507,1990933.0
칠곡군,202508,2050929.0
칠곡군,202509,1893897.0
칠곡군,202510,2348028.0
칠곡군,202511,2008540.0
칠곡군,202512,1737480.0
칠곡군,202601,1651556.0
칠곡군,202602,1755142.0
칠곡군,202603,1879967.0
칠곡군,202604,1813221.0
칠곡군,202605,2083077.0
칠곡군,202606,1863544.0
칠곡군,202607,1914978.0
칠곡군,202608,1964052.0
태백시,201901,541127.0
태백시,201902,424376.0
태백시,201903,372649.0
태백시,201904,315661.0
태백시,201905,383008.0
태백시,201906,404818.0
태백시,201907,502736.0
태백시,201908,689025.0
태백시,201909,442984.0
태백시,201910,403019.0
태백시,201911,393457.0
태백시,201912,399324.0
태백시,202001,625348.0
태백시,202002,342503.0
태백시,202003,312387.0
태백시,202004,319560.0
태백시,202005,403948.0
태백시,202006,390806.0
태백시,202007,480738.0
태백시,202008,528556.0
태백시,202009,350329.0
태백시,202010,444059.0
태백시,202011,319479.0
태백시,202012,303920.0
태백시,202101,292223.0
태백시,202102,322236.0
태백시,202103,291596.0
태백시,202104,316176.0
태백시,202105,361728.0
태백시,202106,348965.0
태백시,202107,452521.0
태백시,202108,510372.0
태백시,202109,457246.0
태백시,202110,403498.0
태백시,202111,333587.0
태백시,202112,389592.0
태백시,202201,420275.0
태백시,202202,353852.0
태백시,202203,383285.0
태백시,202204,404489.0
태백시,202205,454788.0
태백시,202206,401415.0
태백시,202207,553580.0
태백시,202208,645264.0
태백시,202209,440979.0
태백시,202210,515618.0
태백시,202211,420538.0
태백시,202212,312770.0
태백시,202301,549113.0
태백시,202302,424486.0
태백시,202303,390638.0
태백시,202304,416127.0
태백시,202305,421382.0
태백시,202306,409662.0
태백시,202307,523554.0
태백시,202308,589829.0
태백시,202309,479933.0
태백시,202310,481457.0
태백시,202311,340468.0
태백시,202312,379513.0
태백시,202401,510978.0
태백시,202402,485305.0
태백시,202403,349588.0
태백시,202404,360228.0
태백시,202405,430406.0
태백시,202406,408270.0
태백시,202407,499529.0
태백시,202408,650828.0
태백시,202409,485953.0
태백시,202410,429498.0
태백시,202411,362952.0
태백시,202412,364444.0
태백시,202501,530685.0
태백시,202502,415571.0
태백시,202503,345515.0
태백시,202504,342020.0
태백시,202505,472467.0
태백시,202506,404793.0
태백시,202507,600403.0
태백시,202508,658338.0
태백시,202509,398428.0
태백시,202510,564335.0
태백시,202511,377603.0
태백시,202512,373968.0
태백시,202601,464856.0
태백시,202602,496346.0
태백시,202603,341037.0
태백시,202604,347145.0
태백시,202605,450686.0
태백시,202606,398012.0
태백시,202607,533915.0
태백시,202608,640553.0
태안군,201901,663285.0
태안군,201902,770552.0
태안군,201903,989453.0
태안군,201904,1298953.0
태안군,201905,1539639.0
태안군,201906,1411077.0
태안군,201907,1389369.0
태안군,201908,1949247.0
태안군,201909,1379751.0
태안군,201910,1528232.0
태안군,201911,1015854.0
태안군,201912,798881.0
태안군,202001,856838.0
태안군,202002,625306.0
태안군,202003,914286.0
태안군,202004,1212861.0
태안군,202005,1668942.0
태안군,202006,1427364.0
태안군,202007,1512443.0
태안군,202008,1879946.0
태안군,202009,1474384.0
태안군,202010,1847718.0
태안군,202011,1135343.0
태안군,202012,866321.0
태안군,202101,729249.0
태안군,202102,985125.0
태안군,202103,1045996.0
태안군,202104,1288878.0
태안군,202105,1528018.0
태안군,202106,1414797.0
태안군,202107,1606211.0
태안군,202108,1924841.0
태안군,202109,1740820.0
태안군,202110,1818582.0
태안군,202111,1212795.0
태안군,202112,1148248.0
태안군,202201,1118550.0
태안군,202202,932890.0
태안군,202203,1019296.0
태안군,202204,1609783.0
태안군,202205,1891913.0
태안군,202206,1716194.0
태안군,202207,1806782.0
태안군,202208,2012641.0
태안군,202209,1842015.0
태안군,202210,1984009.0
태안군,202211,1255855.0
태안군,202212,895381.0
태안군,202301,951428.0
태안군,202302,914973.0
태안군,202303,1245712.0
태안군,202304,1729407.0
태안군,202305,1725455.0
태안군,202306,1631856.0
태안군,202307,1607039.0
태안군,202308,1952150.0
태안군,202309,1818811.0
태안군,202310,1933334.0
태안군,202311,1141731.0
태안군,202312,1000011.0
태안군,202401,865358.0
태안군,202402,1019188.0
태안군,202403,1253166.0
태안군,202404,1707327.0
태안군,202405,1665247.0
태안군,202406,1636397.0
태안군,202407,1430516.0
태안군,202408,1907884.0
태안군,202409,1784938.0
태안군,202410,1807188.0
태안군,202411,1320199.0
태안군,202412,934535.0
태안군,202501,979112.0
태안군,202502,859759.0
태안군,202503,1217414.0
태안군,202504,1557010.0
태안군,202505,1951140.0
태안군,202506,1574601.0
태안군,202507,1521046.0
태안군,202508,2193153.0
태안군,202509,1613084.0
태안군,202510,2211274.0
태안군,202511,1382522.0
태안군,202512,1029259.0
태안군,202601,868380.0
태안군,202602,1050385.0
태안군,202603,1212292.0
태안군,202604,1636420.0
태안군,202605,2143206.0
태안군,202606,1546482.0
태안군,202607,1645722.0
태안군,202608,2084685.0
통영시,201901,1259316.0
통영시,201902,1384604.0
통영시,201903,1421799.0
통영시,201904,1307494.0
통영시,201905,1391191.0
통영시,201906,1242102.0
통영시,201907,1355392.0
통영시,201908,1691880.0
통영시,201909,1275919.0
통영시,201910,1359466.0
통영시,201911,1299594.0
통영시,201912,1303413.0
통영시,202001,1407754.0
통영시,202002,1011193.0
통영시,202003,1040341.0
통영시,202004,1047643.0
통영시,202005,1398536.0
통영시,202006,1208352.0
통영시,202007,1322043.0
통영시,202008,1799195.0
통영시,202009,1108085.0
통영시,202010,1566384.0
통영시,202011,1283346.0
통영시,202012,1107174.0
통영시,202101,1078816.0
통영시,202102,1206183.0
통영시,202103,1114047.0
통영시,202104,1129577.0
통영시,202105,1318513.0
통영시,202106,1220678.0
통영시,202107,1316443.0
통영시,202108,1510736.0
통영시,202109,1319816.0
통영시,202110,1501947.0
통영시,202111,1286922.0
통영시,202112,1217571.0
통영시,202201,1363171.0
통영시,202202,1087618.0
통영시,202203,995993.0
통영시,202204,1201724.0
통영시,202205,1388914.0
통영시,202206,1324413.0
통영시,202207,1551021.0
통영시,202208,1690697.0
통영시,202209,1283700.0
통영시,202210,1542017.0
통영시,202211,1282623.0
통영시,202212,1233254.0
통영시,202301,1354971.0
통영시,202302,1130249.0
통영시,202303,1297704.0
통영시,202304,1279015.0
통영시,202305,1334931.0
통영시,202306,1318383.0
통영시,202307,1350344.0
통영시,202308,1462451.0
통영시,202309,1406847.0
통영시,202310,1552085.0
통영시,202311,1207489.0
통영시,202312,1235190.0
통영시,202401,1174555.0
통영시,202402,1255511.0
통영시,202403,1264335.0
통영시,202404,1221054.0
통영시,202405,1321133.0
통영시,202406,1269761.0
통영시,202407,1260461.0
통영시,202408,1519964.0
통영시,202409,1352947.0
통영시,202410,1296886.0
통영시,202411,1321175.0
통영시,202412,1230990.0
통영시,202501,1446744.0
통영시,202502,1013514.0
통영시,202503,1274130.0
통영시,202504,1153993.0
통영시,202505,1539736.0
통영시,202506,1362449.0
통영시,202507,1374429.0
통영시,202508,1680962.0
통영시,202509,1209703.0
통영시,202510,1749632.0
통영시,202511,1303543.0
통영시,202512,1234051.0
통영시,202601,1319240.0
통영시,202602,1285040.0
통영시,202603,1215911.0
통영시,202604,1182693.0
통영시,202605,1537530.0
통영시,202606,1190771.0
통영시,202607,1391367.0
통영시,202608,1555430.0
파주시,201901,3440197.0
파주시,201902,3415426.0
파주시,201903,4255443.0
파주시,201904,3630792.0
파주시,201905,3926603.0
파주시,201906,3861654.0
파주시,201907,3871773.0
파주시,201908,4470655.0
파주시,201909,4424503.0
파주시,201910,4083963.0
파주시,201911,4228722.0
파주시,201912,3765387.0
파주시,202001,3936179.0
파주시,202002,3095994.0
파주시,202003,3784225.0
파주시,202004,4008161.0
파주시,202005,4385514.0
파주시,202006,4038129.0
파주시,202007,4266086.0
파주시,202008,3716927.0
파주시,202009,4263780.0
파주시,202010,4886070.0
파주시,202011,3925016.0
파주시,202012,3532259.0
파주시,202101,3333575.0
파주시,202102,3758881.0
파주시,202103,4239302.0
파주시,202104,4222380.0
파주시,202105,4683889.0
파주시,202106,4244325.0
파주시,202107,4123451.0
파주시,202108,4280813.0
파주시,202109,4916263.0
파주시,202110,4828417.0
파주시,202111,4306117.0
파주시,202112,4007005.0
파주시,202201,4233063.0
파주시,202202,3588907.0
파주시,202203,4229140.0
파주시,202204,4752251.0
파주시,202205,5069139.0
파주시,202206,4462079.0
파주시,202207,4633770.0
파주시,202208,4647773.0
파주시,202209,5188861.0
파주시,202210,5100783.0
파주시,202211,4374562.0
파주시,202212,3938394.0
파주시,202301,4133557.0
파주시,202302,3900881.0
파주시,202303,4639208.0
파주시,202304,4386857.0
파주시,202305,4902650.0
파주시,202306,4579709.0
파주시,202307,4704225.0
파주시,202308,4582458.0
파주시,202309,4795766.0
파주시,202310,4950163.0
파주시,202311,3981521.0
파주시,202312,3832469.0
파주시,202401,3826907.0
파주시,202402,4263127.0
파주시,202403,4534524.0
파주시,202404,4082476.0
파주시,202405,4629358.0
파주시,202406,4212707.0
파주시,202407,4072568.0
파주시,202408,4335654.0
파주시,202409,4638499.0
파주시,202410,4633471.0
파주시,202411,4133968.0
파주시,202412,3841861.0
파주시,202501,4163221.0
파주시,202502,3581471.0
파주시,202503,4553774.0
파주시,202504,4107460.0
파주시,202505,5001060.0
파주시,202506,4342038.0
파주시,202507,4445957.0
파주시,202508,4448624.0
파주시,202509,4349476.0
파주시,202510,5274422.0
파주시,202511,4519657.0
파주시,202512,4329941.0
파주시,202601,4058685.0
파주시,202602,4335363.0
파주시,202603,4937737.0
파주시,202604,4277850.0
파주시,202605,4922351.0
파주시,202606,4324155.0
파주시,202607,4475855.0
파주시,202608,4615137.0
평창군,201901,1336522.0
평창군,201902,1081725.0
평창군,201903,794930.0
평창군,201904,693313.0
평창군,201905,1000161.0
평창군,201906,1077821.0
평창군,201907,1369474.0
평창군,201908,2046928.0
평창군,201909,1151314.0
평창군,201910,1275957.0
평창군,201911,968179.0
평창군,201912,1255554.0
평창군,202001,1625909.0
평창군,202002,1009074.0
평창군,202003,703578.0
평창군,202004,706665.0
평창군,202005,1046050.0
평창군,202006,1057431.0
평창군,202007,1393810.0
평창군,202008,1787146.0
평창군,202009,991789.0
평창군,202010,1511961.0
평창군,202011,935396.0
평창군,202012,851029.0
평창군,202101,854060.0
평창군,202102,1050265.0
평창군,202103,768984.0
평창군,202104,928353.0
평창군,202105,1267451.0
평창군,202106,1291393.0
평창군,202107,1719175.0
평창군,202108,1906816.0
평창군,202109,1409083.0
평창군,202110,1660035.0
평창군,202111,1108462.0
평창군,202112,1282750.0
평창군,202201,1603031.0
평창군,202202,1249797.0
평창군,202203,750054.0
평창군,202204,1042146.0
평창군,202205,1397897.0
평창군,202206,1442571.0
평창군,202207,1879466.0
평창군,202208,2107846.0
평창군,202209,1397756.0
평창군,202210,1734927.0
평창군,202211,1065227.0
평창군,202212,1347396.0
평창군,202301,1728958.0
평창군,202302,1388887.0
평창군,202303,964786.0
평창군,202304,1154187.0
평창군,202305,1427825.0
평창군,202306,1429467.0
평창군,202307,1715305.0
평창군,202308,2070979.0
평창군,202309,1547478.0
평창군,202310,1721002.0
평창군,202311,1059292.0
평창군,202312,1457431.0
평창군,202401,1704452.0
평창군,202402,1502245.0
평창군,202403,990028.0
평창군,202404,1031370.0
평창군,202405,1344124.0
평창군,202406,1499881.0
평창군,202407,1483363.0
평창군,202408,2176810.0
평창군,202409,1489996.0
평창군,202410,1575095.0
평창군,202411,1149906.0
평창군,202412,1361759.0
평창군,202501,1824706.0
평창군,202502,1250912.0
평창군,202503,988516.0
평창군,202504,970391.0
평창군,202505,1476357.0
평창군,202506,1485169.0
평창군,202507,1780331.0
평창군,202508,2198710.0
평창군,202509,1253436.0
평창군,202510,1706782.0
평창군,202511,1185468.0
평창군,202512,1329628.0
평창군,202601,1609355.0
평창군,202602,1478908.0
평창군,202603,941020.0
평창군,202604,998438.0
평창군,202605,1515850.0
평창군,202606,1414956.0
평창군,202607,1731292.0
평창군,202608,2127020.0
평택시,201901,3151855.0
평택시,201902,2844050.0
평택시,201903,3813245.0
평택시,201904,3181664.0
평택시,201905,3397726.0
평택시,201906,3320524.0
평택시,201907,3679571.0
평택시,201908,3785684.0
평택시,201909,3797790.0
평택시,201910,3861434.0
평택시,201911,3931048.0
평택시,201912,3555373.0
평택시,202001,3583571.0
평택시,202002,2916260.0
평택시,202003,3142502.0
평택시,202004,3144793.0
평택시,202005,3476975.0
평택시,202006,3314684.0
평택시,202007,3488518.0
평택시,202008,3203682.0
평택시,202009,3277258.0
평택시,202010,3718512.0
평택시,202011,3402188.0
평택시,202012,3056771.0
평택시,202101,2935176.0
평택시,202102,3008100.0
평택시,202103,3716649.0
평택시,202104,3317941.0
평택시,202105,3502498.0
평택시,202106,3472040.0
평택시,202107,3414807.0
평택시,202108,3393165.0
평택시,202109,3754518.0
평택시,202110,3890766.0
평택시,202111,3698476.0
평택시,202112,3610947.0
평택시,202201,3485156.0
평택시,202202,3045141.0
평택시,202203,3746652.0
평택시,202204,3813007.0
평택시,202205,4087799.0
평택시,202206,3921583.0
평택시,202207,4157397.0
평택시,202208,3992100.0
평택시,202209,4348642.0
평택시,202210,4466936.0
평택시,202211,4120520.0
평택시,202212,3793198.0
평택시,202301,3987877.0
평택시,202302,3675138.0
평택시,202303,4322107.0
평택시,202304,3948888.0
평택시,202305,4228692.0
평택시,202306,3998654.0
평택시,202307,4067831.0
평택시,202308,4017306.0
평택시,202309,4187195.0
평택시,202310,4064121.0
평택시,202311,3908957.0
평택시,202312,3824698.0
평택시,202401,3885603.0
평택시,202402,3820314.0
평택시,202403,4287859.0
평택시,202404,3797780.0
평택시,202405,4108241.0
평택시,202406,3802957.0
평택시,202407,3920414.0
평택시,202408,3959695.0
평택시,202409,4082037.0
평택시,202410,4425969.0
평택시,202411,3978097.0
평택시,202412,3954578.0
평택시,202501,4029717.0
평택시,202502,3691975.0
평택시,202503,4441086.0
평택시,202504,4122040.0
평택시,202505,5009151.0
평택시,202506,4492319.0
평택시,202507,4608836.0
평택시,202508,4689976.0
평택시,202509,4637667.0
평택시,202510,5227411.0
평택시,202511,4812159.0
평택시,202512,4587738.0
평택시,202601,4401819.0
평택시,202602,4330542.0
평택시,202603,5167963.0
평택시,202604,4720379.0
평택시,202605,5050428.0
평택시,202606,4621460.0
평택시,202607,4768228.0
평택시,202608,4932221.0
포천시,201901,1733549.0
포천시,201902,1728338.0
포천시,201903,2212098.0
포천시,201904,1923084.0
포천시,201905,2179985.0
포천시,201906,2106687.0
포천시,201907,2205320.0
포천시,201908,2796110.0
포천시,201909,2483366.0
포천시,201910,2429894.0
포천시,201911,2282242.0
포천시,201912,1934939.0
포천시,202001,2048092.0
포천시,202002,1601997.0
포천시,202003,2003647.0
포천시,202004,2083821.0
포천시,202005,2527002.0
포천시,202006,2341737.0
포천시,202007,2536724.0
포천시,202008,2310861.0
포천시,202009,2331552.0
포천시,202010,2804836.0
포천시,202011,2126034.0
포천시,202012,1773100.0
포천시,202101,1646542.0
포천시,202102,1950813.0
포천시,202103,2206570.0
포천시,202104,2357886.0
포천시,202105,2612149.0
포천시,202106,2416370.0
포천시,202107,2536808.0
포천시,202108,2695147.0
포천시,202109,2734200.0
포천시,202110,2823611.0
포천시,202111,2369590.0
포천시,202112,2100559.0
포천시,202201,2167612.0
포천시,202202,1800248.0
포천시,202203,2177726.0
포천시,202204,2587283.0
포천시,202205,2956981.0
포천시,202206,2591174.0
포천시,202207,2820439.0
포천시,202208,2784024.0
포천시,202209,2945351.0
포천시,202210,3089279.0
포천시,202211,2453730.0
포천시,202212,1841800.0
포천시,202301,1944427.0
포천시,202302,1907948.0
포천시,202303,2411775.0
포천시,202304,2438018.0
포천시,202305,2753954.0
포천시,202306,2499735.0
포천시,202307,2554104.0
포천시,202308,2691760.0
포천시,202309,2804099.0
포천시,202310,2887767.0
포천시,202311,2053259.0
포천시,202312,1865397.0
포천시,202401,1758466.0
포천시,202402,2000092.0
포천시,202403,2335651.0
포천시,202404,2224858.0
포천시,202405,2579692.0
포천시,202406,2366557.0
포천시,202407,2183028.0
포천시,202408,2625615.0
포천시,202409,2679753.0
포천시,202410,2745613.0
포천시,202411,2261575.0
포천시,202412,1826687.0
포천시,202501,1926510.0
포천시,202502,1695025.0
포천시,202503,2404415.0
포천시,202504,2058298.0
포천시,202505,2772110.0
포천시,202506,2421430.0
포천시,202507,2498813.0
포천시,202508,2700529.0
포천시,202509,2430891.0
포천시,202510,3041158.0
포천시,202511,2382289.0
포천시,202512,1935600.0
포천시,202601,1933771.0
포천시,202602,1955911.0
포천시,202603,2598354.0
포천시,202604,2330887.0
포천시,202605,2897705.0
포천시,202606,2455370.0
포천시,202607,2436036.0
포천시,202608,2765805.0
포항시 남구,201901,2311444.0
포항시 남구,201902,2260661.0
포항시 남구,201903,2459465.0
포항시 남구,201904,2073417.0
포항시 남구,201905,2276952.0
포항시 남구,201906,2215726.0
포항시 남구,201907,2399774.0
포항시 남구,201908,2525345.0
포항시 남구,201909,2308802.0
포항시 남구,201910,2250850.0
포항시 남구,201911,2269172.0
포항시 남구,201912,2498540.0
포항시 남구,202001,2609932.0
포항시 남구,202002,1792813.0
포항시 남구,202003,1663547.0
포항시 남구,202004,1892346.0
포항시 남구,202005,2289560.0
포항시 남구,202006,2131495.0
포항시 남구,202007,2310036.0
포항시 남구,202008,2617958.0
포항시 남구,202009,2038101.0
포항시 남구,202010,2345936.0
포항시 남구,202011,2186509.0
포항시 남구,202012,2024030.0
포항시 남구,202101,1874585.0
포항시 남구,202102,2068403.0
포항시 남구,202103,2176893.0
포항시 남구,202104,2016754.0
포항시 남구,202105,2284746.0
포항시 남구,202106,2166009.0
포항시 남구,202107,2372676.0
포항시 남구,202108,2322867.0
포항시 남구,202109,2384814.0
포항시 남구,202110,2514897.0
포항시 남구,202111,2290998.0
포항시 남구,202112,2251523.0
포항시 남구,202201,2455691.0
포항시 남구,202202,2011484.0
포항시 남구,202203,2115620.0
포항시 남구,202204,2235525.0
포항시 남구,202205,2424942.0
포항시 남구,202206,2358374.0
포항시 남구,202207,3015949.0
포항시 남구,202208,2749045.0
포항시 남구,202209,2480271.0
포항시 남구,202210,2617893.0
포항시 남구,202211,2353446.0
포항시 남구,202212,2387581.0
포항시 남구,202301,2614476.0
포항시 남구,202302,2285228.0
포항시 남구,202303,2590878.0
포항시 남구,202304,2419257.0
포항시 남구,202305,2697789.0
포항시 남구,202306,2498261.0
포항시 남구,202307,2609892.0
포항시 남구,202308,2665773.0
포항시 남구,202309,2562569.0
포항시 남구,202310,2566255.0
포항시 남구,202311,2279892.0
포항시 남구,202312,2471541.0
포항시 남구,202401,2386986.0
포항시 남구,202402,2410913.0
포항시 남구,202403,2587476.0
포항시 남구,202404,2417810.0
포항시 남구,202405,2527673.0
포항시 남구,202406,2482138.0
포항시 남구,202407,2509100.0
포항시 남구,202408,2663552.0
포항시 남구,202409,2585766.0
포항시 남구,202410,2472379.0
포항시 남구,202411,2372874.0
포항시 남구,202412,2445765.0
포항시 남구,202501,2631309.0
포항시 남구,202502,2204761.0
포항시 남구,202503,2582617.0
포항시 남구,202504,2346090.0
포항시 남구,202505,2764700.0
포항시 남구,202506,2567110.0
포항시 남구,202507,2712440.0
포항시 남구,202508,2850392.0
포항시 남구,202509,2472885.0
포항시 남구,202510,2858057.0
포항시 남구,202511,2533187.0
포항시 남구,202512,2573584.0
포항시 남구,202601,2538870.0
포항시 남구,202602,2479805.0
포항시 남구,202603,2589600.0
포항시 남구,202604,2403385.0
포항시 남구,202605,2769347.0
포항시 남구,202606,2417449.0
포항시 남구,202607,2667252.0
포항시 남구,202608,2764170.0
포항시 북구,201901,2276578.0
포항시 북구,201902,2384309.0
포항시 북구,201903,2414717.0
포항시 북구,201904,2044468.0
포항시 북구,201905,2332450.0
포항시 북구,201906,2172889.0
포항시 북구,201907,2517058.0
포항시 북구,201908,2828834.0
포항시 북구,201909,2406024.0
포항시 북구,201910,2183143.0
포항시 북구,201911,2210406.0
포항시 북구,201912,2311494.0
포항시 북구,202001,2489772.0
포항시 북구,202002,1730405.0
포항시 북구,202003,1578202.0
포항시 북구,202004,1881433.0
포항시 북구,202005,2391495.0
포항시 북구,202006,2163345.0
포항시 북구,202007,2338636.0
포항시 북구,202008,2769816.0
포항시 북구,202009,2064034.0
포항시 북구,202010,2367119.0
포항시 북구,202011,2119722.0
포항시 북구,202012,1907827.0
포항시 북구,202101,1794930.0
포항시 북구,202102,2071515.0
포항시 북구,202103,2220001.0
포항시 북구,202104,2038826.0
포항시 북구,202105,2346975.0
포항시 북구,202106,2216329.0
포항시 북구,202107,2495005.0
포항시 북구,202108,2485050.0
포항시 북구,202109,2479448.0
포항시 북구,202110,2470155.0
포항시 북구,202111,2309598.0
포항시 북구,202112,2217775.0
포항시 북구,202201,2534220.0
포항시 북구,202202,2024175.0
포항시 북구,202203,2129081.0
포항시 북구,202204,2212369.0
포항시 북구,202205,2529412.0
포항시 북구,202206,2479496.0
포항시 북구,202207,3202046.0
포항시 북구,202208,3004001.0
포항시 북구,202209,2543907.0
포항시 북구,202210,2622888.0
포항시 북구,202211,2336344.0
포항시 북구,202212,2386124.0
포항시 북구,202301,2698859.0
포항시 북구,202302,2294449.0
포항시 북구,202303,2623892.0
포항시 북구,202304,2392591.0
포항시 북구,202305,2652613.0
포항시 북구,202306,2529905.0
포항시 북구,202307,2717281.0
포항시 북구,202308,2913215.0
포항시 북구,202309,2707977.0
포항시 북구,202310,2659290.0
포항시 북구,202311,2279568.0
포항시 북구,202312,2527831.0
포항시 북구,202401,2360565.0
포항시 북구,202402,2495315.0
포항시 북구,202403,2639413.0
포항시 북구,202404,2343974.0
포항시 북구,202405,2662088.0
포항시 북구,202406,2617231.0
포항시 북구,202407,2611265.0
포항시 북구,202408,2872209.0
포항시 북구,202409,2713662.0
포항시 북구,202410,2461451.0
포항시 북구,202411,2380366.0
포항시 북구,202412,2463706.0
포항시 북구,202501,2770728.0
포항시 북구,202502,2118555.0
포항시 북구,202503,2600341.0
포항시 북구,202504,2212843.0
포항시 북구,202505,2864974.0
포항시 북구,202506,2569745.0
포항시 북구,202507,2777688.0
포항시 북구,202508,3075399.0
포항시 북구,202509,2460160.0
포항시 북구,202510,3074884.0
포항시 북구,202511,2635188.0
포항시 북구,202512,2610054.0
포항시 북구,202601,2613642.0
포항시 북구,202602,2621054.0
포항시 북구,202603,2631080.0
포항시 북구,202604,2335655.0
포항시 북구,202605,2894065.0
포항시 북구,202606,2486503.0
포항시 북구,202607,2800019.0
포항시 북구,202608,3086431.0
하남시,201901,3395600.0
하남시,201902,3165818.0
하남시,201903,3953643.0
하남시,201904,3254618.0
하남시,201905,3872034.0
하남시,201906,3945324.0
하남시,201907,4334777.0
하남시,201908,4736258.0
하남시,201909,4188993.0
하남시,201910,4342813.0
하남시,201911,4590951.0
하남시,201912,4531757.0
하남시,202001,4399306.0
하남시,202002,3601787.0
하남시,202003,3956083.0
하남시,202004,4344142.0
하남시,202005,4640292.0
하남시,202006,4288865.0
하남시,202007,4634331.0
하남시,202008,4420081.0
하남시,202009,4335855.0
하남시,202010,4839068.0
하남시,202011,4150017.0
하남시,202012,3716820.0
하남시,202101,3728506.0
하남시,202102,4097786.0
하남시,202103,4636241.0
하남시,202104,4516564.0
하남시,202105,4940444.0
하남시,202106,4578718.0
하남시,202107,4605160.0
하남시,202108,4661874.0
하남시,202109,4867815.0
하남시,202110,5037779.0
하남시,202111,4409571.0
하남시,202112,4387878.0
하남시,202201,4384206.0
하남시,202202,3707690.0
하남시,202203,4203783.0
하남시,202204,5019199.0
하남시,202205,5084869.0
하남시,202206,4733269.0
하남시,202207,5195249.0
하남시,202208,5058359.0
하남시,202209,4991162.0
하남시,202210,5198900.0
하남시,202211,4455495.0
하남시,202212,4597381.0
하남시,202301,4547228.0
하남시,202302,4288902.0
하남시,202303,4778225.0
하남시,202304,4568275.0
하남시,202305,5153346.0
하남시,202306,4684545.0
하남시,202307,4854215.0
하남시,202308,4941698.0
하남시,202309,4876965.0
하남시,202310,4820314.0
하남시,202311,4302198.0
하남시,202312,4660164.0
하남시,202401,4341520.0
하남시,202402,4351948.0
하남시,202403,4851951.0
하남시,202404,4439912.0
하남시,202405,4718426.0
하남시,202406,4498745.0
하남시,202407,4523675.0
하남시,202408,4731969.0
하남시,202409,4547457.0
하남시,202410,4741269.0
하남시,202411,4381617.0
하남시,202412,4516701.0
하남시,202501,4532500.0
하남시,202502,4096978.0
하남시,202503,4953861.0
하남시,202504,4517596.0
하남시,202505,5378723.0
하남시,202506,4937963.0
하남시,202507,5214175.0
하남시,202508,5279593.0
하남시,202509,4758292.0
하남시,202510,5363102.0
하남시,202511,4951567.0
하남시,202512,4964993.0
하남시,202601,4708010.0
하남시,202602,4726148.0
하남시,202603,5181109.0
하남시,202604,4766424.0
하남시,202605,5361238.0
하남시,202606,4629015.0
하남시,202607,4911641.0
하남시,202608,5082974.0
하동군,201901,332391.0
하동군,201902,504223.0
하동군,201903,978517.0
하동군,201904,618849.0
하동군,201905,566515.0
하동군,201906,458363.0
하동군,201907,520146.0
하동군,201908,731878.0
하동군,201909,585718.0
하동군,201910,567100.0
하동군,201911,550311.0
하동군,201912,405342.0
하동군,202001,509977.0
하동군,202002,348373.0
하동군,202003,704299.0
하동군,202004,517815.0
하동군,202005,635879.0
하동군,202006,493805.0
하동군,202007,528900.0
하동군,202008,727640.0
하동군,202009,502034.0
하동군,202010,821420.0
하동군,202011,514432.0
하동군,202012,358739.0
하동군,202101,339747.0
하동군,202102,502605.0
하동군,202103,840517.0
하동군,202104,550321.0
하동군,202105,599559.0
하동군,202106,539701.0
하동군,202107,589591.0
하동군,202108,709860.0
하동군,202109,672778.0
하동군,202110,697990.0
하동군,202111,570817.0
하동군,202112,420620.0
하동군,202201,499037.0
하동군,202202,456531.0
하동군,202203,742068.0
하동군,202204,825913.0
하동군,202205,708889.0
하동군,202206,580604.0
하동군,202207,713403.0
하동군,202208,811322.0
하동군,202209,713310.0
하동군,202210,802428.0
하동군,202211,645200.0
하동군,202212,446676.0
하동군,202301,545211.0
하동군,202302,459829.0
하동군,202303,1217235.0
하동군,202304,791522.0
하동군,202305,808721.0
하동군,202306,597643.0
하동군,202307,582535.0
하동군,202308,739246.0
하동군,202309,691901.0
하동군,202310,774907.0
하동군,202311,587003.0
하동군,202312,444076.0
하동군,202401,426240.0
하동군,202402,554945.0
하동군,202403,1156781.0
하동군,202404,775848.0
하동군,202405,669917.0
하동군,202406,549958.0
하동군,202407,558159.0
하동군,202408,755528.0
하동군,202409,683072.0
하동군,202410,639602.0
하동군,202411,638613.0
하동군,202412,432819.0
하동군,202501,541158.0
하동군,202502,369408.0
하동군,202503,873542.0
하동군,202504,775113.0
하동군,202505,748440.0
하동군,202506,580535.0
하동군,202507,602190.0
하동군,202508,749731.0
하동군,202509,539298.0
하동군,202510,910650.0
하동군,202511,669534.0
하동군,202512,467080.0
하동군,202601,427961.0
하동군,202602,569660.0
하동군,202603,1017889.0
하동군,202604,761309.0
하동군,202605,754552.0
하동군,202606,546102.0
하동군,202607,598807.0
하동군,202608,722747.0
함안군,201901,679532.0
함안군,201902,754225.0
함안군,201903,811048.0
함안군,201904,774208.0
함안군,201905,838087.0
함안군,201906,735822.0
함안군,201907,823365.0
함안군,201908,865512.0
함안군,201909,919025.0
함안군,201910,888623.0
함안군,201911,860043.0
함안군,201912,764865.0
함안군,202001,871927.0
함안군,202002,647643.0
함안군,202003,712978.0
함안군,202004,744991.0
함안군,202005,898283.0
함안군,202006,802762.0
함안군,202007,815402.0
함안군,202008,863651.0
함안군,202009,810396.0
함안군,202010,925315.0
함안군,202011,800343.0
함안군,202012,693946.0
함안군,202101,647095.0
함안군,202102,732070.0
함안군,202103,814847.0
함안군,202104,811051.0
함안군,202105,971961.0
함안군,202106,853939.0
함안군,202107,850228.0
함안군,202108,794634.0
함안군,202109,959594.0
함안군,202110,970056.0
함안군,202111,870190.0
함안군,202112,746067.0
함안군,202201,798022.0
함안군,202202,726581.0
함안군,202203,782453.0
함안군,202204,891058.0
함안군,202205,1078827.0
함안군,202206,854597.0
함안군,202207,969354.0
함안군,202208,937008.0
함안군,202209,993997.0
함안군,202210,1121805.0
함안군,202211,927002.0
함안군,202212,772773.0
함안군,202301,883109.0
함안군,202302,738271.0
함안군,202303,919930.0
함안군,202304,964748.0
함안군,202305,1121055.0
함안군,202306,893804.0
함안군,202307,944400.0
함안군,202308,902710.0
함안군,202309,1015455.0
함안군,202310,1038724.0
함안군,202311,867015.0
함안군,202312,744907.0
함안군,202401,767986.0
함안군,202402,855538.0
함안군,202403,892378.0
함안군,202404,912654.0
함안군,202405,1050681.0
함안군,202406,901953.0
함안군,202407,923845.0
함안군,202408,881281.0
함안군,202409,956264.0
함안군,202410,986421.0
함안군,202411,943629.0
함안군,202412,807652.0
함안군,202501,891188.0
함안군,202502,715126.0
함안군,202503,882964.0
함안군,202504,926703.0
함안군,202505,1235877.0
함안군,202506,973046.0
함안군,202507,980706.0
함안군,202508,931662.0
함안군,202509,944229.0
함안군,202510,1161656.0
함안군,202511,1018045.0
함안군,202512,865199.0
함안군,202601,835152.0
함안군,202602,898736.0
함안군,202603,964942.0
함안군,202604,994047.0
함안군,202605,1266475.0
함안군,202606,996278.0
함안군,202607,962687.0
함안군,202608,920503.0
함양군,201901,304968.0
함양군,201902,408541.0
함양군,201903,339239.0
함양군,201904,358928.0
함양군,201905,467111.0
함양군,201906,424084.0
함양군,201907,531792.0
함양군,201908,718133.0
함양군,201909,509059.0
함양군,201910,430365.0
함양군,201911,406981.0
함양군,201912,312206.0
함양군,202001,434780.0
함양군,202002,263217.0
함양군,202003,279573.0
함양군,202004,329356.0
함양군,202005,444390.0
함양군,202006,393824.0
함양군,202007,417240.0
함양군,202008,596629.0
함양군,202009,344155.0
함양군,202010,493913.0
함양군,202011,377917.0
함양군,202012,278240.0
함양군,202101,259234.0
함양군,202102,328013.0
함양군,202103,323336.0
함양군,202104,370931.0
함양군,202105,451782.0
함양군,202106,423981.0
함양군,202107,469586.0
함양군,202108,520809.0
함양군,202109,598848.0
함양군,202110,531453.0
함양군,202111,411987.0
함양군,202112,321507.0
함양군,202201,380931.0
함양군,202202,308993.0
함양군,202203,302882.0
함양군,202204,384935.0
함양군,202205,472217.0
함양군,202206,441434.0
함양군,202207,594619.0
함양군,202208,645243.0
함양군,202209,549586.0
함양군,202210,551514.0
함양군,202211,455311.0
함양군,202212,371230.0
함양군,202301,473778.0
함양군,202302,351607.0
함양군,202303,441838.0
함양군,202304,522447.0
함양군,202305,591959.0
함양군,202306,548721.0
함양군,202307,589800.0
함양군,202308,738886.0
함양군,202309,679065.0
함양군,202310,662626.0
함양군,202311,526444.0
함양군,202312,392911.0
함양군,202401,407798.0
함양군,202402,491518.0
함양군,202403,474329.0
함양군,202404,541637.0
함양군,202405,624694.0
함양군,202406,587119.0
함양군,202407,669322.0
함양군,202408,932897.0
함양군,202409,791236.0
함양군,202410,794028.0
함양군,202411,724342.0
함양군,202412,530056.0
함양군,202501,714533.0
함양군,202502,452752.0
함양군,202503,576417.0
함양군,202504,644101.0
함양군,202505,871195.0
함양군,202506,708503.0
함양군,202507,795712.0
함양군,202508,980433.0
함양군,202509,712219.0
함양군,202510,1031476.0
함양군,202511,740085.0
함양군,202512,549444.0
함양군,202601,570291.0
함양군,202602,660459.0
함양군,202603,513623.0
함양군,202604,584975.0
함양군,202605,873007.0
함양군,202606,625522.0
함양군,202607,774764.0
함양군,202608,913889.0
함평군,201901,340175.0
함평군,201902,446512.0
함평군,201903,438545.0
함평군,201904,517014.0
함평군,201905,590183.0
함평군,201906,446972.0
함평군,201907,423316.0
함평군,201908,502450.0
함평군,201909,573397.0
함평군,201910,623505.0
함평군,201911,493259.0
함평군,201912,391526.0
함평군,202001,473731.0
함평군,202002,321621.0
함평군,202003,398865.0
함평군,202004,445580.0
함평군,202005,528585.0
함평군,202006,459794.0
함평군,202007,405539.0
함평군,202008,489045.0
함평군,202009,477322.0
함평군,202010,581461.0
함평군,202011,379523.0
함평군,202012,401260.0
함평군,202101,344144.0
함평군,202102,441115.0
함평군,202103,493519.0
함평군,202104,515261.0
함평군,202105,543684.0
함평군,202106,488204.0
함평군,202107,463401.0
함평군,202108,508323.0
함평군,202109,631932.0
함평군,202110,559559.0
함평군,202111,543672.0
함평군,202112,405419.0
함평군,202201,447200.0
함평군,202202,397426.0
함평군,202203,467270.0
함평군,202204,534775.0
함평군,202205,630873.0
함평군,202206,461128.0
함평군,202207,606066.0
함평군,202208,556384.0
함평군,202209,673714.0
함평군,202210,699643.0
함평군,202211,564805.0
함평군,202212,408901.0
함평군,202301,492331.0
함평군,202302,401632.0
함평군,202303,527908.0
함평군,202304,607322.0
함평군,202305,649214.0
함평군,202306,534686.0
함평군,202307,495780.0
함평군,202308,553664.0
함평군,202309,591527.0
함평군,202310,613778.0
함평군,202311,482222.0
함평군,202312,394271.0
함평군,202401,370617.0
함평군,202402,457505.0
함평군,202403,461412.0
함평군,202404,564181.0
함평군,202405,606642.0
함평군,202406,472175.0
함평군,202407,427481.0
함평군,202408,483202.0
함평군,202409,583308.0
함평군,202410,564277.0
함평군,202411,501697.0
함평군,202412,465102.0
함평군,202501,447613.0
함평군,202502,316964.0
함평군,202503,480626.0
함평군,202504,549909.0
함평군,202505,658192.0
함평군,202506,475482.0
함평군,202507,439437.0
함평군,202508,485258.0
함평군,202509,475352.0
함평군,202510,707189.0
함평군,202511,562706.0
함평군,202512,480708.0
함평군,202601,379938.0
함평군,202602,473765.0
함평군,202603,478422.0
함평군,202604,557560.0
함평군,202605,654551.0
함평군,202606,467011.0
함평군,202607,446331.0
함평군,202608,491765.0
합천군,201901,365876.0
합천군,201902,576838.0
합천군,201903,472450.0
합천군,201904,542527.0
합천군,201905,735743.0
합천군,201906,500751.0
합천군,201907,504359.0
합천군,201908,674658.0
합천군,201909,642702.0
합천군,201910,608458.0
합천군,201911,612155.0
합천군,201912,420099.0
합천군,202001,590458.0
합천군,202002,314746.0
합천군,202003,377442.0
합천군,202004,489085.0
합천군,202005,683399.0
합천군,202006,514744.0
합천군,202007,482471.0
합천군,202008,651895.0
합천군,202009,546556.0
합천군,202010,837299.0
합천군,202011,575772.0
합천군,202012,406705.0
합천군,202101,373103.0
합천군,202102,514494.0
합천군,202103,481804.0
합천군,202104,546423.0
합천군,202105,741074.0
합천군,202106,542218.0
합천군,202107,530054.0
합천군,202108,594845.0
합천군,202109,710539.0
합천군,202110,723017.0
합천군,202111,607022.0
합천군,202112,434046.0
합천군,202201,503645.0
합천군,202202,465738.0
합천군,202203,431919.0
합천군,202204,620929.0
합천군,202205,832844.0
합천군,202206,530129.0
합천군,202207,567360.0
합천군,202208,625676.0
합천군,202209,692124.0
합천군,202210,833211.0
합천군,202211,590758.0
합천군,202212,420318.0
합천군,202301,557716.0
합천군,202302,390995.0
합천군,202303,529518.0
합천군,202304,680220.0
합천군,202305,726072.0
합천군,202306,553861.0
합천군,202307,523213.0
합천군,202308,556840.0
합천군,202309,692518.0
합천군,202310,789392.0
합천군,202311,513845.0
합천군,202312,404509.0
합천군,202401,394399.0
합천군,202402,537979.0
합천군,202403,511656.0
합천군,202404,602451.0
합천군,202405,755496.0
합천군,202406,534924.0
합천군,202407,476717.0
합천군,202408,577424.0
합천군,202409,681010.0
합천군,202410,724312.0
합천군,202411,602317.0
합천군,202412,402411.0
합천군,202501,550002.0
합천군,202502,332096.0
합천군,202503,485998.0
합천군,202504,546465.0
합천군,202505,850120.0
합천군,202506,536386.0
합천군,202507,515202.0
합천군,202508,604025.0
합천군,202509,523539.0
합천군,202510,930333.0
합천군,202511,636063.0
합천군,202512,433879.0
합천군,202601,417772.0
합천군,202602,537002.0
합천군,202603,487826.0
합천군,202604,596147.0
합천군,202605,853232.0
합천군,202606,522188.0
합천군,202607,521536.0
합천군,202608,594489.0
해남군,201901,536929.0
해남군,201902,673931.0
해남군,201903,643704.0
해남군,201904,615999.0
해남군,201905,650571.0
해남군,201906,585117.0
해남군,201907,617978.0
해남군,201908,781928.0
해남군,201909,785187.0
해남군,201910,653394.0
해남군,201911,685480.0
해남군,201912,599094.0
해남군,202001,704678.0
해남군,202002,472733.0
해남군,202003,535593.0
해남군,202004,545857.0
해남군,202005,697020.0
해남군,202006,590199.0
해남군,202007,613023.0
해남군,202008,781517.0
해남군,202009,606260.0
해남군,202010,749458.0
해남군,202011,584428.0
해남군,202012,592822.0
해남군,202101,492631.0
해남군,202102,622290.0
해남군,202103,606016.0
해남군,202104,615006.0
해남군,202105,692713.0
해남군,202106,660819.0
해남군,202107,667010.0
해남군,202108,747044.0
해남군,202109,826755.0
해남군,202110,739506.0
해남군,202111,723778.0
해남군,202112,666028.0
해남군,202201,716553.0
해남군,202202,578684.0
해남군,202203,588805.0
해남군,202204,663521.0
해남군,202205,692739.0
해남군,202206,687483.0
해남군,202207,910572.0
해남군,202208,819037.0
해남군,202209,871648.0
해남군,202210,825729.0
해남군,202211,746161.0
해남군,202212,636143.0
해남군,202301,793068.0
해남군,202302,596113.0
해남군,202303,749274.0
해남군,202304,753253.0
해남군,202305,800620.0
해남군,202306,725443.0
해남군,202307,705470.0
해남군,202308,830283.0
해남군,202309,919976.0
해남군,202310,854678.0
해남군,202311,745035.0
해남군,202312,741773.0
해남군,202401,635226.0
해남군,202402,775990.0
해남군,202403,744852.0
해남군,202404,738858.0
해남군,202405,824932.0
해남군,202406,735788.0
해남군,202407,720055.0
해남군,202408,850791.0
해남군,202409,894716.0
해남군,202410,802480.0
해남군,202411,784586.0
해남군,202412,728760.0
해남군,202501,836266.0
해남군,202502,554002.0
해남군,202503,763203.0
해남군,202504,736609.0
해남군,202505,944387.0
해남군,202506,775329.0
해남군,202507,785279.0
해남군,202508,886365.0
해남군,202509,761355.0
해남군,202510,1175464.0
해남군,202511,848689.0
해남군,202512,781612.0
해남군,202601,675274.0
해남군,202602,807071.0
해남군,202603,755103.0
해남군,202604,753843.0
해남군,202605,892298.0
해남군,202606,726232.0
해남군,202607,753532.0
해남군,202608,878523.0
해운대구,201901,5256586.0
해운대구,201902,5222626.0
해운대구,201903,5461994.0
해운대구,201904,4636318.0
해운대구,201905,5605387.0
해운대구,201906,5543549.0
해운대구,201907,5994057.0
해운대구,201908,6508415.0
해운대구,201909,5464570.0
해운대구,201910,5567465.0
해운대구,201911,5643891.0
해운대구,201912,6299116.0
해운대구,202001,5768885.0
해운대구,202002,4107044.0
해운대구,202003,3480414.0
해운대구,202004,3961040.0
해운대구,202005,5044561.0
해운대구,202006,4788762.0
해운대구,202007,5326944.0
해운대구,202008,5603639.0
해운대구,202009,4309123.0
해운대구,202010,5196267.0
해운대구,202011,4843808.0
해운대구,202012,4187657.0
해운대구,202101,4256761.0
해운대구,202102,4701870.0
해운대구,202103,5096028.0
해운대구,202104,4520346.0
해운대구,202105,5247296.0
해운대구,202106,5088656.0
해운대구,202107,5274939.0
해운대구,202108,4837836.0
해운대구,202109,5080991.0
해운대구,202110,5509929.0
해운대구,202111,5224779.0
해운대구,202112,5371941.0
해운대구,202201,5381464.0
해운대구,202202,4561812.0
해운대구,202203,4727812.0
해운대구,202204,5089914.0
해운대구,202205,5887970.0
해운대구,202206,5809162.0
해운대구,202207,6459823.0
해운대구,202208,6420611.0
해운대구,202209,5346457.0
해운대구,202210,5791339.0
해운대구,202211,5250627.0
해운대구,202212,5793118.0
해운대구,202301,5661524.0
해운대구,202302,5216486.0
해운대구,202303,5414852.0
해운대구,202304,5293855.0
해운대구,202305,5748768.0
해운대구,202306,5529542.0
해운대구,202307,6127492.0
해운대구,202308,6150136.0
해운대구,202309,5610631.0
해운대구,202310,5709163.0
해운대구,202311,5269311.0
해운대구,202312,5871427.0
해운대구,202401,5493034.0
해운대구,202402,5430929.0
해운대구,202403,5483408.0
해운대구,202404,4970475.0
해운대구,202405,5801651.0
해운대구,202406,5650893.0
해운대구,202407,6023093.0
해운대구,202408,6469069.0
해운대구,202409,5775120.0
해운대구,202410,5685292.0
해운대구,202411,5624721.0
해운대구,202412,5872233.0
해운대구,202501,5993701.0
해운대구,202502,5216989.0
해운대구,202503,5662177.0
해운대구,202504,5141210.0
해운대구,202505,6387272.0
해운대구,202506,5867959.0
해운대구,202507,6604461.0
해운대구,202508,6999746.0
해운대구,202509,5872794.0
해운대구,202510,6571516.0
해운대구,202511,6100140.0
해운대구,202512,6432944.0
해운대구,202601,6037583.0
해운대구,202602,5876412.0
해운대구,202603,5866065.0
해운대구,202604,5290283.0
해운대구,202605,6515698.0
해운대구,202606,5552572.0
해운대구,202607,6535875.0
해운대구,202608,6987729.0
홍성군,201901,837937.0
홍성군,201902,1001785.0
홍성군,201903,1079200.0
홍성군,201904,911558.0
홍성군,201905,980124.0
홍성군,201906,881692.0
홍성군,201907,921673.0
홍성군,201908,1060922.0
홍성군,201909,1193258.0
홍성군,201910,1078596.0
홍성군,201911,1014336.0
홍성군,201912,928177.0
홍성군,202001,1065905.0
홍성군,202002,735780.0
홍성군,202003,760627.0
홍성군,202004,836069.0
홍성군,202005,1029592.0
홍성군,202006,889770.0
홍성군,202007,896695.0
홍성군,202008,936186.0
홍성군,202009,947413.0
홍성군,202010,1153355.0
홍성군,202011,962754.0
홍성군,202012,796420.0
홍성군,202101,770341.0
홍성군,202102,896009.0
홍성군,202103,993757.0
홍성군,202104,919499.0
홍성군,202105,980248.0
홍성군,202106,896171.0
홍성군,202107,914066.0
홍성군,202108,973088.0
홍성군,202109,1169092.0
홍성군,202110,1149852.0
홍성군,202111,1003764.0
홍성군,202112,875745.0
홍성군,202201,978081.0
홍성군,202202,819542.0
홍성군,202203,952767.0
홍성군,202204,980989.0
홍성군,202205,1066014.0
홍성군,202206,964859.0
홍성군,202207,980047.0
홍성군,202208,1030676.0
홍성군,202209,1266430.0
홍성군,202210,1207713.0
홍성군,202211,1015455.0
홍성군,202212,890275.0
홍성군,202301,1036117.0
홍성군,202302,948370.0
홍성군,202303,1145383.0
홍성군,202304,1045892.0
홍성군,202305,1056346.0
홍성군,202306,1052684.0
홍성군,202307,916130.0
홍성군,202308,1052805.0
홍성군,202309,1204773.0
홍성군,202310,1202717.0
홍성군,202311,1075169.0
홍성군,202312,921521.0
홍성군,202401,942172.0
홍성군,202402,1049197.0
홍성군,202403,1158592.0
홍성군,202404,1027285.0
홍성군,202405,996023.0
홍성군,202406,930010.0
홍성군,202407,912503.0
홍성군,202408,976269.0
홍성군,202409,1232379.0
홍성군,202410,1186622.0
홍성군,202411,1079322.0
홍성군,202412,967822.0
홍성군,202501,989504.0
홍성군,202502,944239.0
홍성군,202503,1091386.0
홍성군,202504,1045253.0
홍성군,202505,1214539.0
홍성군,202506,974689.0
홍성군,202507,947963.0
홍성군,202508,1171378.0
홍성군,202509,1196575.0
홍성군,202510,1397616.0
홍성군,202511,1148326.0
홍성군,202512,1047784.0
홍성군,202601,1072207.0
홍성군,202602,1161625.0
홍성군,202603,1176334.0
홍성군,202604,1046395.0
홍성군,202605,1171413.0
홍성군,202606,1052439.0
홍성군,202607,1052958.0
홍성군,202608,1112216.0
홍천군,201901,1329028.0
홍천군,201902,1248546.0
홍천군,201903,993809.0
홍천군,201904,916928.0
홍천군,201905,1200949.0
홍천군,201906,1330471.0
홍천군,201907,1569371.0
홍천군,201908,2118048.0
홍천군,201909,1221113.0
홍천군,201910,1263015.0
홍천군,201911,1135851.0
홍천군,201912,1248901.0
홍천군,202001,1505148.0
홍천군,202002,881266.0
홍천군,202003,869621.0
홍천군,202004,977265.0
홍천군,202005,1315305.0
홍천군,202006,1328890.0
홍천군,202007,1648500.0
홍천군,202008,1831416.0
홍천군,202009,1149574.0
홍천군,202010,1577681.0
홍천군,202011,1054143.0
홍천군,202012,950903.0
홍천군,202101,733030.0
홍천군,202102,952193.0
홍천군,202103,923009.0
홍천군,202104,1098148.0
홍천군,202105,1292211.0
홍천군,202106,1281573.0
홍천군,202107,1594457.0
홍천군,202108,1740709.0
홍천군,202109,1406679.0
홍천군,202110,1500293.0
홍천군,202111,1141261.0
홍천군,202112,1214551.0
홍천군,202201,1385576.0
홍천군,202202,1147191.0
홍천군,202203,881274.0
홍천군,202204,1290304.0
홍천군,202205,1625847.0
홍천군,202206,1564027.0
홍천군,202207,2002598.0
홍천군,202208,2051036.0
홍천군,202209,1481385.0
홍천군,202210,1607485.0
홍천군,202211,1181054.0
홍천군,202212,1232569.0
홍천군,202301,1403338.0
홍천군,202302,1177933.0
홍천군,202303,1044082.0
홍천군,202304,1227529.0
홍천군,202305,1443867.0
홍천군,202306,1464185.0
홍천군,202307,1732364.0
홍천군,202308,1953099.0
홍천군,202309,1530810.0
홍천군,202310,1545975.0
홍천군,202311,1143307.0
홍천군,202312,1295332.0
홍천군,202401,1300313.0
홍천군,202402,1330284.0
홍천군,202403,1134093.0
홍천군,202404,1226606.0
홍천군,202405,1695810.0
홍천군,202406,2002474.0
홍천군,202407,2043424.0
홍천군,202408,2702797.0
홍천군,202409,1887454.0
홍천군,202410,1975839.0
홍천군,202411,1598745.0
홍천군,202412,1621730.0
홍천군,202501,1889793.0
홍천군,202502,1388015.0
홍천군,202503,1431191.0
홍천군,202504,1460033.0
홍천군,202505,2065865.0
홍천군,202506,1920289.0
홍천군,202507,2249928.0
홍천군,202508,2743769.0
홍천군,202509,1595232.0
홍천군,202510,2247279.0
홍천군,202511,1640804.0
홍천군,202512,1632705.0
홍천군,202601,1763975.0
홍천군,202602,1742404.0
홍천군,202603,1364335.0
홍천군,202604,1558195.0
홍천군,202605,2062228.0
홍천군,202606,1798910.0
홍천군,202607,2221728.0
홍천군,202608,2621024.0
화성시,201901,6930003.0
화성시,201902,5983740.0
화성시,201903,8360587.0
화성시,201904,6686184.0
화성시,201905,7136622.0
화성시,201906,7065070.0
화성시,201907,7713278.0
화성시,201908,8233433.0
화성시,201909,8029506.0
화성시,201910,7863435.0
화성시,201911,8261077.0
화성시,201912,7283701.0
화성시,202001,7247754.0
화성시,202002,6056431.0
화성시,202003,6501707.0
화성시,202004,6826455.0
화성시,202005,7636825.0
화성시,202006,7227096.0
화성시,202007,7608423.0
화성시,202008,7286905.0
화성시,202009,7774557.0
화성시,202010,8162838.0
화성시,202011,7373312.0
화성시,202012,6400540.0
화성시,202101,6234456.0
화성시,202102,6575364.0
화성시,202103,8052674.0
화성시,202104,7336689.0
화성시,202105,7733321.0
화성시,202106,7683470.0
화성시,202107,7294274.0
화성시,202108,7608223.0
화성시,202109,8342513.0
화성시,202110,8595502.0
화성시,202111,7929465.0
화성시,202112,7221758.0
화성시,202201,7293540.0
화성시,202202,6488417.0
화성시,202203,7776939.0
화성시,202204,8445412.0
화성시,202205,8836314.0
화성시,202206,8039919.0
화성시,202207,8398999.0
화성시,202208,8308662.0
화성시,202209,9039122.0
화성시,202210,9082565.0
화성시,202211,8300687.0
화성시,202212,7586096.0
화성시,202301,7871471.0
화성시,202302,7593820.0
화성시,202303,9040663.0
화성시,202304,8239759.0
화성시,202305,8872674.0
화성시,202306,8505244.0
화성시,202307,9198549.0
화성시,202308,8587648.0
화성시,202309,8476660.0
화성시,202310,8274848.0
화성시,202311,7717347.0
화성시,202312,7438979.0
화성시,202401,7502371.0
화성시,202402,7658764.0
화성시,202403,9029075.0
화성시,202404,7918129.0
화성시,202405,8498225.0
화성시,202406,7938335.0
화성시,202407,8024317.0
화성시,202408,8141278.0
화성시,202409,8494144.0
화성시,202410,9098229.0
화성시,202411,8009563.0
화성시,202412,7900032.0
화성시,202501,7806901.0
화성시,202502,7406584.0
화성시,202503,8968457.0
화성시,202504,8060035.0
화성시,202505,9593510.0
화성시,202506,8702483.0
화성시,202507,8994454.0
화성시,202508,8949694.0
화성시,202509,9006704.0
화성시,202510,9265818.0
화성시,202511,9026813.0
화성시,202512,8330858.0
화성시,202601,8054833.0
화성시 동탄구,202602,3303849.0
화성시 동탄구,202603,4156865.0
화성시 동탄구,202604,3436574.0
화성시 동탄구,202605,3813395.0
화성시 동탄구,202606,3785084.0
화성시 동탄구,202607,3855381.0
화성시 동탄구,202608,3951080.0
화성시 만세구,202602,3255140.0
화성시 만세구,202603,3892603.0
화성시 만세구,202604,3456224.0
화성시 만세구,202605,3894672.0
화성시 만세구,202606,3684481.0
화성시 만세구,202607,3563693.0
화성시 만세구,202608,3739111.0
화성시 병점구,202602,1438110.0
화성시 병점구,202603,1905300.0
화성시 병점구,202604,1500060.0
화성시 병점구,202605,1659241.0
화성시 병점구,202606,1620357.0
화성시 병점구,202607,1614690.0
화성시 병점구,202608,1611788.0
화성시 효행구,202602,1925677.0
화성시 효행구,202603,2467407.0
화성시 효행구,202604,2056068.0
화성시 효행구,202605,2340143.0
화성시 효행구,202606,2170916.0
화성시 효행구,202607,2209602.0
화성시 효행구,202608,2197275.0
화순군,201901,804997.0
화순군,201902,930938.0
화순군,201903,974773.0
화순군,201904,955831.0
화순군,201905,1029166.0
화순군,201906,904457.0
화순군,201907,1000343.0
화순군,201908,1111609.0
화순군,201909,985745.0
화순군,201910,1028875.0
화순군,201911,1040124.0
화순군,201912,865815.0
화순군,202001,974131.0
화순군,202002,716546.0
화순군,202003,875577.0
화순군,202004,992163.0
화순군,202005,1071143.0
화순군,202006,903426.0
화순군,202007,906124.0
화순군,202008,1003805.0
화순군,202009,877597.0
화순군,202010,1028880.0
화순군,202011,793462.0
화순군,202012,783780.0
화순군,202101,711380.0
화순군,202102,853940.0
화순군,202103,987830.0
화순군,202104,1035923.0
화순군,202105,1070181.0
화순군,202106,954232.0
화순군,202107,1061323.0
화순군,202108,1094171.0
화순군,202109,1105979.0
화순군,202110,1042956.0
화순군,202111,971653.0
화순군,202112,863095.0
화순군,202201,938145.0
화순군,202202,821784.0
화순군,202203,911537.0
화순군,202204,1100892.0
화순군,202205,1067452.0
화순군,202206,954916.0
화순군,202207,1317948.0
화순군,202208,1143481.0
화순군,202209,1114102.0
화순군,202210,1128288.0
화순군,202211,1039236.0
화순군,202212,803164.0
화순군,202301,1000426.0
화순군,202302,881901.0
화순군,202303,1127987.0
화순군,202304,1192595.0
화순군,202305,1127527.0
화순군,202306,1071826.0
화순군,202307,1111609.0
화순군,202308,1186140.0
화순군,202309,1054653.0
화순군,202310,1159660.0
화순군,202311,956389.0
화순군,202312,870709.0
화순군,202401,856138.0
화순군,202402,978904.0
화순군,202403,1007423.0
화순군,202404,1118354.0
화순군,202405,1074004.0
화순군,202406,985973.0
화순군,202407,1028245.0
화순군,202408,1111114.0
화순군,202409,1089635.0
화순군,202410,1114149.0
화순군,202411,1026616.0
화순군,202412,910057.0
화순군,202501,1002465.0
화순군,202502,774175.0
화순군,202503,1076025.0
화순군,202504,1141309.0
화순군,202505,1213433.0
화순군,202506,1050043.0
화순군,202507,1110188.0
화순군,202508,1195479.0
화순군,202509,981526.0
화순군,202510,1386311.0
화순군,202511,1073933.0
화순군,202512,976033.0
화순군,202601,929099.0
화순군,202602,1031580.0
화순군,202603,1132488.0
화순군,202604,1171026.0
화순군,202605,1215680.0
화순군,202606,1030998.0
화순군,202607,1118498.0
화순군,202608,1133261.0
화천군,201901,551121.0
화천군,201902,252204.0
화천군,201903,353305.0
화천군,201904,424413.0
화천군,201905,399602.0
화천군,201906,380573.0
화천군,201907,432000.0
화천군,201908,555948.0
화천군,201909,408760.0
화천군,201910,358401.0
화천군,201911,396340.0
화천군,201912,348450.0
화천군,202001,350868.0
화천군,202002,258265.0
화천군,202003,319286.0
화천군,202004,310544.0
화천군,202005,360352.0
화천군,202006,405857.0
화천군,202007,484428.0
화천군,202008,388922.0
화천군,202009,353573.0
화천군,202010,403829.0
화천군,202011,299431.0
화천군,202012,285941.0
화천군,202101,248503.0
화천군,202102,228514.0
화천군,202103,318037.0
화천군,202104,363528.0
화천군,202105,415894.0
화천군,202106,339460.0
화천군,202107,430891.0
화천군,202108,436326.0
화천군,202109,386273.0
화천군,202110,394631.0
화천군,202111,315975.0
화천군,202112,310813.0
화천군,202201,287006.0
화천군,202202,230199.0
화천군,202203,301270.0
화천군,202204,351396.0
화천군,202205,405958.0
화천군,202206,360434.0
화천군,202207,447503.0
화천군,202208,460487.0
화천군,202209,379483.0
화천군,202210,423664.0
화천군,202211,339983.0
화천군,202212,263592.0
화천군,202301,495145.0
화천군,202302,235137.0
화천군,202303,338640.0
화천군,202304,356701.0
화천군,202305,394914.0
화천군,202306,362913.0
화천군,202307,429301.0
화천군,202308,682988.0
화천군,202309,428825.0
화천군,202310,383701.0
화천군,202311,285165.0
화천군,202312,263739.0
화천군,202401,447406.0
화천군,202402,262999.0
화천군,202403,289346.0
화천군,202404,341956.0
화천군,202405,407729.0
화천군,202406,356518.0
화천군,202407,366205.0
화천군,202408,478290.0
화천군,202409,387310.0
화천군,202410,367919.0
화천군,202411,325074.0
화천군,202412,257816.0
화천군,202501,483430.0
화천군,202502,216713.0
화천군,202503,329045.0
화천군,202504,301047.0
화천군,202505,423810.0
화천군,202506,346227.0
화천군,202507,403629.0
화천군,202508,474384.0
화천군,202509,328391.0
화천군,202510,443865.0
화천군,202511,293920.0
화천군,202512,272811.0
화천군,202601,456055.0
화천군,202602,273973.0
화천군,202603,282355.0
화천군,202604,294318.0
화천군,202605,421723.0
화천군,202606,325067.0
화천군,202607,391241.0
화천군,202608,454842.0
횡성군,201901,1135696.0
횡성군,201902,1065794.0
횡성군,201903,1028455.0
횡성군,201904,917997.0
횡성군,201905,1119101.0
횡성군,201906,1132627.0
횡성군,201907,1232746.0
횡성군,201908,1740513.0
횡성군,201909,1132603.0
횡성군,201910,1233840.0
횡성군,201911,1045201.0
횡성군,201912,1048208.0
횡성군,202001,1304313.0
횡성군,202002,805707.0
횡성군,202003,762704.0
횡성군,202004,856955.0
횡성군,202005,1109053.0
횡성군,202006,1103623.0
횡성군,202007,1277470.0
횡성군,202008,1497989.0
횡성군,202009,983910.0
횡성군,202010,1322481.0
횡성군,202011,949164.0
횡성군,202012,764568.0
횡성군,202101,712934.0
횡성군,202102,687279.0
횡성군,202103,673361.0
횡성군,202104,746393.0
횡성군,202105,900055.0
횡성군,202106,900556.0
횡성군,202107,1050886.0
횡성군,202108,1178538.0
횡성군,202109,956908.0
횡성군,202110,1019075.0
횡성군,202111,758423.0
횡성군,202112,718638.0
횡성군,202201,997976.0
횡성군,202202,915528.0
횡성군,202203,763304.0
횡성군,202204,1041649.0
횡성군,202205,1314237.0
횡성군,202206,1280166.0
횡성군,202207,1501368.0
횡성군,202208,1504014.0
횡성군,202209,960863.0
횡성군,202210,1122205.0
횡성군,202211,755797.0
횡성군,202212,737593.0
횡성군,202301,855674.0
횡성군,202302,738895.0
횡성군,202303,716053.0
횡성군,202304,811891.0
횡성군,202305,961894.0
횡성군,202306,952233.0
횡성군,202307,1119607.0
횡성군,202308,1293278.0
횡성군,202309,1047481.0
횡성군,202310,1102271.0
횡성군,202311,750479.0
횡성군,202312,806349.0
횡성군,202401,819556.0
횡성군,202402,832575.0
횡성군,202403,784481.0
횡성군,202404,824400.0
횡성군,202405,971596.0
횡성군,202406,994516.0
횡성군,202407,978353.0
횡성군,202408,1347863.0
횡성군,202409,1022120.0
횡성군,202410,1083392.0
횡성군,202411,814703.0
횡성군,202412,759171.0
횡성군,202501,929031.0
횡성군,202502,683100.0
횡성군,202503,780645.0
횡성군,202504,807376.0
횡성군,202505,1098489.0
횡성군,202506,976081.0
횡성군,202507,1100907.0
횡성군,202508,1346302.0
횡성군,202509,864642.0
횡성군,202510,1209550.0
횡성군,202511,880833.0
횡성군,202512,758254.0
횡성군,202601,809040.0
횡성군,202602,878304.0
횡성군,202603,753841.0
횡성군,202604,817969.0
횡성군,202605,1100188.0
횡성군,202606,917156.0
횡성군,202607,1055136.0
횡성군,202608,1297825.0
