구분,BASE_YM,AREA_NM,TOU_NUM
안동_현지인,201801,풍산읍,190946.0
안동_현지인,201801,와룡면,70735.0
안동_현지인,201801,북후면,52650.0
안동_현지인,201801,서후면,92281.0
안동_현지인,201801,풍천면,74991.0
안동_현지인,201801,일직면,33215.0
안동_현지인,201801,남후면,60004.0
안동_현지인,201801,남선면,45731.0
안동_현지인,201801,임하면,48766.0
안동_현지인,201801,길안면,35266.0
안동_현지인,201801,임동면,25204.0
안동_현지인,201801,예안면,16464.0
안동_현지인,201801,도산면,27118.0
안동_현지인,201801,녹전면,16268.0
안동_현지인,201801,중구동,782824.0
안동_현지인,201801,명륜동,131068.0
안동_현지인,201801,용상동,724384.0
안동_현지인,201801,서구동,506380.0
안동_현지인,201801,태화동,418040.0
안동_현지인,201801,평화동,131915.0
안동_현지인,201801,안기동,104346.0
안동_현지인,201801,옥동,911816.0
안동_현지인,201801,송하동,348330.0
안동_현지인,201801,강남동,419454.0
안동_현지인,201802,풍산읍,176365.0
안동_현지인,201802,와룡면,71908.0
안동_현지인,201802,북후면,57004.0
안동_현지인,201802,서후면,89061.0
안동_현지인,201802,풍천면,71278.0
안동_현지인,201802,일직면,36158.0
안동_현지인,201802,남후면,49878.0
안동_현지인,201802,남선면,41979.0
안동_현지인,201802,임하면,46582.0
안동_현지인,201802,길안면,36652.0
안동_현지인,201802,임동면,24038.0
안동_현지인,201802,예안면,17563.0
안동_현지인,201802,도산면,26026.0
안동_현지인,201802,녹전면,17262.0
안동_현지인,201802,중구동,732858.0
안동_현지인,201802,명륜동,128352.0
안동_현지인,201802,용상동,663030.0
안동_현지인,201802,서구동,476714.0
안동_현지인,201802,태화동,395549.0
안동_현지인,201802,평화동,119420.0
안동_현지인,201802,안기동,101192.0
안동_현지인,201802,옥동,834676.0
안동_현지인,201802,송하동,330516.0
안동_현지인,201802,강남동,385140.0
안동_현지인,201803,풍산읍,204953.0
안동_현지인,201803,와룡면,87650.0
안동_현지인,201803,북후면,69083.0
안동_현지인,201803,서후면,129899.0
안동_현지인,201803,풍천면,87528.0
안동_현지인,201803,일직면,42662.0
안동_현지인,201803,남후면,57414.0
안동_현지인,201803,남선면,52924.0
안동_현지인,201803,임하면,57600.0
안동_현지인,201803,길안면,45328.0
안동_현지인,201803,임동면,28080.0
안동_현지인,201803,예안면,20132.0
안동_현지인,201803,도산면,35354.0
안동_현지인,201803,녹전면,20332.0
안동_현지인,201803,중구동,866474.0
안동_현지인,201803,명륜동,160433.0
안동_현지인,201803,용상동,794647.0
안동_현지인,201803,서구동,587832.0
안동_현지인,201803,태화동,465174.0
안동_현지인,201803,평화동,138212.0
안동_현지인,201803,안기동,115080.0
안동_현지인,201803,옥동,916570.0
안동_현지인,201803,송하동,400964.0
안동_현지인,201803,강남동,469063.0
안동_현지인,201804,풍산읍,188290.0
안동_현지인,201804,와룡면,94098.0
안동_현지인,201804,북후면,74378.0
안동_현지인,201804,서후면,115143.0
안동_현지인,201804,풍천면,88154.0
안동_현지인,201804,일직면,43936.0
안동_현지인,201804,남후면,56564.0
안동_현지인,201804,남선면,53102.0
안동_현지인,201804,임하면,58058.0
안동_현지인,201804,길안면,45808.0
안동_현지인,201804,임동면,34230.0
안동_현지인,201804,예안면,21480.0
안동_현지인,201804,도산면,36015.0
안동_현지인,201804,녹전면,21276.0
안동_현지인,201804,중구동,867895.0
안동_현지인,201804,명륜동,126070.0
안동_현지인,201804,용상동,767711.0
안동_현지인,201804,서구동,539018.0
안동_현지인,201804,태화동,443972.0
안동_현지인,201804,평화동,131026.0
안동_현지인,201804,안기동,104920.0
안동_현지인,201804,옥동,884510.0
안동_현지인,201804,송하동,376208.0
안동_현지인,201804,강남동,442670.0
안동_현지인,201805,풍산읍,192560.0
안동_현지인,201805,와룡면,103810.0
안동_현지인,201805,북후면,81904.0
안동_현지인,201805,서후면,140508.0
안동_현지인,201805,풍천면,97524.0
안동_현지인,201805,일직면,51975.0
안동_현지인,201805,남후면,64092.0
안동_현지인,201805,남선면,61590.0
안동_현지인,201805,임하면,68190.0
안동_현지인,201805,길안면,55209.0
안동_현지인,201805,임동면,35500.0
안동_현지인,201805,예안면,26075.0
안동_현지인,201805,도산면,45486.0
안동_현지인,201805,녹전면,24577.0
안동_현지인,201805,중구동,934986.0
안동_현지인,201805,명륜동,133994.0
안동_현지인,201805,용상동,919723.0
안동_현지인,201805,서구동,575628.0
안동_현지인,201805,태화동,463624.0
안동_현지인,201805,평화동,135989.0
안동_현지인,201805,안기동,109014.0
안동_현지인,201805,옥동,940156.0
안동_현지인,201805,송하동,403788.0
안동_현지인,201805,강남동,470092.0
안동_현지인,201806,풍산읍,183404.0
안동_현지인,201806,와룡면,95144.0
안동_현지인,201806,북후면,76192.0
안동_현지인,201806,서후면,132458.0
안동_현지인,201806,풍천면,98546.0
안동_현지인,201806,일직면,51824.0
안동_현지인,201806,남후면,61404.0
안동_현지인,201806,남선면,60200.0
안동_현지인,201806,임하면,70620.0
안동_현지인,201806,길안면,51464.0
안동_현지인,201806,임동면,33936.0
안동_현지인,201806,예안면,24493.0
안동_현지인,201806,도산면,37485.0
안동_현지인,201806,녹전면,21452.0
안동_현지인,201806,중구동,820816.0
안동_현지인,201806,명륜동,131362.0
안동_현지인,201806,용상동,880918.0
안동_현지인,201806,서구동,653415.0
안동_현지인,201806,태화동,465174.0
안동_현지인,201806,평화동,131344.0
안동_현지인,201806,안기동,105959.0
안동_현지인,201806,옥동,892990.0
안동_현지인,201806,송하동,408723.0
안동_현지인,201806,강남동,458535.0
안동_현지인,201807,풍산읍,187278.0
안동_현지인,201807,와룡면,96204.0
안동_현지인,201807,북후면,53578.0
안동_현지인,201807,서후면,139660.0
안동_현지인,201807,풍천면,120449.0
안동_현지인,201807,일직면,49581.0
안동_현지인,201807,남후면,63984.0
안동_현지인,201807,남선면,57008.0
안동_현지인,201807,임하면,67512.0
안동_현지인,201807,길안면,53854.0
안동_현지인,201807,임동면,31868.0
안동_현지인,201807,예안면,22838.0
안동_현지인,201807,도산면,38854.0
안동_현지인,201807,녹전면,21560.0
안동_현지인,201807,중구동,749654.0
안동_현지인,201807,명륜동,208859.0
안동_현지인,201807,용상동,849786.0
안동_현지인,201807,서구동,719120.0
안동_현지인,201807,태화동,470281.0
안동_현지인,201807,평화동,142670.0
안동_현지인,201807,안기동,98357.0
안동_현지인,201807,옥동,914448.0
안동_현지인,201807,송하동,480036.0
안동_현지인,201807,강남동,476203.0
안동_현지인,201808,풍산읍,179512.0
안동_현지인,201808,와룡면,91150.0
안동_현지인,201808,북후면,53354.0
안동_현지인,201808,서후면,131607.0
안동_현지인,201808,풍천면,129549.0
안동_현지인,201808,일직면,46326.0
안동_현지인,201808,남후면,67186.0
안동_현지인,201808,남선면,52762.0
안동_현지인,201808,임하면,53924.0
안동_현지인,201808,길안면,53438.0
안동_현지인,201808,임동면,29978.0
안동_현지인,201808,예안면,21998.0
안동_현지인,201808,도산면,34874.0
안동_현지인,201808,녹전면,19306.0
안동_현지인,201808,중구동,689868.0
안동_현지인,201808,명륜동,222022.0
안동_현지인,201808,용상동,801734.0
안동_현지인,201808,서구동,668952.0
안동_현지인,201808,태화동,466802.0
안동_현지인,201808,평화동,120194.0
안동_현지인,201808,안기동,111244.0
안동_현지인,201808,옥동,879914.0
안동_현지인,201808,송하동,384972.0
안동_현지인,201808,강남동,449673.0
안동_현지인,201809,풍산읍,182987.0
안동_현지인,201809,와룡면,101986.0
안동_현지인,201809,북후면,58824.0
안동_현지인,201809,서후면,155827.0
안동_현지인,201809,풍천면,136398.0
안동_현지인,201809,일직면,51930.0
안동_현지인,201809,남후면,70424.0
안동_현지인,201809,남선면,53462.0
안동_현지인,201809,임하면,57736.0
안동_현지인,201809,길안면,56612.0
안동_현지인,201809,임동면,36386.0
안동_현지인,201809,예안면,26621.0
안동_현지인,201809,도산면,36239.0
안동_현지인,201809,녹전면,22516.0
안동_현지인,201809,중구동,701284.0
안동_현지인,201809,명륜동,200644.0
안동_현지인,201809,용상동,774704.0
안동_현지인,201809,서구동,695174.0
안동_현지인,201809,태화동,461108.0
안동_현지인,201809,평화동,128247.0
안동_현지인,201809,안기동,98112.0
안동_현지인,201809,옥동,843038.0
안동_현지인,201809,송하동,380618.0
안동_현지인,201809,강남동,414116.0
안동_현지인,201810,풍산읍,191916.0
안동_현지인,201810,와룡면,92572.0
안동_현지인,201810,북후면,57617.0
안동_현지인,201810,서후면,157622.0
안동_현지인,201810,풍천면,106250.0
안동_현지인,201810,일직면,48748.0
안동_현지인,201810,남후면,63224.0
안동_현지인,201810,남선면,52724.0
안동_현지인,201810,임하면,61614.0
안동_현지인,201810,길안면,56942.0
안동_현지인,201810,임동면,36603.0
안동_현지인,201810,예안면,23398.0
안동_현지인,201810,도산면,41755.0
안동_현지인,201810,녹전면,21808.0
안동_현지인,201810,중구동,779342.0
안동_현지인,201810,명륜동,204424.0
안동_현지인,201810,용상동,807334.0
안동_현지인,201810,서구동,680995.0
안동_현지인,201810,태화동,467908.0
안동_현지인,201810,평화동,133262.0
안동_현지인,201810,안기동,100446.0
안동_현지인,201810,옥동,856744.0
안동_현지인,201810,송하동,377738.0
안동_현지인,201810,강남동,458462.0
안동_현지인,201811,풍산읍,188433.0
안동_현지인,201811,와룡면,81795.0
안동_현지인,201811,북후면,51516.0
안동_현지인,201811,서후면,138208.0
안동_현지인,201811,풍천면,100891.0
안동_현지인,201811,일직면,46554.0
안동_현지인,201811,남후면,59108.0
안동_현지인,201811,남선면,52462.0
안동_현지인,201811,임하면,55296.0
안동_현지인,201811,길안면,53778.0
안동_현지인,201811,임동면,30194.0
안동_현지인,201811,예안면,23202.0
안동_현지인,201811,도산면,36606.0
안동_현지인,201811,녹전면,19285.0
안동_현지인,201811,중구동,741408.0
안동_현지인,201811,명륜동,185574.0
안동_현지인,201811,용상동,812595.0
안동_현지인,201811,서구동,622160.0
안동_현지인,201811,태화동,446866.0
안동_현지인,201811,평화동,128555.0
안동_현지인,201811,안기동,97086.0
안동_현지인,201811,옥동,840424.0
안동_현지인,201811,송하동,368627.0
안동_현지인,201811,강남동,432565.0
안동_현지인,201812,풍산읍,189178.0
안동_현지인,201812,와룡면,74372.0
안동_현지인,201812,북후면,43152.0
안동_현지인,201812,서후면,115882.0
안동_현지인,201812,풍천면,105308.0
안동_현지인,201812,일직면,40327.0
안동_현지인,201812,남후면,54159.0
안동_현지인,201812,남선면,49010.0
안동_현지인,201812,임하면,47642.0
안동_현지인,201812,길안면,40890.0
안동_현지인,201812,임동면,24966.0
안동_현지인,201812,예안면,17552.0
안동_현지인,201812,도산면,31098.0
안동_현지인,201812,녹전면,15449.0
안동_현지인,201812,중구동,753210.0
안동_현지인,201812,명륜동,179088.0
안동_현지인,201812,용상동,839195.0
안동_현지인,201812,서구동,620151.0
안동_현지인,201812,태화동,464768.0
안동_현지인,201812,평화동,136252.0
안동_현지인,201812,안기동,109886.0
안동_현지인,201812,옥동,929166.0
안동_현지인,201812,송하동,382350.0
안동_현지인,201812,강남동,450720.0
안동_현지인,201901,풍산읍,197796.0
안동_현지인,201901,와룡면,72510.0
안동_현지인,201901,북후면,43421.0
안동_현지인,201901,서후면,114040.0
안동_현지인,201901,풍천면,96152.0
안동_현지인,201901,일직면,38518.0
안동_현지인,201901,남후면,72412.0
안동_현지인,201901,남선면,50768.0
안동_현지인,201901,임하면,47992.0
안동_현지인,201901,길안면,40366.0
안동_현지인,201901,임동면,27170.0
안동_현지인,201901,예안면,17948.0
안동_현지인,201901,도산면,30194.0
안동_현지인,201901,녹전면,17028.0
안동_현지인,201901,중구동,705296.0
안동_현지인,201901,명륜동,174888.0
안동_현지인,201901,용상동,762125.0
안동_현지인,201901,서구동,597524.0
안동_현지인,201901,태화동,455536.0
안동_현지인,201901,평화동,161455.0
안동_현지인,201901,안기동,110310.0
안동_현지인,201901,옥동,926282.0
안동_현지인,201901,송하동,379484.0
안동_현지인,201901,강남동,448802.0
안동_현지인,201902,풍산읍,171678.0
안동_현지인,201902,와룡면,74368.0
안동_현지인,201902,북후면,43498.0
안동_현지인,201902,서후면,98640.0
안동_현지인,201902,풍천면,86978.0
안동_현지인,201902,일직면,40660.0
안동_현지인,201902,남후면,59154.0
안동_현지인,201902,남선면,44684.0
안동_현지인,201902,임하면,47372.0
안동_현지인,201902,길안면,40694.0
안동_현지인,201902,임동면,24241.0
안동_현지인,201902,예안면,18848.0
안동_현지인,201902,도산면,28763.0
안동_현지인,201902,녹전면,18081.0
안동_현지인,201902,중구동,647570.0
안동_현지인,201902,명륜동,175749.0
안동_현지인,201902,용상동,686238.0
안동_현지인,201902,서구동,556258.0
안동_현지인,201902,태화동,420231.0
안동_현지인,201902,평화동,128586.0
안동_현지인,201902,안기동,93552.0
안동_현지인,201902,옥동,834323.0
안동_현지인,201902,송하동,346216.0
안동_현지인,201902,강남동,388556.0
안동_현지인,201903,풍산읍,207546.0
안동_현지인,201903,와룡면,84420.0
안동_현지인,201903,북후면,51832.0
안동_현지인,201903,서후면,161102.0
안동_현지인,201903,풍천면,103236.0
안동_현지인,201903,일직면,48440.0
안동_현지인,201903,남후면,70490.0
안동_현지인,201903,남선면,54428.0
안동_현지인,201903,임하면,56444.0
안동_현지인,201903,길안면,50470.0
안동_현지인,201903,임동면,28500.0
안동_현지인,201903,예안면,22732.0
안동_현지인,201903,도산면,37124.0
안동_현지인,201903,녹전면,20906.0
안동_현지인,201903,중구동,747516.0
안동_현지인,201903,명륜동,204575.0
안동_현지인,201903,용상동,808406.0
안동_현지인,201903,서구동,669536.0
안동_현지인,201903,태화동,493706.0
안동_현지인,201903,평화동,147875.0
안동_현지인,201903,안기동,106740.0
안동_현지인,201903,옥동,888237.0
안동_현지인,201903,송하동,411736.0
안동_현지인,201903,강남동,473795.0
안동_현지인,201904,풍산읍,194208.0
안동_현지인,201904,와룡면,88221.0
안동_현지인,201904,북후면,53004.0
안동_현지인,201904,서후면,149880.0
안동_현지인,201904,풍천면,100188.0
안동_현지인,201904,일직면,49584.0
안동_현지인,201904,남후면,71393.0
안동_현지인,201904,남선면,54050.0
안동_현지인,201904,임하면,58566.0
안동_현지인,201904,길안면,51345.0
안동_현지인,201904,임동면,31294.0
안동_현지인,201904,예안면,23908.0
안동_현지인,201904,도산면,38577.0
안동_현지인,201904,녹전면,21329.0
안동_현지인,201904,중구동,735357.0
안동_현지인,201904,명륜동,199574.0
안동_현지인,201904,용상동,786656.0
안동_현지인,201904,서구동,639160.0
안동_현지인,201904,태화동,470547.0
안동_현지인,201904,평화동,139814.0
안동_현지인,201904,안기동,97867.0
안동_현지인,201904,옥동,839377.0
안동_현지인,201904,송하동,373009.0
안동_현지인,201904,강남동,440069.0
안동_현지인,201905,풍산읍,184289.0
안동_현지인,201905,와룡면,102515.0
안동_현지인,201905,북후면,60288.0
안동_현지인,201905,서후면,172284.0
안동_현지인,201905,풍천면,114552.0
안동_현지인,201905,일직면,51986.0
안동_현지인,201905,남후면,78606.0
안동_현지인,201905,남선면,60298.0
안동_현지인,201905,임하면,68509.0
안동_현지인,201905,길안면,59224.0
안동_현지인,201905,임동면,36610.0
안동_현지인,201905,예안면,28354.0
안동_현지인,201905,도산면,45230.0
안동_현지인,201905,녹전면,24650.0
안동_현지인,201905,중구동,822678.0
안동_현지인,201905,명륜동,211792.0
안동_현지인,201905,용상동,935935.0
안동_현지인,201905,서구동,664660.0
안동_현지인,201905,태화동,479542.0
안동_현지인,201905,평화동,148897.0
안동_현지인,201905,안기동,106348.0
안동_현지인,201905,옥동,897606.0
안동_현지인,201905,송하동,390792.0
안동_현지인,201905,강남동,452918.0
안동_현지인,201906,풍산읍,179512.0
안동_현지인,201906,와룡면,94440.0
안동_현지인,201906,북후면,54110.0
안동_현지인,201906,서후면,152926.0
안동_현지인,201906,풍천면,110747.0
안동_현지인,201906,일직면,49802.0
안동_현지인,201906,남후면,74672.0
안동_현지인,201906,남선면,55223.0
안동_현지인,201906,임하면,64330.0
안동_현지인,201906,길안면,53970.0
안동_현지인,201906,임동면,33170.0
안동_현지인,201906,예안면,24794.0
안동_현지인,201906,도산면,44916.0
안동_현지인,201906,녹전면,22040.0
안동_현지인,201906,중구동,726282.0
안동_현지인,201906,명륜동,217049.0
안동_현지인,201906,용상동,891608.0
안동_현지인,201906,서구동,625688.0
안동_현지인,201906,태화동,476119.0
안동_현지인,201906,평화동,191124.0
안동_현지인,201906,안기동,105021.0
안동_현지인,201906,옥동,863412.0
안동_현지인,201906,송하동,369148.0
안동_현지인,201906,강남동,427738.0
안동_현지인,201907,풍산읍,185454.0
안동_현지인,201907,와룡면,90181.0
안동_현지인,201907,북후면,54814.0
안동_현지인,201907,서후면,145537.0
안동_현지인,201907,풍천면,106816.0
안동_현지인,201907,일직면,49172.0
안동_현지인,201907,남후면,71337.0
안동_현지인,201907,남선면,56550.0
안동_현지인,201907,임하면,58208.0
안동_현지인,201907,길안면,55265.0
안동_현지인,201907,임동면,31395.0
안동_현지인,201907,예안면,24146.0
안동_현지인,201907,도산면,39322.0
안동_현지인,201907,녹전면,19474.0
안동_현지인,201907,중구동,730464.0
안동_현지인,201907,명륜동,252480.0
안동_현지인,201907,용상동,835359.0
안동_현지인,201907,서구동,619983.0
안동_현지인,201907,태화동,483928.0
안동_현지인,201907,평화동,205436.0
안동_현지인,201907,안기동,101353.0
안동_현지인,201907,옥동,889686.0
안동_현지인,201907,송하동,399304.0
안동_현지인,201907,강남동,442890.0
안동_현지인,201908,풍산읍,185843.0
안동_현지인,201908,와룡면,94882.0
안동_현지인,201908,북후면,55598.0
안동_현지인,201908,서후면,147140.0
안동_현지인,201908,풍천면,102221.0
안동_현지인,201908,일직면,47649.0
안동_현지인,201908,남후면,69251.0
안동_현지인,201908,남선면,53781.0
안동_현지인,201908,임하면,61030.0
안동_현지인,201908,길안면,58898.0
안동_현지인,201908,임동면,31854.0
안동_현지인,201908,예안면,25148.0
안동_현지인,201908,도산면,36764.0
안동_현지인,201908,녹전면,21830.0
안동_현지인,201908,중구동,672010.0
안동_현지인,201908,명륜동,247362.0
안동_현지인,201908,용상동,797374.0
안동_현지인,201908,서구동,569376.0
안동_현지인,201908,태화동,433856.0
안동_현지인,201908,평화동,161875.0
안동_현지인,201908,안기동,103222.0
안동_현지인,201908,옥동,861570.0
안동_현지인,201908,송하동,380814.0
안동_현지인,201908,강남동,427315.0
안동_현지인,201909,풍산읍,193658.0
안동_현지인,201909,와룡면,96484.0
안동_현지인,201909,북후면,58314.0
안동_현지인,201909,서후면,164594.0
안동_현지인,201909,풍천면,102770.0
안동_현지인,201909,일직면,51065.0
안동_현지인,201909,남후면,54576.0
안동_현지인,201909,남선면,57732.0
안동_현지인,201909,임하면,61904.0
안동_현지인,201909,길안면,57718.0
안동_현지인,201909,임동면,33271.0
안동_현지인,201909,예안면,26806.0
안동_현지인,201909,도산면,38672.0
안동_현지인,201909,녹전면,22610.0
안동_현지인,201909,중구동,692321.0
안동_현지인,201909,명륜동,224245.0
안동_현지인,201909,용상동,811692.0
안동_현지인,201909,서구동,611149.0
안동_현지인,201909,태화동,459042.0
안동_현지인,201909,평화동,173670.0
안동_현지인,201909,안기동,101664.0
안동_현지인,201909,옥동,834106.0
안동_현지인,201909,송하동,382694.0
안동_현지인,201909,강남동,415562.0
안동_현지인,201910,풍산읍,207655.0
안동_현지인,201910,와룡면,96918.0
안동_현지인,201910,북후면,62268.0
안동_현지인,201910,서후면,155463.0
안동_현지인,201910,풍천면,109106.0
안동_현지인,201910,일직면,51009.0
안동_현지인,201910,남후면,86422.0
안동_현지인,201910,남선면,53557.0
안동_현지인,201910,임하면,63066.0
안동_현지인,201910,길안면,57446.0
안동_현지인,201910,임동면,29222.0
안동_현지인,201910,예안면,25837.0
안동_현지인,201910,도산면,42130.0
안동_현지인,201910,녹전면,23160.0
안동_현지인,201910,중구동,767592.0
안동_현지인,201910,명륜동,238854.0
안동_현지인,201910,용상동,837680.0
안동_현지인,201910,서구동,619812.0
안동_현지인,201910,태화동,482954.0
안동_현지인,201910,평화동,176113.0
안동_현지인,201910,안기동,108042.0
안동_현지인,201910,옥동,867328.0
안동_현지인,201910,송하동,391202.0
안동_현지인,201910,강남동,447212.0
안동_현지인,201911,풍산읍,203077.0
안동_현지인,201911,와룡면,90076.0
안동_현지인,201911,북후면,61372.0
안동_현지인,201911,서후면,143423.0
안동_현지인,201911,풍천면,100632.0
안동_현지인,201911,일직면,47740.0
안동_현지인,201911,남후면,65128.0
안동_현지인,201911,남선면,58338.0
안동_현지인,201911,임하면,61366.0
안동_현지인,201911,길안면,58492.0
안동_현지인,201911,임동면,29449.0
안동_현지인,201911,예안면,26058.0
안동_현지인,201911,도산면,40950.0
안동_현지인,201911,녹전면,21049.0
안동_현지인,201911,중구동,726338.0
안동_현지인,201911,명륜동,234342.0
안동_현지인,201911,용상동,885112.0
안동_현지인,201911,서구동,590198.0
안동_현지인,201911,태화동,460579.0
안동_현지인,201911,평화동,173663.0
안동_현지인,201911,안기동,103719.0
안동_현지인,201911,옥동,854480.0
안동_현지인,201911,송하동,379844.0
안동_현지인,201911,강남동,427858.0
안동_현지인,201912,풍산읍,198286.0
안동_현지인,201912,와룡면,81473.0
안동_현지인,201912,북후면,51922.0
안동_현지인,201912,서후면,129836.0
안동_현지인,201912,풍천면,99029.0
안동_현지인,201912,일직면,43764.0
안동_현지인,201912,남후면,62058.0
안동_현지인,201912,남선면,53168.0
안동_현지인,201912,임하면,53602.0
안동_현지인,201912,길안면,47316.0
안동_현지인,201912,임동면,25022.0
안동_현지인,201912,예안면,20237.0
안동_현지인,201912,도산면,34220.0
안동_현지인,201912,녹전면,18389.0
안동_현지인,201912,중구동,762458.0
안동_현지인,201912,명륜동,232764.0
안동_현지인,201912,용상동,888318.0
안동_현지인,201912,서구동,608822.0
안동_현지인,201912,태화동,471828.0
안동_현지인,201912,평화동,179102.0
안동_현지인,201912,안기동,109812.0
안동_현지인,201912,옥동,944304.0
안동_현지인,201912,송하동,403400.0
안동_현지인,201912,강남동,459526.0
안동_현지인,202001,풍산읍,194824.0
안동_현지인,202001,와룡면,78456.0
안동_현지인,202001,북후면,49623.0
안동_현지인,202001,서후면,126084.0
안동_현지인,202001,풍천면,94378.0
안동_현지인,202001,일직면,43519.0
안동_현지인,202001,남후면,62486.0
안동_현지인,202001,남선면,49252.0
안동_현지인,202001,임하면,52692.0
안동_현지인,202001,길안면,48184.0
안동_현지인,202001,임동면,27398.0
안동_현지인,202001,예안면,20108.0
안동_현지인,202001,도산면,32106.0
안동_현지인,202001,녹전면,19985.0
안동_현지인,202001,중구동,680684.0
안동_현지인,202001,명륜동,221347.0
안동_현지인,202001,용상동,787108.0
안동_현지인,202001,서구동,582390.0
안동_현지인,202001,태화동,445067.0
안동_현지인,202001,평화동,171350.0
안동_현지인,202001,안기동,110960.0
안동_현지인,202001,옥동,894814.0
안동_현지인,202001,송하동,383341.0
안동_현지인,202001,강남동,422492.0
안동_현지인,202002,풍산읍,169712.0
안동_현지인,202002,와룡면,71376.0
안동_현지인,202002,북후면,48990.0
안동_현지인,202002,서후면,102910.0
안동_현지인,202002,풍천면,86485.0
안동_현지인,202002,일직면,41548.0
안동_현지인,202002,남후면,55881.0
안동_현지인,202002,남선면,43376.0
안동_현지인,202002,임하면,47932.0
안동_현지인,202002,길안면,42504.0
안동_현지인,202002,임동면,20636.0
안동_현지인,202002,예안면,18448.0
안동_현지인,202002,도산면,28570.0
안동_현지인,202002,녹전면,17171.0
안동_현지인,202002,중구동,553318.0
안동_현지인,202002,명륜동,214778.0
안동_현지인,202002,용상동,709793.0
안동_현지인,202002,서구동,449572.0
안동_현지인,202002,태화동,396820.0
안동_현지인,202002,평화동,149604.0
안동_현지인,202002,안기동,99768.0
안동_현지인,202002,옥동,730236.0
안동_현지인,202002,송하동,349626.0
안동_현지인,202002,강남동,373632.0
안동_현지인,202003,풍산읍,168672.0
안동_현지인,202003,와룡면,86261.0
안동_현지인,202003,북후면,56875.0
안동_현지인,202003,서후면,95844.0
안동_현지인,202003,풍천면,87059.0
안동_현지인,202003,일직면,51230.0
안동_현지인,202003,남후면,68400.0
안동_현지인,202003,남선면,39672.0
안동_현지인,202003,임하면,61408.0
안동_현지인,202003,길안면,55902.0
안동_현지인,202003,임동면,28522.0
안동_현지인,202003,예안면,23996.0
안동_현지인,202003,도산면,31976.0
안동_현지인,202003,녹전면,21458.0
안동_현지인,202003,중구동,485286.0
안동_현지인,202003,명륜동,220294.0
안동_현지인,202003,용상동,668020.0
안동_현지인,202003,서구동,404652.0
안동_현지인,202003,태화동,356422.0
안동_현지인,202003,평화동,120544.0
안동_현지인,202003,안기동,97618.0
안동_현지인,202003,옥동,618496.0
안동_현지인,202003,송하동,327390.0
안동_현지인,202003,강남동,330680.0
안동_현지인,202004,풍산읍,187040.0
안동_현지인,202004,와룡면,98528.0
안동_현지인,202004,북후면,62776.0
안동_현지인,202004,서후면,106708.0
안동_현지인,202004,풍천면,92946.0
안동_현지인,202004,일직면,56802.0
안동_현지인,202004,남후면,82026.0
안동_현지인,202004,남선면,43253.0
안동_현지인,202004,임하면,66997.0
안동_현지인,202004,길안면,60106.0
안동_현지인,202004,임동면,31468.0
안동_현지인,202004,예안면,25308.0
안동_현지인,202004,도산면,38591.0
안동_현지인,202004,녹전면,22578.0
안동_현지인,202004,중구동,565030.0
안동_현지인,202004,명륜동,232400.0
안동_현지인,202004,용상동,726450.0
안동_현지인,202004,서구동,556626.0
안동_현지인,202004,태화동,387506.0
안동_현지인,202004,평화동,141617.0
안동_현지인,202004,안기동,105553.0
안동_현지인,202004,옥동,723716.0
안동_현지인,202004,송하동,350074.0
안동_현지인,202004,강남동,370755.0
안동_현지인,202005,풍산읍,193826.0
안동_현지인,202005,와룡면,112424.0
안동_현지인,202005,북후면,67725.0
안동_현지인,202005,서후면,116424.0
안동_현지인,202005,풍천면,102571.0
안동_현지인,202005,일직면,60070.0
안동_현지인,202005,남후면,81196.0
안동_현지인,202005,남선면,45311.0
안동_현지인,202005,임하면,73598.0
안동_현지인,202005,길안면,67683.0
안동_현지인,202005,임동면,40022.0
안동_현지인,202005,예안면,28798.0
안동_현지인,202005,도산면,42973.0
안동_현지인,202005,녹전면,25784.0
안동_현지인,202005,중구동,661913.0
안동_현지인,202005,명륜동,245564.0
안동_현지인,202005,용상동,820351.0
안동_현지인,202005,서구동,581192.0
안동_현지인,202005,태화동,415964.0
안동_현지인,202005,평화동,146940.0
안동_현지인,202005,안기동,103232.0
안동_현지인,202005,옥동,820652.0
안동_현지인,202005,송하동,384230.0
안동_현지인,202005,강남동,425530.0
안동_현지인,202006,풍산읍,192374.0
안동_현지인,202006,와룡면,103271.0
안동_현지인,202006,북후면,63480.0
안동_현지인,202006,서후면,115213.0
안동_현지인,202006,풍천면,107590.0
안동_현지인,202006,일직면,54201.0
안동_현지인,202006,남후면,79132.0
안동_현지인,202006,남선면,44492.0
안동_현지인,202006,임하면,66997.0
안동_현지인,202006,길안면,67760.0
안동_현지인,202006,임동면,36421.0
안동_현지인,202006,예안면,27136.0
안동_현지인,202006,도산면,41566.0
안동_현지인,202006,녹전면,23002.0
안동_현지인,202006,중구동,652152.0
안동_현지인,202006,명륜동,262528.0
안동_현지인,202006,용상동,840872.0
안동_현지인,202006,서구동,603600.0
안동_현지인,202006,태화동,450748.0
안동_현지인,202006,평화동,131772.0
안동_현지인,202006,안기동,110691.0
안동_현지인,202006,옥동,834995.0
안동_현지인,202006,송하동,405352.0
안동_현지인,202006,강남동,455438.0
안동_현지인,202007,풍산읍,200760.0
안동_현지인,202007,와룡면,105413.0
안동_현지인,202007,북후면,60193.0
안동_현지인,202007,서후면,108098.0
안동_현지인,202007,풍천면,139790.0
안동_현지인,202007,일직면,51384.0
안동_현지인,202007,남후면,76612.0
안동_현지인,202007,남선면,42343.0
안동_현지인,202007,임하면,64018.0
안동_현지인,202007,길안면,65905.0
안동_현지인,202007,임동면,34520.0
안동_현지인,202007,예안면,25130.0
안동_현지인,202007,도산면,41492.0
안동_현지인,202007,녹전면,22484.0
안동_현지인,202007,중구동,687522.0
안동_현지인,202007,명륜동,255294.0
안동_현지인,202007,용상동,876446.0
안동_현지인,202007,서구동,625541.0
안동_현지인,202007,태화동,460446.0
안동_현지인,202007,평화동,141869.0
안동_현지인,202007,안기동,108818.0
안동_현지인,202007,옥동,877544.0
안동_현지인,202007,송하동,411628.0
안동_현지인,202007,강남동,459984.0
안동_현지인,202008,풍산읍,201856.0
안동_현지인,202008,와룡면,112760.0
안동_현지인,202008,북후면,62528.0
안동_현지인,202008,서후면,117036.0
안동_현지인,202008,풍천면,136395.0
안동_현지인,202008,일직면,54198.0
안동_현지인,202008,남후면,77900.0
안동_현지인,202008,남선면,43956.0
안동_현지인,202008,임하면,65905.0
안동_현지인,202008,길안면,72538.0
안동_현지인,202008,임동면,37670.0
안동_현지인,202008,예안면,26512.0
안동_현지인,202008,도산면,39358.0
안동_현지인,202008,녹전면,22124.0
안동_현지인,202008,중구동,640941.0
안동_현지인,202008,명륜동,260022.0
안동_현지인,202008,용상동,869578.0
안동_현지인,202008,서구동,589704.0
안동_현지인,202008,태화동,430790.0
안동_현지인,202008,평화동,129346.0
안동_현지인,202008,안기동,101370.0
안동_현지인,202008,옥동,847784.0
안동_현지인,202008,송하동,387051.0
안동_현지인,202008,강남동,431137.0
안동_현지인,202009,풍산읍,215768.0
안동_현지인,202009,와룡면,108574.0
안동_현지인,202009,북후면,69552.0
안동_현지인,202009,서후면,118990.0
안동_현지인,202009,풍천면,146237.0
안동_현지인,202009,일직면,58146.0
안동_현지인,202009,남후면,78092.0
안동_현지인,202009,남선면,47488.0
안동_현지인,202009,임하면,69657.0
안동_현지인,202009,길안면,70396.0
안동_현지인,202009,임동면,39784.0
안동_현지인,202009,예안면,28420.0
안동_현지인,202009,도산면,40537.0
안동_현지인,202009,녹전면,23646.0
안동_현지인,202009,중구동,654206.0
안동_현지인,202009,명륜동,247086.0
안동_현지인,202009,용상동,885336.0
안동_현지인,202009,서구동,635404.0
안동_현지인,202009,태화동,437846.0
안동_현지인,202009,평화동,136650.0
안동_현지인,202009,안기동,106435.0
안동_현지인,202009,옥동,820824.0
안동_현지인,202009,송하동,401464.0
안동_현지인,202009,강남동,441700.0
안동_현지인,202010,풍산읍,214081.0
안동_현지인,202010,와룡면,115143.0
안동_현지인,202010,북후면,68866.0
안동_현지인,202010,서후면,136388.0
안동_현지인,202010,풍천면,144312.0
안동_현지인,202010,일직면,56942.0
안동_현지인,202010,남후면,80720.0
안동_현지인,202010,남선면,49066.0
안동_현지인,202010,임하면,71330.0
안동_현지인,202010,길안면,77620.0
안동_현지인,202010,임동면,39050.0
안동_현지인,202010,예안면,28430.0
안동_현지인,202010,도산면,45297.0
안동_현지인,202010,녹전면,26932.0
안동_현지인,202010,중구동,694466.0
안동_현지인,202010,명륜동,262857.0
안동_현지인,202010,용상동,874013.0
안동_현지인,202010,서구동,594332.0
안동_현지인,202010,태화동,459448.0
안동_현지인,202010,평화동,143644.0
안동_현지인,202010,안기동,112024.0
안동_현지인,202010,옥동,852450.0
안동_현지인,202010,송하동,414082.0
안동_현지인,202010,강남동,446876.0
안동_현지인,202011,풍산읍,212898.0
안동_현지인,202011,와룡면,97412.0
안동_현지인,202011,북후면,62254.0
안동_현지인,202011,서후면,124436.0
안동_현지인,202011,풍천면,137512.0
안동_현지인,202011,일직면,49024.0
안동_현지인,202011,남후면,69968.0
안동_현지인,202011,남선면,46445.0
안동_현지인,202011,임하면,66924.0
안동_현지인,202011,길안면,70710.0
안동_현지인,202011,임동면,33576.0
안동_현지인,202011,예안면,25214.0
안동_현지인,202011,도산면,43726.0
안동_현지인,202011,녹전면,22505.0
안동_현지인,202011,중구동,664324.0
안동_현지인,202011,명륜동,234710.0
안동_현지인,202011,용상동,817341.0
안동_현지인,202011,서구동,695832.0
안동_현지인,202011,태화동,456936.0
안동_현지인,202011,평화동,139366.0
안동_현지인,202011,안기동,106372.0
안동_현지인,202011,옥동,821898.0
안동_현지인,202011,송하동,409700.0
안동_현지인,202011,강남동,433692.0
안동_현지인,202012,풍산읍,189007.0
안동_현지인,202012,와룡면,81126.0
안동_현지인,202012,북후면,51723.0
안동_현지인,202012,서후면,98388.0
안동_현지인,202012,풍천면,125020.0
안동_현지인,202012,일직면,42900.0
안동_현지인,202012,남후면,65846.0
안동_현지인,202012,남선면,40870.0
안동_현지인,202012,임하면,54310.0
안동_현지인,202012,길안면,56091.0
안동_현지인,202012,임동면,27636.0
안동_현지인,202012,예안면,20132.0
안동_현지인,202012,도산면,32347.0
안동_현지인,202012,녹전면,18182.0
안동_현지인,202012,중구동,575872.0
안동_현지인,202012,명륜동,197466.0
안동_현지인,202012,용상동,697736.0
안동_현지인,202012,서구동,763567.0
안동_현지인,202012,태화동,406234.0
안동_현지인,202012,평화동,129202.0
안동_현지인,202012,안기동,95812.0
안동_현지인,202012,옥동,699380.0
안동_현지인,202012,송하동,401118.0
안동_현지인,202012,강남동,393074.0
안동_현지인,202101,풍산읍,179176.0
안동_현지인,202101,와룡면,76192.0
안동_현지인,202101,북후면,45948.0
안동_현지인,202101,서후면,84116.0
안동_현지인,202101,풍천면,125412.0
안동_현지인,202101,일직면,39690.0
안동_현지인,202101,남후면,72982.0
안동_현지인,202101,남선면,34909.0
안동_현지인,202101,임하면,51618.0
안동_현지인,202101,길안면,49315.0
안동_현지인,202101,임동면,23412.0
안동_현지인,202101,예안면,18235.0
안동_현지인,202101,도산면,29386.0
안동_현지인,202101,녹전면,17118.0
안동_현지인,202101,중구동,528042.0
안동_현지인,202101,명륜동,199787.0
안동_현지인,202101,용상동,611891.0
안동_현지인,202101,서구동,587842.0
안동_현지인,202101,태화동,375480.0
안동_현지인,202101,평화동,118559.0
안동_현지인,202101,안기동,94430.0
안동_현지인,202101,옥동,667278.0
안동_현지인,202101,송하동,367336.0
안동_현지인,202101,강남동,378774.0
안동_현지인,202102,풍산읍,169463.0
안동_현지인,202102,와룡면,82131.0
안동_현지인,202102,북후면,47890.0
안동_현지인,202102,서후면,90366.0
안동_현지인,202102,풍천면,119560.0
안동_현지인,202102,일직면,44586.0
안동_현지인,202102,남후면,66728.0
안동_현지인,202102,남선면,36253.0
안동_현지인,202102,임하면,55013.0
안동_현지인,202102,길안면,52458.0
안동_현지인,202102,임동면,31556.0
안동_현지인,202102,예안면,21998.0
안동_현지인,202102,도산면,29603.0
안동_현지인,202102,녹전면,18536.0
안동_현지인,202102,중구동,534128.0
안동_현지인,202102,명륜동,207098.0
안동_현지인,202102,용상동,595413.0
안동_현지인,202102,서구동,593764.0
안동_현지인,202102,태화동,356972.0
안동_현지인,202102,평화동,113743.0
안동_현지인,202102,안기동,92190.0
안동_현지인,202102,옥동,673197.0
안동_현지인,202102,송하동,333011.0
안동_현지인,202102,강남동,363881.0
안동_현지인,202103,풍산읍,207784.0
안동_현지인,202103,와룡면,103453.0
안동_현지인,202103,북후면,63066.0
안동_현지인,202103,서후면,129283.0
안동_현지인,202103,풍천면,142779.0
안동_현지인,202103,일직면,56973.0
안동_현지인,202103,남후면,77570.0
안동_현지인,202103,남선면,47579.0
안동_현지인,202103,임하면,67613.0
안동_현지인,202103,길안면,63290.0
안동_현지인,202103,임동면,33036.0
안동_현지인,202103,예안면,24766.0
안동_현지인,202103,도산면,41044.0
안동_현지인,202103,녹전면,22642.0
안동_현지인,202103,중구동,673435.0
안동_현지인,202103,명륜동,264474.0
안동_현지인,202103,용상동,736866.0
안동_현지인,202103,서구동,746725.0
안동_현지인,202103,태화동,465920.0
안동_현지인,202103,평화동,134508.0
안동_현지인,202103,안기동,113530.0
안동_현지인,202103,옥동,822210.0
안동_현지인,202103,송하동,418068.0
안동_현지인,202103,강남동,490038.0
안동_현지인,202104,풍산읍,207904.0
안동_현지인,202104,와룡면,112494.0
안동_현지인,202104,북후면,63756.0
안동_현지인,202104,서후면,150168.0
안동_현지인,202104,풍천면,147556.0
안동_현지인,202104,일직면,63042.0
안동_현지인,202104,남후면,82316.0
안동_현지인,202104,남선면,49682.0
안동_현지인,202104,임하면,74585.0
안동_현지인,202104,길안면,69251.0
안동_현지인,202104,임동면,37524.0
안동_현지인,202104,예안면,27016.0
안동_현지인,202104,도산면,40922.0
안동_현지인,202104,녹전면,24784.0
안동_현지인,202104,중구동,656971.0
안동_현지인,202104,명륜동,253064.0
안동_현지인,202104,용상동,706296.0
안동_현지인,202104,서구동,741646.0
안동_현지인,202104,태화동,458048.0
안동_현지인,202104,평화동,127130.0
안동_현지인,202104,안기동,104195.0
안동_현지인,202104,옥동,806102.0
안동_현지인,202104,송하동,400596.0
안동_현지인,202104,강남동,442620.0
안동_현지인,202105,풍산읍,218491.0
안동_현지인,202105,와룡면,124558.0
안동_현지인,202105,북후면,68761.0
안동_현지인,202105,서후면,154956.0
안동_현지인,202105,풍천면,153454.0
안동_현지인,202105,일직면,67830.0
안동_현지인,202105,남후면,87160.0
안동_현지인,202105,남선면,50099.0
안동_현지인,202105,임하면,81644.0
안동_현지인,202105,길안면,79023.0
안동_현지인,202105,임동면,42480.0
안동_현지인,202105,예안면,29648.0
안동_현지인,202105,도산면,44880.0
안동_현지인,202105,녹전면,27828.0
안동_현지인,202105,중구동,688261.0
안동_현지인,202105,명륜동,256991.0
안동_현지인,202105,용상동,803887.0
안동_현지인,202105,서구동,792071.0
안동_현지인,202105,태화동,478996.0
안동_현지인,202105,평화동,130907.0
안동_현지인,202105,안기동,107902.0
안동_현지인,202105,옥동,885224.0
안동_현지인,202105,송하동,414880.0
안동_현지인,202105,강남동,435869.0
안동_현지인,202106,풍산읍,229040.0
안동_현지인,202106,와룡면,113085.0
안동_현지인,202106,북후면,69524.0
안동_현지인,202106,서후면,146786.0
안동_현지인,202106,풍천면,164934.0
안동_현지인,202106,일직면,65608.0
안동_현지인,202106,남후면,85540.0
안동_현지인,202106,남선면,51572.0
안동_현지인,202106,임하면,80692.0
안동_현지인,202106,길안면,79198.0
안동_현지인,202106,임동면,40884.0
안동_현지인,202106,예안면,29550.0
안동_현지인,202106,도산면,45882.0
안동_현지인,202106,녹전면,24468.0
안동_현지인,202106,중구동,699220.0
안동_현지인,202106,명륜동,272160.0
안동_현지인,202106,용상동,819354.0
안동_현지인,202106,서구동,817736.0
안동_현지인,202106,태화동,497164.0
안동_현지인,202106,평화동,138036.0
안동_현지인,202106,안기동,107100.0
안동_현지인,202106,옥동,899409.0
안동_현지인,202106,송하동,448105.0
안동_현지인,202106,강남동,471628.0
안동_현지인,202107,풍산읍,226412.0
안동_현지인,202107,와룡면,115052.0
안동_현지인,202107,북후면,66304.0
안동_현지인,202107,서후면,143392.0
안동_현지인,202107,풍천면,153776.0
안동_현지인,202107,일직면,64995.0
안동_현지인,202107,남후면,81666.0
안동_현지인,202107,남선면,50386.0
안동_현지인,202107,임하면,78018.0
안동_현지인,202107,길안면,80538.0
안동_현지인,202107,임동면,39774.0
안동_현지인,202107,예안면,27342.0
안동_현지인,202107,도산면,41766.0
안동_현지인,202107,녹전면,24986.0
안동_현지인,202107,중구동,709048.0
안동_현지인,202107,명륜동,264670.0
안동_현지인,202107,용상동,805280.0
안동_현지인,202107,서구동,789299.0
안동_현지인,202107,태화동,482804.0
안동_현지인,202107,평화동,140396.0
안동_현지인,202107,안기동,111783.0
안동_현지인,202107,옥동,928652.0
안동_현지인,202107,송하동,444633.0
안동_현지인,202107,강남동,485180.0
안동_현지인,202108,풍산읍,225554.0
안동_현지인,202108,와룡면,113932.0
안동_현지인,202108,북후면,65482.0
안동_현지인,202108,서후면,139426.0
안동_현지인,202108,풍천면,159086.0
안동_현지인,202108,일직면,63822.0
안동_현지인,202108,남후면,78428.0
안동_현지인,202108,남선면,48496.0
안동_현지인,202108,임하면,75180.0
안동_현지인,202108,길안면,78372.0
안동_현지인,202108,임동면,40208.0
안동_현지인,202108,예안면,27202.0
안동_현지인,202108,도산면,38738.0
안동_현지인,202108,녹전면,24647.0
안동_현지인,202108,중구동,654983.0
안동_현지인,202108,명륜동,263490.0
안동_현지인,202108,용상동,764222.0
안동_현지인,202108,서구동,794213.0
안동_현지인,202108,태화동,471905.0
안동_현지인,202108,평화동,132072.0
안동_현지인,202108,안기동,111797.0
안동_현지인,202108,옥동,841278.0
안동_현지인,202108,송하동,433416.0
안동_현지인,202108,강남동,450121.0
안동_현지인,202109,풍산읍,232200.0
안동_현지인,202109,와룡면,117089.0
안동_현지인,202109,북후면,69699.0
안동_현지인,202109,서후면,150272.0
안동_현지인,202109,풍천면,161231.0
안동_현지인,202109,일직면,67708.0
안동_현지인,202109,남후면,80658.0
안동_현지인,202109,남선면,57992.0
안동_현지인,202109,임하면,78645.0
안동_현지인,202109,길안면,81932.0
안동_현지인,202109,임동면,40842.0
안동_현지인,202109,예안면,30342.0
안동_현지인,202109,도산면,44359.0
안동_현지인,202109,녹전면,27506.0
안동_현지인,202109,중구동,689850.0
안동_현지인,202109,명륜동,258990.0
안동_현지인,202109,용상동,770042.0
안동_현지인,202109,서구동,805679.0
안동_현지인,202109,태화동,486997.0
안동_현지인,202109,평화동,136591.0
안동_현지인,202109,안기동,115924.0
안동_현지인,202109,옥동,839024.0
안동_현지인,202109,송하동,433738.0
안동_현지인,202109,강남동,448710.0
안동_현지인,202110,풍산읍,238553.0
안동_현지인,202110,와룡면,119959.0
안동_현지인,202110,북후면,72314.0
안동_현지인,202110,서후면,165025.0
안동_현지인,202110,풍천면,161528.0
안동_현지인,202110,일직면,67512.0
안동_현지인,202110,남후면,80132.0
안동_현지인,202110,남선면,55937.0
안동_현지인,202110,임하면,80836.0
안동_현지인,202110,길안면,79961.0
안동_현지인,202110,임동면,39826.0
안동_현지인,202110,예안면,29309.0
안동_현지인,202110,도산면,43200.0
안동_현지인,202110,녹전면,27741.0
안동_현지인,202110,중구동,722463.0
안동_현지인,202110,명륜동,259364.0
안동_현지인,202110,용상동,794213.0
안동_현지인,202110,서구동,803551.0
안동_현지인,202110,태화동,484768.0
안동_현지인,202110,평화동,138786.0
안동_현지인,202110,안기동,112728.0
안동_현지인,202110,옥동,874461.0
안동_현지인,202110,송하동,437608.0
안동_현지인,202110,강남동,468636.0
안동_현지인,202111,풍산읍,228994.0
안동_현지인,202111,와룡면,101507.0
안동_현지인,202111,북후면,68012.0
안동_현지인,202111,서후면,152264.0
안동_현지인,202111,풍천면,155726.0
안동_현지인,202111,일직면,62160.0
안동_현지인,202111,남후면,73815.0
안동_현지인,202111,남선면,56077.0
안동_현지인,202111,임하면,73822.0
안동_현지인,202111,길안면,78732.0
안동_현지인,202111,임동면,34738.0
안동_현지인,202111,예안면,26432.0
안동_현지인,202111,도산면,41870.0
안동_현지인,202111,녹전면,25459.0
안동_현지인,202111,중구동,711886.0
안동_현지인,202111,명륜동,241294.0
안동_현지인,202111,용상동,793737.0
안동_현지인,202111,서구동,785022.0
안동_현지인,202111,태화동,483186.0
안동_현지인,202111,평화동,137742.0
안동_현지인,202111,안기동,108510.0
안동_현지인,202111,옥동,868018.0
안동_현지인,202111,송하동,426930.0
안동_현지인,202111,강남동,463214.0
안동_현지인,202112,풍산읍,217567.0
안동_현지인,202112,와룡면,88935.0
안동_현지인,202112,북후면,58146.0
안동_현지인,202112,서후면,130428.0
안동_현지인,202112,풍천면,148586.0
안동_현지인,202112,일직면,55524.0
안동_현지인,202112,남후면,67784.0
안동_현지인,202112,남선면,52059.0
안동_현지인,202112,임하면,62338.0
안동_현지인,202112,길안면,60529.0
안동_현지인,202112,임동면,30572.0
안동_현지인,202112,예안면,22848.0
안동_현지인,202112,도산면,35903.0
안동_현지인,202112,녹전면,21010.0
안동_현지인,202112,중구동,712005.0
안동_현지인,202112,명륜동,228400.0
안동_현지인,202112,용상동,768873.0
안동_현지인,202112,서구동,783906.0
안동_현지인,202112,태화동,486304.0
안동_현지인,202112,평화동,142278.0
안동_현지인,202112,안기동,112889.0
안동_현지인,202112,옥동,872949.0
안동_현지인,202112,송하동,443044.0
안동_현지인,202112,강남동,455038.0
안동_현지인,202201,풍산읍,225424.0
안동_현지인,202201,와룡면,85816.0
안동_현지인,202201,북후면,56147.0
안동_현지인,202201,서후면,122878.0
안동_현지인,202201,풍천면,140490.0
안동_현지인,202201,일직면,52728.0
안동_현지인,202201,남후면,81067.0
안동_현지인,202201,남선면,47716.0
안동_현지인,202201,임하면,59742.0
안동_현지인,202201,길안면,59910.0
안동_현지인,202201,임동면,32284.0
안동_현지인,202201,예안면,20730.0
안동_현지인,202201,도산면,31566.0
안동_현지인,202201,녹전면,21612.0
안동_현지인,202201,중구동,627994.0
안동_현지인,202201,명륜동,213066.0
안동_현지인,202201,용상동,689686.0
안동_현지인,202201,서구동,743281.0
안동_현지인,202201,태화동,451560.0
안동_현지인,202201,평화동,134582.0
안동_현지인,202201,안기동,109428.0
안동_현지인,202201,옥동,789516.0
안동_현지인,202201,송하동,413924.0
안동_현지인,202201,강남동,411418.0
안동_현지인,202202,풍산읍,188430.0
안동_현지인,202202,와룡면,75904.0
안동_현지인,202202,북후면,49004.0
안동_현지인,202202,서후면,114576.0
안동_현지인,202202,풍천면,124957.0
안동_현지인,202202,일직면,49878.0
안동_현지인,202202,남후면,62206.0
안동_현지인,202202,남선면,42970.0
안동_현지인,202202,임하면,56679.0
안동_현지인,202202,길안면,52518.0
안동_현지인,202202,임동면,27426.0
안동_현지인,202202,예안면,20090.0
안동_현지인,202202,도산면,29379.0
안동_현지인,202202,녹전면,18753.0
안동_현지인,202202,중구동,550588.0
안동_현지인,202202,명륜동,184639.0
안동_현지인,202202,용상동,614600.0
안동_현지인,202202,서구동,638564.0
안동_현지인,202202,태화동,386032.0
안동_현지인,202202,평화동,106666.0
안동_현지인,202202,안기동,106376.0
안동_현지인,202202,옥동,669123.0
안동_현지인,202202,송하동,365690.0
안동_현지인,202202,강남동,360090.0
안동_현지인,202203,풍산읍,221204.0
안동_현지인,202203,와룡면,94241.0
안동_현지인,202203,북후면,63984.0
안동_현지인,202203,서후면,155530.0
안동_현지인,202203,풍천면,145050.0
안동_현지인,202203,일직면,62230.0
안동_현지인,202203,남후면,70774.0
안동_현지인,202203,남선면,52154.0
안동_현지인,202203,임하면,66678.0
안동_현지인,202203,길안면,64526.0
안동_현지인,202203,임동면,29652.0
안동_현지인,202203,예안면,23342.0
안동_현지인,202203,도산면,36400.0
안동_현지인,202203,녹전면,21864.0
안동_현지인,202203,중구동,640672.0
안동_현지인,202203,명륜동,241318.0
안동_현지인,202203,용상동,717409.0
안동_현지인,202203,서구동,753560.0
안동_현지인,202203,태화동,474834.0
안동_현지인,202203,평화동,118643.0
안동_현지인,202203,안기동,120488.0
안동_현지인,202203,옥동,766682.0
안동_현지인,202203,송하동,434970.0
안동_현지인,202203,강남동,435376.0
안동_현지인,202204,풍산읍,225362.0
안동_현지인,202204,와룡면,113078.0
안동_현지인,202204,북후면,68635.0
안동_현지인,202204,서후면,162344.0
안동_현지인,202204,풍천면,156096.0
안동_현지인,202204,일직면,67074.0
안동_현지인,202204,남후면,79219.0
안동_현지인,202204,남선면,59658.0
안동_현지인,202204,임하면,84259.0
안동_현지인,202204,길안면,71085.0
안동_현지인,202204,임동면,38759.0
안동_현지인,202204,예안면,26950.0
안동_현지인,202204,도산면,40278.0
안동_현지인,202204,녹전면,25655.0
안동_현지인,202204,중구동,680897.0
안동_현지인,202204,명륜동,257428.0
안동_현지인,202204,용상동,736508.0
안동_현지인,202204,서구동,766360.0
안동_현지인,202204,태화동,472563.0
안동_현지인,202204,평화동,122434.0
안동_현지인,202204,안기동,121450.0
안동_현지인,202204,옥동,817418.0
안동_현지인,202204,송하동,425814.0
안동_현지인,202204,강남동,444868.0
안동_현지인,202205,풍산읍,231242.0
안동_현지인,202205,와룡면,118300.0
안동_현지인,202205,북후면,69920.0
안동_현지인,202205,서후면,174146.0
안동_현지인,202205,풍천면,165518.0
안동_현지인,202205,일직면,73486.0
안동_현지인,202205,남후면,84662.0
안동_현지인,202205,남선면,62604.0
안동_현지인,202205,임하면,82954.0
안동_현지인,202205,길안면,80423.0
안동_현지인,202205,임동면,38496.0
안동_현지인,202205,예안면,29054.0
안동_현지인,202205,도산면,44471.0
안동_현지인,202205,녹전면,25795.0
안동_현지인,202205,중구동,719302.0
안동_현지인,202205,명륜동,253659.0
안동_현지인,202205,용상동,807440.0
안동_현지인,202205,서구동,796352.0
안동_현지인,202205,태화동,483266.0
안동_현지인,202205,평화동,124418.0
안동_현지인,202205,안기동,123322.0
안동_현지인,202205,옥동,893214.0
안동_현지인,202205,송하동,430776.0
안동_현지인,202205,강남동,469854.0
안동_현지인,202206,풍산읍,206210.0
안동_현지인,202206,와룡면,98550.0
안동_현지인,202206,북후면,60420.0
안동_현지인,202206,서후면,147550.0
안동_현지인,202206,풍천면,141054.0
안동_현지인,202206,일직면,58404.0
안동_현지인,202206,남후면,72128.0
안동_현지인,202206,남선면,55528.0
안동_현지인,202206,임하면,67977.0
안동_현지인,202206,길안면,68772.0
안동_현지인,202206,임동면,32746.0
안동_현지인,202206,예안면,25844.0
안동_현지인,202206,도산면,38437.0
안동_현지인,202206,녹전면,20954.0
안동_현지인,202206,중구동,646216.0
안동_현지인,202206,명륜동,231945.0
안동_현지인,202206,용상동,726338.0
안동_현지인,202206,서구동,759090.0
안동_현지인,202206,태화동,456295.0
안동_현지인,202206,평화동,117425.0
안동_현지인,202206,안기동,115073.0
안동_현지인,202206,옥동,859044.0
안동_현지인,202206,송하동,412940.0
안동_현지인,202206,강남동,445410.0
안동_현지인,202207,풍산읍,210392.0
안동_현지인,202207,와룡면,98248.0
안동_현지인,202207,북후면,61758.0
안동_현지인,202207,서후면,144336.0
안동_현지인,202207,풍천면,124271.0
안동_현지인,202207,일직면,51674.0
안동_현지인,202207,남후면,72114.0
안동_현지인,202207,남선면,59486.0
안동_현지인,202207,임하면,64267.0
안동_현지인,202207,길안면,70934.0
안동_현지인,202207,임동면,35200.0
안동_현지인,202207,예안면,25151.0
안동_현지인,202207,도산면,38804.0
안동_현지인,202207,녹전면,23072.0
안동_현지인,202207,중구동,652904.0
안동_현지인,202207,명륜동,265954.0
안동_현지인,202207,용상동,704154.0
안동_현지인,202207,서구동,800292.0
안동_현지인,202207,태화동,457149.0
안동_현지인,202207,평화동,120950.0
안동_현지인,202207,안기동,116722.0
안동_현지인,202207,옥동,888360.0
안동_현지인,202207,송하동,438638.0
안동_현지인,202207,강남동,452574.0
안동_현지인,202208,풍산읍,219940.0
안동_현지인,202208,와룡면,100968.0
안동_현지인,202208,북후면,58646.0
안동_현지인,202208,서후면,150224.0
안동_현지인,202208,풍천면,130966.0
안동_현지인,202208,일직면,52605.0
안동_현지인,202208,남후면,68425.0
안동_현지인,202208,남선면,58506.0
안동_현지인,202208,임하면,63886.0
안동_현지인,202208,길안면,67550.0
안동_현지인,202208,임동면,35556.0
안동_현지인,202208,예안면,25494.0
안동_현지인,202208,도산면,39676.0
안동_현지인,202208,녹전면,22372.0
안동_현지인,202208,중구동,618432.0
안동_현지인,202208,명륜동,234556.0
안동_현지인,202208,용상동,687351.0
안동_현지인,202208,서구동,794902.0
안동_현지인,202208,태화동,456365.0
안동_현지인,202208,평화동,118937.0
안동_현지인,202208,안기동,114328.0
안동_현지인,202208,옥동,859285.0
안동_현지인,202208,송하동,442166.0
안동_현지인,202208,강남동,443664.0
안동_현지인,202209,풍산읍,230772.0
안동_현지인,202209,와룡면,109340.0
안동_현지인,202209,북후면,68358.0
안동_현지인,202209,서후면,172130.0
안동_현지인,202209,풍천면,143798.0
안동_현지인,202209,일직면,58922.0
안동_현지인,202209,남후면,73938.0
안동_현지인,202209,남선면,61278.0
안동_현지인,202209,임하면,67928.0
안동_현지인,202209,길안면,74442.0
안동_현지인,202209,임동면,38458.0
안동_현지인,202209,예안면,29533.0
안동_현지인,202209,도산면,53708.0
안동_현지인,202209,녹전면,27506.0
안동_현지인,202209,중구동,689171.0
안동_현지인,202209,명륜동,258223.0
안동_현지인,202209,용상동,732694.0
안동_현지인,202209,서구동,836972.0
안동_현지인,202209,태화동,480893.0
안동_현지인,202209,평화동,125752.0
안동_현지인,202209,안기동,123140.0
안동_현지인,202209,옥동,880730.0
안동_현지인,202209,송하동,454044.0
안동_현지인,202209,강남동,465535.0
안동_현지인,202210,풍산읍,235498.0
안동_현지인,202210,와룡면,105556.0
안동_현지인,202210,북후면,71953.0
안동_현지인,202210,서후면,166019.0
안동_현지인,202210,풍천면,151571.0
안동_현지인,202210,일직면,57502.0
안동_현지인,202210,남후면,76380.0
안동_현지인,202210,남선면,61848.0
안동_현지인,202210,임하면,69664.0
안동_현지인,202210,길안면,72628.0
안동_현지인,202210,임동면,37233.0
안동_현지인,202210,예안면,28231.0
안동_현지인,202210,도산면,48363.0
안동_현지인,202210,녹전면,28346.0
안동_현지인,202210,중구동,740400.0
안동_현지인,202210,명륜동,257148.0
안동_현지인,202210,용상동,754488.0
안동_현지인,202210,서구동,829112.0
안동_현지인,202210,태화동,494788.0
안동_현지인,202210,평화동,130550.0
안동_현지인,202210,안기동,120740.0
안동_현지인,202210,옥동,919460.0
안동_현지인,202210,송하동,470866.0
안동_현지인,202210,강남동,479840.0
안동_현지인,202211,풍산읍,243268.0
안동_현지인,202211,와룡면,92830.0
안동_현지인,202211,북후면,66398.0
안동_현지인,202211,서후면,184681.0
안동_현지인,202211,풍천면,137344.0
안동_현지인,202211,일직면,51898.0
안동_현지인,202211,남후면,69262.0
안동_현지인,202211,남선면,64883.0
안동_현지인,202211,임하면,67088.0
안동_현지인,202211,길안면,71508.0
안동_현지인,202211,임동면,34080.0
안동_현지인,202211,예안면,24482.0
안동_현지인,202211,도산면,49168.0
안동_현지인,202211,녹전면,25263.0
안동_현지인,202211,중구동,691750.0
안동_현지인,202211,명륜동,234304.0
안동_현지인,202211,용상동,781532.0
안동_현지인,202211,서구동,828009.0
안동_현지인,202211,태화동,480112.0
안동_현지인,202211,평화동,147245.0
안동_현지인,202211,안기동,116826.0
안동_현지인,202211,옥동,898520.0
안동_현지인,202211,송하동,469976.0
안동_현지인,202211,강남동,474506.0
안동_현지인,202212,풍산읍,230030.0
안동_현지인,202212,와룡면,78981.0
안동_현지인,202212,북후면,51569.0
안동_현지인,202212,서후면,141040.0
안동_현지인,202212,풍천면,114618.0
안동_현지인,202212,일직면,42774.0
안동_현지인,202212,남후면,61208.0
안동_현지인,202212,남선면,56714.0
안동_현지인,202212,임하면,54638.0
안동_현지인,202212,길안면,51975.0
안동_현지인,202212,임동면,28245.0
안동_현지인,202212,예안면,18672.0
안동_현지인,202212,도산면,36512.0
안동_현지인,202212,녹전면,17608.0
안동_현지인,202212,중구동,698467.0
안동_현지인,202212,명륜동,215782.0
안동_현지인,202212,용상동,745482.0
안동_현지인,202212,서구동,826808.0
안동_현지인,202212,태화동,473837.0
안동_현지인,202212,평화동,141256.0
안동_현지인,202212,안기동,118503.0
안동_현지인,202212,옥동,945448.0
안동_현지인,202212,송하동,469242.0
안동_현지인,202212,강남동,476322.0
안동_현지인,202301,풍산읍,227986.0
안동_현지인,202301,와룡면,82540.0
안동_현지인,202301,북후면,53074.0
안동_현지인,202301,서후면,127606.0
안동_현지인,202301,풍천면,110187.0
안동_현지인,202301,일직면,41048.0
안동_현지인,202301,남후면,77735.0
안동_현지인,202301,남선면,54250.0
안동_현지인,202301,임하면,55898.0
안동_현지인,202301,길안면,52115.0
안동_현지인,202301,임동면,31017.0
안동_현지인,202301,예안면,20506.0
안동_현지인,202301,도산면,32452.0
안동_현지인,202301,녹전면,20528.0
안동_현지인,202301,중구동,626056.0
안동_현지인,202301,명륜동,206752.0
안동_현지인,202301,용상동,663064.0
안동_현지인,202301,서구동,791098.0
안동_현지인,202301,태화동,447086.0
안동_현지인,202301,평화동,134648.0
안동_현지인,202301,안기동,119070.0
안동_현지인,202301,옥동,913146.0
안동_현지인,202301,송하동,449155.0
안동_현지인,202301,강남동,447030.0
안동_현지인,202302,풍산읍,206955.0
안동_현지인,202302,와룡면,79079.0
안동_현지인,202302,북후면,49276.0
안동_현지인,202302,서후면,127204.0
안동_현지인,202302,풍천면,108087.0
안동_현지인,202302,일직면,44590.0
안동_현지인,202302,남후면,68824.0
안동_현지인,202302,남선면,54092.0
안동_현지인,202302,임하면,55342.0
안동_현지인,202302,길안면,50666.0
안동_현지인,202302,임동면,29141.0
안동_현지인,202302,예안면,19162.0
안동_현지인,202302,도산면,30289.0
안동_현지인,202302,녹전면,18725.0
안동_현지인,202302,중구동,605458.0
안동_현지인,202302,명륜동,197578.0
안동_현지인,202302,용상동,641655.0
안동_현지인,202302,서구동,729939.0
안동_현지인,202302,태화동,417067.0
안동_현지인,202302,평화동,123872.0
안동_현지인,202302,안기동,110086.0
안동_현지인,202302,옥동,843266.0
안동_현지인,202302,송하동,419706.0
안동_현지인,202302,강남동,438116.0
안동_현지인,202303,풍산읍,245140.0
안동_현지인,202303,와룡면,97734.0
안동_현지인,202303,북후면,65020.0
안동_현지인,202303,서후면,178658.0
안동_현지인,202303,풍천면,129290.0
안동_현지인,202303,일직면,56542.0
안동_현지인,202303,남후면,75712.0
안동_현지인,202303,남선면,65838.0
안동_현지인,202303,임하면,66076.0
안동_현지인,202303,길안면,64162.0
안동_현지인,202303,임동면,34636.0
안동_현지인,202303,예안면,24570.0
안동_현지인,202303,도산면,40719.0
안동_현지인,202303,녹전면,23835.0
안동_현지인,202303,중구동,697767.0
안동_현지인,202303,명륜동,255566.0
안동_현지인,202303,용상동,750334.0
안동_현지인,202303,서구동,870944.0
안동_현지인,202303,태화동,503937.0
안동_현지인,202303,평화동,144816.0
안동_현지인,202303,안기동,124355.0
안동_현지인,202303,옥동,924805.0
안동_현지인,202303,송하동,492149.0
안동_현지인,202303,강남동,519544.0
안동_현지인,202304,풍산읍,231634.0
안동_현지인,202304,와룡면,103250.0
안동_현지인,202304,북후면,60977.0
안동_현지인,202304,서후면,171014.0
안동_현지인,202304,풍천면,123994.0
안동_현지인,202304,일직면,56679.0
안동_현지인,202304,남후면,77588.0
안동_현지인,202304,남선면,63833.0
안동_현지인,202304,임하면,75114.0
안동_현지인,202304,길안면,63070.0
안동_현지인,202304,임동면,36449.0
안동_현지인,202304,예안면,25844.0
안동_현지인,202304,도산면,40565.0
안동_현지인,202304,녹전면,24941.0
안동_현지인,202304,중구동,670050.0
안동_현지인,202304,명륜동,239407.0
안동_현지인,202304,용상동,735438.0
안동_현지인,202304,서구동,809868.0
안동_현지인,202304,태화동,463194.0
안동_현지인,202304,평화동,134918.0
안동_현지인,202304,안기동,119438.0
안동_현지인,202304,옥동,877706.0
안동_현지인,202304,송하동,454972.0
안동_현지인,202304,강남동,463494.0
안동_현지인,202305,풍산읍,240146.0
안동_현지인,202305,와룡면,109938.0
안동_현지인,202305,북후면,67392.0
안동_현지인,202305,서후면,206913.0
안동_현지인,202305,풍천면,149926.0
안동_현지인,202305,일직면,61341.0
안동_현지인,202305,남후면,89894.0
안동_현지인,202305,남선면,70679.0
안동_현지인,202305,임하면,77196.0
안동_현지인,202305,길안면,71732.0
안동_현지인,202305,임동면,38598.0
안동_현지인,202305,예안면,29197.0
안동_현지인,202305,도산면,42539.0
안동_현지인,202305,녹전면,27240.0
안동_현지인,202305,중구동,763994.0
안동_현지인,202305,명륜동,251223.0
안동_현지인,202305,용상동,833438.0
안동_현지인,202305,서구동,870744.0
안동_현지인,202305,태화동,499034.0
안동_현지인,202305,평화동,143994.0
안동_현지인,202305,안기동,125850.0
안동_현지인,202305,옥동,959693.0
안동_현지인,202305,송하동,481380.0
안동_현지인,202305,강남동,498050.0
안동_현지인,202306,풍산읍,224784.0
안동_현지인,202306,와룡면,100930.0
안동_현지인,202306,북후면,63752.0
안동_현지인,202306,서후면,175858.0
안동_현지인,202306,풍천면,136280.0
안동_현지인,202306,일직면,58926.0
안동_현지인,202306,남후면,79793.0
안동_현지인,202306,남선면,67392.0
안동_현지인,202306,임하면,71323.0
안동_현지인,202306,길안면,67865.0
안동_현지인,202306,임동면,35056.0
안동_현지인,202306,예안면,26044.0
안동_현지인,202306,도산면,45269.0
안동_현지인,202306,녹전면,23530.0
안동_현지인,202306,중구동,685566.0
안동_현지인,202306,명륜동,241874.0
안동_현지인,202306,용상동,723572.0
안동_현지인,202306,서구동,821650.0
안동_현지인,202306,태화동,452456.0
안동_현지인,202306,평화동,130834.0
안동_현지인,202306,안기동,112088.0
안동_현지인,202306,옥동,870926.0
안동_현지인,202306,송하동,425565.0
안동_현지인,202306,강남동,461380.0
안동_현지인,202307,풍산읍,220871.0
안동_현지인,202307,와룡면,99872.0
안동_현지인,202307,북후면,76696.0
안동_현지인,202307,서후면,167286.0
안동_현지인,202307,풍천면,133357.0
안동_현지인,202307,일직면,55580.0
안동_현지인,202307,남후면,74260.0
안동_현지인,202307,남선면,65863.0
안동_현지인,202307,임하면,63133.0
안동_현지인,202307,길안면,67445.0
안동_현지인,202307,임동면,34318.0
안동_현지인,202307,예안면,24364.0
안동_현지인,202307,도산면,37306.0
안동_현지인,202307,녹전면,22670.0
안동_현지인,202307,중구동,672004.0
안동_현지인,202307,명륜동,251706.0
안동_현지인,202307,용상동,697792.0
안동_현지인,202307,서구동,815367.0
안동_현지인,202307,태화동,450118.0
안동_현지인,202307,평화동,129367.0
안동_현지인,202307,안기동,112410.0
안동_현지인,202307,옥동,864234.0
안동_현지인,202307,송하동,415734.0
안동_현지인,202307,강남동,456169.0
안동_현지인,202308,풍산읍,230276.0
안동_현지인,202308,와룡면,98511.0
안동_현지인,202308,북후면,65765.0
안동_현지인,202308,서후면,161074.0
안동_현지인,202308,풍천면,135986.0
안동_현지인,202308,일직면,56063.0
안동_현지인,202308,남후면,75313.0
안동_현지인,202308,남선면,66118.0
안동_현지인,202308,임하면,68260.0
안동_현지인,202308,길안면,69738.0
안동_현지인,202308,임동면,33148.0
안동_현지인,202308,예안면,24902.0
안동_현지인,202308,도산면,38248.0
안동_현지인,202308,녹전면,23331.0
안동_현지인,202308,중구동,646342.0
안동_현지인,202308,명륜동,249809.0
안동_현지인,202308,용상동,723950.0
안동_현지인,202308,서구동,798630.0
안동_현지인,202308,태화동,476172.0
안동_현지인,202308,평화동,118363.0
안동_현지인,202308,안기동,111562.0
안동_현지인,202308,옥동,847406.0
안동_현지인,202308,송하동,411782.0
안동_현지인,202308,강남동,458398.0
안동_현지인,202309,풍산읍,232936.0
안동_현지인,202309,와룡면,100989.0
안동_현지인,202309,북후면,66132.0
안동_현지인,202309,서후면,177856.0
안동_현지인,202309,풍천면,135558.0
안동_현지인,202309,일직면,61184.0
안동_현지인,202309,남후면,77416.0
안동_현지인,202309,남선면,69814.0
안동_현지인,202309,임하면,70270.0
안동_현지인,202309,길안면,66182.0
안동_현지인,202309,임동면,35847.0
안동_현지인,202309,예안면,28788.0
안동_현지인,202309,도산면,42914.0
안동_현지인,202309,녹전면,24395.0
안동_현지인,202309,중구동,646026.0
안동_현지인,202309,명륜동,237272.0
안동_현지인,202309,용상동,748080.0
안동_현지인,202309,서구동,791721.0
안동_현지인,202309,태화동,470858.0
안동_현지인,202309,평화동,131922.0
안동_현지인,202309,안기동,119228.0
안동_현지인,202309,옥동,834984.0
안동_현지인,202309,송하동,426674.0
안동_현지인,202309,강남동,477484.0
안동_현지인,202310,풍산읍,224802.0
안동_현지인,202310,와룡면,103201.0
안동_현지인,202310,북후면,68876.0
안동_현지인,202310,서후면,184642.0
안동_현지인,202310,풍천면,147052.0
안동_현지인,202310,일직면,61680.0
안동_현지인,202310,남후면,81172.0
안동_현지인,202310,남선면,72877.0
안동_현지인,202310,임하면,70133.0
안동_현지인,202310,길안면,70070.0
안동_현지인,202310,임동면,36474.0
안동_현지인,202310,예안면,27944.0
안동_현지인,202310,도산면,49630.0
안동_현지인,202310,녹전면,26366.0
안동_현지인,202310,중구동,744471.0
안동_현지인,202310,명륜동,246376.0
안동_현지인,202310,용상동,764950.0
안동_현지인,202310,서구동,851532.0
안동_현지인,202310,태화동,489545.0
안동_현지인,202310,평화동,128068.0
안동_현지인,202310,안기동,117607.0
안동_현지인,202310,옥동,852394.0
안동_현지인,202310,송하동,432478.0
안동_현지인,202310,강남동,481208.0
안동_현지인,202311,풍산읍,214750.0
안동_현지인,202311,와룡면,87832.0
안동_현지인,202311,북후면,62678.0
안동_현지인,202311,서후면,187638.0
안동_현지인,202311,풍천면,130830.0
안동_현지인,202311,일직면,53473.0
안동_현지인,202311,남후면,70494.0
안동_현지인,202311,남선면,79170.0
안동_현지인,202311,임하면,65488.0
안동_현지인,202311,길안면,65594.0
안동_현지인,202311,임동면,33145.0
안동_현지인,202311,예안면,25316.0
안동_현지인,202311,도산면,43866.0
안동_현지인,202311,녹전면,24014.0
안동_현지인,202311,중구동,651136.0
안동_현지인,202311,명륜동,229758.0
안동_현지인,202311,용상동,796712.0
안동_현지인,202311,서구동,791438.0
안동_현지인,202311,태화동,471174.0
안동_현지인,202311,평화동,141068.0
안동_현지인,202311,안기동,113320.0
안동_현지인,202311,옥동,845285.0
안동_현지인,202311,송하동,432530.0
안동_현지인,202311,강남동,462550.0
안동_현지인,202312,풍산읍,192832.0
안동_현지인,202312,와룡면,78890.0
안동_현지인,202312,북후면,51464.0
안동_현지인,202312,서후면,168595.0
안동_현지인,202312,풍천면,118114.0
안동_현지인,202312,일직면,44569.0
안동_현지인,202312,남후면,66034.0
안동_현지인,202312,남선면,65348.0
안동_현지인,202312,임하면,54992.0
안동_현지인,202312,길안면,51625.0
안동_현지인,202312,임동면,29228.0
안동_현지인,202312,예안면,20940.0
안동_현지인,202312,도산면,34272.0
안동_현지인,202312,녹전면,18613.0
안동_현지인,202312,중구동,661381.0
안동_현지인,202312,명륜동,223419.0
안동_현지인,202312,용상동,757474.0
안동_현지인,202312,서구동,774676.0
안동_현지인,202312,태화동,468724.0
안동_현지인,202312,평화동,138624.0
안동_현지인,202312,안기동,114880.0
안동_현지인,202312,옥동,899283.0
안동_현지인,202312,송하동,433430.0
안동_현지인,202312,강남동,469896.0
안동_현지인,202401,풍산읍,201534.0
안동_현지인,202401,와룡면,76730.0
안동_현지인,202401,북후면,52346.0
안동_현지인,202401,서후면,157798.0
안동_현지인,202401,풍천면,122266.0
안동_현지인,202401,일직면,41654.0
안동_현지인,202401,남후면,64687.0
안동_현지인,202401,남선면,64673.0
안동_현지인,202401,임하면,54834.0
안동_현지인,202401,길안면,47352.0
안동_현지인,202401,임동면,29564.0
안동_현지인,202401,예안면,20643.0
안동_현지인,202401,도산면,33036.0
안동_현지인,202401,녹전면,18634.0
안동_현지인,202401,중구동,608640.0
안동_현지인,202401,명륜동,212930.0
안동_현지인,202401,용상동,712456.0
안동_현지인,202401,서구동,769111.0
안동_현지인,202401,태화동,483234.0
안동_현지인,202401,평화동,137498.0
안동_현지인,202401,안기동,116596.0
안동_현지인,202401,옥동,859593.0
안동_현지인,202401,송하동,427374.0
안동_현지인,202401,강남동,461276.0
안동_현지인,202402,풍산읍,178280.0
안동_현지인,202402,와룡면,79968.0
안동_현지인,202402,북후면,50281.0
안동_현지인,202402,서후면,144722.0
안동_현지인,202402,풍천면,112332.0
안동_현지인,202402,일직면,45882.0
안동_현지인,202402,남후면,67238.0
안동_현지인,202402,남선면,64256.0
안동_현지인,202402,임하면,57155.0
안동_현지인,202402,길안면,49392.0
안동_현지인,202402,임동면,28368.0
안동_현지인,202402,예안면,21427.0
안동_현지인,202402,도산면,32308.0
안동_현지인,202402,녹전면,19624.0
안동_현지인,202402,중구동,584430.0
안동_현지인,202402,명륜동,205516.0
안동_현지인,202402,용상동,695804.0
안동_현지인,202402,서구동,744352.0
안동_현지인,202402,태화동,472269.0
안동_현지인,202402,평화동,131530.0
안동_현지인,202402,안기동,112270.0
안동_현지인,202402,옥동,825660.0
안동_현지인,202402,송하동,410554.0
안동_현지인,202402,강남동,420872.0
안동_현지인,202403,풍산읍,208450.0
안동_현지인,202403,와룡면,94171.0
안동_현지인,202403,북후면,62755.0
안동_현지인,202403,서후면,201432.0
안동_현지인,202403,풍천면,131268.0
안동_현지인,202403,일직면,53442.0
안동_현지인,202403,남후면,74690.0
안동_현지인,202403,남선면,74980.0
안동_현지인,202403,임하면,73434.0
안동_현지인,202403,길안면,58972.0
안동_현지인,202403,임동면,31983.0
안동_현지인,202403,예안면,24874.0
안동_현지인,202403,도산면,37583.0
안동_현지인,202403,녹전면,24045.0
안동_현지인,202403,중구동,683739.0
안동_현지인,202403,명륜동,248556.0
안동_현지인,202403,용상동,770245.0
안동_현지인,202403,서구동,832230.0
안동_현지인,202403,태화동,543375.0
안동_현지인,202403,평화동,154889.0
안동_현지인,202403,안기동,130098.0
안동_현지인,202403,옥동,872144.0
안동_현지인,202403,송하동,457828.0
안동_현지인,202403,강남동,506429.0
안동_현지인,202404,풍산읍,206402.0
안동_현지인,202404,와룡면,102662.0
안동_현지인,202404,북후면,64144.0
안동_현지인,202404,서후면,196847.0
안동_현지인,202404,풍천면,131019.0
안동_현지인,202404,일직면,54936.0
안동_현지인,202404,남후면,78841.0
안동_현지인,202404,남선면,75775.0
안동_현지인,202404,임하면,76598.0
안동_현지인,202404,길안면,61456.0
안동_현지인,202404,임동면,36064.0
안동_현지인,202404,예안면,27212.0
안동_현지인,202404,도산면,42084.0
안동_현지인,202404,녹전면,24843.0
안동_현지인,202404,중구동,658476.0
안동_현지인,202404,명륜동,249403.0
안동_현지인,202404,용상동,756014.0
안동_현지인,202404,서구동,800740.0
안동_현지인,202404,태화동,494168.0
안동_현지인,202404,평화동,138394.0
안동_현지인,202404,안기동,122472.0
안동_현지인,202404,옥동,834152.0
안동_현지인,202404,송하동,420606.0
안동_현지인,202404,강남동,468220.0
안동_현지인,202405,풍산읍,217259.0
안동_현지인,202405,와룡면,109546.0
안동_현지인,202405,북후면,70301.0
안동_현지인,202405,서후면,214644.0
안동_현지인,202405,풍천면,140084.0
안동_현지인,202405,일직면,60641.0
안동_현지인,202405,남후면,86356.0
안동_현지인,202405,남선면,76668.0
안동_현지인,202405,임하면,71222.0
안동_현지인,202405,길안면,71292.0
안동_현지인,202405,임동면,37908.0
안동_현지인,202405,예안면,27433.0
안동_현지인,202405,도산면,47670.0
안동_현지인,202405,녹전면,27304.0
안동_현지인,202405,중구동,740138.0
안동_현지인,202405,명륜동,254142.0
안동_현지인,202405,용상동,855012.0
안동_현지인,202405,서구동,852264.0
안동_현지인,202405,태화동,517496.0
안동_현지인,202405,평화동,138422.0
안동_현지인,202405,안기동,123952.0
안동_현지인,202405,옥동,884244.0
안동_현지인,202405,송하동,440968.0
안동_현지인,202405,강남동,467047.0
안동_현지인,202406,풍산읍,210112.0
안동_현지인,202406,와룡면,98056.0
안동_현지인,202406,북후면,66129.0
안동_현지인,202406,서후면,192370.0
안동_현지인,202406,풍천면,137718.0
안동_현지인,202406,일직면,57400.0
안동_현지인,202406,남후면,78256.0
안동_현지인,202406,남선면,70490.0
안동_현지인,202406,임하면,67312.0
안동_현지인,202406,길안면,65772.0
안동_현지인,202406,임동면,35892.0
안동_현지인,202406,예안면,25739.0
안동_현지인,202406,도산면,40624.0
안동_현지인,202406,녹전면,23348.0
안동_현지인,202406,중구동,666288.0
안동_현지인,202406,명륜동,242774.0
안동_현지인,202406,용상동,790940.0
안동_현지인,202406,서구동,804520.0
안동_현지인,202406,태화동,477743.0
안동_현지인,202406,평화동,128464.0
안동_현지인,202406,안기동,121306.0
안동_현지인,202406,옥동,856328.0
안동_현지인,202406,송하동,402563.0
안동_현지인,202406,강남동,455424.0
안동_현지인,202407,풍산읍,222106.0
안동_현지인,202407,와룡면,96621.0
안동_현지인,202407,북후면,66794.0
안동_현지인,202407,서후면,175245.0
안동_현지인,202407,풍천면,129696.0
안동_현지인,202407,일직면,53546.0
안동_현지인,202407,남후면,76258.0
안동_현지인,202407,남선면,72482.0
안동_현지인,202407,임하면,64295.0
안동_현지인,202407,길안면,65310.0
안동_현지인,202407,임동면,36914.0
안동_현지인,202407,예안면,24360.0
안동_현지인,202407,도산면,36796.0
안동_현지인,202407,녹전면,23345.0
안동_현지인,202407,중구동,668269.0
안동_현지인,202407,명륜동,255360.0
안동_현지인,202407,용상동,760414.0
안동_현지인,202407,서구동,833805.0
안동_현지인,202407,태화동,483497.0
안동_현지인,202407,평화동,127631.0
안동_현지인,202407,안기동,121450.0
안동_현지인,202407,옥동,888601.0
안동_현지인,202407,송하동,412013.0
안동_현지인,202407,강남동,475405.0
안동_현지인,202408,풍산읍,219300.0
안동_현지인,202408,와룡면,98063.0
안동_현지인,202408,북후면,66202.0
안동_현지인,202408,서후면,166912.0
안동_현지인,202408,풍천면,127043.0
안동_현지인,202408,일직면,54803.0
안동_현지인,202408,남후면,75278.0
안동_현지인,202408,남선면,70924.0
안동_현지인,202408,임하면,64547.0
안동_현지인,202408,길안면,67960.0
안동_현지인,202408,임동면,33901.0
안동_현지인,202408,예안면,24500.0
안동_현지인,202408,도산면,39308.0
안동_현지인,202408,녹전면,23618.0
안동_현지인,202408,중구동,627700.0
안동_현지인,202408,명륜동,249252.0
안동_현지인,202408,용상동,711798.0
안동_현지인,202408,서구동,821891.0
안동_현지인,202408,태화동,454500.0
안동_현지인,202408,평화동,113222.0
안동_현지인,202408,안기동,118962.0
안동_현지인,202408,옥동,837770.0
안동_현지인,202408,송하동,391618.0
안동_현지인,202408,강남동,467072.0
안동_현지인,202409,풍산읍,218806.0
안동_현지인,202409,와룡면,104472.0
안동_현지인,202409,북후면,69254.0
안동_현지인,202409,서후면,182696.0
안동_현지인,202409,풍천면,126752.0
안동_현지인,202409,일직면,59104.0
안동_현지인,202409,남후면,76556.0
안동_현지인,202409,남선면,67546.0
안동_현지인,202409,임하면,65996.0
안동_현지인,202409,길안면,65345.0
안동_현지인,202409,임동면,35374.0
안동_현지인,202409,예안면,25372.0
안동_현지인,202409,도산면,44016.0
안동_현지인,202409,녹전면,24868.0
안동_현지인,202409,중구동,682532.0
안동_현지인,202409,명륜동,235980.0
안동_현지인,202409,용상동,725778.0
안동_현지인,202409,서구동,878686.0
안동_현지인,202409,태화동,457009.0
안동_현지인,202409,평화동,124012.0
안동_현지인,202409,안기동,120460.0
안동_현지인,202409,옥동,833388.0
안동_현지인,202409,송하동,393456.0
안동_현지인,202409,강남동,461128.0
안동_현지인,202410,풍산읍,256008.0
안동_현지인,202410,와룡면,101752.0
안동_현지인,202410,북후면,66140.0
안동_현지인,202410,서후면,206048.0
안동_현지인,202410,풍천면,138117.0
안동_현지인,202410,일직면,59038.0
안동_현지인,202410,남후면,79978.0
안동_현지인,202410,남선면,70294.0
안동_현지인,202410,임하면,67529.0
안동_현지인,202410,길안면,68684.0
안동_현지인,202410,임동면,36334.0
안동_현지인,202410,예안면,25956.0
안동_현지인,202410,도산면,52196.0
안동_현지인,202410,녹전면,24696.0
안동_현지인,202410,중구동,762884.0
안동_현지인,202410,명륜동,246152.0
안동_현지인,202410,용상동,759570.0
안동_현지인,202410,서구동,855778.0
안동_현지인,202410,태화동,478093.0
안동_현지인,202410,평화동,128636.0
안동_현지인,202410,안기동,122266.0
안동_현지인,202410,옥동,869642.0
안동_현지인,202410,송하동,412433.0
안동_현지인,202410,강남동,478373.0
안동_현지인,202411,풍산읍,272041.0
안동_현지인,202411,와룡면,89674.0
안동_현지인,202411,북후면,64508.0
안동_현지인,202411,서후면,209069.0
안동_현지인,202411,풍천면,127155.0
안동_현지인,202411,일직면,55167.0
안동_현지인,202411,남후면,74582.0
안동_현지인,202411,남선면,69730.0
안동_현지인,202411,임하면,65205.0
안동_현지인,202411,길안면,70592.0
안동_현지인,202411,임동면,34128.0
안동_현지인,202411,예안면,23786.0
안동_현지인,202411,도산면,48066.0
안동_현지인,202411,녹전면,24913.0
안동_현지인,202411,중구동,676459.0
안동_현지인,202411,명륜동,242326.0
안동_현지인,202411,용상동,769976.0
안동_현지인,202411,서구동,843297.0
안동_현지인,202411,태화동,467310.0
안동_현지인,202411,평화동,126098.0
안동_현지인,202411,안기동,119018.0
안동_현지인,202411,옥동,856457.0
안동_현지인,202411,송하동,411124.0
안동_현지인,202411,강남동,459690.0
안동_현지인,202412,풍산읍,251496.0
안동_현지인,202412,와룡면,77528.0
안동_현지인,202412,북후면,55128.0
안동_현지인,202412,서후면,193966.0
안동_현지인,202412,풍천면,126868.0
안동_현지인,202412,일직면,44720.0
안동_현지인,202412,남후면,68138.0
안동_현지인,202412,남선면,63738.0
안동_현지인,202412,임하면,55408.0
안동_현지인,202412,길안면,55794.0
안동_현지인,202412,임동면,27888.0
안동_현지인,202412,예안면,20349.0
안동_현지인,202412,도산면,37852.0
안동_현지인,202412,녹전면,18984.0
안동_현지인,202412,중구동,673778.0
안동_현지인,202412,명륜동,214722.0
안동_현지인,202412,용상동,765198.0
안동_현지인,202412,서구동,832626.0
안동_현지인,202412,태화동,476220.0
안동_현지인,202412,평화동,125377.0
안동_현지인,202412,안기동,124044.0
안동_현지인,202412,옥동,899588.0
안동_현지인,202412,송하동,408051.0
안동_현지인,202412,강남동,471958.0
안동_현지인,202501,풍산읍,239026.0
안동_현지인,202501,와룡면,75750.0
안동_현지인,202501,북후면,52006.0
안동_현지인,202501,서후면,178308.0
안동_현지인,202501,풍천면,110240.0
안동_현지인,202501,일직면,42000.0
안동_현지인,202501,남후면,82236.0
안동_현지인,202501,남선면,59448.0
안동_현지인,202501,임하면,53256.0
안동_현지인,202501,길안면,50362.0
안동_현지인,202501,임동면,26453.0
안동_현지인,202501,예안면,19131.0
안동_현지인,202501,도산면,32876.0
안동_현지인,202501,녹전면,19019.0
안동_현지인,202501,중구동,603673.0
안동_현지인,202501,명륜동,202696.0
안동_현지인,202501,용상동,677635.0
안동_현지인,202501,서구동,793454.0
안동_현지인,202501,태화동,463424.0
안동_현지인,202501,평화동,119452.0
안동_현지인,202501,안기동,132486.0
안동_현지인,202501,옥동,829910.0
안동_현지인,202501,송하동,380678.0
안동_현지인,202501,강남동,438476.0
안동_현지인,202502,풍산읍,221518.0
안동_현지인,202502,와룡면,69822.0
안동_현지인,202502,북후면,47534.0
안동_현지인,202502,서후면,168938.0
안동_현지인,202502,풍천면,108160.0
안동_현지인,202502,일직면,40120.0
안동_현지인,202502,남후면,64540.0
안동_현지인,202502,남선면,56938.0
안동_현지인,202502,임하면,47726.0
안동_현지인,202502,길안면,46392.0
안동_현지인,202502,임동면,25025.0
안동_현지인,202502,예안면,18277.0
안동_현지인,202502,도산면,30919.0
안동_현지인,202502,녹전면,17143.0
안동_현지인,202502,중구동,579831.0
안동_현지인,202502,명륜동,194621.0
안동_현지인,202502,용상동,629100.0
안동_현지인,202502,서구동,733736.0
안동_현지인,202502,태화동,434105.0
안동_현지인,202502,평화동,113690.0
안동_현지인,202502,안기동,112147.0
안동_현지인,202502,옥동,771869.0
안동_현지인,202502,송하동,358799.0
안동_현지인,202502,강남동,434032.0
안동_현지인,202503,풍산읍,250954.0
안동_현지인,202503,와룡면,84959.0
안동_현지인,202503,북후면,62660.0
안동_현지인,202503,서후면,194344.0
안동_현지인,202503,풍천면,125706.0
안동_현지인,202503,일직면,55786.0
안동_현지인,202503,남후면,77514.0
안동_현지인,202503,남선면,66486.0
안동_현지인,202503,임하면,67018.0
안동_현지인,202503,길안면,69853.0
안동_현지인,202503,임동면,36225.0
안동_현지인,202503,예안면,22564.0
안동_현지인,202503,도산면,39470.0
안동_현지인,202503,녹전면,21122.0
안동_현지인,202503,중구동,638806.0
안동_현지인,202503,명륜동,223486.0
안동_현지인,202503,용상동,726376.0
안동_현지인,202503,서구동,808006.0
안동_현지인,202503,태화동,504410.0
안동_현지인,202503,평화동,121961.0
안동_현지인,202503,안기동,124488.0
안동_현지인,202503,옥동,808990.0
안동_현지인,202503,송하동,408790.0
안동_현지인,202503,강남동,479952.0
안동_현지인,202504,풍산읍,257789.0
안동_현지인,202504,와룡면,96845.0
안동_현지인,202504,북후면,66210.0
안동_현지인,202504,서후면,201834.0
안동_현지인,202504,풍천면,131898.0
안동_현지인,202504,일직면,57589.0
안동_현지인,202504,남후면,79370.0
안동_현지인,202504,남선면,72012.0
안동_현지인,202504,임하면,72338.0
안동_현지인,202504,길안면,75274.0
안동_현지인,202504,임동면,36743.0
안동_현지인,202504,예안면,25935.0
안동_현지인,202504,도산면,45724.0
안동_현지인,202504,녹전면,24087.0
안동_현지인,202504,중구동,666382.0
안동_현지인,202504,명륜동,237548.0
안동_현지인,202504,용상동,730692.0
안동_현지인,202504,서구동,838940.0
안동_현지인,202504,태화동,503612.0
안동_현지인,202504,평화동,118748.0
안동_현지인,202504,안기동,122462.0
안동_현지인,202504,옥동,818276.0
안동_현지인,202504,송하동,405636.0
안동_현지인,202504,강남동,481894.0
안동_현지인,202505,풍산읍,273532.0
안동_현지인,202505,와룡면,109434.0
안동_현지인,202505,북후면,69055.0
안동_현지인,202505,서후면,215803.0
안동_현지인,202505,풍천면,141645.0
안동_현지인,202505,일직면,68576.0
안동_현지인,202505,남후면,86583.0
안동_현지인,202505,남선면,79734.0
안동_현지인,202505,임하면,79338.0
안동_현지인,202505,길안면,78470.0
안동_현지인,202505,임동면,38966.0
안동_현지인,202505,예안면,28973.0
안동_현지인,202505,도산면,57480.0
안동_현지인,202505,녹전면,24258.0
안동_현지인,202505,중구동,710594.0
안동_현지인,202505,명륜동,236156.0
안동_현지인,202505,용상동,800359.0
안동_현지인,202505,서구동,859148.0
안동_현지인,202505,태화동,514640.0
안동_현지인,202505,평화동,120550.0
안동_현지인,202505,안기동,127617.0
안동_현지인,202505,옥동,879728.0
안동_현지인,202505,송하동,419716.0
안동_현지인,202505,강남동,495292.0
안동_현지인,202506,풍산읍,266304.0
안동_현지인,202506,와룡면,102974.0
안동_현지인,202506,북후면,67700.0
안동_현지인,202506,서후면,198380.0
안동_현지인,202506,풍천면,139892.0
안동_현지인,202506,일직면,62752.0
안동_현지인,202506,남후면,89012.0
안동_현지인,202506,남선면,71792.0
안동_현지인,202506,임하면,71351.0
안동_현지인,202506,길안면,73336.0
안동_현지인,202506,임동면,37359.0
안동_현지인,202506,예안면,26047.0
안동_현지인,202506,도산면,41402.0
안동_현지인,202506,녹전면,23726.0
안동_현지인,202506,중구동,696258.0
안동_현지인,202506,명륜동,231500.0
안동_현지인,202506,용상동,795420.0
안동_현지인,202506,서구동,866590.0
안동_현지인,202506,태화동,520846.0
안동_현지인,202506,평화동,114684.0
안동_현지인,202506,안기동,119220.0
안동_현지인,202506,옥동,872322.0
안동_현지인,202506,송하동,428715.0
안동_현지인,202506,강남동,491082.0
안동_현지인,202507,풍산읍,273518.0
안동_현지인,202507,와룡면,98192.0
안동_현지인,202507,북후면,67417.0
안동_현지인,202507,서후면,189648.0
안동_현지인,202507,풍천면,147903.0
안동_현지인,202507,일직면,62584.0
안동_현지인,202507,남후면,86870.0
안동_현지인,202507,남선면,73280.0
안동_현지인,202507,임하면,71022.0
안동_현지인,202507,길안면,75733.0
안동_현지인,202507,임동면,37348.0
안동_현지인,202507,예안면,25190.0
안동_현지인,202507,도산면,45451.0
안동_현지인,202507,녹전면,22904.0
안동_현지인,202507,중구동,727612.0
안동_현지인,202507,명륜동,235011.0
안동_현지인,202507,용상동,757526.0
안동_현지인,202507,서구동,903312.0
안동_현지인,202507,태화동,538030.0
안동_현지인,202507,평화동,103184.0
안동_현지인,202507,안기동,123770.0
안동_현지인,202507,옥동,931896.0
안동_현지인,202507,송하동,452994.0
안동_현지인,202507,강남동,532686.0
안동_현지인,202508,풍산읍,271215.0
안동_현지인,202508,와룡면,103600.0
안동_현지인,202508,북후면,65082.0
안동_현지인,202508,서후면,170272.0
안동_현지인,202508,풍천면,143230.0
안동_현지인,202508,일직면,64334.0
안동_현지인,202508,남후면,85232.0
안동_현지인,202508,남선면,68614.0
안동_현지인,202508,임하면,69027.0
안동_현지인,202508,길안면,73269.0
안동_현지인,202508,임동면,36782.0
안동_현지인,202508,예안면,26142.0
안동_현지인,202508,도산면,48216.0
안동_현지인,202508,녹전면,23972.0
안동_현지인,202508,중구동,730418.0
안동_현지인,202508,명륜동,255675.0
안동_현지인,202508,용상동,745773.0
안동_현지인,202508,서구동,843700.0
안동_현지인,202508,태화동,530484.0
안동_현지인,202508,평화동,94322.0
안동_현지인,202508,안기동,122528.0
안동_현지인,202508,옥동,903385.0
안동_현지인,202508,송하동,426164.0
안동_현지인,202508,강남동,510668.0
안동_현지인,202509,풍산읍,288334.0
안동_현지인,202509,와룡면,100828.0
안동_현지인,202509,북후면,71785.0
안동_현지인,202509,서후면,190886.0
안동_현지인,202509,풍천면,157682.0
안동_현지인,202509,일직면,62608.0
안동_현지인,202509,남후면,80178.0
안동_현지인,202509,남선면,71950.0
안동_현지인,202509,임하면,69262.0
안동_현지인,202509,길안면,68957.0
안동_현지인,202509,임동면,35693.0
안동_현지인,202509,예안면,26306.0
안동_현지인,202509,도산면,45566.0
안동_현지인,202509,녹전면,22424.0
안동_현지인,202509,중구동,814450.0
안동_현지인,202509,명륜동,227798.0
안동_현지인,202509,용상동,771222.0
안동_현지인,202509,서구동,885122.0
안동_현지인,202509,태화동,558772.0
안동_현지인,202509,평화동,98360.0
안동_현지인,202509,안기동,126038.0
안동_현지인,202509,옥동,869022.0
안동_현지인,202509,송하동,431512.0
안동_현지인,202509,강남동,516726.0
안동_현지인,202510,풍산읍,275205.0
안동_현지인,202510,와룡면,106162.0
안동_현지인,202510,북후면,65964.0
안동_현지인,202510,서후면,198362.0
안동_현지인,202510,풍천면,143605.0
안동_현지인,202510,일직면,60809.0
안동_현지인,202510,남후면,82624.0
안동_현지인,202510,남선면,67218.0
안동_현지인,202510,임하면,74599.0
안동_현지인,202510,길안면,73430.0
안동_현지인,202510,임동면,38056.0
안동_현지인,202510,예안면,29022.0
안동_현지인,202510,도산면,50659.0
안동_현지인,202510,녹전면,26075.0
안동_현지인,202510,중구동,797356.0
안동_현지인,202510,명륜동,224332.0
안동_현지인,202510,용상동,751121.0
안동_현지인,202510,서구동,840154.0
안동_현지인,202510,태화동,525224.0
안동_현지인,202510,평화동,98889.0
안동_현지인,202510,안기동,123858.0
안동_현지인,202510,옥동,875896.0
안동_현지인,202510,송하동,422138.0
안동_현지인,202510,강남동,483525.0
안동_현지인,202511,풍산읍,291784.0
안동_현지인,202511,와룡면,97104.0
안동_현지인,202511,북후면,69814.0
안동_현지인,202511,서후면,217718.0
안동_현지인,202511,풍천면,149250.0
안동_현지인,202511,일직면,61450.0
안동_현지인,202511,남후면,81070.0
안동_현지인,202511,남선면,70735.0
안동_현지인,202511,임하면,73608.0
안동_현지인,202511,길안면,76626.0
안동_현지인,202511,임동면,36771.0
안동_현지인,202511,예안면,27146.0
안동_현지인,202511,도산면,52899.0
안동_현지인,202511,녹전면,24938.0
안동_현지인,202511,중구동,756060.0
안동_현지인,202511,명륜동,233642.0
안동_현지인,202511,용상동,799438.0
안동_현지인,202511,서구동,855869.0
안동_현지인,202511,태화동,526155.0
안동_현지인,202511,평화동,98542.0
안동_현지인,202511,안기동,123767.0
안동_현지인,202511,옥동,864370.0
안동_현지인,202511,송하동,458731.0
안동_현지인,202511,강남동,488176.0
안동_현지인,202512,풍산읍,276510.0
안동_현지인,202512,와룡면,83010.0
안동_현지인,202512,북후면,55755.0
안동_현지인,202512,서후면,202548.0
안동_현지인,202512,풍천면,130851.0
안동_현지인,202512,일직면,51912.0
안동_현지인,202512,남후면,72328.0
안동_현지인,202512,남선면,67182.0
안동_현지인,202512,임하면,63896.0
안동_현지인,202512,길안면,63539.0
안동_현지인,202512,임동면,29099.0
안동_현지인,202512,예안면,20730.0
안동_현지인,202512,도산면,41755.0
안동_현지인,202512,녹전면,20461.0
안동_현지인,202512,중구동,766283.0
안동_현지인,202512,명륜동,216097.0
안동_현지인,202512,용상동,783461.0
안동_현지인,202512,서구동,859456.0
안동_현지인,202512,태화동,544138.0
안동_현지인,202512,평화동,101714.0
안동_현지인,202512,안기동,124656.0
안동_현지인,202512,옥동,920031.0
안동_현지인,202512,송하동,448830.0
안동_현지인,202512,강남동,512466.0
안동_현지인,202601,풍산읍,264548.0
안동_현지인,202601,와룡면,79800.0
안동_현지인,202601,북후면,50376.0
안동_현지인,202601,서후면,183046.0
안동_현지인,202601,풍천면,126651.0
안동_현지인,202601,일직면,47890.0
안동_현지인,202601,남후면,69486.0
안동_현지인,202601,남선면,59846.0
안동_현지인,202601,임하면,58048.0
안동_현지인,202601,길안면,55223.0
안동_현지인,202601,임동면,28340.0
안동_현지인,202601,예안면,19092.0
안동_현지인,202601,도산면,37947.0
안동_현지인,202601,녹전면,18025.0
안동_현지인,202601,중구동,683890.0
안동_현지인,202601,명륜동,199238.0
안동_현지인,202601,용상동,713132.0
안동_현지인,202601,서구동,791332.0
안동_현지인,202601,태화동,497354.0
안동_현지인,202601,평화동,97122.0
안동_현지인,202601,안기동,119942.0
안동_현지인,202601,옥동,858844.0
안동_현지인,202601,송하동,423227.0
안동_현지인,202601,강남동,474789.0
안동_현지인,202602,풍산읍,235970.0
안동_현지인,202602,와룡면,79642.0
안동_현지인,202602,북후면,48489.0
안동_현지인,202602,서후면,167853.0
안동_현지인,202602,풍천면,117110.0
안동_현지인,202602,일직면,48136.0
안동_현지인,202602,남후면,66255.0
안동_현지인,202602,남선면,51902.0
안동_현지인,202602,임하면,58796.0
안동_현지인,202602,길안면,54456.0
안동_현지인,202602,임동면,28836.0
안동_현지인,202602,예안면,20370.0
안동_현지인,202602,도산면,34268.0
안동_현지인,202602,녹전면,19012.0
안동_현지인,202602,중구동,599319.0
안동_현지인,202602,명륜동,186452.0
안동_현지인,202602,용상동,635464.0
안동_현지인,202602,서구동,725050.0
안동_현지인,202602,태화동,439240.0
안동_현지인,202602,평화동,90198.0
안동_현지인,202602,안기동,108882.0
안동_현지인,202602,옥동,763154.0
안동_현지인,202602,송하동,376862.0
안동_현지인,202602,강남동,417764.0
안동_현지인,202603,풍산읍,279412.0
안동_현지인,202603,와룡면,93023.0
안동_현지인,202603,북후면,65548.0
안동_현지인,202603,서후면,210189.0
안동_현지인,202603,풍천면,151092.0
안동_현지인,202603,일직면,60018.0
안동_현지인,202603,남후면,78684.0
안동_현지인,202603,남선면,68726.0
안동_현지인,202603,임하면,79544.0
안동_현지인,202603,길안면,66164.0
안동_현지인,202603,임동면,33344.0
안동_현지인,202603,예안면,24297.0
안동_현지인,202603,도산면,54397.0
안동_현지인,202603,녹전면,23359.0
안동_현지인,202603,중구동,718218.0
안동_현지인,202603,명륜동,236229.0
안동_현지인,202603,용상동,764967.0
안동_현지인,202603,서구동,840826.0
안동_현지인,202603,태화동,549090.0
안동_현지인,202603,평화동,102610.0
안동_현지인,202603,안기동,128471.0
안동_현지인,202603,옥동,850230.0
안동_현지인,202603,송하동,443104.0
안동_현지인,202603,강남동,516593.0
안동_현지인,202604,풍산읍,276339.0
안동_현지인,202604,와룡면,99844.0
안동_현지인,202604,북후면,63206.0
안동_현지인,202604,서후면,204992.0
안동_현지인,202604,풍천면,164818.0
안동_현지인,202604,일직면,63735.0
안동_현지인,202604,남후면,78694.0
안동_현지인,202604,남선면,72478.0
안동_현지인,202604,임하면,83458.0
안동_현지인,202604,길안면,68866.0
안동_현지인,202604,임동면,36449.0
안동_현지인,202604,예안면,24941.0
안동_현지인,202604,도산면,44804.0
안동_현지인,202604,녹전면,24510.0
안동_현지인,202604,중구동,752346.0
안동_현지인,202604,명륜동,233040.0
안동_현지인,202604,용상동,737474.0
안동_현지인,202604,서구동,817936.0
안동_현지인,202604,태화동,518984.0
안동_현지인,202604,평화동,100572.0
안동_현지인,202604,안기동,121086.0
안동_현지인,202604,옥동,823742.0
안동_현지인,202604,송하동,415793.0
안동_현지인,202604,강남동,494918.0
안동_현지인,202605,풍산읍,288358.0
안동_현지인,202605,와룡면,111384.0
안동_현지인,202605,북후면,71460.0
안동_현지인,202605,서후면,224858.0
안동_현지인,202605,풍천면,182326.0
안동_현지인,202605,일직면,68124.0
안동_현지인,202605,남후면,89016.0
안동_현지인,202605,남선면,74000.0
안동_현지인,202605,임하면,75110.0
안동_현지인,202605,길안면,78284.0
안동_현지인,202605,임동면,38465.0
안동_현지인,202605,예안면,27286.0
안동_현지인,202605,도산면,51454.0
안동_현지인,202605,녹전면,26282.0
안동_현지인,202605,중구동,799614.0
안동_현지인,202605,명륜동,259273.0
안동_현지인,202605,용상동,831194.0
안동_현지인,202605,서구동,858868.0
안동_현지인,202605,태화동,531321.0
안동_현지인,202605,평화동,108252.0
안동_현지인,202605,안기동,132836.0
안동_현지인,202605,옥동,880624.0
안동_현지인,202605,송하동,433846.0
안동_현지인,202605,강남동,524447.0
안동_현지인,202606,풍산읍,291588.0
안동_현지인,202606,와룡면,101294.0
안동_현지인,202606,북후면,70644.0
안동_현지인,202606,서후면,212891.0
안동_현지인,202606,풍천면,188762.0
안동_현지인,202606,일직면,63508.0
안동_현지인,202606,남후면,82271.0
안동_현지인,202606,남선면,79814.0
안동_현지인,202606,임하면,76394.0
안동_현지인,202606,길안면,72600.0
안동_현지인,202606,임동면,35140.0
안동_현지인,202606,예안면,25746.0
안동_현지인,202606,도산면,45913.0
안동_현지인,202606,녹전면,25078.0
안동_현지인,202606,중구동,736043.0
안동_현지인,202606,명륜동,285348.0
안동_현지인,202606,용상동,806782.0
안동_현지인,202606,서구동,844316.0
안동_현지인,202606,태화동,534152.0
안동_현지인,202606,평화동,109158.0
안동_현지인,202606,안기동,127400.0
안동_현지인,202606,옥동,865333.0
안동_현지인,202606,송하동,472675.0
안동_현지인,202606,강남동,521944.0
안동_현지인,202607,풍산읍,280570.0
안동_현지인,202607,와룡면,101248.0
안동_현지인,202607,북후면,68313.0
안동_현지인,202607,서후면,190393.0
안동_현지인,202607,풍천면,182098.0
안동_현지인,202607,일직면,61922.0
안동_현지인,202607,남후면,79734.0
안동_현지인,202607,남선면,73773.0
안동_현지인,202607,임하면,71624.0
안동_현지인,202607,길안면,68414.0
안동_현지인,202607,임동면,33408.0
안동_현지인,202607,예안면,23527.0
안동_현지인,202607,도산면,46263.0
안동_현지인,202607,녹전면,23450.0
안동_현지인,202607,중구동,724206.0
안동_현지인,202607,명륜동,228022.0
안동_현지인,202607,용상동,764166.0
안동_현지인,202607,서구동,811825.0
안동_현지인,202607,태화동,521052.0
안동_현지인,202607,평화동,115518.0
안동_현지인,202607,안기동,131012.0
안동_현지인,202607,옥동,875714.0
안동_현지인,202607,송하동,491656.0
안동_현지인,202607,강남동,533074.0
안동_현지인,202608,풍산읍,283938.0
안동_현지인,202608,와룡면,104251.0
안동_현지인,202608,북후면,68512.0
안동_현지인,202608,서후면,176897.0
안동_현지인,202608,풍천면,183309.0
안동_현지인,202608,일직면,60448.0
안동_현지인,202608,남후면,83192.0
안동_현지인,202608,남선면,69674.0
안동_현지인,202608,임하면,69279.0
안동_현지인,202608,길안면,68929.0
안동_현지인,202608,임동면,32886.0
안동_현지인,202608,예안면,25624.0
안동_현지인,202608,도산면,45602.0
안동_현지인,202608,녹전면,23132.0
안동_현지인,202608,중구동,679147.0
안동_현지인,202608,명륜동,241710.0
안동_현지인,202608,용상동,749707.0
안동_현지인,202608,서구동,824572.0
안동_현지인,202608,태화동,506709.0
안동_현지인,202608,평화동,99274.0
안동_현지인,202608,안기동,126987.0
안동_현지인,202608,옥동,850920.0
안동_현지인,202608,송하동,412234.0
안동_현지인,202608,강남동,510864.0
예천_외지인,201801,예천읍,138492.0
예천_외지인,201801,용문면,16989.0
예천_외지인,201801,감천면,32032.0
예천_외지인,201801,보문면,12544.0
예천_외지인,201801,호명면,130442.0
예천_외지인,201801,유천면,11501.0
예천_외지인,201801,용궁면,44037.0
예천_외지인,201801,개포면,13258.0
예천_외지인,201801,지보면,25714.0
예천_외지인,201801,풍양면,23636.0
예천_외지인,201801,효자면,6850.0
예천_외지인,201801,은풍면,6202.0
예천_외지인,201802,예천읍,167024.0
예천_외지인,201802,용문면,29288.0
예천_외지인,201802,감천면,46190.0
예천_외지인,201802,보문면,20436.0
예천_외지인,201802,호명면,134029.0
예천_외지인,201802,유천면,19579.0
예천_외지인,201802,용궁면,54411.0
예천_외지인,201802,개포면,23776.0
예천_외지인,201802,지보면,38857.0
예천_외지인,201802,풍양면,36018.0
예천_외지인,201802,효자면,11872.0
예천_외지인,201802,은풍면,13048.0
예천_외지인,201803,예천읍,168161.0
예천_외지인,201803,용문면,18585.0
예천_외지인,201803,감천면,34184.0
예천_외지인,201803,보문면,18704.0
예천_외지인,201803,호명면,148320.0
예천_외지인,201803,유천면,16062.0
예천_외지인,201803,용궁면,51317.0
예천_외지인,201803,개포면,17048.0
예천_외지인,201803,지보면,31829.0
예천_외지인,201803,풍양면,32228.0
예천_외지인,201803,효자면,10829.0
예천_외지인,201803,은풍면,7592.0
예천_외지인,201804,예천읍,152128.0
예천_외지인,201804,용문면,22890.0
예천_외지인,201804,감천면,37328.0
예천_외지인,201804,보문면,23226.0
예천_외지인,201804,호명면,134589.0
예천_외지인,201804,유천면,17538.0
예천_외지인,201804,용궁면,60200.0
예천_외지인,201804,개포면,18354.0
예천_외지인,201804,지보면,37877.0
예천_외지인,201804,풍양면,38896.0
예천_외지인,201804,효자면,14998.0
예천_외지인,201804,은풍면,9236.0
예천_외지인,201805,예천읍,171314.0
예천_외지인,201805,용문면,26789.0
예천_외지인,201805,감천면,44079.0
예천_외지인,201805,보문면,27780.0
예천_외지인,201805,호명면,154147.0
예천_외지인,201805,유천면,20790.0
예천_외지인,201805,용궁면,67358.0
예천_외지인,201805,개포면,22365.0
예천_외지인,201805,지보면,42780.0
예천_외지인,201805,풍양면,44065.0
예천_외지인,201805,효자면,20016.0
예천_외지인,201805,은풍면,12894.0
예천_외지인,201806,예천읍,158396.0
예천_외지인,201806,용문면,21735.0
예천_외지인,201806,감천면,33243.0
예천_외지인,201806,보문면,22502.0
예천_외지인,201806,호명면,145904.0
예천_외지인,201806,유천면,19866.0
예천_외지인,201806,용궁면,56402.0
예천_외지인,201806,개포면,19344.0
예천_외지인,201806,지보면,38647.0
예천_외지인,201806,풍양면,38552.0
예천_외지인,201806,효자면,15421.0
예천_외지인,201806,은풍면,8858.0
예천_외지인,201807,예천읍,165865.0
예천_외지인,201807,용문면,23544.0
예천_외지인,201807,감천면,30530.0
예천_외지인,201807,보문면,22018.0
예천_외지인,201807,호명면,164822.0
예천_외지인,201807,유천면,17353.0
예천_외지인,201807,용궁면,53330.0
예천_외지인,201807,개포면,20324.0
예천_외지인,201807,지보면,34251.0
예천_외지인,201807,풍양면,32494.0
예천_외지인,201807,효자면,18252.0
예천_외지인,201807,은풍면,9688.0
예천_외지인,201808,예천읍,163132.0
예천_외지인,201808,용문면,23446.0
예천_외지인,201808,감천면,31962.0
예천_외지인,201808,보문면,23520.0
예천_외지인,201808,호명면,160853.0
예천_외지인,201808,유천면,18844.0
예천_외지인,201808,용궁면,62128.0
예천_외지인,201808,개포면,20559.0
예천_외지인,201808,지보면,37650.0
예천_외지인,201808,풍양면,40274.0
예천_외지인,201808,효자면,25417.0
예천_외지인,201808,은풍면,10748.0
예천_외지인,201809,예천읍,223898.0
예천_외지인,201809,용문면,39820.0
예천_외지인,201809,감천면,58380.0
예천_외지인,201809,보문면,34850.0
예천_외지인,201809,호명면,168798.0
예천_외지인,201809,유천면,31479.0
예천_외지인,201809,용궁면,81067.0
예천_외지인,201809,개포면,33796.0
예천_외지인,201809,지보면,61159.0
예천_외지인,201809,풍양면,63189.0
예천_외지인,201809,효자면,25606.0
예천_외지인,201809,은풍면,18028.0
예천_외지인,201810,예천읍,156387.0
예천_외지인,201810,용문면,23702.0
예천_외지인,201810,감천면,36995.0
예천_외지인,201810,보문면,24556.0
예천_외지인,201810,호명면,153164.0
예천_외지인,201810,유천면,18158.0
예천_외지인,201810,용궁면,63413.0
예천_외지인,201810,개포면,17406.0
예천_외지인,201810,지보면,37023.0
예천_외지인,201810,풍양면,43438.0
예천_외지인,201810,효자면,18260.0
예천_외지인,201810,은풍면,9720.0
예천_외지인,201811,예천읍,144232.0
예천_외지인,201811,용문면,24090.0
예천_외지인,201811,감천면,37950.0
예천_외지인,201811,보문면,25350.0
예천_외지인,201811,호명면,143367.0
예천_외지인,201811,유천면,20556.0
예천_외지인,201811,용궁면,54628.0
예천_외지인,201811,개포면,21147.0
예천_외지인,201811,지보면,37118.0
예천_외지인,201811,풍양면,37440.0
예천_외지인,201811,효자면,14598.0
예천_외지인,201811,은풍면,9768.0
예천_외지인,201812,예천읍,138470.0
예천_외지인,201812,용문면,15519.0
예천_외지인,201812,감천면,36547.0
예천_외지인,201812,보문면,17066.0
예천_외지인,201812,호명면,148698.0
예천_외지인,201812,유천면,16146.0
예천_외지인,201812,용궁면,50180.0
예천_외지인,201812,개포면,16289.0
예천_외지인,201812,지보면,29057.0
예천_외지인,201812,풍양면,30132.0
예천_외지인,201812,효자면,8883.0
예천_외지인,201812,은풍면,8334.0
예천_외지인,201901,예천읍,139268.0
예천_외지인,201901,용문면,14245.0
예천_외지인,201901,감천면,33386.0
예천_외지인,201901,보문면,13514.0
예천_외지인,201901,호명면,147630.0
예천_외지인,201901,유천면,27346.0
예천_외지인,201901,용궁면,49144.0
예천_외지인,201901,개포면,23832.0
예천_외지인,201901,지보면,27461.0
예천_외지인,201901,풍양면,27223.0
예천_외지인,201901,효자면,7200.0
예천_외지인,201901,은풍면,7738.0
예천_외지인,201902,예천읍,169788.0
예천_외지인,201902,용문면,25924.0
예천_외지인,201902,감천면,46868.0
예천_외지인,201902,보문면,22834.0
예천_외지인,201902,호명면,159096.0
예천_외지인,201902,유천면,29645.0
예천_외지인,201902,용궁면,61537.0
예천_외지인,201902,개포면,29844.0
예천_외지인,201902,지보면,43460.0
예천_외지인,201902,풍양면,38364.0
예천_외지인,201902,효자면,12512.0
예천_외지인,201902,은풍면,12649.0
예천_외지인,201903,예천읍,165588.0
예천_외지인,201903,용문면,18865.0
예천_외지인,201903,감천면,38262.0
예천_외지인,201903,보문면,21189.0
예천_외지인,201903,호명면,181920.0
예천_외지인,201903,유천면,16846.0
예천_외지인,201903,용궁면,56186.0
예천_외지인,201903,개포면,19852.0
예천_외지인,201903,지보면,34538.0
예천_외지인,201903,풍양면,30790.0
예천_외지인,201903,효자면,11725.0
예천_외지인,201903,은풍면,8138.0
예천_외지인,201904,예천읍,152173.0
예천_외지인,201904,용문면,22897.0
예천_외지인,201904,감천면,38633.0
예천_외지인,201904,보문면,25176.0
예천_외지인,201904,호명면,145282.0
예천_외지인,201904,유천면,20937.0
예천_외지인,201904,용궁면,56550.0
예천_외지인,201904,개포면,20776.0
예천_외지인,201904,지보면,37216.0
예천_외지인,201904,풍양면,32882.0
예천_외지인,201904,효자면,17566.0
예천_외지인,201904,은풍면,8550.0
예천_외지인,201905,예천읍,166274.0
예천_외지인,201905,용문면,26100.0
예천_외지인,201905,감천면,42854.0
예천_외지인,201905,보문면,28847.0
예천_외지인,201905,호명면,163398.0
예천_외지인,201905,유천면,28945.0
예천_외지인,201905,용궁면,63084.0
예천_외지인,201905,개포면,29519.0
예천_외지인,201905,지보면,42102.0
예천_외지인,201905,풍양면,41674.0
예천_외지인,201905,효자면,24276.0
예천_외지인,201905,은풍면,12176.0
예천_외지인,201906,예천읍,146503.0
예천_외지인,201906,용문면,20678.0
예천_외지인,201906,감천면,34608.0
예천_외지인,201906,보문면,23656.0
예천_외지인,201906,호명면,137263.0
예천_외지인,201906,유천면,23205.0
예천_외지인,201906,용궁면,59420.0
예천_외지인,201906,개포면,21172.0
예천_외지인,201906,지보면,37804.0
예천_외지인,201906,풍양면,36757.0
예천_외지인,201906,효자면,16762.0
예천_외지인,201906,은풍면,8550.0
예천_외지인,201907,예천읍,168294.0
예천_외지인,201907,용문면,21248.0
예천_외지인,201907,감천면,30384.0
예천_외지인,201907,보문면,23390.0
예천_외지인,201907,호명면,175105.0
예천_외지인,201907,유천면,24930.0
예천_외지인,201907,용궁면,66437.0
예천_외지인,201907,개포면,26719.0
예천_외지인,201907,지보면,37079.0
예천_외지인,201907,풍양면,34968.0
예천_외지인,201907,효자면,17524.0
예천_외지인,201907,은풍면,10164.0
예천_외지인,201908,예천읍,168752.0
예천_외지인,201908,용문면,28756.0
예천_외지인,201908,감천면,40960.0
예천_외지인,201908,보문면,29452.0
예천_외지인,201908,호명면,167615.0
예천_외지인,201908,유천면,25120.0
예천_외지인,201908,용궁면,73500.0
예천_외지인,201908,개포면,29043.0
예천_외지인,201908,지보면,44356.0
예천_외지인,201908,풍양면,43680.0
예천_외지인,201908,효자면,28077.0
예천_외지인,201908,은풍면,13762.0
예천_외지인,201909,예천읍,207182.0
예천_외지인,201909,용문면,35896.0
예천_외지인,201909,감천면,48220.0
예천_외지인,201909,보문면,30828.0
예천_외지인,201909,호명면,163023.0
예천_외지인,201909,유천면,28700.0
예천_외지인,201909,용궁면,76342.0
예천_외지인,201909,개포면,32042.0
예천_외지인,201909,지보면,52818.0
예천_외지인,201909,풍양면,64382.0
예천_외지인,201909,효자면,22292.0
예천_외지인,201909,은풍면,15442.0
예천_외지인,201910,예천읍,169866.0
예천_외지인,201910,용문면,24972.0
예천_외지인,201910,감천면,37821.0
예천_외지인,201910,보문면,26016.0
예천_외지인,201910,호명면,153265.0
예천_외지인,201910,유천면,21896.0
예천_외지인,201910,용궁면,70928.0
예천_외지인,201910,개포면,20758.0
예천_외지인,201910,지보면,40022.0
예천_외지인,201910,풍양면,47187.0
예천_외지인,201910,효자면,19394.0
예천_외지인,201910,은풍면,9258.0
예천_외지인,201911,예천읍,155978.0
예천_외지인,201911,용문면,24714.0
예천_외지인,201911,감천면,40926.0
예천_외지인,201911,보문면,25557.0
예천_외지인,201911,호명면,161966.0
예천_외지인,201911,유천면,24948.0
예천_외지인,201911,용궁면,62772.0
예천_외지인,201911,개포면,26663.0
예천_외지인,201911,지보면,41608.0
예천_외지인,201911,풍양면,42378.0
예천_외지인,201911,효자면,17000.0
예천_외지인,201911,은풍면,12649.0
예천_외지인,201912,예천읍,141278.0
예천_외지인,201912,용문면,15166.0
예천_외지인,201912,감천면,35914.0
예천_외지인,201912,보문면,17874.0
예천_외지인,201912,호명면,157444.0
예천_외지인,201912,유천면,18662.0
예천_외지인,201912,용궁면,51320.0
예천_외지인,201912,개포면,19586.0
예천_외지인,201912,지보면,31024.0
예천_외지인,201912,풍양면,31360.0
예천_외지인,201912,효자면,10342.0
예천_외지인,201912,은풍면,7438.0
예천_외지인,202001,예천읍,185731.0
예천_외지인,202001,용문면,27072.0
예천_외지인,202001,감천면,48464.0
예천_외지인,202001,보문면,22239.0
예천_외지인,202001,호명면,179344.0
예천_외지인,202001,유천면,26218.0
예천_외지인,202001,용궁면,62587.0
예천_외지인,202001,개포면,26747.0
예천_외지인,202001,지보면,43424.0
예천_외지인,202001,풍양면,44905.0
예천_외지인,202001,효자면,12380.0
예천_외지인,202001,은풍면,13982.0
예천_외지인,202002,예천읍,108090.0
예천_외지인,202002,용문면,12600.0
예천_외지인,202002,감천면,23758.0
예천_외지인,202002,보문면,13906.0
예천_외지인,202002,호명면,127946.0
예천_외지인,202002,유천면,17332.0
예천_외지인,202002,용궁면,35378.0
예천_외지인,202002,개포면,15348.0
예천_외지인,202002,지보면,22494.0
예천_외지인,202002,풍양면,24262.0
예천_외지인,202002,효자면,6870.0
예천_외지인,202002,은풍면,5481.0
예천_외지인,202003,예천읍,100776.0
예천_외지인,202003,용문면,15491.0
예천_외지인,202003,감천면,20223.0
예천_외지인,202003,보문면,15596.0
예천_외지인,202003,호명면,108220.0
예천_외지인,202003,유천면,19750.0
예천_외지인,202003,용궁면,36432.0
예천_외지인,202003,개포면,19016.0
예천_외지인,202003,지보면,24948.0
예천_외지인,202003,풍양면,27150.0
예천_외지인,202003,효자면,8326.0
예천_외지인,202003,은풍면,5624.0
예천_외지인,202004,예천읍,90573.0
예천_외지인,202004,용문면,18778.0
예천_외지인,202004,감천면,24521.0
예천_외지인,202004,보문면,19674.0
예천_외지인,202004,호명면,113922.0
예천_외지인,202004,유천면,15138.0
예천_외지인,202004,용궁면,37275.0
예천_외지인,202004,개포면,16482.0
예천_외지인,202004,지보면,32364.0
예천_외지인,202004,풍양면,33971.0
예천_외지인,202004,효자면,9632.0
예천_외지인,202004,은풍면,7332.0
예천_외지인,202005,예천읍,141166.0
예천_외지인,202005,용문면,24188.0
예천_외지인,202005,감천면,34800.0
예천_외지인,202005,보문면,26740.0
예천_외지인,202005,호명면,154441.0
예천_외지인,202005,유천면,22726.0
예천_외지인,202005,용궁면,58527.0
예천_외지인,202005,개포면,23110.0
예천_외지인,202005,지보면,45420.0
예천_외지인,202005,풍양면,49140.0
예천_외지인,202005,효자면,13254.0
예천_외지인,202005,은풍면,11669.0
예천_외지인,202006,예천읍,142919.0
예천_외지인,202006,용문면,21500.0
예천_외지인,202006,감천면,32316.0
예천_외지인,202006,보문면,24199.0
예천_외지인,202006,호명면,149331.0
예천_외지인,202006,유천면,19313.0
예천_외지인,202006,용궁면,52927.0
예천_외지인,202006,개포면,20710.0
예천_외지인,202006,지보면,36410.0
예천_외지인,202006,풍양면,41444.0
예천_외지인,202006,효자면,14987.0
예천_외지인,202006,은풍면,9940.0
예천_외지인,202007,예천읍,170222.0
예천_외지인,202007,용문면,21280.0
예천_외지인,202007,감천면,32676.0
예천_외지인,202007,보문면,25011.0
예천_외지인,202007,호명면,181755.0
예천_외지인,202007,유천면,21136.0
예천_외지인,202007,용궁면,60252.0
예천_외지인,202007,개포면,21343.0
예천_외지인,202007,지보면,33775.0
예천_외지인,202007,풍양면,43512.0
예천_외지인,202007,효자면,15120.0
예천_외지인,202007,은풍면,9754.0
예천_외지인,202008,예천읍,165466.0
예천_외지인,202008,용문면,29869.0
예천_외지인,202008,감천면,34836.0
예천_외지인,202008,보문면,32200.0
예천_외지인,202008,호명면,182564.0
예천_외지인,202008,유천면,29645.0
예천_외지인,202008,용궁면,68198.0
예천_외지인,202008,개포면,27660.0
예천_외지인,202008,지보면,38448.0
예천_외지인,202008,풍양면,52465.0
예천_외지인,202008,효자면,20993.0
예천_외지인,202008,은풍면,11998.0
예천_외지인,202009,예천읍,147780.0
예천_외지인,202009,용문면,24402.0
예천_외지인,202009,감천면,34489.0
예천_외지인,202009,보문면,28354.0
예천_외지인,202009,호명면,165858.0
예천_외지인,202009,유천면,27814.0
예천_외지인,202009,용궁면,57106.0
예천_외지인,202009,개포면,21700.0
예천_외지인,202009,지보면,39638.0
예천_외지인,202009,풍양면,48254.0
예천_외지인,202009,효자면,13363.0
예천_외지인,202009,은풍면,11708.0
예천_외지인,202010,예천읍,181408.0
예천_외지인,202010,용문면,33338.0
예천_외지인,202010,감천면,42102.0
예천_외지인,202010,보문면,34650.0
예천_외지인,202010,호명면,184247.0
예천_외지인,202010,유천면,26414.0
예천_외지인,202010,용궁면,78488.0
예천_외지인,202010,개포면,25966.0
예천_외지인,202010,지보면,50256.0
예천_외지인,202010,풍양면,63704.0
예천_외지인,202010,효자면,19260.0
예천_외지인,202010,은풍면,14637.0
예천_외지인,202011,예천읍,146139.0
예천_외지인,202011,용문면,23580.0
예천_외지인,202011,감천면,35126.0
예천_외지인,202011,보문면,25974.0
예천_외지인,202011,호명면,163016.0
예천_외지인,202011,유천면,23044.0
예천_외지인,202011,용궁면,56514.0
예천_외지인,202011,개포면,20408.0
예천_외지인,202011,지보면,37786.0
예천_외지인,202011,풍양면,42154.0
예천_외지인,202011,효자면,14224.0
예천_외지인,202011,은풍면,8995.0
예천_외지인,202012,예천읍,120953.0
예천_외지인,202012,용문면,13895.0
예천_외지인,202012,감천면,23460.0
예천_외지인,202012,보문면,15950.0
예천_외지인,202012,호명면,140455.0
예천_외지인,202012,유천면,25540.0
예천_외지인,202012,용궁면,39728.0
예천_외지인,202012,개포면,18942.0
예천_외지인,202012,지보면,26008.0
예천_외지인,202012,풍양면,31700.0
예천_외지인,202012,효자면,8491.0
예천_외지인,202012,은풍면,7508.0
예천_외지인,202101,예천읍,116560.0
예천_외지인,202101,용문면,15400.0
예천_외지인,202101,감천면,24286.0
예천_외지인,202101,보문면,14504.0
예천_외지인,202101,호명면,137907.0
예천_외지인,202101,유천면,14665.0
예천_외지인,202101,용궁면,44006.0
예천_외지인,202101,개포면,12831.0
예천_외지인,202101,지보면,26050.0
예천_외지인,202101,풍양면,31126.0
예천_외지인,202101,효자면,7066.0
예천_외지인,202101,은풍면,7206.0
예천_외지인,202102,예천읍,134634.0
예천_외지인,202102,용문면,21514.0
예천_외지인,202102,감천면,33859.0
예천_외지인,202102,보문면,21732.0
예천_외지인,202102,호명면,155113.0
예천_외지인,202102,유천면,20797.0
예천_외지인,202102,용궁면,58236.0
예천_외지인,202102,개포면,18260.0
예천_외지인,202102,지보면,39854.0
예천_외지인,202102,풍양면,46480.0
예천_외지인,202102,효자면,11602.0
예천_외지인,202102,은풍면,10479.0
예천_외지인,202103,예천읍,154136.0
예천_외지인,202103,용문면,19646.0
예천_외지인,202103,감천면,32784.0
예천_외지인,202103,보문면,22886.0
예천_외지인,202103,호명면,177961.0
예천_외지인,202103,유천면,22974.0
예천_외지인,202103,용궁면,54985.0
예천_외지인,202103,개포면,17101.0
예천_외지인,202103,지보면,36792.0
예천_외지인,202103,풍양면,42738.0
예천_외지인,202103,효자면,11756.0
예천_외지인,202103,은풍면,8810.0
예천_외지인,202104,예천읍,156821.0
예천_외지인,202104,용문면,25070.0
예천_외지인,202104,감천면,37870.0
예천_외지인,202104,보문면,30359.0
예천_외지인,202104,호명면,162578.0
예천_외지인,202104,유천면,24913.0
예천_외지인,202104,용궁면,66948.0
예천_외지인,202104,개포면,19943.0
예천_외지인,202104,지보면,53193.0
예천_외지인,202104,풍양면,50239.0
예천_외지인,202104,효자면,17017.0
예천_외지인,202104,은풍면,10462.0
예천_외지인,202105,예천읍,165624.0
예천_외지인,202105,용문면,28298.0
예천_외지인,202105,감천면,42256.0
예천_외지인,202105,보문면,30569.0
예천_외지인,202105,호명면,173992.0
예천_외지인,202105,유천면,30580.0
예천_외지인,202105,용궁면,74232.0
예천_외지인,202105,개포면,21900.0
예천_외지인,202105,지보면,51608.0
예천_외지인,202105,풍양면,60070.0
예천_외지인,202105,효자면,22046.0
예천_외지인,202105,은풍면,11522.0
예천_외지인,202106,예천읍,166282.0
예천_외지인,202106,용문면,23054.0
예천_외지인,202106,감천면,33372.0
예천_외지인,202106,보문면,27346.0
예천_외지인,202106,호명면,166040.0
예천_외지인,202106,유천면,23401.0
예천_외지인,202106,용궁면,58432.0
예천_외지인,202106,개포면,19166.0
예천_외지인,202106,지보면,42805.0
예천_외지인,202106,풍양면,50382.0
예천_외지인,202106,효자면,18806.0
예천_외지인,202106,은풍면,9793.0
예천_외지인,202107,예천읍,162942.0
예천_외지인,202107,용문면,24924.0
예천_외지인,202107,감천면,33764.0
예천_외지인,202107,보문면,28402.0
예천_외지인,202107,호명면,180408.0
예천_외지인,202107,유천면,22536.0
예천_외지인,202107,용궁면,54264.0
예천_외지인,202107,개포면,19722.0
예천_외지인,202107,지보면,37324.0
예천_외지인,202107,풍양면,45276.0
예천_외지인,202107,효자면,19568.0
예천_외지인,202107,은풍면,9618.0
예천_외지인,202108,예천읍,162932.0
예천_외지인,202108,용문면,26691.0
예천_외지인,202108,감천면,33848.0
예천_외지인,202108,보문면,28816.0
예천_외지인,202108,호명면,178580.0
예천_외지인,202108,유천면,23614.0
예천_외지인,202108,용궁면,64774.0
예천_외지인,202108,개포면,21217.0
예천_외지인,202108,지보면,39932.0
예천_외지인,202108,풍양면,52276.0
예천_외지인,202108,효자면,21298.0
예천_외지인,202108,은풍면,11130.0
예천_외지인,202109,예천읍,201576.0
예천_외지인,202109,용문면,35336.0
예천_외지인,202109,감천면,45784.0
예천_외지인,202109,보문면,34780.0
예천_외지인,202109,호명면,190704.0
예천_외지인,202109,유천면,31518.0
예천_외지인,202109,용궁면,73300.0
예천_외지인,202109,개포면,28990.0
예천_외지인,202109,지보면,56766.0
예천_외지인,202109,풍양면,68442.0
예천_외지인,202109,효자면,21420.0
예천_외지인,202109,은풍면,15544.0
예천_외지인,202110,예천읍,164934.0
예천_외지인,202110,용문면,26044.0
예천_외지인,202110,감천면,40296.0
예천_외지인,202110,보문면,32238.0
예천_외지인,202110,호명면,179494.0
예천_외지인,202110,유천면,23418.0
예천_외지인,202110,용궁면,76394.0
예천_외지인,202110,개포면,21438.0
예천_외지인,202110,지보면,45990.0
예천_외지인,202110,풍양면,58660.0
예천_외지인,202110,효자면,15194.0
예천_외지인,202110,은풍면,10899.0
예천_외지인,202111,예천읍,164262.0
예천_외지인,202111,용문면,24216.0
예천_외지인,202111,감천면,36169.0
예천_외지인,202111,보문면,29410.0
예천_외지인,202111,호명면,166484.0
예천_외지인,202111,유천면,24188.0
예천_외지인,202111,용궁면,59640.0
예천_외지인,202111,개포면,20976.0
예천_외지인,202111,지보면,43225.0
예천_외지인,202111,풍양면,46140.0
예천_외지인,202111,효자면,17514.0
예천_외지인,202111,은풍면,11039.0
예천_외지인,202112,예천읍,132640.0
예천_외지인,202112,용문면,16184.0
예천_외지인,202112,감천면,26156.0
예천_외지인,202112,보문면,19316.0
예천_외지인,202112,호명면,162309.0
예천_외지인,202112,유천면,19992.0
예천_외지인,202112,용궁면,44544.0
예천_외지인,202112,개포면,22082.0
예천_외지인,202112,지보면,31010.0
예천_외지인,202112,풍양면,33898.0
예천_외지인,202112,효자면,8708.0
예천_외지인,202112,은풍면,7976.0
예천_외지인,202201,예천읍,161056.0
예천_외지인,202201,용문면,20282.0
예천_외지인,202201,감천면,29463.0
예천_외지인,202201,보문면,20254.0
예천_외지인,202201,호명면,167584.0
예천_외지인,202201,유천면,22872.0
예천_외지인,202201,용궁면,52759.0
예천_외지인,202201,개포면,21504.0
예천_외지인,202201,지보면,37860.0
예천_외지인,202201,풍양면,43211.0
예천_외지인,202201,효자면,10762.0
예천_외지인,202201,은풍면,9762.0
예천_외지인,202202,예천읍,124940.0
예천_외지인,202202,용문면,17434.0
예천_외지인,202202,감천면,27010.0
예천_외지인,202202,보문면,18634.0
예천_외지인,202202,호명면,137858.0
예천_외지인,202202,유천면,19817.0
예천_외지인,202202,용궁면,43652.0
예천_외지인,202202,개포면,17164.0
예천_외지인,202202,지보면,31276.0
예천_외지인,202202,풍양면,36886.0
예천_외지인,202202,효자면,10549.0
예천_외지인,202202,은풍면,9048.0
예천_외지인,202203,예천읍,150280.0
예천_외지인,202203,용문면,16814.0
예천_외지인,202203,감천면,29200.0
예천_외지인,202203,보문면,21270.0
예천_외지인,202203,호명면,155085.0
예천_외지인,202203,유천면,21028.0
예천_외지인,202203,용궁면,46140.0
예천_외지인,202203,개포면,19719.0
예천_외지인,202203,지보면,31734.0
예천_외지인,202203,풍양면,36295.0
예천_외지인,202203,효자면,10584.0
예천_외지인,202203,은풍면,9524.0
예천_외지인,202204,예천읍,156121.0
예천_외지인,202204,용문면,26428.0
예천_외지인,202204,감천면,39288.0
예천_외지인,202204,보문면,31510.0
예천_외지인,202204,호명면,164462.0
예천_외지인,202204,유천면,26754.0
예천_외지인,202204,용궁면,57218.0
예천_외지인,202204,개포면,22544.0
예천_외지인,202204,지보면,43474.0
예천_외지인,202204,풍양면,50936.0
예천_외지인,202204,효자면,18498.0
예천_외지인,202204,은풍면,10406.0
예천_외지인,202205,예천읍,187306.0
예천_외지인,202205,용문면,29260.0
예천_외지인,202205,감천면,41780.0
예천_외지인,202205,보문면,34520.0
예천_외지인,202205,호명면,175826.0
예천_외지인,202205,유천면,28948.0
예천_외지인,202205,용궁면,66832.0
예천_외지인,202205,개포면,25960.0
예천_외지인,202205,지보면,49508.0
예천_외지인,202205,풍양면,57603.0
예천_외지인,202205,효자면,24350.0
예천_외지인,202205,은풍면,12012.0
예천_외지인,202206,예천읍,164199.0
예천_외지인,202206,용문면,22127.0
예천_외지인,202206,감천면,35231.0
예천_외지인,202206,보문면,27870.0
예천_외지인,202206,호명면,170510.0
예천_외지인,202206,유천면,22908.0
예천_외지인,202206,용궁면,56668.0
예천_외지인,202206,개포면,20318.0
예천_외지인,202206,지보면,40859.0
예천_외지인,202206,풍양면,47859.0
예천_외지인,202206,효자면,19450.0
예천_외지인,202206,은풍면,10542.0
예천_외지인,202207,예천읍,200697.0
예천_외지인,202207,용문면,26226.0
예천_외지인,202207,감천면,35469.0
예천_외지인,202207,보문면,31860.0
예천_외지인,202207,호명면,209436.0
예천_외지인,202207,유천면,28914.0
예천_외지인,202207,용궁면,61523.0
예천_외지인,202207,개포면,28682.0
예천_외지인,202207,지보면,43638.0
예천_외지인,202207,풍양면,50309.0
예천_외지인,202207,효자면,19467.0
예천_외지인,202207,은풍면,11501.0
예천_외지인,202208,예천읍,215285.0
예천_외지인,202208,용문면,28746.0
예천_외지인,202208,감천면,40582.0
예천_외지인,202208,보문면,33747.0
예천_외지인,202208,호명면,182539.0
예천_외지인,202208,유천면,26100.0
예천_외지인,202208,용궁면,80535.0
예천_외지인,202208,개포면,26124.0
예천_외지인,202208,지보면,45658.0
예천_외지인,202208,풍양면,55559.0
예천_외지인,202208,효자면,51188.0
예천_외지인,202208,은풍면,12008.0
예천_외지인,202209,예천읍,203046.0
예천_외지인,202209,용문면,34478.0
예천_외지인,202209,감천면,45157.0
예천_외지인,202209,보문면,35514.0
예천_외지인,202209,호명면,180264.0
예천_외지인,202209,유천면,31395.0
예천_외지인,202209,용궁면,75548.0
예천_외지인,202209,개포면,29424.0
예천_외지인,202209,지보면,54856.0
예천_외지인,202209,풍양면,70668.0
예천_외지인,202209,효자면,26726.0
예천_외지인,202209,은풍면,14682.0
예천_외지인,202210,예천읍,198240.0
예천_외지인,202210,용문면,33758.0
예천_외지인,202210,감천면,45518.0
예천_외지인,202210,보문면,34804.0
예천_외지인,202210,호명면,177639.0
예천_외지인,202210,유천면,26442.0
예천_외지인,202210,용궁면,85586.0
예천_외지인,202210,개포면,24126.0
예천_외지인,202210,지보면,51300.0
예천_외지인,202210,풍양면,64806.0
예천_외지인,202210,효자면,26548.0
예천_외지인,202210,은풍면,13248.0
예천_외지인,202211,예천읍,153786.0
예천_외지인,202211,용문면,24598.0
예천_외지인,202211,감천면,37866.0
예천_외지인,202211,보문면,27828.0
예천_외지인,202211,호명면,162260.0
예천_외지인,202211,유천면,24290.0
예천_외지인,202211,용궁면,61348.0
예천_외지인,202211,개포면,22211.0
예천_외지인,202211,지보면,44278.0
예천_외지인,202211,풍양면,46795.0
예천_외지인,202211,효자면,18546.0
예천_외지인,202211,은풍면,11134.0
예천_외지인,202212,예천읍,138432.0
예천_외지인,202212,용문면,31598.0
예천_외지인,202212,감천면,56998.0
예천_외지인,202212,보문면,27794.0
예천_외지인,202212,호명면,157776.0
예천_외지인,202212,유천면,31356.0
예천_외지인,202212,용궁면,52024.0
예천_외지인,202212,개포면,23142.0
예천_외지인,202212,지보면,52038.0
예천_외지인,202212,풍양면,44922.0
예천_외지인,202212,효자면,16376.0
예천_외지인,202212,은풍면,18014.0
예천_외지인,202301,예천읍,177202.0
예천_외지인,202301,용문면,32088.0
예천_외지인,202301,감천면,51898.0
예천_외지인,202301,보문면,28644.0
예천_외지인,202301,호명면,178808.0
예천_외지인,202301,유천면,27958.0
예천_외지인,202301,용궁면,68152.0
예천_외지인,202301,개포면,26100.0
예천_외지인,202301,지보면,56340.0
예천_외지인,202301,풍양면,48066.0
예천_외지인,202301,효자면,16930.0
예천_외지인,202301,은풍면,14273.0
예천_외지인,202302,예천읍,132524.0
예천_외지인,202302,용문면,19344.0
예천_외지인,202302,감천면,31920.0
예천_외지인,202302,보문면,18060.0
예천_외지인,202302,호명면,155939.0
예천_외지인,202302,유천면,20464.0
예천_외지인,202302,용궁면,49301.0
예천_외지인,202302,개포면,17356.0
예천_외지인,202302,지보면,35686.0
예천_외지인,202302,풍양면,37776.0
예천_외지인,202302,효자면,13780.0
예천_외지인,202302,은풍면,6968.0
예천_외지인,202303,예천읍,176348.0
예천_외지인,202303,용문면,23394.0
예천_외지인,202303,감천면,38532.0
예천_외지인,202303,보문면,25564.0
예천_외지인,202303,호명면,182556.0
예천_외지인,202303,유천면,26180.0
예천_외지인,202303,용궁면,61982.0
예천_외지인,202303,개포면,25977.0
예천_외지인,202303,지보면,40649.0
예천_외지인,202303,풍양면,51555.0
예천_외지인,202303,효자면,14822.0
예천_외지인,202303,은풍면,9212.0
예천_외지인,202304,예천읍,180450.0
예천_외지인,202304,용문면,30352.0
예천_외지인,202304,감천면,41272.0
예천_외지인,202304,보문면,32116.0
예천_외지인,202304,호명면,164094.0
예천_외지인,202304,유천면,28262.0
예천_외지인,202304,용궁면,74736.0
예천_외지인,202304,개포면,23359.0
예천_외지인,202304,지보면,51177.0
예천_외지인,202304,풍양면,56819.0
예천_외지인,202304,효자면,18546.0
예천_외지인,202304,은풍면,9751.0
예천_외지인,202305,예천읍,198247.0
예천_외지인,202305,용문면,26722.0
예천_외지인,202305,감천면,45314.0
예천_외지인,202305,보문면,35000.0
예천_외지인,202305,호명면,180226.0
예천_외지인,202305,유천면,29852.0
예천_외지인,202305,용궁면,71530.0
예천_외지인,202305,개포면,29771.0
예천_외지인,202305,지보면,49189.0
예천_외지인,202305,풍양면,59080.0
예천_외지인,202305,효자면,22764.0
예천_외지인,202305,은풍면,12624.0
예천_외지인,202306,예천읍,165382.0
예천_외지인,202306,용문면,24182.0
예천_외지인,202306,감천면,36778.0
예천_외지인,202306,보문면,30566.0
예천_외지인,202306,호명면,174626.0
예천_외지인,202306,유천면,26194.0
예천_외지인,202306,용궁면,63746.0
예천_외지인,202306,개포면,25634.0
예천_외지인,202306,지보면,43225.0
예천_외지인,202306,풍양면,52832.0
예천_외지인,202306,효자면,19876.0
예천_외지인,202306,은풍면,10028.0
예천_외지인,202307,예천읍,182234.0
예천_외지인,202307,용문면,24770.0
예천_외지인,202307,감천면,41226.0
예천_외지인,202307,보문면,30062.0
예천_외지인,202307,호명면,178770.0
예천_외지인,202307,유천면,27594.0
예천_외지인,202307,용궁면,56416.0
예천_외지인,202307,개포면,28430.0
예천_외지인,202307,지보면,35364.0
예천_외지인,202307,풍양면,44961.0
예천_외지인,202307,효자면,22908.0
예천_외지인,202307,은풍면,17062.0
예천_외지인,202308,예천읍,173008.0
예천_외지인,202308,용문면,24146.0
예천_외지인,202308,감천면,34044.0
예천_외지인,202308,보문면,29561.0
예천_외지인,202308,호명면,184440.0
예천_외지인,202308,유천면,22309.0
예천_외지인,202308,용궁면,52468.0
예천_외지인,202308,개포면,23502.0
예천_외지인,202308,지보면,34888.0
예천_외지인,202308,풍양면,45479.0
예천_외지인,202308,효자면,21346.0
예천_외지인,202308,은풍면,10794.0
예천_외지인,202309,예천읍,209419.0
예천_외지인,202309,용문면,37940.0
예천_외지인,202309,감천면,52038.0
예천_외지인,202309,보문면,41926.0
예천_외지인,202309,호명면,183362.0
예천_외지인,202309,유천면,33520.0
예천_외지인,202309,용궁면,72674.0
예천_외지인,202309,개포면,36138.0
예천_외지인,202309,지보면,59076.0
예천_외지인,202309,풍양면,74424.0
예천_외지인,202309,효자면,27076.0
예천_외지인,202309,은풍면,16023.0
예천_외지인,202310,예천읍,165760.0
예천_외지인,202310,용문면,31220.0
예천_외지인,202310,감천면,42336.0
예천_외지인,202310,보문면,36158.0
예천_외지인,202310,호명면,178322.0
예천_외지인,202310,유천면,25473.0
예천_외지인,202310,용궁면,67840.0
예천_외지인,202310,개포면,26691.0
예천_외지인,202310,지보면,47582.0
예천_외지인,202310,풍양면,62542.0
예천_외지인,202310,효자면,23660.0
예천_외지인,202310,은풍면,11403.0
예천_외지인,202311,예천읍,166800.0
예천_외지인,202311,용문면,26380.0
예천_외지인,202311,감천면,40922.0
예천_외지인,202311,보문면,27436.0
예천_외지인,202311,호명면,159509.0
예천_외지인,202311,유천면,24546.0
예천_외지인,202311,용궁면,50320.0
예천_외지인,202311,개포면,27198.0
예천_외지인,202311,지보면,43376.0
예천_외지인,202311,풍양면,44541.0
예천_외지인,202311,효자면,16314.0
예천_외지인,202311,은풍면,9758.0
예천_외지인,202312,예천읍,144487.0
예천_외지인,202312,용문면,19218.0
예천_외지인,202312,감천면,36656.0
예천_외지인,202312,보문면,21018.0
예천_외지인,202312,호명면,167489.0
예천_외지인,202312,유천면,18347.0
예천_외지인,202312,용궁면,45696.0
예천_외지인,202312,개포면,21514.0
예천_외지인,202312,지보면,33408.0
예천_외지인,202312,풍양면,35987.0
예천_외지인,202312,효자면,10070.0
예천_외지인,202312,은풍면,8015.0
예천_외지인,202401,예천읍,138974.0
예천_외지인,202401,용문면,16194.0
예천_외지인,202401,감천면,32564.0
예천_외지인,202401,보문면,17532.0
예천_외지인,202401,호명면,164616.0
예천_외지인,202401,유천면,17164.0
예천_외지인,202401,용궁면,45840.0
예천_외지인,202401,개포면,19856.0
예천_외지인,202401,지보면,29908.0
예천_외지인,202401,풍양면,34062.0
예천_외지인,202401,효자면,8278.0
예천_외지인,202401,은풍면,6604.0
예천_외지인,202402,예천읍,176158.0
예천_외지인,202402,용문면,25011.0
예천_외지인,202402,감천면,44622.0
예천_외지인,202402,보문면,28984.0
예천_외지인,202402,호명면,189004.0
예천_외지인,202402,유천면,24980.0
예천_외지인,202402,용궁면,56382.0
예천_외지인,202402,개포면,32176.0
예천_외지인,202402,지보면,44566.0
예천_외지인,202402,풍양면,47432.0
예천_외지인,202402,효자면,14238.0
예천_외지인,202402,은풍면,11532.0
예천_외지인,202403,예천읍,166691.0
예천_외지인,202403,호명읍,181286.0
예천_외지인,202403,용문면,25557.0
예천_외지인,202403,감천면,40824.0
예천_외지인,202403,보문면,27892.0
예천_외지인,202403,유천면,22421.0
예천_외지인,202403,용궁면,52916.0
예천_외지인,202403,개포면,26439.0
예천_외지인,202403,지보면,38426.0
예천_외지인,202403,풍양면,45098.0
예천_외지인,202403,효자면,13636.0
예천_외지인,202403,은풍면,9506.0
예천_외지인,202404,예천읍,175788.0
예천_외지인,202404,호명읍,167146.0
예천_외지인,202404,용문면,28602.0
예천_외지인,202404,감천면,42819.0
예천_외지인,202404,보문면,35140.0
예천_외지인,202404,유천면,26250.0
예천_외지인,202404,용궁면,67081.0
예천_외지인,202404,개포면,25347.0
예천_외지인,202404,지보면,56262.0
예천_외지인,202404,풍양면,54036.0
예천_외지인,202404,효자면,18420.0
예천_외지인,202404,은풍면,10420.0
예천_외지인,202405,예천읍,193984.0
예천_외지인,202405,호명읍,173880.0
예천_외지인,202405,용문면,29729.0
예천_외지인,202405,감천면,46690.0
예천_외지인,202405,보문면,33299.0
예천_외지인,202405,유천면,25956.0
예천_외지인,202405,용궁면,64953.0
예천_외지인,202405,개포면,32067.0
예천_외지인,202405,지보면,53893.0
예천_외지인,202405,풍양면,58356.0
예천_외지인,202405,효자면,24454.0
예천_외지인,202405,은풍면,13682.0
예천_외지인,202406,예천읍,168224.0
예천_외지인,202406,호명읍,167699.0
예천_외지인,202406,용문면,26236.0
예천_외지인,202406,감천면,40688.0
예천_외지인,202406,보문면,29726.0
예천_외지인,202406,유천면,22806.0
예천_외지인,202406,용궁면,56508.0
예천_외지인,202406,개포면,25420.0
예천_외지인,202406,지보면,45616.0
예천_외지인,202406,풍양면,51681.0
예천_외지인,202406,효자면,20752.0
예천_외지인,202406,은풍면,11602.0
예천_외지인,202407,예천읍,162494.0
예천_외지인,202407,호명읍,174076.0
예천_외지인,202407,용문면,21662.0
예천_외지인,202407,감천면,33691.0
예천_외지인,202407,보문면,25011.0
예천_외지인,202407,유천면,20842.0
예천_외지인,202407,용궁면,47730.0
예천_외지인,202407,개포면,24843.0
예천_외지인,202407,지보면,33943.0
예천_외지인,202407,풍양면,40649.0
예천_외지인,202407,효자면,18151.0
예천_외지인,202407,은풍면,8526.0
예천_외지인,202408,예천읍,186266.0
예천_외지인,202408,호명읍,179428.0
예천_외지인,202408,용문면,27920.0
예천_외지인,202408,감천면,34762.0
예천_외지인,202408,보문면,29036.0
예천_외지인,202408,유천면,22698.0
예천_외지인,202408,용궁면,55800.0
예천_외지인,202408,개포면,28602.0
예천_외지인,202408,지보면,39732.0
예천_외지인,202408,풍양면,45668.0
예천_외지인,202408,효자면,35340.0
예천_외지인,202408,은풍면,12232.0
예천_외지인,202409,예천읍,224598.0
예천_외지인,202409,호명읍,191138.0
예천_외지인,202409,용문면,37758.0
예천_외지인,202409,감천면,50253.0
예천_외지인,202409,보문면,36540.0
예천_외지인,202409,유천면,33828.0
예천_외지인,202409,용궁면,76646.0
예천_외지인,202409,개포면,37306.0
예천_외지인,202409,지보면,57194.0
예천_외지인,202409,풍양면,70980.0
예천_외지인,202409,효자면,26604.0
예천_외지인,202409,은풍면,16110.0
예천_외지인,202410,예천읍,170898.0
예천_외지인,202410,호명읍,169144.0
예천_외지인,202410,용문면,30233.0
예천_외지인,202410,감천면,45490.0
예천_외지인,202410,보문면,31549.0
예천_외지인,202410,유천면,24255.0
예천_외지인,202410,용궁면,67508.0
예천_외지인,202410,개포면,24882.0
예천_외지인,202410,지보면,43904.0
예천_외지인,202410,풍양면,55202.0
예천_외지인,202410,효자면,21889.0
예천_외지인,202410,은풍면,11238.0
예천_외지인,202411,예천읍,167300.0
예천_외지인,202411,호명읍,163824.0
예천_외지인,202411,용문면,29967.0
예천_외지인,202411,감천면,44146.0
예천_외지인,202411,보문면,32372.0
예천_외지인,202411,유천면,24812.0
예천_외지인,202411,용궁면,59294.0
예천_외지인,202411,개포면,26040.0
예천_외지인,202411,지보면,47705.0
예천_외지인,202411,풍양면,48570.0
예천_외지인,202411,효자면,18403.0
예천_외지인,202411,은풍면,13024.0
예천_외지인,202412,예천읍,141984.0
예천_외지인,202412,호명읍,162162.0
예천_외지인,202412,용문면,17210.0
예천_외지인,202412,감천면,39305.0
예천_외지인,202412,보문면,19708.0
예천_외지인,202412,유천면,20916.0
예천_외지인,202412,용궁면,45542.0
예천_외지인,202412,개포면,25018.0
예천_외지인,202412,지보면,31654.0
예천_외지인,202412,풍양면,35777.0
예천_외지인,202412,효자면,8771.0
예천_외지인,202412,은풍면,8729.0
예천_외지인,202501,예천읍,190348.0
예천_외지인,202501,호명읍,183582.0
예천_외지인,202501,용문면,25606.0
예천_외지인,202501,감천면,46711.0
예천_외지인,202501,보문면,25634.0
예천_외지인,202501,유천면,25508.0
예천_외지인,202501,용궁면,62080.0
예천_외지인,202501,개포면,31070.0
예천_외지인,202501,지보면,40565.0
예천_외지인,202501,풍양면,43074.0
예천_외지인,202501,효자면,11823.0
예천_외지인,202501,은풍면,12201.0
예천_외지인,202502,예천읍,133665.0
예천_외지인,202502,호명읍,153314.0
예천_외지인,202502,용문면,14518.0
예천_외지인,202502,감천면,30846.0
예천_외지인,202502,보문면,17766.0
예천_외지인,202502,유천면,15670.0
예천_외지인,202502,용궁면,43452.0
예천_외지인,202502,개포면,15502.0
예천_외지인,202502,지보면,26439.0
예천_외지인,202502,풍양면,27328.0
예천_외지인,202502,효자면,8544.0
예천_외지인,202502,은풍면,6290.0
예천_외지인,202503,예천읍,170884.0
예천_외지인,202503,호명읍,181153.0
예천_외지인,202503,용문면,22582.0
예천_외지인,202503,감천면,42616.0
예천_외지인,202503,보문면,27024.0
예천_외지인,202503,유천면,23866.0
예천_외지인,202503,용궁면,57239.0
예천_외지인,202503,개포면,32053.0
예천_외지인,202503,지보면,38832.0
예천_외지인,202503,풍양면,42200.0
예천_외지인,202503,효자면,12852.0
예천_외지인,202503,은풍면,11372.0
예천_외지인,202504,예천읍,177320.0
예천_외지인,202504,호명읍,165571.0
예천_외지인,202504,용문면,27468.0
예천_외지인,202504,감천면,44072.0
예천_외지인,202504,보문면,30292.0
예천_외지인,202504,유천면,24276.0
예천_외지인,202504,용궁면,61474.0
예천_외지인,202504,개포면,25312.0
예천_외지인,202504,지보면,52706.0
예천_외지인,202504,풍양면,50561.0
예천_외지인,202504,효자면,15827.0
예천_외지인,202504,은풍면,10752.0
예천_외지인,202505,예천읍,201299.0
예천_외지인,202505,호명읍,191464.0
예천_외지인,202505,용문면,35228.0
예천_외지인,202505,감천면,50134.0
예천_외지인,202505,보문면,36348.0
예천_외지인,202505,유천면,29477.0
예천_외지인,202505,용궁면,73756.0
예천_외지인,202505,개포면,32508.0
예천_외지인,202505,지보면,59314.0
예천_외지인,202505,풍양면,63024.0
예천_외지인,202505,효자면,25347.0
예천_외지인,202505,은풍면,13671.0
예천_외지인,202506,예천읍,181234.0
예천_외지인,202506,호명읍,167786.0
예천_외지인,202506,용문면,27139.0
예천_외지인,202506,감천면,40142.0
예천_외지인,202506,보문면,29088.0
예천_외지인,202506,유천면,24304.0
예천_외지인,202506,용궁면,57708.0
예천_외지인,202506,개포면,28035.0
예천_외지인,202506,지보면,41741.0
예천_외지인,202506,풍양면,51698.0
예천_외지인,202506,효자면,18414.0
예천_외지인,202506,은풍면,10328.0
예천_외지인,202507,예천읍,180968.0
예천_외지인,202507,호명읍,190071.0
예천_외지인,202507,용문면,24129.0
예천_외지인,202507,감천면,36666.0
예천_외지인,202507,보문면,27352.0
예천_외지인,202507,유천면,23222.0
예천_외지인,202507,용궁면,50876.0
예천_외지인,202507,개포면,28732.0
예천_외지인,202507,지보면,35427.0
예천_외지인,202507,풍양면,43278.0
예천_외지인,202507,효자면,17720.0
예천_외지인,202507,은풍면,11330.0
예천_외지인,202508,예천읍,196452.0
예천_외지인,202508,호명읍,195153.0
예천_외지인,202508,용문면,28273.0
예천_외지인,202508,감천면,34332.0
예천_외지인,202508,보문면,30359.0
예천_외지인,202508,유천면,22950.0
예천_외지인,202508,용궁면,62076.0
예천_외지인,202508,개포면,30086.0
예천_외지인,202508,지보면,39809.0
예천_외지인,202508,풍양면,48884.0
예천_외지인,202508,효자면,25431.0
예천_외지인,202508,은풍면,10878.0
예천_외지인,202509,예천읍,197246.0
예천_외지인,202509,호명읍,187740.0
예천_외지인,202509,용문면,27811.0
예천_외지인,202509,감천면,40964.0
예천_외지인,202509,보문면,29708.0
예천_외지인,202509,유천면,28242.0
예천_외지인,202509,용궁면,62002.0
예천_외지인,202509,개포면,29278.0
예천_외지인,202509,지보면,42273.0
예천_외지인,202509,풍양면,50225.0
예천_외지인,202509,효자면,20416.0
예천_외지인,202509,은풍면,11512.0
예천_외지인,202510,예천읍,230520.0
예천_외지인,202510,호명읍,214624.0
예천_외지인,202510,용문면,42175.0
예천_외지인,202510,감천면,58222.0
예천_외지인,202510,보문면,44524.0
예천_외지인,202510,유천면,35228.0
예천_외지인,202510,용궁면,88886.0
예천_외지인,202510,개포면,38535.0
예천_외지인,202510,지보면,61610.0
예천_외지인,202510,풍양면,79404.0
예천_외지인,202510,효자면,28704.0
예천_외지인,202510,은풍면,17262.0
예천_외지인,202511,예천읍,186840.0
예천_외지인,202511,호명읍,184586.0
예천_외지인,202511,용문면,32042.0
예천_외지인,202511,감천면,45622.0
예천_외지인,202511,보문면,29568.0
예천_외지인,202511,유천면,24738.0
예천_외지인,202511,용궁면,62433.0
예천_외지인,202511,개포면,26190.0
예천_외지인,202511,지보면,45486.0
예천_외지인,202511,풍양면,49728.0
예천_외지인,202511,효자면,18823.0
예천_외지인,202511,은풍면,10990.0
예천_외지인,202512,예천읍,155043.0
예천_외지인,202512,호명읍,171570.0
예천_외지인,202512,용문면,17812.0
예천_외지인,202512,감천면,37636.0
예천_외지인,202512,보문면,20265.0
예천_외지인,202512,유천면,20552.0
예천_외지인,202512,용궁면,48346.0
예천_외지인,202512,개포면,25764.0
예천_외지인,202512,지보면,30272.0
예천_외지인,202512,풍양면,33058.0
예천_외지인,202512,효자면,9188.0
예천_외지인,202512,은풍면,8082.0
예천_외지인,202601,예천읍,150220.0
예천_외지인,202601,호명읍,164294.0
예천_외지인,202601,용문면,15732.0
예천_외지인,202601,감천면,36712.0
예천_외지인,202601,보문면,16852.0
예천_외지인,202601,유천면,21581.0
예천_외지인,202601,용궁면,49224.0
예천_외지인,202601,개포면,23320.0
예천_외지인,202601,지보면,27996.0
예천_외지인,202601,풍양면,31028.0
예천_외지인,202601,효자면,7802.0
예천_외지인,202601,은풍면,6912.0
예천_외지인,202602,예천읍,173614.0
예천_외지인,202602,호명읍,179904.0
예천_외지인,202602,용문면,24840.0
예천_외지인,202602,감천면,46092.0
예천_외지인,202602,보문면,26086.0
예천_외지인,202602,유천면,27408.0
예천_외지인,202602,용궁면,61904.0
예천_외지인,202602,개포면,27153.0
예천_외지인,202602,지보면,42210.0
예천_외지인,202602,풍양면,44142.0
예천_외지인,202602,효자면,13416.0
예천_외지인,202602,은풍면,12250.0
예천_외지인,202603,예천읍,175630.0
예천_외지인,202603,호명읍,194327.0
예천_외지인,202603,용문면,22617.0
예천_외지인,202603,감천면,42175.0
예천_외지인,202603,보문면,25305.0
예천_외지인,202603,유천면,23062.0
예천_외지인,202603,용궁면,59962.0
예천_외지인,202603,개포면,25725.0
예천_외지인,202603,지보면,38580.0
예천_외지인,202603,풍양면,44646.0
예천_외지인,202603,효자면,13184.0
예천_외지인,202603,은풍면,9023.0
예천_외지인,202604,예천읍,187677.0
예천_외지인,202604,호명읍,168312.0
예천_외지인,202604,용문면,27304.0
예천_외지인,202604,감천면,42990.0
예천_외지인,202604,보문면,31216.0
예천_외지인,202604,유천면,27668.0
예천_외지인,202604,용궁면,82162.0
예천_외지인,202604,개포면,26870.0
예천_외지인,202604,지보면,55472.0
예천_외지인,202604,풍양면,53638.0
예천_외지인,202604,효자면,15134.0
예천_외지인,202604,은풍면,10794.0
예천_외지인,202605,예천읍,195632.0
예천_외지인,202605,호명읍,190421.0
예천_외지인,202605,용문면,33117.0
예천_외지인,202605,감천면,49228.0
예천_외지인,202605,보문면,34702.0
예천_외지인,202605,유천면,29096.0
예천_외지인,202605,용궁면,88599.0
예천_외지인,202605,개포면,31840.0
예천_외지인,202605,지보면,62881.0
예천_외지인,202605,풍양면,63056.0
예천_외지인,202605,효자면,23552.0
예천_외지인,202605,은풍면,12268.0
예천_외지인,202606,예천읍,175354.0
예천_외지인,202606,호명읍,181794.0
예천_외지인,202606,용문면,22260.0
예천_외지인,202606,감천면,37205.0
예천_외지인,202606,보문면,27114.0
예천_외지인,202606,유천면,23944.0
예천_외지인,202606,용궁면,58849.0
예천_외지인,202606,개포면,25484.0
예천_외지인,202606,지보면,40698.0
예천_외지인,202606,풍양면,44244.0
예천_외지인,202606,효자면,14948.0
예천_외지인,202606,은풍면,9506.0
예천_외지인,202607,예천읍,168214.0
예천_외지인,202607,호명읍,188811.0
예천_외지인,202607,용문면,22708.0
예천_외지인,202607,감천면,35704.0
예천_외지인,202607,보문면,26792.0
예천_외지인,202607,유천면,23849.0
예천_외지인,202607,용궁면,58436.0
예천_외지인,202607,개포면,30110.0
예천_외지인,202607,지보면,34986.0
예천_외지인,202607,풍양면,37894.0
예천_외지인,202607,효자면,15799.0
예천_외지인,202607,은풍면,9348.0
예천_외지인,202608,예천읍,177940.0
예천_외지인,202608,호명읍,196357.0
예천_외지인,202608,용문면,24286.0
예천_외지인,202608,감천면,32256.0
예천_외지인,202608,보문면,29211.0
예천_외지인,202608,유천면,24451.0
예천_외지인,202608,용궁면,67798.0
예천_외지인,202608,개포면,27590.0
예천_외지인,202608,지보면,37618.0
예천_외지인,202608,풍양면,40310.0
예천_외지인,202608,효자면,22698.0
예천_외지인,202608,은풍면,9572.0
