식당인증,체험결제,체험추가소비,지표1_원,지표1_증가율,이동인원,팝업구매,팝업추가소비,지표2_강남동증가율,추가소비합,팝업총지출,주민증월이용_증가율
3710.720530512425,130.3973847231971,591119.7709701094,152.7171645928379,0.0003301942953151116,648.952294319849,3776.904106987202,7407944.044089361,0.0006764603837215228,7999063.81505947,24512203.202230975,0.5226366944383697
2032.1723588057673,1142.3691469978962,6224927.948573438,153.1976061995087,0.0034771899000978213,332.46315686241263,2979.392114493358,12663720.964318488,0.0011563944721883,18888648.912891924,34859786.89715564,0.2862214589867278
2410.4578605252927,142.54486016084974,399269.13342479523,152.70080389583907,0.00022302821970554554,367.4479204995178,2837.3032701200295,14094189.106666313,0.0012870184378547382,14493458.240091108,25159147.641308203,0.33950110711623843
1097.9812432927085,436.29276260155564,5846533.101900357,153.16533732872708,0.003265821873034813,172.59505074518043,3994.6356510649584,30165629.447833218,0.0027545906327092083,36012162.54973357,56277137.14274588,0.1546452455341843
3340.776274775204,1534.6731119362048,2553028.0331061888,152.88447280211426,0.0014260989628671616,525.3270602665885,4855.488231554312,15124388.981713023,0.0013810916920041123,17677417.014819212,45457771.71991936,0.47053186968664845
2185.0158136836367,61.15935152462538,70793.96062682892,152.67279209018375,3.9544882593611774e-05,316.2307558766109,5061.705886738024,16144452.540166982,0.0014742393429670903,16215246.500793811,41841884.787945285,0.3077487061526249
1802.5977924620242,1001.3676957698226,8043426.496903547,153.3526846716089,0.004492987165196416,261.77181961663274,3511.573544744992,15163359.950940097,0.0013846503469616077,23206786.447843645,47194124.35746964,0.2538870130228203
1669.8809000776616,180.58779238053066,1799707.978052735,152.82023094542024,0.00100530101811791,260.8346247417706,1918.1944714825406,6401423.985294653,0.0005845494646941402,8201131.963347388,16058425.029139174,0.23519449296868475
1515.06055275607,282.9659910714183,324979.38378588366,152.69446859198234,0.00018153062017356447,239.49937509056952,1523.4776806069647,7838312.504322501,0.0007157597105007571,8163291.888108385,20474922.19605948,0.21338881024733378
4031.324473032602,1802.4892461972756,16194866.752544237,154.0478256720906,0.009046309864242374,618.8240945746596,4561.6955888376915,31227661.91689725,0.0028515706972550505,47422528.669441484,52134598.248777166,0.5677921793003664
3636.0505271813454,803.7912347782346,6475195.204444432,153.21894856664605,0.003616986983956405,555.6978087935825,3915.929050800545,15930973.760638354,0.0014547454137126491,22406168.965082787,49439347.641187586,0.5121197925607529
3360.761613850426,190.8290557196622,651652.1295215063,152.72232668971466,0.0003640071374109155,570.4835263549408,2663.3743200383037,1954897.6769308143,0.00017851252990066187,2606549.8064523204,5724699.741120954,0.4733467061761163
2833.6004767492386,698.3264646866103,3676348.6611299366,152.9802676801649,0.002053575967357002,438.48517902876983,5659.801348419893,7871937.710049914,0.0007188302141970196,11548286.37117985,14952832.111421097,0.39909865869707584
2765.6637753059726,890.9815305359521,5467299.598112771,153.13299693868905,0.0030539853794973038,479.687428651902,2673.248745156063,16326740.420364441,0.0014908850585195104,21794040.018477213,39910445.47866239,0.38953010919802433
3861.758343920132,1240.1636975661088,18996127.46427513,154.28671243475995,0.010611069414046215,640.8692329769875,4255.5019775683495,22828152.135256015,0.0020845649563713555,41824279.599531144,34277767.88294174,0.543909625904244
3177.8079515154427,779.8961701591134,1038130.5629953819,152.7552849150692,0.0005798905848310998,534.3910549868732,3627.2715740528224,21630181.87585766,0.0019751716595893466,22668312.43885304,48749058.95117596,0.4475785847204849
1104.741769714855,101.8391050956305,825153.7506561871,152.73712261371315,0.0004609236141386308,181.8678997041818,4391.029532967656,24121730.47187767,0.002202688756005496,24946884.22253386,74426597.54804823,0.15559743235420495
3020.582707383336,390.9366907350369,10547845.152856769,153.56625724719387,0.005891933358315393,539.9518146381286,3541.0895804459406,6472199.393477762,0.0005910123590535804,17020044.54633453,9355331.526378242,0.42543418413849804
1565.7417496395951,837.0437772256221,11753884.275375418,153.66910621816777,0.006565616184942558,237.07154967952422,2884.7168640805735,15162144.800442034,0.0013845393848421171,26916029.07581745,26994010.357053787,0.22052700699149227
3065.6151208019814,1085.599356775035,2308474.5558442622,152.86361769632634,0.0012894935453917622,440.0228011380721,2846.01770799224,10628841.457123794,0.0009705783585579225,12937316.012968056,24991965.84148068,0.43177677757774385
1590.8970152279458,965.9717973320089,9267147.276027877,153.4570415042707,0.005176546809398497,238.38748773107207,4160.488467570389,3881311.1327220327,0.0003544240078701238,13148458.40874991,8091458.955397655,0.2240700021447811
2418.3073197213303,556.3887009664426,7593133.681426667,153.31428446398377,0.004241457566300122,417.2894811137333,4170.973172032665,3953708.279376459,0.00036103499214791026,11546841.960803125,8111849.963924002,0.34060666474948315
1993.3372794695335,753.5910314325744,4294204.075634505,153.03295734205557,0.002398704557564857,353.1268402530936,3963.359641390874,8318642.130454243,0.000759621267941265,12612846.206088748,36496018.77782907,0.2807517295027512
956.2892865351263,332.71519834804934,4475304.096783509,153.0484012447207,0.002499865433586157,146.4748716218038,3658.8484816692658,17490604.042119525,0.001597163889391639,21965908.138903033,28607346.60248833,0.13468863190635583
3424.906288182568,875.294294044225,4748827.24925876,153.07172683527938,0.002652653056364418,483.46460320484636,3282.6383820897076,22350692.508116186,0.0020409654744281513,27099519.757374946,41196347.21045021,0.48238116734965747
3379.806807416815,245.51393872662698,496553.12820586935,152.7091001099242,0.00027737020195628403,525.7393698912375,5723.675508336,32617403.894042194,0.002978475731302043,33113957.022248063,80636158.00788407,0.4760291278051852
1560.799501770119,640.1452421355707,1631807.094257921,152.80591264280343,0.0009115130639161251,237.7931862715037,3707.8047339992913,4566957.8490227675,0.0004170342055235825,6198764.9432806885,7166328.295478137,0.21983091574227026
3039.656286523742,445.8570911823349,1019291.5495951065,152.75367835595665,0.0005693672779487624,463.3548008006854,3067.292637207314,10965314.844138898,0.0010013036063645556,11984606.393734004,23982163.79920098,0.4281206037357383
1785.6083009705226,1003.3628129845644,5194707.630622398,153.10975075800664,0.0029017179084460665,283.7685060305172,4152.736685478051,39897780.69001571,0.003643287243339715,45092488.320638105,53944065.03321402,0.2514941268972567
2792.132509376041,178.16478756610258,163138.1530685985,152.68066704630309,9.112753478546232e-05,424.1923535375312,4795.281450157984,8425393.972291423,0.0007693693696361983,8588532.125360021,27604367.813386057,0.39325809991211846
1943.3853987368839,441.9679253617273,1137881.5484749093,152.7637915099372,0.0006356106063478695,307.5344025626755,2994.396408549548,13539680.363499131,0.0012363831745553213,14677561.91197404,26294935.74413374,0.2737162533432231
1069.2690470742712,269.95488125142367,2876229.781091362,152.9120348990451,0.0016066366113465236,173.03166998980387,3475.5701951658716,15305333.433911674,0.0013976147317082584,18181563.215003036,28730315.615446497,0.15060127423581285
1726.7253038444437,289.907786973153,1453315.5707991833,152.79069118839743,0.0008118092717195324,245.124114696236,3128.730808535217,7987861.235913568,0.0007294158331381678,9441176.806712752,19121048.890535746,0.2432007470203442
2242.5447692939315,817.4065692646027,7074613.39868145,153.2700659336611,0.003951816705385358,353.0650866286211,2561.550234481672,3670471.031396504,0.0003351710309310837,10745084.430077953,11874497.587346187,0.3158513759568918
3432.595845752632,1520.6680440948958,5056444.769231173,153.0979599356755,0.002824485492398665,499.092757275915,4999.2055245197935,37996322.58700796,0.0034696545767947647,43052767.35623913,57134801.41499643,0.4834642036271313
2673.1488423219607,1162.8493078013908,3401432.6294941036,152.95682330723366,0.0019000102945530006,420.62999428824213,2295.1625261384042,10415914.58920013,0.0009511348274077126,13817347.218694232,21365360.522171307,0.37649983694675504
1509.0586982937261,461.48580255392255,5590771.419229997,153.1435264061906,0.003122955650781023,257.4698095955667,3100.756079497539,8869484.870344661,0.0008099217681851613,14460256.289574658,28552859.781126603,0.21254347863291917
2002.2644601985903,245.36951677575775,822475.8539305076,152.736894247222,0.0004594277646245981,297.67770895156696,3159.5487503637837,19183687.234689597,0.001751768689225707,20006163.088620104,34338457.79854908,0.2820090789012099
3412.7716825290026,812.4035030860834,6036322.49093556,153.1815222459487,0.0033718365533892403,572.636135476803,2915.9429517008593,16939977.235199433,0.0015468831071827462,22976299.726134993,22798809.81962175,0.4806720679618314
994.8572045432902,49.97614802804101,742444.6724313995,152.73006932379346,0.0004147230518469769,155.91306072524753,3013.0093783332295,26055357.863672353,0.0023792589784103913,26797802.53610375,43846581.09452553,0.14012073303426623
3060.4054647080543,2044.351988542585,36500125.83239194,155.77942372950608,0.02038864866311929,557.1563003605102,5361.925153652743,47762450.49922239,0.004361453785273013,84262576.33161433,66878715.09274279,0.4310430231983175
2242.4308731174146,543.8833001186007,5552572.682491375,153.14026888270507,0.003101618173033227,331.4727764703156,3419.395146825437,3394613.5178148206,0.0003099809541190403,8947186.200306196,6650155.552283325,0.31583533424188937
3526.14045599575,1124.7202131268523,2024768.1497897313,152.83942369517283,0.0011310176468952715,484.52179005436244,2342.6274454203453,16447876.507445471,0.0015019466652840402,18472644.6572352,27409448.098330665,0.49663950084447184
1039.5488619720827,158.59252357662547,424078.3990963678,152.70291958794002,0.00023688645689867727,170.0695494080706,3744.3761105027756,31221235.816230416,0.0028509838944259457,31645314.215326782,46703200.04817538,0.14641533267212434
1840.572544273824,234.37898444254398,577881.4140951883,152.71603564821532,0.00032279946581659225,282.432908912728,3528.6789384319945,10634221.767813848,0.0009710696645143761,11212103.181909036,21565307.66939021,0.25923556961603156
2948.5534354529095,382.87345285314046,3497066.45068469,152.96497879731365,0.0019534305043769074,400.98905950641563,2865.6319701382713,14956803.174991172,0.0013657885041767426,18453869.62567586,32750666.628782425,0.41528921626097315
1790.4077108628137,523.4905824183361,3489982.924342619,152.96437472620056,0.0019494737089797987,299.70380970830917,5090.00447908358,26039542.88595638,0.002377814825237713,29529525.810298998,46870563.32406852,0.2521701001215231
2521.341499612245,564.6218576548547,3396704.298437095,152.9564200831802,0.0018973690904890983,430.40887542592276,2937.8003497050813,17590503.76470465,0.0016062862861418582,20987208.063141745,43860086.30755199,0.3551185210721472
2372.5924844421306,238.55600028719957,3865512.06860131,152.99639921474042,0.002159240979926036,362.66593562724535,2855.0203966522276,15477503.629895616,0.0014133365454999855,19343015.698496927,26744978.73913151,0.33416795555522966
2050.8913123374455,51.24896757002191,161886.55925215027,152.68056031250507,9.042840550810283e-05,296.68799130310316,3211.136278874182,10111745.138379324,0.0009233594308612474,10273631.697631475,32011088.57134756,0.28885793131513315
2310.0410308115434,250.87931990848818,803527.969692201,152.735278403789,0.0004488436434513243,370.41406997363015,2127.9509958735493,5435174.031708822,0.0004963158319232378,6238702.001401023,13575858.624378335,0.32535789166359763
2631.6170237953183,671.1561259881538,4443723.561568578,153.04570811023692,0.002482224824892132,374.5721462987166,2261.566831416774,2637326.5782335144,0.00024082889105166318,7081050.139802093,5974914.499141318,0.37065028504159414
1293.3325698091865,277.62738396813575,726278.8725727763,152.72869073179808,0.000405692978493688,210.2750143940359,2009.7132456802065,13040759.475982405,0.001190823946109808,13767038.348555181,19939844.45919228,0.1821595168745333
2551.562461512303,578.9786840983327,3947243.7652056813,153.00336915521314,0.0022048955854570007,365.60721673191733,3498.0812397368463,30979224.34129257,0.0028288844867863745,34926468.10649826,45440088.35130554,0.3593749945791976
3512.6397647950666,464.5469306389755,3772243.444223172,152.98844542463334,0.002107141948200386,650.5228523227438,5437.269266443178,36713591.59410453,0.0033525213081703506,40485835.0383277,67818474.09885168,0.4947379950415587
992.3826560535966,106.90009596823104,613807.612824628,152.71909937351356,0.0003428675238572598,144.31833358799392,1839.8772572862993,6856293.751080384,0.0006260861413314649,7470101.363905012,11940849.944887942,0.13977220507797136
4115.120484867889,2538.5638864233733,7155232.99864491,153.27694103641832,0.0039968501035319015,624.1248271202332,2855.1632471554703,17423068.85316173,0.001590996877388687,24578301.85180664,37088581.22972152,0.5795944344884351
1695.4730825084534,464.1114767727684,2297307.0267243814,152.8626653483827,0.0012832554620301195,271.5738022558759,2850.6791171033556,11447257.968182998,0.0010453125012323487,13744564.99490738,18500979.58630291,0.23879902570541597
2160.2951917504947,1155.0845397707865,8875649.698555507,153.42365525482822,0.004957859712367618,377.76225714620716,3311.5378666828465,13407174.885665992,0.0012242833657761599,22282824.584221497,26172315.76008965,0.30426692841556263
798.7511577956097,157.24958387942448,2347360.4820828536,152.866933822167,0.0013112148811389446,128.72251710735407,3253.7989149906502,38067011.25648839,0.0034761095505630463,40414371.73857124,51002150.92915483,0.11250016306980419
2397.978309253361,625.5480485531459,10054690.044058617,153.52420181588707,0.005616461260057992,394.8898632910291,4026.058800955593,14999489.743562944,0.0013696864510813033,25054179.78762156,26129223.469185714,0.3377434238385016
3038.258309008214,744.5646740839779,1092283.11637399,152.75990295298078,0.00061013972397439,486.61849003585473,4015.8232601298287,4220915.273368089,0.0003854351421237829,5313198.389742079,8631675.316792162,0.4279237054941146
3024.7293865120423,782.6547551797094,5173301.57679964,153.10792528604043,0.0028897606754034744,464.6167575295843,4118.71741722163,5420604.681815308,0.0004949854239232741,10593906.258614948,16401371.415105712,0.4260182234524003
2351.4193119350916,1192.8342796073393,2269152.5819871896,152.86026438508432,0.0012675286372871852,339.5424225015925,2145.28475623602,11498822.061758377,0.0010500211040941755,13767974.643745566,30223152.99387824,0.33118581858240725
1341.8088788320053,388.62905481403055,1658045.9231118758,152.8081502456281,0.0009261698425062637,215.19420855703422,2761.952772564296,19972817.9874726,0.0018238285871753906,21630863.910584476,46814248.436956026,0.18898716603267682
1414.8365189890615,207.6587542129525,384439.46966403845,152.69953924726408,0.00021474450020275704,208.70909118103643,3655.202460392795,21117531.243168253,0.0019283586920992842,21501970.71283229,34220525.53949532,0.19927274915338894
2343.4235961639297,872.0282169978519,1365789.4394422153,152.78322710835616,0.000762917945994479,355.91064261716195,2352.072583437178,12377419.336653266,0.0011302506854968981,13743208.776095482,31610901.661633883,0.3300596614315394
2712.8413961593114,294.84634538953344,514206.77310712956,152.71060558282153,0.0002872313724402442,421.58201363768444,3019.6172375986785,3478213.346154189,0.00031761491728357367,3992420.119261319,7977635.046709141,0.382090337487227
2435.2603521061455,545.3590782843139,1602836.3466086849,152.80344206657716,0.0008953302595597901,381.368659175328,4230.828436471152,20130050.902009398,0.00183818639509999,21732887.24861808,34245873.03926529,0.34299441578959794
3305.8730395052603,439.175932462298,4205198.563571295,153.02536710293663,0.0023489868628128185,512.8507363847564,3325.7573841835797,9841462.605845377,0.0008986784364337829,14046661.169416672,15417108.555194043,0.46561592105707894
2233.413762741144,60.74838475648583,121554.47806258181,152.67712086102284,6.789926034866944e-05,326.23660674344524,4781.586816766591,36314766.861669175,0.0033161024138138105,36436321.33973176,72595052.51691271,0.3145653186959358
2068.8974940661046,1014.2062423718252,16686166.406316921,154.0897228733396,0.009320745521672169,311.8349003995555,4083.79722412255,25652485.177229222,0.002342470442962464,42338651.58354615,35861379.373076856,0.29139401324874714
3929.0953752239175,1241.193551776349,943776.6720007233,152.74723857526564,0.0005271853327364351,660.3132967445634,3503.439296548713,9402632.829780532,0.0008586064600610529,10346409.501781255,37097189.14741916,0.5533937148202701
2778.6338330983867,356.35975162267056,1926347.0361903147,152.83103050952337,0.0010760404800924661,482.27440745076933,3470.121525504877,23264206.824377246,0.00212438352419138,25190553.860567562,34429630.009052865,0.39135687790118123
1683.381660852182,500.82036598800187,902072.9921271127,152.74368215617383,0.0005038900246379097,245.53037564351283,2804.3453575064595,12082454.11786951,0.0011033157783356911,12984527.109996622,26832148.378928393,0.23709600857072985
3187.3485213641575,1061.3819288587647,4260458.6504827505,153.03007958942953,0.0023798546604283377,564.6395248068346,3798.228073906483,5034982.749326913,0.000459772150325363,9295441.399809662,10034674.93180937,0.44892232695269824
2125.095538694599,767.2216831955272,8762384.83190721,153.41399621909318,0.004894590955909939,316.95917105176886,4463.942325658778,23729403.15124707,0.0021668631762928677,32491787.983154282,41554241.171036065,0.2993092308020562
1816.7789542704802,161.1331441925437,541421.4131763651,152.71292640117167,0.0003024332305765487,277.09016028963606,3527.128079642652,16391934.996278327,0.0014968383361869432,16933356.409454692,29270552.967469007,0.25588435975640567
2011.3651996712053,278.8838303170787,2279871.2864386467,152.86117845802144,0.0012735160111441157,312.3841659422548,2735.5208498075367,2174600.7870912636,0.00019857483724523888,4454472.07352991,5320133.645455832,0.2832908731931275
1277.180986406095,392.47264948611206,1965305.606239338,152.83435283030497,0.0010978023940320103,194.77170121605556,5295.362942502539,12931417.076471025,0.00118083928625138,14896722.682710363,30988936.308938414,0.17988464597268944
2467.3016682685184,559.1008624301141,1279421.2363045278,152.7758617744696,0.0007146734287692968,385.79214826085655,3227.959105928266,11884321.568438455,0.0010852231983137358,13163742.804742983,25966953.845094748,0.34750727722091806
2928.4236919526497,207.70012786540374,991117.6281367579,152.75127573171656,0.0005536295736814356,473.07094542153806,5532.030930193422,54879512.91212745,0.005011352156825252,55870630.54026421,80504443.34571962,0.4124540411200915
2433.02717302784,820.6104480189819,1030017.3680337485,152.75459303556255,0.0005753586256163068,376.48671062422994,5555.821875891206,18815570.54603381,0.0017181539163575084,19845587.91406756,44970854.63225219,0.3426798835250479
2956.8306684700824,95.70068272496849,2114238.4019548683,152.84705356653947,0.0011809949413730259,511.9294349628535,3033.24089472312,16086310.747326897,0.0014689300939688826,18200549.149281766,28397632.86167183,0.4164550237281806
2786.0743615084475,977.648716467685,6670360.923030944,153.23559196813378,0.0037260048346239305,432.37638121265906,3076.0540280861105,23715430.16861001,0.0021655872258887956,30385791.091640953,52138167.93204063,0.39240483964907713
2727.7801695015955,981.3930606335035,4304236.444972526,153.0338128854982,0.0024043085506750828,446.8719158574548,2681.2342532573944,19755320.219963685,0.001803967661877899,24059556.66493621,36034701.01575955,0.38419439007064726
1871.3212657992603,684.9444654702635,10531000.36580938,153.56482075232256,0.005882524008701262,314.86241518743896,3562.3450310227004,8724256.111043913,0.0007966601261345077,19255256.476853292,14185810.300618542,0.26356637546468453
3748.8975342999033,1181.8408155735553,20037393.28324489,154.37550981785617,0.011192711325237914,550.0868656385343,3985.214696677732,41032589.999349385,0.00374691296408947,61069983.28259428,60504364.19601132,0.5280137372253385
1735.6661246928104,492.30129526970904,1292259.3543818733,152.77695658740632,0.0007218446884020846,296.77891419410327,5136.893423076948,5369544.287365164,0.0004903228166172328,6661803.641747037,20455906.15161282,0.24446001756236765
593.6106118961292,97.3043598803584,1294973.7837004894,152.77718806933504,0.0007233609447008238,93.10119451049124,4057.619952667187,12516485.901772184,0.0011429496234806747,13811459.685472675,18809780.76858364,0.08360712843607453
2866.1398042159426,1598.1045657651002,7275564.902074574,153.2872027370647,0.004064066444463554,502.60108120986774,3315.8925865089523,10862647.756059295,0.0009919285061499,18138212.658133868,19088163.966821495,0.4036816625656257
4054.0465290737384,792.9506740111244,18166927.536049213,154.21599967117103,0.010147885640770626,597.1568424943271,4304.886474139726,16412653.350642476,0.001498730243828232,34579580.88669169,27938822.121915784,0.5709924688836251
2973.1436791710794,178.57082988333585,831259.9221883842,152.7376433376656,0.0004643344677510708,470.9740618652069,3842.039217750175,21203120.208608624,0.001936174294385092,22034380.130797006,31883903.812657498,0.4187526308691661
2103.1434812559633,683.064872454383,2003908.9057466304,152.8376448542173,0.0011193658569776943,307.6309846017222,2821.2944665226864,9291500.113164118,0.0008484583164359215,11295409.018910747,25337268.86090618,0.296217391726192
2128.758844224124,277.8181265944213,2021441.2529415968,152.83913998305192,0.0011291592716315968,332.3246106184469,5031.8009759407605,24331811.75297302,0.0022218724408682154,26353253.005914617,50160881.60876959,0.2998251893273414
2568.51977875852,355.58173495063306,1862019.883624213,152.82554479904886,0.001040107899498377,407.46362187091535,2113.271871545622,4448328.787638667,0.0004062015291552397,6310348.67126288,12742166.304320406,0.3617633491209183
2429.9589699848934,572.8675727041423,710830.675621478,152.7273733357616,0.0003970637518009301,414.0711267484864,5011.661381630611,1977851.6575025371,0.00018060858494819873,2688682.333124015,15939760.579574337,0.3422477422513934
4262.620806244883,448.624610890482,2318333.035351118,152.8644584107391,0.0012950004051746067,673.4141291014895,4568.847336191464,8722887.4211152,0.0007965351434795546,11041220.456466317,13503847.51618434,0.6003691276401244
1334.386178481281,199.3213095143371,1482280.712527359,152.79316128656026,0.0008279889446576316,215.54518342872535,4015.413407418525,32324738.50716539,0.002951750834524961,33807019.21969275,52160235.139033176,0.18794171527905365
2356.622796744517,1070.553760819852,3715078.411552161,152.98357048759678,0.002075210064669264,377.9066717124101,2234.9426757753704,6411213.271454582,0.0005854433786104297,10126291.683006743,18474841.494142935,0.33191870376683336
1707.1722059232793,315.59587635238046,1306441.7964040495,152.7781660420091,0.0007297668755448239,269.56279679030627,2199.6169047275766,1770876.6346926861,0.0001617085497268968,3077318.4310967354,4277889.493248765,0.24044678956665905
1210.4701195451823,191.7564506691901,2069684.3212983902,152.84325407010306,0.0011561074245138858,208.67372278067543,3996.511641348301,14415887.849269193,0.0013163945310823194,16485572.170567583,37397734.93265396,0.17048874923171584
2702.14586859835,893.642674248074,3689704.9150482463,152.98140667884738,0.002061036653105086,429.4107944821824,3331.200934282152,9220199.13010406,0.0008419474289246947,12909904.045152307,26797471.11739384,0.38058392515469713
2185.611606801667,583.8225752613233,3428416.413707931,152.959124438588,0.001915083198642753,357.99014825554843,2450.2459137225665,14276114.62608657,0.0013036310642384316,17704531.0397945,24310693.33469171,0.30783262067629114
3622.8564762158467,1068.1245059128094,9245856.890865881,153.45522589633174,0.005164654187850726,486.66526923751263,3240.5535339088474,4546170.87330338,0.0004151360316864345,13792027.76416926,6302338.32319802,0.5102614755233587
4287.905612497974,251.18597608606174,1191544.6762608103,152.76836781046424,0.0006655863566675801,688.5566573613625,2475.350016041392,23006966.18185867,0.0021008934569458357,24198510.85811948,38800238.86509645,0.6039303679574611
1820.2000833746054,84.80906622909218,550371.8381421098,152.71368967823318,0.0003074328590944031,293.5858282123234,4480.827524707659,13387229.87437589,0.0012224620763724692,13937601.712518,47446549.5619672,0.25636620892600076
3787.6997106916874,1448.4213801806495,27942332.208021518,155.04962960289828,0.01560834055295035,639.0275133520142,5086.307296847002,19671562.897508644,0.0017963193170537192,47613895.10553016,39768182.93970021,0.533478832491787
2223.3814658203437,1115.6993308845554,14460625.468698237,153.89993251660863,0.008077577964637817,398.17084868639165,4658.140397884128,39189691.73029902,0.0035786277201915744,53650317.19899726,69544017.82422084,0.3131523191296259
2037.2883729339298,423.3643780113291,4160175.8164465423,153.02152763941862,0.002323837552994368,332.5007026905433,2120.9814361219055,6979182.320310338,0.0006373077769433876,11139358.13675688,17756083.591376137,0.28694202435689153
3399.8520652607767,1238.0088768205205,1383416.7191838052,152.78473033287736,0.0007727643891324298,572.9275217003953,4149.1858183457025,20076137.765045483,0.0018332632880812025,21459554.48422929,53897939.255920805,0.47885240355785585
1804.4856433221303,336.4423124858672,571959.296145423,152.71553062004023,0.0003194914229134316,278.74980152964804,3577.7704853846253,37498853.04411215,0.0034242278786617555,38070812.34025758,66173594.44327175,0.2541529075101592
2642.3976181223893,878.206989152275,14691064.790958866,153.91958399119508,0.008206299339498901,463.2050730737579,3614.5288976688234,11211931.710531872,0.0010238235577950067,25902996.50149074,16755757.547517512,0.3721686786087872
2232.358433194126,228.01412155752877,655830.362131957,152.72268300230556,0.0003663410613299334,363.7194343877884,3033.373588624899,3125539.0517416615,0.00028541027492840284,3781369.4138736185,6519982.139526809,0.31441668073156703
3782.9518319725607,1653.95514516907,3635793.9253391987,152.97680924107587,0.002030922449298922,614.3492344565473,2828.4406021895975,5784691.325133151,0.0005282321910398777,9420485.25047235,10526031.097349675,0.5328101171792339
3196.699615341209,1539.960749460903,12442198.041311607,153.72780444877395,0.006950102189404728,481.98788756797785,3671.776994468887,13379156.844383683,0.001221724883308669,25821354.88569529,36430402.35512302,0.45023938244242384
1550.7298188458199,292.19805858659663,1527591.5980083616,152.79702532202862,0.0008532992060230615,235.1519123109533,1577.9178576934737,7892930.463631905,0.0007207471787500624,9420522.061640266,15097614.840505458,0.21841265054166478
2753.7484189695524,288.5147032468271,464202.3520861892,152.70634129060235,0.0002592993434800128,431.2640472006677,2325.5447362850427,9751602.33372111,0.0008904727974871709,10215804.685807299,18182678.141442694,0.38785188999571163
3255.282034575243,1404.6542214106971,23259035.46730844,154.65024599953577,0.012992292261226446,434.36032170388745,4289.975504233235,30881102.830588747,0.0028199244684078604,54140138.29789719,46624108.20278092,0.4584904274049638
3237.765668211377,265.70973136885607,5037434.107722966,153.09633873870342,0.002813866304395951,548.0099537267232,4389.104870558664,56415660.1587873,0.005151626266584139,61453094.26651027,74393975.11327425,0.4560233335508982
2412.845701172312,784.7647386395703,5403345.10072595,153.1275430076162,0.003018260960802488,434.03404341465256,4726.9436068187515,25379707.750250913,0.0023175616259106476,30783052.850976862,44232820.99830736,0.33983742270032563
3725.618519838133,588.1701283168389,797848.149261444,152.73479403833542,0.000445670945807386,646.8180720914213,3529.1511504217397,23222102.315004308,0.002120538728334755,24019950.464265753,51357693.48232376,0.5247350027941032
2273.5191900846357,635.2500054156935,1581236.3786018544,152.80160005793823,0.0008832647077630096,354.55840797319274,3156.2246659516086,15522885.853054022,0.0014174806475489698,17104122.231655877,24944817.75315309,0.32021397043445576
2832.6259365614565,188.6964677459053,1624999.968067901,152.80533214262658,0.0009077106632087162,459.7982246374149,3785.3312588458575,29207096.282839175,0.002667061662627553,30832096.250907075,50873317.01525323,0.3989613995156981
1440.191883202534,267.697097966196,1699699.7682967747,152.8117024149022,0.0009494373133867029,237.15309696101735,4773.401657273063,37802777.038926855,0.0034519808612613703,39502476.80722363,59538124.89204815,0.2028439272116245
1661.3503292467897,787.5010428451014,1398129.4943513516,152.78598501339135,0.0007809828156970511,283.9324233291018,5379.682148018151,13644656.91862537,0.0012459691649920495,15042786.412976721,61483183.616929434,0.23399300411926616
2124.8880507944873,417.90265432737357,1404213.3968343183,152.78650383827704,0.0007843812300145636,375.83882154117447,2488.3122592516224,9623983.803106325,0.0008788192429144235,11028197.199940642,22913260.25282935,0.29928000715415315
3431.601340750126,1235.215660949695,2092820.4387994916,152.8452270789656,0.0011690310558822858,564.236485068385,2020.2441255922708,4246091.634968938,0.0003877341350869939,6338912.073768429,7518330.939585625,0.4833241325000177
3319.83742327753,760.1482524122606,1915100.5632093025,152.83007142938112,0.0010697582993854926,580.5663012129996,5714.395770583748,26716209.108499672,0.0024396049642869204,28631309.671708975,74230022.37340437,0.46758273567289155
2256.85999259813,148.22738151127268,343749.7417891132,152.6960692962791,0.00019201557675607717,363.1700950531073,2127.4188584511676,6030321.372833665,0.0005506620305921352,6374071.114622778,13001591.537412269,0.3178676045912859
2415.119751976496,546.5135956816698,6774585.043488722,153.24448002436645,0.003784223509923912,389.0894431683525,3065.3178088736413,15151615.268140677,0.0013835778749523837,21926200.3116294,30557457.347648073,0.34015771154598534
2061.008015542005,250.03846615636013,2952650.6618633615,152.91855194215054,0.0016493246419504448,295.0774884581049,5241.728984349797,39638019.38310213,0.0036195670002729537,42590670.04496549,73846409.70665655,0.29028281909042325
3531.21338853977,897.2138358144869,4759376.420735826,153.07262645073197,0.0026585457305958737,527.7823263349575,3259.3763305228754,10308143.137766952,0.0009412936195156415,15067519.558502778,19432395.81653174,0.4973539983858831
3238.794477619761,506.07130775432415,5978363.159042422,153.1765795724216,0.0033394609813119924,589.6302823263526,3174.280924365426,10471069.89222338,0.0009561713634864583,16449433.051265802,24818670.429216526,0.4561682362844734
2146.151568726257,539.574193838483,5722970.871419032,153.15480015126826,0.003196801099876634,304.6722475337508,2649.4312080341692,4183122.566513953,0.00038198408082684693,9906093.437932985,9859848.308098564,0.30227486883468413
4199.96610254835,242.06865653794284,568383.1836903077,152.715225655235,0.00031749383800749875,682.1299360552641,5025.196480070728,23729506.03704784,0.002166872571364949,24297889.22073815,40424627.69149746,0.5915445214856832
4047.0132158222864,343.39142193208113,5244745.977871518,153.114017943397,0.0029296688882982647,668.1874697201789,3699.5247388071784,11809563.847143617,0.0010783966568965388,17054309.825015135,21649948.785202216,0.5700018613834206
2915.6131325938372,503.9113883157925,1966892.1746115654,152.834488130165,0.0010986886371444626,476.54251108657434,3632.3454700287584,10802443.360291827,0.0009864309094590777,12769335.534903392,41513263.674169496,0.4106497369850475
3669.6266996387976,104.43770754879142,209652.06465339486,152.6846336737973,0.00011710979593182458,531.4759580679897,2121.7643555037134,1842867.424212462,0.00016828242728497835,2052519.488865857,13770304.343481153,0.516848830935042
1477.374449591936,381.464939584975,1293468.9645191033,152.77705974090736,0.000722520365965984,270.5289245290084,3063.653368465638,9725596.521755073,0.0008880980628189776,11019065.486274177,28682358.768294584,0.2080809083932304
2591.026625341932,1160.155222626088,3613188.1776101217,152.974881461248,0.002018295077811816,367.98820481799237,3145.984099814735,9083921.372843532,0.000829503152426316,12697109.550453654,14583739.21393687,0.36493332751294816
2870.195794098875,255.59634252011833,525000.5363424058,152.71152605664443,0.0002932606734724619,387.07493191163167,3919.11986345969,20369360.118944716,0.0018600390446006736,20894360.65528712,59500898.5950657,0.4042529287463204
2074.640309793629,511.157142570527,8749742.887052873,153.41291813547625,0.004887529276910829,293.89823589805394,2428.699053399031,13908797.09604999,0.0012700892669681835,22658539.983102866,22751327.669347715,0.29220286053431394
1054.3526463732294,142.10824514938164,332785.0055551438,152.6951342421688,0.0001858907717131597,159.48338802674067,3259.366124799031,6735080.365571049,0.0006150174760194945,7067865.371126193,34512749.15808407,0.14850037272862385
4230.467010325319,392.6492849971815,397611.5705531565,152.70066254168856,0.00022210231969133076,618.3958494373533,4909.235718891339,3222770.2551932666,0.000294288994422654,3620381.825746423,9547647.982059771,0.5958404239894816
2302.262687967832,312.5121577719165,4131291.676872368,153.0190644489821,0.002307703127145677,350.9259664288817,3437.666064791013,15217837.153588964,0.0013896249619409595,19349128.83046133,28778887.43678659,0.3242623504180045
1384.1963951417945,360.6927153695763,488969.3174211446,152.70845337540234,0.000273133952078064,190.0051139616084,2520.405423439277,8904848.609018851,0.0008131510269499407,9393817.926439995,19706230.49529065,0.19495723875236542
2874.5010709443254,788.7248661189242,6687840.530249006,153.2370825993926,0.0037357687891914626,416.11631888214094,3087.5340071058363,8749400.790325634,0.0007989562260097544,15437241.320574641,28891890.917736463,0.4048593057668064
2121.2862683029934,605.4887902499473,4557092.27113252,153.05537600151968,0.002545551587087358,362.66858315232935,5074.098730759498,20303226.825039037,0.001854000047396328,24860319.096171558,32371632.217334155,0.29877271384549203
2725.415235487952,956.1452454303858,8311594.73520334,153.3755536041684,0.004642783580102172,486.5267688695174,3556.263637316778,6091357.069570847,0.0005562355379768848,14402951.804774188,10511019.15909242,0.383861300772951
2344.5882231120954,348.430097254209,1117752.9458876273,152.76207497684587,0.000624366946309074,344.81776282392264,3931.6065852373235,4875397.783598975,0.00044519956358469504,5993150.729486602,7598885.4699163865,0.3302236933960698
1405.3143248498343,685.6469502435456,1590554.324149072,152.80239467653163,0.0008884696300390793,240.45700848455982,4712.288723471931,17882820.782237984,0.00163297937138549,19473375.106387056,46252937.148762986,0.19793159504927244
1249.478902115021,154.54745901994235,1312299.3951510272,152.778665568096,0.0007330388785895536,187.2363193270042,2944.0363646310884,23808537.265394084,0.002174089350370689,25120836.66054511,33646732.91120246,0.1759829439598621
2814.4191031298533,290.81885382173834,671100.055977643,152.72398517589994,0.0003748705777608663,461.3408328504264,5049.048726816951,13013957.715222076,0.0011883765289505475,13685057.771199718,39476870.29527048,0.39639705677885256
1860.7939961765544,307.00763845614983,299622.3426631837,152.69230618651994,0.00016736640044023865,270.85975170353976,2735.3350272634157,11098938.875714926,0.0010135055564786982,11398561.21837811,34117539.26608379,0.2620836614333175
3207.590788445903,438.9501122245144,1217039.1931934126,152.77054193963056,0.000679827369177044,567.7119400082764,4347.625415917956,5181935.697628508,0.0004731912376194175,6398974.890821921,9344856.224579977,0.45177335048533845
1472.2231567468918,684.3151556857181,2157015.6892255903,152.85070154104935,0.0012048899571033278,234.1325128789156,4941.963091756356,36014625.61606435,0.003288694854987216,38171641.30528994,91405377.37773462,0.20735537418970307
3055.2640395586404,329.80227461027704,2001717.3997454515,152.83745796630222,0.0011181417010361905,563.0763616284689,4172.379766681636,17876730.653076377,0.0016324232479745873,19878448.05282183,44180460.48405427,0.4303188788110761
2673.4214905706453,777.6183754856429,9523778.23188603,153.47892655695037,0.005319898599995154,402.31494260079523,4514.162909489467,8945605.403594116,0.0008168727555069538,18469383.635480143,16799440.344267655,0.3765382381085416
4124.015330504243,587.5397230792671,1387751.2745010396,152.78509997640356,0.0007751856335378449,576.6916413829068,3661.621236753312,11480075.158963233,0.0010483092206103213,12867826.433464274,14581143.545881236,0.5808472296484849
3182.2320176692833,550.7623753186127,2090287.3201468596,152.84501105890297,0.0011676160781239897,528.1975458679087,3502.8327380255037,12966441.619359782,0.001184037571171081,15056728.939506643,20498889.650845617,0.4482016926294765
2380.9851990463562,388.40058139483915,6356648.169641585,153.20883907656912,0.0035507676549122458,348.52139943039725,3886.045399402571,24341095.21275931,0.00222272016497789,30697743.382400893,37181920.72346484,0.33535002803469804
2140.6978878459045,347.5321443611746,1268167.1034031424,152.77490204110234,0.0007083869692980915,365.8361199720189,3413.9650722173433,4134066.876998918,0.00037750453422720145,5402233.980402061,13594938.296448272,0.3015067447670288
1900.0505745030466,257.56602708661813,4553395.931862783,153.05506078397562,0.0025434868445424197,266.2646898000497,4730.79648318694,37710386.79488321,0.0034435441965719607,42263782.72674599,59727203.664267726,0.2676127569722601
3603.520093428915,1202.840861979014,11183700.412802307,153.62048190537675,0.00624711650357801,555.9487109331976,2915.5709702892545,5044156.576499328,0.0004606098632740992,16227856.989301635,10850286.435584648,0.5075380413280162
2426.4971183741463,1033.8535934104104,3288111.23719468,152.94715945108697,0.0018367099633647133,363.2749641684312,2411.7376045171122,7712949.888362284,0.0007043121559846772,11001061.125556964,19400951.811304305,0.3417601575174854
2409.0002291204733,186.93266912179755,1303162.1767298148,152.7778863616054,0.0007279349088937792,359.19113246107935,4429.704404808535,14813935.965442726,0.0013527425083083647,16117098.142172541,25499898.38258244,0.3392958069183765
1730.5872486681467,281.2887277490315,553330.7168911623,152.71394200639477,0.0003090856626910554,277.53806078541345,2568.8295843967,19708045.413912036,0.0017996507376069099,20261376.130803198,30056081.39041663,0.24374468291100657
2225.8032958838457,522.6213425079321,4247413.062824123,153.0289670838388,0.0023725675101156085,357.6315162927255,4312.2182963163805,23760736.261177626,0.0021697243760320484,28008149.324001748,73090771.37141484,0.31349342195547125
2793.0057194152996,1003.4224564451036,1653511.688496323,152.80776357378997,0.0009236370590042231,462.78107780845306,4788.725672071243,28587612.22826989,0.0026104931439172017,30241123.91676621,52044601.109672375,0.3933810872415915
3832.985450103209,1647.5114142719754,13696491.159837341,153.83476843869045,0.007650739273003193,522.5638419579051,4419.816152890202,25311517.360181786,0.00231133478386679,39008008.52001913,36535792.95029136,0.5398571056483393
3350.5500633300053,1172.652285173855,1900084.7074319404,152.82879090266673,0.0010613705746629343,554.9770541468866,5549.723822678906,14342365.064812712,0.0013096807585848897,16242449.772244653,35406015.53660517,0.4719084596239444
2474.479810309254,585.1059226670326,519213.0424442083,152.71103250898014,0.0002900278303783477,403.1684086331571,3305.1540332369837,11173295.355302626,0.0010202954582941971,11692508.397746835,37773865.949051745,0.34851828314214844
3637.900646276191,1306.2809699245984,13257899.20846277,153.79736606091177,0.007405745673690456,572.6344012582314,3259.1736573893118,12839358.006791499,0.0011724328629266591,26097257.21525427,35421196.485580444,0.5123803727149565
1715.4553012984177,413.78323130210407,2269184.9484199462,152.86026714523882,0.0012675467168914434,263.9626927288352,3647.2135286862795,14491811.091441482,0.0013233275026635813,16760996.03986143,39638473.00114336,0.241613422718087
2388.091367747994,832.9647516407916,8380871.961951716,153.38146144857407,0.004681481228516082,400.45366823536654,2380.002080081339,17350195.994815193,0.001584342453242582,25731067.95676691,25866225.66843521,0.33635089686591463
1896.1733466668454,780.0790982011484,9087780.813887142,153.44174543657775,0.005076354284163642,289.26856742085056,3052.5980410807288,21831298.77706422,0.0019935367572943737,30919079.59095136,28109403.513366222,0.26706666854462613
1291.4763116514935,451.5468788548078,2039802.7403411749,152.840705819557,0.0011394158366977436,215.01256780510468,4502.4592504239035,21626664.89653273,0.0019748505047359186,23666467.636873905,28724698.249306686,0.18189807206359063
1528.6783760694937,426.3777438312682,1958288.679462775,152.8337544386899,0.0010938828005655488,222.62753915552327,4879.990668960202,27955569.94776948,0.002552777864070202,29913858.627232257,60867598.157780886,0.2153068135309146
2221.388825978617,710.0475961358981,11530908.214597208,153.65009119786316,0.0064410637221821165,344.0478981209355,3486.582577644509,27877150.257172797,0.002545616927962068,39408058.47177,42915317.59433967,0.31287166563079116
2335.8159535519217,292.7854698242073,2697560.889438417,152.89679831898027,0.0015068337428394418,396.6473753932391,3212.3784627126047,11904507.36639076,0.001087066475280634,14602068.255829176,25841617.113748014,0.32898816247210166
2807.251633308404,107.97587545602201,178447.2368377682,152.68197257900331,9.967905408037048e-05,493.7468850043569,4656.064411146747,4548654.467026383,0.0004153628223793544,4727101.703864151,13761629.401710313,0.3953875539870992
1806.1057677873252,156.0180273808536,710937.924506148,152.7273824817646,0.00039712366008282096,311.8511773968344,1455.9355526398394,1602835.3376442755,0.00014636376855604985,2313773.2621504236,2813986.414009869,0.25438109405455284
2353.417229147912,1349.4602292566635,11028886.739300027,153.60727965785833,0.0061606389497257386,334.0395982848274,4086.597338054959,26051890.232947003,0.0023789423298508027,37080776.972247034,47814422.15883162,0.3314672153729454
2768.498877777284,761.8230832913338,2788152.16580552,152.90452378938966,0.0015574372315581009,433.2223504071228,4141.4987195725735,32099353.009715065,0.0029311696369371952,34887505.175520584,43853467.50695208,0.3899294194052513
2205.793273559262,464.33136000519534,2423570.4590393477,152.87343287975276,0.0013537851027303205,355.7015423428567,2927.542026848384,21527103.32788144,0.0019657589866935404,23950673.78692079,41243732.47712238,0.3106751089520088
2033.8720246153985,690.5856474187956,7146547.800399354,153.2762003774417,0.003991998628323223,284.7834484313621,4531.2933765279195,15940658.314463302,0.0014556297639395953,23087206.114862658,35428709.55966833,0.2864608485373801
3717.960645885738,1538.1278019301328,11395538.882934904,153.63854713084,0.00636544760634461,593.041983900597,3721.764130238663,14026861.82617535,0.0012808704111249491,25422400.709110253,43545763.52352995,0.5236564289979913
4170.938878277038,582.7666977893988,1940987.768775899,152.83227904636817,0.0010842186643056362,761.0981644149324,2725.517658698814,22645099.93795881,0.0020678494467930224,24586087.70673471,33995088.28506905,0.5874561800390194
3062.0008488071894,337.1112488747674,9836297.821041636,153.50557769749273,0.005494469288679582,464.3349970615303,2696.035650496315,18114686.89036713,0.0016541523494133417,27950984.711408768,24212353.91972649,0.43126772518411116
1934.6321068595385,544.0942719009442,8405875.874577684,153.38359373983718,0.004695448193783092,269.66316060845065,2642.0179431875363,13134563.40465463,0.001199389702169322,21540439.279232316,33156709.894589555,0.27248339533232935
3273.1556394033782,333.99748943587036,672955.1570122835,152.72414337576998,0.00037590682085220095,521.0161161294141,5315.659463007526,45073028.15560914,0.0041158677414635395,45745983.31262142,67111209.81113589,0.46100783653568705
1846.6033507696552,933.5326503505339,6802093.3052611705,153.24682588227748,0.003799589382556201,285.09125773163385,2317.558752351386,24574182.39571347,0.0022440046461083257,31376275.700974643,33726090.767270066,0.26008497898164157
3131.079777662486,682.7429253357986,13929792.38264298,153.8546639713017,0.007781059280290492,420.39671553479155,2907.195173318795,18720152.916632652,0.0017094408043504049,32649945.299275633,35783808.75636563,0.4409971517834487
2076.495880630224,343.1862485879107,2689375.734158791,152.89610030281972,0.0015022615872248846,338.25589367930314,3871.359440634247,10903642.329303185,0.000995671947593574,13593018.063461976,32002052.136642892,0.29246420853946814
3041.95479603878,772.5054058735998,2710151.8780116998,152.897872057132,0.0015138669581089559,480.8999792964541,4786.838855209295,21883803.79457791,0.001998331281130303,24593955.67258961,37426736.56678879,0.4284443374702507
2477.069631850996,220.51610476407745,431632.58431579923,152.70356379604394,0.00024110615819727954,386.3933010807304,2846.098728563208,3611479.297172357,0.00032978416907951445,4043111.881488156,5535189.251137862,0.3488830467395769
3916.7139778861106,261.0251907995069,879685.7967811201,152.74177301412251,0.0004913847345859867,606.4006554036448,5628.802423683389,6264601.422247022,0.0005720554389630995,7144287.219028142,14870934.940710517,0.5516498560402973
1043.4848898967434,154.9108924377665,1599264.7356634212,152.80313748565305,0.0008933351891575736,160.23295430049745,3210.87098093228,15526168.900156815,0.0014177804407560612,17125433.635820236,30078480.777168553,0.14696970280235822
1699.4204324539626,134.2580542597043,2026277.4696169328,152.83955240740795,0.0011318607396513247,293.65023458487326,3762.818879885618,28333423.01095759,0.002587281719201036,30359700.480574526,46933234.724850416,0.2393549904864736
3153.9671356549925,1082.6076511597566,5556123.056666511,153.14057165259345,0.0031036013807628215,502.93735203641705,2794.962381899529,20874302.97150604,0.0019061481720141842,26430426.028172553,40673469.39421053,0.4442207233316891
3984.7077106052284,981.4904893248249,6580822.146478989,153.22795625312364,0.0036759892630275903,574.9675676852024,3883.942110947281,12184312.451204782,0.0011126170266770835,18765134.597683772,36344354.92598134,0.5612264381134124
2123.5827446014478,442.906591121347,2564240.6876286794,152.88542899827573,0.0014323622528813473,337.8810054771964,2519.0223493672224,1890905.90582997,0.00017266908699987006,4455146.59345865,4899080.025460836,0.29909616121147153
2281.8090277539513,1061.6143597108871,8993788.974633431,153.43372997193262,0.005023851270981261,324.05973905027975,2011.077005646433,5206167.383215107,0.0004754039669856994,14199956.357848538,12290575.348539079,0.3213815532047819
3128.7430529901562,790.9981339979786,6558547.957818998,153.22605674809085,0.0036635470975148188,502.9364748826131,3908.6498426174217,2740398.255052858,0.0002502409365040941,9298946.212871857,7601674.663703487,0.44066803563241635
3017.993650336745,584.9175758507656,3375836.077027238,152.95464047665004,0.0018857122858932929,445.44524088266155,3652.787953361314,26616384.240953065,0.0024304894029646925,29992220.317980304,46117141.33300073,0.42506952821644295
3404.0273602243733,942.3646481361443,9228362.441946084,153.45373399939777,0.005154881942839529,572.0761259440512,2524.467682906062,17987910.949680984,0.0016425757363918605,27216273.391627066,36737116.64325517,0.4794404732710385
1740.8398159523679,556.9537395344872,1035991.3185331954,152.75510248392956,0.0005786956217248562,232.46526458726674,2023.270796424058,11123972.722588899,0.001015791535633185,12159964.041122094,17940898.042748414,0.24518870647216448
2848.0673139769283,1562.0583715967298,19691851.592514463,154.34604260849568,0.01099969478159335,453.512182301452,2572.6723247758086,12678764.26448951,0.0011577681592120628,32370615.857003972,20114888.402242307,0.40113624140520115
3307.6507614721695,387.2315102980426,1815580.119531717,152.82158449472703,0.0010141670564880467,503.81973293595007,3903.859643069109,15302127.666908642,0.0013973219953749268,17117707.786440358,22845734.872505516,0.46586630443269994
3529.0615358305513,1081.3085760523604,2064950.666666035,152.8428503920641,0.001153463246747588,506.74660309777494,3630.0517262091907,25220175.650101036,0.002302993866618595,27285126.31676707,52826041.14514989,0.4970509205395143
2587.7115405776076,828.2428864888556,558193.8722686728,152.71435672803764,0.00031180217843229663,399.69241196968153,2890.2687540487914,2485428.4072214733,0.00022695822809337755,3043622.279490146,18439278.00382306,0.36446641416586023
1537.4403788206455,377.34762390915665,2409670.315398958,152.8722474990772,0.001346020604976017,231.1786559655433,2323.836019802315,9109871.198762886,0.0008318727746986278,11519541.514161844,21398704.808312066,0.21654089842544302
2493.6611392362615,500.57095906614046,3066316.4888886185,152.9282451711065,0.0017128173713416572,341.8617945551591,2057.90102090179,11801876.030514466,0.0010776946397975996,14868192.519403085,19266362.180100817,0.3512198787656706
1548.612071492051,54.09473046739553,303141.84076271264,152.69260632334894,0.0001693323610658659,263.38753956744415,4312.466884371056,24971293.607631315,0.0022802670694197433,25274435.448394027,35648405.21462367,0.21811437626648605
1800.345345398699,847.8198088637876,3638964.9542098916,152.97707966104002,0.0020326937580841253,274.63637961792756,3138.384227837221,18412227.68465448,0.0016813224466330986,22051192.638864372,30028252.777786825,0.2535697669575632
3317.889198205345,481.7559456065547,823043.9929213271,152.7369426971516,0.00045974512205848583,604.4628334882389,2353.172952527934,11767694.36447336,0.0010745733226293285,12590738.357394686,20664108.2673245,0.4673083377754007
3850.4712022800595,1030.407597407257,5480178.112453878,153.1340951965506,0.0030611792041268515,650.8376747249023,2337.001229482244,10461434.021896211,0.0009552914588192235,15941612.13435009,29505084.163523167,0.5423198876450788
2506.950463545757,291.91858282337904,1749095.9683639403,152.81591483906993,0.0009770295954816266,388.5688592370143,2897.78203616592,15447834.154097157,0.0014106272614038866,17196930.122461095,38672919.629784934,0.3530916145839094
2864.2893753216204,981.2068582247101,5446347.197537202,153.1312101535024,0.003042281553161219,431.2226541532317,3422.782313177538,15705015.173979694,0.0014341118841764415,21151362.3715169,28293951.961417817,0.40342103877769303
3020.6360141853866,892.9280352874364,1971580.2362268579,152.83488792010877,0.0011013073470531598,424.1295657852875,5183.233980798408,35906616.78662698,0.003278831970795372,37878197.02285384,65048379.34967517,0.42544169213878685
4475.163254687442,1045.6352580315308,23056538.453199882,154.6329773975995,0.012879179213481251,765.9368120467304,2305.1107710744964,10910669.324921466,0.0009963136214674669,33967207.77812135,19297547.2776499,0.6303046837587946
3729.7237520975036,1369.5657905201979,3277353.7171524637,152.9462420680221,0.001830700907460736,558.5947529089965,3973.089639451524,18584117.46276448,0.0016970186539162612,21861471.179916944,31064296.039580893,0.5253132045207751
2066.3673741384373,667.5657333575841,1243884.9461444768,152.7728312999129,0.0006948231702197383,351.9627194403911,3552.178595538775,20655463.831561275,0.0018861647585732527,21899348.77770575,33256001.45728192,0.29103765832935735
2602.911903824299,492.8866735602822,2350870.4883235227,152.86723314954637,0.0013131755396960099,426.88893466483887,3491.3047761140015,19136580.313973885,0.0017474670954942162,21487450.802297406,28085408.459485546,0.3666073103977886
2504.572665810537,1207.5003378624463,8985841.052661702,153.43305218662624,0.005019411631802306,413.5017047823394,2951.7071567042667,18228647.05834119,0.0016645586832757322,27214488.111002892,24495311.404603973,0.3527567134944418
3112.3900153741583,810.505980990131,4687425.201326212,153.06649057276712,0.002618354413443491,491.1349837211629,3601.030482039772,11476989.857627153,0.0010480274846639806,16164415.058953365,29767415.554934148,0.43836479089776875
1377.7898406149625,317.68968240489914,581003.6953531835,152.71630191106573,0.0003245435446148637,213.79485961774446,3449.150909778598,23334055.396301165,0.002130761784000693,23915059.09165435,63794677.27449646,0.19405490712886794
1869.335347677284,847.809859145423,4335253.016726273,153.0364579261345,0.0024216341343490377,284.34416992950327,3688.6967246234144,8684422.614676628,0.0007930227090485778,13019675.631402902,33966825.39773987,0.2632866686869414
2626.48166098405,286.7867555215193,1731146.792636777,152.81438416380502,0.0009670033440827286,422.5234492129665,4498.381195723573,10420858.620231805,0.0009515862942531577,12152005.412868582,25895241.057744764,0.36992699450479577
2878.770945409823,345.12079322829385,825999.942500493,152.73719477551853,0.00046139628944663613,387.8229478630321,1766.9559186664835,7068603.640498815,0.000645473332758546,7894603.582999308,20673917.50207937,0.4054606965365948
1774.71303075734,622.8799700097746,7965715.995539757,153.3460576518465,0.004449578763893403,252.9688349467782,5128.6341541029715,35174173.04722327,0.0032119484778771468,43139889.042763025,41256720.42232121,0.24995958179680844
1687.6116065472613,560.8866880685775,1657811.9239134023,152.8081302905733,0.0009260391326160189,249.41413343149773,3510.968465762712,32532304.82011547,0.002970704863722563,34190116.744028874,55033192.977399334,0.23769177557003682
2749.0123770036084,112.49013652329525,1667856.9207400482,152.80898691086676,0.0009316501793301679,418.2820543861445,3110.516956441066,23009335.956173256,0.002101109854158428,24677192.876913305,38797143.07075912,0.38718484183149415
1043.1766361820964,480.9907235421564,4724646.620034921,153.06966475222856,0.0026391459699517394,165.74579115625795,2111.100364213995,12942718.024595557,0.0011818712383907643,17667364.644630477,19764422.00201942,0.14692628678621078
2296.034456344491,1029.31801308715,5306646.447169367,153.11929671043796,0.0029642459450018865,342.00745531287043,3989.9644736554646,12263980.471418502,0.001119891954673753,17570626.91858787,23788161.011016015,0.3233851346964072
3812.088819906829,579.4130733497271,4540011.11083594,153.05391934913857,0.0025360102014593267,538.4524848412575,4964.4414367407335,38716399.47885284,0.003535408784395055,43256410.58968878,74116959.61779512,0.5369139182967365
3123.413896726354,307.119010431438,2716920.4100922407,152.89844926606867,0.0015176478004870209,480.6117729321892,3240.036186150793,43516609.957643,0.003973742578913563,46233530.367735244,49190907.9775673,0.43991745024314843
3159.017935350441,902.3018872098252,2284874.15155674,152.86160509387406,0.0012763105675155373,497.4699820323105,3561.337182708171,14135829.394832512,0.0012908208431028792,16420703.546389252,55822704.859010965,0.4449321035704846
2003.9471996544678,1195.532956134938,4841909.244270823,153.07966470995063,0.0027046478385710504,343.3892285699901,2655.458982512264,27213125.083410587,0.0024849811130624763,32055034.32768141,40315734.4369505,0.28224608445837573
3387.054511752772,1420.0384732642567,5823444.023047183,153.16336833124063,0.003252924517040512,559.8688353493969,3509.5247790542594,2799049.7675135173,0.0002555967308228486,8622493.7905607,6825442.715204001,0.47704993123278483
3564.814455844839,2027.9758712601458,2106804.3684507865,152.84641960477006,0.001176842355763652,536.0415100051741,3333.969983351484,10237455.394839758,0.0009348387303560656,12344259.763290545,29563227.846024856,0.5020865430767378
1528.9513871199376,574.4163652185047,2492385.909132173,152.87930134462837,0.0013922248067732568,232.57895341522334,2318.2158299263388,2794646.125308343,0.0002551946098729393,5287032.034440516,4508544.70185711,0.2153452657915405
3460.4368596686286,199.5782268590455,1995107.5647043406,152.83689429077992,0.0011144495054258297,565.6896270426614,3808.0251078067768,2961389.027675361,0.000270420827437046,4956496.592379701,7405976.269641221,0.4873854731927646
1552.080410629372,241.70722926526778,859819.5356835652,152.7400788530685,0.00048028761619178795,207.35877033439252,4756.957092544988,5382040.687203076,0.0004914639320710186,6241860.222886641,15129664.869298205,0.21860287473653126
1254.8421403991804,34.82756248650997,480972.0934982468,152.70777138570918,0.0002686667732636483,179.9565727205975,4222.383312113487,19176901.281458035,0.0017511490262666434,19657873.374956284,38881200.443371095,0.17673832963368738
2858.650958872715,375.8724108600932,1355386.0710360399,152.78233992674217,0.0007571067160736522,482.91154278626266,3532.068811979886,17302842.84217575,0.0015800183747109063,18658228.91321179,38387062.65500037,0.40262689561587534
1624.9019933418544,511.53514471767903,1956009.7656419217,152.8335600967842,0.0010926098193861922,258.91939536785446,3638.2423526915604,16492968.272290308,0.0015060642439763303,18448978.03793223,30192656.203098997,0.22885943568195133
807.5861282237558,358.0130967855738,2690007.1693160133,152.89615415053905,0.0015026143013399107,137.22810356483134,2951.161337066061,18401667.217219397,0.0016803581118850365,21091674.38653541,24490781.815014362,0.11374452510193744
2141.989033716983,410.7903096976549,1001344.8177070363,152.75214788909818,0.0005593423916567808,341.07676775564585,5051.040756428869,5707641.715362507,0.000521196364597232,6708986.533069544,23414950.239279028,0.30168859629816663
3027.394402041676,929.2215576746822,6564823.122249976,153.22659188347112,0.003667052349071609,490.6443246694975,3284.966473194912,8691003.460053544,0.0007936236424738826,15255826.58230352,30754323.545807693,0.42639357775234876
3201.8555495789765,59.06414991723877,615411.1433643346,152.71923611987845,0.0003437632418867853,519.9596507997277,4348.964398282215,17390004.509269416,0.0015879775890917215,18005415.652633753,25035112.976225473,0.45096557036323615
2531.564188955243,100.36616419767792,183059.13546450352,152.6823658738966,0.0001022552200147242,349.0548616957739,5696.846380698304,19446112.835193276,0.0017757322236906722,19629171.97065778,53308777.758377306,0.35655833647256946
2072.0652011105713,466.79776574688344,3357059.773189331,152.9530392653026,0.0018752240080199822,334.9368326807514,2857.073447478581,12478048.807173433,0.0011394397195712144,15835108.580362763,43376687.470591396,0.291840169170503
2477.7981717329258,218.5059385838487,792292.6493456808,152.73432027472452,0.00044256769250772265,373.594284831131,3142.4746619660873,8908966.365117295,0.0008135270420566756,9701259.014462976,24569987.605331875,0.3489856579905529
2086.916665128362,1098.5845352307606,11013572.745297851,153.60597370642174,0.006152084687617965,325.3347098377146,2901.663682916199,9360408.253432877,0.0008547507002242324,20373980.998730727,23342107.02666411,0.2939319246659665
2722.777247656508,325.55997532750337,930238.5871101161,152.74608407034623,0.0005196230778095057,420.33281966881657,2410.315281750238,13179263.587785378,0.0012034715233673607,14109502.174895495,23062044.44713155,0.38348975319105744
1315.8317261159523,146.272651915647,1008645.5668842526,152.75277048460626,0.0005634205258155944,206.36468359510545,5215.533857112271,9501594.383361334,0.0008676431874054448,10510239.950245587,13779105.897171594,0.18532841212900736
3863.0351348453846,499.48717491345076,3538165.863389047,152.96848368552608,0.0019763882741592464,657.7073154427471,2924.4013925497325,10914704.826773496,0.0009966821254835726,14452870.690162543,23112632.17766724,0.544089455612026
1241.2192050614065,226.39901537974134,728769.3031488074,152.72890311149393,0.00040708411106860076,208.45281782313722,3214.423774503626,23169593.326812983,0.002115743841914268,23898362.62996179,50384959.48295827,0.17481960634667695
1795.3841494114017,446.82051122246185,1151401.3343773906,152.76494445434994,0.0006431626396212753,272.74932645723015,4698.315551897441,9821825.452201491,0.0008968852592161795,10973226.786578882,30492186.78950757,0.25287100695935233
4110.406287607697,730.1392697926871,3296948.0706006605,152.94791304125292,0.0018416461406380868,673.0019409242245,4474.19959420828,14537692.210923634,0.0013275171616979572,17834640.281524293,25756038.00376701,0.5789304630433376
1773.675644245815,734.0815968718861,4845123.234657247,153.07993879359998,0.002706443145280124,253.05592434280194,3246.349288932818,9270664.56110287,0.0008465557068240622,14115787.795760117,21068889.0111154,0.24981347102053733
1710.0682360107464,217.2179237437859,831160.4914145096,152.73763485837785,0.00046427892659695047,276.7568558935027,2927.2906351456154,12801321.562612021,0.0011689595446251284,13632482.054026531,33455349.71561086,0.24085468112827416
1409.4035538474866,16.292044921848888,33532.45650365687,152.66961449230615,1.873093472615217e-05,218.89303247216438,3848.520275728391,17389471.34700205,0.0015879289030933093,17423003.803505708,33795322.84748244,0.19850754279542066
1976.6485290022108,115.89001608760724,676896.0790300881,152.72447945091602,0.0003781081851652601,346.55810156908416,5272.119451883629,38311325.19886822,0.0034984192092520376,38988221.27789831,78710459.07069649,0.278401201267917
4195.178014598797,721.0523222297741,1114616.2408887786,152.76180748396328,0.0006226148105361595,724.0506741692932,2945.533027122186,1957370.2546345748,0.0001787383146598761,3071986.495523353,6331176.219190658,0.590870142901239
3923.7616871258724,253.51433514822074,1853862.9926582992,152.82484919322104,0.0010355515320805697,633.3833395361385,3253.546622910333,2244896.822195634,0.00020499395739487675,4098759.8148539327,8595661.477172049,0.552642491144489
3115.423634996754,821.1582243032027,9185465.284850609,153.45007580259252,0.0051309199688811535,429.55804588400383,2934.065857237504,7878704.306745554,0.0007194481096036234,17064169.591596164,27469142.048937965,0.4387920612671485
1511.379759992448,262.87800771434655,892586.5582466411,152.7428731691811,0.0004985909862635918,257.2196193929218,3844.29467179799,16015119.916633002,0.0014624292650800533,16907706.474879645,37733239.678274564,0.2128703887313307
2944.2618234759793,1172.8375459906808,12558047.571078517,153.73768390019626,0.00701481471590526,490.7303971780051,4138.148766664824,26193242.81135911,0.002391850016364576,38751290.38243763,36694102.064674035,0.41468476386985625
3722.0261222038785,1485.1844901877696,4068919.5953784916,153.01374546365287,0.0022728626320249745,664.3941187129865,2483.780442485785,21332398.28838944,0.0019479793915800538,25401317.883767933,38932382.82762995,0.5242290312963209
1633.1465440896905,293.1044933511581,1364337.9538670438,152.78310332812796,0.0007621071589420936,255.94589796981373,3030.0327961632997,11416412.20551245,0.0010424958038696098,12780750.159379493,24526193.864946127,0.23002064001263245
1680.4327260519826,435.2280644326231,2321785.5830697515,152.86475283815318,0.0012969289679076734,278.85384847044367,4812.757954249294,30045849.623954393,0.0027436528738464354,32367635.207024146,45057724.78362218,0.2366806656411243
2363.6965185154977,862.4809169806725,5512025.389653253,153.13681107833844,0.0030789688125429926,358.58328164522976,4485.368707189874,40384497.76456351,0.0036877320740583163,45896523.15421676,63190671.670646586,0.3329150026078166
1249.680801046381,420.3183293005787,2151662.253181877,152.85024500910276,0.0012018995749021322,212.42117187584097,4850.080959395644,3531058.362519914,0.00032244048829703866,5682720.615701791,19313774.44729894,0.17601138042906775
1659.739783221824,913.0645814175207,1905931.8221302053,152.82928953469172,0.0010646367214106611,287.3813957921189,2894.6183405225574,9884469.107984312,0.0009026055982436289,11790400.930114517,28411799.028138213,0.23376616665096112
2860.3208153484206,558.2377607971607,5192883.601899648,153.10959520793062,0.002900699022074127,399.98834992325806,4583.459915706742,3272994.6032209434,0.0002988752577012047,8465878.205120591,9851762.703977449,0.40286208666879164
4436.241943047559,1002.4227106670993,3791691.7390434598,152.99010394223208,0.0021180055943150755,707.6677654034982,3226.131757860798,17758221.844486073,0.001621601552554609,21549913.583529532,46948027.696123295,0.6248228088799379
3791.519183850812,1523.3468290663602,5717076.280446865,153.15429747054714,0.0031935084333007957,582.8464523172865,4731.060619472947,4405143.22717978,0.0004022580165388672,10122219.507626645,17606624.358831238,0.5340167864578609
3481.8434911499503,817.6609074771172,488322.14754882746,152.7083981858532,0.00027277244868995076,490.14334677847006,3013.993004457924,500103.5072029117,4.566721999646899e-05,988425.6547517392,5861715.728218,0.4904004917112606
3740.0168000145577,341.085258669127,7070979.973417695,153.26975608131676,0.0039497871060496514,641.5204937524236,4721.575451566674,20457685.484706562,0.0018681045227495366,27528665.458124258,27631080.727641106,0.5267629295795152
2493.461964500079,519.4709484980442,1847312.3719441767,152.82429056739613,0.0010318924130716667,387.9199445556388,3802.5499077014656,18085528.09202874,0.0016514896981034166,19932840.46397292,35600013.30753101,0.35119182598592663
1972.737373815474,496.3834858281014,6103076.964404276,153.18721495423318,0.0034091250140508844,332.56521483489297,3166.8685913168297,13987269.383943103,0.0012772550060266522,20090346.34834738,28440774.93415681,0.2778503343402076
2405.6472657884424,339.11464161713207,485570.2281301337,152.70816350683234,0.000271235250751678,364.8027127510743,4105.493238700041,24739306.036809076,0.002259082999960924,25224876.264939208,51832631.49906714,0.33882355856175245
2298.6631071342767,669.5632261589515,5749016.488261976,153.1570212773003,0.0032113499519399458,418.9818357816409,2557.0614167955778,8790170.376067102,0.00080267912259897,14539186.864329077,23546326.83565493,0.3237553672020108
2383.38155108048,638.7728838272849,5832898.146647206,153.16417456286743,0.0032582055071770366,336.98153644459575,1701.727728883247,2313159.467411698,0.00021122739745623205,8146057.614058903,6332973.363336898,0.3356875424057014
3572.1779230313823,415.75226703680585,2832715.766779379,152.9083240977026,0.0015823300663826423,553.6865289573362,4263.464548957052,15675543.17127303,0.001431420632441637,18508258.93805241,34510041.67230482,0.5031236511311806
2494.805812069945,865.4070132264218,1277051.7001779366,152.77565970444738,0.0007133498267686278,414.7572317542821,1982.184760241735,3882657.7912523393,0.00035454697871611446,5159709.491430276,7893367.0783410175,0.35138110029154157
2520.9814335343867,1121.0265407359766,17232398.53308058,154.136304622722,0.00962586597446835,381.5316663432888,2975.634689102168,18523733.95961898,0.0016915047019391474,35756132.49269956,30125808.317399964,0.35506780754005446
951.5653826408096,238.14140846644608,520258.4149849511,152.71112165657752,0.0002906117662682117,163.7291309885217,2019.759822385936,3647524.8312025443,0.00033307568635291537,4167783.2461874955,16696062.489331106,0.13402329332969148
2103.2462426165957,565.1094512543218,748600.5843646352,152.73059428952294,0.00041816169000896686,366.8693189723043,3815.95800701777,17842114.84819941,0.0016292622871856642,18590715.432564043,40406384.6930075,0.296231865157267
3203.101994335981,471.89635185150945,3587629.163604885,152.9727018318807,0.0020040180378058103,464.5948323292359,4315.479844012731,22046831.695945054,0.002013218261385523,25634460.85954994,57998299.003383264,0.45114112596281425
4190.110283797536,1292.004723413114,4306302.869132763,153.03398910664603,0.002405462837002492,631.0574845361965,4604.40929052396,24723282.07576642,0.0022576197633636793,29029584.944899186,37088191.64709361,0.5901563779996529
2392.154664135862,441.02580306782016,796885.733019116,152.7347119651105,0.00044513334857487763,392.4334977938861,2249.432918661011,7799154.916493609,0.0007121840143655418,8596040.649512725,12949015.46523642,0.33692319213181154
3193.618394809595,1414.0624128269449,5996404.394592634,153.1781180983921,0.0033495386565169927,487.0940738765733,4628.428383656059,4549233.768744563,0.0004154157216264651,10545638.163337197,21455859.399161723,0.44980540771966127
3440.853570052343,551.4638355730036,3278470.8736319537,152.94633733723202,0.0018313249412262866,460.0592497181347,2421.3598540291982,8582335.159870414,0.0007837005383571745,11860806.033502368,14436143.091892244,0.48462726338765394
3096.4864326045613,387.43023870667486,503076.1701451383,152.70965638387798,0.0002810139157047864,486.1631701746639,3218.764832325151,2692700.617248032,0.0002458854011247729,3195776.78739317,6221127.364898089,0.4361248496626143
3035.5128666831483,124.27593601193551,1336731.5550761963,152.78074910125844,0.000746686467835822,513.3406595060812,5307.528627720565,18257952.332199637,0.0016672347100763348,19594683.887275834,66200233.08197194,0.42753702347649974
2587.0399425318424,128.9542531585551,402207.0561161731,152.7010544369036,0.00022466931743303498,407.7508752538734,2344.5208281776486,8938026.109522657,0.0008161806482035775,9340233.16563883,14328397.079789734,0.3643718228918088
1706.429787144174,855.7121396958626,5234261.189363469,153.1131238184148,0.002923812177826113,255.1187655218015,3007.4163749446675,7850563.765324684,0.0007168784409702754,13084824.954688154,29518955.3809828,0.24034222354143298
1712.5466522302727,238.09672817994823,2367206.4129350404,152.86862624949217,0.0013223006432374618,288.8434596263247,2471.2292345918913,14524280.919979185,0.0013262925024720654,16891487.332914226,21913068.58994465,0.24120375383524967
897.2208478016732,483.21488158360677,7056228.9549700655,153.26849813948067,0.003941547317125593,154.86611659095664,2904.7325328259185,10824408.84739299,0.0009884366996951604,17880637.802363053,18531553.726446997,0.12636913349319343
3712.4968031672665,1969.4224575640708,14334105.805680238,153.8891431343188,0.008006905195725,536.9144863341942,3260.7709641970723,10094072.977188764,0.0009217456879834657,24428178.782869004,20803000.493084583,0.5228868736855306
1224.303728438564,283.71642584325497,4287009.220818202,153.03234377703902,0.002394685575062949,163.32636545945923,2391.487525795097,2180973.306007024,0.00019915674722800492,6467982.526825226,3319771.9308381956,0.17243714485050196
2753.274107390239,200.85351319734198,2211588.879816024,152.85535545018894,0.0012353740604864605,434.5023110588811,4741.056288294484,12951688.877384195,0.0011826904166247782,15163277.757200219,17643823.20287727,0.38778508554792096
2099.371437297328,439.4990024474568,926372.107575963,152.74575434352897,0.0005174632964120018,302.61450401797714,3118.9860554235083,12309665.250722086,0.0011240636847994136,13236037.358298048,29200391.256981198,0.29568611792920113
2625.9792972847576,232.17855414938631,483399.1722533499,152.70797836286917,0.0002700225180694016,477.7886904766002,3466.8888068295087,13438490.530793412,0.0012271429707074745,13921889.703046761,32272803.51810958,0.36985623905419124
3495.0890954038528,149.63794555697459,692849.2006099111,152.72583990606847,0.0003870194583059927,600.4989500714523,3348.5782824118114,19228930.241770916,0.0017559000786839419,19921779.442380827,33223710.02641313,0.49226606977519055
2341.6187779711204,625.5262975312023,5629438.648229247,153.14682388190158,0.0031445548241775256,331.5076421753652,3984.44760223282,13645054.374736177,0.001246005458909988,19274493.022965424,33356343.19367887,0.3298054616860733
1706.371197270365,283.28506661375013,554878.9345237854,152.71407403576876,0.0003099504834180866,291.9017612257187,5139.517107587028,20927280.48261444,0.0019109858418561417,21482159.417138223,64104643.48209571,0.24033397144653026
1377.0372947742817,294.620178584288,4447048.2344663115,153.0459916327031,0.0024840819578768603,210.5841029871945,1304.8925376577688,11099384.933023034,0.001013546288441036,15546433.167489346,18383558.02956253,0.1939489147569411
2309.735923966722,1046.7984854961242,3579804.865669165,152.97203458902246,0.001999647453924114,333.8152973845078,2725.0795862627324,5135686.8235829575,0.00046896799687983555,8715491.689252123,22526489.8114947,0.3253149188685524
3623.3457945833666,815.7830665761416,3089322.142080752,152.93020705419406,0.001725668126496771,601.3883367801914,4175.7643231758475,31042873.164977387,0.002834696613259928,34132195.30705814,40986742.56224185,0.510330393603291
1702.9486330400628,387.4885066353058,1020804.7804294364,152.75380740171585,0.0005702125553588289,268.92852399946577,4499.899327885546,29182939.749445543,0.0026648557958240805,30203744.52987498,55387934.88987993,0.2398519201464877
2467.262383607095,82.95771270966391,478455.0609707533,152.707556737444,0.00026726078107297546,414.5579499177144,3802.6821374757865,20984487.101183277,0.001916209694914179,21462942.16215403,36384295.92044847,0.3475017441700134
1954.1921868791626,674.2696730345743,3986891.6038226886,153.00675025564922,0.0022270425187449483,292.85507407321984,2693.5313905443063,11014157.774714751,0.0010057637247675541,15001049.378537439,22352789.991242755,0.27523833618016375
2035.1888295651274,512.4391925014486,1258647.8232920286,152.7740902530388,0.0007030695833087908,293.2427896696684,3446.1136529415653,4472432.058211364,0.00040840253223565034,5731079.881503392,9104411.218195358,0.2866463140232574
1540.3761285085886,640.9603191478027,2136396.6429882897,152.84894318375532,0.0011933723395634033,224.80140857440938,3399.859599706401,1197550.9125061845,0.00010935500389562895,3333947.5554944742,8982210.976540016,0.21695438429698433
3412.712476544889,799.3935524664407,19423134.39476703,154.3231268616055,0.01084959172277733,473.8896549936723,2810.38893806318,21415582.457485747,0.0019555753985978632,40838716.85225278,24679096.037986305,0.48066372909082944
1749.9852383797681,804.0627022534526,11395040.731050128,153.63850464929212,0.0063651693430912815,258.55759362920486,2876.7528035522396,18473429.809531342,0.0016869111514926888,29868470.540581472,28677695.61766124,0.2464767941379955
2786.723993806954,282.30474552844515,1946592.193015041,152.8327569821624,0.0010873492463012724,442.5687606296847,4433.549247454408,5945533.746230656,0.0005429196029920683,7892125.939245697,8622516.813142585,0.392496337155909
2378.8923974356067,760.6853785042495,12399444.901565272,153.72415853352402,0.006926220662268667,376.4861360656292,4031.984859211727,17061705.765335646,0.0015579988132026236,29461150.666900918,26167683.737185076,0.3350552672444516
2808.799142862093,1490.6472746250968,30846740.611565683,155.29731262579108,0.017230717494498338,447.1295980335326,4530.480948385018,21587502.160953496,0.0019712743385311197,52434242.77251918,26080025.493944235,0.395605513079168
2025.1534491722518,185.95301845325807,1515198.6139545476,152.79596846936653,0.0008463765943333978,348.0639656565864,2830.7532843768026,11356400.977510475,0.0010370158463969012,12871599.591465022,34842908.06969005,0.2852328801651059
3093.2650765098174,1043.0257998495279,2746519.588077722,152.90097343376823,0.001534181640491683,462.1236119004249,3280.489403539552,3647364.1698088525,0.00033306101547157785,6393883.757886575,9695931.035591116,0.435671137536594
3812.95074031534,1547.9542488786367,5516140.945815044,153.1371620459881,0.0030812677259501875,619.6697778406976,4036.3221736116307,4251223.484884464,0.0003882027527145565,9767364.430699509,11929897.225255204,0.5370353155373718
2536.7489720732783,827.9140615994531,6815263.645647206,153.24794902656922,0.0038069462186431924,379.78519666447073,4301.3153146944705,18824485.739446938,0.001718968012025794,25639749.385094143,27441444.24585026,0.35728858761595467
2258.673767338746,299.1373903182106,1648721.4408190432,152.80735506959212,0.0009209612688616531,343.4579656693542,4117.220128509608,14727433.221964981,0.0013448434638909587,16376154.662784025,26720862.79120484,0.3181230658223586
2739.023871795168,582.2444557765645,7136881.9529095115,153.27537609036065,0.003986599371087474,443.3601261769565,4538.090509221552,13598149.43636923,0.0012417223093050102,20735031.38927874,27734265.36402032,0.3857780101119955
3402.0558630863484,930.1811366333419,7230946.922927379,153.28339779147333,0.004039143234470632,517.1029717789592,2565.97562182545,16688779.600791764,0.001523944860464086,23919726.523719143,32202396.470785953,0.47916279761779557
3778.2451849056993,397.95154196588817,5785977.857880577,153.16017328021636,0.0032319962473177366,565.6537585677005,2039.9439286841364,20108820.82600653,0.0018362477593227941,25894798.68388711,34576421.01034736,0.5321472091416478
2354.957041787034,261.4286139324754,1461825.6795633635,152.79141691604002,0.0008165629434868649,430.8415678802975,3067.256257614969,8472773.025535703,0.0007736958132954967,9934598.705099067,33335408.908414636,0.33168409039254
3191.7768187402908,321.71362925581525,2083562.421267452,152.8444375709317,0.0011638596088674458,452.99799364499387,3976.932314019108,24113513.41305158,0.002201938410871478,26197075.834319033,37232606.20866137,0.44954603080849165
2011.915392560898,583.3420909666464,12926650.512237554,153.76911773388235,0.007220713070831497,292.14240192804067,4185.109371290124,37273715.01979234,0.003403669279215638,50200365.5320299,65600114.01631822,0.28336836514942226
3171.0339346948895,585.1786505104395,752971.205036832,152.73096700864147,0.000420603080204085,523.6435217642887,2384.2725203022965,15525997.51246581,0.0014177647903971314,16278968.717502642,36198524.769863255,0.44662449784435065
1806.887800369081,327.52913139605505,3366398.645740217,152.95383566851538,0.0018804406199357526,273.48318506543677,4478.303149381974,26302609.291295722,0.0024018368751399497,29669007.93703594,51181524.716503814,0.25449123948860297
3329.4895474999203,1942.6326980275353,19285171.06202291,154.31136158256942,0.010772526620792977,536.5629471131024,2285.3489235043908,12662060.153831242,0.0011562428143878623,31947231.215854153,19132108.291999742,0.46894218978872115
2844.329657783814,181.12469822334236,2294148.4165422036,152.86239598746323,0.0012814910902148036,484.6350786359042,5837.134795780144,29342101.890244827,0.0026793897720796015,31636250.30678703,57914511.02060151,0.40060981095546677
1908.5488451492463,605.1947018291806,4769177.884177041,153.07346230291134,0.0026640207417067963,334.0336431521608,2154.5237379562686,7817208.587666221,0.0007138325950319619,12586386.471843261,19839617.373238444,0.26880969649989384
1662.1043460307487,576.7569851966886,6286636.287572437,153.20286858200365,0.003511659634509501,285.1407915306766,3411.278711237746,24330937.403360322,0.0022217925991643646,30617573.69093276,33483020.47832543,0.23409920366630263
2399.773080885056,795.2831873909156,6754753.259833766,153.24278880349027,0.0037731456503251604,330.3997400907852,2647.6324155857146,13164881.049405808,0.0012021581741609912,19919634.309239574,23249869.003027152,0.33799620857536
2928.4628794597334,969.9868565764145,6043408.312986159,153.1821265128359,0.0033757946311487874,500.5857606905135,2624.6583643150875,11898552.361562034,0.001086522690820664,17941960.674548194,38195133.62418696,0.4124595604872864
4334.804374670786,792.9438672814965,10089496.458435016,153.5271700478748,0.005635903816426202,699.1572852923966,2225.3565925479757,21815530.916235078,0.001992096906625488,31905027.374670096,37719108.53046046,0.6105358274184206
2683.036141720113,1434.1038288043603,7098903.570464841,153.2721373583156,0.003965384981306608,417.18814560894316,2171.960165177854,6189082.0539799705,0.0005651593473441169,13287985.624444813,12503038.225966264,0.37789241432677645
2740.3903047064687,1525.697012034236,10279604.981028024,153.543382180265,0.005742096761974125,369.33083338762265,4156.35981631261,25787145.848338854,0.002354767054371631,36066750.82936688,38273232.71887735,0.3859704654516153
2199.5385717714453,737.6025080987969,8925201.30697054,153.4278809319563,0.004985538804196166,358.1494630848099,3370.948518147346,28732444.907354806,0.002623718617690505,37657646.214325346,47490521.946936205,0.3097941650382317
2126.427417524471,492.84866808986976,2957635.028653801,152.91897700049714,0.0016521088653189686,364.66860761449635,4103.130475593871,27823827.3340146,0.0025407477166335176,30781462.3626684,69546797.2377234,0.2994968193696438
1045.1934684048185,220.60636814014381,558070.1797894075,152.7143461797528,0.00031173308490339835,150.86943839651317,4054.583070199528,21582594.003726758,0.001970826147521414,22140664.183516167,51189880.95728863,0.1472103476626505
1034.711001009449,97.07022038241395,1396364.9892273836,152.7858345393869,0.000779997178682823,148.9015553806537,3751.669048529699,29624261.791007847,0.002705155354757466,31020626.78023523,47365533.930453874,0.14573394380414775
3642.6191263070273,439.68413304128023,936694.7604557006,152.74663464185974,0.0005232294393509029,644.6152855253576,2782.8861960799763,5221000.781242336,0.00047675848668261855,6157695.541698037,7352206.820261005,0.513044947367187
2229.192787804528,81.53305276747317,538049.7190158411,152.71263886881192,0.00030054983192884244,358.9432383484337,3874.120927222841,34119536.503080115,0.0031156437761823436,34657586.22209596,51702842.16848471,0.3139708151837363
1849.0464504301642,233.2549234089864,2490495.0083790165,152.87914009181904,0.0013911685662746365,290.9543926508596,3186.1578616650654,15921324.759664673,0.0014538643100133854,18411819.76804369,37279008.53937395,0.26042907752537525
2551.2145455976997,843.7609269215939,1619000.3212412084,152.80482050292036,0.000904359313358194,434.1131167694257,2928.782528121502,4026372.026850265,0.0003676703212225128,5645372.348091474,6295172.426343589,0.3593259923377042
3167.729767331092,828.8221694824033,10509275.482095683,153.562968091084,0.005870388680091265,457.52931453873185,4192.787852365977,17051698.976563353,0.001557085037918626,27560974.458659038,37654273.36731493,0.4461591221593087
2074.354689008712,210.73160082939475,1839170.9004999767,152.82359627651897,0.0010273446588626722,307.75798303080865,1946.278915403366,10747437.151647395,0.000981407988013502,12586608.052147372,28323070.253437754,0.29216263225474814
2211.2871064276674,996.8564142288942,16029027.883455945,154.0336832145909,0.008953673733286038,312.7659250241951,3076.223667539668,16539016.941968815,0.0015102692029467539,32568044.82542476,28800043.696875997,0.31144888822924893
1621.9294364112486,506.6003086739382,1053459.8563529523,152.7565921712089,0.0005884533930242686,265.156001299749,4363.848031818637,28447881.922830097,0.00259773359613002,29501341.77918305,68401779.5092752,0.22844076569172517
1437.9091115826732,802.3590713215018,1502680.6641369318,152.79490095983604,0.000839384177869551,231.12297947421933,2757.9060050136377,14232148.59603649,0.0012996162826227255,15734829.260173421,22797844.817516472,0.20252241008206665
1496.2547082025028,358.8306808026052,7623826.771290138,153.31690191863308,0.004258602455840643,244.7178095965448,3364.948205186886,16462986.048357042,0.0015033264011165555,24086812.819647178,30219673.412157897,0.2107400997468314
2182.5661207527414,795.62481431986,1051130.3183749905,152.7563935121609,0.0005871521336366925,340.22168280583986,4836.146896511994,26214335.155230537,0.0023937760750583153,27265465.47360553,59526707.13363886,0.30740367897925935
1734.2496433054482,413.83050328704417,4379332.786905248,153.0402169741778,0.0024462567055549833,303.38992931206985,4195.080940714989,20017308.371392623,0.0018278912504459735,24396641.15829787,52963693.243760064,0.24426051314161243
3104.324360176023,212.70690424721303,1191231.3130400395,152.76834108738024,0.0006654113147337437,445.7342488759941,3411.742070498668,17786376.696655255,0.0016241725279816147,18977608.009695295,31759449.936430164,0.43722878312338354
1852.1797621281382,618.5745997225035,1867246.805277261,152.82599054206275,0.001043027611875802,293.7310346166976,5822.908642829133,28034661.173887886,0.0025600001218046876,29901907.979165148,37148874.51403347,0.26087038903213217
3079.0264939133267,432.34364425383114,2650151.8593109734,152.89275535729485,0.0014803514763626069,490.62631555152547,3311.907020451269,18996956.760317918,0.0017347172958034319,21647108.61962889,30991482.56969583,0.4336657033680742
1929.6693980089728,494.4147158435727,7572053.964278665,153.31248682145576,0.004229682622048703,275.2467328470059,2885.098775758717,5223888.132219624,0.00047702214668577324,12795942.096498288,8527300.448049627,0.2717844222547849
2374.0892774160716,552.0984281670942,8255676.556967805,153.3707849967635,0.004611548178472091,352.0065781475427,4922.782023018316,27409652.996701296,0.002502927164874611,35665329.5536691,45825518.452852115,0.33437877146705236
4007.926426494876,1295.44221254039,2323752.0245297784,152.86492053294586,0.0012980274047795781,663.0138973609124,2532.5254171868933,14338491.886046851,0.0013093270771884615,16662243.91057663,31973614.150350887,0.5644966797880108
2450.2323223303706,1083.5583217542974,9980766.075219588,153.51789770519662,0.005575167982457829,395.25098523542766,3990.4550782159386,9742105.745403625,0.000889605611431356,19722871.82062321,12691778.974423306,0.34510314399019304
2554.1033656625978,896.5679125716692,4087130.267121767,153.01529843885456,0.0022830349527944716,433.93892908369185,1994.0007631145443,9625139.128854547,0.0008789247421047945,13712269.395976314,21114058.845611818,0.3597328684031828
2258.0351956562276,916.593495901507,9660969.332376255,153.49062598132952,0.005396532339847049,328.57345360485067,2484.1057004799295,10959590.35816422,0.0010007808718573844,20620559.690540474,20796027.591917336,0.31803312614876444
2807.6974793188783,639.288473002037,2051949.764333984,152.84174169716223,0.0011462010572644843,398.9434730843067,4878.698478256008,30681855.730974913,0.002801730112638163,32733805.4953089,76471878.75670119,0.395450349199842
2949.7753540435374,958.8592066393312,19604050.802936837,154.33855510606716,0.010950650034206255,463.6842660365033,3014.529988899644,15120631.480016897,0.0013807485737213517,34724682.28295373,28843207.823306873,0.41546131747092074
1989.3958636814634,940.5004537818187,5817035.552406858,153.16282182773293,0.00324934480181005,302.6366886744432,4881.15126410126,25410407.68705793,0.0023203650071064426,31227443.23946479,61625461.31569735,0.28019660051851597
3476.7064192073562,1268.375148089525,10432285.52418303,153.55640251804513,0.005827382768010869,483.7156136909714,4792.0850056822865,5647880.510886546,0.0005157392381569042,16080166.035069576,10300184.83885677,0.4896769604517403
2884.9825229353514,861.7393851239117,3568570.1898752106,152.9710765149243,0.001993371863021842,457.73990818695023,2640.2904193370773,15911284.910189508,0.0014529475157735725,19479855.100064717,38422617.8707096,0.4063355666106129
2813.719303062054,59.637039133895044,216449.49817485712,152.6852133473998,0.00012090678240017638,469.6975001134856,2988.249979849419,10574826.554772664,0.0009656459587782186,10791276.052947521,34963426.59505708,0.39629849338902173
2735.25823125956,388.6830360512928,5487914.344132057,153.13475492926779,0.003065500594973347,394.28047540017764,3104.1418263790474,16897234.16375657,0.001542980000688206,22385148.50788863,27525278.43318163,0.38524763820557184
3473.398478915935,1013.7529367547711,20527744.74235206,154.4173261586722,0.011466617329482842,552.9446257131473,3839.7614905091164,24316804.666929793,0.002220502060756956,44844549.40928185,30021846.59468792,0.48921105336844156
3603.007137491948,361.3353841991887,1081491.8862865844,152.7589826951804,0.0006041118379362942,631.7317593339217,4526.709442819221,22684839.010582805,0.002071478241524188,23766330.896869387,37895961.69570154,0.5074657940129504
3331.1148225632296,914.5292403039058,3413063.003921611,152.9578151258402,0.001906506919225226,490.27882035798,2483.7336791562916,11085722.661539806,0.0010122987107926294,14498785.665461417,20792913.164979033,0.46917110176946897
3635.1152884836947,1368.5718824670118,20488788.127420943,154.41400400461976,0.01144485650765481,592.604234781305,4638.46704215401,35068811.023969375,0.003202327288211591,55557599.151390314,58561526.943998665,0.5119880688005204
2105.6954799951554,890.4823174852099,6417706.72927844,153.21404604698205,0.003584874428297802,287.5877385232939,4076.730504543564,41392474.79874941,0.0037797760375750107,47810181.52802785,57433704.03181809,0.29657682816833175
1694.417039891096,709.9999410754583,2970928.683415829,152.92011066082972,0.0016595345837298048,290.91460295087,4551.585261488209,3354498.5334570915,0.00030631783280628364,6325427.216872921,12024996.296884635,0.23865028730860507
3706.606019189802,555.5235525073828,1262995.265124249,152.77446099550517,0.0007054980260081667,526.1976847510946,3364.213931840484,4521304.170888948,0.00041286531541792046,5784299.4360131975,9943390.22613669,0.5220571858013805
3906.59873691011,854.7748261031913,3729107.565740733,152.9847668700731,0.002083046626578877,555.6187371386696,4165.030901644549,14173503.658964476,0.0012942610887391119,17902611.224705208,48732118.52347496,0.5502251742126916
2990.143404574769,707.1980682449288,10319893.265148688,153.54681789680748,0.005764601442477035,444.73687788938054,3642.758261550156,18318337.18177789,0.0016727487850036779,28638230.44692658,48957193.75066726,0.42114695839081256
1267.6627931717505,374.0365676863484,1446957.4551480769,152.7901489790778,0.0008082576843422284,205.628207756405,3911.4251775973553,26646585.201271035,0.0024332472198547585,28093542.656419113,55104853.20095493,0.17854405537630288
2003.8721872055164,414.43174019173904,2103542.7353262478,152.84614145822883,0.0011750204362408478,339.4860033111424,2958.8924870497813,24834986.955214024,0.0022678201543446263,26938529.690540273,29357350.40312987,0.28223551932472063
2436.525125890445,876.1088796259133,4507159.214829536,153.05111779516264,0.0025176594218299098,438.91306546791475,3392.391362099443,14126468.128308766,0.0012899660140292411,18633627.3431383,27459256.6516021,0.3431725529423162
2561.386464236019,749.4115423701174,5740844.366982528,153.15632437265717,0.003206785077003227,374.5071949279196,3999.368344006607,40887263.500473104,0.0037336423968970527,46628107.86745563,53374356.182535775,0.3607586569346506
4219.533775459684,1713.3469164656642,21858179.29804251,154.53078336121726,0.012209786348948759,691.718335740206,3423.7167960418374,18282089.809257414,0.0016694388367402776,40140269.107299924,31526796.401060868,0.5943005317548851
597.7458375490738,47.866202502136645,131381.46013463225,152.67795888938775,7.338852594185319e-05,99.69007278424843,4174.595174320084,1485630.240445525,0.00013566112224105173,1617011.700580157,8118894.156708921,0.08418955458437659
4292.454317375648,1243.87181104759,5892204.235823145,153.16923208557156,0.003291333366005178,641.2087625063275,2477.5073464268203,7076280.073491331,0.0006461743103546002,12968484.309314476,14938357.460489472,0.6045710306162885
1847.892977513759,380.576539070317,3827190.1733354726,152.99313118850455,0.002137834706910091,316.47892845085863,4113.4491894523535,22796451.047497228,0.002081670154539421,26623641.2208327,34003253.23466198,0.2602666165512337
2558.5718933082644,912.0036978762362,3363971.480395657,152.95362868397117,0.001879084826761579,406.2978667612024,2490.9484395593445,11935200.519437736,0.0010898692370137424,15299171.999833394,32357429.520601485,0.36036223849412174
1652.3286838625909,419.97845334386653,1899747.908493062,152.82876218102442,0.001061182441743469,297.5775582077518,4260.348291496896,22541784.82730876,0.0020584151720497716,24441532.73580182,39866611.29114939,0.23272234983980153
2107.776388841326,1707.164757500831,8304852.173935536,153.3749786099786,0.00463901724479121,349.81595035268725,3563.3670427342413,26317946.941552676,0.0024032374408996878,34622799.11548822,54099784.761255234,0.2968699139213135
3695.1092520582374,322.8052585350956,775319.7362498126,152.7328728534811,0.0004330867728119525,590.116996103464,3978.450170652386,15859659.31226714,0.0014482332966093117,16634979.048516952,33015936.427325584,0.5204379228251038
2676.4332308901244,36.30948611749474,160754.45995506604,152.68046376899701,8.979602481651305e-05,426.0517839028843,3796.29456913024,21093007.089355584,0.00192611925584007,21253761.54931065,47642612.73380856,0.376962426885933
3215.3456114740766,2429.3722959980296,21773102.13674467,154.52352812518927,0.012162262996319173,585.0810761434848,5316.30853139054,18235612.471896242,0.001665194733750491,40008714.60864091,50866766.09234471,0.45286557908085584
1751.749174580723,124.63329789678045,402757.6972659856,152.701101394647,0.0002249769007272029,267.53992646124215,3694.9881423784036,3208140.125695735,0.0002929530363005497,3610897.8229617206,7942067.137530421,0.24672523585643988
3280.832395923793,913.9137736427044,3680835.2740405384,152.9806502909048,0.002056082149794358,490.5403452830092,2566.3723202485085,11188937.59905631,0.001021723838172461,14869772.873096848,33337186.012069296,0.4620890698484215
1233.5330104707693,413.5769646402356,1037604.4740799408,152.75524005109875,0.0005795967161987825,220.2373868831348,2628.1130251121745,20020941.97111889,0.0018282230545539004,21058546.44519883,39900562.384312294,0.17373704372827736
2677.945436973088,515.4277445811738,3943942.6960418792,153.00308764563331,0.0022030516373099385,459.39053029306206,3174.056703412518,26290903.72057482,0.002400767974671154,30234846.416616697,41231008.4159076,0.3771754136581814
4011.545725999521,803.7849113606236,6022911.930801587,153.18037861612427,0.003364345532667956,601.674527816858,3217.5100161303017,3184775.6505933963,0.00029081949672477616,9207687.581394983,8500455.073647384,0.5650064402816227
1589.0461203250602,410.0459375797397,2642458.9854540485,152.89209932205912,0.0014760543048131236,245.8698423428934,1778.0712932724443,2462892.277324729,0.0002249003293043454,5105351.262778778,3821815.1296679066,0.22380931272183946
1315.8356235881363,381.1670379599501,4434272.3530571405,153.04490212720393,0.002476945463098401,195.98703267727055,1798.013362413348,11074301.764310738,0.0010112558054364282,15508574.117367879,19038789.07242475,0.1853289610687516
2007.396642569624,193.8599775057375,408811.1295454827,152.7016176210854,0.0002283582946576157,320.6964488241792,4649.251788431888,7574931.944631079,0.0006917089734253598,7983743.074176562,21552389.79955848,0.2827319214886794
2166.0193924945124,244.34738280499087,2231282.775746744,152.85703491223384,0.0012463748972173505,359.4332848251372,3100.0900994951858,4056490.6876662527,0.00037042062288941284,6287773.463412996,6663383.6845646575,0.30507315387246653
1077.27698218659,557.0185921915851,4396303.1697178595,153.041664179643,0.002455736211856907,199.424525674217,4604.3419710891085,3124395.5502586383,0.00028530585547715046,7520698.719976498,9896646.930780306,0.15172915242064647
2633.551627315438,573.8679184178948,2453263.8210006533,152.87596507930203,0.0013703715530737348,427.17335053534845,3287.4432052600696,13446662.877262395,0.0012278892329086212,15899926.69826305,31454458.215970628,0.3709227644106251
2326.4666672559197,663.7706731734846,7638993.951294339,153.3181953500209,0.004267074708942831,328.3460215305803,2767.3956909210083,13851303.196561674,0.0012648391806988975,21490297.147856012,26478611.702812895,0.3276713615853408
2701.065751774659,682.1329577931914,6912089.679677897,153.25620618653824,0.003861032388054353,421.3596906201792,2471.6218053947096,8107662.442362584,0.0007403555445618068,15019752.12204048,31204694.489923913,0.38043179602459987
1888.0515380843299,462.01408693472877,1773202.6520967835,152.81797061617468,0.00099049537659468,290.51288652181324,2204.5912311704355,7711500.206439244,0.0007041797775023213,9484702.858536027,14064806.443828708,0.26592275184286335
3861.0991425217576,860.3780923759829,9471906.504164068,153.47450302398263,0.00529092350996585,623.2189370286346,3354.439282986752,12971518.111174611,0.0011845011337439865,22443424.61533868,29456609.40278114,0.5438167806368672
2541.1876530561954,1888.1014700472151,5586579.7141056275,153.14316894468658,0.0031206142012345506,416.09754668881743,4618.72607800773,16343879.420640813,0.0014924501155224462,21930459.13474644,38666291.43003045,0.3579137539515768
2676.2529957543675,710.2759036534325,2579824.2473953497,152.88675793782352,0.0014410670920499413,416.6259874337693,3703.9174997387768,3554238.873592866,0.0003245572290987975,6134063.120988216,9785512.444462504,0.3769370416555447
1066.2900977478735,348.9362924748421,816832.1540058834,152.73641296206392,0.0004562752435770534,151.16970836059397,3612.377431382274,30634745.308091234,0.0027974281991043257,31451577.46209712,39259868.981502265,0.1501817039081512
3216.1991050119323,367.2160194089814,799158.8424342716,152.73490581202634,0.0004464030874644642,589.3301198353103,5200.52357262037,13030235.311057368,0.001189862926344922,13829394.15349164,29937171.99145164,0.4529857894383003
1006.0898389450223,404.65273114606606,4326880.457895897,153.03574392851698,0.002416957296762723,137.83265559498815,4058.5919837127394,22549508.54885204,0.002059120467825203,26876389.00674794,52721125.00614224,0.14170279421760879
811.6844867636061,92.60572846292942,551788.8037351823,152.71381051465585,0.0003082243635887938,116.6658403096157,1666.494432992709,5057095.628050673,0.0004617913997065185,5608884.431785855,10184679.820370223,0.11432175869909944
2280.1729310505393,329.99683740179233,3801639.143811157,152.99095224004026,0.002123562126965073,346.5601213880254,3684.620445697186,17095649.761482127,0.00156109842741699,20897288.905293286,29679357.462434858,0.3211511170493717
1248.919784962498,42.05632055187489,814774.4567509842,152.7362374851318,0.00045512583202222956,203.4400815402706,5642.148424236807,25336055.176515415,0.0023135754677264335,26150829.6332664,36617686.00801508,0.17590419506514055
3203.0103066492775,640.4145309014326,11707805.665022671,153.66517671242437,0.006539877079228651,434.83486881383055,1687.4834331157151,15693617.86096952,0.0014330711324258383,27401423.525992192,19744065.436951593,0.4511282122041236
791.0844082596932,171.481845627157,1053908.939705436,152.75663046827555,0.000588704247027616,121.51535748514314,3774.757276200837,14798123.985873722,0.001351298628913085,15852032.925579157,36117109.13506029,0.11142033919150608
1106.21213025872,214.02506383409283,828614.9780647609,152.73741778131645,0.000462857025269825,166.26305579791565,2864.118068719971,8920147.65034744,0.0008145480671146765,9748762.6284122,23040075.5575762,0.1558045253885521
2088.734299396464,34.772404276510166,147759.42913712183,152.67935557480791,8.253711510941564e-05,344.62386224908533,2894.039460913675,21656574.743948553,0.0019775817384951834,21804334.173085675,40771742.37278362,0.2941879294924597
1825.3188149254659,222.0603140836812,557755.018638136,152.7143193033443,0.0003115570386611477,299.4635805012897,2240.969111037454,9112157.769480627,0.0008320815741301467,9669912.788118763,18139223.751061488,0.2570871570317558
2615.090894534295,1494.387211424593,27907305.25827837,155.0466425640285,0.015588774807469452,423.4826268062818,3233.02276419376,19427481.151367094,0.001774030861488768,47334786.40964547,26007687.874291684,0.36832266120201335
1599.2861698616243,273.4217938021555,797902.5848135154,152.734798680507,0.0004457013530272391,260.4832625993168,4182.8432272524915,7277465.779133911,0.0006645456909736063,8075368.363947427,24938103.79282895,0.2252515732199471
1283.67308780809,291.08412546352577,1094135.2578779117,152.76006090046707,0.0006111743138981218,222.85287534709568,5596.772068638075,9102176.292215051,0.0008311701101799611,10196311.550092964,36323192.3122511,0.18079902645184368
1522.0436794579996,257.37954191113937,681679.9064491,152.72488740760514,0.0003807803890081285,256.7266104972086,2204.7864279783957,7325508.500041556,0.0006689327378015507,8007188.406490656,19361069.659214683,0.21437234921943657
1759.7439998806979,251.74799926577407,2648070.9821169,152.89257790361683,0.0014791891166980875,267.5529574712681,3358.734137828822,8425410.214363003,0.0007693708527896762,11073481.196479904,20024766.88487109,0.2478512675888307
891.7254351683276,130.8168593815548,1126422.732075561,152.76281432150836,0.0006292098124784928,126.36745177037815,2889.690948022875,13233157.1010512,0.0012083928384376314,14359579.833126761,33810256.17833012,0.12559513171384895
1973.900347761181,627.7058001370932,2300376.606662472,152.86292711695393,0.0012849701023351923,318.5870802957485,3210.838838295853,21404573.227956437,0.001954570084898468,23704949.834618907,46725478.69156381,0.27801413348749027
1880.0252560841384,398.64644150353035,4736923.13437164,153.07071167255071,0.0026460035226836265,313.2729595666972,3400.8683125507314,15184129.99752716,0.0013865469749059574,19921053.131898798,28112802.935775653,0.2647922895893153
1904.1363031367018,523.4324488138334,5526251.428792373,153.13802425082943,0.003086915352651154,263.2852082710584,2753.5251187504655,8363012.507641048,0.0007636729727326373,13889263.936433421,22179450.36282435,0.2681882117093946
787.7339260299253,199.33380679453998,262955.7990420548,152.68917932586493,0.00014688479226654394,107.14335525069731,4154.185670307904,10515505.2322453,0.0009602290003939626,10778461.031287355,23913855.8185149,0.11094844028590498
2382.6015498297115,410.9128885867443,876309.882395379,152.74148512186912,0.0004894989785575454,413.63325542077996,2584.4506916290825,13950035.116701463,0.0012738549389424568,14826344.999096842,26165398.06681768,0.3355776830746073
1437.1869309123242,213.62150329889786,3324256.21532367,152.95024183352135,0.0018569002296500159,208.04799574144505,5140.16321812714,48575961.05490318,0.004435739938000694,51900217.27022685,78039034.54330142,0.20242069449469355
2100.9239770884956,147.48337747021083,359202.9988368551,152.697387123832,0.0002006476299738491,325.9645280502067,2119.8971446305386,13037057.51697329,0.0011904858997373027,13396260.515810145,26764103.878624726,0.29590478550542193
1237.2351419540225,512.1255513607033,1343393.8041490945,152.78131724656046,0.0007504079414624165,209.0740732348917,2077.0221812098575,17094000.262282412,0.0015609478025128403,18437394.066431507,26066144.66210478,0.17425847069774966
3193.2289959478435,250.75224540033122,926161.9912995078,152.74573642516924,0.0005173459273113412,579.0203674547475,3558.3073423199417,5549302.745854535,0.0005067375566696945,6475464.737154043,10517059.6062118,0.44975056280955544
1518.6842309494143,367.68770806304303,1600699.0570130234,152.8032598021452,0.0008941363884247266,254.27116333690748,1980.9395243248696,10090178.722449247,0.0009213900820231986,11690877.77946227,23177590.26688589,0.21389918745766398
1923.4416820775766,155.88540271726853,898495.2893532065,152.7433770557489,0.0005018915513939071,306.1664068326604,2376.6218662768724,6571324.306397751,0.0006000640036436498,7469819.595750958,13681187.398892172,0.2709072791658559
2739.6165735087125,502.33824838774314,4298746.135706155,153.03334468123532,0.002401241712297608,443.85270430328484,4043.1454769429265,28770064.37672376,0.002627153859713563,33068810.512429915,50429718.18559811,0.3858614892265792
3231.503857963114,674.8123867795991,712663.9188916299,152.72752967163856,0.00039808778533756417,526.9276035118471,4422.043485456177,4951121.160911329,0.000452114284399072,5663785.079802959,14064460.677449882,0.45514138844550905
2125.3107796831623,506.94873037459337,1822947.5896237448,152.82221278008154,0.0010182824603617302,340.20131290586136,4049.5555562939344,27635192.606771,0.002523522435338875,29458140.196394745,61481200.6023782,0.2993395464342482
2231.006214382578,365.41042057514755,1534485.713839855,152.7976132405346,0.0008571501983780649,381.8156476291335,3011.0728976401174,9870859.876473615,0.0009013628639687627,11405345.59031347,28206831.980531592,0.3142262273778279
3412.3129302376724,712.0706605276685,2109607.43173245,152.84665864525286,0.0011784081222132592,626.4380924549268,3609.5727309892604,15804227.278678147,0.0014431714907305276,17913834.7104106,32007073.130803205,0.48060745496305246
2857.507152679483,1858.629628696046,14218714.070687851,153.87930272285845,0.007942448389351542,441.0006920024954,4688.44676957146,12622676.325671159,0.0011526464589954578,26841390.39635901,37950003.22821351,0.40246579615203987
1642.9722149874476,840.5928184096933,1096206.964067489,152.76023757205738,0.0006123315507202687,304.83739746373914,3398.531023270048,16055823.711089695,0.001466146153902812,17152030.675157182,36935753.59651651,0.23140453732217572
4513.868408074344,943.6691055544179,4637099.032470172,153.06219884243828,0.0025902426589778926,735.0446260053124,5833.218747233922,33544409.208227538,0.003063125718776779,38181508.24069771,54611423.930736296,0.6357561138132879
1057.640066574753,149.2309475372171,291670.1128343335,152.6916280338468,0.00016292435493014956,166.35963045795847,1901.7668117961664,10500279.374928212,0.00095883864306649,10791949.487762546,32234361.456486847,0.14896338965841593
2632.443768416685,632.9162841851916,2908886.6753280773,152.9148198236008,0.0016248784647054926,385.72167983307685,3069.8684574768295,17598168.525961567,0.001606986197927116,20507055.201289643,38290138.72003168,0.370766727946012
2611.065738364964,911.3265672713516,1925608.8787636196,152.83096756070992,0.0010756281518584654,422.5090219391702,4979.218536666302,13424277.351076275,0.0012258450865782029,15349886.229839895,31766317.478526443,0.3677557377978823
2143.730511781651,370.32266515356883,2710434.407805214,152.89789615079363,0.0015140247767619908,371.36314883886206,1690.5984163329008,4206340.088665921,0.00038410420131513743,6916774.496471135,13218239.318723692,0.30193387489882406
1785.345128371063,364.0266002228225,509885.6825850465,152.71023708755018,0.00028481764935039955,263.2488173358839,4474.429202726038,2437753.8277393435,0.00022260479829716099,2947639.51032439,8702021.535426324,0.25145706033395254
2579.831967263089,634.6447338090716,1916792.255964289,152.83021569407023,0.0010707032640517866,467.336046498351,3219.0288921742035,19209748.30575592,0.0017541484699082819,21126540.56172021,25441182.918203242,0.36335661510747735
1517.9795505993077,154.30697501438547,1023868.8242108172,152.75406869817303,0.0005719241032158262,244.48924448761983,2599.6905540400935,14518678.080807498,0.001325780876207956,15542546.905018315,32821586.75332092,0.21379993670412784
2955.3040274873547,234.34868484918042,2669656.766133421,152.8944187026691,0.0014912467454428757,510.0091990837383,2207.939963149662,14037805.55153347,0.001281869743275818,16707462.317666892,18484068.687611103,0.41624000387145843
4104.031636516265,777.4738226792556,3171806.1831523674,152.937241153327,0.0017717429850176991,755.1897913990006,2343.052939469109,24187261.233543366,0.0022086727326551723,27359067.416695733,35572720.46054532,0.5780326248614458
2895.140928496398,606.2231146004284,3156724.5038088094,152.9359550132905,0.0017633184918310896,452.0159259771184,3379.3891286158087,14811159.213978423,0.0013524889477590594,17967883.717787232,42665429.27031105,0.40776632795723916
2294.9295259207543,1144.7510932928963,18052446.1032617,154.20623688873889,0.010083937321187397,344.69931459664605,1907.0608216013654,2527211.2331830016,0.00023077364925675104,20579657.336444702,3685907.135756481,0.323229510693064
2961.1180639769414,920.5954177013903,10094705.431880224,153.527614260296,0.005638813503092921,474.38778162843386,4715.083647917401,36837431.79381654,0.00336382984243016,46932137.22569676,73907273.97035973,0.41705888225027343
2406.1477337759834,425.2612263535353,2529643.644798423,152.88247862113838,0.0014130366496138969,348.3153114620497,2112.5950616890964,11259386.4048059,0.0010281569086555075,13789030.049604323,28392420.88707892,0.33889404701070186
2155.456608401652,197.73259502089243,472346.9511214709,152.70703584819518,0.0002638488447337384,313.0121128556275,3230.1949052702175,14441283.394847326,0.001318713538947978,14913630.345968798,30226853.738714494,0.3035854378030496
3977.430619380096,1975.025828926789,3153036.743456953,152.935640527342,0.001761258541393751,692.3586233948594,1835.7716163749833,5753237.772270002,0.0005253599929897065,8906274.515726956,18018808.730615105,0.5602014956873375
1337.9178406310702,138.2342419588264,949433.5082286295,152.7477209806654,0.0005303451916072177,192.65760815555828,3790.7215503518073,15698519.638281625,0.0014335187408502175,16647953.146510255,22856502.780509017,0.18843913248324934
3877.576154672078,2474.9866490701475,10625088.53921501,153.5728444321808,0.0059350808332925276,650.4295462798682,3001.377966914436,6283622.392965974,0.0005737923491064158,16908710.932180986,17564331.598356336,0.5461374865735321
3005.890375842541,761.4287791752728,2360189.678579836,152.86802787428644,0.001318381157255466,488.5640298448517,1778.7300377890338,11532197.585495789,0.0010530688079456012,13892387.264075626,22322647.730624065,0.4233648416679635
2565.154256326183,572.3091675274467,1424551.3144231352,152.7882382213967,0.0007957418115687176,412.78504918000556,2181.1741136161136,17033873.00984626,0.0015554572502066936,18458424.324269395,27373227.15814142,0.36128933187692713
1246.9115804974392,196.7532307500571,1867551.6656998014,152.82601654004256,0.0010431979042215822,204.95214504995508,4135.894490719187,9362073.277782716,0.0008549027428157928,11229624.943482518,24658195.51011314,0.1756213493658365
4150.2888698647075,1241.643698102164,12507535.343137868,153.73337630306423,0.006986599030474494,602.2032922247777,3223.408970527733,6913913.942436729,0.0006313477600104181,19421449.285574596,19217958.48097277,0.5845477281499588
2014.5395682629303,355.90841778522207,984615.4741031631,152.75072123904795,0.0005499975277329927,360.1140577561535,2672.509396452075,17093456.819079574,0.0015608981777052913,18078072.293182738,49430100.02153353,0.2837379673609761
1660.7261921581046,403.45849056188945,2538048.8965628636,152.88319540675386,0.001417731749185247,249.74377572492702,3251.873414050174,12092989.13808911,0.0011042777893576225,14631038.034651972,28835255.010111134,0.23390509748705698
2778.660493902629,733.8205447802764,10989408.868788077,153.60391305201395,0.006138586959123504,410.621679099602,3105.9849785121764,21979191.14797055,0.0020070416284674493,32968600.01675863,33756318.555074595,0.3913606329440322
3854.151558611101,240.27038061851874,534172.482010514,152.71230822461575,0.0002983840415025085,614.4322250368699,2247.5869544602483,15403477.404619941,0.0014065768010341248,15937649.886630455,41570835.30316271,0.5428382476917043
3927.157099630346,373.1614611048928,4290472.363570002,153.03263910797955,0.0023966200560880946,612.3567649746069,2618.216929115567,7991731.028840377,0.0007297692053548871,12282203.392410379,10426145.799706165,0.5531207182577952
2844.4875930683515,880.6166740855812,21095887.60551935,154.46577641849535,0.011783976926563744,381.5345528361668,2103.451090886598,14766529.607938485,0.001348413571345923,35862417.21345784,24039871.89054555,0.4006320553617397
1412.7345490223374,474.0112574562634,2130175.726077111,152.84841267451156,0.001189897390193373,206.85490769098251,2315.8853714300576,13594410.223360177,0.001241380861063519,15724585.949437289,36300686.77696298,0.19897669704539964
1983.0312450846704,231.30961190259393,4149383.0472145,153.02060725036262,0.0023178088072035585,296.47190118723506,5215.020867817993,26069759.066226017,0.0023805740319458287,30219142.113440517,56677642.327089444,0.2793001753640381
1690.7129815717994,195.29818479301986,891608.7520766631,152.74278978352925,0.0004980447923530473,279.0980510763741,3972.010938214152,16880423.304411825,0.001541444908050444,17772032.056488488,36974917.77880124,0.23812858895377456
4387.848128257741,1454.605866358455,6681911.7347238045,153.23657700176523,0.0037324570162537984,802.165869282751,2004.1437431681827,6734497.832945754,0.0006149642817403677,13416409.56766956,11728427.963361733,0.6180067786278509
1355.2912672982338,717.1612040577768,5290810.925513497,153.11794628400756,0.0029554003621421465,218.6706154281541,2807.3829669804286,3299022.466629533,0.0003012520060087023,8589833.39214303,11179434.295093756,0.19088609398566675
2335.5417210851397,137.77032340483632,1429556.9639031854,152.78866509469498,0.0007985379232602341,366.77833880059296,4464.265507538019,3217512.813386304,0.0002938089083041622,4647069.777289489,8682254.836614382,0.3289495381810056
3075.1619567672124,280.37359984155876,475381.9051093782,152.7072946639241,0.0002655441432883876,483.4822236619364,4055.445312068241,15095479.322804563,0.0013784517909948603,15570861.22791394,35612410.4311015,0.4331214023615792
2738.442559019286,802.580970146584,1962008.3702016007,152.83407164760766,0.0010959605870355382,499.1412995664579,1775.293621469756,8099149.344183037,0.0007395781664354439,10061157.714384638,26504364.55517702,0.3856961350731389
2520.565462813831,950.5532858301009,10372736.866277691,153.55132430949112,0.005794119412427801,441.0483182062251,1786.0709357304097,6625534.40657829,0.0006050142280178429,16998271.272855982,13964707.90497443,0.35500922011462405
2898.8928632501684,2039.0999806068376,8459133.750579298,153.38813548117935,0.004725197574027007,446.5491035026499,2340.899726872433,13764480.144175319,0.0012569108871017004,22223613.89475462,23225789.3252844,0.4082947694718547
2521.677700743059,521.4763366914005,2348056.0255501065,152.86699313693427,0.0013116034055908887,409.02067866939336,2964.7173824643482,10752733.58704864,0.0009818916348529707,13100789.612598747,23880589.131509416,0.35516587334409283
3131.4216484327376,390.46431818026423,1936291.3313543533,152.83187854214984,0.0010815952757454728,475.907566169012,2640.102119639291,19545972.248493943,0.001784850939576961,21482263.579848297,39415580.721731015,0.4410453025961602
2122.7235367941985,705.7400582822675,5691352.602952242,153.15210379895674,0.003179139413720611,356.0802275423412,3095.2761292975615,24844260.07936763,0.0022686669346504594,30535612.682319872,46211131.46450712,0.2989751460273519
826.9559102414689,307.44564504724497,1609015.6670654924,152.80396902854582,0.0008987819735168934,136.80188479007163,3938.0402625617653,23554387.197289813,0.0021508815005854523,25163402.864355307,45006981.06172371,0.1164726634142914
678.571848469805,253.43620431710605,1968684.0699202912,152.83464093995795,0.0010996895740744694,98.43947391855374,5526.611296777909,10049332.614055963,0.0009176601977269886,12018016.683976255,32342222.3065172,0.09557349978447957
3372.8733990144538,2068.864195009475,9629368.820730206,153.48793114328956,0.005378880572494582,513.3626574815065,2881.231491839973,14024856.013875742,0.00128068724929897,23654224.834605947,36158784.22038119,0.47505259141048645
3109.849456402861,966.3388032941759,13600966.120849177,153.82662222537223,0.007597379827959161,548.6365172700773,3548.7695425365796,15058303.213911679,0.0013750570346714754,28659269.334760856,21397630.988972325,0.4380069656905438
2853.9971751025223,143.00226811160883,2203881.260954817,152.85469815752427,0.0012310686525076608,486.56240844178285,3682.2442957395565,4414691.586381499,0.0004031299300807438,6618572.847336316,7161353.484083342,0.4019714331130313
3206.421428672944,1159.156133009551,3484857.3262187056,152.96393762388539,0.0019466105950329826,497.7599487551378,2689.3275906293497,3761095.5888096695,0.00034344646099878463,7245952.915028375,10008322.54635675,0.45160865192576677
2654.3855586225536,312.7304519748615,632818.8096347895,152.72072061613528,0.0003534870108750088,439.25546942284905,3242.6772685214974,20227114.46317858,0.0018470498062493046,20859933.27281337,59975789.770228796,0.37385712093275403
1456.7875199473558,103.90554521311154,1846123.5907561814,152.82418919015254,0.001031228370375059,233.63007339771616,4068.861256691661,24208352.387175698,0.0022105986826615903,26054475.97793188,34063023.54424587,0.20518134083765574
1921.9964271178255,66.55564780299667,363663.588657776,152.69776751536693,0.00020313927614279415,281.8891216303514,4172.108897730061,20282455.249422796,0.001852103279827859,20646118.838080574,55679699.18886848,0.2707037221292712
1989.795640966277,171.0802942823992,807052.1557616423,152.73557894040013,0.0004508122227357969,312.99054094965044,2349.3314646093513,7070523.869549032,0.0006456486795042034,7877576.025310675,14988217.250861691,0.2802529071783489
2633.1144980700383,16.904197456665973,230672.09574218068,152.6864262263994,0.00012885140007656837,379.2386674244127,3077.346543780307,2916764.6735330992,0.00026634593060376275,3147436.7692752797,5984927.838310831,0.370861196911273
1601.411554866911,452.90926654856054,604874.1919027728,152.71833754652806,0.00033787739364865566,264.18350610924415,3816.9919612482854,11191232.62127984,0.001021933409357764,11796106.813182613,33518460.705580264,0.2255509232206917
1084.9298490575413,358.5510157863861,1260183.4031940228,152.77422120468856,0.0007039273447111416,170.29165659428475,3315.9157694037217,4633363.526723712,0.00042309807560028884,5893546.929917734,10546383.612440573,0.1528070209940199
2624.2168148689057,1031.0245533935315,2119234.1657095784,152.84747959679987,0.001183785530985526,394.753361930678,2275.2978112138035,9119982.427490192,0.0008327960869731349,11239216.59319977,26621671.05854931,0.3696080020942121
1148.988945154241,179.74355210027096,287528.0076449496,152.6912748021411,0.00016061061147021327,173.2731199510389,3327.544466429541,11319705.607547045,0.0010336649890067093,11607233.615191994,21229000.7289549,0.16182942889496352
2127.737514905971,373.8475405730334,1019513.9023097581,152.75369731781907,0.0005694914822160779,330.3041269189988,2959.128845257366,9390080.03615039,0.000857460194977882,10409593.938460149,27546134.049535967,0.2996813401276015
4390.40002557564,1047.6105285659573,9166167.561325677,153.4484301254585,0.00512014043056519,695.0430537852459,2914.1522092012283,19427129.75474566,0.0017739987735178057,28593297.316071335,33305193.585090443,0.6183662007853015
1840.5363957105885,188.59761274767033,2608939.7278562896,152.88924085661853,0.00145733074287957,315.1796313163641,2412.8746621837745,17943566.69130535,0.0016385264166537395,20552506.41916164,32428056.94230676,0.25923047826909695
1545.4421216464089,474.04743069433255,2397821.998921293,152.87123709474224,0.0013394022397950067,237.75683107972333,2956.647818862299,8916339.17319157,0.000814200293980468,11314161.172112864,17627528.97484545,0.21766790445724069
2530.212001591916,306.59385656974246,4564807.264066217,153.05603392303274,0.002549861114158336,390.59326972955046,3919.69622532736,35746900.75353408,0.003264247415567973,40311708.0176003,55221377.19164519,0.3563678875481572
1812.4816588748854,278.12485317373995,350562.6798487674,152.69665029208232,0.00019582122392280965,264.06093264295913,3567.835066036396,12391495.646907419,0.001131536071317746,12742058.326756187,29493010.28465949,0.2552791068837867
1497.9675295317702,286.0101228988987,1453178.395819741,152.79067949034783,0.000811732646984753,210.65965898656185,4956.107318751867,9727681.67127779,0.0008882884693660382,11180860.06709753,22974870.298046824,0.21098134218757328
3101.0967825163566,1088.7221874759623,3151318.984870969,152.93549403980305,0.0017602990165841437,503.0999089240992,4005.9774990995834,11332532.248026274,0.0010348362605617854,14483851.232897243,31321435.520671625,0.43677419472061363
2513.8879654474845,446.4147725059527,4900839.64379669,153.08469019447858,0.0027375658404711345,422.16267000677357,2514.9466855987,18237904.401076064,0.0016654040224928486,23138744.044872753,46515857.48697562,0.3540687275278147
2783.0257797167487,1561.7276598130602,21115272.73367963,154.46742954934845,0.011794805288338983,430.62883919726806,3353.157794310139,29926265.636789244,0.0027327329979182106,51041538.37046887,50908343.925050214,0.39197546193193644
2445.4364295847377,1188.3956214789948,11031872.76141729,153.6075343007603,0.006162306915368676,412.9232168710354,2175.445149501275,10065794.252185477,0.000919163401042173,21097667.013602767,21686518.8254199,0.34442766613869547
2076.930490154733,963.4136661255017,5613215.200720728,153.14544037381236,0.003135492549354746,330.8578588010665,3590.3279760907194,18115529.390213236,0.001654229282738673,23728744.590933964,46638373.80060371,0.29252542114855395
2259.1906513897543,243.14663746277824,2599499.974221459,152.888435850438,0.0014520577796790501,383.9905548022192,3034.681940996894,16857920.322022907,0.001539390036143868,19457420.296244368,39420529.73228943,0.31819586639292313
4366.445500136062,1051.0086266994015,8629753.624308238,153.4026856546464,0.004820504332046838,698.9635090367253,1580.004934749964,7734680.881004328,0.0007062965332334519,16364434.505312566,9419986.577373598,0.6149923239628257
1304.7827322142812,209.79232974701864,227123.80705973174,152.68612363435832,0.0001268693572848978,188.4274876195552,4073.9722259228183,9379410.568658143,0.0008564859068311366,9606534.375717875,25991045.41693999,0.18377221580482833
2207.4437509397917,826.9473981578504,2350654.01401066,152.8672146889841,0.0013130546190522896,300.4869769832157,2234.853113975491,8863778.068945505,0.0008094006485544891,11214432.082956165,18709375.777825195,0.31090757055490026
3494.1860854884753,707.7375632046429,1082699.8481683237,152.75908570812103,0.0006047865947993447,513.8771944488159,3181.6842978073532,10307879.12554978,0.0009412695110984245,11390578.973718103,33690192.46869995,0.49213888528006694
2616.191723886373,352.53695477977305,3605094.442496913,152.9741912412442,0.002013773988696954,397.7402244098623,3524.7733396174085,12660941.571449073,0.0011561406704376702,16266036.013945986,30952377.65221953,0.36847770758963
785.8657846887559,209.22925148634877,412841.9919286403,152.70196136619327,0.00023060989886647398,131.0435795999099,3593.264725063259,34392573.52998841,0.003140576298741006,34805415.521917045,52290701.21538777,0.11068532178714871
3281.6275291314596,582.5683012309216,1519814.7843286563,152.7963621285472,0.000848955146428354,556.7836981568532,2975.4067883120783,8713879.703714285,0.000795712598933698,10233694.488042941,26721309.193558536,0.46220106044105064
2519.281172575139,196.57890744882326,1161767.747632879,152.76582848449135,0.0006489532267204279,356.41602845440525,3102.808790346904,13195052.665235842,0.001204913311443402,14356820.412868721,17861532.423820827,0.3548283341655125
2973.9317383673215,904.8471640993711,6849871.2188467495,153.25090030171862,0.0038262777040822815,516.8993815117694,3363.9341375196245,9477029.816366686,0.000865400060794842,16326901.035213435,12518868.281538757,0.41886362512215797
4165.401996761275,629.7620136691451,2304232.0462851883,152.8632559023063,0.0012871237169358452,646.5315942039947,2972.871463720662,4048027.6412364882,0.0003696478152654272,6352259.6875216765,11063530.00707261,0.5866763375720105
2012.569122193502,607.2796776257223,4086602.3160788743,153.01525341608502,0.0022827400439939804,331.5857687576777,1875.5295773282005,1752014.4148409297,0.00015998613600416633,5838616.730919804,2603538.75113813,0.2834604397455637
4130.392897457698,741.8103579138983,2580613.1677919207,152.88682521561697,0.0014415077760316919,577.568596847483,4440.076868267431,9854309.288068932,0.0008998515381114917,12434922.455860853,28326712.392277796,0.5817454785151688
3839.243279684121,853.952258711057,8623146.904883591,153.4021222448186,0.004816813876792336,647.6444135534646,4011.4787503500706,49947951.18665177,0.004561023952763913,58571098.09153536,74195359.65983875,0.540738490096355
3965.786393659328,717.0872207576591,9304487.487402925,153.46022581416926,0.005197404722443233,674.9537366208745,4738.942039993681,14252473.053739697,0.0013014722213791493,23556960.54114262,30755853.725018527,0.55856146389568
2193.6329545333924,176.9836441385874,1380693.670530357,152.78449811590636,0.0007712433181490397,295.8829493489496,3217.062708551095,13830784.065906685,0.0012629654652774667,15211477.736437041,26593399.580854975,0.3089623879624496
2461.3287808977025,1534.938274650411,16941737.422087148,154.1115175361262,0.009463505239075465,384.9633977221864,3369.1928151187662,13087234.618084326,0.0011950678486383189,30028972.040171474,27271479.126106802,0.34666602547854963
2835.7552892353037,864.5388916337283,25189063.104442142,154.81483548318022,0.014070388692573932,477.07429360880894,3617.786986073521,5256399.648147731,0.00047999095320067173,30445462.752589874,7035994.724023456,0.39940215341342306
2179.6150877833393,270.45203697844255,4159491.4917722107,153.021469281371,0.002323455295261345,348.9618432055712,4848.633590719966,45286037.207121216,0.004135318777252205,49445528.69889343,73612970.68147846,0.3069880405328647
3277.092433482821,837.2028253468782,8886596.489599176,153.42458877860312,0.00496397449338537,451.7283337928569,4322.31985486933,21472308.22000944,0.001960755342028226,30358904.709608614,50572446.74479905,0.4615623145750452
3232.1294884019753,517.5135074252328,1480891.6606951558,152.7930428305758,0.0008272130325441829,512.0644473558658,2998.9240501758622,25623842.98099284,0.0023398549654505695,27104734.641687993,44772636.67141675,0.4552295054087289
2915.271303960293,477.9872993847895,1336071.094482144,152.78069277829908,0.0007463175403676914,436.23283645767265,4454.583001414894,25885554.84757428,0.002363753324919606,27221625.94205642,64824967.42903648,0.4106015921070835
3202.738492347935,714.0088307664564,3321472.055398404,152.95000440508474,0.0018553450224487733,523.5675125985505,2327.0439707604955,4351392.3800885435,0.00039734972910684946,7672864.435486948,14031124.755949896,0.45108992849970914
1588.8322084319943,113.06112202087111,235269.38104640497,152.68681827509334,0.00013141940313787792,251.35262802838008,2347.5243300067887,22940125.47216915,0.0020947898616897583,23175394.853215553,33072340.059475515,0.2237791842861964
2972.944322096109,1107.0776721219343,2575781.3876162306,152.8864131695981,0.0014388087862016175,444.3332268084549,2697.973150134831,7701688.860938407,0.000703283849225485,10277470.248554638,26481650.396475274,0.4187245524079027
1973.30344864242,552.3446919437527,8983150.32716322,153.4328227261191,0.005017908616248512,279.65394709491557,2308.308666363547,12346286.254346972,0.0011274077513875142,21329436.581510194,21255723.440496456,0.27793006318907326
1546.4329238223227,405.3983438389624,235917.88740889146,152.6868735786161,0.00013178165307747847,236.16391458351603,5245.443482668657,8236120.3730586795,0.0007520857494032008,8472038.26046757,42458538.37834705,0.21780745405948207
3529.7193256962187,613.3663526113752,1741389.4803400275,152.81525764284115,0.0009727248191784277,547.3464379377135,3006.7749344051117,10294251.673776673,0.0009400251130305237,12035641.154116701,18129624.857889425,0.49714356699946743
3034.616430314461,361.79571829490664,657765.6813667684,152.7228480430477,0.00036742211360119015,471.61192585075185,3096.8927213909033,31810793.449389223,0.002904819665913821,32468559.13075599,52491377.36239826,0.4274107648330227
2721.3434861057817,166.6812470038958,893391.7230506759,152.74294183227008,0.0004990407442282407,466.2907499837817,3586.9514819712626,11255174.886765903,0.0010277723316267893,12148566.60981658,31498387.610425487,0.3832878149444763
4203.173474023564,680.1735142971874,3473511.3961252808,152.96297006220925,0.0019402728584592133,700.7373871409417,3830.492495068579,26289951.88422593,0.002400681057224427,29763463.28035121,51480265.71539415,0.5919962639469809
4189.799279626847,244.27641964443094,1758614.904135611,152.8167265977688,0.0009823467891258986,604.1714699473052,2729.441844153712,19557754.64396455,0.0017859268553389821,21316369.548100162,40749384.0989036,0.5901125745953306
1121.8645481228768,118.57186487798222,1227121.1366105848,152.77140171066662,0.0006854590539313588,169.92906709023882,4526.877507983156,17130688.989716545,0.0015642980533369067,18357810.12632713,36415956.78715776,0.15800909128491222
2547.200641354248,1289.307070258443,7965213.058295657,153.3460147622113,0.004449297827580523,409.67227384656417,2848.815251770515,27126659.8051431,0.00247708548980084,35091872.863438755,52691011.3112532,0.35876065371186594
1521.2321573109161,292.110647537952,830792.55878463,152.73760348170717,0.0004640734026719606,207.60516277775588,3888.301094145504,10988684.093443256,0.0010034375818991472,11819476.652227886,23182044.12534577,0.21425805032548115
2351.949037978852,242.63607970773913,2674501.6856017876,152.89483186918457,0.0014939530747661856,406.20462797603983,1679.7528885566321,7269429.14669653,0.0006638118215720472,9943930.832298318,16487424.548685078,0.3312604278843454
3087.3739046264495,505.62202650328834,6631349.824108266,153.23226516777893,0.003704213578518578,572.6473379070417,2262.702864163982,14986540.400834614,0.0013685039749045378,21617890.22494288,28567053.197055433,0.4348413950178098
2193.7630299620905,370.6767332646308,1879134.6094966948,152.82700431384535,0.001049668034561524,307.6189385015454,2415.9604180016413,13310920.96348328,0.0012154938872451536,15190055.572979974,26257026.37028863,0.30898070844536485
3181.419916936939,298.7173220463615,3704935.5438549416,152.98270552104145,0.0020695443481490994,477.6854151097786,2402.906125121785,8562330.840193713,0.0007818738331763509,12267266.384048656,19329907.968951657,0.44808731224463927
1218.6733839683461,511.9975933791765,3283797.745441895,152.9467916038258,0.0018343004848806466,215.86360276793306,1524.5408409913082,1131114.127175033,0.0001032882932089853,4414911.872616928,2116309.5507498956,0.171644138587091
2312.761307461217,484.1240943075858,2315622.352716478,152.86422724832124,0.0012934862417406379,389.07236831760895,2644.115858646651,1639769.3726699622,0.00014973641977441247,3955391.7253864403,5142366.121266851,0.3257410292198897
2186.9289474516872,317.1491432138125,3014295.272300918,152.92380888998184,0.0016837587781493024,315.35641415496997,4602.499444178128,32010876.75012508,0.002923090379837482,35025172.022426,40416301.19563796,0.3080181616129137
2376.330249132822,514.8342239919544,950021.5301043311,152.7477711261737,0.0005306736554453462,364.2109604168829,2671.2917044214782,9078191.888190234,0.0008289799614621256,10028213.418294566,24598199.766552676,0.33469440128631295
1049.2129840419518,206.95190471204398,349802.34753998625,152.69658545223254,0.00019539650899491612,192.8574069424601,2062.3564735792074,10885009.518073097,0.0009939704824421772,11234811.865613082,19319539.749370463,0.147776476625627
2514.607631710513,729.615735866908,8844595.616715763,153.42100701539542,0.004940513175890171,392.64612048001857,2870.051788236376,8878491.80732644,0.0008107442414666261,17723087.424042203,18310298.215183437,0.3541700889733117
2869.0895972065946,442.0223529127271,1488682.3268993876,152.79370720537705,0.0008315648300372125,434.03360230145796,2571.2378613110022,16122293.825336,0.001472215908037219,17610976.15223539,23935308.83740715,0.404097126367126
2034.1400880500753,666.3938509425599,3419084.3836261034,152.95832861888937,0.001909870408869807,311.28499083692026,4849.239751746539,19841211.760579236,0.001811810893978118,23260296.14420534,30937081.461503033,0.2864986039507148
1231.152323231273,369.52098054215094,1784459.2546549365,152.81893056015008,0.0009967832155943768,195.73579160044187,5493.192181140341,21339552.577019762,0.0019486326892836161,23124011.8316747,44189366.453850135,0.17340173566637646
2139.618211705238,768.2039578632318,9263611.52290233,153.45673998124067,0.005174571768858494,348.66781729576866,1920.5238608230534,10067907.531108052,0.0009193563762404692,19331519.054010384,20872546.289525006,0.3013546777049631
2560.0903436177314,726.2390889667191,1874164.9391752838,152.8265805087887,0.0010468920205111143,395.2635598035798,3794.2270570192723,16449309.885460827,0.0015020775549663213,18323474.824636113,50992872.935101,0.36057610473489177
2702.2075169201626,835.3186947304382,1700429.578569394,152.81176465188452,0.0009498449789742125,378.555026189848,2608.2644523115137,16297418.807366809,0.0014882075397016491,17997848.385936204,24017822.514764093,0.3805926080169243
2571.411875698275,900.3455839764525,1622251.0926065042,152.80509772318922,0.0009061751655980999,430.3943628699947,4224.043339246606,28887648.365874812,0.0026378911047504087,30509899.458481316,64130310.66822335,0.36217068671806685
2295.178165333562,1393.7122887425085,11311880.7811793,153.63141290980312,0.006318716927871115,402.67681595817277,3978.818265534109,40527653.52324573,0.0037008044189456115,51839534.30442503,49933242.61622705,0.3232645303286707
4162.803500334104,2448.5978845344207,19982967.800770152,154.3708685050142,0.01116230973030663,622.8405676211912,2653.426889672819,10961721.007708656,0.0010009754332633328,30944688.80847881,26863724.28553628,0.5863103521597329
2337.5771076251613,1053.9657595618582,17067013.957034677,154.12220090656248,0.009533483607602422,365.13781182058005,2711.306298153005,14438883.151722793,0.0013184943594596633,31505897.10875747,24966668.312521044,0.329236212341572
3702.6915754356983,516.3175924136599,2624838.4698634455,152.89059667437326,0.0014662116400703251,541.1714414679271,5087.1104965691775,15140087.744799469,0.0013825252329755624,17764926.214662913,44671855.48602404,0.5215058556951687
2173.7225858799757,1294.332172035176,12022503.03299997,153.69201357025122,0.006715664255973142,353.7362136102437,2541.2190529041677,6845012.654654041,0.0006250560019605483,18867515.68765401,16212417.796604965,0.3061581106873205
2484.475597491231,598.3843004317449,12695162.173921462,153.7493768009858,0.0070914057248456785,387.71806365751394,4280.39439285127,32178921.85162381,0.0029384355084137504,44874084.02554527,42468943.56740205,0.34992614049172266
3416.327309622157,786.2148728322364,5063112.371332401,153.09852853747472,0.002828209956179828,547.812887691112,6002.436220070676,47579101.94123444,0.004344711213359247,52642214.31256684,73882218.75935882,0.48117286051016295
4538.721002381526,1026.5260366192542,6393602.379590233,153.21199046892067,0.0035714099509613906,751.2103822621788,3415.0196811426163,20351330.918355215,0.0018583926984786754,26744933.297945447,32675117.761835203,0.6392564792086657
2291.6472395353308,743.5413652145987,2438153.7639564266,152.87467651926337,0.001361931208353706,350.4827119186067,3425.931086066549,9037068.232207809,0.0008252247327589472,11475221.996164236,27559517.165191233,0.3227672168359621
2268.9705852433144,707.4015555975487,1550433.168324926,152.79897321240682,0.0008660583059296734,348.6779000218737,3116.7362251380187,34570114.061140075,0.003156788507569015,36120547.229465,47318942.1452898,0.31957332186525556
2674.5405422406316,206.1402667698968,3235664.671411213,152.94268689690423,0.001807413773859512,451.12090888962615,4579.616815448382,35829564.12516362,0.0032717958656857692,39065228.79657484,45653160.367752425,0.37669585101980724
1135.2115778022726,145.7861574591207,1543199.682366996,152.79835635299204,0.0008620177444127464,193.54168781208872,2839.7283983824377,2904908.7182897474,0.0002652632976916389,4448108.400656743,5488537.674650039,0.15988895462003838
2046.3039237627668,191.17638520020677,214107.19923908956,152.68501360011902,0.0001195983948540924,327.5345890727869,4555.764129977916,11873945.342535883,0.001084275687680035,12088052.541774973,42408998.04804703,0.288211820248277
2863.9416745808335,958.6876868130101,13182094.884419035,153.79090159671847,0.0073634020462418626,416.53801840443236,3349.341268295895,18737129.79527427,0.001710991057129307,31919224.679693304,31341777.07748921,0.4033720668423709
3010.756499259757,1140.0014561766245,2180344.8347586147,152.85269101101508,0.001217921412229428,488.0709262774654,3238.931908546437,8959476.873328885,0.0008181394362059057,11139821.7080875,32791472.08067453,0.42405021116334607
4472.5500274525275,2820.682897718449,25088105.267311048,154.80622597005015,0.01401399453435892,654.5919186387563,2583.405604615146,4047037.281405146,0.0003695573800262373,29135142.548716195,6825191.893404372,0.629936623584863
3443.918826409448,1280.1884021884982,9626454.670829091,153.48768262952828,0.005377252754038553,510.6518529745481,2375.998294196762,18670034.880672477,0.0017048642490153196,28296489.55150157,37242935.649693,0.4850589896351335
2035.8874025667917,154.33184651260564,1192056.367829004,152.76841144665337,0.0006658721830687941,341.46314165339044,3662.4998751934663,11036682.185561823,0.0010078205534252798,12228738.553390827,21433275.980555847,0.28674470458687207
2187.96272074171,153.5925854022185,2860990.4344451185,152.91073531340842,0.001598124046593874,314.2390756900807,2840.385696095069,26719072.60383982,0.0024398664458997743,29580063.038284935,35860408.61378548,0.3081637634847479
1901.7209926571356,581.1116184770623,8185991.9618585715,153.36484241267488,0.00457262297768124,292.61962234517455,4479.579755660372,25701249.300135784,0.002346923365000872,33887241.261994354,41963365.81898482,0.2678480271348078
2350.092248646454,1095.3135705945376,3653251.6724607926,152.97829800814276,0.00204067419300924,354.60862035912663,4970.633866035993,51106235.95825111,0.00466679334794179,54759487.630711906,91935665.21964781,0.33099890826006395
1531.8554539233608,117.03950132451477,2864671.7276918166,152.91104924785319,0.0016001803845631102,250.6713599395925,3958.716295682604,19425192.16482154,0.0017738218414546363,22289863.892513357,30951915.538148757,0.2157542892849804
1488.1060977229452,381.436050487454,957613.1096783339,152.74841852320475,0.0005349142449011524,254.25900763013001,3100.6057117124014,2378638.293656109,0.00021720663159505767,3336251.4033344425,18949164.064288303,0.20959240812999227
3802.4408283672833,848.2505697502303,9180888.415299833,153.44968549491944,0.005128363369879985,669.165019824063,2003.5781697149855,9984328.306993822,0.0009117242945618057,19165216.722293653,18449657.13964463,0.5355550462489131
1705.9014784946887,565.5069454973445,1071567.3335350668,152.7581363461534,0.0005985680702211837,307.15370871544457,2932.6735637492156,15507232.761656137,0.0014160512771122574,16578800.095191203,24551274.262617867,0.24026781387249138
3334.8943894441377,823.2559911341576,14850667.0374697,153.93319460009843,0.008295451748038252,537.5254063731734,2221.463489030235,12894998.634282526,0.0011775137166694892,27745665.671752226,27878849.436704952,0.46970343513297713
3171.5582854095574,614.5287175563626,7925531.915139567,153.3426308216206,0.004427132290670599,503.4267939803104,2032.4556503944066,6407827.600955859,0.0005851342142928958,14333359.516095426,12421229.64143134,0.44669835005768416
3787.880458836054,1401.778485523705,11023920.89353344,153.60685617895322,0.006157865072037971,559.6534387332929,4216.114495844546,11911291.12292609,0.001087685937647203,22935212.016459532,33321521.392254904,0.533504289976909
4146.321139974099,1601.1778859106757,28921288.297837026,155.13311331796706,0.01615517679848888,673.6409415209055,2898.523762100499,7445863.189743857,0.0006799229908453305,36367151.48758088,11542371.073805973,0.5839888929540985
2762.1426285330003,902.9078235175887,6360634.212343647,153.2091789995306,0.0035529942232419565,435.91300542844306,3161.3616804397225,19651529.197030067,0.0017944899289492136,26012163.409373716,33475000.505419664,0.38903417303281695
2887.0472151585072,355.8455397342388,3235216.4103648034,152.94264866996244,0.0018071633791889585,490.37575775238435,2471.5956227696965,11280150.280036438,0.001030052973059126,14515366.690401241,31017949.462538995,0.40662636833218413
2666.522829450602,202.1531919049842,1829210.457590716,152.8227468668402,0.0010217808432217979,399.6803728640503,3669.1443348977887,15541506.362319993,0.001419180989339915,17370716.81991071,34351051.35242534,0.37556659569726786
2103.4427674046465,125.34981818656803,528886.4360793398,152.71185743958367,0.0002954313028242783,341.5529192168532,2465.7711401152173,8633784.067090165,0.0007883986229151558,9162670.503169505,20462677.604185894,0.2962595447048798
3416.2005743868312,1402.0511399659154,6516246.150608704,153.22244932171415,0.0036399176807566658,493.5987969531056,3236.156674495246,10401395.648864226,0.0009498090225835399,16917641.79947293,26855870.61568752,0.4811550104770185
2899.643586598184,469.335295377726,4414988.411790398,153.0432576253975,0.002466173623430379,472.74725975961974,2991.683483588577,8100199.283383102,0.0007396740421966448,12515187.6951735,17221831.944711067,0.4084005051546738
1160.8062807533072,390.5486726052015,1447907.4839535006,152.7902299959231,0.0008087883620617742,211.00153544988467,5183.884155114736,40700274.44090786,0.003716567390629132,42148181.92486136,54891069.81532272,0.16349384235962072
1636.5757782516487,951.9208497468003,2945639.0146583864,152.91795400076836,0.001645407997606041,243.69758851838895,3228.6473939927764,8859097.203394236,0.0008089732128060393,11804736.218052622,28629303.508945264,0.2305036307396688
2532.9534347710937,984.6997852309969,2561580.6846166565,152.8852021577301,0.0014308763986379258,412.04198979016246,2806.1463695812326,11520264.40458653,0.0010519791231303741,14081845.089203186,35428130.61677437,0.35675400489733716
3215.7409867260444,1052.1760211211285,5535174.213102939,153.13878517074275,0.00309189954134248,482.646863380326,2831.902568057542,9833957.881076442,0.0008979931384662626,15369132.09417938,42994537.907383665,0.4529212657360626
3954.3335528342486,540.0906332432716,1984863.657661808,152.8360207077606,0.0011087273492178529,676.5371269980411,3436.6741083355087,3509028.200692341,0.0003204287922536246,5493891.858354149,6683760.262148628,0.5569483877231336
3932.7197661025816,1784.6727281500987,11887522.658972329,153.68050267287552,0.006640265408443202,605.1660900836916,3133.0484276555635,18325789.726829596,0.001673429318152332,30213312.385801926,27512491.9510466,0.5539041924088143
3767.0645340940982,982.1211051920052,4821547.308495381,153.07792827860075,0.002693273840669308,606.6447658097321,3159.9956329967267,23160880.9737002,0.0021149482687168038,27982428.28219558,47177365.61255337,0.530572469590718
1883.003505260677,730.9908001880924,4840955.59998465,153.07958338478326,0.002704115141275887,270.11030868663676,3270.7592744029057,2910019.957438211,0.0002657300332359524,7750975.5574228605,9667172.320207208,0.2652117613043207
2543.7451926101967,1087.2849331035168,5151763.528398523,153.10608855780046,0.0028777297113526945,403.0228854690593,2847.949357926987,25608833.946442448,0.0023384844074103334,30760597.47484097,43238163.6320522,0.35827397079016854
2206.619513322302,310.39963277476494,4408010.620882911,153.04266257122296,0.0024622758909154108,324.94727642657324,5049.218599567926,23102944.51152918,0.002109657769598773,27510955.13241209,40671099.21662389,0.31079148074962
1935.102598004854,320.0533288834081,1979666.117631809,152.83557747036167,0.0011058240491559346,333.1165938601396,4384.444171309443,16648491.760797713,0.0015202659547461856,18628157.87842952,40373514.21136696,0.2725496616908245
3620.5028559289162,584.7380356198021,5140943.77641339,153.10516586770106,0.002871685893234055,583.9451816425264,3262.7983492354097,5652380.158741615,0.0005161501259142273,10793323.935155004,9643642.72693364,0.509929979708298
1289.6812885553431,296.57728351720533,726443.6110456404,152.72870478041565,0.00040578499995280737,190.79120224959524,3195.240890092811,12371149.419865655,0.0011296781446824959,13097593.030911295,25253177.487844225,0.18164525190920325
2294.9145417017803,84.80766049394047,684527.7691267814,152.72513026850442,0.0003823711800052809,380.50344928815514,1765.686782729498,14892793.817719845,0.0013599434553853607,15577321.586846627,27676517.860859398,0.3232274002396874
3652.5125544738003,919.8705849474978,11777222.974568868,153.67109650285346,0.006578652976659161,539.2685391628575,5309.84890396229,27530710.265999407,0.0025139815743510188,39307933.24056827,53757771.69857825,0.5144383879540564
3484.0062634703445,437.62627665032625,1628053.5662601723,152.80559254830163,0.0009094163762515262,565.4503007042728,2480.0323875450867,7468020.119137746,0.000681946262737056,9096073.68539792,20074289.362575557,0.4907051075310344
1805.9879079305895,538.7061412595443,5575204.4328707205,153.14219887999488,0.003114260069371877,331.8407077059866,3186.5472824083827,20595437.406413175,0.0018806834133649943,26170641.839283895,29850623.630984414,0.2543644940747309
1846.2629966296968,189.92679302653386,1696836.3596396716,152.81145822826815,0.0009478378385423536,288.0181242747609,3648.2620434342016,4188541.2212165855,0.0003824788881873752,5885377.580856257,10782932.91688002,0.2600370417788305
3343.3500463905484,983.3773098947878,11678016.906517837,153.66263637761963,0.0065232373412165146,563.1424409516972,3575.840290505707,7183265.76718518,0.0006559437663572543,18861282.67370302,13307476.235449653,0.47089437273106316
2567.321880819678,404.4889579433334,884122.1600750488,152.74215133966032,0.0004938628480302132,392.97169484337593,2951.161595791344,4801159.9850600455,0.00043842049919282046,5685282.145135094,10982736.81496299,0.3615946311013631
2874.6740268634157,1698.6042269977397,6141620.053774059,153.1905018435271,0.0034306548441442875,462.05309110210385,2896.121573836417,19432056.73174199,0.0017744486830648663,25573676.78551605,37620630.04607315,0.4048836657554107
2283.2174019296804,329.0710494331152,2249918.6798006347,152.8586241505258,0.0012567847490085882,400.48736678400655,3531.6061086163572,37848370.524887644,0.0034561442548864674,40098289.20468828,55356680.75373188,0.3215799157647437
2060.3458073438355,52.650562666398486,267003.85191321967,152.68952453694845,0.00014914599893045555,289.52073925210976,3361.3217535803296,7901998.855848093,0.0007215752638492195,8169002.707761312,15581973.180104533,0.2901895503301177
3449.4050417282488,1486.4028148302004,3600711.5273339343,152.97381747367234,0.002011325730907565,548.7730191055143,4859.705681544174,7584384.957708035,0.0006925721803847137,11185096.485041969,9392686.193531498,0.4858316960180632
2435.5748435459636,118.7970153622934,1690481.4430089046,152.81091629175555,0.0009442880381096419,358.64630529114913,2923.237401781668,23729137.37507187,0.0021668389067988772,25419618.81808077,36685948.60750669,0.3430387103585864
1791.2993135543627,250.2145667138732,888976.6300987942,152.74256532063094,0.0004965745122094134,287.0131129021975,3308.4097702000336,11835014.6367392,0.0010807207093992816,12723991.266837994,26649007.041320764,0.2522956779654032
2321.661122827028,1082.029455691626,15029572.22263293,153.94845133087307,0.008395386608018196,343.0218152562299,4024.912448315299,20084162.147909973,0.0018339960389064428,35113734.3705429,31810380.47725646,0.32699452434183496
641.6755861610388,88.15955720300946,947569.2309537377,152.74756199826115,0.000529303822748961,101.84231682849841,3682.24115417872,18934233.661022045,0.0017289897023489776,19881802.891975783,35231909.20528139,0.09037684312127307
1523.4950082519545,178.6549091753601,2459617.873789909,152.8765069421477,0.0013739208709722117,261.33845720633354,2939.987862830246,1440700.6266041908,0.00013155835045461811,3900318.5003940994,4081179.21534376,0.2145767617256274
2616.516259587072,418.721936846962,3206699.9316224977,152.94021683301813,0.001791234325441149,363.2958209599321,5330.267350785364,12615448.882435301,0.0011519864811398537,15822148.814057799,24709352.15120562,0.3685234168432496
2602.6327413294753,682.0629749926647,2510586.628823514,152.88085347113596,0.001402391568414263,351.27504630101225,3384.3410514547245,16701927.334861204,0.0015251454528525746,19212513.96368472,27224950.8111139,0.3665679917365458
1752.4114439870998,345.7745682569594,1317211.2753936322,152.77908444491274,0.0007357826116114463,324.5174060229468,4544.649372606602,27158667.234291192,0.002480008265361049,28475878.509684823,57034291.235110484,0.2468185132376197
1870.6517409716025,220.71730675529582,1529122.5270809853,152.79715587706355,0.0008541543695130827,283.7025090416469,2686.3372909851764,4932706.4075109605,0.0004504327313153538,6461828.934591945,8543987.710589122,0.26347207619318347
2151.596405667253,906.6402851941657,13633846.378260152,153.82942619796063,0.007615746450019056,289.74941059040293,1978.4798820582002,17263483.383614197,0.0015764242446414626,30897329.761874348,26404192.072782308,0.3030417472770779
1231.4125537938996,417.25089824691617,3415303.389394921,152.95800618211376,0.0019077583788091879,208.6316062202512,3383.534309808364,15798489.990325002,0.0014426475871673,19213793.379719924,42462567.6059396,0.1734383878582957
2454.5938072782333,386.3623998833388,8520819.535122732,153.39339594026856,0.004759654709718397,339.75781880852736,3073.372537195426,16003652.780501086,0.001461382137393638,24524472.31562382,28300702.428656146,0.3457174376448216
2326.7008930587413,390.8886798138667,3596359.680365726,152.97344635554347,0.002008894827538299,386.28810893957296,4340.835670187113,24579087.257974345,0.0022444525362364564,28175446.93834007,53430067.1968516,0.327704351135034
3567.7724871826435,347.58769241985704,4883264.455601785,153.08319141223615,0.002727748495212179,487.5382776386479,3688.301249785065,11025983.276279777,0.0010068435767857074,15909247.731881563,30608079.62004986,0.502503167208823
1814.9773272492644,263.3089238299833,2264747.5753342835,152.8598887335877,0.0012650680393864189,262.31616488308583,3875.3934922744484,2928378.4026486482,0.00026740644450710553,5193125.977982932,7490238.57301206,0.2556306094717274
1908.1426232858566,969.257089413759,2226918.1343759727,152.85666270302,0.0012439368470074097,332.0189205347737,2873.1692710181164,7871333.526115259,0.0007187750428169655,10098251.660491232,17129830.022838518,0.26875248215293757
4246.858359918076,380.7584730285911,5843912.7294751005,153.1651138678107,0.003264358156087832,710.8877702411636,3966.560164235052,28492151.600376636,0.00260177610547973,34336064.32985174,46409950.99884456,0.5981490647771938
2781.710537044834,960.2038819133519,8053486.152910069,153.35354254201235,0.004498606400399341,511.98756332538863,4024.7327613361035,6962831.455543661,0.0006358146889572452,15016317.608453728,32376509.86981798,0.39179021648518786
2084.509408424327,567.5359908581478,1022549.1730830148,152.75395616056292,0.0005711869577242901,331.37828916549984,3360.8603856143627,15781677.476816023,0.0014411123434786438,16804226.649899036,26277474.570354052,0.29359287442596155
2566.067924164205,1228.3151753230782,9245897.725072851,153.45522937860366,0.005164676997478912,375.8932997434731,2382.243022743044,3465813.39917129,0.00031648260947397686,12711711.124244142,4604324.338885778,0.3614180174879162
2267.490523662538,633.3603792169764,4415681.4645886235,153.04331672776473,0.0024665607566165537,311.6718508037346,4234.6353851520735,27626577.375446025,0.002522735730869557,32042258.84003465,39626000.342870645,0.3193648624876814
1833.4088216356986,307.7696770749475,5054796.354387124,153.09781936165325,0.0028235647023922006,273.3487569625168,3688.64300744591,36790816.81412234,0.003359573170556907,41845613.16850947,56001750.69554738,0.25822659459657726
1582.5369384290075,291.1413230012859,3615257.685206883,152.97505794534604,0.0020194510865194637,263.4709972078792,1667.2920593062158,6545148.518382382,0.0005976737475213431,10160406.203589264,13177229.431521885,0.22289252653929684
3176.018583697604,733.7023737246435,10057467.729217593,153.5244386921666,0.005618012850511889,568.7742329926963,4975.856711853644,25558162.21920274,0.0023338572914590786,35615629.94842033,46612340.18626909,0.44732656108416957
2919.4564250599956,585.0859369254326,2507457.0874272683,152.88058658915327,0.0014006434341669038,477.849746028768,3388.049735649039,9423451.8619088,0.0008605075611463717,11930908.949336069,21988528.49503272,0.41119104578309795
4189.687909134336,524.8617218365779,3933862.646568866,153.0022280361096,0.0021974210104964698,655.3054877163243,3087.90700922877,4501124.41709975,0.0004110225903770181,8434987.063668616,6005466.189370372,0.5900968886104699
3145.919475092684,513.4502846002961,1154134.3585380418,152.76517752201525,0.0006446892828346762,561.1625886753562,2473.2567488828504,10238567.043063737,0.0009349402411098835,11392701.40160178,22774623.78305502,0.4430872500130541
3708.8155279421044,699.3267354509792,3344005.5108298734,152.9519260199481,0.0018679320120955634,567.9627632911164,3249.2698127164163,3753725.2919341875,0.000342773438386457,7097730.802764061,6280086.4309261255,0.5223683842171978
2095.543477225148,447.06444964583426,1488194.1287704562,152.79366557266857,0.0008312921268642803,303.828622634085,1918.0862233787825,4143849.4260481126,0.00037839783294061073,5632043.554818569,12448428.113353696,0.2951469686232603
3151.3733450908644,1831.7942499766748,22971893.77512792,154.62575904300752,0.012831897442170614,491.8098115122016,4192.913700213681,13045548.942064699,0.0011912612987739974,36017442.71719262,15603912.616296915,0.4438554007170232
4192.364160756731,1519.7837820949355,2680526.5822743746,152.89534566215482,0.0014973185289579583,688.8857858106493,3485.1842951017225,26616569.60578941,0.0024305063296541462,29297096.188063785,45272556.992392324,0.5904738254586944
3065.154969923478,1462.5464120060028,12703251.52649205,153.7500666472538,0.007095924365910777,489.59629396572046,3238.827419789867,7432164.554030848,0.0006786720925777771,20135416.0805229,8556774.286699245,0.431711967594856
3322.1722518620604,1062.897332116979,10185849.011315307,153.53538683017433,0.005689725503438936,500.3200569823223,1684.0935445393643,1705510.464690878,0.0001557396028532889,11891359.476006184,4449267.117556254,0.4679115847693043
2842.0933233445444,417.8069680009133,6536639.6578685865,153.2241884454267,0.003651309314211204,401.4468862489645,3795.2498679579403,11822447.964090569,0.0010795731769460933,18359087.621959157,15113273.476163693,0.4002948342738795
3273.90192174272,61.41006220117837,353446.79630097747,152.69689624464203,0.000197432265959252,536.3463363728124,4041.604479589076,4210501.329589637,0.00038448418726201567,4563948.125890614,16094295.740107216,0.46111294672432673
2751.9668371080206,593.954564248427,4963983.188989459,153.09007496892366,0.0027728372684161506,463.62813995564295,3823.5274824642206,12701115.801585553,0.0011598092018104906,17665098.99057501,22795863.96907793,0.38760096297296065
3932.817147747867,706.792838376666,4166919.411101538,153.02210272173394,0.0023276044655464734,606.9796036118839,2737.173058943166,17538035.434826147,0.001601495112457014,21704954.845927685,29748014.352056935,0.5539179081335024
1978.1313189608625,668.836790964541,2940859.8594651963,152.91754644251876,0.0016427384036274972,287.96024484704077,2188.8946496852127,7253989.863178128,0.0006624019751165281,10194849.722643325,13198140.771412812,0.27861004492406516
3764.645691676417,839.4167108406905,1674805.175745892,152.8095794462697,0.0009355314133507875,544.6380820234997,4409.3358252130565,17196221.162616424,0.0015702821588541895,18871026.338362318,34475163.12047189,0.5302317875600587
2119.2381179577324,601.4272418241526,8641278.002454855,153.40366843406986,0.0048269417481305865,291.8339407781295,3941.179369803876,25886945.197108813,0.002363880285433082,34528223.19956367,45042857.21604837,0.2984842419658778
3118.6244487544172,1349.5955741512935,10134126.464308392,153.53097601908496,0.005660833744442595,446.8137614336111,2829.6335911544006,18748996.932922583,0.001712074711168738,28883123.397230975,29962400.847748265,0.43924288010625595
2891.7128076744993,500.0695788594942,8765024.735187074,153.4142213455677,0.004896065582620013,489.09248004633804,2678.214422929204,6987883.116921981,0.0006381022948527515,15752907.852109056,9966964.934423434,0.4072834940386619
3705.9572877500295,2124.964897596924,4650733.778337247,153.06336159044181,0.0025978589078743397,592.8385409342841,5119.973018799083,23452422.75300615,0.002141570562665894,28103156.531343397,42862548.13885214,0.5219658151760604
2140.3339017507533,404.1767348946749,4277551.729333203,153.0315372582047,0.0023894027036557297,365.5951313416982,1475.4336844167813,5183383.492992089,0.0004733234438295845,9460935.222325291,12244171.131456267,0.3014554791198244
2391.125390907909,525.6681634039546,1877398.225530524,152.82685623796556,0.0010486981057784561,401.99209280863465,2445.1652752073846,16649306.644797165,0.001520340366315668,18526704.87032769,32632433.69910302,0.3367782240715365
3203.1450083107834,315.9119805895713,1942161.440112879,152.8323791350693,0.0010848742667723954,545.5676867300689,3108.3835163010945,12827272.446810408,0.0011713292635347576,14769433.886923287,25037809.693091575,0.4511471842691244
3245.153230051188,1648.1688955517877,11467211.526216142,153.64465925230508,0.006405483313326243,506.7179507747109,3395.850185339282,18424156.02355915,0.0016824116892980793,29891367.54977529,31776988.65890889,0.4570638352184772
2755.2462760482945,527.9354918659706,3118671.7102928483,152.93270993559548,0.0017420625366815212,402.4088533393086,3609.044185269045,8424874.311372107,0.0007693219165206248,11543546.021664955,28523618.877894387,0.38806285578144994
1545.1435636628937,426.22710914662196,9553364.133773757,153.48144959248685,0.005336425024088598,270.10948869839933,5453.4872392866955,40870200.70634465,0.0037320842986993882,50423564.84011841,51056323.52065869,0.21762585403702728
2789.7275729000953,396.57295889136776,2446207.478065949,152.87536332634386,0.0013664299420885762,411.67813242829027,4588.775269534271,14328346.676079748,0.001308400661898816,16774554.154145697,46457505.246830486,0.3929193764648022
1495.7198360583502,351.3658600875548,1848324.279368615,152.82437686114514,0.0010324576556424159,237.53722218837532,3263.8071651016903,22913125.9817599,0.002092324388741552,24761450.261128515,43557779.91849859,0.21066476564202116
1962.141398013991,83.7248353469545,431948.8942805796,152.7035907704213,0.00024128284615665407,322.36893228885964,4261.023557728138,21434226.59454714,0.0019572778979736207,21866175.48882772,49855261.56949694,0.2763579433822522
1887.3696679835616,587.1036027785639,8204690.497548738,153.36643699208656,0.004583067814952546,298.1000424721532,5270.4888300568455,24664292.35734218,0.0022522330855859595,32868982.854890916,44122611.65520392,0.26582671380050166
1984.114090051222,28.830241993765597,102058.78099053133,152.67545830104046,5.700913575368283e-05,290.84828548236806,4857.158751237647,3695769.6282429304,0.00033748118587130683,3797828.4092334616,10440055.397618176,0.27945268873960877
2844.565997410517,543.8802281170057,4923435.343184222,153.08661711740095,0.002750187599043441,442.8281329798666,4033.6451098842795,22790121.033212256,0.0020810921258898134,27713556.376396477,37763559.4733163,0.40064309822683336
2362.960505910408,517.5054513415761,1179286.4292991215,152.76732244795286,0.0006587390079304534,368.2825491829361,3184.140253023774,16291007.830634411,0.0014876221179227296,17470294.25993353,28595886.97281006,0.3328113388606208
2336.2310728228867,143.6102488640966,1058494.7955903688,152.757021542288,0.0005912658657158953,372.69567400041115,3986.429219923955,11678523.292175565,0.001066430618334531,12737018.087765934,23767083.83463131,0.32904662997505446
3032.393956850707,1737.578507629468,6022207.620277808,153.18031855371729,0.003363952111015367,522.4964538828214,3415.1070801719693,10899275.294724807,0.0009952731694887404,16921482.915002614,31447515.08912113,0.42709774040150805
3091.9401283408183,1147.4004297190365,19081983.21194313,154.29403406731313,0.010659027678161515,571.2868202966738,4666.993383395059,38723343.70149281,0.003536042899810037,57805326.913435936,58210905.9495477,0.4354845251184251
1481.8622948040995,800.314996471811,2967157.2470284323,152.91978903913082,0.0016574278925964858,232.12107319981604,3086.743841432093,11408325.50443729,0.001041757362423537,14375482.751465723,30771048.602081425,0.20871299926818304
3312.665669129896,337.7127369159921,808333.8409805215,152.73568824034191,0.00045152816080529234,551.1086827147126,3387.6407164447105,18989508.09806826,0.001734037117214929,19797841.939048782,31734406.8866792,0.4665726294549149
2862.2651854488895,217.3427879520653,3885159.397510303,152.99807470562868,0.002170215804728981,404.9227547152451,2714.9765282261064,26318978.196119193,0.0024033316104635546,30204137.593629494,33863609.89970602,0.40313594161251964
1102.451339335194,254.99741156680284,667923.0805611672,152.72371424882445,0.0003730959472876272,147.2582859099433,2654.1190033782364,16271452.27772657,0.0014858363921201056,16939375.358287737,24848239.768968783,0.15527483652608368
1325.8312604119342,516.3033516062579,7024862.19669357,153.26582323553163,0.0039240261223456585,222.418187980866,3482.5723053020997,19661321.647025496,0.0017953841317728386,26686183.843719065,28900798.276572194,0.1867367972411175
1407.6956436090243,250.21582133494624,1674989.883823773,152.8095951978613,0.0009356345896553986,234.60964906253275,2788.567968095391,11650984.763014024,0.00106391592277354,13325974.646837797,26106970.10763453,0.19826699205760906
1381.70116873908,491.66500279376277,936205.6335412159,152.74659292994602,0.0005229562173665325,213.7134156250805,1482.9975671238578,8812444.109698012,0.0008047130605322484,9748649.743239228,13884034.24179076,0.19460579841395492
3424.2246121806547,1129.0031972135869,7037550.662371432,153.2669052863655,0.003931113787466911,531.9985980104809,5200.305808096831,32818168.570079047,0.002996808665376778,39855719.23245048,52648739.625312194,0.48228515664516264
2349.6297331773862,714.6679611724211,10474154.823452996,153.5599730608782,0.005850770589644894,406.6400104505966,4327.722701748833,4903587.60061424,0.0004477737318453747,15377742.424067236,8364486.2330907425,0.33093376523625156
2755.5970202243993,956.4933709005893,1929867.2140014947,152.83133070431703,0.0010780068203992688,463.1886006240425,3310.4837224481184,17353064.9335209,0.0015846044319192817,19282932.147522394,43003195.90202479,0.3881122563696337
3020.266319738548,1103.0630234558166,2016233.5249029065,152.83869587683688,0.0011262502806379526,512.6794877178339,3951.2249674227073,5174537.192583197,0.0004725156391629321,7190770.717486103,8492826.70405492,0.4253896224983871
2539.530546330835,167.93435388477766,872792.9776036912,152.741185206193,0.00048753446653071464,430.2590023904131,2282.500176965255,7729197.811214515,0.000705795843774688,8601990.788818207,17846126.728072673,0.3576803586381458
1714.3801641210857,702.4338333012078,7356314.935005119,153.29408896292415,0.004109172701316277,271.9495349279174,3185.368861056098,12486445.632540753,0.0011402064801833646,19842760.567545872,29807389.798648626,0.24146199494663179
1543.5355299387306,324.3929067369137,2809542.168623349,152.90634789255336,0.0015693854986507105,256.9234581621554,3972.7307173499166,29796918.335595146,0.0027209215797327673,32606460.504218496,51605786.83584429,0.21739937041390572
1813.6163206941058,348.71750536919944,1315461.80428246,152.7789352529834,0.0007348053724642867,305.5093991149077,4113.480083080335,16325653.060296074,0.0014907857656516494,17641114.864578534,51933466.92553961,0.2554389184076205
2916.623222038792,1876.7550294978369,32088062.149984058,155.40317042135533,0.01792410876775019,392.20443820793577,3547.028881407041,30257134.16233229,0.0027629464347932913,62345196.31231634,44241709.309155144,0.4107920031040552
3170.585808229875,1026.906636287534,8491293.709775105,153.39087802795754,0.004743161843850929,481.3066040764234,2621.8861569469314,9380194.93772783,0.0008565575319134404,17871488.647502936,17016107.48689771,0.44656138144082747
1902.2035709823158,153.16211006171045,686385.050686455,152.72528865432596,0.0003834086411189652,296.948800694709,2462.8157957076182,8318524.789257444,0.0007596105528669421,9004909.839943899,14849773.409827067,0.26791599591300225
1479.1943696517665,558.3919906033709,5873023.527431418,153.16759638728965,0.003280619191311507,212.1475172264979,3563.516981547863,22736308.688671894,0.002076178222785244,28609332.21610331,47557616.17223427,0.20833723516222064
3063.360603952339,507.766722159569,684331.3181414297,152.72511351549755,0.00038226144421593666,478.57788736132835,2587.7464335679724,2260919.8034936683,0.00020645710452621603,2945251.121635098,5032736.953221147,0.43145923999328717
3400.524606122303,1312.0125909171425,6631577.831842684,153.23228461189183,0.003704340941629747,533.4835519416123,2446.705819776796,14133845.96461698,0.0012906397251089125,20765423.796459664,27962853.387047186,0.47894712762285957
2414.8698377702344,1155.203362918064,7947009.819340563,153.34446242086517,0.004439129658700969,339.08066664216227,2428.948200388613,24946565.450769868,0.0022780090045127106,32893575.270110432,36263144.197771065,0.34012251236200486
4151.792142914867,2413.615559207896,18363307.610168748,154.23274663083913,0.01025758181973857,604.8659260716795,4876.04201545355,5522399.598212909,0.0005042808813129886,23885707.208381657,18146172.080444206,0.5847594567485729
3363.5316545793758,547.9827921049279,3844535.612636349,152.99461037815095,0.0021475237164614303,462.6193072375641,3468.676766818902,6429290.771078623,0.0005870941351846727,10273826.383714972,9164021.517735798,0.47373685275765853
2210.769319586707,208.50166640565453,2069950.4093332235,152.84327676163937,0.0011562560589453152,311.90964362974324,2984.069271479239,9155465.248303989,0.0008360362197873635,11225415.657637212,13833155.753755592,0.31137596050516997
1317.323775059048,377.29192525437577,1294625.2122850409,152.7771583437559,0.0007231662357798374,207.69609117728868,1981.373233507214,6777578.361261837,0.0006188982032902848,8072203.573546878,19751859.953117203,0.18553855986747156
1234.5842561813736,319.91242241681437,2954372.7828499195,152.91869880170762,0.0016502866035588148,183.77537549885542,2701.8038722379865,3206350.916901856,0.00029278965373987403,6160723.699751776,7985547.51880841,0.17388510650441882
2063.0175125735414,850.6795641852789,5590330.6754224375,153.14348882030617,0.003122709455173789,334.4013168798075,3349.0723909807807,10061338.368582813,0.0009187565096410316,15651669.04400525,38275799.033390306,0.29056584684134384
1513.6522025307324,710.1617037775641,1628539.7410464673,152.80563400846287,0.0009096879492032084,237.41338037262727,4123.37039604992,6919505.126700236,0.0006318583220003359,8548044.867746703,36208886.47335614,0.21319045106066653
4531.6431698522965,1093.3774796993425,8581532.482100127,153.39857343742005,0.004793568426918027,778.0636773061324,3793.4688614287907,22685048.980110724,0.0020714974150042496,31266581.46221085,43354706.86465242,0.6382596013876474
3008.2963650520924,749.2585789645785,2198151.0808828603,152.85420949748587,0.0012278678244117547,528.0582574535828,3917.4692889234443,34897666.560823336,0.0031866991397641207,37095817.6417062,59475839.22675691,0.42370371338761864
2836.6533849262923,77.50033678919337,449298.2838609302,152.70507029694082,0.0002509740622991252,413.8749619928359,2683.201676595583,14883615.332636684,0.0013591053170970064,15332913.616497613,25673038.20989398,0.39952864576426655
2572.3944395486483,541.5944092002018,1049287.2460505078,152.75623633807888,0.0005861226096768313,429.21830713366035,2841.1408824570385,6101170.603677217,0.0005571316661074092,7150457.849727725,25193176.804279152,0.36230907599276735
1960.2102431788717,326.86225668235613,4209499.694755795,153.0257338961095,0.0023513894367925836,334.4362317231195,3773.7205235660713,24224072.162244465,0.0022120341423534757,28433571.85700026,37619363.18870221,0.27608594974350303
2663.673036398981,1123.4665455666634,5018601.0326382695,153.09473268600036,0.002803346314604438,435.53829515082816,2526.6389328171335,7199434.790619551,0.0006574202494046045,12218035.82325782,24175036.27499291,0.3751652163942227
1162.6437517720012,350.97964445867945,840974.6493815626,152.73847179312483,0.00046976102875806447,161.16254567205667,4285.910449599934,13329702.37788946,0.0012172089221752804,14170677.027271023,27815667.24259825,0.16375264109464807
3645.0438765703025,220.03450447865185,1611128.2050633824,152.8041491822035,0.0008999620186274093,600.5352892802208,1691.6321293242136,9789435.786964133,0.0008939275795624628,11400563.992027516,13369598.0601711,0.513386461488775
2290.173615157012,881.7231706617875,3308960.687204809,152.94893745682398,0.0018483562824218591,335.81865553263634,4051.716131776493,6695289.845434511,0.000611383983331126,10004250.532639321,10704374.120569527,0.3225596641066214
4306.0382388048565,1258.389841988512,5476289.820207294,153.13376360958222,0.0030590072383405165,636.7398213154114,2147.324449175568,11176423.57482892,0.001020581113338097,16652713.395036215,20545732.03109732,0.6064842589865995
1861.4827976669205,481.118150905874,7250453.934665264,153.2850613163512,0.0040500396793379245,267.1251582787983,2802.6583724324914,16841676.313873548,0.0015379067058270497,24092130.24853881,27939065.054759864,0.2621806757277353
4238.043076618932,984.2598589231487,4050001.5481572635,153.0121321646701,0.002262295177546614,620.2683359153341,4458.637281744925,13201439.048323946,0.001205496487440502,17251440.59648121,25666452.48063757,0.5969074755801312
1437.2793115836312,380.5549356289132,2348268.965955118,152.86701129613087,0.0013117223522247645,245.70176372059464,3454.459068196626,6288314.290724,0.000574220792266743,8636583.256679118,22419526.743285704,0.20243370585684947
2163.9910413414823,460.05047994125675,2055401.3497991352,152.84203604251695,0.0011481290824912893,385.8427956708248,4554.2240622140125,21106938.87830047,0.0019273914446200466,23162340.228099603,37794107.16841979,0.3047874706114764
3463.577603509718,476.3826771763598,654302.3592939716,152.72255269681497,0.0003654875324088369,593.6711495044548,3133.4723883020624,13210192.664765045,0.0012062958286209232,13864495.024059016,28854123.135580134,0.48782783148024195
1837.2679515878744,821.8422417528429,11312713.707931219,153.6314839403839,0.006319182193415207,263.7440851264652,1456.0548479171368,14961436.013197415,0.0013662115542824214,26274149.721128635,21738267.988356024,0.2587701340264612
3227.276840946083,530.440290040814,1459832.4755941774,152.79124693898592,0.0008154495573131637,577.213590163476,3960.8088040399,4027275.009409737,0.00036775277755925597,5487107.485003915,11706707.227188876,0.4545460339360681
2118.104035690659,958.221168693436,1440556.488371808,152.78960311548693,0.0008046821607043952,329.0754857083316,1744.6173598823877,6638406.24115829,0.0006061896264964713,8078962.729530098,17662789.173520293,0.29832451206910693
2429.440561111705,388.48254430670073,7654804.594027082,153.31954365481892,0.00427590639465536,370.0511882754774,2773.818018371944,11076138.639632685,0.0010114235406916809,18730943.233659767,21922515.749631766,0.3421747269171415
3472.4014144988537,1562.4465185308723,7951639.1943278555,153.34485720611286,0.00444171558677664,592.6514227834838,3328.1951547139724,15069896.678682897,0.0013761156981253466,23021535.873010755,44417082.48726386,0.48907062176040195
3674.922649411219,1070.8874686533693,4172685.899083002,153.02259447804926,0.00233082557492037,587.2489917141479,3880.2821212207737,19133933.881866846,0.0017472254351269178,23306619.78094985,39284605.67738647,0.5175947393536928
4247.628884412289,3043.10324308417,14241173.961490829,153.88121806425505,0.007954994286444972,630.264665753734,3118.261540864665,2838076.8813094986,0.0002591605126517674,17079250.842800327,6064500.711099403,0.5982575893538435
1403.5722662320306,346.19423897239693,407734.9677426321,152.701525847832,0.00022775716015743797,207.16329263738317,5625.485292582358,5268150.804648646,0.00048106401635941996,5675885.772391278,17892048.540299527,0.1976862346805677
3065.9180278080466,802.9598719872417,1264803.4647524445,152.7746151957028,0.0007065080703871907,421.5392128184472,3334.5684951573803,10897291.10786632,0.0009950919824015165,12162094.572618766,27672560.09910654,0.4318194405363446
1150.6613591499854,246.10005074408627,1640867.3893415465,152.80668528940228,0.0009165740649137444,184.85737060636012,3307.4194566287833,4262171.322366609,0.0003892024603662364,5903038.711708155,6392476.232557262,0.16206498016196977
2412.407919540282,69.90305367653251,159611.31721563157,152.68036628372292,8.915747535542806e-05,381.1135945250668,4485.613740665993,12606710.57070055,0.0011511885375169015,12766321.887916181,55212097.80617519,0.33977576331553266
1367.9183800186354,396.209999119868,5043919.0121969,153.09689176035883,0.002817488714892402,236.8796378347038,4573.99480516818,19498834.134447683,0.0017805464974097601,24542753.146644585,38291817.51613333,0.19266456056600498
2932.780392093549,739.7346583647654,9901460.5828667,153.51113466730772,0.005530868633242703,427.90013745108706,3711.5716102065517,18967763.446794722,0.0017320514927208937,28869224.029661424,32592724.437378835,0.4130676608582463
2100.6845521094456,782.8974449869102,14076942.71855583,153.8672127023872,0.00786325616129191,304.15369718432464,3362.024571518399,21191111.862057723,0.0019350777457789825,35268054.58061355,32999572.039054748,0.2958710636773867
2614.554269801179,523.1013996947606,886902.7117780233,152.74238846039384,0.0004954160397101504,433.9724888629936,3377.265519590036,2461533.8217945034,0.00022477628120897965,3348436.5335725266,7259149.005167156,0.3682470802536872
1846.6206642934108,535.1716749305125,2625087.9415073995,152.89061794889196,0.0014663509927324014,272.9136857425156,3487.867549232174,22832421.15941719,0.0020849547846023735,25457509.10092459,46548021.80679526,0.2600874175061142
2078.5677663652627,543.508497775715,1014070.5077997077,152.75323311436702,0.0005664508500080601,317.6563367872337,5026.8260100421485,13497687.80859048,0.0012325486018806508,14511758.316390187,28937270.0137398,0.29275602343172713
2242.6764221794724,1133.7439564409622,10516898.346908938,153.5636181560672,0.005874646745205769,378.681773728046,2832.678839317565,21984390.874944147,0.0020075164443249765,32501289.221853085,35549459.73852091,0.3158699186168271
2397.030747122579,27.81752531555644,346136.2873719307,152.6962728168389,0.00019334868008913375,432.0680522907872,4026.976102287476,18322215.74157853,0.001673102957772183,18668352.02895046,32394556.173699625,0.33760996438346186
3107.1216237231574,181.4027975092782,778227.0658473205,152.73312078561847,0.00043471078150680853,528.9494523180625,4833.903007577057,26236990.31799371,0.00239584484339739,27015217.38384103,73389327.88300107,0.4376227639046701
2208.3938577661493,430.2994071841853,2533552.6703227074,152.88281197620552,0.0014152201968267164,351.1256898390931,3054.5258199455125,28190369.753864564,0.0025742187343013355,30723922.424187273,47878615.41416399,0.3110413884177675
3648.445293073034,754.1308939865074,3186762.5124048432,152.9385166037203,0.0017800974587478535,591.63987485893,2620.9777150243285,11040989.612607252,0.001008213888436271,14227752.125012096,26127931.826234177,0.5138655342356386
2422.0157600711213,795.8946613166515,1121116.9275571492,152.76236185149747,0.0006262460368275935,376.19649859443444,1823.4536772045865,5308164.763805763,0.0004847179125017967,6429281.691362912,15073325.156574497,0.34112898029170724
3767.6536559683773,977.203558967836,5031505.54845748,153.09583316122385,0.002810554663430498,639.0019953620975,3290.7865780103416,9456527.453829493,0.0008635278765630817,14488033.002286974,27549265.90369829,0.5306554445025884
3153.9269018969662,80.58087204716442,206757.3957604495,152.68438682134334,0.00011549285939493892,506.75119368626366,2830.1074799771145,4503999.720944036,0.00041128515028976116,4710757.116704485,10532234.376786869,0.4442150566052065
2199.501165479533,731.5420432304759,3717317.1718531093,152.9837614052784,0.002076460616446063,297.8413508528949,2434.538042490992,12274238.664383058,0.0011208286870664106,15991555.836236168,24154843.981648013,0.3097888965464131
3926.400080878082,604.6177642385345,2241390.774846535,152.8578969052543,0.0012520211364464018,654.8057740144102,4490.894269269973,30894469.57941175,0.0028211450602460414,33135860.354258284,58336733.30792935,0.5530140958983214
4032.1696022216706,744.6689732028592,3113425.2175161783,152.93226252358934,0.0017391318920467747,623.4473553983715,4458.088926171237,16527762.81262874,0.0015092415260897839,19641188.03014492,39531099.36213424,0.5679112115805169
2167.590772189358,336.4327086433982,817954.9851302541,152.73650871519794,0.0004569024471490213,397.8758354505868,4905.646764353078,21603889.134223383,0.0019727707237846,22421844.119353637,53315317.376549974,0.3052944749562476
2882.703590537707,513.2008152366843,11903253.182827152,153.6818441452715,0.006649052340456318,477.66857618035874,2342.490867109929,11010424.384331195,0.001005422808222233,22913677.56715835,18513576.80549177,0.40601459021657843
1400.4084209769478,594.6543332420964,3718332.967369608,152.9838480305973,0.002077028030870842,206.85721216073037,3578.863507465189,13100877.512436952,0.0011963136568536512,16819210.47980656,31427364.024727147,0.19724062267280956
1662.7581024342817,344.98799625532524,875056.5446674526,152.74137823935328,0.0004887988751467454,270.349414304283,3129.7718788000648,12548367.77100409,0.0011458609334697913,13423424.315671543,24735751.534998033,0.2341912820329974
2367.4937766206913,353.510980804731,2028958.4166962786,152.8397810340281,0.0011333582930661557,328.086774975311,2431.9102256052724,8711676.805500856,0.000795511440101789,10740635.222197134,22767889.572973732,0.3334498276930551
2666.386290423312,1200.9831354774306,7582055.421874552,153.31333972879744,0.004235269348132231,428.01880054043545,5348.316021552782,20635292.053502202,0.0018843227618404246,28217347.475376755,32685909.52317312,0.37554736484835377
3777.697827229701,497.9450279046991,2180095.795830967,152.8526697733977,0.0012177823012788913,602.5764694122028,3359.5104979107045,16903051.76931774,0.0015435112384603632,19083147.565148704,27025204.216852047,0.5320701165112255
875.3243641888093,335.8465764922489,167762.38845595194,152.6810613932544,9.371059192564424e-05,136.17064393051012,1500.7513573083397,3793814.9484860236,0.00034643424687703364,3961577.3369419756,22784721.426913098,0.12328512171673371
2160.660061487939,452.0446275645758,1553435.4736389157,152.7992292439122,0.0008677353672228438,366.61910378409345,3386.182936313017,18254418.49111092,0.0016669120154819029,19807853.964749835,42495807.25174151,0.30431831851942803
3861.028842413428,745.8857462939155,1456600.5502560178,152.79097132587432,0.0008136442322981274,651.8741561017051,4749.954754020116,7387641.245582334,0.0006746064227862154,8844241.795838352,18915056.37164689,0.5438068792131588
2614.7717411843614,546.8318819217593,1950472.5836064215,152.83308789529104,0.0010895167982929443,376.3642608958112,5756.566511928171,32184541.89242852,0.0029389487054542057,34135014.47603494,90232150.7092649,0.3682777100259664
3486.859254836339,1634.5859020297069,25788495.08033489,154.8659540254715,0.014405226112314207,544.0923581816219,2913.3074049871097,25229848.566764552,0.002303877154191904,51018343.64709944,36781059.031536564,0.49110693730089283
3245.5858334066247,606.0521711711757,3516877.5353218676,152.96666825301267,0.0019644968016865327,481.8003669323463,2871.3910774342703,21644564.72171818,0.001976485036873504,25161442.25704005,37299380.8055696,0.4571247652685387
1214.295795481067,257.61881062771613,1327249.9574000775,152.77994052668902,0.000741390130922559,176.71850294982886,3469.8181420915967,14255995.837435598,0.0013017939062618257,15583245.794835676,22136675.44068661,0.1710275768283193
1959.1609602499145,81.66937003972946,391088.5744617354,152.70010627164461,0.00021845863155300904,353.6177906773837,5473.016298415349,10563556.230423734,0.0009646168030653286,10954644.80488547,48530739.221716255,0.27593816341548094
1722.279298247868,875.9652522258328,3295819.212584715,152.9478167741558,0.0018410155704973175,265.25580734976626,2490.92569165197,3645438.557712536,0.00033288517717017864,6941257.770297251,4844436.693443722,0.24257454904899547
1630.681191693923,357.1465263202776,3261066.9114622152,152.9448531568546,0.0018216032413160832,232.71640066077163,4380.893267994364,12949388.541127566,0.0011824803601856925,16210455.452589782,55309609.14908147,0.2296734072808342
1793.6450213944,869.7872683704566,913581.2704907561,152.74466356263508,0.0005103184475245826,275.0031096257571,3518.595164404524,12280721.81490524,0.0011214206994336555,13194303.085395996,35076076.40182675,0.25262605935132393
2636.5277181267857,503.32492399781165,681521.0861938187,152.72487386368311,0.00038069167341281407,362.8137533189516,3273.827610759065,4367332.844260252,0.00039880534114253925,5048853.930454071,9676241.204158248,0.3713419321305332
1664.9833702808226,283.81480359012255,2083142.878086029,152.8444017930007,0.0011636252557432059,231.1997861921851,4140.679678610546,11631603.537189532,0.0010621461157420344,13714746.41527556,39618277.12435585,0.23450470003955248
3642.7147466142274,1283.1524076669587,24284845.723305818,154.73772535843372,0.013565300831131166,579.3861567405651,3064.3309509370897,26512610.730361428,0.0024210132691849084,50797456.453667246,35021552.82332294,0.5130584150160884
2453.571802296733,706.4750713016371,3978113.450756068,153.0060016696431,0.002222139119792077,407.3549668750129,3322.8732324888606,4021745.650635824,0.00036724786119708133,7999859.101391892,7142237.345568893,0.34557349328123
2648.5939684729815,696.2288617442094,10927211.805708455,153.5986089919583,0.006103844227746791,451.47265181947097,2363.972701529139,12405577.945871938,0.0011328220040008933,23332789.751580395,22131848.805621117,0.3730414040102791
3508.2646949657337,2083.086755650022,2455316.7177193784,152.87614014685258,0.0013715182830913442,579.5217390142548,3629.7773585413324,9255615.089738727,0.0008451814562744893,11710931.807458105,23557346.882813998,0.4941217880233428
1867.384793578194,164.34582369402955,1999018.673445066,152.83722782350026,0.0011166342163049237,292.78020844097875,2049.976650964518,10178781.577406049,0.0009294808992467335,12177800.250851115,18410275.91426368,0.2630119427574921
2318.964366216127,879.5616545410671,2740849.699212604,152.90048991526172,0.0015310144905327228,362.140415490801,3553.523487035524,27259663.73388461,0.002489230814892049,30000513.433097214,43739273.523274,0.3266146994670601
2698.226882380733,792.4974392798702,5400195.6035591625,153.12727442383922,0.0030165016794374555,479.0789752326711,3282.99164233299,14269675.329730714,0.0013030430564379065,19669870.933289878,31411865.38885758,0.380031955264892
3533.666752459402,1040.2958781310092,11732276.771166557,153.6672635668543,0.006553546423489598,529.1159604939793,4582.694827573885,17156000.390847754,0.0015666093775072625,28888277.162014313,38030377.30850922,0.4976995425999157
879.5786552531737,140.98872482796125,471545.0178022325,152.70696746068177,0.0002634008918480646,137.2611365741037,4500.141798081731,14400876.536114171,0.0013150237649700793,14872421.553916404,43057632.73026849,0.12388431764129207
2672.252620822322,482.2335731990495,2997365.8231110163,152.9223651752666,0.0016743021370084765,417.61012837511174,4451.847055691647,14423293.385326395,0.001317070771579427,17420659.208437413,34807544.60904462,0.37637360856652424
1182.0829941931363,466.673235390779,3043683.1399198226,152.92631503749172,0.0017001745820452996,168.4554865288387,4407.948668163705,17212470.01677258,0.0015717659316867175,20256153.1566924,39586573.41712794,0.16649056256241357
3043.1508537195564,1087.6087612753468,2659297.8104207297,152.8935353084943,0.0014854603240614939,452.85867743531765,2660.077141006179,6030188.272582959,0.0005506498764713522,8689486.083003689,12331235.65871596,0.42861279629852905
2477.144694771675,266.6170860666479,5960736.011557323,153.175076359179,0.0033296146120513903,410.5232613262322,3108.822480248572,5267373.395961625,0.00048099302686819255,11228109.407518947,9188546.177854482,0.34889361898192606
3504.8151846334354,1807.185318277087,21910341.448343832,154.53523166093,0.012238923666471724,511.21178964568605,2732.4925136472534,4257243.383969034,0.0003887524630283057,26167584.832312867,8076251.957712917,0.49363594149766693
2978.1666111607014,2374.6768720527757,22861410.658059806,154.61633723015893,0.012770182546516518,455.69039724679703,1982.3813978743678,11975437.462994512,0.0010935434950961741,34836848.12105432,24878424.871880487,0.41946008607897206
3035.571170923921,1662.0993341139188,13690512.743348429,153.83425860947145,0.007647399782232389,469.0898824897495,2741.5486751133108,2089813.6858745527,0.0001908324576211036,15780326.429222982,3805713.4902436505,0.4275452353413973
1649.3242962426018,328.48975037313676,6286753.5132703325,153.20287857881235,0.003511725115751485,257.0057192413844,3810.369012390646,31702051.241768833,0.0028948898128998385,37988804.75503916,41411671.686917454,0.23229919665388757
4521.089839391268,1290.4011622152964,2211330.359822022,152.85533340404228,0.0012352296534958729,698.2235676485084,3211.8630314705333,12670913.233907187,0.001157051238143448,14882243.59372921,29575971.931537144,0.6367732168156715
1729.320732572957,586.2247197928722,1078335.1305533568,152.7587134924052,0.0006023485019999164,263.963628089727,4483.774171647062,14485255.956459953,0.0013227289169968214,15563591.08701331,39373729.342594184,0.2435663003623883
2715.0151784240384,577.6298001791982,2900279.9701666473,152.91408585838127,0.001620070835041787,433.8865450885355,3633.9334614466343,5803197.856181834,0.0005299221248487777,8703477.826348482,11557849.768117579,0.3823965040033857
4350.868404982233,190.18088543248783,305223.06639014866,152.69278380674078,0.00017049491536247352,794.4430705402337,4649.608624320988,38989118.075962685,0.003560312229365879,39294341.142352834,72880976.05742806,0.6127983668989061
2423.7127107069946,907.618706614573,2847437.6544699757,152.90957955531712,0.0015905535831222117,360.22570334751987,3557.2818434189626,10881402.599074248,0.000993641114699185,13728840.253544224,41621271.12825266,0.34136798742352037
3126.228150539126,630.6832019222311,9140150.644264923,153.4462114468952,0.005105607609947382,429.0733120663271,3725.0201436237935,12966989.230366703,0.0011840875765638953,22107139.87463163,34894876.6393666,0.44031382401959523
3628.8220062759065,897.4642660758627,11031531.682109986,153.60750521409543,0.006162116391472905,557.5381245461942,3136.9294113932306,20583756.388374496,0.001879616754937545,31615288.07048448,41864507.92262859,0.5111016910247755
681.8309354632786,95.2591454985198,1028109.1727903391,152.75443030790842,0.0005742927245677709,103.89301004398243,4026.3955332240807,18189857.88386976,0.0016610166290038561,19217967.056660097,33707515.98401125,0.09603252612158854
2495.251855986365,337.7320272307166,1278965.5808214052,152.7758229169428,0.0007144189036314419,377.6838071793288,1797.8237056526038,4518565.994227693,0.0004126152773474456,5797531.575049099,7159212.7714314,0.3514439233783613
1047.312251105842,149.71046190419227,841735.105188844,152.7385366435064,0.000470185812671442,186.07504703434464,2223.088841926039,21185655.99445082,0.001934579540302141,22027391.09963966,37680670.85619501,0.14750876776138622
2629.1302642249543,577.9224124516544,4511771.0071819015,153.05151108099304,0.0025202355284004163,381.35106585397796,2496.7850098901504,7941653.131002756,0.0007251963152539915,12453424.138184657,15258950.406672219,0.3703000372147823
1760.080339156145,816.14226585391,11687167.856187051,153.66341675508778,0.0065283489810665785,266.2194317823763,3411.3584955470715,29172790.189414892,0.002663928983306049,40859958.04560194,50930104.237926,0.24789863931776693
2936.9584789036257,870.5084328277791,4335515.494977207,153.0364803098346,0.0024217807523871926,466.7233623407793,4052.0045159801357,10026475.002405256,0.0009155729426591629,14361990.497382462,24158043.631699458,0.41365612378924305
4407.803191631099,2219.302477174902,31275374.86759093,155.3338658281982,0.01747014881293274,699.0417648470491,2775.381237815632,17998863.72038963,0.0016435758945237645,49274238.58798056,28098409.89028449,0.6208173509339576
2742.8212150534064,757.8933528873447,5972397.37104285,153.17607082013873,0.003336128544703998,422.98634077893905,1514.5726561971683,8819411.944422785,0.0008053493320974188,14791809.315465637,13430131.869245289,0.3863128471906206
3878.3108545149034,1471.07954187282,2718683.054079012,152.89859958135847,0.0015186323978861882,583.1658275107178,2703.0868622180324,8047744.105401205,0.0007348840694842932,10766427.159480218,21773173.768675767,0.5462409654246343
2221.9265667037826,168.58625751949216,533734.6206048597,152.71227088453767,0.0002981394559795625,345.5949219510152,4100.102181958761,5017735.046733596,0.00045819716711205177,5551469.667338456,7924548.456258684,0.31294740376109614
3886.8952327646725,695.3609189448679,6024233.672168529,153.18049133198642,0.0033650838457486287,605.1885520573921,4715.267682460425,30222481.66360657,0.002759782123285888,36246715.3357751,87212472.84733467,0.5474500327837567
2000.9020230389679,911.2316493720169,3081367.031799834,152.92952865588086,0.0017212244719915226,328.88391452185516,3137.1065825424125,13780125.915934093,0.0012583395891416415,16861492.947733928,40751026.207988575,0.2818171863435166
2720.5121230377877,788.5348604101918,5181565.397165922,153.10863001062617,0.0028943767726421488,430.6859973606315,3935.492624931473,20187892.548990555,0.001843468236118103,25369457.94615648,36866520.00988218,0.38317072155461795
1291.6332799224392,138.2955055662423,2204698.050563013,152.8547678119568,0.0012315249039853704,219.7835340182578,3822.953930670341,22812050.500952728,0.0020830946269986554,25016748.551515743,35773652.27209081,0.1819201802707661
3775.6421127936746,601.0747805235347,1717733.1222727033,152.8132402687454,0.0009595105860138453,679.18768467258,3071.316989489146,3489489.6359805157,0.0003186446177372317,5207222.758253219,9768428.820006894,0.5317805792667147
2564.0679419100306,532.1690943690726,1333260.00612317,152.78045305345134,0.0007447472911807917,419.21960389501754,3542.8978648597727,16629794.112018678,0.0015185585689192302,17963054.11814185,33188809.502621286,0.3611363298464832
3815.561601523604,1233.4511185678361,6732943.929962866,153.24092894082665,0.003760963150835739,662.0213640926427,3882.5449741983857,10563583.267888712,0.000964619272005945,17296527.197851576,38704209.43170893,0.5374030424681132
2850.2192717412927,491.1058675735098,3369501.1490746965,152.95410024473804,0.0018821736509602172,432.2870512911796,2623.448382442174,12447767.275691366,0.0011366745452820839,15817268.424766062,21771192.625212073,0.4014393340480694
2310.816692081328,394.2255666206768,3569292.3453412405,152.9711380991177,0.001993775252701724,400.7166878039867,3505.1893961577657,4724179.61081476,0.0004313909950293082,8293471.9561560005,13044549.19700087,0.3254671397297645
2621.558977733788,912.2089118890952,11458548.613720445,153.6439204938194,0.006400644286740809,436.4567710822652,3374.7049012432662,2100807.896197917,0.00019183639983365202,13559356.509918362,6522523.422257703,0.3692336588357448
1255.301038173549,104.02185078932305,343510.5348151928,152.69604889711403,0.000191881957848139,168.08336555560302,3095.391839654643,7808806.181778518,0.0007130653248315998,8152316.716593711,18917299.800909225,0.17680296312303506
1353.4291634928575,469.583281508221,1705672.220977538,152.81221173553777,0.0009527734728271842,198.49932351723518,4059.8005052088583,5448143.460815664,0.0004975001422984307,7153815.681793203,11999290.616299797,0.19062382584406443
3157.4005028776733,864.5557962902728,2775637.865403984,152.90345659107516,0.0015504468536255978,539.4217093077675,3797.3503379529466,9720601.682769826,0.0008876419564180007,12496239.54817381,36333280.935599834,0.444704296179954
2009.9260132897725,257.7102502828623,698065.1953327159,152.72628471725233,0.00038993306699675045,298.7998441063719,4631.442016313398,4879698.983605153,0.000445592329970257,5577764.178937869,9007385.375878343,0.28308817088588345
2071.3971585971094,491.65811921850735,1793838.9705933493,152.8197304464177,0.0010020226422666756,377.1971184833034,5520.547589482868,18868415.836566888,0.001722979512406712,20662254.807160236,51714841.716091596,0.2917460786756492
2417.860048924831,501.27513729997656,988516.357875737,152.75105389980035,0.0005521765270350976,382.617447623535,2159.186447592412,3169169.173577603,0.0002893943829053666,4157685.53145334,8035404.270020522,0.34054366886265225
2543.902608108442,557.4796379237645,3435292.2581816725,152.95971079894358,0.0019189239847783313,363.5964197987386,4580.270554844739,5619711.041392625,0.0005131669279410498,9055003.299574297,18239347.578828692,0.3582961419871045
3746.3914613396414,1677.4540742145155,40838006.426191226,156.14935082967185,0.02281175053886786,621.6831639902157,3013.0603271347504,11340834.45589732,0.0010355943811265142,52178840.88208854,18167523.209032692,0.5276607692027664
1234.9758006800848,142.95260261348494,516267.89947214705,152.71078135218232,0.000288382699465739,194.26183515801162,2528.4358496345553,5666834.342460943,0.0005174700174532246,6183102.241933091,23536870.64397774,0.17394025361691334
1460.4893181789141,805.8762534971012,2762144.785439189,152.9023059240995,0.0015429097380537105,250.36197873544918,2822.2895059184907,11569473.757563073,0.0010564727015914264,14331618.543002263,27003839.09149928,0.20570272087026958
3034.5218422462112,802.005996636892,4406832.786687119,153.0425621275203,0.0024616179631125057,547.8319148522432,5435.736524830792,19384461.640213925,0.0017701025117538094,23791294.426901042,35278067.559074715,0.42739744256988893
1975.506303282461,513.1912365617791,5498418.203771118,153.13565068060367,0.003071367958411342,309.4443656763527,3113.834468429073,2595353.7621742594,0.00023699612084061242,8093771.965945378,6055890.7906094445,0.2782403244059804
2196.049335335777,479.4063845097327,8065757.411491594,153.3545890141326,0.004505461017312751,355.02703881965823,2614.7310798657945,16483954.40601732,0.001505241137942922,24549711.817508914,24494020.15535772,0.30930272328672914
3788.1464714777208,808.0326036668505,5014819.665247404,153.0944102174023,0.00280123407609989,561.1462075694365,4887.947862680533,35493601.11696232,0.003241117223394266,40508420.782209724,57190465.138364606,0.5335417565461579
3863.7400116667864,1430.2828122742333,16259649.803349312,154.05335026079376,0.009082497105575627,580.5446805574447,2705.214329728003,12361967.133081434,0.0011288396592397702,28621616.936430745,16311337.572015146,0.5441887340375755
2844.1664107788874,826.4331448590377,12113872.066110235,153.6998053664366,0.006766702192755325,415.31042670947534,3481.7492532404126,13379282.005030386,0.0012217363124202541,25493154.07114062,20993526.01626437,0.4005868184195616
1663.1937756091531,281.6393280163604,1392452.5692200307,152.785500894844,0.0007778117353418601,272.5115443449158,3359.2116838195584,36021469.16267393,0.003289319777116484,37413921.73189396,51000255.343520515,0.2342526444519934
4423.409277133651,1873.5466338689191,3454205.391422068,152.96132367887037,0.0019294886943501677,709.1304005769945,4952.971154067539,9472599.124644388,0.0008649954698037682,12926804.516066454,41103186.852848314,0.6230153911455847
2014.5134876816824,894.6141590912637,4232473.17892778,153.02769303587758,0.002364222222616341,273.054186299563,2532.4150615654416,8680761.04491853,0.0007926883508421922,12913234.223846309,27522673.201343287,0.2837342940396736
2870.9472534197666,121.25800515245179,954599.7540171751,152.7481615493445,0.0005332310109815719,389.7372147076838,2758.93993450049,10109273.116379663,0.0009231336968464511,11063872.870396838,25682602.29431093,0.4043587680872911
2666.5264187852185,347.1215006774572,1091779.8678320437,152.75986003679859,0.0006098586137732731,416.322534238647,4385.346958636169,12788095.656615075,0.0011677518139251513,13879875.524447119,28461012.70178201,0.3755671012373547
933.0506564770374,342.5360572519189,3152225.578874049,152.93557135260207,0.0017608054320055189,139.79423479871875,4205.658966157665,7201660.3938104035,0.000657623481553705,10353885.972684452,15651344.075726014,0.13141558541930104
4126.278914313104,1252.0155560239557,12365833.21274938,153.7212921857059,0.006907445469070961,712.616358479756,2837.7970321405987,12904672.961232414,0.0011783971330238542,25270506.173981793,26131439.77424299,0.5811660442694513
3590.4812441668882,1060.985181727639,5616621.207011315,153.14573083225238,0.0031373951144559875,478.01814834459486,3994.1081986417666,12373614.462351881,0.0011299032413592794,17990235.669363197,23373877.470280517,0.5057015836854772
3286.724713989474,239.88573333850502,2209693.018978634,152.85519377439203,0.0012343150493285826,556.2331126184183,4180.079731070179,2138022.1943153064,0.00019523464342655582,4347715.21329394,5802627.53210841,0.46291897380133434
3193.969891287042,519.1437637197822,2926253.467206513,152.9163008341588,0.0016345794016183746,530.3963161622303,4247.14352201486,5270626.726014536,0.0004812901064469349,8196880.193221049,11220680.749780688,0.4498549142657806
2996.477647175565,1169.2424495516084,1870745.8096284624,152.82628893121966,0.0010449821248743607,524.8889738689279,3547.8921815275176,13279595.478294129,0.0012126333837633241,15150341.287922591,33199735.990169242,0.4220391052359951
2894.8199080417007,732.6539631955291,12256318.916692434,153.71195299227006,0.006846271748296884,387.0789207363522,3748.998793698058,19614154.622314665,0.0017910770496127962,31870473.539007097,29312202.579840403,0.40772111380869025
2445.4723338608924,410.17197214061764,1184887.0333690029,152.76780005796954,0.0006618674560132654,338.2302824829488,3263.8629256263594,7793942.722281606,0.0007117080600554528,8978829.75565061,26980267.03912525,0.3444327230789989
4090.3877646963765,899.1792534465853,5695481.632936921,153.15245591563118,0.003181445853486675,636.2584726319408,3187.9826726715805,16904815.822075382,0.0015436723238840973,22600297.455012303,26688629.075092856,0.5761109527741375
3210.611038610072,2062.3585307644016,5448868.87689019,153.13142519804094,0.0030436901410275663,508.7586922295591,4585.847269433932,24384764.122747496,0.0022267078149157808,29833632.999637686,64606231.51671346,0.4521987378324045
4356.96493302607,624.2406240738396,3799615.115079628,152.9907796343027,0.0021224315223506984,639.509542470289,1987.194318559086,1399222.557712702,0.00012777075834655526,5198837.67279233,2758547.4934393708,0.6136570328205733
1049.9699053354975,247.51298036976294,3605765.3072998873,152.97424845145684,0.0020141487278644288,143.745504448805,4473.081149633105,6336636.149791866,0.0005786333287455068,9942401.457091752,8699399.796090623,0.14788308525852079
4135.276714733532,392.2994452810212,791296.7830102792,152.7342353489324,0.00044201141034805325,652.6002204418461,4862.368296535241,18364317.402463637,0.001676947493517614,19155614.185473915,45522183.86724758,0.5824333401033143
2266.139928176124,1150.6145133249256,3515789.8257289547,152.96657549498332,0.0019638892166926603,362.4416911050159,5321.998935320569,50128976.62480983,0.00457755438774438,53644766.450538784,98434430.21627113,0.3191746377712851
1420.0648702028536,308.40759299941004,2083947.5321742864,152.8444704125367,0.0011640747284265007,234.5624015181308,5585.608992270582,22080012.630664416,0.002016248196236395,24163960.1628387,65353310.903321475,0.20000913664828923
3190.718268833703,635.5438860713607,129197.5367624804,152.67777264810644,7.21686055902282e-05,487.2047882957685,2643.2108376901215,473196.48388606246,4.321019073040124e-05,602394.0206485429,6983193.48294853,0.4493969392723525
1267.2190209960013,345.3729812870255,4401954.733905003,153.04214613545204,0.002458893125812045,199.9229866150997,2880.9548696697757,3156996.963910841,0.00028828287105094237,7558951.697815845,6192370.885494806,0.17848155225295792
3574.6934241010263,808.3441250463785,2426422.0653930563,152.8736760599064,0.0013553779849120318,559.3286089981789,2553.2213084342966,2116120.165337155,0.00019323464790301222,4542542.230730211,4934785.788332161,0.5034779470564825
3710.3684070993318,1711.537791332074,20640344.883311298,154.42692850772784,0.011529514776027927,570.1105248951231,4637.192965455136,3105172.5990715423,0.0002835505013790511,23745517.48238284,6437174.720148338,0.5225870995914552
1133.4163727156078,261.75594128697463,4087929.747584024,153.0153666171925,0.002283481535535925,181.20107239932412,2746.2358059905755,21659209.857848637,0.001977822365334343,25747139.60543266,34671748.37840556,0.15963610883318421
4190.5360902364055,664.3374637448121,3403198.332680093,152.95697388340682,0.0019009966007939028,675.8441123033884,2895.960700048513,18503690.377122268,0.0016896744114528557,21906888.70980236,36121005.98725884,0.5902163507375219
2429.65214430986,1004.0026033467547,3352134.87234628,152.95261927811114,0.0018724730018055968,378.69015384016404,4219.7169817361855,35574424.357422724,0.003248497640947377,38926559.22976901,53274727.93840053,0.3422045273675859
3275.876731836302,512.2350866183305,3249624.6535824025,152.94387738050824,0.0018152116968896959,518.7237626470501,4583.491501695943,39079272.6850859,0.003568544745853421,42328897.3386683,61600266.99316992,0.46139108899102843
1846.805479861683,411.583989402588,818349.0108255318,152.73654231704097,0.00045712254643048844,307.7934555833531,1996.404902154798,14010507.590032902,0.0012793770152798197,14828856.600858433,21139515.77326598,0.2601134478678427
3941.7856616375543,1608.2407335708356,6781598.823316333,153.24507814761506,0.003788141345532514,619.3492490483159,4222.131579164546,15634198.48675384,0.0014276452203990726,22415797.310070172,37076146.050811894,0.5551810791038809
3530.183128511736,1520.961449604571,12231839.154624237,153.7098653996776,0.006832597568912968,582.271403644765,2608.2731252755652,15198162.656616507,0.0013878283746972782,27430001.811240744,28347110.209662855,0.4972088913396811
3527.246669424062,1246.8645821886057,15482668.95537405,153.98709065180714,0.00864848245039096,546.2543841345207,3226.8215304256582,8374413.3141125655,0.0007647140434905369,23857082.269486617,18883647.442570735,0.4967953055526848
2101.810826701713,477.34719560946724,1199645.1310855444,152.76905860351366,0.0006701111993543396,299.8750703682298,3532.7484667584586,50161635.66601202,0.004580536665608808,51361280.797097564,59878997.94338573,0.2960296939016497
1225.0208241992143,404.2765902499058,557606.4710333627,152.7143066354565,0.000311474061278183,202.5808073600879,3721.2647670896044,6549007.110584084,0.0005980260969378416,7106613.581617447,23740849.52137248,0.17253814425341046
1831.4620237538072,538.5693054659152,3607276.60107063,152.9743773320265,0.0020149929232475827,257.0638342345075,2691.930222874814,4844312.631987327,0.0004423610062924008,8451589.233057957,5786078.2594710495,0.25795239771180384
1688.6261628436205,808.744521991314,5794459.970666133,153.16089662040937,0.0032367342807781974,289.652630394385,2536.87369722158,14492495.198141389,0.0013233899722338116,20286955.16880752,24272963.128541246,0.23783467082304513
1166.196979866317,412.24779206063954,1659936.5255529743,152.8083114729979,0.000927225916370622,167.8028020356184,4931.9620832356295,30962075.00168084,0.0028273184856414846,32622011.527233813,61515832.01198257,0.16425309575581928
2037.272284013381,662.4726574205815,3841579.178639353,152.99435825847368,0.002145872278481953,302.0924522894849,2983.6872397189913,14358359.548940348,0.0013111413034818291,18199938.7275797,24760704.29441403,0.2869397583117438
872.6378542177555,169.2532393701239,948683.2823548296,152.74765700267523,0.0005299261220448326,136.2255692312418,2749.49434780499,19456960.902679794,0.0017767228207916886,20405644.18503462,34712888.08739321,0.12290674003066979
3981.9706471502354,1354.5500151328401,8058268.174738656,153.35395034472376,0.004501277595655218,652.6657481902981,3403.940037160231,8761605.658434674,0.0008000707200873519,16819873.83317333,22091656.95383221,0.560840936218343
1958.8117642637758,891.2426876304623,11865552.58030558,153.6786291018272,0.006627993116092856,341.7062429396091,3228.7933096146458,27919749.23627221,0.0025495068765869805,39785301.81657779,41942037.134629525,0.27588898088222197
1264.1669894338659,185.44043815582515,1246114.5218844798,152.77302143435074,0.0006960685915817777,197.84889964457565,2097.1701461711614,12496182.07108767,0.0011410955682915264,13742296.59297215,18596183.880700234,0.17805168865265716
1615.0271211013455,183.39944199271775,1890536.084826577,152.82797661232505,0.0010560367982148655,228.02385799576282,2984.9208424508643,4893164.972547038,0.0004468219839731224,6783701.057373615,9493642.916905865,0.22746860860582332
3219.0753743607875,481.353733043508,2723846.9148595324,152.89903994664814,0.0015215168850160055,472.0806249664494,2982.9385537010025,3262439.779739143,0.00029791143833376386,5986286.694598675,5765329.7556484025,0.453390897797294
1356.2212387177146,581.4330427055448,1677742.072087038,152.80982989980882,0.0009371719377679888,213.47997444673868,2441.9500613922337,17792221.523565453,0.0016247062514858593,19469963.59565249,30830083.089199264,0.19101707587573447
2430.1053309915824,402.9348692502761,700315.8803680209,152.72647665185505,0.00039119027982503773,383.9893446052649,2898.76077996991,9278622.450726612,0.0008472823857833591,9978938.331094632,26692815.548045985,0.34226835647768766
2936.7988629224765,483.2870641745552,720270.3967369688,152.72817833916895,0.00040233669683642503,421.6801092236374,4745.099506371996,17596717.92100149,0.0016068537351571382,18316988.31773846,70842279.63560925,0.4136336426651375
1173.860991786736,224.01193780510624,498053.253433405,152.70922803805948,0.00027820815868984106,176.20882402766827,2336.094614910712,16393548.594636854,0.001496985682786524,16891601.84807026,29493637.982451692,0.16533253405446985
2330.7189909307162,275.5295093995035,4887673.457095601,153.08356740440604,0.0027302113245959436,403.99628999354866,2200.4137816402167,5810533.344959161,0.0005305919689409526,10698206.802054763,8188831.639119972,0.32827028041277695
2844.3669845642685,226.29256408155632,484392.8380118392,152.70806310099985,0.0002705775710063474,455.3129673193832,1851.1559342363464,1100121.2606577117,0.0001004581629795777,1584514.0986695508,2569704.187789654,0.4006150682484885
1724.8434515286922,940.733274950122,11726170.955089558,153.66674287321447,0.00655013576843122,292.1674453924084,1423.831247826466,11520401.185630022,0.0010519916133647246,23246572.140719578,21257183.601100523,0.24293569739840734
4010.6622196280346,826.6509158404846,3506908.5931704617,152.96581811853295,0.001958928238443791,707.7001184218519,3714.369759187598,36430882.46225353,0.003326705572161101,39937791.055424,68700102.21754323,0.564882002764512
3762.7512477920004,502.0562967565985,1915430.746827543,152.83009958688012,0.001069942737045304,641.1766177237668,3240.4412383859194,10006933.510366913,0.0009137885008323788,11922364.257194456,26229316.76556544,0.5299649644777465
3101.832704283245,1371.4311839927987,10087970.009433825,153.52703987489278,0.00563505115546481,563.6022316357295,2964.194102557412,18094479.616302103,0.001652307111343691,28182449.625735927,24598936.734261252,0.43687784567369653
1460.2367320448452,333.6109440717527,1209816.320065166,152.7699259852599,0.0006757927358931326,232.3658951476901,4770.9461430331685,21525320.237356465,0.0019655961628258713,22735136.557421632,71228158.72192389,0.2056671453584289
829.594317523558,312.78505965013824,1377678.3324857203,152.7842409729918,0.0007695589768874633,137.01988362641882,4606.956896791929,24896220.05348978,0.0022734116875567493,26273898.3859755,45219064.513810135,0.11684427007374056
2462.4666818088563,541.2470720513234,3908033.0603208058,153.00002533280033,0.00218299283121981,375.940050331092,1875.9915591084048,11332819.104581384,0.001034862455021974,15240852.16490219,23543257.17220949,0.34682629321251496
1861.4132255350476,356.3900978890818,6763063.761434081,153.24349750897247,0.0037777878232898576,285.2710526280085,2699.189486027749,25771993.79286145,0.002353383436298734,32535057.554295532,38026661.28985871,0.2621708768359222
1778.6198394224652,327.7002727765891,1600629.5549288208,152.80325387512534,0.0008940975651730021,252.53423929635844,5096.7241349626165,20428019.914671436,0.0018653955953103112,22028649.469600257,62734075.580228,0.2505098365383754
3290.0548294795212,1065.901420703022,19429652.483752105,154.32368271317972,0.010853232669849167,451.68011727196676,3901.9541603691323,15316517.099794859,0.0013986359741568685,34746169.58354697,23527189.990417197,0.46338800415204523
2893.801100699238,985.7633514814318,6101095.417447493,153.18704597126933,0.00340801813938163,396.3588972666918,5704.891535620059,22050798.649087884,0.002013580505839481,28151894.066535376,53441720.76953303,0.4075776198167941
4013.5837613963104,1075.8084206493704,24926373.40310052,154.79243375096112,0.013923652540137832,565.678880124697,3831.2394285014143,40581039.993903,0.0037056794331481245,65507413.397003524,43786378.2249199,0.565293487520607
2482.7442858634886,233.18478603068627,2544194.55986305,152.8837194984973,0.0014211646625512664,369.12367469931746,3609.92974140233,15397563.877760818,0.0014060368041571962,17941758.43762387,28224866.878284264,0.34968229378358995
1438.873678076219,283.31812863371334,441612.01814523863,152.7044148252362,0.0002466805819991702,202.62498323713606,3623.682509171372,4046838.838143509,0.0003695392590733636,4488450.856288748,7788801.658889443,0.20265826451777733
2139.553256327545,365.0318643116553,2734003.8267388646,152.89990611086748,0.0015271904464924102,348.12161824675985,3156.3912038452563,22121948.7976596,0.002020077619818503,24855952.624398462,29536228.63596657,0.3013455290602176
2861.0381257206736,1300.419643932629,7207759.180817407,153.28142038015167,0.004026190766050375,427.360293830979,5953.078261619149,4580347.914045929,0.000418256926493087,11788107.094863337,8263836.5878307205,0.4029631162986864
3366.3828898349448,913.8025305590036,13299163.498772815,153.80088500960682,0.007428795542650413,547.3822930576385,4156.813510362315,4677053.590546136,0.0004270876572118989,17976217.08931895,8034158.32694197,0.4741384351880204
1549.9423740399752,390.91720350975726,3256899.593818739,152.9444977750736,0.0018192754144015222,244.23131622267243,2430.4150123768413,6767156.358831641,0.0006179465125484112,10024055.95265038,22742837.8961378,0.21830174282253173
2692.885796242372,288.8129880226316,467043.3428318027,152.70658356547494,0.0002608862958766167,484.75451125880005,1744.9679320972612,1425035.9637870998,0.0001301279233675544,1892079.3066189026,22030551.39623744,0.3792796896116017
2258.061057107285,20.810745405738647,145054.74804871797,152.67912492419174,8.102630408646228e-05,347.304789727665,4353.209838783189,27249924.14773131,0.002488341439358522,27394978.89578003,39094979.06084834,0.3180367686066598
2126.5400176425383,331.4700998555383,2302132.1626589727,152.86307682779196,0.0012859507404454629,360.9234642876252,1740.6453744298447,3736089.753097445,0.0003411630396985569,6038221.915756417,8069054.832834427,0.29951267854120256
4330.401672474873,2851.1882552669595,25428602.35766864,154.8352629844463,0.01420419320868671,667.5760476420423,3357.7002519787366,12200869.293614674,0.0011141289236221946,37629471.65128331,20520381.779954895,0.6099157285175877
3041.639281557853,1255.0748425912154,8200532.289923686,153.36608238719245,0.00458074507681383,483.0351812798042,3871.2573709938038,3259215.295985796,0.00029761699287033825,11459747.585909482,7482244.407975476,0.4283998988109652
1710.6844094448138,189.7039220491414,1454141.7080985522,152.79076163998522,0.0008122707447353328,266.85086050137664,3243.2525463604215,16665675.635991428,0.0015218351095262676,18119817.34408998,26089980.205963183,0.24094146611898787
1664.116257538841,40.88136854643441,254336.52233550508,152.68844428856534,0.00014207014024858466,244.53361896362068,3658.6617084535605,24737811.934776466,0.0022589465652324376,24992148.45711197,39762893.56523933,0.2343825714843438
2848.010219131817,856.9092614442761,1296283.0465910083,152.77729972105388,0.0007240922874147682,487.7017921908177,4405.345631512752,24142345.622756697,0.002204571239565186,25438628.669347707,47877968.3454183,0.4011281998777207
2912.930128353124,903.802038104595,6784559.795999144,153.24533065434375,0.0037897953187819855,387.72455915153665,3249.906315809799,8975927.721331889,0.0008196416542149004,15760487.517331034,26305930.56464337,0.4102718490638203
3378.0528837707816,482.79601577243,1487347.4609313107,152.79359337027117,0.000830819185669851,475.7718741116036,3838.9708242417596,4369426.738956045,0.00039899654625977,5856774.199887356,11346598.565242311,0.47578209630574386
3804.9835676533066,1130.3029098695845,14846217.12766496,153.93281511933716,0.008292966067632523,563.9270427431159,3895.8656935651034,15254106.834176622,0.0013929369472774795,30100323.961841583,23227144.253471073,0.5359131785427192
2505.860366765179,538.0785118727496,5173437.752401721,153.10793689886484,0.0028898367418950244,392.29219029209935,3482.435825811175,13062803.067773465,0.0011928368685175412,18236240.820175186,20379525.101074055,0.35293807982608155
1597.4141724160975,232.60184844247834,1704032.8849885692,152.81207193574488,0.0009518577541889339,236.92258935443394,5045.566508617975,19946482.20036611,0.0018214237206502606,21650515.08535468,40840661.03361561,0.22498791160790105
3167.740573666082,935.5386517510643,25121510.806884337,154.8090747378105,0.014032654574406278,569.1983480622581,5918.047501081796,40619966.86210082,0.0037092340609964788,65741477.66898516,58995672.0220513,0.4461606441783214
3935.180812670824,2251.766474962573,2873917.8277103286,152.91183773958173,0.0016053451745599023,592.9445833403963,5408.024303221656,18508079.627038285,0.001690075218163161,21381997.454748616,43504243.0422996,0.5542508186860315
1712.3661026591503,332.56259259835025,3176594.702812478,152.93764951016246,0.001774417809904838,259.05626432023223,1920.5655362573843,8133504.493778492,0.0007427153253475303,11310099.196590971,17030182.282722168,0.2411783243181902
3083.5272459477096,511.09135797025345,7106001.867992636,153.27274268909036,0.003969350027758001,502.1450395356636,3035.757304073931,23785300.495543025,0.0021719674722684326,30891302.36353566,42768288.539134905,0.4342996121053112
2352.8925050874755,771.7713485692447,6342006.4485248765,153.20759045542405,0.0035425889185143333,339.94802161853636,2784.179841096766,18082053.00710941,0.0016511723688601065,24424059.45563429,22004409.08956079,0.33139331057570076
3915.2860010227337,1661.834491486248,2424999.152516194,152.87355471630943,0.0013545831583170465,658.6960079412611,2343.2507743689507,10662272.400307676,0.0009736311230658275,13087271.55282387,29227114.597657308,0.5514487325384132
2255.209541672185,605.0689098424713,8751508.931564795,153.41306874075707,0.00488851577381344,345.0853812259967,1675.9710044116184,7029551.326177918,0.000641907249730178,15781060.257742714,10692325.837658314,0.31763514671439225
2820.9514932124744,259.8277969650531,338422.21879349544,152.69561497415327,0.0001890396693549068,503.06733852904733,5151.428794059825,8323333.37341129,0.0007600496513080897,8661755.592204785,19171022.944614585,0.3973171117200668
2188.8042677477515,905.8413892594361,5540552.810272103,153.13924384838745,0.0030949039783267907,342.9377741449973,4564.615721745733,16504564.383123506,0.0015071231490567704,22045117.193395607,40475701.72658322,0.3082822912320777
2900.5608660136113,870.8428457153132,13578394.947909018,153.8246973940237,0.007584771769644227,479.51268586316456,5246.1910060264345,16286993.325787384,0.0014872555312593978,29865388.2736964,20891146.074903574,0.4085296994385368
919.5395448703714,501.93642876075774,7147448.422648053,153.27627718097966,0.003992501707975382,140.6394506471452,1242.3928787629275,8776451.210087217,0.0008014263495990853,15923899.632735271,12326694.274911946,0.12951261195357344
3526.153012545112,588.6728916592757,4222846.69705277,153.0268721058294,0.002358844954666317,565.3070762955471,5226.685275138184,8690404.650070196,0.0007935689618190745,12913251.347122967,24229179.991859455,0.49664126937255093
1279.7402842941563,523.0434338192551,4693532.121938907,153.06701136059988,0.0026217656854856664,204.44107741044826,2917.639131016144,6964370.5730279535,0.0006359552342958466,11657902.69496686,17074284.460811034,0.18024511046396566
3432.4371854645938,873.2975017408127,14988795.297998225,153.94497394389626,0.0083726089772298,505.5525693985502,2778.4178980512384,22318198.39569286,0.0020379982571236263,37306993.69369108,32508327.912312873,0.4834418571076893
3252.610499468759,644.5995143484965,1231568.9230837557,152.77178101035378,0.0006879435482627372,468.8109785891127,5306.784615325391,4899142.39747168,0.0004473678157361763,6130711.3205554355,10256786.285990452,0.45811415485475476
1834.4094581032666,101.63525842461627,478209.0150595951,152.707535755066,0.00026712334199507914,276.016372977646,1796.5241697887384,6808762.170828196,0.0006217457695866297,7286971.185887791,14470875.307476912,0.25836752931031925
2016.0540453402275,82.0981225921526,1494618.8112977636,152.7942134586985,0.0008348808979117273,315.0675722051988,4149.043188776258,43968375.172246456,0.004014995761794516,45462993.98354422,60378623.42864803,0.2839512739915813
2040.4521977600086,559.1954079365863,2924158.1305612456,152.91612214740329,0.001633408965031613,310.7806760390918,3970.973102924491,13247681.786513073,0.0012097191678810634,16171839.917074319,25333933.700095102,0.28738763348732516
2663.652494619146,738.290743652351,6127795.732213696,153.18932292882994,0.0034229326999359877,427.6215063272432,3810.035756944514,18407768.798347376,0.0016809152810383905,24535564.530561075,55445244.54229348,0.37516232318579523
2421.154446264352,95.64322982289998,1065867.074759672,152.75765023775244,0.0005953839558978657,373.793786482969,3502.158010467388,23307288.127431516,0.0021283175164869303,24373155.20219119,52285701.653348975,0.3410076684879369
1439.8206342420676,216.681199235188,800066.3043322015,152.73498319883797,0.00044690998768426304,230.35883616818637,3124.37247818788,20682602.230518054,0.0018886429160299817,21482668.534850255,39210146.974600635,0.20279163862564334
3985.9684378098295,1661.1250609789515,11913970.080571199,153.68275806413567,0.006655038705102534,669.9729425013504,3095.3376705807104,16085207.750476616,0.001468829373219894,27999177.831047814,33640601.988260835,0.5614040053253281
2354.6957248642316,1072.3565146192514,7965354.311913862,153.3460268080803,0.00444937673060708,333.382311237817,2558.9871036458817,27661087.672115725,0.002525887057119943,35626441.98402958,37239457.78818776,0.3316472851921453
3688.651395627884,73.61134285083993,384473.71427508065,152.69954216758643,0.00021476362894068401,574.0237753060949,3310.354136349461,13908790.03528022,0.001270088622210205,14293263.7495553,26629771.396928966,0.5195283655813921
1731.438163720841,795.7874224392909,4325831.524002387,153.03565447721348,0.0024163713715326107,305.60379049195245,3337.6958015247205,16889471.655846443,0.0015422711631148827,21215303.17984883,31070163.136940718,0.2438645301015269
1589.2947321721904,678.4320988789394,985021.7626140475,152.75075588664313,0.0005502244769151066,249.8657713616708,1441.8375353575088,6532956.225517142,0.000596560401758878,7517977.988131189,13498688.167659638,0.2238443284749564
1485.650399278818,109.27276803327139,833618.53936427,152.73784447653824,0.000465651970522174,240.3625385200237,2789.985950265941,22122966.592620876,0.0020201705603112977,22956585.131985147,34799194.34412071,0.20924653510969268
2334.0808177011004,298.483487017595,482659.84605809837,152.7079153143851,0.00026960953697141576,408.1849736755423,2547.922112272617,8072625.461086849,0.0007371561238241275,8555285.307144947,39937780.88964431,0.32874377714100006
2359.3126334928297,688.3687025760304,2951042.6028709053,152.91841480960687,0.0016484263943670197,354.1575259508425,2784.304173970694,4391685.059337694,0.0004010290767239249,7342727.6622086,22537176.50721547,0.3322975540130746
2537.507382320517,1134.8977930665415,6317152.239308868,153.20547093061387,0.003528705576253177,364.0786717133054,2199.195495625844,10801736.790103484,0.000986366388623352,17118889.02941235,23286823.137981493,0.3573954059606362
1960.4589657469094,260.0367568775384,2746698.2392110378,152.9009886688339,0.0015342814334404764,321.9648596413744,2061.595965371092,4051980.567522238,0.0003700087788494076,6798678.806733276,7672221.656296288,0.276120981091114
3308.9628021074573,1516.6404744476602,9469834.346299142,153.4743263138742,0.005289766020841524,493.0585173538447,5325.068982669228,52117402.25064165,0.004759128540282037,61587236.59694079,83468579.05416608,0.46605109888837426
4238.359140803723,2555.280786352575,22495821.317315865,154.58516039120533,0.012565967562227609,694.8051640626829,2027.5204901149395,4892081.594134994,0.00044672305469234413,27387902.91145086,12225120.496004313,0.5969519916624961
2730.1950497085127,1228.5364552253081,17181041.88708856,154.13192501505063,0.009597178604554557,487.47214979163357,3055.9864540724852,17189999.32258255,0.0015697140081943413,34371041.20967111,24583539.19614323,0.3845345140434525
2562.574138170418,390.23305296219013,1939573.3709351423,152.8321584289191,0.0010834285941350164,407.39839796911247,2876.3292610179624,13869626.098673906,0.001266512346332974,15809199.469609048,41857554.47848877,0.36092593495358
2459.443590792198,703.2476913051465,2555784.7394869025,152.88470788935913,0.0014276388347602698,357.61434302141885,5383.88741461972,21760653.107189704,0.0019870857100581694,24316437.846676607,71851727.5222274,0.34640050574538
2343.212648144984,371.5981342853021,1728040.3403486651,152.8141192508223,0.0009652681072074287,369.9661817118941,1853.589244725009,1235159.658098519,0.00011278926667127376,2963199.9984471845,3984134.63311805,0.3300299504429555
2340.8603546319873,579.7858619203395,3802269.363149326,152.9910059840766,0.0021239141619340263,360.38184563590914,1504.6202923470175,4720588.335893595,0.0004310630558336606,8522857.69904292,14396299.23972686,0.32969864149746303
2454.741366924192,571.1671516076542,1662559.904538739,152.80853519030865,0.0009286913127555252,450.521997240746,5365.528754146365,33873770.80391483,0.003093201549543822,35536330.708453566,81460581.31213771,0.34573822069354815
1620.6568025464462,397.1212262922766,2500493.503173409,152.87999274649806,0.0013967536373633571,226.30326129459104,4901.576281285846,26727381.461547654,0.0024406251736979164,29227874.96472106,63671494.17577502,0.22826152148541495
2297.0063277827076,453.37953324093894,7660023.299126084,153.31998869713905,0.0042788215173381605,364.03732571436854,4535.255309392985,11406371.104028616,0.0010415788953019541,19066394.4031547,16877935.63143412,0.32352201799756447
3148.2147924549004,331.577210679355,1277849.8135588716,152.77572776620295,0.0007137956458704853,485.4596817764828,3258.9147194216207,12882473.717143023,0.001176369997143013,14160323.530701894,40113021.011919655,0.4434105341485775
3260.3810695107404,961.292797955932,7235355.603635453,153.28377375628716,0.004041605884666177,532.6117213180685,2565.4912518142464,2233745.100093226,0.00020397563190974172,9469100.70372868,3561317.2783547286,0.4592086013395409
2346.4920082816193,879.4944385876877,5545125.51033037,153.1396338004933,0.0030974582482861113,429.43628235608804,2724.558393548422,19104443.960285388,0.00174453254712045,24649569.47061576,36361129.46568112,0.33049183215234074
2099.5929478956778,597.5912453063727,3037183.1988582043,152.92576073354164,0.0016965437722435972,371.8014742566016,1771.2590150421302,9420396.068351995,0.0008602285197187222,12457579.2672102,14828334.938457692,0.29571731660502504
1678.2936222947246,86.43874651968252,371547.525098963,152.69843984409582,0.00020754317356819207,253.93124232252336,4486.493648901931,25190077.622451432,0.0023002454490803504,25561625.147550397,70324206.32073644,0.2363793834217922
1745.9513532393391,831.3691880551487,1970086.8676649914,152.8347605681705,0.0011004731645334331,278.60424614011794,2719.853514727785,15082176.726650152,0.0013772370572920206,17052263.594315145,31823106.95314883,0.24590864130131537
3070.606369232793,1474.671957233433,3736715.4288785476,152.98541565573885,0.0020872963118896415,445.7868227821616,4278.938471149078,31557013.280191913,0.0028816455936456725,35293728.70907046,62268914.26986236,0.4324797703144779
1699.17645697906,98.70344144960015,282625.9232114659,152.69085676069434,0.00015787235030106928,307.88352862088175,3524.295837805211,16766503.779800424,0.0015310422855585142,17049129.70301189,35132905.120790266,0.23932062774352958
817.374705589057,407.0967347250936,7608641.976823969,153.3156069851138,0.004250120363455068,126.61771452494068,2308.839328508347,11478668.088173151,0.0010481807331864266,19087310.06499712,13511533.708944255,0.11512319797028972
1269.2886479168965,330.59529902413936,5315634.62653406,153.12006320713058,0.002969266662794068,196.63592815700443,2599.439861887003,17702908.363205623,0.0016165505723434665,23018542.989739683,27524927.38457313,0.17877304900237978
2881.7972646382173,813.6260555407096,1982857.2260685933,152.83584960267717,0.0011076065742097185,466.253053632745,4458.1334598559015,14759967.474595748,0.0013478143466200557,16742824.700664341,48451674.51647504,0.40588693868143905
2379.8570176398293,643.2301386318134,4572899.44006554,153.05672401007797,0.0025543813323660736,362.34497046834605,2560.8792300769805,3014176.634093591,0.00027524115603036307,7587076.074159131,11871387.033402193,0.3351911292450464
2027.3089600044514,1098.0339800415136,9780363.493749699,153.5008077129237,0.005463224866329108,291.1784678001428,3329.8199235028023,27311274.800273363,0.002493943707101524,37091638.29402306,30662160.755187094,0.2855364732400636
2551.15001438813,182.25116061434636,604024.6597727446,152.71826509986877,0.00033740285248651247,399.1871146106493,2787.3301818272466,8599428.012933943,0.0007852613814026179,9203452.672706688,25946883.30384376,0.3593169034349479
2240.5376178723873,248.55808870039874,5754912.185432936,153.15752405235617,0.003214643236428616,366.2183445140015,3069.928453927947,28567499.57653096,0.0026086565463360107,34322411.7619639,48120046.27194057,0.3155686785735757
3169.1686462449647,417.3195688005389,10137140.633819113,153.53123306234892,0.0056625174329714145,469.6656006526767,4532.254778719045,16830161.007075086,0.0015368551794103817,26967301.640894197,27021294.833820917,0.4463617811612626
3090.5773475187398,561.5945914702103,5086747.042621126,153.10054406215875,0.0028414120753008643,417.84326293706175,2151.394120233214,2479118.3931046613,0.00022638202576985263,7565865.435725788,6842582.644253553,0.435292584157569
2548.3652018220623,310.810777665949,540169.9711806554,152.71281968032068,0.00030173418610512925,390.52875764264854,2698.017644698404,22745377.55230517,0.002077006350932105,23285547.523485824,39262688.76008983,0.35892467631296654
1364.0417407363964,842.8790581196383,4925692.695348254,153.0868096205651,0.0027514485360711216,216.14972523484548,1497.6237891589367,6842864.379938703,0.0006248598311026655,11768557.075286958,11709433.4546085,0.19211855503329525
2233.383356256362,602.8709285592312,2299376.837333316,152.8628418583211,0.0012844116399977068,340.2941283916336,3780.055207778209,18086258.495548744,0.001651556395292606,20385635.33288206,33194105.00026367,0.31456103609244535
1814.840231763068,174.33633902893305,2464961.050177568,152.87696259916822,0.0013769055222201398,266.6101282680304,5080.220034349902,35251864.41726228,0.0032190429070029134,37716825.467439845,49864325.32884934,0.25561130024831946
2243.2070947076472,554.430424943412,4471276.54157013,153.04805778164268,0.0024976156767333446,385.64017588852437,2752.6628835955016,8475639.730930902,0.0007739575880362495,12946916.272501033,24172181.559777584,0.31594466122642917
3631.0835859056247,1110.726181581672,4596230.677404887,153.0587136584294,0.00256741395595661,539.0813069802402,4709.234184630477,13063418.250839783,0.0011928930442892025,17659648.92824467,37882904.55522254,0.5114202233669893
3575.6345435936482,1050.669433351107,5406684.0419853665,153.12782774686409,0.003020126063968398,535.5033719514921,2820.536749959824,7716513.032717589,0.0007046375264226152,13123197.074702956,17994403.177785173,0.503610499097697
1301.9962868478613,103.09616726297455,195931.13811329333,152.68346357645208,0.00010944540727053642,205.2196953789019,2360.3404045527377,6761818.153228863,0.000617459051440586,6957749.291342156,14231888.653124772,0.18337975871096637
3176.9875169965976,564.5048716323275,3913870.3970603514,153.0005231309776,0.002186253516085923,493.7008005444015,3339.6232402447004,9848059.096033027,0.0008992807984733711,13761929.493093379,21306060.645272724,0.4474630305629011
2513.9171743550155,1008.1627124278145,3118298.0322876177,152.93267806896895,0.0017418538034406073,391.7787170743623,3581.21636376195,17275495.650828697,0.0015775211512650713,20393793.683116313,33511570.171047624,0.3540728414584529
1399.453956496554,455.97189472552014,5625458.374736446,153.1464844509285,0.0031423314784773115,213.682135967914,2624.6738570990183,8775347.965832688,0.0008013256062582453,14400806.340569135,15648300.812281188,0.19710619105585267
1750.1848289684742,225.66220533016804,1376736.3431350088,152.78416064173757,0.0007690327899367855,275.091434567494,3121.1000899878177,22354925.248446234,0.002041351989381668,23731661.591581244,43970612.877711155,0.2465049054885175
2496.569161815249,195.92834314728069,1305149.457309646,152.7780558335229,0.000729044986314431,447.3735399727403,3150.190292753194,2720764.948728798,0.0002484481106065642,4025914.406038444,6126596.829720296,0.3516294594105985
1768.3012921218763,645.9656017488737,5416911.237439496,153.1286999047475,0.0030258388852304474,280.9937270842647,2587.314925928765,8839829.230028866,0.0008072137474835827,14256740.467468362,15812218.506921746,0.24905652001716566
4565.231936433599,2013.009946053039,13586986.580535902,153.82543007388304,0.007589570979922966,666.1785865374793,3329.81664397806,17124031.46372734,0.0015636901177803622,30711018.044263244,38055729.40918666,0.642990413582197
2184.591525672479,364.67245218206523,1033385.1493996364,152.7548802342458,0.0005772398386116873,333.7600059449121,1884.3940732562933,8337057.171265334,0.0007613028472700475,9370442.32066497,17652441.11197291,0.30768894727781393
2155.267129040326,571.6989282643259,1482390.613773962,152.7931706587522,0.0008280503345257095,314.9561653984524,3173.645116603213,11248109.883996181,0.001027127187109477,12730500.497770144,30365631.12414829,0.30355875056906
2891.095266893302,1163.0400102046103,13286487.650969865,153.7998040348039,0.0074217149257631565,462.7532055311434,3502.876583354104,16288750.476949297,0.001487415986460216,29575238.12791916,32794429.003937505,0.40719651646384536
2111.186386842241,393.76211343581525,1230174.2373154263,152.7716620739168,0.000687164489082015,316.94811364946656,2900.9568844109945,1258096.9315642219,0.00011488379610046333,2488271.168879648,4026997.8971508904,0.2973501953298931
2539.127471180848,1169.5319835803318,2976576.0272502536,152.92059225673427,0.0016626891402333754,360.6172745525463,3169.425468702781,13388290.04608062,0.0012225588865203219,16364866.073330872,26302088.82789111,0.35762358749026024
3207.9134863311638,958.9487061393665,2040460.5249478703,152.84076191431268,0.0011397832693826881,516.2199014173934,2584.88587544205,17150681.231226243,0.0015661236555934322,19191141.756174114,32241003.195125874,0.4518188008917132
3154.9150171893148,886.2605369555691,6291815.768507758,153.20331027935362,0.0035145528469202603,450.03838443974666,4026.975262930517,10160241.23685381,0.0009277878781048821,16452057.005361568,31485610.208636474,0.44435422777314293
2997.1060704524084,385.7572532206566,2330574.675786755,152.86550235707412,0.0013018384776528613,468.2727382672001,2608.7730528107572,16483128.441875232,0.0015051657145842721,18813703.117661987,32739494.262673594,0.4221276155566772
3200.7307562899227,222.6762324898133,729691.1086196495,152.72898172150113,0.0004075990234817528,537.6795219115944,2434.2821346652654,8274767.709322835,0.000755614851643103,9004458.817942485,20201360.01630598,0.4508071487732285
1689.1666910863528,756.4764938971292,1505545.6939107673,152.79514528471617,0.0008409845582553199,238.69143954927628,2449.98143388242,10548396.15097609,0.000963232452279285,12053941.844886858,15900441.485374093,0.23791080156145814
2127.4953252397145,578.8756878432724,8207514.665151891,153.36667783231007,0.004584645370089957,341.7205745420761,4033.4493582587343,8841506.191716595,0.0008073668801395552,17049020.856868487,24320052.32975424,0.299647228907002
3673.152390513732,552.336533058045,6627474.663005442,153.23193470061221,0.00370204894767312,641.3401842750227,5376.303441793172,40243990.40201293,0.0036749015688842795,46871465.06501837,50309266.950080544,0.5173454071146101
3572.17057839669,737.8855494178928,1339520.1325004795,152.78098690641187,0.000748244142613208,511.31945092188016,3268.0048812519044,6946819.125214636,0.0006343525144248538,8286339.257715115,30613694.098629862,0.5031226166755901
2084.6730699913487,564.1945162855388,6736391.7240243675,153.24122296285688,0.0037628890582177554,349.73689536028724,4649.450676723095,4291804.731727803,0.0003919084510362718,11028196.455752172,8986311.937492946,0.2936159253508942
2020.0808567195231,441.6878504035413,7556939.006355973,153.31119784347848,0.004221239539740962,343.4846054388455,2692.1277850216807,19963652.60513209,0.0018229916453710092,27520591.611488067,26837210.72153579,0.2845184305238765
3459.9589501050023,846.3470558933427,4648334.334163868,153.0631569699121,0.0025965185995022733,486.10302037048206,4670.1634561338715,18456726.084442258,0.001685385841876945,23105060.418606125,26884117.466662224,0.48731816198662004
3778.0417638340505,888.8098393379119,2077459.597955661,152.84391713250983,0.001160450625541598,600.3831404994057,2311.4853656087744,25371634.65499816,0.0023168244268875456,27449094.25295382,32564616.722712904,0.532118558286486
1975.9909895697479,644.9532885348733,7840807.191328681,153.33540564086377,0.0043798058065156464,325.2778679890074,3455.8422751940393,3268352.8023544936,0.0002984513891654019,11109159.993683174,6721039.162593841,0.27830859008024617
2479.401287274133,352.0518344765416,646620.2065411758,152.72189757585684,0.0003611963495737669,353.1718582312778,3193.4407014478165,4671428.213230475,0.0004265739728650838,5318048.419771651,12716776.056924358,0.34921144891184974
2516.7741634459207,786.0665248632689,13221852.467997665,153.79429205601878,0.007385610282098609,382.70517271062226,4808.491364862183,27059318.580777816,0.0024709361897786884,40281171.04877548,45044511.580840304,0.35447523428815786
3498.3333447084187,928.7053204554325,11616503.329738516,153.65739060411647,0.006488876399264543,647.3761318384976,3240.3550107397896,25412527.10595865,0.0023205585429801365,37029030.43569717,50791422.469408736,0.49272300629696036
2713.6966450121085,127.11620255161839,1280440.9027366138,152.77594872989363,0.0007152430054533365,389.36854577474884,3337.825035378543,20984864.76529599,0.001916244181515196,22265305.668032605,31249192.92631023,0.38221079507212796
3218.8293121221645,356.38130667337816,2403921.5918478663,152.87175725768236,0.0013428094186562767,544.0844265909487,1922.5761255059588,2787465.060138143,0.00025453886705527606,5191386.651986009,4132416.14787778,0.45335624114396683
2027.0843271921053,248.42661662478977,4549943.862035886,153.05476639731535,0.002541558548755374,293.74521867207875,3625.469250790756,14253379.424167462,0.0013015549870809028,18803323.286203347,30351107.265091833,0.2855048348157895
2216.256241627724,32.62198662983389,83047.34306148019,152.67383703785652,4.638951404878355e-05,345.927938063009,1760.988771535232,3686698.2021915093,0.0003366528237358582,3769745.5452529895,10137253.103902772,0.31214876642644
2716.2526637348324,690.4439965286906,2555033.776006644,152.88464384846714,0.0014272193531774668,464.72419813697365,2655.978537754834,2374557.04485301,0.00021683395017157826,4929590.820859654,5133391.727121829,0.3825707977091313
3872.1049328088397,205.1046942303108,754369.8513708777,152.73108628282878,0.00042138435172178745,594.9855622805808,3846.6349485578494,13799056.19895489,0.0012600682180891594,14553426.050325768,22510850.8555339,0.5453668919449071
1600.6246418334515,220.98853447118069,1224557.2143952372,152.7711830637284,0.0006840268695740281,291.14829340367703,3644.79599383305,26954036.320627037,0.002461322283723676,28178593.535022274,48642341.20346963,0.22544009039907767
2670.43676437469,941.1851498380701,2217837.7353713354,152.85588834199288,0.001238864616136981,355.03777936067524,2773.2412430044433,4241199.897885177,0.00038728744349145113,6459037.633256513,17998405.824382473,0.37611785413728027
4114.388063384211,817.9269503309001,4891956.137128912,153.08393262409604,0.0027326035919250646,596.580847851638,3614.838916678067,26898182.94038027,0.002456222002348843,31790139.077509183,53967978.7597935,0.5794912765329875
3073.952223655437,517.6738749905229,435392.5038042344,152.70388443560125,0.00024320641609265614,484.2986881121725,3810.9421462795,2548573.3516873885,0.00023272434256579568,2983965.855491623,12120831.949452264,0.43295101741625874
2353.9746645274045,251.6026067339094,2642494.7020465326,152.89210236790956,0.0014760742557868856,364.79081506343897,2589.9374391630067,15913119.7457566,0.0014531150647675165,18555614.447803132,30303049.66137035,0.33154572739822596
2364.8374310309214,925.8662396894982,11282534.119984938,153.62891027630724,0.006302324141520765,331.56543974202,2326.545763451923,3369905.838048969,0.00030772475908897494,14652439.958033906,10785094.777011301,0.3330756945113974
3007.0585616684657,693.2104519780153,3363780.943469781,152.95361243530527,0.001878978394513675,460.7041294259051,3622.946889921035,7010133.173156577,0.0006401340706718858,10373914.116626358,36116335.06355291,0.4235293748828825
2074.104706117667,792.5513620231628,6007527.03353894,153.1790666181779,0.003355751664623652,361.776312888297,3172.279829963829,19975619.957258616,0.001824084450549269,25983146.990797557,31623737.453358434,0.2921274233968545
1931.508065476027,404.6533045187173,8902561.132121643,153.42595021624203,0.004972892202023349,314.89500976947556,4752.200967922519,25085703.301914304,0.0022907144520181422,33988264.43403595,44469169.13899197,0.2720433895036658
4214.748086359926,576.821484576093,7893283.389486256,153.3398807220451,0.0044091185484038675,678.2274240975129,5301.486515338585,26405622.24543181,0.0024112435582990628,34298905.634918064,44382112.979274035,0.5936264910366092
1334.189516431873,390.3083866587709,2515459.8991884207,152.88126905536782,0.0014051137342985243,217.83026706387875,4081.1700885935475,20183430.00010595,0.0018430607360731663,22698889.899294373,37580859.08564034,0.18791401639885535
3906.0393109671163,1654.2940248936882,8803917.064258294,153.41753801743107,0.0049177904949331275,558.352658399251,4660.045557498463,48591599.95836829,0.004437168012858715,57395517.02262658,73044571.3056478,0.5501463818263544
3175.5695812656763,490.1097844339806,584376.9452968856,152.71658957610003,0.00032642781230940443,500.3307919786958,4492.390933213438,10278262.18212669,0.0009385650240243587,10862639.127423575,25860757.699187562,0.44726332130502483
1695.372895188552,654.2808002557471,2573364.8940964015,152.88620709512898,0.0014374589542147653,313.09986127318746,5199.535191008429,36884304.154432885,0.0033681100171803684,39457669.04852929,65645118.83286101,0.23878491481528902
2132.893622212567,921.9085352489212,8588782.082009315,153.39919167100527,0.0047976179895461435,357.5744471452244,3667.4987468422287,14532092.289556826,0.0013270058018747652,23120874.37156614,23397834.1553752,0.3004075524243052
1932.9607859438327,523.2904415204569,3039350.0144968666,152.92594551590446,0.0016977541363660809,326.63547099604494,2864.224110065644,23436876.620782062,0.002140150959263506,26476226.63527893,40351698.41002911,0.2722479980202581
3317.559562135347,333.74357884995857,5578051.608142702,153.1424416822734,0.0031158504763904027,519.1887456317925,2141.951729907562,14959542.826103494,0.0013660386768875076,20537594.434246197,25061481.664446406,0.467261910159908
2628.5793646589714,1142.6457101402655,2082541.0626735024,152.844350471203,0.0011632890869568424,418.358529999899,2828.551234817653,5132207.482249372,0.00046865027895977464,7214748.544922874,11263729.620031819,0.37022244572661567
1695.0660489995403,140.2789589102951,971060.5148764374,152.74956529511377,0.0005424258469506338,248.66168048055226,4321.417955717681,12723144.467182955,0.001161820761224844,13694204.982059393,27569694.66751737,0.23874169704218878
3541.8884039685768,492.41427579851626,1836805.9568239783,152.82339459813315,0.0010260236221644181,622.4119558473722,3386.5352894245866,3337417.341664806,0.0003047580546160785,5174223.298488785,8947009.003470754,0.498857521685715
1434.2286693398316,193.02276385158152,471188.5516387372,152.7069370618519,0.0002632017729902181,230.10588441849777,3541.3952570890083,18081939.742044173,0.0016511620259999232,18553128.29368291,44443685.73050257,0.20200403793518756
2130.203938170731,104.62276132269982,128052.92652070691,152.67767503768624,7.15292363950848e-05,321.31074137164137,3156.729387243856,7818501.423937365,0.000713950651069489,7946554.3504580725,25551722.41988592,0.30002872368601846
3502.8267309221487,439.3905233300692,4456483.48003957,153.0467962544438,0.0024893524029137026,500.26153785635114,4435.4627482595615,33152365.554725334,0.0030273260422801285,37608849.0347649,75179726.85575785,0.4933558775946688
3571.117734535448,1361.978296462099,8464937.068415184,153.3886303782822,0.004728439256233008,535.3352249591985,3097.5232912488536,15617968.050563596,0.0014261631294129804,24082905.11897878,20103004.521155685,0.5029743288078096
1989.74479945606,968.2710838913459,6102656.587258725,153.18717910518316,0.0034088901950817263,339.58331775082615,2105.7469061338206,1753155.400104836,0.00016009032568552043,7855811.987363562,5563248.251699496,0.28024574640226196
2138.3881305583186,532.7933435734097,4688219.390098021,153.06655829983868,0.002618798040293413,344.6582057679241,3144.347883687606,13902291.04592745,0.0012694951635116494,18590510.43602547,18959133.555911925,0.3011814268391998
2218.8173275792387,1014.0615191900195,13413791.106578542,153.81066025759662,0.0074928255143109634,338.5077890833009,5103.771708267065,30863004.213626407,0.002818271783492544,44276795.32020495,58329864.933353834,0.31250948275763923
2092.823482746143,856.1992996026065,4741039.497212768,153.0710627089926,0.002648302886694598,342.05067926256356,4440.151888072009,3413002.925327142,0.0003116601927293969,8154042.422539909,6163649.798582565,0.2947638708093159
2428.980298862216,121.43283362445099,719988.2551120821,152.72815427860968,0.00040217909501083504,401.33323047066665,4366.840285122002,32212360.32849512,0.0029414889608643637,32932348.5836072,65195033.35751632,0.3421099012481994
2057.049039765416,120.00643506831858,331808.46276251355,152.6950509642556,0.00018534528351432655,323.56935479237404,3245.668672527592,14457021.93721554,0.0013201507123858788,14788830.399978055,26143631.930682037,0.2897252168683685
2595.6012278729354,1301.6258171540317,4535025.513801564,153.05349418587886,0.0025332252908873976,479.3970484214192,2932.179524893706,14548821.090496171,0.0013285334013052252,19083846.604297735,29230232.019729838,0.3655776377285824
2923.442340160812,552.4987880252556,766295.4025646304,152.73210327360934,0.0004280458595347092,495.47720447706814,2458.910536195644,13300973.473731773,0.0012145855268830448,14067268.876296403,28769995.353742477,0.4117524422761707
2454.664412994683,384.06357581236796,1517133.0371099552,152.79613343369252,0.0008474571460626024,398.5095837652674,4427.02597719974,23502755.304441776,0.002146166706596678,25019888.341551732,59497433.79698613,0.3457273821119272
3030.628796287416,95.30637269285782,1151103.7162191966,152.76491907397815,0.0006429963927405691,415.7819405566339,3462.8453797601005,41627617.95035771,0.0038012482605858417,42778721.66657691,51698781.11057906,0.42684912623766424
3443.0593290645165,620.2924002949143,7824289.741941018,153.33399706079294,0.004370579304833866,476.5113550608442,3371.9053340653836,13446097.455769405,0.0012278376011417185,21270387.197710425,26649422.31347335,0.48493793367105864
1392.3941742250518,198.6464981430665,352710.3680578368,152.69683344329042,0.0001970209036317172,227.96746245805068,3988.7331706037126,15061101.210178519,0.001375312535201319,15413811.578236356,25447239.019832283,0.19611185552465518
3223.8316123352224,1263.3167657324361,11595693.057192102,153.65561593936712,0.006477251964393194,502.65541915737657,2324.2442012757588,12465925.734405441,0.0011383326946790566,24061618.791597545,31236899.49090943,0.4540607904697496
1230.1557545198577,145.1275710099137,355102.48274417926,152.69703743877392,0.00019835711781701626,179.64999710836474,3473.4127373980723,13332323.84999257,0.0012174483033064324,13687426.33273675,43590520.940646484,0.1732613738760363
2002.1917954956286,877.2006834431064,2239575.3072237032,152.8577420852544,0.0012510070322293565,309.48372082232476,3481.155480421159,20548134.09960567,0.0018763638865321973,22787709.406829372,64386626.22334139,0.28199884443600404
4105.093823682941,834.2446884402576,3045411.6336831227,152.9264624405084,0.0017011401034305873,616.8888353527207,4354.192384525748,17274913.909111008,0.001577468029208097,20320325.54279413,47322027.053890586,0.5781822286877382
3485.5367206956175,428.56248221967684,1610200.815450354,152.8040700959901,0.0008994439869614013,578.9698684673455,5267.039247094002,14748039.820449995,0.0013467251664842025,16358240.635900348,31402078.51184788,0.4909206648867067
2193.587410382008,275.469476995395,1732744.612504154,152.81452042317346,0.000967895872181046,334.640231511019,2062.740818111808,8709359.674622111,0.0007952998500527768,10442104.287126265,16615231.608071852,0.30895597329324054
2221.3548052865744,948.3451764354388,11037416.35481034,153.60800704900313,0.006165403517789603,385.46754263309583,3769.8117983380293,10270499.9294823,0.0009378562097607633,21307916.28429264,22061274.92748827,0.3128668739840246
2818.933113644895,294.71594851234005,3757544.9996807612,152.98719196621073,0.0020989315265966813,438.51210717209256,2221.6304442900773,13901120.214882154,0.0012693882484467597,17658665.214562915,21806162.42712264,0.39703283290773167
3070.9538735675133,649.7001448733978,9870716.876353903,153.50851289615642,0.00551369546968794,553.2018198081984,3227.3317169993143,26358791.39041798,0.00240696717365521,36229508.26677188,43374029.46402832,0.4325287145869737
2386.9272772944105,253.45915014983154,814414.2320991936,152.73620676578443,0.0004549246137059981,395.08737840279315,3085.9457147768735,11823539.278332692,0.0010796728308914516,12637953.510431886,18398402.797584925,0.3361869404640015
1273.552016057828,379.68763606543047,2284372.28884901,152.86156229587348,0.0012760302314294147,192.4238962412443,3008.8807107949065,7577129.78289866,0.0006919096702055997,9861502.07174767,27706838.85827779,0.1793735233884265
2574.1067881923354,959.3312292292417,2708792.702037295,152.89775614891,0.0015131077343861765,400.0437905752334,4068.0676679443723,34878703.30487158,0.003184967499875727,37587496.00690888,61762255.3586675,0.36255025185807543
1817.9445068705108,156.88775042812878,916718.1599068422,152.74493107124445,0.0005120706863113167,251.36745585290518,3408.4099664742616,3692929.21325396,0.00033722181185309995,4609647.373160802,15800258.522657879,0.2560485220944381
3440.4953407420326,1343.1424379336681,10184982.645545665,153.53531294797082,0.005689241559154068,489.23146128357945,2623.637717384405,19739209.62339419,0.001802496514111053,29924192.268939856,26031041.05243075,0.48457680855521584
1169.286261172248,617.9362579826521,6402587.456011417,153.21275670099953,0.0035764289354767165,200.8865941971835,5256.016710955783,29071658.89040674,0.002654694124494191,35474246.34641816,70145203.91759412,0.16468820579890817
4099.876187872212,370.22925024585544,2530329.7091064234,152.88253712753902,0.001413419879090938,634.9166866343334,3066.025586311921,7798296.575159105,0.0007121056344662004,10328626.284265528,11410202.725065289,0.5774473504045369
1594.1642835955738,101.24207207082631,824691.4105986687,152.73708318613717,0.00046066535505651096,249.1771740510033,2886.808052370834,9332457.417190364,0.0008521983546209966,10157148.827789033,28642147.665367883,0.224530180788109
3564.70310425476,1256.3500760409022,11794374.338877315,153.67255914211367,0.006588233577629943,535.7170554952943,2918.976671328765,9096295.2702991,0.0008306330815093527,20890669.609176412,24223691.156004537,0.5020708597541915
4187.535729953191,347.65928288603925,2051765.8963125187,152.8417260172092,0.001146098350208069,671.37184643298,3199.2039049388827,25197481.952012073,0.0023009215794055774,27249247.848324593,42695604.41429676,0.5897937647821395
2659.877897116162,184.28859956004416,842516.2641219577,152.73860325941538,0.0004706221611681105,362.07430794494036,1504.970618383579,6041860.10805382,0.0005517156963876962,6884376.372175778,13215720.40168663,0.3746306897346707
2117.6241630248537,362.41772334762743,2276387.9788633417,152.86088140745898,0.001271570266226485,318.62775159644605,4595.733903684148,18007967.08225094,0.0016444071728948222,20284355.06111428,43005013.81575036,0.2982569243696977
1257.0553694703176,386.3233865608492,690031.1181533661,152.72559958477595,0.0003854453022780202,198.45857201044137,4178.968884935174,9259406.393661704,0.0008455276612257251,9949437.51181507,15552017.038516449,0.1770500520380729
2295.7886428731713,791.6814724251942,7928852.867221377,153.34291402678193,0.004428987345240332,407.6733510428728,5491.601789624781,36551849.95103007,0.0033377517832810263,44480702.818251446,54744531.536320224,0.3233505130807284
3460.6807949311196,549.2853820956665,2362074.898175434,152.8681886426163,0.0013194342243099122,623.2281358954006,2664.506174263034,4264125.121861295,0.0003893808726150363,6626200.020036729,9915949.738403901,0.4874198302719887
3014.036616727527,297.460315599708,686132.01304721,152.72526707570523,0.0003832672965233819,506.25145169420347,2549.431611846883,15977828.278150031,0.0014590239591101841,16663960.291197242,27707611.665625215,0.4245121995390883
2392.6199797809372,433.94169118168145,2511291.1972376504,152.88091355553541,0.0014027851341220643,343.67519337890354,3112.9295544405372,24473761.781046934,0.0022348346838183056,26985052.978284586,33831793.26563805,0.33698872954661085
2582.107282964366,1484.979440642395,2371911.683482651,152.8690275069845,0.001324928965904082,453.2475883162387,2467.4122324211853,3629123.900728477,0.0003313953955171265,6001035.584211128,22720805.406265624,0.36367708210765715
3530.9826028641705,1218.8736182350117,5250147.634634219,153.1144785875247,0.002932686206168267,521.0119069965126,4423.523581171827,19688178.189164583,0.0017978365513230828,24938325.8237988,36566439.888396904,0.4973214933611508
1822.832211260714,441.41696263719956,5221734.755840496,153.11205558540829,0.00291681502243879,313.9575497837829,4331.58801929625,39968581.76397496,0.003649752481383269,45190316.51981545,50680887.06565463,0.25673693116348084
2994.6326884120867,996.7144908963478,5454379.645398547,153.1318951470333,0.0030467684077573054,464.39409554490874,4536.593540020571,3218812.7633417486,0.00029392761393158665,8673192.408740295,8822920.845117705,0.4217792518890263
2383.7967343724845,216.9520140256829,1010387.273089059,152.75291901435753,0.0005643934275540996,370.4359613421137,4264.577286799366,8593207.546235623,0.0007846933561496423,9603594.819324682,27677214.47633755,0.33574601892570205
1549.4397114493904,646.6582806692688,7767347.748129115,153.32914114413202,0.00433877200884436,265.5037133390263,3631.327380789677,26488555.76478732,0.0024188166771013527,34255903.51291644,55131572.8473571,0.21823094527456202
2894.8138414992122,624.986463690772,3608909.4981254535,152.97451658271802,0.0020159050451540317,470.05420517020565,3085.1736388172108,11561957.843707435,0.0010557863818864525,15170867.341832887,20022854.964453585,0.40772025936608625
1480.0883895007084,335.20114118780276,5173641.354837541,153.10795426173527,0.0028899504724215763,258.5477163412339,3833.0976257079055,33339226.95863556,0.0030443893916034417,38512868.313473105,54001360.72635016,0.20846315345080402
1521.3641425454375,111.78673067597634,592807.4055027169,152.71730851144866,0.0003311369930940611,261.69634029647773,3205.1084429882962,4504897.580576577,0.000411367138823684,5097704.986079294,10193957.117706014,0.21427663979513203
4166.961380907323,1442.572588297781,29546259.270146374,155.18640978255962,0.01650428007658644,674.3076389373232,3768.718460263508,43498405.556128204,0.0039720802342251,73044664.82627457,53094375.5994628,0.5868959691418765
2379.2231018385555,152.1663885058703,596930.9845821708,152.71766016327913,0.0003334403880321801,382.827740498051,4052.366367908107,5120857.443412999,0.0004676138440757081,5717788.42799517,7832286.177233567,0.33510184532937404
1939.3647308857996,147.61046778561732,194047.67514907892,152.68330295792478,0.00010839332145518021,334.2838931663521,1875.3870946087375,3971677.193225627,0.00036267583315387946,4165724.868374706,15106110.597179323,0.2731499620965915
3830.2928050376513,1171.8806437814605,2269699.199987695,152.86031099974036,0.0012678339732856703,551.2381005685374,3951.7508630383068,15383002.91063697,0.001404707161634341,17652702.110624667,23827443.770047236,0.539477859864458
3593.548446560423,1240.5221322106656,17323519.482580744,154.14407526275787,0.009676765333931803,506.87431052041575,2919.54931979085,9833210.039704379,0.0008979248489302593,27156729.522285122,17603690.025567736,0.5061335840225948
1011.4031737512256,462.59710395746964,4752986.8773729075,153.0720815613104,0.002654976587975977,145.2757584491557,1679.6759168799967,7044949.802947308,0.0006433133698955239,11797936.680320214,15084706.97056725,0.142451151232567
2339.695812383075,732.3496203954401,2467846.934461124,152.87720870248558,0.0013785175517513348,363.9978001423707,2527.4512646150692,12394180.043473367,0.0011317811984299724,14862026.97793449,36780534.98051521,0.3295346214624049
2261.260455858889,588.3618003769823,2176195.399529623,152.85233715421603,0.0012156035742738602,320.491024810367,3479.2990731101463,9875200.992071277,0.0009017592752679701,12051396.3916009,32038617.686824284,0.3184873881491393
2060.2921962803425,1267.919080494241,16751336.735793494,154.09528048851107,0.00935714909345875,338.36412923416304,2970.255198422154,13026309.244008366,0.0011895044154265513,29777645.97980186,24649235.90785061,0.29018199947610457
3144.3214969794,1358.2610284178882,7062096.373705563,153.26899850299952,0.003944824805529601,491.22511512602216,4308.364749197205,18131999.20627025,0.0016557332328256936,25194095.579975814,34873480.31793904,0.4428621826731549
3205.549937735152,1364.9380374155303,6144930.851544692,153.190784182746,0.0034325042266052375,509.09092006879956,2323.3457356240956,4899152.420913823,0.0004473687310321717,11044083.272458516,21764409.240571655,0.45148590672326083
3050.733080989247,239.92836064928497,571525.1032318041,152.71549359280493,0.0003192488865779719,495.35326538932185,3136.0540549733178,12507703.373678567,0.0011421476422171966,13079228.476910371,26253901.613111444,0.42968071563228827
4083.5618908981837,1070.3119816384635,3044136.3577868347,152.92635368714278,0.0017004277455521244,657.0352782547365,3302.6696127991527,16541834.87963296,0.0015105265244359882,19585971.237419795,46528596.591062404,0.5751495620983358
2300.886546239956,848.833155415939,4228877.71339054,153.02738642067433,0.0023622138272494375,381.7124139164248,4485.082484640944,27870220.181842454,0.0025449841044162527,32099097.895232994,55941950.89676161,0.3240685276394304
2319.8358241205888,101.62276303212307,885829.913564597,152.74229697398164,0.0004948167840814754,333.91185991221477,1832.9497447367796,10109212.287557889,0.0009231281422299645,10995042.201122485,26673856.444897715,0.32673744001698435
2445.001978395164,524.2568623224195,8546803.338903634,153.3956117949875,0.00477416903354988,377.5332272246932,3270.0063059112977,20160279.708771765,0.0018409467548030616,28707083.0476754,34625415.82014766,0.3443664758303048
2963.511209491598,1245.2559077928083,2788891.4699914055,152.90458683599678,0.001557850200361699,519.1552305929931,3120.589332258027,18740507.59840632,0.0017112995030340334,21529399.068397723,25103229.7811396,0.4173959449988166
3140.471011456828,1115.3416091219096,10178535.6681592,153.53476316067312,0.005685640334394559,493.34667846718463,3850.5983771714255,14134114.596303262,0.001290664255355429,24312650.264462464,30975705.4085273,0.44231986076856733
2740.0337111757303,1431.5091426372471,12160439.73643153,153.7037765783847,0.006792714483058182,470.90200143286876,3641.0209067215355,12333320.67512655,0.0011262237925667648,24493760.41155808,36296510.83387048,0.38592024101066624
1057.6205273647852,121.4074752051489,217344.37782041688,152.68528966121832,0.00012140665428495012,154.5241688911763,2619.3295025163056,4971322.491761891,0.0004539589797609059,5188666.869582308,8330867.145605329,0.148960637657012
1425.8521740349977,128.88426177700796,267205.22527695436,152.6895417097274,0.00014925848431701638,207.3785391536918,3759.687683550404,15205003.021855472,0.0013884530063179824,15472208.247132426,22002027.704636,0.20082424986408418
2189.1581805189103,284.6584129727701,1728504.1512663593,152.81415880383074,0.0009655271878989957,340.09655306105606,3058.474184390654,12152549.191954413,0.0011097165476220488,13881053.343220772,30020107.53651515,0.308332138101255
3106.539840753178,890.7477887950567,2121244.7596499324,152.84765105684122,0.0011849086310438128,460.94947267359134,4478.542030672714,8147534.538186644,0.0007439964863778354,10268779.297836576,27370338.443051867,0.4375408226412927
2077.8690575431347,509.5272585484066,6088314.034004867,153.18595599656607,0.0034008785712158485,336.89570729569846,3916.927976556155,6706631.65231094,0.000612419666509355,12794945.686315808,8419108.19845179,0.29265761373846966
2836.66493497436,1248.5013390890774,1691839.9191588853,152.8110321402977,0.000945046870916677,455.0164818268701,5582.104770614789,22141641.000364624,0.0020218758238706503,23833480.919523507,49018588.80182046,0.3995302725316
1032.9118896023035,380.52397911165303,6417360.023038376,153.2140164804619,0.003584680761247183,164.65572454407913,3609.5440883762003,19524507.03129151,0.001782890831755006,25941867.054329887,32416321.69831744,0.14548054783131034
3784.1197153956236,672.5382579981901,7245958.424644924,153.2846779468809,0.00404752852705359,563.952379262264,4085.342051056037,25621379.581382792,0.0023396300187939053,32867338.006027717,59451617.651318416,0.5329746078022005
2400.9298468467923,243.40837987887022,840814.4666225937,152.73845813301082,0.0004696715520806638,384.32962371799914,5211.54290558267,28963693.61321328,0.002644835217298859,29804508.079835873,41923670.545411035,0.3381591333587031
893.1850382666771,121.77378820872954,1805061.7853980798,152.8206875090308,0.001008291607724976,125.93983433413032,3443.684224395484,5798339.220366092,0.0005294784559132784,7603401.005764172,10952755.557212343,0.12580070961502496
2254.189003648708,842.6322691705808,1902728.7689991074,152.82901638375296,0.0010628475241558633,357.9916171491857,4514.273593021987,20140910.933964986,0.0018391780847429168,22043639.702964094,35677983.66212108,0.31749140896460676
2780.746346921016,371.870270914728,2461650.665346518,152.8766802951641,0.0013750563704233443,498.0468714951423,1752.9906895429522,7797775.716420313,0.0007120580719710991,10259426.381766832,23559483.959429473,0.39165441505929804
4214.022132651119,1431.9425094002368,7215768.064922038,153.28210336420537,0.004030664458139821,631.2723287135519,5051.963218729114,4951076.95045515,0.0004521102472975532,12166845.015377186,9825229.260254804,0.5935242440353689
3133.166675378917,653.9597077489658,3722392.712861521,152.98419423880767,0.002079295768929512,462.4910661343776,4582.40626010575,20339850.59608282,0.0018573443666927696,24062243.308944345,42880299.13290919,0.44129108103928405
3506.8434458063475,719.8427399896884,7546625.214621529,153.31031830081113,0.004215478346559776,532.575418096667,2038.3051749018275,2526359.964259725,0.00023069591517843423,10072985.178881254,6024487.19511565,0.4939216120854011
2555.243868784911,384.1977162275715,6387450.382032308,153.21146583700246,0.003567973499334798,411.8898667568651,3894.113963962743,18268377.255152304,0.0016681866675072844,24655827.637184612,25272898.139169876,0.3598935026457621
2661.5943792029193,642.7897153118626,1862452.5864923473,152.82558169921558,0.0010403496035076287,470.40119577434336,3428.0653191942474,36136048.046710275,0.0032997826093679582,37998500.63320262,49886649.90433275,0.37487244777505907
2588.7648061002246,970.8358576224001,6099865.182127561,153.1869410588877,0.0034073309407725016,389.41250682861903,3164.6820048244094,7399835.941396471,0.0006757199879752479,13499701.123524033,11777352.216700958,0.3646147614225668
2745.879363578798,486.6402144391538,899910.1155830045,152.7434977097303,0.000502681860858889,480.95272531198304,4984.533700171269,8843580.392498918,0.0008075562868965143,9743490.508081922,28693811.420227002,0.386743572335042
4028.04512287656,1760.52298253219,8955575.090007404,153.43047115666096,0.005002505331757057,595.9632700296124,5413.730767409468,8139529.71959214,0.0007432655220744023,17095104.809599545,16001015.003866054,0.5673302989966986
3426.675993953536,392.00653041719335,923225.9392231992,152.7454860436276,0.0005157058744929,542.9116291453723,4007.1071348838927,38720126.77062468,0.0035357491440423765,39643352.70984788,49322300.99201178,0.4826304216835966
2518.9050230160356,1212.069124992572,2178381.187723324,152.8525235545262,0.0012168245362984553,335.8880126612897,1830.026487642106,2871503.422082941,0.0002622128751512017,5049884.609806266,11184096.070432598,0.3547753553543712
2619.8727801369805,1527.7436260038814,2884121.5895565315,152.9127078990868,0.0016110449060151577,353.9627479970647,2680.243858772253,7912259.876137743,0.0007225122544205845,10796381.465694275,20955955.249643892,0.36899616621647613
2265.313846192196,61.203427361873054,253426.0502929695,152.6883666450537,0.00014156155858846553,372.25162208390566,2491.6613055279986,9664904.376407234,0.0008825559270136134,9918330.426700203,23341139.250565004,0.3190582881960839
3321.348776218067,495.2165033804162,527842.6736562095,152.7117684292944,0.0002948482663320817,509.12763360055465,2573.4395671291845,3402668.9163401206,0.00031071653715598316,3930511.58999633,9577045.701359969,0.4677956022842348
1774.9170251201763,974.0001885227452,2271194.820458036,152.86043854371758,0.0012686694137016286,300.43315063299923,3742.7411673882643,2019175.2795429472,0.000184382073659216,4290370.100000983,5195530.789046113,0.24998831339720792
2055.421395160528,487.63108937459134,1375584.8650236449,152.7840624456371,0.0007683895844101674,314.3239808072844,3666.6482348423488,9426986.68468916,0.0008608303453845028,10802571.549712805,23392408.076160453,0.28949597114937015
3228.296406945438,401.6369164455085,1820450.1142414208,152.82199979961655,0.0010168873926199584,481.59845387236203,2929.559256543437,4941570.903006137,0.0004512421974760694,6762021.017247558,10902343.79043812,0.45468963478104757
2413.757145809303,165.75548795840766,960336.1783313882,152.74865074188128,0.0005364353270560507,357.73933241032415,3285.2955357713854,20025643.86009418,0.0018286524100675906,20985980.038425565,41477479.79852662,0.3399657951844089
1867.365634326681,383.923097141715,1448774.4901816077,152.79030393274385,0.000809272664101135,301.7259748960346,4868.5296893263,19872363.016601045,0.001814655487630082,21321137.50678265,31596880.847487483,0.2630092442713635
1830.1260729664507,496.5480355312848,885423.8815262803,152.742262348258,0.0004945899781625407,264.42667665368015,2999.0395427979765,16698749.218448311,0.001524855241447712,17584173.09997459,28094107.10480361,0.2577642356290776
2220.67922149445,253.20338082537307,2207411.739337131,152.85499923073314,0.0012330407466225601,333.7145972882784,2724.0611019967037,11581381.929057173,0.0010575601026584943,13788793.668394305,15941448.566986864,0.31277172133724646
3395.9919038933544,787.174337147201,1462015.0053943875,152.7914330614258,0.0008166686992279182,498.18297889860025,2963.972540779822,17189643.340029504,0.0015696815014565745,18651658.345423892,27765609.89878702,0.47830871885821896
3565.0362330853286,989.7163805551758,9058273.879802318,153.43922913528158,0.005059871970789054,476.0854084729363,3875.6112478906666,16614142.958242405,0.0015171293754174745,25672416.838044725,36305569.1467275,0.5021177793077928
3321.1143764874846,425.6041308763847,7214374.991384433,153.2819845652567,0.004029886299536933,563.9161937280439,3139.507399340554,19201548.321335755,0.001753399683932799,26415923.312720187,26053807.956264753,0.4677625882376739
906.885642494807,379.706932150218,4822617.1119646635,153.07801950962624,0.0026938714234605587,165.63441261583085,5187.3294479569795,18302015.560883015,0.0016712583674373743,23124632.67284768,31702049.826439958,0.12773037218236719
2019.6463326692117,782.2225354327024,4734968.345341119,153.07054497145742,0.0026449115947559942,306.1304756617699,2446.2523702860085,10728832.927668953,0.0009797091333223224,15463801.273010071,26586243.92866073,0.2844572299534101
2234.838168036765,434.11168313780354,1525791.2339197774,152.7968717900325,0.0008522935385073538,310.32989028418166,2131.2841563778784,6727386.519918289,0.0006143149083770306,8253177.753838066,19140476.23525571,0.31476593916010775
2494.878184579901,518.7777452069971,5403544.665829146,153.12756002618974,0.0030183724361108055,360.4790888703078,4337.868938597303,28217310.5289445,0.002576678845627753,33620855.194773644,40635861.191031575,0.3513912936028029
1543.145076377771,1012.343540737929,948655.8866744158,152.74765466641807,0.0005299108190590651,245.67394135874997,4960.173799678108,9067078.30948192,0.0008279651190614809,10015734.196156336,29027379.544799965,0.21734437695461561
2394.8034366861457,138.2280598020975,335115.63663264044,152.69533299443444,0.00018719264169653194,375.7626852742567,3420.16862870374,5940804.349380436,0.0005424877355820244,6275919.986013077,7351365.640203636,0.3372962586881895
1910.4589462383688,186.09749121949838,3570211.819492976,152.97121651031398,0.0019942888628610156,318.90813644387543,4789.770655634812,31400322.10960515,0.002867337255360441,34970533.92909812,45828819.40308038,0.26907872482230544
2875.832066497023,698.5999310969263,6150028.243370889,153.19121887967594,0.0034353515847627136,491.145280510879,4407.123512541628,3749329.796237588,0.00034237206133934763,9899358.039608477,8517949.621238092,0.40504676992915817
2403.122728893047,1044.6100676905057,6781140.558646457,153.2450390675812,0.003787885362925847,400.3051250202764,5013.979582442668,17455521.29798524,0.0015939602897939859,24236661.856631696,40334394.6205586,0.3384679899849362
2748.6490781551765,745.7142820219347,1596734.5583874655,152.80292171642603,0.0008919218544263252,471.99656104863385,3026.9936450883565,23580175.532225825,0.0021532363762220025,25176910.09061329,44050086.032391116,0.38713367297960233
3136.343421269072,1635.8965086803091,5830558.455567798,153.1639750379802,0.0032568985763565816,473.4274806922918,2332.4678064137,11145812.116628043,0.0010177858116136782,16976370.572195843,18763274.83922589,0.4417385100378975
1974.0924364816883,300.1745751397381,735645.5524065854,152.7294895063688,0.0004109251233126443,276.0519824006108,3767.1851390390484,11844725.924607946,0.0010816075008597765,12580371.47701453,33832052.57347251,0.27804118823685753
3883.516960012328,1203.9156598499208,1772142.212485218,152.8178801836831,0.0009899030243720741,651.0631975770618,1854.5164016168264,8171905.08577478,0.000746221896002268,9944047.298259998,16654901.227889236,0.5469742197200462
2926.9810178328157,55.00830643073059,292268.9300698306,152.69167909996509,0.00016325884896128962,540.4383003412454,4829.568301013335,37342031.37611982,0.003409907623935941,37634300.306189656,70281911.39553468,0.41225084758208674
2883.1282557832023,1783.0399452596944,4530008.552907337,153.05306634796236,0.0025304228607394563,426.4068406971699,3565.6661096541893,3499530.1765352245,0.00031956147508334365,8029538.729442562,16529245.863077251,0.40607440222298624
2321.527409017752,851.1233005955444,1537094.0103974345,152.79783567164145,0.000858607169851533,342.45489122087025,3561.6062319527505,17247477.216286495,0.0015749626328868426,18784571.22668393,28650940.611257587,0.32697569141095095
1353.3660451957396,663.7794361637783,3544115.9184214445,152.9689910961282,0.001979711922470706,241.10643224271078,3984.1364564865057,24889455.320138615,0.002272793962302446,28433571.23856006,46615598.92257614,0.19061493594306192
3429.9412169127513,1366.0206141071758,16601905.05410206,154.08253720812664,0.00927367787280775,577.5744792919892,4371.639422622501,6281391.698453852,0.0005735886520405829,22883296.75255591,12920972.800120825,0.48309031224123256
2987.7174324776524,534.0792437595953,2628692.4335672148,152.89092533386176,0.0014683644302355692,440.4441118374751,4420.793863125837,3117910.0769619583,0.0002847136310045064,5746602.510529174,9502125.66569374,0.42080527217995106
3459.40931909981,855.0562769124747,3346778.79290992,152.9521625207405,0.0018694811430282066,628.6209590436122,4261.465530916272,4929946.05889554,0.0004501806686009921,8276724.851805461,12595338.931359144,0.48724074916898735
1793.484292907293,415.0379727913151,1240418.2012445931,152.77253566178732,0.0006928866770665731,305.53974672796977,3706.5993268343454,8558882.329415757,0.0007815589305650137,9799300.53066035,17182565.530540787,0.25260342153623844
4121.1414882965,2028.8960939036954,14339255.27641862,153.88958227245007,0.008009781644704006,601.513900972627,5096.298682755957,23467864.403144773,0.0021429806252306082,37807119.679563396,39846302.33742019,0.5804424631403521
2278.02748177449,779.1316734810541,7002563.463573201,153.2639216373889,0.003911570246513785,347.6780037671899,3890.695054027508,26833303.899159204,0.0024502975379011257,33835867.3627324,35826897.53099568,0.32084894109499856
3029.5428309477156,127.85398251002901,488996.67701239773,152.70845570858188,0.00027314923490462384,447.6962791523768,4268.843439256146,11943258.30799005,0.0010906050382972839,12432254.985002447,24981652.605934646,0.4266961733729177
3420.656086102983,781.6520381343029,1669894.2160325076,152.80916064795414,0.0009327881945286887,566.9882442344409,3443.3572742036704,8469373.408170598,0.0007733853754123785,10139267.624203105,19821923.217225343,0.48178254733844833
3777.951091632621,650.7667153371751,11179447.33868736,153.62011921042927,0.006244740773853952,502.4325535112129,3908.421949815376,5190823.743872619,0.0004740028543294037,16370271.08255998,7554074.936254482,0.5321057875538903
3971.723520381203,1079.095894546381,8525862.460511737,153.39382599239315,0.004762471643404265,600.5730408107485,3953.8126369854085,4476345.640298965,0.00040875990308307416,13002208.100810703,8498388.682769008,0.5593976789269299
3673.4813138259615,932.8632145690857,9927871.339647831,153.51338693185443,0.005545621449258187,555.40556782693,3375.0760986136374,22911548.01603111,0.002092180295954668,32839419.35567894,32292935.11434684,0.5173917343416847
3511.8612468615975,563.2884983133088,1187127.2489555401,152.76799109975545,0.000663118820699804,559.1498215584749,4107.8241309832065,10129203.488749536,0.0009249536494892891,11316330.737705076,48062782.04217466,0.494628344628394
2203.2635585589646,644.8019017398128,1724277.0863303256,152.81379832690195,0.0009631659866733422,325.44100052837774,3445.5799271401584,24593158.931032903,0.0022457374986093012,26317436.017363228,45983664.03589023,0.31031881106464293
2237.391207858287,702.4647236230364,2816699.487595976,152.90695825657681,0.0015733835139608576,405.9117429526378,2492.3348006446618,8049781.895503311,0.000735070151380459,10866481.383099288,20075580.79714309,0.31512552223356155
2036.0972698742694,744.567061778128,10580713.305854809,153.56906018753847,0.005910293218956975,316.2991865220072,4208.017323230109,21004456.96187781,0.0019180332534545637,31585170.26773262,36952203.391846426,0.28677426336257317
2322.359188464992,435.86696875775294,2415552.3284574817,152.87274910717517,0.001349306245640225,367.20000696757796,3324.749551115487,20423097.28381005,0.0018649460826328944,22838649.61226753,29481467.74008725,0.3270928434457735
3493.1070610817756,1865.501435046888,34309999.44626816,155.5926534656649,0.019165263362489027,588.0885046606662,3072.548634443916,16336111.378842114,0.0014917407726191198,50646110.82511028,24870332.61265917,0.4919869100115177
1831.9100688338413,395.2429290295994,352379.8967355274,152.69680526125651,0.00019683630526312612,286.9617772534408,3665.1133435371094,12448381.817185277,0.0011367306624682166,12800761.713920804,41887760.368996054,0.2580155026526537
1214.0720349868734,76.00891479567888,662186.3094790658,152.72322502671588,0.00036989143751142706,180.75070222077383,1443.390491490944,5789193.649004632,0.0005286433231590748,6451379.958483698,15283761.339656863,0.1709960612657568
2294.9053866865634,420.8382904315341,1846428.6999665652,152.82421520934855,0.0010313988016914521,411.652048713328,4711.258856004107,47789944.09963491,0.004363964378141189,49636372.79960147,87138326.54387626,0.3232261108009244
3833.671784747043,483.3337137580596,2377143.5906828856,152.86947367515742,0.0013278514631640537,652.4384292536655,4166.755251212973,16022839.072071848,0.0014631341438992088,18399982.662754733,32578504.48751179,0.5399537724995835
1441.5260704288544,242.52841122908777,3678659.3546155067,152.9804647321865,0.0020548667003770227,227.65847147027992,1956.7211039935105,12267052.336059209,0.001120172463641049,15945711.690674715,16174961.727813844,0.20303184090547244
1292.019577105128,361.63813501276405,2612386.6843536147,152.88953480722273,0.0014592561824056105,198.53712182714912,2459.887593932346,10229212.623298954,0.0009340860372517123,12841599.307652568,14160512.292819975,0.18197458832466593
3039.264666715737,626.935220273181,6957046.687272568,153.26004004390063,0.0038861449763507583,446.6908379019738,2349.3464349769743,24485719.816935144,0.0022359266382792667,31442766.50420771,33098010.198194746,0.428065446016301
1619.2801873862102,179.89418933152393,785561.9212783404,152.73374628964999,0.0004388079671180378,248.1765394523935,4717.045694922831,17244225.160961125,0.0015746656697105293,18029787.082239464,39489387.43025224,0.2280676320262268
1643.2973905219408,346.32913765749385,3402795.8120009303,152.95693955712596,0.0019007717562895543,262.2640189214987,2345.517959734446,14700033.088437943,0.0013423414060015624,18102828.900438875,22442059.695884332,0.2314503366932311
2885.610162470864,751.7300617275652,6828923.608441751,153.24911392502958,0.003814576553493154,488.6742969883745,2949.821458346382,16450413.41525008,0.0015021783243809176,23279337.023691833,27163000.352214415,0.40642396654519214
3019.3532593208533,152.24198422087457,380527.02745455125,152.6992056008278,0.00021255904445971474,410.22576149565816,1925.218017783312,4479481.750308262,0.00040904627865066156,4860008.7777628135,17921596.64741757,0.4252610224395568
1550.1949272321674,273.3561872125059,1613099.9902873412,152.80431733270333,0.0009010634404789108,263.53109904237493,3359.1985861206012,31071759.10855753,0.0028373343486912546,32684859.09884487,52654253.61751918,0.21833731369467146
1737.3342949692485,252.01023209928698,747294.0807466406,152.7304828731102,0.00041743188860055014,287.0970783923819,1978.7914951461444,1134104.9554866995,0.00010356140230043008,1881399.03623334,3824545.924030317,0.24469497112242936
3864.856100343319,2179.7727955352793,8858614.09753557,153.42220248766495,0.0049483437757500415,661.7943770918777,4238.985752043681,9916997.758326894,0.0009055759693967754,18775611.85586246,24402013.32734318,0.5443459296258196
3271.797544611633,613.3537033687435,1820624.2143056155,152.82201464657476,0.0010169846433816243,480.29043319736775,4341.119182132602,26787177.455781087,0.0024460854769836073,28607801.670086704,54146312.12591701,0.4608165555791032
2892.1339159300496,999.6952723754622,16764816.69850191,154.09643003686938,0.009364678881846888,484.905302756699,2931.5734546528747,15541909.246981202,0.0014192177789688451,32306725.94548311,23169315.652708534,0.40734280506057036
2452.365478998206,1353.043023713302,9024794.032172045,153.43637403065617,0.005041170422916075,396.43893946089264,1673.487152895951,2157386.319288658,0.00019700288888466728,11182180.351460703,3234463.300062148,0.3454035885912966
784.3612497628735,162.7891117983661,881452.4091338045,152.74192366782785,0.0004923715486795377,126.50672701423461,2718.5709004454557,18118679.98954315,0.0016545169814063442,19000132.398676954,33462088.16145876,0.11047341545955965
3472.747480623315,720.6295528970023,5717011.404329029,153.15429193802186,0.003193472194073177,544.9002196205909,3898.472869484033,11666444.57355895,0.0010653276436654961,17383455.97788798,32352229.361071076,0.4891193634680725
3344.3710235952535,1197.9553870559198,6130581.479397144,153.18956049262522,0.0034244887937655566,467.36692433834304,1645.477470863969,6432895.415423942,0.0005874232952164577,12563476.894821085,10056235.92890539,0.4710381723373597
1991.221324826745,399.76284256018823,5431463.364562172,153.12994088546867,0.0030339675752126816,319.89460087402307,2899.115027798484,14743618.51659768,0.0013463214327515116,20175081.881159853,27128742.533151668,0.2804537077220768
2269.7508313897133,779.1068766205798,5283158.943825845,153.1172937359867,0.0029511260325980615,412.1254297905084,3568.4791621313875,16081636.855050217,0.001468503294988742,21364795.798876062,35573358.650491506,0.319683215688692
2725.890798049819,889.4935481220331,4888938.796282146,153.0836753103859,0.002730918131915727,413.30114871371563,3346.2714744753894,18334736.603044003,0.00167424630695261,23223675.39932615,33358220.657879014,0.3839282814154674
1569.0778097098269,282.86125648311395,4656290.721585439,153.06383547713767,0.0026009629674070833,257.4018604594294,3113.7962785831073,23598010.42808703,0.002154864979303519,28254301.149672467,32971340.370281562,0.22099687460701786
3431.3083480894666,1435.3222399463366,5921490.143003531,153.17172953806818,0.00330769221569871,460.140097771113,3703.4225162457265,35874712.68934804,0.0032759186310402184,41796202.83235157,52174474.73306611,0.4832828659280939
2189.557513721658,1039.0325566475822,12620377.09102062,153.74299925594855,0.007049631436518267,394.54456622172563,3093.074355692059,9993596.094991775,0.0009125705875937228,22613973.186012395,18100947.045199815,0.308388382214318
2726.133310960699,538.5222887918648,5527084.314972724,153.13809527795036,0.003087380595532485,490.39597431216754,4709.932272634699,20559923.48809592,0.001877440440865558,26087007.803068645,30048330.430389885,0.38396243816347875
2664.2631770548614,316.8193786585739,1821262.399670541,152.82206906994034,0.0010173411281031441,425.67577750301007,3750.355438559446,39217371.14057049,0.003581155280386682,41038633.54024103,54576751.42088622,0.37524833479645936
2031.6756877938249,458.3063564044775,1540460.7904164821,152.79812278493156,0.000860487823503453,337.1807730823956,3499.0055065235624,4667529.340439755,0.0004262179452049942,6207990.130856236,34716209.24622156,0.28615150532307393
2599.325138766227,683.8215055039358,3289422.833293843,152.94727130177787,0.001837442609388118,385.1163387994452,3524.0244272100304,27525495.572858196,0.002513505391849869,30814918.40615204,45777090.45334495,0.3661021322205954
2010.7937527055897,408.5773805775875,1209705.9182296372,152.7699165703786,0.000675731066400509,327.28389300789956,3329.827816302331,2648852.5302806436,0.00024188138954492295,3858558.448510281,7157185.640240445,0.2832103877050126
3442.022865577489,1285.6107635634164,8977471.736233288,153.43233846551524,0.0050147366053927556,607.2539082108107,3064.4897182080354,15659730.722951569,0.0014299767102419752,24637202.459184855,26910451.80216173,0.4847919528982379
2584.9872953293875,702.8308093149616,3089593.9137545065,152.9302302304215,0.0017258199357590431,357.45849975598475,3041.6276877645387,27796740.620248634,0.00253827427883771,30886334.534003142,44263046.78304664,0.36408271765202643
1273.1078767371594,385.8264448954362,1724388.8011583313,152.81380785375302,0.0009632283895919524,200.9595774629699,3206.455658000199,13340288.506138926,0.0012181756001543712,15064677.307297258,29848466.220295507,0.1793109685545295
4488.668049347085,1043.5980898797932,8799188.74183974,153.41713479411425,0.0049151492956944765,615.3662713096895,5775.903620281812,19710527.207231246,0.0017998773638949917,28509715.949070986,53767113.127392426,0.6322067675136739
2726.177346998632,274.6803343457643,957307.4074572058,152.7483924534378,0.0005347434823341768,474.93636606347894,1990.4717629272207,8123121.10079227,0.0007417671602477418,9080428.508249477,18646145.24041691,0.3839686404223425
1578.7450690472558,203.8426112820515,1356609.9842145995,152.78244429998233,0.0007577903831905708,240.37412944047068,2707.947008129088,4784395.84332918,0.00043688967259902735,6141005.827543779,10783464.888132557,0.22235846042919097
2735.1335585135475,765.8911789933238,12931418.806690924,153.7695243659465,0.007223376598096465,384.7010645138141,3378.298381970683,19390206.38436109,0.0017706270961468668,32321625.191052012,26413816.593894362,0.3852300786638799
3221.589296631009,929.4045042398262,16018644.447666926,154.0327977327967,0.008947873637549675,485.94777851872357,2108.701472536365,6739201.594409947,0.0006153938082413867,22757846.042076875,9775240.872109309,0.4537449713564801
1802.2791810977724,376.98788791215156,1953312.1506170398,152.83333004874993,0.001091102955403711,259.6930448441244,2791.990362131876,20433310.31462709,0.0018658786910198282,22386622.46524413,47323376.324453704,0.25384213818278484
2660.5534656350565,432.50917072542467,2743685.3280028286,152.90073173287584,0.0015325984477885246,414.26197862116624,4872.047456353304,39020102.61973335,0.0035631415995992116,41763787.947736174,61510524.01467098,0.37472584023028965
3151.181491962601,364.88246941506026,3249325.9935565107,152.94385191128774,0.0018150448680309683,481.9299218918059,2666.6541587254774,27139804.33157029,0.0024782857892817556,30389130.3251268,30476593.74154048,0.4438283791496621
2656.1027814452013,701.480002446521,1412313.5576924274,152.78719460625746,0.0007889059084940087,427.9422920080811,3470.02865344227,20333593.718413636,0.00185677301655246,21745907.276106063,50497318.01288025,0.37409898330214103
4221.914417503229,433.05722296398824,8242214.65689442,153.36963698875607,0.004604028479712641,681.1341856224989,3663.3380674155105,3842656.2094115536,0.0003508942128150172,12084870.866305973,7874037.955682663,0.594635833451159
3160.5383784886226,568.1631652099278,2872431.3791496106,152.91171097776945,0.0016045148574921342,544.6963021972883,2649.8639480801935,33334666.75993019,0.003043972974612746,36207098.1390798,39561320.590670876,0.4451462504913553
2330.2020746011217,685.787195178064,5001958.177687965,153.0933134115558,0.0027940497624803218,326.13390865386594,3274.2495956460507,36257465.73635619,0.0033108699308217414,41259423.91404416,49710343.12624676,0.32819747529593263
2162.6358723099734,116.13894274908486,614048.4525658026,152.71911991191823,0.00034300205481452295,368.68638646494963,2636.9197523954554,18110521.75260393,0.0016537720076244757,18724570.205169734,34253597.41878555,0.30459660173379904
4406.265952824916,721.0761941457955,4550220.001018613,153.05478994597948,0.0025417127975579934,741.6330840926931,2490.032847131611,10393282.348688837,0.0009490681522263629,14943502.34970745,24705448.788182333,0.6206008384260445
2366.46096312122,419.47295480815126,2403844.852018546,152.87175071343987,0.0013427665524639032,362.85103474611634,2913.6214608080945,21689266.84821148,0.0019805670355307363,24093111.700230025,37847953.64310622,0.33330436100298877
2284.998481397955,404.54276338671696,9878441.47057482,153.50917163645096,0.0055180103599532515,390.9279622746237,3968.8189043624834,16127500.334601406,0.0014726913432233605,26005941.80517623,25757735.092245102,0.32183077202788096
2158.4741110721816,499.376202721316,4402071.987477762,153.04215613463785,0.002458958622624463,354.62412207525426,4220.637043061842,34943859.27586074,0.0031909172523137525,39345931.263338506,59461084.92743791,0.3040104381791805
2910.924947741778,971.3085409619041,14154471.426930564,153.8738242191518,0.007906563014633106,539.0548072542704,4782.504804947806,17785150.273006573,0.001624060536448329,31939621.699937135,30511327.200807255,0.40998942925940535
1549.7825750603658,291.25725727186796,512313.624884304,152.7104441383518,0.00028617387652474235,238.53240578219945,2419.3708488522216,13572638.743489005,0.0012393927867017005,14084952.368373308,23148688.668566465,0.2182792359239952
3099.1490521647866,1191.2768563768004,11201344.033691972,153.62198652344333,0.006256972074737188,440.38407015668827,3161.634824317626,8962456.050371366,0.0008184114813554555,20163800.084063336,19063366.747753687,0.4364998665020826
2975.032398512027,200.65432290315687,953942.3728326296,152.74810548899197,0.0005328638036443678,435.448986200791,3443.0397968003617,17221553.80386012,0.0015725954225768095,18175496.17669275,43469031.03917524,0.4190186476777503
3559.067469997209,1052.4902695950825,3341901.324773091,152.9517465785298,0.0018667566323056217,552.504179781225,4332.506759347924,22856263.67318558,0.0020871319765353386,26198164.99795867,43189776.317457385,0.5012771084503111
897.0027404769373,305.03713576259844,857067.5385801542,152.7398441674228,0.00047875037485956007,145.85489322794353,4618.327509789737,18479521.6777404,0.001687467433705642,19336589.216320552,46039058.49153243,0.12633841415168132
1849.9951157814362,279.7182269358669,2501826.791120593,152.880106447033,0.0013974984002622648,293.08640357439674,1766.3278015528633,10428333.683782117,0.0009522688836905903,12930160.47490271,26816758.626275998,0.26056269236358254
3166.535397049194,222.98116129155648,5086823.786243053,153.10055060672468,0.0028414549436119874,515.3766847146535,3216.871491846396,27383116.69302934,0.0025005039880717566,32469940.479272395,46813268.40606692,0.4459909009928443
3154.8911492050124,1535.946482473494,3645011.887369444,152.97759533324452,0.0020360715216636294,515.9937324284006,3092.631300788282,7379959.989679318,0.0006739050047835021,11024971.877048763,24878324.542581506,0.444350866085213
3436.695520089002,1345.1403316568267,2818320.923580349,152.90709652988767,0.0015742892338141967,490.654537879523,3178.2902238962197,11009325.973312799,0.001005322506230943,13827646.896893147,26272892.25147374,0.48404162254774674
1630.94681178898,424.5190045513099,3154377.766651623,152.93575488752572,0.001762007625133677,283.92944510834957,3226.1744679771823,13378994.34414798,0.001221710044512487,16533372.110799603,27008356.866388816,0.22971081856182818
1693.1328440656055,125.41561378632883,1741819.7584718305,152.8152943362305,0.0009729651687513385,282.12310176767556,3579.743136932089,36782031.3000904,0.00335877091663087,38523851.058562234,66210080.13848697,0.23846941465712754
3000.50135934335,462.3299396867267,7188451.576379278,153.27977386039012,0.004015405708343467,488.9705806568613,3380.0480654946978,18459886.275590304,0.0016856744164266335,25648337.85196958,29681489.879063208,0.42260582525962676
1501.7761214352306,877.023963674821,4516318.135142184,153.05189885235376,0.002522775514011366,215.51229991069061,4139.42899891433,7073761.702232678,0.0006459443439323591,11590079.837374862,16483848.145001259,0.21151776358242685
3220.999763767023,378.95569215866044,5497060.881197037,153.1355349304365,0.003070609769981525,533.8628837414036,1732.8827500450277,13368592.140593389,0.0012207601617155587,18865653.021790426,20275251.14618859,0.45366193855873566
2534.0398225913355,1119.4213883008952,5974376.182134751,153.17623956979267,0.0033372338911432653,388.14042323679416,2737.9699809072767,22185163.049105234,0.0020258500630949477,28159539.231239986,41568433.69584618,0.3569070172663853
1857.3662375443341,242.16952566930996,3113255.478556226,152.9322480485387,0.00173903707735934,295.1421277055615,3949.5191874758,14606400.462467197,0.001333791292540114,17719655.941023424,31813098.11889184,0.261600878527371
1736.5827068926394,347.86517603012226,3836851.474796735,152.993955087908,0.002143231424774461,287.75452035500905,2436.5323305452666,15886752.059608858,0.0014507072853643256,19723603.534405593,21605401.608836774,0.24458911364685063
2615.038048942417,940.5471502425886,5594932.454416372,153.14388125221436,0.0031252799683705312,485.19468913498997,1723.9383232933596,15806182.878649855,0.0014433500673908526,21401115.333066225,31885554.402343024,0.3683152181609038
2889.3961636162476,283.6657551379562,1627857.2003104484,152.80557580254646,0.0009093066879621858,485.227307863399,3011.133707835646,18082553.642927617,0.0016512180846883677,19710410.843238067,25208113.994104326,0.40695720614313347
2962.1770254505786,1205.2652532793425,8700747.587160554,153.4087398993955,0.004860160934121005,474.51172031361807,2694.622262239631,7465248.534306396,0.00068169317398161,16165996.12146695,15511778.571944002,0.4172080317536026
1899.3634266802962,135.52698051449528,2050895.5975220334,152.84165179960434,0.0011456122089723575,273.49737444618177,3446.3109822916863,9029476.77898983,0.0008245315151365846,11080372.376511863,13723744.7260107,0.2675159755887741
2386.775533651565,878.8928109824598,6210543.826616971,153.19637954598315,0.0034691550563210605,390.5529201951067,1396.8343884121584,9188305.32354815,0.0008390350288724339,15398849.15016512,13002944.217812994,0.33616556811993875
2628.334261336982,952.5961772664331,1557610.1806055845,152.7995852558422,0.0008700673217483246,441.7911783819491,4586.809542451172,29389922.4997762,0.0026837565366880896,30947532.680381782,71896622.58770975,0.37018792413196927
2468.2665752971584,1283.314173630944,12326113.905657265,153.71790499055945,0.006885258614122591,370.8060129213372,3922.5299919711033,17957367.563293327,0.001639786650681577,30283481.468950592,52348894.855331935,0.34764317961931807
2888.954901110052,879.6066016582552,14829772.077419136,153.93141271334235,0.00828378000747354,465.6737243127161,2031.2585245106552,23338940.83870536,0.002131207900794195,38168712.91612449,31839261.291142963,0.4068950564943735
2905.438179148106,945.2028857206731,6370781.471144055,153.21004434055175,0.0035586623925936145,436.2662621721925,5003.864462352698,15210314.628062045,0.0013889380384876763,21581096.0992061,49647022.67284025,0.40921664495043747
1607.2985294896775,271.7831272058679,3235828.5987395,152.9427008763488,0.0018075053422206278,234.40829623334048,2512.5136929493947,9018397.129686631,0.0008235197710177665,12254225.728426132,15149431.433083005,0.22638007457601092
2942.5388867005586,898.1055247524588,1028870.4449264313,152.7544952279051,0.0005747179644750577,438.98283451841854,3399.911817036131,6572170.5058484385,0.000600141274800358,7601040.95077487,34421258.78933008,0.41444209671838855
4344.053614969785,2498.1717834639,24665551.222434048,154.77019127773795,0.013777959568294973,736.9704550960821,3286.2190617840242,8422858.904295634,0.0007691378785424501,33088410.126729682,33270214.89125149,0.611838537319688
2744.288027543955,1028.9821828326194,1023011.8694956276,152.75399561852828,0.000571445415863181,492.62334342295594,2877.0797212543766,1842821.642602626,0.00016827824671272068,2865833.5120982537,5560729.135952262,0.3865194404991486
1862.229927606974,644.0851613316512,11934297.412705341,153.68449154454572,0.006666393373714996,264.09758731138055,2581.427369909699,9833749.588438084,0.0008979741181122709,21768047.001143426,14860164.381004466,0.2622859052967569
2919.534874470223,271.4706389154821,583706.7032434846,152.71653241899443,0.0003260534210043353,476.1841735717478,2857.9122684623208,8657161.737032633,0.0007905333673848329,9240868.440276118,40262776.06352204,0.411202094995806
3538.9049888415316,538.7802295834016,1343974.993196865,152.78136680937678,0.0007507325885431904,543.6079244088072,2124.7107956651625,2110559.1533974125,0.00019272684111502227,3454534.1465942776,8460927.851878874,0.4984373223720467
2067.1616921844375,282.1756222812662,1633338.0590523311,152.80604320088466,0.0009123682473599626,356.21399058750063,4168.6697626149025,30464355.836776957,0.002781868993140921,32097693.895829286,52630247.10651798,0.29114953411048416
2706.425988481518,411.66782935078743,5068711.228887553,153.09900599855158,0.002831337428674807,448.60319442043544,3756.0221290765753,25130694.59652636,0.0022948228562172375,30199405.825413913,40821021.468607634,0.38118675894105886
1966.323383360127,603.1765061242799,4432972.179824759,153.0447912506357,0.0024762191977873993,288.76778443439576,4071.84502255967,31271473.938857786,0.0028555714155394556,35704446.11868255,63824735.279104635,0.2769469554028348
1959.206068711227,326.3826235145435,2825135.7496671206,152.9076776866987,0.0015780959356164193,342.86325953272654,2338.796714367746,10807021.18689419,0.0009868489361506418,13632156.93656131,31212871.167088043,0.2759445167198911
1247.6112198297596,327.2260992804097,3383913.6563940826,152.95532931891918,0.001890224350550529,176.81988734465088,4404.890799627779,38340091.23830705,0.0035010459955723884,41724004.89470113,55612582.541490674,0.17571989011686756
1707.3631379538547,34.14748781165897,341174.82211608865,152.69584971149632,0.00019057724931603737,279.3792922542603,2048.3289018759097,6346791.739335643,0.0005795606918517634,6687966.561451732,7622848.3292366,0.24047368140195136
3359.9323443336903,939.6144930091127,8525094.310455846,153.39376048585913,0.004762042561551771,573.9807064877825,4360.692718820374,15533609.592339652,0.0014184598915536373,24058703.902795497,42801886.31991589,0.47322990765263245
2211.4646541171496,178.9715538046714,2591581.5623158817,152.8877605817,0.0014476346245630989,346.70558668721566,1596.372917379464,12008597.099958317,0.0010965714851310746,14600178.662274199,18244588.899456255,0.3114738949460774
2825.9774533800146,1211.8204582664005,7902326.9146316545,153.34065193853203,0.00441417018186141,459.0494424255375,1637.3271827101555,12492496.832706518,0.0011407590487721318,20394823.747338172,19157222.17043664,0.3980249934338049
2159.3734933077085,886.6557372982277,5829179.194136391,153.1638574169045,0.0032561281330745206,334.8747409266267,2221.107570371232,22888627.53608573,0.002090087300034794,28717806.73022212,34815078.15743048,0.30413711173348007
2749.9781248824634,280.8826621500856,3361947.5529084336,152.95345608686756,0.0018779542787015213,377.5770763171156,4893.385938558154,25781413.866169725,0.002354243635345443,29143361.419078156,49541433.07575941,0.3873208626595019
2779.973797034321,92.9100908309111,504315.60863923706,152.70976208109073,0.0002817062551261351,436.43821978576,3727.3283921540374,21141884.978027962,0.0019305825664604028,21646200.5866672,58424558.550112635,0.39154560521610154
1654.659602832794,366.46301549715537,1654391.7865783323,152.80783862706178,0.000924128674037572,267.3821860648353,2717.3204247709846,2385786.520349343,0.00021785937574958348,4040178.3069276754,5284736.842099216,0.233050648286309
4370.21401254658,1551.0279753221553,9312790.120847626,153.46093384866847,0.00520204250032541,684.6520656993041,3827.9439680126384,25741311.764265474,0.0023505816904008355,35054101.8851131,51446014.54529222,0.6155231003586733
1536.228400906901,428.2224736656114,922772.2730183472,152.74544735574307,0.0005154524605486266,238.99848667797227,4246.329241230267,12969653.587055733,0.0011843308737240123,13892425.86007408,42130958.12283097,0.21637019731083112
4233.359895535217,844.3771471463936,3232377.6230154056,152.94240658299177,0.0018055776575900406,721.922963082978,3954.3328720170716,22982317.71587041,0.0020986426690536315,26214695.338885814,60035509.86606428,0.596247872610594
1272.6343070249534,684.1911384032601,8021801.683252065,153.35084054417553,0.004480907734841333,187.23530736761768,3240.9266385595397,15459664.234453185,0.0014117075315367962,23481465.91770525,30327276.945985977,0.17924426859506384
4083.6431957231707,563.3172020689278,3801515.092723985,152.99094166117393,0.0021234928331208547,663.4726634669832,2838.7939611928728,6111013.833118648,0.0005580305058833822,9912528.925842633,18110880.163888667,0.5751610134821368
3242.880440977133,473.97757268080795,2311569.56344099,152.8638816333252,0.0012912223893633001,567.6461578504206,3513.395477121646,18548305.593584727,0.0016937484738740066,20859875.157025717,45639020.35205304,0.45674372408128633
3164.2911588018806,403.77148132410235,4009011.099620716,153.00863656873707,0.0022393982741881757,464.5729957755194,4994.9895444186795,28868980.295975517,0.002636186419934722,32877991.395596232,72689190.97982262,0.4456748110988564
3396.897640793021,1669.1700541506432,9552393.802796433,153.48136684430673,0.005335883005754827,551.886096461343,3128.4810348724386,8299606.965718869,0.0007578830616637261,17852000.768515304,14502600.80812672,0.47843628743563676
2672.214442730532,110.68490407306952,204940.6283650624,152.68423189050102,0.00011447802913666649,408.6337251305403,1944.8717381862043,14971887.473324614,0.0013671659349696968,15176828.101689676,24258175.77507096,0.37636823137049746
3700.590949188685,1081.7484823336536,1121355.5899973016,152.7623822042256,0.0006263793515635108,611.1692812973943,4082.735253204524,14938033.509548787,0.0013640745421095465,16059389.099546088,43231233.39861144,0.5212099928434768
838.0491725697917,266.542166319613,461003.07335550454,152.70606846153805,0.0002575122545720454,124.9267481845002,3717.8499518605645,13367361.053801898,0.0012206477443648862,13828364.127157403,46372342.12765241,0.11803509472813968
2145.9926040858613,501.9934789379531,4031528.137047865,153.01055678350087,0.002251976092882524,325.85365363791436,2929.1271787896508,27523706.121195603,0.0025133419871115063,31555234.258243468,34271671.97985198,0.30225247944871286
2562.291992586421,1126.3438028697349,3346953.0669867336,152.95217738253822,0.0018695784909921187,397.421129194774,4807.028755090328,20246268.869695902,0.001848798901154119,23593221.936682634,47694070.730435975,0.3608861961389326
879.3243137542435,404.0592886022323,1865969.4172533127,152.82588160857847,0.0010423140741815384,122.28967873834969,1868.73882043193,8737096.4442764,0.0007978326480506918,10603065.861529712,18919414.975835923,0.12384849489496387
3953.9095127483592,361.94264610019883,3808989.7536100983,152.99157908757758,0.0021276681128277186,643.1585528427838,3748.105429517361,9313206.819614664,0.0008504404759780934,13122196.573224762,34513881.7856419,0.5568886637673746
3109.712293051339,1799.800302084306,8606352.456271011,153.40069004272365,0.004807432645784537,519.725858132608,3540.298971381486,4703479.107348617,0.0004295007174523456,13309831.563619629,6885293.407266291,0.43798764690863934
2425.369202698751,452.1096799450198,7612346.634415005,153.3159229120302,0.004252189752541158,350.06156331547743,4531.789156824575,27064163.144873206,0.002471378573747496,34676509.77928821,40184619.556373954,0.34160129615475365
2521.0990478457043,809.6755970753385,1854870.7227310804,152.82493513073257,0.0010361144412194268,428.6087755579663,4139.383340201682,23595772.321390636,0.0021546606053901036,25450643.044121716,61799199.72421349,0.3550843729360147
3386.096112057477,1987.3670584070999,63391103.93789941,158.07264073631157,0.035409712078584565,527.0452713669877,3959.2396972027423,28435458.607891418,0.0025965991544630073,91826562.54579082,34767592.272126175,0.476914945360208
4438.4003850267345,535.7584315047553,3192911.826879958,152.93904100682974,0.001783532411627986,647.072516942848,4968.089807892804,18175990.98693292,0.0016597503658723996,21368902.813812878,45747929.86870286,0.6251268147924978
3003.72483015401,1284.0411635805897,1625741.3376395262,152.8053953653663,0.0009081247857185559,432.09461660086174,5386.489772576696,7982138.791618536,0.0007288932850680685,9607880.129258063,31522218.6474421,0.42305983523295915
2913.282399147592,438.8551475057453,6562535.584146218,153.22639680610118,0.00366577455044359,468.63681726058826,4488.070719769781,25874531.518575475,0.002362746723719592,32437067.10272169,39796956.16342891,0.4103214646686749
4515.863179750651,2079.6853580865286,14470056.20744639,153.90073675401493,0.008082845892202206,741.0018959338577,3471.7162169436638,30496831.409760214,0.002784834517506532,44966887.6172066,43831076.28723193,0.6360370675705143
2228.1112691543694,143.67331459045076,171827.91676357127,152.6814080946135,9.598156021417559e-05,386.551837065142,4947.826796251194,3497944.9961575433,0.00031941672348692607,3669772.9129211144,14623972.673327034,0.3138184886132915
4546.476196483519,718.2291688650431,9568100.744613858,153.48270630566657,0.0053446567650496934,684.1712227686597,3518.4760313833035,21427772.139256027,0.0019566885059267916,30995872.883869886,40211875.337095656,0.6403487600681013
2424.263140741356,471.8931372692608,2249478.704726954,152.8585866301977,0.0012565389828094187,342.51108437565006,4043.735971759087,4747780.677321098,0.0004335461390760363,6997259.382048052,11951809.71046914,0.3414455127804727
3140.431237404435,273.96120798990705,1787083.2338822226,152.81915432864844,0.0009982489472690759,455.1624613178555,5266.075975656755,19932245.936545424,0.0018201237285836917,21719329.170427646,70279451.81148683,0.44231425878935704
2522.832359870042,579.4849516599347,6225342.61166111,153.19764156127357,0.0034774215272448394,441.24836788296614,3587.9131296470255,20499222.899098337,0.0018718975340237887,26724565.510759447,41979666.421407156,0.35532850139014677
3100.519873078582,532.8423477014555,1261964.813870344,152.77437312036983,0.0007049224250177399,461.1059489433067,3423.3728388110435,3942078.199535827,0.00035997298516933664,5204043.013406171,6657891.5024462985,0.4366929398702228
3686.7569603155857,1836.9532428894909,4665482.789523495,153.06461936110205,0.0026060975755597404,620.1807354202858,3280.787521383315,20786135.92497191,0.0018980971508705162,25451618.714495406,40920909.49329029,0.5192615437064205
917.1379650119287,172.98981397228357,291415.20314773964,152.69160629558104,0.00016278196462526928,153.30063713988795,2638.467404017589,19772582.522346646,0.0018055439782788322,20063997.725494385,35212185.246474184,0.12917436126928575
3607.8943421934673,612.9912998089251,10819258.83551649,153.58940294574427,0.006043542649842859,590.640745460669,2825.393776748196,11673285.65719794,0.0010659523408872837,22492544.492714427,16534456.418948064,0.5081541327033052
1684.5213615441053,588.9337537526341,3791779.4786569853,152.99011142451752,0.0021180546048900073,277.84353423992775,2620.969791847862,16145912.402797887,0.0014743726511062454,19937691.881454874,25077599.719773073,0.2372565297949444
2479.503315236096,955.5250870550315,4638884.180300855,153.06235107681772,0.002591239826825964,408.5166585601241,5112.029129868048,3197815.046522664,0.00029201019615788637,7836699.226823519,9880369.013167366,0.34922581904733746
1448.5493816329506,210.30066958072976,712340.6365900238,152.72750210267216,0.0003979072026927266,206.23809798335506,3576.8090814972725,11592224.270924577,0.0010585501769215303,12304564.907514602,34223128.66742281,0.20402103966661275
2157.412236057696,596.691395877561,7455665.406425176,153.3025614026324,0.004164668999208532,370.6616844303983,3209.2057349428915,5925910.3455982115,0.0005411276816380812,13381575.752023388,9485242.492006306,0.30386087831798536
2140.9770174096448,857.7900748870984,13265367.760548959,153.79800296636733,0.007409917541075561,365.06710239463007,3254.637034037574,14550088.531092709,0.0013286491383231042,27815456.291641667,26344222.72851756,0.30154605879009083
2507.4435541874923,1356.5532285484987,14726778.894944463,153.92262962941325,0.008226248923284496,443.7367965168066,3352.394041688595,13928678.979301097,0.001271904791801134,28655457.87424556,32075911.80253434,0.35316106397006936
2178.0784855708293,1077.2698411284614,5971565.7124636145,153.17599989770557,0.0033356639875499194,330.72566563467683,3549.477710999252,2928908.0966948224,0.00026745481380303937,8900473.809158437,13209367.994648525,0.3067716176860323
3123.8641980357884,594.0186730411983,2281725.671774581,152.86133659685794,0.001274551854452799,422.7243232403945,5135.799951597932,17675281.340863634,0.0016140277959802384,19957007.012638215,69023068.57662603,0.4399808729627871
2167.6161682806764,101.22944640332267,497123.29944545595,152.70914873316053,0.0002776886945865531,352.3590945156173,2461.367930124366,8102994.238808381,0.0007399292650504104,8600117.538253838,19800197.381669108,0.3052980518705178
3585.8762039099024,410.557841992211,1483280.803148948,152.79324657259238,0.0008285475864666658,532.9185822054905,2780.338498829914,8474704.167902438,0.0007738721565965054,9957984.971051386,28148598.004989065,0.5050529864661835
1532.137017499343,139.13779838701063,180472.78294964336,152.68214531414048,0.00010081050629007215,236.56067641407967,1881.9776092130799,10569855.774100555,0.0009651920492750099,10750328.557050198,24446896.1630675,0.21579394612666805
2442.0861294526408,695.861976795581,3493000.1708593657,152.9646320318664,0.0019511591162972852,345.12746206179975,5254.503083363788,8752740.903258791,0.0007992612302137533,12245741.074118156,20924246.05575465,0.34395579288065364
3614.033263995363,601.4696898485822,1869480.5988621572,152.82618103619126,0.0010442753892889733,549.5383730785348,3212.262871773235,24765435.75779447,0.00226146904944768,26634916.356656626,31871224.49577009,0.5090187695768117
2536.959979395443,535.8605079316814,8910446.86981699,153.4266226985788,0.004977297105613454,339.22791813326177,3905.9007414105413,36600224.58526813,0.0033421691389527637,45510671.45508512,55027023.96192563,0.35731830695710465
1673.5734035772743,310.97694123438134,3402244.687633241,152.95689255817456,0.0019004639030739678,293.8675383848294,3157.327662125435,7321612.456576905,0.0006685769685028886,10723857.144210147,26099608.16225563,0.23571456388412315
2566.014772072672,734.9747322876805,3693426.99627995,152.9817240916223,0.002063115774883384,362.3418084962247,2564.1085180274135,2732136.0830275877,0.0002494864718340961,6425563.0793075375,8155234.914156577,0.3614105312778411
1363.995832440291,180.0895596060399,453960.6823937338,152.70546789838045,0.000253578437035884,249.20459354112003,2990.7688124944243,15768738.952493506,0.0014399308551904075,16222699.634887239,37533452.08474417,0.19211208907609734
2338.3311216411685,113.39411639309122,806379.3875995153,152.73552156787227,0.00045043642036879383,350.95742662835806,4143.467881284931,18390640.374600153,0.001679351189836887,19197019.76219967,38791735.88604783,0.32934241149875615
808.5474446463024,42.468282107594035,291211.26950511045,152.69158890446587,0.0001626680490895982,130.00203732092592,2466.8251783740716,9148439.073993841,0.0008353946209116634,9439650.34349895,16009757.813236909,0.11387992178116936
3553.3534932111756,677.6150247378062,5832591.839290452,153.1641484414955,0.003258034406586452,559.8225399790166,3565.531954213847,18840552.807308633,0.00172043518494534,24673144.646599084,32832680.58617866,0.5004723229874896
2134.461640004695,805.3841034680223,2405702.4346596394,152.8719091249371,0.0013438041817586122,327.5242957285817,3744.0746909602485,16175004.636746626,0.0014770292240532269,18580707.071406268,37905619.55705988,0.30062840000066127
2433.9155386716184,1354.300408906141,2783662.6148889544,152.90414092810158,0.0015549294079766351,411.92559556840655,4868.1044940690335,5914831.175558511,0.0005401159812834665,8698493.790447466,14388342.604495613,0.34280500544670683
2538.023020855376,623.6814884912129,1782484.895726418,152.8187621901691,0.0009956803560944305,378.6431010906102,2951.115834610718,24547909.206235476,0.002241605495719217,26330394.101961892,42945880.186134085,0.357468031106391
1969.508136514248,400.29031351331975,4693227.353382986,153.06698537045432,0.0026215954444559486,267.02473188042694,3805.040419454934,20215049.625690095,0.0018459480991429302,24908276.97907308,37931584.12056976,0.27739551218510533
3109.858577678243,860.5742250703241,1638268.9878829543,152.80646370213267,0.0009151226207551044,449.3532209110028,4537.635329073627,17361734.399435677,0.001585396088849257,19000003.38731863,27360087.819239013,0.4380082503772173
1621.9522562224379,167.91515852070424,945279.0440725271,152.74736669500797,0.0005280245445373755,275.62941936872386,2239.387590587964,12763168.09593764,0.0011654755403517091,13708447.140010167,22671923.253715232,0.22844397974963915
1627.6144241360587,326.63378851608377,2484614.3385341913,152.87863859826805,0.0013878836759178004,243.79450953341473,4435.44207325664,16453734.3883464,0.00150248158082045,18938348.72688059,25956602.673428528,0.22924146818817728
1817.4354044091308,493.6754571886434,2322963.6239231327,152.86485329947922,0.0012975870111477938,281.83836390707006,2476.9915451351103,6948918.799538613,0.0006345442473119321,9271882.423461746,14767819.134142844,0.2559768175224128
2797.537525332067,1058.6688142790615,16202096.067947019,154.04844217584753,0.00905034809612415,480.7314007010822,2455.144934663597,9754266.093036342,0.0008907160400977791,25956362.16098336,15933952.73606985,0.3940193697650799
2323.536549307455,157.50492979127006,334622.12661661714,152.69529090873723,0.0001869169713502039,399.32282840483964,3428.1091317723326,6775989.697064465,0.0006187531335670036,7110611.823681082,12757695.282060988,0.327258668916543
2096.6428197020305,837.9270517292404,4741273.11517439,153.07108263153617,0.0026484333836294116,320.2105846070005,3676.997816886963,13702926.02974671,0.0012512900401273988,18444199.1449211,29060681.70952991,0.2953018055918353
3105.0182718691094,61.23355780682123,366983.58624337305,152.69805063913046,0.00020499379753946556,556.220133730044,2382.3695434687593,7107133.205518149,0.0006489916806540593,7474116.791761522,9486964.938911797,0.4373265171646633
2607.6719003409985,538.3921553671024,2472101.2314622453,152.8775715017187,0.0013808939645687524,421.4309421866311,3808.073161589217,21453109.45912371,0.0019590021968804703,23925210.690585952,37377711.54037107,0.36727773244239414
1360.459219784368,90.75745315746256,440221.5949111483,152.70429625230088,0.00024590390383227856,210.15980474661822,3765.925025825973,13362313.687640417,0.001220186841416638,13802535.282551566,22038529.188030697,0.19161397461751664
1622.040280776121,713.0654366455361,5057715.0020253435,153.09806825897394,0.002825195033244743,296.84936749973355,2511.555791227622,22538319.42916697,0.0020580987273597483,27596034.431192312,38130966.04750522,0.22845637757410156
4286.96257816874,1398.314897396264,5806955.23857708,153.16196219566535,0.0032437140273291476,728.758327275094,6077.563470998813,31301898.67720982,0.002858349666840728,37108853.9157869,60299980.88685962,0.6037975462209493
2243.075916109415,325.62188226719974,660232.9392643673,152.72305844661682,0.00036880030212205206,365.8518556196637,2867.2084342059566,7716845.107935038,0.0007046678500492088,8377078.047199406,11417668.582288438,0.31592618536752326
2404.9520587928937,720.7478136273147,17241859.34440521,154.13711142466659,0.009631150700308622,384.36780493602186,2916.569652757501,23239018.709265485,0.002122083457950016,40480878.0536707,37886250.667525165,0.33872564208350614
2286.6472643527427,955.6345945367693,1256348.6537323548,152.77389418375805,0.000701785287452239,348.3897496503412,4223.489135692641,7207191.842191787,0.0006581285887295067,8463540.495924141,27410551.33620942,0.32206299497925955
3317.982696404917,844.8627337091449,9601835.124907434,153.48558311640585,0.0053635004926257945,512.2520446755302,3277.9568533080724,2823303.6821741746,0.000257811490048951,12425138.807081608,9688445.740146447,0.4673215065359038
2751.633737268501,795.5582511446729,4456436.209426265,153.04679222328608,0.002489325997965919,419.0582184173573,4337.43257743444,39451882.929396555,0.0036025698501664137,43908319.138822824,56343265.358605206,0.3875540475026058
3508.943108476663,1552.81729566731,9813123.15644658,153.50360140139938,0.005481524125244164,592.9584470742274,3244.567750229778,1293782.2384561507,0.00011814241903952226,11106905.39490273,4503985.418587765,0.4942173392220652
3165.3100070636815,827.0944323840343,22614343.129283577,154.59526773032164,0.012632172802018227,498.198722892952,3055.612021399482,19941566.18157978,0.001820974811758024,42555909.31086336,28444283.01246312,0.44581831085403967
3138.8360750200313,574.2211040817613,2195955.2379933796,152.85402223972832,0.001226641245922755,486.90406461494166,3668.894711088329,4287391.0761103565,0.00039150541570625,6483346.314103736,22422227.873861626,0.44208958803099035
1906.3697873361668,69.55160378901566,174207.33117350674,152.68161100703898,9.731068013696387e-05,271.83992098354224,2812.675304732831,8244496.33511978,0.0007528506048713533,8418703.666293288,26332666.423510306,0.2685027869487559
2683.4033637979987,149.88051761543525,684772.2205012528,152.72515111490304,0.00038250772838899216,415.57001653641083,3577.7959237175164,10034766.333516983,0.0009163300700067805,10719538.554018237,32945611.559341513,0.377944135746197
4549.3962648723045,1083.62793522125,7888485.0154281715,153.33947152484328,0.004406438218936604,691.999543376947,4560.401271631291,41913544.332649544,0.003827357781544705,49802029.348077714,57575931.77164464,0.6407600373059584
2786.168542453179,1381.2214590313465,3146200.13037871,152.9350575125733,0.0017574396695703154,400.00567915006013,3639.814511666071,28105679.06928386,0.0025664851590140314,31251879.199662574,61693734.413630925,0.39241810457087023
3048.0567546110537,419.7328383396907,4823949.548809568,153.07813313758064,0.002694615710941095,454.2790241971353,3866.353404751223,37658513.1441311,0.0034388073263305063,42482462.69294067,65533498.846559666,0.429303768255078
1893.3697926741918,248.83213305007703,984767.43978439,152.75073419842352,0.0005500824144233363,326.73451061531097,3240.9295749776156,20025280.291763574,0.0018286192106304775,21010047.731547963,30360060.71250399,0.2666718017850974
1705.7381332349055,585.91725788425,3703370.393567076,152.98257204767935,0.0020686700689900306,255.3142382614709,4128.653415621293,5043698.671002715,0.0004605680493880731,8747069.06456979,7979731.382098986,0.24024480749787402
2126.6391753217467,44.67330504577776,343984.2364781658,152.69608929358847,0.00019214656342314562,343.4864966514216,2192.600021484048,17656486.70189782,0.0016123115534423555,18000470.938375983,27516619.640935205,0.2995266444115136
3012.43042477479,916.3377262601083,22622218.22015084,154.59593930471496,0.012636571758384063,471.9814552249905,3521.2603680574634,27802274.386336133,0.0025387795976560884,50424492.606486976,43920301.416787244,0.42428597532039297
3092.4492285536194,634.4129493888379,5235426.096092058,153.113223159685,0.002924462884460022,457.48679210923507,3060.5358829161187,8440800.883230263,0.0007707762599722513,13676226.979322322,28639253.422156617,0.4355562293737492
2066.037613028811,350.17136578605545,3103128.007192794,152.93138439495664,0.0017333799610956824,306.4384599922511,3657.1345723708964,11495031.318659835,0.0010496749503549239,14598159.325852629,32428817.045884386,0.2909912131026494
1828.855649111015,661.3163705500981,4724611.831640422,153.06966178553327,0.0026391265374610118,288.45312773868136,4255.672755081833,4842874.81681095,0.00044222971142838136,9567486.648451373,16946748.807139017,0.2575853026916923
1980.6385793739669,978.1222130867341,19935991.080242686,154.36686240995826,0.011136068948162992,325.054777000356,4186.774473345829,45874403.67514994,0.004189045776857332,65810394.755392626,56268551.016809605,0.27896318019351646
1614.2224744114005,95.92604609136825,372114.54722059506,152.6984881987807,0.00020785990712890445,281.06532547132133,5049.741906799846,23427263.362223756,0.0021392731194020726,23799377.90944435,42274598.86492834,0.22735527808611275
2861.8747383323666,565.049035914106,4978909.664267381,153.09134787342066,0.0027811750659794132,455.34986408971275,4515.3233360941895,16023917.658637473,0.0014632326356099612,21002827.322904855,36370610.57588966,0.4030809490608967
2124.7036615908937,978.0928176708853,7121639.433695696,153.2740762341728,0.003978085034166634,341.6555839346103,2557.863745392262,14137815.211780574,0.0012910021790426072,21259454.64547627,38834023.10645999,0.2992540368437879
1700.5952372115553,233.50970479921585,2722867.1241685217,152.8989563917597,0.0015209695825695313,285.2600037816046,3710.559333698958,13678337.369456641,0.001249044713424602,16401204.493625164,29325930.86286995,0.23952045594528948
3833.9907309239234,1192.6264125385032,20134358.768304028,154.38377886997242,0.011246875390764854,575.484406074132,3421.0053069343094,13298750.004753865,0.0012143824896207443,33433108.773057893,19693252.578750953,0.5399986944963272
4223.292658481319,197.05305513920652,1320450.5548820118,152.7793606851738,0.0007375920445900075,624.3018168339961,1747.7205637496718,2517279.690732042,0.00022986674513094527,3837730.2456140537,3756578.7818760765,0.5948299518987774
2717.4758583453468,1004.380861440778,8071510.110638234,153.3550795945595,0.0045086744243652,502.2653426112087,3874.158284219883,13803648.647560367,0.0012604875799967809,21875158.7581986,34353225.925814375,0.3827430786401897
1721.1624113276882,163.78586624145163,403302.9038250029,152.7011478889377,0.0002252814483068022,293.0392002213548,4279.021167450032,24661222.87083811,0.002251952793779486,25064525.774663113,40060805.039245136,0.24241724103206877
3626.6952973642046,915.0293901082117,11115737.512580227,153.61468614450817,0.006209153026380143,517.62021556216,2932.407208133038,9090613.492904395,0.0008301142469590689,20206351.005484622,18708112.05893378,0.5108021545583387
3726.6019839161263,66.29588709366563,396802.49069934664,152.7005935447308,0.00022165037481447492,515.9890912187585,3336.171678786697,1553383.5396016305,0.00014184805109374832,1950186.0303009772,6488299.73150405,0.5248735188614262
834.0258142400155,469.7950759463093,3300651.6386836166,152.9482288752579,0.0018437149211345538,145.14206757704204,3412.852989814549,33867986.032402724,0.003092673310030466,37168637.67108634,57846806.55333948,0.11746842454084726
2505.2238828531713,173.33134418729608,1759004.5123595346,152.81675982289738,0.0009825644208467654,365.59912171644976,3510.16797105984,12512398.274114648,0.001142576359568681,14271402.786474183,30824122.346193872,0.352848434204672
2222.4327950766187,413.3776027669052,676420.2919439587,152.72443887660023,0.00037784241469140945,326.1198407229816,2910.1077963357557,15823378.356218394,0.0014449202816480147,16499798.648162352,29010203.96846351,0.31301870353191813
2816.725187463119,1031.420992802785,12221066.413877092,153.7089467186168,0.0068265800108573416,480.222152014897,2694.5194375322467,19388732.917633653,0.0017704925457423402,31609799.331510745,40908758.44596089,0.39672185738917165
2539.7309116364845,54.65092194389128,255671.5343992463,152.68855813613,0.0001428158662235557,457.5010721313609,2199.808757648508,16411282.142694667,0.0014986050312390145,16666953.677093914,21047905.11357514,0.3577085791037302
2074.9353941219592,863.6433277535218,2039762.0049993726,152.84070234571612,0.0011393930822947151,346.230602389146,5643.285761578226,19493247.412568305,0.0017800363429048426,21533009.417567678,66028146.510625474,0.2922444217073182
3810.0883457224763,1676.7125604720084,18958717.09764783,154.28352214214047,0.01059017231289583,573.1176633248972,3400.65152776929,22066207.389278214,0.002014987563214615,41024924.48692605,42933871.095941104,0.5366321613693629
3540.5332736048135,196.771651685648,1767719.3618602145,152.81750301048274,0.00098743245898536,475.60663530425774,5001.237727596016,24760041.029704,0.0022609764269585744,26527760.391564216,41342033.19546378,0.4986666582541991
1921.5429866121824,496.03297207673324,4583905.119505079,153.05766255575537,0.002560529007922474,344.3141667341981,2944.7050542162115,16086656.259273961,0.001468961644577648,20670561.37877904,26111508.76938086,0.27063985726932144
1931.5568132731576,703.352090211232,2883656.3567347466,152.91266822482078,0.001610785031060269,334.27991323459446,3182.8737747720893,10983399.888944887,0.0010029550519311352,13867056.245679634,40184385.62282095,0.2720502553905856
3650.9645848411933,348.85297430847,811557.1255135636,152.73596311658034,0.00045332865914304854,568.2449107910954,5350.952823644628,14569636.625497784,0.0013304341830485476,15381193.751011347,31314253.252241176,0.5142203640621399
1146.048805049127,222.17686873271714,675145.3909311888,152.72433015520403,0.0003771302662196607,187.2934028320614,4250.470945886975,25355544.281284753,0.0023153551257816497,26030689.672215942,41720016.97041696,0.16141532465480662
3807.742308040439,503.2837429166999,2196627.137861434,152.85407953820956,0.0012270165632684016,602.6657647063734,2402.7325962638197,6969463.206697944,0.0006364202708709141,9166090.344559377,23952295.7833577,0.5363017335268224
849.6875915216614,203.13361060895497,188676.28636079017,152.6828448949986,0.00010539291100908343,135.51685355168226,4042.3513709486137,1814217.893865331,0.00016566628005482687,2002894.1802261213,7812929.506308631,0.11967430866502272
2230.496978524334,573.9046004813496,7017593.973744299,153.26520341380512,0.00391996615705148,312.73004301410583,3790.421550558345,5896524.521880436,0.0005384442993838699,12914118.495624736,12055565.492316045,0.3141545040175118
1714.237778295951,822.1824974969193,3327512.3442552835,152.95051951067438,0.0018587190745793514,266.0837652405212,1935.16238737684,18327191.668383386,0.0016735573371972638,21654704.01263867,22641983.949406736,0.24144194060506355
1461.71829141742,390.7703763583131,1209339.485094187,152.76988532158228,0.0006755263800801714,254.147557550913,2186.9608258843587,11886675.854619754,0.0010854381812191295,13096015.339713942,19204536.25557951,0.20587581569259436
4055.3938458793305,494.97220595977586,1462885.4338824362,152.79150729009106,0.0008171549129114553,751.1074492867899,4704.81844059748,26696879.146005314,0.0024378398383939014,28159764.57988775,63230851.84906706,0.5711822318139902
1550.493025239254,590.4213823537007,3953313.17475616,153.0038867441661,0.00220828590415012,234.138131563292,4026.7972814603677,22375286.554560777,0.0020432112929705372,26328599.729316935,33417154.255477853,0.2183792993294724
1070.273232096188,130.95522932028354,1209718.9426369867,152.76991768107797,0.0006757383417197449,172.11798744375116,2523.04781733596,8283189.348537748,0.0007563838781450553,9492908.291174734,19726890.513993643,0.15074270874594195
4166.265739547192,871.384337429045,12193060.59043184,153.70655842949017,0.006810936204658891,561.148175821286,4665.584236126135,19681895.34575474,0.0017972628301072381,31874955.936186578,28131567.473168574,0.58679799148552
2413.037496015578,290.082004984313,2176964.4397386964,152.85240273666082,0.0012160331533583868,371.0789817784777,2843.568486545556,5093618.487618681,0.0004651265042174246,7270582.9273573775,26470398.149428137,0.3398644360585321
3140.9742366871506,1090.5685535798482,16577710.87808976,154.08047396982866,0.009260163219278139,496.3161979795265,4195.593543052525,42856940.80227749,0.003913504536170266,59434651.680367246,56387075.73718114,0.4423907375615705
2794.2188096249356,898.8470173557064,5415875.511445696,153.12861157979128,0.003025260337816693,411.8972823587717,2244.182599825387,7313179.377211338,0.0006678068973374433,12729054.888657033,14564801.846057907,0.39355194501759655
4063.708106134023,1097.1880131869286,12036474.547810135,153.6932050373391,0.006723468621034012,654.8857314395061,2010.6048074942262,10859687.565066518,0.0009916581947216623,22896162.112876654,24747942.132096134,0.5723532543850737
2537.642387656944,503.5053053938215,3196670.654459985,152.93936155327094,0.00178563205959259,364.03451649181096,3177.5918089145757,10725471.388499666,0.000979402172570079,13922142.042959651,20272335.804470915,0.3574144207967527
2175.7801083570293,396.0429308741887,795208.7954861964,152.73456895872172,0.0004441966260457786,359.99704963218034,2419.4027467103924,6330368.3433434265,0.0005780609806378578,7125577.138829622,18916523.4069982,0.3064479025854971
2342.242539484315,475.5105165899129,1595127.4463173351,152.8027846646343,0.0008910241357853455,343.5390360399209,2410.742942157139,5641768.124336067,0.0005151810823005987,7236895.570653401,20181861.31630146,0.329893315420326
2671.350027511089,960.2835129366979,6304316.635165154,153.20437633206117,0.003521535720881541,398.7306623333938,3615.066165978074,31896347.896940302,0.002912632116180054,38200664.53210545,48585023.21643381,0.37624648274804073
3393.76634365673,498.7788089400445,1362100.4780713913,152.78291251998678,0.0007608573246784545,527.6030559381078,2727.676189629079,3994805.940726844,0.0003647878471373213,5356906.418798235,21942484.212511033,0.477995259669962
4310.454002147404,974.5451020005578,5446927.971193838,153.13125968089486,0.0030426059682082673,687.2724470690994,5505.362740949642,54106565.05794461,0.004940770008941125,59553493.029138446,67763887.77216785,0.6071061974855498
2451.635169840066,931.8459505541307,2809474.7588770445,152.9063421439645,0.001569347844160296,422.9943112999884,3943.8865294740417,2358020.1517887264,0.0002153238749116615,5167494.910665771,5474753.122371327,0.34530072814648816
2940.9827869650558,1049.5708049193365,3924117.815871299,153.0013970134746,0.00219197763393697,502.352017377832,4845.728838844891,3841476.839498092,0.00035078651801880094,7765594.655369391,15412006.447170485,0.41422292774155717
2086.311755891073,410.9588254600663,3213720.954924359,152.94081557397791,0.001795156207190507,307.5941465094708,4860.649123569911,7392420.075548385,0.0006750428042077455,10606141.030472744,9453155.12505747,0.29384672618184127
3188.1613675836675,1056.4300216916772,3459641.7237776574,152.96178728007385,0.0019325253817006338,528.3374352764273,2425.7489140081398,13968525.739698954,0.0012755434200991298,17428167.463476613,29857828.613115396,0.4490368123357278
2610.950408307635,826.4667477617468,3854772.8786106696,152.99548339483127,0.00215324216302748,458.48433564424187,2882.0022579364295,8215069.46204175,0.000750163474172793,12069842.34065242,17613182.293057796,0.3677394941278359
1976.019762411883,411.9929817641342,4903089.373101748,153.08488204757828,0.002738822519437134,349.5475926566306,3173.8155579517875,18768673.13644534,0.0017138714542469752,23671762.50954709,36272827.900753275,0.27831264259322297
4070.155639467477,1262.5912435425676,2343562.0155347264,152.86660989538183,0.0013090930911960896,668.2577831239836,3727.3285416160925,6864343.746392059,0.0006268212309710576,9207905.761926785,36981570.145833306,0.5732613576714757
3943.4859072369295,649.5387671564946,1859064.0745581554,152.82529273266462,0.0010384568105996639,690.1877139070798,5314.046588795703,5879284.551259356,0.0005368700222197506,7738348.625817511,10270821.999760412,0.5554205503150605
2264.544051352437,311.7398670184183,1071402.3232768197,152.75812227435844,0.0005984758969448389,399.11703856533506,3024.335969792845,11251704.099635243,0.0010274553948383567,12323106.422912063,39286135.52776049,0.31894986638766715
2382.15993892829,914.575485491548,8767011.616590617,153.41439078344413,0.0048971754370643605,373.93487201702493,3423.1423113496517,8141104.081353909,0.0007434092857631051,16908115.697944526,12739211.278478373,0.3355154843560972
2279.003432900296,147.0304705216512,818639.8087097649,152.73656711579136,0.0004572849835662307,355.97928282077464,2940.485510208207,24442845.35138666,0.002232011533461497,25261485.16009642,43900174.5904159,0.3209863990000417
3742.8824510840736,273.35634633385257,244866.89995210184,152.6876367352286,0.00013678049262844105,611.2923695639419,4178.354808291742,5916279.174789163,0.0005402482061098644,6161146.074741265,33023092.533694323,0.5271665424062075
2476.404871997906,157.76654472318697,460667.88552853785,152.70603987728865,0.00025732502160558113,455.02627214817534,3857.3009700593084,8104575.380428724,0.0007400736478455354,8565243.265957262,22204818.60161513,0.34878941859125434
3582.7726957836617,691.5897431077623,2957440.773638659,152.9189604347589,0.001652000356179295,539.9981911342351,3424.295094470215,13946241.478203507,0.0012735085208082546,16903682.251842167,39135502.48120581,0.5046158726455862
2845.9095290886057,336.0743320087506,453042.3141425559,152.7053895814935,0.00025306544462311287,455.99174554209105,2687.3689286903523,6951414.13884077,0.0006347721105587123,7404456.452983326,15470024.257990051,0.40083232804064867
3341.4927358364757,1365.5863697670202,19069279.72964906,154.2929507358877,0.010651931624890976,617.6010685223487,3217.9598669249426,20177953.95995335,0.0018425606885294947,39247233.689602405,28899611.614230454,0.4706327796952783
1634.7279834643707,1018.332046453166,14506421.984726788,153.90383796582648,0.008103159494948109,241.46801302937283,5430.085421135615,31576664.968661383,0.00288344009811867,46083086.95338817,48766102.18662325,0.23024337795272826
1623.0248338619613,672.306970118779,2905198.742898456,152.9145053229778,0.0016228184181470429,246.5138216429539,2930.2799930915658,26324162.641800925,0.0024038050309017184,29229361.384699382,42642668.2474618,0.22859504702281144
4225.367961209429,2005.4351776121468,2783217.2618170786,152.90410294914693,0.0015546806376749434,641.8259922064856,2411.2113005264528,11067261.396823043,0.0010106129105031077,13850478.658640122,23923402.20381607,0.5951222480576661
3903.125411044828,326.95095305126915,2810096.8725270573,152.9063951967615,0.0015696953513633094,666.2880926968851,2945.221765027486,11843795.668818235,0.0010815225540533858,14653892.541345293,27560190.678994685,0.5497359733865955
1759.0765881907741,157.32742721119993,1027703.803490155,152.754395738702,0.0005740662888487069,281.1119864622557,1950.5134388393308,11966744.920220697,0.0010927497308904385,12994448.723710852,27479180.051643938,0.24775726594236255
2099.286527494405,541.0911293286739,3584604.0131781516,152.97244385218283,0.0020023282154340016,368.4839979405673,2466.1123557413703,20669851.852226734,0.0018874786083974986,24254455.865404885,37441034.2921922,0.2956741588020289
752.9193370592046,84.28083574317189,710654.7725643336,152.7273583350472,0.000396965493903112,120.75231046931222,4121.356171673757,10002388.049263787,0.0009133734296137368,10713042.82182812,23724870.549382016,0.1060449770505922
3930.2866995293202,457.19391789249136,2536032.2500892766,152.88302343056276,0.0014166052682351715,602.2718979426033,4083.1764975464166,9109938.957457671,0.0008318789621201853,11645971.207546948,32846653.93016898,0.5535615069759606
656.8271166343835,288.5473695896674,321065.85058523633,152.6941348525082,0.0001793445550124506,88.34381115772452,3569.343045444606,19265455.52608019,0.0017592354046113972,19586521.37666543,51942582.861406155,0.0925108614978005
3859.0672456955044,260.4176156561742,1817225.3265778443,152.82172479519372,0.001015086054646952,685.1923469553705,2395.822900054998,17589350.58842715,0.001606180983231559,19406575.915004995,30247718.920832496,0.5435305979852824
2431.675027682025,518.4600380028811,1410203.5619660707,152.7870146694004,0.0007877272834739824,363.09484361502285,3050.0736218281454,28123453.19452512,0.0025681082127937925,29533656.756491188,51697808.051475324,0.34248944051859503
3111.0181910565925,1158.2294763140862,5178265.083348538,153.10834856546103,0.002892533246425133,499.20265807447555,2358.168245657137,9446248.311228793,0.0008625892311431631,14624513.394577332,31692824.88983464,0.4381715762051539
2594.713119324751,507.4164305646865,7403908.143522552,153.2981476310303,0.004135757848218624,398.8213170421661,4222.975108804861,5297799.45140822,0.00048377139844066124,12701707.594930772,9076930.843047153,0.36545255201757054
3089.1554472951193,456.47667860383336,4510233.395830331,153.0513799561047,0.002519376632248216,503.35698314863487,5833.641600092635,24982392.991235897,0.0022812806155868767,29492626.38706623,58154248.756933525,0.43509231652043934
3260.5352986724856,867.3374486638609,7032573.755722105,153.2664808642071,0.0039283337312674416,489.4434565904611,3688.8460647456272,20866316.837851036,0.0019054189139360235,27898890.59357314,30881674.853837624,0.4592303237566881
1023.805279176314,50.311196411864515,470081.98161917966,152.70684269543733,0.0002625836527279102,171.886931739998,3748.6252168566252,21977923.284830227,0.002006925852864758,22448005.266449407,47044373.464361235,0.14419792664455128
2428.8059829985336,415.21325776294765,10585793.377146171,153.5694934074026,0.005913130902016617,413.65709813496557,3696.4150300729825,15416081.775175067,0.0014077277758918643,26001875.152321238,23582313.67292257,0.34208534971810334
2521.6292661037714,868.9472162700191,2914359.745059011,152.91528655770534,0.001627935673230274,378.71399253687264,4523.2821058317795,26715805.533456292,0.002439568111615372,29630165.2785153,63724802.3702385,0.3551590515639115
3539.9544216011486,837.8662675614934,3105337.5329783144,152.93157281956834,0.00173461418272991,520.3695189590408,2582.11834978744,12210850.9543844,0.0011150404043291599,15316188.487362714,16473346.301725848,0.4985851298029787
2383.9336563603306,793.7316261560487,6187904.404999519,153.19444889450318,0.003456508874896569,371.8335757144181,3923.236995416416,30020773.584169906,0.002741363041823694,36208677.989169426,38508089.12977637,0.3357653037127226
1122.720282719472,278.20205422564385,979145.306272575,152.75025475241256,0.0005469419401842313,194.9557216325222,3580.8250258009766,14745753.778424954,0.001346516415330541,15724899.08469753,41896733.46727326,0.15812961728443267
3090.7667266377534,1015.3676947360441,4995862.074517167,153.09279354621614,0.002790644532965958,466.1720284644824,5339.979653116164,19580715.35416019,0.0017880235249057364,24576577.428677358,31836949.081277885,0.43531925727292303
2629.7206540739935,239.99317987468248,942670.2208230926,152.7471442189857,0.0005265672788581366,437.20877584230027,4156.646587588598,8755999.163462535,0.0007995587599918633,9698669.384285627,33437675.80328272,0.370383190714647
2417.057425113874,206.8784627509823,2212213.3619104107,152.85540870496285,0.0012357228906818563,354.39382480583487,3147.3381771300783,10843684.388363495,0.000990196856057539,13055897.750273906,25351586.734881986,0.34043062325547524
1634.4951463359278,309.26106207742555,4676544.7596042035,153.06556270714987,0.002612276694572424,238.20917353684322,2806.702406959946,19402421.78548703,0.0017717425520525523,24078966.545091234,32077173.836147238,0.23021058399097574
2890.1143009755433,2277.2839922176263,5720025.636745963,153.15454898665035,0.0031951559177407773,531.6464966511527,3058.872124958387,19117806.303050984,0.001745752736617136,24837831.939796947,45667635.45314032,0.4070583522500765
3631.3151521217073,947.5622924491557,11992505.5512973,153.68945543588617,0.006698907927022102,589.3406746262821,3981.9535546392462,26180346.979952913,0.0023906724266028923,38172852.53125021,45508856.25169534,0.5114528383270011
843.3324790558306,274.124814114897,3951061.6262206435,153.00369473592554,0.0022070282089783344,125.66459195433329,2335.9065487270495,11826159.433544185,0.0010799120917699395,15777221.059764829,20512485.396958962,0.11877922240222967
1004.2184446233505,191.28377202731596,3969730.709808678,153.0052868037119,0.0022174565945647373,152.85123276337148,4823.309154434896,34253476.555203915,0.0031278745838823068,38223207.26501259,64370420.187250525,0.14143921755258457
2664.5056271212434,219.0122033518796,2954943.419370335,152.9187474646223,0.0016506053560907397,369.1591452495628,3506.2749641111564,5084138.058055557,0.0004642607937069311,8039081.477425892,7536443.9869861575,0.37528248269313286
2773.036914923166,553.0520828409572,2363500.4430569783,152.86831021066612,0.0013202305211190701,469.131327828593,2258.8711126579888,8889208.973941961,0.0008117228852843973,11252709.41699894,20800484.94295379,0.3905685795666431
2113.1880305207915,556.750580968047,1927559.5434608432,152.83113391008703,0.0010767177759696267,362.65873363808976,4238.910338966875,26696026.141994152,0.002437761945875104,28623585.685454994,61686408.03658927,0.2976321169747594
2614.982505595419,92.88047087251715,1418858.1213090406,152.78775271554338,0.0007925616440618288,357.248424996904,3488.5344535925647,30031179.69021738,0.002742313280978853,31450037.81152642,49147093.507685296,0.36830739515428434
2971.438878072671,494.26663306836315,1312920.098153196,152.77871850059532,0.0007333855978171044,498.0552862130978,3454.9043370366508,19039815.490479182,0.0017386309637358777,20352735.58863238,28671190.303079452,0.41851251803840434
2338.908666794568,895.5213148097885,9849014.149208497,153.50666212439242,0.005501572517541797,403.1503884575413,3437.2058014009585,23459993.766107127,0.002142261913788009,33309007.915315624,31996488.39657021,0.32942375588655887
2703.683791513963,946.0323034959705,6865258.749832318,153.25221252426442,0.0038348730433011013,388.957344501379,4976.354452970383,28160815.11375562,0.0025715199364878183,35026073.86358794,46566706.534184575,0.38080053401605113
4362.453228677587,672.7667393222282,10790458.158827659,153.58694687288104,0.006027454845626501,619.9868439882907,4708.53057738711,9975921.911016734,0.0009109566600042913,20766380.069844395,12439635.754144983,0.6144300322081108
2330.100669361267,327.24615779606216,470431.12381060555,152.70687246969126,0.0002627786804794141,346.4096862272227,3347.838573725813,12985167.995380685,0.0011857475802415356,13455599.11919129,27098630.08470184,0.3281831928677841
2315.5881562980753,994.2433174715829,12551273.910427146,153.7371062539038,0.007011031008752777,337.06589851446836,2054.7851198173,19190830.89276923,0.0017524210161948312,31742104.803196374,38004818.291814476,0.3261391769433909
2454.441097522907,303.7738213710287,4344132.670498471,153.03721516794866,0.002426594230701795,450.1136937399328,4150.784934471897,45059664.121230185,0.004114647397496273,49403796.79172865,63018086.223552175,0.34569592922857845
2861.1667447129075,716.6097400007228,2886198.426244859,152.91288500819735,0.0016122050086888606,445.28895404585126,5548.177464803125,13946903.671886431,0.001273568989379586,16833102.09813129,51942826.885585114,0.4029812316497053
1298.8831533379332,538.629713511908,4519392.380703524,153.05216101880143,0.0025244927604926026,219.19574407019215,4381.673614911464,3885187.887237935,0.000354778015788085,8404580.267941458,11576100.625705913,0.1829412892025258
892.8669102473491,118.92671370443706,278971.3635261171,152.69054510604238,0.00015583094546367526,136.82211750176322,4210.250959860575,4865055.719805908,0.00044425517248234694,5144027.083332025,12443967.325513491,0.12575590285173932
1915.070315197191,860.3773696112617,1615435.727740771,152.80451652043206,0.0009023681628388402,285.2563431291251,3491.301188346114,17810813.477916975,0.0016264039857694758,19426249.205657747,37943993.90237099,0.26972821340805503
2238.5824783592507,554.1423237732915,2620411.132818855,152.8902191185787,0.001463738568609596,378.79641879509944,2359.7189375017374,5535617.4274664465,0.0005054878744808093,8156028.560285302,23412508.566748176,0.3152933068111621
2397.2189460720974,345.553972065482,618818.6661097012,152.71952670763915,0.0003456666540664344,350.0860562962294,1926.9810587595084,10707805.848902764,0.0009777890343466737,11326624.515012465,17938008.559708234,0.3376364712777602
3604.1410869091437,1575.5616995538658,10370894.760287484,153.5511672178164,0.005793090428253711,555.7734072911446,4680.737038623814,47488238.23505273,0.004336413945293476,57859132.99534021,86573802.24774104,0.5076255051984709
1938.2783521419972,1020.7375608894843,3353551.238549111,152.95274006341882,0.0018732641714858111,289.04912291078875,5087.912200285295,19552607.76340578,0.0017854568651801698,22906159.00195489,47610618.68512216,0.2729969510059151
3619.962884353624,607.2580080333848,4390419.161835111,153.04116240142977,0.0024524494569013733,545.2159864049536,1901.0622361783744,2189309.8342059916,0.0001999180017718859,6579728.996041102,7570324.608437472,0.5098539273737498
2135.149689743932,635.957038558222,1058261.8881153471,152.75700168033353,0.0005911357656527283,333.3297099590933,4100.289051087399,30566432.961503606,0.002791190220535568,31624694.849618953,55106222.01496349,0.3007253084146383
1810.154087496486,197.53124233385773,1232130.9486043558,152.771828938937,0.0006882574907662864,306.6944899493982,4529.234495910614,47885903.3761756,0.004372726950947358,49118034.32477995,76769129.08396041,0.2549512799290825
4023.2335961840895,781.2098264782857,4860121.867550241,153.081217851576,0.002714821249451216,587.9395618505883,2338.007200677143,9439993.51492317,0.0008620180710636836,14300115.382473411,15173725.879154691,0.5666526191808576
3351.7320579358966,955.9651567508521,9004476.936171327,153.43464142316623,0.005029821472117613,477.34553278510236,4429.228679641175,28285660.782901514,0.0025829202857282777,37290137.71907284,75074061.31361929,0.47207493773745024
2559.829171636441,131.66440217956068,1099311.7611634475,152.7605023438881,0.0006140658630195972,396.97724053984274,3518.843198208974,7289181.166817316,0.0006656154878835986,8388492.927980764,13095361.770146944,0.3605393199487945
2719.746501187063,189.88733483337344,1993835.0912476762,152.8367857764016,0.0011137387129653842,486.89369981195307,3998.279538244338,31987099.571105443,0.0029209191539821423,33980934.66235312,45695442.265534215,0.38306288749113565
2781.402434826463,932.2242465356669,9719740.100494877,153.49563785276177,0.005429361173049818,508.56192085868787,3373.4136346749633,8598196.347322825,0.0007851489111967208,18317936.4478177,20616413.166851655,0.3917468218065441
2694.8666712013223,1033.3251489860252,13083932.572326234,153.78253048122258,0.007308569443680302,479.51640106070977,3510.2295954345673,15764746.003927963,0.0014395662369504814,28848678.576254196,31126170.253450483,0.3795586860846933
2468.221669569843,633.4918443093999,2410702.2711462067,152.87233550251315,0.001346597046363085,373.9913603702748,5393.58912257563,23618053.670188185,0.002156695238706408,26028755.941334393,43444979.45815781,0.347636854868992
2109.376511571447,750.1456586128329,12831568.849121027,153.7610093309065,0.007167601291642178,367.87675229753665,2614.7651161940094,17834812.09088185,0.0016285954319842939,30666380.940002877,26065999.838880055,0.2970952833199221
2653.4693816072636,944.5779435183849,1303416.20888702,152.77790802503694,0.0007280768090183187,442.6754325621808,2830.022997310331,10610381.908519913,0.0009688927149761692,11913798.117406933,30757121.646208256,0.373728081916516
1259.4100560771387,222.1568973673379,308809.55640658597,152.69308965652684,0.00017249829708254616,171.4446981431785,4329.70113197427,22463429.540782515,0.0020512601170338735,22772239.097189102,64640561.8929689,0.17738169803903361
1497.1902498765576,95.90414115173708,258487.53579215152,152.68879827995298,0.00014438885978806937,248.61025082393186,2914.378237932042,17073945.172040362,0.0015591164611906106,17332432.707832515,31673907.26942156,0.21087186617979684
3086.581272232936,813.5844209015606,3783429.0571452016,152.98939931473296,0.002113390133014592,555.2358808736855,4566.974785538659,27741383.815377813,0.0025332193425096753,31524812.872523014,71585719.76546267,0.4347297566525262
2171.1500491593088,130.97712632038542,427213.73620104464,152.7031869641709,0.0002386378285779145,351.62690116903593,2885.5913799516256,14237474.191920932,0.0013001025922673576,14664687.928121977,30554926.220551774,0.30579578157173365
2349.0550619861538,353.44817321188583,5660164.881967327,153.1494441630043,0.003161718227594257,354.14504292592545,2434.479188854836,4428446.988355826,0.0004043860119898966,10088611.870323151,7742944.395352724,0.33085282563185264
3327.7160034524813,90.56075858579251,498024.2366809864,152.70922556356004,0.000278191950187745,487.9164185664933,1863.6647585641897,5092004.9152124375,0.00046497915998769044,5590029.151893424,11111165.936438717,0.46869239485246217
3177.580299241407,1119.0896101469573,5421865.93766527,153.12912243317976,0.003028606537117451,518.293672987761,2766.006580982643,11413817.41353899,0.0010422588590488072,16835683.35120426,16490926.25771252,0.4475465210199165
2206.882517573344,210.64607069381415,789534.7371941974,152.73408508465354,0.0004410271470816074,378.75821146744255,5063.511145922972,4390950.372685558,0.00040096198841822755,5180485.109879755,7028973.386818194,0.31082852360187946
1127.7817322636859,138.18464316342718,180401.56966633798,152.68213924119246,0.00010077072717740165,167.835606301122,3926.953651709475,5050866.967115941,0.00046122262619245,5231268.53678228,11606643.736100914,0.15884249750192758
2497.199085965887,497.31776420183445,6255824.692802785,153.20024102145692,0.0034944485491725796,385.7657737735076,1877.2722309791648,19377554.615242347,0.001769471793063868,25633379.308045134,23106790.73545227,0.35171818112195596
2426.965969887324,1138.9862788919097,2364761.666613821,152.86841776567206,0.0013209350294844935,437.0503387334327,1812.6455546759223,10953351.437824875,0.001000211161500281,13318113.104438696,26378381.32209722,0.3418261929418766
1660.25481343481,144.15278704067967,747316.5282176923,152.73048478739244,0.00041744442755997646,298.2605582787321,3207.84539426012,10609640.225449845,0.0009688249877888158,11356956.753667537,20465347.014939636,0.2338387061175789
2088.915666646483,802.6578301877022,14183418.020895215,153.87629273559284,0.007922732326954174,310.82745228321113,4942.901282121698,49220634.4254448,0.004494608632609636,63404052.44634001,69636471.91774732,0.294213474175561
3400.4105044050834,828.441394142967,1755637.2270136818,152.81647266651387,0.000980683484924194,513.3437114681166,3856.4237784684383,5198616.874356568,0.0004747144882194802,6954254.10137025,12265487.837521078,0.47893105695846244
2317.7474465675064,173.7789395639268,571024.132423258,152.715450870864,0.0003189690486986585,346.4255403487224,4678.439851152783,24765671.200581413,0.0022614905490320517,25336695.333004672,37684502.58452357,0.3264433023334516
3671.2257394133367,609.9770764508859,1980880.5898261513,152.8356810384907,0.0011065024426220038,584.2541235928917,4335.240648621552,14012445.523065373,0.0012795539786741124,15993326.112891525,64723264.47630691,0.5170740478046953
3171.576773557991,1036.484654399741,3046881.664515373,152.92658780224465,0.0017019612497000125,511.4843241313363,3223.3442231712324,14977585.892258499,0.0013676862891510567,18024467.55677387,25475288.584516115,0.4467009540222523
2994.9819961194694,203.74296560195842,1631224.7071089405,152.80586297781508,0.0009111877475864727,516.0501882943039,1738.803025228164,8639469.51852023,0.0007889177929619491,10270694.225629171,16186284.451736296,0.42182845015767173
1575.5181089380117,894.9034731384271,1625248.303689824,152.80535332026724,0.0009078493812986199,270.48482400359467,3208.2291242450533,9209823.903041368,0.0008410000095005934,10835072.206731193,25355828.33439456,0.22190395900535376
3298.779968646903,1360.3131263571263,6546197.465387743,153.22500351904228,0.003656648221271208,526.034591225855,2650.3447530609524,11427401.5347766,0.0010434993003656183,17973599.000164345,35619558.66005051,0.46461689699252157
2832.1450468597945,326.6115917354716,2470730.971316571,152.87745464825738,0.0013801285493255655,474.0768602889204,4371.468596649244,29698369.804639917,0.002711922567770959,32169100.77595649,39258955.9383448,0.39889366857180203
3015.562700905418,454.11247994503606,2043601.1990215182,152.84102974567122,0.0011415376222456697,507.6015642829091,2877.8613276767715,19961518.567145694,0.0018227967745476656,22005119.766167212,53228240.64305101,0.42472714097259406
1594.6798478444155,280.59750074758335,1997222.1367462112,152.83707461789743,0.0011156306867354804,248.2288020234408,3421.21297257131,26360322.083393186,0.002407106949705246,28357544.2201394,44441569.27412239,0.22460279547104442
3689.9831516328404,612.1070678945259,16703943.464921689,154.09123887074824,0.00933067562996337,579.6533051698406,4840.951493507855,27249009.671496633,0.002488257933470663,43952953.13641832,38942489.626773626,0.5197159368496959
3361.9180554882914,565.5413404389225,2912595.9944136534,152.91513614804157,0.0016269504576613691,490.69910607290905,3932.0297840676553,4352644.47024834,0.00039746406439136414,7265240.464661993,8451568.26720784,0.47350958528004106
2636.983393665215,497.44547575720554,3564968.986744431,152.9707694104288,0.0019913602626855376,450.91719075996855,3055.9488095045745,20954644.45279529,0.0019134845974701842,24519613.43953972,29239505.639186397,0.3714061117838331
3646.330430258328,858.6686165818633,1950225.3520827275,152.83306681180602,0.0010893786969423669,618.7758152740702,5100.088976356974,58620657.33998213,0.005352976766860399,60570882.69206486,77430619.0115203,0.5135676662335673
1083.4471780527538,214.2346447190505,609321.1461252875,152.7187167752423,0.0003403614230923502,168.92232300214107,5339.725250262314,12714104.35395728,0.0011609952584368734,13323425.500082567,44702233.731945805,0.15259819409193714
2455.8207073892836,846.0322868416364,6343334.434554867,153.2077037038205,0.003543330719808946,368.28548204281543,2079.9285223044567,9530651.63593953,0.0008702965660098124,15873986.070494397,12711357.223609362,0.3458902404773639
2888.1470242556734,394.7218460320076,2570423.6576981163,152.88595627147717,0.0014358160054799285,408.8556306454781,5131.155719307336,33010429.882495545,0.003014365110241644,35580853.54019366,40553432.60635081,0.40678127102192585
2589.1636088390746,158.89444971153017,204357.4336622088,152.68418215664585,0.00011415226171473947,442.9805069417637,4794.691758943781,16535378.195434637,0.001509936928855302,16739735.629096847,38570358.3968254,0.36467093082240487
3167.95420373463,1472.4960413973995,1473263.2707826095,152.79239229442152,0.0008229518811579961,540.1677383261357,2956.4425865060666,8854943.683517458,0.0008085939319107035,10328206.954300068,26550996.91825619,0.4461907329203704
2446.0219168159797,264.4304077982244,2094385.5694619718,152.8453605506541,0.0011699053240790125,393.99651366041644,3326.5839524702883,9646789.151873585,0.0008809017255690154,11741174.721335556,26795398.79594945,0.34451012912901124
3547.4692825531347,595.9239450113034,1693531.8403186423,152.81117642446478,0.0009459919631680247,581.4166528626083,2254.312440244797,11264994.209575644,0.001028668988355867,12958526.049894286,27747667.57290909,0.49964356092297674
1160.5911439258714,239.89308823830342,2003601.170443223,152.83761861107251,0.0011191939587487099,180.15536008926588,2625.3456837728936,8554600.162802668,0.0007811679022239504,10558201.333245892,15363757.133696329,0.16346354139801006
1394.1638610810128,167.7635390189729,1047552.775174898,152.7560884253442,0.0005851537495293879,254.66385821304357,5231.510338617775,25340837.012443334,0.002314012123638984,26388389.78761823,48699428.98906282,0.19636110719450883
2571.0883992085924,81.72408060569774,303285.2962869203,152.69261855699276,0.00016941249405766357,388.3869270402124,4204.054191889706,12198397.19743255,0.0011139031828333867,12501682.49371947,32870132.776901394,0.3621251266490975
1846.392212271358,132.73103130745733,603734.3631273488,152.7182403438632,0.0003372406953383589,250.16851518384476,3666.4377709269993,30336327.891738858,0.0027701780526705145,30940062.254866205,53355546.18814812,0.26005524116497997
4087.7856933576754,283.08714638682306,1574651.3334338719,152.80103849645428,0.0008795863595574271,685.6187452105265,4982.13842471281,22431735.331431746,0.002048365943307457,24006386.664865617,40327250.919933036,0.5757444638531938
2327.6115564781376,893.1881360600299,6965529.899138908,153.2607634778214,0.0038908836237481204,389.60947442497866,3276.6854066917663,28618764.431165718,0.0026133378240334746,35584294.33030462,44037323.03859439,0.3278326135884701
2168.0750502393034,635.4597971984804,3756008.001076639,152.98706089357646,0.0020980729727198,341.2941418540949,5255.572519249781,12143996.1011301,0.0011089355175458785,15900004.102206739,41091612.67702959,0.30536268313229625
2041.1915411021207,299.3942476084203,642573.153928224,152.72155245007366,0.0003589357016453576,364.55698274438686,5133.0876949646645,17023502.58281113,0.0015545102690996836,17666075.736739352,23795292.64310059,0.28749176635241136
1782.1907963756958,713.12556351475,1478283.764824995,152.7928204336389,0.0008257562848910105,275.7535644547105,2999.877642177118,19510617.686383832,0.0017816225187750525,20988901.451208826,37647765.77593126,0.25101278822192896
1450.9605041787343,381.7674765283096,1477386.6126110856,152.79274392601963,0.0008252551435699029,218.85660191717946,2812.510134236878,1259065.1718658723,0.0001149722114829353,2736451.784476958,3904219.4860428213,0.20436063439137103
4464.559629275341,703.4902971672651,4196592.981061107,153.0246332334549,0.002344179860252371,682.34115108079,5674.3353318242835,4698874.698506772,0.00042908026338932514,8895467.679567877,7876896.265428269,0.628811215390893
806.3095900426663,115.72897937819442,1428422.4435391068,152.78856834472245,0.0007979041901819972,117.80626041816046,2740.4060310262603,13207268.396461686,0.0012060287974923372,14635690.840000793,24610832.091462165,0.11356473099192482
3464.3228908523674,1004.1007871716747,8599258.332549347,153.40008506788402,0.004803469930784621,555.0040273736465,4411.963146528758,23144220.124612316,0.002113426874346107,31743478.457161665,62156521.08340482,0.48793280152850244
2672.029102224695,499.0083489422166,1952795.126894583,152.8332859578437,0.001090814150508157,375.47475682083075,2473.185689895963,13386407.519142674,0.0012223869825632686,15339202.646037258,20524208.676261183,0.37634212707390075
3240.099800451251,1217.232326676715,4255828.62816322,153.02968474897847,0.0023772683707590225,474.88482098583313,3703.4165476407497,6727945.795985256,0.0006143659789710599,10983774.424148478,48107394.76683572,0.4563520845705988
1360.307629712681,404.0167057726559,4012911.155827275,153.00896915891605,0.0022415768112191703,194.70411441649526,5427.154210291326,28539660.0256214,0.0026061143628126424,32552571.181448676,57467005.77050806,0.1915926239031945
2398.970445391778,292.3901474841012,2833487.4096538904,152.90838990209826,0.0015827610992928953,368.1896705054226,2119.171283824151,9824683.489956673,0.0008971462424667352,12658170.899610564,20276360.818302967,0.3378831613227856
3673.131727765133,1680.6656969832657,2345388.830829646,152.86676568309196,0.0013101135341224701,610.3751148513059,4782.633499791115,32375360.66066645,0.002956373423623681,34720749.49149609,69598896.40635335,0.5173424968683286
1766.3959080932013,363.9970078672653,548888.2637476053,152.71356316152492,0.0003066041475103809,299.7741471289144,4382.840830089399,20719038.99577263,0.001891970158792479,21267927.259520236,68699484.92662893,0.24878815606946497
2654.8080819449224,856.4786092530709,3758299.1878378573,152.9872562820977,0.0020993528094555014,385.9648335612515,4288.5648118537465,35219324.297853775,0.003216071488545861,38977623.48569163,40130650.04387307,0.3739166312598482
4371.450567622824,1259.7743676862376,15266479.786992999,153.96865440617586,0.008527721085919815,665.373773924358,5292.275814245435,25072160.916273843,0.0022894778218097702,40338640.703266844,41378583.806513205,0.6156972630454681
2646.8065671649597,691.8089294176508,4114092.1342199626,153.01759770115444,0.0022980956141764874,398.1528299987399,3617.6792311875856,2986469.1675242744,0.0002727110338593694,7100561.301744238,5021924.5707668625,0.3727896573471774
2889.2287333978147,51.98566350164801,210105.41419818203,152.6846723346776,0.00011736303299270112,490.6738209767182,3126.3965922674524,26429085.594665304,0.002413386126619155,26639191.008863486,39235549.13490882,0.4069336244222274
1970.4507710984676,302.13000753965105,1760826.7726032883,152.81691522216047,0.0009835823193617976,337.9644626032005,3160.6603024645815,15952127.414622685,0.0014566770709722324,17712954.187225975,41056989.11762808,0.2775282776195025
4459.386301637079,1869.7664016920444,12525866.0924063,153.73493951827362,0.006996838425491481,709.68527144873,2825.8884773797467,30739352.866235383,0.0028069804943837186,43265218.958641686,36708301.861145996,0.6280825776953632
2195.233550645348,425.5638788372755,1046371.5128675574,152.755987689298,0.0005844939068133659,341.3535599148397,3936.6671306705093,15435565.43655943,0.001409506936881462,16481936.949426986,37666272.553008154,0.309187824034556
2997.093085630559,486.3463878452189,4466047.424079443,153.04761185137144,0.00249469473778019,517.6273219356503,3601.7604162571806,37373434.06545403,0.0034127751773556855,41839481.48953347,61048729.22229977,0.42212578670852946
3105.1798864587295,331.5676700338108,2976181.392263667,152.9205586029319,0.001662468700607267,468.0454002309618,3112.265253257754,4499481.004865969,0.0004108725213074274,7475662.397129636,6015288.330299309,0.43734927978291965
3654.1810685555974,771.8747824491725,1214597.3535648393,152.7703337036883,0.0006784633790770656,598.8697064927621,3632.2010810757606,11565867.098377269,0.001056143357573402,12780464.451942109,29400364.24151296,0.5146733899374081
2826.381838606436,635.4468482956507,5047184.68316164,153.09717025124024,0.0028193128899172137,439.37525572431656,5606.1759774272705,16571212.189215267,0.0015132091292173525,21618396.872376908,20863362.882689424,0.398081949099498
2145.6203801920897,846.4706599407299,2236483.876280187,152.85747845326645,0.0012492801861450076,319.737917753187,2307.469698590948,12155184.921816962,0.0011099572307081513,14391668.798097149,23002641.58305741,0.30220005354818164
2686.3521823618644,823.4214522290438,4845137.114197135,153.0799399772236,0.0027064508982688196,425.1001763555909,3822.9742297678763,18667878.330764085,0.0017046673225037446,23513015.44496122,31725689.331085123,0.3783594623044879
1883.4922639805363,429.5080837062727,1476427.1293916595,152.79266210291792,0.0008247191846979529,290.7232467954412,2519.3165549041846,8762262.423180258,0.0008001306929123582,10238689.552571917,20392269.783676025,0.2652806005606389
2964.4729751396353,809.9178029681498,7046073.864550833,153.26763213059235,0.003935874773100645,506.4697452946037,2045.8789727324825,7737522.0900696665,0.0007065559797631683,14783595.9546205,22234924.768299457,0.4175314049492444
3244.904597825871,574.6875225274059,1079698.1419896672,152.7588297277089,0.00060310986817802,545.2666977990101,3376.9435203185044,39115183.937576145,0.0035718240011359784,40194882.079565816,62459146.52274509,0.45702881659519307
3838.4994714780864,108.37209213612533,1617069.4440898267,152.8046558409916,0.0009032807423956513,686.2950014097273,5090.681828894051,24981076.240698215,0.0022811603758052744,26598145.68478804,46876800.60093432,0.5406337283771953
2690.398333852243,780.912558378251,12250486.408979513,153.711455605904,0.006843013760882588,406.868081073097,3789.4618215187306,25285409.858421765,0.0023089507633405164,37535896.26740128,35460246.699233554,0.3789293427960906
3503.4464595310224,495.0196962917215,3840887.8388926596,152.9942993021926,0.0021454861021912297,544.9151443206472,5789.237899274013,27452004.130902052,0.0025067944814096683,31292891.969794713,35380576.880880885,0.4934431633142285
1633.94745959747,501.2231192418623,11230188.925163262,153.6244463668682,0.0062730845769416455,269.6950256199318,2747.641901584667,12866754.199690145,0.0011749345609754604,24096943.124853406,16079445.509685542,0.23013344501372818
3629.021665526231,510.7108235447895,1896653.7818427812,152.8284983191512,0.0010594540898609672,531.8871053746923,3402.7894474105133,6225119.673096337,0.0005684501418629171,8121773.454939119,10057405.390528264,0.5111298120459481
1581.4636416621147,644.6269006141985,10518812.342198536,153.56378137833946,0.005875715886109134,262.21720158724384,3280.4653662107066,43046530.32352978,0.003930817004991927,53565342.665728316,60674709.463787526,0.22274135798057954
2518.79609821941,749.3240200013712,3168899.5664548017,152.93699328198454,0.0017701193745425226,335.1370265495175,3030.942293384364,31894253.51395279,0.0029124408664742032,35063153.08040759,45250655.169400126,0.3547600138337197
1231.1341083494501,388.23317799489456,605816.5736553723,152.7184179112457,0.0003384037997917755,173.7624509902084,3752.7007427520693,15799888.038698742,0.0014427752507044074,16405704.612354115,30375732.58296318,0.1733991701900634
2288.4711269708673,770.1920424764028,1131192.7252819058,152.7632210984393,0.0006318742886519679,354.3981424836066,3315.188830702647,16245276.224726513,0.00148344611180058,17376468.95000842,44243504.03419482,0.32231987703815035
2875.524392476225,573.0391682539388,8151170.755079295,153.36187291921613,0.004553172158407115,473.6025408403678,3035.717396839857,11019520.528505875,0.0010062534275063649,19170691.28358517,19367208.306479592,0.40500343556003165
2448.8495815492583,1473.1821529593458,3472432.7281381153,152.96287807523268,0.0019396703240264213,328.4884794408455,2835.0209379407643,2393882.98134249,0.00021859870842780212,5866315.709480605,6093639.751422011,0.34490839176750115
2054.6524031220565,763.9490722636732,2410705.0710805864,152.8723357412868,0.0013465986103817773,303.38497540077884,4369.5666801540265,8948792.42623639,0.0008171637801889291,11359497.497316975,28358598.295224406,0.2893876624115573
2568.731852103508,180.86604181751375,3561510.6719171605,152.9704744912055,0.00198942847849648,436.9800145438596,3908.915577112477,43375882.190798976,0.003960891947403253,46937392.86271614,55069497.5032148,0.3617932186061279
2439.6353559211902,450.18288387570004,6547164.958886644,153.225086025247,0.003657188654614396,394.4393675622778,2779.369910116877,15188060.124324635,0.0013869058565424371,21735225.08321128,22975273.191374026,0.3436106135100268
3106.848069689157,1417.4028026488816,3238626.9385802913,152.94293951402454,0.0018090684701976834,500.4967595823872,4456.085741906956,10561871.641820706,0.0009644629739534948,13800498.580400998,36979687.38047232,0.4375842351674869
2778.1697016780454,397.0761290173036,2216383.5437342976,152.85576433099632,0.0012380523175024027,429.3092244155965,2604.258740538438,12087352.34971009,0.0011037630630034365,14303735.893444387,32482638.855487317,0.39129150727859796
2757.996424129444,1295.7182390441492,13766551.298589732,153.84074304850404,0.007689874249163786,461.1558171508238,5415.390634012863,23300404.56069581,0.002127688939898379,37066955.85928554,54826293.295209356,0.38845020058161184
1553.5408500620756,525.4520228532591,2082272.9826371965,152.84432760979215,0.0011631393398106038,275.188772652899,2946.821176524949,3608938.533663977,0.0003295521578969792,5691211.516301174,13660485.93541121,0.21880857043127824
2389.7809872368034,1183.5149683039504,1165791.2417875228,152.76617160124917,0.0006512007151013854,322.7667983566011,1605.5756753905396,5582168.811761367,0.0005097387391060672,6747960.05354889,17001106.478178117,0.3365888714418033
2413.9431308679145,133.04264020726902,1368171.576511058,152.78343025296536,0.0007642485867704885,366.0325504366719,4631.205720602426,29743054.35037925,0.0027160029610322134,31111225.92689031,43383752.5922039,0.3399919902630866
1138.3069078939816,230.63983753142992,1898254.4218799875,152.82863481901896,0.0010603481932816017,172.33565686972392,2531.187793955,12472818.079498671,0.0011389620728680329,14371072.50137866,22731900.705114197,0.16032491660478615
3086.339940448368,365.14414124472233,1647497.4165321968,152.80725068687684,0.0009202775396808249,537.2092668407718,5143.366471767066,25722196.58638642,0.0023488361776801653,27369694.002918616,45607643.63799144,0.4346957662603335
4044.0175137871365,402.2884427607156,1042948.6218405394,152.7556957909563,0.0005825819100471197,643.1070980250684,3643.0165370300383,13340345.041462531,0.0012181807627077697,14383293.66330307,61748007.756889805,0.569579931519315
3223.5681492307826,419.1059693404711,8916613.753983574,153.42714860000171,0.004980741872768313,493.367009465022,2204.341161748515,3600123.439104618,0.0003287472028092145,12516737.193088192,4738046.463488654,0.4540236829902511
2255.9964432070215,500.8003215399131,2260007.9002880827,152.85948454213803,0.0012624204986699805,381.1589855915256,5428.168832647308,12172242.612761088,0.0011115148629058018,14432250.51304917,62037327.08712105,0.3177459779164819
1146.6667346467682,81.98641716638105,495428.7621503947,152.7090042258939,0.0002767421409852755,160.76284965682945,2992.203794823066,14026393.302939283,0.0012808276276743498,14521822.065089677,27854024.324702132,0.16150235699250257
3676.631267345665,1743.288700474731,15702499.892697226,154.0058374613175,0.008771278074903188,572.8697609176642,4259.584128421552,16600524.680585686,0.0015158858150889323,32303024.573282912,27644808.752148926,0.5178353897669951
2029.8770938965206,431.1111072032237,1266268.049920618,152.77474009304208,0.0007073261747567727,344.68455566140346,2203.693377148534,5155084.235012113,0.00047073928190851234,6421352.284932731,8775448.738603482,0.2858981822389466
774.0642729937425,126.04454494184452,457414.20178812265,152.7057624086574,0.0002555075425385578,132.0598372285122,4211.275610473812,20395788.4933621,0.0018624523657857577,20853202.695150223,56202406.25075161,0.10902313704137219
2488.321573381269,397.45357686209775,3125113.8451440465,152.93325930993,0.0017456610564434705,450.87325875392037,3319.489806556752,17605661.765796043,0.0016076704471416862,20730775.61094009,26869164.793005656,0.3504678272367984
1030.3716255406857,53.12256436483683,490672.65092806565,152.70859863279503,0.00027408541916584817,160.28193720774738,3442.730399502178,17524228.550908636,0.0016002343294466066,18014901.2018367,28458850.031043403,0.14512276416065997
2864.8042200341088,994.2214299658705,10047629.296085136,153.52359968727464,0.0056125171884569,394.5036180719756,3447.589694759858,39370107.97081116,0.0035951025259622544,49417737.26689629,58435582.99852147,0.4034935521174801
2256.7806664486498,716.2658166522061,2019643.5157410123,152.83898667507233,0.0011281550714723476,385.3628825737313,4296.134390149521,7086722.398695751,0.0006471278568815024,9106365.914436763,50266068.90500579,0.317856431894176
3357.2438816678555,562.8461898643008,1217835.8192699505,152.77060987455133,0.0006802723574836911,577.3734381951606,2380.596679705934,7186938.022069185,0.0006562791002816432,8404773.841339136,19929487.793867484,0.47285125093913455
3356.2009795799754,538.0670465896103,6420576.851944075,153.21429080617537,0.003586477653528375,544.5768299727213,2834.9939823126915,5857066.11403901,0.0005348411337078619,12277642.965983085,11289385.639587332,0.4727043633211233
1441.2227451142203,249.7676355277062,2055119.731376816,152.8420120265755,0.0011479717729219185,233.7730186042877,3174.126482160564,8071352.268651832,0.0007370398615740326,10126472.000028647,14714197.96769047,0.20298911903017186
1722.0222132337,184.27927908221665,1386112.2440850877,152.78496020266942,0.0007742700855901674,247.36641441298968,3080.840282766658,12320136.443724055,0.0011250198674047326,13706248.687809143,19655082.37935726,0.24253833989207044
1687.9230655492931,637.9222431968782,4264468.637734279,153.03042155434156,0.002382094603972318,287.9950804097663,2069.2521450633385,4399574.412283422,0.0004017494972197088,8664043.050017701,6581327.280405496,0.23773564303511172
3782.6138054062576,879.1780960885656,7243286.499933434,153.28445008967296,0.004046036013453769,583.8215241596944,4285.337269862643,4491629.003361403,0.0004101555115785272,11734915.503294837,13629661.879133701,0.5327625078036983
2415.8800806824424,160.80638421892615,1976185.7253181434,152.83528066840776,0.001103879932677465,360.401516505125,3826.885689926777,19919404.91066497,0.001818951143417987,21895590.635983113,40522095.65172678,0.34026480009611865
3109.8395249732334,867.9841076324046,2526926.2676919727,152.88224688782728,0.0014115187467067525,523.1564988599728,4109.343625333999,32156547.536460605,0.0029363923858239027,34683473.80415258,55227911.82084482,0.43800556689763853
3464.8953228932396,2167.890822103658,11137095.114703638,153.61650748459562,0.006221083194730248,624.4970982399091,5512.4361019749085,11048358.775847625,0.0010088868075301006,22185453.89055126,32259267.80204099,0.4880134257596112
1205.1980907632117,211.29267672617434,440559.5047225099,152.70432506867652,0.00024609265727559837,196.18947394613224,3858.2704291166037,18840214.590993945,0.0017204043005411582,19280774.095716454,36143125.533373535,0.16974620996664952
1317.36546189945,280.1037243370343,1404112.686112789,152.78649524983751,0.0007843249738930247,212.05331622382704,2292.3209649509045,19476921.486293644,0.0017785455321904747,20881034.17240643,38854134.00853372,0.18554443125344366
1080.7916710980007,96.76750529689284,217860.57699473636,152.68533368180846,0.00012169499859515653,161.243069889214,4111.244839176011,35131559.84217012,0.0032080572302016384,35349420.41916486,62417780.21541623,0.15222417902788743
3081.2725672015586,599.2735761789601,2780282.497004938,152.903852677381,0.0015530413039110957,471.90005706378554,3074.8610789075065,15658931.701373031,0.0014299037471579665,18439214.19837797,27001526.672006343,0.4339820517185294
2186.832438219063,177.098868220339,1284772.3033236107,152.77631810438982,0.0007176624876543691,295.2753560760785,2883.0389270118103,11786251.400249034,0.0010762678683044627,13071023.703572646,40616764.89570793,0.30800456876324833
2309.8782604838825,550.6765459782407,1747778.1359502594,152.81580245655667,0.0009762934659076627,409.2768858708614,3546.5582427886684,21540251.268066347,0.001966959597903573,23288029.404016607,33933686.78729075,0.3253349662653356
1486.5517210946539,193.08912426586204,862324.0511227904,152.7402924338976,0.0004816866164472078,227.3199173669794,2252.9322627265046,11577759.329896288,0.0010572293030730955,12440083.381019078,18147210.262103442,0.20937348184431745
2489.400038720722,342.85532445017486,1661805.0996165099,152.80847082182498,0.000928269685376959,380.1360564416362,4877.897222372309,19044236.73167582,0.0017390346917471318,20706041.831292327,39291117.62294764,0.350619723763482
954.4811668257204,203.8816742502104,2114163.1925330763,152.84704715280753,0.0011809529300526034,175.23895500394252,1861.8577151462239,10491378.003164645,0.0009580258095295474,12605541.195697721,20234953.66896633,0.13443396715855216
3438.5380074329305,1337.6495912430519,5403296.386028643,153.1275388533094,0.0030182337492017375,502.2666414220959,3162.357860423112,1242166.9239962786,0.00011342913891515485,6645463.310024921,6150260.727638911,0.484301127807455
2877.744872731076,523.3680809811551,8882251.28146419,153.42421822662266,0.004961547298409474,442.46930831000765,2581.226533102825,12207677.906220509,0.0011147506557341736,21089929.1876847,28053163.720053766,0.40531617925789803
1077.50073519141,143.55131480554567,845400.001181085,152.7388491796211,0.00047223299127874263,148.5264940945972,4089.8060524515813,22538343.810313955,0.002058100953737262,23383743.81149504,38270746.19103265,0.15176066692836762
3460.6857274800045,992.2725564316687,8684728.178946808,153.40737379143133,0.004851212633850688,503.85895749455796,2770.9287331690925,9307285.80325466,0.0008498997951933748,17992013.98220147,15951042.025397588,0.48742052499718375
2139.0319034977833,985.2289217119188,2462470.285508597,152.87675019098148,0.00137551420302362,309.3480861834569,4894.198771527847,20406414.683927424,0.0018634227020767093,22868884.96943602,65316491.50324545,0.30127209908419483
3988.067966749331,1672.6373961046208,4119149.7298889514,153.0180290043356,0.0023009207425512823,634.4226704031107,3638.724513574601,35115005.74037201,0.003206545583516962,39234155.47026096,57035723.98894864,0.5616997136266664
1890.3344543347011,624.8115552337357,3699826.9808320715,152.9822698714508,0.0020666907498596565,305.08620548970714,4786.968322603917,4992567.27535689,0.0004558989585697658,8692394.25618896,12646863.24557501,0.26624428934291566
2674.848896169508,506.26972715619934,5165618.347475744,153.10727007327415,0.002885468891205223,374.72232891181426,2974.682951107522,12909891.048427051,0.0011788736254548131,18075509.395902794,27835876.50871269,0.37673928115063493
1450.9988873478192,303.3510256213408,1216011.2528870972,152.77045427862458,0.00067925317077977,202.48862786108305,2686.627912745369,11269897.739085017,0.0010291167567830794,12485908.991972115,22491469.743768815,0.20436604047152382
2775.5864707182127,1108.68608012373,8100969.081358927,153.3575918056213,0.0045251299458271,469.2318776750934,4541.5812325655015,20594013.27673191,0.0018805533681993012,28694982.358090837,42276971.355813146,0.3909276719321426
3652.1909020129747,1982.1395745109892,4602783.873386766,153.05927250386878,0.0025710745134877033,578.8305856356998,4032.839061824338,21558535.664985202,0.0019686292474152636,26161319.53837197,37135809.87988574,0.5143930847905598
1608.2471466251386,243.96049066276697,353455.2385909314,152.6968969645862,0.00019743698174790048,253.08178701327364,5021.044482019398,32361525.32990817,0.0029551100429747504,32714980.5684991,67009335.860067114,0.22651368262325897
1286.8018176330431,459.5015735088107,1869935.9500284572,152.82621986776647,0.0010445297444381385,224.62426248704236,2740.667375293096,19873080.484436803,0.0018147210035903262,21743016.43446526,34184049.06889396,0.18123969262437228
1996.9090459387246,436.9328444196395,1992019.4618663432,152.8366309426072,0.0011127245183917278,338.13647167126715,2398.8594744525667,14698393.055762056,0.0013421916455381134,16690412.5176284,32239698.50292003,0.28125479520263724
2329.343170976283,582.4269653250467,3209284.1243383964,152.94043720859023,0.001792677832721079,336.00247531624416,4575.597666408166,11178272.51809232,0.0010207499505838962,14387556.642430715,40573081.64717914,0.32807650295440605
3716.563973789535,2040.470575730079,14246460.218831955,153.8816688673158,0.00795794714321496,551.4014736433681,1832.0057928340932,16707828.621284755,0.0015256843319875635,30954288.84011671,28716044.964775845,0.5234597146182444
1246.7805252172861,170.10337639937774,2785200.908659944,152.9042721111855,0.0015557886853221348,182.60500088272252,3340.5517296802045,26253664.33043778,0.002397367439787017,29038865.239097722,44895660.51920369,0.1756028908756741
2420.850684720372,333.3705836074961,1132673.223144101,152.7633473527861,0.0006327012817120004,406.9857218754745,4405.967216289542,15468313.499667807,0.0014124973438290017,16600986.722811908,36421312.65004346,0.3409648851718834
3274.5245037298537,579.0649815197852,838992.669950075,152.73830277328028,0.0004686539125122735,607.4415656523959,2798.136757219527,5585510.637439692,0.0005100438997103099,6424503.307389768,23130406.711944524,0.4612006343281484
1609.2982663133848,180.229870793216,847233.9667509956,152.73900557709456,0.0004732574282857449,275.9137067657815,2176.7636374914764,12083817.406529425,0.0011034402677708869,12931051.37328042,17993912.599533267,0.22666172764977252
1320.3850190298942,180.1621790008006,1424524.5586786259,152.7882359397122,0.0007957268660456762,191.61943936466253,3697.7220823511807,18239525.648071963,0.0016655520675318536,19664050.20675059,34601783.43024596,0.18596972099012596
3290.3915016749897,347.2199330256311,1167233.244469449,152.7662945727923,0.000652006205093203,498.1698023536044,4189.009823056251,14178690.678655181,0.001294734744224286,15345923.92312463,33742178.27437933,0.4634354227711253
830.2187687031518,325.90611273195447,3165537.965879179,152.9367066103886,0.0017682416140822887,131.94245208484494,5432.787957466685,46949152.91308377,0.004287187079973304,50114690.87896295,72504339.32662514,0.11693222094410588
1410.5056925501417,425.10944853594344,2533881.0014869645,152.88283997573038,0.0014154035997220316,209.64170333908828,2760.627166560254,18428845.664500732,0.0016828399263760026,20962726.665987696,37101709.57353961,0.1986627735986115
1468.8128386821957,32.50346101747191,25163.690553015706,152.66890081813898,1.4056215809077344e-05,195.37003859392684,4399.236271530827,10628598.417683199,0.0009705561652810477,10653762.108236214,41186275.94927179,0.2068750477017177
3357.5034516833416,1297.5851904387773,16485185.815008609,154.07258358936795,0.009208479534340785,519.837388383306,5324.1146677838215,28784449.212758392,0.002628467418731537,45269635.027767,49845119.09759411,0.4728878100962453
3654.449214699579,1190.9712430054362,11828661.055844532,153.67548305518773,0.006607385835604829,511.0395671081302,3407.0858479717062,12876713.161784109,0.001175843968940674,24705374.217628643,28522881.006537564,0.5147111569999407
3575.992805689312,817.2775935253962,9556189.881208155,153.4816905674357,0.005338003461705876,481.62758516817377,2952.754363499447,17563526.727621034,0.0016038228635311255,27119716.60882919,34548117.17145889,0.5036609585477904
1476.689496212018,291.967622431339,3866508.525054039,152.99648419085676,0.002159797591720247,230.57986439190617,3286.0315365505508,21711167.124619476,0.0019825668710173965,25577675.649673514,40986317.52981849,0.2079844360861997
3876.135780690514,954.7770890122897,2657035.7876215745,152.8933424070263,0.0014841967780581111,564.5299708599231,3487.950935723311,14682978.048110617,0.0013407840158464067,17340013.83573219,36933186.119968556,0.545934616998664
2350.5663968038816,1051.6975208715405,16733381.71405851,154.09374931470853,0.009347119576531338,329.129176450277,5284.492918548527,38437568.77146487,0.003509947208795884,55170950.48552338,60395287.21100685,0.33106568969068756
2275.6663510306857,616.5154900705407,5140922.07546587,153.10516401708105,0.002871673771275951,353.94025760406606,4043.989305209341,37766952.72306704,0.0034487095446438494,42907874.79853291,54349576.262167245,0.32051638746911065
1663.8644393778432,375.14257006781787,1414859.631201856,152.78741173108833,0.0007903281227212844,281.25927398538516,3705.6060027212948,3376494.956723135,0.00030832644799485556,4791354.587924991,7162078.656863898,0.2343471041377244
3654.0297053940517,1491.525870218596,11326156.71098689,153.63263033688568,0.006326691336466794,499.9433081374878,3626.794409827441,34562916.33806494,0.0031561312436258274,45889073.04905183,45515425.20899216,0.5146520711822608
1120.8574384843578,357.52072812659486,1327372.179826526,152.77995094961028,0.0007414584032932048,184.5769205970457,3210.4055280425114,16630696.677550104,0.0015186409871748338,17958068.857376628,26876345.04824704,0.1578672448569518
3143.755203423528,167.5972907083802,2894889.2705331165,152.91362614865892,0.0016170596377274027,512.9308621062871,5713.571540044264,31199314.328050874,0.0028489821219749903,34094203.59858399,45156481.51524572,0.44278242301739834
2472.261013724845,653.3462446322063,7038313.365861024,153.26697032842557,0.00393153982691552,391.57512381405036,3872.731023890449,25890954.201071452,0.0023642463697802056,32929267.566932477,36050734.35476067,0.3482057765809641
3221.380687292548,957.0162446977795,4340346.822227473,153.03689231722876,0.0024244794892172017,586.3993835260696,2956.7306052277577,16965654.2927147,0.0015492278214619363,21306001.114942174,44889703.31192667,0.4537155897595138
2508.628551796541,403.0458514266194,427607.37719956564,152.70322053320766,0.0002388577129710523,421.65653641483436,2783.7146140057234,4882696.966610493,0.0004458660923963921,5310304.343810059,23011188.07928388,0.35332796504176633
4213.532038858383,2537.858717472478,36105333.791804,155.74575653383636,0.02016812130802159,681.8546136746583,3343.38659977553,40310884.94241556,0.003681010079720797,76416218.73421955,56669372.64729705,0.5934552167406173
1845.5093716782737,168.37653493040324,988053.2431702625,152.75101440616368,0.0005519178352413334,305.77038506590077,2793.6177520641972,18735508.83880281,0.0017108430386196972,19723562.081973072,31927632.242910944,0.25993089741947517
1417.0489554390738,327.34826030386506,739369.2803074741,152.72980705956888,0.00041300516490583306,205.54064470565908,4468.79010594269,34216306.29647393,0.0031244803617696847,34955675.5767814,75744615.299117,0.1995843599209963
2108.3269788629277,249.47725098175638,1941321.2251622279,152.83230748296327,0.0010844049301046432,333.7225221306855,2783.2628498764693,3663663.5257501644,0.0003345493999017047,5604984.7509123925,10357902.26148577,0.29694746181167997
2951.70041771433,745.7118331287082,8205528.566795237,153.36650846121057,0.004583535953048834,498.9599913047201,1988.5061326649711,13287933.056337783,0.0012133947341743357,21493461.62313302,30189916.582678072,0.4157324531992014
3106.1411629653335,1011.6104335846362,4213694.665296322,153.0260916360827,0.0023537327103717587,472.70464531664004,5296.252782287506,53505997.99719188,0.004885928905667479,57719692.66248821,77073300.46351834,0.43748467084018783
1718.1427507631722,373.41929366713833,4456288.823301072,153.04677965444728,0.0024892436693750852,264.3722632313933,2886.7606151971186,13874555.879239216,0.0012669625118894396,18330844.70254029,23252652.876896854,0.24199193672720734
2965.5319329382837,447.12297599544866,2296312.639874862,152.86258054875861,0.0012827000062980431,440.245930146486,2693.7088794153037,13236666.825384265,0.0012087133307975859,15532979.465259127,25773571.77090906,0.41768055393496956
2648.946362035778,348.4834502737806,376961.96968533355,152.69890157874744,0.00021056763460380878,439.58135396793597,5376.9681299654385,10315089.563090002,0.0009419279360698106,10692051.532775335,47679053.72296929,0.37309103690644757
4157.44899857328,1511.5197208940388,12611921.663976789,153.74227819147032,0.007044908309477904,749.185126493771,3220.346272213522,3999885.838544173,0.000365251720731172,16611807.502520962,11984506.579106662,0.5855561969821521
3263.6656726939295,1288.5691696649283,4369606.400850723,153.03938752447067,0.0024408236320105914,516.3903039978821,4084.761858929436,5154884.167067457,0.0004707210125968373,9524490.56791818,15201425.944414075,0.4596712215061873
1714.3189703075636,182.87187136668012,1382111.2429745363,152.78461900408027,0.000772035161625384,312.19898630053547,3330.6515311858843,14490687.50557626,0.0013232249018176503,15872798.748550797,19173124.847978123,0.24145337609965684
3551.798014872404,830.2698616276385,2866337.389558622,152.91119129267227,0.0016011108086047,540.154158429839,2876.575599001095,16125125.976232387,0.0014724745274153793,18991463.365791008,37366727.76005985,0.5002532415313246
1383.1613272130458,440.99996702443315,1754396.463638708,152.81636685631753,0.0009799904054359487,217.75577575548988,2003.8457511943502,17850616.36256634,0.001630038607529965,19605012.82620505,31409575.73324827,0.1948114545370487
3021.7629480286564,1605.2776796369426,17262773.031967722,154.13889490847313,0.009642832901896714,492.9918195945579,3743.785228579298,19821827.22480682,0.0018100407846969424,37084600.256774545,46081149.237549916,0.42560041521530373
2722.0316498645316,1065.2635428483054,2128764.0491175014,152.8482922890946,0.0011891088398829908,431.9113502381645,3633.00078432174,11680432.719513472,0.0010666049787160354,13809196.768630974,29225266.055081207,0.38338473941753964
2990.9267117475524,490.35240777612455,4411303.51937964,153.04294338402215,0.0024641152749997897,471.38726271752984,2714.759988961271,18230865.042289898,0.0016647612196696495,22642168.561669536,40530190.362351656,0.4212572833447257
3059.483425209447,733.3161367518039,1128338.0282034434,152.7629776547139,0.0006302796800186083,516.6233082907627,1890.2838226272468,6308294.201212671,0.0005760452685094694,7436632.229416114,28698684.899815343,0.4309131584802038
4455.007338160682,1068.4567068319468,4276562.887921018,153.03145293148611,0.002388850345556248,767.2613001794604,4387.352146630754,20562858.266773358,0.0018777084317545905,24839421.154694375,41099405.11119078,0.6274658222761523
2208.7416166873404,941.790317799911,16188511.956643347,154.04728374587364,0.009042760131248384,294.7765017155933,1677.1081382622383,15631142.50378439,0.0014273661616751058,31819654.46042774,25462207.011859424,0.3110903685475127
3721.8656278586295,1057.011554635635,4647742.60090329,153.06310650790317,0.0025961880625171574,501.6974581458335,5026.7205389151495,34460713.15569973,0.003146798505210303,39108455.75660302,62697744.026495054,0.5242064264589619
1731.1357561388415,83.53573619485476,825344.7880722113,152.73713890506002,0.00046103032595601334,302.1020837123822,1957.5077324010642,13112587.332615307,0.0011973829453639337,13937932.120687518,33179152.884936802,0.2438219374843439
3008.370854971749,1340.0343228451034,18973574.28723613,154.28478913807137,0.010598471408083343,449.8658501662069,4240.967455070375,22650885.530720256,0.002068377761299202,41624459.81795639,35194486.76769524,0.42371420492559847
3702.7966581087103,1163.9550580048963,1467046.0503153726,152.79186210040422,0.0008194789965889626,602.1391006256578,1866.5555874195725,7780632.077441283,0.0007104925913825421,9247678.127756655,18519471.95331615,0.5215206560716493
1655.7526303884963,583.109183541206,8337072.9053180935,153.3777263393058,0.004657015461423164,263.813981784933,3797.461836250712,22996594.891469818,0.0020999463970012176,31333667.79678791,40210532.592437506,0.23320459582936567
2838.42235064679,1277.025863786077,5452163.687379626,153.13170617389162,0.0030455305931342824,436.49636226461644,1987.0960639716536,14204578.953893606,0.0012970987459631552,19656742.64127323,16635244.050267706,0.3997777958657451
3993.3480912006403,1120.3019712363628,10811483.764103934,153.5887399008404,0.006039199563463216,636.2183993181266,3997.818781930566,12919437.615329621,0.0011797453753319316,23730921.379433557,33468281.836981002,0.5624433931268508
2012.205202707444,291.9886327518195,1185467.7915123547,152.76784958403906,0.0006621918623945788,293.7857386832343,3230.308436985131,3876311.6344651543,0.00035396747600525887,5061779.4259775095,9547614.387932997,0.28340918347992167
1553.514787525144,469.6252094136938,780343.7139150962,152.73330128977594,0.00043589312246616885,254.4564584908796,2799.873584031273,1809611.9947915627,0.00016524568991047907,2589955.708706659,5445289.023651858,0.2188048996514287
2615.5678253496617,589.1225337438302,1195361.1975263548,152.7686932769251,0.0006677182318166608,383.7326970232162,4506.257719985849,30382954.041518915,0.002774435744546149,31578315.23904527,44921860.19908179,0.3683898345562904
2203.310328438039,640.1657324877218,4062728.682905927,153.01321751313677,0.00226940444287016,321.380352350096,3583.866571679161,42067768.761177115,0.003841440867955736,46130497.44408304,66286346.209712245,0.3103253983715548
1332.6904775770913,550.3891076858296,422890.3222094098,152.70281827075803,0.00023622280761848025,195.76366149476107,3609.7060379435798,2064321.488377759,0.00018850462393365223,2487211.8105871687,13433507.487578504,0.1877028841657875
4316.902111562997,342.4423653708503,6135490.941863992,153.18997916325813,0.0034272311762388874,673.3279442861182,2538.7027808178123,19773766.740083326,0.001805652115756626,25909257.681947317,27591009.093350586,0.6080143819102812
2205.307317776795,543.7002546981531,2188412.2921758243,152.85337899010153,0.0012224278228549768,334.99342868762994,2478.32313140556,9334514.962844014,0.0008523862405059478,11522927.255019838,23191142.64221221,0.3106066644756049
1723.3464567043502,268.4950351003122,599320.1557094259,152.7178639077409,0.0003347749579711845,277.74624029433494,3151.925424209232,18336247.22181951,0.001674384249916333,18935567.377528936,24643880.042392842,0.24272485305695074
2669.406665531567,488.51992692712344,2982896.189143579,152.92113122942177,0.0016662195269756541,384.7461739473264,2537.5042258235,6589873.155167987,0.000601757801717991,9572769.344311565,16188718.018104918,0.37597276979317845
2556.2307171742473,765.1637740335088,2460365.2790973447,152.87657067960473,0.0013743383649909013,359.36056089924443,3175.076390653267,6155839.162057135,0.0005621237548379779,8616204.44115448,19144413.903089184,0.36003249537665455
2050.888460896632,620.8467768743918,5060400.232899832,153.09829725090887,0.002826694979549904,328.95888759619174,2486.2323098516194,8145894.474207288,0.0007438467230558934,13206294.70710712,14990965.426579792,0.28885752970375095
2416.15409293147,722.5073582446173,2654039.1045453786,152.89308685497582,0.0014825228572974414,376.2958785755356,4614.321706588016,9642575.323707119,0.0008805169375898596,12296614.428252498,18374944.54513631,0.3403033933706296
2435.715659890599,181.5888144884573,1011214.7665750755,152.75298958159863,0.0005648556581239195,432.6596760771518,1455.8279404630243,9485526.105801119,0.0008661759040216292,10496740.872376194,17033626.26107238,0.34305854364656324
2694.085749947362,643.8334719398074,2731359.812869649,152.89968063384885,0.0015257135236432795,422.9109564052725,4586.480208180106,19698991.067309998,0.0017988239350905423,22430350.880179647,46434269.6733626,0.37944869717568475
4021.413177046394,2085.598923563066,25013540.585858826,154.79986722047465,0.013972343360338702,540.2786109199641,2823.7341710130804,21996190.1101048,0.002008593897812326,47009730.69596362,36680317.413407885,0.5663962221192105
3281.695555674807,892.656200712514,11196741.171477342,153.62159399915993,0.006254400956462902,481.05180890207964,3421.9802655954595,3606923.427204017,0.0003293681473697625,14803664.598681359,6613895.758597201,0.462210641644339
4175.840045552207,1416.9790026814678,6173824.394396867,153.1932481750781,0.0034486439050420703,577.824042434523,3687.553973813658,3105339.5062036966,0.0002835657425933463,9279163.900600564,7127188.263536187,0.5881464852890432
1920.8957584617947,604.2193989738387,1692673.3316490161,152.81110321230142,0.0009455124077899502,323.01364588392727,2375.945622592152,6505162.503158467,0.0005940224030942148,8197835.8348074835,18576746.28361465,0.27054869837490064
2356.913390807842,313.2364931126506,1126260.375445025,152.76280047601026,0.0006291191214953251,365.1029927990704,3195.419346249585,9534633.603310281,0.0008706601814960463,10660893.978755306,26517804.036520768,0.33195963250814675
4337.645842399818,1528.7653994695563,2937113.973227101,152.91722699969324,0.0016406459845823562,745.908104955226,3304.5298688431817,5591014.910700534,0.0005105465253754035,8528128.883927634,8730355.942577979,0.6109360341408194
1494.6899711024228,270.6764213324248,1670397.7132115692,152.80920358533965,0.0009330694436160414,237.75394482219198,3142.9863721803863,5416105.06146654,0.0004945745386777036,7086502.774678109,24573988.501114752,0.21051971423977786
1734.688156344094,385.24252609471955,3904653.0737735266,152.99973709327992,0.00218110480051803,271.4746591331305,2630.988487486292,6180869.149914144,0.0005644093816042609,10085522.223687671,12196390.305542184,0.2443222755414217
2537.411485653477,1087.295656879432,11671380.534652757,153.66207043908202,0.006519530322370182,373.6679283409762,4841.169080860354,21562768.867169406,0.001969015804543241,33234149.401822165,40175375.77488619,0.3573818993878137
4153.5576812783165,800.6718459305547,19693722.391647935,154.346202147073,0.011000739793504577,711.8691360547311,2666.734599948834,13149874.122658288,0.0012007878085959047,32843596.514306225,20850330.747443147,0.5850081241237065
2388.2778462912265,337.5978493794017,407063.2711937912,152.70146856668947,0.00022738195638383196,364.22623160832046,3492.8453109321263,5224418.159555349,0.0004770705464162212,5631481.43074914,12998610.730111085,0.3363771614494685
3739.1610121875583,555.6982259075171,6639429.671106778,153.23295420342785,0.00370872690985502,543.6116710441868,3598.5418734036884,32637982.70273263,0.0029803548962552898,39277412.37383941,54633816.40756314,0.5266423960827546
2196.332772237491,1074.3100799810936,5495577.537735882,153.13540843342184,0.003069781187394982,379.03034938932433,4336.483461166157,26901431.41251601,0.002456518638324273,32397008.950251892,63106333.19378329,0.3093426439771114
2605.8852715508506,324.4468373489188,2074682.2252652466,152.8436802828771,0.00115889920962986,398.3395803217719,4071.5021685866777,40591948.392136216,0.0037066755393836345,42666630.617401466,50783408.14714546,0.3670260945846268
2983.8158960882197,918.5563738974511,3297873.95519563,152.94799199912092,0.0018421633316141328,406.23999256277216,4269.201982709317,15230548.027066126,0.001390785662170149,18528421.982261755,25452974.537438825,0.4202557600124253
2876.7471308453346,280.07086282832074,3850360.1457699495,152.99510708445843,0.002150777249346092,525.7809586452881,2765.220480897788,11024177.377046414,0.0010066786701285982,14874537.522816364,17641497.565827698,0.4051756522317373
2144.228927438776,390.00776744605076,4092248.0280740224,153.01573487282906,0.0022858936889664783,330.4032095887002,2164.412382250821,12282700.012183025,0.0011216013395791054,16374948.040257048,14047091.115976997,0.30200407428715154
2433.569463598602,218.39428711583247,597650.6467760025,152.7177215348505,0.0003338423849923444,414.46206701023965,2073.309719191709,5260326.073816206,0.00048034949686657184,5857976.720592209,9611176.43798428,0.34275626247867635
1124.3928809653548,117.54229032536433,1861065.2573762988,152.82546339014144,0.0010395746536882022,184.8415284985363,2361.074294696467,27657272.310651146,0.002525538655341392,29518337.568027444,43669870.235088974,0.15836519450216266
2955.797903106678,144.7494909005777,553563.907127511,152.71396189246263,0.00030921592070209947,436.79848643476566,3121.8944497577477,15109080.850873057,0.0013796938218257697,15662644.758000568,31606565.86139413,0.41630956381784195
2493.294436014502,984.4019282319819,9224737.028412674,153.4534248302802,0.005152856818785745,436.5509868076752,3801.5774792359516,24152783.23193839,0.0022055243554459435,33377520.26035106,64435566.86889219,0.35116823042457773
2857.434067693119,1229.9516589448253,9461073.024071874,153.47357916317353,0.005284872023447296,495.73214922004445,2506.8137151807173,35665364.13894744,0.0032568018558738984,45126437.163019314,46365431.99482702,0.4024555024919886
3294.948373434038,1240.045082390187,4502318.681993076,153.05070500273172,0.0025149555428407577,554.8208217778634,5630.695381506356,16899549.320403937,0.001543191410459221,21401868.002397012,46545356.980595805,0.4640772356949349
3608.334950338471,369.1352685835554,1286226.0364719362,152.77644207628722,0.0007184745301811457,581.1666471516223,4467.3308260181075,19699217.663396187,0.0017988446268336902,20985443.699868124,45227981.9992422,0.508216190188517
2896.5149116035795,649.8104221408988,1110806.6714386255,152.76148261034146,0.0006204868186101553,510.6064168854033,2494.0451880688834,1694986.3764967297,0.0001547785900951252,2805793.0479353555,7932396.094870001,0.4079598467047295
2698.7006031858564,964.9291828138978,6968764.074749452,153.26103928283243,0.0038926902057456747,396.5116388545633,1723.8626778119494,6264115.824664009,0.0005720110963593508,13232879.89941346,24286083.840617746,0.3800986765050502
1023.5684531553412,248.5818672909608,1261976.1690295753,152.77437408871856,0.0007049287679097294,174.7822885421075,3916.9325940603953,20779463.421411313,0.001897487847629007,22041439.590440888,61396537.57373273,0.14416457086694948
1770.732630042471,482.593045828354,10358509.876999337,153.55011105597387,0.005786172341580409,274.29479004581515,3780.465324017645,49278383.56283367,0.004499882026064711,59636893.439833,57395816.33718249,0.24939896197781283
2634.0740937183255,593.9385408711503,15878774.810528636,154.0208698873549,0.008869743690728571,425.3400647372207,4250.556050274873,17807384.4774718,0.001626090864754641,33686159.288000435,25977015.928487327,0.3709963512279332
2634.1886278212833,732.0870466462281,1450124.911005812,152.79041909434147,0.0008100269972739493,426.8395049351606,5171.7645345286155,4510788.37610291,0.0004119050599767666,5960913.287108722,13663470.154513111,0.37101248279173005
1598.6316711879813,276.3193930267392,1318850.5186115731,152.77922423679425,0.0007366982784282605,269.43944472773444,4141.221728737917,9820266.796270264,0.0008967429297138166,11139117.314881837,24689956.493593134,0.22515939030816637
2385.35484000352,511.85912814119723,10990871.33047123,153.604037768266,0.006139403877332805,405.17257187879795,2311.209442542223,7325209.84339934,0.0006689054658100789,18316081.17387057,13304636.278148917,0.335965470423031
2133.2548012915913,147.97404244868937,289684.7200259987,152.69145872291526,0.00016181533200199105,345.7455138489616,3817.899463769819,34560243.59322813,0.003155887180497497,34849928.31325413,70614963.08182786,0.30045842271712553
1914.0560999346517,985.4264785340805,10601792.483031727,153.57085778401867,0.005922067861585445,330.57622994559796,2163.739414017376,12778212.572921075,0.0011668493348367286,23380005.055952802,27317620.8523685,0.2695853661879791
2049.385108167943,425.58074436648747,1805116.752334262,152.82069219651788,0.0010083223117711704,358.1371128754186,3275.9856333820635,18674607.361940302,0.0017052817875947938,20479724.114274565,44027918.36909813,0.28864578988280887
1982.78758375127,307.22068525992256,1163641.543251629,152.76598827860383,0.0006499999124416345,296.4615048167809,4921.973787613194,11893611.404265247,0.001086071504654969,13057252.947516877,31401108.589017227,0.27926585686637606
2507.2649023676945,993.9365825893019,12389560.606946768,153.72331561764233,0.006920699382391815,402.2586094253918,3686.115820347086,13444577.156930218,0.0012276987742377886,25834137.763876986,21571478.59823989,0.3531359017419288
2429.3725509900223,179.70825452397926,1177058.1162591502,152.76713242119592,0.0006574942919013171,435.753680702208,2973.893341847214,4130133.4448904595,0.0003771453507644763,5307191.56114961,9458569.573751122,0.34216514802676373
2583.97997359425,229.71572480427864,1912819.100971571,152.82987687015077,0.0010684838946830588,399.16575140400914,3160.0481447031266,8040635.808893254,0.0007342349715760536,9953454.909864824,19312442.894249443,0.36394084135130284
1593.5107775819868,288.1051612546661,960579.0563812258,152.74867145410946,0.0005365709965945431,260.00057909263637,3091.26951054203,15084485.977072483,0.0013774479277329286,16045065.033453709,27145615.361887187,0.22443813768760376
931.4299096985043,336.4476605439603,1377893.7730291863,152.78425934539598,0.000769679320076877,169.9598804358512,3894.813710907841,35717796.36563879,0.0032615897327768436,37095690.13866798,61049831.87789714,0.13118731122514143
1960.468203526563,497.5603447465524,5604402.650451451,153.14468885447116,0.003130569936427685,272.45088562790505,3475.7741747059836,4137303.512989928,0.00037780008937872726,9741706.163441379,9182772.414106293,0.2761222821868399
2769.487572534315,426.7847955309807,1030440.4524433287,152.75462911548345,0.0005755949568393426,403.15790914367125,2821.4317808388464,2364088.0729594855,0.00021587797038796826,3394528.525402814,3916604.176176727,0.3900686721879317
2208.324976502307,492.6168454914704,2578389.3937951843,152.88663557594194,0.0014402655954721677,323.96571094417465,2247.6274132706885,9762774.636191726,0.0008914930022796673,12341164.02998691,18652369.79371059,0.3110316868313108
2298.8163364323746,176.56699544796498,2767761.2093265313,152.90278488320337,0.001546047022947139,340.57416115954874,2747.568834028011,11180830.24826008,0.0010209835110860331,13948591.457586613,17831791.24066643,0.3237769487932922
3580.9373750228824,1238.520833618515,4737070.350109425,153.07072422685917,0.0026460857560977047,567.5390199390926,5755.79563197483,54778210.01136543,0.005002101628107198,59515280.36147486,85931534.86838871,0.5043573767637862
2000.0357602165543,726.0032186383994,2549752.164933878,152.88419344163225,0.001424269091771846,349.29154860439144,2630.5090512125703,11663721.480670117,0.0010650789829777902,14213473.645603996,33210676.13050909,0.28169517749528933
2230.2459165548125,320.15704585828496,3178156.359547989,152.93778268560035,0.0017752901375964747,366.5981445592415,2271.5574489361716,8440343.639226113,0.0007707345064907643,11618499.998774102,21256313.250960704,0.3141191431767342
1056.0836157126257,139.4214133720959,1267459.3615384074,152.77484168607643,0.0007079916309289391,154.1426481983776,1997.188565268872,5036182.754413933,0.0004598817294335207,6303642.11595234,12741623.120500842,0.14874417122713038
2091.270508850649,189.78798180214514,356855.3555361041,152.69718692079283,0.00019933625711288094,341.3324576018133,2303.9027174290936,6909288.722913771,0.0006309254056088897,7266144.078449875,14698391.850559825,0.29454514209164073
1573.428889995696,135.96114163087512,1172723.9062335917,152.7667628071156,0.0006550732403727277,240.05615425265793,3414.662097803453,22440740.383012805,0.0020491882444225434,23613464.289246395,39025409.11759288,0.22160970281629522
3247.1171315087868,1414.3534935699684,12376777.31876092,153.72222548050578,0.006913558750253346,473.36629941272724,4957.340666403957,28947404.061654262,0.00264334772816116,41324181.38041519,66159164.06982915,0.4573404410575756
1487.2198730805892,137.4120234344052,192153.63316756577,152.68314143723683,0.00010733532629414455,210.3229815024439,4296.083395504246,11718883.89950178,0.0010701161688403977,11911037.532669345,25141063.259821143,0.20946758775782948
1892.757504243185,220.61608942206144,1035170.4785591081,152.75503248408867,0.0005782371077482917,323.2466715443575,3060.0529035053837,25285320.719110314,0.0023089426235364803,26320491.19766942,43110569.26273595,0.2665855639779134
2456.254524710054,706.2090705774664,2999291.8211877495,152.92252942111617,0.0016753779825628978,371.61402203834746,3001.260716794987,19029893.57345783,0.0017377249385613393,22029185.39464558,44807522.09159075,0.3459513415084583
2862.6562330433785,805.0751000626752,946833.7593032965,152.74749927848612,0.0005288929947655507,407.0092225678615,3838.8852864614228,5197998.778850967,0.00047465804649686363,6144832.538154263,22098807.451100864,0.403191018738504
3290.9829360092626,144.38088438854393,251416.1685176034,152.68819524574457,0.0001404388563390757,488.726708671587,1658.4750609738126,5883214.863454127,0.000537228920785884,6134631.03197173,10135669.91385273,0.4635187233815863
3898.827805144667,745.6951913646695,5460447.80411228,153.13241262931706,0.003050158027744221,648.6367258755799,3517.493918552779,28847301.312963713,0.0026342067919732284,34307749.117075995,47273691.78049728,0.549130676780939
2899.4329588008227,328.1964128109107,1678105.0265304476,152.8098608519482,0.0009373746809218098,437.01748903271385,3196.0527499002574,27261547.4885963,0.0024894028309639204,28939652.51512675,42653550.05547032,0.4083708392677215
4455.671566862996,1165.276530132793,2194029.2178950794,152.8538579920008,0.0012255653880672845,632.6976690498191,3194.7299240956377,28247572.056053143,0.0025794421932067947,30441601.273948222,45007923.06913718,0.6275593756145065
1399.4411671724026,311.800338300241,1691689.3382742414,152.81101929901524,0.0009449627577615693,245.425305372697,2209.061831211545,11891580.314794607,0.0010858860346305596,13583269.653068848,21917728.516631283,0.19710438974259192
4003.1020174228934,235.88121734819785,904059.8444958443,152.7438515915742,0.0005049998628636754,595.9955302696412,2505.318460513341,7316025.816759284,0.0006680668214914844,8220085.661255128,28632724.144003652,0.5638171855525201
2584.3853785199353,224.06386091080265,1203933.4591851798,152.76942430486116,0.0006725066216435316,372.1465477603596,1991.2183628856471,2826648.632214563,0.0002581169359559913,4030582.0913997428,5260671.186934904,0.3639979406366106
3527.5478987738807,139.24745387460237,351989.22618769575,152.69677194553475,0.00019661808013760051,617.9215381442847,3019.198125227985,19155759.824491065,0.0017492184827842421,19507749.05067876,37890233.3387246,0.4968377322216733
4524.387294801955,285.9074783511037,640460.4955730226,152.7213722861521,0.00035775558930417617,707.2045053687127,3725.665171386697,2989784.6540689603,0.0002730137892914965,3630245.149641983,8008004.838701772,0.6372376471552049
1834.2205053615826,757.1533622492846,5643701.46442692,153.14804019067773,0.003152521907626271,274.02627806664964,3994.4999912366306,1878711.3102961448,0.00017155553096798805,7522412.774723064,5545012.802954914,0.25834091624811023
2437.39995577638,710.732776358481,1275792.4353457515,152.77555231647816,0.0007126464125295495,433.01807288311414,3169.060659719781,3664905.8420871547,0.00033466284268434754,4940698.277432906,6125060.704407855,0.34329576841920845
3216.0691520620044,1850.7836604210393,8032369.092058954,153.35174171487665,0.0044868105962843075,516.1854099206633,4461.996429502618,10295362.820536751,0.0009401265779928965,18327731.912595704,28466554.364679586,0.4529674862059161
1690.9815874758256,122.99957488655622,929657.533442284,152.7460345190749,0.000519298506350907,307.6043723849494,5758.157990758265,58082353.27564789,0.005303821242500176,59012010.809090175,76846629.04696395,0.23816642077124303
1693.9219937784362,414.9950822113744,2593024.3779726834,152.88788362257225,0.0014484405686752133,281.7553374283392,1621.576921683175,4696924.407618681,0.0004289021715308183,7289948.785591364,7517092.963870546,0.2385805625040051
2719.4344704401483,303.10177704381135,879010.3485743196,152.74171541304497,0.0004910074351696103,463.95653178481047,3179.2490079305185,13484570.766896483,0.001231350812182888,14363581.115470802,37198172.86564093,0.38301893949861243
1459.2897798677498,432.2906229795203,5524989.2112449305,153.13791661105765,0.0030862102890512055,224.83771034679182,3836.9854816046573,19973353.146862958,0.0018238774555421598,25498342.358107887,35943734.49948178,0.20553377181235913
2805.7369061915992,1314.0959350322016,12696698.445741424,153.74950781164114,0.007092263872747084,429.97014221654774,1704.2562274338454,4574245.348529648,0.000417699667449787,17270943.794271074,10415458.740606373,0.39517421213966186
2992.2951644340374,1520.180216124608,27340969.972961467,154.99834645137886,0.015272424907447846,537.7542800386124,2431.4174712729737,7277130.403248306,0.0006645150659447297,34618100.37620977,15779960.898408823,0.4214500231597236
3149.399258037354,1428.41457305191,7624488.383425109,153.31695833979387,0.004258972026549346,523.6020940033534,3772.1723321569134,26155151.25144581,0.0023883716651402495,33779639.63487092,49000532.66414563,0.4435773602869512
2176.323825550734,391.3776660487438,5226278.058101831,153.11244303051987,0.002919352871047831,346.71005940841843,2706.3768380634933,4597744.214242365,0.00041984547897622914,9824022.272344196,8607724.17604991,0.30652448247193437
1893.599971312928,252.09250945677664,2769576.6453638123,152.90293970050973,0.001547061109520742,319.4016188250718,2118.391504705136,8271230.903139852,0.0007552918862894975,11040807.548503663,16563014.37965492,0.26670422131168
2395.4218879036002,879.8699819293987,5191108.081249835,153.10944379454082,0.002899707231884374,407.2185708390294,3968.617570243023,12573358.49546317,0.001148142974877833,17764466.576713003,31966934.243251603,0.33738336449346484
2568.4813217087476,334.1445322608236,5193007.5559571,153.10960577852242,0.002900768261718367,459.7384011826006,2386.5937225025714,10670058.365336515,0.0009743421026385272,15863065.921293616,19223843.880710565,0.36175793263503486
3967.938103221697,1206.6439418864497,2560485.582850219,152.88510876930872,0.0014302646844408518,572.1307450300325,3588.754393429456,4092111.4075513617,0.000373673348031302,6652596.990401581,7713726.603295037,0.5588645215805207
2743.563896555193,631.7202626416843,9985942.526088806,153.5183391441477,0.005578059502300281,435.5763932471469,2009.7459401309845,4041713.084960465,0.0003690711981721976,14027655.61104927,6392065.7586479755,0.3864174502190413
2781.219442898371,931.8540660747749,2667657.6290340624,152.89424821964772,0.0014901300450749222,473.31156711714834,2734.7352998040833,3447216.0352111473,0.0003147843812090476,6114873.66424521,7224995.240966109,0.3917210482955452
3183.9045412501537,794.9870650641275,5214281.438065226,153.11141997910894,0.002912651664805699,467.16476419007597,4011.52269099638,17661360.272796154,0.0016127565861829324,22875641.71086138,32312531.960730173,0.44843725933100753
4056.977634735036,1466.455023726891,17370761.706213944,154.14810399946836,0.009703154423770677,580.1023161273605,4058.4105978060675,26911992.254410505,0.0024574830072662973,44282753.96062445,63614155.407136254,0.5714053006669065
3174.1689324075323,755.9402588723219,2151692.1214662306,152.8502475562194,0.0012019162590624077,541.234669456663,5323.8710101674,25151267.227659658,0.0022967014570635406,27302959.34912589,44181170.877941474,0.4470660468179623
4334.358481594222,368.1683062231353,2866581.1527098906,152.9112120803804,0.0016012469725530387,646.1163954271198,5301.305170572202,19134319.135206323,0.0017472606147422472,22000900.287916213,24575093.086348724,0.6104730255766511
1265.8856938486704,270.0980060105632,766457.808502653,152.7321171233123,0.0004281365780607338,184.32100862696316,2039.2802418752199,9132542.804832738,0.0008339430445670715,9899000.613335392,25746300.17754357,0.17829375969699582
1998.8330347901385,503.930894853077,8404256.985135032,153.38345568369107,0.004694543896405223,286.1423552253309,4490.611447764309,42203515.85436866,0.0038538366865800274,50607772.83950369,63264532.331814185,0.2815257795479068
2938.136953973274,1503.0347181263107,10353664.791232845,153.5496978752768,0.005783465919364517,463.38621067164115,2948.0258752774776,2909950.657046006,0.0002657237050334682,13263615.448278852,6336534.387241571,0.4138221061934189
3011.2858879254222,136.8161301660301,844824.8925119793,152.73880013532914,0.00047191174064376007,469.840665816933,2884.1155575499165,16673136.059792984,0.0015225163621271902,17517960.952304963,27001500.235745255,0.42412477294724255
1104.9198468695145,388.0558240164484,7160886.771671935,153.2774231805935,0.004000008251325848,169.3169176540886,4877.15520243236,32346379.20776554,0.0029537269667075003,39507265.97943747,40316322.330733776,0.15562251364359359
2659.643811116935,245.14503058862704,384058.9628462372,152.69950679828798,0.00021453195244713896,449.27514721877094,3682.464101931414,16099129.413873643,0.001470100637380037,16483188.376719879,30828247.38706384,0.3745977198756246
1473.2049889191724,725.6834428983208,11254958.027904982,153.6265586339426,0.006286920379476202,247.45808850069042,3527.089710906015,31205141.570342705,0.0028495142397303766,42460099.598247685,44264154.45748597,0.20749366041115103
2303.827832086323,209.24371918895878,668468.9948016631,152.723760803465,0.00037340089017190436,355.4034187801025,1798.4968825982025,2672797.9276079494,0.00024406797634525358,3341266.9224096127,6693099.4061038215,0.32448279325159474
1066.0695916890832,130.82043694138144,464316.314643219,152.70635100913594,0.0002593630019600557,189.51343619716567,2830.5472899007423,8001233.161621929,0.000730636897706412,8465549.476265147,11271678.220886508,0.15015064671677228
2303.7206095550932,132.63011765041128,512024.3452754089,152.71041946907735,0.0002860122874843718,327.94802952319105,2579.3659101647327,2420772.2805171604,0.00022105411920432028,2932796.6257925695,5016438.227321382,0.32446769148663285
1065.9062724876908,533.2646616484859,1649347.0687160264,152.80740842207814,0.0009213107390921849,152.95891109254603,3476.921133283285,26674222.404523104,0.0024357709258932513,28323569.47323913,34497093.92300995,0.15012764401235082
2711.5217304658686,458.5989931329482,2383912.6372860307,152.8700509279717,0.001331632592949994,453.8929249449349,4775.33316345637,23107751.939428784,0.0021100967624559444,25491664.576714814,44452936.76974825,0.3819044690796998
3219.0929238387457,215.76214239846766,1126738.8227580285,152.7628412771857,0.0006293863779482933,549.8562696743562,3179.3644464077183,19420596.092008144,0.001773402148600525,20547334.914766174,29751202.921792664,0.4533933695547529
1411.6942574574205,412.42701771761955,3234014.727183127,152.9425461924587,0.0018064921295524172,221.16476017109966,3731.2548465060017,11197826.647973219,0.0010225355464420517,14431841.375156347,35700875.219615005,0.19883017710667894
3506.534903008741,1610.4344798078243,9694450.099586077,153.4934811643751,0.005415234401389135,582.986680678459,5972.049468796685,21038484.541947905,0.001921140500179746,30732934.641533982,34948966.22419403,0.4938781553533438
2527.6055831055933,466.5542866565713,4741749.414043919,153.07112324949597,0.002648699439981028,386.64918383145425,4816.753851889673,6466706.370909082,0.0005905107607514758,11208455.784953002,12725554.703338642,0.35600078635290044
2534.4297449052124,1216.7118182729764,14613355.819533398,153.91295710190323,0.008162891792805826,358.6845907117006,5721.437372908803,24034358.056759167,0.0021947102970557558,38647713.876292564,46025459.218820915,0.3569619359021426
2532.9829805800146,706.6878596579726,1996193.3063304583,152.83698688098443,0.001115055991131042,352.64925992186005,2788.5380400363497,13025306.717122436,0.0011894128691462458,15021500.023452893,27667138.536496207,0.3567581662788753
3878.1258392346895,199.40242670710649,1847520.5674237222,152.82430832195354,0.0010320087092319241,637.3988467353372,3102.2060171664684,35441367.25798275,0.0032363474605453194,37288887.82540648,57377666.81737895,0.5462149069344633
1225.126624564881,283.29309027847563,343251.08369626163,152.69602677156263,0.00019173703073938064,176.77867947818365,2843.513249966398,5263985.852028216,0.00048068369147696545,5607236.935724478,17377959.051372856,0.17255304571336352
2515.898017580811,907.9183973567326,2441590.8457309306,152.87496962776794,0.0013638511319464808,379.71937503216674,4449.2489104695105,15760643.652357256,0.0014391916285164592,18202234.49808819,35164069.40461397,0.35435183346208604
2580.3559408662636,1576.1836585022475,3072733.2851520088,152.92879238460924,0.0017164017371917861,427.95434923426524,3923.6527247021636,17133398.647883352,0.0015645454872257648,20206131.93303536,52732301.42146023,0.363430414206516
3238.0989129127074,67.05989822352228,865897.5364181785,152.7405971746631,0.00048368273384480354,477.28611610677893,4153.487106158055,7925695.145005541,0.0007237391032034076,8791592.68142372,12276194.06271308,0.456070269424325
2654.4683458850504,333.24664328821547,2181241.5059642745,152.8527674776148,0.001218422284863907,430.8351360123051,3217.8466576115848,6819399.492875394,0.0006227171223548189,9000640.998839669,26046427.963480458,0.3738687811105705
3003.442355403711,686.0880854357329,10570931.475394009,153.56822600962636,0.005904829174655735,483.5994414885338,2838.879284188595,22250999.997764062,0.002031861999374129,32821931.47315807,33215744.376900412,0.4230200500568607
4077.009431795842,288.2922901095079,2562197.20222348,152.88525473330603,0.0014312207799405119,645.3353828481224,4099.828146767614,8529353.341864908,0.0007788624752285978,11091550.544088388,23992560.03739232,0.5742266805346257
2437.3907605497907,252.97152374066283,2094869.7493211166,152.84540184069135,0.0011701757826818593,419.1785682679153,3144.842699092178,19267109.073254813,0.0017593863991585466,21361978.82257593,58166264.77515302,0.3432944733168719
2351.7034946152385,954.3234602773082,12975444.07425361,153.77327876609914,0.00724796872462119,343.47067806201994,3422.787416200896,17427768.619488988,0.0015914260390716341,30403212.693742596,32044622.825018283,0.3312258443120054
3496.235028456749,984.9939267466191,5012323.130486206,153.0941973171519,0.0027998395337809345,527.9951856546792,2689.5751288127376,17315814.336983494,0.0015812028737166852,22328137.4674697,40833692.91543575,0.4924274687967252
3642.0604411496915,216.69640859228682,1930341.6216532723,152.831371160997,0.0010782718203332653,553.0608374045869,4398.290401968423,18743915.466389637,0.0017116106943267791,20674257.08804291,42083112.325426735,0.5129662593168579
2355.2381963346656,560.7290601180744,2659449.660458164,152.89354825800797,0.001485545146154399,396.12372580776093,4470.142546422408,16756083.199002111,0.0015300907246337185,19415532.859460276,35329199.58266123,0.3317236896246008
1968.676725421625,82.3682473390489,1538708.6345838828,152.79797336405375,0.0008595090846947873,312.5004247777981,2027.2703843575487,8720310.246726569,0.00079629980741796,10259018.881310452,11670121.541071713,0.2772784120312148
2057.0680084126207,371.4585684458529,588108.8909684976,152.71690783009768,0.0003285124442768961,330.7180847988422,3482.6701941322485,10502874.926883006,0.000959075657285396,11090983.817851504,39802658.43436925,0.2897278885088198
2130.944314663933,685.6906106783459,9894415.78414905,153.51053389882077,0.005526933470755502,325.6025132736756,3006.27980159584,24500378.429637156,0.0022372651973604656,34394794.21378621,39051585.8355356,0.30013300206534266
3216.356847498569,605.7691645613058,3318124.2253671424,152.94971890781747,0.0018534749540932705,466.80122269918246,2926.541428525022,11663943.603854848,0.0010650992662755423,14982067.82922199,42588263.08177501,0.4530080066899393
2942.9482819111745,1156.6443087417047,22842640.68705939,154.61473655886516,0.012759697806110415,472.3003764922384,3058.5148599304152,17902296.40336955,0.0016347577981750908,40744937.09042894,25381675.739559293,0.41449975801565836
3292.349900293932,671.2330078102373,1864829.076112442,152.82578436221996,0.0010416770896686245,493.3372393871091,2936.9808066933115,7513613.38202151,0.0006861096359917548,9378442.458133953,27044759.08564958,0.4637112535625256
2900.2736988826136,873.0939008884917,2216936.792322514,152.85581151109764,0.0012383613572886087,532.1962085590095,4999.554779356551,14588768.395791419,0.0013321812109144547,16805705.18811393,40218355.915088676,0.4084892533637484
1535.5934543080637,488.6425739390596,856873.125228575,152.7398275881819,0.00047864177727441337,237.4258262963084,2833.6438775709166,6545331.740839889,0.0005976904785783239,7402204.866068464,22395341.772044912,0.21628076821240333
3939.5173447428106,579.1870092189071,2398169.7738074735,152.87126675239472,0.0013395965037819035,628.7319800054253,2141.878411899775,6684267.713896808,0.0006103774914779144,9082437.48770428,12914652.059462395,0.5548615978511001
2516.621826086125,1411.8491238774532,7437486.031252672,153.30101109634919,0.00415451416042778,337.8960694254853,2595.7579953188665,8722375.240315001,0.0007964883734150706,16159861.271567672,24836371.70427398,0.35445377832198943
2894.6452246141716,1168.4405719694444,19206590.016442735,154.30466032427267,0.010728631941161693,445.63853902836786,3915.8268421685584,15067390.54560188,0.0013758868492388604,34273980.56204461,22915767.98916172,0.40769651050903827
1321.8770141581322,591.6639374823334,6800716.034813739,153.24670843098951,0.003798820051420293,223.50071536764486,3108.660186457398,20903541.024243705,0.0019088180604820881,27704257.059057444,36372262.351243004,0.1861798611490327
2909.2581718038077,840.1504989250951,1614383.791946414,152.80442681313156,0.0009017805607733909,444.23931329468763,2680.898969365265,15642102.261474347,0.0014283669578269557,17256486.05342076,40701969.645552665,0.40975467208504335
2731.266763379135,362.3485769508794,524725.6177861658,152.7115026120562,0.00029310710638941195,443.65922360911776,4705.834269059149,16722059.666107185,0.0015269838474785073,17246785.28389335,46189584.18127673,0.3846854596308641
2785.028659176907,459.83339562307816,7002985.111390373,153.26395759479965,0.003911805775268951,438.34497035863035,3053.8544750916144,24827458.693160124,0.0022671327070573053,31830443.8045505,40755815.034500696,0.39225755763055026
3077.935389241598,824.2437823775124,1960228.890810263,152.8339198966231,0.001094966585527768,452.23872694796876,3549.5920772646127,13461772.676130801,0.0012292689922966031,15422001.566941064,33962714.7016301,0.43351202665374616
1965.4790229278126,772.9884255138896,6376696.890391131,153.2105487974728,0.003561966693660157,333.5604408379714,4389.0923703714225,12037498.70516022,0.0010992106507117926,18414195.59555135,40857472.9633077,0.27682803139828344
4104.3571929215595,2405.433478479794,11711068.77969111,153.6654549853092,0.006541699826329017,686.1373486106645,3755.4007573560734,18140411.790911067,0.0016565014325043558,29851480.57060218,37260095.262132004,0.578078477876276
2732.9448275102973,561.9749831811725,3026405.298139418,152.9248416124472,0.0016905233318731394,435.4693407137637,2434.2704181273557,15678802.539748324,0.0014317182634221578,18705207.83788774,23291248.661223,0.38492180669159115
3313.7977102190207,369.85929606229416,1093091.55121504,152.75997189493293,0.0006105913085530101,530.4790747995909,2566.1608786191005,2443050.6630845433,0.0002230884816577261,3536142.2142995833,4959794.982342944,0.4667320718618339
2991.426624596026,262.94380948707675,568955.1848949774,152.71527443452766,0.00031781335284031265,512.0534782844855,3008.113081698432,12118142.188682754,0.0011065746536637075,12687097.37357773,28002121.74519929,0.4213276936050741
2028.63474854505,213.70262937553397,510222.701645731,152.71026582796412,0.00028500590522817504,348.3733576772432,4371.8738561514765,18332021.215985265,0.0016739983499269124,18842243.917630997,38391090.03762321,0.28572320402042956
1300.5806364179525,108.5682291273564,1533356.8692846205,152.7975169745854,0.000856519635756392,231.02946770402176,5576.882158480031,44093209.075486004,0.004026395036624927,45626565.94477063,87415661.81317833,0.1831803713264722
2377.837680691699,540.9361909653638,3349341.9695119443,152.9523811040941,0.001870912910892475,399.53250237759136,4231.18922334061,15487267.755526012,0.0014142281618690256,18836609.725037955,37519117.35675516,0.33490671559038016
1870.1064064951672,951.4074416114565,6722484.595220037,153.24003698649838,0.0037551206586126096,275.50924256266944,1790.144091297276,3865135.9901875006,0.0003529469660538603,10587620.585407536,10940357.220065268,0.2633952685204461
1242.555425532827,189.4747623734647,1352644.1074205642,152.7821060967353,0.0007555750793593052,196.37531196933662,3560.856818365709,12396993.583539365,0.0011320381183501733,13749637.690959929,20838451.744996917,0.17500780641307423
2424.4153156355696,717.9358525400759,4412093.306903903,153.04301073576275,0.0024645564433514178,332.3794307420629,4916.478731413424,15699379.159730617,0.0014335972285123464,20111472.46663452,63865077.05851533,0.34146694586416476
2894.1513841506016,561.9186567231213,4149212.5348609244,153.0205927093583,0.0023177135605054744,464.1550333048811,3362.465285277907,10710503.173042879,0.000978035341947269,14859715.707903802,33361493.204062726,0.4076269555141692
1164.624308799922,66.58079760375114,215144.70185879973,152.68510207658287,0.00012017793467533622,198.58048499912968,3253.5254451803253,5555052.071923978,0.0005072625594634424,5770196.773782778,8595605.526967825,0.1640315927887214
2392.0529115543436,355.8800399744715,2980472.44416309,152.92092453656042,0.001664865644386948,414.75575687188626,4777.78615632641,32388513.458315995,0.0029575744783957025,35368985.90247908,38673148.90574604,0.3369088607823019
828.2112742303568,121.43634622042883,554458.8039472231,152.71403820774572,0.0003097158021800883,128.5810776249966,4547.481312949629,15188415.372988218,0.001386938296264694,15742874.176935442,26612266.29849954,0.11664947524371223
2603.1307752758266,311.94658289115154,291313.3173006195,152.6915976069288,0.00016272505208903,415.14634097489034,2551.163124918103,9966272.254471457,0.0009100754964411556,10257585.571772076,32016503.084241103,0.3666381373627925
1645.550427682931,51.21150777133756,127576.2695422107,152.6776343891875,7.126298000703635e-05,260.931333153292,4836.0773776178885,39124145.17037061,0.0035726423009150646,39251721.43991282,62820663.172830805,0.23176766587083536
1467.9650048857106,241.14424508321346,2671808.4998389105,152.89460219887027,0.0014924486849305918,246.61287817983217,2693.3907164099583,11135210.434741473,0.0010168177133458728,13807018.934580384,39195355.751478314,0.20675563449094517
3507.6467301946677,536.7235324124532,3463803.804335108,152.96214221524508,0.0019348502832252645,563.2265476085738,3653.2293524624115,3755413.339910744,0.0003429275833928401,7219217.144245852,14547725.761366053,0.4940347507316433
3410.755793225471,594.6397722274178,3435924.4623930724,152.9597647122465,0.001919277128479946,575.3000297207673,3702.9353582828885,8520281.663011845,0.0007780340900084316,11956206.125404917,14745662.784094108,0.4803881398909114
1833.15898957248,114.20280835724485,1211439.73792753,152.77006442758196,0.0006766995628060268,288.8386250543577,2620.9226004293228,16276116.473236693,0.001486262305634807,17487556.21116422,23015319.939559896,0.25819140698203946
2399.987187614435,333.1110875012842,2201032.2841016143,152.85445520160997,0.0012294772391414632,427.13118264379943,4518.617622661371,15205656.77776944,0.001388512704389916,17406689.061871056,27615257.996898383,0.3380263644527373
4193.077907748819,2136.0165377656667,42172605.660902806,156.26316318898068,0.023557245911337343,631.282200576365,3291.2990059566023,10350738.131867971,0.0009451832042482884,52523343.79277077,13106462.99965805,0.5905743532040589
4062.5065348031467,165.09450517283307,374636.9852056694,152.6987033080141,0.0002092689187604968,699.1072601644245,3412.6013077145676,3012146.5132128852,0.0002750557744532629,3386783.4984185547,6636942.663762262,0.5721840189863587
2515.376681486648,951.7518299959181,16096749.797821231,154.03945842459427,0.008991502597907708,420.92427615321424,4314.120830155319,29781630.91071921,0.002719525600330636,45878380.70854044,49305121.72429646,0.35427840584318987
2602.485773335187,221.91467356367892,604403.3005135924,152.718297389709,0.00033761435786772154,377.439763534694,2801.159361575742,27755808.660969518,0.002534536555021813,28360211.96148311,40763650.45168355,0.3665472920190404
1994.7724878533263,869.5067046670988,2628732.2550663347,152.89092872977164,0.001468386674173816,326.81784940662584,4365.761434926273,15785828.587748138,0.0014414914043999055,18414560.84281447,41771873.17367535,0.2809538715286375
900.7356634922038,272.3394787190146,574652.8350020619,152.7157603204658,0.0003209960099843645,144.95974416137713,3529.7640610111785,17488163.346688453,0.0015969410159792558,18062816.181690514,49727943.54601615,0.12686417795664842
2426.327167202106,298.58080401857876,1790157.010970751,152.81941645514553,0.0009999659320656384,378.81863294232886,1936.9887047661928,7252673.242103737,0.0006622817471569352,9042830.253074488,18145131.9183763,0.341736220732691
2494.552133816772,1045.8651762223308,2271296.3264101986,152.860447199973,0.0012687261140320594,363.21607747932325,4612.219945636314,13512623.695631552,0.0012339124804168402,15783920.022041751,37332995.43083595,0.3513453709601087
2792.8600068745686,582.0014512823378,5324288.143481237,153.12080116437983,0.0029741004411090177,433.62885138731866,4038.9382965961468,11014544.621413218,0.0010057990498813143,16338832.764894456,24080142.855247978,0.3933605643485308
2781.421885457614,313.0431275765809,673213.9648735862,152.72416544646546,0.0003760513886428285,413.2753119910731,2258.235159879765,9760785.052659389,0.0008913113223922761,10433999.017532974,13616235.728536902,0.3917495613320583
1640.5680915377059,487.741870310507,1632707.807824022,152.8059894541288,0.0009120161945774807,264.22121509056444,3868.4336876230186,13711974.418868404,0.0012521162986332533,15344682.226692425,40962038.74728787,0.23106592838559237
3758.2915157038815,989.9870112869595,12148208.640668036,153.70273353128144,0.006785882300741175,657.1724609529078,3478.0471542757955,25918697.968866657,0.0023667798068171117,38066906.609534696,52804440.34511717,0.5293368331977298
2838.088921650483,467.45071784087304,3873657.958723339,152.9970938824349,0.002163791202369314,513.4022891914661,2086.5525358476452,6963803.4416838335,0.0006359034463929709,10837461.400407173,16807033.312722813,0.39973083403527926
2169.6495580313644,436.7860081078398,2660877.646166546,152.8936700342074,0.0014863428063882633,359.69950104771186,3526.7135580173294,6913203.606501509,0.0006312828953034967,9574081.252668055,28370250.421611436,0.30558444479314995
3637.218795655172,1102.3278799505015,7465197.757307974,153.3033743053492,0.004169993686415907,496.89707156733937,3032.067997927726,6069044.759809446,0.00055419807744356,13534242.517117418,8961687.902850622,0.5122843374162214
1425.7696361820283,601.902027275482,8804085.452627538,153.4175523773056,0.004917884555192487,214.43409357846585,3473.486208160487,14187280.106996888,0.0012955190924803471,22991365.559624426,27158059.256522145,0.20081262481437018
2927.56386022633,112.71995281384592,1181935.8281685289,152.76754838419515,0.0006602189387932,537.6802831968489,2393.5050073203656,13608316.038112976,0.0012426506779962135,14790251.866281504,36338694.32144146,0.41233293806004645
3170.1871359563006,839.7220651567084,13331844.725190256,153.80367200916965,0.007447050987751336,546.0470284868594,2655.277966002727,14763814.305788232,0.0013481656220736893,28095659.030978486,21388076.486182127,0.44650523041638035
2233.8754195681977,107.67551073996219,1359765.567552243,152.78271340277763,0.0007595530642370285,322.32933457479476,1690.2049737512937,9040508.800954217,0.0008255389101394139,10400274.36850646,17897228.495133013,0.31463034078425317
2306.0891213401824,408.50549105524385,1267922.0188622205,152.77488114070835,0.0007082500672332959,327.4548211655788,3697.791827287203,18636158.365916345,0.0017017707969003075,19904080.384778567,48034329.6284641,0.32480128469580033
1089.2945664579174,476.87045043675926,1881040.5952709522,152.82716685307972,0.0010507327014201984,174.81852882227665,2597.343813351038,3383447.7931367317,0.0003089613499811965,5264488.388407684,6862015.746810451,0.15342176992365034
2837.2686088676674,886.6168103479985,7183452.691253192,153.2793475639445,0.0040126133751605675,483.72459026501485,4480.9640967717805,16302346.73611058,0.0014886575361580375,23485799.427363772,40242304.87925967,0.39961529702361515
922.765433910468,62.6940141635189,249861.4411875485,152.68806266123462,0.00013957039935230675,163.2371726270325,4576.7027540193385,17452185.499299236,0.0015936556795477794,17702046.940486785,43790172.652376056,0.12996696252260112
2084.613003199649,512.62665359003,3063738.4664305006,152.9280253217235,0.0017113773107131358,357.0694296309348,2498.9571336881527,15120578.53085078,0.0013807437386398477,18184316.99728128,25299847.41695679,0.2936074652393872
3131.7270352884175,591.4999830526576,2852426.5167034976,152.91000499702747,0.0015933403176056071,508.80444200970584,4019.0975338290314,7790851.23467739,0.0007114257592067191,10643277.751380887,24233516.689869944,0.44108831482935457
2630.2897528890894,429.03603552428507,3324635.7225469723,152.95027419725372,0.001857112219040724,459.7675306160862,3838.504413643315,11139035.017576866,0.0010171669571788454,14463670.740123838,35936624.508189574,0.37046334547733656
2720.6632251531364,554.1413907593227,2619788.0955586187,152.89016598701778,0.001463390545485943,384.33971304085475,2927.356508953135,3718362.34439741,0.0003395442518648148,6338150.439956028,6292107.317732094,0.3831920035426953
1874.3841143454385,733.6842948430135,5488488.322471798,153.13480387716714,0.00306582121421628,304.4696373366756,4386.974968802533,25457995.964194864,0.002324710556157718,30946484.28666666,40837762.35572574,0.2639977625838646
2952.1339841758995,541.82047597573,4329670.009982873,153.03598181678797,0.002418515515977715,397.6700508246121,3662.809177151757,18259405.579025943,0.0016673674140897446,22589075.589008816,34275082.624255955,0.415793518898014
683.6873134413918,103.4051663867364,785521.6597034883,152.73374285621117,0.0004387854773570954,100.21309819860662,3035.833252733462,6396931.331199076,0.0005841392155757163,7182452.9909025645,19367947.44156091,0.09629398780864673
1895.2388091801529,687.3779991332631,13593490.225787874,153.82598469372022,0.0075932038588528705,294.01870181332737,3763.114257979821,38668027.92985714,0.0035309917104538796,52261518.15564501,48882868.24680045,0.2669350435465004
2042.4989060109729,173.27629137686728,564807.4779818626,152.71492072511646,0.00031549648030693156,351.9094942680969,4154.89272361191,30406924.82759922,0.0027766246497340774,30971732.30558108,37313947.64904849,0.2876759022550666
2294.4935810772804,629.3780763280814,2467995.9252996244,152.87722140817158,0.0013786007767206954,372.06172426118667,3555.562876971274,6485878.214329814,0.0005922614479164775,8953874.139629439,13232013.917000387,0.3231681100108846
1838.1421807727156,298.97065009459624,1545168.2960355007,152.798524233027,0.0008631173946611614,308.2664747207841,3275.6864385118965,8411242.42370804,0.0007680771133869618,9956410.71974354,19529636.651008252,0.2588932648975656
3173.408915798586,1460.3217335046522,5999721.367821529,153.1784009642436,0.003351391488534583,540.3146308626497,3182.3304174869772,10807920.356532736,0.0009869310443084657,16807641.724354263,26306289.94753277,0.44695900222515295
1688.2564371079777,875.5940327701305,4681236.0205091555,153.06596276992366,0.0026148971915762598,291.07288974834614,3384.6849215216434,15139809.103347912,0.0013824997886819608,19821045.123857066,42477007.5149784,0.23778259677577152
3409.072630594648,1038.7490459133185,6184552.103295686,153.19416301589925,0.0034546363087042398,500.1135656115336,1832.6004143365824,2149933.439821173,0.00019632232519865676,8334485.543116858,5416498.896180316,0.4801510747316406
3244.3119438987706,821.1864774545019,8829755.572351124,153.41974148158013,0.004932223657873491,545.4892372451474,4890.529620415201,16774070.906042498,0.0015317332817500237,25603826.47839362,31200501.72858244,0.45694534421109445
2564.712764714103,879.5717885002505,5930968.586092709,153.17253784361975,0.0033129867904873045,395.8303370895257,5032.291259121864,10727351.688102456,0.000979573873136828,16658320.274195164,39772069.99671322,0.3612271499597328
1384.6139245770871,397.9270046115362,5468114.680985099,153.13306644757404,0.0030544406776074062,188.10498387142357,3419.418337166357,7484531.083937129,0.0006834539703435564,12952645.764922228,13616654.04307361,0.1950160457150827
1708.0948239163743,387.03019219330133,575438.8603811682,152.71582735137704,0.00032143507683479733,251.90144044720375,4203.847707032556,19517001.838795766,0.0017822054910767613,20092440.699176934,39380390.30438068,0.24057673576286961
3011.3713322644057,386.7334597349988,4975390.667197615,153.09104777931864,0.002779209385224357,526.5196748188469,2701.61468919658,13646028.1751028,0.0012460943820127753,18621418.842300415,26517393.511388604,0.4241368073611839
2514.498798277146,510.1691564987707,2048542.82829266,152.84145115943465,0.00114429797281268,446.6002778800447,3405.540694262059,6339124.624175889,0.0005788605651186056,8387667.45246855,15786957.528009169,0.3541547603207248
1953.3035346162708,281.6495293183046,3786244.372278061,152.98963940003284,0.0021149627432401896,286.52049028589283,3599.080418107858,24433690.587871656,0.0022311755613208624,28219934.960149717,45439073.50493215,0.2751131738896156
2907.8950296061935,1611.3218421565837,1707385.0865539447,152.81235780580917,0.0009537302644448964,452.6868872208167,4434.906374636025,9444963.570482666,0.000862471914352845,11152348.65703661,26740674.17949966,0.40956268022622444
3012.5127446236324,1123.9927172004977,27396828.283130653,155.0031099533366,0.015303626867303688,461.23058683689527,3672.339111782152,14026795.802249206,0.0012808643821147206,41423624.08537986,22443278.120142166,0.42429756966530036
2236.491222180845,150.60576651122196,912520.8707799545,152.74457313354614,0.000509726117590148,347.71167421726875,2911.803632678112,2841593.089833592,0.00025948159711910367,3754113.9606135464,5627842.41909897,0.31499876368744295
2183.371822812701,686.6254470498801,5327511.630728973,153.1210760579054,0.0029759010526813068,373.14812183435794,3399.6958944439,12945594.858885793,0.001182133938057,18273106.489614766,33369330.649749592,0.3075171581426339
2327.1849402509847,409.87772378737446,957411.9169650093,152.74840136583137,0.0005348018604243165,368.35499320286004,1880.8728281845308,12985923.975533213,0.0011858166129746423,13943335.892498223,16678216.134723464,0.32777252679591334
2397.9126012063934,945.7438596406428,1722380.9620634718,152.8136366286402,0.0009621068283658385,432.00332238325853,5560.162923168698,3821795.3918853826,0.0003489892960736769,5544176.353948854,14689593.783269625,0.33773416918399907
4348.349417532301,658.8989596193385,1109826.1520259716,152.7613989933089,0.0006199391091064044,748.909708813729,4773.718601553859,7454890.985871513,0.0006807473688908891,8564717.137897484,30981554.48931936,0.6124435799341269
2118.7839686773837,1223.45481053216,2491308.3038748214,152.87920944827962,0.001391622865972053,382.42790382290684,3845.8941212525056,11804966.844973201,0.0010779768791776927,14296275.148848023,23189170.850017473,0.29842027727850473
2382.9305130008465,203.20904017247634,2088656.359799201,152.84487197337057,0.0011667050380452793,341.56582611526085,1784.3491815458062,6864802.107019875,0.0006268630864176335,8953458.466819076,16697215.899072232,0.3356240159156122
3156.4512256565085,551.151480373217,1895900.5327392155,152.82843408334514,0.0010590333315492195,523.7088833742382,2860.6001310574793,6566182.867723876,0.0005995945104134754,8462083.400463091,38176701.20824914,0.44457059516288855
2241.0213987683887,431.4942218535489,5004864.771879346,153.09356128097897,0.002795673360383555,323.9115609154827,3659.952863667963,19406739.546219546,0.0017721368306897224,24411604.31809889,41828782.39917993,0.3156368167279421
3317.5181181085804,411.641648701197,5985628.178451915,153.17719912095566,0.0033435191571373757,558.0934802702235,3508.032564279939,13242208.560257649,0.0012092193772899218,19227836.738709565,22767220.08816536,0.4672560729730395
4092.235459356165,136.86244701016093,714528.83060561,152.72768870814673,0.00039912950858811413,608.6840074050347,5169.521945184646,14563890.603190329,0.0013299094819395976,15278419.433795938,41844001.681181446,0.5763711914586148
1069.5759341514652,419.58971174846636,426860.94836336945,152.70315687902243,0.00023844076440049378,172.6418917965194,2047.909591781958,4187347.618923314,0.0003823698937537629,4614208.567286683,12348058.451945981,0.150644497767812
3578.5558655466716,1233.4415091976634,17977129.670221187,154.19981403106289,0.010041866225354301,551.723290992976,4692.201151636096,28376453.359513134,0.0025912110585592047,46353583.02973432,38939136.66920148,0.5040219528938974
3890.633407557072,559.2993715753455,2438307.220626472,152.87468960578792,0.0013620169278971694,646.3909320359022,3976.506545985915,9189557.90874626,0.0008391494093616377,11627865.12937273,12647415.190190399,0.5479765362756439
2963.4634831106905,1510.3726277907115,13969286.550764244,153.85803196697853,0.007803120374593631,456.95592012876193,2063.686513112538,10260771.139084717,0.0009369678200474601,24230057.68984896,27735109.828587882,0.4173892229733367
2589.8284031167236,826.4104941343508,6814796.229614549,153.24790916612267,0.0038066851241660427,401.0581121082778,3947.4243869024203,13624801.970659262,0.001244156099769096,20439598.20027381,36349281.31273343,0.36476456381925687
2248.170045513337,1189.7674762690358,6217335.05802836,153.19695869068025,0.0034729485783453473,335.79468194421185,5028.873567745194,31033387.868731685,0.0028338304583457046,37250722.92676005,41570481.00839768,0.3166436683821601
2721.3153586533754,617.1253350048045,5199831.235546787,153.11018769034516,0.002904579909009275,410.36141241260407,1756.436545908651,6865933.326546908,0.0006269663843354871,12065764.562093696,22816117.28250061,0.3832838533314613
2931.081911835845,431.2220492750232,2054132.8293847865,152.84192786524736,0.001147420498165408,413.89084263534875,4990.628465835995,23179209.550951418,0.0021166219525792407,25233342.380336203,58391859.18349837,0.4128284382867387
1812.7834881975616,167.7276127566953,1014152.02268253,152.753240065818,0.0005664963835034786,259.28915134925177,5025.13040720722,7483684.404723052,0.0006833766553769968,8497836.427405583,14852453.972435355,0.25532161805599457
1753.190964073539,364.14908048823315,6214711.977490675,153.19673499882063,0.0034714833486706453,312.82836270217757,3426.2102393319674,23518996.265733715,0.0021476497586880765,29733708.24322439,27561762.78222694,0.24692830479908998
2008.078839654695,520.8423750717511,4790064.852182181,153.07524350811934,0.002675688017985678,327.88706053404445,4748.480051043984,17554414.06083725,0.0016029907354760814,22344478.91301943,28631395.381653838,0.2828280055851683
3904.3004607390103,1349.8616628549128,13530439.042193651,153.8206077957156,0.007557984023282893,548.7929114886903,3506.0151632783836,10507241.108206552,0.0009594743574748069,24037680.150400203,29351081.17948901,0.5499014733435226
2478.2844978817698,666.0507629671315,3475386.422417208,152.96312996127145,0.0019413202316238554,383.87779370323835,2814.652864057056,5468615.41894543,0.0004993695501354191,8944001.841362638,26201226.492887877,0.3490541546312352
1783.7947328256948,575.6732370812435,214807.68679951623,152.6850733365102,0.00011998968103310581,278.5533264772716,3723.3208739533666,7259066.436655752,0.0006628655451465155,7473874.123455268,58361742.11508947,0.25123869476418237
3027.938682548241,1323.1958173322598,7846862.871670898,153.33592205901317,0.004383188456194231,411.59946186654673,2725.0071248997087,8423284.69745773,0.000769176760073426,16270147.569128629,21305944.672705032,0.4264702369786255
2569.705900961594,357.4836414403093,4278319.831481719,153.03160276065327,0.002389831758747629,397.80049639891786,3403.818945725395,23237880.37180536,0.0021219795100542844,27516200.20328708,42717135.06266433,0.36193040858614
1203.2017208508971,458.05468248068,859204.4001182992,152.74002639535072,0.00047994400688522454,210.8540264264748,3025.813017221191,2626274.5565884532,0.00023981966976726623,3485478.9567067525,4200318.426999144,0.16946503110576017
1401.2127570989187,187.7387516548791,1186080.239377533,152.7679018125543,0.0006625339703754118,212.4250021690923,3567.614212929633,8793417.807604201,0.0008029756635515772,9979498.046981733,20877996.620773997,0.19735390945055192
2260.032495696124,271.7922286341422,2395108.249618624,152.87100567080412,0.001337886363347085,336.6626257126562,5497.808134081239,16019612.819483113,0.001462839536913631,18414721.069101736,45446863.108971,0.3183144360135386
2823.39420809288,555.4359327599112,1927805.8726532161,152.8311549166228,0.0010768553732858344,410.63873045100195,2419.15727421845,10011871.495705692,0.0009142394156121343,11939677.368358908,14423011.315024642,0.3976611560694197
2738.308329850323,320.18466328565347,1770495.983759354,152.81773979608928,0.0009889834555119048,417.2040735683981,3435.8435679921113,11611045.209477784,0.0010602688210203418,13381541.193237139,20997949.92416346,0.3856772295563835
1112.9088433354216,164.6900087765443,1480906.0685578538,152.7930440592539,0.0008272210806492541,170.56388338080777,1454.855462973172,5863511.00476632,0.000535429652361417,7344417.073324174,18258097.242958877,0.15674772441343965
1380.195293837914,707.2366689139798,4141558.09622433,153.019939951813,0.002313437858531442,237.48160814245304,4035.7434236968124,35880419.662486725,0.0032764397663533774,40021977.758711055,61271501.91244901,0.19439370335745268
3360.0095657044376,1450.8926249801661,6781674.088632707,153.24508456611358,0.0037881833880748506,572.7048882683097,4071.7145216759277,17809149.4844271,0.0016262520373114457,24590823.573059805,38101452.98405838,0.47324078390203345
1834.6759967924274,507.7443619913583,2944558.8958845623,152.91786189007118,0.0016448046527766103,308.5256122283152,3033.0686865203897,11415732.161686663,0.001042433705302909,14360291.057571225,19684692.505899392,0.2584050699707644
1282.5988183707252,533.0320162994685,5421170.328546597,153.12906311281384,0.003028217975993064,190.52383767592926,3658.8290351969254,22793386.817158416,0.0020813903427024977,28214557.145705014,51546233.845067546,0.18064772089728523
1179.4832315414644,144.74550790069264,873735.0554600499,152.74126554499486,0.0004880607029198458,172.47030808342032,3325.8711723320403,7848438.2551520495,0.0007166843488688197,8722173.3106121,26003905.288452793,0.16612439880865695
1283.9739880192192,281.4003065306397,589951.9459327019,152.7170650026993,0.0003295419585396253,230.63423647051945,4176.812675492768,11590268.325542597,0.001058371568719881,12180220.271475298,44227399.63233688,0.18084140676327032
1105.528636429911,590.1492472122529,1963907.8426710851,152.83423363139843,0.0010970216156196422,186.03194223638693,4783.001640601658,22014976.341575112,0.0020103093726152477,23978884.184246197,39692662.047845475,0.15570825865210017
4530.88611231406,1525.5377793790192,24191956.08193289,154.7298038873546,0.01351341349597246,708.8886246023654,3978.139776377438,3807503.8338042754,0.00034768425478206,27999459.915737167,5522302.175579187,0.6381529735653605
3078.6213918071794,466.0149896858623,13440261.936152333,153.8129176450492,0.007507611886458765,480.8599960446974,2471.8731792735853,28652809.1343213,0.002616446634362392,42093071.07047363,38745740.67445205,0.43360864673340554
644.3378811188044,105.65936308807721,1392076.7036965513,152.7854688416696,0.0007776017801723878,98.25365855975399,2944.197515098374,21649166.14973356,0.0019769052187407566,23041242.85343011,24647748.58340813,0.09075181424208513
1654.8592180944338,1057.6144953825285,14569966.639138542,153.9092569461855,0.008138654978968374,222.87021393488192,3227.393793464759,13905168.836886343,0.0012697579505365967,28475135.476024885,25233942.683038857,0.23307876311189207
3029.3531270992457,718.8621347304728,2508766.953085118,152.8806982922751,0.0014013751135812935,513.247007891749,2505.2881486181695,8106264.040500565,0.0007402278487457278,10615030.993585683,16259383.463154923,0.4266694545210205
3848.4770261937024,844.4126331268086,13076855.235495172,153.7819269379405,0.007304616105689554,590.7649164334464,3533.917688577287,29674401.649025135,0.002709733902785401,42751256.88452031,53652678.498514846,0.5420390177737608
1499.10937197283,129.26986058828274,567522.7210284232,152.71515227643852,0.0003170131911467422,262.8981068206627,3328.850382779285,5399345.772831198,0.0004930441552469312,5966868.493859621,9838868.464078516,0.21114216506659578
3253.4023410036993,407.3053550885012,4428752.65458206,153.04443141667917,0.0024738622081681427,546.7230245031132,2215.1073718643706,9954980.760733226,0.0009090444076341273,14383733.415315285,18310875.724588357,0.45822568183150697
2764.876015836429,592.1752028883833,1219961.464631613,152.77079114598277,0.0006814597242523757,503.673413382876,2649.6663173997654,11280839.532379204,0.001030115912506494,12500800.997010818,21903096.55675937,0.3894191571600604
2200.902611401691,597.2269902298667,3419246.546768496,152.95834244788713,0.0019099609917720972,345.5528490784048,3065.2605037706376,10725113.408568077,0.0009793694834406195,14144359.955336573,18733153.966117844,0.3099862832960128
936.294036879564,61.18995380471507,115352.44293924958,152.67659196198593,6.443485817886341e-05,136.89806605739645,2204.37412167664,6349148.677485894,0.0005797759169231243,6464501.120425144,13471898.968944611,0.13187239956050198
2245.736053130824,400.53618089220566,3082099.707930412,152.92959113725868,0.001721633738422046,320.9748940416081,2361.6207883975176,2341551.3211362488,0.00021382001480738482,5423651.029066661,4564466.333378858,0.3163008525536372
1018.872677339807,172.00068574787437,1470712.1850724884,152.7921747421587,0.0008215268671594167,156.5158839428795,2453.08905293649,8489454.240579199,0.000775219067394354,9960166.425651688,22835477.406108256,0.14350319399152212
2522.545401973438,215.47294093546657,1705829.5144793256,152.81222514926083,0.0009528613355911375,364.50306817322377,2664.0846225804385,1272926.1063801004,0.00011623793015257277,2978755.620859426,3698180.841850636,0.35528808478499124
1943.180929258653,561.2112714251166,2932095.940057712,152.91679907033495,0.0016378429554710916,283.6072264578206,2875.9355433338483,9584371.332122091,0.0008752020088798963,12516467.272179803,27517127.667750213,0.2736874548251624
1766.4350690782635,244.90828929079842,422860.06296435377,152.70281569030095,0.0002362059050711185,253.87503356266905,1788.763505852104,7704479.077631259,0.0007035386393593575,8127339.140595613,22311054.602222875,0.24879367170116387
2113.7907261429878,933.434413405928,2459991.193947059,152.87653877825755,0.001374129404322355,340.67297917260777,3552.155772841289,8679288.187394418,0.0007925538560673939,11139279.381341476,16466616.421058334,0.29771700368211096
3409.928288593644,949.7496615277504,15166466.371499704,153.96012543172137,0.008471854473309781,497.2531581641544,5130.937823082754,13051191.720209654,0.0011917765720868727,28217658.09170936,20432190.02894411,0.48027158994276675
1691.7579755023894,198.6568295826162,313752.94769024604,152.6935112205517,0.00017525963189402027,234.96044306106398,2702.4304114427787,14240331.110220194,0.0013003634732941956,14554084.05791044,36065816.13194498,0.23827577119751964
1597.29596288489,87.5237610280314,403663.9720247775,152.70117868022143,0.0002254831378216693,232.7016781783364,3062.054319537202,2288801.741098486,0.00020900315861339602,2692465.7131232633,5955187.002405551,0.22497126237815354
1544.9983341407044,483.5640717537318,1888009.70373836,152.82776116683047,0.0010546255840004903,223.60303859465176,2757.130455048109,14522423.21649972,0.0013261228652824376,16410432.92023808,22317222.48586931,0.2176053991747471
2289.1034414521323,771.2816373865696,7910259.296447332,153.34132839860027,0.004418601140446121,377.0748936164881,3495.9287059346107,55262597.9415814,0.005046333771761876,63172857.23802873,64659868.29902503,0.3224089354157933
2295.6125374997778,1341.146715682252,16286935.01698712,154.05567709753817,0.009097738385485554,378.095167868691,3605.009303627727,33233374.81779016,0.0030347234465871375,49520309.83477728,54732006.28777555,0.32332570950701095
3870.866258185036,1202.5699471221171,6241248.068136915,153.1989979516268,0.003486306175078724,538.243673321125,3504.775016580837,14632354.842689987,0.0013361613306910867,20873602.910826903,28193768.293363947,0.5451924307302868
2292.7715542051233,924.4123139811974,12513026.272107258,153.73384456017433,0.006989666215012402,396.8753902835686,2699.4611308947196,24773964.53730536,0.002262247859523225,37286990.80941261,45755034.366602235,0.32292557101480607
1578.0936223949261,277.6010703925922,2622925.629104325,152.89043355055742,0.0014651431440775298,211.82886311914413,5307.415323956677,4240358.654638626,0.00038721062491318183,6863284.283742951,10322041.170834573,0.22226670737956705
1198.8602782667344,236.09294682306572,3265294.4008744163,152.94521366998202,0.0018239646796505138,172.33579920801424,4767.669997594151,48784039.40148323,0.004454740723823852,52049333.802357644,88181693.64104216,0.16885356031925838
2328.6910840997666,287.07424273224143,1679901.6615172003,152.81001406593285,0.0009383782653942241,343.1889800418883,2179.972605182169,10545204.358395386,0.0009629409920278237,12225106.019912587,18020439.08277956,0.3279846597323615
3647.5516971323714,1529.4281042358923,18018899.37742758,154.20337608085367,0.010065198415739163,558.5421272832402,3862.464315994129,7697657.4147308385,0.0007029157155527286,25716556.79215842,14374146.471764,0.5137396756524467
3763.2563756620157,793.2998992918949,3091502.768583829,152.93039301432398,0.001726886205246414,585.7906984278877,1754.4583834475752,6783642.978176466,0.0006194519970366708,9875145.746760296,17407273.07802066,0.5300361092481712
1980.5090753760044,786.2371812499733,3552576.2005710434,152.96971257464162,0.0019844377615301223,333.16560433761947,3064.8985286084458,11140351.830014197,0.0010172872026128477,14692928.03058524,24655231.377036825,0.27894494019380345
1746.9551326415965,577.2745564640901,1132939.8046387862,152.76337008640385,0.0006328501917860496,294.0745701094438,4414.378122019869,40684362.76790331,0.0037151144076743143,41817302.5725421,62190543.68741211,0.246050018681915
3357.2996238883247,235.82575529432853,4351886.218487307,153.03787637737142,0.002430925294286679,480.11163423143586,3863.740402933411,23876163.39044032,0.0021802646662513318,28228049.608927626,32345826.51289166,0.4728591019561021
3651.219180821105,988.1038665195766,4336382.49280466,153.03655424593893,0.0024222650497340847,494.8044701016236,4708.285276428776,3701067.549181899,0.0003379649683634493,8037450.0419865595,10120064.34856208,0.5142562226508599
3737.3237474496277,637.9408812323198,2725600.530968012,152.8991894920558,0.0015224964395219587,668.6836145213551,3174.009998284085,23881131.35898169,0.002180718318963314,26606731.8899497,44716017.0711087,0.526383626401356
4168.589195894941,1107.7959490345695,5395779.239208311,153.12689780377735,0.003014034737226501,610.1496649922269,4927.053545943307,1666887.0163769803,0.00015221268195437715,7062666.255585291,9582300.695891127,0.5871252388584425
2144.0919405745713,749.3058335489479,10222769.075041963,153.53853531059397,0.005710348725709302,348.0496538510135,2326.703030416312,12921049.605449848,0.0011798925750743695,23143818.680491813,21782924.841494642,0.30198478036261567
2789.9144609481596,1104.4318604320824,7260190.153919201,153.28589160461695,0.004055478245621025,436.4352392699865,4180.739431317202,27671577.587995857,0.0025268449494149237,34931767.74191506,33675560.853020705,0.3929456987250929
2501.9831229445363,529.9083966953674,9155147.079755967,153.44749031748054,0.005113984486669221,456.964456735253,5630.57925872196,8225688.851146552,0.0007511331893847289,17380835.93090252,10950541.342004407,0.3523919891471178
2385.780186111709,420.7827680806011,2574994.3993458776,152.88634605657307,0.0014383691814883193,419.1270381730926,2182.004471352773,7814207.083873398,0.0007135585111032294,10389201.483219275,12769284.810648745,0.3360253783255928
1639.6086746303083,156.74971044152684,2362547.705829598,152.8682289628512,0.0013196983304992749,245.346816902955,2619.523540132466,4172327.643431072,0.0003809983366355532,6534875.34926067,6920613.162236078,0.2309307992437054
1478.2274253339033,506.57405445524785,6376393.510704304,153.21052292576763,0.003561797228440522,218.11825113366606,1894.2347567431123,3797905.2717602416,0.0003468077569407105,10174298.782464545,7543136.52663839,0.2082010458216765
2831.045099519009,317.0412726529748,1553150.4818754236,152.79920494029795,0.000867576173334994,436.0271698392957,2884.6889975802756,9858839.551321853,0.0009002652215302907,11411990.033197276,24149564.962630082,0.39873874641112805
2576.627798935483,795.4417160847573,4739847.429874216,153.0709610515117,0.002647637008383441,453.84394523820885,2392.121989093158,7886017.926164509,0.0007201159566836086,12625865.356038725,19851485.913007297,0.36290532379373003
3117.1710062856696,1632.9872118922892,8210348.834990238,153.36691952550726,0.004586228512388102,467.47571319109414,3439.5064844174685,9954940.33537688,0.0009090407161710299,18165289.170367118,19799755.88070188,0.4390381698993901
2168.2681839628935,498.6118173273743,11941037.351889372,153.68506631512867,0.00667015824435313,344.9005015307677,2147.5401862932254,11225514.905575415,0.0010250639145359098,23166552.25746479,13124561.814165035,0.30538988506519626
1864.6516940214808,202.60723116646435,2999090.7402045317,152.92251227327094,0.0016752656604974714,260.2143711160174,4128.932433417118,20100016.681021363,0.0018354438041012695,23099107.421225894,38020671.6667016,0.26262699915795507
1284.0404065276477,178.051673028276,696534.5440435158,152.7261541859063,0.0003890780586741638,205.3805669228784,3269.4830468957966,3780302.6376177045,0.00034520036296261064,4476837.18166122,9663400.25684334,0.1808507614827673
1472.561671093544,402.2091188853566,714481.8145704641,152.727684698699,0.0003991032458452448,247.51183408395758,4859.270212224423,15635608.64640127,0.001427773989883633,16350090.460971734,52811289.93341315,0.20740305226669634
3627.479108195537,526.5703905042893,2741035.2211396745,152.900505736257,0.001531118121446351,519.2907048680696,4468.073859306282,19226173.521734487,0.001755648347315217,21967208.74287416,36934708.540642545,0.5109125504500756
2067.2199118916847,192.72900291626576,346343.5052817812,152.69629048803083,0.00019346443018775084,304.9056460992539,4528.529846522802,3436133.6410187595,0.0003137723864392008,3782477.146300541,13384683.711255193,0.2911577340692514
983.9493031735824,97.65644315879119,402852.2556761014,152.70110945842785,0.00022502972022198087,146.5090658080004,4952.362207377914,25336987.81016909,0.0023136606316687476,25739840.06584519,49136030.89045428,0.13858440889768767
742.4020048745311,65.71619110217028,115028.5965692351,152.67656434491673,6.425396045028897e-05,134.89425981625,3895.484697018869,14750952.849486748,0.0013469911712931301,14865981.446055982,25281794.231380854,0.10456366265838467
3363.8149246716607,949.1068527331971,1271409.2931821092,152.77517852954807,0.0007101980279395903,511.6691147688936,5368.369314405205,19283434.403714843,0.001760877155465782,20554843.69689695,43185242.94640823,0.473776749953755
2339.740274543839,803.3023367501413,3781783.687662133,152.98925900041394,0.0021124710441198236,370.1614934397784,3360.9236631541044,7403047.286798338,0.0006760132337030613,11184830.974460471,31450160.430689327,0.3295408837385689
4331.922300588809,1345.0776737971778,23510427.30760278,154.67168426932548,0.013132717528034465,663.2387094123419,5001.165655475263,29272155.4910157,0.0026730025791174426,52782582.79861848,41867936.192457214,0.6101299014913816
2635.27712038276,1365.4631725423287,5885135.785021764,153.16862930007505,0.0032873849916723596,429.6405262718396,3593.379323871887,12852548.677265223,0.0011736373760759342,18737684.462286986,29820351.701619033,0.3711657916032057
3446.068594695611,1066.1641573578872,1437014.1660339134,152.7893010322456,0.000802703450660136,584.8311092609865,3899.0910041210104,16410134.095713215,0.0014985001967131352,17847148.26174713,36525520.493455835,0.48536177390079027
2622.365244385968,1207.7761080734415,3715117.9316967777,152.9835738578077,0.0020752321402739415,429.3743699119208,4723.721561934959,25587938.390555814,0.002336576318516975,29303056.32225259,66548629.058144,0.3693472175191504
3340.8002105938635,566.1321894569135,11061217.625179319,153.6100367809742,0.006178698697689056,533.1790032634948,3331.120707719467,44126273.9574053,0.004029414374052115,55187491.58258462,56461469.556513816,0.4705352409287132
2404.7051189052827,565.2113269423362,1018005.5584115826,152.75356868880954,0.000568648934605509,388.34220202786986,3757.271800710948,2979771.2402550327,0.0002720994090382687,3997776.798666615,9926471.08518968,0.33869086181764546
4329.713228612861,1240.5392430627933,1390983.7175511175,152.78537563366478,0.0007769912477424423,691.6981082958343,3100.160392023729,11597835.801187443,0.0010590625968172921,12988819.51873856,41373799.74886127,0.6098187645933607
2503.7447812410087,419.83907911899126,6049791.775708389,153.18267088371076,0.0033793603771765657,411.70630784655924,4609.2102500862775,25425334.901477925,0.0023217280936975865,31475126.677186314,68813511.91844326,0.3526401100339449
3315.1437970973816,2433.542587154523,33926983.01777132,155.55999047422335,0.0189513137605426,545.6226263096579,5533.313591292983,27096574.17377829,0.00247433820423599,61023557.191549614,48590134.866501704,0.4669216615630115
1655.7709555321137,171.4077114757818,807108.1135768138,152.73558371238772,0.0004508434802783512,251.31576472589714,3938.660919615737,11057114.09810059,0.0010096863044776472,11864222.211677404,23482289.314164463,0.23320717683550898
953.125633277387,147.48072042994156,390931.3756467027,152.70009286599628,0.00021837082168030264,152.5546157839904,4877.649654195832,39259146.5625903,0.0035849700254551465,39650077.938237004,74053498.63434933,0.13424304694047703
2958.6551916696103,772.7520379842917,11891683.456386404,153.68085749862243,0.006642589593215176,483.0732206744052,1930.0258927130076,13903097.180512223,0.0012695687761236376,25794780.63689863,18069177.03441665,0.4167119988267057
2666.110318072637,308.7534295113016,3095827.989294255,152.93076186181077,0.0017293022354227805,413.78900680125133,4915.893210631869,16937607.393987346,0.001546666703861373,20033435.383281603,38852132.9156404,0.37550849550318827
1972.6781473131018,1046.1754602192002,13201058.379997235,153.79251877146004,0.007373994887772017,314.55908893592937,3374.7779346721286,8795216.89191249,0.0008031399479001482,21996275.271909725,27183597.918867797,0.27784199257931014
2611.097656979377,701.4121773250622,15118391.400953546,153.95602567976644,0.008445000218383125,444.60621013601195,4226.676803408401,6904267.272275134,0.0006304668691505102,22022658.67322868,12492516.132307166,0.36776023337737707
3088.7991599967613,370.38058923613073,1029185.2079897838,152.7545220703653,0.0005748937883485183,523.4375204994863,3630.535404269725,11805958.28071512,0.0010780674126642338,12835143.488704903,33989589.05015159,0.4350421352108115
1991.3224331564977,309.7105674830986,5100896.116022086,153.10175067114213,0.0028493156230258165,339.17245160820886,3520.234259310259,31167945.47975638,0.002846117658767938,36268841.595778465,47310520.848959744,0.2804679483319011
