추가소비합,지표1_증가율,새이동_하루
95840410.00913475,0.023511027142514507,141.71783452572384
180965222.47664845,0.03463830259429568,91.69864494592815
118801551.84360673,0.036890118893779904,138.89557208265916
115196319.41106884,0.030517576561740006,60.5354471539822
70817455.82275507,0.01314419346227269,70.90612681789406
65822185.59420742,0.00893368077987344,79.20248458616534
254371968.09884304,0.04809413271523737,152.52257111038136
183546531.7022327,0.03232275381252329,132.87622339977625
124889299.16005497,0.033634726450725606,53.58823666975311
212358188.08984625,0.03654425314935561,133.96828335847468
131246562.59153342,0.0302212380139351,137.83448599765566
244471185.3613636,0.06443500757297645,58.49879662918162
155100881.8949512,0.029294954817311425,138.2992321808639
93324130.95451578,0.016816141868891986,160.0384566239144
186962266.9805798,0.040463997105480945,69.11446925901764
278993708.9640892,0.09786893267709927,134.49922640708883
132427148.80550553,0.031433578950752626,46.9612378468135
213769972.3462868,0.06144894527284814,131.98887999504424
112584373.23199192,0.03151400848033854,129.8230247879174
67572781.18326059,0.014377985288245161,72.41916686728811
152316821.13183835,0.03929183401865879,159.29784543573223
169791371.54969132,0.053805559849283986,104.074226706366
219106471.14834148,0.054160022781846805,129.78805124431776
124053176.30803923,0.028718826816491804,127.65407102767307
96941282.1709886,0.02359870168434386,57.120044869469865
217977838.79475123,0.052903398813317605,138.53902178940928
375413068.0596833,0.11435831225088029,71.62232532353693
213853549.7466699,0.04960793710987309,34.72649264708289
79504100.60529184,0.02262046038901315,61.50975401182444
51065651.73523241,0.008471462784456629,69.67209530681959
111069053.15350056,0.017727842498867826,107.8365712855683
148864054.26108658,0.030592926305980376,128.8795943573659
174883422.777184,0.04369211006539446,143.84787667876142
111525126.70276317,0.034263646977470044,154.26360504138427
216140012.89005232,0.062298845417041705,69.23506058620794
57052080.31996619,0.010013811453829477,144.3677500540894
194668556.288005,0.05996449885401587,83.80571765788889
173030158.75191653,0.015473074759668545,150.22203035856572
185221606.46881494,0.037366043986755595,136.7747454531833
188524225.47582597,0.05645375988712285,148.98982120099163
84321404.60255784,0.014764558426684943,52.023837362384214
8181840.753648694,0.0009333882937492949,135.06549122189983
94488297.46352516,0.021591861207229588,64.90936607867762
233386241.52164853,0.06350550856623806,137.39214564159386
153372115.11594638,0.02541971441632727,62.71483206922125
129272134.05276838,0.035432871330857305,59.04624391879836
261284203.75330386,0.07953281321749538,142.34229220928933
277546972.7776161,0.08599965840902757,125.80715206081214
192579096.41196805,0.05418299560102387,89.2340249194691
208312272.83112103,0.041739774783248564,140.40863566699304
183478952.29796338,0.05186687755128008,136.749138326611
257905538.02021307,0.05978227158980209,165.16983040269835
228765405.32255423,0.04157141015403858,62.456762761878124
201055928.39173573,0.06975242579556483,179.0909909753174
405475699.0701139,0.11698470711218417,140.11081352688583
315404492.2716977,0.07048611485148665,77.22619539025183
191637480.02152902,0.06282814350666878,154.2732380562558
82097264.38663034,0.02490478513396717,144.46671869797976
200016860.8398168,0.050950737092918676,83.19294350306069
223857355.03639084,0.03197169541598933,152.92523812569993
104399492.46523254,0.026456250662258474,69.06433917714836
190093207.195612,0.05076965859873565,153.16691786398235
132367602.22755137,0.030163400764889325,148.1948105123717
195454484.95108417,0.04667316142820813,43.583111471500004
446233192.17891335,0.13433958510029484,148.28854970527811
124817248.85799387,0.025167030020854835,48.14362038022787
67319136.99560434,0.009209652198014413,83.23492460934507
88957844.21362385,0.02946548349646958,72.50093881361386
204902276.6087407,0.03879475325447752,78.83420049777084
96191907.51965477,0.032857847316391096,74.40247940409267
119916747.89248675,0.019718137284312494,144.64483848601336
7318136.882551998,-0.0003241833583581589,156.3557905625358
118476683.74841504,0.021391305466617508,164.65944867135576
158796485.47780234,0.044492292334053996,60.22811927587349
56435502.53662614,0.010276076049642669,68.16341130447418
180244406.6369537,0.03317590257767374,169.67232595387335
186116630.91880155,0.05246828026226752,96.75158907680111
60593542.45109649,0.011320715373255408,39.045135151675176
293164658.8410531,0.0750396581509395,170.3071409040626
163330449.24528256,0.03731764205739305,74.47996283900922
101976862.80164015,0.025284793140669774,144.31700161780407
215221102.93080702,0.045013674977236906,133.22581936460477
259439768.08878803,0.0632881014700146,184.6892502935566
235063083.4249215,0.05486935502184385,152.9423274883255
200314287.75358433,0.06137138297745821,56.696473845885805
45609258.55281511,0.006799115175287153,62.799880259795636
216164890.79521832,0.0634949080167641,104.25783947537957
101217204.78955512,0.02757612253865547,82.27077204088529
128940375.64656135,0.03601814986765697,154.9975212619385
332638346.37874025,0.08358485542926984,115.39426861672274
153284777.43129456,0.03421580918146073,150.38812981571107
55705338.67796089,0.01591524001763233,69.02221423470134
255886593.39719975,0.029818925146710674,82.24187586128238
154878389.54140797,0.036284263060257144,90.26934874152354
139204387.10743177,0.042062750472929185,57.828176025139776
199543625.99172536,0.06321110833008636,64.0981636705423
105932870.95103836,0.019592282433819497,61.248325622727116
115410430.89433157,0.03503897145717881,86.27738669800888
151697633.7178774,0.03953962627654881,89.28762608758996
188237278.38711867,0.035728757365979226,133.36388251044062
200185936.71274567,0.023511826061422672,151.23962280852635
155972932.71805963,0.029406364722890384,165.51972089425357
202274062.77425957,0.036741962939587355,123.58931417140361
187497685.89342415,0.033442089072184315,134.0753125649422
200822336.12368017,0.03350810654296451,59.38765744389557
91076771.92377174,0.02406725644096289,80.61373899530516
70235971.17617314,0.010673206232371335,88.60083128229495
120856028.34785914,0.04045600971725537,100.8995446890133
188083178.06113768,0.06578564175272707,62.17420914192345
196642440.6003486,0.04354292041442595,138.8952390152743
121455219.84021668,0.01717818439490038,181.14564299770836
69611732.85036466,0.019685184507215764,56.800540690827496
270505475.6571474,0.08289570348292186,67.30076756449368
102505123.51930934,0.021844345231422313,63.2841007172846
112253607.23256245,0.023620898508108862,62.00884117317891
105870497.62161948,0.01400184115161204,106.88880993022363
93883853.29501443,0.032191125480966,148.87431361333878
24706096.299690705,0.004527612046176509,103.35305018813317
195675686.99453807,0.04730367148856846,44.646385731307326
53309053.96882199,0.016260045486564734,75.81163280360478
48596481.51561844,0.012968449811634992,131.95699467945792
253382353.56411713,0.05118415850487504,164.34663351518307
253651331.6313008,0.07853239406019136,163.41849418048994
150152774.48049188,0.02147142658464277,74.63925760173153
142733900.2333855,0.039062752328433994,76.50695879738868
180674146.59353593,0.03512001603538525,66.28919018115127
169183418.3832604,0.04412471261589624,79.31759832121735
94668566.96528754,0.011581193792113,42.88039460391164
287206156.9795168,0.06417767655785324,105.38588481627082
58871991.77130162,0.01957123108865888,85.68853294087207
152184452.37800896,0.03332037834394022,131.34810486304673
39798861.54012813,0.004221118914108507,152.62634385040246
481791531.0796436,0.13838943671259477,66.98340161376463
110273554.83833154,0.019479758490519437,128.62501641951957
140186872.36103478,0.02171193344772932,64.59720603312098
145220266.84742206,0.019171889956234065,147.80684646857875
178608106.52269903,0.0280892784802077,154.45761725250463
189085742.58774686,0.04101596228843493,155.62464611152078
121498861.46662784,0.027243260968177,46.08558813469665
215947517.34181094,0.04033232551263196,83.57650127813228
116140523.9632021,0.02545237463638939,82.72762456857991
260316365.40715304,0.04433283549572136,149.91581504154325
196613134.1363343,0.054156154150067554,153.72929231898576
268668095.3794991,0.07312595110851243,130.21356336103503
245953937.9134254,0.05267797487447569,106.05930453377489
293036776.398165,0.07224963585685708,127.1076627197006
176275207.36037773,0.051436942483553204,100.85560076856079
302644117.93642706,0.07960704936851261,96.7194435292694
279203037.8586544,0.0707320476559809,53.27925198935395
260984479.46755475,0.0699388199815061,62.97548534806317
142030487.66974533,0.04434308923348964,153.72305301422827
108920810.588625,0.014655157155848258,77.3048850059336
157273189.4967724,0.03111955931596947,132.99226310294443
205936134.95480195,0.04350413390852181,133.90243603306374
66381302.27865513,0.01664857001022048,63.04284089974752
101681138.89783104,0.019305724372543142,129.69860360547764
91094212.24132462,0.015445272353636026,149.48768251557027
68251435.19372812,0.013136328349763499,40.39773199483345
396159528.41468364,0.1167634972360326,168.7230281725071
337670950.9605485,0.08805401714576935,109.18914036551897
280445614.57601386,0.08689759660938379,124.49171626570282
113738569.06766462,0.015049144533376631,66.4383150430482
249567453.17795885,0.05878307523560923,124.42546025907889
106529571.47035334,0.01832619242865847,83.35962350498963
128732546.1507811,0.03428507397703862,137.3997550164122
151250964.35847044,0.05254478020713239,89.56774639089575
74512922.94641602,0.00926987282148201,93.48407347582774
111194723.7313522,0.021795948333627406,61.192451651841836
362603963.70493925,0.07220383827067382,145.33907345444942
120182696.6329278,0.02514405476297093,59.71274935258467
117012779.34515417,0.02404675270701319,167.58984249388146
196716905.67421165,0.036160272010641946,155.09650711404822
45798962.05252705,0.014385763360721705,62.46522773952657
411364882.7686448,0.10153088630132037,154.05334612661557
323835583.93576074,0.08642425272279088,70.71727525376312
131929559.31735429,0.03627097902291306,84.2587289420205
234816822.98888326,0.0706085631720356,123.46820690435912
130301575.54999529,0.017949264378909948,135.3437065567599
519245637.9585318,0.16721435030570098,50.01572236730388
157372121.80174994,0.04544121690024063,138.30458589969442
105119904.63678594,0.014142526914739047,138.8279766760253
240979025.8851272,0.07825602759255844,43.7039202564261
307050097.41789544,0.08997650031964304,75.57595476741815
135898288.71041843,0.03863073655455172,88.83919883688957
89513315.38216014,0.01684134057901023,179.75225934104614
99524094.6053302,0.02294174302971828,56.987088735991435
92229550.05740955,0.02294386242153831,64.01298388522922
164907601.1210124,0.030181345244394014,89.58343255808865
119509136.29371497,0.022293214097122874,159.31663400820707
221865563.83851874,0.050765125812582086,161.38124572349682
261048776.44888532,0.07661185377329002,134.76215847479256
101233275.7844455,0.02928093967912182,80.66328522355116
203376093.6798334,0.05433392515876533,104.2388974764661
282106788.52823555,0.07662327637735745,180.98477004826722
173206365.57932332,0.03999170826448638,176.77542770092495
133626359.73998442,0.03745847876789556,85.40933556684058
140718555.73907745,0.03006248398049079,131.96223214767838
146187300.62232217,0.032492362670752464,86.73516862258751
164819964.97279885,0.04647963280868466,135.00974288521496
376610093.93428516,0.0957241052367338,107.86628199915039
246282758.74257037,0.05148515166324789,163.9000629816307
166505698.71974108,0.03361712439090342,129.62852166672874
340932980.33320093,0.10098782966579083,154.00190813195343
89868400.5633975,0.022411477566094868,135.49851274402832
158863349.29810703,0.040544320555636754,129.58084952331734
204883398.11311868,0.05566400419837581,180.01346250210912
151124734.66394764,0.023794840163666012,171.30594457367988
83402412.49087983,0.019799099997004577,79.22133654487871
212531267.99050516,0.06447319198621429,71.40105783119456
230680971.28449357,0.04136514591989001,172.34196476015939
61005183.377426594,0.009889100542485641,46.3283807561795
122505759.46633188,0.029887546887516516,89.29499016170388
247750210.6118644,0.08478133924988188,80.07278775544287
50191091.35810233,0.011424524537393425,161.96930165634714
89895289.82055265,0.016105936283328973,40.012219469620014
26013349.73991333,0.0040817419163273055,48.93266097939562
15699488.553713277,0.0032456143452975887,92.9178671074187
80190528.21730292,0.027207661723969327,151.66835492594817
174942317.44314444,0.030872383701248264,136.76213550678534
395046834.66786605,0.1044669390767453,151.31608373990179
171129810.92358047,0.041582025192085606,124.26043061577134
137176040.95789754,0.026472077642695584,119.94939062025381
74372027.81673461,0.013733900213684857,73.75661690482664
177494466.35146326,0.038365551865617395,127.13999430950675
148572692.3520271,0.045864541385479886,85.22142469366393
100910060.69330202,0.029454716702466802,69.18541476329443
132040357.26444668,0.03487582268345654,66.90033897803315
184574091.38089287,0.04027330026542356,84.90683192981821
15308049.47482057,-0.00011094100515602882,148.9905321945451
176888658.20359543,0.048468355610967316,77.50207179883554
308365806.3228142,0.08970089563937224,70.89226060136689
18771144.48895899,0.0005452910244520136,82.68677821320186
242568473.76556695,0.0768274024576815,149.5371010317138
157091861.2298063,0.034639305180753546,117.91538370133333
225772078.58671764,0.04670705050846547,77.72959831897582
530050451.7447783,0.14725578648938736,124.74855918900951
138626737.8550189,0.04257277579307551,154.94294763364044
256230036.25894904,0.06761567192732694,69.70645132169598
110774124.85295364,0.015769405552865316,87.34053651254735
244086110.6602711,0.07100377440735309,122.5745739956155
110033262.85766593,0.029462479069940293,33.29767463320738
78763536.42226727,0.0232632389983535,72.80812371374734
229866547.95695627,0.04247678963774834,135.3171900518457
123836795.24860406,0.02362214786617275,136.49289114879588
227163192.54201537,0.04147840162067449,115.9579200007274
353196912.447518,0.06591488879905903,168.82063016258957
92124651.75114635,0.015522081349588284,157.39195784364017
150859784.45325467,0.024515932358644976,102.11431572708084
188457554.60363135,0.0667214941628144,73.09986822132377
177083302.42995444,0.05435242696500759,62.11560458183073
193897451.91106078,0.06944584917882796,118.49304251876089
147202124.5812414,0.02895833300287487,66.90565302964337
61145400.9946271,0.008999735977164542,145.72040031324926
54400755.81838653,0.014551655143510641,80.69672415594906
130853739.26034237,0.024218490920529866,81.04132371666557
126228009.03216495,0.012192658640745873,60.168885339930455
518372728.94904506,0.1549606222767644,144.55417681783646
132556170.3015014,0.01908394320851272,73.83969781093566
145124040.84316808,0.040297026707071096,70.38298925826876
213056959.67809886,0.0447137078134928,144.6775828247674
93973430.84063777,0.01342822596846738,67.21918620162577
110117909.56253043,0.038278457606224135,95.08179145622101
268234805.44543564,0.053617425767528766,24.232855423993602
116576848.88920248,0.015978871767615623,138.4570897604474
283778402.4747023,0.0929668840322819,70.7825680669231
199604579.06139076,0.06157708488729879,70.41060796609796
221583117.88705444,0.05452725730936567,66.53660624308354
107017699.48019417,0.02088607691858979,48.431309895744114
81121978.94754523,0.018494021793621907,154.37194334625914
169533486.41915047,0.037152474138388264,65.69786542791888
240150984.1767366,0.04216296685539932,148.70494920508497
125853076.86473736,0.02880446578249082,153.40420402244533
296703035.332996,0.03683272354909557,141.2929063347943
241049474.14297855,0.08300662148855818,49.1609363843637
258401743.67472976,0.07416552823763062,159.08945941706355
83605475.6991684,0.028394195826259405,76.96113027244982
110527404.91074368,0.014107446818724133,137.59016890528426
82488084.67187655,0.020519018960029528,132.87503313579117
178094175.0314806,0.02253431848609127,102.14563416481519
209435588.82057634,0.053247416807433987,145.9406578044268
99500823.86142874,0.022406877742837148,70.32835449730787
189435813.22146088,0.032185606610915525,132.55610982746185
266005344.07572183,0.07469411014341518,63.27240941554942
107844233.72354358,0.017518623886847377,58.799441862411136
95188458.07435068,0.027385263213166967,42.70478110376205
131285295.60906671,0.018469762827007366,107.10787404623082
267020236.09581244,0.054712912673638446,105.7900640462031
110008655.75158969,0.022950942788060737,146.2243295826068
182967891.23717234,0.045629647164553894,117.19360230221429
64811025.04510919,0.011417981442972111,112.46445195699962
63241843.13709298,0.007817859760209564,70.43988007617301
260484188.1502094,0.08974717231644602,139.16171540339064
102807439.32168314,0.015666589923565403,106.73832830809131
136329982.82357156,0.04589385892312108,65.07128275445862
100872713.47272924,0.022296872005743224,94.93051701030221
82335681.7539342,0.017415426266210787,117.79010330453085
85688320.75537802,0.017868075854897362,64.19174776359304
290175248.73475283,0.08031017596311105,93.14384118623148
117263226.21726146,0.025354147034053993,71.64541671785021
173547426.9357233,0.025691876209062804,151.2707098627836
230504276.6404482,0.06022959928443716,178.050542920069
296775546.1510891,0.08083764830254071,150.98223039239758
73692843.83539583,0.02259723436621228,155.94756653659468
99454288.15663692,0.02819909214539892,131.12463370722145
175479759.88193524,0.045966031420449326,132.0821909710633
94762610.26866429,0.024533416526310924,57.11863371385662
292966644.498101,0.07376716012247854,131.64054363314972
356660712.46176904,0.09866360155808694,90.0207562896364
95285987.2421617,0.00897408247600736,141.8353379341039
145447981.82216224,0.024322546703643668,75.39165715436904
164768797.68953535,0.023590861654726732,139.11745441963498
139296243.4054147,0.028040269570720058,92.96986158125472
122215433.52090646,0.029073981030030165,60.73389389892985
86139244.9114739,0.01700302779955136,66.37461936358781
89017839.89569429,0.01753996908709473,79.9352601616139
294874515.1343254,0.07339090248094698,151.99100410692347
122508230.48174366,0.030594410567954786,139.33268195079575
268418085.4319581,0.08605719796474781,56.38655036886682
313434378.7136585,0.05253250643491204,173.9328918636081
146746464.06897384,0.037260744909527584,90.73674726165201
241228595.81726298,0.05314068284867458,67.03416389912596
137244930.57161492,0.024485565661044338,142.92898865396933
104781311.15754667,0.021648844578681766,166.47018106581248
89476972.90970084,0.026708556274254332,92.75281782644551
125800317.70683415,0.01286142999749661,69.08814802632915
79991492.56153443,0.01611137336847393,136.61035324037357
423842379.72061706,0.13134119860856924,175.2402070257575
171541396.3931095,0.025897680990539337,76.17386153931724
209957346.71925667,0.05010293147783623,89.48204607150097
228910646.238349,0.07014236028549217,55.15568458489816
184537611.10274422,0.04290603492040157,132.20030358152252
91511265.28990409,0.02304755110612107,155.16954258287785
66431914.24197214,0.01725743177316103,123.34366684730064
90086883.9725785,0.01798856950295914,98.77166369611578
141270359.71491396,0.03559841730481022,157.28588399741014
426820381.16344905,0.10350915139335448,129.64311786224053
235863601.49613124,0.05610783459291911,118.32433371846211
148206976.86831194,0.051479692670232405,116.19198268959967
267142502.43437093,0.05624478336842343,126.21325847504401
313917295.4953016,0.0974795770542855,50.7326615206319
330805602.85975134,0.07383868866222223,73.23643995386531
215439295.02043635,0.05756476312195794,172.01303093095734
161698354.33727247,0.02639812543734097,127.02202216241326
177202943.92095864,0.020798090417069794,49.14673851845794
130067386.30759934,0.04376156564067627,105.27960948894591
182253366.55607247,0.0482528110075857,67.60190272944924
207163879.57087713,0.05755757335084408,142.93662746014368
168320034.84995824,0.04856027224625102,66.2777723202217
134906571.5499222,0.011820204432341875,138.43191641953146
271751931.0442693,0.08396174739767177,126.40149266650278
314131608.23054504,0.0609082913088281,76.928509531166
12460575.826717885,0.002228707156927366,84.96829042917918
169499123.8221206,0.04135632252077584,69.32349723269547
313391457.252123,0.068903574508663,151.14209969448464
104569288.46733227,0.02150930297054232,96.23883948333184
128470179.83040215,0.028465861976770892,184.2322519480402
39872119.0031675,0.012910757817454556,81.03459888697832
254997213.26383802,0.05898189281437292,128.33978145100647
160290271.8952558,0.035306516663516786,139.98132512351353
154053161.266516,0.032429177662483724,175.7250198158943
116042848.84901516,0.03522760736981275,84.63132248846696
84216028.63180166,0.019472974247931214,79.63970997518877
55687159.86447307,0.015725507520089648,126.40033767884935
72329941.22304079,0.013788327375622165,138.4928583107104
177322868.08674687,0.051420112843837365,175.6546081653717
210563526.39492178,0.0499582885380632,72.87085791144042
51126305.057274826,0.014121956810283583,65.63804467001502
90213244.29838486,0.013410851765814106,136.85289148327482
271378170.91487354,0.0468956799429998,139.4434733527276
150776983.4651558,0.035655615797581745,59.00925003088516
121904665.50437717,0.03276961172513938,155.86265327708108
195901665.95537725,0.0553003605638705,157.57229842002138
231631865.7488046,0.0822505318726295,87.39017108096876
212269026.7290275,0.056323023631458156,99.97313996772574
133863614.50794968,0.02412472244095992,69.92748197113808
235025074.08657795,0.053751001553767434,56.27779023692539
215959714.5762229,0.02831571292609161,160.36257662530528
203470582.80074543,0.03252793570839912,147.04476294512145
115683190.66085307,0.020413988029403075,124.76645976223432
96225465.42544854,0.022883932531304225,53.2647177263361
240309746.34468532,0.05332469375191031,128.13828870813262
80244168.38804904,0.023408168359060594,108.14599686890097
247852582.74090105,0.04046202117786038,143.64692200692642
112736394.7501895,0.026781063957947746,44.72862120080584
145626732.46623597,0.032956882227287716,144.79031973540918
133001597.76618889,0.027598458947924003,70.31654840488969
328035616.3604857,0.0629548257930516,165.21397654933
339738298.6152233,0.09037200882973583,145.39682111138737
262276518.09460258,0.06383793567881466,89.0938569436114
54766300.68454456,0.009794208076214578,68.52404263786454
183120628.10042554,0.06162630647767282,140.64652107388116
164975316.56546324,0.04766295528900024,96.0681961674049
252573742.83993524,0.04880210927281329,71.45123987994575
285592097.9878214,0.06645896411052765,51.11283151235931
160425760.3307476,0.0390255942682209,66.2991468909283
303638945.045156,0.06991317063355455,135.674909511383
111698168.59650894,0.02574546823340368,131.85481425590547
311690937.1791504,0.09254656772287777,74.70135753388962
318503529.0797631,0.08467759785656112,122.14449661192573
135187203.87676552,0.045796693334057705,150.662176096823
218199360.2807246,0.04120630128901525,119.24437878838802
186054184.9533321,0.04458102382269992,68.05449598536478
78686601.97630788,0.01817798045829179,49.79184417317566
261082605.00213543,0.05241719978608885,95.34589990446857
136319562.87000448,0.028729060459680468,101.70613460481988
206040370.40461957,0.0558136241685083,143.2647926786518
403650046.6489875,0.12246365704567047,149.51241715929999
212887042.3237698,0.026343638173107205,156.48629578976156
154957109.9213952,0.03865655711324274,90.51729678628732
181834830.24769676,0.03991292057526511,160.98994960340397
204302331.20122975,0.04642621603600152,151.74446964682562
175247354.77166152,0.047847415140206094,50.385069759134716
74711944.12720956,0.01604248964813094,53.54794410366052
340175044.1731814,0.12044679724978304,125.34261876690263
97200813.40101042,0.023021179092666752,118.59482590419276
177342438.44172814,0.059836424853713543,149.02297570727293
118796602.15694314,0.016939861113739307,152.87457361302447
188000406.26819146,0.06490960539590604,163.35905899736542
128096736.51459083,0.018444861630411806,61.55415794231267
86381951.51956439,0.014426259312218947,72.89502421588661
282546287.42822576,0.05533032516111531,174.83043106003217
240014105.71720448,0.05748201077048772,151.4290891095969
402168593.9679117,0.0895748998847748,129.36702343899373
78126398.027288,0.010781667515249442,139.34510082848146
83080776.93274501,0.02069110152588402,146.6093399370879
66700384.72399415,0.006749259489166535,67.7625585354105
88998309.92440978,0.030742843353098653,59.86625528410611
16176201.343494564,0.003813575179851506,48.5390462609509
181423648.90711862,0.03663156767391251,85.22586469914778
134402053.22960076,0.01804383380297069,69.79384520419048
230519786.86428928,0.06315034238733688,69.94378953244595
139568150.80897865,0.046475813105072435,137.06838653251324
140814444.27665496,0.020792798422177156,146.1119392783963
202623728.49815327,0.047372903073634266,156.28264995147808
169794326.4729422,0.042943330740688145,135.8777618361181
25524568.875138596,0.007679348537949348,82.45015921857681
165532459.1045755,0.03822862057980899,94.58190042021899
66833433.53717084,0.006942464786888749,75.57646125415184
208455708.39640445,0.01543376880539103,115.54486198363234
119649273.34459117,0.015813265612712065,81.63937419375146
281856642.17666733,0.08915654477381864,155.21240350915645
180033411.3610079,0.043943666276686735,48.07705592733664
34013562.27989811,0.008983926816049608,54.98480955726655
177164323.9851708,0.05904296127399535,138.91237791935475
283435647.2648269,0.08655220286579754,101.74410726488499
57618360.77029805,0.018395356116118037,92.48276709519102
252501253.4875278,0.06520939191106404,64.32431463020475
43602920.117495045,0.007201297012799465,127.86184227389273
194388811.51486155,0.06346179696101387,51.86904027755755
413742154.4000454,0.12230732782906764,106.90348946207688
111132249.65466627,0.02478742060997519,67.43237508548056
126520924.16446018,0.030113725188910496,47.82087262082303
175109852.52626514,0.03638316898301253,76.01441529576698
136513891.408234,0.024321810046993887,144.3327141354597
113406203.70956323,0.029614269322500362,128.24948522554217
82184123.10332283,0.012615923119049924,75.73709257815413
172578051.77931112,0.05680761665038266,68.55296303456068
297672090.9368979,0.07325505769294928,75.33277408716171
254820221.63223416,0.07880980654853016,109.21103288547356
209888650.3918172,0.048531440391433985,79.14987691928445
178427460.3117324,0.03703428798208283,129.5125397873693
127031945.53021827,0.015450265236723914,80.65716708539321
160408165.73931727,0.052896904561975135,171.05918607485808
252606393.5946049,0.057602868013019795,136.86592624099248
195797143.7717107,0.05076625877911841,130.19987719387558
176059768.62282878,0.027120110298986918,127.02765546667135
215176013.06362557,0.06789290742124537,58.552258165947116
160825480.35165596,0.03451770584776917,173.91201838434347
273779381.91263634,0.06200776158455095,176.4353287468829
55458520.6149498,0.01619080935618258,150.30832027592655
281891685.47699773,0.06484647644556854,123.99914808335976
422281320.9119141,0.1223334710540063,111.69482298523403
108447361.57632843,0.029943240965260756,65.66450622272531
153989487.7954025,0.03456659203068906,39.38621360025472
214297071.34290656,0.07502807994852638,146.74714233869943
240396036.47711253,0.06520539549414303,93.72103706518337
319332397.9786185,0.10284566672470402,73.96474814594298
224192591.87323445,0.06401118058855049,140.9349189983043
67488725.79492676,0.011656503290487083,70.08687699916133
182086491.49324465,0.013021562984608218,72.28357744163371
115815326.75588842,0.03802347652506821,72.62776967081923
236580418.552855,0.04346587877926819,170.7378214940365
171615985.87763757,0.04293663358485888,89.15625404976328
146404675.32830182,0.04020776709340539,160.61085728223796
315287330.81878364,0.10887042897641794,84.30819083906265
33903341.154577084,0.0029034678124776163,59.39445360509957
151537099.21433,0.021940504292830964,147.4753310233292
108958385.65441605,0.02474849727484195,135.35130179151338
99811383.65526086,0.02192152495030503,142.03399882559992
70475101.73317233,0.01501148762647309,52.328833236370095
83795989.75298035,0.011358709640316928,176.95876560352903
68735296.5857237,0.013970747764288602,138.46503065102118
202220579.77608797,0.06617786468918582,85.3172140088491
105193547.73418975,0.021198747272666334,66.2893685513797
74339202.17683455,0.014327977564124551,160.35684269039245
35084119.198408574,0.008220287340209435,82.26263709569265
277138799.01286805,0.08387539678786844,147.94355796941593
151086548.88714412,0.045423728056596155,90.1196496591823
548190499.0974917,0.14585828494210176,129.0317788206564
309056664.9616902,0.08077588625194716,82.81524009401028
46237242.12446998,0.010451163750553454,87.00208696816355
64564716.2602391,0.015617918027306285,132.45679228704066
118512028.28701723,0.02654487246380356,57.491263915021996
184888591.90176585,0.02426481243519207,145.51607644719044
108745265.39495608,0.01944764640361317,131.61320505118016
224419482.53873706,0.05271135395881032,161.91929714506847
157451566.7699384,0.03434911343991059,140.9104922739305
162986785.38812688,0.03235470185567845,97.93832099003878
207843186.01372874,0.04529697758103172,120.73431052437893
61124168.671619356,0.01947801447629022,98.89005254947736
204649343.19258687,0.07011342495869184,104.6195438306952
70487075.01959631,0.011979468522637452,152.04402543216756
464055322.139114,0.09977291878060982,167.4542002918665
119364475.82879153,0.023232292681463842,119.0917183622164
90947622.9498492,0.02349799822216682,171.6324785160289
327110347.6167937,0.09566505147339387,140.06120935226514
83139974.81083012,0.027100154316749354,75.16964419330971
86109155.60616195,0.028811561884633807,74.75188382479737
440323179.4548707,0.10538024520288938,122.64621137048975
248878276.2561319,0.05484322926619613,86.23467518700645
183209298.31403273,0.031415967250976,65.01333875403063
143612715.91164327,0.02261239762938181,131.35514998319974
175099084.0604797,0.026087088920970128,138.38564630321176
84916235.19153497,0.015432511326669483,134.50807422009734
152640208.58608872,0.053988511910365244,71.08613910345632
211042687.59841326,0.02293757613079054,98.11351148891715
319403799.01432204,0.1113546689238029,71.43093173978725
369282429.5242841,0.09208920122348303,156.37438769919655
46892390.37238704,0.015159655320549442,83.34552870200304
118182568.20190887,0.02015993208560849,75.84559918639249
127970407.6295552,0.024934915345884386,128.48192308232223
90224201.67123827,0.008081490672989479,157.0476370804847
77702031.47410938,0.01701762338282611,59.728467601952744
344342633.15249884,0.09653635128967417,139.0280402122811
88333030.05609977,0.02278154218909915,80.55897415005985
192645300.04722574,0.0619643295360858,66.25636370618479
320990755.956712,0.10024515819500641,67.7046703452575
130798557.72879407,0.026740881247090773,105.16231205887782
91112925.5724532,0.02931112567615272,133.89039857357363
133189045.95133391,0.022180128469084487,81.75879007231389
174806774.5923401,0.020279295644358163,130.54400308761464
36467770.69598757,0.004885950673773969,135.01139303732316
203605755.83576798,0.023558778705430005,94.93497602554838
235811505.5042667,0.048144774860933985,132.76158095422218
435471052.5809946,0.12130345143644776,65.34716197397076
54722064.32970531,0.012234187126593294,56.103833075337874
184278476.8151785,0.03681937487154626,53.34338669354377
162670097.14539802,0.021073985495440616,134.45152193295712
162479479.68766707,0.052072047216879726,147.04796607888838
216529869.22746906,0.05283494377025523,73.01690927478462
414731563.73277795,0.12473486575618933,37.24411778180887
159900988.36934853,0.052158598320176476,164.57517103498265
152161891.1722171,0.024564357231309137,147.47340010944316
130743232.19047788,0.020814615160585994,53.074127624497955
138378257.45533818,0.04116149669150426,57.75221268041711
346529825.7800485,0.1014855491225522,132.79759964937168
107992527.56710884,0.02038666606479368,87.93217548598872
224405856.42108905,0.051273252232976074,140.05164046593188
129717173.31815365,0.03608565176849673,132.8915478846842
93923014.63030735,0.029245443607877557,89.0179180210607
64112477.618159875,0.016984640500314202,109.25362590336881
265928054.82890582,0.054262598110677795,167.67173987387676
123419563.48583299,0.026299111211617748,107.10472682764455
92790993.15955266,0.018666809423267428,136.8400453314369
108866424.70157117,0.026529212953368915,132.4978659153944
97678291.95323633,0.015509966958502354,65.86593782181977
91239568.89458334,0.01272071605652899,96.05020954013959
164718784.40519056,0.04152934035592077,155.75442488133902
91186771.63909775,0.010779192043949457,97.4554771568623
145126752.2745915,0.0300706926172696,87.88961073083667
320960065.95196664,0.08170276787449814,95.2792867741898
47733338.960323334,0.014477901235641124,69.54089481772141
28032820.900258757,0.0024484553063792588,69.10150880241795
157062254.6537914,0.05254589073008775,77.26598839154912
40135620.40867372,0.006276645579562019,36.67337955734871
311774088.8446127,0.08246048679518442,86.21467534483315
196101258.92536396,0.06014082540612253,43.71398808780506
141822525.61090183,0.030637642397087838,142.95908763930225
182149933.38347232,0.03963442343748801,160.23753928902588
103527671.72596183,0.014213675663322803,166.7124256751122
86471157.85438597,0.010952064589182268,94.61743207591618
256682343.84864503,0.08077414350148009,78.34134925467787
155731623.58762133,0.01587751358837624,180.4365302761434
75388943.33088295,0.010075267712934507,119.6886375042399
162800271.50457013,0.03186840145651442,59.23054727024009
122762372.30649981,0.03572500883103157,65.18400498194244
222956946.77886856,0.045542972362509995,141.48071331770177
210886691.8369624,0.04663875690308207,152.52252925549678
147852504.87231666,0.014801176701166754,143.04099734886236
89460021.94718821,0.01593055404193644,135.49739657388426
153443100.91926754,0.0299947056813354,62.202740321342866
237550178.09350783,0.05683084463669212,159.4851611049866
134161648.07655078,0.03683412366004662,90.41186868500765
98971675.99539989,0.035068573905468456,56.331436879266384
183082450.94518024,0.030294696383502517,73.408500373024
111858247.06625228,0.015590391331148151,156.43353186942923
260833557.45366853,0.04475640439956467,174.09496135297366
121256507.43169221,0.03424249697191739,87.74439004400696
253427980.43310112,0.058945884106712275,104.42680265237495
99912747.14938004,0.02942653966244019,56.669013735505324
77832594.45673312,0.009840230969084676,158.46539245697335
139237215.38252696,0.03040611140354425,131.27611512164134
72696217.03918117,0.015583992990923421,178.44886139324157
147429749.54248142,0.0367102022325677,48.41289474609295
117098258.39291051,0.04075598305305326,138.81817621919384
71443441.99101329,0.015104851302713225,83.36806067723859
164189508.98130265,0.038356739264498584,126.10894796626556
75442204.83898592,0.01781961693903005,72.83240371563078
242175413.71607888,0.06015046625993059,63.983199852158336
63599338.45846648,0.011177473890850945,62.34674925502848
69883009.67054908,0.012707878827953194,134.93536757974516
366244925.699154,0.11136842647054938,124.10289876643846
364603625.7240926,0.10159054334010723,87.0621595416797
38713294.49998259,0.011623899675031536,73.4864327205403
175924674.0334329,0.06150163108808174,155.42769323728925
209438854.78593594,0.0399228377289389,161.77262172045084
30918013.55415664,0.0044420944514730045,97.88194058430253
114087758.68768084,0.018630009911886236,78.58868040250042
210398358.3696416,0.04424880177115183,160.7029215180303
198270319.57900578,0.05328634782184745,132.17325626334252
132161943.39894815,0.026216351871403313,69.00747757712763
88761233.99049062,0.021928917577366966,59.798699890352474
81392032.23405185,0.008100235323622454,127.41817870511751
151448815.59147394,0.04193526644957332,106.47169496299256
125742673.85976218,0.028203081899074306,52.811813384868806
378149940.1316592,0.11336724223933294,137.98786543346174
168894784.02511048,0.02717074441396901,85.82095505081605
212838153.91230538,0.044665477522957006,156.17120349837037
82428475.65789908,0.01767711093401842,145.97531281213486
220223009.3039954,0.05878260469663056,70.44427625000124
140909013.5942914,0.018312568303161955,125.55510640308268
30812898.040297154,0.00537958506973793,58.89786863921978
73298627.50039634,0.013820779973622518,134.02225900849223
485333022.95107055,0.16216209819250335,67.87831920606416
199926189.5937026,0.04420250846225716,149.38498440037148
170187678.80965137,0.01691876419396371,84.67786533809765
105027126.26901597,0.02894793980444463,77.25072497105926
123612855.18044549,0.030913840225982037,90.90162437867819
341007265.051337,0.0785466688422554,182.6974252412386
316258630.1427108,0.07940603181551048,147.6378781895878
144059657.3298294,0.030483810814951297,139.87661004995562
292337379.2423169,0.07770235921227535,177.2692928362091
123925589.29545212,0.023756131506081322,110.96008839103888
137718036.69233537,0.027274251745550288,68.61575600077845
56397916.637695804,0.017248787808020968,80.69221681338321
160466982.0233968,0.04170816272762325,77.46527839237302
126803208.91519454,0.026276143291122715,60.31956867544446
75670138.43922623,0.009289751325770637,174.11484165721328
309209730.19628716,0.08808390003710387,168.18097851573395
143657318.4507314,0.042575879723982094,131.85276345696593
123740361.77559617,0.040800556262378704,162.51895317596785
136821760.16418645,0.04083881075775433,42.26321256124734
192093013.8164808,0.05259933130878134,146.58775199082322
104032106.8297676,0.02718105338241118,113.2288052559849
197180602.0981797,0.04815764528878445,134.74136939215396
309425767.34915674,0.09424402831047501,131.3182624484147
369093071.3455638,0.09147228080771977,134.93908307688747
229114229.77659112,0.06309353955223797,166.31526515210462
163044060.24423236,0.05422349602422113,157.74904904129008
173257500.52908444,0.03867294433442098,164.7131129962986
108329045.76523796,0.023651005949927396,75.50754914837927
164180891.5728162,0.028915073039123197,154.92213375283103
265389829.38179412,0.05373090253616854,172.41069521976164
121916169.81439176,0.037862378684497565,76.58868654243453
110941432.45820412,0.027720281760166263,53.165963930181704
68030964.31419437,0.019145207094936095,156.20656651131657
186551887.416915,0.040673970756039804,66.53660981705413
172958970.61298198,0.03359249681330701,48.75890965421294
81614769.31528948,0.008756920523899052,56.71539365254336
66711579.93944491,0.007433380537557914,154.27100472716847
38668438.8199303,0.009102117656074852,110.54794627896403
97012144.21229862,0.031267455329669215,132.58814562514
355241611.0453431,0.12297081578354226,133.4086872387125
177756272.6268944,0.035981044421878175,126.30964654579365
239443728.83613163,0.046869890217667756,144.05880058043314
194375482.13402748,0.06510284251201047,60.02825152332203
132316898.07258949,0.026554737354618156,130.3704968234148
205981647.84330988,0.053044030143299184,123.21106815442567
64160485.89631905,0.015110677560511246,145.3718897345401
252131238.16017407,0.0844626950379344,131.05848257453337
119731301.20353132,0.03051984187290431,123.03214887596572
134385672.36993325,0.021992435013144986,73.68104136610829
106880549.74385956,0.021875223564896216,32.21408813810976
241551745.15127173,0.07999731048600274,74.4006591506945
100206504.83408104,0.011121244216066138,104.57909268040852
151582461.28595012,0.04558431076845032,85.97555832786178
88849738.37649623,0.02954615937689425,141.04667907313492
160004081.24147117,0.043010764365855235,62.76522850952448
109619591.90509585,0.020214668230287492,93.0877912961213
150806486.99241042,0.029920820485443783,168.03518960090653
95839297.64284393,0.011576658267389047,141.83115340961763
21222186.489358097,0.003817700233283801,140.32920847131365
176275420.94502458,0.025105857717600995,65.90953371000623
235909687.7306355,0.0639507290125021,55.741315003941224
152913074.81165117,0.018368978434419536,60.87310131904205
221120299.59481493,0.05092484374470739,53.80235293590763
193183918.19470876,0.02134618898729327,120.7396623902305
117221094.60961737,0.017256919523946618,65.3130329064011
192981551.59314495,0.04711667996669439,158.7909213305386
71634515.02981018,0.022595744014118107,72.1634901740744
165209462.76085123,0.02562011409146703,133.23905896347094
428276152.65459025,0.10033238042312881,165.99029816841434
152073694.78852093,0.02535603132145657,157.9845832761191
206945236.29846305,0.03489812787559285,140.36802800013817
124215496.81910636,0.03330559598741484,95.69711137996923
148413178.270167,0.02155778952325184,76.65263173583837
85821511.85023533,0.02113531367209659,85.10420941993824
207306967.00851098,0.04988924047569434,137.03823368090895
210080058.33946678,0.056145680670742,134.89414716428357
233729997.44594485,0.06779843418722173,59.413721886020774
65064231.54776862,0.01968525031700773,53.14386084577274
118487264.40253192,0.024664027849456902,145.93025568260273
60300017.94176281,0.012099811792029383,84.22872192390031
144795164.3160355,0.044629472695317,163.58742401899687
297141394.27520066,0.07915587387282202,145.5923365174762
211532635.33395493,0.03529320251596908,144.32674491294495
143055647.74562275,0.046268678432090884,118.50907280424656
150943804.0626166,0.03176608238734507,155.81882829168572
172512673.24597594,0.041782714546563356,87.03997234289129
149300425.8507151,0.03926454507041096,89.38139501886671
346311923.33085716,0.12176742487649775,34.092100414462124
62896655.75093019,0.021308587750052427,73.30484968309345
419033122.9477527,0.11261058848474077,143.96578823576374
150515271.37972176,0.032810141429936324,118.9485314770234
349143824.1799908,0.10729081677877092,70.71736853240495
139102928.2789484,0.034020796744315226,56.82662903561255
123782320.99118392,0.01867482992218577,76.67570656855045
369550087.51563823,0.10427672829508654,165.07842405327656
100467299.09714746,0.031230839851507923,52.2025737678799
111587727.3479064,0.03530035206206381,50.97151610004574
110822429.2266537,0.033492854976793794,82.16855920827489
222368685.0715576,0.04576107128882604,151.3735717726787
262586530.2790566,0.05616472504798617,115.37658729921549
159006254.89165965,0.04723611563169155,150.52554548157656
156345138.2489435,0.03834999243549649,93.65614802216022
111553742.93632382,0.01451104309600358,153.18014564377137
126520745.03352943,0.03293734149127556,180.99369751495348
157736261.92683256,0.02797083476562735,175.67777381712415
110409051.13280419,0.030496685862451144,84.06486148254284
133339013.91287822,0.04618510900205641,67.03740741654484
255057600.30354,0.0551629553889996,41.44239964189798
235440475.71142548,0.03142347537996675,143.02029621184695
234893699.6587358,0.05500704712368924,145.4937685057471
53936535.10247739,0.012692856282281353,58.3287317671318
153134127.52777886,0.049233052652122876,144.67283843338234
241669643.04883355,0.07359123117142523,140.4804871880901
75073956.18977991,0.013266369675506682,70.80722602951437
99911046.09799863,0.03263459465922667,66.30404219821082
51825225.18598923,0.00804305365783836,184.4876378596066
238626367.09675807,0.05595742763998421,143.81420489902723
325016507.14979213,0.081370149242188,126.3555752155141
324853585.7474309,0.06870416296594266,117.9773766483437
161750302.4763833,0.020583056575069873,105.67981995329153
64801870.38395496,0.010044670573893789,161.95766870330255
162611706.4849668,0.042208191248740166,77.81588345235122
191060022.55339035,0.06486711675064183,62.198586957146055
56245572.031694904,0.006600028600360815,169.41394188036045
74858440.94039418,0.015384800546195005,145.501003827235
209189512.68004775,0.04752533152020934,147.39871256147464
218760129.54311866,0.04547574629403954,124.42354322513418
206483620.52327973,0.04183111037011456,159.0115533056315
239393767.0346673,0.027927699626600695,148.33765210379076
58298316.290511,0.007091744863824712,44.17792166795927
50035282.73383244,0.012771510105817,67.16937554759484
142199443.45100462,0.032514367444505685,163.3345847187254
148365854.92609474,0.04914656913253894,132.20940258698548
72500549.21279685,0.016574596098543632,81.99910558846005
272758665.00388664,0.07185841780076903,64.46574049267254
285987323.0906164,0.09822152043634409,128.92797296647456
191675016.68874967,0.028694854712370363,149.82036041222062
127840492.67593442,0.021279305705421026,92.37365071315196
80382516.14390787,0.025664840186446283,164.36565309725881
133923394.24279857,0.018732080195132096,148.34851505869912
140425156.00575006,0.038591208339798476,162.75766273180835
144548303.62255824,0.03028419150628439,169.87744526790956
195043611.55897492,0.029472631065008876,126.88244660386137
27222556.182929005,0.00090214596917126,153.41472338120803
331570639.15609425,0.11828250144188436,135.7094588438425
340803805.2464832,0.06584031074095227,80.15255890695715
165640892.39380404,0.037145618033703726,118.29642133141454
155477295.15042967,0.030118693481619503,157.4755430560514
182155007.79178864,0.04000340018825178,112.38818983893076
228030641.0206878,0.046224784611620925,175.55102257632154
180351125.59558433,0.05300364891011903,70.15344275367785
62737516.06272081,0.021059195548574456,59.05507594111865
154856881.74328408,0.02797880069738295,73.72181215349984
121427856.17643687,0.015491621345712586,70.5076778942611
321622859.24128515,0.039709131058063646,156.93239564643753
181097944.25774664,0.03358932875629792,86.07309805608186
274469535.12946033,0.07034474616177205,82.04418801700632
179890977.8967808,0.05022549874388608,154.99232979140322
61288129.08516777,0.008989966269696626,98.49531059258521
84007936.43289717,0.01822711013340744,81.90791761102139
359904155.46301067,0.10736977862856134,139.86196837772945
102681582.65389082,0.021795425176697417,62.69870112340638
131423268.86769731,0.04141965796400958,43.131546377936424
346718949.7845401,0.1009652103161677,152.2460024260135
301659941.5821011,0.056153507007301096,131.9035016452243
297731662.7520517,0.06554526314794988,171.68439737295702
54001375.54445769,0.015759242152170807,63.937683403245785
106476861.76387447,0.021033737378660086,52.108099129105156
95058874.20511171,0.026885023734392756,135.91818738575702
85774823.57106045,0.0160674042554441,75.28154095788717
181032548.17239946,0.035354262160027,82.3471589071291
168264316.42348948,0.04782814460538677,79.05866681217054
210844536.63073084,0.04361466786030199,166.49448004047355
102162141.20221901,0.019747833560607674,81.3235781111356
221771283.3682462,0.055423849718492256,169.9730480316211
87429339.49518082,0.01778995885280978,34.29214111640632
192569326.90528923,0.04109327360984405,74.31345422598731
219641033.28414074,0.0582741378602481,148.91320941695574
133858857.49503002,0.0170803376675974,66.34095779445443
94656039.98363784,0.02369555864952979,131.1570880373196
198811253.17113474,0.029328709624555024,125.04590172212899
102220508.5787565,0.015021860127396376,154.26050342571426
154766458.6418829,0.04386317102415846,49.757078157628506
208404823.4802072,0.05127588824935254,73.72918273793304
199555890.6706821,0.04768126522858055,140.83491110959397
83518995.55226818,0.006088908494215951,108.04468191285416
207038039.01136473,0.058976102230447566,74.21647415254097
362659543.3281749,0.09366683960684087,71.46024824692685
147449381.1976524,0.03752171652332601,76.86510968141981
93354676.87860909,0.016425441590099687,86.0387216922517
70554884.12477678,0.015904397718545897,126.75311276894755
259718226.8767172,0.0727288104767278,77.48736208868132
163812249.86237532,0.025168248637658326,90.59036865222593
50516361.65933954,0.011027771849206969,89.12164559146078
193844764.16096038,0.06482582953918296,53.27612563805063
138793761.68969893,0.03760953574534895,144.4093680208961
102123473.74169219,0.027356028940951613,78.67169536951984
54751134.107057706,0.01351331728926385,119.0225970641772
28101337.80784687,0.00769187101456603,130.78361251142232
105920709.70709306,0.02499585057198219,169.14432817754548
276568501.0434595,0.07352938793981817,133.80941311045783
77714842.33185656,0.01791928482486178,80.4108825293277
313722329.6550153,0.09466212676558071,147.73574503491346
285611801.9214653,0.058004954386135996,136.69273374852335
265618054.2155316,0.036194216143646096,152.61941389405655
234657987.88637108,0.07826682708276211,89.94643739107697
102144768.66622198,0.025908557534478724,56.5192132445595
134858989.60450393,0.037476880151655574,138.0110234141177
147867459.18616983,0.029595976492289476,58.913710239342684
342534002.26785684,0.10772147996730352,111.18397640549753
115645529.03919864,0.031263777507617115,152.0488642726902
143641577.0890333,0.04636339954899046,148.1083662313632
61981264.50458108,0.010989980762984889,62.730574959642816
296576650.23608714,0.08863150587530498,115.12787729641279
109342767.59746224,0.030012075278342744,76.00962132955111
53910638.69006039,0.008528480260723581,148.27616939885962
101810845.28943656,0.029096489719093822,55.1928387378121
269511233.56424963,0.07107458783249601,100.0538390952462
85342794.23429495,0.01157649863880431,153.97899324251244
202829485.84942442,0.05137260936883119,47.084260796778885
341939464.66143787,0.07447055628939447,115.82603930228262
165387446.43415755,0.04549968115870315,132.3390900210351
50996030.08689818,0.009354650454848346,60.65955303911245
181777319.85992944,0.05743402291362182,126.94564412899673
89595493.42322266,0.019405859894841497,145.65843708341615
150861902.49581948,0.030112167524082238,53.403472788161196
218144264.84735525,0.02201927778381814,77.72793856182281
24283676.049747847,0.002992846338068803,63.03697586861994
272029586.9496993,0.0665046068770908,159.41557610143764
178810822.50264102,0.04016005056884371,70.09439234579209
94242282.83096641,0.02421322982527485,152.5506508756773
58964082.44384097,0.014322733788601674,147.4553443340265
129162801.6625494,0.02187738180566637,147.49606412707934
110770097.16613415,0.025100310656555377,152.4977657139017
151316788.219896,0.03524950809676927,92.53000634532717
75731308.57740729,0.015184764164319945,120.99175584445233
65492147.817582466,0.02151040251343396,60.35703138355164
129164430.20510527,0.027873073485891523,163.4150373614941
441739103.9821751,0.1214268894993405,48.16947355323838
159139797.43326336,0.03917988192832658,54.49479896919206
226000326.7031917,0.07324491807228069,147.27904940550238
98408222.86175632,0.016568302526656857,92.2545436541007
170700385.35014594,0.03165129328749378,127.91609683274368
120770259.001336,0.029524282444961813,119.55023930845219
28900675.566457756,0.004003738595850067,68.67669391323312
187517462.39725783,0.04476399085259956,109.06035980277261
152943896.1098681,0.032695705077501615,73.754886042976
471008702.5191115,0.12420903644951362,135.37848437926434
149604849.1562314,0.035486471449046986,166.57152876981132
107527373.35786867,0.017177637266841565,50.8815222789633
135555855.74771327,0.033564158321546037,58.98111415874373
150122627.75211105,0.03062979514857894,63.50871887234263
149516943.386252,0.028241882859339516,164.79813430968775
223488501.38717052,0.05084597627552014,163.56432560484234
94789581.7191431,0.014336547867998735,69.52043375895566
349270830.622689,0.06299942517207671,154.11194747155
276483197.04657394,0.08417033977154934,96.62358665795935
53272091.241433576,0.015907286691187104,162.2781340149956
279969857.5423458,0.039368211433804555,130.61673191664852
391617595.0301025,0.0882159747515783,141.51440203269328
174729170.91493636,0.02206189161978356,79.75857431355197
249283963.5635746,0.061868433385651525,64.69559603989423
372533584.15205306,0.10534489689775443,85.60647297956824
139461739.40021145,0.04769513985817433,68.61774319661976
201506085.72465923,0.02380650277888539,85.25772765141974
140948135.4723727,0.01824103388130434,127.47640592021143
145688648.8380948,0.019491596247002103,134.60596686946118
105584297.2763743,0.03155758412679521,87.83099406921137
135089586.9811697,0.04040745559837384,148.5603369984622
261088186.50855517,0.05083803958083147,145.94077919528993
111717770.45748329,0.01782808364255192,135.50706463223997
121790087.85026479,0.03009278262727228,69.32097378603454
223879401.10917702,0.06443495523323149,81.33761345705872
114680742.12109306,0.01487198347271485,76.12411467649416
157815845.16996136,0.047454030191364106,148.6876048175284
27958628.630823623,0.007615724266277626,144.41837203540788
107698701.97501396,0.021017093718506092,36.24384582221674
260369524.81538135,0.05444649541301553,107.40188092508654
222353299.14759147,0.04422466581662175,69.91239058318602
106177025.29625058,0.03032362111150063,83.82123513459754
103822713.82112229,0.015404210685979691,160.46165413277
297747975.7600517,0.07059275689694346,68.79982191547927
330288031.6879152,0.09789091393506351,121.70221857153933
252219724.42296657,0.07410429782338185,75.32700856383639
108634946.89506525,0.025509002714111988,60.430171813941946
195469771.03596655,0.04820997278753317,62.777324808069274
196303165.05113924,0.026441535002271626,144.99412946260338
94904601.85074228,0.01857878219777751,78.83752960492329
92729110.43644598,0.016302252074098078,75.73023702137776
229701027.0080496,0.06837562652087499,96.54762845933175
217668210.751796,0.06763886991822922,165.10361344774782
310050530.1924108,0.07974465960010518,147.97640156477527
124609432.53384927,0.027268655189872107,71.8366232140246
130770369.44230866,0.031936061921757984,69.43643021323847
143943425.60213876,0.04580993136206616,78.7603962843325
175923459.26215583,0.026856044679083434,142.34321445157178
90715541.83903384,0.013940118278597636,39.28763663255759
285952678.6484733,0.08505012767396312,78.58413006915124
146956188.34418267,0.025438688227319196,131.73587750809287
221110835.82972306,0.047761912929431896,104.42402058812844
56372294.142430045,0.01482997752330407,151.29480049648316
172627308.6030805,0.03087324053193888,84.13405197461361
102313999.54736134,0.02594638825110705,141.61046871908803
207431848.47148758,0.05318404402646209,125.25456894646052
144208264.21605003,0.02244116755307959,133.6489438113025
146473007.04312873,0.022931193618970027,117.30135406798922
297115416.0458412,0.05320921153313532,159.660017981705
115925476.36598618,0.03336121687873968,71.77928876389063
153404684.9149054,0.03638984530237317,109.83961084865146
128623037.08109029,0.03450785984009025,63.20723583177685
139053523.23009652,0.019846763031715505,111.48264017236853
156498663.79274145,0.037364266785349064,92.37987213664404
132356357.38725662,0.036315076458173716,60.22913111020049
148863381.6977668,0.028110271852179566,62.06635889961021
76757083.08597681,0.02139073848853085,82.02590399983742
154355689.06844372,0.03695377762867079,149.07745185954477
125145363.01508577,0.03650534467156639,37.50593906091812
73369406.97917536,0.01648467125163915,84.68197126396929
183950551.57840914,0.036461113805156035,176.46121735893672
282492367.1621154,0.07407780224395864,134.97723190882743
100647684.33130008,0.03350337482004763,145.10967318181335
129494996.58731759,0.028885129979060287,97.4408245765371
172371719.0636111,0.04426356549506867,154.6377838730719
204656757.2601844,0.0583434986570897,68.05489089345673
396500936.83905417,0.11417478354763667,74.69369546954715
183070487.58443412,0.02797671195823264,52.060952835686386
231828841.54856384,0.05304197125402478,134.22440757492916
170631579.9774043,0.03778440645504828,69.10256073559194
236367925.89744848,0.04350572548333988,146.5630627238324
99342121.09471498,0.02606420603293617,185.37277947088342
88083768.10526484,0.01774787434886829,156.36266425741346
89098481.86440457,0.030749641738199864,120.71611215809214
280364606.09443855,0.0787068400636829,65.57659695083251
170782546.80023515,0.029672576278868944,180.52562887272057
66670247.985973656,0.014260461112980759,118.56981020325783
75419934.96985953,0.016218087239822564,63.38130527563597
79586878.46945842,0.02007746312576552,49.05084538022607
89477502.31743833,0.011214517283156615,129.0056440413551
316628527.582999,0.07097648134846775,140.16102525512935
138147944.85866374,0.019177152654481937,145.87668970379653
114412783.06338792,0.028881483008749386,151.68057274869577
63891248.47425487,0.005457483373307358,169.82345853192223
167922453.05974472,0.036920655687593056,100.29841072592026
54694380.930621,0.013122431162169922,64.92033183491692
138552648.424249,0.025109202035878384,188.95054335542054
155598706.63159233,0.034306067774050535,142.26950641474022
134048811.30141236,0.03604314630448584,52.30249520941565
39097572.63260986,0.009561061418197403,43.541942068449686
144460228.3339929,0.03431003904395297,54.17336125661227
171984517.69439852,0.03746707380760597,119.39958828803712
200156739.1380625,0.06175801478171462,72.6186832710285
252072324.41890883,0.08559103853774437,50.846410491628006
129179729.9972437,0.032791339307621126,109.37848476335701
119502097.49942908,0.03533139290998809,70.01364252222895
53271787.763773575,0.005663672433873529,59.741288048002545
127707993.097909,0.024447295241986914,168.89301386833256
141511443.71528757,0.03598825905970329,66.04738560473957
234409426.95642734,0.05758078327825415,151.56845736284276
209091080.19773826,0.045816272926509,90.92065855201847
125908247.00924155,0.02781745834751193,85.76082466799706
83538932.83572856,0.022003523383931585,154.27065623993897
95807289.839608,0.018001808825866054,178.89634017857713
50047209.588477194,0.007326791521509752,79.34892500790177
197149707.20862782,0.037396562967397066,131.32303146228944
134359457.04202664,0.032471995691278475,171.13855072823992
308061400.17845345,0.06437733228323943,159.81631101338877
181749192.06031543,0.049165306102676797,129.79968135040488
75767542.40881394,0.024139132921655693,108.20244174278214
194260745.82680464,0.04999189817444876,78.70042411421966
106178917.13251841,0.026230098354772306,88.12524276784185
395985110.56151724,0.10940163137711477,51.235697192698716
79735948.29385325,0.014310493972416734,71.70176627074135
292835210.5818488,0.09311802189713991,174.9377270651771
202862744.17178932,0.06169401542172112,99.63066873361358
518301852.63707757,0.16065929245060115,152.42499766370048
335983615.00350636,0.052251358512231894,140.4700245519281
195927930.50772852,0.025554716360224678,116.9689252033233
149080279.7490939,0.03788529749272951,128.74031992860614
151205173.24247584,0.037778651858968434,167.03669170888537
347880870.41703725,0.11761948008372698,164.42217808389782
133659244.86679317,0.029538797046726843,78.09321324265505
98456186.9235688,0.017058610718317234,160.70812882740145
120105675.0163229,0.015714778773566633,134.58307780291616
115679831.14371008,0.02917583604597659,137.25753623683494
92259215.4665649,0.014173526318213602,78.33793291737321
282060716.7980147,0.07321173533986357,60.80447285207412
242544649.34983486,0.05192669787954807,168.9885123179107
78873758.69587812,0.025205926551252745,150.4388461345033
96796903.53327976,0.03169146284705623,64.70145573273797
221324410.00055683,0.07279414074349481,65.96460805435987
246925609.17779404,0.06044344818706885,144.1053674754333
140498938.85981244,0.03370063565924894,163.6592703626446
222633507.22198993,0.04490445425151222,91.66330284783281
242630414.49195075,0.04301789493141976,94.13722088561362
281925359.1512185,0.06627131258612613,139.52678176904703
291711935.9946919,0.07790436288311281,57.125505713530465
313973799.22837013,0.07533841190665198,151.29626808448367
103484889.18907608,0.021173946289504312,135.93569094008305
235574164.1457675,0.04472702280304478,137.11554357968166
318310938.8834342,0.07389629389718987,144.6232504163229
120635556.24455635,0.017360792721660568,148.70282759835052
139456989.04632086,0.0376440247019831,99.00395785807568
77244618.35763517,0.009411781389518396,86.70892816218033
304823387.87867504,0.09720225873504341,153.47627978906624
185490477.72910807,0.035054719658184116,75.37885459879016
54179291.096437246,0.012732432413565087,135.75857787420688
113753179.68047714,0.029745220536726947,157.69650070239294
157010857.9270327,0.03715353542212371,159.40804817263023
91179068.79410455,0.011805513843552296,95.8226736436993
45266836.98859609,0.0037821581179854277,73.64470496134268
71684010.09643564,0.010341399751659333,140.71779321216582
344926846.15589565,0.0989611600658245,72.10012566855951
172868083.6945125,0.028733484024524046,89.84998132910663
182388178.78322342,0.02976102336368361,137.73577202781178
290985544.86907434,0.08240347188165582,74.68735261145838
133607827.06135774,0.028865750232773095,83.16179929375146
100807832.09456676,0.029434952416222498,56.39718626105118
380717565.8553281,0.10658231462830232,84.36961495017918
167157466.86907068,0.02468717820561533,177.1559525527708
320674910.8108527,0.08745162717966974,54.366815275361986
102565610.69452208,0.02474137133297623,148.70118751290082
139271480.0897913,0.024674524227808713,51.75011089364094
89271472.51034036,0.015447678185565436,38.549936621392824
368676021.1214844,0.12738388810346649,83.12385192733751
197386091.75770134,0.04861781444147854,102.67056762244351
109180754.93910408,0.018839337633242564,177.57604431664546
156292641.87449247,0.035873013546106884,36.43534191363878
173126589.49055088,0.027394217174817524,144.05287324137473
156623105.3297008,0.03596063279203105,154.00084414296427
200590103.48290825,0.053036717005975155,124.21489331717002
145148050.70774215,0.04115238309934691,175.80527582263423
237198047.53481257,0.042268094023116425,166.9150274832878
143344303.94148308,0.042066941699768386,69.75871349248668
87797525.7518172,0.013105723481695605,80.26121061965125
203014241.53422067,0.037337731165927625,88.55263625564521
65702787.50529292,0.016421807152458313,66.37159507271777
252424719.2612817,0.06061902135436032,97.0588967664157
220460201.88526013,0.047100235428733005,141.56389503497385
93367199.39283498,0.011672048707353595,108.01852634547485
201128367.57204184,0.06972982162051897,144.69990064462806
223545190.08500186,0.06309605285976805,76.11905373602839
425710409.4374911,0.12655157187760493,171.89847825122257
67229824.23368573,0.021423926209608705,70.96445656690085
115001125.99919704,0.021919365802009802,144.09632019069284
138477336.91200298,0.035717106930580333,127.26015267213955
91285399.1594213,0.017917391726728422,63.57753556629505
121603105.10756364,0.040529825809944534,42.18624604722624
175567220.22901297,0.03501218177562192,152.43659392035423
314517266.1589922,0.05974244013683128,136.50596068718073
178394024.30222902,0.027055733156255386,130.06853252138453
461039418.94150376,0.12509660502566497,74.01225281659458
50934182.7490755,0.007308210747437962,80.61655900172863
414053192.8782291,0.12899782791802328,151.25061327612707
296330100.3767941,0.06674456712532409,70.47198681858652
272533410.1764649,0.08019752206900133,46.84879956568963
264841706.670615,0.09364415034719169,155.2712348889533
175196330.32454312,0.033447809287421706,146.17658119637997
322771249.53114676,0.10277360980122768,42.096825903448206
128735092.29048845,0.03414632812353176,72.32662487733825
39263449.66444076,0.011797106435963642,100.35448728996519
116942103.99715772,0.026506642457925875,72.85684854714242
64955654.08392097,0.01825183295738276,134.61864687326414
126728320.9155149,0.03515437702585114,59.67047116605207
156531991.79616553,0.03517291052083405,169.81310370391702
89194692.48297936,0.02010091237251613,133.50539696536532
310639203.42073685,0.07463202565611889,157.04729180068935
304264815.04083157,0.08171393287060494,144.07638656824702
132473091.17088264,0.023694799375936965,100.43126474161376
210832710.5150413,0.03048289676909731,150.41716002812487
72670060.07968073,0.015328060638539307,147.37953414315268
299040402.7698868,0.10423391829734861,47.071329459560644
226751588.995122,0.07641851057031185,65.48076407471656
269870243.25856733,0.07061398181028528,102.77312728343779
146408955.94627458,0.02283046648641866,147.3378414414193
235031364.79305086,0.045517898690024726,131.67455774844527
78944068.18997389,0.02400692102946629,149.40774528364386
29977182.824085608,0.0076418732294082576,73.67189040347957
84854511.7594794,0.02314057477235935,66.6664097160497
82782442.10969514,0.020201093576196375,60.46425824601065
53001139.7242426,0.014779086238933554,65.79201729998758
187106178.6148591,0.044673186789511994,103.30419168499486
84757266.2604684,0.018629864051329964,146.95359563784274
100571467.85082269,0.024881435950071883,59.29558133074165
145358140.29857504,0.03743059962549587,74.33177938450201
79582294.89044729,0.021342940407644707,154.1144746749609
229370811.87588376,0.04220456652886301,87.81486311946473
296998964.67661345,0.0821862266724891,116.20624060571878
183027079.59681073,0.04356771283590007,98.50367550146689
208592893.62175572,0.06009109239411544,59.53518764370875
102890549.09133136,0.013034244304320479,152.60038230477738
139073643.95493108,0.041641947603926505,90.37378342744118
160157343.07735977,0.02723301891230242,154.25545117993363
172492500.52779338,0.027603063277367123,160.63153992095576
206080064.6161829,0.043128879933980464,137.87590313297324
86291390.59815726,0.01327413042684853,143.25008839871728
177279651.59624922,0.061776655502155345,65.66939059742295
77890020.37404498,0.025254699532134422,157.04036435106815
332964664.1779465,0.07205261501583457,69.13376193865975
314370763.69641167,0.07425145915769028,148.8442609677144
165076859.05112064,0.0290445744540901,152.44061515191225
199831323.69486332,0.030586728329920734,142.1494808721746
109876458.42438784,0.017030849385806197,119.4264604518255
148788064.6134747,0.019562508168948188,155.91135449188545
188225563.0074737,0.036267270414403315,85.27876183655525
202792017.8619617,0.01940723621516581,142.6471852151947
207373483.118876,0.06745226151183088,138.48913553146218
118866889.25877942,0.019683166050357196,52.022875980128894
160558173.81475118,0.02627898782385033,88.61356323292918
126581857.4415668,0.02431289228682401,143.05067473649913
82110531.38273296,0.01225111655089116,165.20606674970222
139629398.81758767,0.04805782669919765,71.71272013712246
20299321.81426875,0.0030934706288557844,114.84357986503944
361451294.8390687,0.10093654679717813,64.05389467571199
72926905.32263777,0.01498508868856167,98.32751107086273
120977635.63159955,0.03881489003700409,176.7079306278145
148887727.70374703,0.029600842179507023,74.53103026745376
269573910.6295978,0.06714498283123968,135.00947573350197
172775754.84062207,0.0462883127938916,162.96804577045134
53950837.40450761,0.01053226376059084,99.07069783205384
325876390.88536733,0.09828956599922811,125.38861755408132
338909457.10426366,0.11998945671792084,135.85849442652344
177244343.7169495,0.048324663184682815,83.87689915113758
160964279.98822498,0.035879084874234045,147.25853213315455
145682143.6410972,0.03449240575344998,50.69004919215125
290189869.9381135,0.10146843978781771,42.10081028388773
89680253.45684493,0.0214749026029147,54.912048189040036
154027560.4971782,0.05169061394540858,102.73081816214182
85047113.91632847,0.02500508087443191,139.91436311649696
214188443.28281087,0.06441364240455504,68.68861445102772
244591574.9803778,0.08407769297251418,82.51541818987297
139032670.62564802,0.02391398331868306,68.4033879179895
327294073.2297921,0.08122991860488256,92.7735666141828
37580408.39579983,0.010396429758315283,172.96171666237817
248510100.32921612,0.03650881989123288,100.68512741633488
112789585.48271835,0.01981884131439053,101.15345576993732
165690325.60513338,0.03601108028396911,144.4442422718078
97738461.3362835,0.01286161964460324,134.3742172736551
63084277.26244759,0.02083869716931436,85.75506252169112
49814157.441261426,0.009658486468449008,104.88271052036238
122537992.69642255,0.02856711195163617,130.34661755134061
130031837.13047719,0.02968054130493921,93.33188783821893
230057884.82168,0.05281541930320128,144.89748162444766
147342098.18204314,0.03384131242441804,88.66218743252087
50668783.5245547,0.013825285170488278,164.1376838614298
399438172.14362866,0.11533518871392873,73.14587360980016
130336279.70259516,0.015074935867222965,57.03771598360638
228240968.8689951,0.031721505810472,188.025766964433
170631920.3814482,0.02610814329819788,158.53790458846123
21742612.459631305,0.0049075102430688545,72.82980430759413
55972102.006664544,0.013815722498402874,86.50222192533859
46383053.00701028,0.011349474135096837,122.33398939139104
79482127.64671734,0.014620664610702876,39.83953774118005
197249231.46752393,0.05067108115447519,155.9965609743774
59654627.37283306,0.01616543005409089,117.65543880265858
194818856.52590728,0.040828934541515004,78.04951158225522
285098433.35235083,0.07997746394617201,118.19139208186957
66320282.40202676,0.01792413950729634,147.49464010380962
293853237.087221,0.08555559120216273,161.18252191614076
92320158.91745415,0.020915257917199625,42.87477510993355
232245311.49471834,0.06337695406292698,75.28974354298725
108900944.88158593,0.016225248547450333,66.9089761369419
103036952.24446324,0.01417913814884354,137.58298289500297
162258301.4998841,0.04005147446323714,85.13181020101263
231416139.17438817,0.05683341385582422,128.0078479622735
129234160.48929253,0.029986025483829098,45.921046389220855
96870262.40432769,0.015198336098352012,55.355693074336266
59543562.833064176,0.017122723761068014,110.71756085895561
139092221.34319526,0.022910439474249807,147.9132423033582
182097850.792953,0.043882133756268385,135.48854892989317
130031111.39056155,0.0384672458099361,64.52901482683676
91904179.87840542,0.020077359356026312,123.41186686833284
192531625.21311954,0.05850875357625894,69.60799028480291
221643213.56896064,0.04633666573504685,69.39882808524025
231909118.71118414,0.0725249895264971,173.5907144709003
335023771.03474987,0.08560314446975938,145.9259442585621
156264094.1410925,0.01844605513898307,64.68686781148241
182410048.91806537,0.032960342123293705,62.1351556077366
123761283.01790056,0.018961635833566654,80.60025991647123
242868768.5548038,0.07729687252400037,44.698971035712646
103426161.02367198,0.025900820076495353,80.30001137554628
173591119.5798316,0.04138552852978535,61.67792037977179
244608700.3726467,0.06912511014719341,152.51638395751527
107014927.86952221,0.025705503359771207,91.50720208224529
80883340.22365147,0.013746948463884232,69.87247715107688
174279235.0411381,0.04985573908235948,161.66790527170662
227039174.6853805,0.08200514336961645,92.06907691786651
218513242.48482043,0.06294406451789013,165.97363538068478
139237729.96119407,0.02223427347784121,81.34076130175579
100352500.44359589,0.025782204945706568,115.66961344100048
51942729.066981025,0.012983360137208213,129.21453840580773
286401179.4792432,0.06820914913111363,123.7899006273422
175805666.15060747,0.02670250687890557,92.85324297255775
18786969.020007327,0.0031652956531013523,146.49413741000572
180831607.72587866,0.04776251205977599,83.52415885476195
99065031.06701496,0.015819169001486177,67.84855012049077
56945267.475459754,0.01415369410707767,148.8874731749669
91366964.50484234,0.0170774606092825,167.32900269239462
124212519.995462,0.03866529662689429,61.48722371655787
176974640.20458588,0.05520142803816263,177.2834232655098
128080571.05066437,0.033555480119219556,141.23181390736676
115388074.96714467,0.02449850550002905,148.98761306041504
244604020.7145756,0.04655937115555174,125.15618627273379
192062264.07008153,0.029108700930549163,123.34398731279022
101086251.5899347,0.02174542325962693,131.1155022125934
106045201.20730531,0.021374213762147175,59.472481338775836
114483221.15276414,0.02141773736900894,52.37780444207253
134080159.00295396,0.012475513000239491,65.83055919960479
126840803.29374775,0.03775429315519201,151.93134926535961
115355356.02860253,0.02946677263804234,169.19351510943392
156191558.19143847,0.02419500559392724,147.8913214104252
128316653.02111092,0.03153014870633048,131.5174895442308
104657774.248525,0.02145092460266848,57.28183284545214
65072848.0496685,0.017472078908208403,99.07227174964288
175917866.30372545,0.05187073949774937,142.90209742901519
194743356.03764433,0.04912533179346824,65.71344883907771
92106952.69274722,0.026085523248753146,77.98439147203587
181769187.0548535,0.03198743294703354,130.312789893262
424862965.3372606,0.1425004318461032,151.15294789804327
232987656.9689687,0.04873992059678339,139.68890469233855
162543926.17044705,0.039867968747621094,147.1809197882669
161586769.289715,0.03928479830445562,79.11314630452013
185161707.89949608,0.0409972258090461,35.737787683256016
418585225.9477447,0.12827426798244304,110.60552289424771
119001107.26726216,0.024455960628673442,54.69151940689947
143289218.63526186,0.04136077886783731,117.00059799839721
45960187.904648654,0.014457518562379533,75.51938822901606
102178493.29674365,0.026015813686664224,44.708580111780385
77318051.82303585,0.01826420730601363,64.4506043619661
129935441.40969938,0.02074132704989436,90.5804029002532
51516160.3490317,0.014995402115649313,117.99438914566605
54047107.750220746,0.012694958882949896,54.17506143412783
72828665.7580446,0.015996283868142835,62.06730068284262
315657564.3447837,0.08784709597815574,106.15819808431763
136789496.63096055,0.023658268295652415,126.1797171527332
146336863.01482636,0.040212754385267176,46.23089803258964
181748166.47818965,0.024047309812461937,151.53086490391192
361015948.8447123,0.10513022429389525,42.96700426789503
93980945.43245563,0.017528795090623932,134.89183242231607
113337360.37136155,0.016912206104593923,142.87609540939522
297882869.10354924,0.08160994703041881,149.85019775742737
251061759.03815228,0.07470909816668253,104.78639871447137
164049254.777354,0.026275175931237973,125.13394416231738
254037453.63443667,0.07751880883017968,150.9812387903485
229502810.16411284,0.05501948255534251,133.63918803331052
216066804.8723821,0.049695666114428494,135.62424693058276
128400849.59058593,0.02906198367343949,108.99750672086483
177126959.78642794,0.034540822584348325,139.701160110113
108058340.93842018,0.01976193053485195,97.90546341291525
308605680.4988492,0.08788674047229027,104.36039242526249
171159281.98470092,0.036786424508645575,85.83535369091116
223753791.69319937,0.062072212998369895,122.49962377013549
465589296.4692843,0.09576377927537756,164.4553641224662
240654380.96254247,0.05599045932002328,134.433590908019
62460988.548724264,0.012466685975555725,158.725441242882
141589516.95635802,0.03611123213693548,136.44607556704898
144240606.71008888,0.049100698851847556,151.08738757086073
289436642.81190544,0.09727118896173767,145.11030544568789
133169042.17218693,0.016087556674203477,155.41841655559995
118830740.06341007,0.02743501165518737,82.81077301324584
350561048.5328601,0.06092468863992604,65.18595521759168
202677049.76305294,0.04342983649092344,71.17398970898034
90201821.59505786,0.017488610543216394,132.85491138370148
50137394.158891745,0.005189864992653417,159.62337418444181
122164491.07178895,0.03375487643575691,71.8475564122316
107914278.63120049,0.03588192678532828,79.82927162399349
172018016.4627026,0.04844026382574635,142.17093518466734
58351080.444237426,0.009479635575669321,98.41580767506763
62457252.12557627,0.017439002039685726,160.49228400332373
115825723.87428665,0.03879437357933945,109.23454109535653
249373965.62381172,0.06846642723315932,97.19012952919367
42208976.29677367,0.005601382276036105,150.50332534107858
63514601.32885301,0.00752463071892726,70.18090010958271
64460104.02805519,0.013221627340859084,52.88968189040878
447560300.4889904,0.09144012517908502,148.5583372883983
58610275.45684819,0.017961372969703703,146.97852840545042
392411014.5406174,0.11196541809347096,58.52754883498904
306045040.7242338,0.06686858130335085,173.74111113857475
194092641.94993722,0.05618028835370125,58.67036948112353
94051268.97540426,0.019010561323828615,54.58883911400984
120955843.81199712,0.014113685484215703,182.1987864960662
195094889.68183273,0.05186864172039203,92.82486974791264
99322382.68286905,0.019498104312100625,61.15335356536371
115451409.76661897,0.020681396364381332,148.25853592834824
273842833.7889125,0.05319435392287569,148.90789426391163
78049052.47304241,0.018349704238772746,176.59435830371353
114591891.58074436,0.020771047199286144,72.64994600927923
287617058.6744567,0.06484707149149897,135.1241074992592
229063535.0218046,0.07785663410847958,122.21897819713709
214620323.20017564,0.04745336165448639,131.71461361176233
108227298.90673485,0.034317170497327625,99.56407742653518
33285052.552331448,0.00871196741046197,75.03835032063847
90888236.01422562,0.019725854288036075,133.66259734136614
140247117.33686382,0.027236425915295757,77.36191917373738
485925297.7933257,0.1473536640142906,90.62721301400968
136816559.389038,0.023455076812180595,177.67892137090337
89792798.76004142,0.011729484799223536,140.78033111585597
398852916.4489206,0.09726577560607963,142.85646270056031
108041690.84839511,0.0351205491164036,165.56169585757155
212302392.2255975,0.04360184902364216,84.91974238839202
129804276.04512337,0.03863683313877479,163.24179200425618
161149119.0527594,0.05310803950201507,91.22035411389506
143334149.9702195,0.027633587267948224,52.32929056165298
174575530.27982888,0.03897532819070551,117.01713909947401
135124548.89935568,0.042381712572530435,41.96430107786414
107767672.21636522,0.02474537472266762,146.34713484068587
30290859.818934232,0.00926021617381721,78.16823319712972
101958802.86768553,0.029841644204298978,64.39012662323886
332520291.95864666,0.05199845189169508,132.75911347051115
163811580.8975072,0.021655514753209905,151.53148370640878
77259730.59184623,0.022027861184531018,51.536770095029595
122905555.92123064,0.02445058928353952,78.72174646751822
171370620.96364486,0.03345020468246235,169.52646604728687
231364308.419874,0.06919270197889126,156.04746562583753
175553246.4367381,0.041138671150431794,80.88305926669605
160500183.77518696,0.04822776147934151,160.69308115048668
87582741.74108979,0.019571547686169626,88.14160322043266
172196329.2314657,0.03273184686594599,156.09880801238435
135234910.42303,0.0248355978068957,159.737266872963
123548524.11224562,0.031106969840376347,131.84058377296103
150560907.33729762,0.03421308052305556,111.61052516975366
230034240.2048509,0.057997719728181976,99.71207896816706
230746362.5861042,0.05253334175100277,120.62110040959908
249276758.74307695,0.08703301360304719,112.02292402396827
283935035.4971373,0.10156434693895454,73.96889659475146
199454100.1576519,0.04547661675978827,156.42263504631384
227458592.81225783,0.044735657852954976,72.46793279290853
75939049.37351568,0.021294963018444614,120.29933735155267
152078114.64493197,0.04671409658026496,90.23761966729668
131617675.66263738,0.026872056723170574,120.0664616566812
78724960.8752295,0.023454760241747898,145.90589216644472
366231621.5476842,0.1011683802141882,123.04210204634563
138528864.6038409,0.01799808209368139,68.44000613298515
297432837.0597018,0.04895656876174575,160.371178350286
123757274.6170949,0.02223831894718354,150.22420097391054
360501715.4296961,0.07947894908475517,53.3352011550323
208633741.49802858,0.03261798232503906,122.11116122588582
37651726.45290789,0.006384814786281405,61.42768800594216
65578971.14833099,0.015728760541988896,104.64292946446434
238284638.00723538,0.06468124493183681,143.8924013527907
282661896.70043874,0.08163246303813063,144.8046876308536
247684664.49261728,0.0611600846456558,44.84332749077283
68593754.85965681,0.021770323980853188,61.087818002033636
454851841.18417126,0.12873331868821902,155.74684880781896
62399689.5190331,0.019135008213795775,152.3854260343988
164862329.23272538,0.03509475708341119,157.43527133014882
327900479.0580971,0.11105732044290778,98.24040699077752
207501865.12230223,0.036675726131977636,100.0775452558154
353725758.4662143,0.11599450472155237,83.01559691696367
232989152.27275845,0.06688314146607394,100.2875652371002
55882906.38742149,0.01203346324778972,64.78206036303062
64847168.281494856,0.018641004465434954,138.85580103341528
173619315.4168294,0.039421349512905275,99.86731617470092
98315578.65427169,0.015295478325197414,140.37591015462786
323692636.5884473,0.08536045062389626,62.8915869952997
319530352.232203,0.0654478993687875,102.89162594619506
188126656.56816676,0.04925852141298329,142.10896822544754
247290795.48304516,0.0560672937611491,152.87270079254182
124074644.7581472,0.023151670172708118,61.10185149342622
268802704.9717722,0.06272373700531915,57.547854332268756
156673618.49550715,0.030803973207492844,143.6922595741715
93187348.90568355,0.014102472652346057,157.0051963302917
170255646.05013877,0.04773715225907503,145.57316572818968
128540177.5013653,0.01850095623286306,95.1907296175939
170716238.22539645,0.02843865737326423,54.12536439693471
262261672.93073088,0.03955516381506955,165.44898584247545
99278532.51729241,0.022762146208704648,150.8852952942546
127291959.11313316,0.019488994990194016,82.58614394621571
160011728.0561473,0.03584953914660909,92.72469239009722
265244956.14929748,0.058881394106867116,161.4616146908624
98925704.75574625,0.020352109547238973,153.81961157461427
152517234.1017939,0.019676953879088646,108.91482036010413
152886860.21763378,0.016238317056869615,131.3727890649355
182342038.9514883,0.03646786752429699,136.2178405388974
233739969.51837116,0.04960331366303494,121.28295376931614
106578295.62821527,0.030516487370745554,83.85798944449206
172463321.05752316,0.060960867720647634,90.6051271921092
57504257.06293728,0.00966566605254395,66.98745468769408
228945309.34186864,0.05518711287298117,54.780678412792966
59153520.94537124,0.006918749283444186,146.38364193611764
261501800.76765418,0.03426474718794495,90.6125766952897
170125820.35422757,0.02826727689640723,156.4593110097822
85504757.4083386,0.01920462702795735,135.45648730116284
155219645.96450794,0.029834538951928447,36.82674391591901
385244326.88898104,0.09827714119844032,68.29437307648267
140483185.0583145,0.023680698340699906,111.20632606013419
224372411.73647344,0.040752543528425125,135.90692848949695
236253358.62239006,0.06282788027312433,110.07933316753886
240693638.0089019,0.06119386573802252,176.34631410696298
180107173.890056,0.044296359738258045,160.11475070818446
118811879.6991814,0.03253115955996937,94.79246292182656
101485388.45367965,0.033217460675643774,76.26798351025215
125650012.79401654,0.027898036561992464,89.74846414601684
218453259.90145463,0.06051001367654505,156.00461888477594
231655942.50514722,0.05137132436268166,142.12691075279375
153033671.00457728,0.031291488964998525,75.5765873425145
124513500.43572807,0.038936670982665435,77.5018666930487
174625996.79942518,0.03609248883187941,76.29610733842894
143376695.77130014,0.033411601590115955,79.30251379511854
123454576.71879601,0.028676542383165148,67.48475234645282
246415613.74179482,0.049305775461026,155.43988644477565
316759580.99257225,0.0718676789972406,164.42286835569683
154332572.48328847,0.02990251303526974,159.5684392337432
159924310.0657218,0.018990848042035945,69.33034447895524
250814288.81728858,0.024764520671772573,140.6173894044085
68051325.10678777,0.01854809425005996,89.22624083817286
84589754.57570586,0.024807796091607083,170.07233247167386
161135892.8687367,0.026599206648117185,103.65890994748717
76587628.52433912,0.019134485335308163,57.876222740946744
363901327.2086139,0.12900604934627896,60.72386468341016
200130435.3982936,0.055779936921442876,100.8924281346616
225091631.1431545,0.07468114478252467,57.010875183363964
136802433.280965,0.04141203758177434,46.4902208845827
336495011.66546935,0.09085283141893384,89.02060634498378
362126677.4191595,0.08225715862262237,143.1838686860501
162983391.62279582,0.047188314025724085,105.30986262316742
174382517.66541827,0.044024099793912225,150.9632174328324
249918054.7611112,0.06307544193935385,144.992978871701
181284323.84493244,0.0399287303001115,70.53734509884526
185190521.64267996,0.03394447371049802,137.22710244880247
143431042.97353047,0.02408044811523765,152.56126417884101
25764924.160833478,0.007627836485516131,123.39980299532117
285987920.53745645,0.06889480459293082,68.28783927721497
121149590.31915888,0.022957008685459152,66.8214230074076
306013842.24727917,0.04134193223241676,149.66423495859917
48702716.961655304,0.01043534436339851,148.06718091690854
95478869.74252051,0.02638695983686092,78.02690551103623
127314806.14489792,0.02792979345877205,180.32238731584678
161152391.74071994,0.02536937430309978,59.03751737379214
118496380.97194737,0.037013843015084355,115.68631566285657
33436541.630173955,0.0024691363280192774,71.18847165442409
205812948.9831515,0.05332716975765166,76.3759244126922
252178813.13752002,0.05567601424607164,139.33951062233726
291867079.8929496,0.0699478292545084,63.5910292881116
195038279.52580804,0.06574374072776111,128.0790601517387
221082999.27859116,0.05157941310061688,138.81723289479385
108821104.25476241,0.029618701234057423,155.35945602682543
160836707.308462,0.05111693166428445,69.61081739461092
314798916.5362646,0.09810792894809182,68.42383233977199
93148464.51713376,0.028904923526718848,133.25936691279327
141338284.38222945,0.024570967656735557,71.54918089748315
238998656.15730125,0.05090697354641801,74.03005298599918
55666519.50503734,0.017425057919509226,63.633298221034316
292460980.7635915,0.075840882596647,154.70036997924996
271943799.9920659,0.06210923527172039,94.73374022248642
116454719.29544833,0.018044918616329803,179.72317042992952
36554184.76885015,0.005013231726858546,134.71507481623559
208832523.57952958,0.049403998408432404,92.54568390540398
391285985.54929537,0.13862225915600518,122.25982625009561
116037472.93717957,0.019312545423178236,62.25892013011452
57585181.96943613,0.018003962263104044,166.70620970871718
129976457.23510942,0.039884386391761256,73.2987676331264
225115916.10816652,0.056642100600690984,130.47904932661686
64165534.38296795,0.017087292679053658,39.47526054783706
110452644.54085279,0.01875900270353878,131.26803395958314
121308739.4756524,0.020860543572649496,76.27465385960791
130442196.20779261,0.037761289924701485,168.22571951155808
257405604.0418912,0.07146167841237376,121.45668709273076
69516712.41546617,0.007200938746628818,154.33201603598724
47036638.49746761,0.008590529801660628,51.012734814082954
163806135.80957824,0.0351623419079342,125.20620471483815
169046481.13512686,0.02808868166511623,95.64547711442202
49823121.60843011,0.014853190186547287,79.544301618055
149852874.77665678,0.041120552638586765,138.63116238565203
176266625.71304786,0.044502565195325194,151.04451720966796
155912788.34320924,0.04081503140986144,131.78967336589744
160740885.64123395,0.0470354904080415,80.94972889644384
62217562.93469812,0.007314872143615126,129.28928073274534
102596081.14602259,0.031094854338023222,52.11727720991129
132241143.40709871,0.030117596480360588,92.74103567186681
264529070.8018681,0.06980055357717374,78.68500653274864
287686078.19178116,0.06862666271014888,72.8505260821678
105861630.40297285,0.018150591075037133,67.19433003961245
147433905.65923607,0.022998036980477674,77.89215956444053
187376177.4440779,0.024781284103361993,172.12383326671133
161570906.86469752,0.029676336461925197,101.02582471500526
127228165.15826008,0.03273741070075598,68.86782924034574
207909617.5031211,0.061885912940895696,51.16570379898509
119367307.38484156,0.02874190755971439,159.0257592217529
89662532.3178777,0.029018359855409785,91.7760444448776
67898550.00616978,0.020652785960044967,106.89117574486592
266323678.9247148,0.06661392687478507,145.6577437475587
138740377.2148962,0.02369883545106039,151.02433576227344
110326589.150099,0.028861962189596982,87.2069737394399
341428365.3575878,0.07126487748413685,71.19230110570432
275137801.2044357,0.06777727775782415,143.50863551250248
28520755.367951076,0.0033864467835989344,142.37908800444882
316461136.023885,0.10153168820823397,72.40465039997657
164241601.87308553,0.026761742237629615,88.18555489748003
106364252.24236122,0.024960124071386598,61.11635522590973
216436964.21659675,0.07233309331052601,154.47922371617096
204352865.8516202,0.05275138643284522,68.05174641375845
130374046.895465,0.038414391451823446,46.33014358743657
267396102.8030159,0.06970109207128233,63.93994890344442
210613440.12891722,0.033517316143969245,128.46653797453936
136474682.18910632,0.032114885562529526,126.8002697144058
197209715.75726855,0.059129699601736634,118.71525389576439
72512876.31198631,0.013613541942263656,156.55723597036675
451612295.7352314,0.12586738027268246,135.9402658144429
308261021.2963922,0.09244476621371073,70.8049526544991
256042651.9257136,0.08133629232630409,61.58329509949096
135393854.71517104,0.02559722426613159,152.85246062787917
257757917.1763456,0.053471881302033036,147.48957873000225
204949361.96700948,0.0726622947133733,58.820351474758354
111679330.99653715,0.014450806745978614,78.55703824125806
290761119.219921,0.0725227238807862,57.181895636367976
337576989.13357127,0.0999252503141872,125.89172749771626
167908068.9816804,0.03788770809399776,147.94590197129295
106372649.90639314,0.01689939656466399,63.056201910105095
67777127.81453355,0.006281206322306983,125.19118018975918
234478749.52514893,0.06283001155707185,58.05913556142429
97846775.5554761,0.03063579320310545,131.66539065859507
251686130.835017,0.0848219962102534,72.9621075572255
192077011.25344598,0.049304025924109755,158.59924872858613
100294095.30815253,0.028884636577485256,158.5698916217802
245036788.3548407,0.06295987066893308,100.57231896792551
150180914.23031473,0.04050834565527549,85.64698548867587
217406901.96786356,0.06395091451593583,171.92986473497453
242033409.83433554,0.07748928984391412,116.91380799598824
77567095.986635,0.010537702328048947,188.61195110652196
81660973.01159263,0.023167653034560063,79.17894965429761
122107472.76502222,0.019795375585724976,138.87120539859154
147907824.02863598,0.034448154808476475,132.0971312054237
166203376.62755388,0.029165448098232485,146.4326099515598
229432819.03583187,0.06049031872742667,105.62462612904606
399542013.0572031,0.09272322097507525,155.3463615265359
72692807.56778689,0.011729018016017969,59.892587513582754
216499147.93063518,0.054089534362707026,151.44276573526952
238234136.65342343,0.06267728105632592,133.45186080035694
306199312.811597,0.08190081164272497,58.69968135549809
120154182.7562685,0.026807241771705743,52.22879649713096
161236870.4517077,0.04299495436500748,124.5862193436989
258122017.3492404,0.03708494785051641,145.01870949900217
336568867.1692751,0.0964043285546094,133.79835088969648
122287076.79230055,0.03763972467562014,69.9100416075494
104038359.79985563,0.030943106735918588,65.28463175808318
420960700.13570714,0.10091357770285507,135.2369648343948
174428836.13155726,0.05691774451722712,161.8958045098375
254081814.15557325,0.023599490712310652,147.81845389308702
209733256.56740683,0.04209010149664412,132.74534608230465
9269924.272862364,0.0004866224609658629,160.96042689185913
266287523.08011296,0.06161445577406811,147.36759539610316
132449161.02715355,0.02621489760625243,63.43517689235859
81539866.24686158,0.00853546261914832,136.17004322375345
153211816.40179646,0.02482833230013269,81.2241642671522
56987118.60851428,0.005609494814696641,127.55397886840888
210723794.8151628,0.07324443917609388,68.00507304223815
32940618.07869083,0.011013695486287944,72.82587668168223
150780193.84638834,0.029562280591476166,150.6408823238008
123702126.8280603,0.04364115439984675,81.98727985146931
497619948.36349773,0.10585623500599103,139.856563932739
87164482.0813799,0.021391032655955895,160.30804883420808
155729196.3831969,0.02213673402418248,45.430484406089576
273530818.53664184,0.07220093783588548,163.5147754295916
102134078.07900533,0.01776770214539509,63.12420316178203
72209703.79573423,0.01035426609640767,152.8102182438916
65253764.23374131,0.014551790504523928,73.08115554317548
42014880.42748118,0.01117925132726035,43.81380078986097
404735623.5108299,0.13078569538295776,97.30697002010025
32385961.95513793,0.0025922154775651547,157.58417859566975
103854970.9427402,0.01338928278899931,80.71063401397842
78390145.89815038,0.025802161767090527,70.51111419429196
326997209.9659033,0.09201454602745432,152.50106275872366
62954949.06100598,0.008701662604048355,115.26113135899881
251512771.9430706,0.07644772047476274,137.91193305875404
150555865.82818675,0.03416177009084574,87.58326185971441
188462322.36926597,0.026299822917297093,84.72125921874984
207635381.27502966,0.061231567542684856,164.099955597348
261628589.76010442,0.055002890651197275,140.92386029051806
47343122.18841086,0.011991105159502208,84.41863719461946
317547342.83339465,0.056574543874695,104.3577293508033
145868021.18814147,0.03288148680150305,123.59653707762497
170434607.08524042,0.045623358955826074,128.89496862622502
363526852.5689379,0.0676630382257211,67.61861139809027
105616448.28118993,0.02077758120957002,40.974629823717436
113892221.53916442,0.023557796203211,63.034750512746456
57045897.195531,0.016899373505761626,58.81199751495111
256645311.5204602,0.05065204539718052,86.29972853637476
216835354.46984994,0.04382409641590968,132.8274801503417
87767782.2590424,0.028178088633706345,115.78358036998243
205643011.80058706,0.0459925153691422,57.34698387246263
123622777.97753017,0.033405853007565024,62.10750482362699
93906623.04902199,0.02088441210098107,56.549098241772406
190462162.860505,0.04279204143953079,64.73200370402887
145936023.2968824,0.04754278279351517,71.5445916796437
172357697.47598055,0.05578093247994874,65.28451030791469
189355131.63616884,0.027301501544735707,76.96380633627919
201551129.02624047,0.05287586324200042,106.86661930502817
181735235.15323845,0.046607578610722095,157.21448342837763
44137662.19354294,0.014642879965950322,47.53454057614347
89736293.64075287,0.014598287184988734,90.53152468653735
80333802.3628318,0.0237102868660131,122.0031890918532
145301141.8073393,0.03616967143021585,146.6683516906242
43971453.50942162,0.006286699568300669,67.98658916281364
179945510.8330201,0.03123301227377665,161.7744857947987
172117349.6141878,0.04700885739725438,119.75343156275822
122674360.95172712,0.03187816624079444,55.05846057608315
298973946.75296474,0.08016220390570843,78.0254418601003
72673025.25265378,0.02293745284134262,151.44461497109606
106182453.1239821,0.02128357281424973,130.99985674564894
118153592.81123129,0.02639828996551448,173.72761382110986
136210015.21918762,0.027739764544845696,133.99953220084777
140168287.38958094,0.03026218563354584,127.06733025196603
195368674.21667716,0.048984150831286405,130.9356411764097
26301725.50014548,0.00802401892657931,37.92075762341566
164314980.59212753,0.021502919380443727,73.80311966529742
246918291.8138523,0.06623312249248703,93.1183087568756
154455848.47051913,0.04005495455190895,68.00932310210429
138734782.3052226,0.030022285687156734,55.950527043000676
92042610.87225595,0.017297070187475182,123.3281681388464
411744907.9061404,0.09353018464804691,172.08551989506947
55959857.75449067,0.015349224451922064,147.85546855888484
177382260.02224034,0.036244907308852534,52.943702657085566
139654374.22326908,0.01617956654810644,72.54060422194615
382116444.83432806,0.07703548312011593,143.6856127100806
143494855.67313012,0.03601341488803869,169.50892116648174
70851828.43354318,0.016707636554493515,133.55018619349363
113630878.8596389,0.021522470684990087,52.85869545041881
318356633.578845,0.09337510676966822,142.76869585915207
222379544.1876238,0.06219008262168454,52.56632661419528
186401488.15675008,0.04021694644220439,90.28523527465492
180127456.71609467,0.03396595017031841,132.31452755131386
160490497.19039074,0.04377462009189869,88.06872004431732
269916396.140446,0.07731158717980786,49.016056614201304
80076204.08391967,0.012536462308669423,113.49271159319284
204134753.53518474,0.06188829056654247,122.28726954018133
124868847.71129152,0.021321024548284693,124.4810564021946
53982993.64060434,0.0119951881218941,54.36804895796614
101434702.27908,0.01916737978966408,168.57586782938458
44998858.57481347,0.0143636488819389,76.72771395578282
126952807.43980551,0.021413460540312696,148.249658193352
86842049.81314774,0.00827939054483747,143.85055596941524
156426365.88615572,0.040726093576628195,140.24604962170014
280684140.902564,0.0739776098485819,159.1881975953095
65107848.79874712,0.011203872894006572,115.07276581469465
61831568.851280086,0.015432487940493024,67.05043294111448
254403285.96597838,0.0878939990533348,74.07427993911324
240680629.6320002,0.07156212925434353,119.90775949588438
61615648.03193029,0.011731638937270488,76.52021482232686
166094433.98026758,0.03441148617611685,165.78370430724235
238858066.83904,0.04254194898156578,63.014191794658906
143006367.56744146,0.027430456006843462,54.071022146457835
159027535.11404705,0.04364232348861742,143.4146053593971
124364852.1037845,0.038545170077819456,134.02637168157844
237916748.26866567,0.04580581000985791,108.45748743716814
217258098.74449992,0.05400846533910998,69.56932659042846
66179124.38401361,0.009224218386670615,56.36520970272215
141056608.293017,0.04057801676576415,142.71712875031835
280383500.89881295,0.06674403764085071,63.037173541933626
212541939.10015482,0.029107510296277225,140.65164839671053
265659588.97011423,0.07812749243166699,105.09489249442501
176722442.92095327,0.038440368243557003,167.39193833747987
201836749.0037679,0.0347679878754512,146.98322580494084
111723976.73331502,0.018562887736369476,144.5715854479271
68077588.27979112,0.02056515784663274,185.49232160418805
209406154.17962927,0.04126472328821444,142.93494273359389
598298974.6252534,0.1918079938034915,80.48512999378752
188847693.42886865,0.04989620066278536,154.44648285065915
629298411.4722598,0.18149951197458966,100.68666136076308
133820742.0287579,0.03111992877566856,132.07902715034353
244040674.43738225,0.06255354813153305,61.63481448963012
119431739.04210337,0.025451284848486088,86.1017184018626
209685129.53294617,0.0506759873176693,125.61690997482695
207488647.1230673,0.06856063927912771,82.24131288274666
167990451.32616004,0.03822126832391111,144.13531326077995
49508222.11174469,0.015167544157291468,75.96674503603387
261864076.78892624,0.07220331829437314,81.24991106967961
325006964.71099156,0.08384997609350456,91.81449001182958
94889697.67129526,0.020741077738194554,38.93738219191776
273640245.13931507,0.09406353801719665,151.65914175228178
226105169.4309225,0.04590543325811529,143.60873904385244
258089558.7030127,0.04163738911199442,70.4701085550247
168308704.51443803,0.047599049129883324,124.6481366821992
62865408.07850677,0.0122454672431988,66.64889125840668
161741208.75661993,0.03336338479074765,148.8435079666907
267950947.3268589,0.08119764513490405,76.27680574672893
550710118.0243601,0.18050772222513226,154.28347658124108
214226215.63627183,0.05494859682866751,80.82208465965611
263256500.36226195,0.0710186907443634,141.47557646392008
408323658.14798474,0.12337508833134721,143.78761425803557
337387105.85454017,0.08701024434361594,71.4851080899201
35547890.95379509,0.004668038507071219,71.79390711478491
296801702.65206856,0.08905112779067798,69.98820606838406
185701808.99197817,0.04471012800011743,107.26148015815646
182984544.0362041,0.04609379941040733,102.42694575250178
80663884.71789983,0.01783950782680383,133.32533349417366
139205904.87370092,0.033775807572508386,113.89685227907094
264999242.09980255,0.0728213711374142,141.24318773504527
314713377.8603445,0.07924203448125153,70.248210301901
86563767.66614282,0.020895425901547193,52.7298452840134
55737721.09878175,0.00925104878220942,100.71555251317493
50888563.69878607,0.01698041936365656,91.79711075420977
235642603.33707306,0.04364703341402931,68.17531297168081
19782892.359542325,0.003063688469651158,49.16112187601506
412083126.3703791,0.0892056569809908,140.81445573834586
207997763.60464185,0.035693757941820295,62.01403558922242
193814166.3577526,0.03631823127153202,94.75848850552416
75426369.43061182,0.020564896592496947,60.068790010540106
266424894.68877193,0.09269246752676776,136.9194330685588
93441411.4734976,0.019397731741337326,144.8693749233708
515408325.04532385,0.17795217387349932,116.32969900652895
136299153.608357,0.023146301458657943,89.26448623065912
42959886.70340358,0.011486445914079787,52.44822970304579
100123643.49524817,0.01429879136573964,58.687251317956786
24240638.280908797,0.005749227256718438,153.69906990560452
96983503.37716869,0.031349269873963026,145.65920233764447
87096402.59828421,0.01876653657675154,120.32989473660956
138385764.9197286,0.030198719986962514,144.0130522354849
171515231.46755365,0.03721837317185663,147.1596967530763
203069107.3969096,0.059869407730228356,76.97453409254699
145763842.30551407,0.02944197381403438,145.35086679935955
156581402.6370085,0.04920712478408732,45.84352481840637
99506196.81507657,0.008851198402301003,90.52425542118705
88027498.79262573,0.014902708011933134,77.36099396900815
235064364.5750383,0.046723221490035,56.54061893755161
134333349.05001906,0.034132671621168106,138.60001917960253
332161701.92412686,0.09810840793080529,74.13589655886663
239738503.58891803,0.06401034661981145,73.81350332354927
319112963.87702477,0.07816989723725908,133.82024593017138
108011124.33719015,0.03528392539378248,79.32100014288588
87371296.30215755,0.0248053924679949,81.96393548590815
85609637.92961153,0.009515622641749977,105.13849235831324
182375947.71325,0.03993612383413546,81.5715461812507
262011946.6850521,0.0589105754746358,177.63694195370093
148441821.2941386,0.036812788549716084,132.52415030734105
309081633.1040871,0.06350233291758618,94.7947527647733
66631355.563542336,0.019757711569235514,60.03936519741609
225160219.9483518,0.03526464584926829,155.99620154132143
68229539.45978114,0.014249603504098693,77.86754819216551
119701407.73142585,0.01457457135673559,91.78566238648189
237044525.2547732,0.07836548874113398,72.63059035090225
119086784.09589696,0.03647870143085577,87.9053985888874
288091542.15477383,0.05136127651929027,60.03764745956512
178157098.60723123,0.06182578364052907,88.15532109227847
85263738.57212222,0.01310542435499583,89.56547266068982
127044972.21914649,0.015807396624004454,174.59492295991825
29980959.926755447,0.00960094412182359,36.4910412191843
78599813.94053099,0.025202764201082077,132.67044474332806
114375287.9297853,0.02944998698681308,71.92630392745211
417837548.8582497,0.10399482109201429,144.33371683794826
162719985.70140472,0.03829518859135022,169.70386562901507
147900842.42194837,0.023765152544135974,94.04852149411104
148126812.90153676,0.03248778449221538,94.89970540417089
166323218.79751608,0.02608789160643364,115.23210806277517
146046458.28602502,0.04240302567465254,158.6163237013396
226599455.2899394,0.0793512887301393,67.19117622852693
515510955.66497546,0.1264237958411163,154.08989528045464
110957355.68571368,0.01861387080388996,75.41673168306063
180989170.34767205,0.04530982369002377,170.4512779208853
78246639.13800687,0.016102532504012015,55.86395193725466
381407674.35960376,0.09520747033854747,72.74061845805014
250352941.72120693,0.06865810618755949,40.07717840969393
52941876.98122181,0.005044487457528028,152.45314412028563
76476637.75392345,0.023795692810965916,132.04903662452608
103456407.39152794,0.027282506347903843,84.5671498624389
131733689.63685778,0.02539101697276368,56.50081290528558
251719896.08327895,0.07434161638601688,69.06663950070407
110364597.075005,0.028699282224072552,109.98634509254566
114306661.19416589,0.011424330717328502,106.77399850271522
130041139.50838022,0.03000557413026885,148.61324376711462
109138495.8446064,0.015134920605729662,74.7527119847271
174422249.03355622,0.03643130018198624,160.13643671697793
242602133.3482978,0.03654617683235987,137.34781634330452
567949669.6756742,0.16588570353471535,68.74797612791058
93333422.02632973,0.028567329982831412,95.72205729538103
65037324.08853875,0.02065546988658088,79.57385158818974
107006540.2672846,0.026515889659360234,105.93086582616468
179701618.81905615,0.038616242082127,168.03911549623686
110718995.47511375,0.023102152974544096,48.95286433168152
102801593.85814291,0.020501012011183505,128.4042617136553
221210874.96090037,0.05034989986923806,88.38073934247137
49282263.28532138,0.013073472681492275,158.8791830451038
234010480.04720354,0.055540897505678415,82.9620581139555
115647440.05363587,0.03399658460407593,81.99270406330463
186595014.31307876,0.041538361578048126,153.48472885332023
165189956.96000153,0.01575071582597375,147.13906458070062
284880982.6607416,0.06306069524703936,135.26684279739953
208789162.89757192,0.043265804564465826,122.07265571328952
36402145.461899176,0.004000734799140345,90.00612066512693
152348399.76261404,0.05230484166580818,129.14020075328824
37931417.83797539,0.007390504564108842,113.90234621642358
64681397.81720063,0.008176749155406842,31.993938632923214
80996503.0202753,0.011096678433394331,74.00278497923998
149288593.169823,0.026449255811555154,137.67615944784967
84097512.1816329,0.028100821395964603,73.50799820996669
41399542.2846884,0.012308221860620422,84.45995492925508
205129697.79685366,0.03406132554404686,80.08571897723044
184903924.04401726,0.0482869286142033,42.500211198429575
77381176.88703528,0.019040997160149495,64.78907846978582
122804385.34929669,0.024874401736808712,59.962399565416646
55024987.388898924,0.012676457358143042,55.513494242233996
230460650.79232633,0.05158064617108712,73.55362338997237
52059047.64418121,0.00864727479300399,127.53701320117209
63399692.22767368,0.008694146598566087,134.54087488919643
328910690.1188773,0.0893583556409931,173.85891513600689
62549784.27825163,0.009783796372979587,89.75865727733066
157342751.6174025,0.043280620692145506,156.07828484108504
133630037.65129757,0.029927771293268946,147.27970020930363
125900123.66494504,0.022132944389179492,89.16799063711157
284257172.2398155,0.03420971073401083,146.53982902503873
366594843.61904407,0.10981165389252047,84.61831730063119
289348816.9833676,0.07074931099456973,168.37015814313145
115506906.55924112,0.01978549555111314,124.51197297108742
345291928.3064356,0.08281224221281681,143.92940116503993
157914187.72887522,0.04290636281786004,152.09338595581616
447529208.435063,0.12077696908494345,144.18917915250165
178647081.0591442,0.03652172909655637,141.97198763447685
162232798.544689,0.043354072481505836,155.9565606761388
209916984.3801899,0.05616580691945611,129.006753668792
244643194.1481532,0.047014494586594485,186.14990654163057
225092844.0587106,0.07926807018390437,153.50016833037532
130498888.62848483,0.017123058000330565,145.38737500673687
151160633.15906763,0.039333996730253645,108.05059475975068
377204490.3118871,0.12323467256009527,45.80418052884642
276566183.48087376,0.05106341167498275,126.13750651990117
339749374.13672614,0.11597798873842509,75.22200430915456
109763734.99181053,0.01766535108586647,153.28624712272583
46383054.633518204,0.008814524029240553,88.40534673445696
115171771.14622301,0.02294729444588974,64.9322318821055
375236048.25526863,0.10219123340259859,77.21058240811958
254187202.9170364,0.07327585844150013,140.7469990517582
63466688.1982623,0.00905313856327152,48.50624464151685
170685242.10224938,0.03456671250976903,56.28571131522324
97719454.26939684,0.0167283823506655,104.3303104811988
116098392.59694469,0.034586667135770736,59.34666054230232
176829419.55276108,0.03998691751986789,124.97136476993545
137708026.57751665,0.04720205263903781,151.9303879221672
267207161.90345144,0.07229536678043962,94.52060258533612
143233552.5747232,0.046560869553588714,144.92122960487274
25657614.51428534,0.0029573000144872594,59.28999453693835
59742657.120983325,0.020021270963926373,129.11469578976147
222914468.39232337,0.059868212950567386,138.3411015181122
62342513.72296029,0.019017768532614318,76.06423200529153
255144131.49651974,0.07996493776974442,86.47759573048114
103492046.48534851,0.02957239670081442,56.086041487803996
80230431.2037061,0.018693645849284863,169.85069341637922
310372130.7069032,0.10785704809406403,59.11284919219279
151560814.6367693,0.016711118263924945,138.698029030508
191902074.66891238,0.05526468760622742,162.44737099551276
99135157.63975728,0.030277764907392847,72.89437545983675
223737896.48295757,0.07479326042976844,114.43675683131521
205857500.18517464,0.04734862528737822,139.8798792293931
254813032.50825164,0.05766443750037476,143.73370701957802
148538933.95730817,0.03392083660527662,70.77754100163229
61842299.373423696,0.010919998234199084,76.19377953614091
63795253.695901126,0.0176834707351648,88.50793501633146
103310790.9364669,0.03246656383578779,160.64802536461744
375951725.18637884,0.07994639093427294,78.72630607867502
156616964.04870754,0.037920875633389584,62.87137854408114
222409065.5550847,0.042943850830531684,45.746136924675845
246217580.40656525,0.0650766607908143,53.39190556995941
325588816.04704446,0.09680483069195364,83.10097740467687
117433635.7643883,0.030246931153341542,65.96452593388788
177960497.06381452,0.04454699356526886,64.38847554134597
235403763.4641447,0.04245898305509134,85.65319208116587
158669850.18352914,0.04401250607438942,157.28795556732217
222199974.79182023,0.05333745904712742,153.4215433666031
321486487.5105343,0.11244056912752756,150.33259142174688
386549818.6275666,0.12029751928371273,63.926043180622756
207363906.5940087,0.05583206922987351,156.4394139537929
389009877.38274497,0.0962112215642085,88.53687851647675
167451461.7126249,0.050729651214795723,69.39123178257793
55287113.61494872,0.01425850701720236,161.90450087865375
127354208.9212994,0.02044834297684737,74.3300327989228
221854468.36930865,0.07934603999277559,134.9860983200587
92926597.87531886,0.022659218111071303,141.91205123163846
98896573.58383107,0.02347144143326895,78.77561217775096
334397429.0623481,0.1024972322068634,116.85083092340368
104182750.52401087,0.014097306751683011,143.35420309163135
221767058.32941264,0.02461373859406829,153.28636931985537
210436779.65756375,0.03231319857128571,80.27496993754953
19796846.336419355,0.004336837859530878,144.34241413067403
169323544.38120818,0.03722815170007702,62.918751517520526
200806467.3239689,0.04626013470302663,26.364616031330367
292456519.6190278,0.07473903504791085,66.93127850822559
408436969.94938475,0.11805234072367334,151.79994481023803
169678768.0046938,0.05130576571424003,138.79542727252914
135825050.81493938,0.03178258618043975,168.25767272895453
137264374.75779834,0.039332280309251705,75.22209921774555
110151476.16680682,0.03757743659522444,106.25641703714041
174634794.58790067,0.028000309768038856,125.82618063306123
66462742.95220547,0.02064050349273164,69.48890963782843
148649932.15762728,0.018091449318153745,159.90618766877705
111124401.925868,0.02735744107945694,159.7371512257392
316350716.67616254,0.09611464286871457,102.91192883460157
241856597.1209256,0.04324597606673351,127.93624732853957
116394466.47917698,0.021216867609543846,73.19238081768295
55187535.59019786,0.014216375133568201,118.98304706694427
88843106.75341304,0.008511964246566727,83.95339137916878
320777926.74699104,0.09426529535637646,70.40090479300878
93657618.1267198,0.01701177962763576,131.57262072205083
162398782.2801243,0.02724545137345089,134.11250234297881
308916447.0711626,0.09500288966176265,61.682836225583515
272435099.756008,0.07498884300865855,121.0640498315704
160376344.43845558,0.028369616552470635,93.88212594427682
251284873.9817773,0.07574113401755296,70.47547550394438
131711217.04364155,0.021871054802021214,117.82432362789098
282554349.0702549,0.07525501246749809,78.1725964489043
276183561.3024913,0.09713733879306531,151.74533134505444
114849170.66997057,0.016837491966626785,118.80288781256588
253619347.2260782,0.07190115068070999,54.310640321592814
74775659.01033136,0.01324347810086631,59.29475403757026
88142792.10564283,0.02038882525752261,183.40930720943737
102658906.25714862,0.02267182579892853,109.30097325741161
194783796.56185594,0.0407598133939312,149.01547592241886
306219214.3814989,0.08191430369419744,114.65650488920427
205611937.5401312,0.05473132199982069,66.82007552767563
138008490.52335396,0.019293421600276667,186.55065090895508
72468286.47608073,0.00650177575859921,111.59122008006202
215452317.1062433,0.05096659707851984,152.90832562796427
180227189.40284553,0.05574236082560201,147.09474963274474
150441816.72307914,0.02932573944134979,153.95469274625648
81295578.3375724,0.025769352666877993,85.64298351766331
167568006.874367,0.038127437661704414,173.00929726893935
109581985.72524282,0.021287924992850996,142.31674362623218
216259347.79302406,0.03809133914510286,177.88817011703065
176070814.62841398,0.029649824471967037,162.41090273763606
83211719.75410238,0.012154326394815593,161.99759233291184
189708572.27342224,0.05080214616241678,68.25900099237516
200263953.40412462,0.04033640859697585,72.95469424427552
281492360.7180956,0.07526364170261861,41.95377537975785
184234322.45382494,0.04491335911331954,134.02729758846098
196860645.18312174,0.05531666442916948,88.35639634203004
275206335.22870487,0.07023650942350136,150.06909193546645
146943089.09039804,0.03102092969138692,171.2847907623398
212722381.08730102,0.05576551082351655,130.12608640623205
111947600.39935751,0.03389345210294619,91.82092605327911
335309387.2667505,0.09717929692578128,173.19588741992516
169692525.89583445,0.01791342403820889,152.31090484818824
293115462.1677941,0.08503127537440965,153.46364657656648
174356593.1201585,0.037306835833226644,145.93058158631192
147480226.2244689,0.027412369243504306,65.25125605340327
167745502.5683146,0.03257775868817186,133.32556153887253
74231357.35504203,0.011165383572955795,106.17855527263471
173753371.20599055,0.03993744486346972,145.90789316080964
53609799.83502725,0.006623547888009928,128.40160560860465
115278090.60366598,0.020047395886758745,155.01106254275422
101548894.64285229,0.02251993293767349,63.258112043658286
39152141.84375071,0.009160957388851181,146.23477627170607
119425761.59837344,0.02200297438252645,131.8479030544261
111740017.75384688,0.027807553163600604,186.98135677134326
109162936.21636385,0.031801992171542115,163.19845696135863
186439685.23887077,0.05543840881242283,158.40429209250433
255974722.1702335,0.06692946226461323,173.14345141918378
142553104.0116482,0.03513584873378753,94.01856505842176
205104970.84002244,0.04362953303159755,176.91042921765404
107093365.52560258,0.027995070959394134,49.871681474090636
250594241.62957132,0.06578730479546159,112.45485706376871
69617113.8972293,0.020727713826458143,147.04669404525862
186657180.02799445,0.03750139182508762,149.03662414155522
207197545.49302715,0.05657917115276291,134.12894101545172
145407719.63507688,0.03148512355744128,95.87753491557108
137925632.23396638,0.0429160696675635,157.28659931153888
182338747.97704044,0.043866422821806236,149.71257657992138
83317924.15432002,0.016355603927115225,138.7361774705485
205026221.25660378,0.048060500900660885,156.3926496903649
141163890.3126079,0.023442038397012796,159.56657068923252
202382805.77228034,0.04753460926314833,126.43481378477944
89339516.86100096,0.02783305021234082,143.30173638652383
374452381.4023609,0.12381217232639753,58.27834602926492
159275964.30360046,0.01687666460285957,46.048196987265655
72520905.82236038,0.017943175166729015,152.7729012374612
74711548.6772235,0.017310966751109564,69.28535533340057
179762262.3853203,0.05940467385203189,72.37988922590652
202959041.48505074,0.05218504731674864,72.96219854900723
254358780.510174,0.0473524123587933,110.31034431371509
300438985.97163445,0.08594728712505752,124.05775465136993
186433685.45036516,0.03263799004751812,75.55534138700492
56342408.99630101,0.010060484782728604,75.89766049053466
154327772.20400992,0.03841566332672346,78.1241072500513
132597221.8459945,0.0295432955599691,56.858680346967944
85900222.53339174,0.019001533011452208,119.99652946984156
178831192.69774485,0.050708019032974616,145.50023736982953
145470527.63892987,0.029956123254463767,50.10855944550408
37639036.764432624,0.010195199527366543,72.12123085593039
227994373.88065022,0.076973255598519,55.39525396805809
52401972.908279486,0.007843224830436295,76.48199221999947
158397651.73397636,0.030378974504742043,84.27983157620417
118790900.66067708,0.025763141474050403,80.6257229536046
411395536.20664656,0.1077763216344831,48.55028590299562
231924628.86494124,0.06363913848763797,51.798354938789274
201439955.68589324,0.05382089527342577,146.12546937495378
116785356.67368531,0.027570879933823525,138.96185854000618
132121620.84519406,0.04340154335884282,139.7044394412734
183750637.9800477,0.029309708891676264,169.62478157366675
392195962.08108854,0.1412601810081113,146.00209219169636
175073303.8025378,0.05138959958075689,75.49995293246647
142856664.049623,0.03302334125487549,144.85285555736695
77028801.64313757,0.012313771433155025,81.7222147058703
51094090.14854308,0.0073094604689915256,62.15088360964624
180864590.92272985,0.03033194875755322,156.59952312018024
200275427.17108515,0.04955604321199418,104.83308585343671
275088400.8347782,0.06513198011872323,151.04625369436445
103729052.57922536,0.028996042646194792,65.25478251822184
344415868.7800594,0.07958591901946682,163.20341509161707
83168796.31374656,0.010764186806351122,150.82155171632425
60981869.82182701,0.015327817357222669,83.08028355263535
28499350.703322858,0.002940761653962588,92.13594725829287
95778432.73773852,0.025994629829833443,171.97864508050623
198444695.1681458,0.06899636587673902,76.59795425098207
280462962.46801364,0.06518229291680099,131.94289466153498
378660539.9092909,0.06902180885369319,154.01781114639698
234789825.6524295,0.06534670231694836,73.68520952565034
238344080.42547035,0.05306768717967887,158.53859213788274
111941485.23863606,0.015699581611021307,85.2860908025193
306502273.8116103,0.0626316391017669,146.8509878518728
166622432.2563408,0.030689483568349968,168.56300449824175
313796671.51224613,0.07620129661917759,151.12348438682412
121630131.9421039,0.01820311062932557,69.53719035110576
547089947.9748061,0.17794127139576996,86.88663962973091
203004733.4852472,0.042885204802611626,115.12304305585866
140714686.55074942,0.042965659268604954,105.57265408819256
311387655.11253715,0.06953316730204458,162.39692529021985
58201985.16531496,0.009851885106614876,135.80074042737544
491191603.4542958,0.15309483059347154,115.99559872333693
219054880.11394292,0.043014919286340964,138.9914188699507
40063841.06938015,0.011799462241477465,122.93280686566177
224605916.9256308,0.04515556469917471,156.75458486685181
205791242.57368147,0.036022578559818566,95.69713952883919
130619380.92389669,0.026210328304374038,145.60963873028916
233207178.003774,0.06254638750904722,101.95977511062468
217886717.86346284,0.05341409591004911,153.29588233758744
209278129.07068917,0.04748513868811597,106.11223354165186
105046853.27197325,0.025117399851638824,95.07575305854279
232876012.05542368,0.04946918482976158,21.87999009455234
249104677.7355478,0.05067190239726495,128.74962528539203
52827318.27545878,0.0068799976165594,85.03005491348917
287841986.85721564,0.066644995745486,138.68745219589093
238942864.61312133,0.04926531809725988,166.10411413826196
201537310.48098674,0.04255577788682963,143.8790644454945
173272047.28790408,0.04216201782054121,132.75733862941217
128491203.9337987,0.03223604647288053,96.82052853472948
111874745.78644067,0.03187453357036239,100.48371588251044
110420762.92522894,0.020166463284718023,100.41600936306563
153116576.67779705,0.019214490519163487,165.7403632447502
85832206.18546149,0.02116382041157846,50.98891683910657
108773654.39561562,0.030671784984510085,65.48653700324773
276890874.5023606,0.05736136930085808,101.23753535728784
149588467.38773167,0.04868408436284836,69.0535872801697
177693814.6957424,0.05597225883985366,54.73456940023014
193609347.88548777,0.043697764091002955,112.50317765254688
95711537.63712294,0.01627820874732172,145.43936244185772
90863086.42019506,0.02224322143555798,82.1915011011783
311994324.9154372,0.10660386233329897,134.49769958368987
286303786.02521735,0.09025246478924445,54.164221204983534
87835473.20610179,0.01154594586419781,150.86392369570794
159898107.0333498,0.02680333738727352,161.03343059097838
106227209.63597815,0.019614366103332212,94.12177308419302
214316649.9474461,0.04851396918824644,173.4677402537151
136983856.30705065,0.04531908005130974,142.7440699193556
190399738.87622362,0.03916413197033236,94.4458075173434
134036592.97788247,0.0327981329614106,46.80521038753882
133032216.21139783,0.03440448727389707,50.765566165521975
180449043.76719895,0.024973866846825937,133.27991380463757
235001854.03212357,0.049066716288302205,114.67516079228615
205910773.40932328,0.05758292594682552,133.40436129594423
139423182.85445872,0.03162194909718216,77.006469386784
160507639.15692952,0.03390466004202225,81.4322333414625
231840395.8836264,0.04968404630038239,45.82234249505236
41898960.08519885,0.010752239026117287,60.66332937047051
267546990.18764335,0.0756285742080394,150.7802711887899
235138378.56811,0.04491482135323881,180.27435822334522
95878935.2793791,0.028861830193536647,132.7137392580169
130292598.09151049,0.04280120979345229,54.229257654766634
96488297.12487453,0.028051390052677868,61.24408492950556
80616698.87277246,0.022457870010097077,158.0370164900816
87143874.97926047,0.021171709093472522,116.68176153530382
329553243.5119963,0.08928954602460948,158.81156338660287
213630485.8451201,0.05212887347755795,117.93242835907144
322765541.8540199,0.06932967574028567,159.63392518566468
47216346.573994,0.004747943219933778,80.52061896832768
286145973.5879098,0.07921915308148811,144.63386523705287
92195352.77654454,0.016104807671914207,85.09076138219542
302823226.20657694,0.09320609136062143,167.0899971407453
161858236.82010165,0.0349860941694785,95.38381012360561
102330882.06518957,0.02284727734280144,128.04110775506976
126355216.76344904,0.025223679271962635,136.1247360033809
108703336.05152267,0.01730157189460708,157.27005408815916
202192626.5215783,0.043595607923013854,155.24252192093337
231762975.522525,0.07813405510270953,45.237607923763825
261385083.28178495,0.06283331165621982,119.00828149863008
152459508.34914836,0.03361210232609912,136.69189489278804
257534278.25968125,0.05493277932690578,124.05166778634215
222076658.8478207,0.04545578013144848,156.51290376275603
87962909.97861826,0.014626663581919254,157.957233952859
161674948.52984852,0.027109532844089904,120.82645486329439
182099389.1494032,0.03456914438213892,157.72892311987934
110283853.99708956,0.03454590547058006,129.84562947493262
257369164.56079254,0.04479951734850804,142.24748012834985
48886185.163175575,0.014742262091919192,145.96509610644264
437891471.87223536,0.12936320294383313,168.76241020439033
159631741.13960892,0.030553814506186945,136.3935545932612
103917318.42522569,0.019002973792749477,78.63127379750696
112881314.62456746,0.027681025586124997,138.83891852063485
100316514.75291708,0.018284814496718656,111.76322988240408
211771638.1396864,0.04729172761777324,118.32251743193093
186254101.58118498,0.027775906086511173,129.47798818828787
271234736.24304914,0.07421701272298355,162.79939617311666
420039518.5207686,0.08508715042682512,134.90765952785492
144575265.17815208,0.04498427121864857,55.65021632398876
53404694.64651071,0.014963764823973127,124.9441894983165
344717286.86920756,0.060139245713251833,127.90895711628463
29324560.25736005,0.008591400614744778,48.2266601480953
216461051.82047868,0.025062511403978673,142.27471982826262
161364317.99434167,0.026501394547270202,77.13539046724982
90048562.38980411,0.02846922245204897,96.50386473673959
111550177.09915993,0.013884680409062437,152.25182518406314
84989702.04196769,0.011249798226845287,158.6847125277986
65785908.921230875,0.019210254094295068,75.0452177623673
284832135.58537674,0.07598633584929093,155.65628838173714
82668650.09447536,0.015461914895951813,101.46611574994874
17604048.77926854,0.0017505798453123945,120.11074615734033
155354482.74204677,0.029856881653762036,66.85790441133702
342505480.50100994,0.09379483638540251,78.77934111962226
86028327.81759088,0.012391982793516403,168.5954921396118
199998469.76310945,0.04685289789567885,153.35849105203184
60579998.98619427,0.019745076218957318,149.91058976653028
387193397.93372893,0.10258660061498817,40.98511988021022
131811573.24376607,0.03636237533829214,65.52415347584295
154481923.96048358,0.03545194337372128,142.85905335163116
50412168.24040841,0.006269177272107048,63.6032497227889
123158471.11258179,0.03689610028987485,150.29180937536128
110246378.27491507,0.023015046271727815,146.26879052830657
81367562.70410278,0.02037901023711345,152.15676897216045
223455593.19596106,0.061691961214274844,129.19417025859812
114224074.93400641,0.03485057032663509,91.29003527408969
56004377.357974544,0.01376448610691246,140.6766673258729
113569152.47544688,0.02492339559348637,163.0916599569461
144913214.31230685,0.039414262560696876,122.78934965333339
303938385.5299262,0.0713877369061282,120.9441256704263
140267922.57035297,0.03083759229392491,149.05994947150717
216361368.9141672,0.036493010456479666,73.14311407933
208479709.53529668,0.042202664156086075,162.15163798535798
152938998.8705717,0.04967890932996817,65.0440005990023
63255098.14330563,0.016990205045686456,103.3901706742397
153523900.72942412,0.043281848640203666,114.28182175135369
134705328.1786132,0.04067602437670069,57.858699414175554
44221468.92058662,0.011850957874268254,151.04408398795672
151054479.52869126,0.02669913254383178,144.84587388153244
173775234.7180115,0.05757085854722886,152.25269987699411
116725659.5917821,0.024814703414123424,156.8841567371846
106692443.22520098,0.0140421004115268,46.97943900382531
142780776.3556989,0.01728082751719051,94.19472819594534
272209510.8553554,0.05895192247499771,132.38804139558175
113124213.11374135,0.025051711259992747,140.24676080515087
418832903.340763,0.0824010473389928,94.84413739558882
272092291.10254,0.07762383371308987,131.19016311995864
114869983.50163434,0.019372495089559176,114.40267949186553
308187229.11032695,0.06739150437085879,145.926163301826
72856867.64321044,0.018917347555898058,78.46176397114101
236256388.90503293,0.07713194613014968,86.71596806203739
113826453.4980093,0.015575768113121965,81.44172129153797
218670541.15476617,0.05278291669251795,167.59404677794802
208298426.92677805,0.03494785515575097,155.12294694362166
329403187.0312634,0.08757362339764806,154.9632515072354
159966939.2801511,0.03279432084838572,165.5627252447392
131497760.19691186,0.03848216807483675,93.26608165662554
290357423.0846702,0.07232695037891541,126.25282884511799
70496640.7397031,0.015415685707400152,56.741968147188025
184912620.0653125,0.03571956391652298,165.05687175260738
265997261.82670307,0.07350152318115852,51.52364191698124
335779793.1648807,0.0711044928129534,121.55858995625307
152816464.1638845,0.03563053802797108,149.14059074159394
343362701.48147625,0.08453178520697065,153.7196679606386
101063690.74286112,0.01986954392450726,51.20654538705447
362376300.3103143,0.09545135287975998,135.44054417643025
99919138.08972329,0.019331707874633192,80.38365404724357
144188107.1884141,0.04251811323721547,76.43520221749571
273378024.2932031,0.0652566133863476,158.1231834485582
194416195.1931508,0.05818144741826634,155.702915421788
278592328.10654896,0.06072463174319402,67.28461270978701
157298393.70459056,0.044596809438313234,175.1569414110369
79452454.70453966,0.008223798236289185,84.06712322928871
233529308.56150082,0.0397223213906698,135.69737814991652
155310594.3889786,0.03001266103915723,86.50586420038321
183532847.66959685,0.026331070153876375,60.53390126418238
205548393.6307099,0.05722600170297727,51.56296367808871
76200591.10336521,0.01698957013232854,122.14617155261467
99183091.6078868,0.018693296158084637,96.48904027696881
139087350.00108144,0.019496470223551336,126.28204194457236
219552480.6862472,0.06185040410893906,75.21970853176693
138837309.02370745,0.019370440247318956,135.44315342320536
219945167.44854578,0.057407304719049895,76.11135363884672
212316822.5801642,0.05948187852956504,77.20280155267311
126522277.89336374,0.03562808111664257,69.02160609248722
35326704.464890376,0.006500719295676511,73.5743029815393
141425037.42806888,0.034617539880052256,118.5267865303813
150425074.61045378,0.042617916753124804,135.23454405616815
262592094.732751,0.043880140995354706,125.26226921970905
271978400.53457004,0.0773063254481651,56.20252404850863
141621716.09030813,0.033326799281093285,156.42122707650782
184233829.8522252,0.04834154270604219,87.00375051637309
126536655.99970347,0.03829984725177421,148.58559922222273
84028497.36187643,0.020803372699974607,77.4822257223129
47394524.12016724,0.011510983451689289,84.13438602773351
5312414.178242396,-0.001991207644865724,117.45100568411452
119194121.3524018,0.02115875871191128,152.9375251048777
148707441.71810466,0.03489804488131746,136.89938574337484
122196137.20977083,0.01904670843891681,138.73673087345833
64448438.67879111,0.01944285284444317,57.633261817475706
127895435.75744084,0.028118288014249832,46.35699855749725
162943437.7128709,0.02533405278290955,145.53869994146774
324839063.7697019,0.09148319970179332,66.17820854665811
161428640.47989976,0.04628030988423639,80.18951129952346
250417547.3462519,0.061130584335065935,51.76612849916947
120993699.5592582,0.023316917404226468,115.68921740229447
108617821.1959875,0.015892380603193555,156.7522290859523
115690326.55308062,0.03330599430887702,132.88257500966657
124616263.01078276,0.02545673314981855,163.7187353294443
60624903.42337651,0.016211042037829613,77.41682553211665
103387269.2777151,0.021967386233536338,73.02890480922589
138671352.23991632,0.025180076508279414,64.28940742181807
387866607.2496393,0.10575603283306881,74.32661254695195
121203142.11529139,0.015443306354542831,61.85536775295513
223791233.7652524,0.04270843761958409,126.5181081907009
333827695.7004133,0.07645866211793148,157.6994249529777
174914128.44251502,0.028885528163096807,126.63876132413297
293848768.91050786,0.059146824045769174,151.6201892863811
108426675.33739245,0.028921036324856264,158.9889979782214
331055789.83702016,0.09198783625766868,148.8556301420798
509661766.7200454,0.17000767955813142,137.45230634326228
140074405.58508706,0.026636660780734876,146.46487979210832
254842271.38897386,0.0810250249688288,42.27031911524275
146735374.53775877,0.01632655723196217,124.64927964574602
131856805.23361094,0.039369507551440246,63.38542396326654
114370668.44587669,0.02362792372843569,71.35285193510775
125685416.37071688,0.042193660428733404,89.88073403493263
60056508.10659948,0.013819929614093859,75.290210725237
234285372.4185611,0.04553261028537842,61.208488865182034
77950165.80167279,0.0106573457755637,94.14973012163513
222285063.20097074,0.07455491291528134,60.28707891211967
52964206.642637886,0.01739429994360264,146.51706836547154
64607519.02557804,0.011728225730053478,57.83358229878194
133480941.02912976,0.03275053986625082,63.75003705845411
140038263.92559025,0.043668873754817684,81.78935897043742
22713523.499790564,0.0013678596033005063,73.13360847684906
598910170.6552953,0.19290837019722085,158.71182406296214
101482746.18149772,0.023163896062320444,75.71942132768636
210089739.0725668,0.027945379669684665,133.95875771531257
95147907.20197299,0.011254850003958568,96.44190306519276
127524468.73226899,0.0251717607867682,70.02998448805712
110280738.00360933,0.01494777097527163,152.50401565602456
95351902.66078252,0.013939795587236788,127.13983045253606
171392182.66171533,0.02805822604862272,150.9731213051267
137026936.4185121,0.032927010271184866,48.71439851467102
200108423.85444167,0.06835057736413494,65.48099638254008
144005653.44235733,0.03561767158870001,67.77352550561835
245377395.17693037,0.057965146631405284,66.66217714726045
142744706.29263207,0.019482359339771736,162.73668611389422
97720622.06882256,0.02878083727394378,124.76692378287517
256082653.26849648,0.09041066216532656,55.39893658268134
294202376.6141341,0.04217767806584808,132.0718396430744
156184800.0427572,0.04314185845259295,47.88517159628415
269195276.73557955,0.07865531843177237,143.36566898638324
197405910.79040903,0.028510541278485624,81.45321356762891
276940026.01958317,0.08364070960768938,162.82981042062715
442088856.71181685,0.11954451089529751,149.1008000707399
334150778.22996694,0.08815576350894916,42.411517049801425
247033309.46916273,0.054234365128568225,70.31519647874363
84701458.08824569,0.018394674300088457,74.5338496015353
61139913.614197284,0.0052697200678917975,74.47889919381905
109203324.2202901,0.01542659982940687,122.6327263497115
191901041.8031556,0.04587077155728625,43.036343169496156
96538703.05012201,0.025512358949017325,80.60020972505653
21514295.293493953,0.006135190743081937,126.29746502087771
88754019.95219696,0.02502323754305177,141.41673176693988
203476107.06341594,0.05101724836292214,143.71065641485458
74491408.67720363,0.016251352557677214,90.18366350006202
205753521.06430748,0.051520776843727696,95.2738206807197
143077241.41362727,0.04512295024956808,93.97606410096098
155702543.7579647,0.04596351356924409,103.52796955693748
94782270.36283849,0.019420939072639302,68.49375814582709
99365643.14905223,0.03204804966366158,156.9659178393962
278535100.813129,0.08154452809143307,136.32533697384835
146242744.09772515,0.02821306470604033,96.69396883800437
161032113.98095542,0.027905669244577828,127.3258418021999
439938659.22681814,0.1415838350414563,86.70902281262904
152227524.58844265,0.04142359965024599,150.03226242586302
160447527.97437117,0.03654647751481792,60.164381065971696
87730910.86334601,0.014993100195786403,69.12775478556698
207001332.6792681,0.05670395778682641,79.11106713798861
141554798.75538737,0.03858625837177243,76.83024937113618
263919620.30239663,0.09107343356686164,158.7737074976386
102768070.7489942,0.031141380106579852,79.43346962471153
293384041.49974537,0.07937633885372326,49.32293236682435
101171541.06549014,0.02767005903979985,85.2676506982554
116855264.86115819,0.022268310044897877,77.85143437499038
203190855.4856778,0.06506790962807618,161.37821913493113
91011952.92941384,0.025820335114181386,58.43683126669
62771608.20840212,0.018444745409995664,108.7619805908376
213308389.7925099,0.03586829249343309,97.0902051180574
338713633.8441894,0.0804001237799197,53.88639895039591
120919144.40645161,0.026981780048423845,50.36066939156903
140419580.21818054,0.043622196972235815,96.61076359318994
165535659.90593415,0.04732254620379232,77.30201837949049
96449886.10769802,0.0217533140532206,147.25837488501
86639583.51490161,0.012046477153081785,164.40829983708676
65479220.62863645,0.009928535505034777,160.4355424735832
155883479.54707068,0.034802953110565533,83.41326531985604
225867035.889439,0.055271320100985497,145.16179198592127
217608238.8815837,0.04949775393966501,144.6560109807585
100789938.25623886,0.031597080138981354,57.27512738926567
133026059.13932031,0.01581830616311096,144.61441312147153
173572008.28244618,0.05091791727547816,65.26843613349807
90808350.41432773,0.0281719370884114,55.04352989342832
158952849.2633765,0.0237053399369007,103.99383669480447
199347637.21162465,0.05982612633037967,105.64636890662153
163193293.08592665,0.03460980443520972,69.94640896833799
178798505.44357026,0.03130502777712681,144.39014174415905
92319532.9233416,0.024613043296764947,151.2295950715226
364137096.5408416,0.12009981489994599,131.5705988581469
244224563.9600388,0.06595217219151273,135.3648494330034
120049386.08410616,0.024919520579992145,165.71613110944494
67862057.33399335,0.019594628563207983,59.40812388775403
128591643.59183723,0.04256079237611372,156.19597035315127
117623032.3819401,0.02136539937168293,179.80445360318132
74289553.81909698,0.013557613303029502,77.5428245452361
161881036.3029012,0.04314670582316274,108.18058317596007
109940045.17428148,0.02764118169713845,118.36877685915725
96317869.88437119,0.029349974355997316,126.68987273503667
141484085.40195066,0.01689664477372592,154.57208040942308
177103761.64559466,0.056918875928181005,129.22982732007986
145897445.4769998,0.0388689961397901,167.7538325114854
174377834.9992743,0.03281159047530076,170.4864376042894
109606292.17848697,0.016239104056435114,151.56838869864268
62807610.7032262,0.00986599364507054,60.57796792014619
125918451.38695894,0.023208786886216894,90.91847387636349
189263458.14316696,0.03901059598836788,134.8431928857539
105962166.24966806,0.020496326441535515,165.48537054464612
31392921.75516421,0.004623160414624815,57.16395346211121
218405096.0102455,0.05683361110000536,156.12222180114844
349180799.389748,0.12297885895537634,41.78196407354077
205797242.44791046,0.05378252079077364,109.4935802733107
197659492.23244482,0.0580579983740015,76.85969410135827
89175357.9586334,0.018012082240670232,130.25286743267304
223077433.58946565,0.04052667629322933,143.07762304589244
198151569.8627801,0.0508629247335408,138.73746859926092
214694718.43076003,0.040921011945081666,103.36711483404834
97587146.28637716,0.015967163086402447,75.33516119707026
101641383.72878833,0.019057511488747472,87.61452872193425
67075625.45330595,0.01929742681166605,108.0462667873872
229170667.269908,0.053537292047348056,76.01400360854448
55619767.44580211,0.01130603952499554,63.17525808088197
137180452.5928585,0.045343078323196215,47.78091280014882
285263192.1135633,0.06085292760922273,105.89092927604946
104717055.26719177,0.014227575386906128,76.73289594372717
183549826.8288744,0.042383721132970134,124.00782723693213
236246658.67188466,0.07169171917739509,65.69511346401978
219506053.83099055,0.037524338131180855,135.74267057596634
133419310.72447509,0.0432075997136299,115.85687813143934
81063573.50966105,0.015067805117607488,77.29483212944852
399759515.3304692,0.06222791649476484,166.87403324745654
166104955.42975956,0.028621197281624777,151.84522361368937
262356677.01241326,0.057763981570482716,131.9280660284072
136089669.65013173,0.044951188395200056,139.6011145797145
62283748.159656145,0.020529901090539666,164.4480691992551
274515724.2886201,0.06502494919736196,137.44146725768078
133419139.48688018,0.029647777161005282,89.78373015001227
131848752.77908318,0.031112735787353723,160.03896494530144
168063939.4631186,0.02803115818015671,78.63468192512751
115517543.42566527,0.015623449245923068,165.21548431247777
99016415.2008667,0.02702996016243748,53.06416706163662
217742287.44944656,0.053737671955161014,153.4066559339524
246331758.4321473,0.06034128456042311,39.59366910377511
150571044.71091765,0.02887320933710954,59.92373879035106
350081136.62705654,0.10546126683511725,115.86790661140941
186492761.1743295,0.05928426414412998,67.61576486482396
150786989.2349073,0.03183639911878686,68.5432332368969
176369525.59548324,0.045736540278463564,131.0241460764214
152097708.9414047,0.0341672644617598,158.28859103690485
444112323.6507617,0.1199124627326973,158.7844750795072
118304382.07002655,0.02681071999079981,56.59228919171595
180199160.89389282,0.04381954877586343,129.64094779349264
428859102.5818469,0.13455935856485723,89.05047613229281
171058879.3218763,0.057492382322555165,155.66072047777033
233390567.81529683,0.0544646971887422,154.90688309805557
249127724.42009786,0.05499408070265092,157.60175744552737
222587634.41258758,0.046114984792469525,126.33808022698851
31160927.156868268,0.0034422130507615724,124.60349432946886
186919328.2673119,0.041220683453227755,129.92678115982892
132051675.30959022,0.02647500057582765,70.25883653643491
146580602.8821671,0.03627397242215251,123.55049985585876
83178231.5429534,0.021258994786363304,99.22801790835034
79703581.09170502,0.019062033788159113,73.41188615576496
192862434.9143706,0.04722358728774001,137.75195670485093
165261500.96119237,0.046145262097751646,40.58992131823735
51052832.65377984,0.007570836260864484,64.28731877873935
76035524.0019623,0.024930310192532088,125.07340748877652
95626023.50429186,0.01101105593652323,136.7712060455315
128381819.71857741,0.016485843331876793,80.40409349300485
97461736.30578403,0.011577541783979992,74.13215372906589
149003104.3023564,0.032411482017672306,59.56972141790121
198649619.82864514,0.035026855593748345,140.13975696005937
61576348.88430382,0.006378773320750786,76.32027931524252
123922889.48336168,0.02642174732653916,96.11815813306156
87226541.92449048,0.027487923184607254,62.47416651288385
75722691.64411137,0.014124691110467484,74.1359353718684
311964599.2312574,0.1061144313453419,69.69372438284242
184897506.79961115,0.05324352709479627,134.74516374196762
206830346.91122183,0.038300161992656935,154.01185337548318
196517426.20883003,0.05247190133489502,124.53023674940324
142167576.71359503,0.03817684352847665,144.64573021813572
366475525.1756129,0.07239076934245993,70.12323360438154
103333586.8067742,0.027318955972313888,114.5074783783017
61573259.78637679,0.007170051893397252,91.24115778330335
136538367.9681362,0.015438442678441666,63.518776390771016
135669394.84310472,0.03680987544534917,156.9018304370037
246709838.31321883,0.048456340563875606,77.6104301877322
147624328.32197088,0.026720080091124948,135.6093536460766
117721650.29982746,0.02381842322163078,153.23053859500664
205943993.34611025,0.042662600951006116,111.68677618202275
205935533.65779722,0.04434508836727589,85.24093588808445
433573098.89353096,0.1272743282076079,143.86249000746662
97245530.3894091,0.010600742093897534,83.63862369771941
269016240.60129505,0.052998022768454375,89.39847336150847
120557127.81762362,0.03614646350813059,68.06094387466452
240227820.8293534,0.06583233397632526,73.00280453292109
173655527.78162616,0.050241378715692356,79.75535632314227
266226595.69490877,0.0544792022373651,133.19587012816595
150505851.21669248,0.03146170570543073,49.615327681118856
154946846.68795335,0.04414274341452602,62.77847742433476
277698571.7231285,0.09011777442382742,63.22662886754456
257435386.8120619,0.03837733589911631,109.982028832956
113813117.63528368,0.024295885016047684,44.08862989395128
143377272.4987406,0.028648559666685437,77.70584890310475
49398312.84474898,0.013622633117324215,72.67472203242353
219036096.53921893,0.0705082163047372,96.44724087927212
226216984.1033026,0.045961729658610805,77.01374656402757
84923618.80414894,0.012928554375826282,153.13007862176505
159673135.4147713,0.04256426385212728,48.936505836463596
126653748.89577878,0.03970380721684186,142.42318130117252
13040946.66154212,0.0035913682386242434,77.07146312363153
264635660.11207718,0.06430074720398779,136.39915161143537
253666639.51166743,0.046344106786203945,156.390412886836
321298104.682082,0.0908115576722136,149.40583947928764
160366382.02912897,0.0386969587263671,154.26350012256196
152893344.6030191,0.043101853694427775,59.93798759417141
40509197.025904894,0.006272542894421785,136.68535539314777
91791348.63555333,0.02237096181839754,148.75093942636417
153642876.0514355,0.04253687015794681,79.38741496622008
277761074.3398844,0.07441221554872945,171.8580728459161
264772955.39963844,0.08150507586614962,132.3202900816891
196744309.19849157,0.049949027548909446,109.71623273900661
50866511.660822555,0.012576077569033435,51.140951351023666
56516820.526529334,0.014782333796478385,57.6675145113683
298056523.5345018,0.09140146247019308,141.2018910801912
88657771.17190361,0.012750447577935904,147.54132455304065
154438029.5483973,0.031076710779442365,142.40711492730648
196862139.1742717,0.047437539446102565,53.17553447049696
82307341.25710182,0.02308003016600688,71.7789332619231
60831737.39056351,0.016072187839353116,42.20915852935607
86699108.51860934,0.010097429588537045,70.10279930915438
89250078.19145837,0.020648575584062346,68.8323277580506
210628132.22826886,0.06086493999991875,116.66500143589678
105712726.06817833,0.023353092592808475,73.76913755641095
481587089.5065191,0.14088964742930418,131.49765975856837
104549888.71574736,0.015790152091033224,55.547690199371054
65211973.08982201,0.01902252164295325,106.75796921175541
35412071.582050085,0.006871863661531457,70.8126179801415
195279676.5831234,0.03469717185301316,127.80636039607616
56061739.412986636,0.012034186933462433,74.70346109683165
68255351.7203181,0.019899637609542015,119.3619688988804
220557694.64670193,0.055525805518358305,85.55000049768016
197210207.33217272,0.05919472861526688,65.3905473668168
163574067.38591033,0.018405510444236387,128.412725461069
75525099.9540946,0.01352961481647011,147.9779803188754
81764438.7014224,0.01528439368159326,69.62129098751481
80871108.69606447,0.021605031150457872,73.1323900068663
83391646.31375304,0.027779713460200587,164.13076785555
277108984.6777228,0.058357703878699714,89.58744598740722
172690232.2602931,0.04788524371215889,136.5128685219761
210695127.86833313,0.02813377042697469,153.43394356293487
141752928.2688407,0.029679669662242447,131.12953746038346
185207738.0842393,0.04039340886266493,162.5535367966151
110490376.19814101,0.021605604132654846,93.36008764771606
170599517.39449203,0.049328564453500014,161.00198339431338
206941758.6613008,0.061772481538312975,139.6135490307078
96846310.2712269,0.01939343490218615,96.93380224001238
103926276.26918954,0.01859853556559472,154.01528286827366
55669456.056577206,0.007498558302761637,102.59204607029771
32190614.456057347,0.009632174088241843,75.28660567162129
120530460.66252157,0.008612019010861364,67.96887827646998
53537387.511480264,0.007372602728970837,98.45318687065588
96987564.87729216,0.017420236883305327,142.8434451055735
123484760.82709675,0.02804259719739711,79.42102484418217
124380764.32564092,0.014785389006412861,98.06513447004453
21851648.980230343,0.002053612515551392,100.7199296080153
283282079.46485925,0.0802502403241581,149.11859642186877
97155337.75983416,0.012099456798373813,137.61019985135817
54784594.61833551,0.015356101476102361,135.72642026489768
119579126.23787875,0.027184142553315624,34.32940652718507
133763086.73480886,0.021609215113564995,158.32007861249093
117333149.91170529,0.014198140168770898,64.3890021883219
205444884.45884085,0.042055261088410845,170.40741910856667
67319289.21252762,0.0141819865787839,92.72370852122843
138194381.3472005,0.021050608723118515,147.84792823140452
120489693.4289993,0.0182857904806981,112.64504031892227
139219319.8981332,0.04702078159014773,176.99586933704336
121904871.55682023,0.021554381841940837,155.9567558817026
99709984.53270102,0.015590253275459641,159.34977971064924
63539334.892268665,0.011132683855101152,80.77507230717131
218262076.4149371,0.06626029504567367,71.39491801689739
96618078.39904979,0.03132282449197882,176.43203653400286
106829731.44434063,0.03629924280901106,81.08284464735945
57661906.26026921,0.010400162633427735,87.4144240951848
169793919.38963133,0.033249994517520004,67.8042212588293
238520406.458655,0.05663004033659336,152.7143173888561
174596190.7473715,0.027959727864880355,133.08896942820598
255992146.22474855,0.07469733225158547,81.25340299739291
222841632.5773602,0.029204623266331036,160.10425109783793
91449837.32795575,0.01775883264068693,62.13074969353894
161772581.9531697,0.044227108711560235,59.073642434317556
268016890.34841257,0.07532998935219053,55.91208421449926
303414126.9063739,0.07162298161183972,157.23387797911653
74047065.3633565,0.020879704176222768,77.64763456586418
200041955.76800668,0.03980703179717976,164.71162623049605
271611845.2426573,0.07709235574867317,67.28336558926041
92738901.64153978,0.01670006123236131,117.43983216908025
139491287.20954335,0.023919204529824153,145.73510231800248
43168391.98789212,0.0047822703105784075,163.0634601430912
302167263.10766894,0.09134452303277836,170.95536895386675
181905469.08381468,0.03624484861879226,161.87328364641172
299726991.54546016,0.08775000325783562,51.66562601156024
21297706.625293553,0.0007714278689887739,56.095565642184134
433037264.4554421,0.10921756461821772,108.67916734242809
69966104.772154,0.019264945735754078,169.70439447738244
291841162.60788494,0.09064170664858116,107.6223369886438
25170480.189021476,0.004757482499812469,97.35242606507549
131691103.06620997,0.03012600510730942,63.37378930560342
141560756.2719269,0.01987382070396238,82.69805573056662
109696682.18699607,0.015125566023613276,73.53353846902026
188155908.81001645,0.049048858162109785,173.0402155504424
86638051.0849131,0.02912805230654448,67.65579500474529
144684027.3683505,0.018029482456016457,135.98473908662626
290416704.04329425,0.08371526860838248,143.21877062148732
166150965.07130653,0.035452766872357766,156.8667297944812
131257924.50625575,0.041949206037358154,45.8939691161627
155205570.0395238,0.04734038704087136,88.82235224516982
190398777.8004428,0.05370784101375589,135.32007448038095
121582896.90066952,0.029279805204951697,78.57144306718777
196491420.89171514,0.03682475613872592,69.37225276202987
64704993.13589683,0.007605929253216821,68.80863104049425
71046491.54907668,0.019620138434952222,161.64933142528025
245832497.59453735,0.030205621841410332,145.68620960988977
141293298.44735014,0.033103528834193534,76.11948833580074
258847224.8431781,0.042005687319992005,97.9622815852347
181652635.44972476,0.051591407224594085,96.85827950550313
89237471.63731575,0.01827373702709008,71.78710012956888
147831932.8712137,0.05002069507005286,129.6267300880703
62409675.78868553,0.014500730420869754,87.34316476543158
172180383.93982652,0.05446496850751215,93.82202973615188
53119509.09297066,0.010656364889817362,39.28416073007382
83599910.15702775,0.017874412836326195,136.558106091721
135042641.1613351,0.02979956763690893,69.95342972479148
128970906.7209047,0.036732781537837746,145.35010075215774
120073170.08715412,0.02505045244150584,171.68465425442423
105794812.95478895,0.016028479611083175,111.78411247884297
223886265.9997411,0.07556007132212036,88.08619558660257
286090822.43496984,0.05923295159660944,176.99766793673578
146719525.76365054,0.028752545533087166,152.38123833318357
216126684.3619181,0.04915832258993052,82.94689795552935
299088892.0650964,0.07970682140623066,119.3250804636118
90089102.51337479,0.01164778358562445,126.17888015420164
160792953.04630002,0.03624355724818683,141.10653498500778
115823895.79168466,0.03570792143681774,78.50144765009952
293447848.7809874,0.09762673892655446,101.86795069146751
160908001.4869228,0.025540988136066867,133.19429172945027
166601359.13180333,0.03289178887555678,137.3899193494193
117948408.25018752,0.03344884524428165,112.48831499302399
297218598.8586316,0.08031094135753744,101.86746391954162
142976113.98086032,0.041357149913242366,82.73675562350707
162236693.71628663,0.03927920833744685,137.48338386424228
189853761.11953962,0.06791565061078449,98.17681822591001
430982531.1143528,0.08749899914360063,146.26855193630544
126702767.47994545,0.03776793152125887,141.7595335042805
48266760.72820243,0.012010470593236844,95.49450886189692
91180377.35196394,0.02128340857771656,112.21504483592216
159096944.98077506,0.032348442902887284,58.01664633696001
286278414.5766924,0.09485475341665467,73.6580853280008
283333770.3252568,0.061033393165526535,138.10992595444517
143237449.8179593,0.03416885858664663,164.9350662732096
99558666.90307583,0.02603760379499783,146.34465144791196
145818468.72753608,0.01662087106809173,177.99639001385006
340152522.30065596,0.0761122168279367,126.7216833329731
371413543.96805525,0.09986311448560177,59.12084843046914
170090694.50971013,0.025130949325293573,157.78120681514065
214723076.35056102,0.04616195972049156,152.0758827674606
257675684.75410575,0.05293012870110569,168.9974586435508
51586164.41358647,0.00859520229483972,140.41162983261944
118766657.02902068,0.04147558851353854,141.1369388039864
273169990.44210386,0.07921734483260823,183.94524733145738
137336187.15973848,0.019344291022361428,117.5309856355882
149353146.64078143,0.021842580903014146,58.75348436577106
267556849.40167475,0.05065466640822557,123.29114970493815
175848858.92812842,0.032935892714090635,44.57684347254998
114827010.8297252,0.017706950304356945,125.92287477785678
177868548.53991616,0.0394934145800681,166.829931544432
118233675.57506737,0.01461178698889261,167.62253006459545
96828226.95671299,0.033031573914434675,64.39124811992546
63739927.63980468,0.0072335736835093855,56.00022880078028
166307462.55586928,0.03547322645308896,152.93339680548016
305848702.7895865,0.09843942391377399,55.32665019183313
258459308.45364732,0.07880271893038335,60.96762814100891
343044676.5335213,0.0942455315270747,165.21797786863857
46220669.84616377,0.010699167125870488,99.38933834306337
219241516.81227553,0.05082759500404228,151.83930427281743
221082754.67160392,0.051650872446967665,131.69830030800867
227292507.1715356,0.03076466303126032,161.63674458111797
372397806.53348756,0.10036552751874538,82.12622963898501
319482683.5428982,0.07557766337967434,156.8375460302187
347404781.0268712,0.10028267779278482,40.63702407107504
124072884.3860783,0.016050561240435492,64.51498898989769
132274879.0365332,0.02950374640303713,46.84070058371082
105632018.79996231,0.019963224298230837,159.09599686884093
104770011.53372556,0.02687899001752055,49.91715022119518
236252074.18248445,0.04709750614470024,60.656736039416884
167849706.47673285,0.03269965115012939,130.83530561114705
73987898.00754422,0.01345060522465047,172.8036655683155
233627694.25077724,0.05589468284239808,30.313699323871713
164935954.58277217,0.04972212419658406,64.26811591974412
191796464.81879187,0.0536470176035664,77.73881054466867
81270317.75611901,0.018821597749486867,168.4852470659099
181259934.34663734,0.046927947647737424,104.39414932341471
92563394.74663742,0.015847700065052043,111.41955966981797
147964949.52984756,0.02842231313863584,141.7459539465172
167955588.2525078,0.04516587808003507,93.3159005244104
116360747.78026475,0.039200626289352024,139.65714345310548
236275064.467017,0.05742476198023422,150.77675165334645
211598662.58779427,0.040698589935914686,140.91015480418466
115811245.24425328,0.015073627888210523,59.32088505616001
146839449.98474753,0.034716012344629885,74.18269009530226
221687257.34521288,0.06035086555329298,132.57648024071833
81389992.88798855,0.026215760917311443,54.31906021727227
66418364.07920997,0.010009919544295184,78.82469026067831
109663780.02892452,0.019104439482761068,70.43561563551063
255774341.3756601,0.04162838957948532,154.73512042122252
166993919.18288073,0.04888611099549988,74.38087677270154
101779286.90874903,0.03214033580831288,43.94761937266447
99500113.46808353,0.029446356889093986,31.197872485464124
191709280.2479185,0.06345026987041254,79.83818361371947
182840150.81113112,0.034163402770079954,159.48689824864212
305708355.2156915,0.07360752994113773,67.40926758089125
287865208.61679703,0.1003994037331143,143.32526587782567
181136590.1849435,0.03290272070613318,150.38855980385154
121021964.4014641,0.02514751233499868,91.77827833861407
445892520.48447466,0.12018933756901089,78.26799894414857
176243381.87377864,0.03657216736040864,100.19449151300162
199256239.96354485,0.03175251001015726,63.448714997408146
168174132.9088469,0.020179553114228737,131.22320288606178
149879202.13350996,0.030883172427938848,126.27086610712323
100177777.90612073,0.019534501485547702,74.02704204776583
428195942.89541173,0.12847303043869737,60.07860298375233
240684423.3641708,0.06153595055714631,145.0837002288479
64742965.765229374,0.012089391473709573,45.261951593613084
146719846.50303376,0.034347911625509306,96.87612947438758
358352709.1578109,0.12235503118825962,108.30852817839049
123929430.3046568,0.039598280961602915,108.18453154154261
121540595.5066342,0.012700573839385868,121.37740707706175
83590627.3005189,0.015382717799559254,88.5704542350411
313148389.7042357,0.05022715795850519,175.7722769619687
114868377.98088306,0.039791322919778375,177.6023712094384
103186150.42658678,0.02814734228211272,79.52419786034585
158425347.27112862,0.03601225173301431,75.08042961672601
225923475.4325201,0.05713683813497997,97.45957856799117
150985407.5880697,0.035655328893123686,65.86940819849454
183292456.49319696,0.06040337651726998,134.85562019414598
26213799.71492103,0.005209940015861547,57.103175530341694
146703608.1506887,0.014992303266235366,85.16981272894444
196684846.07246715,0.026137213697936347,134.8245432715652
71699228.92362916,0.011671503969024822,78.55142065794064
53859991.61205958,0.007268012324348431,86.87267613848219
49908395.729212955,0.007321832975792626,53.55561046475921
156600736.26514208,0.03029160098663743,117.85568422199542
193373043.065391,0.04102047866036785,139.92343314532962
382006047.14995086,0.10420287381448232,69.36657898792068
237651307.70563686,0.0523162695409547,155.1340486906584
422694023.26672506,0.14865529245332323,57.24002286568331
39331026.27592963,0.007900782643437696,131.5925887847235
162481709.11841792,0.013010499568008333,170.7290465092401
207529896.80535227,0.031566986710162365,98.69726372781237
57439402.65565677,0.0075340101709815985,125.82036433589299
82385118.80411069,0.0150789938855938,96.56460947585956
151111859.7720477,0.033790327741013815,96.75484092674293
286808161.52031755,0.0720432702063343,96.26145644562062
96357033.70191662,0.03236500471728069,132.17329100936368
151778038.18511757,0.025409747026641578,149.39630294066532
249060580.8136847,0.056642346803905244,134.28331568075478
37321598.930849776,0.00984220455301851,72.54456815941144
262939247.98399743,0.06152185385732958,84.54744308693294
128279437.55358556,0.03683080306134206,138.7871512291446
194077674.1595736,0.04333688680694004,60.58794027295241
206816276.02191532,0.04893833850435138,177.66415328395726
112979872.06989098,0.03256764212079423,136.5952785516021
42384821.10352318,0.012374037904843599,139.20914217622234
344637091.06855947,0.09178815613060308,134.2032672425214
10928136.527613468,0.0003816390302292467,126.43683024517068
294893277.79636276,0.08188763871968435,90.75365134107032
401742504.95514536,0.10931571583693382,123.74389379627935
172844301.90044165,0.0369032712670267,134.42650266638563
38718618.157748096,0.0034947340012383655,173.42844645958016
528636371.0530481,0.16729938315783077,149.14268132669767
124110905.62229636,0.031363609718771335,119.12982063145992
193185113.29669583,0.04429481899802958,173.67805389184187
201726765.6049987,0.05655385769074161,89.68058924139415
83302306.34791431,0.01738038587593047,73.93377535746346
140515707.93062073,0.04891950172609791,147.83448579145104
165153665.85721636,0.048300010856289315,80.20382724216797
141633876.38106942,0.014024646473275471,125.81282248356825
231250982.67206126,0.042895938300122005,153.68506101340037
435556737.80053735,0.15356725038768357,139.91473512090735
74879694.44796982,0.014117476978141887,95.152603245221
133222595.2549603,0.04315193334755206,156.60002082615546
136713797.7469399,0.020648119313288915,79.15472535897443
116284017.85408041,0.02924083314875583,56.006668477793035
65751066.48563433,0.009733511614719772,146.33405490702944
247307340.35448664,0.05238891351504303,154.5591697848896
290918423.7219372,0.06331761634682714,134.1655495265773
108996478.12460645,0.03314408902231113,150.90220040116674
132537580.27164143,0.027460356331036544,75.74550570176366
135868926.24840382,0.027673277349591983,152.000195072054
134007969.03702484,0.029883071307500366,104.40862981252376
113544327.80511957,0.02370489599329806,149.01993836958977
369194677.2928362,0.10224117652696031,155.34286069943144
272631698.4216568,0.05288703755916432,60.195609860332546
217548250.09090465,0.05262281428587476,143.49248996741343
369353636.35906065,0.11202574285833045,58.66582553820147
124615590.71378061,0.02326656711721868,70.44872757590085
163098171.03696156,0.02727282047013863,152.52996452358093
191176374.57973444,0.05215039669045271,137.04736567438414
230067542.26970446,0.03564961365156965,109.75268750396555
235527349.4228093,0.03763340332145807,153.65347449991498
208308455.5941649,0.057489188984962095,118.87430435053402
246945151.29642063,0.06760212803767245,142.0128938081928
106178563.1189254,0.019600289266232328,76.05939311061934
67597170.35162579,0.014657879728003299,151.6739810335585
112400696.59838063,0.027548514434428618,83.77778789228469
173807256.84061927,0.0262931156250667,108.86052495123793
83617303.20638327,0.027630058645688738,112.8670846825604
112192980.56748894,0.03649060045999181,66.2974486820095
129186901.54109508,0.039243413464796276,50.436943136822585
82316429.36962038,0.01816364462359517,149.72209528432882
70610141.57196231,0.009375563825378172,158.11201733209293
70077091.7132341,0.017812503286174057,134.64474914209458
130720132.1190666,0.020184807118984825,115.36237524106369
172398982.70034814,0.029246609033284614,126.90007323793803
244212764.2105317,0.08310404398934916,99.12846087740128
195913526.86236113,0.03900426862419925,148.6340244182213
183048211.6862842,0.0517663322724286,67.62442412956925
188640620.620879,0.042543344919750994,154.16801845874255
209959093.04928878,0.05925002352256062,46.321603591350645
143816215.43541527,0.03028748848065258,152.01985231645082
144616715.62211686,0.045124733578904785,58.92566250022683
88594644.59159026,0.018223970790935594,189.0639940218661
53176672.46293153,0.0066548142994827175,130.3323725194416
295803288.7239182,0.07605504089164636,154.94657894240603
173657744.46806487,0.020138648067529987,179.15612874155437
60085084.02596214,0.011608513752888511,85.30344296876866
197426046.29192337,0.06838634876897295,40.047078979175666
90591806.16663359,0.012156100577064857,48.310251706130764
128356377.60051309,0.04353763985952069,157.02313793207327
242829134.03682095,0.048740718382529274,132.55536902324633
181240375.92188427,0.0556882993330463,156.81448923437767
256194914.85839838,0.06693312098283528,159.96570512354893
155496146.46699652,0.028583661125827862,46.419237522386744
103056225.63972536,0.015459763542320126,79.9562761659322
142548201.55990988,0.030925240730058978,127.6377964775261
140826891.34006336,0.015276274895578661,169.4460404096722
63022905.890705064,0.013830503457441036,79.42717244159292
216638099.00271228,0.042150565410489074,76.98402745269732
114312685.63027039,0.015696274818728727,146.72305399252807
387960636.2765474,0.11012938330238402,137.51158220871892
105588762.51492983,0.022288418520923184,156.0110329362868
227671025.56082535,0.05781403608815882,134.4183687501901
189573417.2230078,0.04349940580772717,121.76523510702133
94491714.79478803,0.011602096594361387,158.1169412364536
67993412.31223547,0.01948310702407927,84.3162557497846
184872036.778908,0.039861136216257156,141.84238798851808
142928714.32947528,0.024407000635127886,109.39467046950526
88757562.21860829,0.023534884405889744,79.63134804800214
136023913.70479685,0.021204834037381257,82.1664811904023
90826032.12084207,0.010028560488471915,77.83928469817889
209086623.8938352,0.05114591303829195,147.8773865586402
169883291.31799397,0.051863432775095065,122.88342406822146
93278805.08069256,0.019763297853167605,142.31235356290114
149111580.27070758,0.04080324179630382,61.805781662237706
61751682.33903026,0.021731537525096014,71.8626276722913
515125466.21611005,0.1565363839827107,125.66063135071549
318817702.8093977,0.1050695931834679,45.43039873410883
229666341.16781777,0.033278068732143506,132.65993643307826
209598421.4342538,0.04528151495869283,71.73735150789588
46297401.07497599,0.004333461620312177,139.61873628296001
116433701.55068785,0.020594706692321316,156.06522552345427
179698212.68802384,0.04816322963404836,119.69290023402924
85671406.93054989,0.01618663119682829,79.73307975481896
248404808.6186185,0.06215172885582655,163.1288374554357
223076467.4709686,0.05644156698382766,134.30346749066348
132122988.0836848,0.033076682432415336,145.015092094749
195952673.195777,0.043367929561648505,92.10643440675238
47210946.71492741,0.004826116712350506,68.28844791192901
65022048.742861,0.007119353667467132,130.26446664398682
82700267.96214022,0.019402736102481964,171.28936512665564
148141201.0079777,0.03971968670623802,146.7211317112164
168036691.01666164,0.03422835763780073,158.2794747661357
221091098.1276639,0.04715197473701953,169.3523368445385
253039722.2013449,0.07635726401166099,51.60171779894696
129249620.45054808,0.021328714320088784,142.71130584982595
330400752.97945863,0.1167635532355537,128.87382226648907
263247363.56242347,0.051906102891864536,144.0422062361873
79601096.5668251,0.025459536377685908,74.12242477348862
95773036.33723201,0.024335915561459677,121.83278291805601
222773509.78952718,0.045759941520299385,112.26971497432308
231500968.8719588,0.06844233668487246,52.441581845902135
364795360.00023097,0.07254185001703738,142.70361647344
131416800.53439218,0.021047444174152722,142.2570750768601
13798195.178863443,0.0030924014809372248,74.80708251757049
112216505.50374842,0.03573353301360325,122.9079811883185
246908903.3932404,0.053492746056031576,146.7091306250891
86032048.9897121,0.02474582155332179,153.03224786032234
80661535.88192047,0.016467968413982327,63.625184362183305
139374920.21088395,0.036094145440989434,76.84518992478645
165266639.7524458,0.043972366915926514,155.1377616846822
194161361.34964204,0.05268998737869536,55.68380879866586
161067398.73271525,0.026124381044963983,136.20052349901783
54433332.95113312,0.008460392956029324,98.27240686558538
90834738.01317142,0.017372281686110623,96.27812339523693
233404957.5615285,0.04749115299020495,162.14027897422125
401751182.65131104,0.0964556951184767,85.3381261203497
52870375.26275925,0.01111134608080811,54.361058369447726
158949916.4867268,0.04867528428424236,91.99159154596656
279311815.3505763,0.07404113000097841,61.286752485283344
316487036.8476031,0.055013444288064914,115.9699660139341
48013428.42691823,0.0080815104104614,92.22400187081067
62327647.678327814,0.013104526844238929,83.05143381884652
383831941.4769047,0.11714283190518761,166.52330259988946
115369303.18806082,0.036535660258491004,83.90940340729408
262099720.42733812,0.07330181897647137,157.51133007702563
80049024.46983188,0.020392590385482225,69.40592876847916
162235929.6656643,0.04884644897255244,69.19868852231592
362720873.564432,0.09142231608744067,140.42662691788735
102856877.14233713,0.027416268052040657,103.21328132418509
108613616.83429153,0.021868418473689057,125.42608297240241
205623777.50048488,0.04149589939540661,91.97231799106271
153948221.7858382,0.041170001531862704,68.03817847637181
494750075.08499694,0.13426252056633317,94.8591382171045
273015929.6318051,0.0936226916369949,158.66741684550055
118636832.06350325,0.021329774188577743,79.42678088881017
162543939.18498462,0.03827584274630987,100.9240656182463
70484410.26339802,0.022979803595091983,65.65181318093285
35898072.28580662,0.01053649135706041,146.35355635335634
21776442.10588573,0.006147754023200099,72.56832081655863
103938960.30619055,0.01215832720830226,113.40817850851904
351301494.993675,0.11038598151678958,53.77277107834165
93537013.90692447,0.021628905075010092,86.09052427030768
418205039.3222657,0.1094903087943518,108.84256869570319
181661839.5322916,0.04717238349567243,152.26372020375575
267950060.06165987,0.06083533695593024,137.7964218137619
274956605.32304984,0.04961103753079053,158.49192922413192
203989178.7439836,0.03338684968181275,55.4748784731624
112685559.97080109,0.027623880924159776,89.16195148151104
175425709.4264794,0.05764197979761411,109.18909506171872
442144464.2350443,0.13519163160570669,118.84473255142257
78028176.22477117,0.015182389220169734,55.861390892191444
152022355.12274697,0.0324141298080282,134.1989920373766
253412471.02731955,0.06325510776751397,126.84106350959183
95556583.63078833,0.0235953676005684,43.13617004191467
236969442.71436208,0.0715253658512779,73.45428254761607
44673861.84320249,0.011411092189003554,66.38888276795296
109003461.1555297,0.03367410176303629,129.65480333586956
204693529.34395897,0.0499780858954061,94.43892154923644
188768467.36996132,0.04712749929060799,64.3419524541955
150177361.29476064,0.03719524482516772,136.25968460685058
90853253.27844766,0.024998883429861934,64.9730585932469
190163350.55239126,0.04888329555676619,158.2789830498843
90090990.78686799,0.024279384992144906,146.74756780583792
157535922.04599273,0.02678241455373101,78.22506107982016
440543727.8267324,0.09416057910795253,144.16146658332522
142557356.38114324,0.03168428921451456,61.75147871046912
101421763.99155182,0.03013537797102294,76.11283960742642
204204781.94358933,0.056849617654724086,116.61079348318131
268400757.92244598,0.06710564063665492,80.4405565740673
95988948.40910536,0.01166309440223017,66.17945229574633
176350746.58497804,0.035649136490037266,148.5804307133792
336862357.4092847,0.0789333899438952,179.81121921935852
79836540.71345645,0.005811105133743948,68.45501441529088
162059384.4552405,0.0378190274725561,61.2042233317894
186548261.36285365,0.04538476329478154,91.52889981933708
140720060.10627347,0.022226384272294585,95.29345838337511
177809200.68457735,0.027545904598521735,109.71770220537536
171507404.03508848,0.03535404659549433,118.41129904526456
120412292.4477948,0.021963319655921316,138.9245417637539
109867440.76643744,0.026225034939688377,45.16765303083719
133368545.41147307,0.040425868379947105,135.26957204960635
247821328.8268435,0.06614750092420027,146.74998529572127
183915415.09234852,0.033227491722109447,169.7876689703106
52692886.705401644,0.010496933235177065,158.15240360661952
83786688.06168634,0.025091149355362507,152.96171990227916
99703911.53564641,0.01043682126226409,176.02391601292595
221823812.76921892,0.06488693627403258,68.55069650377483
205654767.50971118,0.04202226273380879,77.95749596799742
74301916.60134715,0.012369394203677974,76.90230336610675
43641358.76356071,0.006413521369271283,80.07423810409735
108878967.67357823,0.02956356690360952,54.65179705024831
398261752.368316,0.12240104208226858,108.42889933764792
64703371.56537384,0.013268092835813532,153.82805558712238
369113533.9934063,0.11221893967547704,89.41171639150124
334282286.0962284,0.10331019297861906,73.77001435394388
157076742.43211937,0.025858545182204956,91.65612502667845
147435769.13410267,0.029863484601442444,162.90037380750388
131490488.28763013,0.028083191422147748,91.74113008786897
185522625.417962,0.023510433817707035,123.19003443033128
103191463.7372017,0.03420120251753491,86.5871476121061
229041353.04078424,0.053958211536960315,141.9467994265814
80183350.14803125,0.019875190329341683,166.18879011550848
397686578.1817811,0.10105764156110442,128.45795784456965
75770203.90994617,0.018151860422885774,143.91869224083896
227178784.95415968,0.05436399760903506,45.572168744311625
160562107.7324381,0.04767469274824807,117.20867689658516
19668412.340272028,0.005915794812239693,137.45013111819554
191785535.2109811,0.030614174282598428,181.1857241178902
83215419.86671132,0.010906244356445242,86.37097187836265
216009519.55232778,0.05773949436958822,171.7427765600478
72209533.34019458,0.017747265553200546,112.0287611005119
180426965.34827816,0.040207529675505775,145.00252562526916
109881189.51199001,0.009731669374534124,160.247944957873
69267517.23546565,0.01587551032151267,76.55829133543511
237956327.3769732,0.0671548704809738,145.69320604213704
219422737.89973807,0.06119980621260003,71.70653942666178
177424474.96364334,0.046165778876173784,111.02618270974534
273177192.9829128,0.0710813090415895,143.13955544009573
108095664.3687122,0.0247641504501313,117.80465374144109
161002456.90751004,0.023180148826532156,60.40543033386991
53579024.00908298,0.015021699648692006,125.50485525551339
513075712.2122166,0.13596041735845277,159.17217560489448
196955048.89871204,0.049122013814375955,122.0811286808455
84871482.31743982,0.015726519591283152,74.42757242234694
332230473.74691474,0.09163118180248352,38.698330978824295
95181751.62349671,0.009498950908171664,66.9641324823591
289298783.440017,0.06352664211589737,96.5307035847411
230058640.35000324,0.060783573819104084,117.53739748081769
184123273.58652467,0.04511043618851204,53.04648617225096
174655744.76526815,0.035120079693967805,74.90941726997013
265100372.34826344,0.07460823165868875,165.32933277645972
221526363.86052707,0.047203709069039625,138.04240242041837
125910443.90081841,0.014478341465569363,56.777013549365336
181162730.36842674,0.01967287983132434,150.28656685072943
139093191.89131224,0.025763205422029097,64.11331033628257
146456176.67049032,0.03612386336052265,65.7378342272383
304430213.2287764,0.04968301828006458,138.6743031532757
204868612.7697328,0.03920776241459054,71.17527986868696
57461040.9903069,0.017869372727681986,120.68797947994908
182753181.16456205,0.057337260122001306,125.86168289115345
53435460.24844961,0.013393463323887462,156.95194252472027
206608332.91000706,0.05233448413846015,85.31767920575852
124416622.57247214,0.017421932292559394,61.375919433246615
247631249.7658525,0.05926025323644781,134.8991366487416
247572870.82059845,0.05327356710613837,101.2476205511974
122044387.93935281,0.030670226500566094,60.30863693312687
122056316.81966695,0.029473834324254416,86.55259705613679
133086740.41825294,0.016890298897262686,165.54733295737623
153874144.35266924,0.03920319398888823,64.0331080104781
215425568.34831896,0.05691839508413527,152.03529802407348
110531437.2937809,0.026330328830387936,72.80577606273953
198757418.52209944,0.040693339978069766,136.07458766738554
143188172.04550368,0.03859054439733904,82.2574875555633
127791759.56455421,0.033062237752294804,126.02558625058705
208883349.8736856,0.03817546602960553,147.57265244981153
71904411.36992303,0.021588151854283325,75.69549409735512
111325894.76223636,0.030609730929558016,61.0882013925078
273243239.6595665,0.08014306084664453,63.98633657311546
127705393.75971499,0.02282384306941593,141.05556033557792
180996549.69001,0.05374406263222768,82.5383524122788
205895107.26622373,0.0665965324461022,138.42862417295476
334206071.63816535,0.09506446174398636,61.6876951062766
117439098.7033676,0.017741412406212586,78.14629850604099
102002608.65533106,0.01990340991895437,127.89940103551696
216446729.81108078,0.05951652013016096,60.31635810643884
179539430.69574124,0.05815198579348751,68.22860686808426
75190852.94759457,0.024436816896311806,84.54940452919743
136338231.37007952,0.02409045801410101,102.39921139548822
68415303.18876594,0.0059889204273353555,71.34490294343232
153239826.7483871,0.03092504710289649,118.54344824040767
324566355.42037493,0.08758432194613448,130.63758934657366
81837631.04163125,0.026159982149494405,164.4399082657386
61734194.067506835,0.01612886981827051,101.51169248705293
180819657.92700398,0.05443602105022451,93.91225549914869
197575529.01583117,0.05998538988028278,39.28012324085981
224032463.6846877,0.07349457498453282,158.00170819415786
126577669.32988119,0.031252431010240125,87.04474546711462
82551000.40555239,0.018361864246734288,138.33868541116402
43326242.817994736,0.006379473900454955,107.38296951507596
124438866.67821756,0.030080571789763155,56.76840617055147
306294403.38070166,0.09096668497599186,44.56525052188942
212046982.81168926,0.040043895549946494,170.1496464007487
132245231.03569412,0.03210926386776841,68.28615639039947
154640432.7354247,0.03604458581484058,120.12315946541457
144402856.5485861,0.02821915881134277,59.7625967406423
257509181.9849121,0.0641572216116652,93.82726870618002
146468870.66473508,0.03226293829872461,82.2795364463335
207057768.1789992,0.054629317348797446,114.2908040454221
184990722.7510256,0.05964140506365467,154.23304611826293
199650480.75256425,0.03928453608530306,47.300749354281514
235723294.0957107,0.0569153970125643,107.79438658593645
89737655.69738534,0.006118997427821357,122.31147560815383
87312589.50755885,0.02402033415723123,133.61690413841535
172407798.57539526,0.04025281680505883,89.37210122274489
94808858.42473829,0.018856694539601215,95.71317049832939
123896763.33665201,0.03578480365520562,69.60369872394043
100436891.27736512,0.028407494024994463,142.87595630011916
76199845.0106351,0.01857522504397881,158.420871316312
115225613.30382052,0.017545545275561937,139.17246572254018
156066956.82458997,0.031116682637989498,110.90006735183727
308513224.2221035,0.08375742557244388,159.65833121284766
162924802.76672497,0.04589503153927573,126.61484799844081
159010855.55243087,0.05407851520702605,159.02215049759803
173202955.75083527,0.05911434076318474,125.9402200331869
309232097.6114473,0.08222977038768677,156.92055165238395
118815850.33683261,0.015034587443559667,66.48044845388951
117536573.31956476,0.025803978300724215,55.86674270668301
119613085.14587483,0.03451153837925456,166.93399577288434
70591444.38804014,0.023115014378937784,58.56963483118083
238998323.83745047,0.058274806526569405,185.47211522189068
245412773.12587535,0.06257687157093039,147.21031521502238
125080953.03678867,0.018093469613695495,89.47305021143875
86822330.96962418,0.02392031560249226,53.128012557034836
26595787.83470191,0.0029581478951399187,113.07583066029267
179761661.01974642,0.024967095447568723,133.43393603328005
151768308.64523786,0.02443245666355502,88.25626917945935
94773665.54467164,0.02508754144403705,122.87345422332501
110938705.2021049,0.015375368412799077,56.744617499545726
207202074.67745936,0.05647068342468594,54.64244603170687
96651803.0742748,0.017864620036659593,63.29302859354225
366288687.2027135,0.09035951046254857,175.1903692270505
119425205.40565267,0.022328866771904904,163.30075617099146
449321718.23860204,0.12023320009146289,168.3019408925401
287387681.0505681,0.10111140250999164,74.0203635116529
157454604.51022345,0.043664487451666824,88.05012493954041
25578053.536266647,0.008370037491050787,48.41439116381203
142042763.53825498,0.04149330158523384,110.32312840406158
142335090.95702958,0.026344323054509688,74.50648336193552
347115767.4204459,0.07506059581889338,158.57907202649025
106033713.84079072,0.016267242166282874,77.44175379764367
223496090.736586,0.058312272225380754,99.19887445312746
139961877.2501151,0.02875616560720824,150.55715936516808
313965872.96653014,0.1009650557369304,58.04183796179161
196391230.93648845,0.06654755273300779,139.4744866007898
114360989.51133154,0.03243470355448985,136.56863394629605
142051272.26265264,0.042927736619070386,81.43871219095296
87882135.82124165,0.014637689499376437,66.17439983144727
77240855.88281822,0.018545812145206127,155.93305863264243
107704619.96370366,0.02307551990528046,91.67293440058124
38515333.41847576,0.00848574951622313,100.96556042054598
159576084.10885695,0.026795001610706397,154.97326632329012
33349858.021612413,0.008549459953456223,98.73283961857939
222786685.0340462,0.06931019178849607,78.34822325290625
70509039.79834674,0.021577605468487932,159.1544707325137
190977026.98153812,0.044130129630400305,149.50053950291567
168722899.22219577,0.03675840329551463,139.04369646572115
136070270.81227726,0.0359140077136151,143.30597341323255
102230704.24400583,0.01423947574486765,67.23061230358009
75306390.22299197,0.012755395816552433,97.99842783986495
157563709.37384325,0.02888791129136757,84.60176678836363
111946661.02266677,0.016495074223413,82.23294908503713
175854400.9361183,0.03756732236989628,33.28239606738503
274061290.5323888,0.02653364654174167,136.78352952841587
201947780.5400288,0.06670292651105082,71.40725106548872
124096902.59368077,0.029927305845656588,93.67606449275682
143943299.4497157,0.03679896297449977,72.62326269718933
91871329.65608217,0.015140551870414957,137.73885564618467
372945967.4581109,0.08639467436567995,103.66668234103051
170234374.47629377,0.029739564774103184,91.75246664471891
164170269.5946992,0.03983511401083877,142.18633222056442
133067280.4722715,0.024860832111773864,111.2629812822509
357804233.3983596,0.0679469245815237,172.26898470728224
179175132.39724952,0.0502966789651046,89.18271403814819
395846970.4497252,0.12168408460943467,159.09744763851936
74610340.25612599,0.008387711660525087,144.78140711905877
108596665.863098,0.019497498532993495,45.57807062228021
286136426.15325797,0.08977644239430095,147.74498974335927
303475381.1028584,0.09873267344813444,95.07381653677433
163026716.73633802,0.03676769711415342,56.19366064734738
236812938.02771527,0.060157091970419255,77.96725289303166
115892743.39173669,0.022864459680909947,141.33227391516078
116065707.14402777,0.02201573044756853,54.649221771135835
118574008.14203778,0.031053631127165023,162.52547682376124
387031458.3979484,0.11620122529315485,141.5437982986713
208421346.81409985,0.052874388038478985,79.32656169671114
291768632.9980476,0.07320105698968746,139.56738874070496
69792758.89372562,0.015464803237262424,136.31942852365225
303774549.145116,0.08589861928449238,64.21220292818315
257213807.33824128,0.06411728663039583,148.86019260054147
92831255.2159912,0.030810375852092644,170.4061476941086
171414032.83161235,0.05826664125661527,87.63668971784193
148918653.58498192,0.04859243716184405,117.2375151897025
322800903.65165985,0.10900008993651077,84.49253797574394
276436503.4723437,0.07362933268774839,124.97608370966826
137867427.81088334,0.034886447825968135,47.051327487070026
185686373.27693123,0.03454566008248656,113.39561749059699
343801962.7284164,0.08026968400452299,71.29271602390361
117117667.14836659,0.023288957210408873,153.0055150273753
168059924.2833243,0.03536224308892597,52.254258603877595
236115189.99495667,0.032074460389771395,170.3543381516701
130380887.10745624,0.02767819848294253,52.31517348236183
84828516.80991788,0.011567141414006468,60.82999579817841
330391734.8436323,0.09237215354663876,128.09624931349921
215356535.25293905,0.048746619600049466,137.59752346164078
76776940.20568183,0.014881211277855444,50.39292314135623
328902032.4028307,0.0965895373186997,105.70248653003952
191711887.7807273,0.06556004017200982,54.526804523486184
235584040.60076115,0.08179996497199755,160.3164155032068
285867968.55255204,0.07815346789921704,61.98362281690402
373373173.5490042,0.09946587370560817,129.16243216721506
277553669.49321675,0.07543431674417869,62.39911718272529
169443594.12403545,0.060522090557740646,70.80638962079857
49212154.40232294,0.010782206543563988,60.44689686831272
422329695.8035956,0.11116808215126503,111.64183430419406
577414864.6752602,0.16793121176052617,147.48732712696963
85908699.2448631,0.022984197550841603,80.61357017417417
123696294.51232952,0.03924313539354418,117.04863790318132
337535918.04582876,0.048255378219346515,133.79893823002098
109940951.88348638,0.019043167108663068,36.54067604156234
102852336.34212227,0.026831470725524893,80.97537904549482
353461304.5650965,0.0923639228126639,140.12234461755224
144859326.64714688,0.031964250996623304,68.04514102904368
135009698.5269674,0.03189733008343928,54.96031367430662
183668302.96008375,0.0523347019168838,146.08628555203148
237796933.933234,0.05498605803165479,151.03646630636769
147637331.26175106,0.050963125104645,99.39342347819026
98343828.84987193,0.016704889631381583,156.51745211351778
138487868.3619758,0.042180441700843514,126.38456672630846
125404313.91445157,0.03811142736338613,86.74313133304587
187096017.0119931,0.029977511921459907,144.76992291490993
187656775.82776684,0.052717005546395086,38.03854562174974
172425440.12475222,0.02624376370758364,135.84482032462054
168800921.4090255,0.050424825336309854,54.44492016415809
143562307.35958827,0.02428123650363197,169.38878727674134
143492895.0033801,0.029006270996871968,155.0090567396571
181432541.76141518,0.03589589958013569,164.1165357366603
118372446.73918924,0.026885075430367347,154.6772936261069
175566676.97919756,0.03484000193830938,77.42588496934127
101144363.1539289,0.026401246276919452,88.82552866271787
129165168.21257016,0.03328468808086857,150.5479447592331
82256872.8518929,0.02704151929666834,147.9902526662733
188476372.90224388,0.016032580773322962,155.63552996245164
116603866.80389255,0.021947246475752823,117.4440311266502
70982060.34749326,0.013191519214541604,158.43893935065006
218431796.29937065,0.06273691231066877,153.30078291442416
200786660.00683373,0.045869445580911695,131.97743008298426
114564399.61836392,0.017033474476387367,70.79261225683383
128151117.64609092,0.02243436875044752,50.389675582142615
117967398.31672017,0.037082191664269216,65.12542162884291
165056953.92020667,0.03519970475711773,144.47616604263933
68531068.19099209,0.012603682120170004,83.8174758651158
116160074.66142291,0.038233565542136846,70.72455765955999
204115559.41871804,0.05514076110829866,70.1305395426414
175162151.46656877,0.021494087743451976,62.43609091080148
67512745.56075242,0.008362854985480651,130.5387973254284
293435288.5755287,0.08186776154908018,139.4718512884191
117776784.09019306,0.031177430133836653,125.80286212398656
346518134.53781855,0.08456091336064148,169.29013666891157
92058463.98835634,0.03104780140154403,88.54758212745172
141042923.45972264,0.036722889083223735,39.05425882830596
108547433.68488765,0.032720408042732525,90.44932106386493
195133543.53023973,0.060463576455023274,151.91221334164808
178583360.24673513,0.01420865593801075,75.01814794161037
48353017.1030076,0.010112865604385764,116.86815650754407
175729758.01270056,0.014299645686983695,63.59466451070409
266251806.76025733,0.07036150867703768,150.2298639435118
368186690.3715218,0.09696604990791967,139.74959685308997
41372253.5827132,0.010456797506018998,79.37733932414977
299279674.2503451,0.07099544568731295,64.97837256859803
75026624.89590555,0.01892519535422418,143.98014033681392
122894288.62482744,0.03136063317766679,73.58733820053145
171482375.20152324,0.0288462886666445,159.32634752934814
97416414.31130034,0.014945160801214864,65.9378058277123
283579746.8136854,0.07949241756443792,137.04555463444413
174173290.2444766,0.04041027850673667,170.09329422950228
207992560.88224694,0.05070600393963415,77.65562865986571
68967936.25341031,0.021593347036433962,75.2870048705719
49129814.61042312,0.007952591529039056,55.78939001267134
77733244.73221266,0.013583517905776658,64.83309739353786
88831053.7236838,0.015189818138302003,65.85016891471703
463409389.87281466,0.10465703572708943,120.11701275116164
269995217.6844642,0.07163711248634745,58.38948401359206
92433266.59208477,0.01658663190491414,170.85272317002395
282893471.03712386,0.07478326349778368,190.45129125844716
174099766.7671189,0.03419830699076594,85.8629840896919
171867026.4230658,0.05818996176081789,98.52315164722779
204055125.39381588,0.04405802546205186,74.69833886592302
315554758.5626629,0.09912031884087576,68.10384937562974
445086473.97090226,0.09970937678971649,143.0354770484541
105373087.88971402,0.01140205733149761,50.31447710782673
85578792.41180825,0.013743549598436764,104.93065926206158
123041161.09366217,0.02097160486521492,133.70139772885102
106892032.66684121,0.015432052612090042,128.90658324522042
62194272.275927976,0.00891001018896483,64.84657649979962
220898232.34077874,0.05703579564199653,65.07798481484392
162149461.35276154,0.03815076392851604,112.0248018272104
317021825.25318,0.08833023381321231,130.42302093725053
132200204.55632466,0.02937776629302233,59.61004313230477
127768502.34224337,0.024580225707824487,129.78468205046178
162628560.65745816,0.033979726060590756,119.39068031466249
104676283.25003296,0.022225111003377773,52.24205900343649
63716245.74885448,0.017625897246705352,57.82504162926614
155107453.3515707,0.04247853674306788,90.278110959181
127470027.91540445,0.023619602848286892,156.6128001799873
91377007.29321481,0.025254548929372254,149.0416181695042
182166672.2027138,0.0357249505063234,162.54887678611385
221601875.49648553,0.04727177950443272,143.63901887282583
188706597.58048826,0.03407269839177774,69.1118516989941
218468020.5801333,0.03488951600653778,150.49142771609226
474746184.4452059,0.14995900018493027,54.94908004975704
97820231.25782464,0.031395726204084734,67.15891166931382
286763155.95107925,0.08190997860255783,142.6164719676899
245689969.28716153,0.05602939205041401,156.0967399899876
158718850.96989572,0.029901750347473905,112.06763556987997
207803548.69234312,0.041888234745278814,88.97916934290332
162125858.2901113,0.025505237934569058,88.21206915787083
263394005.84188744,0.07798307345562853,101.0438876501484
143488859.43703616,0.026916091371749128,49.5522724935919
315571801.92235273,0.09869190114209447,66.18101991850897
340414762.14163375,0.0825434691168789,52.31065542321795
107379984.98229128,0.023351778539223076,175.00111553571978
266548332.03516293,0.0821610295704243,77.3534126943944
96858896.7872704,0.018077771189934984,112.95796772336547
191851724.78715104,0.030816527829719272,171.83577444302452
89033636.22410694,0.019421754853693837,81.75845145215038
171701835.33443952,0.04646510357007554,105.01609154916203
155354931.4322452,0.04674582008791505,146.38571063461512
176702253.37796205,0.046462543995004345,47.10655108579423
193759204.54112625,0.05582534894906974,125.94219150846892
204983633.52583015,0.031707512466030936,140.1760194957283
425639924.7224439,0.09903686643754185,148.3071133557533
541706668.7912452,0.1521983049351787,110.91291703591735
64850035.903671876,0.011355979631604616,94.26752887697502
229122474.7288258,0.037906468172267546,145.79156101093858
262439853.6427694,0.06424191021380227,86.60799541559793
160265340.31729504,0.03729691716008558,78.32335665033038
22609958.731089905,0.006444108629821389,73.30326227320262
290812983.93214047,0.07105930531646044,92.76208561889497
114564495.66531457,0.014076681301145791,151.3816154390039
261323397.38597527,0.08503909808677647,43.65181103961169
189735415.6059177,0.03738475298354424,91.26628300805471
191798163.2537409,0.03964113023090098,117.25322391968707
17689989.73870198,0.0030255371242807676,125.24653795924034
94947769.55854279,0.011481716451546328,62.34185412841441
241512940.537344,0.08034862996760245,75.11210883436708
171357841.01528725,0.046902247636479384,95.04464328487549
74681381.29800454,0.00956269992247503,115.68237853743751
275938778.332863,0.08579924264030883,174.89614001164813
122851212.77625589,0.04380846855152298,162.57081299174433
210635957.17509007,0.05129981992443837,122.15822179605887
318379272.0056205,0.07925060171081796,116.90813136157001
85563372.53216857,0.025739845538596214,74.60808098154173
232652093.50326958,0.06459214555618857,152.50439690774553
87587620.26098406,0.013867837111353004,80.25838357757902
172908329.4484936,0.025352520273633765,76.36231748559531
455429937.91060245,0.13705905868649423,78.21190718818751
147540419.57179385,0.0313354533129308,79.59042277025975
168435849.46758288,0.026798882587953352,91.54426876008662
170029701.52925348,0.045880661494685004,66.1611291542459
214940283.6753727,0.06641834271198994,69.80520968983355
56822840.09758319,0.011499887492838154,67.92103774164711
285087897.6506487,0.06403578001081792,75.47392208680809
245692611.99660093,0.062224922206150744,113.04834932560047
109385352.62834254,0.03279832278375622,138.42875018798577
69691564.68537083,0.021409861566848307,134.88469010164522
111209960.72136809,0.030336525050139708,169.4134535490826
347090632.1450213,0.09543671398169881,148.03001269411092
139669224.2788179,0.020943237976009547,144.2106568032422
151737522.99493986,0.034235142353990944,58.173188554649165
69466947.81385133,0.016530533997002383,71.38526361416845
153471669.14488506,0.01953397813376504,80.45942865034448
37889738.32213372,0.006190320161928479,141.39192669626348
89784442.93910089,0.02762543540822635,96.63732618135444
255466777.90900847,0.07335519371279162,169.10783867758
56091873.97823073,0.007466003551557597,124.49441194528914
167663263.95887384,0.042954109942699194,103.32563929825363
162652411.7137677,0.03991034473334119,164.13549721004668
77838098.13880055,0.021864316099564414,155.95132601106133
64701844.96632424,0.00980829008738585,77.3286032250668
128422142.13732654,0.02808385424828301,116.94691357367773
211978013.84795445,0.025869230367672944,112.89510594364278
216044699.37104946,0.04343345826914242,119.521383939469
148739627.54312038,0.04206596554937776,74.1205243020512
164792149.72630802,0.03770558588063976,108.02693911453206
244972541.4025125,0.06492222623901443,61.02075407619651
211573853.0160815,0.047753817031053,69.15444113001088
91768090.24653396,0.017108080743374145,146.94678767406484
192317554.56597024,0.04532376645633938,52.8459163168628
95722132.32052052,0.019079349453409805,169.64931731284676
103401272.80943109,0.029427273298944175,84.6324370557332
144401838.21812275,0.031142080689259413,59.73975809123809
106837087.598883,0.01766683466735007,71.3004394297384
111368645.12622277,0.038353252410118596,70.78943153243443
192536128.98690912,0.024982818029524966,189.4762850775915
177017832.17350617,0.03302359895024123,156.6300732244012
121356156.55853169,0.03669977947180116,144.39774512725367
165019311.78528807,0.027923747324039964,146.86125419595245
69914095.4354693,0.020018369617163852,155.78206533010876
231601712.84343642,0.0694655550535978,70.84390199867217
48152380.3348082,0.0038827704812582253,93.2543380599801
361045146.51677465,0.10719830277055421,146.87953282985904
122165307.52761135,0.03345492335547847,158.5184169037355
90338589.13197154,0.026101557248680195,74.76609537431355
167728731.13927597,0.0395236901616254,84.5796896065739
103474704.92302766,0.020332427218431207,112.47562593582546
357974701.32015485,0.042498527804734454,120.90282240256904
340996870.31341106,0.09963238245780685,25.859886580173008
163866631.39246976,0.054247464481616034,77.68372494635047
226702726.26635957,0.050244293867929946,109.47005803184466
242555355.03657836,0.05065076190591456,56.326669859283214
201480822.3379218,0.0645610615991238,85.26692324960398
130217708.10835183,0.042750605079753236,115.35730066786238
105103965.85893875,0.017221550859365723,54.856788167329036
95566153.08436681,0.02255728776320463,95.56991598754612
105351297.57516667,0.020097273526939463,124.74501204073947
292775777.9553332,0.05558505984318488,121.60506145729572
120040400.95245986,0.023284367511945438,91.96360204715658
100462703.91921027,0.020707440074917753,40.540476381347666
369999080.0616749,0.1283604504308579,159.52156029519801
179444326.06253397,0.041100594032051616,85.07079090203978
154250151.58121958,0.04116754005766628,125.30976949004614
226653695.16990644,0.059310953811719545,137.63269688950786
300186503.4322729,0.06842284081825345,143.46110998927932
309852735.6241729,0.08083459494063062,153.6569166120136
207247197.11411458,0.06667667527993135,150.6523961345546
238116896.74689975,0.05322191153389269,75.07254853053571
132467101.9624404,0.018667015746551878,100.94034007802433
77269270.38092333,0.015254211202778641,66.36435854447505
213417344.44381052,0.026052042839742467,152.46622068441647
257802929.59387782,0.04444153720851612,141.8753451374595
274899822.005568,0.08660694861014537,133.18662136446417
251645010.45179468,0.07273192555912085,86.30551796339927
128699876.05208719,0.022216795299236085,166.2354918399354
107233746.74282178,0.021647044402555455,159.28730107184649
136736573.53591633,0.027105293013849504,85.19213140193766
285684547.455739,0.06291563908887003,59.09190941642455
278813388.754634,0.06188453151259368,56.6820302631939
139117616.52460274,0.018030645018484066,120.37922173930578
224298700.89633602,0.057640574974405105,84.31487317039097
203911189.5864646,0.04430066587144279,148.7069543181442
198716683.05435592,0.042209373183941225,64.24333281945175
55468686.53127436,0.00690210104251887,97.5500885808354
142907845.153733,0.04776145791887498,74.72758140886847
360661974.4386043,0.12228125238729047,134.15387820823813
124303898.35105585,0.033858371680320826,80.7530815907581
186744100.988783,0.021811255763106767,134.23057630445226
161555446.7130643,0.037198070877832,63.727580552214185
188670079.5080595,0.03230346194020223,147.19274576778164
166196074.5012903,0.04611694507714659,52.4230351526975
117761336.79936235,0.02324364992169894,79.8417251802153
332060803.96178544,0.05413749722040465,156.48165700550322
102257792.58796653,0.03338378935655567,151.6464658814929
233223236.32108063,0.030056513235329308,146.52334824244252
249260734.16533408,0.03551908394890107,161.33896237716226
191829394.68739688,0.03562833672536653,112.02457251908
78720175.25895034,0.024086244675691936,134.5672144877754
318482285.3955503,0.08594373453757516,77.09545824534732
117128034.85512504,0.037331112047041745,66.67109712492567
145552585.8581593,0.04143397871508459,99.4389195460312
224041320.68734798,0.04886513844946569,139.09564556006035
125371280.53860551,0.02687371385832214,150.42814418977355
138401141.4576875,0.035237576801698825,160.66371653087035
42630333.310329996,0.006968100746304256,135.70165462139087
129566784.3025943,0.014970067244599516,59.20859768875588
188255680.38335907,0.06312371004711094,39.4523041597259
170503612.46278554,0.026552562294194414,136.19401082166462
103348578.94021592,0.030938786841004987,52.27855057762659
225918040.47481316,0.03067145312192478,125.4229576089004
341545626.1410742,0.09545896010166906,131.02360008341395
104484548.52104402,0.03134659809213281,173.39518849729765
76864727.65044966,0.01198419875368604,81.68045341869899
205350356.6616403,0.05884359659239406,66.24539757258
105177129.77130906,0.027388751702378568,139.06410917295815
165549506.7902292,0.05096947614424946,90.7175825837993
98960680.91553809,0.024697541459958474,83.74263216527623
196931339.86198795,0.04655288718565257,49.69139216320535
138211044.73952186,0.029742857981676408,96.98375628321403
94312914.09921956,0.014600629112370192,111.0141911148817
138404936.98530897,0.03401325305511387,149.96662426029312
159061471.9204152,0.052426739698962645,192.53908089123212
292143536.7002964,0.09619588098822515,94.79559925866765
219733399.0195609,0.05815102582819111,59.379145100395235
138606310.9360134,0.02772683795716415,65.0881738812983
93782672.09799525,0.01656155925732209,74.24868599992581
108578739.45018774,0.017900768940658153,159.92661217260513
93879828.48050421,0.014737416825927415,74.82037644503858
255567238.63421065,0.05732684755822431,168.3481765497677
107419441.59903786,0.02096130219882368,79.67602472542153
227827285.6607603,0.07444807199149972,140.00769965046712
244392244.31288746,0.07350150144327847,135.7055261066525
165416227.1381823,0.05709841739620416,114.30052971919389
46677593.52856272,0.012115372927578414,73.49207257725085
241134995.1896575,0.03845285236040304,152.14242927006148
141840278.59245265,0.044261454095695735,173.48482035435632
85799115.82816918,0.023006579203180805,46.33417179148803
257974726.73455164,0.08223819485980753,69.86093042052944
121071514.23411186,0.02069383266551946,75.13043209211409
445659505.12361205,0.14066070335757902,57.182672474132815
96998270.8673315,0.018993295498294184,57.55873299471286
172623544.06228042,0.028430154990645128,133.86493336909223
145042236.38657844,0.02741464191769017,69.09908680453975
141678703.03729415,0.0426464970377156,74.64479850438013
147949086.17302066,0.032320563757974805,113.9712348848671
75574576.70175655,0.019346853780707326,57.25357018833636
26019574.680526175,0.004871316583477085,51.42110921736496
282688648.3187118,0.08816834654005364,151.0307049280693
278509135.8966027,0.03556777196448541,53.15222156996613
309350437.805891,0.07370395486623357,124.0890245256607
241274096.85050204,0.07567885352613422,165.25442032346552
231997644.86915696,0.07722738731880245,75.61558449494716
308682512.25466686,0.07678521077839225,135.48244690777793
140090984.5039649,0.02663178845366072,138.33433113231996
86293891.51386893,0.010832893612553879,158.72133659067552
86200727.67747673,0.025739946941628997,133.87635678501766
136540116.3747887,0.03945567349617557,146.82312074962914
186898251.98785022,0.04854956568574867,94.25174212568409
232480924.43655342,0.06548697730396391,95.98553532051861
122733053.464497,0.028239325793743584,145.85870159231732
153586542.14505392,0.03479065083697466,87.97743215976864
137877347.66891235,0.0433392720985621,64.84751402374069
177811912.9413351,0.027197888767872647,46.14247634947126
210762832.75937808,0.04684940576116753,56.44436317005576
268273505.09679642,0.07711173270416609,147.46861255116923
338949166.7619977,0.08367088756861775,139.248339871377
114609077.3220156,0.036380837989657834,159.41512854065277
487030924.2156217,0.1455045779548889,76.09213729304912
254184724.61862475,0.0859860236825633,81.47766611816422
146296575.02157533,0.02994937756789248,50.97722303157234
260710609.94277442,0.07004725199950206,41.43363587385902
101781129.42237109,0.015689016845580876,56.73923130051572
217301814.99195778,0.05792649319829096,155.42280431606483
193897681.23331118,0.05251240743515406,156.56473373150516
274609207.2176868,0.07725695391128837,140.0468197074845
311943178.5985851,0.032563264174529115,167.87473250585285
296326553.44957304,0.08515133710568883,122.0016902698593
122284140.91970529,0.010247831436794676,128.56219515625668
238678727.43362173,0.04900106812675357,143.55792023740585
89379475.76583639,0.015201384880655602,156.19989163505338
204914884.85614198,0.05615175872045788,71.24557521739194
30390444.254474003,0.004485405955755802,141.38105667537988
185574895.62312084,0.04018254760298107,119.19449919803805
172716159.83444405,0.038509631155386234,159.34111208685067
181957543.4865285,0.04713262958281629,163.90947897681514
187830678.53028697,0.049495246848714626,55.19859133374306
181257791.07564232,0.03758317711303407,127.84792818092143
199437422.16177428,0.03443664472906806,77.20664352588919
116115197.87166941,0.03712474090060201,75.14752057813446
213080459.6033029,0.055356942750224694,70.76052747112405
72325739.67361292,0.012082622441947586,159.40197619887212
13202903.332423652,-0.00023168697374898064,65.99483147195433
121483983.62592691,0.02574178648094524,68.87544228542896
154269211.03974074,0.026998990570762292,141.7115706723877
75325953.38206024,0.02337943735155698,68.54594982590923
346853778.00712305,0.09519078397527357,78.17863474899437
125324036.38412428,0.033725968397698244,151.03336218695662
41071447.59515233,0.012339119936799193,69.61587721742396
443895916.6320845,0.12191120023429416,155.86845263599218
173260498.41577667,0.048710354398992683,83.46764312683739
200692678.2157358,0.047875837345667145,124.94578477073752
137449432.96817663,0.020226569819418044,126.56461651051528
167714785.14237612,0.04217631100130123,151.0005038070868
249239554.28195184,0.05693943321091517,169.38491259112092
278651832.4883371,0.03481394045742416,142.99138771736895
111871392.57766865,0.015018333364228583,154.2057995664997
138609368.74652594,0.02936094032011017,58.11047616013806
111308577.40302213,0.012390909455065515,164.36817337147562
173049839.60473937,0.04400027919427762,95.40087621729829
201375621.99000672,0.03672787216045881,110.63365415761895
354794507.27139676,0.06774952512378793,156.22155333659586
130457551.9992559,0.028164392421255943,52.542573189670414
301540753.6712993,0.08713241865247942,59.84350559526886
226958049.124218,0.05746110852395496,54.69551223355688
52998638.742327616,0.0098459421469753,24.31051332006748
118610714.3013812,0.026122108921758716,155.34368712570884
186218883.9979752,0.025217465010845784,104.94663175555779
118590250.77335867,0.03535721856961486,106.08339855067457
85867820.40775858,0.023902617535614856,159.9670191263281
116042238.74475944,0.02964205478960447,54.309923225893556
87287077.97399694,0.027723206378171758,136.79799813547055
167478796.67873296,0.0532748923104219,93.68649984594367
105461877.67853852,0.030437044922827162,119.7072182570891
183569761.19476658,0.048010343530167955,87.03312314001215
267992843.14232266,0.07032565881586808,101.52655814584502
68734665.57164784,0.009199077711775444,133.1173392685159
303225477.76268935,0.06950728439865214,141.25856588308278
148867135.66149932,0.0504478576685376,60.92616062627889
214972456.98206723,0.029031334177810966,162.49515229541433
178787664.7378192,0.03993300504832001,135.1439631817392
126061886.55078697,0.029123200616261995,85.04094961315326
185237787.22594842,0.04902020201593276,81.00200629761561
156060817.76932427,0.05012080977264418,125.53632052307985
430079691.651892,0.12762682310774132,58.24250072692069
161129472.7584039,0.03183474220254552,83.52823202556878
82394069.83693163,0.017432095258163475,95.11710937723664
145255751.3588977,0.04982542087367692,55.28526805297612
87570874.10439834,0.014396906988435534,81.75968787603193
113517581.45042793,0.012763962635458391,102.25870697997709
223714550.82578284,0.04579173048604373,98.37235913913938
375608134.6888205,0.08002181274413103,160.43098841216263
147259742.68045938,0.018833485711770438,84.24645994152606
52476671.779789686,0.00596769799509372,62.02612683606288
150795834.65267164,0.023828856833644458,63.73695044383941
40918158.20518134,0.0023161615071865655,150.82112958400646
162872870.08741942,0.017497000889139094,166.9531403017904
286296305.2459614,0.07521377849806618,153.04672512342387
44908229.17197757,0.0068977304022578585,65.7264467888825
122616596.86730878,0.030956423461379213,80.49208090172961
75096031.37754877,0.013479640542624176,165.80586131633152
230788393.7323474,0.051355871445541615,116.42772687812179
197311881.59406352,0.061097814786543095,178.20012984845496
82622542.96917562,0.0198229734241629,130.81486295888405
67813184.05864382,0.017177992199121434,151.5195264711703
376576094.80266035,0.084555623744451,63.32562013447277
181301643.41542378,0.03059518910424377,129.91861875210859
212534094.61065435,0.05576055145895297,155.19805175547626
64765290.67353743,0.013056083668075579,101.64148937728771
298199040.16140985,0.0830445336851265,89.02803526588491
157344295.07526156,0.036698461487911165,136.39613310174005
240594768.1201231,0.0829906707355643,139.72415411882014
246400691.52466464,0.03761346149021556,67.75007698468306
144967463.47499,0.0514998598518523,91.18815693173937
189340937.02399847,0.0424306817155701,71.03221819390725
104546478.99825236,0.021669607505639548,78.38192484960857
73832423.20078355,0.021419415681444245,77.20595462696078
60158168.86776106,0.014462827872946348,134.92336293335177
108128112.13663249,0.03213181337605479,94.41709504407372
72071515.59246896,0.021049646085671184,167.6020040375866
167548399.5641353,0.04724874235282722,79.94854876664044
105923948.97012137,0.034264229236901894,64.00657669189381
363792618.9557413,0.11766706440495277,117.64347732952398
42620275.589195415,0.007850405515532706,147.76140052864503
217640649.8940255,0.06078415896163752,63.08046847047148
85025808.1140581,0.023977286264729687,65.1959711152683
143315777.72217682,0.041007075375619005,156.08175532775692
272446261.65476143,0.09372619911223877,175.6188111038106
103111059.88643713,0.026751050871283252,148.00653999672645
92238265.08661775,0.027857359364454604,55.409342354588446
369468281.07366127,0.09647230478443264,137.78331931331704
274614911.77756214,0.09614104732519464,66.46004543062502
130231581.90008989,0.03042533288620357,145.60339069484803
110078019.86668772,0.01917884446158881,102.23363228592322
275713982.29457635,0.07105866765803481,80.66357260723598
64548467.1867601,0.00783473841405673,136.84500566314452
229278846.23300755,0.046408859399330975,85.10888847520157
156461322.88842288,0.03742100674442015,147.69353532750398
133008125.05375068,0.024387949608973027,115.63261824589904
298735294.24382627,0.10185713683694295,113.62686832514405
71701698.49576993,0.023804496585049618,119.64751129549164
94519373.72748907,0.01339723902867537,160.95994102348175
94245902.29252934,0.014118753509282633,87.85199844799344
123249105.19276872,0.030534465598541283,155.93737785273962
86209849.74919158,0.018957067940031352,151.48590744462692
-3736452.40077756,-0.002527161362298892,128.21033227325185
308860467.4938382,0.08626312521390574,80.45708921320055
130005832.69762447,0.03854122474938549,71.19136517731114
74598854.76599711,0.009700248925831993,65.38802812938346
47775583.74034733,0.014341040337026401,175.50843978951855
210542600.23196158,0.06521950615937093,71.80794697016898
148108410.38044614,0.04202970662081087,149.81055684576523
125050084.51651645,0.033201760223032485,79.0529954156316
163393199.78041756,0.03661065480823166,128.37263137885594
226580478.13714784,0.05770898959087028,140.92547505318353
97654233.91367656,0.01403559995647551,102.5366184433374
178548135.5345956,0.04220861241665348,82.38128995318282
256136258.28288543,0.07423294591281379,113.84361556071494
378588744.47925365,0.09939127980487626,140.75213409477743
266251362.21714035,0.05764672366331155,79.09741716479456
35841543.40353799,0.009695777637308159,58.21510971650439
292717512.0230234,0.06193452144753077,172.40331757926867
89443319.35892837,0.028446429444757847,88.27146937425042
155688092.72062898,0.03077977122409112,87.47661146012474
227784879.44915998,0.06441016858873123,65.82111265592958
723957864.9144914,0.233081488511426,176.21887230603107
37882620.99361524,0.007747305257712592,132.68839562788327
216916331.02897233,0.025525775411583344,169.7415388526441
290006817.15152323,0.054552262546158366,80.09256257756438
44804085.130788215,0.006201935586057039,60.92374644560503
48146837.4741994,0.007020816773353414,92.82138332987836
140959027.20587832,0.033791427276319515,33.546338854518226
106790673.36052124,0.03257098268039646,98.61159093774285
87867825.43650304,0.013704482749891457,144.70287818229357
89425389.32511055,0.02240128459606401,79.69319789605238
98419114.94416991,0.021775439275383834,76.5460543625509
245017137.67292005,0.06290340204424613,69.76204934660832
108531715.018636,0.03421110625187576,91.9150198105316
148438453.43141714,0.052154279036273954,158.84828569881776
288132410.3210048,0.05575840110788155,161.07243135349842
71194644.29975638,0.01649348094155313,145.95047461047244
151596403.88088077,0.03707558614325904,125.28344747655903
145545061.4361586,0.02070793823714769,160.5823584315713
253730853.3094476,0.06843221392530899,133.2363576632849
168381696.97058588,0.03192216787227928,123.30552357372754
152666006.2483698,0.028921084585030576,143.3334571254065
39253046.1029069,0.011383138831767161,160.02704580328137
69774726.86619431,0.013367629548598133,148.10489363562536
74775862.85129482,0.016955531548368916,145.18406784640246
177487326.9097029,0.055867075068891145,78.59910176947454
125584793.65901259,0.03406958275912004,65.41617520600445
246595998.92562678,0.06649667853677996,149.62025345300188
158672966.68925738,0.040377099970295344,130.2060327872069
139861544.57127425,0.0335852503283919,164.0961840013203
129764137.58070672,0.03820049788278879,86.93099762307477
133089070.72047293,0.03147385592856848,158.04138138058264
101219402.59496371,0.01150133366796118,118.0331278791897
202521804.6200564,0.0417126959149233,62.93107556741062
119382227.64513692,0.016975116550839057,83.42744799118208
100888832.88073595,0.030250825071615937,59.90761684065593
155820685.2018976,0.039799130740441335,139.1111448186225
153974308.03118658,0.04836520349190343,88.96185974596632
256266317.13089213,0.036763243947495895,124.91247543176786
212341642.04206374,0.05897632060532946,70.75139732571813
68041979.80850512,0.012863763343543754,133.38308093018568
132249618.91227308,0.035036482675138925,77.16535162592973
276595392.63285005,0.08113365574633265,68.33976102545009
96421371.72538169,0.028659883287593696,170.31693806774246
111989148.23679294,0.017290510072467954,97.15229025892283
257143712.75103167,0.08340002059386323,156.6043311789015
93006518.22502401,0.018970070066669505,65.70821637143554
81672356.88887638,0.010941665985178154,85.21347407069284
79648185.01228356,0.02495862838379891,62.0215162692033
385612439.1285256,0.114411823079861,141.2411338694899
335470463.565753,0.09838981450645114,72.7083995006766
118833119.2409535,0.01548192723032962,148.61472107485992
56154186.60376798,0.016730812344722137,78.76900695670703
468704789.7379019,0.13819130370459579,133.70679746529837
56075176.14326008,0.010699422296517944,61.77944561216119
247396829.99169844,0.06629199533955804,65.6025383636896
160713756.75115612,0.04318419089065222,139.65930180485208
108733793.31449589,0.034691272223051496,87.47512037363411
251176088.69249636,0.052155073107397434,143.22925341325023
125540799.61476699,0.03968017284683751,60.5494884632409
101830035.8758737,0.026499957986301646,80.53246181627819
68855395.72532694,0.015299053083418331,135.14707591058826
117126059.60816282,0.02626100971382408,112.53403790012102
231410174.46418703,0.05674096245842671,151.98066055722822
255521567.65999877,0.05044225453363687,67.00427362781123
59335985.89702016,0.006173459045780108,159.6075994465767
65184687.11030008,0.01362383103544883,85.49746945387392
93873377.71833658,0.024107394441936433,59.16217926935268
223452445.45885432,0.07139529852145718,56.833448274631344
182354272.061727,0.03949933821817517,175.8873881882993
279575807.6392362,0.05421606155069826,114.01833320980144
122906737.6583321,0.040571431393544986,113.21282435006896
291294724.33303183,0.07180244713410439,87.84327314835281
194039786.30275142,0.035380037638488314,133.4414389094233
163613609.23490435,0.05395975030950663,157.99259606234597
113948887.03996378,0.02107740854327317,117.04468908614993
29361532.16789347,0.007627740923877911,143.82400554756916
132268108.05371164,0.02869664175207442,53.231242978938795
193844406.22106156,0.06521357989545183,159.05452557913836
285885227.9404837,0.06886241015671639,156.5307384551834
232837768.78096837,0.06930309087910011,61.10447445855058
356056587.26380575,0.05372116304109579,80.43920799819188
189389253.82269546,0.059686914955177264,134.22293090052133
236871935.8864708,0.06120195392441171,65.54470336162682
175452469.54559264,0.03589865959493475,139.00331475998559
115270355.03442134,0.014158200259892468,54.84313770952168
96068065.28480095,0.011190767849413872,112.93809044839485
62417807.58024978,0.005071170008087325,141.21897467463592
155414366.9328463,0.031668787234215144,112.82201364919146
133938578.44025028,0.027494716173437087,48.598526572839596
112218178.9696085,0.01082508105424917,144.69479931306867
143047034.4219075,0.03347774246454764,81.17660134566759
342753478.318071,0.0809142274142566,151.97952326329207
119155040.36145964,0.012739635939778223,122.40490461139899
103049551.29101671,0.02526770509242768,146.02436530061615
170216571.24049163,0.026448695771852455,71.3281865128416
113265833.18663016,0.022821223833018347,64.57328304226826
169164732.20283484,0.05102459401992476,135.834795884982
198470828.33392125,0.05297017525230957,155.38114783083867
122226535.83944246,0.016700295606257833,135.8346404876916
195213022.99454004,0.04510200943283559,109.72003895635292
226402366.18068936,0.07551702581582244,176.85601867096307
115630063.67648366,0.025731216324217484,50.51704335857406
158756469.16138703,0.050544837225783304,41.51387890993735
155594065.10299388,0.0238129178283657,112.06523706577929
265641338.67211598,0.06926533944154625,45.54181506415873
82799378.14776847,0.02015566957657347,60.24907960182444
118188248.38702634,0.04096218301874754,134.53760649958565
351758014.423056,0.06292008163087767,173.38397360596684
69035187.77354753,0.021967859791103595,64.1636332070499
281196049.79255915,0.08862461129781489,87.4007674532946
164974711.55264938,0.01895390003574104,109.1743284354238
93120769.49986786,0.02327298735012631,162.4102619750097
318869455.82507557,0.08238516364083706,126.01144584443003
56156691.262035444,0.006304581232367105,133.7955162557079
71924880.93777663,0.014315500473313144,72.82786193998142
83893861.76443054,0.01925893337619232,75.11205396166683
256666458.26202974,0.07973990223902104,66.63282695068011
310220880.98524535,0.08623957978915374,69.39845596808901
34635046.535364725,0.00836053597656578,144.79359500116834
56412496.783500835,0.007882359761217957,125.8986308901538
269672510.17642695,0.07144996112061558,74.76991827178956
177709402.5763565,0.06089771247255479,43.20283270083809
194171102.5645329,0.04576719584508263,139.37268066484376
93072258.43804517,0.026959420847918306,64.84766444082307
52759052.737657346,0.01251651576020155,142.41597477090744
70996777.81631258,0.01512076782900369,82.01006054899256
152373062.82227975,0.04603144102542733,136.23666897417127
240032198.28707752,0.06507936499415697,130.22484098830645
92082949.77786258,0.028771024119094536,56.30790040120822
123527029.32124782,0.023000143990719788,59.08256929838944
176864678.0045598,0.06005561264955798,143.65607862937682
138899220.14314198,0.020427195568660333,153.2023769279394
96895644.24045482,0.024606250501807547,136.95398545020768
206681612.35799,0.048924854688785345,148.22360779092105
87407525.41625194,0.026211230131659442,57.02966643252614
165898730.77065676,0.037638621120342976,140.5506523770145
185308154.52631658,0.041054889031527105,62.71119628426331
342150164.67925096,0.09319108240849683,146.89890134446813
172617015.0499856,0.037364311847708505,96.21906836223114
173639709.53247416,0.0488191011131293,74.13784369091495
246033376.17622262,0.05432910212795525,156.1976057175824
166959178.58993277,0.0431079067475507,108.68948890904635
91314998.72208084,0.02894891554180419,83.99420407276709
101879058.62397143,0.015395221712239608,125.879582409161
84435813.43055898,0.014881725659548178,96.80891017581303
137761910.8095459,0.029880661937522396,60.14175729539907
86519016.0738944,0.012999008088056442,148.99331613415524
84632598.68166791,0.014499171494930836,86.9303947820092
137310897.04646143,0.025907203607540816,66.9461764406298
100224227.85130963,0.031682732578119883,158.74439537677512
106865310.9138482,0.011050238922459864,77.99219930888056
280853907.16343814,0.09919937061889954,132.794686762832
75749760.06773922,0.014514355159893659,64.31527503076532
147765029.76339442,0.030758055170856426,128.3815742918727
181292700.38881838,0.046450593220516256,68.7433230598531
310476887.8046211,0.08308759652867968,146.4487224838889
302051252.73480344,0.06661911075755393,164.70082410713871
126829985.09333003,0.0195518743147881,104.19203424154394
111706394.14649668,0.028803184356959412,107.25067940522409
169679629.94842526,0.043590240159281084,84.24691338938604
83132533.69302207,0.015032594859951969,124.41563815462068
27227072.717822142,0.006995175735376655,143.31711675925231
401051355.9996132,0.10759235490102928,73.37284337375795
165134038.91591233,0.021753724634540776,129.22540856407926
135755947.26181248,0.02673067010688886,173.71782218671524
237005937.88730162,0.05444152655044629,143.79450106904565
177627829.36432448,0.027693860442816267,116.4367929263588
212385794.48812506,0.03411385605767939,150.10718983402668
214804370.66890362,0.05028211443403788,70.07771064298873
185818296.53191933,0.04340225883785432,104.96507946383532
145326572.24900088,0.04018525197645374,171.27097460932296
190219186.17731273,0.0438252689342676,60.8245917319409
51846459.999249466,0.011076354818388276,135.40162663448723
144183903.31330112,0.03993753423844211,47.83333233882206
338927149.31476504,0.115083148056409,74.75814924554527
60323874.01536079,0.009564597025004506,95.2934923617387
69113950.7421896,0.010688377459375255,65.73939778495838
125688584.81230347,0.03515700803414421,141.43904625774115
264599092.66799182,0.06608564889609828,156.36331538739913
88382045.07374682,0.0185652196189528,106.59112116653154
223893430.70641214,0.05509705977005567,80.68927747141862
364433039.6326096,0.09167635765728545,154.30513007782227
112739490.49208564,0.03488786139998791,150.81563336138754
241080782.86809927,0.07628583570919306,69.14096925475883
87773568.9035992,0.010577404887796453,106.06643592554795
120709259.92197251,0.016996878635587825,144.8804511509184
149452320.645692,0.047275943814627706,73.03952711904373
120852893.05448186,0.018620021279380432,147.8259053276211
295041506.85818166,0.08419603895318122,129.43726067316453
112169397.00127968,0.016862844243717257,132.64866074139394
83915574.46324229,0.01783924357454785,74.46076706291464
229986866.9496213,0.04211485780670873,181.6145468741151
222439254.58652675,0.05744789299621429,153.44843799913815
159644899.29113585,0.03223245662128964,147.5348706341501
96563397.50254725,0.019119054804790706,80.0355962678726
38664088.553033486,0.006328533162893085,66.94822528957287
203856425.43729588,0.0235610917258345,85.01092896139146
129633719.4904995,0.04038077290006643,46.10225725244097
215685223.5062197,0.05561763294650091,153.01503572221716
327439816.16129005,0.09864594086029986,141.46874481058052
151842627.48991898,0.024546440142576374,163.3169906775626
376082154.4403869,0.0973509340774457,88.76997277977895
299344741.1867591,0.08768333085315026,46.38745336499848
175935425.59625694,0.04959076281989112,63.788762976228725
119145351.2900027,0.022389599875263254,65.71788633685001
265200765.13008147,0.06743451225108484,64.3400843722347
413872519.49968624,0.09190040845269597,48.205266114204676
459898347.9328186,0.1459289053212992,135.47875341755014
69130037.72097434,0.016692687789063302,144.98115047896314
199726256.1542016,0.051278954582294235,159.00026510771255
578331492.6750295,0.17962859815246113,71.33454609657365
227057925.1728127,0.05528849792971064,137.20319125106107
353358195.45383626,0.10391743322209702,67.65181277021988
167502528.3270422,0.06009225571262219,77.37847720919444
469650947.6590709,0.1492168328800863,54.94705060761563
60453095.229839414,0.012577715038386374,61.116456961171394
92169226.80853628,0.019511324856124945,64.57494683425398
129846447.29049462,0.04069882080085372,107.8840903265361
78837374.33398443,0.026164669225073794,69.11727423956695
109475970.20854679,0.020164384564790538,111.37587226329465
103317152.1068351,0.01772155367670515,135.77207218564737
185113910.4299624,0.060840847944190826,132.76530851173442
191284739.2629117,0.061594395518188995,153.96138159621094
276169857.9532403,0.08258228016459652,162.12628889010435
137844537.30635074,0.028547891562671252,141.7645162530399
124371661.41292498,0.02786489298727833,80.27597080525027
113481751.81690903,0.023228777469356414,62.69667343585664
135336595.3897212,0.028090578058231504,151.51873653594373
269526606.41095436,0.06177162923919827,154.7430420189085
178807306.03719535,0.060363786304011416,55.47497938173739
162607546.37185988,0.03622539706744576,128.93858267563812
122215829.85913706,0.015005715902330307,57.13552699623128
103741418.55599862,0.014105336888265147,65.15389360285435
65085880.373208374,0.021161745319435536,58.30023141978155
231007919.49872106,0.05672659100081726,138.81218298537993
379478615.89034677,0.0941097794576442,159.32143515326192
92444726.98858571,0.017702081375324384,138.013977850627
164800169.2666453,0.023395615376098224,139.19880612538276
182665593.51481628,0.04726030562549311,138.5156893760944
335019435.9757169,0.11265203912517291,150.81846614036533
363288531.5363275,0.09833331773756487,136.2202851109718
111279463.01671651,0.027544161257774744,63.62503878510699
266221149.00198543,0.09497609599853822,58.17388104808947
368632905.0666715,0.09449970279478112,168.23177126201293
94092506.6448158,0.020615386392659668,73.52946454315774
211494010.3111001,0.06872427097418506,131.4153732715508
242110666.74479544,0.05958985453321678,178.7407606203685
147831797.59606493,0.04356898351402243,132.4370749953441
423582334.1255058,0.14433756615781265,45.58231884270113
307476240.2429929,0.09057453836446043,66.70637291769448
74607421.10494038,0.01424853878977397,93.16282555265485
281121411.35068744,0.08403093226064999,156.89627046415453
193753603.50573814,0.054853775609782836,52.1751109842054
226230337.63721377,0.06677749623532053,87.98526515523292
145221366.27100673,0.023112900453596177,119.8928750879292
224100175.15583175,0.054629084958988244,145.20203992345355
132301139.29128247,0.03213886487169295,110.47447631212366
146701982.72294247,0.01764709439811933,58.93026225171083
86945456.95419312,0.02229900174879826,120.9221403577297
249397336.10086226,0.06803183951567386,154.48332739217963
172072234.3865057,0.026470788241684164,136.19777591172942
49913089.80773263,0.013822837423035056,64.24139838216261
50838774.79196921,0.011927878355118635,90.39085114799491
278447877.8401465,0.04859839185736955,95.20732922692468
230578222.0029527,0.08207294152831357,151.91826383370636
179468330.99894577,0.05223661822767443,137.5591926411439
58211356.30486448,0.013007252254463024,121.3310774818049
132660216.21726799,0.0185334915324074,162.9268702604436
189066798.93131274,0.04269352028385197,158.997413732774
170387788.31338608,0.026151626622146533,105.27413504780344
211019647.3088921,0.07237793118423122,91.14528309094868
144645872.86620268,0.02621892199585649,116.0450697392101
325827255.76822174,0.08978285449554102,151.55955252351828
360621657.4628613,0.11505501475959622,82.64233292481464
247346573.27488402,0.07996474369557713,101.22691678534515
353402089.2829375,0.0744757055046316,144.1851791656774
99160621.8761934,0.017431933071045885,143.23823199433164
340158142.81552505,0.10801184735648044,152.98009642580848
324735730.2144846,0.06047336509957785,167.3630103002046
131914577.15193707,0.024276145092474173,49.214533782423196
206494729.16968262,0.07333155622000244,154.60316390589333
519830688.1643799,0.1556014512877951,130.09912734120027
320241626.26439875,0.05106556575212606,141.0233864975217
95825021.82879815,0.014460322451129461,113.61500247651955
492098640.2862335,0.17722067758547233,103.60535085920759
153422849.1436164,0.03924895895246037,145.9833068436257
73859191.63262326,0.01859841286317689,196.75486156194614
167098765.23939714,0.04778041249497095,152.53254088305917
362628633.61244774,0.10355112131428734,141.1702135209475
76503953.28999156,0.021417861855398627,113.6616821752987
111139317.76610821,0.037260148820465654,99.90771437801547
19263543.335339963,0.0016630236811351112,66.98036020646236
242331450.04701376,0.042801929888806906,144.73554764876144
147071041.14953083,0.022396385279028604,137.50326051721268
60628732.97843165,0.01774991727988315,110.59703220120187
182244264.5654369,0.059275365677248656,91.4174040837902
116913843.94557703,0.02558668008281253,56.220817629518706
124600571.10230312,0.0286706598646218,76.72107455768399
220912550.58984053,0.05162479561796806,72.36268420810427
103119705.150933,0.02504807273475364,87.05478754576328
69324825.65371265,0.021174681162133432,53.905672380845
209348865.68172583,0.05755532216630664,67.6359868245532
176381980.14659676,0.02566628378069865,120.92123871891486
334959514.2891818,0.073785995960983,131.66992140399145
126169371.91727424,0.014335858412017432,129.7801457041019
130246487.13138759,0.02028872735115124,148.4943617839266
331497309.126738,0.07539943733690575,64.63413875635463
181819738.5568912,0.03963187538600002,48.34196126120464
330938502.7110545,0.07688077043579312,119.29688479063525
97554086.29185382,0.017022971319508095,115.63433797310643
143602487.22241747,0.03690434687152759,58.60615287448917
108403628.7646097,0.031325919739542414,86.77243864739279
128209487.78613418,0.02048935809917421,98.53047300587504
220196670.25549057,0.030580575344099685,137.80056901201965
169207503.8354369,0.02309259338464757,167.28937583513027
281419183.6637614,0.07276276105585648,136.76812695457656
310505879.5588883,0.06426635407589801,134.3581274945816
60554775.014399976,0.01741104868139449,52.72643158075857
60575453.641597375,0.007050362240856904,188.98905018727294
24055265.41512791,0.005894773028302041,126.50974811419896
226528019.78629434,0.05197851955088531,143.850291547669
278628805.58227384,0.0817734029653659,92.56241279229177
103118747.15747145,0.020074816059379354,86.10920827834177
267772322.24187967,0.07007650056852294,66.91839764735049
330735351.09979135,0.11778604711629304,80.75107843675647
159935727.230637,0.039823915936529675,46.41365267627017
116425761.30823606,0.019208084146851347,56.038178870681044
337247822.95610195,0.08096645893877533,140.79005893602599
256317409.87834263,0.06506589323061082,67.28501380782494
167734186.5232364,0.03071174936374952,98.34677796479487
139919830.14417616,0.023685599608401855,69.50235613897893
129773367.61246191,0.037583182054446274,116.19566132295733
341056911.3758285,0.08199009263160088,94.37453426403893
98610904.95276074,0.025065217852727376,55.92821760021371
350975772.3245394,0.09020923745240407,127.71930864496133
185992031.12051505,0.04331170543901975,146.45377651005336
236875563.34213623,0.057475134036048016,131.41376117354764
183257614.33953708,0.025806687225540685,83.1013272736914
291820725.9311473,0.10090564611303679,72.05041196152108
160412354.81150833,0.03015362126806494,147.68300307149028
129200986.1835079,0.01972022444410396,149.67198275807374
340999143.7950546,0.1090996935733382,65.44575768307837
299092444.1061284,0.10753132676155114,141.48684691971644
141222289.55459452,0.02187945485635588,159.7195433428317
415036880.6833366,0.10690347062391115,51.875143144129524
117275193.9210464,0.0402131312451172,92.8019326583693
142683186.3270952,0.021439397997367972,62.681524849778725
329725082.3054067,0.08293258411476317,136.85349798428985
82659299.27999243,0.017992524350040413,57.251432327214
340019356.4387406,0.11266383807286343,90.51767971105653
129581813.66561937,0.029896032081972165,123.81166589147378
105487109.51987654,0.026136265263337614,137.3690865368648
120478150.35734788,0.025326459479270307,37.349453934640614
296120372.389744,0.08224240910118417,74.21799584114163
65313605.86783757,0.020020846520482895,89.65234623654233
131907787.78458263,0.02647801829052752,155.37542964403383
212350453.45922253,0.05341110968801514,125.9027655638497
90711588.38759874,0.016282210525699583,147.3442843630301
171746494.7704345,0.03540830777667087,136.84555805417207
202342907.13206303,0.05012947732884831,135.86660491496974
61542576.72976017,0.007112260340179137,57.12774044719947
110606207.64487813,0.02326285206177071,58.92841690517894
75942908.76167965,0.013850722801688016,61.515485384339385
307277105.8197925,0.0829460633553865,134.32657877551796
94402979.53175847,0.02364430007722925,52.11542358894959
405084146.9971856,0.09247431675267836,149.92978379673346
48011439.9301844,0.009535752891040581,81.87578337546762
150622040.6470495,0.03639112730758515,30.244191888454015
226249730.1556802,0.053338423976739865,145.1689767272048
45704577.02137631,0.013280306890042141,161.46696557219533
83769852.89780015,0.021773622657752238,79.74883655053193
144414825.93578145,0.02830738353786701,110.57052858688002
256212874.8147207,0.05892565869070436,145.1291406524694
169993670.23266444,0.04023087554006983,117.15664841273887
127455748.82931851,0.03500540744368998,113.81175067143117
163597206.7426533,0.03308259244796782,46.08151375412797
256935817.97519496,0.06663894180909963,177.63136345024057
98868307.03822386,0.018114036237781565,149.4799749731825
65193967.02467837,0.012632592559214964,84.1894009594859
276509892.60222423,0.0715005867189588,154.04920109657647
249692481.31034598,0.07472705968205709,99.86300903589932
137057663.40454245,0.02073363778622196,117.17850648333228
138685048.1661454,0.016247095122379797,143.8245352039281
108206774.21123868,0.022789436425643735,119.78257073512157
135920033.77410194,0.02859045878918539,45.813193693044894
147722761.53774896,0.018495340722548066,128.22840091635595
121306918.02655154,0.02227309024852085,173.8615264045899
179384823.62421542,0.029683623680582884,132.23723357012864
128676518.8730864,0.035683928892575004,77.4255251740497
140276740.50464106,0.04412360138449775,79.42998992735919
236142903.23527032,0.04722703158174109,87.34495112163033
97410234.22407648,0.02135336547366506,131.45435989076591
223289057.99322128,0.04198127365914303,116.74039791391519
144196640.89511812,0.017264780488208127,115.35769524961569
71717951.42038551,0.017779400879133017,70.55055215476108
205584002.19377306,0.06292811823027568,56.71917689145819
136211417.5541669,0.013680655555138902,105.92691680276468
192353657.08095682,0.040941209319749886,126.5548204418067
272884792.2893062,0.08093547405862286,130.4829883918215
62630084.44222285,0.013543362218400351,108.78435201710462
256864770.66091973,0.07002529464004568,148.29265965833443
178934265.3312266,0.024848050501552144,69.70694162109913
171675969.89749086,0.037563608818781125,114.06882786565185
394741976.4671091,0.10929167760817761,83.23830642109392
164685760.6905384,0.02684221878821721,183.89418238915442
124590954.5031265,0.027481014315358845,129.5646578768925
93008306.84743327,0.024836934080106246,94.76734556636127
113310119.63691679,0.02844700069035974,133.4226339272064
205294735.68374234,0.06437096402206746,71.30829605668139
77851548.46770823,0.023374569191557885,135.21454078232048
196147257.89505678,0.0328807040681736,91.4014505759109
203504740.43442827,0.051133450516345026,105.94313157649951
115854860.36409526,0.016241265724506498,124.97516801187223
303466675.2596578,0.06783028960445386,61.05873375488916
212223938.61139643,0.06055235561552043,41.80819910766193
236523795.22014105,0.04479288787710786,131.01766343320975
271170431.7863225,0.056881391357502094,75.1296245850931
163030293.75842458,0.02827648988431858,169.61147027231831
196285744.82398918,0.056683097097153155,66.56164136478432
208588597.30390587,0.06602185750189796,54.63972663318552
272219630.32067907,0.06756573337114509,138.88150501628198
134342081.2630684,0.026956356095581332,65.7277954094066
108901516.19632751,0.016934673131579054,142.4669281439305
152013035.30908197,0.02229922620092681,160.06778231922098
181692990.45173633,0.03518418188860652,146.45718723814394
325282684.12962806,0.07299198240944346,115.79482837386202
79973787.71189065,0.009666856269455947,132.38432864640143
81332853.51168045,0.013284514505231871,90.23186787239631
275840289.4743459,0.07410153005889408,146.93675002178395
129117364.1198166,0.016377833837368523,62.88473521819817
97948919.76868133,0.02485864397407831,132.7779921539154
144312041.65025982,0.02979256788065876,143.87186738067882
99907259.60305661,0.026406896946444068,39.083173905577894
367976503.87738866,0.11808853806644165,150.94328283634803
102963217.57593846,0.020413995402630034,150.32361720249503
241730965.5593356,0.03692820811142984,136.869487184247
156894332.02244008,0.030471208332092048,168.5139415250959
249767176.03204024,0.061126777999802526,112.81060929310216
109032840.6893876,0.02336767430083687,127.22086565810307
72150184.8214441,0.019877924585533915,113.24627294770822
194812894.25901705,0.04033120707551071,103.4953916288906
375357646.7782171,0.07388992140035994,139.54980404371943
311901367.3991382,0.08947853885302642,159.93559285508803
327891719.64128715,0.08505500638075966,150.48408859426132
134248972.35925707,0.023581884081154334,163.29250132277693
111335085.70880717,0.013083988615804778,158.37403114607977
144839142.9048069,0.028250760669911012,134.95025143937275
105313186.94658709,0.013907869015484547,69.40288643633022
382084244.5815203,0.09109513165303502,140.95129319823107
252638422.30052775,0.06566169476143997,105.16359044915984
64189083.71547133,0.012275727626541479,94.51234815360976
115353926.22554395,0.026375670112656714,72.3989839787053
150210578.9541933,0.017343868893147416,127.6815600431161
293069645.1469802,0.08997088367312749,103.7346796296667
111263514.62171994,0.03534604356024821,73.4123940488994
119694921.93756402,0.035042466286378374,42.7356491524138
64880054.94002441,0.018459260681678667,133.8325654357132
106765681.07659167,0.019662991096888054,74.16455266709369
237586735.8252818,0.05661255786974311,93.40673898577074
333149257.25812685,0.09668259479463302,87.96019908201548
36863425.29179622,0.011095745815222616,39.0388944291888
97315991.43753901,0.017925525032803355,137.74160368944337
219180114.6784722,0.03955618417554328,144.33578006480604
362326051.15027606,0.12436572385508708,104.71249838982935
94562418.05570555,0.009306000757197886,129.10913747484219
171690188.07619742,0.035859847048132304,66.43328883958169
381544701.1431777,0.10790228024469897,154.7959906412358
232552289.09064567,0.06091692894615196,59.59912505129779
76891338.25468904,0.016261251794113498,64.10946914809229
262245483.89969128,0.04999099680201216,141.2732127920205
169408546.44501203,0.054638101106059336,43.517642679994296
89084467.49735254,0.012064332385781036,166.00479979465266
45912604.80878072,0.014652148050308055,132.0032219857779
104883490.13233164,0.026300492833630198,51.7147842897056
172507417.77691743,0.041831951748618534,86.50345845564499
359312475.0595757,0.09255063295749849,155.95286560334156
21601080.328983374,0.006084308378868877,92.56642274696618
277579905.4358044,0.07646722611041953,67.69643839807522
122529312.33908442,0.031716262216339615,122.30588441612338
7083921.120820093,-0.0009236368595259087,150.12899557664863
96558545.48727742,0.02974022557877811,49.90485708142002
128034555.96584758,0.027360646403528827,52.63862700300465
125179341.45270965,0.0435311737215787,91.41295477203761
231670524.40831122,0.06088854955705368,166.04813525409347
237672226.6332777,0.05966882085735927,33.791668481037846
187948418.77840623,0.021051122727619345,176.07070631287263
261866705.93133706,0.058711239937969555,65.43848154879655
184588197.99978167,0.04000742587496496,65.59596371267246
259954691.51236644,0.05568608438589222,179.69564727010757
235717852.40249968,0.0666894523376604,132.88972352967684
120243562.57387552,0.03282693936175776,94.97363521980962
445158248.08256024,0.13062098583998696,128.80830854051166
141564468.97957838,0.03272922200079826,73.81856416560099
131963553.87304816,0.03449308884179889,62.38676289900702
148677794.61371058,0.027941705395882453,77.39945241915017
58724720.7208167,0.010024855212545996,124.86611409914659
115660345.49675974,0.027865391843004104,104.24802127938614
149917594.17452005,0.04890871220148988,67.63990086703511
44814623.56751456,0.01474619514729107,44.966099044913065
181949601.647957,0.040321734639937705,100.98051371980259
124107757.52119003,0.02273434746011927,51.90349822665557
188302930.05879307,0.030674683240923428,87.8895546519865
215704226.1286765,0.05510641249604994,99.78569701827277
218890551.2485385,0.07124023118778675,140.84882095536327
126494911.61252557,0.03748121968841914,57.99381543960273
265777673.8234588,0.06570027865183053,72.32529961528316
244202020.0557213,0.07251474435581494,86.55029547955588
398157997.0208699,0.10297452493274344,133.0301569586164
249614119.0027761,0.055673094526831564,63.512350458753126
240447592.94265354,0.054833846163669035,83.77963951675083
170067562.84099618,0.05102687838678516,59.69905246860257
363287260.17067033,0.09986568644496062,71.16889453605609
83977909.84894839,0.01800064167099436,159.90870475491602
122596343.02436493,0.026675978583127334,112.37341609870278
79885884.70608127,0.013926908585380888,125.7348224422718
100484252.24385929,0.018924923829261114,52.67519965988783
143020747.9246183,0.02086121358380194,108.39968457673936
165685658.4339345,0.030856094350801264,64.99731177032245
263058819.15885454,0.06194616156917776,122.90879336600088
90318404.6808463,0.0242321244638533,131.99691289227536
208291997.59333122,0.030121196627857273,141.86725873351028
66755285.722255275,0.018451993079127493,103.71715222997972
130843675.64259198,0.03652621502298396,84.94158392811634
121203216.33008555,0.02093012079741824,76.21903831638944
210622508.30887222,0.05273836593543295,138.66159844125607
40040618.94651884,0.006537932036905055,71.667724392805
103120028.6319075,0.029014688667829396,73.03741445693336
269175890.4131663,0.04577290757535271,63.37439401981555
55620858.45454152,0.012665314640679584,56.54960574908224
205172843.9430368,0.04795656330029605,141.56228489270669
128672491.4198933,0.03108641612139474,169.33442776522355
147540433.2309556,0.030038301410156874,141.53886935413834
162318517.5935823,0.039095073322684956,81.90017432417628
284568614.0919692,0.08678486688223283,136.48881937739012
73001335.70455578,0.023280171393183884,153.46251403069732
29034908.227456193,0.009295166049446751,154.767582285949
98797118.34441298,0.014153324079915212,86.56779631729712
175934147.67951572,0.022250463584904658,142.7040220019873
92063758.19065034,0.01594582982438568,153.6968632206436
212521040.4549216,0.05776633033030521,122.10877415873944
70171895.05250865,0.011954278328838195,72.20371255785746
62586418.45534338,0.014080685744876954,70.34981013649309
123175517.96439014,0.01545509305617077,148.24288485702883
175121527.30657744,0.03525020741206323,132.8456261022704
99785189.71475103,0.02210681293183773,153.83414843465914
27422662.58166317,0.006845729165274279,137.62741578387843
303592295.26032746,0.07489964180577509,147.56814703684483
42771679.44428909,0.010069396869006325,51.91910900390365
148611223.2485953,0.01631534977044876,132.83066407010497
389805366.588858,0.10993482232375673,139.9875188475136
128249742.51756671,0.025542487290318203,49.173475440405255
125988187.89721327,0.040646944085800926,156.6174390189737
183769895.83866072,0.04886834473870171,158.93661608813005
127657112.84061024,0.01984754195796353,79.28001684912996
92517080.00410317,0.016959474602848985,137.22518562364098
324909002.2588961,0.09595984868239757,136.06274365309108
258415042.47366524,0.05379263760197537,165.09376034135335
272471295.4976785,0.08250614167396547,67.1615515177791
152882163.6171865,0.04123996279195926,79.1276358979869
226457555.91993088,0.07193367550670314,41.649740630104844
241812518.70630366,0.07517041278507694,85.74596682905499
162723892.6727921,0.02099160206686462,145.5091523761457
231023796.0388996,0.050107908113382525,115.63085899197367
262060151.5642384,0.07773845821333718,162.48051738944474
86446478.40257894,0.020104231406233453,136.0371091906852
79953147.18579942,0.008518298192995061,133.6650638177996
144414268.47508365,0.043851301750652945,68.45518715598743
405088144.6035177,0.10101465198373039,95.44582101331832
72293856.70717078,0.021053452148046277,128.4480348987877
108569357.01808342,0.01968867664083413,68.10129045002172
148149905.41596085,0.018449447450563913,79.38028425222807
169513058.271519,0.04346401609466447,135.19185080796194
73871576.10572907,0.014254521588039753,113.58290247341336
284212767.7163146,0.08256212291518483,69.84129043224942
75463795.79549529,0.014650823446048417,61.70260447082546
43353395.19315955,0.007399880994399635,172.49101486514206
273347389.5748464,0.05884100165517139,84.90745897709525
310686358.93926716,0.06005977455957075,144.6896683640979
139775977.3420465,0.022994307579195503,139.9025924210881
187958523.56733128,0.0386217933800874,164.2887602679627
29333680.634521566,0.003086242658747591,88.99639573133614
186785735.71933866,0.04708417875592702,87.89348710129096
290865588.3522175,0.05851469915323331,129.38804460902585
294555878.8338612,0.07624731764432942,107.90068307292331
325700189.9797264,0.08708549445362086,66.02521064998535
516609293.08058625,0.1507773089166313,56.80372039806637
51271439.14494082,0.00793040121609567,145.58097840737545
249364880.71503505,0.04492737832878732,154.23648239977905
135413956.88847768,0.015566628622981664,144.60222079778552
124901981.74292557,0.021249455792865652,71.15854926947014
101689255.64439005,0.015002523014009502,155.04888154428372
147135388.17924255,0.026875653365607384,147.0445940939274
117858426.83256823,0.021773325211398027,63.82343543766091
171369696.96509576,0.030487314695389116,114.6797128285797
90711528.9666799,0.017972839236029534,61.81525788463968
140343565.67100585,0.017465188071148573,139.94624468169258
137105154.153332,0.019220097597787394,52.63029361866325
172138019.88939267,0.029478502817964363,95.28645972570219
222140550.11380988,0.058865171267903,142.54309860546778
105255603.0115318,0.024684783771909646,73.10844529907918
143710357.36022338,0.018802532298440585,125.91738167493244
79207975.19768831,0.02197196350116548,78.1575015574229
142284743.3558504,0.019107801611348372,48.270686469822735
83610004.87787196,0.018228162016947925,84.77305319803021
116876837.42627653,0.03813420463776885,130.57462615014148
40082312.40508951,0.005881219125671066,133.54363981499858
163160269.12022132,0.029450339686160436,153.91936180898995
218948241.1593181,0.06319516180786532,95.79581308969256
297620486.4343056,0.07774967883711979,137.78092270829703
23230458.564231448,0.004371909766895199,63.99638017795975
181666687.42275214,0.03515501710656601,156.91553692825775
73186256.55496335,0.015231778385693511,121.36282043354234
168019274.99590868,0.030648213044314886,136.86024988916958
199962268.48447666,0.044293953352552,43.09665911586713
72524107.98958689,0.022189382539525605,126.42691010909626
251186196.11545956,0.05235116235756632,165.5925809549864
274470087.8265006,0.07975363948549959,59.01766403660341
146733446.3796296,0.020622412722611515,144.96385048721112
360128076.757645,0.10227705921763716,147.96293056112026
165629361.61577055,0.05105093209758904,62.038837687484836
164311266.5576011,0.018001134439961767,158.0970042533434
63827756.4151861,0.010538835289256848,155.52392068511753
180660556.11643732,0.037881619686648944,150.2687509409792
133862745.68081038,0.019676309550670967,154.42700786823602
111681671.48528749,0.03563678350573716,53.84941560485363
104528083.77212092,0.013573874703639672,53.45335827563744
73494344.84017718,0.012605274336081752,75.62331956357822
83251733.84086242,0.02033302806669854,51.584742888343264
213120033.09639895,0.05888966159075532,86.4515810849199
53286756.43384274,0.01607999318740721,144.11776650936713
76082111.81349066,0.020521064459965644,34.980869942747795
291916899.5267995,0.07413603288454478,149.0755772191419
217183954.37264067,0.04679543674232412,166.7781387874781
83709396.49197769,0.01281391656640925,143.48193710461382
100207286.47410196,0.014063595165484855,145.06458577961266
160669174.61333603,0.04861518766402295,135.03060663304976
178974277.68562484,0.0509453743173469,81.20366971377037
38371543.258536674,0.010221960618290027,68.62806811603132
294000017.6290269,0.08196758063669954,120.00220502536256
239480399.45881027,0.07372342775360789,55.680801629038946
264711150.16412222,0.039110153458803414,149.4776089493097
170536554.47117174,0.05808174602745366,162.31714713441409
117301949.63642865,0.02367307765194795,67.9881278701687
162713295.36660782,0.0526309602432304,139.8934106817829
149832850.8521777,0.02695258716372264,137.21385963307097
85859292.88325268,0.01365286079687983,77.56348397588826
481680288.86229753,0.13568950525402215,163.2321604112466
30148146.902108215,0.0034528749639236335,82.22125370393424
156095352.11632085,0.022797898679827008,63.523809560922764
147307527.39211157,0.04458274046423846,144.3323038314499
85608677.49956244,0.01795970794371653,117.66573411638765
233176732.48976696,0.07575872789354755,144.3049438806487
113925641.55145763,0.01982685884521878,97.23240279670996
193163809.98173445,0.05266486610090894,144.74685107419825
172848426.79851896,0.03762765078247753,174.73506782911642
139300310.40579963,0.028269994375570994,158.07835309152821
68494791.53604269,0.015802250686478517,94.13407519462334
130639212.29951012,0.02312718848357058,152.58809462900854
153567438.77216384,0.03788385114400434,65.08319479388503
206323588.6747511,0.03841244154237763,138.75687119284905
66528596.87684184,0.021162516763162803,153.08212974829786
73111364.32616389,0.017939813302554775,98.08290181254779
105907509.27841103,0.02828029957606421,80.06759404322194
199661074.57112485,0.044445829148820996,130.54539299528338
126801116.60361102,0.022464266664565392,131.71270638342898
94176923.40105751,0.01794650283829283,140.12848737286498
144771933.65112722,0.017147111659336974,166.57608304871243
174763581.62494105,0.05867559218003498,128.29198780041108
349949871.20958257,0.09091600136658988,144.8939297068689
693183637.8055199,0.20584135779911844,102.90146676689909
48162856.6671963,0.005671777805536668,115.02397588568735
130206792.52298069,0.026270681485473714,93.43636879330195
117209451.4894785,0.018074244243836,58.13332806619346
134228716.33117765,0.02510383398953804,115.49030112095714
179080108.2191007,0.031026225935163115,60.064812184000125
147955797.15079984,0.04176614015223257,61.672108955854995
56779246.37514883,0.011466487751836979,135.70862858154226
171284185.05645368,0.027691545968995656,175.96429758355112
177043837.9179784,0.03056696501389405,88.87265190031107
141193869.01898688,0.023603948659162016,136.71479583502304
132002542.12856571,0.025403369043041614,146.32918453678803
144828291.02408728,0.03532635937647336,122.59322498988735
133412221.18049234,0.044705077017555564,130.8356396333954
243822887.2145972,0.06340565639463384,147.7146818476511
124751688.47023809,0.023942199560914312,178.86478295845072
96872709.88230719,0.023282378521381257,102.3369833970627
152906658.0095577,0.03645470505949508,80.17450082812596
76178318.42951405,0.017097079165112446,154.75885583823887
169433978.63497993,0.02759591495829047,153.79268462730624
108581465.02724117,0.027516733245848475,144.97718878397424
105877783.20604911,0.015852203541924972,117.45862210472298
182926347.5694671,0.034571927570404865,85.09953613414638
101073459.56290586,0.0207596643656524,144.18939213975344
120414340.17634043,0.03813530154963408,181.3219564169123
136863592.46525443,0.025678419437034004,92.69046046386467
231284668.29605192,0.04565394910902475,92.66092742834516
61116525.4423688,0.0101869662277671,71.70223313128506
187587275.38168097,0.034537842370071334,158.17362463958202
222086570.660787,0.054849380879295175,75.49501246862819
308181645.0889561,0.09679586243300377,152.8259742667384
88580687.23667596,0.018376609591889328,49.004816567132075
248223286.12347662,0.05387038563795142,147.99407031959248
294917822.5812708,0.09500631491713844,69.60465196782276
83229225.97381613,0.021501462701955607,83.03115340928856
124871015.40883833,0.01953674742423931,151.71734372453375
230169652.89761394,0.06331088326447111,127.53752792384276
72037122.41569966,0.01198324010671671,92.19478295237633
146035267.45244026,0.030772952955251436,141.96396477772745
120207161.34530884,0.02511028674895911,61.86346631504883
426884586.12919015,0.12438429769732656,133.1336338817097
255630615.88577503,0.052796067850577263,155.62093334435383
260918187.0148371,0.08150717747446817,142.71156123787355
287318551.30855304,0.08287444596929859,61.69988161338314
76940703.9969733,0.014779005652943421,96.32166372439305
163154052.18120408,0.032228992610433806,79.64663723470093
123560399.72322166,0.02137464159383671,88.38311877813362
426790725.928828,0.11695885272966847,89.47755554470208
223570635.7322091,0.05925403988367182,77.2272795110655
109214208.12488978,0.023718334285492117,34.88282908623284
281379793.46445537,0.04597754278712114,154.88343151190813
115207925.60912642,0.028527015194911392,151.99131287722233
363661704.7917463,0.10033268073958874,153.07795998952
196794702.57012618,0.03438610980110387,90.76717792510547
260957803.78658792,0.031150206455560717,118.8689410455856
96151894.19937402,0.016744062244074456,104.0915087620413
95509188.86214884,0.024493521287976282,66.62737924808847
519243645.70180863,0.1301286688272584,140.59446967248905
74174653.67173679,0.014981840516535698,68.19456044591401
95043075.14584537,0.020973991565550482,135.22116930028272
45039189.358213045,0.0017882575243662715,133.69070677258233
267564262.13517037,0.043821109948041406,78.3006905636909
431690898.7137424,0.12767175673798234,101.24007144716758
245951133.79642817,0.06073063963667186,174.87861110957414
198557071.63003245,0.03797726001636814,91.50572827540482
241210771.58960515,0.07077522665083025,79.0372472056326
58045496.821067184,0.01086941663075644,65.71800890888997
267895260.42522693,0.052258698700902,165.72776783676454
82499540.73389705,0.02496023192478425,136.6660932228467
254069211.73310474,0.08337334028740566,107.6584932998628
302145584.05930525,0.07906281366147604,120.07180080591509
126925970.67054318,0.028437526550959956,82.85386796988233
82021100.6743897,0.012865865898763582,77.19612723278159
182759460.45198557,0.03986505293185665,141.7762528241138
283174058.02388185,0.054968644430001656,78.76164705996526
341773131.25055194,0.09870197492808588,88.24657888972602
83609179.26912545,0.026446584126837116,128.21297303059364
191787262.5233493,0.053569102138906095,58.991207375875874
164302212.7429222,0.03766037723799349,139.04431185292367
209149925.166857,0.04729515280531322,87.89135006056195
144791050.65940475,0.032679206534202546,162.03139723931463
291480467.61822164,0.05923131804371657,98.01367487986893
263905465.28910685,0.07920868322601689,59.111379256385376
236061876.64706385,0.05469951189018689,144.06770174040383
128710355.7081874,0.025246789288914058,85.34844496002204
136090218.19700956,0.033027844737150515,81.49080770611741
137410872.9217847,0.031483050616605,88.9722599774785
80159760.89215484,0.008806721176403288,47.04351035639331
323229020.9804574,0.10945855391302722,154.90541668691736
60770641.773999855,0.019112151262448147,62.32376573931632
85825709.75463392,0.01979312449202819,133.24777644104088
359021411.895908,0.11436196362663655,72.58028433931435
269724707.2789627,0.08200183449720708,147.83143756539147
181819780.76836115,0.06238631687810492,169.61157415786354
87100987.36939916,0.024786490208794303,67.48489695045629
163545785.3014012,0.02603229095313948,145.43182337346553
98263822.66798696,0.025168979079266178,70.71291388072078
88260538.25364903,0.019222075856842883,93.39989852434668
121199614.22871591,0.03861740080736355,93.3688841257141
116651871.09283163,0.03688249720014558,137.1464873556989
265449631.99205238,0.07378338878092489,61.949249927368406
181961175.24483564,0.051025615675493706,79.38665580335523
240243062.77401292,0.0761598167293381,141.5224362358705
164462085.35702932,0.03232779192176102,107.95619637989256
65625121.05370782,0.010157647289555606,123.2931743374607
198766092.38484183,0.0481422062187818,123.1725746334252
132413313.26481529,0.04325431784816433,60.659112963566734
30937874.074421264,0.003806634528581788,132.99882270815644
168364382.8556948,0.046012163596755404,50.4867910503695
65526771.28465772,0.013411676146672715,151.2827973449854
128517287.4306092,0.029818888542957233,71.05209351739887
135316299.35843694,0.043495921109679765,131.70104211523227
75946827.35860825,0.013578249843625287,75.79409508405533
58548302.29889042,0.013791810080634376,55.5208753057429
135012833.6794145,0.030786525008193896,77.64375713919712
75781220.27667476,0.0252718295665688,48.72990474120727
70885767.01317593,0.011238940342380039,92.21079680322238
331877567.90113807,0.0628386938056219,151.82196773663628
316361989.6614889,0.09392742323863736,61.98778196094468
296625942.4070542,0.055126320430117046,156.76291711567362
215543852.4366659,0.056608657326646786,44.114809885182936
49346879.02783457,0.012757900573702047,139.6377322822844
64389949.16701266,0.012814542036503963,111.66915441836775
162200678.79835457,0.02437677737250813,130.99459696207785
176552771.25966424,0.05050860969642395,134.0784355649391
36966709.000902325,0.010735956098256838,52.2066463789486
64787571.039299145,0.018442839255982862,130.32112360723656
92708946.46673755,0.01576442404036638,68.94106623124355
274587107.7688657,0.09460231595739693,122.8869910970234
194242458.96959206,0.055587928356945544,166.18620859259323
76149673.84387034,0.015990914254915122,79.07232639863976
93312103.51103899,0.02300133753209059,172.47512012561648
310892106.9146497,0.07753348944393204,142.81697518043043
259963171.92140982,0.06935859347960649,88.93811511175478
155832693.77261,0.017775781653691935,140.67575906597142
121309370.31930363,0.01219017004104109,142.07182340810002
552600959.4223865,0.16131420977848285,188.86931544931693
165048150.16794115,0.02971119282232883,71.06123630412654
47072439.89410132,0.006774869237587712,87.56866703966152
184417179.79661143,0.03913827600127615,106.42198402354768
185946436.65430245,0.03595226344742369,156.85883046183386
244809650.97988507,0.06715065489425293,97.148447337223
136939835.196279,0.024318345608129455,90.7387632557628
293378985.4168497,0.06047249714114089,163.7700460159522
46442750.55779191,0.004161202878276551,117.20250719431785
79476629.03950526,0.011817830037137086,87.44064184682485
149038700.7493978,0.02685955724239597,113.38935851818115
126100340.5068158,0.012115976452541819,134.07267990689377
118294896.57407424,0.016265761759549628,77.44730629484279
85576177.52163509,0.012349119001996412,142.6107555284043
107586963.44515313,0.036904589680197136,93.18290437838738
71286175.73044693,0.014301919871738369,137.28214863408436
313336203.78808534,0.08472147885885346,116.11453051995557
128272802.82797351,0.01963869149179544,126.5954455973856
80046564.15892677,0.01849077682797783,63.898924735239916
98645153.15650773,0.019354788323431737,105.55403538401988
131681574.68445799,0.03382984671378461,150.22593781302018
54025311.95799603,0.018848046520161067,50.98373389501562
170676404.6629552,0.0381659802613941,108.34538811096633
114649904.14496267,0.023728192564140584,129.6244512000292
220810162.51030198,0.02463333278707051,135.17550802113186
140166567.63830882,0.024109867946948124,62.44969912867252
86340888.15677185,0.013440579947346204,167.6394701712695
156875437.53981942,0.03638672809062683,78.5812497292925
93605319.27358407,0.01620017539103317,152.51548906689132
193776010.09202504,0.049747185087879245,131.74444561331498
135553049.78952894,0.028177514701900563,76.87807868664974
177404884.32969847,0.047433509436045226,70.41499260831047
273142408.58291644,0.06136661305531404,115.78662397688774
133849448.04523018,0.03085983245515729,141.4917009433476
325127976.03093934,0.1004851527206649,128.8120879417398
251132106.19824672,0.05776659171876739,132.84992981450154
239081912.81191087,0.08286903237218446,134.4274937352083
96114413.67350762,0.01405393152311492,135.15707863747653
161264312.87631807,0.031039900804804024,155.23667898311297
471737048.7274116,0.13676051235989525,81.2741939886448
104729779.0300129,0.01872277301957458,100.27264893950685
104269776.36496085,0.015090787449529406,52.991090382866794
76250830.25755309,0.015359825525404401,76.53547143178838
117150304.19737843,0.023596913037502613,47.40382671655865
508696907.61090547,0.16691080907942862,106.7713693906451
176518613.49490625,0.03413366215390482,171.07249095939798
235595756.10361493,0.05325528942499331,155.07218158436936
309955219.94461596,0.10136078596268952,72.32872281633561
55974171.991624,0.011966118299960807,140.36432455920865
401200366.54886585,0.12578003336889976,49.15905806862782
133069087.35644151,0.02532631967634849,80.61237113296802
102159467.02277222,0.022186319895225966,151.87086384952397
70765808.83007166,0.02032663032549943,153.95944734377255
215307589.30018377,0.03357089112594706,143.90500544581093
290965173.9835272,0.05876799113971106,158.7542239208768
57863088.085280985,0.006206343860047992,76.90677845993
96362035.40466823,0.012267790731075746,62.69698373926488
182893045.3784467,0.04408001836174824,82.00982853595013
361451416.91361797,0.10688170733522853,149.7206459074046
119181314.15094456,0.02465331458882657,70.15630458536565
229474607.99484307,0.05804280224750521,163.95930330579137
80666955.01200029,0.014709818424803445,89.00643641980969
67256446.44497818,0.012816694632185776,132.76813256306255
219119110.54333842,0.05322572048579669,86.93001000599645
28417436.94083765,0.00841273465973528,61.27555896615848
136172008.23843396,0.009547962669675683,140.41354142119948
72181415.56549591,0.01205155730540518,34.603693678017535
127875501.71123318,0.023763620906621742,88.56326417381038
91354541.73288503,0.01967014920972354,84.20686486715387
451372300.48589194,0.08962091838401644,151.42337031756233
153287031.57680163,0.01551464264488096,152.13159797377438
500957590.7765291,0.13309217795897693,89.38057937947832
89254765.71422112,0.010411954793899558,105.0613683936855
112404900.29072948,0.025604542587430446,55.44550331882724
113299625.26614161,0.03437679074793717,141.43378563526954
284584881.0343747,0.08458149332545689,91.07397635095792
300498657.5303339,0.09478882898508958,164.75996696564752
306336706.2596546,0.049482100273443574,177.37570987489966
285680305.90978634,0.0888840001026709,146.98152951578822
311270445.4599029,0.08100020603897323,75.96428044500941
134468659.92175284,0.01705123657078766,130.12727895453452
58378298.41818887,0.0062537708787684014,148.5280598695104
201253820.94944984,0.033268090100577075,167.39422284855237
98679493.9649941,0.01555546287563036,151.61941327724958
128423754.0063332,0.035054442574657556,59.808404226933014
228068965.2024554,0.03704559570084501,141.5895020571505
81305498.56944941,0.021719523179636973,42.94039500683009
29996937.034767807,0.006700818856710118,85.68329746903227
81621854.6484557,0.02046733704349175,124.32724593864776
130448600.53018986,0.03607988755943694,129.1085083480712
106909072.48773767,0.020819037848627975,91.81444466031691
116071349.1189302,0.026518660859294142,52.71781806610535
197946824.82693893,0.046306747374826034,96.72981468770912
207185559.62862659,0.05097437762401554,73.69437503174157
102467431.43658525,0.02902483729881293,56.04682134639077
111275339.41822869,0.027037234201023976,64.07479170751836
198884536.44207293,0.05317619648878938,108.8174975086141
124037076.09435198,0.018734849620559494,177.36569409518717
106483359.66608578,0.015991275748911547,91.71025941144148
155456215.5788136,0.014382335207388304,108.42170628533658
153067380.03679827,0.03978000848609684,149.56770028023885
239766347.6947918,0.0451224344087402,112.02405806002346
75213553.49979106,0.01565561588432299,84.66659912947644
83101566.71595556,0.024395047252022385,110.56383799395765
95225889.64507931,0.02941830854835514,137.55051171324942
252038867.42156833,0.06817880919646087,171.75812073654524
89155957.45095068,0.015577106945585862,141.94038939230438
437986690.8182812,0.12488113543860356,87.52171630802366
146438976.7125014,0.035453500739770286,135.22993498334299
434948074.4903717,0.1015786193268525,145.45474456298408
189931596.24259213,0.05049196736426702,106.89061017912502
86348883.60622895,0.01584611717762349,143.63458323873954
227496205.77139533,0.05724636289282956,138.37419664127614
283481533.5928415,0.08472670473958024,46.553930501270344
158134285.29460338,0.035499479812408204,63.833051026237946
79992174.24247682,0.014701574420305659,156.80676873752057
222840123.62776384,0.053909969506408036,121.41961477470448
272566147.68739146,0.07421621639608278,48.13650591429716
130379980.6578596,0.022364975551161115,39.8782476453324
224930803.60960132,0.052017172004762774,75.36814069411497
293265322.2026858,0.07180384987725487,106.03077498540075
242595642.62348902,0.06595026446343101,84.92465523101986
127254075.7040799,0.030544274855010222,147.17761169031763
205035113.313357,0.03787429227824327,100.18652711213527
150473781.62980554,0.02737501281987178,103.12103507079493
130425442.72399901,0.03842806556503425,111.28317184676672
131304624.48571351,0.02833142662402612,90.38663276533346
174138899.4466208,0.041218864070825076,79.05617416352418
223622098.32613117,0.04874352468323892,104.56985490058321
290447329.13832647,0.06300624551753108,145.05999728474043
316772647.05141413,0.06816636164222668,93.05984684669636
253170958.09600866,0.06897850429026557,56.162187294466555
148969128.21281174,0.03927528498135498,143.94698695694782
301847075.26659596,0.07522195323497363,122.21809057939176
124724427.62480518,0.0316157847270202,135.09446920179167
124515943.99986082,0.021060668064488225,63.52866425799584
460959180.889196,0.14537512370565508,67.03030498339794
324243295.98711026,0.08839158083562527,143.5915809526971
79122491.54009253,0.013424861338858542,148.3140360982429
113632124.93900333,0.02652622724812672,60.26922656347022
202992455.32513815,0.0480398255383072,149.09701719301194
219008152.4524828,0.06974558069053917,146.19243273395298
215858751.50061405,0.054102341867672446,104.10987206946449
319752730.99969697,0.07560111655962615,80.07878350730557
148467439.1676565,0.05194936840910837,54.07506794433846
97322088.93497401,0.03198523813115576,143.14444468207387
188590815.38014692,0.04875848527802113,139.9469761618893
214249773.1231384,0.05786305824369756,163.1536300401015
189062674.58579206,0.03364357700670387,156.32333878866456
194963460.3663418,0.059814006082120265,54.13489805200294
141370983.3868999,0.01623114925288238,82.92589802117494
127553290.39311156,0.02132586846781428,83.71050051217942
162927645.48891565,0.04502059071698689,57.11751180336829
13715161.695032101,0.0020731359206105204,90.43160256249622
105975462.26639077,0.030486567105097964,94.61333883051039
238923605.47110397,0.06822811243129952,59.92233982187657
128396124.76440041,0.032690649651085396,95.29215887955804
130486248.7553086,0.03168885627651386,170.3927813609087
79310382.71842207,0.02212729307518187,168.19531913501734
254327114.70489353,0.05988235106256141,120.36356685621126
109119229.37923542,0.03137181616849016,63.35959783604885
166847414.59729895,0.04303860712008105,150.44402830648437
59370160.46708891,0.007920204563549638,102.58920553480509
200098856.7278155,0.04896443310004339,155.3029984235054
159099876.28610855,0.03844601900992901,66.28519082331425
36363673.03706652,0.009944455586155063,48.09306283284003
25433798.842103425,0.002475931055687369,162.61760535906484
253353498.04742742,0.0833811788281078,69.08635378170516
219551539.42437005,0.07418076214764775,143.96675588205838
394794191.3400293,0.11902339095807468,109.2956562095257
157542324.67814466,0.045231762683261824,122.1318187519903
93984704.35785422,0.01660390042184287,148.598041378192
107744354.8394036,0.026769411366560976,115.9609430301861
150841592.20684117,0.03443161623420118,66.109458727738
165668977.61105728,0.032437322879957355,112.38298704038456
241299634.79221362,0.05625956856345246,158.33815681711263
97897061.57839708,0.027013794477940275,54.38447912142198
73639537.47877315,0.01570614645523845,70.46824695136459
103946174.14999893,0.021923034404012942,61.918163286183905
244181811.85197905,0.06160184361223516,126.86204231736882
146245520.53608298,0.03383314558986526,85.81449016315696
314382551.27507025,0.07444044843405612,124.33108960156777
89318495.41936314,0.007525769923977004,148.67976763175912
133310022.41697967,0.03276004854917237,58.47340099448681
143761378.0128302,0.03229142895862736,120.4264761409323
229224292.44534618,0.046830060383424466,168.5076746614029
179503727.309818,0.024034533019543235,140.27386693612016
198353399.81027037,0.05071461746563298,76.78006643639775
284674583.1699036,0.07282630134114651,160.3314661966316
238672194.89070964,0.08376391391168315,89.55949836817832
178490008.13604212,0.041025120790264505,57.30490076154735
98106951.84516028,0.029016491683804074,104.48520729450958
201704922.74050242,0.041394755911025545,75.27870651772534
311561961.99199647,0.08050294442396541,159.27247821097234
136075895.20258564,0.02938665294489929,135.31360889023264
195682022.55185503,0.0676609898116642,97.12715626677273
166072157.4867057,0.04500830194836611,154.35102085718
182990261.15663037,0.02906664521068832,137.4762924460914
102400612.53064099,0.02759879740991228,129.91419212089775
87849236.2439102,0.016700863545416347,155.81101671121164
150613929.31431693,0.048380569899516536,138.68784489151003
481117700.6086154,0.12454357025318567,149.49198679258666
56380448.819623396,0.010089307110992199,137.03278954287822
257218499.24564353,0.07075436449027053,69.86207824558292
161587849.91305107,0.026019783347364746,172.5431912633291
165510057.1971718,0.02839109162936956,135.14453829309127
314706656.32392305,0.09584578045365648,148.23060568894275
114907242.22912675,0.02098230208414467,159.807900937662
139666420.5173192,0.046986750697706,78.44663599346055
64439349.375349134,0.01047460942603264,85.32929803666903
187933250.67345884,0.04083558263041903,138.35857288089545
110242740.81713502,0.014427698680649132,77.8353173914201
152241732.8147403,0.035436553146892924,169.27611923760415
490026417.78893954,0.12190081854354946,151.59337307045314
161731434.11819246,0.04174317077238299,69.35726511354794
222623938.57157305,0.0475903053949086,44.59200561863199
466487952.0054508,0.13856131067131214,75.87634289204858
131960313.44163427,0.031575251311955065,149.754679194531
193097300.72544754,0.036347524859593035,91.96288100700369
100479632.66803919,0.03385594755279111,61.811372994148684
50538910.575979315,0.01488874530093131,127.21116150245649
29247590.220793437,0.006178501080569439,142.90866647647573
147388504.25287148,0.05134254138728115,149.36994726643636
213464473.3030513,0.05188676563672963,94.17451620077743
175264507.9083894,0.05596235596912666,109.45722143266428
339657540.59633636,0.0804106707834275,107.00827617606056
281369383.1423598,0.05865675388979908,163.6082357582362
284527483.7550893,0.07644693808150148,145.71741417532522
192799939.9541831,0.04144096601678976,135.4240499166543
69002402.48858573,0.01460106040745976,97.0197598614962
242983613.09332535,0.0636395384737783,174.64657832961177
353025906.7492473,0.09099268829096993,98.65469461918278
111378332.64825399,0.02135587130076692,70.17817658063461
165404768.62330285,0.011446219041827832,150.27386328673157
115872694.75477785,0.023664685278714927,78.33283452320593
73720558.05614741,0.01747448849003607,111.68873650806913
150747582.34871733,0.03220277605510679,143.77390322664135
122319329.24076219,0.03562697922339431,58.26968121530952
58152698.619082585,0.01742086748441014,122.10206874383069
254936854.04236293,0.06749504703047954,151.99147158164797
38340550.035620704,0.005128364001285516,51.56013980922814
210280323.76299074,0.05053693210316762,76.5870064994446
149482466.00395766,0.023377006035129006,92.20820441611596
173258784.21166396,0.038826941250457526,132.18779595348275
282146244.7441317,0.05926350448613712,139.65940615848461
133691206.98536,0.020526223055247466,105.11138268380718
611220425.7526562,0.19052102285242906,100.591252247647
205116869.8287361,0.05049822242993654,160.80369448707543
34277142.64640454,0.007912789040922479,52.14497356937595
368593014.6200728,0.09144209538788227,154.68583699581615
156719082.08334988,0.029606789378552417,155.2684903428969
278753382.9285649,0.07642098519569862,148.47484378420486
316979321.515667,0.11240574890474979,82.19772052628633
230599425.74894994,0.04720726787094929,70.67238715006377
162759600.41470063,0.03451355387518559,72.03331384162
36520352.645039685,0.009151318709101804,69.5702660322325
222624932.52601388,0.06858004459855248,137.84193784219184
48176257.26741881,0.007658996759067989,84.40332918061249
155706613.5077557,0.0435497457970992,151.7020197801846
98975205.13038357,0.022305279573447204,88.35693013590081
334052196.8156147,0.08589482232305107,108.20458059889238
189385331.6698473,0.05220394222856721,169.19506843396908
206766570.5335206,0.05571705748523136,145.2517811309776
126777643.55401722,0.03314915720099105,84.76041654285166
121517654.36931941,0.036612854973799694,137.07435425255866
118158987.15495953,0.02771573502456832,80.19187796921145
167892330.76410645,0.03626148556073547,82.31478920985731
292723102.06281877,0.09130283137506584,53.78235212440997
118144136.01453894,0.014830749635683756,116.85250646550091
225781957.5254672,0.032630343461013775,65.81123813085651
176602423.36797607,0.030015976942941537,120.72341177797291
184268833.07458746,0.03163245138208253,157.33900004977164
101268904.79158376,0.028585217544358794,37.28820557202511
156086391.13178533,0.0169936812624072,103.90651301981192
133581972.83742127,0.030108386538856013,98.58335863270307
386256606.25933397,0.09212055520312559,143.4764894676682
384265376.18443835,0.13387199211456827,78.46891209467417
117735891.7739341,0.025169918451380113,132.737387073779
701623013.5075825,0.18728182478418834,133.80546709332697
159290133.2436951,0.043386628828361654,99.9782356471259
42634466.490937844,0.00931113336046382,86.67301306649169
282892921.2310591,0.08050148519718114,79.20850645414346
76745104.96156225,0.018237323516778075,78.5166250437798
133997768.55552892,0.04546158877887954,58.565020017033454
100660659.13066034,0.03194895640255691,132.83839438470412
354020074.5518618,0.035929333900433603,127.67276241182819
273080630.6683421,0.02490168734148404,133.72320267732766
124999183.03654964,0.03035820869693556,51.51011509616408
60939490.77166889,0.010202936199530428,111.92017812135862
41101144.58273156,0.010317364122759031,119.03807654028122
284246912.4886544,0.07525104916287415,134.5472560542937
87085904.59055161,0.013501779185538217,161.21531930186728
185920172.5460922,0.03628271545246908,90.24793367203235
229641204.6029025,0.036532559951667466,121.51704694459714
29108740.16371006,0.002933548846891146,120.42624049862638
95413138.13120233,0.015939025797049252,85.86198874413523
255844354.4856008,0.09188914179741078,79.72359850176684
90539036.51021782,0.027672879917884727,86.6075605979563
108212714.61937231,0.017195608784094887,70.45404883658294
206306212.0099774,0.0505868925017417,65.26474961247368
368748204.4011731,0.0861239502030575,159.5427668189805
39259880.16279946,0.012215208204540905,75.1072224128541
118820750.33616798,0.03631842724421769,92.60912452627093
80670322.52818476,0.011450674270969529,67.92172350975925
214868520.19505823,0.05218382882595352,51.9522257762453
161663497.25658888,0.031909595621832765,59.0700858431234
190390961.1438886,0.06429979893144148,166.6895775676613
28986847.700095847,0.0069382527778696764,180.2355392160701
205176475.19607055,0.025187101494166194,139.24072694791892
342952230.1587493,0.11959545910686942,136.58052612850636
232661812.68232572,0.03456430258221008,144.6443863099088
46367011.56112287,0.009782941602810673,141.0655417946718
211182436.2726153,0.05037944757766352,104.17103899309286
70673720.0449615,0.0207828277967967,71.31007161975553
85206234.71886872,0.012280471606033096,122.23099803572057
165520589.00585574,0.021410598719597124,75.37949374368583
81361263.426828,0.020321491792611862,123.96093506995211
64764477.00078276,0.017844754718362256,106.17172661211588
176196290.3560432,0.04333590728882683,112.27218571905682
142380144.5645566,0.011918567456461651,177.90816586916625
279290021.922629,0.08573967249621353,81.67631897057466
83691356.6835755,0.02123865481884464,71.369990202257
379864850.93797016,0.09411913996162441,144.2828151040517
119977307.38204494,0.031251659630831666,81.8742459516801
188335933.141995,0.0465144781917818,75.90764659468954
166946603.29146886,0.03798900322460548,72.09453115197749
178278598.9200871,0.057793013731916844,138.86003154731222
299655785.8518602,0.06782518365518023,55.42995679078057
280721622.02994674,0.07905600099802207,83.36809905933075
78351873.22703482,0.008260244671268863,139.0605428880722
203291248.84251928,0.04044932250012586,116.89578918727031
32303352.650058158,0.006115917995645534,71.06810180826548
151530040.77341142,0.035068359594585055,131.90709722305692
208220913.26626247,0.029216816187624874,109.93639245369182
149696365.40088302,0.050217508496234534,127.18684725757679
119044736.58275904,0.020423262943305952,101.42318134641033
301209270.06685734,0.04905056246603091,138.58927796497503
193903564.0572336,0.061026686198353546,71.33489653793546
182169846.78422904,0.04874745426074298,67.56738416035365
237007565.9287937,0.0573958632757646,190.46416487681395
134720550.07059357,0.04428776452405508,135.57597202537463
229311227.62250677,0.07473770795333738,70.36071545327034
59488143.919240266,0.010068546016106909,156.7503789538511
86565532.84006459,0.012552998985700137,162.87940895477007
213684869.27809033,0.05327789105523124,111.85166937679067
233483845.04621562,0.0673212813522695,109.59953868858013
89701751.41249089,0.009185008298415663,54.79077707931482
98538129.30136205,0.029088402937055308,138.36795770265897
87066850.28938258,0.016392798757217643,51.284260579831454
429439043.97530234,0.10934852603963376,141.97607854429947
43008342.80557243,0.0074722885447926525,41.77499506285101
89994999.95833905,0.02102636796433644,74.02486899522654
87960194.76974308,0.01754389544285204,60.998100693574486
262961177.91034728,0.033940830199077704,185.22674375351156
163482282.33874875,0.025541911855157813,91.34677033398437
164398643.30946702,0.02451472313640739,41.110146870397614
242430061.48578167,0.05340654419752181,62.425705225881465
152142873.0879565,0.02766360696120495,130.66095548303363
26185098.169980705,0.0051402579704983575,39.28631136483011
336642552.9248811,0.07357589078978542,157.03481645687074
54771194.81156686,0.005916523382040758,73.98626186309903
184202867.83342886,0.043244338548399305,146.11732204904465
58657856.8653301,0.016310942953159265,151.03122949442007
138205681.38677037,0.03708823023658907,65.10734936631785
286291986.9523246,0.07576821309691742,136.54417666546834
290390920.0949088,0.07315360835064177,135.40058551890831
86477235.75932416,0.017562343698426314,118.03138879913408
106121501.29789805,0.02250383623201582,46.62842975309508
352104429.9846024,0.10405709456379619,102.46370951634243
267618107.34672147,0.05602479096621812,114.01530644823644
210524479.90398523,0.05596407204831078,78.80895483090252
89173690.51106933,0.023328872112975456,83.71339053692272
294798663.4586924,0.0559016093564002,73.41940640870897
236417027.39549494,0.06844532650942156,73.32503808351471
185914407.87857005,0.024450679559744795,157.73663534726913
115536253.9738813,0.02511169854334178,108.48335836755801
203406401.5445021,0.03249298163537472,147.64577691010592
408179868.20413315,0.09556141882100805,121.26163825047645
70370690.97252801,0.02163046542091993,70.59538116012973
136475216.25324303,0.020999749064920227,66.3878866887805
260615268.26824582,0.048415688173052626,67.61849777960646
57668246.09838182,0.011442556325833818,109.17001800945022
240897474.68460628,0.07047469621823256,147.49857394245004
176961674.53417692,0.05035389400173294,84.22135869528391
151149893.9924518,0.028787265007042297,61.73260609987219
343442099.87414366,0.09035820902377427,88.77208725870466
239995036.6291269,0.0505301168872952,117.85893626680011
56107281.885952316,0.017657282784907913,55.06289284719761
150496280.0785099,0.027165433151749133,108.45161232699935
188968629.50322378,0.051404871225542735,86.7207351469851
203500901.52135554,0.0317887465494171,68.64992170895968
291590835.150314,0.0750233120852061,75.44449951381299
393508550.7011615,0.11711767031781176,109.2138203636906
119770029.07434523,0.014402913150955793,72.40387934945367
180214206.46690354,0.04973559514384947,102.11083744130495
210305932.4564311,0.027838113147355424,159.6904892030291
243145516.18675086,0.053219567506429186,101.05419901768569
103902962.35552211,0.025639023500155712,79.3102695448937
295759824.8483083,0.10056436740775353,60.87128595811068
178092218.29131982,0.04198652896356416,175.07334990940552
187481315.7279492,0.043432935476826355,61.66368884884553
109205087.46613914,0.03208582755315723,144.54563012176072
309756018.6074951,0.06457729547856197,106.25338211959142
58482766.44596906,0.013716012389475346,55.52041361395812
149589328.73274547,0.04313314998043555,142.64304518529997
60968333.16962263,0.013639461681978162,71.92744646972497
100432092.50464691,0.030329004585531213,70.75336935150797
130675646.42836002,0.028183880613535935,88.03474418707361
125670056.87635708,0.028516145994953168,161.5266649470357
198118589.57087713,0.03870727310232127,142.42618193198345
128589881.66309077,0.03428935555836891,161.12153964490273
132527314.9613538,0.029568716175007868,130.61563217281068
153748066.15625426,0.043824869093074405,144.80550567213763
181637797.2475553,0.06294513148519175,126.32175805046285
187846609.66885749,0.04968892658774604,146.67385210952352
87497511.53420599,0.010961060249150526,61.58877642549771
199431637.87287533,0.04629855840770867,75.84853509360157
280697645.1444095,0.07405837375678741,112.09683526953972
124686762.45310605,0.03302799833191401,69.71758737840024
164573454.6916595,0.04574954151578961,146.628138217181
162426145.22536987,0.025121451599340136,102.05730776905126
107287298.67313966,0.021728557244944307,152.61995857382806
162896854.62678766,0.03465344201407959,121.88127972747947
191742240.88581812,0.053567426401712644,168.91625811621861
348016811.47959554,0.08707317017041202,37.07567351603899
168181646.00570074,0.0426068529057914,162.94047795162874
379958778.46421,0.12549147399605595,176.69749423200847
105040913.95357716,0.030074236554273104,171.37202966762302
153737026.94729596,0.03663651243263407,73.68176306305388
186480840.84597325,0.039163347208305874,148.0373729950096
177766288.50153583,0.03164261445499538,156.27120137188578
142695219.22432595,0.03813745417483261,59.70347062450436
198601748.06528568,0.0384408684530649,155.525298467686
175646819.0600505,0.037346920284463105,151.20243703774224
110530317.82857,0.014010759372850474,161.97654888068115
173467387.75599515,0.04122788123513193,142.86763787371467
203282701.65111613,0.05659738406467942,143.35171150613758
196485153.29230964,0.056935270401625854,167.59781034003458
77381877.1349269,0.013933842665958401,79.34778171513524
354715682.1729454,0.10655944675853071,159.74442612257238
333470208.04743946,0.07995471805910291,172.38593632059127
187032578.24771157,0.036856729993541996,58.4613648021743
320978003.40584767,0.10519939554714236,50.45939215186353
65647833.608252764,0.014606452500784597,132.65108628129306
112525033.5944554,0.025302299171358688,82.17265169895012
380373168.3431137,0.11272084356453074,69.97663977061448
331366631.37660015,0.0826548480105392,163.15592325301017
186148814.29652786,0.04295790245583001,76.96387392248117
253218025.22471178,0.05816793096216233,163.11670077295858
149320633.1309599,0.028312610348528416,66.067281467963
69742620.556766,0.01407412119723264,145.82589353861792
400927638.0796086,0.12448642916895496,148.56826194452796
142419233.41569093,0.03930017318691253,63.78527435203581
68953145.00194037,0.015237106926746468,66.17982257870455
545720859.546739,0.1495300788731303,130.64258138842186
159371391.82171437,0.04904881711708935,132.09556973627485
39831732.50093735,0.004438526698720693,75.95556994950712
117394325.9010618,0.033051305541770624,65.40629739390033
199877807.23590958,0.03277457979503252,114.85647763966698
154367090.76181388,0.022136869104444533,154.58525246391133
270613595.1061379,0.09690672378013276,98.43670751774575
102730706.25582378,0.024103137847950824,79.57537756035511
373345335.58142066,0.07987017054984334,67.86588043614377
112960175.29353273,0.02354898799005308,64.48920686154074
365993498.4997875,0.116190728070051,61.272754363836704
34162197.361342974,0.005416944314817039,27.890910827597136
240260977.9630745,0.08417400965010596,58.23948444987381
102810815.66854842,0.02192196072092182,49.85300577980563
177046792.57046068,0.06012482347903242,62.32942558902306
120217763.89811404,0.021466422292853088,99.61656103557463
294760893.31264955,0.07045139327483903,81.66846014687064
92322335.51991102,0.011801657765182338,95.2146774603763
293798921.073326,0.07889498588129515,64.07538147042152
297206075.3062284,0.07531524945054839,118.09573333402933
128400275.23991057,0.01977513215871511,159.7233108299155
158601603.41104153,0.047935320077168136,69.94335806850461
350847983.80114,0.08046387495774814,99.99222780523705
58371690.44463807,0.012187570655669205,107.03651257661255
249894345.87668622,0.05826518657924256,127.50731032661301
316823317.3735943,0.08177442878224413,142.74595161606618
178927750.84799647,0.043951675707552276,154.4916415371874
232571670.60933548,0.0631588192074783,140.2084283495534
134352096.19705534,0.024838603323841472,151.52860702518097
94646155.13358462,0.02633866684957601,78.23272527582414
306732663.7741482,0.07211573970690235,121.85233157380559
169795548.8334176,0.05870040655746404,160.3307046289143
142530372.09294832,0.04931084601243466,88.6004136301204
86916398.30320412,0.019223783337901694,46.719757580210995
305740576.4072851,0.08169147173416977,121.97330562337154
176089803.6126371,0.04036462783811414,89.54814419723667
171292933.80115646,0.05033495725746246,67.8413402005019
392597850.072859,0.13574431984659843,89.71946450103236
209967413.24679974,0.07006996214050377,86.46721553926396
50101572.8178366,0.004873258311685893,134.80332195668407
42402886.25356385,0.007271252351474096,78.84091645796175
308443577.37297535,0.06718747918707717,113.18060144753896
116818081.40789506,0.017132542266732623,131.71299625653745
214050658.42503005,0.036387419906354655,42.97356370787051
205855319.02305835,0.026504665830194504,142.03216623893448
32182122.087511517,0.009098540448029598,81.8016059606564
90841402.53832203,0.010577937179777981,172.72502277586534
239674915.9207521,0.03462776459118736,77.78215861840711
197480369.5842713,0.054415991718994444,53.32546109216637
77503826.85892421,0.016378353060731536,155.00366488800765
79555506.82358888,0.011886653783145122,136.71865239374213
117588931.46578981,0.008203804800353461,75.33064135063788
148998460.21831185,0.051051577173271495,66.54108464887835
157800733.08217385,0.05157734203761704,79.75872178654372
145824195.50680822,0.02836390497626395,85.6476288561926
177117365.2234225,0.05947666655077792,147.81660813048975
94286417.50443265,0.018465424631886357,88.2243565073043
246003663.45874792,0.05954398778139871,152.6747660954628
209112000.66989392,0.04533173362707693,63.75918888984648
73409894.84736252,0.020908793421089315,171.6878463083307
208136251.3169674,0.03985881570672466,136.6690878941811
146515405.20871022,0.046180497907438715,155.6396355901124
172778909.73867843,0.041827944426514774,132.1117373262171
293657320.9655776,0.045557427235736886,130.42760948329462
90736363.98062247,0.018542603247379514,135.86806039807436
129777182.09420215,0.015469054732341643,67.94307774241861
158167421.4111608,0.03857338646791179,159.55593340562982
62098535.20846793,0.013836169468930428,87.81331063164234
200556458.2144047,0.029628520759003928,171.50392625220033
48645509.18461059,0.01017170269446065,81.84859622086141
73609287.14845273,0.015665468891400584,145.73084444223213
211101770.62119907,0.028496115434719218,88.46447365734498
98998887.5646119,0.026887038618754876,149.83795346955807
199949452.5348598,0.04260735789401349,152.81029470657916
120011314.8466186,0.03999073883305789,29.25077745225901
101533929.97117242,0.019477779937595106,114.99259240360438
211102254.91814893,0.06049878502487405,74.58727622300593
121237071.61534707,0.036403856575866776,152.3441374051717
241488051.87580693,0.06285937215443486,124.61068855176576
75180360.41978404,0.005366363977893168,63.21051831092981
215779165.73559844,0.06129060675432231,160.52482480287512
157530264.27159086,0.04368659705604434,157.97953028740034
171451296.65708193,0.03889302306552317,82.51278902878744
201272714.02856123,0.04220487558656712,70.37380734495433
110963469.32580653,0.035020725499770165,181.1321041077643
148611202.6360794,0.04543149882349555,138.14236831218568
153772683.08141366,0.0351662538754831,57.39715633711693
393236963.31356233,0.10997132747396261,56.64313617680293
228889561.52066624,0.04862302657140103,167.9380397099426
128718595.51409528,0.029126111568954744,64.85373138971366
112405303.9282895,0.029050556469962498,80.14257201505484
221137701.2626779,0.0456180037022773,86.58727397412387
205470244.86788872,0.04667518867775918,95.17734137110948
205287524.7710118,0.05612143605756261,95.9400711754105
156583344.52434826,0.02564613837241791,55.887877624647686
195011983.08647427,0.04056659643440952,56.76476202022421
180594049.80295682,0.013103579868521885,183.97666808135375
113519253.72813895,0.029661375194681795,128.3914818741249
294278834.681654,0.06595080099316201,76.59388521743487
78680739.82586506,0.012496431708298962,112.39904673815502
116447307.07581767,0.02053428583360866,106.36681272238751
167831227.25204408,0.023094314631383072,164.58836412376712
527886716.0838574,0.15653472052947487,157.55507297828063
78683461.88789184,0.014650169184501245,103.47558252667666
21877734.537607875,0.004068512089051463,105.34641430599125
123309398.94623,0.0334194629640915,151.81528877891193
319869690.8001591,0.08313386909732173,68.23142356781969
200698844.83945215,0.027433521251942226,155.9396877347629
254822126.82297862,0.08662532711193259,67.48900089306895
100561430.76626992,0.03130148665936401,116.9699722021543
187235716.67588043,0.044618221023204147,166.78740544279097
400542606.36280733,0.14469483356919238,78.10761667171376
87722727.30861016,0.020005382634679658,97.33894714467785
411468144.1874923,0.1271266687081455,145.20975456522578
225209781.1134852,0.04540778300654235,89.9340529368389
245630634.00778311,0.06634917797649144,64.30850567119825
90832434.70914921,0.021393788221939873,37.86171515287867
251308262.7449317,0.07463967271269896,152.77180953768078
187792716.53244576,0.03932891773067014,76.99627322200232
141900385.4549821,0.028068946859872306,103.01220690734158
159425116.04150262,0.029932326724702835,125.156524718967
162691839.5878392,0.051161244293287673,63.407415838444734
108434781.43971866,0.021294160032564877,81.10445116311861
378640294.49581754,0.09968870308495967,150.84563546333874
149177002.82334584,0.04044059032389963,57.240474460800534
148592436.052516,0.0458459682043676,61.098531350083
139759547.51668063,0.04638409891127937,59.159772578135865
206388047.42767215,0.02524553225082586,84.92096140127866
72931186.4064224,0.017854055469028816,64.88919638261653
54690769.93415311,0.014596090328452745,54.773428286916705
122598238.51768982,0.01970558876254321,131.17534608540495
68970772.97897883,0.01819599545842615,47.59426374460662
554250576.6691679,0.13790719756126474,157.8979702996332
137329347.74491787,0.04523984167530277,116.35307022130661
328967940.3401342,0.08710806914292464,57.12721642482195
79459078.77794558,0.025714655178627702,136.46967409770846
160140105.2164436,0.016156899966525348,77.3976554385999
150257931.55164135,0.041101449244827254,42.86533715570556
166417989.93845922,0.029619000816479002,170.85410812222918
73345450.94275275,0.01312658166832024,127.31203170909681
124303572.39972055,0.028698419433124067,159.46425730645666
169641446.7690287,0.04914191566319603,147.9058815815684
129426887.6674744,0.0260387339229131,108.14955433575952
256417572.22479725,0.07654519506162298,69.4519543853152
205903659.3701748,0.04686188686313292,62.4544856803671
91459988.40079999,0.01626062974852047,59.34980714077851
145283184.18355986,0.01402963555760055,59.45546233639735
139838592.8861304,0.0372396443507069,70.12628318088274
139276347.357499,0.033091682213781407,148.09781442728936
307117573.0559041,0.09106157440811921,76.35082318428782
136217091.4514262,0.01765272293883153,88.7858239216201
149559588.2461826,0.03887244087898159,139.85818896437982
124200533.69765359,0.024085309398992734,108.96750390745704
105622521.39934956,0.027480650622435047,144.0149938324794
138386046.78539473,0.03895741753135153,72.86179038169257
180298139.70128772,0.053975255506356914,45.17851676261101
123435927.07088807,0.023073219117665807,65.66390058983566
62652682.14145695,0.012354399215328908,141.04940273555823
103187081.81227726,0.019817631523153086,169.0789782353602
129737096.06624791,0.03721042771678483,69.154795447664
42566305.02602559,0.010712906716365033,75.12844932192593
593364336.8082844,0.19338688054981412,155.04579477312612
381328259.94344765,0.10452624469565289,142.6334067445394
24007419.144191265,0.003523105852351437,54.64877354177016
133586789.53372398,0.018980934498486986,139.82808928645974
334610788.6745436,0.09310655552515978,83.88784899263747
132609903.47578852,0.020721985699485013,65.93452345093775
132583987.03435344,0.04353819601761487,73.391333295393
258459914.45298705,0.08659101711181406,37.43890869796466
151124432.30827475,0.04633612298624665,161.37029981706573
218504726.72499326,0.022560559166842235,150.99259315947086
82187670.18631926,0.014719306924424197,104.05170910807098
245569858.57603824,0.04811417923686179,162.90095164994636
265921631.46484542,0.05898352238846274,136.09918272017717
139639406.16843072,0.04772269474927966,109.50207115440126
174561273.96764994,0.038695347445896554,58.91019871105326
144874613.49781007,0.032765146358129014,94.20541387857419
72398110.57323003,0.010816193820938277,52.85815792861585
72885057.1342525,0.019767097338045863,132.65913692591602
110357912.18291575,0.023033778933193246,93.02794174875719
47062970.73414808,0.00806311136059942,55.98708584628226
214486184.55003724,0.06423512291941227,51.081254856785016
75843420.73435207,0.02062896887032406,69.97689346134628
113956213.01693283,0.033522183890647955,48.72681346771103
231950607.72418508,0.06744429502982974,78.91367256697745
77614005.12638745,0.020282219568977373,62.77323181674744
126640451.26116067,0.02882908133029533,60.00366764592102
90297724.90840189,0.021584410985124477,92.1107462824631
90308157.68778643,0.010333171739607011,141.3496313885982
51735949.06585706,0.015587648804273053,143.99030844502224
270857439.6944735,0.06529649149271885,114.76719833074536
141830486.18597454,0.036973009404435056,141.73305825158127
132647347.325616,0.018464910132509508,125.12427923794294
179643058.82418054,0.03652716989522772,53.05480198058095
110129625.2956546,0.019334276471000757,52.3080239440109
105375549.5616692,0.020635806186107997,164.0412287045713
75717909.06996837,0.00948263136409282,67.93380677723825
159271800.31898528,0.034547682684805896,76.87623419436608
186101686.2939844,0.053077112968247506,157.66365384929398
98086218.81481239,0.012307021031798955,65.91006611592799
85834973.13320127,0.027452592167272742,67.38548020810455
111741817.01762229,0.02396848000620718,72.05556004194747
212607802.95189607,0.054133957923008826,64.94050023070297
131332656.27927029,0.04181844575692393,43.563585080859966
177017586.00561026,0.0514465494084236,74.6702054851005
224980417.59218606,0.07085458872608606,114.92496482222515
263892137.78503308,0.0699542501478306,111.12786862012275
225128856.68976596,0.063993586315077,87.4454994263277
281967856.7300782,0.054256989524607745,146.30787202649088
115024034.71235436,0.028425369083821025,42.28316442329936
172219301.0340227,0.03376021802156535,139.4541494372629
365977167.07675326,0.0849956473917864,151.09217767828414
288951384.6273416,0.07120892127171576,137.9095455381605
230118476.2254354,0.04488385880109298,167.77955920512952
121315699.38316421,0.024237197049113604,154.30716459073346
198394056.32885277,0.05856614791132219,134.44246817524848
329067331.54937255,0.09791601863602473,67.65319369407212
124187618.3296535,0.02271932138513766,137.89660284359093
312430174.32685626,0.0642983291259983,152.4569617528726
285929436.51541317,0.09009749421697921,139.61506180426306
88862615.56867316,0.015000469826441295,156.7835190758143
56671567.976870924,0.013414874844715227,59.26626828616269
140012945.73957172,0.03849462769937258,154.57633910816023
174090156.62957767,0.050680344055460645,65.16799181839254
233297814.24132156,0.06459165001966606,165.6458922915013
56229978.289661966,0.008975440057232711,143.35373679827643
283652426.0055805,0.07169586379785142,106.02378795899963
157647503.93830556,0.047289821478223054,66.24353830756185
167232334.57966346,0.034369669539842405,171.26023896397348
69245354.83189324,0.013612218431095698,112.1720378947277
183323587.18638572,0.056696381864870145,41.70488802612128
148659632.5966584,0.03419707754017028,88.20027621706315
207963036.55825177,0.03721539898066967,106.33084463794626
158024462.9688614,0.04460510934292924,150.97209892355943
181719484.94565862,0.02450299089910271,107.43225688795802
101641368.10348463,0.014029402611609355,104.82076198523967
68194479.94299546,0.013978030749934848,138.0835124722046
131240299.47032261,0.03351355270597627,68.47342034468885
172659149.43057078,0.04972869961748723,133.56674512350295
135886016.8146001,0.026525651164907404,55.67212762595378
130608753.8605744,0.017915903098197607,78.6737029039923
128867644.48730658,0.02443975090151162,97.76407829412504
159448365.92300576,0.03483446480288012,42.77031894092044
286084321.62797487,0.042826416724134925,134.5739076410894
180485458.3849836,0.03599617669543248,56.493660557040975
81839494.98649845,0.019332094156132528,66.25808271109828
114480692.64933717,0.024310395646414913,86.09618498166864
162995330.28293675,0.04920229464496433,102.61289407213661
156737545.7844817,0.042485728033210615,144.50875932520083
140447717.9623355,0.040750003783806256,125.62827390642865
151318459.74423558,0.020985963046743893,90.71619733569516
91782735.72608608,0.02467127279325185,137.01342727909346
64555664.95381109,0.01790710845647334,60.75882430740551
209818843.5770705,0.07081346646565517,170.49759417246213
141701460.50038412,0.03545027869145494,59.795881370313836
328418730.1734772,0.07571740080946086,91.54813378029063
89975627.42485568,0.024284276683137852,43.22044720440676
243951762.5499337,0.0406478072550424,90.70572307489425
268321415.18921956,0.031006741992169323,82.62768943094107
181423036.34898543,0.03798476992525669,129.54190184890464
126435977.69317318,0.021232502226463123,113.17845363298173
305658616.40247285,0.08140520739360328,132.91166573056748
164235699.08133012,0.051719979620571316,178.44355121616906
271651021.44129825,0.06607753266333292,158.60265337627567
115500950.09954846,0.021433808531421805,75.17186936503506
67571301.65273012,0.011710357617540452,69.42110596318588
108882471.95074141,0.03429409471313521,160.76024761517152
84091485.9886372,0.012322739685173556,137.84858927849194
107005096.34402734,0.015199128509760067,144.96452639475112
343324727.26747847,0.10166891414304159,81.35354043924407
370932475.3094468,0.09274830407467621,135.06899005152343
315497623.7546811,0.0722347906578702,67.4942109063409
241411812.41779423,0.05335361341581319,141.96543912628036
347153190.6950392,0.09033348818965482,41.01451526025145
449550628.0129352,0.12815173280806436,151.61182497045755
173059736.4359982,0.041080499002640686,95.67067734524274
125359531.74127471,0.029706483051833352,79.36917041822085
314129810.07149744,0.09090311211186293,127.65233381563998
159429483.30038685,0.024292340618121824,57.807692247472126
307682896.98213494,0.09262459959420234,63.65945837605316
297639381.5257377,0.09984061586864586,139.46361812734725
85273732.80384538,0.020883696695568953,48.29131758904017
207570195.89531732,0.05204165379441579,171.46930859957396
337939876.40536743,0.10180645752612033,139.54519811494941
88107275.63764016,0.006286039603568286,40.33735787130414
198053522.5333578,0.03978440709238453,75.90896396349483
62509988.5603503,0.01783704149402884,149.38989935953035
69220410.49002968,0.018109001416097677,61.73940361287596
211968996.55122793,0.0613537321740316,124.2993734496714
262332863.7530986,0.06655363057998796,84.686220161827
354627613.81116223,0.09676996032254352,160.32769137965883
222159858.5934596,0.0644887968917182,100.46280824373426
149941526.00006765,0.01551255636736838,127.81317550214082
214550817.25227427,0.04522857099627735,76.78061900507188
300655847.96119624,0.06094801987713115,56.111993066155556
103261742.5743179,0.027546781693546074,44.08168876949539
200315199.25619254,0.06133765493583173,120.12400522090999
199607424.10762557,0.04033274599234116,63.24278019629452
215644641.52124912,0.0742599327365592,96.39804257469767
101017297.00128841,0.021197114718391433,116.67614158823022
40955451.86208297,0.011415999009753815,54.283324360149415
133016391.18932018,0.03090165370137981,127.25238815211972
70481737.72925395,0.01917213336822801,61.29519741853124
130890557.8668732,0.034287169719123975,84.91310198385746
195116104.36524224,0.05067295440080528,88.02226344443964
237323064.89348072,0.06440463541009883,166.55665245229943
130296586.88110106,0.038605264052978545,173.11952191270854
275790439.1532266,0.06873898244657299,119.08802763904711
291491135.6155902,0.05219657709602406,94.98531813106194
221752737.49254084,0.06302049376198941,76.02455367081276
134350092.33081168,0.015255889834221366,49.72562913293813
73605394.74799168,0.017190652069097253,57.64727441504183
160227055.64916652,0.03549063360436301,192.9315588220469
184359288.7643187,0.023833161940873187,170.54943760911235
180924169.08642036,0.04023951628684716,130.5946771088812
84938642.38297649,0.023485590831649403,69.75367586341957
223524844.62066376,0.0705661242796337,81.95689648433273
166748055.13328046,0.037676230643053574,82.7291737206845
205293531.88247508,0.0451346079639794,153.3022626726372
139225348.24303213,0.0292959879725569,78.6358703363524
137097050.75798514,0.03900993162572257,56.19741054764868
189043285.51015592,0.05910747743915108,33.16914836390676
172508291.09360135,0.03677108976123694,41.30449003879247
74902217.81549138,0.018065569562071213,70.5870571306705
387650197.20233893,0.10002340775773345,176.8797718702669
19784624.557859216,0.004338902632997417,152.51252041187928
57856675.440530315,0.015688205368993745,61.38138046924973
205271123.4804145,0.042915756233247705,131.94511086793648
230562314.41683778,0.03963205841313746,143.23277886897066
147610405.07299927,0.02919717193215664,81.7718315791907
131853664.57456256,0.026440375354478955,158.84542247891125
259330091.21589953,0.05073939449618015,127.54865704483721
179754090.1863487,0.041609443186010946,138.74298579773915
92647482.8799538,0.01830983836167899,73.19237561299838
221966083.35506317,0.06394156075611616,87.24300972340153
70584393.0111077,0.014522308316687525,79.17017544159133
124878630.36322396,0.013897259897331723,137.55240279996696
112493779.27177347,0.03448747221799154,113.45914239699533
77642343.38344431,0.014176917790427146,57.17772767599953
119450736.48845403,0.017562657436122203,78.5413249151139
166807461.91966063,0.04415555372813452,59.14713741544062
128314793.83518243,0.013581680627217799,96.90791706041188
126952443.72441405,0.04393858595043127,56.52806894758495
160653502.3494823,0.055555269389044454,131.67255182184127
459796717.80471593,0.10979914747403455,170.7155890415366
118394382.49483712,0.035665249385255525,163.47799906525324
82143353.15215833,0.018631607007419542,142.93777223223128
57155685.39903089,0.00642336133060309,55.6981230188549
207495215.32630587,0.04613182104490248,155.97667525644601
175010790.68544477,0.04607398086314745,153.74312296827605
306236045.27600336,0.08689151901906879,144.60948803099484
126062315.83214575,0.02882579811216265,72.96102548674706
182619830.8108416,0.0529115520648991,86.65161454955593
176327639.5911415,0.01797758938684751,47.247738887794256
99502645.51648597,0.034186431832899815,145.82223520170695
259517680.8312829,0.09138033308399592,39.96793921753368
134572996.0391662,0.03504527052565042,102.52078488429449
121066314.62794569,0.023919934497252108,153.45165872325487
150439828.7855053,0.020314863443722617,137.0210983368732
78191769.60532352,0.013897211213260171,157.7605544136005
222669418.2095771,0.06901253632259167,181.59628929040767
71201794.27971224,0.019698906959013173,87.97278033797387
309414650.71586347,0.10574639660782331,122.2018532643226
135576538.04093897,0.020174735558396988,57.28726848003697
132930947.75261143,0.01639502368650594,120.0237738398336
135615997.10868946,0.03142368722010689,142.26429188066462
270777522.26939154,0.0768610676868523,131.4939170645132
192975006.21990436,0.05035586502228528,117.55968025636652
56745135.73101258,0.008525888035213959,97.58339136277151
88238675.10788555,0.020072710004364832,77.87916483668809
219509618.79661512,0.04872024447403353,149.68250728839314
153770975.20264745,0.030397362599964006,64.99498736658336
199951157.10812485,0.03310553572310479,154.25278610714298
262163431.7181341,0.04657442143911618,83.2892351300411
446657858.9675378,0.0793778114443001,177.73788115100427
136497884.23444337,0.04108233431069139,142.73308307505226
199639853.5713973,0.03813892057369705,143.6099502337679
164167796.5909569,0.049061203229295185,167.1388987750585
159364078.41801473,0.04516787147220178,112.83925510686538
176133812.6894279,0.03838772867969568,89.92804854325054
214572848.0047511,0.033408180128245604,89.69870558922628
188094765.40529388,0.03212666210386677,136.47294605586328
175648820.97949716,0.02693054660567858,149.71682394336824
253097277.87025046,0.06156562975677724,80.24824843681479
115659345.13448387,0.03725953354259251,75.0076825965961
261474120.13152188,0.05856963072424766,60.92600924595686
46110952.53296605,0.013178917837602763,156.0793868369236
165955719.58870545,0.030422836629737493,44.495745976236535
162152705.6866129,0.037829496062233715,132.9297691127414
298592707.9194255,0.09258674490894746,171.60709436872546
289769949.79821366,0.07367043899073832,182.60017300608092
87774322.43363157,0.017991909762567364,125.99467859160185
128858974.57759771,0.028037642716645623,141.54523325537014
91265593.23030065,0.014403824230815451,125.14233565097689
35238231.10731079,0.008513314027992857,89.78114210839327
282064251.3457761,0.08434684414764074,101.65033614936412
147805690.88172457,0.034135493485599695,145.93543294975237
84903008.8913768,0.018897928002051166,81.89426035427427
63396335.21233382,0.021388999750250187,58.60990244181923
115266039.79584455,0.03092875965936701,37.09175180978997
195360419.8915015,0.024608731184991375,115.51206672487854
210837579.38600916,0.049524049082453704,145.27922367926644
288529358.05479074,0.04758686682974988,153.67821836856277
50832748.57368457,0.014644938353362145,57.31370124028678
222940545.4294077,0.029519820103964062,167.84699819605635
289754847.5217204,0.09483203531586755,74.92309242737537
112434398.40753555,0.028006467260279295,87.76098598146864
251158215.31826183,0.05664688018165509,160.42642421532364
169299178.25062448,0.034686648247612584,88.03830867449058
608568003.197995,0.17209980688890086,158.9751947375722
118784509.27945405,0.017933629649205397,123.28293770529078
100545723.07439539,0.017057548756152514,45.31014124377717
264775492.94637248,0.08020103741250861,93.73313773078088
317749004.49726045,0.1071261901598386,58.675903355181624
191420192.46529067,0.054661681356596624,66.98690851063614
36042927.80923175,0.010126269870938434,83.17781066299635
93138514.79303873,0.010362712738593906,180.1511748169948
275074373.77843803,0.03593173449040879,141.27816661991088
85020902.08347568,0.014775100779692801,165.1455207534738
221310768.28665805,0.06407310186943896,136.14204808561982
160901703.11272767,0.04011948153840587,52.610950654651795
57128707.9571544,0.00825216453062931,133.69248477612655
151210403.99113244,0.034409502216072536,43.34285249168819
168823485.75308397,0.03818242353681999,125.13948175480121
201077863.77093673,0.0377156743062232,85.28447543622902
225814653.98063344,0.04564582025763921,178.28392845444753
82464653.82951191,0.017408757093055314,143.17165024209837
189312138.61533496,0.0674958152793803,60.465762567295144
85892861.72078517,0.028170795188939723,62.95266845156765
318200559.64359206,0.09175537631275253,123.68552961728753
170694371.91295025,0.03771853407894046,120.00961340126881
239248104.68819004,0.07034907413237898,91.08865800723963
182175796.05255425,0.02400835773583156,150.3164202043294
287325319.9802179,0.059264733347316134,124.22719923331951
188313039.8716972,0.06166810763825948,141.23659965921578
180659716.1599462,0.04391442298643607,78.68598890270282
94296346.65007533,0.0302632615720823,106.46166652441943
143227074.51522014,0.03213999107675906,138.8054356914414
93698233.58680439,0.016902766719193562,126.4668737908105
47565862.956529714,0.007086594670520649,61.85377883390815
125633711.10002026,0.03648309981657247,80.53459388528132
177996851.16810286,0.03371620627887883,114.05405741031142
177569976.83688402,0.034898076053921125,52.368812701008906
36213783.46860612,0.0042935295471341044,81.42598466697578
33933785.30490108,0.008269806489839052,84.67124311390269
261579275.58506525,0.0690496506457449,58.79446727231274
210974826.3530553,0.04807808072607409,106.62480175465683
176260815.18233556,0.061191214121206844,142.2004681689472
63810605.39279696,0.019525679384737878,158.31845076687085
93983250.50474404,0.01573864321932451,96.94924540176815
232458845.7138721,0.05493267542105725,138.8556566034804
70114178.40319324,0.013659158850376782,90.82174223950712
135534205.04949003,0.02555761560362622,57.230237289508175
193862850.10059363,0.05752771478975491,133.42207332675497
188927878.65965068,0.02187943640543126,63.00659406742986
187113676.35656285,0.037845711366458104,151.99328882156684
118542063.10869038,0.023573115332725287,89.55392608824677
87205148.49348494,0.025345273184509156,154.35668007200445
82465573.84463336,0.015704709058015697,144.5280805706733
64709736.26560369,0.020084342491610892,43.39399492325801
85923745.92682555,0.01581877404207032,156.5242295694758
270275439.66666996,0.044272566371022296,144.6296008239775
175216365.84556863,0.016850970100167072,80.96281066896567
244756444.04245433,0.07276469951707894,125.68775342041727
261190844.96175677,0.07198022267162878,154.01212657969765
84075785.90618873,0.01544585188385706,164.9426429621828
116106956.35356444,0.028078590189990482,148.67808599610095
79095595.51361331,0.016188632921663452,89.29957632578834
117907457.79297452,0.03817275312925602,106.29816593552721
92189908.8173472,0.008642937044300879,163.4662605811338
89333642.8527159,0.018594376034617048,132.2283506463949
98788210.07914451,0.02027484528971963,168.7027737103027
233731169.75181922,0.054595467589160306,56.4242136842065
346627985.61656344,0.09060282548671393,96.87031314685866
82629116.51134518,0.020682424929374114,103.07216366008329
192133179.40416735,0.053004754079317616,122.87447488591613
393384387.9999174,0.11510593340917336,100.53129988917877
40058415.07942033,0.009574010509700422,36.970975783415426
357058082.2444811,0.106191356009418,39.57280222690544
144673950.8007713,0.033587916885812724,158.7941393991416
135078705.98214686,0.02307237616781313,68.82714049740959
218241443.36061138,0.05069487294491591,97.35204023706684
59669326.45418497,0.009312508778871126,106.04569874761461
76301152.85146177,0.02280479831270286,182.92041855601468
154536762.15766189,0.03359179129396896,114.74277002137657
172399316.14009094,0.03430891580148426,84.8996856919569
108760127.25860643,0.027460793895501705,54.214358161531464
150832358.48845437,0.022313093906435065,181.61285372114165
190298826.25972682,0.03777918373772669,111.27430195327445
175082598.16208598,0.0607306150857581,89.95175081968665
136396433.87342557,0.03402163135071277,154.23499200809323
118367579.03563873,0.03567608866317453,149.72509287291265
343001422.1735855,0.09590857972691726,57.84928113903259
135350541.28960937,0.043364149628368404,122.20193202300396
246456799.54119888,0.08555974874229152,67.962061434118
130169200.85905655,0.03107199250336225,178.12347088416735
192351894.0214248,0.03945366422429565,115.53846945812137
140742159.71872932,0.023733606761195212,88.95486215738056
391377311.2313621,0.09014642856783078,161.06835930705995
132019575.3715831,0.03113163097016656,27.15542017683803
101727408.08456324,0.015467083755127224,94.63877700608698
211661113.48222956,0.039323481437495096,123.77665783536844
34626792.306811124,0.009341147869193864,71.92617550210942
208921308.12330407,0.04938362726637559,136.04262258059572
86251616.37050541,0.02808144832150611,71.17299415720599
82647124.46543254,0.009643024326184739,155.03404859069516
137994921.86516765,0.025182378077120128,153.85585369429495
239715496.052051,0.07984119793149054,154.19969692025623
106150135.17568496,0.015339831112584528,170.04691827300948
17859713.481458385,0.0015350542417082878,53.04465035580418
226265708.6430114,0.05142154711459579,69.5062120800103
306684585.6976136,0.0704350584725359,160.5923898337781
133280469.59151168,0.041840272300383355,136.3990461382261
83226908.65977277,0.017230752534999776,64.42999900182973
79664014.579754,0.015141914453629281,61.32514948623369
155656509.500561,0.028427432055229476,41.57753279034644
118397956.6449368,0.02680911304634773,76.17204122577706
195526156.7363744,0.045033340300203846,164.9239957824085
81452569.82872847,0.010946405046184354,143.2433473128701
115809661.06488228,0.01762257442825817,171.6789281822872
91464991.51341599,0.019856370263463822,115.94195054712709
140069058.4473228,0.021389061637281617,138.11706942729424
179488284.8799106,0.04132791666428717,179.86510890479303
147180772.39060137,0.03476733467414818,129.56801702790557
39884049.68450603,0.01055802208753893,75.51721614839882
251908178.95209888,0.04039197454408172,174.74438898223798
175643823.41030222,0.0351852095405955,106.85339339607897
129753598.13725828,0.040757933493642345,85.67810051665309
208301756.99204686,0.05694160010284785,61.40942778660008
97600245.46924764,0.016418892318816256,139.7467333303368
172387378.94764626,0.04855090178827561,74.41280768813414
169411419.21484217,0.03197612326152755,140.2521679565996
233125677.72920966,0.06037395608229932,132.46416005622984
229083084.36149934,0.0794415675884263,62.28525977515407
184301136.39084092,0.048183680238499185,80.56288635828817
100689116.76527917,0.015189638725244719,170.79551954566415
76977632.14660436,0.014127808205873522,30.44590749306704
144509986.55882186,0.03030085636327729,62.72136783644791
393675045.01116824,0.11853865985312038,89.65527844056302
136566643.90236014,0.028547913230033965,143.60357161727268
352590775.4400673,0.10413697831611264,83.90625617106461
227331173.4517789,0.06273722795399628,167.9829772592653
213479836.33542043,0.06447067303382754,80.99979630455543
130795663.02991956,0.031699484637247706,137.16420308244642
299479943.13123465,0.09852256478396704,172.31414081918336
133188844.02840903,0.043922456074276015,95.08670149147112
44426091.42591959,0.009349265015235857,146.8302752045671
110030648.12497361,0.02412283770218724,77.05154036686314
85018871.22468856,0.011988733825571299,157.90341409364498
449051602.9164859,0.12586174421725727,127.83224839653919
121815827.80727334,0.024388342596317617,141.00664125123046
181415079.79973793,0.05147509837609077,104.05577723183684
158742185.95342857,0.04268890702663537,73.20725611461766
132720701.7850151,0.045669889616115664,62.105463134245205
296184705.4125937,0.05275332381766834,87.7201371939089
233170208.66911793,0.05675162674391138,133.51887255024212
218180870.44925123,0.06006862347781534,61.67408052628194
50125038.82706087,0.01570692211705266,106.56912425963166
62276746.83049561,0.005262114709911551,95.38644672573832
104165066.786841,0.019962289263375947,76.28595016616431
247288255.9175996,0.07276921258327664,67.58492733513553
59173820.77905677,0.01592799840179524,62.90705856106055
165019672.47167942,0.04416410432646244,139.24091963028636
185716272.49273592,0.04856108781965249,151.05284214644175
96215379.33551413,0.015446154833888474,142.94640061560648
157961256.96578297,0.04348969945472724,64.36499078430661
159868791.76465484,0.050731020733183245,130.0846673714156
226259809.85637373,0.054657315089137876,129.63298523048553
55627385.26747809,0.012037553330199005,120.2060030103255
69804238.34429666,0.02266876058739134,113.67088499004177
117526227.2606703,0.014921569529911277,77.4691326613711
286600400.0071728,0.09600842497177738,72.54337227380974
68939677.0870863,0.005131320250022934,93.69708819442506
269134747.5279529,0.061435793493524675,68.17979518679213
102176957.87773946,0.03443071691135741,164.52645584161053
71047023.29142451,0.008281306494207616,92.74917784020813
153894972.54799655,0.03969965776703891,63.585682541285614
108912056.38780698,0.01664409586754086,59.43433590564122
319330143.0453256,0.10995886339022186,79.37047628713077
22274061.49294822,0.003261161603852089,68.55890017739274
533647687.38067746,0.18026044908380331,60.85852186392561
88744903.00703913,0.022504472244511402,150.53611656354278
172497205.16638857,0.05064390272513121,112.84862862574833
326706483.75139755,0.08157944155351177,72.88132262869398
197711842.06643608,0.061331037339168164,126.32766425723298
39598632.0141481,0.004687473328449362,132.60132469112696
140645811.31423986,0.03644251100743707,66.79152489087296
387057089.4407961,0.11552205971911055,64.69770700539567
183658257.74859416,0.041374988937143226,66.66288346783709
268805213.45869374,0.07393247746989728,41.08455259912984
192572328.05633032,0.04451117763178498,129.0226108270833
162389556.50022343,0.013598117326644826,118.66198455924659
256929169.0206448,0.07321765949207996,79.9857337597724
412404841.0844244,0.10154014913193105,116.11195143022702
149029665.65849227,0.04921227303734546,159.00094828945322
178125382.26023585,0.052557299008653816,94.9235722826856
109574794.1583732,0.02268741288457793,66.63028801723416
79335490.40723155,0.009617412449665259,70.9878949286194
132192824.88188767,0.02521336949638705,62.185290278967194
456528372.8942814,0.11754628419373948,176.74052409945605
180566675.6821052,0.0620150932530752,80.46833389095484
253889011.09904468,0.05881614992904459,125.0752787644678
122142167.00506902,0.03592327404011279,141.55566865360092
129787494.30462125,0.03997493603793827,185.95126295017462
236461502.72256422,0.05219302302145971,90.28443283496209
158847112.2185488,0.04164142933848371,146.7997947462005
158530171.25802022,0.03397495235068487,162.13377220818364
233594261.43474567,0.03871649357243012,111.02415643579128
194287744.17182362,0.04632742373704735,69.92823001988457
45663841.48214583,0.014799418019021902,109.74694116276689
254536954.8271237,0.0660426441385173,97.57686818777546
95384388.08427392,0.03184707345238204,60.24226622513632
519169597.42465776,0.138145520408235,91.84719542260076
233811844.07931125,0.0643925444479088,48.06653667508182
205404689.22864658,0.036496505975590274,73.55403366501979
153738370.3552413,0.018541719813362577,141.9882312416764
111865814.64674132,0.03281941049461237,151.45314299553743
71902491.2974893,0.015909994240719108,66.1727429041334
116007875.47603054,0.03367593521131607,156.6366844665562
206388506.56113213,0.028955670487900532,131.17305467151056
200150818.76239628,0.04231132863335617,84.76106122720186
139759287.67477497,0.03176105825677939,125.63194117516903
167142517.01702178,0.05397777451440537,44.28040762768582
123514653.1686976,0.031777658100706874,146.0512245192693
232534328.37665397,0.07325836751287099,77.64963672411669
106745460.15046608,0.023414215441456426,52.17895675819633
207588283.00673306,0.056793363166371846,107.33198344623786
117368239.09061469,0.02462843885700917,156.695605977609
117697968.15886402,0.022234510998023947,172.750753918849
140516868.6659565,0.048518101031169,127.54197663034276
114766809.51955938,0.02954101417818722,120.5640214002349
87254193.66378638,0.01720624237788515,96.39336925208853
183593760.60938436,0.04721305838997214,134.7922593899167
138660971.59781304,0.023646183840763637,160.82868895730476
58000156.06074805,0.017610385612769924,129.81348768013876
340805940.1377399,0.07583092748407468,99.52779671828918
372416106.00212806,0.1319833487744261,92.6171282119475
180537649.71463594,0.0475251929992578,61.03778647547991
141383927.12412983,0.030843802720114544,95.32699306776436
123330300.84325403,0.02167127248925722,63.40313644674371
136281416.83672047,0.02249195740728189,159.15832046614815
148497023.73156133,0.045992537331454024,196.87436502424902
125898855.34500991,0.03979005614134904,56.518486579961106
269081181.9525581,0.05916035612947514,173.92867147503705
129797483.14181362,0.01943076807132908,47.663602512183324
225462998.79444832,0.0713502527094569,71.86872158776319
392790264.8388427,0.06354377463715073,73.93863106350298
215471230.44586378,0.03909852314859593,98.77234638821928
143166064.71115875,0.02175837997023731,86.51415826781333
351769714.08835584,0.07244301832623312,169.07113439058477
149722292.5716381,0.01906363798763532,78.37134185046267
77263449.8649367,0.009218308752689712,144.67312705779892
134624064.5809785,0.030688712983751115,118.02569587586078
17910460.691714905,0.0014038168026543666,43.25955613674859
308999418.5479723,0.06012081754418575,86.46017193827741
125922793.3764205,0.025428036496606396,157.7177349582029
195716614.97811055,0.0566812153382945,67.03574807722939
22106127.718784373,0.006667543390061058,82.20893541552336
75819806.38798249,0.019487832484855028,167.21989002118298
143744429.6184903,0.013466540475848228,168.1297124755248
121511706.0362206,0.023443003152640893,132.07213808677375
45320122.36461225,0.008884114353089985,60.375634039940635
175762088.48171347,0.037035364860399086,115.94269499616391
133517729.03143612,0.01453448954362631,77.88666330878995
161676128.0520681,0.033675567686426676,141.5252621239281
131055864.65333742,0.019881136423664954,88.05184454807755
233992968.22659618,0.04339215193757265,147.28668830973658
112393098.99906215,0.02824903190220502,107.46084362880426
317424201.0529241,0.09855591049093491,69.8630865427168
40306273.17247923,0.010263764338622385,67.8381875642418
209511923.94574863,0.06285116058121354,58.638395208763455
195730179.73168796,0.05066234569936825,98.15744894094598
213912310.07264286,0.05257811627590316,74.25937246743516
136105292.11778855,0.03470305460581942,87.9425124451189
226926202.7169237,0.042845335036239954,124.87542337870585
94636322.48911288,0.031012259914400896,57.72219069126811
255847600.96058953,0.05215527663203652,131.6754581682632
214441781.875924,0.06935616250627553,143.78101961700474
147783800.75759536,0.03729028099258766,83.09163548123831
266256314.70236927,0.03646652842365647,142.0476562699563
207093351.4541285,0.043113748141984244,173.76376050370817
35909167.67162623,0.011181519591906507,62.152272601608345
21944022.222192243,0.0009640361044769305,144.49308065676107
194905326.3815497,0.02439389657720468,149.85924318578085
192472610.9793079,0.04445265392560664,143.08764536755533
126903907.33430412,0.03280437921853246,70.31745648588361
150988050.52646157,0.031693866687865016,59.67265097978859
194078471.16388553,0.04556293108004785,151.83991705391895
306800197.8283702,0.087494181619963,69.48334329214613
100170668.16281834,0.022321487037615113,119.87260234375866
89720628.69785163,0.011729646384014787,69.61153404807403
140074915.8528508,0.030968164484416368,80.56991842793096
157841666.97077715,0.030389317804483156,68.97813717708573
208796689.7494818,0.0522841243358748,101.3081395320108
116155642.48990029,0.027290617656740804,66.88974780126058
173013177.42457798,0.023814215256625533,165.10273781805466
165539666.29521766,0.0435373991800581,90.61860976890128
148690621.12265158,0.039781392209210654,154.94494797671663
248301701.45734698,0.07137897330096375,150.6616341322037
72258290.40457806,0.016806212485482867,164.05036800200995
204774303.05254692,0.04261259231612423,165.27184665023248
382744649.26628935,0.11468737536983115,49.96632094023525
155860710.3979689,0.03311568146719159,57.0613439261655
104331533.32087494,0.018491558721961888,149.13423816260828
76454540.47592208,0.024960229346430295,57.08050381809979
222260150.23437852,0.04373813023902615,148.52227532702014
33331351.83657349,0.005057079901647563,158.82044913128658
43731965.932709716,0.00776923149620957,62.46675934502696
232983637.95137054,0.04491551593039756,166.9491917965236
103455380.19013642,0.03277099338974558,53.52379429444299
256212548.8798604,0.08195162810638133,79.39568003718888
160008811.76190078,0.031042364990334432,84.7135369585387
102037727.87183928,0.023913533466184037,74.80558690240031
81072188.58064428,0.016967491505916046,97.52705164392906
320083010.8378886,0.05421358353909529,158.61172744850012
176728885.75451148,0.05341586239977622,94.7747583956078
279074628.64083195,0.07483941763558513,143.38164668132822
118750633.11873436,0.01433159495872326,137.48449153244326
100590028.06958322,0.01735993382697062,54.447328418185464
122562178.68327014,0.035203982388123244,55.803280834979105
110822047.69093202,0.03470012793932337,113.88760096929872
447457931.25435513,0.13602721487867703,68.80893603747867
444500816.51831055,0.10307405860505772,184.97610571706267
347619613.26303726,0.09772760875441387,125.07654265454633
105100664.81209931,0.012369497595152039,164.38142377342274
189805758.3929381,0.055519072976310285,68.53359698218298
157236507.19196773,0.021286219964454154,153.81011256155637
208106185.54264402,0.048743636286621844,128.03682010423566
200586470.73835528,0.028429549196211608,146.2501600682781
104257949.29924022,0.03429553587556662,158.13336438920334
100839697.52891313,0.028831137485121516,71.9729293314389
180881915.41466874,0.04456914228956067,147.72986984935164
122661543.66176857,0.016558582192219163,164.23378978490365
111236028.80769007,0.0265784090197919,56.924134077742984
74876004.31935641,0.014050386731705253,162.77281788147346
63760044.5346539,0.01737502986626963,70.30509827990059
85576888.89928259,0.008173705770155373,102.3134380913054
88743294.61995316,0.021549572594055388,59.056836325303344
139211284.77242315,0.019098096598865227,68.40912689975006
128862533.5718233,0.038844382703382606,138.41921692448616
195656781.86849934,0.037768585786497166,155.48980638979316
203448792.32963985,0.03642926347703186,142.08497123681576
50526677.201158546,0.01585982405477683,81.6593562798333
101511905.71615884,0.023805530989514625,57.356123388473165
360523660.49133676,0.08958514896455291,63.76259705639081
289772642.90104187,0.07266324116413267,78.31732522490961
238082731.57415637,0.0463455829163481,144.98453542198877
63555600.90113508,0.019472834059865222,81.12684625547588
238428220.4310271,0.05726900498579381,136.9609008465323
258875229.2081682,0.07684592619111319,147.8203233441459
275571451.9780999,0.08788914145273923,79.35963869656135
106720821.26781163,0.02176177500372924,135.92954512679572
204979886.28213203,0.050616820711127504,82.49589270453502
417808265.68364817,0.14171537322150313,132.4266932393458
183249495.82513985,0.0416077724962982,137.2659397922265
49297869.91776697,0.008403743210046777,44.50244507876582
183578603.9199018,0.046910437754126774,56.665788020182475
248129918.283714,0.04992320439385011,187.1040798602641
51619496.80560386,0.016903253674880766,70.63326784112519
200082508.37510175,0.06570818403713674,90.53053014529374
118649316.7837865,0.020628756016103745,62.52158126469971
36009034.27623339,0.005099244601642186,158.50411219249426
109290339.30661239,0.028786903984856567,73.37237068606419
64701265.8719751,0.01804768000631411,60.07620239094549
130924498.3910706,0.02859221465543578,69.28274733096879
188673298.15495616,0.03748372341210351,145.35016400833777
181654599.8058913,0.06448875505589453,94.63744098980484
139554002.74862128,0.03869886014041224,85.07099354635895
83162934.06528085,0.025769402248103587,64.51284356012413
179835903.17093134,0.06223584962996262,143.2138557152445
215761673.02674794,0.04756876796946316,79.39959016965406
105307696.07057327,0.035086738570421015,89.93968780910771
104305826.44405018,0.022042765375958458,170.54897133998736
111670380.05114928,0.03132365326465822,68.75159881610769
365733747.34491247,0.08100508083995735,166.5845639262277
159113768.0312629,0.04531107301284866,136.08106322204725
52910804.583457515,0.015703183901070658,104.42196812274659
175009066.15841284,0.048570861293620905,58.41167298395295
224385929.0475201,0.07279962624852615,111.19516571147624
335824062.06370044,0.07813109526669097,138.58398954571436
392998331.8357167,0.13389327840146192,144.5521559393245
94134895.43970913,0.013013077977612883,66.49373169406064
74790027.76791918,0.012030367968549966,115.25963875594798
240782446.39080447,0.05019276027217875,103.9414728278359
141504865.00447527,0.030454415935129816,152.02661236991688
198172799.39897957,0.05980860336703196,57.43190791919963
110366885.72064963,0.02036065776200392,155.65652238101873
159163861.59513628,0.04123751873217535,90.34199317827
97121717.28385878,0.02772817112023038,89.7919493088734
135808114.21955428,0.03478929077071065,109.87537085219122
99522831.84422532,0.02027169278639327,163.76459816950666
100511575.22767715,0.019578600449867457,155.81499093285436
73367432.76543006,0.011348212895846544,138.7333933693408
122000136.20652932,0.022672144055557904,118.99257987876308
138347498.8206336,0.04327231365972433,157.72203088192484
135378124.34447068,0.042968298054391806,42.26367585728173
390800254.13008,0.11061724763565035,131.90826817440404
130799675.21133971,0.03808798841680699,150.75210266982066
191226889.62535277,0.04711616601419421,132.9574897467495
222264336.75414518,0.0392530215073513,139.83688489305638
309183668.0448808,0.09731870530492136,70.09869821249309
59563278.37501496,0.012968590983513495,56.09688989410769
377342622.51048565,0.11117326718814106,138.7208910285036
98537674.59528016,0.01118182059551435,147.59615373663812
258156986.6431455,0.08993370688410282,177.15533318711692
122027141.12333837,0.017940649754061965,96.82891631904609
142510040.9510892,0.03766109583231716,129.4986063959528
118626987.90780148,0.023360428463321817,85.64037672229074
119094777.22367595,0.038566341459872124,119.37252971623926
128608169.21225312,0.02514811988540039,166.3091635737576
159596639.8767876,0.01968146517315957,92.49915134788154
119004896.36038895,0.03863235637762293,98.90148096675394
406253242.95905054,0.12709175519880866,71.32172180465068
264240933.814487,0.08384619869999736,67.58580801556035
163025746.3004961,0.04710353874995538,77.12955499468744
237891446.396154,0.07774618408128652,128.83780367272493
115306592.80910137,0.033132802044124804,69.35496330474574
98414285.3643287,0.025663948637348607,43.25601245430662
150711987.0615054,0.03787958553924305,143.14335861466995
189815640.70093024,0.026143175248679335,90.26277268598523
221773280.77045867,0.06116049683680604,88.17355088439535
226825112.15026793,0.03182163452822573,175.65989315644103
187332903.24883658,0.05715370050891975,166.20220602571433
227599697.47357345,0.05638673487482438,98.66745222394702
117480463.66344371,0.03678222913959836,132.50606028242964
156138298.63720766,0.04267138234050358,82.82981924052278
113552696.69426243,0.0328551124074214,135.51084475120464
101900487.72680661,0.025524281137137735,141.15012705371527
346946794.008145,0.09483368545727063,147.22625490035585
212401687.93683824,0.020985239118191605,154.08165809342518
129472516.25948656,0.04169611165769768,129.2991201434877
183309456.49836224,0.026750703049110133,129.11854971174938
164392518.08505672,0.025228528134950044,144.0364768446178
116950053.75598073,0.03617606037329666,107.12344373594345
211792366.02231222,0.056495661226267896,80.94097375448425
332782381.5338478,0.08541587051466813,152.94268125990826
472032650.4778729,0.13019950398589963,154.44284224003604
300660692.35895747,0.04886760142105053,151.7813369614335
159746309.28648978,0.0418833914182553,130.15063319967885
202614622.08255953,0.05774428601504169,58.21089505130599
185809560.07938915,0.038302987570994915,100.68382097248498
101445586.09576675,0.018020726264892425,71.79496851491555
30901849.307403907,0.005588863479906026,133.42088309577042
191839101.0611546,0.04340715313384216,68.22470405662509
240831810.95734012,0.05420936541810654,136.2372469148253
768145318.18323,0.21713564964075438,153.05598005008565
155255260.06556582,0.024787921828547783,164.07390134571025
110933619.91870646,0.02287916769550773,145.62759952343563
216442721.1293368,0.06027197737052102,86.64382850242677
109103803.46223177,0.01372221799418034,62.081138414013914
132173855.39745404,0.027339600030945547,81.75709640337709
177644286.77434775,0.057432148109740004,76.57980694195992
129607380.45659655,0.029877677232274448,135.28788245744946
106650686.72965467,0.028743158023715718,90.13643196005216
172426278.07137644,0.03594500436768735,137.89195574782892
70843089.7473739,0.014862789193020847,63.987318748998
132692091.16408928,0.031187336813308545,110.31114077879941
179069132.96903622,0.043056136556042464,153.36933123798
115430289.76041184,0.02161164537013853,140.3477603136313
117856144.81942911,0.021337177995813233,174.01233634995972
139267988.34224963,0.03313753818760312,84.86543793045934
173556574.45689487,0.0354883913862694,63.51575390030559
102686574.04469508,0.023196093522987064,66.33529062452683
352723469.73322237,0.10325862048963645,140.0091069571811
62822049.71672123,0.012191182834767956,142.86341860799712
290697588.64216435,0.09041747446423015,157.43097845455245
313906683.1435517,0.08283654987901913,167.94759585449495
109975966.13245627,0.02488879598165822,113.95725170205765
71696085.85599701,0.015612108811531598,60.836786019532916
222172086.4964797,0.049894018334748304,146.62336230885603
221370384.48578215,0.04820635630542938,97.72749605802217
84902947.5439307,0.015253612146410815,51.89222093031052
183658121.14675072,0.04351167096676288,184.47606332959467
224548664.35934806,0.03066863981291197,125.4708216097081
151687005.9021221,0.01965536306930034,78.84726111413786
610023964.3238393,0.1968550553324947,57.80678293225683
172668977.28289074,0.05889585345111741,66.03726391099326
198352067.78242984,0.053513854609053765,73.68530421767932
190948913.0554042,0.06186257282178287,133.51100868951173
151890515.47487044,0.045150533682882944,63.310573958042056
176416564.51721096,0.04352184192177036,155.00227682653852
255721497.9866493,0.08771783217850623,150.8220333849999
77692156.30819508,0.020343154467163484,69.15841838798387
110010900.47249441,0.027784848557750902,120.55478827525698
132544297.14658411,0.03993209606033508,143.53088373054658
188179327.19234893,0.030499146856922215,74.01045153183333
410627584.94653547,0.13325179637696666,70.3586223995058
532122160.1918529,0.16719314322557613,135.0728559406203
79031194.17989056,0.02266656253789109,143.20424725983904
43352695.31192955,0.012305655458015374,141.3026233105689
190708628.60236573,0.048544617899351904,132.80010762834536
220957967.86859125,0.017235487649460215,115.182021142941
127658853.98632838,0.03810946975499721,83.9626198488791
143698052.4166655,0.031632603643655346,146.7722493685255
110320152.82582961,0.027691441335744707,42.34551141824455
163949342.77114412,0.025293634568598736,51.13102106451689
92479597.50825602,0.012559343402822613,62.61470309886214
201952687.90761015,0.0679080204018901,139.0941871813818
499202380.5635841,0.13868891763038574,169.6931663037593
161370451.45412785,0.02662109232458499,49.93524589545937
45338379.64493522,0.012514736729665396,74.49141590414538
232768447.65865493,0.04971311031757934,68.57944492167017
86671775.61880858,0.01569843774411987,131.92666766175822
232798644.94771922,0.03065282289199973,136.7836465640251
147643416.6926772,0.03702329594374565,168.82476030148177
95472144.96109617,0.010326186140854631,95.9477898547964
95800291.88169724,0.026076647307291666,82.45646584412773
167243471.56791842,0.03410676705462149,52.81457296232154
84207502.64945792,0.02964847422540709,138.0608552690969
167344284.0851334,0.04563384107270453,114.80163314718368
162296047.50374812,0.02924810505867092,117.52917028008372
120485537.91678104,0.03571396026021091,92.53539097605822
184210716.59494096,0.024596430048603995,103.90296360172742
96864037.06169231,0.027546205786446183,80.42685921524993
104101252.93815649,0.031463680835545016,142.16228844967148
70367635.02877599,0.013725903366380385,111.97896562729386
109851646.78705922,0.023784718325035526,140.20326469522735
155723265.40012625,0.05548663477305113,67.61703580227952
135638976.86627895,0.04553869932975745,95.00292942842766
138678131.65512657,0.029003482695349872,83.34778443164402
218948056.56124884,0.06295602561557845,94.11268866102246
83237082.41221958,0.017295821615319066,43.36335486494858
124677522.65328053,0.012346042140546966,94.0948751633152
172195265.5544924,0.040051929698736444,138.5633835285448
212420726.07367647,0.04956468494174808,158.87326031709
120290804.3983817,0.03752716799554744,86.83905908905963
215543536.80738527,0.036070803412541264,128.67508882091514
226994049.1609311,0.03367550086298696,150.5675685818154
194517946.67234805,0.05131049009820248,172.51430894580525
100196428.18419863,0.03354970747637176,135.365803044553
394204315.18890846,0.12235236342289509,78.3316126737056
202257725.1847781,0.0225605253549712,103.23688308558775
266296291.3770367,0.05769244811304775,124.72291241339357
184340195.83486518,0.02388128491902195,153.25340339236814
128550045.12923452,0.01949366705951129,53.925648996317165
100925174.4923206,0.021514636034081946,74.9497146109046
227755522.11725506,0.0631571365818983,157.18367692132784
375923291.1887648,0.09306766501410386,190.3375115746452
162634865.73817965,0.046712776828920555,144.80845353480063
60224356.06705741,0.00981810665595764,104.68241513066033
208057747.8099076,0.038509788356810654,155.73152247647144
110096880.5106344,0.034468990850631265,87.12689889927225
119760229.24308077,0.01695596595345926,134.32514371368856
150236520.4100151,0.0233449459290895,56.20961335586153
180940250.88182324,0.04346111890596742,145.2570209055142
158443450.18583086,0.02283904212006432,56.58070903561645
60401083.67013393,0.014827112197692656,150.45732785240324
209590407.60496348,0.04886407922108747,147.88002472278555
196004207.28128543,0.04044181672148038,71.82522451414519
89391268.09253931,0.02791696513723793,53.532421808517306
284760643.28978366,0.06224795569530301,114.15726468966244
51744163.77896424,0.008979754915767597,109.06437822863839
159151260.91960996,0.05446069472127544,141.0078457811175
96605311.88340026,0.025255360095779323,84.36735896940993
42656977.20015742,0.005033804092077972,102.05139241141313
128060567.81596401,0.043492973261888335,42.34513436443376
235149917.0370735,0.08017797770131986,166.95059672593723
220550234.58982557,0.05919009370554115,162.39576287879726
244937436.99742287,0.05197346455633577,140.94223142906972
330434721.6506942,0.07960563542841598,92.76484517868005
184826019.44791153,0.053082871026795,79.5933331048104
269724134.99556816,0.08354447217620416,49.66807579755003
88047187.4878326,0.026918729310543153,53.27672588666932
259917864.4932805,0.06328242273712104,150.72484157515365
150540107.48947307,0.04348657903743265,141.85504027380134
175279700.0725839,0.03834394367712079,51.28100384854971
246563807.42064527,0.0797393311900629,141.04040334967632
216852976.85545093,0.037203012953495915,138.7222797743479
150201110.16356987,0.016414167111672935,97.79522651897234
128441797.41939268,0.037594842274566206,72.78229461790299
151013558.25125158,0.019617104199650293,87.36462646499545
50895126.50803925,0.005631401964090982,84.24205104001528
92626588.42451346,0.014162852367897629,156.30907990567235
60044908.32456154,0.011611024250203172,164.57597867132506
183021253.10712937,0.037951570097296175,124.78417203552733
107569928.73935828,0.023472906668394206,106.10996952212136
46843456.165452816,0.012431464330047456,53.89712938747384
161580617.0904671,0.029813925989281887,73.51288143161018
54793294.30968267,0.009854240645494164,68.99667104123641
105347130.9301233,0.021959796882818024,121.51640834258355
67849705.56433949,0.015137249982450555,83.18340522500883
93386946.09460117,0.015622100524808023,98.79904242007312
104976733.5897126,0.025250205655346383,54.203788631929136
263487944.7418515,0.08147212474807243,64.20078468978696
133051965.48062387,0.031023143395160983,62.35352418176643
280281006.6368311,0.060874225008553176,163.09826392406052
207564374.3080995,0.039063870941732276,129.66571550256023
224262444.97064948,0.06176065535653585,67.376881013264
206127927.0398125,0.05021166028736934,57.08471757206923
102204531.70679791,0.02314407880394992,120.6926824630242
359340533.8960413,0.08702228934706273,120.71606139422424
396931693.7269569,0.11081549309515021,111.79490444301722
169591373.9063448,0.055318132275320765,132.1812821210128
45730953.99208436,0.013220899481949273,51.1725364280295
166430157.2675383,0.0425600050779543,114.70496717475082
219042245.50244144,0.039639974087522234,175.43088397675535
113269837.99461122,0.031008173174547387,62.981595629960395
112481451.08244415,0.019004837745053692,71.60025032659769
194886898.16657054,0.05239657740419183,112.65983787620966
138956572.88140723,0.03388243182692559,80.81222100010815
191393739.60853294,0.03356377604431412,150.2199803667599
159114793.89414006,0.029194813089498534,149.34664146308847
162220112.94492626,0.028330758530556627,46.32143299000402
52262851.69888204,0.012319956698980988,74.19584015196254
162795301.1834538,0.03600955005403859,97.5998366164035
79798728.11678421,0.020401131783555498,49.600216685109125
286812931.715543,0.0753925795146037,152.09298483583444
133370819.29612334,0.04582967919270531,48.54564053400602
71950796.6505557,0.013471683177075299,67.07272626137559
261613984.9117293,0.04875039952503785,153.67779342652616
178800936.73792076,0.039603673075677394,84.79349170879628
251871843.6621222,0.03674040697978494,134.68171471984894
174248176.66572845,0.04136658746485918,137.1564882969102
241513044.58207312,0.06379024194285063,70.3513485442442
326663506.84565425,0.09388678656713255,65.17753929609209
50668742.023572475,0.011445092895351209,83.4115061457723
128654673.32485574,0.02609518942376502,68.44176441311845
164544751.10096142,0.05014754473138974,138.7109129186649
85082052.91326949,0.027345772149495785,122.82885883721237
269601924.1761755,0.05485032328769119,50.84125820583691
155832402.5729891,0.016318095391418052,90.512577822372
263356201.13488266,0.09260535896954668,126.40060672989058
132831164.85398565,0.03913388931839952,143.6784718791796
228582903.98812857,0.061279060750902704,126.34550562542515
227892583.53002027,0.07808839076698107,56.86700241742687
112306925.83161715,0.03539175974137235,65.37515607481907
135725761.94110388,0.015617770997054541,149.82348000205468
200289121.10847396,0.048542977202729605,160.1122867158959
259647896.08538273,0.06027230694534336,58.01482049771853
121254419.52106449,0.022493801778872495,98.6039573058228
255989443.94592023,0.053493823351567965,144.16475390526267
303868982.1784278,0.05660653113780254,63.24906427341692
163382047.07605612,0.03417045428998246,56.541578956997874
68575941.76011358,0.016908047604317036,50.841902973104915
241048170.82772192,0.08168369858960015,102.26219711018268
250509011.07064968,0.050195406412169075,159.49650547216802
241780001.22298145,0.04799596609403427,135.28616167208156
285100121.22831655,0.06833698228030288,69.07759793030641
403875822.94944143,0.10467450143597291,72.38145033803012
393818895.1916881,0.1186921287948046,186.14511567543167
218275972.60068882,0.04761343907660189,139.53535995925463
46399600.43218567,0.008796785587420594,42.547869428339915
137369060.5931301,0.04442650033274223,90.98987237863318
102211147.24981865,0.014205972099628695,164.28101987299215
295286397.61093366,0.0684370831012536,143.20918480881636
53482638.611192614,0.00916786144288971,64.56845565903194
148920502.8278563,0.016544321033653806,76.72979320004194
95432523.5802596,0.01996329540124571,100.17246788427698
182803259.39438832,0.05518239858961086,47.117643332239545
280787150.33517593,0.08764303907795196,72.88468790498479
115185018.24461123,0.020465925337450827,165.84632124629232
139430591.8343719,0.019462371958818225,105.66060694404418
25967008.642236248,0.005613376901074584,133.12133364631268
113076174.51194419,0.02137827458182085,72.77258643051384
274231297.99989223,0.06741225201804889,48.21783843460921
251302653.85113648,0.07940933281675458,113.6919125625605
229182945.40675887,0.06583028178446837,110.08657984287561
218153026.03343856,0.06661085028238903,55.795641734869456
196608724.18067008,0.06781955250932144,39.48148373092112
250731755.22762144,0.07282157631232969,150.75126856333134
197076853.0955046,0.05734759317511693,148.99564518244682
291465595.2373781,0.07844973868968182,94.05227922767824
180358142.03586066,0.04320450457848583,101.13983032172766
134515709.13746187,0.045134611407604976,54.2389783056673
281014861.4210757,0.05172544107651748,137.06209188761738
165904146.07940006,0.0406748974733746,92.12935922647024
276549527.6173224,0.09593226583839091,112.50363283233048
178852201.90018225,0.0622600115564318,80.94981331336253
54567015.481260434,0.010782797218569897,58.47998043144267
272391224.2873178,0.07934391313165304,75.30453174825274
78106896.78032288,0.01120895695362505,75.49630234491838
207354278.15630224,0.03776084402659959,128.3367983125946
169602987.818152,0.0323071357596293,59.44919898453495
332045125.0723903,0.08364092747911907,143.54636409836323
423207530.211021,0.11360634045174747,143.87931248595896
43965641.232792825,0.012443395293297119,36.123982900064206
141301417.59927577,0.03160023697339381,125.07709536719257
230620020.08231562,0.08259145784587282,64.05766744974198
450050218.3306285,0.1162828226689235,142.26241229899125
238449579.48150536,0.06552955335743033,38.1395346780973
121398691.80536363,0.01951126369347837,176.78160044183517
264979391.89540502,0.07093218396741105,81.00694438359787
211068908.94265047,0.06269163449539626,63.28948865886764
329934151.13042504,0.10216614049247845,108.839071561034
94695344.15184887,0.02293330547005096,138.05812742860846
156840462.8110422,0.019307113354538698,124.49188169177071
166290726.18055964,0.04406691314452494,45.25373345330893
229699175.30735862,0.05523678290348324,98.06171539124185
448667547.8303845,0.1015362259292842,83.55533981018878
156623424.87484497,0.04325969339563293,136.9656447519972
96562511.46504694,0.02858511665441206,140.3431375447944
253671149.38981295,0.05559998266938474,153.25252472413035
20109235.076347273,0.004188943572538759,68.47031818662451
441861818.95544493,0.1047350587599793,119.10054250907474
173934438.6309891,0.03724404689629389,74.32604840356804
94855199.7713854,0.027822160819737707,117.59474689456118
96682814.7649389,0.01651175402301021,179.9260059880208
111048508.79680027,0.016923954969132043,66.1542760950267
181851178.02648196,0.028603443913000067,130.36435002398002
71103848.41755106,0.00986217417843808,144.4538233583222
204411854.39660832,0.04685733387676276,85.20543848608783
262522401.52345246,0.06818214074363431,93.01586554089255
94689664.39854734,0.012613567923155457,104.02628531544487
70624176.93062675,0.008181793163056597,93.42347133135483
289570762.9942041,0.06175356218496133,125.25563080001096
170001343.3968008,0.046661801772551866,148.87662243621958
70805506.17853594,0.007785272607107942,39.81319220834251
72912497.15888031,0.012890975592610631,89.88315520928064
205528039.6483369,0.03864953789129554,69.8800620492546
72352813.82339449,0.014615372105992407,67.24385562549375
132338860.75046146,0.027068522354160476,135.59113153628232
344841508.9839814,0.09247404974161562,133.1278172462636
202592115.96030208,0.06591272964144057,145.52030762398132
59114561.39390299,0.011402617235345372,57.64099990758562
176841079.413204,0.0582919057040516,76.95814454237413
93714438.48160437,0.03128566871619592,128.41335312556535
119610295.32092838,0.03681837969263311,152.57673703367513
194382962.78547493,0.039266227719647946,154.47054367813314
102407119.9949256,0.02673136751548912,46.29496685954449
149726325.35186714,0.024861742563719647,66.262105832962
226519761.7523804,0.061311167758688556,171.07934788607082
443686365.77127635,0.09866389145463379,92.18890783758839
58416699.07813455,0.018660326190818036,96.46469608603911
177882353.0066995,0.02248720692493468,111.08194867278975
177975627.1174297,0.04026514460841472,177.1513279207583
149269067.41141963,0.0140022144539627,94.70174087355232
63967977.10098715,0.012092573622843078,145.29834555102968
244335989.46254194,0.06431666311342953,157.51686416030105
76023669.17401052,0.01884565692955934,78.88431092006616
116701652.06341574,0.028123962392701176,83.97325742020406
83507387.7159926,0.016070558153546022,79.3456364424259
26146533.231462687,0.00413944228034467,59.2778342289114
378853778.13095474,0.11478677324497381,157.61004895372108
192687320.2987282,0.052410264319747345,76.86762318746443
246169609.96486184,0.07325792654926237,122.96691354816133
74752424.979524,0.01729784441286236,78.56961509227996
133356225.40133435,0.015197242086556987,156.5849395618445
65194932.25600515,0.00913285534025055,92.14111141455516
208526268.5133442,0.05446927723744292,81.23693475144287
170626226.53540885,0.04232141251935888,79.1578215903726
61441993.29055832,0.012697037868331556,84.08381164839194
77189232.24743795,0.021744880767326655,107.21907475332839
144877278.0784709,0.034281860734775176,88.62429234536525
332549425.11694425,0.07982011429404393,99.96356903115684
142059479.22201496,0.019020476466232505,95.27559088725394
138515214.3976434,0.04700257232901993,82.94544350145871
285518206.61796725,0.0917115727008211,166.58524817016243
481683128.25925255,0.12507118540167342,126.13485732400333
156357442.0191351,0.020589121481541156,153.07573974081382
138152831.14853296,0.03411299590482622,43.69598571305692
82706978.12391675,0.017954212003861398,142.31986134123017
75416832.71116808,0.014500405533787413,81.21989181457637
119260508.61577822,0.026807793116712168,131.31459177856814
213746030.72872528,0.07112378040125973,138.48108804236458
218755073.33368638,0.04979869600716173,144.41545369276744
155196090.02974552,0.021642815023344864,146.6654412310087
163793501.24002388,0.028407053494953906,112.71078649184636
96339425.6822979,0.01678248013709141,137.83329256322244
202438980.97147983,0.042719621567524714,108.31127730006094
168088695.56543583,0.05683790112781058,151.14260678637484
128528435.39105284,0.016685341720161936,146.96235934421003
134490069.02514714,0.03466041942598619,123.61681670730971
254190466.67539313,0.07140007606929168,77.07708867112912
281822645.3421008,0.05985484910269343,149.01542586330316
266633481.91984308,0.053352440113741274,163.3249837067952
109949817.49799916,0.02232916687849607,68.14759881333238
249517599.35816517,0.06582467090079556,151.91252421936593
109644194.05493289,0.02017778942704802,172.44990445191388
49561388.89719827,0.011659359120136492,76.79204686427445
340157400.1060178,0.1036843402413224,126.02668673842703
199415982.09718317,0.04545535947634937,141.79132067994593
174187473.60828567,0.04599447478937612,150.6781562836818
178595224.40132847,0.04084172277389753,120.86308971190094
81084469.1448523,0.019615042860745995,170.41199017277458
256432873.6329105,0.05417820396576125,64.80035084655971
118269721.39801024,0.02382042694352062,82.8091147210161
233207782.29471382,0.070428906232392,79.76612377668515
185814997.45213604,0.014482217093335713,90.05937708169071
66398576.82270613,0.015640612947801304,155.97827558238814
84393752.97714125,0.028227553879105128,76.45827980892341
212164583.0461178,0.04865902954314548,64.50413831465862
213909041.74192291,0.042120421228217755,149.23146033976528
172072817.5454864,0.048084741329004185,130.46856334942424
113913625.29803526,0.025422878014101875,141.2990470869637
58141383.661747515,0.011176596908679858,142.56348692728258
128196156.68930995,0.02792922361004585,134.03984578390526
101381257.40726565,0.01566538316722792,129.32452229202343
195184014.6162313,0.06483318146809691,55.082938626171796
131197233.86775021,0.03260411821739654,160.37777149072397
109638731.12980315,0.025571155806655414,57.92886697213563
156830429.65515846,0.03247420889070789,159.94860036789254
95400962.24030311,0.023612388469813457,65.3809991902096
176686771.1292951,0.036095285773184604,106.24195712844146
134750878.48172203,0.016580368102169382,98.98890534062976
220994237.00958675,0.050258798905606354,90.93153086518254
151695330.71971262,0.03783322165317845,157.15357524862276
74300509.50555973,0.02406092820115543,54.77196479229187
264457755.73355114,0.0870651961358792,51.42052787085778
133684633.9599244,0.023291067039586364,180.95132355307572
143057880.13401172,0.03561136937721077,41.164424513552355
26287185.818745703,0.0071364424705624725,94.54834906077957
104053116.98867206,0.025246378171657202,91.35473581271984
130185870.2574406,0.02533640569542011,71.95212664267142
180610213.16021395,0.03431370808617882,64.01437934983402
68923349.38748962,0.015830942470938136,147.21616452598167
81129422.16007183,0.015376877934459651,151.48408925179524
266430383.7453718,0.09158628747553431,133.41193903575362
152428644.22434333,0.03321930714250455,141.58509552219107
64636599.27433485,0.010288219852026485,133.43929268605248
86075621.20743084,0.017974017072228936,58.820697785666304
73937018.45925665,0.017656153392711767,65.06932248662481
167786884.4369535,0.03554277673480727,144.55580204680558
154352548.59725714,0.0365291538800555,133.45917191881023
75099801.68152806,0.018724137558092945,142.2488653028604
221381503.35901886,0.0510477372500659,60.461416733305526
93121911.96613814,0.013331845665563861,134.71447747002452
275732840.36457753,0.0864451857301739,154.9308378661782
254324531.7923531,0.04500709875313562,160.95558046630177
192321508.79597527,0.046679298418599045,96.94799026982906
95238330.1777524,0.012175567738931864,151.8800411552863
105533183.50638106,0.013744604199915987,145.59995662564106
218685350.58583635,0.045746622291261696,145.68301102440617
143807707.45237413,0.028094690251228745,169.02992777932008
145153728.6631378,0.05054795763586738,62.798758929200545
376940727.45848966,0.12614860483523485,113.81165536782648
172358040.27227974,0.04784012812615329,85.60614507918291
363427225.5088942,0.09957091246072297,161.35277456025491
81842459.69851866,0.018108598733323735,134.0901880988689
152816799.66332793,0.031317531774315385,166.39066156247546
152287820.9281576,0.021673164601281783,134.4908307286218
118942595.89142112,0.032310093742443965,136.698918625002
133637486.74398176,0.021018986621996465,93.6354731681379
21068592.282881632,0.0015228355434678028,149.8433931739918
87479876.00141984,0.021697418593557036,48.09079223874911
236329492.56137192,0.05437618881934529,44.2654332851238
323552307.2699411,0.06486662832465574,123.22997690892142
189666040.6565755,0.038942229168185315,139.38041016311414
91731856.38204965,0.02752019293188768,55.857136159555985
120441429.7893335,0.030680650328293525,89.6700264790486
130675078.61053649,0.024879689437640715,144.90779329473045
254935441.13013586,0.08804438177189808,94.50816332360367
164097781.02078268,0.02344102117950851,155.43943783417674
196418085.11431506,0.05992150325454673,155.3028592997822
151637708.10445008,0.02425705562184682,138.87663782355733
225306376.14197752,0.06625167020589362,142.19625463261096
317035743.1485496,0.08918915659353946,125.52561748476984
55179387.59755441,0.014402353671973189,67.04663854506195
146453310.56549087,0.03388559229735304,67.53037526036357
289682147.20681906,0.0936715210317337,145.87445902155366
124545750.1515767,0.04138939237639525,106.14214466604629
158145290.7591456,0.025318252673809966,145.3412165765974
261070309.75636494,0.04693951479504012,149.97709335543954
177356234.54133737,0.03495442766767882,60.10884916886824
262009580.02340242,0.04802733533561762,88.11115311740015
213013370.3327482,0.07496353454894589,153.12857628165477
178750362.86674625,0.0379081647577417,138.78872300252135
270724947.3332879,0.04084088065867262,143.77966713009968
309731028.345082,0.08938029786007777,173.38217780648833
22261929.990993302,0.002183840274893319,109.84844019957248
180369707.2058739,0.0459999604721927,129.73578860628604
316386711.79590845,0.07655373118942584,99.30814665611618
138846045.50104386,0.02094077705057861,60.194750656833136
185073356.07642305,0.05472816295963043,94.10062422722731
68476761.96384919,0.018412227935055786,161.33811197038312
141096037.08283132,0.02955536287022189,98.24283251870791
140615769.66649815,0.04406796957821584,68.49127021315752
109116728.60507712,0.027424029819074585,64.68237393636372
185260286.0221486,0.04490811206261315,91.28789724071129
177070015.79821637,0.0336745338717301,61.83150414142079
181338161.1348707,0.05292948585089177,74.00387679277232
313835459.55790854,0.0707109250539247,128.3685246819837
281499896.5241444,0.08699145249852706,91.54137633980845
227965205.64773297,0.04506653410932409,115.78107166882263
325976265.4825059,0.09542498086363181,129.63945433439207
176444405.72693357,0.036853728498716314,89.60143618886443
146036114.05374354,0.04839118922329535,90.65554511254527
299644805.38836735,0.0749837746910113,78.63888217426158
590148569.0752517,0.13581829443021354,142.12212208803666
216219771.50173017,0.06638475102240533,153.61748445089154
254444497.19947988,0.05468074549962756,132.7760782206798
128437974.17842086,0.039613254912220924,60.733994259832684
111667381.43150695,0.035112726113692844,48.632628648339335
384968371.6901669,0.10707060733603527,123.23018091545855
170079646.07884312,0.05294071359089283,92.53542636548295
161905400.14951855,0.042507107600679106,72.19696410051077
-6475619.276200781,-0.003412696616557535,139.75819672529497
61118099.922259234,0.009637270386830826,148.81301019245126
104976645.29312661,0.01727975256153499,136.12423004274194
164628748.06525594,0.036863110496437965,134.48269172189535
173910067.6611236,0.027878059198105952,140.15318455928866
135389345.5328097,0.03623597144290663,108.53229675670615
526094478.8439531,0.17194695214090108,117.81867832697863
42132442.9218859,0.00826355661937292,70.94140609878124
138341379.83652633,0.028629109508426787,71.93480770197006
154184954.54490724,0.019902376618819332,64.42096497214737
89824544.6428102,0.019712805036172773,132.6049477863686
142370565.31476682,0.04982878987044058,109.25125110785405
208752644.296069,0.05770223346307046,167.81209743909346
202921598.20576823,0.029929273044997692,137.3519454268976
116501195.86948058,0.02349371412974891,156.96652290193464
75634600.27530295,0.02108832594668753,62.18888731540759
164215188.65698594,0.024375582139467094,104.0830960593356
154503177.70231456,0.032132190140852605,152.04836111180288
122023485.35913488,0.03905110189240882,84.64648779652521
134263527.26631272,0.01633214425974899,83.28328197210897
31792516.77420608,0.009983857871684125,121.77581968309079
49964549.39273198,0.0115909859435236,113.9851086894324
122838815.70436999,0.0313484130606527,155.73896354999786
130286231.61119106,0.02325168981772876,164.90589426633449
81886580.8061686,0.02411950945088118,85.12964099183165
86022957.27327582,0.018641153905809022,60.006511929139236
120635150.8658045,0.032717845599976564,45.76481103298966
199444105.20193562,0.06603222883035334,151.50945748744775
41689696.801368825,0.0034190604957077906,67.23194664876205
110480066.4451048,0.027468537518384333,157.52129505468793
57835108.69394259,0.011592859277368063,86.86592812440739
119623215.4121491,0.02032079940857388,110.14071991020691
60988852.45377028,0.020323068309215486,75.48714873521659
232976491.64384812,0.05646372681961654,70.41796032070006
236125828.84558934,0.06158037260170632,113.73888699635177
160427688.87169898,0.04114761316712121,160.43488887474146
137519959.2050593,0.04611388811156915,102.70217110733884
116044568.69401658,0.028303450905820034,156.36048505476128
358932909.44188344,0.0744530982526317,164.3432967762263
87821035.52821524,0.010861581239186445,152.77881117801735
112567671.95668545,0.028501071011023785,120.33952293405623
40800394.22294669,0.0067625935113359405,42.62529902685852
124328181.69818226,0.016080959063253637,50.258941601625615
111738738.50985107,0.008947355542709496,81.12861622312171
204341137.8928194,0.03622464593882914,136.66661682108304
223813370.40894237,0.04626877955289573,143.76225993604987
86111496.35041343,0.027082256547407712,67.41495446075186
61390615.56731815,0.009965023751819523,101.97667808694227
267610471.36131144,0.05478585783276705,60.304127704659564
147779551.8338611,0.02742588108908762,154.14767814775735
112252790.08741471,0.027552822385069935,111.5435448984435
211126839.43942764,0.0674500288934397,144.72360560885159
127648897.4166975,0.02360005657363494,147.25502746327928
128179978.32959992,0.03914113236862851,73.20850642638305
234086179.90106782,0.079873131518923,147.89169953848247
112994572.40774405,0.03203684776263928,50.211443561434514
111757989.38836391,0.017966966123168174,143.98612886864126
125206221.82652435,0.034063638485843095,100.669935733879
120337757.72796054,0.019388359645259087,49.258786454861685
42411218.71881819,0.011777705517536662,128.4975094791663
384269020.25733286,0.11031724028404478,122.49864389592909
171327694.52976048,0.03553145203573149,86.27505385029669
134786119.23161054,0.0253500322913679,137.56531458758838
161401102.27536172,0.05141341611453104,119.25690251145677
119359843.38879499,0.038567784940535775,148.28245644593443
56687000.134140745,0.014655158725153541,79.1636970423813
136064692.6929198,0.02631284939979274,138.38780970712966
114353945.0429872,0.03001442845663535,130.7403863699532
122593930.57313465,0.02970538899822053,104.96545113652142
175173646.2625817,0.036175899391882,171.668321558295
218007783.0722494,0.03147604831656189,146.77397319945314
58984935.730672315,0.013553156107691004,51.53578318664322
136800265.84562263,0.045188553741113205,53.09855183173488
149214758.15386838,0.039041001975504294,138.58800494465018
79436415.06502712,0.015204264322655918,128.2396860110739
285839829.0358016,0.08763953346077027,82.88375497264092
48920289.233572185,0.01451766624429431,141.97713139337094
86959191.79043114,0.014567508755928694,65.67981392123029
302266890.0230982,0.08134767276740998,154.70444033437593
210938842.62669095,0.04230294008724386,157.55565931798222
334825860.12226176,0.09501488471098535,128.95042866881806
105760817.59434813,0.01767743834682774,71.54172453927187
186584219.30581278,0.035277475412339956,46.982024498642275
140074895.86197358,0.03924318485334058,41.488793783068346
119463478.36745451,0.027698557427537268,113.15738814034638
53993163.834934026,0.008382240942930743,94.3165885876947
490683934.1933313,0.14625523263855147,89.36138706554861
302529549.13438416,0.07912607672416497,116.16479615412788
71473153.94213352,0.02351229512369383,85.51024062149746
127650349.13245355,0.04074417524590432,61.73676196754319
49658869.93457452,0.009519488565568902,147.7596519086636
307343891.78010505,0.08977703339371484,149.28339422287976
109273428.18488377,0.02428911120013301,169.44135220868193
507517683.9731351,0.1391601866022534,174.98070112283102
170911410.8754205,0.04230614635088993,135.30521181389284
212455402.9891963,0.043961870143453485,145.16220807814491
251839057.36977303,0.04701114371783076,146.70626321307216
241320196.1192448,0.06986086071773591,144.09886580238387
215111346.0838899,0.0357531487833808,149.02598898204874
174025682.86086783,0.027978483220839595,46.4488934765205
210584013.14719558,0.05284288867621596,151.0625069628108
22331085.894591387,0.0061536749189478645,135.8370291766045
98107751.92498785,0.01509808590177527,166.86904674475275
78162611.75150347,0.0072911121529435925,107.18013853413133
193232594.02369115,0.06300501959522374,169.1536917103756
82239101.24016583,0.024518523451620703,147.27050077146396
325509225.18079126,0.08043111475483855,154.26479982082068
120521170.3806589,0.02109932711196546,53.658601537783504
138130547.4879793,0.030468629351648034,158.4579392079539
328881409.0769941,0.09802379935309927,86.31293831327235
182645307.37115127,0.030326454049124072,149.49811959131748
178014477.7362085,0.03983351145668195,61.294909763251226
370040402.3538222,0.11226370803257137,77.35035082358
214653158.1174995,0.07537458691464534,166.38993000921508
176798838.099326,0.027317384509575836,109.1355615358938
193386516.25426292,0.051020954229185476,76.86518533024658
70279076.82675818,0.011596087856884303,141.7102458043783
119358208.37584363,0.028829435057155992,148.5381363260047
145793104.43208614,0.0358990865576246,84.81326907977461
51302028.89548044,0.013529125689016479,88.37226434948315
88303973.17694955,0.028259904017394043,66.79769168595416
235137152.5075159,0.05813788954544313,118.69680739917528
56362643.19816594,0.008856155934143359,93.27620415928482
84568490.15349494,0.017475239817563794,138.5712667009436
236966803.7325289,0.06338960299078497,46.53324002310075
76740420.7264833,0.013789214219263261,152.51246640880137
70097932.58944963,0.011336760867493115,114.2448352335179
430233055.84423506,0.1342928093243001,67.53140528045871
175079429.17169392,0.03189968521201924,74.41644411285931
496885428.0463407,0.15710417370695035,63.34594525340612
159670652.46142453,0.025739511253072677,176.22221033515268
98156138.20216614,0.02830349488758765,41.39118503653879
161926519.4610426,0.026887580023483622,151.09695860711733
145822340.6995515,0.029341698397195838,135.68216560833
198021186.25521025,0.052255419186684436,99.78331759941543
288019042.8045666,0.08739104899421489,68.6073776286234
227211091.3245263,0.04250804692102768,134.9591063239211
156523824.48553926,0.031562320699487216,73.92511489824506
182240024.74763772,0.04746225427005661,158.43177553110831
98846010.23740423,0.02363681971444449,75.92485388901413
213477020.12481892,0.06072768301057077,121.2995485648614
301447804.705372,0.08636138608360588,46.20681380949431
150467861.17376888,0.026841640790449307,130.11319361496712
117547140.14687353,0.03600608712911223,65.87538003818315
169791527.89713013,0.0355306402962314,151.65199814480906
156650054.8832273,0.04720236464597348,48.46742467693343
175057446.85926193,0.05958664735799883,101.59634549083155
87322104.65275288,0.02411049209739142,127.97023970974621
76439185.98475938,0.02253672758342412,73.47912185033007
126863797.77826542,0.038172396933413934,81.32386073573598
95289835.71729976,0.025609010366469148,72.64967015702724
129064280.47199486,0.02149739896939674,152.91176917834366
148372374.55780983,0.030044146234142578,116.62767982243537
205842914.28256592,0.049680958071490644,153.25945685700924
233795856.2671102,0.06410286949206796,138.93401419732027
160660546.9171268,0.05221159885065186,118.34306486159824
304747397.1673244,0.08855741238025983,41.85860236387993
223220555.06339884,0.05760586565650123,61.97922737379598
164359377.4982055,0.05434441604329024,53.18231792476269
155840822.1416739,0.038936425517284386,128.3526616837785
188422494.16096476,0.04035719385421995,63.64706237283752
176582452.4092003,0.027922531223472616,86.82510627750399
39433873.44065534,0.010674096007321773,143.21345609565014
200537655.51471198,0.07051553609105722,149.87600305595564
206936671.49683705,0.05868712483886665,112.80982332585646
97507755.98077728,0.02158775493062841,148.74330565998727
194554961.12335208,0.051162543221815175,145.45693791361364
177857389.24008858,0.04670869222034679,118.69205392745593
127486271.13573721,0.04138500972146092,131.86655914222092
53930601.8812079,0.014923156498215467,114.59262817208466
128610037.32609111,0.030421110205960104,151.44958023906318
164800079.91188008,0.04491833450418627,93.15473197508221
234427881.9313155,0.05511222523642433,122.29684096157024
263671943.192353,0.0585512172591881,153.36192068533896
361589798.26060677,0.10681869593172004,125.20921632436881
198179080.68894696,0.018694385501786454,150.80333584961457
61395354.970120326,0.015919413119418177,42.923987348132385
103842899.84160301,0.01752910113618276,114.34781001548927
269783638.7126434,0.06696496410951716,163.73179142751118
129604144.82737124,0.03691315422053525,84.72664793551372
230126965.86529064,0.04571016410768459,141.4718518494011
101049117.03663251,0.017532584821799594,159.36511429206223
199307790.5255854,0.04576446428671134,135.76559919605313
77139175.05331759,0.025228209032953534,174.03729962361277
127916217.17375225,0.02564343606253362,132.87901623242692
191558025.47723025,0.039775157884553713,90.80646623698469
53881244.702394314,0.004549181624053593,66.75700905719943
203460152.99800777,0.05607321509750313,91.52578498914276
227531623.59874153,0.06763936129840922,53.915330665610895
143062934.20766842,0.024337472309051637,134.4679301787104
161878643.27016777,0.02175506622739834,60.33691048499583
165370638.42591462,0.044254431621656584,151.80524000572328
140821524.71858346,0.031040999296965317,45.65930960949026
146309745.29044515,0.030404214591789554,57.12462815507847
222519734.6541834,0.04726256768972405,121.97224697960797
192781299.874646,0.053486663793555995,164.2053766088034
132969550.2635557,0.017484392620418357,153.66113124421568
206303393.47657585,0.033262069568869936,55.72568044847224
226711060.82836133,0.050160098642306555,76.89844083950152
166876805.30949634,0.05379691794134742,68.68091258581472
172963738.00719592,0.025164925880984023,137.63637988515796
258090517.78700384,0.04940415688543355,167.70024865705847
126426969.43324459,0.018479019129879017,92.08494233272432
149759078.99633265,0.021743861602877966,133.1934585395624
238802669.53214768,0.06272771851639723,120.35678377282407
144708744.93025792,0.024513691862569277,183.169765696739
162489975.64888367,0.03747185365844608,56.55120165014996
177115255.515616,0.05587439771292244,60.07133882239759
121346672.58806878,0.030132168769522117,173.67668430614071
108990425.40781462,0.02191487360051973,137.9823022844845
284417900.5874264,0.04547296990586841,156.87232317667588
58568366.58638072,0.014155358201009651,90.17228029804262
79608886.90411007,0.008953847823924884,85.88607575865102
68721094.7577665,0.013799229591158035,144.90389950398765
117878269.06490336,0.03714967308252309,58.77528480564343
100774436.24448873,0.026123951526630648,140.20835269858122
323903453.90678906,0.0998046684151082,108.12684028287
117517097.81766124,0.032709572184406184,62.49536105575772
123832109.23555799,0.03506889708891181,62.79865444834146
138994699.51428783,0.02656311515101997,42.731019016794846
74224167.69552046,0.012036286605253884,166.55341609499712
142018712.54431692,0.029332999926365528,97.26134607092123
124443411.51972148,0.03172614189839639,134.50253922062046
254675929.09920245,0.05478296960997152,113.82461438987924
374422093.4545127,0.10593993083746818,74.88764024120356
257110107.1881051,0.06048405644307935,74.95943039420001
335504398.79453677,0.11928281482267972,66.68754351407952
262790287.72826508,0.0636214934909683,78.91919849145599
347517059.3193397,0.09629682254234029,65.07656922214109
70231937.57970873,0.019902276863740704,87.92175322336837
123666445.45268624,0.0338487756642077,138.2369009489884
169966233.5110265,0.05675703032796308,66.1975793470318
342494896.06004035,0.08399339274850878,179.96619332454887
128455486.52382272,0.02574091568827343,71.89101855765806
203991818.99032694,0.05487485385717005,86.58029047251225
123152820.8807502,0.030779965226436626,132.00186944411334
109360187.58491665,0.03218595394514709,154.5067428479926
113133086.80570984,0.02476526241517502,50.85441363443131
196794730.02927753,0.04381342746964548,131.6091611974625
413806434.7693587,0.10566670725276375,163.99557908784334
312148729.3643182,0.08615001786488351,143.1235895415536
288321787.61080456,0.06256569688727247,68.63331276310358
176065666.18713364,0.03935548015764545,119.49013186669916
88386901.88273774,0.022165893927100912,89.35064493170275
201550916.77478066,0.059700783669745044,150.70739344849272
78951941.97776276,0.01649087183226764,138.1141699342314
91615715.85571593,0.027975639426357685,54.85374942181181
169652959.08183306,0.04292501952906353,60.425094010716585
245619686.48106632,0.06684841738362052,150.43776883266005
106246347.3798612,0.025521179023444994,85.26991130089489
176497293.736912,0.030351503066887397,51.33757603404755
433960144.2917274,0.0984646945814012,120.95251919373646
192900330.04759723,0.03269794409428106,151.82280432647264
174915018.27334222,0.037715725223174235,78.38792917710506
83908570.83092898,0.0169604093033549,137.2536426017871
290614312.4903195,0.0804908151264629,54.26771005069755
104843589.59016472,0.02515685526273404,119.9154234253566
54777321.24416031,0.015351705605540068,129.3779861952862
100817162.50271446,0.02097204662810431,168.3851772487874
214066522.73234662,0.07096672498595091,89.2459449200056
221374891.7182634,0.05303052196502751,99.90887114954911
51758502.88175778,0.009632712331377172,73.27726220478633
118916633.24870384,0.02992953612388951,144.32115223767775
182378933.01907897,0.047727184814066625,93.79836741692205
204403474.68286917,0.0731474118565642,107.7309176954708
263754293.92871255,0.07938001367731691,89.18893164294279
257548642.21616924,0.07880770784273387,59.37754930992342
207885108.94865078,0.05078131347156387,140.08670326136289
136219455.3709467,0.02341614593545682,93.28280011809527
44835616.607428074,0.011745264594219488,162.87222963670646
231080267.16951305,0.058213154387479,69.34996594354688
247644938.01740822,0.07344962054276766,76.46379686118236
36778797.43536768,0.009971337682386805,88.6968241432169
71074268.74047379,0.016744185402614648,168.9335659354116
155038608.06591046,0.039004963284996134,155.27066005477982
12227339.20887324,0.0002856868569517124,59.68021043954598
157988471.87936112,0.04595548388786985,94.05590524557317
110257812.03418133,0.024924745491308773,141.38563292647996
172673402.48605388,0.03016639608432287,171.95939410464143
183308089.21100754,0.049354789540586315,138.94570846948034
252867389.499739,0.05237323323837927,117.49565399058669
309654691.81538093,0.09895854623268917,124.34165353939542
542675100.1782237,0.11409378398362968,153.78831840665993
48376661.53740396,0.0030067404798018314,151.9238596535907
134069556.14469355,0.027516070304896743,83.28540599182513
229729753.01074463,0.05675030523032375,74.4201495616218
95518289.13304171,0.01932117179597997,66.47179836268727
107382318.35488091,0.013251412654716977,66.39162905986822
149954363.89559036,0.021750809932678666,124.80699697576765
451683857.0107037,0.14061599184150475,68.07208084675986
69430296.13091406,0.016373807421422287,168.71267044738724
168177920.9268529,0.045799251629508805,35.5496712726949
174659226.35986608,0.033714511471169176,165.2650496441277
194832322.85516188,0.055754079561194846,133.38451338649557
239851577.52617225,0.07784137562616021,183.3899228425666
114554614.88424215,0.03194832619018938,107.79275053103045
85280502.74414247,0.013927750768349621,85.42781625815752
316215232.6424547,0.08050968023180478,137.69480760038462
78304695.18049419,0.019744533632946624,69.05082642444835
164693639.7461409,0.03181874062537785,92.76955166186701
150319117.80595922,0.03480281819021079,75.6325465495475
39754503.42556677,0.010837181738393145,151.25098189055973
94118411.9328044,0.014614528086393037,95.05404669320617
39344637.68082459,0.006961354429624357,70.13666494294463
78411183.95597741,0.00792188851579066,72.42991783431101
73489134.99183927,0.01873173731392773,74.41562628578711
197895255.30913806,0.05454933132312262,69.92039343286324
123132333.29240245,0.020380573273022104,135.8994714842655
230612571.0586988,0.059109075580278635,129.50971878790034
240459808.68996525,0.05005686858397581,147.9033213882429
214469747.5697189,0.06006258247916843,96.78447292467541
231414829.2617108,0.053878810991374225,60.117205653524124
175625071.4678572,0.061118498671982845,62.79607970974908
433984159.3386843,0.1349949150155563,68.49134692302027
154879803.86125904,0.052647612237681135,138.28551292425826
245285312.06256735,0.04583441319150769,126.14867322666082
141384952.67778468,0.030700492746509735,116.59503572763538
186915062.5565303,0.04404725766651502,108.77556449900497
221817792.99307278,0.053574595641083335,88.31594545718505
176430674.0697719,0.033950279600029276,68.38470416683485
180357074.26166087,0.04598746482853512,165.59148540090203
154102524.9571905,0.03144847568019538,158.6736802943497
225324986.46847227,0.06483141630442339,152.41166474921326
315790476.2409329,0.07009818661299778,157.32744471048315
161529684.54665512,0.01734475598742318,131.28367480884984
76911642.37064846,0.011316416046616264,124.73691525947304
232164784.37081167,0.07400967742139357,51.21203830401681
219973670.97973382,0.036914546210325784,154.57280544186574
162220189.16012114,0.05022981645275767,60.28703553798902
245681802.09753627,0.05519617152138303,132.91789520452738
203805203.22414362,0.06423824499685601,134.7416077332887
99211725.04239565,0.025606302089319532,88.56053470931717
333070955.66561055,0.07586861655643759,160.59370233594265
141733371.70802033,0.023365227303811718,65.1944474828952
136435435.1816833,0.0394296917331648,45.875328886975126
193098079.94614893,0.04609249277492621,112.98745807075031
116585429.0539201,0.03978662724676193,163.503863571815
233105235.82495514,0.048826693718613416,120.43139835711371
314495224.84403014,0.09116782429985283,144.11314066177025
217879409.47626412,0.046324924443042884,143.34703751292145
16528106.33045943,0.004297146978066004,89.85920941143293
484475528.99650913,0.1416744964158323,161.79710240195996
129991099.68223114,0.023549272515184932,169.63590363589415
160077707.00180203,0.04539408084483072,143.56710725578833
45535953.26527438,0.005589647810428287,168.6400636228474
64685341.062884405,0.018868660817077876,101.25098728752096
78643531.98308301,0.016257432225048395,148.04781320229634
239923055.52203494,0.059336509978365364,124.12944478850835
269799122.2375353,0.06310512943145634,124.28886310746434
189857597.6455411,0.05986200827300251,102.26683420789824
147645467.8338083,0.02592267413326059,129.2627036483062
264335552.7846678,0.0584738876057845,83.02831274564328
158468293.455476,0.03376022772976123,131.23575188465526
270521082.56798077,0.07813977345518978,73.54465674664581
219561265.24746555,0.03980936196002063,83.48312487594296
146239804.91937065,0.040510829993369156,161.2138889059833
290712211.28852713,0.0743196499301957,72.02615061036695
372442295.2004761,0.0937594949392393,119.98226947703597
165240849.5673723,0.05159283173401524,67.88563692868831
122599084.07824421,0.036972006584580455,120.47844273850009
111897421.02854869,0.021298585770149373,147.40388365715165
169722076.27314663,0.029490313142660124,85.81029642126968
122320497.61383647,0.03129816388961423,57.56886389305653
197597490.72217602,0.03886290912683757,140.3155932029087
330215292.5455589,0.07455175925215819,129.9322769275283
12872430.19283748,0.0011946660909484873,73.86223613882002
134875639.6752849,0.03285019817437859,131.83308827212514
275630315.8967752,0.0764233955100653,138.92404755681284
285456874.55025816,0.05870615680250994,76.07276084179388
121418383.51556143,0.03800522041402,53.420857365606295
84137196.76847711,0.026324503875410316,55.36673782263223
182005259.70264345,0.04285319079876468,51.05530063933414
242662171.36909068,0.042257585580668555,162.2955005353735
121034976.94505055,0.027312338884728983,124.30079452240479
330398745.407657,0.10683973888643994,166.58386816055324
173261999.10077828,0.058172658591369074,158.5628213089037
33812847.39439335,0.008362813355781654,54.94345905104528
193604233.0885682,0.05247951685899011,76.73814999802323
232228390.8067552,0.05720435915756339,81.55199768526941
209850260.37642094,0.05006631794715995,141.14525062798361
160199115.76493663,0.03545888620484062,53.836487275905874
242186140.5760205,0.04890222286181773,146.74584731843143
189670676.42137447,0.06204891896432113,63.22773049608515
206073426.40847903,0.04486117346877814,104.63766767079211
83005070.83966687,0.021491510551490883,149.83970196787442
134386861.7840262,0.02842778860952937,153.75565841359946
69782517.0377903,0.022441624097205737,58.21970885143833
199525421.70898223,0.06579155384080226,85.2983304345688
154674816.47563362,0.030610036837492666,78.51800324422157
206437026.4501694,0.015051460118276287,63.286274280878104
313712182.5787444,0.0876412510515373,105.08936846521829
94172744.7656305,0.012211922877963688,165.75336663812095
74206719.21843335,0.02164096845144602,123.71801880411626
146135600.86546147,0.03222140340773029,64.10290484679649
284609329.12408483,0.08724530262472287,146.3944718444464
306651404.83637273,0.1078621117545967,145.687152876062
344119272.40125406,0.07914601548123228,185.74439851929188
303201190.3873754,0.07730885183616694,155.84579061818732
362896155.53139764,0.10403699268301997,88.8122187123806
128540450.74279058,0.02597691984357813,90.2259664102748
91777697.7320046,0.01486163375205948,145.88722938083222
283854424.52461195,0.034812658241145676,124.4972409599355
153970151.3768889,0.04216461623534355,77.4322698287965
230038276.97267523,0.0627644999613089,157.93264950266803
165480890.48728704,0.05922483813827876,76.9794534563434
95086289.51330858,0.02107811208235754,122.07618661892691
143298715.0254585,0.023996368819838805,167.96472838763023
295508794.20146835,0.06505471764866134,155.5958707651254
119975000.00894275,0.015443538565329465,115.61916512797244
374769554.13233423,0.11968148648342741,78.52958638289537
337615248.85680705,0.0592757249887426,171.5833568440232
111352148.75887597,0.01968686044681554,71.88940011869747
145638625.89053717,0.042467617097611675,86.14878288886126
39932529.59739964,0.006833743857217594,53.35509460507007
167919100.78037167,0.039181774778813815,152.26723691773688
187600520.10915977,0.056278838007848116,79.8535132047158
250335757.2243844,0.07432630041376295,98.31888056002848
136529697.8088718,0.039210512559554954,62.26518879332888
196906881.38282895,0.031055096378356215,127.96700811342693
163073780.3073381,0.03175783871080572,61.41597795116421
214609432.0285222,0.07147541961590746,71.12060090289987
384325579.080449,0.08267859152171628,121.31496114117262
98058253.307531,0.023633797766411,81.63291765216567
316974183.5989813,0.09977625920585009,132.86383997992246
116181128.19241849,0.029748967892941982,108.7734479329083
197497980.7187357,0.0330361268863562,62.07430918744885
212029340.03731155,0.057249696728762206,46.45956270375036
158191191.29850477,0.038575728021639326,72.64491131054814
335382592.6064134,0.08339181647588222,141.37592067994333
85687978.67358232,0.028830841976278127,145.998863293959
121201721.79803497,0.01823555790077843,81.89177443929283
84704073.16981286,0.027751439662866893,133.41362616086596
88483322.6019128,0.016158053671099244,120.38299698561207
319945214.6157518,0.06175410726671871,161.53358766624768
96770681.95867716,0.026221985918299585,161.61412759969437
29114851.47348403,0.004567702595796761,166.74658422211988
266635008.58450043,0.07231231220678754,151.05178134033568
345972688.4239215,0.08694649422781725,159.7854808033726
103372729.8295882,0.027427761298821008,162.02826147649876
75679965.66440047,0.011653358082727697,155.30299403357571
190634500.17236066,0.03401668109818722,154.8452719349053
75236299.6187323,0.0154893723830658,70.35645953665424
94982372.3720604,0.00891046609730993,163.63519553880477
401861888.84296715,0.09060066981976156,160.62782886117063
214481205.25488105,0.039419381714081325,146.02996464615188
153907612.18391377,0.04341367384719003,148.35804555870766
119515475.98123164,0.01970831425539314,148.9726236281838
51130559.882554114,0.013627784117106852,53.02376093294933
56831258.69523305,0.011964944550152762,95.3197983324604
114418486.8436918,0.028338834781809853,159.3175779984516
327342052.43518096,0.10491026087194483,130.05460131693704
37105662.91504984,0.007969022698988063,116.41412493630764
223093638.7446068,0.06351674163292058,81.66156269260613
197327869.93062556,0.03389830530762759,97.45650416322292
162237572.82695955,0.0347502189561041,82.55676962309649
163192571.06004548,0.03718070875414093,58.90630852145926
174911168.53746343,0.05703290197334137,116.22025951878038
136273066.36374432,0.01992352692006419,129.08577430915713
315933321.5682812,0.07204696230620519,140.52145471300065
99728767.7660736,0.031509402488376685,76.34156391045578
131506787.7731637,0.04613165683546592,96.41346777138614
322513091.27514577,0.08162220083105029,141.90851336857096
74655402.82075372,0.014380640922101161,103.57729540516438
310833854.83741194,0.06549482038776851,148.4492190892267
177259577.50755703,0.0496633652883471,87.52020116315656
41429543.89873075,0.010839421844352354,124.11385342431498
180043488.3944602,0.05318127989649746,71.12186039605467
54727939.24953993,0.009620053469624855,63.85826579822488
176355181.7065155,0.03671914892802515,38.18436141887883
33230824.240767956,0.007216957181918605,89.7218551313178
96614527.53998783,0.0308943027825109,72.59455468529505
100870962.52100125,0.020035560982226183,104.80778103167158
185964134.12243026,0.0642275822890663,96.36818164960778
91067092.06467529,0.029057529820087812,80.06459499905984
218106658.89353037,0.05321666231316152,131.89952975708252
169661756.01320708,0.04579858504232623,65.19391246331683
177982007.4172755,0.03744854312578231,175.16227402237507
92250345.40199995,0.015468723353390352,56.64416273602465
95181916.84723258,0.014318682564187916,145.5121845268793
104975028.26158242,0.0267272755942013,128.5192971359408
212415461.12755132,0.046491881193267595,94.17073414042011
243550323.70600307,0.0481620259113107,148.40431911265404
104623822.95616119,0.02395205250566399,69.77172875173687
72449087.78257377,0.006305325351507082,94.23777341652934
171035653.76821828,0.048388928902142865,141.90234516029867
100690885.46068376,0.01903819839619382,103.9977125641563
95248561.8094593,0.031434312814250236,168.4324554957749
176255098.97971666,0.027154989537155057,141.7170913368609
220778375.06823042,0.03585135337022939,55.43638361040784
135905183.54476112,0.03679557923713229,105.60079459843638
109262085.2969751,0.013393596836116897,121.728044895991
52989874.12370531,0.0060864275990535985,51.430257469204
171855294.017451,0.03620824736059497,74.00625906159715
328474200.7356795,0.09883229499375412,51.35735685569924
207883554.08043778,0.04290483733584024,143.3535188559769
113759474.41605896,0.02750593648200824,180.45125214585104
34934754.613763615,0.00984767233402987,68.70399774332856
268351861.0558949,0.07154871846133633,144.07846892769567
108389974.62714614,0.02876151749543698,103.73421866800432
371078363.7479384,0.08045378440421497,119.72304325747398
81584194.10471226,0.02450252692845154,94.99119516841512
66311092.04603708,0.02097099585509893,56.15700513646705
296199815.8342318,0.0902172493710788,150.21651256985038
120349845.88932094,0.02920162269490387,143.93111286012405
200077512.58006284,0.03936139217645118,141.54540048292338
255028512.68095535,0.06907169125172731,122.78668244392357
100814848.10404667,0.024304321339600383,86.7986033007134
415468413.2841571,0.11793619043928914,142.7206980137968
193748788.14166006,0.06723600915184917,138.35355786581826
137926114.33883348,0.0475652949432961,52.78030598034337
161625412.02289283,0.054978534640484016,90.26465381745102
151887064.6753652,0.04536389388232262,62.046726540572614
205676479.8256948,0.06369178112513064,116.70433444069647
201221891.5259629,0.06206073631585676,70.41671049520532
89752374.47949854,0.014922681053278002,163.4462023717415
47302074.05698799,0.011038560320444866,94.28396084567764
227369876.55944437,0.054496245396261675,87.9007015641599
184888744.0709409,0.048444381707966236,129.7105628241519
119554612.54483163,0.037303644138962394,146.59888802884174
43000782.77790469,0.01475581663807279,83.28010939508736
127517092.51284595,0.03667216366649996,63.01228426138554
70445097.63406202,0.023273233568125478,172.5736870102782
108985031.04104176,0.02068145486415388,71.78549299192908
74592856.64697164,0.012748326822265007,143.95918008549046
312491028.5633319,0.07926919380238862,64.64963851319386
182206681.72696003,0.04329280665985959,169.4664953907552
123091957.45670564,0.036111245707564354,74.62976243290275
56431045.40854724,0.007685421595117505,47.27132041833334
82071523.04927054,0.020222934506368757,55.75411452402172
160260803.9464466,0.0354683048884921,172.1809616910008
101066141.43840967,0.03303356768965221,118.07118674218366
360364228.8814908,0.08860350208878433,84.7802906004994
127027046.67957002,0.03192672776762173,138.41150781581862
106943305.63285068,0.026743764687534446,142.88319778305734
147294828.01548913,0.03707696489319327,106.79243590489577
62117092.03070521,0.010174352508018222,149.39316150641017
325974920.09719604,0.0768154036341168,131.76130406708972
410366799.0216143,0.09831342365233188,140.46169322213774
174400562.81270105,0.05200204804261597,159.21437403169014
201577339.712192,0.054574309722680805,132.42732777632142
243392719.8165577,0.046010268170700246,151.77426826495477
176271532.1222099,0.04481660886056971,51.07969420312565
130371817.22570232,0.02830420041800934,132.88345090862177
240537419.69937414,0.06805519676208034,92.48180651589635
67404511.56152059,0.016334445077122138,132.97680201328825
127473887.7479594,0.013386442349534894,69.66676021102153
86853225.07024601,0.02392460460444804,175.8532104128896
168912981.22068626,0.036654574948974686,92.82133982051802
101770779.1657126,0.03086427194221063,66.16568634521977
185077116.02541924,0.04626367855128284,153.87073858896053
104042330.21364689,0.011687049864104933,129.12965081264025
215870640.9566086,0.0538624529322615,111.13526002313881
179960031.12369218,0.02070551789923064,141.10534527867873
239040196.315567,0.06479678693279267,146.85247035020524
247914474.1034674,0.043986279569918886,76.47379595084179
216068591.83536044,0.07294499263751489,29.48782569071712
475603212.18762463,0.1470094471137618,77.8187051323397
177658298.7494164,0.060931374158114546,152.83707794897964
155105262.010364,0.02449255149652275,145.74166221038755
119606638.41370487,0.037623530253908466,156.26766483373788
111029057.39973126,0.02321658052955688,136.2447401589779
92639976.45310208,0.015883974034569755,72.33009809669025
116120707.55856924,0.029476605660878476,80.14260035087452
141260465.7385102,0.030179994297834533,131.50135516236256
249647221.81268957,0.04340871481979315,149.13750217335348
194472851.31748226,0.043359295658945154,149.97154670455527
89889077.97554083,0.03000929898441614,129.67819715690885
312241682.63526297,0.07925657069863148,129.65912803297238
326017019.8029653,0.07552841367973243,145.18839451283662
372303784.2702161,0.09505904631084691,90.1108302163284
76454512.12750289,0.01795154875372365,113.86507216808721
219378044.88974696,0.030894590940123444,66.63854981472456
94791513.24024713,0.016206381902433203,137.59516346625946
155707214.17404848,0.01831377237737551,165.90523891033885
223137176.99205768,0.04020836336458093,94.53283909118576
94134673.94713683,0.017265601520198258,52.16252046839874
110793968.10400978,0.02318304291404975,62.351568899515925
175976573.88675225,0.04653398087228987,52.09616748613028
106324241.21981701,0.020544744983013622,81.49489238154375
119300298.1423177,0.012796140268784484,120.25185346393599
216152361.35561377,0.03877526607288653,149.56278275362098
69342318.5648561,0.01272430854077562,67.11822199864837
324352113.08342767,0.05640407675330185,179.07388737757188
307672050.11899227,0.05376694071997356,156.8051926811272
204758010.7142383,0.030207626326848244,142.9825733355313
100280558.8738289,0.017825150912923242,128.33281358104222
186449223.76053295,0.02737773300234142,159.64534879984325
338697513.75844014,0.08623549565042579,111.46954518370384
371656937.72638154,0.08694895972869929,161.88066492646854
225026050.8052938,0.039109749922099375,174.7782003388303
307632025.44094265,0.09083473036947924,84.0918045838631
129040093.42946027,0.011633753004220062,164.36242175960533
162643528.07462132,0.03422678414780594,80.31639447979731
105863987.27439672,0.03472968718623219,165.14839104723984
161727176.32463783,0.01914595187238922,69.63682882625827
214125413.52217615,0.052536446412154755,124.55955694186251
240860171.4055872,0.03483052213908247,124.75790444744894
146128427.42637825,0.03646249693250966,93.7199980461067
100238727.28470033,0.027349074053895927,59.59605255360681
138025468.40262848,0.04797603709944036,60.01204928164502
51278237.23348494,0.012508255417119593,69.38608264883926
277718686.1227682,0.0929871463000745,87.78677625927739
91925179.8048222,0.017250736832977714,67.01917245203272
436768176.4379219,0.12146151017420187,62.76922155544869
169692450.91367996,0.032581347326234175,169.6602404876403
134446991.0666195,0.017176692374040677,142.89036921650407
158816926.21823907,0.03672321631849132,134.4835830606352
408848646.4124975,0.12520607820681612,63.99704990812167
339529533.97574604,0.0974875248342823,74.18189155979445
268380814.53318536,0.07322515338920313,154.82812572377503
109528074.11063154,0.023183743621733643,143.02075046701697
59733704.73654223,0.017085899335454815,56.39309063672265
74263205.35927442,0.0138546053610822,85.32070221331068
279692220.26301354,0.07709202402917834,69.99666696900428
117839819.27650063,0.02986947521712601,65.44730150033003
142434872.37496695,0.02088479071215681,54.78879683848993
247430244.98619974,0.06253065240871682,140.92446173653462
274691601.1451074,0.0805902229142418,75.07569728751072
184161219.1866546,0.029787223254138025,99.48472549886601
153379592.24878886,0.03912386306876301,67.93070522350804
127236493.7526921,0.03013584384362707,115.30086699397424
90731272.26360844,0.018293846176177086,78.32491629847091
34078484.24797619,0.005525024558171795,66.35146892230368
138715149.49579108,0.01933482610291747,49.498103556365756
75721565.77105427,0.010847707830048497,85.35892783798369
137570484.58947638,0.01665622967269684,58.04315300196462
128781432.11877218,0.03997387975126456,123.8149087500482
115593883.0425081,0.021347946699831356,89.3146719167423
105557113.07177517,0.028555579070023006,66.76441391760558
57879102.48509233,0.010474507253279954,159.5440082689834
258882931.63245377,0.07803093619010253,104.39403183976258
132443093.94288424,0.02502308933599847,41.63560527550828
141748861.21744886,0.04169361334089445,139.69246078232132
96640130.5696639,0.03180005016647747,50.507692618002885
145411032.87956092,0.03346194700783091,150.1364361204211
198646520.09703335,0.05274832792360306,78.94111069548377
183359904.55481213,0.05485312227117276,94.96349362833297
120478019.52026185,0.01748446861990804,103.30464195868333
176833360.45746684,0.0404167467868899,73.16458235261514
174837073.40071893,0.03178544499989578,127.47501976101938
179044404.47500858,0.04365368789206564,102.7279248518741
304188787.42932534,0.0863341422487968,71.41952610382441
96374902.66305354,0.022816925247429166,53.80847227162057
119963761.50945905,0.018492634893744607,132.51072820938413
97176059.31951255,0.02203039472354496,138.65922918181212
164110831.90116003,0.04604267060484734,66.0174098257698
177432068.74294072,0.052954131015530856,134.23987618301206
92313053.63143116,0.02133937124590253,139.5324981422214
119954915.93910478,0.017145843429369145,65.41896444036531
322809460.6868763,0.0956469795692734,128.22467422654285
254322020.83869278,0.06440634072870521,130.5739091947544
339115720.8585969,0.10778169881705339,74.91990915933147
245844577.93417263,0.03866462740159901,100.12873557057831
132891008.72443354,0.027988182961896712,142.64452145064806
97004929.36834273,0.0199499881077828,70.25778078838987
40161314.17774859,0.00859650267249173,55.53273589635825
314327494.7634591,0.09025121755189235,124.70285049266725
79675208.77781881,0.009195903601917514,106.50170511903376
92885688.71043043,0.02914378830179715,134.0078735086413
211862020.87777758,0.03786554614565886,178.58082434874447
179921488.97849488,0.0425772898957996,70.08444547295184
107863126.03645982,0.03663615707402399,61.37407140187892
159995830.01675075,0.04710198816171889,153.6665496696366
10512290.37057354,-0.0008068254255737308,121.00989785766596
343678271.4960114,0.09747975573430703,178.6226959925262
553935340.9783907,0.14780131218294684,165.04533427813737
130486103.26664573,0.024414910740453252,77.46024450656907
19411554.435538184,0.0020148726458083096,99.00947913304117
63198709.038836844,0.020587633696749194,90.83755405588235
178191455.50932136,0.024114128340582172,126.39179272174796
143352513.27388114,0.029415986180450937,78.09219472639465
155052455.03817248,0.024235264870336753,99.01469258376932
209423062.47766086,0.06039395596938932,163.51486947052845
243927438.08771956,0.07641807155571392,175.67443321677302
77590211.15673804,0.014955087137598602,94.98912214217135
100456564.87444481,0.019990380217222915,126.72232315939365
300039265.8911924,0.07224465831271601,121.83581538901728
343124718.48166543,0.09951308717957406,128.70494802507048
135908002.3898521,0.01879497082075309,144.804223613413
77622382.58588287,0.024021078312612444,49.852126503836885
285292961.7312124,0.068708396770972,147.42981153945533
237306166.38806432,0.05743901710012874,59.65794132682102
169033466.24023306,0.04132365953146844,48.20227731910667
226300129.87827033,0.05474003405276545,44.54003111680192
98144106.44047259,0.015983145823472964,66.6222459819278
205304489.33310667,0.028987540337191826,125.53289156294022
92883507.79410836,0.014395060706107394,108.3820920751373
158420250.0208075,0.02474033477880951,131.0822172462861
127197499.06889421,0.025693130693712728,94.62309332952678
87026288.00753543,0.020841733402038442,150.74114502984042
78332872.76541151,0.01674233087520609,152.59286049503905
62022901.24426411,0.015001199383090994,48.02782770194973
161048393.0267908,0.0479844305616139,134.5132095222218
76534247.33976977,0.023977024285844268,52.2444186692861
153089895.78434813,0.054524792329540016,75.01973918453947
166383677.87497202,0.04762072847884256,74.35045108134263
231911284.18065727,0.048758494743574805,132.76995159672376
140619343.49903548,0.02091385835638884,140.63068771292424
193788149.83232749,0.050167455116610894,80.79603479108707
89965497.34772712,0.013195650622557982,81.58059346377779
89770541.83872986,0.01089681715832864,132.3544599635408
124066151.67925969,0.039758926012501354,94.21759503804864
162811017.42095998,0.04134117662548022,111.59384931755787
208286670.26000065,0.03543717659096601,137.36393417204462
175293773.78207022,0.027126873022426088,96.61425735803537
182443533.8320696,0.03434051370445765,131.9867814626096
144424587.36963788,0.019152132024668797,83.02890815080158
139293400.5596192,0.03667797439526667,52.69530843078797
399424682.6074748,0.10654470734994616,69.60445991630552
76036739.63652384,0.02046863752743156,90.56114092897266
137854961.9082361,0.019670281187163866,74.91881347692066
104407934.04118791,0.03271722285521824,131.95396221226792
235584972.68806353,0.043144177480276553,53.66520384639371
38203649.174131624,0.00981345536702357,100.69936953956669
504561766.7880758,0.15732039008161144,159.2813775516251
85340698.47814919,0.0172382409223457,56.109995874510595
188521822.40021247,0.04924071550942784,81.90192098939573
37094154.64267774,0.009081658335439986,81.77493913889326
94142682.00364837,0.01932371269635242,72.79975063832457
258005704.70653838,0.07043921300026115,145.89114933362754
153287623.64256155,0.04835646048276635,60.61824869529228
171169677.53471828,0.043790565162720715,139.78740635732214
52022851.37851097,0.006402070024207648,146.99561002815724
121461645.70145059,0.025822053933036312,120.6876439546802
168347747.0565017,0.042723124776264575,61.182664883202875
24765680.38274233,0.005104583122033788,124.92360090589246
133205126.71317416,0.03159596936869944,161.85185700802214
257729951.77774793,0.07007484654418156,98.98207701476166
187008508.9877494,0.03189005866506407,136.06175170818798
85023995.84739667,0.019641774544784253,60.4336612389812
134440366.94143352,0.032933543394756425,65.40183971915692
326263102.3771675,0.09312030144746952,150.02795781690108
62779515.89934994,0.014797592944495114,145.54278258419728
91375104.21078885,0.015818779078757925,91.48869085621577
188815566.93559825,0.053905641519496846,140.22047924391623
74557808.72746076,0.0138650280043636,137.79478454922176
528461561.8687972,0.15093859597750753,109.5540697518143
220448814.3283673,0.05764511240941098,115.12909067914083
137512067.67110178,0.02656569928307601,93.4803549260814
108676445.47827557,0.021378453337649296,66.34184036878456
52722629.5313492,0.014566604465538553,71.66629728398476
222388100.83919743,0.06662023477072117,107.75609434441168
162212622.13538778,0.03487392198980564,62.73723160966899
305912194.8294583,0.09068530846121743,86.21874848181062
262494062.73840448,0.04720364783949319,69.02372878609607
134784108.6504673,0.04210911236832379,141.60315852419959
147767007.60880923,0.04079007885558036,53.74520868629538
309764245.11987424,0.09671500395272475,85.90858244882689
235566951.54786912,0.059057225738545834,149.29266667955386
143315230.87363613,0.0391765177187951,66.94837050413206
275777675.10824585,0.09112268502652184,43.9844924716149
136294668.18893248,0.03130366665615961,54.410576118686
245080547.3893469,0.07663415526668828,154.2344519818743
51184567.30292575,0.006895541154495421,63.80839224281952
215548808.45866352,0.02598472361544747,97.89813471393616
41345549.84970282,0.01290971518727343,49.4252177162529
129068703.29389903,0.028378640524416267,148.578798948752
117039797.35551998,0.014725878864429123,159.8873085970603
142964189.4183237,0.023260625933588634,153.5299602991289
183509472.2132246,0.05909510936272474,82.06882486019461
96817033.46287613,0.01774696411610976,45.99685655094632
162390482.52086782,0.04284894292862441,57.83102649883788
404156378.33130926,0.10389447537182273,139.25768430458774
120519481.4914797,0.023752584047743528,125.92444025125594
578923871.9040958,0.17891703932739358,124.07828425671752
325327643.6368041,0.06967801298302165,162.06326509582715
104803991.64144722,0.03363684110146008,157.36829739078334
68330422.00514986,0.017700163281917994,88.15226503044971
180359985.10937583,0.03312264801567119,124.02723321756905
47962022.026169166,0.013028504971663898,144.25332031230516
309877507.77141273,0.07955799571600217,120.54547298248687
156874933.33104867,0.03934369464526838,67.74331971392589
160383901.9537931,0.05360782807469995,138.33633796007692
145917601.72599286,0.015968309757155706,95.88299935532879
93914598.78895864,0.029194375337111524,88.21806598474565
190276313.72453314,0.0644771854278949,177.80528907986607
393896414.8594263,0.098611598455768,125.08096239557591
134406225.48478052,0.027557291138934837,104.56307321480459
33701924.436154515,0.00742394858100841,96.28851606578749
174934658.86564118,0.04080187139065626,47.94490359731674
475206148.7679667,0.14733558624631216,114.19184284480491
92096852.87886009,0.01598934393368817,50.71557507330265
232314385.9403041,0.08255959019800935,72.8062821188016
152847051.27414125,0.026238243799312555,86.00077349302285
118609459.22885261,0.011106958113085817,88.3176686972385
219550442.1005453,0.07357759586206036,128.42207491748766
206699634.63830888,0.056539731596233406,52.47583379324893
167762859.85748303,0.026568551711946914,77.66740050693116
264146472.79430598,0.07466976994403668,153.42463118689784
195411363.1309223,0.06504838861298179,144.08722792744217
267908548.2933935,0.07208850634085258,147.67395354091403
47014940.9803938,0.009073029557690473,116.19907072442592
166760907.0730938,0.05400807059878233,42.526878731320245
311513248.22545445,0.08969551169216532,64.64818418711711
66517947.48501009,0.018037543053893434,124.9780865732211
331965054.24919134,0.10235244666146241,154.4940055847895
253928163.25914818,0.03124444026146489,149.58158286952283
156539958.4706012,0.04326433951698753,146.76087808205514
91623968.41514066,0.01178470869488173,142.21625326787398
120939283.10269679,0.029494719875181836,65.060376908777
140703829.68827164,0.040236705357908964,162.65766825042374
258123297.90259415,0.04993790994022539,157.8228051458046
188605929.58032876,0.03304402668360164,159.56091112478254
161391106.9825396,0.04375076533664938,154.21274744102448
86227284.60669066,0.017997888980365587,132.32291942517173
158745507.64645112,0.04167652601613366,119.87617918525696
147759301.37151495,0.0308332413562647,131.60272317857385
211288722.10841432,0.06400757098826072,63.60477911274447
312343045.4035766,0.09833386718399129,78.85250017402652
340677937.16249126,0.08323779247986204,178.28936231623396
149120344.4516285,0.027618019619086123,164.16372142782396
272836633.6557909,0.08405850189440467,140.5576005032619
264405284.73558438,0.07668563201641919,63.69729416455378
196132370.35782975,0.04034360554041375,158.3866907041624
128918717.13496935,0.01620883559306148,144.8450071897987
66423784.433528185,0.01246681206135202,64.50390812984058
404159138.6172358,0.12548497733567293,151.51627562138387
143152280.80076653,0.04076946790669415,55.08938177004652
214474897.5103289,0.03820034158794963,161.68090562990372
58449515.98186544,0.013999843361454005,155.50214272121445
25413009.73772933,0.008214656602686813,57.58496305307592
169627795.5502475,0.04651267133022012,87.31654081710234
145879118.0931324,0.039478623244483514,143.35376321389646
201064942.14124274,0.056695790213124896,130.91061896667472
141609180.6851147,0.0365326208256154,151.18309502090048
145103543.9023894,0.03483539985657922,64.62296212775544
72706468.10773511,0.017526711220554783,58.470698944490294
145970543.64145112,0.04376079503227852,78.49845794588295
252049698.89188403,0.06362284001164226,60.37628588842311
214644097.81874982,0.05949348853829242,78.36682916121622
201928345.6182583,0.05768965956097678,162.3548870262459
99907927.58088258,0.01884479661871165,65.0593933897305
241879266.9391591,0.0641609708319867,126.49727861828633
319023535.694017,0.07686401613733122,150.50496921831808
77342151.9440282,0.02566935678003799,78.66979329211637
163585189.9982843,0.050001633469648234,52.8468083596789
136256765.50956464,0.03719988991955562,146.70522075184672
46554639.84225976,0.013659875872375911,106.76044146044296
209741898.10772857,0.05950167388289217,153.43347669113243
65991619.024500474,0.012508738464772507,34.210248757027685
147137446.65650904,0.040176821052343305,114.48102557950415
159648901.2702022,0.03316893634552848,109.78947723225855
169647406.1343909,0.038284400621573435,84.01961838252835
291660752.1025523,0.0361661417701308,171.2072422691774
110816396.1319094,0.03463604983051244,87.1821688759732
344397273.3339861,0.09441646422446962,147.80306952741665
78024370.5549505,0.014252723947503234,156.84712292005625
65794897.193112224,0.018849775710741867,69.50266188698376
399493206.123169,0.10848786746591026,45.95012628849647
161715045.26221424,0.032810098471535244,172.63283670413122
101023265.19524014,0.018151342344061086,37.363290484585704
317731083.85393167,0.07538390025530577,142.22396873167915
101277704.10043043,0.01754184426014012,130.38141236775962
144180540.1513847,0.04758683512550157,66.87995303997673
129769098.37750554,0.039025181718997416,135.02833561585996
67593995.60817514,0.020392355437275935,148.25348175198147
128399748.0674253,0.024691292917668684,161.98477830702709
266383773.65361756,0.07931981600590152,56.767049348878764
93778909.19195983,0.029031393534317343,158.66298956918806
117213796.51064068,0.02227568187461683,153.34698025868946
553232455.9117236,0.17115862347303198,75.25968837270675
172466286.83747998,0.04268854484445326,145.29948992415504
86707112.11689591,0.021403285138949693,45.92479665003041
82061926.95223759,0.013748800294557863,95.30652591526207
261179485.390766,0.06455982236887922,126.07447064412783
84850556.45379218,0.014024179360501222,129.14136082353264
123246853.47356573,0.024769319457705295,155.92582959689062
153754490.63405237,0.03346816064570645,64.9945875200492
251462713.328936,0.0880323012098748,155.68506964064383
326415259.00307107,0.06334458280249568,101.62400959999147
139023953.66273454,0.04282146960624279,69.80687478084285
142820811.31275624,0.033495866584948256,100.5336015876668
61844828.49605638,0.018495722612516707,60.27618012388122
321333035.81729114,0.09268568437745617,135.8791414070383
187883930.32526547,0.03058543204286406,135.62317369886543
135715265.16080096,0.016058071608000962,57.18763186840481
200284495.53155035,0.037068691026229665,146.69236462224524
567745983.118022,0.18704315734260538,65.56975013825178
306776619.63146365,0.052017285001874004,148.84606122177445
100185016.84610039,0.03382424470703438,81.63720819376452
191578921.1340937,0.02895343277570463,108.71999145289873
44789934.02059281,0.013574982782184213,122.91919780023582
86821567.33565423,0.025465137800235835,64.83208816354872
186473871.84542602,0.045978809264426185,148.41919840544517
199836344.53450462,0.06920018932311395,151.77192491617117
523835943.05177057,0.12916255048208006,161.96375923700933
268261629.3586334,0.05325228243321978,136.65319214908206
152161692.88278168,0.021469020693977794,81.77562197443956
131795214.86859591,0.03368818163914918,128.51960534154478
193997649.39269042,0.03978129192620649,85.78801896920936
260747880.13608742,0.08096984778723022,148.73389520919986
171943197.3388963,0.04316338047128321,77.61393096229124
115103338.38782331,0.02214104785535303,165.3608240228628
182606941.17745888,0.03786137171216277,119.87616065282482
153212307.595796,0.034674302470485904,62.54372371877944
544431136.5993571,0.1672555139314018,48.89477017563974
136507164.49521822,0.031689719601631396,132.53228160465548
62900163.91137998,0.014892660862426845,67.82406790594217
188498812.29664272,0.052429967805934376,90.67789950326663
168917947.20550272,0.03988730947038812,181.15990160253176
213667971.95779216,0.028559504665296234,81.7797316934772
274865526.42947805,0.042059880279771096,123.49389629987816
109452664.81439346,0.031922739120854464,65.90571363670384
136217029.41749448,0.029180926835499697,75.78148543354293
319473623.16761255,0.09910615033200583,95.97253142711223
241401549.4801731,0.056531267861354324,159.50022283156764
225511416.3216012,0.05037914140117818,118.32610480058679
75788257.21857294,0.017265140155361895,181.0994109338473
282685493.6584357,0.08222001818975117,63.179786916099
274037997.0352874,0.04540496053161831,52.22519967695766
346407241.6280723,0.07543354399788793,138.39593492228585
153020941.41686687,0.03947381450409097,80.44711320010444
194973397.6372478,0.028429520872995658,89.09770659667592
69421692.59946376,0.015595006197694364,127.94782702461819
437140598.9854161,0.08880676890010006,66.1583765423594
176160529.9545291,0.04829322585341793,68.83507361865793
313634734.54783833,0.07563014046555545,151.4550081947446
41843695.955042146,0.006474274552628389,171.9876266878838
112512597.18753031,0.026534842265577393,141.87627350644357
91086286.42012042,0.014500558462719224,136.51882512949086
72734832.66589192,0.010331389684799496,52.22466651020453
225914891.58620906,0.06920878912260013,120.03910512596543
194768057.87608168,0.04791685046927489,79.9978936831065
330473913.15478617,0.09682506591657487,108.17219081545163
244986196.8936448,0.06990434157452502,82.66180969150075
229814557.06094962,0.05110886483523557,139.86785121904126
112890692.34841686,0.03900070753480395,76.61536554775707
81177172.69063196,0.018490044344984635,64.20325949386343
346876810.84358597,0.09978439084951445,141.41816037704598
581490987.0862179,0.10041097218961127,108.77615514876847
137429466.57189864,0.02521015416349669,87.98933590451173
47122042.0782792,0.009208688108425577,158.22790986657424
78672108.83156458,0.007584117519053187,174.74779516943124
261130744.7173342,0.027388744353900926,98.87106750203085
196351826.32579693,0.025359612591098247,113.27507852592176
330421277.3621874,0.09702435926007041,140.30038380666048
84106001.48126881,0.010822522538242733,66.16876653706085
69344260.54542324,0.013893449922714728,149.92913590245414
227644598.65462363,0.04124088377150665,125.66708512013841
45031052.59627099,0.012045922080874742,84.96607028320291
140927732.08198917,0.03418822791449151,139.0710995427047
3687605.22763737,-0.0008669937792306657,87.90654794644293
244429802.3422479,0.05412509730587651,150.90237914449176
104114739.81859538,0.007499328346922138,137.4050888621961
187579962.82529053,0.03385369985978692,81.82241994150675
183650782.42628682,0.05254930105626822,160.5050860516924
170266961.18239978,0.0365769540687607,146.87969609037026
192826502.1314478,0.03912409323908433,164.87896995384412
77341022.86262962,0.020970209475224415,59.53479333349881
189251170.27324837,0.030315576978364393,166.69391977338853
165344827.41587132,0.05679542389061178,98.71362586945347
333824891.19928074,0.07323790923382371,61.23155248797758
132420341.74086346,0.045788564922042696,78.87552353164524
430114168.21867144,0.12290538818528225,136.90546901281078
82462169.67923215,0.012465157689606128,69.92081644949013
86162667.64087369,0.016782370345875208,78.77788663875246
257006830.72751844,0.042774349246243876,119.35506021909502
84309469.58390349,0.015998293853286792,75.68856122348373
95563938.80368637,0.024127398218336503,85.85158951886397
437483527.1417351,0.09611993984491786,138.9155714799078
140401548.08705354,0.03335679880358488,46.593682826868275
84139323.88935478,0.019054139065641296,52.57445483747689
93878752.73660335,0.011408054689812035,129.5005332173984
252779984.11070788,0.0821383740297761,130.30008420576848
69449818.80321027,0.016414653556599684,120.01539760600718
110389630.8657597,0.01834553849480482,96.05048178345162
59327245.51232092,0.010641001616063142,127.1751607168472
77371451.90790004,0.024112611729719503,79.16332274049292
147011169.08786505,0.030659847431819466,69.73492120680517
54737885.98572392,0.00669982527060037,150.11290637506582
187182401.2645536,0.025181433687589506,92.9654687207122
121420151.25599241,0.03369225594731428,108.42928468816069
138248684.74152195,0.038538754978486744,61.11211209679118
91874903.41227525,0.020840357868380746,148.25129815213188
291198749.40706736,0.07671293877442431,136.32593276378728
312058366.31193554,0.060742429625273146,195.00422506777588
381806015.490496,0.11870507203001741,70.79681512829666
69588339.64770482,0.005807257130667212,83.39521019934678
151177385.9527071,0.024411204672625007,139.72199414925362
243074759.83304447,0.05819131118294737,101.11882098434282
128210838.25813374,0.02273073599353853,90.33260491405471
86275139.22633944,0.015569089278495202,42.084729455966645
174919610.11652464,0.039939780065158866,106.71934886798655
168208449.44425902,0.04260554230792605,122.05191443244517
144402048.35693893,0.03633484958152907,58.709219510784564
325907332.01363814,0.0826790519344179,67.34456938317247
74333739.25901125,0.016648645078548196,50.05908529382511
264143506.35556614,0.06792709844875956,91.23475639277696
124864059.64224152,0.027536031658478323,65.02766366446555
247102893.4742967,0.08578491210322281,82.4430064013191
290598890.7429753,0.07561987045426273,173.56770534105212
145649086.2725414,0.025545114011808968,104.78778629086236
263064933.68409875,0.0644460245206648,99.91592283561229
202469240.21509093,0.05756997924238426,75.68662020639711
29329792.938924327,0.008157918913550562,74.31397503065591
304045110.4908225,0.07123998067429205,149.73317405533044
127606873.45452753,0.03452313815317105,160.37967169980422
133795553.64333114,0.02415411135976015,119.72143036145883
77751879.98330878,0.01683748120063481,47.41734413786452
56034764.80261424,0.01633705517203336,145.9100765753724
211413104.21750042,0.06150778778694045,149.95773954033342
163539016.73448712,0.042491502069221594,128.1991692025006
285465074.1147572,0.09562390160555959,137.20381663481317
139863016.9461396,0.024872807562328847,70.93676169733774
269807591.17106616,0.09615327615105428,168.0991152721338
90193539.04201186,0.016502275575638617,112.71671160361223
396021788.7044288,0.10970443579981017,140.90556159320724
90847978.66583116,0.013733425950573898,71.02275047304863
218259678.94165713,0.05183920884815409,149.4119894747302
37056056.5706334,0.004350975552149265,194.06257737400597
186158272.68928492,0.025184129782933978,155.27852113788074
143584139.29537052,0.030573904173639394,53.371908630503995
116545314.10456252,0.026714256870366413,143.0409192616742
160864258.36952817,0.03946487613804143,67.9151364975867
267673831.34362075,0.06654292619150526,126.3762011391213
171551799.77095056,0.04491628560653849,128.70952904484628
464082680.7696053,0.1551149073893308,179.30900781197153
295495551.6331957,0.08768286654037023,54.374281894011105
180562463.2315432,0.06389102812154583,86.98797020046948
247732247.78768745,0.0443515134317987,118.91715060750352
219899093.79416752,0.05968757877019108,84.46487230896808
100893721.57234293,0.02470097925371847,146.4475767041423
112516881.05774508,0.016085606521346156,89.25113930603084
276659610.11068475,0.07882726953701026,88.76435022038902
90517794.71339348,0.019433864751082948,76.39614504652634
208907933.68441737,0.053286952932778395,132.8205279035567
33783387.05748253,0.008306211745954833,157.51660761349478
204839249.5843214,0.036291737854606265,157.17884189402304
266122253.5250867,0.07892067764662801,59.99486591457765
193541493.36637014,0.05672489997309393,56.48880713016209
246308447.43529803,0.07336598972386028,58.46527019297003
50613411.16355881,0.008435138362819845,140.73887565377905
102244406.11363113,0.023429293316008754,96.06625658857214
54162215.91292551,0.008378345224701163,72.47324930835015
440557943.67289305,0.12742091432287042,143.67730542445844
164557411.41299173,0.053355127505275365,100.01011699720583
73518650.23292716,0.021656859953811832,74.60329475198664
52225945.54191147,0.005295865316918793,101.40633598410693
284414126.01421964,0.08559196338904168,91.00361629875815
60844629.13563348,0.016955883325791746,144.9187671821315
260126718.95800713,0.078522012261401,75.83577597162032
60760074.26614055,0.007788890766534935,64.91078305574592
68382190.1150715,0.012553594156175157,131.9205837646258
116671381.38900487,0.031114222832317403,141.5103295960898
227706649.93011987,0.053209361128346525,106.08892291951783
160125624.115346,0.049847066673626046,135.24809593984205
114775496.94898948,0.027890852214988014,67.7429828540869
96369185.75016683,0.01582421488204831,84.66930496113632
250410543.5794644,0.06608074880544608,55.22158296775566
69898193.17055924,0.015121552252185932,82.33861146581246
176966628.2119589,0.04222790724882826,63.48443978735028
395350842.4287038,0.10933790996648428,157.24972622492518
149132957.3034081,0.032818478388528936,122.28924883014292
293685433.17136705,0.08776641940986049,60.289359064629494
160741291.8125104,0.05008172399968266,153.83134766106105
123681254.1901564,0.02471319501009177,127.46508757013227
68130353.01735888,0.02228815058504995,77.31818631528782
245432441.59864974,0.05093157566482515,100.31173780052949
314307993.6383186,0.11139226922036989,105.30065716553858
242181078.74855086,0.0603007273866346,182.84728215940297
116296133.42924851,0.02068282059125879,139.47735502657494
119068233.47262368,0.023080040917229722,149.8600856242519
190985978.86953887,0.049718183355127225,158.93149121550323
108644722.36176369,0.0352852432389513,148.47407140126103
283373476.0576016,0.08684372520667522,55.02545027314552
38378415.07399479,0.004698831610950991,56.9194805684517
265874183.05135515,0.07196305882606954,55.20330025637626
259910383.7880303,0.07275306399914988,152.4858532795794
164574262.0217498,0.01784648160180103,70.36301448235679
97247378.58036304,0.022623223403863538,169.33408670770115
100881849.24302287,0.024161234605547473,151.52340010193342
30859420.963320598,0.001996260988519671,175.25960136680973
36729435.09638314,0.008715024174563178,73.50920553791981
241687183.4490384,0.048681144923495984,42.28486155328371
125657087.83803996,0.026020547424070326,80.56420851266208
481219169.31429994,0.14239821829601806,79.22897258051083
260623235.42332655,0.08607386204264451,162.74217718982067
262418743.50851518,0.08018890736531718,148.92841402185059
250180377.07094184,0.06576808836636001,114.10304628907653
141318486.60932586,0.016166479550757503,136.889126939375
145115053.99921536,0.02541923056393167,116.77485597766287
185896135.79307282,0.05142786877387972,132.3347954748634
112811016.67555958,0.034046275262101834,141.77968944262298
78539540.87750967,0.017243214115717286,120.2124353561798
86791233.32089609,0.019288686324168587,49.846904092561296
85889117.49433105,0.01673865802706882,164.56293717489837
166304731.008682,0.029631867927440082,72.4256704115781
315993693.1025381,0.07921441293877102,113.34945086713243
149488200.12980402,0.029198531124794862,94.44892254000753
56015810.32641867,0.012907022436848358,35.493420880811826
118887618.55517522,0.03827631233652175,145.78382222579677
320203180.76866317,0.08383110903166924,59.517135481284
40420036.65576789,0.012881555204163817,107.07677211830791
142673943.38261515,0.01650481846348837,140.75737679428224
60225076.87093562,0.008500506760580796,86.65918185152684
208794080.7863038,0.049450154175360236,102.90038763567956
103171107.05979034,0.023800599206750848,147.61803665821463
291274107.1656149,0.07560949738405258,163.00008335212007
78210210.25672522,0.025216948761301077,94.54306632270503
45600191.975700594,0.008098267855407211,166.7056786369506
270161788.19272965,0.0662298625794153,38.03506960340449
119127005.5280516,0.028114882668016244,44.50563220601363
75837792.9706984,0.011698042634059694,131.79554978140723
157628409.8038316,0.04876872264329293,48.335961366572604
189032972.9342541,0.02722434925302417,145.4100293859663
181501844.60791212,0.03511493672997756,98.32779401640893
342426264.15554035,0.10473522915386382,94.50941438270459
169805552.41278172,0.02375391923688109,151.33608167362462
378290194.8310478,0.11342064090093268,123.76238278332127
224402294.17315423,0.04383472416189778,113.60232655183259
120719885.243609,0.02789312077953693,134.23387260797452
71068323.11480021,0.023152872813496567,46.99147058675224
167989449.32372388,0.03742142503833051,160.83342289248955
302754063.1635408,0.07686456810508982,125.30743858221902
299241550.18355983,0.057602931802056966,161.3694349248284
73103501.49651429,0.018197123082623983,147.98141370262456
152224484.0581386,0.02723890977895498,47.61416075988065
272274816.4575117,0.07098883357874503,120.46097388795185
37191672.75846616,0.010444755474750626,66.39426403734718
60216232.87271695,0.01135636169547151,166.7601224309655
197136984.44385558,0.04819996509939976,158.66967994010542
305609230.9287606,0.09494838843769604,61.57231059808267
136891216.89226666,0.039211140064160536,82.96434910916379
154242174.69802654,0.03595781115965153,86.787547795602
217764916.80964243,0.036965898138828376,151.14914202522982
53608181.97912909,0.015312751639465801,70.14448708236593
238142386.52337283,0.05908830979949038,88.49976563776316
43694507.063630484,0.004971580205309632,128.88099484802868
134626654.3946759,0.029967037447182404,164.01113066608525
164013057.48360175,0.03382797548099083,109.56206578133283
115969766.85815594,0.019209884903180794,148.38414146575627
119255525.26418611,0.021924372540333522,158.83068106012576
139465542.25994623,0.027008319215537292,81.92123197337416
118113969.99578485,0.022074359019785796,87.94208442675922
308136011.3782867,0.09172991133901644,113.41111123528165
118284381.28890921,0.019493899523330006,91.41286234651417
143405747.08830425,0.02688295558142565,87.08970460893163
87698980.48540555,0.02433747662978099,125.55341770926623
377162031.8561038,0.08937102002003139,143.01210508289327
414158929.7723239,0.1136008956757615,131.71397908682732
118681221.5972236,0.03780170375882339,58.47289973079681
148869415.91797322,0.016811671307244685,61.0079658433006
278420708.1950267,0.06316068927571851,57.854550113981084
140022975.99780276,0.022450865729960016,131.0824416317826
209176205.63054782,0.07115036954972526,72.07163729571765
103112906.65849885,0.029033057467251204,167.69429234981996
248380445.2821073,0.027557844937401994,142.81532800612197
544435445.8357066,0.18633181061216567,65.64570133902411
40899026.662774175,0.006602135996020382,116.57611424920373
147379886.07676494,0.01618958480828252,153.53238306763046
109071052.33408482,0.02087327211983909,145.81814448195797
82659379.6086852,0.024651350744743797,165.98570140433614
236217241.46500844,0.06872888339415148,69.17120902378669
105914914.80694495,0.012950909504021302,156.61744077256319
89420030.05946298,0.029855363103287503,75.59560607962977
168474414.79822955,0.05660770373638165,143.2272778769195
101662451.11686558,0.028316404192426422,105.6330166620118
241649268.95683208,0.04171771922198138,51.46837155791358
157125085.77431905,0.037374869974913155,148.78699289293434
120773972.77241838,0.03167528705035977,139.41426075870015
190606025.68104297,0.0438086202513054,112.16980376808523
347257884.2245654,0.10528696739141336,76.02152903383852
192307083.60685313,0.05151319740145865,90.44754250453028
172849303.7764117,0.04575891335144251,137.47015751311886
111693999.05498865,0.02513181527170726,179.65404523060465
146172937.0984639,0.02397987266541009,61.08496809351766
158498772.64927775,0.02841139765781592,139.0249210787311
163972168.54553863,0.05575834383514243,81.15423455054558
92865342.96349151,0.023473457368278397,68.16988620508198
38270183.22658392,0.012022194584751959,74.97747343403105
25685907.18388571,0.0027554969954408106,157.52998684753538
228075596.1822253,0.050363357700344225,102.5752768736634
183161679.29065213,0.03129988110093476,75.58710170090977
117912178.06825525,0.03388831052666015,130.67922266907806
209574012.98277506,0.05796189827299306,98.16271972698416
103255199.92177007,0.02067173187774897,65.60327107792283
125117152.40139842,0.02052432287137345,138.8585069111109
301655990.02149236,0.08861445342373489,79.97514035148286
130909489.56648028,0.018035114368573236,68.99855315348697
208920288.31878692,0.05186926655632611,72.16968088058569
271184807.2234494,0.04400437125426422,167.53398078139602
170082226.10451913,0.03661374656203976,150.54128141761
270710373.90532196,0.04787134152308355,166.00481700933054
167147520.49172127,0.025022697944046237,87.96276304104343
255917293.35753953,0.0801912485329879,66.16535901788973
105832571.41925788,0.026038990228267053,160.57994510576398
20710304.470032573,0.005783636724791791,105.17207959880191
172105280.3699386,0.036670260410244765,126.6449667639611
99496397.45598112,0.024758226028635765,66.44308829042305
125896610.62492251,0.01847275736290488,51.225343124880446
63704736.94459407,0.011858699408922388,68.88843358065809
294484395.8530423,0.08400539354724242,53.52936792581509
141646904.23296404,0.03281043378582013,64.71604845860675
68676932.68648867,0.008894931205098012,172.47030823115534
90029898.96336976,0.012911484473324424,96.81757630653094
184191061.12077528,0.062271404719086605,70.00654692615323
258698773.13576663,0.05881483649690003,152.34774167767182
116342794.60602331,0.020490892054586086,78.73632879538002
157004294.98001462,0.03427267568881061,160.52969163596018
302850579.19772345,0.09115736713214136,158.40241695073811
257744594.43528908,0.04668443883421322,68.9359589044417
103369469.60823351,0.019269837696061463,109.11420208994873
161540258.19870603,0.04612830400787701,143.5396665026948
224943202.85755628,0.06208008616509526,48.208691746296104
93360659.1190711,0.016292401010677658,85.17420073399173
132886439.75520554,0.01493988789964643,81.361221230741
217630510.03745836,0.07266417424056619,164.43141407289306
401939967.3711779,0.10273400670778747,132.06779432833562
275457099.23050773,0.057506258671669766,156.03249934607592
416608641.55741674,0.10986303827601936,138.99432332537194
177399363.82148442,0.030937144429403044,165.11410050679382
198061004.7105524,0.046724869465985676,122.18051203240341
175386826.62158206,0.0237936247580423,51.90928864244774
135283963.42860058,0.036129295906398094,170.27551549611152
182520011.47609615,0.044185644462897605,60.09011958333185
75991096.53256014,0.02187737032319243,174.46632074391513
184099510.38959455,0.037964108734786346,141.06757757120815
76203821.36216448,0.02552743495318419,139.07076522585243
213549250.6727492,0.0731692666937013,117.56020986417468
290351788.6045835,0.08010416822038692,118.58368628855595
71907851.85443333,0.01305738976138419,77.1954980648679
226720879.806494,0.07730408639080107,114.70369269597941
133114988.93737935,0.02887125470203666,73.01456659576384
99786070.74044602,0.02865341328435321,48.06626401059097
133070922.78968862,0.03178011317997128,147.4095038574118
54520739.74322231,0.012656516064863725,146.84281062234604
207378676.8819151,0.04022203413869551,163.752034144356
299665643.8136841,0.07682600300462449,134.87620310003416
181569433.60603404,0.028631188445267783,71.27858010940687
195324457.63092145,0.03392457939715814,134.76528617384736
217280414.32215428,0.049955001323954126,135.13688535890145
231687637.90357196,0.032483877947673226,122.99151720279072
113991533.24387299,0.021765436086713524,140.9786681912072
249374567.15624785,0.06047257725431665,67.65641529256045
381502881.41841674,0.1178856185707425,148.50873003394005
192131778.4036219,0.053335465251008234,139.39992778371476
140077779.1697416,0.042822208179302976,154.8608625011614
151429480.19258088,0.03734011851900899,157.617192936386
225648230.3552705,0.0674602471376828,77.20508454239081
156493994.10779962,0.03869429370273358,77.4762502848568
97088590.12305745,0.02406856367429083,61.3018584184619
138574453.3717162,0.023672027432888623,135.78993515691792
286062552.835104,0.079387383208119,167.35085367670587
152401465.81386077,0.027032348880789286,138.85833442245715
405938410.30101234,0.09962595037145866,170.06049288183024
178780146.51920235,0.027955791911168208,168.79464706912015
125936313.70085973,0.024476457143995586,141.85343232291183
111854574.83001994,0.030253275216159493,140.72636169064293
110200772.05214666,0.033533283431352735,73.48798390470499
156773380.59613568,0.05347899820634607,67.19523838216656
242391965.21425653,0.05627619287977817,73.17900949923876
92426093.53781474,0.023867666384769358,90.81839842353767
164543083.77750444,0.053797646735240366,39.404048782629545
293289739.7934854,0.08627666656207703,123.64187898482898
347573277.3414991,0.09835804692443527,103.1884624945503
185479262.80877215,0.04752591996119094,85.46676852352074
144946875.8253917,0.03681455461422991,69.22282953588395
217042913.251913,0.056460614281835755,171.44174032143601
363879538.28536236,0.06055123074628614,194.8518400662562
100108048.05518462,0.026253608033243944,157.25185713600226
272481313.07707214,0.0772016921810589,93.8245607912671
53147530.19004798,0.007007585424305969,68.52003211896864
114404081.49234775,0.01834012862862979,160.23743122050544
135516446.86771753,0.031017135846488245,72.71069554855961
95313855.73061538,0.021687375302665624,94.01843740389593
110337759.61734559,0.02299915459644167,64.43296124661902
287982913.1787008,0.0718659336665018,151.38489959481507
137725886.38196638,0.041623364209557964,83.98654368761854
119504398.46850051,0.02717458523489239,130.9351105867577
103164691.16578874,0.020820402630137978,143.27506189453567
57777592.59911032,0.01050432948571889,52.089947943087274
173936964.57170957,0.0543533458189811,109.62361923089897
199419057.180662,0.05074352921383583,182.42042547227186
338393837.2023845,0.11124749293339463,47.62153276917409
87095596.28116867,0.024238227013064603,122.98236800434614
60980070.790400594,0.011640926859524971,42.30818321324493
154039542.97853914,0.05396490195960541,90.78778884748114
100236042.64638071,0.02547855687302363,146.91425259381106
297171279.99787134,0.08834636845978276,127.14321788870919
313508149.77241373,0.09225636750270912,58.825145056045756
81317663.94468582,0.01141138502906236,124.58034658111738
231475377.94839817,0.07139392357279822,104.7487772086902
127826131.56497401,0.018018371767663036,65.50416282941477
93227161.7702435,0.02421209548178131,153.2128656788786
78896962.95243514,0.013707173424983942,169.4152057920822
90114389.10794625,0.018486925715493173,140.19288326035783
353071316.46420544,0.08016250659452129,165.47839202433624
82895639.10889487,0.02743687540461428,54.24187994152879
122656417.76782794,0.019943861923892595,56.67867423353477
175441091.7592158,0.0515005129800025,60.494787293221364
217792567.79843324,0.04718063293004583,167.89610422339166
90275566.20070511,0.02235634582612744,89.37354976791849
165419595.8785444,0.04159083610175978,42.62559600150119
125349132.46010953,0.04388823083975634,74.31485837896317
273401647.1152179,0.07770801312698354,80.41190229004631
116782763.22476119,0.029259290470890632,125.87020811378572
440578910.3982185,0.12430507090396331,135.10082156899202
158308322.16245434,0.04150900554002804,83.89943436886978
176932133.53554824,0.04283032866186846,112.41433979621577
164829984.42314336,0.02873971640252596,135.53467539651712
289726431.3671205,0.054768006240794594,113.04864728738697
54849925.2340357,0.010199149534029922,52.876927882762814
104153753.20847401,0.025439681755349795,78.63098754190102
109712610.3847389,0.02097795164718373,152.30740892356332
194634674.8454699,0.06785388039908875,84.31877445786093
86020779.11085376,0.019565822571859282,39.20031931650516
194867856.71868423,0.03722875914595667,54.08005186261684
131309626.04659347,0.021530323513332245,73.07257720885315
64093273.899612755,0.008284472257379234,154.61366838457153
129693443.95106247,0.033521092078460074,95.14307484254671
57059014.30729902,0.012713949958306697,60.4702361801424
209760401.18948966,0.032508686692341374,129.51184168575702
133335678.48287208,0.039042635631865046,56.971905440519876
116258075.66554534,0.02311655469767987,180.24210057858568
75365802.70338768,0.01877131577476231,102.35184470986792
154784317.4278967,0.039762470706252405,126.33541732546516
105334873.45824668,0.020509318207579598,71.2376576376596
199647140.7376591,0.047172314058594275,51.16020654770348
74399235.2429964,0.0207296024116025,88.02771859581235
125076733.66254339,0.016173134701116993,40.964962270102724
160009580.325983,0.03584709111464462,62.70225081254319
152591961.2939385,0.025504018237676885,83.91699075436742
324893363.55260146,0.09121416703944969,148.85177017084837
141810191.89868948,0.02803773264956646,84.720711203516
284490525.1959131,0.0807201337251935,107.43302364840704
306815995.7972246,0.10841225229074361,122.29980875657566
245123945.217079,0.06035758093074572,44.328130029702166
336826340.5606723,0.06750202890705462,134.114270052939
381731135.80638325,0.10227454346481205,159.070083222937
131793866.55526543,0.03357441781951005,50.3247775756196
137163685.89856353,0.03754825241213709,158.4803364179569
92507809.09698537,0.013916062725869129,104.1958410912636
208934110.3042689,0.049871252237227,147.74618449721737
56506429.14800553,0.013518329514050237,113.54458770517817
363616862.523543,0.10133496024392706,100.33993141310911
99067212.77358413,0.01649696893545198,73.73818439703945
102779983.66429189,0.02211990078002298,160.51672088224717
30816281.268352717,0.0075549033451293695,83.6702294246318
88310366.8893892,0.014686938434748125,137.23657135930347
172282102.51078838,0.03340845153134555,56.77816345043383
347040789.28092694,0.10396808913556904,133.16559342149293
99347477.44324529,0.02653384890432489,148.618003604623
152683564.40926117,0.03307414969891917,139.48725322401273
104168146.82828766,0.026828195488622097,84.80408244675708
203643273.3152697,0.04955855928460974,52.970804580472134
135868721.90144643,0.014038362095674297,79.85087438639073
114930145.2040377,0.02079548817894376,47.8043535880847
208114046.35811067,0.04881822540403962,172.77075259875335
88767358.12810698,0.02714795871230461,65.26523570607193
218576925.8113917,0.06080937159407755,69.24301416304891
131061447.64571702,0.015010938953286902,176.97761840866397
30855913.29769215,0.008719098385386778,95.68350069704884
222890336.12809312,0.0434729962003334,137.85239094904944
246653162.05807462,0.05692434096040669,161.57472976307577
131020873.64698741,0.03619461480422102,66.55695713333088
91865157.97994913,0.024302001278655023,134.05414886160207
271688827.57446307,0.06865465543126864,82.56563998317316
53146159.59132009,0.017027964481015814,144.85406710035022
268983831.58450526,0.09610037491462803,59.81822543594757
204668647.2303853,0.07353428899443705,157.22648622554075
68151132.03181303,0.010805880783721928,88.14201089476781
287147847.8075867,0.09506946327073208,99.29334815677318
197297160.52375606,0.04403474255958919,167.79589852834312
158094312.38782626,0.04384256396477125,153.586364583249
146984304.99862432,0.03409125530527038,57.61250565069566
47703868.4741694,0.015835945520485874,106.77158082594795
357863115.21238667,0.11917651691689508,137.5530272682093
140308470.8981539,0.04128575329260713,72.74003076413541
292109908.0568397,0.06256705865575908,167.93851221583893
175866075.95449406,0.018499691317084052,84.47062506237721
118827718.59831816,0.030246480856960654,67.30298037272121
271706416.552683,0.03944971577972798,83.99703136765989
462003270.2699452,0.10333805041313442,139.46391022761273
74548301.87772563,0.014035164322978251,139.67267654435886
99418673.3962492,0.032405887234013775,85.18576953373565
245050265.63670814,0.05714192648062672,59.097526411415
228461278.35349196,0.049836421360462096,154.49380095300083
122063032.55190359,0.017543049855200336,67.7259934057376
102678899.75827628,0.03613850380343652,72.29046560244235
172578125.52937078,0.032958787044597204,165.83194089601378
397824998.811926,0.08275114691979094,140.84350918102564
231394385.64431736,0.0694997013816109,130.25885267545212
105756806.93302876,0.014235785476906628,44.0140079965092
238076139.98336375,0.06499534829769067,140.01236499975204
282634522.0886481,0.06985011368205414,130.46153724837689
257547148.15753746,0.08907449871085539,132.94530595563282
119647137.57566647,0.03566855337794443,144.48395553120415
33120778.612302925,0.004578078652454524,87.22772596663272
129311300.36908616,0.026616502013428724,177.21128603453954
154757188.2551699,0.03813200016923609,136.2971204691192
239893431.69818556,0.06754281230367917,64.48681460720952
78115039.1312784,0.017176077050778737,76.27529601498729
157112743.6150308,0.03289997645241376,63.39155946533411
288358842.57424235,0.07957186829161164,163.26551260498778
163739738.1297952,0.04013868577156105,157.1140542007399
81165315.21926606,0.019657374068319418,76.12991286047598
159715060.38596135,0.025253083700901794,162.6437490630441
372929104.8721009,0.09765108052745261,71.09224280461629
165535272.86686802,0.031433414332975564,137.34124673111063
133230404.64933312,0.024737718201392117,175.47814125080964
371835523.3591683,0.09421474762178109,158.48251547266824
107381021.11563613,0.02351883804885068,164.74630469424307
155640868.56471056,0.03318218327163462,75.17649894786501
167704968.99414212,0.025938168454924724,84.38028957386682
229163067.69169998,0.041697550638893785,149.67184834414553
175599388.0664037,0.027777658411226404,126.95220020315097
296462183.4974755,0.07527173097538428,150.5503582151506
203094315.41634917,0.03023288482497381,146.9487751326621
185647750.86591354,0.06461318263206961,67.63532676199398
72901171.1114456,0.019626393520248926,103.13375723420913
289820443.7905072,0.08679620224755674,156.8465475482672
260495504.15088814,0.053072324164158066,135.101958025084
90917393.12441137,0.025630652397338128,138.10508720061588
192163487.9298069,0.05199542936886729,77.14775974439128
247871563.3128084,0.06534075394026623,137.18556634754685
292838661.31445694,0.059220325060522126,131.6322106033839
161631914.22749183,0.019182549213971868,152.78970841265195
221069766.3426991,0.07201791691352753,156.5084240959422
203983542.9056026,0.04993043763497748,23.262333285989822
63020685.66916654,0.018399159369445743,107.01631247274767
86392885.44098276,0.01093559857750839,56.41264416107991
102863624.2010023,0.028894130315784517,141.7692566565413
149968591.95684868,0.031379792436998385,70.44717181795775
335870132.0578425,0.10311234792976832,142.30679044934297
264885082.32755756,0.06962199473267727,57.83204490784116
190503035.48188484,0.0347742544587527,101.11342218281396
60948630.22940836,0.009849041207373756,150.06049224654913
179097900.53307435,0.04447594503405893,126.63864530899973
91940489.4259916,0.02773837873930783,88.52973814183277
190352058.38502464,0.04925197109812081,176.183075390597
61845529.02704338,0.013018420240578792,86.55418361154419
85943581.31506807,0.019999679564116527,161.36379240370707
34809927.43637438,0.004093704104548357,138.46947247100226
118919047.60271147,0.010297483696672778,136.42379531096327
200643606.1606962,0.0345456589851089,89.81896040755936
65597661.85305451,0.021740904504472393,62.00276122013799
64676220.88660176,0.007115126128994145,51.447770750995325
148251948.234954,0.03883032571973142,77.64706746666099
227986827.2872687,0.07359183451746912,70.24191340689866
168183178.07110104,0.05210006062125873,66.70938556292805
154692603.21025267,0.043879386974116225,154.78961358849142
94775427.39412107,0.032392445288953964,56.563845418308276
189937780.21298698,0.044604830789634134,149.06977736313596
65389926.02074994,0.012290007973317005,133.76933943194788
217444378.46209297,0.06989621670056433,71.36140882524334
140966326.1668715,0.029559501184817778,154.0527827487012
156092923.70309168,0.038408835382855944,88.37614160985727
141862806.9688016,0.02034333478926956,75.5680513606509
47480121.92343899,0.009392391580687701,73.91185629137101
313303700.0037257,0.09399286600781978,119.8475022185563
372180964.19117427,0.09109444775437477,145.62933656096646
318761902.78354144,0.0951728964616566,42.57780229180295
57169793.09972271,0.008641582095374212,169.23585137079948
163544656.6670497,0.027748186969804522,64.76103407384092
255524532.5115844,0.0698504101306619,95.70610427603178
119534634.98524763,0.04306107503753081,39.66971861437596
155260204.04692566,0.030647060721857442,81.84461407432642
117741224.01437071,0.02134313911364895,77.29187652561784
222669679.40017974,0.041815975134753366,143.31501096559953
135062187.47397584,0.041023993492060075,61.287455335820745
207135929.3333094,0.04646011971896567,138.76651599757744
114392704.81200671,0.037809205883680495,134.471682713124
127228618.24286601,0.040157913343448905,83.01618632915573
194285035.4121367,0.05006431025015498,145.2947134458369
59064197.96120743,0.010011770556908745,71.04361343582873
131134964.13612324,0.02095268150546754,142.33373972262106
65004010.485006526,0.011359261165683044,147.56266902636355
92029136.15607803,0.012437650541827125,106.96564397680345
148160596.93756077,0.022913856999816486,177.2967115036462
247802183.80222207,0.04232615948023573,80.99286900509047
361537020.8446645,0.09579117298438884,78.48632814767893
333971693.7887642,0.11497973666617738,40.44786506362297
267411498.97448432,0.05540824083838394,165.7981001105952
135115756.7107566,0.027063601235228628,154.19821503477598
71731302.80740878,0.013914978336159897,60.00068412615829
140961407.66568324,0.018431438401778594,54.98200444677371
215450748.46320218,0.04759612243371131,91.7853936668957
79076348.35484967,0.01999026147275423,75.31335711391985
103633477.7399977,0.013957823084071161,67.96325084649322
62281880.028304905,0.015454832889393208,175.94954046977864
165388314.48121393,0.03571160863706572,72.75384680668817
109729275.12666094,0.0183000376772603,132.35547558088604
239860229.33407077,0.06113280729179734,73.23680425643074
120106613.8710327,0.014595175194679693,59.056133544420994
211164647.1283524,0.054319882282969995,95.45458457218142
187648982.32333925,0.04747237725098453,146.9288110241142
384684689.6512951,0.08857032720234137,56.4435309610534
255794603.759564,0.07761324799436725,151.5571211517148
118697149.01125908,0.02946491099877457,91.72612800207294
137605103.52714258,0.02279827271782915,131.64193693056092
121437500.57185848,0.025813035866183477,103.80253062148876
125108221.66421546,0.019576428204947528,76.44473434889142
242773227.80960667,0.05082704396423757,137.30410396713538
59606622.29068385,0.007923388401290813,141.67571694348553
110140899.21640858,0.024709553875015167,158.35774152628943
222062885.93187335,0.05718388112651856,107.366748378765
247224602.7733104,0.07831649861674553,141.18705227044447
121059907.12658927,0.015922026221203162,151.13783406555822
113242217.84630907,0.028885495528199166,71.58278336912184
133070322.10255831,0.02497672412888428,64.36818278708391
186270334.2566196,0.047990379793458694,141.49580871237157
139831838.40045327,0.015332854900016159,127.39732940173866
201862116.16564262,0.050067434446100005,61.06238172641322
266169610.2194205,0.05739679133048447,186.28771868947535
93912009.06693017,0.012290225773448684,62.854436586961796
172925710.04210103,0.02340168780940161,75.16225940839347
-24107687.322434213,-0.009306877112471764,63.62388927612807
90581344.34024483,0.019590509957343936,63.5592057702059
219037115.30128443,0.05867254099616787,73.8484278290866
237173727.378681,0.0632926109902311,171.50976732269797
268401866.90523672,0.07498179310137931,158.0363401167078
274339590.36086345,0.07323664868613101,63.75514593247156
103129299.37653488,0.029597182528219464,166.94374134841664
101347732.37531036,0.016077534766443264,123.12179719633062
365671004.9044285,0.09958363367861958,141.481336134095
145744919.14262673,0.03209878689131617,187.78255141985073
169122030.92407584,0.046244281292163354,65.90107383328655
83636137.27808386,0.02271760414012574,76.58843898424712
139612626.94203,0.03213657058473574,95.11082265313311
177939973.21295476,0.03491927960449439,142.3353198128389
276270222.71508384,0.0664861672542792,89.39987805717354
398517202.77414924,0.12768008927826566,35.71911149560813
180676476.14106697,0.03974559778931041,128.6172335956349
201671983.95301485,0.06070290320504819,61.943602932331906
204664820.38656136,0.05320250549149527,80.32238837555627
135874264.1057069,0.019599048473551577,75.7486815249695
176762060.4040945,0.024507581470428176,150.65344715673083
98605111.16663013,0.015340889309147319,45.32539424790574
106115289.04189251,0.014625055413122305,180.45704307709238
106182085.7684671,0.015339578592045367,72.69705534384535
344968529.362138,0.1045381314411991,79.53065336998984
255762128.20392567,0.04095176090780631,138.43256472803117
97475471.73333567,0.03077914632064597,43.65012752640612
187488173.48821217,0.03108308991469245,144.06717236643988
172214559.86272752,0.034544713580870856,133.55146438007822
125046148.09781691,0.020746687545508867,164.52518654548905
94212926.29997517,0.024906758724116098,72.55200544232504
224985181.47826517,0.054577385219602204,85.59394908845965
195114111.12339258,0.045810582560601436,72.9600122709314
116254917.56728603,0.022157897533273883,63.799271822764005
149759906.621645,0.038776326522296636,81.14704786084194
271200619.78276503,0.06913252292012931,63.179425656476624
367850247.9549633,0.07594440471102126,170.35686060774702
111580160.42144138,0.024468127431016385,62.39873349294971
193231431.6932393,0.04545189509293405,96.48413038281842
320905408.7414699,0.10973890983437172,86.10713450208412
253383354.31424654,0.06799417118572584,38.010916896682
159276021.37788787,0.044339635431245444,141.5721842045299
41113899.48975666,0.008227320734451359,52.924890655481015
173557969.16511172,0.039080066089692576,91.28764463360314
250336390.00184542,0.057953941257875174,171.27391600549183
204028320.49161294,0.07142690777219891,56.20110747175332
208441136.71757668,0.056684825425424745,87.26282776509112
203658727.9864053,0.05203952996151124,139.27324954310134
209374420.0574925,0.0631259362333698,121.22537356791379
324329244.1892931,0.0962540398147169,35.388681422397404
197801483.7755438,0.03592994598646423,153.2425565214811
202459121.34614703,0.041514049763300614,169.4350722484944
321005540.820635,0.11454017173606164,141.9057369583259
97390175.24856502,0.018883742521861056,65.07727999537158
64137417.36766574,0.014598861650827027,62.33646469834899
120689290.58265923,0.027200664989405012,128.4556730528738
131991108.43210536,0.03739458280393255,127.10090093176247
117598625.45730127,0.03300141129993209,137.27915431031886
300965115.9481199,0.04637095855847269,136.96932021356005
228190751.23036382,0.055120503004283755,84.65008857680583
124959887.8952179,0.029558608685917025,144.74142578288073
136170920.2578517,0.023856540852797783,99.21456132478377
140890652.7506706,0.027761714088307746,135.3537324961473
170219450.19191647,0.024449039599251515,141.1191043155065
105102485.21251547,0.012707379530558689,161.3641255949581
186367215.4454266,0.05952976055311939,60.47754226918034
146130055.37233138,0.026747618142561644,160.99582334722993
87452941.98557511,0.015509064033356564,164.36428103633494
152748927.92113727,0.03067147138132779,46.39322228625804
146758471.67417544,0.02907009098497834,89.6493250872319
161047635.663395,0.040311126229474484,145.48321161054741
55359176.80207845,0.008888210765322079,52.62707028860257
335988065.03153944,0.09429214229492167,95.69106484014499
76313396.31952277,0.019472540446118253,70.29015887212823
152788761.81573072,0.05254810846794777,54.53800598030948
155384900.90436742,0.03705402673527253,138.4007245761943
99427061.66551645,0.02076362058353305,85.45212418137545
261721871.62882754,0.0875532122322681,74.71084159417404
196147032.42444074,0.04833016481214261,62.93674542642906
130425098.07395464,0.02961676748731064,154.29952174592674
116647982.16172442,0.030886888677547266,42.513817726488476
244623314.09708267,0.05540688636098366,161.86739852776276
198548883.40283087,0.03946735142191552,136.24970734266688
140356919.1557025,0.04163449989361718,150.31891745429732
317970815.41254276,0.08076064849460267,160.5698161106172
126084970.83182739,0.03368714666698141,156.24059755268019
206248277.77695683,0.032429015317808334,148.55368771449923
190163452.42967826,0.04800530120132142,69.59189579165236
66105485.17378721,0.013907027812694624,142.8382416855578
180220720.1627885,0.034035297874435745,144.02095259804076
160845279.39852202,0.026963479897407064,82.11489886528308
143582756.76861262,0.03923259264726616,77.35910516925361
168667168.23039818,0.02987038482663964,139.01810116166158
116031733.34406593,0.023457892981598963,64.23759567104233
150341593.94100904,0.033638817450118534,109.61318420738216
224047340.02376172,0.07716574156715321,122.71227383017457
126655479.85715234,0.029437393139802873,69.65835166111037
110569647.39114717,0.02588327651403797,138.0638864565924
112631581.39734492,0.03724076877649659,108.34274313029576
310222621.8285531,0.07404708858471314,153.2117159789281
60350911.48167771,0.011155981322224746,89.95655725735656
170061335.87001806,0.028693812337046036,155.74722222551478
50952661.11814356,0.01105074046593885,151.1068582130062
159384113.91262963,0.019203467415701517,138.87262185595546
63781542.25242482,0.010762052556491588,147.06633467388306
152416145.75484782,0.04490134827105379,133.738917865092
141685615.0924966,0.01735959466467486,64.12478669888817
80391585.49106003,0.017224836385187074,163.0453941805433
106263807.85849753,0.019988282582162963,61.09766771944033
347264082.4359261,0.09367563187059912,132.37879862531597
81734015.55470079,0.014755491676613976,111.85083825450589
88649206.64851126,0.018343164466451206,115.58541032467846
101034503.61091274,0.015265557132707464,155.07860202215144
159639114.0921535,0.04577460309883234,51.169980003372
341677712.68882185,0.10994264831980757,182.95322346568165
99398936.08869636,0.01716114676828149,132.5734227987221
54508161.09740914,0.010375307288985744,148.21780987511679
150503628.17099512,0.034229438219521034,150.90094030571302
198889105.79217744,0.049016031375522975,83.45887728032645
143901865.35530713,0.023042076398832434,158.0138042295145
206096276.20315665,0.05675673934937089,83.33287689605693
96058502.25840537,0.030177295884122705,93.45122912514115
219584778.0283566,0.059602299073008354,133.39344736700704
75930959.56123216,0.02047448885595422,28.78366742641232
89805854.71389145,0.022296884758558535,80.46927070745667
223079552.52688664,0.04250837172104944,127.61842167037601
33745080.80204895,0.00895326000198178,43.01835974884068
257935355.13650513,0.08332498088004785,169.76877595913143
138393245.52830487,0.03385998741669002,138.62181797496024
143714128.1287713,0.031746944564875194,165.08187999813237
231339799.48203388,0.060826602675544836,49.36164558963158
264267359.79796743,0.08054599840709681,63.022645581868225
108180239.30443817,0.01005056070912977,58.54656671164036
296478819.68126166,0.0796146205805625,127.6813035769055
240726881.19205573,0.06739552264232065,85.42326974505362
317605647.5446469,0.09942847011739396,77.85318387823801
73753764.43174452,0.017177674539676984,54.25318691064771
259869092.10629705,0.06577728334534283,116.48080134543248
80699650.44333781,0.025426876572456687,98.63690147891725
217653997.5093097,0.06856084684834607,160.30059319073348
168685821.10585797,0.03832912620723754,76.01755644312236
124579886.12464431,0.02518484009912664,142.82427935373374
114469800.63888521,0.03207189055826262,132.09199881643966
129031005.49337965,0.025018219598713295,86.80822196616249
82822803.51461919,0.027017691035188272,76.4746416208399
209064427.5737279,0.05055208835483012,64.62596424846215
121714616.32402016,0.022999402301131275,155.3253417773549
259671021.88799587,0.09289286931980002,77.02670293423118
152005235.39951068,0.043611602129284784,101.68785506601432
299740527.7604213,0.06093423217872631,44.16151286175428
128030345.8239721,0.027939581629497005,98.97619219637976
195464228.17632067,0.041562885593815525,139.19781932560562
205931138.51171744,0.04983383368920062,129.16171734752768
531830397.8980264,0.156985692295034,107.55760126796673
388246477.2660097,0.10938208008643888,144.59779990346507
192763883.38582492,0.04800418503279712,128.1498894449989
194145413.50633428,0.0657377988692896,161.19174787939085
324856693.43878496,0.04626154890714164,138.94417067781959
258784994.2390387,0.07652746809611266,42.29935210737394
63401101.48761548,0.007644679212142669,78.49182270264097
87789847.25688584,0.008049678316524516,105.01744038114528
211313935.3317368,0.06827894790289621,70.59178869377325
65920159.58891581,0.020908570209764308,148.7408530938242
110427374.69225353,0.03438507972239906,159.81157322593458
248130295.20956498,0.06645788380561739,155.84573728709384
237526856.3508418,0.05411449694513317,62.95777255213806
196385459.15689182,0.04580143412166072,139.613790534122
56119333.51677142,0.01250544468727343,50.20845928031737
208571217.93748662,0.04828179641512029,146.2579850197085
105006293.05781938,0.018767160047537753,96.97288369779453
172886776.62254184,0.027326629955525563,110.59137474114046
205759683.41171065,0.035191044697409454,101.13065265371313
131554149.15016484,0.02781155342764986,146.49309927791424
241076883.76164812,0.026820404437135074,178.75381985430397
166817625.06298196,0.037980798449157464,149.15652848702794
304629625.68458724,0.07080939790765915,94.63427371273502
141682466.5583346,0.03543360872811599,127.40654843448597
236466759.07585487,0.0444242651427718,170.6943336294084
204654293.8145007,0.0664217756973369,94.83860306671627
66463052.91672237,0.02075726548004138,72.93733079799757
284745004.86998844,0.06644666355536516,127.32290099579376
347358252.0063921,0.11754686629136053,136.80284661485322
365816997.91846025,0.10300125498506292,110.44205755934269
217781470.10115427,0.033185922880188956,137.8999872320833
230277183.90100977,0.06036227470103944,65.3638646158898
164927899.41058373,0.03605786786064893,169.35291657790125
140291783.93835253,0.02684355899120709,50.251083776513184
239076585.87460178,0.05396515732193193,162.6684149769147
183950807.53078866,0.022428906611168906,176.1035871535395
312511745.3939081,0.08060401360589081,126.66766535204528
173001881.69014362,0.04889721648657329,76.17210892079052
99751288.59548798,0.01458438752174965,85.85205015164534
356304511.44834554,0.10030337769032957,58.41921168930648
191600450.32332176,0.028693652803462522,154.73615015863862
170776229.8788134,0.050062879446772186,137.89617256624538
86135592.8678859,0.02884402676623343,164.0859337453849
284455143.58660734,0.0759266711682355,157.9185267908083
166283773.45887747,0.04444570254610976,56.189688883485964
145584213.03830492,0.03192848597372371,87.148585925948
330057848.0302397,0.09298559264431172,141.12919154830152
84674641.63470978,0.015077396336771829,94.19220812266101
37038213.3587997,0.003731623061401126,95.0151648887798
71167145.87001306,0.012747794434903975,163.2976147918159
53366226.02518883,0.011957757013287678,68.65358724276068
94296057.66160287,0.014687334065912173,102.82184541327072
371694207.8602373,0.10761440162031403,87.84843480005995
106259420.81200488,0.034443050050261964,161.91602115930326
138499414.5953552,0.044508420439513495,64.68013467179668
92734842.36093625,0.031140410045845373,46.956382708351676
251293910.43667895,0.07829693581405052,75.41512519811474
205078036.35977352,0.04646530133057874,95.92725878573782
208413868.2893377,0.03406142975349063,71.78157727257614
105630291.3859494,0.018696419660244833,143.5393313859874
137257091.3668378,0.033109754273750895,142.72966521145176
72057531.22934186,0.014694241418908736,96.78666702557152
180329019.68540093,0.0493818706166958,74.85274062475952
314591130.5434099,0.09684715331030282,46.31450984535638
71845307.82795885,0.019794429837491682,53.961032665650244
151991534.67634422,0.04089605456412411,164.33435091011808
141614331.08874005,0.03710886888941591,100.65411244840436
208341322.8349909,0.0652221293237733,78.03919958492531
188012532.48645473,0.04723334672563182,157.59852512568878
153065265.45290953,0.019825578132459304,49.155039508717785
106702782.45789394,0.016170190993550243,132.59186088436
67745866.27681445,0.015391945383790689,63.58666915219941
63941080.021284655,0.009306044825547553,67.59210192123236
201765533.50156605,0.05754899403532898,102.98653601906382
148606834.44083095,0.009684555319760507,140.73082521014916
39483434.27846256,0.011033340687159231,70.03957992697137
63318775.04842204,0.011953887471305512,134.6091785983358
122213049.65352425,0.02339131931134089,92.7851426514309
148801628.38325858,0.027864883807155877,147.83492650575883
10340580.011691984,-0.0015384050576074577,134.28580826893324
108527554.39111887,0.02269170209573194,61.385316291302594
234470667.4287449,0.06455853314491133,171.52416474096322
137113020.91408205,0.0266498800545745,152.31029705328612
242354824.55893677,0.06553056433669753,80.25394532387824
195995772.85878026,0.05819258567075578,149.5381879866842
175794204.76884174,0.046033601560658916,139.60701035548735
175139812.28343165,0.041294296135705955,113.08081346836522
188190101.52689362,0.05894211500308478,44.910429959632495
320911862.09996706,0.10102249916053363,159.02257708038593
83948275.31056209,0.021121344794024357,157.42969420426414
298671414.17003465,0.08466382471602026,81.11544102027653
190652093.49834514,0.05155101397352946,159.38253032363048
163275343.90104812,0.01875789730215572,143.29696004944753
77682005.86405148,0.023044079574336622,163.49254271171606
272613584.6081012,0.07696025627348647,120.73301336840271
135005253.21457142,0.015440203885818618,146.98955915939518
81864037.23700297,0.020147885128651618,97.49251447581983
152785538.69342276,0.022876241107916757,43.651196421374955
177991602.35854775,0.04882855549517748,131.03683988657843
93108461.71860841,0.02193517301347083,75.2115766530801
405876889.08709073,0.0922985456387951,144.80122978313486
245067508.72825474,0.03089469104220033,167.57847731351995
35489777.17596268,0.01079225777491583,145.6715364688928
594943287.505313,0.1675075735057458,67.99418235205778
93506640.14335403,0.012586996104090226,76.46973869001017
337620024.9905392,0.12268543178385816,72.70451751096874
197136824.92655313,0.027841214303615667,138.10202200918306
71659282.78326035,0.020038529391547384,109.2694367298011
101438094.20108964,0.024462506914006973,84.67568483604884
188207673.17927822,0.04734497753296086,154.5478054664259
287885095.07544285,0.07362163814470485,137.8876102570459
186158621.56705463,0.01980429591108065,152.63389217550738
187456748.54667497,0.04810352079915255,86.59180561029879
156786498.91350037,0.046978159380428305,105.17994006925514
148596648.57295972,0.03387233072987645,139.38061245838358
92802645.52839436,0.009974171496515406,139.3202773974221
408384843.19969016,0.05225598408457467,100.99435933560784
159203527.30509883,0.038289759378027845,76.24817794963936
85562064.95035356,0.027341793063412747,88.18144455986044
222762972.75367525,0.06239734399603434,79.34448913004793
170732579.98251277,0.04478691184903983,85.20100187773956
41438003.32647842,0.007464594763931409,91.05496471030547
112243299.45670569,0.02242270077429046,50.70633899634314
125942279.98542748,0.022510825837079005,139.69518510243017
242668137.50974163,0.05342099141382345,146.63858374600633
18082174.074970882,0.00255862170403139,59.18639840422489
145533517.96016157,0.02544401826539595,69.28510333499268
149749509.05601266,0.04912799092565572,130.597757964986
166544277.63318947,0.0502918988898359,67.1203646882048
84753413.22968024,0.013348864668626226,66.2052418765482
127800272.09766948,0.03510288275074985,136.52985071198714
101524059.19047111,0.008331198953619069,76.42178325537253
162881901.2927359,0.047852356385212624,131.64172050706588
112560643.34980035,0.0300436563128215,126.05037184399492
140002013.306401,0.0334020366357884,140.5160790394911
68147320.7612882,0.0202869583028702,127.80493221432943
156878242.05749208,0.04588981046761435,94.50513648001494
365140861.95143735,0.1040109794332643,93.84435629313728
198263284.18890956,0.05766721877304059,46.95465798509649
51606495.523939304,0.008128068760050653,67.93166814265955
149989771.70457822,0.033621350935525804,88.36127716280325
106379831.05352461,0.02814937912431117,136.4733239540288
80813372.85949516,0.011382008829945736,73.4297696039262
33482254.181407563,0.0018193433635792162,139.95045222501923
155740366.43032828,0.043095102744748766,92.7641928236236
286746022.4584678,0.049878746280475596,154.41899921865618
245190249.85362688,0.06201383098217893,78.75725001811026
158405017.29569617,0.051024198043580146,79.68894205163109
195890676.1977139,0.0418886912154907,58.716331126390564
336003846.8482962,0.09734109434314268,175.68859484388014
203045020.2735935,0.05067590520157493,77.7159628051099
116741555.19929022,0.01358520611662877,59.25174486146409
159655982.3362514,0.04688514288397626,57.7626554224286
234035531.39939237,0.057604597740291745,171.4338144097778
285594347.9126653,0.09010513914313377,76.62942300134218
95924388.7597487,0.013897439270091539,94.8400230830914
204677144.89614654,0.06731284104720239,79.93015232532164
162798999.3095794,0.0396952759700246,125.96668999623121
83816450.10519105,0.013736423124555818,150.23832152034865
163475352.65428713,0.051875462905379956,55.73398914882372
132416869.2841771,0.04073739823423525,107.50457028696698
313731707.64132816,0.09231284642375465,97.8625143620823
165697056.46409142,0.045741270732227314,157.4687347090621
171995977.8340386,0.05303455925284396,142.44805273586203
40107286.27180981,0.006909265309905348,75.53209589703368
126054502.91800638,0.02475910072780154,76.56782953499224
151553587.2043551,0.037766684230533566,135.82907031415937
219036004.41950005,0.04220230322211293,159.70342654464724
140580545.99489468,0.031867487257144216,75.8802105146147
114841264.8722451,0.03578417552757167,146.28632590664887
249956599.13718247,0.05832991825990825,114.79715704929896
39772108.42040178,0.011151207660877169,150.6092719362275
156886923.7630871,0.029201591369748644,158.6002947478535
116994557.76132208,0.02411093202051595,62.965386701098204
203005697.0540204,0.02882880172549281,90.32156656059588
139687843.06450588,0.03351078923639466,62.32819049278289
88717233.50466643,0.02135038012951556,158.09425261456863
197418154.24043933,0.05202223854584229,131.0718972514186
320623914.8929258,0.08512632950302029,169.27381571251712
93700916.40244687,0.018465586929811265,85.51772053601533
381800425.36644614,0.09325385660593905,156.41666518422952
118944571.18628158,0.03054750981256571,56.09801706406576
295480129.04485166,0.0951428975803543,164.00613538963995
123806424.79126708,0.0325448257669271,54.52685647751617
199959753.5828211,0.015552226455970765,127.23963612076597
166892137.74439162,0.042198387927944586,142.75169379007744
271838719.55762595,0.05458602055744238,163.4445310291457
320883922.3107682,0.09330621649021624,155.53283794794993
133208304.29787917,0.011633451097054008,76.58681905402926
139441556.39993107,0.018124101238118532,132.6297739118963
204975129.64301255,0.04021218116026845,110.71105916625942
248889236.67983276,0.05922177886845488,98.63848547747408
37248491.06735994,0.009416893370938576,179.94637019947172
384526196.28755516,0.11349054080758478,79.22402523826548
366486815.7577815,0.08268959089932272,138.22378583530232
99537410.71949816,0.020824337620326042,172.34906687931382
110454335.1697103,0.017272324696909643,104.4385315954481
233834679.92006588,0.08337639676225897,60.621807042636995
355098365.68836176,0.10310838090184148,51.89250468237934
200273461.95862505,0.033049770432438154,138.45734393552098
180806364.50969952,0.05285283993199269,58.443050772994994
72866897.0991652,0.012142842846999981,147.74849358984446
170348795.04068297,0.022693775198021737,86.49278263963797
107385028.20120889,0.027273557446563193,119.80988554227713
133918739.80436698,0.026290652672260443,91.06624553536987
294239776.2612062,0.09053660067200747,102.40022766117515
105784480.49746233,0.013960951877861899,89.26152956072212
139269696.90902323,0.03344853470901866,64.69952601755453
152470816.09953016,0.030337281227177108,73.86197275304072
273252329.30865484,0.08244080466768738,125.782796642965
67603843.1966087,0.021137123489092923,61.59799897179319
186177363.23782468,0.04395598164463624,56.34344789331678
181806442.7100438,0.04665511095247206,78.5748759876781
359684590.50698614,0.08894427762853163,123.4528527808669
284569296.0893327,0.0499730805239525,161.37190416438872
95086999.66938701,0.01918276934434195,75.84548743836928
205967376.49112737,0.05663313571843375,65.46747751213425
91944040.17362174,0.013225622912335788,71.21698789961495
188990194.49285883,0.0446584535211332,65.09963003780507
167760435.53766263,0.04138885869529819,119.8512650696173
161130858.6498959,0.04487519039022713,67.24882894369857
83819475.92006655,0.014444842116004525,102.30085431905582
146253630.506891,0.02057385361294841,146.2387366138592
196810721.49037486,0.052589401011359525,147.79183735739176
116851296.14649308,0.02079418730103124,75.25031691891286
112081137.73419279,0.029986716038360152,136.179558941288
98413006.6200344,0.022351181037382744,54.90552427272404
292319732.6150798,0.09252470232289714,76.49384467506336
169504939.15221152,0.023826306873398494,76.33700003751065
169138324.01932007,0.049644530221652744,78.63318300226884
122803472.01443517,0.02058275795421747,46.579125403762006
86181348.74072978,0.009513411251671886,100.577091403074
389275229.13283485,0.1222686228146854,51.00965242004952
103799403.30932876,0.020137812100286482,150.71090650212156
82652063.30863023,0.013960703954904966,147.6244255676179
132397809.02121845,0.02781543781158301,84.1723904948051
259601126.4038516,0.0531478520872365,58.08131915236341
165260996.2661853,0.030733442678718647,148.99526032734514
54257748.70909893,0.007462975385460495,132.8865213555104
714814223.0731244,0.22548305789413253,138.86397145450948
146730527.77653223,0.03196291374485176,159.69744375596616
81455897.55227408,0.02247837541246151,173.1983508492651
99968085.39456105,0.012362019680474075,41.48624922310957
94627898.97791722,0.02930419518359747,88.75246531809583
420584416.56156075,0.14101444193557383,89.50384866878117
101014980.21990906,0.010529865833816923,103.73750939637489
202326504.11039525,0.03331796192395478,103.98773565255652
171769083.81107634,0.046280478902026495,139.63905606209755
334304014.4977611,0.10137524621578715,150.93139461931872
140891214.11646494,0.023199450532456777,78.1961069041483
167196044.11443233,0.055355433149930994,96.21337320253524
145432309.80010378,0.038074863278819454,80.476786468876
185009956.72423908,0.056365960556958285,141.0181914725635
219178451.84605226,0.059787197066064474,145.11033639741785
121864014.1848867,0.040531665344114155,129.99610236867863
136215712.33607087,0.026615427149394664,84.92075211087786
437986663.88334805,0.13896113716003525,84.48386251726689
235553274.65173066,0.05119184575566677,124.39127956077805
465616413.61258686,0.13822095725434205,151.4523562530953
291494683.47766685,0.060741480311730156,113.22783519678502
226257256.03836596,0.050028068793534254,142.36032398266997
149965454.69071484,0.033872682099305836,138.42481734958315
103940361.40212621,0.01997246453950857,187.1584392843989
161824729.0630539,0.055274197596821936,79.70506773817779
267736454.36176637,0.060562309838736825,165.03165002037665
144752797.16870338,0.020340930187900865,115.89801654603265
138008002.73902154,0.03736576257879604,121.51507974086479
142312971.19874847,0.023689634723496344,59.02354492366953
46571297.92544153,0.0061986767069384585,101.74909692821538
205857047.57266712,0.0442508024285072,56.111752880002086
163358876.09869838,0.02941734510827507,147.50276658224894
145939877.38328713,0.030949208267753735,147.38644024315923
136486266.00698256,0.020787531451376257,105.97784467844278
248073424.174469,0.06941611940622888,75.5467961966944
74615334.13400078,0.010704982102492136,140.8361515979901
81217743.39067706,0.008781436288178587,136.59620259017748
296810874.1092241,0.07053103259388868,114.35785377011229
53829483.674860336,0.010954044977911121,121.24993784379143
103521657.8840674,0.024137530740907125,142.54722758897358
159300254.2413004,0.029935362190042447,57.08214473893961
265525066.9527179,0.05306384836526571,129.30251711455554
172615644.0286869,0.02574712609794962,159.75197341733306
121558768.22138853,0.03793118033499527,80.4420831330532
35925088.57883064,0.003479017084649988,54.91879926391961
130603923.56358707,0.02057830189681061,167.7704294758257
76499242.38872415,0.022967141617531668,54.08161389643331
148829558.047207,0.03416327063226456,144.0803360999105
245293937.89364418,0.07192011194978704,98.49405229973311
109986605.96784435,0.029298026066538387,133.53091219530913
53780131.54869819,0.014344350600944746,71.76998284657085
66187225.18959513,0.016058236534313514,119.01574586810469
120464590.65897402,0.015587341801875744,92.54574398845259
132613383.99034432,0.02628993914008696,97.00041470405213
70660953.57480592,0.020057540980481094,140.09171075840575
178534322.25927085,0.03165826878473074,52.20560291114385
164728397.40657672,0.03136526844724971,137.56841555876952
232009651.3318065,0.029223503744342103,130.4905362697897
316897800.24063873,0.10289821225854269,97.40851975162495
197255295.34396958,0.03531053877281366,58.42108618629664
258128001.5923734,0.06217584122131043,131.65883103144515
51812754.431726724,0.010449416769051714,70.45588729833433
164798519.26399285,0.057956875138774476,112.59201763450675
751179369.9547758,0.21757276775086956,120.79823223839522
139292365.2019053,0.026545610260685776,75.21583612236698
428488350.92798555,0.09791987341176482,93.72041772432156
125930314.7022658,0.02989896257306674,69.42071361730045
307662079.73224133,0.06695156723993105,136.1808891389158
84723686.90780722,0.015132176758572907,154.86041606578334
107689809.7106908,0.026515887883717906,67.555636979151
228026486.0548014,0.07553045227038072,163.64884240719596
239350511.49491137,0.052792763662906896,54.97640026444942
162623416.76710913,0.049346232040002234,76.17033857973102
82312190.21992679,0.007116541504812249,134.7294256980868
230413330.4925745,0.06656589271936696,43.74430205810459
170584185.45342553,0.030885279824692878,108.49413769195829
102740783.66616526,0.0195841623764052,138.37863941974075
110410252.13608216,0.019749958381243878,35.80521088733083
176336270.3532642,0.039939667785467814,152.349851288394
43377832.99457949,0.007369773868349668,155.81625726899955
113313375.29155608,0.027459736952051634,137.24172435010632
165958995.95543844,0.0450028917509013,97.61469649973678
279972757.4551277,0.07527903983002224,150.57491715715486
114554546.08390012,0.018341137269076043,134.13759795193587
271740500.36924624,0.08168125242324593,166.13450384230305
57229384.32314962,0.008992283107481253,138.26836322507629
104108808.45353743,0.025577189033627448,72.76536426121616
209902297.96206057,0.0531132290570938,76.94330178587214
211984720.08490905,0.020358526028245113,157.99919879456485
94089917.27770999,0.022268803079664737,119.15219409641634
349868489.9802622,0.0969176064760313,134.01886775383215
78850984.63288245,0.0162929535887686,177.27261073781062
232758398.43789446,0.07235430007458474,156.3323260774046
79562973.34992366,0.021131394305951897,141.9878534405604
251501157.91349244,0.07753033798889702,127.02286399512003
378238310.0970282,0.11542706835670094,134.91002283962428
123597533.51697531,0.025404580816360278,101.23110196036104
93984950.90083626,0.01599209142353152,137.77460813719227
96931386.19528842,0.02249536383858513,82.18119363018359
112873953.95522699,0.027432369896679135,79.87254924263192
61279335.15984973,0.010651405189251286,104.48307448377331
129181247.64524464,0.018267784982176863,123.65230411439799
226876236.98254707,0.04916836343908105,73.12831637043634
339315856.3988553,0.08050284677214858,109.37127360432905
76291521.49669985,0.012041192469546502,148.3656384902284
102141190.3848889,0.024131742188587987,65.31420644127913
399073776.03965604,0.08756301978868102,169.96716025916345
132228974.49129254,0.017689801638828447,143.15707081729397
183926445.1916805,0.04778342130246184,106.26767901043914
378574601.60088646,0.10027443762207215,136.4286029564702
105477531.22236466,0.033712391370637446,56.38961921189718
187731968.40209693,0.03937037296354687,136.05316315866708
115717609.6425769,0.038157708613445175,121.77604061613853
211696897.12012583,0.04430818078549526,148.41027946221874
172137471.97185698,0.03692726893090865,77.67053406514668
333930539.17111087,0.0979633457154858,76.03788814069476
65952043.72164741,0.015333340508513546,139.64950086552003
236248091.2709399,0.04575344352676366,87.76723717445134
423185899.5160647,0.11533694516301166,72.70014880594942
162411395.08408546,0.03363751201503365,92.91287610780962
37907952.54471421,0.007544137231070049,55.54058873132126
69664347.44795805,0.020304008133283986,45.02268277219655
189695738.23689064,0.04115793712716613,164.23572677573188
112890116.97712538,0.02054776586746609,48.519713827070156
208330260.51241785,0.046662487791700215,77.73101865412467
103573157.10135505,0.033468803490507314,97.31860473709096
146896640.7811848,0.032243148040839546,138.2822117183327
160076840.6946351,0.03553628978096333,70.12680859051412
204298603.41681415,0.05355144849737056,148.93598720524164
108101790.60380487,0.02912694389713959,146.74836933038702
315490488.76396346,0.09862971628984235,60.29153623586382
102874152.5477925,0.019821527123887954,121.57334550352654
103700373.67145981,0.015074697813533497,151.84551375208585
116274338.16907,0.03390574921437078,139.8900180809854
80007346.9401245,0.020093997214175395,143.08140980006561
212027285.38072166,0.026815466205709803,138.37982573363294
226140515.5915982,0.05583080139667085,118.62670020382636
201775399.81448388,0.04396031990092281,153.595148266963
142286883.57444412,0.036476723639614246,111.03772038580504
217926818.36950904,0.039312241233214584,140.67079489778368
107108042.98158695,0.01752719473423125,42.96677897001523
99327848.58436218,0.032776651824161875,143.5597543655816
177431919.15103924,0.040904015297220375,167.18216058650577
78430380.23070511,0.0234251324269621,55.731102052187794
143640323.638442,0.016885161556263486,122.27388491524971
265916481.22722685,0.040850368337816266,174.3587432192296
136479734.42020366,0.034129114679198776,88.93905283187463
138073863.5351696,0.03264596312857633,157.08435366840658
295784618.06682456,0.07565947758589457,140.4831698726491
304533167.7009812,0.08954569953324652,151.89548966150343
75279313.63125825,0.011406237396124001,129.45964416094003
86084671.67420268,0.01656567470092994,68.05138938710115
120028781.25303625,0.024368358612465037,76.65522995807238
94153464.13488263,0.026920638643600028,151.24655031811184
188941323.8051458,0.0547834114259834,81.71738693178034
141643802.2139536,0.04734113422551735,145.23608789019494
132155675.5286453,0.02879992735639075,132.28753740580393
125889101.11458497,0.031757761354163916,136.72671148174925
63230802.953393035,0.010844554231838274,89.78499204622844
48704907.721904986,0.008284317832569789,45.90997252812619
228838912.52103198,0.01728927487555251,84.85875932466922
100924903.72051264,0.031773776324280766,153.4833827070944
250397648.02280456,0.043992764562121985,115.41375387980817
82910605.5260702,0.016435304515148616,136.92629881022006
180443061.41868234,0.02694867021050076,134.1002455487922
59122720.70085483,0.011098065041728182,149.12219411669466
124661405.01229958,0.020420877249788187,149.04326543723772
208957436.69914928,0.0650132879479129,165.6083326055183
256373483.1544102,0.07329394807749312,118.74246788420666
320147657.84907824,0.09326193253090487,65.42381566609134
214015077.41716293,0.06220649012386102,157.52517110400353
226022037.25837436,0.046444184464311346,77.03969603073747
112720570.21889916,0.02144213345018049,90.96759345507327
95683514.15803146,0.027631546011229444,166.08332399693623
299564846.10837984,0.08569377773015222,84.97762369889277
221956613.90064716,0.04624285055136713,144.3579454911645
44017745.719509676,0.012749508058193576,71.20630655364096
136920946.83246234,0.02441152072155866,142.8877206933734
67809319.55943544,0.02281259185389507,163.8340385425373
134296554.8068566,0.033287006210843476,84.69745971233277
102095959.11685583,0.032092467584217944,177.92480763641112
266535544.46922967,0.06877350189472821,172.77645633957243
109950764.1184315,0.02610817014913868,100.48082944648233
144196770.91241828,0.04043063249776816,164.32816991080503
45163459.73728262,0.008417402489987949,60.0622709646131
275950249.2328583,0.09339812671555808,119.52234262518552
158319448.756534,0.030353985435723152,77.21484867291795
40120847.092028916,0.008456806349431583,127.71359482829561
198535184.86113212,0.05877674559173454,107.24354795850678
168531679.71833923,0.04059617399735615,140.24616190142453
44736362.87699837,0.012625169710099611,74.81175708274874
125696965.41841838,0.02980884737712803,56.28920844276697
172697908.8771457,0.050751576976731966,66.96985012473043
308732675.93275964,0.0815065309727665,98.61903561171044
105237109.22223836,0.016079664458493997,128.3048333600971
331997569.8580503,0.05646726699593962,155.57403060464046
75798317.23717734,0.019167909519199725,80.30242750144949
179185211.23058617,0.04155203110870058,47.77670946982388
355094203.47858924,0.10181561666972933,145.49220066174053
181010769.4383443,0.056412738665645,77.23310000180818
66751037.2029489,0.010747893721070533,120.4623066662788
151568888.6002919,0.05129675059094816,148.12340407090096
198751468.08344355,0.06523656748185722,165.34581363996298
91620834.71944086,0.01837921123631947,77.42350202309447
86798402.14503536,0.007231019688591322,180.01073474058606
189104474.75737828,0.03673165564178079,81.8013879939931
48787613.54021171,0.01575332502207902,132.27142914803727
115573069.58075279,0.02878171922792878,74.80202137531731
142430389.45098653,0.0255990305452523,153.6612914522786
136765497.5514071,0.029713527402988996,37.67878939327178
474751060.9972671,0.1367483478741456,136.66830218210347
103488802.50648779,0.034400014995694984,151.9873508184845
267928059.03803882,0.05605455612715863,52.654978943595175
196544096.3359325,0.05021472431874604,138.75007035342045
77297674.27620137,0.013105036497075494,167.36605336900533
297456429.88641006,0.08845639236660736,162.54294299420013
293094675.1866592,0.06674571532533419,140.72717422589935
80978590.03038067,0.014730884498349781,147.9527817970928
399272281.6176212,0.10654393752132046,84.18365124475176
284152061.03167737,0.04006689881865186,156.53561933285383
314638057.97177863,0.08741670976683666,166.39998671626068
194227170.78733078,0.017251493829210946,52.55636652475842
312742503.4840872,0.03460589431110724,160.83755203065317
206548812.55776128,0.06940253229807533,129.73338518812454
238314332.66354418,0.053153280943906624,53.816048185855244
49193456.152767666,0.011160707104350744,90.7384842850763
143712813.52461725,0.04101371210566587,52.94454861818142
120499941.61187632,0.03193115992088637,146.5141375735821
157927789.20646697,0.03050791908754741,149.29306057371483
59376996.03332925,0.012056139034352743,174.16207319724143
281133963.6193482,0.07849006103810283,78.75949679740094
88029176.62841687,0.015377546941524338,77.96441091949475
37948428.29082441,0.01009063035011769,52.04099555770843
279660732.07857203,0.09394081483568663,106.01759634830566
287957612.90495956,0.07269642023863038,148.18702732769788
58273183.119338885,0.010792560160328611,136.88384218789355
273700286.062991,0.05917631450068121,152.3811677130506
169645275.72276428,0.041051445853374564,78.59905167003512
88753397.95848052,0.02429181941223571,71.6117861007836
123794662.08335945,0.026753087500699192,111.37454078063772
47747823.308880106,0.010849590642005367,103.77866868349352
187378196.77350265,0.019758320508645667,99.97689457245313
131426146.26839104,0.02837676889248528,83.09571278292053
115889301.25538072,0.025767554905416424,170.88467516596876
162013579.23874372,0.04115717728457314,70.29115768625911
93248620.13272116,0.01691420639723614,123.26432613441334
48933286.27621904,0.013851491163529293,154.56951790793522
97367612.66280907,0.02575817869487911,51.38412908710163
170740374.1105705,0.04292338228975883,132.90012511263924
273326982.5059349,0.07191792745944749,74.9551509842439
48769683.48030696,0.009235127358477148,164.04358543535906
97918059.88499999,0.022661796060377923,118.52516125885151
125711426.17788377,0.02869746850206589,72.59297354983401
249452089.5587331,0.07611417182602717,156.7164107619327
56459809.95457728,0.012072928596524002,103.23618987906583
50958586.93206072,0.011534057217468875,86.33966026395362
157271535.43197933,0.033185346325909075,76.34222765741815
145583557.56066787,0.03244801386913715,75.27332704298995
181026450.39435908,0.05450246252110758,69.56204948591542
40871725.91432304,0.012451325992606028,47.52117747361564
58546910.15386907,0.018897854963454135,173.199507792579
123230255.7250122,0.025640658514155906,62.207242394769246
282059123.20597243,0.07549247689379404,150.4772091365225
253423316.47571278,0.048936797709302364,172.7013625494951
129041756.27435261,0.03242704138478583,74.60508356740085
111407430.30125298,0.03495348918257811,154.75670028644637
255379868.4586674,0.08078422341931213,104.24932898180326
402875713.6076739,0.10438536653486129,164.1497718675641
169199533.09598714,0.033821927909438124,145.00948652907107
300976996.0063466,0.06534529457709581,130.190618600892
155222870.54266328,0.02557472648435715,146.05157718894958
189853971.81425858,0.03430323515378103,89.58813903866218
455169086.82374007,0.1333846161596674,142.5742769092718
175603624.4008296,0.04662083731373436,92.90722870382474
176888282.27952057,0.039682677014049365,70.73214265596508
97683496.94891085,0.02882341911919028,92.70547916940639
119856761.74905694,0.02225402236055514,68.25424794569392
71110038.42601442,0.020106579517072547,93.2035046719211
231404362.79676658,0.06778013204923694,55.782042473252154
116490546.75920124,0.018178755929091805,138.49178503315696
297828165.08324313,0.08146057962094001,160.47482670435986
126397958.24712053,0.024446389739844216,78.36092351408618
137102807.54044786,0.022565273750126184,132.433133214756
272127412.72327006,0.0681093902035292,146.94816279663257
105961409.9565585,0.018461464936395385,68.38707930459954
243992547.2221755,0.06920865137594119,93.13089042307158
83024624.19829214,0.013130539020671777,168.23221550205858
237831544.9547091,0.06111007428494967,188.49513979751134
174319976.05058253,0.03735219391654881,107.77981575185258
198007599.42289472,0.052049002628384626,87.17480555732963
218177649.1119579,0.050272291679350434,98.81750305235795
89661050.82174107,0.020972735559245604,78.45894701303344
122902078.1109874,0.03025830867769169,125.22496124245932
96646268.04736984,0.02025528237850953,76.52308736043483
66744679.31457482,0.00890721540086386,64.32882104234162
337085269.66819483,0.10254999514588012,101.54812219805625
44543907.89940037,0.007045867575348787,112.46831161709879
491870409.36952806,0.1332740004767786,73.23236412797345
130584801.64015552,0.04470236393488831,125.92691654494017
93332214.62936032,0.012736744165870997,154.40100253057454
303637962.74024004,0.0565798531061363,152.26768289765198
292828978.32905525,0.0682645821168666,147.73092011939886
462826009.60382855,0.10821166482135966,163.88551708327833
117062171.81047079,0.022737480669477173,166.34262322666805
132261045.88598074,0.014064781252636913,71.4600025501033
75493180.94067685,0.025174593558986966,90.0695509707941
154754880.9182857,0.04089947958720497,54.64933194221244
251592377.53566217,0.059233778889139097,87.61693956460326
163856777.12690908,0.03320885987235796,160.30487816180838
155481608.0438202,0.03262967430822964,120.94408742069305
196336664.23349708,0.06558369570420759,98.71877321050516
335491454.4987743,0.09913148529168508,167.66100380832614
216659474.39126772,0.027199560611153032,136.22103352520784
175436722.90918243,0.04826669147165787,106.54292763371518
38712053.13697832,0.007666380038200237,110.35986191724037
65691784.57346691,0.02138716910375338,99.61994178521842
85991848.02676387,0.017221796994644663,70.19532881215868
219917102.48236746,0.030749954709186088,132.3164096974679
301566939.62398165,0.09659236917896763,166.31409664966628
68136534.01772891,0.010822947508281432,110.68853715095592
52607967.29254058,0.010252387332508932,51.21840588091093
166471954.97082102,0.025739127409320228,72.7699965260619
39864788.91787485,0.011078387908849961,95.48691985974425
96177020.29215914,0.02421155608792297,125.97316299301355
163093002.62000751,0.03392344607128644,159.95826327899988
140798711.63708532,0.03339497064177665,137.59247727222177
135761577.81220704,0.028425452968566245,103.76346422144357
273180042.61533374,0.06320141773903004,95.86809416200819
231182579.80908275,0.0654104577947994,110.20405401246518
50879832.28544089,0.005982894230317604,81.91352814459434
91987504.99459778,0.013116986094933012,104.92410636932863
175178493.2807719,0.04180364473629553,88.28943146167971
123697964.75177543,0.018960360704049828,153.50746153408343
340935873.62748677,0.09651213410723904,102.38712009399987
175154745.61919332,0.046162618698607105,146.50227846497827
167876124.32376948,0.047575816459147144,56.49446574152807
284258567.1111395,0.08631511436676938,90.8295613756273
132421968.21650729,0.03237019454829616,137.2294749920549
128072169.6119321,0.03536546732972071,156.19010962033056
409627248.7322205,0.14489648467683303,149.29733210581895
146336355.1384624,0.03039696877032022,66.63150055893844
135999047.18543255,0.042315829636496605,52.92407374411739
211593909.62228924,0.046208945796859455,153.35247220587107
230411509.5149706,0.0312805766512509,63.66669599075611
73069147.70899694,0.01701735443023586,65.0275357358976
331952215.4754021,0.08700732136832252,157.5893807226804
236741425.99671197,0.030691752468716603,169.8049076045696
168443691.24643016,0.04591581208545066,148.783423137373
109448812.18486942,0.035494805691647965,71.38294361391925
147587304.84218726,0.028375333007468976,107.64137043215213
203749676.62529972,0.052066974409776555,52.148400757804936
134338345.43008852,0.014997569199400589,102.31075160861552
320487088.22240317,0.08577691083418912,196.43380708313964
131395645.27630714,0.029925431391558892,105.11820782312721
204264140.7567094,0.04085480381530982,147.34660065136825
289851921.6791523,0.09379953930139467,49.418090644284256
41169447.4282313,0.010318977193780493,87.48140071806681
69326886.96029118,0.010830141336524218,95.19043041068896
318602671.052393,0.08492422636917125,68.46472599840183
77502133.04802442,0.013138724009765193,71.98668649719933
81664102.61352718,0.015665020025285324,163.7080859792624
257477510.14616293,0.07457194450824606,152.87708508420076
174657215.70464745,0.04466916537874412,172.04288324809903
148299950.96540257,0.04047643383013064,49.37376371943257
220901333.08825842,0.05784134299765006,70.79939129041692
286984571.1301244,0.046307590895100496,58.93540013794291
212283899.17372406,0.05994723341440594,146.26132704132152
122816888.33368608,0.022408563754532485,157.0553778540436
127420160.48486811,0.03416334887514618,26.167250609087414
424248855.3997762,0.09359534655763939,131.08037509549558
157477319.3351832,0.035478779823130115,140.97835399830993
117529635.13867505,0.028068968873758003,66.85796974171208
117323349.34053876,0.014354167348029377,152.28526248680856
265739878.35879183,0.07189939498214398,80.10061468581999
154262323.02591157,0.03344470954745203,162.3402659948053
80910017.16539416,0.017342713043316717,54.94508064680596
133617763.60571644,0.034388837519612525,161.2966610231511
170426819.61462545,0.04954083910096375,93.94321304385956
219712772.30503833,0.06471718913496584,85.86545091915688
92023115.52875264,0.023932679123413427,56.53797910902976
125097105.367024,0.013750378705470466,88.0230761694702
272272886.3892805,0.04946058215971841,145.51875282836522
171799537.24643344,0.049845883442424285,123.80056347689747
246009736.8766114,0.06818956537249793,121.73737418380038
311608678.77449965,0.07157759639014288,77.20381336139015
59467828.01560949,0.018803666616242786,84.88652448962972
76877943.78933275,0.016895628776785486,73.98208799840131
184514765.86628762,0.030272029283768643,59.64139802581648
269428362.6212584,0.05766072089160736,170.3483444238452
237336994.3063302,0.06561053044390251,96.27553586648088
108177258.38970155,0.025117636411494237,21.799827426910877
315116986.27565885,0.094901938226965,127.43269304900022
124869238.38047647,0.02065667536974267,117.87636559569773
155876490.50389636,0.03460137084398848,147.06265589645264
391937817.3765742,0.09801041348008063,97.31759832749668
482982059.15237623,0.16241739101031671,84.66555743361862
172317612.6827337,0.027714638556365554,53.62434639022128
89236911.06884426,0.025166032763063017,155.58980450050927
106971096.82173406,0.0168115231248916,159.5007426763891
117079987.19270083,0.010939512568822512,55.32195520750481
277979525.0306678,0.06432430205590492,168.21016802187498
116165138.88468412,0.02687403610113634,179.9607254183969
72220799.1100761,0.019284142376445303,95.14021068478856
175622801.92838848,0.03448966198492635,149.03952611479053
213535928.6608737,0.04168241041833163,162.44824163399247
272943315.24453616,0.060082595832359545,130.1069613909994
136823577.94204107,0.027064268887402817,57.684075613094926
68027226.1366902,0.020738320145256808,143.2224009033701
132862150.74964866,0.03304660553689425,140.65116873191366
425416269.9892553,0.10631255089300008,83.2427367513816
285690078.47943205,0.08942790984345546,134.26310973635995
164575991.75989214,0.03204474411866345,148.95800620155038
197926977.6797195,0.03949903489418787,157.13815284861144
60934666.83971968,0.019310773659225077,140.7360531378801
192252807.90944475,0.05511788646127364,63.37933533452367
96903637.98758581,0.017455144760447638,88.58091819605758
220468233.45677364,0.046701725955630526,109.49650246466143
140942893.503896,0.021570504463842906,160.3909368880242
270812127.55262566,0.060047660313756586,84.81695271749945
78666958.79715359,0.012983327683416016,134.12276045807894
191034397.22053477,0.06314853596179697,141.77582553605052
146235778.43200874,0.02618505529593139,58.59607858038487
333508958.3267932,0.08226184442861027,80.01377853683405
294584444.82860935,0.08121117732990996,57.74885880086246
158356856.95430422,0.02833192588186437,69.59465858760507
197110622.399795,0.043759023612966255,75.69154742616743
118588986.11565877,0.024757561516482816,137.8511089444922
67927406.41188735,0.019278547452470134,87.87961229380338
185940362.4599775,0.05419807565007562,131.7135423654344
278637555.73412466,0.05900324179627698,149.99468709509753
142189027.80661216,0.024765484539208044,147.16749325101188
78234626.06777646,0.013465883127812802,54.71173049943675
133871665.58135858,0.027633050085375567,85.2555387109943
235816855.60556972,0.0553433224608023,55.64177267195257
123845394.78441253,0.039841466935838,164.86539919573295
177721645.89526296,0.04081337385903341,151.05061287246446
86688531.02634919,0.009690577654332481,73.34860298312972
116973876.05878444,0.034960563728220415,180.88912128556578
60917370.483862326,0.014307734845938622,175.64915499527262
153867390.15829226,0.034520724607841675,87.78638465371725
312505863.76125556,0.07895929195217122,78.1309325047719
151753193.1917258,0.0428527044159505,165.7666799180961
126255636.32503934,0.028388053114753006,127.95231594939033
332367898.18863106,0.07164373432711132,88.33430703226918
40939935.97374128,0.011245839675516225,131.32821154276337
217858350.8998074,0.05197124123801627,66.2782123686059
116254158.78054242,0.015660420310589375,54.00488556494558
93651791.82880646,0.02182781018699664,70.44849716740366
255701596.21307522,0.05233026554084992,58.06978924863295
20059531.552574225,0.003797510569767507,62.48404205332284
168453567.4641172,0.05404301328118789,134.27515409189448
122261940.23616841,0.02515242131097518,66.02383776798294
292227234.21850485,0.07930238865964313,141.7446679923796
217842697.71292275,0.046814949381537636,134.20272795827984
128169320.76580013,0.022226545114609805,135.67240123477362
225987226.37585118,0.07337182812476746,65.08596645899802
267314382.03311226,0.06625075245661234,108.86547495486137
301125576.32474667,0.04689806832372122,143.25949251958917
82398584.61519706,0.015204087602525621,73.55968045990227
225308693.32955974,0.07130975172158366,61.995160543204975
110400456.17426148,0.025428609697038928,120.67973890527449
66312850.858512014,0.016390867840694226,90.92670970013248
117369858.33440644,0.024889619685781496,63.41025750674725
135143377.26278478,0.03539513470109923,90.42802575214814
86527187.70650879,0.015325558533159811,105.09083389283673
108754547.10164905,0.03463532937440166,166.0388770917655
166089263.21580008,0.035076162111256234,64.35617845956992
130480195.02498361,0.02922456198561931,129.9569504233972
99258792.53227334,0.03151165367693929,68.9127488320261
137165800.62186703,0.037472252835969506,52.862690699406954
192077952.28681642,0.03604460008842008,149.57900784957803
144681543.47733963,0.031043767107181774,109.36657776074964
72603748.50987437,0.02190663101289199,53.43105238181363
291373011.38883245,0.05818018747745901,145.41925896945878
137624411.58009976,0.03201135026711441,59.77026180097517
96252227.32881111,0.00900109239599833,74.18913599767326
364481000.9933214,0.12768948107978575,89.59225657206801
197486992.19008097,0.06872090653521289,152.24899849510123
126184192.66973855,0.03924202060421758,161.7842083785437
106801068.70760877,0.035735869123035856,61.062746563241184
203150714.237468,0.0336064917625208,99.05552731912077
70911936.16787355,0.012856571378982502,77.46251049599044
108588081.46662737,0.030664208200372033,70.4185482275194
112129077.44447142,0.022306027605760403,121.46009485827328
164854722.01308435,0.05288109096437965,153.03053354055933
292051302.135457,0.09481355476257158,122.73929713344465
162784078.0468829,0.045289018891616885,126.5657991744065
100941464.86917566,0.023398993847976834,134.63328301396766
173840706.8163794,0.05580625278622679,161.63213402634727
59451226.1294487,0.01848140658905021,89.529619608615
139644109.92091945,0.02844612334553441,57.58648958346071
65019127.56210994,0.012104676664992948,61.746029630588026
71013750.90554908,0.013421818454233032,165.06161438528403
101317967.84827855,0.019663938671529792,146.95056950857452
9786585.922346922,0.0010764270985661893,74.93986400118894
78022398.22297272,0.02022720729682947,51.323419677206644
148157944.47997108,0.02530183572695162,105.05085360039169
346694731.59376466,0.07568800127068347,52.35511172244189
110403841.24251087,0.024574847778140185,63.99895013327504
175954810.80456442,0.02002155527829043,129.3465658118698
375551118.25999385,0.10272246526640731,122.07922310829272
189624489.15816954,0.060020453438369765,98.08383363945224
136683063.10534364,0.03854710045278801,69.44786828838113
148812815.69166043,0.030842457374844725,149.19264621020838
153009178.3339271,0.03954063717383174,93.09180103665042
187046535.58452386,0.05906473791795416,63.28552455765348
138829407.37430462,0.031015761380338177,70.55118687752477
209807415.71829218,0.03919150818809486,121.28643048429947
101631285.70083937,0.021807459348978528,149.2266035198112
177583308.56663635,0.04882888672716213,61.157681346446545
127396235.52527109,0.028983003800261295,156.6775540236047
64975252.65254083,0.02274309703333477,79.80516697585057
238597886.18206033,0.06262871631675762,136.820684379826
75651118.98289618,0.02159200617007328,44.8823383791178
130047326.62928663,0.030731296866779997,83.8495814120099
185347885.49918717,0.041871392978264144,158.74560530851076
97842872.83104381,0.028721683108234402,49.33124534278106
163577280.92348355,0.03067394089595494,66.93446790890593
231005067.47169125,0.039914352458632514,151.92005523903592
265645214.006706,0.05571127183371277,129.33631612686375
79712115.99189934,0.020238647430067473,109.15350093237966
225446403.28642896,0.034451451556014194,74.60034845153987
211071359.4919078,0.034650985906375956,172.01082284038415
118175335.95863205,0.015783977707477095,151.3314684777581
194928425.2204564,0.05982382173222768,73.07887085378401
332585971.9752736,0.0856827816096862,151.3018622907692
81517080.26160038,0.01791608248273523,138.32054879787245
428533508.62848234,0.13237446148327936,82.63316669766567
272056956.3432194,0.059132519459938054,168.8700838325651
257582526.8397114,0.0903513480874064,70.14285594116876
68592171.83154045,0.012714512429822194,81.05849873756247
282390243.7626669,0.08349301945709776,62.9880542645845
76756680.05010921,0.015438616510690692,67.34635077691503
236487617.92506796,0.07196804265451913,146.32421522611813
185017711.55941933,0.032387129620971226,108.29153374481534
274336405.70238435,0.05609992661813936,149.96248498363175
272812337.1583024,0.07849553723196925,37.62213714395543
181693707.15442085,0.04856608363029301,74.80932669888861
63339238.67429294,0.013844598843785333,99.56974771671378
284402826.02429277,0.08017218681493661,149.10269497125407
193452416.13089725,0.04735332497220312,137.866215880518
101098705.95353442,0.02388513603033293,169.8767835803321
90539369.9579794,0.025826017493287966,97.18154870730005
241251741.13928795,0.038629972222516004,123.46192199211626
71629296.97762428,0.010184602550362137,75.12098882846747
94884303.38194166,0.02469446191609003,146.18874915117232
204627705.48537973,0.06615355903326466,151.0615009140805
93566127.60858561,0.016736095005018714,60.73992670236519
-3880969.1788337543,-0.002996826654693326,63.321972720198445
132969457.18285371,0.020934603808531422,67.6145638041516
111737153.15568139,0.01714042901589013,87.51398849039423
94852559.21775474,0.029655573812214654,45.95383600279546
349431610.4351437,0.05582673302108648,198.3855221066333
130247601.91067769,0.036958151941542686,139.87396091072597
146299775.66627964,0.02602397951987146,113.30719804042685
155081800.63228667,0.03937447796736996,139.39518272324798
179845908.83141303,0.03752842126035888,113.41756940413569
136331980.39626777,0.04037142900805492,131.38415178546904
121785779.6991238,0.024131370104063084,136.78139987032776
30879075.899178572,0.006959555676808193,53.68191831294671
89781955.53809413,0.02642515044276752,81.08941192943611
263961044.57929543,0.071198619154653,75.11129782171399
99270471.42453463,0.01728987146733502,98.19840634755471
112533086.09680164,0.02267284058085844,131.07623497287221
176646209.10855687,0.03452827672886195,112.53256661767435
93910572.02180107,0.015696568543004278,49.016915076272944
180018647.09780633,0.04327649511278614,53.413278182929794
102976508.17383555,0.0187983819978256,125.26490260413466
113622200.72029783,0.029131729146762618,141.7962009236182
184396823.68898484,0.06345766192707146,96.11837055957912
214506234.49445134,0.04561679345043816,156.68134263472655
215364386.0501509,0.05789015677639192,168.62076504309348
266792395.70772874,0.08232686944319245,59.76691965907178
262304131.89397448,0.02657934019381872,140.2704903771347
141764335.14299294,0.024021823056310156,71.81767685414174
297434780.4529911,0.07709663638348406,73.82296143987477
203734009.85185257,0.041872760595107895,136.41083939101023
323979485.3989738,0.09833441296643179,48.05265198296345
32415866.53475706,0.005682710155978254,121.88780891093587
274451589.7878605,0.059428185267695444,148.3739991455794
325672887.82917476,0.10105944121630224,106.493660644879
186086626.86510187,0.051787662095727695,147.66391766687977
159763861.3545925,0.03315479703105813,148.27522933740207
153799164.29876912,0.040107294472611986,165.4394452474317
71965642.40332615,0.017085713533202516,84.23459160631724
448441344.50816524,0.11077987518997982,160.52193800363472
103134955.29217106,0.021564839216877518,122.72612082952651
134208512.07595631,0.038387461952197534,99.63211569823547
52967516.11219548,0.017097205098494928,47.838481046123086
77732608.38366841,0.024590817083761787,75.80032915958043
204782248.5465779,0.06340511651717329,145.61580166146294
74720209.01511599,0.01241506962821435,135.24923379378393
148594147.27120483,0.027109577593500005,167.1618356190432
169916443.94144818,0.024488202672634164,53.06129930520055
142752040.64016408,0.024511689366474063,77.56365130062902
240436826.52347317,0.06520803463697508,86.60038333968947
161337106.39410487,0.024260688639162437,81.04316469016476
137444509.10254177,0.04385440007212233,143.24537432211332
300899845.68629295,0.0886085420711562,61.58140946285242
226872714.87780267,0.04795491622356252,88.78480037970868
188795135.0607208,0.04444911345431243,145.6713562087136
132882208.44293,0.02548639912642428,100.71256533493764
191646553.38068599,0.03899010518723645,172.3974174205127
64479183.34700779,0.008557521077708602,43.32588231518989
181953118.4004572,0.029361645174673878,76.03074068668076
132708651.49190998,0.02402613117865908,89.34668897286015
62491930.83587572,0.00989653915029032,82.28735281123352
286819690.04838747,0.08902453282179026,88.93618074046769
432932368.2375225,0.11941863963537344,108.0517999557023
186890388.37793225,0.0423066026953646,46.919687524540635
192799797.52047297,0.028261308736425402,155.9417835711848
96664762.48883998,0.02306576317981241,80.15822430899844
50283662.37045011,0.014383961840060105,116.86277134161134
285804510.4413382,0.087805488569575,134.38380722824644
212081034.31541556,0.04547598769901494,67.86018130739623
158222266.60477757,0.037336033108520426,167.68250264457956
147190115.84293944,0.03218557927604221,120.82664561164276
258341952.31989458,0.06813259101267118,60.512051762876894
134496331.91431925,0.018860767248037015,149.60302219673392
209024598.68276158,0.07282794976137831,71.62558162155447
218200558.84083354,0.05113891025713908,139.26109524268435
354849005.0694829,0.1075853563939086,143.19657113102514
284036730.2715697,0.08897690053241814,78.250692848509
166821474.9491602,0.04480760570873737,137.15472905782377
184441428.06184357,0.05628151835114705,84.08622083048326
193484927.5305013,0.05807479645192947,109.17285090894721
238475764.22759968,0.059152087348536234,171.3201879362809
105449314.12396222,0.01808690164892948,130.46903037449124
539760809.5408065,0.17611984723315122,106.6736638727596
93752740.93503836,0.015196299918650933,96.9313273264698
100437437.96100491,0.014644548703084952,154.50710575031653
205835445.2150529,0.04656769705701361,82.75229345405917
493913751.4084834,0.1596139176354838,188.10936098427447
44756567.82476828,0.012717693087612458,138.850965848582
115701252.26622069,0.021673878004607613,86.4519127006711
209740490.8211192,0.05348813612284259,65.94298897291377
74566500.04483989,0.010048769256735852,88.85817991211714
181736872.04709977,0.046288145173849465,80.90177030381597
95404915.75560592,0.026338578832819707,85.52674880242483
38994735.59295133,0.007172433801591037,103.96343056324908
215420420.91919985,0.056819377786784246,122.97151644901591
108269619.88879609,0.012381404587054504,140.76210012199246
152335416.18345654,0.044465751461522214,64.39543358070786
186691618.12241632,0.023510082652794778,104.05648932500826
154201798.03644818,0.03893974048112429,137.56673196068073
62955797.928450614,0.012020556438639847,148.41046661322844
127525892.65412305,0.035872773882309694,77.90000160054534
224181565.2665215,0.05285077835115268,86.1462097198424
115253881.12968272,0.01846617330110926,102.53289566481818
215426368.35268402,0.054512230696328344,63.17170404479527
245948912.21656334,0.07090241471541942,63.39476639072784
218471132.94446313,0.04832173305720504,79.6941577826808
112710948.91937774,0.03407607676443022,33.602132832642056
157728913.1509779,0.03699516150152002,95.06165828759866
181447097.5763434,0.051506986221779474,159.5888457020886
444610125.3869591,0.06705644603845731,165.45672021064988
100527489.71019909,0.025451302955387625,108.91233886547096
189264673.83923727,0.044393261333328944,59.087534124256976
40410292.29699078,0.012400389792993757,71.81941673953642
242758159.00729185,0.05259530315276264,153.22886609641282
214322304.5776109,0.053304271334574514,155.19238208259847
145566455.5386454,0.03922875593841608,183.47008189953146
149688126.94229287,0.022828741363032642,63.4667315674523
188149612.80606663,0.04659502666082722,76.42089858856912
152691078.41349292,0.036614371909620774,88.37419364686944
157878178.16012478,0.026710507463966505,96.96325144281084
141486322.1318082,0.0284179211156675,73.01112768882706
126480146.80997264,0.040841312086780254,90.67429000291564
216398875.44341236,0.06407617641542393,132.9759036204435
306330091.16755164,0.06970958612164467,88.61403555527178
77934286.92386208,0.009719776431358148,48.223477256408074
364209510.0351889,0.10486841978585297,120.27748576849008
110350372.8955527,0.02145679897754318,87.8958437801475
54213113.17786102,0.009227218980444615,109.0614701095881
122260946.6491963,0.027979837672946276,145.5328300242745
178083291.00561827,0.04911444645089677,76.1005029134519
208522381.36352625,0.03323922659481362,125.09399300175852
217853911.69528013,0.04814003893450315,29.387498761147974
422004318.2994686,0.12856211255210462,114.60913986271495
402753660.6149994,0.1294964635412666,64.47794952055563
124069295.95041305,0.04275728828312141,59.37518164657574
122119309.69688565,0.03132456149866963,95.79299976917487
194177667.85448766,0.03689567562839566,49.79957092339135
204540586.63760465,0.04093022378910036,120.3468186605847
171245513.08597806,0.020226034567043628,169.21800388149262
156568143.75373238,0.037947306828255714,154.1461414339089
135759213.46766657,0.027487716148577028,139.07435241642628
104474207.53623882,0.025129280572017673,80.40871014659302
174602160.61023936,0.041775891615309604,130.42838516363818
188083595.68683887,0.04294170043680465,76.85711784179566
177322868.34847146,0.03798977244254838,96.62354799429879
59171045.80293695,0.01937301988166859,79.99935953668827
413184360.23307115,0.11929995686235517,108.42263516589084
137410095.8701087,0.024233348734260876,118.23517677525447
174751642.94497433,0.0479438973690902,75.14154232165268
138266876.80335596,0.041466776535736126,50.67669493005846
199911624.29219294,0.030671011801949696,106.62133727629634
148669039.02362266,0.04439582222833423,129.6442068993898
93198759.19402684,0.012257706593323014,69.51337109980291
55113288.02301985,0.005442576450819958,112.80639278141682
168274414.90254492,0.031473976285284574,140.13690881720905
303609898.2354938,0.0687427771040032,123.47982446240437
203560294.8963583,0.048248848603249184,148.81589299730902
63579452.609561905,0.012870966423690336,162.02185244079624
148097589.7611692,0.030149109649893837,126.83228979154883
153928829.9912598,0.025538300702736504,154.44986890267901
233645821.8438751,0.0595786052400537,144.63394413488894
112010447.32167597,0.02538619730852385,132.99186506677128
141531417.42653325,0.043549062156221764,148.38591124011774
85915303.72921303,0.016627663133066427,119.90261315361762
319191177.7338772,0.0603686336110151,66.53168318270241
296363811.7474631,0.07617586374271507,177.9948925164248
81053166.2318832,0.012525493775360379,83.94112681913961
97151497.64017096,0.0150839658828679,63.20233269984443
104584177.30678403,0.029041614422491112,37.084958813853035
165365257.325552,0.018164534025584225,99.20220660907643
142577103.92393807,0.020435424336624236,105.15012599812437
193389300.94472224,0.04285037374554294,128.6944652261912
570562796.5291892,0.16554216412997183,55.338134817882384
86759763.2826913,0.018873048873945322,95.15045783182401
112423861.9849611,0.021612238594001416,96.70294154171938
138678796.50989637,0.027227024547668684,82.54137355914276
96705125.2428892,0.015807475457200938,102.87115861932715
90782927.6195795,0.021722068345952077,75.34570575749723
158217252.24507788,0.029581996243458846,126.46054567437523
65455697.301683724,0.01922083128625035,169.6789305627538
82943002.16193375,0.02525407564532236,106.5853524722596
138074214.4733642,0.019641338672002514,155.3684440216849
127091342.91704583,0.03148272436339875,75.87308186695908
138719020.93183312,0.04107091851839834,162.33323706380975
73125103.73141313,0.016675378010966337,75.14219181162828
68614982.83839798,0.011425906152329824,66.60977751429775
103495705.71618578,0.019521911780729578,119.23266883405189
406029164.6309728,0.1344360410311592,48.83353569680451
337920898.6553105,0.10537956435615588,88.9341241940663
138458246.17358723,0.04007135405353376,81.12312457818565
367761632.60556114,0.13116995317250355,169.70477660095978
109809561.54029682,0.024420981182095344,81.33687087296076
82402395.15675515,0.013092283688238678,52.5796835258592
159716249.59968472,0.02554442716459519,81.25271960186453
298445906.8514824,0.07394640670426916,158.97366111215496
180571409.12964684,0.03865635091889922,81.4661847159985
137709469.95918202,0.038251219946554504,29.99563567794775
148301632.2145025,0.03869542309144792,151.3091944139035
205641516.55095196,0.05892112546033868,151.35272136927742
209490573.17534453,0.03547868967178455,59.51920412208956
85007985.13447991,0.01332875339233866,91.25098498537119
90800257.03087978,0.020381683977588272,109.93059455057049
141147074.96787286,0.03599122340315193,132.5530305727147
362490847.4651505,0.09674079208198108,172.40731247011897
244508999.68439376,0.05760149561676707,57.46949442430327
148555506.73736337,0.0403750031005895,142.91292650371832
77002821.09296411,0.019293786957690892,142.3222948828748
101518533.74265571,0.027722392487465438,77.15824538455895
124113273.5953567,0.02890253510105526,182.52536246149197
277909839.261035,0.0570878599660611,182.65382079099012
159735895.12860477,0.027893250594859642,123.78342725758128
263346630.2137872,0.05947887778549209,145.33257642349454
153610301.8138628,0.02182265228446373,173.82570002114574
131971333.16038214,0.02963058258327437,65.28432229272038
159831254.9509742,0.015728270956318718,157.41061035371814
683006539.6419858,0.19325350902763022,168.34732922159702
402805428.2972974,0.08637481262674664,50.676538195684024
155926170.05004314,0.05226806063231173,109.02347562462384
89785668.80503298,0.011409898534277426,110.84661230892321
174206772.12058747,0.03235877558876752,88.81998502540452
368585581.51064634,0.08602847129524582,75.59549873411792
78815184.21271354,0.02023604242909497,137.85977498626772
88101003.9224836,0.015386060469288912,59.849102290275674
94510036.29772395,0.01596735273410115,50.750384342770815
258776258.48408967,0.06046942279886835,169.78378305802983
65846780.6820867,0.014093263415673872,49.00715458613863
50578057.21253572,0.014735637708593903,74.92084261111819
225981787.32902873,0.04168755243101393,163.92878214057362
328722719.6454894,0.0970587587573595,133.88533728854804
167862722.34184685,0.0391954881871059,149.70265918298787
116320559.85716724,0.01734290804884083,151.1165355087978
110493714.34000492,0.025397394929698853,166.09103942201756
173519724.72274774,0.027545102989622244,183.70689820506405
79130960.44283712,0.012583217971101372,147.72818741811767
279921499.5542832,0.04558442921872098,89.82524942115089
322742561.18351436,0.06533565827423271,159.9955091927036
114425880.3533968,0.0379006092743453,63.49210384048673
97128587.49930257,0.01796205516931848,46.11130433348851
46464748.72222233,0.006394039691062758,128.56454808566852
159927813.26047117,0.024372396645837555,175.3668312869188
169485032.76499712,0.03694394916708841,85.82480408539286
260249488.034037,0.07060827195910022,77.94904227331814
39574592.66859341,0.005712770479512381,135.2095101429479
89895310.56548202,0.023341772443948545,54.93858794891802
133904568.17430855,0.04605380769965133,95.70172435618368
106851676.92823122,0.026438339215786723,116.28615103188149
188864825.07126963,0.05454520882375261,133.13356499983578
300281397.76548755,0.09715183850762907,87.52513645059172
331641954.79959404,0.03533611134421667,130.25547528969477
70976629.8785962,0.009029717950540571,186.74818262207444
147779782.39621198,0.026428368493005634,145.5234315289178
203257458.56682363,0.048779509193082035,51.87402306668425
225890792.39315566,0.08011792255817375,37.152183693549716
87352439.57632641,0.019061214965995,84.84280637200281
178481423.9576885,0.03206746701567637,134.1590558840801
135208023.1395588,0.02281154837796225,90.89863647560495
226991132.5182597,0.05967555024277138,134.58661056287545
315441011.7566772,0.075506361923519,84.84673802348803
69578350.25054832,0.013537440485283181,60.6736414481448
214031032.73676592,0.06699975426884264,72.61932584715596
131232890.2854552,0.0145240483375417,118.0363581412287
164823714.6931873,0.04624198648023289,123.02597084950763
224526061.92097324,0.06521091547879457,133.87840334001308
334847342.4949167,0.09503145586159913,127.7457363638016
173314884.7564283,0.04942059656145691,174.47548508221684
240954877.51698077,0.05890907404517774,89.48312559656233
76464620.06113528,0.017513938590168178,56.297841703254434
163194456.60015413,0.03406725011546671,50.15478977768646
115190130.28387377,0.019294896792896563,84.30993019020055
228148862.90665287,0.047853006250763205,120.40547234532934
174104081.57018387,0.04717932623539657,83.99847252613941
216065385.65854,0.06190998700129241,84.50945408654046
184168740.20754653,0.04037873615689233,68.14865613578783
78375949.817293,0.024807447769233607,150.1316483831182
111619568.46928155,0.0389323484022961,140.10886521203201
220452691.5831283,0.03197005492812181,56.422502951522084
76494313.07891488,0.016632322759172494,93.75331063124409
100960428.5004534,0.027930438200099276,71.90921846691924
172875985.78084928,0.03605281421979441,139.00377508586445
345966256.07852226,0.09860585252739122,90.31285830492357
366136209.9521672,0.0892716667109969,68.18233646959081
129772008.79194626,0.01782109886598298,54.34376771081912
171154451.21361238,0.03181697280784786,157.8834382899849
197858258.83915436,0.04427837486678959,87.58736912709
266991335.1985911,0.07145891790575294,77.47754159086712
363120932.79442406,0.08427572291879838,134.9330501711419
219084272.3482659,0.036483167834098135,177.5847730697883
132114638.35636485,0.022446733116700396,67.2351751714442
136268384.08713633,0.025757511512512415,119.03379201033052
101169674.88120253,0.022827397922883748,148.903644373857
168845266.56634122,0.038146518145596074,98.48944066310649
502736850.41518795,0.12417988323807315,90.90418375508723
67504513.49938345,0.020643444874351363,117.04586369432607
432377920.3957534,0.1330956039300099,129.70182863563437
223345348.73941427,0.05223786902667891,130.19041430718607
114919462.96250221,0.01937888831110163,93.4485270756207
425133216.6823003,0.1357448224436034,93.08993012890956
253169718.08496213,0.059838453200994,64.2291297033655
205668579.88805303,0.06342848689037466,133.33092986609992
268863106.9244322,0.07066384740987489,156.65714505018437
160701768.05756387,0.036528468299165236,87.13910436880805
202547042.45229793,0.04111706480916349,142.83693191718328
205490429.29173964,0.06918740461961713,94.5910739114769
288578216.0925895,0.09884544572946445,156.1975215025822
136373438.39225143,0.030611114300702697,127.3477325560882
133819759.95630987,0.031422311048060245,120.0303397215574
157416517.77636534,0.03389789044768102,141.6173689500497
134847817.85325763,0.043520490781861876,84.36852503999633
346795744.24150765,0.08823128411688262,142.15569388382104
294157122.98779,0.0480483982210019,180.87254440939563
368635069.1018467,0.1040376120481167,103.90860616319074
89616189.76550293,0.013875542147152036,40.246166319655266
79359559.10621256,0.02353764672258257,67.72038034721108
155363779.38790244,0.03463834641765823,120.64818162237303
154233193.00456348,0.046193974389626594,71.990535889413
232830180.32258973,0.05549619920991658,66.53461441398996
153328263.49251983,0.051504753224453394,146.59770606829613
254413476.5515232,0.04934594609310726,95.9855846116421
251702088.58708858,0.08432791309216489,87.56306970976146
240317024.5543251,0.05912696557019912,151.04954043069668
114507231.22670858,0.026700142406571113,78.75145378302558
130843953.80286327,0.041412651990949796,79.61944568562119
231727830.10716867,0.06680382310484803,167.71658154225602
103363111.84209093,0.017056518058123395,48.719149350829355
31093980.853094142,0.010025992055585548,39.78617563672583
271512939.8685876,0.0633955376636155,82.8431979763436
306262067.76105607,0.07666535463315394,101.29101057269594
132421224.90894625,0.026314704680983993,132.91913275136395
192870943.04753238,0.036573091275395424,149.62108238029757
280220628.87202525,0.08631677738665637,79.2519791704849
199810073.98911226,0.06605992377466624,152.21418944135215
218347384.74339348,0.05079240930632941,172.72607605097332
184057995.7239179,0.029666341928426078,71.86328038581316
283478762.80515575,0.0674241825412342,153.95880120621618
117548342.44248736,0.027600193806467575,62.41941408464736
94044720.31861307,0.01784434803867446,121.09119953004662
103551239.96955884,0.019368529774024618,63.96425891365585
73214784.48875824,0.01899410155917654,76.92702985317626
97227697.27510597,0.028859538958315525,165.40272398621025
217744176.53869915,0.04529992311920526,72.41539520431866
410247185.90730935,0.116407527537856,116.43272780854085
291056006.327759,0.10421906290942187,65.08081046322619
135315739.48785824,0.023940150454416935,78.60692524340338
148161446.37313914,0.03637809403586347,141.93391864098282
94901022.61014175,0.016083828094926714,134.91232742917333
233973823.58813167,0.029882814567470096,128.5427032738704
87557576.04557058,0.01438489943048724,129.72610275880024
163769447.2437313,0.026426127574240104,93.78425016587894
271102292.518757,0.06163432518303862,143.67520158754675
258966198.3163237,0.06092588429590452,151.74868322746013
141185270.6491506,0.02345747071062796,184.1185819999671
97031380.68879598,0.015604608139873976,59.00888360859655
232097464.444606,0.05973238119768237,79.71726621342742
140076929.89277443,0.04043282393375422,86.5003975537719
84874587.56902027,0.025178453624520238,64.76124008023173
135942176.48433274,0.02778568935200895,146.9031413414675
235724995.63698336,0.07506078660039771,130.13129724183293
127282489.03467129,0.031772515513528846,64.37215709163834
58603253.32636034,0.01302498666273579,64.47803864638145
276094757.07577354,0.05988016154552763,45.76622156070814
150406514.886314,0.021654908571519603,125.60577734856798
127540142.73682766,0.035530866713853804,120.97008008925951
92489799.9809567,0.02482227149834728,115.64774863174775
372537874.3755587,0.12057410636346963,53.28955161575519
86495299.77270627,0.01880402498860079,131.47520936183867
548758697.1038408,0.154003771633801,80.97582984784532
158862193.2488042,0.024316324141502064,144.3569081847947
111462707.7881333,0.021119775225283577,110.91151198246088
162712192.5674271,0.04044947661330142,56.10728013317405
372752978.87798816,0.08108750683477571,138.7905683980917
295648941.9920969,0.07387772993525256,144.6617213861912
263033683.08113563,0.05427413126728381,147.2977569208056
234049184.5799638,0.06459657737012389,149.38793128173938
202709933.70887414,0.05910627754063842,133.72234139871364
53344126.96270031,0.005274593863786328,103.85000675836972
143830113.31555948,0.03404211104513623,174.99601587797463
168534224.00138155,0.045261511040761294,137.67158490818346
198307180.20146427,0.0390486053457145,143.11212797057047
232216494.16667113,0.07366782483742243,149.14873903189977
326491411.6448325,0.09730254574866304,161.14221094597931
72171541.57393327,0.01597062353649102,88.97809638682934
390083332.10949206,0.10378957399111742,67.07640863185546
217099277.77041078,0.0645779262809022,36.46699139720364
134170668.08432156,0.03079138968329976,59.69969270950273
231473725.49588388,0.06803342160027287,154.24908303705868
254898904.4932566,0.07842163922208882,52.261420190851865
132889745.77134022,0.016048368578008898,105.73228653655367
158584716.26084992,0.030788398016656518,134.10063456286855
80914375.34168693,0.015603979656326723,134.3222701907069
160656200.16069716,0.03127465523543548,87.20076407617375
74104821.5547675,0.014068579102217845,78.32949977812945
153685598.47397244,0.02014976060621367,168.02399522024422
174928424.93977922,0.02353018567315345,167.0455917484046
241127755.40795296,0.07820816042785514,85.1175070025769
246969934.1031189,0.07306856731139214,144.94992986596358
208074826.58575013,0.07438863624280992,142.83407611793737
141738133.21785665,0.04029016687309257,54.58756036358013
156649458.6625106,0.046182441513090464,116.9845170005484
190986783.403999,0.03941530320849547,85.00108540446433
295378633.8873884,0.08141319669199873,102.14289789856196
136360668.37131786,0.020286644457493355,155.6250629344918
266066388.97180784,0.07569858798256428,87.10142922574768
32051415.139710817,0.005560398492819759,42.0822612687747
259774565.58802876,0.07593485590465653,63.97354302902999
78860155.24808492,0.010238809667209001,69.27952880922324
250340499.02253556,0.07141632460490846,127.77415064728444
256759416.875709,0.07394610573807021,137.6342510007118
53762391.98355819,0.008923576025646493,84.87024763880618
266415108.33169213,0.07836709988168442,72.90928003860165
492080476.4081594,0.1417232136671943,147.42526648616317
241733931.52756083,0.05767149223774344,93.33231644115003
106987169.95207803,0.022410440390849825,89.47717289391107
91962660.46764822,0.019762574279931343,86.55362190714322
200217144.32599348,0.06085129505497503,150.2450305193107
196499808.21477532,0.055060292061483426,160.94041883344514
82991896.27450952,0.016307308809156883,24.718827465790984
161687022.51950717,0.026600294072496342,151.93588892022066
227675236.46729493,0.04194099579788084,144.61811770228547
193361232.77942234,0.06109759757407565,71.0193772355178
185857402.40380317,0.0673982595933424,58.92915144780052
89934258.50912416,0.02952164104878194,33.919464126916516
170187991.46444607,0.035781731796272885,143.73198571375943
209394896.10132888,0.06510833939310212,135.70599861807327
112150250.67614728,0.022419091544718866,58.065741676355124
93020985.8897817,0.01755654192934762,159.38768382181505
45689978.850468695,0.0131186120297221,74.96505547110915
186204891.71398917,0.05052333070372256,142.49040911334097
131977662.45229007,0.03294243438778903,156.68527958227253
191963676.1468335,0.024943854060667386,78.3217799844215
251121557.9305061,0.0744051978401322,112.03735845085224
330741174.56219625,0.09664506359580918,162.61545277404767
104622346.72195314,0.03161002616337436,59.90772413377951
358921290.13858855,0.12584940339755135,131.80338539256547
189020289.30740497,0.05670375454962432,158.9565543749432
241106456.55003017,0.07248974042092235,123.33952228304835
200016559.028521,0.056132537767970725,157.82090277734935
339837769.7201497,0.10801038253018617,119.32353463264424
149437086.30538005,0.0355309797872442,173.22483346916735
132462499.87312439,0.018809227574870246,127.23859455488727
260532462.7825451,0.07823454203637613,71.98191101814731
78920929.35813646,0.023254303248606546,144.12754668494637
394475191.4577954,0.10712932156494592,154.18928698812547
149925677.99442086,0.02214204189965271,66.60038681319912
259645002.35012013,0.04974263829695062,94.07753676049757
114292474.34203094,0.014438958030102348,102.20644107877794
152906331.43781197,0.04116238702788272,64.79902445252307
143127227.69944245,0.030278298037780187,103.31917069993473
287637423.9356362,0.07266953448288097,74.87094311019699
85405488.15383132,0.026257119678696598,81.90029166305673
212014952.84046423,0.049341576586884074,78.37940451379278
498227360.33284813,0.15662130326798004,136.00675037831087
157639627.24477702,0.025223512602821126,97.16220340815767
96281945.82536134,0.015028515243945736,134.26791481249035
93362564.39030795,0.02074871994873799,70.89605442775269
79609839.03068617,0.01390408454819792,53.00810810606189
110621725.36122239,0.028843968375145145,140.5055131736168
150328145.99373555,0.04078636456783833,84.04727659380012
282048107.66632867,0.07979926848663076,128.76949705163645
44950909.96977434,0.01171329881741848,46.60404717355429
19303921.0138765,0.003090085056164563,145.48956751004906
100903931.13169375,0.028421220212943424,102.75894413972757
136659516.5900498,0.021689073768299694,145.03878662559467
55620685.78082363,0.010691380839483206,138.33524995508728
315523089.404672,0.08979731223048351,150.58767870501725
160567017.6016877,0.026587362889795536,63.65420005791668
228261175.6136188,0.075858375990919,70.6113034690579
62402771.4836383,0.010375766662409492,74.08133636071851
80162374.9908418,0.015282131850902025,95.95410231656462
243889967.42274123,0.0538190271202165,159.70718752271816
163212773.45672476,0.03956740208679686,116.54523376832694
208003247.7039745,0.022709697510140826,150.87433315218698
247673715.7070951,0.05059919697133106,169.515903991071
173457969.688724,0.04663288710234291,84.23968990690292
106174192.82741682,0.018914757952038678,103.40329599565815
82958436.750678,0.015813786574398976,149.50356927933174
253027679.75488004,0.07397412686326146,74.29821033565331
153381096.15450177,0.03027779773724828,148.28991401326326
145326703.045279,0.030660337610498824,77.10059539314082
243625403.0315544,0.040845541765574686,132.09935310057784
145732818.1505241,0.03175201251800086,117.92417109812692
198220530.18099314,0.04740125684356729,65.25819834407
124985708.81002453,0.024516714341913017,147.07283342787355
229397821.31861356,0.05965793151963643,132.615518302694
280361559.57681894,0.05084130504421554,150.93305548571425
425047119.30057335,0.12736170829398905,66.05908424488844
225949244.96800223,0.07797893974547805,65.39943763740578
208395265.8313359,0.04659438542036972,144.9745681159617
459194186.1976572,0.11623336696618042,119.84173025252358
344803070.7383323,0.06829315296975766,146.0580141367992
168538567.2940987,0.04830403433610835,118.40714856646565
190949555.14386237,0.04180534818917389,161.64627330184854
79393660.96607924,0.0247622086856527,144.17803881946782
181232673.2815776,0.053790406205665504,94.92329822008493
290407872.33682644,0.07841706710500575,103.93425130191018
271175316.0799503,0.07547689252317157,78.2406100950148
163238537.42660394,0.03674403423563499,96.94592507277493
124175084.0910095,0.029964114123501577,132.4348407877195
245198768.30704832,0.04425039952114504,175.16260493892207
276263584.66604567,0.05166875198188298,90.19969257008187
215955195.0104911,0.06740490819015209,60.66192873996865
107759654.71780485,0.02423719228639303,61.83670591933336
60981492.94495475,0.020093299336223797,85.6172462280169
145722120.2863108,0.041386394116283046,155.36159278113055
75172006.04645136,0.010350796199079533,58.19196087412475
68993707.27481729,0.015489914959752918,107.51333514915338
58008187.09988709,0.011417212596967468,140.1240573188576
155715761.66132587,0.03920762239432557,73.3845831840661
331219888.3527142,0.07322303336155919,77.12977851856174
44198798.68240474,0.007437993371451775,112.19628645388532
231965557.8734374,0.038139552980621376,102.71758312914837
326304688.5070971,0.06830509172986221,132.11870918344235
128494036.40175611,0.029991523683759652,126.85845712207154
211645077.1981227,0.061988863411325125,83.77803509479797
219104160.19550943,0.0555260855720094,161.3010635267993
26490530.838552102,0.003146740459297964,25.975904430833076
119702272.86348498,0.01831761959062295,56.0358421659613
185823403.4408721,0.05763465450779963,145.50595799320115
314454231.15206754,0.0972555558009397,134.67174411985752
203128285.3790423,0.06750704439966206,91.24987081075733
57196152.83671279,0.012942210163137033,60.709083316664035
390966509.8571192,0.07690576544169882,178.16830476891872
81350472.53010668,0.021532866420100452,169.63969739950642
153939678.78852445,0.026432132453530325,109.61497020174387
223525213.35408115,0.039195066423936,80.52781085270183
89588081.74453965,0.017516257884602683,101.33780181447854
265333520.1939077,0.06340165578152812,151.25428326038733
174532140.2553288,0.04588413315373282,82.36115697140809
106337085.16803858,0.019703677187846855,63.886758587742655
175952584.11691102,0.05232059453439335,68.50904795168717
160597068.7791998,0.04439378162625358,158.38701121679588
141783552.233937,0.03729039750193803,74.5197148903308
125574030.48761079,0.02122559522056935,64.91900522392733
83349659.21625225,0.009936792513440715,175.59789134334022
221096121.47156757,0.05363782110455248,133.84932261260727
64490440.038316816,0.0087951559350516,77.54269454651514
71060862.19424355,0.021427569338163987,137.28783917299066
91661202.04096696,0.028615382000477196,73.98841452862969
146762123.5376687,0.0180957497150079,88.92602601787446
50688347.48475565,0.016424409065810087,136.58582548990816
252743349.3180837,0.05711689988732719,69.67676463322248
43700445.17380695,0.01319135626870234,82.95449391504329
618561633.883339,0.15274562766841385,159.20143687648732
285794463.1965992,0.08417849629385225,171.8153703079215
165431426.74558207,0.04733134061381855,124.96379277053018
201207678.75316644,0.05653199565592282,54.288945531709295
232530833.78546727,0.03723102015777231,129.1979890408421
74071184.68480085,0.02033157054834974,48.05333626810798
68498696.06050001,0.013904874671456246,56.74304075812527
225622264.65471473,0.04434055321631126,76.20972846007058
140322748.1201102,0.018000614489150392,131.32609537673164
314994510.61012816,0.07432899584969523,161.85885571075696
177732870.56063658,0.03425741808304591,147.18988546485167
264442476.95593783,0.07370852849654237,92.19713034581785
504654173.38746035,0.17704881231783406,83.00033008654142
213066668.04941118,0.06197006280623998,106.19852715708292
59082213.490219,0.007441656401972312,146.59274335786813
181220110.5855137,0.058548957186117405,139.0495921716082
97898056.72991768,0.022480190115722446,118.42577541145342
177012184.5814554,0.03556516913512587,77.89976562255009
87874562.69256258,0.015283679910736269,70.87687484191156
163842249.92516142,0.028575142780563112,66.20263864390212
319865971.166034,0.09902725824060957,167.37318728524926
156180484.09582454,0.051498349140267734,169.19926356127132
174947880.4039786,0.030395703785948386,95.60769518725641
51840326.75369495,0.013285069480988225,93.13868128722206
44802094.157669514,0.01357434642692506,84.57009793068018
286593831.9379679,0.08695250006162152,59.073019762206364
179683831.71422338,0.024572201151933256,130.37722027284548
178026788.20283616,0.0181077957139934,153.5213324345432
119796906.4059285,0.02018324679721491,104.68856544524864
145863011.9462604,0.02092169003778924,69.48656928293798
283027000.45542294,0.07868398667048819,68.48281518532222
107366925.48087755,0.015586709865554979,132.7056904786722
149989749.9813937,0.02377844855934013,86.07551046481176
107342194.92213477,0.018947531866508202,97.87033126741254
75082915.8263622,0.01831237910668192,101.83017761843784
146373342.81878066,0.03125357270860597,86.15419748926307
85919522.4083368,0.017944275221658326,81.16532245065167
69463289.91172864,0.012474066603933168,118.18203144347648
130872975.79379532,0.02274648341560896,114.75018940217447
89096473.04037283,0.027121645824154755,184.00447150390448
306204405.6202908,0.07049244109494737,156.68046869463308
115897400.40242168,0.021142081310738744,163.8939646310908
66244662.94619573,0.020557945446783254,41.4717567218263
57974406.0362304,0.018312539661120567,74.1079277500241
291072670.4201481,0.0853273378946506,162.5323076452965
50364151.11397186,0.008036214337827738,60.78689216167912
168471412.03649268,0.02236487194877144,176.2380651419319
144953016.4699601,0.0353772852101498,67.68475065384584
112480903.5920971,0.03748463692873599,123.17786354971615
197272610.6494902,0.05990071110336827,81.09682672968017
376134414.53060657,0.11772810644037103,140.69966311825738
103528116.14305201,0.01607391614483033,122.11378786983346
42278436.668428436,0.011527558783769523,161.78821524520617
376131766.9387705,0.09996641686223458,162.24303421566023
102822788.79242384,0.02915062522796437,110.06056925083082
201023587.28861675,0.0231367986548077,120.13718434751567
173847956.4480722,0.04241558026204244,116.0860557277688
138112154.60300815,0.0437002371726233,126.7964378676399
223077915.8706291,0.046114559806307034,158.70121083536694
178378286.6333671,0.0559542827586667,130.82215769599247
207618768.61856344,0.062444065746277644,141.73441156503364
106750938.37427464,0.022442313434163214,163.77583044925564
250310803.44373325,0.07212726421511734,168.62431846976017
87155986.69162868,0.010015779250828362,74.8032531153599
156581877.46615225,0.029921792930474332,147.51428235514467
158684242.29354116,0.05200625497386995,126.7538862776531
116766036.12849337,0.025665360768701538,68.31147599675491
204234618.1693011,0.023003649690962323,136.8775374325144
155896349.06819817,0.04050479222426197,84.64154028722581
74583222.59295669,0.012836622503742505,130.24475754896167
73013671.91988745,0.0184937949097203,51.016347837447945
109871302.87218218,0.020060674709417865,71.89915659303395
141662427.04143566,0.020853770746484045,121.15647003676601
513696794.2689639,0.16620475369092355,88.2226225761753
76423637.18319266,0.02120653989478798,98.95456587851325
127957981.8750962,0.03231937062676197,65.42081150900316
96569345.53567356,0.023739837443865208,49.064962777434076
109824393.70850635,0.03830317248525614,69.19736724145965
206015393.31655928,0.049135052690530846,128.32834841254794
80040433.74735954,0.014491514859700313,115.93609049592045
155478905.67168808,0.03374055719021075,95.55019756949332
134527560.51078522,0.03304625200049614,141.11212292839315
81524722.10404228,0.01790744469450179,154.89299981950285
87274730.2092329,0.029523815868067186,139.0907992052244
219911828.58763596,0.04134421147998855,149.3809663019608
40256796.10696623,0.01018298351321133,55.10745211099306
294404429.7926724,0.0763079721464801,113.83525071198716
352106160.8934038,0.0825655522652439,115.33566426220303
230141872.814543,0.060861171317917455,118.60871283461307
133929828.03008556,0.025397327433505278,162.82912358851533
131861880.90874554,0.044945373436561784,146.93333828771958
472009688.8835131,0.1402074826122667,63.53526935424535
26188906.776094597,0.0023513133534706363,149.45286171411945
128559150.36620983,0.01820236086083089,73.41200780590579
214584084.6051163,0.06064617688016453,139.42925183034976
222125143.4409501,0.07356796873717733,152.15977906183568
142109619.18150583,0.03657430290003296,60.20791915993047
185161084.75823963,0.04320465696293614,167.5227888813106
208766986.97543806,0.0513515779650008,87.15253827006272
206057462.6449359,0.04613018418404244,147.79597144978217
480344870.7361644,0.14039699451821055,44.71516080040211
229175735.2645065,0.06079914386625671,80.47107709438914
69871202.46090302,0.011723004595983811,108.12263908611368
179681367.91884863,0.021750914329396506,154.1290821126025
212735281.6461972,0.0626409157658821,101.90497965213416
199393041.94051188,0.05409612256614651,88.3721387408532
132489150.61071083,0.01627481906435161,155.19803305438595
106081930.5685872,0.014930470709248354,167.42521888799706
186551658.98082823,0.039200245755164065,120.74102326330765
289638490.79853433,0.06943213166921687,163.80226623353028
92375595.33033961,0.01852639322619371,71.46218354198595
176100989.80169916,0.02866693964525581,89.43080640065061
126318865.31426841,0.03911676355005925,158.00969199240194
90582660.29106866,0.02466075089138652,144.2381064710865
173438479.0896033,0.028343662365004085,143.37713526629307
247427245.7078403,0.05770882126883152,75.66853790306874
62101987.87252993,0.014083258662112862,162.10558360247254
74250205.94741943,0.013228790477443787,102.27428313690208
258150005.22269738,0.07410007249901528,141.66121019713654
315505164.2618359,0.0888208787362447,136.62456378139464
139275536.61105213,0.034627409197477615,66.93400046438197
271208428.46594316,0.0763806237441645,78.51575087146193
133883530.96864611,0.03333320018709686,152.39622314455565
145375145.37409854,0.02744374525209086,150.60262627289302
115370312.07281563,0.028536262536413642,39.93817917837088
93812352.59955074,0.013115168445138202,61.05787647248497
161930286.6886084,0.04940495592698286,70.55348289947696
91593744.14436173,0.018957712454469637,67.34691110378822
346373347.6602841,0.10479111091629831,115.32880158090315
145818919.33612245,0.024932107074170526,147.83192153153698
109132918.32534412,0.01756987283849574,154.9686622957978
269045425.03829706,0.06002185305934763,121.48300315113235
100327465.93540652,0.01928806543519945,152.36151132343375
113774253.93860373,0.021654000337443892,65.30500392266036
106443668.42599858,0.03045002606029632,121.5943202704418
230587078.04623348,0.059338929597411064,113.2894036623213
102992617.6090829,0.015659403647386393,143.09439625371894
117886633.09126563,0.026837295771447715,36.99590515829803
76966651.39680973,0.024441405517233974,51.88521061594975
154397905.35863075,0.033143685482522875,43.5959872984239
183477563.01663637,0.03835479183344642,113.82645050808006
180079960.68461037,0.04199212310416372,98.37474252147487
70388971.69051471,0.01516851623881128,82.99894194561254
159099392.06035036,0.04527367723447799,179.3990790354548
128240928.67754659,0.026884351788192144,127.46453242442334
122780103.97874406,0.018042009789821147,73.93035766918493
272045896.8497208,0.038955785814934016,145.64843551518433
224921412.647026,0.07346572181108005,44.43230432071559
436241388.63346744,0.12360682579065495,91.6693979394062
311840994.19026554,0.07504328269996771,142.1119565557192
83071902.52285321,0.02783225543130858,70.09538802446023
108450977.01479912,0.01889123357807708,149.00690854860392
107558905.83801544,0.03377447277653681,72.37727429926095
177684356.63344553,0.03349634389198273,148.25767328736563
54123583.74169509,0.01096080538665392,75.45299420603324
25150089.868722044,0.0027247303377086547,133.95728191517478
301823501.2928822,0.07922561859770781,66.21288724744291
283519908.220724,0.06394390696760718,130.59201694077305
158381685.4382984,0.029539765250309914,155.59714516851986
51519766.99531534,0.011659274275819372,121.23300482772727
240269108.10004145,0.06620019771201213,72.94755375253416
173591291.74385083,0.036899874316026315,76.79644312007163
134859984.3204529,0.03140665935764236,84.87634030075192
82932238.5683124,0.019683299170109327,66.41722253293872
31531913.085444994,0.003781142039020139,72.39700221090541
62750022.526630275,0.01550283399931445,164.08423927328624
88787308.22218062,0.01960248056992408,88.22427110600601
117382817.73873076,0.031878073745431716,128.8632585103707
26730709.861879505,0.006671123050644953,160.73436692272213
312349412.74424285,0.10543098854877733,142.71390752489762
307541296.867257,0.08999038295740613,52.107467711665734
292235794.54679656,0.08550162850033664,69.66422369127854
142620221.5239382,0.045847891092204454,143.90062065471096
56241055.46283392,0.011550596632606481,45.51028402094985
129926023.19964662,0.023517345852668698,144.17479872492555
176811265.36756334,0.04537347688958681,154.67607292831192
191067970.4801396,0.045986959937386676,130.99944422849097
101387823.45138949,0.02501754344974824,50.05082107404336
159494157.53130648,0.038518509860162524,46.01501338654106
218772402.85997543,0.05857371845590118,80.34778417281868
190722266.11645624,0.05436427914068016,65.56726884931273
340058057.73982227,0.09999247590862427,97.51153635468111
189372730.54539442,0.041161958473829106,81.391698821913
117921684.83624709,0.02493451296690502,176.66908483107213
89296461.31910811,0.02300208935197095,73.05716065817265
141011655.5102487,0.035608568241579985,83.07529400470538
184529167.90770775,0.04280193868031612,176.07824273743492
79533510.63963188,0.0256333953959531,126.56916780275724
96099558.44967943,0.030720657540041447,59.73749907929277
43959460.738626644,0.005118227306466528,59.35972929968515
72532031.30905414,0.009940453413426566,83.2838963393731
198553227.3532924,0.034176316373489904,92.73983345251854
94218478.25003722,0.021946492882244834,151.46757004831588
213063523.77295673,0.05453767704094543,52.66640761364993
278533899.68503207,0.0794222115156651,53.78534957399567
153477210.17999816,0.03312686806255176,148.48865695448626
89096094.0093803,0.024616633567975412,144.78775286590016
183579484.17060992,0.03438331043142116,157.94771986214008
74703792.10919318,0.012960404083340012,72.9614553290215
118324337.14802024,0.019989455972893186,78.44359429744567
121783552.7464263,0.025267393602234043,63.41305433400346
150331641.13882893,0.03337418391002682,71.96167402585564
157529793.10987395,0.02673091832343905,88.16473527847015
136856505.74367797,0.02449671233061913,141.86173000350456
108896660.46343786,0.021335086763341535,68.25718388628535
175297184.62144515,0.017873850055131063,159.7033597149942
135144116.19715288,0.031011650871764558,168.04097607244265
163663158.8680603,0.025785164711312498,165.51572914653042
88171094.3060253,0.025599678963792165,112.31550664999928
90014693.91001329,0.022212197221925755,120.18628383636225
233825959.25464666,0.03254695747541232,123.32750009187127
104137271.01541692,0.01728822123993328,76.40155517616584
168898246.6141308,0.023533657852393256,156.05037695283036
425629426.77663434,0.10438042883842641,168.6386566351787
134977110.76451108,0.03882614118609163,69.84865223577049
229649717.38529724,0.03428350038694461,127.50228415106261
344274665.92149854,0.09411947981534212,74.33193883535424
91987191.0501219,0.02035235114628012,154.78752600474255
220880918.44158477,0.03783562394060966,136.453088795148
165155704.88784516,0.05679195215288032,96.87907517400184
328550324.1140307,0.11728543278688237,67.9810070726329
163818748.40403402,0.04243136256767665,71.07990256924015
408236748.6838246,0.10625809377613313,137.26283900845743
154212974.7957877,0.03604615935533185,125.78805834197118
175573146.59539926,0.04625342240579287,121.88331005645206
99628098.71289083,0.019338475320014623,128.5261820180262
147735157.08920047,0.03497702379548183,55.731858762122265
256640230.7517594,0.06953139737775689,154.52237598317194
121741852.53207308,0.013619868866187518,147.36424360262185
119787839.16825703,0.04163797839589499,64.83656862827641
207522077.6702196,0.049946405184321765,153.44617039595343
192876616.54253218,0.06434025352607284,69.4453762876231
115602354.7580424,0.019507512038224296,176.80186878744286
93897350.27687757,0.01701505240447171,80.0140694786363
129326911.52124459,0.02373495974322001,144.8016766752791
272037482.4142703,0.03187635556005273,153.72931076501368
123947933.95038894,0.0219342777294135,74.971818098055
142576344.6637245,0.0240399941512752,141.5360856594954
127136917.29683337,0.0361495538713821,84.3778217179981
154079387.59367293,0.03168187463078909,155.70836902083627
156656533.67642123,0.02244333221209458,136.6074418610698
97583279.0741067,0.02075489962785171,117.14666369112534
123773320.50305453,0.03370518226443317,50.14367701791918
46056388.95400215,0.010936791402517392,170.46314441162082
112487478.30814518,0.023051949901721523,76.20192725001998
154785745.24379563,0.03802517439350258,50.63002588958024
69760484.04379582,0.018731469331998523,87.27488105178392
477725656.9603148,0.15709121585944524,142.76043443012537
483123631.4281387,0.1652173032960181,152.66562168305208
172564747.84819013,0.03111945039866609,135.92828342685937
202165083.4181478,0.046335616627105246,137.49746328533934
135256721.76787108,0.03424462229465825,38.47895498518883
403502687.1216312,0.1054600919943294,80.28989277139252
206915359.13002947,0.04860910890989849,150.34185534742213
111547106.89482792,0.03492692170430693,66.25123062291149
193713713.2660378,0.0504463472157691,173.09433616165268
155923157.38405487,0.030186293472626847,145.49750785290007
171720586.5758218,0.04279952261290607,77.29740864866086
121207717.02185524,0.027851040956172312,60.69107562654312
182128938.35907644,0.05026487025214495,50.741838154084846
194230725.739133,0.04750882486476023,131.93880028060548
303951950.7286946,0.10426980081515079,125.28351023476756
634714808.5026788,0.16418719687524003,160.61438564491718
190742244.8249915,0.0471074724614326,111.32731642880124
302670843.1276987,0.10931012085082338,109.37284326392756
255054129.5050878,0.06678956416483496,138.16381705905118
118594672.17080557,0.03605942415972585,147.79077080985388
30039725.4694423,0.007211833554779791,99.0266007766138
125372717.45804483,0.019363061056157448,86.56123906423437
147142759.4164377,0.0516173337515712,71.79897339230948
138930536.08306178,0.04875733350882025,115.84087123397886
75510991.18189287,0.012716874142350053,78.30925961248062
335275675.86704105,0.08147873431712753,159.68254541020838
140835419.06352496,0.04618473120219206,96.6264898861706
162250629.8225718,0.03203007340940298,138.96050593002713
115636210.72875273,0.02317298780090528,159.69709232261022
226324547.04090428,0.06401405407683444,170.25013159598242
325580581.8902751,0.08847371818579261,161.7824152569519
44481818.12737779,0.007014062195563032,121.1834614163309
165395300.7038553,0.053020147236719474,153.52931695708438
35317172.60547762,0.0028117819959707323,140.86228108359197
147216256.48255417,0.03655882695345767,146.29864857885093
144748727.70292023,0.02353798508216201,140.64665033224773
198816481.24298966,0.05173194260154914,171.6501788209284
271965818.10976416,0.0537531907552669,136.74172781055347
133772481.8409265,0.032403232715677126,153.7249840742502
156702627.97963607,0.03741209945840045,124.76907833468653
355650399.63548684,0.09458598065478727,129.51901831295044
158441791.96723863,0.02842541363303755,151.88640863050438
235450941.49049643,0.08082294376008568,69.00738640648359
80154722.09302422,0.012177738013526234,79.76224433964306
189519571.6392772,0.06168953352961833,132.32284378082898
150726382.5321602,0.022004392432582152,74.5129260454896
84316903.48832375,0.02365029013415381,52.84746359027742
112788647.18568274,0.017865356721118265,125.2448789893287
268040158.86580122,0.07564066117946737,85.00429220161983
133418904.51001537,0.039980128062373166,45.47059916524972
88438567.51489937,0.01812221070723446,120.54934542427361
132483731.06728655,0.03888384470860909,69.43334384643482
278652887.3756008,0.083706402419918,61.03948632048727
316578493.4841205,0.09465105265573699,84.45367047005598
48208781.27560045,0.014798466907467467,61.62248845252865
225686210.89655745,0.05685017684297259,98.50044794549808
144118287.89371443,0.02712094359019723,144.63686605529475
141231769.72289434,0.014489900256768388,98.5340446254973
71875428.39687832,0.02131328197923016,100.69352856290178
115932208.1535694,0.026940370647431704,131.4120800082391
148301529.42209733,0.029229748836993877,93.82755985234236
338683811.0804192,0.062432468857607774,157.25888473754722
73320530.66326486,0.016238131213799304,116.79297731348876
125926519.4680921,0.037836690234860464,114.53145291735756
205795451.92349583,0.04950623860987288,174.50875200995762
314193275.30810916,0.059795708511508804,103.69583320540008
215835389.57796443,0.03973923021128003,161.72485149782284
111278224.1025379,0.025921263031531007,105.45538283538087
73499035.83875912,0.010127604569639325,144.67116304026166
185865231.35021532,0.0251429769942995,83.20088929013811
305075009.38092315,0.0973369580822617,132.1362689478113
185924636.36671746,0.05570924819588825,57.23928941014121
185464476.6276881,0.0395273014723683,135.85478777132516
148373960.85883975,0.023555695307837493,127.61031459132042
94857346.48269251,0.018762222322878393,56.87170673156629
177543566.84139907,0.03202153815799572,168.47311259801722
87751466.3361202,0.022147970311764926,151.04728695503363
237774805.13813978,0.056117266683953886,77.6328566049791
158441054.28557515,0.029027697413569725,98.25791313238652
164641393.9885757,0.01348252826955173,88.33086782013055
99937927.9336972,0.01365484095458265,156.17610963460945
160726643.75928393,0.04646998373780455,49.24434488870511
145595287.7864429,0.02464968969615035,155.3210907035817
265971292.12442172,0.060460887606884776,162.02756694132722
280668094.31459075,0.058926249403873594,61.31612574257344
234081657.13236612,0.05278138871630574,82.22689511825136
270138953.8879091,0.04494231419292341,161.50333227989293
123561155.21696344,0.0414587781865317,164.80454405226988
70358763.5622862,0.01045316231487274,134.7070158894356
116064651.02843954,0.03338811988376296,68.23086146721155
383379019.06792307,0.11721908307130878,162.76574356081304
103782182.82412274,0.02459216287652878,148.9825954798125
72537479.45487872,0.011801645171820857,68.81459213816623
189570172.5735153,0.04660528903456057,77.84287816560317
158656101.05081135,0.048087476050580516,158.5937070825654
115273152.26930603,0.02756373830975418,106.38058064177966
280057346.52876043,0.07100864885451398,127.62428638131281
167713463.90687054,0.055326090449062094,57.27327660372844
53194319.07598522,0.009821865670564908,174.28315818572713
187179599.1628214,0.03691262919423997,133.99501664404164
305787204.5515139,0.07396487789348449,178.26342157433032
218705007.6984707,0.023483919337907704,150.9937290172151
59273396.147471465,0.016161385249690262,122.67966403737452
85686799.41782913,0.01843718256627329,136.53430798531565
108697716.38293055,0.024749607213161648,77.36116928420729
399924854.2592589,0.1066182417068887,154.71425995769337
58162816.813352436,0.014180702489828173,81.15277924154904
268891910.12186843,0.0711220817233892,141.64278474963987
197753829.76058728,0.04834456022304507,133.91508331248585
236997961.56082368,0.03151533755900586,175.46092579197068
210142393.4662876,0.03835239747205234,124.52757689811175
185546594.58536544,0.06407850296010076,123.0067173685781
66651314.4549374,0.0184371667296947,56.63600219984595
210315075.0491705,0.05818163261149989,66.97331449893974
140175140.1191457,0.039441649730792575,155.92661646040915
122317746.44255073,0.030848721950389634,126.77809459465146
345219729.5997304,0.07013610508174899,166.44848452130955
58192533.95254615,0.01298670608573436,81.6906610941772
143672394.73558962,0.02516580072526446,101.59454405056923
312004385.6990614,0.0864387019558012,166.4996463435142
208126430.93651897,0.051370026771498954,148.88749539811317
368834421.94353247,0.1210579147485997,85.56503387906011
73364491.38942704,0.007949743905356707,85.44995991007184
81659006.74199852,0.024107648758319285,155.62079694028466
421473336.5532691,0.13355039937533572,132.3867399764811
195255999.8310545,0.05260465355261151,127.33071670955758
293497336.80429024,0.07238205383666758,143.57840797607656
386331274.2246618,0.10241844026391718,118.08312861804401
152237510.38820344,0.035217044756292344,154.07510307426614
172856362.283532,0.03599331617229107,43.13949567528996
105236579.2189081,0.02259113470578873,93.33411636685042
174582068.10590994,0.04307274742346609,172.63919855497923
101311155.66562274,0.019751771471239438,162.9228064684139
258812705.67893147,0.05110031511367498,118.8510250714453
231935523.57303393,0.027395569625242804,166.52969124868298
159514709.57484594,0.026800732568386908,153.76008557987075
80185274.00668928,0.0228193474505969,80.42967978947381
85595684.82054469,0.0237257254074508,86.47486952159763
332124560.0962992,0.09616286193831712,72.5845217174421
154393844.81194502,0.021307029221665524,139.8357917981784
48994839.4871916,0.01270576205408574,48.42889026747162
206544451.7669884,0.050016532306239356,80.51209312258436
237419086.59611934,0.05289055424501885,64.15051964921155
281690197.1866491,0.08377597889958772,119.49196010525563
212532973.58721143,0.06779059680671015,132.233871701031
84241051.34644821,0.020696958451952442,130.3282040123187
80933921.73572758,0.011086833339083224,120.1041090149854
270133239.5999612,0.05772356594161767,151.77671185935006
177787462.90877607,0.057321965173503166,135.85904159330912
170244902.2373111,0.01205186662729285,119.37361621174186
103984733.15680125,0.01358445562674924,79.38879473154695
239215491.6195495,0.039990815589761225,91.57866743257398
97012044.48434862,0.021241493276564192,113.42500597831548
215284854.006953,0.05803471697360535,35.392018411523026
182746131.54933566,0.04116264142833305,97.562110844071
406528669.5994681,0.13578280470693882,145.5018828603887
67399976.09421746,0.01452917683007318,70.75329250832048
207589431.24365082,0.04549876744458802,140.93327594356157
318965843.2266581,0.06786518126485389,98.42891073165184
126319875.76561217,0.034392932009474735,70.63740631897304
104502700.26024036,0.010759052129417275,156.2993562061075
294759115.920619,0.08389848789546415,119.54048767182337
225920692.5922554,0.060998571478309,57.558548095777844
126820180.75267223,0.02506584691392489,60.15195650074261
142049517.86963937,0.03360166234428148,49.99944907527152
135267941.65958816,0.033209666177853515,72.64701333951541
78749461.95121376,0.022560569250563586,71.86463711245955
121478726.90720743,0.02462378432020211,49.41875753582236
93306561.02779216,0.02064276123472136,133.8080616438184
82651812.16733354,0.011220734239423007,68.33191382136717
158059459.61134285,0.024609073729163707,115.14181070813135
181148108.76937953,0.04260623020606709,111.91052375388843
42047301.686449,0.0048674418165798195,155.97987707503427
243546363.09458143,0.0601286142784198,152.60522828267298
204026402.057183,0.030081420565312253,159.7599198287457
194485716.83350623,0.06316123340982062,54.99702733544809
115432070.18784842,0.017597122538608588,136.16346366852767
171975895.91402403,0.03225323958794131,136.97046581669073
428991271.94917405,0.09853969902682042,106.09030888943252
287967843.7927421,0.10402296231285901,129.1739491833192
281609547.26703084,0.09142191495247545,119.82959385527008
115771628.54194504,0.0207844067474888,102.5146538975135
107949154.07246855,0.02125414389110645,49.45727898004625
269117346.6969231,0.0666645826696109,156.41254973380885
26244137.85694056,0.005156572591849356,68.02948698437129
33938084.9024948,0.009718774707609191,55.09283710841195
67902868.08111721,0.021112442990358797,59.32762448625643
74869519.42227946,0.019359677403476112,61.63027359812998
114795925.47152525,0.035800673297917765,100.13995799258166
217491363.7167542,0.0661613307343437,69.15334796004879
85423711.17873345,0.027053351670550774,48.368511400206906
101016454.49247396,0.024016055338457767,135.39907886480066
182519733.9498036,0.04427161429208097,58.59020398819469
120246305.91942039,0.019023432451476002,51.21431267839856
55701733.41409829,0.01108298004793419,142.19324001967615
202866750.55931336,0.058981374553918414,74.64113258288835
218403792.67200577,0.04821697215922191,159.1436354581147
96672593.70230284,0.03414572040370553,97.77502859724814
156038141.47365433,0.04343451012101806,68.52646363049752
489282988.035794,0.11806149929857347,176.88758517045602
106587637.03507262,0.02753704162250566,110.94579247869852
102685639.30288519,0.0226671876151874,72.49573674039438
58632250.92736286,0.011610431480211762,45.72649511178478
94283573.7223213,0.01919130353428642,139.23090971443227
285076500.9933963,0.06672721606794539,96.22985735502421
298929129.41537553,0.0932911305204573,146.03124755455414
100686248.6564807,0.024274468899233664,76.06092919583014
276022786.3780498,0.06517154792925381,178.62711851942905
83386108.58756842,0.009244735379700553,157.62182027104933
216288954.01280025,0.053291648236324374,95.45777418994344
102331961.79671472,0.028153274511340958,119.93195635972828
140095377.9347759,0.03373958490608253,66.8078014737572
222230506.22326997,0.05181751242058239,31.818776183388643
77200877.1530925,0.0185170300135914,96.01243787343557
437382300.03798896,0.1211996736582598,134.65397197624807
162589582.40891856,0.032806781950872915,158.2679061751306
188935301.31117094,0.03141619526891823,162.65063425597694
122445438.87323298,0.034863992505314606,143.91589936522547
144321687.56594068,0.04130824547298838,164.51457041327973
151286708.90004694,0.04634712361152779,142.73139466476627
308425509.4085318,0.10706378706453533,83.36504839252063
265236762.54585585,0.05643167299699278,148.20412654584152
101394294.30470465,0.015081605101150707,57.91298388544561
63587512.42175366,0.016686496676378473,116.6533206203404
172568672.14823496,0.01942269788132919,37.222818430632124
241161502.35665342,0.05325546293610605,144.96387199183084
308560373.6453768,0.10951805824589246,52.79443229440086
167722343.8285084,0.018949447721817194,126.34480597034987
244185753.42158252,0.05772355966856214,140.01646851153694
180933730.50624347,0.03336842567316498,96.99920214224412
110856434.04504074,0.02612741637973135,125.35711706341094
466142610.40673685,0.13954268935967848,51.39309285368311
221024964.6381935,0.03806028824373881,173.95397456109967
344273162.8592897,0.10615599017895602,57.90705921134348
68478337.30104218,0.009259777328253031,55.550653898363905
244336553.05788994,0.05751464993511081,152.3889216692625
110752705.11782181,0.03437243005808303,129.79763280604504
139297903.57007092,0.02052115650031522,166.75777093017712
45853228.2506327,0.014228027620350955,135.91435968352616
63961766.18822523,0.007795203281282359,138.91708525860193
109582910.16663691,0.027333590490364906,64.08847105120651
74389683.41446927,0.010167254766203834,172.9993454850533
67408535.67808415,0.00788121034348262,132.49389260146432
255198445.29664555,0.07575463523741369,121.23213074071415
42112983.510517076,0.008275192886938886,79.1000589240807
77881252.30594552,0.010402182840551378,48.252931452535975
104840699.82240325,0.02919979850283825,62.10198415983245
209299875.28204077,0.07375828721884571,68.61273264020886
81584555.87141906,0.015110430691569173,104.83565714496555
202813260.8146017,0.046519454923683326,79.81961465249782
210903164.40991035,0.04349731303527882,147.73010914763083
183111499.77802584,0.04072322554417106,51.34907076894252
302488043.67534363,0.09128849274421516,145.4070227459441
215020206.8656749,0.03472480918464514,127.87263078675232
208116723.80242676,0.027795271120124768,86.41678393901448
244540615.7290933,0.07645538371978944,74.59374246068839
156454328.8418122,0.03527941858982575,171.17336770164312
212008982.1623389,0.03709338571688952,147.63312033661327
74195032.1151785,0.02353395841290385,80.22570949711927
87382566.75804019,0.027825247071653673,121.90921589545074
160956428.19898313,0.03869322263221954,94.02423575500549
119653711.951482,0.027123442883518905,121.50454625875552
149014000.72424728,0.03581785893567008,53.86893794056462
407360852.5751314,0.11596962816783966,126.71791740694005
28241419.19428932,0.0027274647619196925,24.27889126181328
273210529.0439492,0.05275167938916733,142.82023865117463
224905127.0478655,0.07747841077523179,72.554712245164
75010160.08051923,0.020270247302048787,137.82033871503512
111418305.00720192,0.024678222307065855,85.15477123937671
106385451.05003995,0.016762906316040934,98.61151937326902
112432430.47234005,0.01758452475251877,89.99086010673844
293074379.63717127,0.0840603947789485,152.0844119389032
65978905.66711328,0.019897524623920367,155.62246308315193
123124511.29286921,0.026635677051912023,83.90839409022065
130098514.92780006,0.02256846346366034,127.01360774313765
265286494.11895448,0.07301149074426333,101.07589602730155
115636988.84982303,0.03031470677591783,180.34380741561168
83651876.97867845,0.013746553097394306,77.15578609894659
326448814.6204121,0.05798101113266779,146.29571625558984
156350996.0384504,0.018279487480477093,90.07316885661416
94492422.34351398,0.019127510343974006,105.76861432098129
184015423.224095,0.032739697225584924,78.73166118912756
102681979.9613083,0.018954391837556962,122.92541303821596
72613245.40441214,0.010370021346662891,49.145154197520384
201150214.66093305,0.03614425659909264,144.65060048937272
71884840.67156242,0.010096184642261518,74.50352464784545
115910398.77603292,0.0266003022922812,57.3826006014159
74732760.52797043,0.014168980605500588,134.32085801720174
155761896.8747089,0.039370858538516525,167.30084667426854
109718283.67002639,0.012940848998083319,72.60551208267748
251729100.80173475,0.055465389453925165,112.66767970269834
39715542.38173723,0.006633568006354944,88.9214472246269
176672581.3829249,0.0404364148965725,118.81144289341043
127193964.09382302,0.02637487526423646,105.46521737352947
136926905.2711308,0.013609092767373465,95.68664437554158
186266892.79051876,0.026027207107309352,159.33621733773225
94317386.94594267,0.015401958307907585,79.79836107765664
299101337.018366,0.09121120353739412,76.27833205457209
239955250.77626953,0.06783202725849309,45.81417082929637
252398874.7385526,0.07190475353065189,126.43032221388815
145176653.31750193,0.04141290638930159,56.69693474499649
59314509.035237975,0.014547038524495319,44.67774509257485
178225189.96926743,0.05272264715389194,33.556669517698055
95044637.53783956,0.027881441478049725,119.51812220942988
142805789.7597474,0.0438779123487412,97.88377412477767
145322071.73951507,0.03223917497302487,119.78556140966096
120974359.04151799,0.038978779935545535,132.05817699731287
31469299.311551377,0.009804057989766211,82.90565351350492
251348016.26271662,0.07126280504698448,63.44416793952547
226205862.30647886,0.06032553774530569,119.00035190261887
97189542.39041185,0.033302238147841695,68.09972666402948
165544127.6645642,0.04395222245626648,149.03568633224802
71919325.5217548,0.022862967999729988,171.50152900540036
97691612.87878096,0.016886932431553488,52.30166202589285
154926468.71309054,0.02516305444911924,133.32302397214767
169756239.4592566,0.027483997010250304,165.15378002566428
164672282.6390258,0.04151180314447066,155.08282497857044
91303671.16409495,0.030527810443721402,143.51118126259868
214423658.0800404,0.05287619432798717,82.73527145823843
133996491.85468143,0.02002244209325313,72.0724587328925
185698840.9358579,0.03527858637561301,152.63756565842544
111415298.23363638,0.03484969705757476,131.86261809151716
117047475.04513508,0.02690045738491967,153.41412930433282
138163159.1152035,0.020386158145299926,113.71152397860602
62746811.195704594,0.01896421299843324,144.79612133848997
128474822.90337425,0.021254700133025325,155.07587036586457
170147515.66275012,0.027604565819039414,119.67134392282229
78959626.56478083,0.014425202582808822,66.60799145570964
250853336.25448543,0.06332791845064534,72.94778188050553
170859325.1143065,0.026335498136767183,164.12906486933716
330111826.91140985,0.08408772581778216,51.623738412371765
112885819.96650672,0.03185890063456039,148.59497991502178
188480940.98559836,0.030211055876794127,142.15852052523562
362435034.4286485,0.12526733005907115,128.4362832444517
93987000.80027391,0.025546235870917054,119.12499738749817
346941657.51245534,0.0875304156335677,174.11015144214346
177526832.219333,0.040521530130061115,98.4422371735364
209018399.69332385,0.06207523478602496,161.11894577146148
117258259.70769948,0.02342565610338789,148.9421994470602
259367912.21260908,0.07621807972005251,126.74729983130703
123724132.82033119,0.028859663478852843,160.49359964260054
145928674.33547813,0.034741645093746845,62.24637991400549
139482405.33577907,0.020127744753043905,80.80437012020548
254802615.81736773,0.04099302659145233,171.02875728692348
273186767.7591037,0.07352017890998824,149.8502758575948
170656050.45892584,0.036529103247898154,56.24619306347013
166365080.997064,0.03007467136311536,169.48227685287347
332574576.1024822,0.09635474130731421,78.87844670680914
290895526.4722447,0.08383445322759378,52.38597468802123
160753952.4055035,0.03063784351070267,79.47166178398972
85937584.27154268,0.013425987031424738,34.18105072197617
260871764.27903324,0.07541314664896723,58.34450145120477
194589001.62509188,0.05744476872699469,80.78544669042346
192988091.0773012,0.05324699581610678,105.0320937215853
115804726.46372852,0.02797679926287798,80.66751112918507
234358930.70921093,0.044475988912788346,154.69729714047466
153414983.23317838,0.02278911534305018,60.49664343791552
478589936.04795015,0.14174754860840855,143.43252578356018
405333566.5949024,0.09888191706225898,116.64585582655593
131149489.74324724,0.04208691172046687,136.27183723431156
67789117.0810669,0.016820933624405766,157.8535815531595
40812676.32434455,0.013203505749896241,86.69126375198911
115098765.18428037,0.023015769694207242,121.17330784042402
45493730.89741443,0.012445561245581835,82.14839083903338
52351516.755138926,0.008370151950714503,60.84819686808679
266747389.69296092,0.060449267839663305,127.74348884172909
222769559.19739267,0.056048162608108326,127.11354112598873
431281268.3938086,0.13504000462725937,54.76218336209474
118666917.46970247,0.02394849465552999,109.69298020856202
101146877.60828735,0.028957532380277838,82.90272136514297
38021314.03749345,0.006221504782975254,44.60923635543562
180366001.00541157,0.0637998792453327,55.480637631735746
220316561.08481434,0.05156628316295657,139.45340081104655
144144182.15275162,0.027783647446983074,171.05221940910053
231631817.60829082,0.070344027391771,54.21711642724213
250739323.5817327,0.057117503421006244,145.55228194692765
156645585.3059398,0.04436097250741477,144.31976259679195
62842721.52396444,0.017697403149721472,73.23351209774326
217915208.45961422,0.05208379238736239,67.82503556818699
111376288.16761404,0.01768939481784023,162.07383193981596
289718040.7702048,0.0747816646462128,165.85489555547449
112178399.24878344,0.02080830626506589,170.2181052548138
92982723.29055193,0.013101293416389579,58.82105669567266
264459042.11903903,0.07482627883572662,143.39294274222127
149006654.63480347,0.030445412227781625,159.47069858934347
86980434.86878589,0.028563678225850847,159.52226554067997
208651060.91223258,0.04038994220849606,153.07675511798087
76885681.07124862,0.023641379732609578,130.61821574871124
191341454.11884695,0.048064656254413245,131.0531360692595
377373926.69207126,0.10750164802986219,51.810256773887744
173472546.38242364,0.03750576138282172,80.67575128918666
312929047.072703,0.09643583939192081,140.9922791936093
126246850.10845532,0.02831420872882067,136.70515456465853
396015832.95534164,0.12760388180722895,147.40989652394595
145807574.71465692,0.02807086268507094,80.45162286912168
186057185.45916805,0.0656920291097429,64.56563673119182
120999074.19874002,0.03198848888339206,60.84663278574021
123245919.26450285,0.03496044226408949,52.424308476225114
298609827.0849444,0.10594970562727693,55.38334236480514
89799708.44921699,0.020248168522327283,153.9360368686944
347418226.9301376,0.1175054320754355,152.29824724831568
135151271.15262786,0.04507489736709328,58.48343037683907
263408578.93285602,0.05144835342229349,94.03259335865756
113473577.27888171,0.02180043951335618,134.02173463674757
155368135.47705898,0.03591911746517203,147.56829680290235
156864090.28686723,0.03880119617624875,160.6748475842133
175516565.2224447,0.030742056375225976,160.82212123764003
244964765.77131298,0.0737478869287697,177.79300318444987
301257536.98263127,0.06494839545454531,137.30723141982955
162596640.6418721,0.04033326531307629,130.93806549306635
196585122.72715074,0.04440527627303126,65.5540100349232
190650802.0641388,0.056232844514812134,37.41897176539275
195886165.222796,0.03735161858505394,79.8762210123019
10193892.024600163,0.0007856064495156388,148.30533043805187
166469988.55651492,0.03692412003395996,164.8922970130296
96298186.49303676,0.020794528147603318,139.0295145040086
349102823.6902497,0.0769704945054643,168.28165326722223
225343366.3923304,0.05177844333663111,132.23050760929507
65972369.07165953,0.02222613748086876,116.43080962169056
180080149.12762362,0.027212864328864567,83.12096338609264
157778992.8287317,0.03589750420309656,72.20457782996284
177764242.54063198,0.04542705830138636,90.87029727223711
42863256.65886962,0.01383577716922536,54.78898746244794
162192665.84923917,0.03736605256672683,135.73493384619434
153808771.70206645,0.05170479174274826,56.60716535714339
123322933.0526642,0.0353260311938822,78.14061881219577
146205875.73273158,0.03792379015973055,68.43245200539728
63318676.44223787,0.011271600714596612,77.88033051637473
79517109.5459153,0.012842257903839941,78.6693490096273
85692898.85687801,0.015612170661918397,76.75114610194628
121633987.23099321,0.03891295336268519,145.96337693842523
118803712.39648928,0.025199591983459,149.84717253417398
45500492.15326542,0.002565511503005038,70.86637012191352
141156148.1028759,0.036159747882402726,62.98653518942156
140640791.604084,0.013885915908068388,172.05704338416606
173310685.40898383,0.05686988831200607,162.10645262343738
182297975.7512078,0.0284932523812387,60.276249577061755
135031529.66176805,0.02608056648681071,54.306222511928716
271207247.6761966,0.06443143199030649,59.190423641833675
186223651.2318443,0.03680599122393311,80.07648863583375
164644412.95592424,0.03951695459639718,142.53071598374243
134861305.14559212,0.026506869388659142,65.39313899551209
199620601.67329168,0.04877645106246389,145.16418771363286
290840808.6248565,0.09268929662617639,150.87225063351823
139716572.0628625,0.03556686464882136,83.89715222018555
72484956.15098502,0.02273081581154026,57.88297460973817
128254841.30897291,0.016558115369534627,122.9599101475402
102636333.79330634,0.035733643543767915,130.48177490249816
139435283.81858298,0.04255644840727528,77.81453808235483
326348694.412589,0.047978331571575036,144.00815930098216
128276229.677015,0.04393835034633349,129.18575983345232
452733572.7603694,0.12834019733221338,63.95582291438153
89675801.91234097,0.02033924390434618,62.780492110288726
106562867.60757041,0.017384010371163574,56.93222084905806
247040783.22445074,0.07822002816351965,52.50947666120358
58904607.2734987,0.008756226745707226,122.17480370224922
92834778.35712291,0.029005245165889232,140.8814351406297
78916798.72682567,0.01876059668244337,136.13667958455085
203517864.19741333,0.04807315885664482,67.62814046547197
382718041.1605092,0.11437531308604826,105.43881415106048
82393112.28198604,0.026356130117774233,141.6859161697697
277869812.86251867,0.08719155894363995,64.34977352943777
176025505.3483587,0.04971388737678349,81.95148253525569
144085564.41789213,0.04091956020993787,119.47132239130231
84315559.0201337,0.010876592441640088,178.13364817878895
182622963.69406435,0.04957542419376199,144.58086852167744
70400390.60740626,0.012677612926125858,77.42783188334695
176360122.83203554,0.037465413281749196,136.5604828152698
71118612.19131535,0.01898396540772072,79.1730737502816
137171483.63185903,0.03467411423279606,150.0496588549104
225868333.8832461,0.050538056110315664,175.47255847054552
218404436.57015705,0.04029558581023949,175.7406592814243
81864040.20305017,0.009737673056312313,72.01094018889205
131065788.5682469,0.0266200614108119,75.29891855082577
111403654.19159243,0.016315609229773126,65.18545511200062
225682826.164995,0.079507689443342,55.65709021256865
92435082.05440605,0.012558761096771278,72.84184260005448
291727003.17008406,0.08161762072203799,108.72900976995271
94247899.79134485,0.02965059062478296,180.62186078177922
41588847.99446663,0.012767929435026852,62.00154833788611
181854368.52383786,0.04965229141118582,114.60343397302427
52387621.03833051,0.014517671880073073,54.705853737897115
66747235.12171058,0.01754486862237108,124.7508995128099
70977275.29646385,0.013007742317567522,122.13973977580453
265456631.13377368,0.07153110110542514,182.80546824734574
156947909.0346216,0.016979499990786226,138.96822336723616
163926074.4919812,0.03414327577073384,83.72021445583732
113406290.62688474,0.01775519639316857,42.201647125796185
403326625.34966385,0.128468690166317,139.01833190287726
133998335.68690097,0.027327950202355965,153.32950906626135
93481489.20225677,0.02566893394210098,163.1325220910099
221513352.57369167,0.062227024520254366,128.12578322325757
80826671.81523904,0.00603871585141692,51.7682713713182
160235661.10135925,0.0547909956656071,67.51241701959204
123854994.67431119,0.018327381945683948,118.32451305620359
217753074.02334595,0.021137999659852063,188.6476137932536
105956919.09896015,0.033301963342107374,154.06063239187466
137442811.1233752,0.035736131647205516,65.16077435724364
151244750.39213738,0.03260058432108067,170.80654399511104
378133719.1089082,0.1072932158276631,169.09479002819157
304239487.7614601,0.09431781600581998,98.34469367586325
59645112.454960994,0.008802488961503223,150.0480680229333
224559887.83059725,0.06724431488549866,92.81192071882052
74630599.88932472,0.013050979768272509,124.46132137990851
197794082.47502637,0.03914472587218657,96.41903044159787
136659179.39451325,0.023126549639813275,54.821602210461116
151348375.352979,0.0209273789078217,145.45232166441775
367076887.38894427,0.08732031612084419,141.10850363745132
214392857.97096878,0.039437355119968626,81.3523008566104
223582167.0457636,0.059087327378715984,71.62328081377467
191136410.30841112,0.025831872127658674,137.14071122030205
105048395.70136142,0.03484685909368255,94.86717429260955
178440994.8711614,0.016060666035065525,72.98839861768558
280969976.9168183,0.03894141351463324,131.24884354301585
305578722.32124746,0.05938950288226406,115.71038013654392
93407829.43423381,0.017026699945981157,75.45332130159106
181669742.67307234,0.03299052679043059,145.19631572522422
57713686.8205723,0.006324285943923746,64.68692609478218
205809276.83676285,0.05349682829957065,64.30657358389641
57217950.59577585,0.011769291848154208,98.66794599466076
100518353.18608138,0.010376411709142089,138.0511698037904
125347579.19432443,0.03393952428786439,59.45754601813319
128641980.17891732,0.04174558929280077,146.85627202814797
177684602.0816872,0.03463825700045754,95.94569293066411
181109454.85210133,0.042355066123612936,81.14948678755245
140008493.83133268,0.03815868312926448,79.05768710749645
155459923.7725122,0.02608368387957203,53.759772654246
208862042.04308698,0.04219844868798622,164.37750102997387
111387932.23784554,0.019417505080407686,176.73127356524319
120080813.69457504,0.03015049563202262,147.43537152174994
311712979.79130113,0.07631013458430938,89.91937741541115
81039355.06124175,0.01407036297764115,87.67614201241054
89621128.36573254,0.019948381843891756,97.17331768716954
201490331.18116373,0.049863101937009824,52.28601028497159
178156905.54742956,0.02131488337466416,118.20212646563778
133512744.17790163,0.0456903578987,81.01613030026873
210225577.5703322,0.05468381827973284,120.16704413061832
247251696.26310346,0.06593429785573325,84.5053036673217
137733760.58179122,0.031547637503206806,108.99902913878609
54348492.200032555,0.017049541128065858,51.98160706016888
136839750.9525527,0.033675287657021,128.239509831672
233673285.79289386,0.07535882197573374,77.2000762148063
148584032.970014,0.024643659051988485,146.4963545472738
355788123.4554491,0.0936927609279385,119.38501895083755
309733158.107757,0.07869408776784152,136.89448277959949
83362970.17504707,0.019266297099188756,132.82111054881935
193463819.13108826,0.03191978908161301,132.42967530879326
14850716.30476423,0.0008218073219857969,93.4950166441148
172455018.7366632,0.04930974448630572,140.20967856509455
176420985.18056867,0.05843722973449636,43.10118152802641
228073954.33567932,0.07676264546521648,64.21972015954849
236393501.58732802,0.044036421012674375,149.9664537249812
146723561.19080043,0.03518709044669058,146.13867544801212
164725826.22360545,0.028483421279700293,161.76630463747898
96246249.32302219,0.022593026700422625,133.5904175387752
88892490.14141862,0.018100089669793488,120.99108581568784
173864659.7681238,0.027169426528047574,90.85597001128757
188565744.9804079,0.034889325247776576,164.32145042119615
211278262.3235333,0.04554598834425305,132.93981424032117
223547523.75978547,0.05942203655719413,54.553891888748154
189456393.9866575,0.06434157950488562,102.7359506024359
587961302.3697428,0.1936044421382471,148.40959022675545
338403338.912921,0.09479656170304607,159.27378664064753
238395500.16044182,0.060483690851862754,122.20269860457942
46616439.33142038,0.00968224470686211,66.82806632089199
88844721.26631299,0.011129437731735529,95.60435166185232
153698826.66355938,0.024310394755844265,174.87540511103538
147704439.23559868,0.031170233184929348,96.36303427714516
261207088.69871563,0.0847144204703802,73.75575461237112
160519000.4359149,0.048712168674475365,170.01082018472962
382602851.38839585,0.09532491900135515,56.75353812803293
79651496.9351592,0.00974306073954754,118.79891023305744
62699618.15158479,0.015358568333976422,58.888433038202045
39791166.07585308,0.012205281586250777,105.86734109293768
152987429.20158052,0.034660624442858605,122.10805847896955
152603313.01975685,0.04564881471114448,72.4900377516026
186352853.4557894,0.03719221894015994,78.27745686653763
368786075.9694156,0.11187946084170437,110.51409036686472
223287311.26365095,0.05792461207160148,122.22188722063895
73529435.65341228,0.014489986049793485,121.57580890455698
55471127.22517829,0.01635544459529108,72.74064474726771
203906078.81488127,0.05631452867844197,160.96498688774474
131876470.85817017,0.015332376476178897,45.948950266167905
79260630.37332839,0.013602593049386756,104.9602271994641
277280034.09027946,0.05493360252578579,152.45525373737405
110685528.96395853,0.022039458741139165,153.85547037505393
144997723.7877432,0.03232678230674397,74.85964070315991
250418632.6993747,0.07132439306129729,61.65142032311092
50213310.99142375,0.010117217686704654,87.35628343842254
80475594.17081721,0.015099108158336622,87.39049385022314
158349878.15738213,0.03429472970037312,161.75939565235757
144230149.86572215,0.02755356368868604,53.32133854636884
157949119.8730186,0.017627935966480938,127.18951949079309
91307486.23078005,0.01244173572321811,147.31931883474394
79653773.48777874,0.020989490174616,78.62297003221671
114085298.67120075,0.026192133348880625,161.2628366007947
205512334.54434425,0.047513779040174245,178.77565952257075
102462494.3897587,0.024294309457778607,121.31630673614745
347278219.6757109,0.09680635635872724,87.5838312202395
174587602.80100578,0.03477966776914716,163.49933579659563
154802296.66462806,0.038994229297447114,68.37465866859777
100818161.11705755,0.017527684436618535,142.31074554501012
98220803.34548831,0.03205748549577901,96.58485009003918
163304766.51979965,0.032764830006789473,100.46868451594165
506633023.4072992,0.15020138747002426,79.43570939363369
323444525.5479599,0.0786425928739803,83.12048938200708
188396867.87587795,0.020322769290599046,126.83671897725938
370179774.16150737,0.08142181851656882,120.59878379938354
70408773.7980854,0.021979488390982856,56.697578360155205
132945109.32113901,0.03220327354419754,69.90678750600037
420801478.2063485,0.12173077194167417,85.89213045665404
280071390.77330625,0.05395432843736107,142.52294193265922
170044334.50108975,0.04081005797319686,105.01437832378473
138150983.2609968,0.028243449267735945,88.02427738097221
87338081.19521569,0.01499871627584298,147.82756703485535
272533334.23920345,0.08473063184966224,70.70005801782241
244642641.67524445,0.08111293493954672,59.70561480030786
71561790.40487799,0.0106453531547056,62.09389822488759
225533027.96091062,0.04653324481299399,130.45087634488237
