업체이용률_1만,c_자연완주율,월영야행_β,체험가격,팝업객단가
0.4722332058040905,0.1435661803790094,-0.022775469886274068,12000,3721.496251044161
0.3965352901233879,0.17248141651695992,0.01037186916046051,20000,2149.416136534133
0.4722332058040905,0.1606823901679686,0.0033568417520131516,8000,6111.439449623881
0.03096723983469186,0.16745521610776032,-0.006932465643190247,5000,9208.354043041478
0.2764675808695338,0.18001271248795322,-0.008408700581428192,15000,8044.38748849249
0.30466658438973576,0.14656506965869828,0.001778510485930703,8000,9308.86605146799
0.3965352901233879,0.1334748411396856,-0.024944926931612196,25000,9357.594394504782
0.30466658438973576,0.15971130151751434,-0.026251352579992622,4000,10124.162225871132
0.07498632668291193,0.17457108003394353,-0.020761648400962764,7000,11700.301792294806
0.07823302695080049,0.14134182693729816,-0.011121527576125313,7000,14929.56671203167
0.06045829535513537,0.1556498262084893,-0.004618704327087316,39000,11700.301792294806
0.2764675808695338,0.1435000287620188,-0.01169058984193221,39000,11700.301792294806
0.16426813223584644,0.17094669515304922,-0.0023619363030841934,5000,6379.779727401703
0.07823302695080049,0.15546239856030397,-0.0018274510878402313,20000,9308.86605146799
0.1589499598856141,0.1374059507366961,-0.007270949255381553,15000,8867.27474861856
0.07823302695080049,0.16008011855872056,-0.003413278948575066,20000,1388.161926428812
0.3965352901233879,0.14326878550057112,-0.0065091926953796805,5000,5961.998200255187
0.030709161363584057,0.1431491432738087,-0.013829485315728913,10000,14088.177761028734
0.1896930846842057,0.15692663506213397,-0.017963087680441442,4000,15674.647469510692
0.4722332058040905,0.17151254314382702,-0.01570969785803816,10000,13439.594459895283
0.07823302695080049,0.16140972143533164,-0.004418706983800352,10000,6379.779727401703
0.030709161363584057,0.16764783166416125,-0.014327587601514872,5000,13439.594459895283
0.06045829535513537,0.1777235177822934,-0.008403951149612772,15000,5961.998200255187
0.0567270438764676,0.15946182392035954,-0.013438392950520817,20000,12990.003729794424
0.07823302695080049,0.163159302813111,-0.004280409151062215,4000,9308.86605146799
0.1896930846842057,0.14095637492414007,-0.004263369746545235,3000,10124.162225871132
0.2764675808695338,0.13661020501981874,-0.005972001711562272,15000,9815.38693042659
0.30466658438973576,0.1430076027284372,-0.004046177655835844,39000,12549.767112704283
0.06045829535513537,0.16457779557692545,0.0019832457169795454,3000,9815.38693042659
0.1589499598856141,0.14722570874554547,-0.004265309434068156,15000,3982.1550627694223
0.030709161363584057,0.14720136236863948,-0.007563132288335882,10000,7818.674849699402
0.030709161363584057,0.1607792330979085,0.0017173207205730089,12000,8044.38748849249
0.07498632668291193,0.17858024159259714,-0.010895356164512546,22000,9357.594394504782
0.30466658438973576,0.1528909085493641,0.002723036601253929,25000,15674.647469510692
0.1589499598856141,0.13642743953012856,-0.008202721838886203,4000,6111.439449623881
0.06045829535513537,0.16546618158532728,0.0006803779918501918,5000,6029.591590125569
0.3965352901233879,0.16091386814099579,-0.01675647312953085,8000,15674.647469510692
0.030709161363584057,0.16329834636821572,-0.00652456745413622,10000,9968.772979815913
0.1589499598856141,0.15015711697923148,-0.009407113247390275,3000,11428.776259500675
0.03096723983469186,0.14677867559198526,-0.010515493632852086,25000,1944.8338863255753
0.4722332058040905,0.16381156021261847,-0.0008193731920820039,15000,1388.161926428812
0.1589499598856141,0.1691934850055549,-0.028296110074340262,10000,8781.38100521925
0.030709161363584057,0.17684557064209358,-0.007194003010271704,12000,6490.025297937499
0.030709161363584057,0.1355434887724658,-0.00575154670915923,3000,2641.9358544440147
0.30466658438973576,0.14918037043817883,-0.013876404140992183,15000,5756.56884800299
0.3198999136092226,0.14122586415613403,-0.0009158789656418358,8000,9362.142291789198
0.030709161363584057,0.15950891176864992,-0.012286543028971562,10000,4635.668443078176
0.030709161363584057,0.16740401221633264,-0.009214753121072887,23000,1388.161926428812
0.3965352901233879,0.14313241370087731,-0.00042189277886484127,25000,4635.668443078176
0.03096723983469186,0.14871891418824015,-0.005077486480362872,6000,2149.416136534133
0.03096723983469186,0.15739849269287576,-0.015482520950603885,12000,8044.38748849249
0.07823302695080049,0.17251346331443002,-0.007555066672799403,25000,12625.18983357999
0.3965352901233879,0.17027758509377153,-0.005289930978414483,6000,7903.372032495086
0.1896930846842057,0.14773198607405047,-0.008425997511641524,5000,8094.365808845958
0.1589499598856141,0.16857095065184183,-0.01076693410199375,8000,13345.696517931832
0.30466658438973576,0.17699013915778714,-0.006142752300073326,5000,14929.56671203167
0.16426813223584644,0.13359853600432448,-0.017514554987906782,10000,6379.779727401703
0.07823302695080049,0.17837000982701434,-0.012783678657154398,4000,8867.27474861856
0.2764675808695338,0.16128923588287541,-0.007258002223377911,25000,3982.1550627694223
0.07498632668291193,0.13607529035373836,-0.012867220862828667,28000,14088.177761028734
0.4722332058040905,0.1649517985565303,-0.008997998788161599,12000,8044.38748849249
0.30466658438973576,0.1525012533768848,0.006073905711135732,10000,14088.177761028734
0.3198999136092226,0.14679711279457514,-0.009386766376619594,15000,12472.89232435155
0.1589499598856141,0.1706209312959424,-0.010266822255546653,15000,8371.635549928305
0.06045829535513537,0.14405955555074929,-0.0028633708543668143,39000,12990.003729794424
0.07823302695080049,0.14785778356478652,-0.01839818189549421,22000,9815.38693042659
0.0567270438764676,0.15336111178485798,-0.0105989159185448,10000,10868.15254697223
0.06045829535513537,0.1590477132904101,-0.005072683677443375,23000,3721.496251044161
0.03096723983469186,0.13837312639644286,-0.00591165687604718,25000,8781.38100521925
0.07823302695080049,0.15476356083512458,-0.012632531186866408,3000,10124.162225871132
0.1589499598856141,0.16763324412210645,-0.0019285448333649128,7000,9921.736099442112
0.07823302695080049,0.14215078714572457,-0.008664405308360813,6000,14088.177761028734
0.03096723983469186,0.14069778484244544,-0.0024188090373495736,23000,8781.38100521925
0.4722332058040905,0.15662772810643072,-0.004076774580049749,12000,15674.647469510692
0.06045829535513537,0.14786882613341998,-0.007225925477265168,12000,14929.56671203167
0.07498632668291193,0.17341701955239885,-0.009698045321756927,20000,8371.635549928305
0.03096723983469186,0.14052045934238355,0.0021910706695313573,39000,13345.696517931832
0.2764675808695338,0.17476587555884726,-0.014677245669140268,23000,1388.161926428812
0.16426813223584644,0.14146933581618548,-0.015122966201020363,10000,10868.15254697223
0.0567270438764676,0.14590492138228342,0.0003737034521414973,12000,8371.635549928305
0.30466658438973576,0.1671498619959797,-0.0003122072413192788,7000,12472.89232435155
0.07498632668291193,0.15950733221365648,-0.008273948120072917,6000,9362.142291789198
0.07498632668291193,0.15997064946214862,-0.007692457802847081,12000,13345.696517931832
0.03096723983469186,0.13765887900954887,-0.019544417268777724,12000,12625.18983357999
0.07498632668291193,0.1594167665317184,-0.005986269860148438,10000,11428.776259500675
0.4722332058040905,0.15015686300970707,-0.0077586095571541905,4000,13439.594459895283
0.3198999136092226,0.16004659812479266,-0.011172410864848588,23000,5852.089204350804
0.1896930846842057,0.13977747589185716,-0.0041608331319964754,10000,3180.534231222965
0.1896930846842057,0.15116398613567214,-0.010806927944540703,6000,15182.209441928107
0.3198999136092226,0.1750956966039732,-0.0013657687801472457,5000,9921.736099442112
0.0567270438764676,0.16913460497946156,-0.001122918476231851,15000,9362.142291789198
0.16426813223584644,0.15042762661164485,-0.012821147825614507,5000,1944.8338863255753
0.16426813223584644,0.1710136639404145,-0.01028997822457522,3000,8781.38100521925
0.30466658438973576,0.1630264034402723,0.0005941737659080346,15000,9208.354043041478
0.3198999136092226,0.14594515358937662,-0.010786864622427835,10000,6490.025297937499
0.30466658438973576,0.15658176128138995,-0.011182173801955499,39000,9362.142291789198
0.030709161363584057,0.1711142129906579,0.0031413366708617596,15000,8298.692961111445
0.3965352901233879,0.17066051087385606,-0.002356633989683183,5000,12990.003729794424
0.1589499598856141,0.17221995496490863,0.004429201340372002,23000,8054.929374637141
0.30466658438973576,0.15683212336295385,-0.014732178604859954,10000,15182.209441928107
0.1589499598856141,0.16439068984561606,-0.004599405017553027,12000,2149.416136534133
0.07823302695080049,0.14419594030553,-0.012380409944867362,15000,5756.56884800299
0.3198999136092226,0.16042834510709025,-0.021111283284294128,23000,2641.9358544440147
0.07498632668291193,0.15850821470625057,-0.01477184162576166,25000,7903.372032495086
0.06045829535513537,0.1486834957443412,-0.015619466185999185,39000,1388.161926428812
0.07498632668291193,0.15641052828166344,-0.008667173196901896,8000,5852.089204350804
0.16426813223584644,0.16726253298879343,-0.015839390667659103,3000,13345.696517931832
0.30466658438973576,0.15482332562460815,-0.0015145983978638422,25000,18495.762853876247
0.3198999136092226,0.14831904959882636,-0.006958172678526361,20000,3721.496251044161
0.4722332058040905,0.14243775643035547,-0.004194710676992443,10000,8054.929374637141
0.4722332058040905,0.18300986172655084,-0.009542282472267277,5000,10588.791757848958
0.06045829535513537,0.16457341829343985,-0.013135968537295862,12000,8298.692961111445
0.2764675808695338,0.15482854920750025,-0.007614576225421955,3000,6379.779727401703
0.3198999136092226,0.1625840774306752,-0.012653372594427038,12000,12308.705340727283
0.4722332058040905,0.15747952738704177,-0.0008878736442161536,15000,6379.779727401703
0.1896930846842057,0.1494620313934657,-0.03656081441378556,12000,10124.162225871132
0.4722332058040905,0.16052513404875712,-0.01943514277958216,15000,8867.27474861856
0.07498632668291193,0.1489053531977365,0.0020658788922229736,6000,12625.18983357999
0.30466658438973576,0.14235281164596064,0.007309601386192114,39000,15674.647469510692
0.0567270438764676,0.13303551728270085,-0.00885122135715012,7000,8044.38748849249
0.06045829535513537,0.15033981959832374,0.00015864993769271917,3000,12990.003729794424
0.06045829535513537,0.17017266849846274,-0.004858572755444459,10000,8980.724685620986
0.03096723983469186,0.15652482516852262,0.002418649138224471,6000,12625.18983357999
0.1896930846842057,0.1718348695961186,-0.002951006906978832,25000,9968.772979815913
0.03096723983469186,0.14911969513273912,-0.007922784528435207,12000,5961.998200255187
0.07498632668291193,0.14497239073591514,-0.012492295849225395,25000,12308.705340727283
0.3198999136092226,0.15042711398463404,-0.026278437925015757,10000,12625.18983357999
0.06045829535513537,0.14155153587359992,-0.009097936677423762,7000,9367.701460379212
0.030709161363584057,0.16115867596131245,-0.008687017059124278,15000,3180.534231222965
0.3965352901233879,0.1473910870679289,-0.010619620792057399,22000,13439.594459895283
0.3198999136092226,0.16367764284029282,-0.005615716708848224,3000,1388.161926428812
0.07498632668291193,0.15571110210317451,-0.017087613366623726,39000,16949.69186366355
0.2764675808695338,0.18202570327602485,-0.006754159050585798,3000,10868.15254697223
0.1896930846842057,0.14992498943806842,-0.0029019381923046992,20000,5852.089204350804
0.1589499598856141,0.15509632268420992,-0.017117078479324817,25000,1944.8338863255753
0.30466658438973576,0.17212542181768156,-0.001851338588075044,5000,14929.56671203167
0.030709161363584057,0.16042344561971872,-0.01574211594126819,7000,9362.142291789198
0.030709161363584057,0.1474955056040646,-0.015834428084170155,12000,3721.496251044161
0.3965352901233879,0.15276062218630346,-0.004736771927069928,8000,11428.776259500675
0.30466658438973576,0.1476113830038886,-0.0060142235243440005,25000,1932.7685273621282
0.0567270438764676,0.15476699812482872,-0.004083776374112521,3000,3982.1550627694223
0.30466658438973576,0.1528625117316625,-0.013645581745693901,25000,5756.56884800299
0.2764675808695338,0.17009070847837024,-0.010450215753408635,12000,7818.674849699402
0.3965352901233879,0.15523517167083234,0.0006853703429379312,12000,14929.56671203167
0.2764675808695338,0.166931185922609,-0.002491717364961898,28000,7903.372032495086
0.4722332058040905,0.17790034565121046,-0.019471079048627042,10000,1944.8338863255753
0.30466658438973576,0.1738091715718746,-0.0028679203831837633,20000,9815.38693042659
0.2764675808695338,0.1690637224808131,-0.0043866333627912224,3000,9362.142291789198
0.4722332058040905,0.17472049369934622,-0.016929677197963268,6000,14088.177761028734
0.30466658438973576,0.14167916678890932,-0.00444354874791211,6000,10588.791757848958
0.16426813223584644,0.15767719321249768,-0.007665576363856552,4000,10124.162225871132
0.03096723983469186,0.15317759527631505,-0.010579023505691973,3000,8371.635549928305
0.07823302695080049,0.15449361637158096,-0.010653437389004561,10000,2641.9358544440147
0.1589499598856141,0.1560357393653932,-0.010817878733819777,5000,9357.594394504782
0.3198999136092226,0.15534454142265847,-0.010486544900370168,12000,8094.365808845958
0.3965352901233879,0.14717305477267678,-0.00460959698301866,22000,9815.38693042659
0.03096723983469186,0.16738595120849506,-0.005322434757956876,12000,9362.142291789198
0.30466658438973576,0.16650629074793677,-0.00972856609234101,4000,10868.15254697223
0.3198999136092226,0.14624445856015206,-0.007822153402365726,8000,12625.18983357999
0.16426813223584644,0.15947963310867538,-0.031680624433938966,12000,2641.9358544440147
0.1589499598856141,0.16525523711539972,0.0015251627165250104,10000,9968.772979815913
0.07823302695080049,0.1429944752927844,-0.005873543082877764,15000,16949.69186366355
0.03096723983469186,0.1711736714764432,-0.013180809930929483,20000,10124.162225871132
0.3198999136092226,0.1483273890526813,-0.002448444943995987,7000,9367.701460379212
0.06045829535513537,0.14764023806388638,-0.020813897630212227,5000,6379.779727401703
0.0567270438764676,0.15060645378825185,-0.01303671563446396,15000,13439.594459895283
0.3965352901233879,0.16963682438569247,-0.00990489021922508,25000,8980.724685620986
0.030709161363584057,0.14909628907516528,-0.005027517126530243,20000,10124.162225871132
0.30466658438973576,0.1585951349406637,-0.0013920005049386757,25000,9362.142291789198
0.07498632668291193,0.16123743095677123,-0.004812604303077483,25000,2149.416136534133
0.030709161363584057,0.1499990907709664,-0.0157039154094669,20000,14929.56671203167
0.06045829535513537,0.1647106120812446,-0.015146139396818472,15000,2955.6355296040556
0.3965352901233879,0.15557557834996755,-0.009821998898247811,5000,6111.439449623881
0.2764675808695338,0.15486707773225133,-0.002512789561787151,5000,4635.668443078176
0.0567270438764676,0.15268917491881998,0.0035228650961056512,25000,6029.591590125569
0.2764675808695338,0.1412359504597614,-0.024227417731163797,12000,9357.594394504782
0.030709161363584057,0.13774425253389344,-0.010471908832429724,25000,2149.416136534133
0.2764675808695338,0.18493164172724005,-0.012174586409049873,6000,2149.416136534133
0.07823302695080049,0.16706891516754258,-0.010454465910104493,20000,8867.27474861856
0.07498632668291193,0.14439948084319607,-0.011668845998157141,15000,6490.025297937499
0.2764675808695338,0.1430337119889928,-0.02875672089358084,12000,14552.421047816675
0.06045829535513537,0.1687471233295384,0.007306718772430382,25000,8266.360338630808
0.4722332058040905,0.14913269982651275,0.005666421377849177,6000,3180.534231222965
0.3965352901233879,0.16368028055984687,-0.01830283108043262,6000,2641.9358544440147
0.030709161363584057,0.15800889650589953,-0.010661379357463148,20000,15674.647469510692
0.3965352901233879,0.13928311912697716,-0.01482273129625751,22000,1932.7685273621282
0.1896930846842057,0.1475826799358067,-0.006869318334933896,8000,3982.1550627694223
0.06045829535513537,0.16542826902358787,-0.01016128152143971,5000,4635.668443078176
0.07823302695080049,0.1570028318652869,-0.01383879989908412,25000,16949.69186366355
0.3198999136092226,0.14323269856513832,-0.017500724745535344,12000,8371.635549928305
0.03096723983469186,0.1348230004738049,-0.012228498234194817,25000,10124.162225871132
0.3198999136092226,0.1399857125020442,0.00036655361208091545,39000,14929.56671203167
0.1589499598856141,0.16103390012648472,-0.0013793890920751123,10000,13439.594459895283
0.0567270438764676,0.15461953860597813,-0.007038251547806121,15000,12625.18983357999
0.07823302695080049,0.16779521575639397,-0.017922256866819603,39000,13345.696517931832
0.2764675808695338,0.14462620835678675,-0.009974014701799818,12000,14088.177761028734
0.3965352901233879,0.18022501047497566,-0.004238566144351238,5000,6490.025297937499
0.30466658438973576,0.17074831090674278,-0.006173489733235617,25000,2955.6355296040556
0.1896930846842057,0.1587834454268966,-0.005578570977776684,20000,8980.724685620986
0.03096723983469186,0.15470693727399967,-0.005443704172997156,10000,6379.779727401703
0.3198999136092226,0.1611758556408455,-0.0275614989658302,3000,8371.635549928305
0.3198999136092226,0.14205659804808196,0.010517031887241474,3000,6111.439449623881
0.30466658438973576,0.14499960145753166,-0.014154654365211716,3000,8781.38100521925
0.1589499598856141,0.16909573355896998,-0.00122359692311874,4000,18495.762853876247
0.3965352901233879,0.1446209639290983,-0.0027679970554389407,3000,3180.534231222965
0.030709161363584057,0.14463926646653702,-0.0027285375258099187,15000,8266.360338630808
0.4722332058040905,0.1515866914584964,-0.014667413518347158,3000,5756.56884800299
0.30466658438973576,0.16073105690772874,-0.008596018397563044,10000,10868.15254697223
0.07498632668291193,0.14320960442954178,-0.01350168064723212,23000,10124.162225871132
0.1896930846842057,0.14728703749507416,-0.0036538591822280818,10000,2149.416136534133
0.030709161363584057,0.1539473099682057,-0.016762255298100107,39000,8371.635549928305
0.03096723983469186,0.15884037859130348,-0.006589254940023217,22000,3982.1550627694223
0.4722332058040905,0.1664927564828968,0.0021481914145557723,12000,8266.360338630808
0.03096723983469186,0.16492418286303107,-0.010472125794635816,12000,11428.776259500675
0.2764675808695338,0.1347059628581266,-0.010697833041141863,15000,8298.692961111445
0.3198999136092226,0.1688118210810249,-0.012245867083455646,22000,1388.161926428812
0.3198999136092226,0.1706851491354266,0.0007881407868983086,12000,12549.767112704283
0.030709161363584057,0.1610427789505904,-0.016410546872541672,7000,9568.06133278347
0.3198999136092226,0.16382480269516192,-0.007272292053745281,6000,7818.674849699402
0.1589499598856141,0.16860771328678964,-0.012163282652451103,8000,10124.162225871132
0.03096723983469186,0.13444890544398938,-0.014909766286735023,5000,10588.791757848958
0.3198999136092226,0.18209792212844736,-0.008226464553413668,20000,14929.56671203167
0.1896930846842057,0.1550486680250133,-0.011475638025547774,10000,14552.421047816675
0.03096723983469186,0.1791476982664191,-0.014773911934067466,12000,6111.439449623881
0.1589499598856141,0.16670031826013593,0.0012363501692635877,10000,5756.56884800299
0.1589499598856141,0.1615445697702637,-0.007851970686759038,20000,8781.38100521925
0.1589499598856141,0.15325952741072904,-0.014391350977849233,5000,1388.161926428812
0.4722332058040905,0.16822850116975746,-0.020821316482728083,25000,9921.736099442112
0.0567270438764676,0.1654829186347717,0.0015027078060863162,20000,8867.27474861856
0.0567270438764676,0.1548778399318315,-0.010847717303751322,10000,16949.69186366355
0.03096723983469186,0.15013259504349677,-0.007640235642968054,25000,9968.772979815913
0.06045829535513537,0.14833602943907281,-0.00642059028854665,8000,2641.9358544440147
0.3198999136092226,0.17043058083836246,0.00012143138003423353,20000,12472.89232435155
0.4722332058040905,0.17421222053554852,-0.0007718528640497962,20000,3982.1550627694223
0.3198999136092226,0.16805241137713361,-0.00969051326821228,10000,9308.86605146799
0.0567270438764676,0.14347818487563757,-0.003736146813915024,22000,1388.161926428812
0.03096723983469186,0.16326785991126608,-0.005035630585085213,4000,3180.534231222965
0.4722332058040905,0.14990304018768746,-0.0074275126745720664,8000,8266.360338630808
0.4722332058040905,0.15648790024209105,-0.013258787958862026,4000,6490.025297937499
0.3198999136092226,0.16125787788304288,-0.018097383093495307,15000,8054.929374637141
0.1589499598856141,0.15219860981220598,-0.009728086168717977,15000,9208.354043041478
0.2764675808695338,0.15758027893119309,-0.01644865039816535,28000,9367.701460379212
0.4722332058040905,0.13341189323740918,-0.007307157282543775,6000,7818.674849699402
0.4722332058040905,0.16205269522918034,-0.017867673435149417,10000,1944.8338863255753
0.03096723983469186,0.1533505130724041,0.0037503133353923484,25000,3721.496251044161
0.0567270438764676,0.14973168395530922,-0.019264257028808636,3000,6029.591590125569
0.2764675808695338,0.15868493980600895,0.0081031280651712,3000,8867.27474861856
0.30466658438973576,0.14851422750299703,-0.0014546485226825192,10000,14929.56671203167
0.4722332058040905,0.16688238664108615,-0.0009849960873121303,12000,8867.27474861856
0.07823302695080049,0.16393630168170195,-0.01121290276288349,7000,8094.365808845958
0.07823302695080049,0.13511928836337855,-0.012220722604542262,22000,12990.003729794424
0.1896930846842057,0.16654048547773642,-0.009792538612305408,8000,16949.69186366355
0.0567270438764676,0.17202871840835648,-0.005423099731455821,12000,5756.56884800299
0.07823302695080049,0.17061438208127125,-0.013119008661294826,3000,12308.705340727283
0.3965352901233879,0.16992379978920338,-0.005738344748977656,4000,13439.594459895283
0.03096723983469186,0.17522704196250913,-0.009221653258698066,25000,9357.594394504782
0.2764675808695338,0.15118489611248023,-0.011777890070820961,20000,6490.025297937499
0.0567270438764676,0.14351893340647368,-0.013933741281769808,3000,5756.56884800299
0.07823302695080049,0.14517875923430193,-0.017237220370238296,20000,15674.647469510692
0.06045829535513537,0.1691116730686105,-0.009616143670634977,5000,9815.38693042659
0.06045829535513537,0.1488989984905291,0.0024895718139917203,25000,8980.724685620986
0.30466658438973576,0.17242711687750287,-0.011336968308517272,4000,3180.534231222965
0.2764675808695338,0.16740609568088474,-0.012985140410730584,8000,2641.9358544440147
0.2764675808695338,0.15491858477356044,0.005570649381338542,6000,10124.162225871132
0.1896930846842057,0.1680725196776316,-0.0033608453874792534,5000,9815.38693042659
0.0567270438764676,0.16057833922890705,-0.01099471114321968,5000,5852.089204350804
0.1896930846842057,0.1497965060428295,-0.005989263161273422,5000,9308.86605146799
0.07498632668291193,0.15838102013634026,0.007556162758466314,6000,7903.372032495086
0.16426813223584644,0.1661092591723827,-0.005005725733329093,3000,10588.791757848958
0.030709161363584057,0.1527018761665097,-0.008864443866775705,3000,13439.594459895283
0.030709161363584057,0.148593253990442,-0.006513430453362702,10000,8298.692961111445
0.06045829535513537,0.1441945085333811,-0.01264263577161446,15000,6379.779727401703
0.030709161363584057,0.14367538297412652,-0.030683121811124873,22000,14929.56671203167
0.16426813223584644,0.13841712539202838,-0.0025606535044061687,3000,9208.354043041478
0.030709161363584057,0.1362808807307787,-0.002820897792984652,10000,14552.421047816675
0.06045829535513537,0.16715594823075072,0.0007625591958681196,15000,4635.668443078176
0.1589499598856141,0.16600094246576177,-0.0018279654577484914,12000,9362.142291789198
0.4722332058040905,0.16972895721482964,-0.017244602669265283,5000,15674.647469510692
0.030709161363584057,0.15849750799823611,-0.004219503889656511,28000,12549.767112704283
0.03096723983469186,0.15690182520055448,-0.014056924661697355,20000,15182.209441928107
0.30466658438973576,0.14193195404290898,-0.014971796884692145,10000,14088.177761028734
0.07498632668291193,0.1463991109981498,-0.0041987438554615735,20000,4635.668443078176
0.30466658438973576,0.13541313618170328,-0.0035687725108250693,15000,12472.89232435155
0.1896930846842057,0.14087575405868286,0.0006104897357353567,20000,14088.177761028734
0.07498632668291193,0.14527405889256917,-0.00915710802762687,8000,8781.38100521925
0.30466658438973576,0.1851710449521685,-0.0062473387530033835,7000,7903.372032495086
0.07498632668291193,0.14130770716172375,-0.01147750465303121,5000,12625.18983357999
0.30466658438973576,0.15289131370958314,-0.018245582339698016,8000,8980.724685620986
0.4722332058040905,0.16597296253173688,-0.00555239360663068,10000,12472.89232435155
0.06045829535513537,0.1429561532785711,-0.003256069379143204,20000,5961.998200255187
0.06045829535513537,0.15430230369045517,0.006740012753720619,10000,7818.674849699402
0.3965352901233879,0.1603495630739942,-0.0037914220799555014,25000,14552.421047816675
0.4722332058040905,0.14671548305310664,-0.01868844626511537,15000,8094.365808845958
0.3965352901233879,0.171326857802372,-0.015539406068034422,4000,10124.162225871132
0.4722332058040905,0.1533546622886472,-0.027141945916202222,5000,14088.177761028734
0.06045829535513537,0.1800130224368304,-0.018123553546522248,20000,13345.696517931832
0.2764675808695338,0.16566061002467827,-0.014010590723527892,15000,6379.779727401703
0.1896930846842057,0.17054583100279358,-0.01477593091949787,28000,3180.534231222965
0.3198999136092226,0.13891209304720864,0.0002825935341050289,5000,9308.86605146799
0.1589499598856141,0.15741804778225937,-0.016335719416431232,15000,8054.929374637141
0.030709161363584057,0.17465924701520913,-0.009216713176785182,12000,9568.06133278347
0.16426813223584644,0.1641183486406285,-0.008742696159828253,5000,6379.779727401703
0.3965352901233879,0.14976457057417594,0.003748296618208092,15000,9367.701460379212
0.3198999136092226,0.17301470394047616,-8.698737614302277e-05,20000,5852.089204350804
0.1589499598856141,0.17532611209541776,-0.03093682080062253,10000,8044.38748849249
0.30466658438973576,0.13609930103892,-0.015254580936344983,10000,5852.089204350804
0.06045829535513537,0.17289786383732214,0.007367367467776598,3000,1388.161926428812
0.4722332058040905,0.16997230647468015,-0.01965435550815962,3000,16949.69186366355
0.4722332058040905,0.14725841960849487,-0.005171597206308361,10000,8094.365808845958
0.3198999136092226,0.1502719595896432,-0.003473684330086798,3000,2641.9358544440147
0.1896930846842057,0.15624699802128222,-0.002713213072314306,15000,4635.668443078176
0.07498632668291193,0.16268692111289496,-0.017124971017043307,15000,14929.56671203167
0.16426813223584644,0.15269848430785676,-0.015801946204112374,28000,8867.27474861856
0.1589499598856141,0.18228796023814875,-0.003748378760638176,25000,5961.998200255187
0.16426813223584644,0.16384834307422008,-0.002717710638226572,3000,12472.89232435155
0.4722332058040905,0.13769733951418317,-0.011986385574949757,10000,5756.56884800299
0.1896930846842057,0.15476249050175692,-0.012550386295610826,15000,5961.998200255187
0.0567270438764676,0.1366203245078822,-0.00686681171883062,10000,3180.534231222965
0.07498632668291193,0.1353832306734501,0.004173260665470527,15000,3982.1550627694223
0.3198999136092226,0.15343090283349506,-0.026737285345216574,10000,6379.779727401703
0.03096723983469186,0.1739242286285444,-0.015566023533360689,8000,2149.416136534133
0.07498632668291193,0.17041257117885938,-0.01286693015748824,10000,12472.89232435155
0.2764675808695338,0.16682478736738143,-0.016810260170155182,5000,1932.7685273621282
0.07498632668291193,0.14827853154443574,-0.024344724304434472,10000,12472.89232435155
0.16426813223584644,0.13945172388277646,-0.019232889461401545,10000,8371.635549928305
0.07823302695080049,0.1521589669097233,0.0011275662541442022,15000,11700.301792294806
0.1896930846842057,0.16292088796204518,-0.008268364396414627,25000,12625.18983357999
0.2764675808695338,0.1428338923470244,-0.0013822661120243677,7000,8044.38748849249
0.2764675808695338,0.17401637172662582,-0.0016173150092786918,10000,9921.736099442112
0.03096723983469186,0.13759375308646205,-0.01747672921114313,39000,12308.705340727283
0.1589499598856141,0.1532395575817942,-0.004760906423216111,10000,5961.998200255187
0.07498632668291193,0.14009102699163004,0.002672355228947539,5000,2149.416136534133
0.0567270438764676,0.15185183393424528,0.0023268334397824504,23000,5756.56884800299
0.16426813223584644,0.16620473757895157,0.0007714432708007374,6000,11700.301792294806
0.16426813223584644,0.16125901245918697,-0.016480760977513977,8000,11428.776259500675
0.03096723983469186,0.16611934406925052,-0.006346355495998811,4000,8867.27474861856
0.4722332058040905,0.15491821224409058,-0.009329413708900891,15000,6029.591590125569
0.0567270438764676,0.15821887634524676,-0.005526524867191249,25000,2641.9358544440147
0.1589499598856141,0.15996005265286434,-0.01582205739366451,4000,2149.416136534133
0.3198999136092226,0.15104917705670318,-0.009019208305027167,28000,8298.692961111445
0.06045829535513537,0.16294258455631225,0.0028928869436441003,10000,6490.025297937499
0.07498632668291193,0.15626051974663802,-0.013723749668163617,25000,3721.496251044161
0.2764675808695338,0.14443445247673836,-0.01231114835119886,10000,9568.06133278347
0.0567270438764676,0.14793281945533837,0.00033262760705776115,10000,3721.496251044161
0.0567270438764676,0.17181315924581558,-0.023558420572403788,25000,12472.89232435155
0.16426813223584644,0.15421579009870065,-0.0007754238615508995,4000,6029.591590125569
0.0567270438764676,0.14820850267866473,-0.019138650754836006,23000,6490.025297937499
0.0567270438764676,0.15564240561260134,-0.00616788851897595,12000,14088.177761028734
0.07823302695080049,0.1651875754545696,-0.016734294944066294,15000,10868.15254697223
0.1589499598856141,0.16063853921224494,-0.009507064825693584,20000,5961.998200255187
0.3965352901233879,0.17068200810442455,-0.013346648071649404,5000,9815.38693042659
0.1896930846842057,0.15867026304841367,-0.005454907009624267,25000,7818.674849699402
0.030709161363584057,0.13386085275200452,-0.01576654700953447,15000,9357.594394504782
0.4722332058040905,0.15215946806670833,-0.008580109330468275,3000,8781.38100521925
0.06045829535513537,0.158903570948816,-0.017193934563053848,15000,5756.56884800299
0.030709161363584057,0.1540272663617197,-0.009365775659542285,28000,9362.142291789198
0.1896930846842057,0.18290406330332323,-0.00047712372143637676,22000,11700.301792294806
0.3965352901233879,0.1694288943595428,-0.012748108175541355,10000,8867.27474861856
0.1896930846842057,0.18049450650153606,-0.0029219387847349413,15000,9968.772979815913
0.16426813223584644,0.14635741245292513,0.0026118450407899263,8000,18495.762853876247
0.1589499598856141,0.1578169790819095,-0.016774709543825428,8000,12308.705340727283
0.0567270438764676,0.14313815273086095,-0.023133498667814747,23000,6111.439449623881
0.07823302695080049,0.16574446535104384,-0.009301017673142389,12000,3721.496251044161
0.07498632668291193,0.14978093768048564,-0.008975356139513125,5000,6029.591590125569
0.3198999136092226,0.17677763388730186,-0.020458178871671152,6000,9815.38693042659
0.4722332058040905,0.15881547003085925,-0.0005412083286319621,8000,18495.762853876247
0.07823302695080049,0.1802560574773827,-0.0042857324706655755,25000,8371.635549928305
0.1589499598856141,0.13882758524374553,-0.02296094420572459,25000,3180.534231222965
0.03096723983469186,0.15951671391773883,-0.0036349359146328223,7000,13345.696517931832
0.1896930846842057,0.1557136447815622,-0.00319274733143928,15000,2149.416136534133
0.0567270438764676,0.15857315961567806,0.0028637619026013242,7000,10588.791757848958
0.07823302695080049,0.1790396805968097,-0.0055064932932488795,22000,9968.772979815913
0.07823302695080049,0.14797609051604918,0.009828457962073775,15000,8781.38100521925
0.03096723983469186,0.1412125825463528,-0.003216574454237612,10000,12625.18983357999
0.3965352901233879,0.15423482152485413,-0.0020706735651136467,25000,8094.365808845958
0.2764675808695338,0.16459951659450955,-0.01622213079412336,6000,9815.38693042659
0.3965352901233879,0.1532901078928116,-0.014745358543276521,10000,8371.635549928305
0.3965352901233879,0.15211078873850117,-0.025932547781276648,23000,8867.27474861856
0.1589499598856141,0.18020249105087813,-0.0014472074570920249,20000,8980.724685620986
0.4722332058040905,0.16220390922933045,-0.0021098427424799757,10000,8054.929374637141
0.030709161363584057,0.15256890752775976,-0.004669944138480715,12000,5852.089204350804
0.16426813223584644,0.17066676985091697,-0.00830731935579851,25000,11700.301792294806
0.4722332058040905,0.15523507081123308,-0.009793900601735931,28000,9308.86605146799
0.2764675808695338,0.1672068219944798,0.010411246138176254,8000,8094.365808845958
0.06045829535513537,0.16627235162205173,-0.00633863425407389,15000,3982.1550627694223
0.1589499598856141,0.16522704225252857,0.007172576949005468,15000,13439.594459895283
0.030709161363584057,0.14719201553306227,-0.00801148604586422,10000,6029.591590125569
0.07823302695080049,0.16779711226118088,-0.01627680397781764,28000,7818.674849699402
0.3198999136092226,0.14463387676735587,-0.008011619935582479,12000,5961.998200255187
0.07823302695080049,0.14896362169737704,-0.003426633085738201,10000,12625.18983357999
0.3198999136092226,0.1752435559448385,-0.007434833315091261,8000,8867.27474861856
0.07498632668291193,0.15652070419732436,-0.010720222875304565,4000,8054.929374637141
0.03096723983469186,0.1347973055208026,-0.005743650118316674,25000,2149.416136534133
0.03096723983469186,0.1624983359284207,-0.004007874370012028,8000,2149.416136534133
0.03096723983469186,0.14939670557488943,-0.007620297778979477,5000,14929.56671203167
0.07498632668291193,0.1523097068288413,-0.022509766933281584,5000,15674.647469510692
0.30466658438973576,0.15292251433836548,-0.004273237124300838,15000,8044.38748849249
0.030709161363584057,0.1637721159855891,-0.012647231212330422,10000,12472.89232435155
0.3965352901233879,0.13960218398259444,0.00023311649785363382,25000,10124.162225871132
0.30466658438973576,0.18420291080736656,-0.017545940810396937,15000,15182.209441928107
0.30466658438973576,0.18023548766790587,-0.015261038103746745,10000,10588.791757848958
0.3965352901233879,0.17067461462538178,-0.0016414869611064886,25000,1388.161926428812
0.07823302695080049,0.15638775650370476,0.003321282253935698,7000,14552.421047816675
0.2764675808695338,0.15712403012573165,-0.0028603921704990665,10000,14088.177761028734
0.1896930846842057,0.14813213052729154,-0.009284040275149624,5000,10588.791757848958
0.1896930846842057,0.1476141826401249,-0.01248188622806489,3000,2149.416136534133
0.030709161363584057,0.1831348393177348,-0.012260050458698902,4000,10868.15254697223
0.30466658438973576,0.1727348375265314,-0.021707498262910394,15000,6490.025297937499
0.030709161363584057,0.1529914212015458,-0.0043603685112696515,22000,2149.416136534133
0.1896930846842057,0.16537473350781842,-0.0027083595030114515,5000,3721.496251044161
0.030709161363584057,0.15562694993638207,-0.011333731776000939,25000,2641.9358544440147
0.16426813223584644,0.1703787945057319,-0.01091472229505648,15000,9568.06133278347
0.1589499598856141,0.16010250853992034,-0.002964279784150861,5000,13439.594459895283
0.07823302695080049,0.1713071643053929,-0.010604732641876058,25000,10868.15254697223
0.16426813223584644,0.15605249765320078,-0.008827235586274832,28000,6490.025297937499
0.16426813223584644,0.14143451465358353,-0.018690530895072645,39000,12472.89232435155
0.16426813223584644,0.15560941944059586,-0.022969572888836724,8000,15182.209441928107
0.4722332058040905,0.17408564559672512,-0.012155213580748541,12000,9921.736099442112
0.3965352901233879,0.17481190424667203,-0.006949091049648571,15000,4635.668443078176
0.1589499598856141,0.1632810104967603,-0.018103541857308912,10000,5756.56884800299
0.3965352901233879,0.1382440279295375,-0.006837625555697316,3000,3721.496251044161
0.06045829535513537,0.15845975143377328,-0.013397720388635364,6000,9968.772979815913
0.030709161363584057,0.15344585706766853,0.002738777384813747,8000,8044.38748849249
0.07498632668291193,0.1686742837261529,-0.00876705099243537,3000,14552.421047816675
0.06045829535513537,0.14389307036597798,-0.004665314428601259,8000,2149.416136534133
0.03096723983469186,0.18032487433619318,0.006753165408426118,6000,9208.354043041478
0.30466658438973576,0.14741771189270395,0.002655530405996399,28000,7818.674849699402
0.0567270438764676,0.15575487730987764,-0.004364911569545235,4000,8054.929374637141
0.3198999136092226,0.16356511786853958,-0.007207279253217257,12000,9357.594394504782
0.0567270438764676,0.1662091650311687,-0.009528414594263996,5000,8044.38748849249
0.16426813223584644,0.13442564276472319,-0.013086746907883104,15000,8781.38100521925
0.03096723983469186,0.16289851458894103,-0.005837626847306734,6000,14552.421047816675
0.06045829535513537,0.14226382156577852,-0.026246257605165513,12000,8266.360338630808
0.2764675808695338,0.17514165430899778,-0.008872154379011298,8000,8781.38100521925
0.06045829535513537,0.1628928326620908,-0.011263310766470991,10000,13345.696517931832
0.030709161363584057,0.15414076124128306,-0.01132933903590117,12000,3721.496251044161
0.2764675808695338,0.16968572617102276,-0.006451679545508358,12000,9208.354043041478
0.0567270438764676,0.15923151436794758,-0.02573411564147619,15000,5961.998200255187
0.4722332058040905,0.17169570686464541,-0.008705310032817019,15000,1944.8338863255753
0.030709161363584057,0.1794152172665467,-0.002364024535818701,20000,3721.496251044161
0.3965352901233879,0.14453429080996472,-0.00599217250459125,39000,9308.86605146799
0.1896930846842057,0.14939240632736178,0.00633757977334262,5000,10124.162225871132
0.2764675808695338,0.1713977937810233,-0.01329199110714232,8000,9968.772979815913
0.07823302695080049,0.1764783840641974,-0.009651378888949099,20000,8054.929374637141
0.06045829535513537,0.1727379993001766,-0.005536145058167935,20000,9921.736099442112
0.16426813223584644,0.1739257988906581,-0.008422540863699408,15000,14929.56671203167
0.07823302695080049,0.15741221443436512,-0.015692778130287372,25000,8054.929374637141
0.0567270438764676,0.16825673973889146,-0.011828397303749015,25000,5961.998200255187
0.07498632668291193,0.14859599344989669,-0.006709921818902588,10000,2149.416136534133
0.3198999136092226,0.15804951399469117,0.0010131353237673984,28000,4635.668443078176
0.06045829535513537,0.1522746715282318,-0.011882070409916835,25000,1932.7685273621282
0.03096723983469186,0.1579225952781608,-0.015074316653513714,20000,8371.635549928305
0.16426813223584644,0.1718422530478138,-0.003333520597688471,22000,5852.089204350804
0.1589499598856141,0.1346803638165076,-0.0036350241211606936,39000,8781.38100521925
0.3965352901233879,0.16591698902786386,-0.009946628001490519,7000,2955.6355296040556
0.07498632668291193,0.1368890582123966,0.008422142617213689,28000,6490.025297937499
0.30466658438973576,0.15147985436282052,-0.005810146173182468,25000,6111.439449623881
0.30466658438973576,0.1838485514580343,0.005448171189540794,3000,11428.776259500675
0.3198999136092226,0.13719329172413847,-0.005812060603423328,3000,12549.767112704283
0.03096723983469186,0.15486680212855375,-0.013679398127570807,10000,1388.161926428812
0.4722332058040905,0.1610959030231733,-0.015328854697143535,6000,6029.591590125569
0.16426813223584644,0.1525311625284592,-0.008670325922106755,25000,8781.38100521925
0.4722332058040905,0.16006244739612233,-0.0036151418922941822,10000,5756.56884800299
0.1896930846842057,0.16973315343658205,-0.014489249638432032,10000,13345.696517931832
0.2764675808695338,0.16498905802461272,-0.0009457337824083737,5000,9357.594394504782
0.3198999136092226,0.13728689609105946,-0.0010312820909846375,3000,13345.696517931832
0.07823302695080049,0.15895808661791438,0.008014160975123358,5000,8044.38748849249
0.1896930846842057,0.17026316027938684,-0.00725367965409329,8000,8054.929374637141
0.3198999136092226,0.18465092804681207,-0.012973679443983619,20000,10124.162225871132
0.3965352901233879,0.13683767622891815,-0.005442846178458007,15000,12308.705340727283
0.07823302695080049,0.14781506156361532,-0.012013354660039128,15000,2641.9358544440147
0.1896930846842057,0.17704091056945875,-0.002423442796532045,15000,5852.089204350804
0.0567270438764676,0.14076324969779422,-0.016491802675432078,5000,4635.668443078176
0.3965352901233879,0.16110486081647285,0.00456562014434308,12000,3180.534231222965
0.3198999136092226,0.15713546370941475,-0.0050868842696699616,25000,8094.365808845958
0.2764675808695338,0.17205285033610823,-0.017950239751269217,10000,5961.998200255187
0.030709161363584057,0.15188542805988886,0.0032873623116551464,15000,4635.668443078176
0.4722332058040905,0.16423619018780306,0.006972915157187746,12000,10868.15254697223
0.06045829535513537,0.17468622734863012,-0.010008221302946674,8000,11700.301792294806
0.06045829535513537,0.14854515297148815,-0.005805855868528478,15000,9568.06133278347
0.1896930846842057,0.15002803604139403,-0.007189239339663756,4000,8044.38748849249
0.03096723983469186,0.15530726719154178,-0.005683694609327202,10000,1944.8338863255753
0.07498632668291193,0.18227897029789739,-0.013061067528365024,8000,16949.69186366355
0.2764675808695338,0.15599756886456276,-0.013890612708404153,5000,11700.301792294806
0.07498632668291193,0.1758066130272217,0.0009266636398790662,8000,9367.701460379212
0.07498632668291193,0.16214672169474234,0.007208217187118206,10000,3721.496251044161
0.2764675808695338,0.17393430950898903,0.003048986612939521,15000,12990.003729794424
0.07498632668291193,0.17034447486734033,0.0012370369349721288,25000,18495.762853876247
0.030709161363584057,0.15099849554436734,0.0042663527280023756,3000,2955.6355296040556
0.07823302695080049,0.15666328095917403,0.0007352069357085562,15000,6379.779727401703
0.07823302695080049,0.17501969834365952,-0.015700533559330532,4000,14929.56671203167
0.1896930846842057,0.15521785773303345,-0.014166578684401875,39000,8371.635549928305
0.06045829535513537,0.15360953017403065,-0.009783854314294547,28000,12308.705340727283
0.07498632668291193,0.17942306853067097,-0.0046993770117669765,12000,4635.668443078176
0.0567270438764676,0.1686082152743525,-0.01717037574840706,12000,16949.69186366355
0.3198999136092226,0.139271954254069,-0.014082332657334834,12000,6029.591590125569
0.06045829535513537,0.16118463559693982,-0.0031157936829787577,15000,8781.38100521925
0.3965352901233879,0.1667204195318231,-0.007968969545860531,10000,13345.696517931832
0.3198999136092226,0.14435209628738382,-0.0014827770634917425,5000,10868.15254697223
0.16426813223584644,0.14420720112051974,-0.01734970835319419,39000,12308.705340727283
0.2764675808695338,0.14877926503734507,-0.016059228755078855,10000,11428.776259500675
0.07823302695080049,0.16963476749109543,-0.011536893384327238,10000,1388.161926428812
0.07823302695080049,0.1525687978522592,-0.008028623401948579,4000,9208.354043041478
0.07498632668291193,0.1634734716982618,-0.013170495594307493,25000,9208.354043041478
0.2764675808695338,0.14812349268351288,-0.005787839994779911,12000,5961.998200255187
0.4722332058040905,0.1701471318325924,-0.01265613403384441,25000,8054.929374637141
0.1896930846842057,0.14619294164738578,-0.0081380345735152,39000,8266.360338630808
0.07823302695080049,0.1627157037887303,0.0033506030422786382,7000,9568.06133278347
0.4722332058040905,0.14038752980549316,-0.0087450143605929,10000,12308.705340727283
0.2764675808695338,0.1696504049941861,0.0010800403519668955,3000,7903.372032495086
0.06045829535513537,0.17701811200232048,-0.011425259092364595,15000,12625.18983357999
0.3965352901233879,0.16737103406674264,-0.013935109900922794,8000,9367.701460379212
0.06045829535513537,0.1708585799947004,-0.005161777663405866,8000,9308.86605146799
0.1896930846842057,0.16745198863614677,0.009464817340772704,10000,15674.647469510692
0.30466658438973576,0.1562708548029966,-0.012596459764764052,10000,13345.696517931832
0.030709161363584057,0.15893530571972175,0.006329110105322308,8000,6490.025297937499
0.07498632668291193,0.145140114304182,-0.003301165710707027,23000,12625.18983357999
0.3965352901233879,0.17337482584472766,-0.01721055500432684,22000,15674.647469510692
0.3965352901233879,0.158670719022432,-0.011226911009469947,6000,9921.736099442112
0.1896930846842057,0.1442651289880793,-0.02277244975415166,20000,2149.416136534133
0.030709161363584057,0.1508606255694958,-0.001973410813935928,8000,8044.38748849249
0.03096723983469186,0.15935830973802528,-0.01424384415177076,22000,8371.635549928305
0.0567270438764676,0.17777575115618016,-0.01059366208031212,10000,8371.635549928305
0.3198999136092226,0.13963617472847423,0.000883078957861432,4000,7818.674849699402
0.1589499598856141,0.17859517352682006,-0.012122115484990575,10000,9362.142291789198
0.1589499598856141,0.17135642527367959,-0.0077998002768512945,25000,8371.635549928305
0.03096723983469186,0.1656375949193586,0.009340592618067346,8000,8094.365808845958
0.3965352901233879,0.15927445131816256,-0.004394953011874507,10000,2149.416136534133
0.16426813223584644,0.14222724965476094,-0.021372494986346177,25000,8094.365808845958
0.1589499598856141,0.15490469051741387,-0.012181598304515751,25000,1944.8338863255753
0.06045829535513537,0.154879183868102,-0.0017714353487990784,20000,9357.594394504782
0.07498632668291193,0.16279230107283155,-0.010969805290261576,12000,2149.416136534133
0.1896930846842057,0.15660982108236526,-0.00940438159074944,8000,9308.86605146799
0.1589499598856141,0.1593572942011183,0.0014851389994232876,6000,8980.724685620986
0.4722332058040905,0.14246235141079483,-0.003253195273539483,3000,8867.27474861856
0.07823302695080049,0.16987446574854145,-0.024410066193608013,7000,16949.69186366355
0.07498632668291193,0.1662099074930157,-0.004330437298663188,6000,3180.534231222965
0.0567270438764676,0.154787897592512,-0.0075403737681921604,10000,16949.69186366355
0.030709161363584057,0.13524222643360126,0.004557923483271259,22000,12308.705340727283
0.2764675808695338,0.1651847132258263,-0.018514664612285948,10000,8781.38100521925
0.07823302695080049,0.16742402429155942,-0.004260142855645118,15000,9568.06133278347
0.2764675808695338,0.1419957356094194,-0.0060204768011953656,4000,9568.06133278347
0.1896930846842057,0.1361428045427021,0.0066865674019421775,28000,12472.89232435155
0.030709161363584057,0.15848900691638693,-0.010900670904283932,25000,8094.365808845958
0.3198999136092226,0.14472989703422734,-0.017500221624412903,22000,8298.692961111445
0.30466658438973576,0.17973108323821893,-0.0063726825570525275,10000,8980.724685620986
0.07498632668291193,0.15547565208709652,-0.009632007428255152,39000,8054.929374637141
0.4722332058040905,0.16105430815636795,-0.009898171290764009,3000,11700.301792294806
0.07498632668291193,0.1598882657346887,-0.015163002257728276,22000,11700.301792294806
0.30466658438973576,0.1618074857707244,0.00017650560113687422,20000,14088.177761028734
0.2764675808695338,0.15125413645039235,-0.0020817866505546266,15000,3721.496251044161
0.07498632668291193,0.1684293250228963,-0.009128035594742876,23000,15674.647469510692
0.3198999136092226,0.15756278211578262,-0.010663773230180975,10000,14552.421047816675
0.3965352901233879,0.14998570848072393,-0.0242202526434439,8000,7903.372032495086
0.030709161363584057,0.13304946705939633,-0.006357485294539303,7000,6379.779727401703
0.030709161363584057,0.16716723196306657,-0.008180610703065251,8000,6029.591590125569
0.06045829535513537,0.18175248505773198,-0.005418570847779145,5000,14552.421047816675
0.2764675808695338,0.16484225250777146,-0.0014331676549322258,22000,6111.439449623881
0.030709161363584057,0.15553688364159868,-0.019710848094185968,4000,4635.668443078176
0.030709161363584057,0.17309503010717658,-0.013996210831547187,8000,5852.089204350804
0.3198999136092226,0.1448157867628617,-0.01042673569050579,6000,1932.7685273621282
0.4722332058040905,0.17150388219223847,-0.017713193733057523,12000,6029.591590125569
0.3965352901233879,0.1518175249480369,-0.008587639471740214,10000,2149.416136534133
0.07823302695080049,0.15223177633249482,-0.021603806962596412,28000,14929.56671203167
0.03096723983469186,0.16119106744580394,-0.012316725515577548,12000,6490.025297937499
0.2764675808695338,0.1592626621125143,-0.014601129713086509,23000,12625.18983357999
0.07498632668291193,0.161131475858683,-0.0040140806449312574,25000,14088.177761028734
0.07498632668291193,0.14471624712730002,-0.009973819595697327,15000,4635.668443078176
0.1589499598856141,0.14687102699744112,-0.01055571315961159,6000,9308.86605146799
0.30466658438973576,0.1649917245585122,-0.015711486448222216,20000,8094.365808845958
0.1589499598856141,0.17353765078284616,-0.0023910263272671622,10000,4635.668443078176
0.0567270438764676,0.1575054031974471,-0.019582752355858376,3000,13345.696517931832
0.07823302695080049,0.1542607778610847,-0.005176217724617517,12000,11428.776259500675
0.1589499598856141,0.15324614011027354,-0.008003413652249405,3000,14929.56671203167
0.030709161363584057,0.1472789107057001,0.00037058119983605334,10000,3721.496251044161
0.2764675808695338,0.13816413034549185,0.0024637127920120127,25000,5756.56884800299
0.0567270438764676,0.1555748393512848,-0.013211199063790771,8000,11428.776259500675
0.30466658438973576,0.1471139400408766,-0.01596594245972873,20000,9357.594394504782
0.0567270438764676,0.16839194690685025,-0.005078641411771213,25000,1944.8338863255753
0.07823302695080049,0.15184695389718084,-0.016976583674811384,10000,9367.701460379212
0.2764675808695338,0.14906844509833408,-0.001182220916521454,22000,16949.69186366355
0.030709161363584057,0.14617812219574416,-0.003400873988394375,28000,8867.27474861856
0.3198999136092226,0.15656170158911994,-0.00258854370014157,20000,9968.772979815913
0.0567270438764676,0.17719457613019646,-0.015067888050966633,3000,8980.724685620986
0.4722332058040905,0.15069054920669825,-0.014492588258012994,20000,7903.372032495086
0.030709161363584057,0.1628068126550405,-0.011229779836157599,5000,9815.38693042659
0.2764675808695338,0.15088278056791482,-0.0011429978565107289,4000,6029.591590125569
0.07498632668291193,0.14120317339072722,-0.009452943996868147,23000,9362.142291789198
0.1589499598856141,0.17155950280047372,-0.001982845617853896,10000,15182.209441928107
0.30466658438973576,0.15756332467470222,-0.012168156494084351,28000,1944.8338863255753
0.07498632668291193,0.14598949031991038,-0.00194301796192773,10000,11700.301792294806
0.30466658438973576,0.16044803411076453,-0.010051146326062006,15000,8980.724685620986
0.2764675808695338,0.15687933648996713,-9.347532329070475e-05,4000,9921.736099442112
0.4722332058040905,0.17012845954875716,-0.0058278065147961446,20000,2955.6355296040556
0.1589499598856141,0.16018710457981758,-0.016896803634015967,3000,16949.69186366355
0.30466658438973576,0.15996207492528933,-0.0022946732154173477,12000,3180.534231222965
0.030709161363584057,0.13309105464285634,-0.01754315205771531,10000,14552.421047816675
0.06045829535513537,0.1822752860822914,-0.010570754060567166,10000,14088.177761028734
0.07498632668291193,0.16334322344498384,-0.007048893482461811,6000,18495.762853876247
0.30466658438973576,0.1719359932494817,0.005731467367340729,28000,14088.177761028734
0.030709161363584057,0.15401028473702877,-0.010183595578689504,3000,13439.594459895283
0.030709161363584057,0.13868163337853542,-0.011865837239456355,15000,14088.177761028734
0.07823302695080049,0.1547824588794816,0.0024875718928394023,10000,12472.89232435155
0.07823302695080049,0.1567875065994687,-0.010320114180029717,15000,1944.8338863255753
0.2764675808695338,0.15637523738404938,0.002638695344126929,10000,12990.003729794424
0.0567270438764676,0.14646122327816963,-0.008049065468897412,3000,10124.162225871132
0.16426813223584644,0.14584984010785176,-0.008134639864802975,15000,11428.776259500675
0.030709161363584057,0.15137569028957343,-0.013427093425246821,15000,3180.534231222965
0.1589499598856141,0.1499535547815129,-0.0018546653075646375,5000,16949.69186366355
0.16426813223584644,0.15949052712098424,0.00540827607374459,23000,18495.762853876247
0.3965352901233879,0.1549997063101137,-0.006920937127376311,5000,12625.18983357999
0.03096723983469186,0.17126228890513745,-0.013407598908190311,3000,9208.354043041478
0.03096723983469186,0.16137198159780236,-0.0004266719264952646,20000,8298.692961111445
0.07498632668291193,0.1593680969280092,-0.013130476747514313,20000,1932.7685273621282
0.16426813223584644,0.1576108790241171,-0.005658503399565409,20000,9208.354043041478
0.16426813223584644,0.14593471035413938,-0.019926393422728856,25000,11428.776259500675
0.07498632668291193,0.1405611368815642,-0.008718812172322093,5000,7818.674849699402
0.03096723983469186,0.1649864266143094,0.0010672512782863785,10000,9968.772979815913
0.2764675808695338,0.1519797206358232,-0.001893692260276701,15000,3982.1550627694223
0.1589499598856141,0.15395273149156558,-0.022183167103100716,20000,3982.1550627694223
0.3965352901233879,0.1486352585253373,-0.01837943417600021,10000,2955.6355296040556
0.1896930846842057,0.15858695869128517,0.0018353286558975821,4000,9357.594394504782
0.0567270438764676,0.16421213869880935,0.0034144764814473473,25000,10124.162225871132
0.07823302695080049,0.15976886773397875,-0.017199298096597072,5000,14552.421047816675
0.1589499598856141,0.17201039129767404,-0.013759532241620801,3000,8094.365808845958
0.2764675808695338,0.14667828232062688,-0.011739672891148663,5000,5852.089204350804
0.2764675808695338,0.1651990943810434,-0.01293955126123674,10000,6490.025297937499
0.030709161363584057,0.1608808264100634,-0.013005336612325582,3000,10868.15254697223
0.4722332058040905,0.18520580221049077,-0.01637941618946269,3000,12308.705340727283
0.16426813223584644,0.14553685513756562,0.003061800953604451,15000,14088.177761028734
0.4722332058040905,0.16602653904071774,-0.013313269904780276,25000,5961.998200255187
0.3965352901233879,0.13533244854887727,-0.014400234444350787,10000,3982.1550627694223
0.030709161363584057,0.14475697138499344,0.0009065020427828559,25000,2955.6355296040556
0.07498632668291193,0.1546111699837449,-0.013134527603157057,15000,8054.929374637141
0.3965352901233879,0.13818415109129842,-0.0038120255117078733,3000,14929.56671203167
0.07823302695080049,0.15691947299056083,-0.008454389070873319,23000,7818.674849699402
0.3198999136092226,0.1495044023749492,-0.006375448181805164,20000,8781.38100521925
0.1589499598856141,0.16312891321770293,0.0010733081338764698,10000,15674.647469510692
0.03096723983469186,0.17138356533636817,-0.0011662868747965539,39000,9367.701460379212
0.3198999136092226,0.1633474805201201,-0.0017708283031485513,25000,15674.647469510692
0.16426813223584644,0.1540378201030159,-0.008219768337716303,5000,2149.416136534133
0.03096723983469186,0.1676366165823394,-0.013119791221936872,25000,11428.776259500675
0.1896930846842057,0.1705388462935487,0.0051659895636400055,8000,9568.06133278347
0.1589499598856141,0.13681971643511145,-0.010428777628039546,7000,9362.142291789198
0.1896930846842057,0.16395010411344255,0.0002081397907844863,15000,10868.15254697223
0.1589499598856141,0.15540238151575567,0.0013200522158072752,22000,13439.594459895283
0.030709161363584057,0.17352812874185006,0.0024889420788505446,39000,9362.142291789198
0.30466658438973576,0.16663955172578582,-0.015056088822833545,15000,2149.416136534133
0.30466658438973576,0.1516900748927059,-0.01630610510304906,8000,8054.929374637141
0.03096723983469186,0.15731764479176558,-0.029658155593061186,20000,3180.534231222965
0.030709161363584057,0.16747102086037025,-0.008549912969846384,5000,12549.767112704283
0.3198999136092226,0.15502173821338042,-0.007773550792438273,15000,15182.209441928107
0.3965352901233879,0.17602249079684518,-0.01263070202484958,15000,10868.15254697223
0.06045829535513537,0.16717156137702163,-0.0032007354156866515,20000,15674.647469510692
0.30466658438973576,0.15858633400385164,-0.008438041595400184,25000,6490.025297937499
0.3198999136092226,0.1676501908168409,-0.00022202232457451255,7000,10124.162225871132
0.1589499598856141,0.1762460917141238,-0.0053834684964583724,28000,15182.209441928107
0.2764675808695338,0.16986896325435,-0.00998545600256356,5000,3982.1550627694223
0.0567270438764676,0.16687629078994892,-0.015282624016829085,25000,10868.15254697223
0.1589499598856141,0.15766518080794442,0.002114947228446586,15000,9308.86605146799
0.06045829535513537,0.16894757419218298,0.006104777795085249,25000,15182.209441928107
0.1896930846842057,0.16770924402665174,-0.0015797950498240177,10000,7903.372032495086
0.2764675808695338,0.15827248170916264,-0.006192163427500151,39000,14088.177761028734
0.3965352901233879,0.14643267208867866,-0.013108560691762765,25000,6111.439449623881
0.0567270438764676,0.16645858386562368,-0.00021088571779908478,22000,10124.162225871132
0.07498632668291193,0.17524411972861886,-0.014700468634468193,15000,6490.025297937499
0.0567270438764676,0.16014400948065483,-0.0017336428742887396,10000,14552.421047816675
0.1896930846842057,0.18552016560960108,-0.018272155565794118,12000,9968.772979815913
0.1589499598856141,0.15138246967068414,-0.003584165112252401,10000,8298.692961111445
0.3198999136092226,0.15437333500352982,0.007642064241990614,5000,16949.69186366355
0.1589499598856141,0.1526097434315475,-0.001299472479781395,23000,8044.38748849249
0.16426813223584644,0.15344527361703275,-0.02392598981567445,3000,13345.696517931832
0.30466658438973576,0.16671256288572625,-0.015535989146654248,10000,16949.69186366355
0.16426813223584644,0.16185584424005256,-0.007518306811938136,12000,15674.647469510692
0.07498632668291193,0.15230397617280042,-0.006463588815294833,39000,13345.696517931832
0.0567270438764676,0.15326613821870594,0.0007029913993068445,10000,13345.696517931832
0.0567270438764676,0.1710875215655838,-0.013985762132164258,39000,4635.668443078176
0.1896930846842057,0.16513620049845362,-0.0038198475495021694,22000,9815.38693042659
0.2764675808695338,0.16090832831683446,-0.009077702954578387,4000,16949.69186366355
0.07498632668291193,0.14414528970040416,-0.011632026565177716,5000,13345.696517931832
0.16426813223584644,0.166013596593628,-0.015514584618090632,23000,8371.635549928305
0.1896930846842057,0.14706964720919222,-0.016405143892713858,8000,6490.025297937499
0.07823302695080049,0.18428822257496688,0.0007247503421212794,8000,5852.089204350804
0.030709161363584057,0.15036427352068643,-0.013999106969705936,6000,2149.416136534133
0.03096723983469186,0.1464649161996413,-0.0020650964535903825,8000,14552.421047816675
0.1896930846842057,0.1456793728863543,-0.009548395249594051,3000,13439.594459895283
0.30466658438973576,0.17895705809572637,0.0029783720858364087,25000,8266.360338630808
0.03096723983469186,0.13805010280422284,-0.021598963407441506,5000,9568.06133278347
0.3965352901233879,0.14992492543886668,-0.011698507242820216,28000,15674.647469510692
0.3965352901233879,0.1608602876738907,-0.01396394858367258,23000,14088.177761028734
0.030709161363584057,0.1625303750135566,-0.00460255011570147,3000,7818.674849699402
0.0567270438764676,0.17156180886739106,-0.005921643185664521,28000,9815.38693042659
0.030709161363584057,0.1696792153096129,-0.008416681412137746,23000,2149.416136534133
0.30466658438973576,0.15208699746760546,0.0035911820454073585,20000,12990.003729794424
0.3965352901233879,0.15948849012180194,-0.0153250340323743,25000,12472.89232435155
0.07498632668291193,0.15061369517392353,-0.022836165117416377,20000,14929.56671203167
0.03096723983469186,0.1591399328445676,-0.01270527131024142,20000,3721.496251044161
0.3965352901233879,0.15515654043523183,-0.0059605754975966966,25000,11428.776259500675
0.07498632668291193,0.17135107851759182,-0.0029391661585695303,12000,4635.668443078176
0.4722332058040905,0.15184285957812974,-0.010003368849109547,4000,16949.69186366355
0.16426813223584644,0.15220914690598128,-0.009614752890546674,23000,2149.416136534133
0.3198999136092226,0.18325143306208358,-0.0037948120294624015,15000,14552.421047816675
0.0567270438764676,0.15734020427380843,-0.009728652332381545,15000,6379.779727401703
0.3198999136092226,0.15229564121178343,-0.012977902466538412,10000,14088.177761028734
0.30466658438973576,0.18494236212898385,-0.009367345492871144,20000,9208.354043041478
0.1589499598856141,0.17084554529253781,-0.02090369735527342,39000,9968.772979815913
0.1896930846842057,0.17776835365588115,-0.007157185564254281,28000,1388.161926428812
0.07823302695080049,0.1351238533964969,0.004689748527377216,23000,3721.496251044161
0.30466658438973576,0.17515435371681487,-0.014239796720420743,3000,9357.594394504782
0.2764675808695338,0.1464861067019126,-0.012393529614272224,3000,6379.779727401703
0.03096723983469186,0.1833495471021824,-0.003786545233300409,3000,3180.534231222965
0.1896930846842057,0.14799281792766375,0.0004347433102753502,10000,6490.025297937499
0.03096723983469186,0.1550647748728728,-0.007730466288091352,8000,9568.06133278347
0.07823302695080049,0.1516662341759527,-0.007009362385994104,4000,6029.591590125569
0.3198999136092226,0.16902805930336742,-0.007349804831406161,20000,8867.27474861856
0.07823302695080049,0.16464707605249423,-0.007996310703413384,6000,10124.162225871132
0.2764675808695338,0.1698900872955792,-0.012804765645356488,39000,9357.594394504782
0.030709161363584057,0.1530304394224283,-0.016357272499735124,7000,12472.89232435155
0.06045829535513537,0.13452508093317642,0.006727006243772504,25000,7818.674849699402
0.07823302695080049,0.14836314250302896,0.0040392860776611965,12000,9815.38693042659
0.03096723983469186,0.15781295073113344,-0.013610151534075684,12000,8298.692961111445
0.3965352901233879,0.14173168783346682,-0.005952015409951156,39000,3721.496251044161
0.07498632668291193,0.1551332220736181,-0.017677740553065195,8000,8371.635549928305
0.06045829535513537,0.13709673775713158,-0.013811498062481184,12000,16949.69186366355
0.4722332058040905,0.15022932151349797,0.00023960816245284958,20000,1932.7685273621282
0.1896930846842057,0.1752991330143101,-0.026803552150990208,10000,10868.15254697223
0.030709161363584057,0.1717815814293464,-0.006710666499628646,28000,12549.767112704283
0.07823302695080049,0.15092025210890908,-0.013411161502740984,10000,8266.360338630808
0.16426813223584644,0.16551034081100352,0.005798027370367116,25000,3982.1550627694223
0.4722332058040905,0.1553712080004844,-0.0003626747071987239,6000,5852.089204350804
0.07498632668291193,0.1467540597169217,-0.0041419621441030376,8000,10124.162225871132
0.2764675808695338,0.18136066088157807,-0.01816830983826304,10000,12472.89232435155
0.0567270438764676,0.15381608356254078,-0.01046669860517793,28000,6029.591590125569
0.30466658438973576,0.1623935780866762,-0.010728285058110562,8000,11428.776259500675
0.30466658438973576,0.15793974018059448,0.010952880527745092,10000,6029.591590125569
0.1896930846842057,0.1474498197309729,-0.005998746660366453,23000,9362.142291789198
0.07823302695080049,0.15482360873059176,-0.016238862739794784,4000,9208.354043041478
0.07823302695080049,0.15535494697803925,-0.001976735357144942,25000,6029.591590125569
0.16426813223584644,0.17306021522477347,-0.025969028635250073,5000,8266.360338630808
0.1896930846842057,0.17086080624169844,-0.028010234383295776,25000,9362.142291789198
0.4722332058040905,0.142588368341098,-0.020702556620345102,25000,9921.736099442112
0.2764675808695338,0.17624556759565685,-0.005912100664645118,5000,5756.56884800299
0.16426813223584644,0.14469683828167912,-0.01231488558566325,7000,7818.674849699402
0.2764675808695338,0.15131307246684172,-0.00208882074581753,20000,9968.772979815913
0.07823302695080049,0.16210126002579223,-0.027540051742427515,25000,8094.365808845958
0.3198999136092226,0.17025662270324435,-0.008940401451904808,22000,7818.674849699402
0.2764675808695338,0.15297940559472914,-0.0065756313431496296,3000,8266.360338630808
0.0567270438764676,0.14351650807666658,-0.015339715084217982,25000,1932.7685273621282
0.16426813223584644,0.185480397126155,-0.01793380555269701,10000,12472.89232435155
0.1589499598856141,0.1488381533518396,-0.012356431611478666,8000,10124.162225871132
0.07498632668291193,0.15931456089222926,-0.005375646408726789,3000,8867.27474861856
0.07823302695080049,0.15929972658305236,0.0021513351629972154,7000,13345.696517931832
0.07823302695080049,0.16586753281730868,-0.0021577344220429875,15000,13345.696517931832
0.30466658438973576,0.15946337622561244,-0.009775488810874828,8000,5756.56884800299
0.2764675808695338,0.15268965082842315,-0.021554448982416888,12000,13439.594459895283
0.4722332058040905,0.16407572739689857,-0.01861848469474595,28000,3982.1550627694223
0.4722332058040905,0.15833905371638565,0.0006179238211044408,15000,1388.161926428812
0.030709161363584057,0.16492397763968952,0.004057709214918858,5000,8044.38748849249
0.030709161363584057,0.15417363743244225,-0.029727495367308118,25000,8266.360338630808
0.0567270438764676,0.14993723429915135,-0.004147751434356211,5000,3180.534231222965
0.07823302695080049,0.16121118075613552,-0.0002882344192970857,15000,8298.692961111445
0.07498632668291193,0.1580140163366494,-0.02111942938061961,20000,6379.779727401703
0.1589499598856141,0.15038285292057185,-0.002592058382393999,15000,1388.161926428812
0.1896930846842057,0.13390415334811082,-0.018231364202196888,10000,9968.772979815913
0.3198999136092226,0.15490619515579962,-0.00428386456394489,28000,1388.161926428812
0.4722332058040905,0.16235900379019116,-0.021673880102332146,3000,7818.674849699402
0.4722332058040905,0.1792177787835538,0.0035253638431713297,12000,12625.18983357999
0.2764675808695338,0.1593812559572728,-0.0036908879176185323,10000,8781.38100521925
0.16426813223584644,0.15555959985339787,0.0005570325932173482,10000,8867.27474861856
0.2764675808695338,0.1513618305703761,-0.016793282325727948,5000,11428.776259500675
0.3965352901233879,0.1734427638580645,-0.015026646068618116,8000,8054.929374637141
0.03096723983469186,0.1575257448071501,-0.020770483332117215,3000,10124.162225871132
0.03096723983469186,0.16507951673500934,-0.008549461662268217,15000,8867.27474861856
0.0567270438764676,0.17034613771343146,-0.007782184492644894,3000,14088.177761028734
0.4722332058040905,0.1477723305560559,-0.007370011527664591,12000,8266.360338630808
0.3198999136092226,0.14211173795027923,-0.0063054093018400596,25000,11428.776259500675
0.16426813223584644,0.16276159511750965,-0.007096204312416296,22000,9208.354043041478
0.4722332058040905,0.1642657420683389,-0.0066935953854929476,15000,5852.089204350804
0.0567270438764676,0.17230493838124525,-0.007765598491873674,15000,9208.354043041478
0.1896930846842057,0.15615772451352491,-0.010239308293479937,20000,1932.7685273621282
0.07498632668291193,0.18042783954537997,0.003730723174552466,3000,2641.9358544440147
0.07823302695080049,0.16814027401568776,-0.000495419399214685,15000,8867.27474861856
0.3198999136092226,0.15904599086998297,-0.010499145977120367,23000,12625.18983357999
0.0567270438764676,0.15447604283315808,-0.0036892889499665652,15000,8371.635549928305
0.0567270438764676,0.14895345662530043,-0.007368058868339531,25000,14088.177761028734
0.03096723983469186,0.15553383754815875,-0.003943684032238001,7000,10868.15254697223
0.4722332058040905,0.14739862629223704,-0.012275559596455841,25000,9367.701460379212
0.07498632668291193,0.161991761654202,0.0010775134021791051,6000,12472.89232435155
0.06045829535513537,0.16455385769620046,-0.026411196081776698,8000,12472.89232435155
0.30466658438973576,0.1409226696564466,0.0015885738606172303,39000,8781.38100521925
0.3198999136092226,0.15934947848348774,0.0015068447353103998,20000,8298.692961111445
0.16426813223584644,0.1577643784414079,-0.009245939199679221,25000,6379.779727401703
0.30466658438973576,0.14792922412282095,-0.029680651294627873,4000,8781.38100521925
0.16426813223584644,0.15365334714587567,-0.0034857196050348854,12000,6029.591590125569
0.3965352901233879,0.17361618441387477,0.001910558435239117,5000,14552.421047816675
0.4722332058040905,0.1668667059040019,-0.0018130169145528401,15000,9208.354043041478
0.16426813223584644,0.17229360232822888,-0.019215936858273133,5000,16949.69186366355
0.16426813223584644,0.14931881911915687,0.0005734597506456645,4000,7818.674849699402
0.16426813223584644,0.1475964804740259,-0.009348975654732385,25000,1388.161926428812
0.3198999136092226,0.1677983042417543,-0.013916217392837424,23000,9208.354043041478
0.2764675808695338,0.14844078658356033,-0.013671201421413712,20000,2149.416136534133
0.16426813223584644,0.1742357608206497,-0.01332272327245158,15000,8867.27474861856
0.3198999136092226,0.15537845394792665,0.0008843138227200138,23000,14088.177761028734
0.0567270438764676,0.1535666821210097,-0.00510768247227999,15000,9815.38693042659
0.3965352901233879,0.16019019668192855,-8.442811506786974e-05,23000,6029.591590125569
0.3198999136092226,0.17083971910558826,-0.010590119215613869,25000,9815.38693042659
0.030709161363584057,0.1461435818060206,0.0005210996351071915,25000,12308.705340727283
0.3198999136092226,0.14323777259234421,-0.005944419075185224,7000,14552.421047816675
0.06045829535513537,0.15700234214691894,-0.01802756505497112,12000,2149.416136534133
0.07498632668291193,0.16258500287520042,-0.01106156672445725,12000,3982.1550627694223
0.16426813223584644,0.16264896462126946,-0.0060512236735042885,5000,9568.06133278347
0.07823302695080049,0.1602488249907171,-0.007479160596941318,10000,3721.496251044161
0.30466658438973576,0.15747614993427528,-0.004932988146074069,5000,12308.705340727283
0.06045829535513537,0.13307255220815847,-0.012666237848715916,3000,6029.591590125569
0.03096723983469186,0.165908547134512,-0.00034517715199382405,12000,10588.791757848958
0.4722332058040905,0.17386569355560505,-0.020485696806642972,7000,14552.421047816675
0.06045829535513537,0.17116435924386134,0.003722967963186346,28000,9308.86605146799
0.030709161363584057,0.13585374271667675,0.0015356664506561508,8000,12625.18983357999
0.06045829535513537,0.16411975142431445,-0.01119396808548202,15000,10868.15254697223
0.3965352901233879,0.1348666587856122,-0.012112575348589465,5000,10124.162225871132
0.0567270438764676,0.14083105399466997,-0.007718748561876267,3000,3982.1550627694223
0.30466658438973576,0.1606205901889171,-0.011171032376962915,10000,9362.142291789198
0.03096723983469186,0.14038723465780992,-0.002413534988287475,4000,9308.86605146799
0.0567270438764676,0.16035942291420482,-0.022342428240097415,10000,8371.635549928305
0.30466658438973576,0.13629110997524993,-0.011362934234263624,28000,8781.38100521925
0.03096723983469186,0.15478859257087013,-0.0036724552753941743,15000,15182.209441928107
0.2764675808695338,0.1375993907357207,-0.00648131269198181,5000,7903.372032495086
0.03096723983469186,0.13653753798730092,-0.006516918449637573,5000,12472.89232435155
0.3198999136092226,0.1629141138895996,-0.015237329857469041,23000,18495.762853876247
0.3198999136092226,0.15050315239182566,-0.007397100250520339,20000,10124.162225871132
0.4722332058040905,0.15745946841054387,-0.012972887530012382,5000,1932.7685273621282
0.06045829535513537,0.1521740621116161,-0.007783790860735695,25000,4635.668443078176
0.2764675808695338,0.14712420239976015,-0.008701448135274646,25000,3180.534231222965
0.3965352901233879,0.16715111901173357,-0.012075279992985683,8000,7818.674849699402
0.07823302695080049,0.14915980683790744,-0.002305195505016781,15000,3180.534231222965
0.06045829535513537,0.18088006226216952,-0.006498525452671678,7000,7903.372032495086
0.06045829535513537,0.14199827333666526,-0.013187125190361554,7000,2955.6355296040556
0.07823302695080049,0.1801504060049801,0.0021785428020332036,25000,2955.6355296040556
0.030709161363584057,0.1406473449955649,0.0009216245099155567,8000,11700.301792294806
0.3198999136092226,0.17516437316766945,-0.015395112257652352,25000,8094.365808845958
0.07498632668291193,0.16715690443251158,-0.021195886182700664,25000,12625.18983357999
0.4722332058040905,0.15829454286894568,-0.010523387251630807,15000,8781.38100521925
0.07823302695080049,0.15872951238803132,-0.012202453237880374,25000,12308.705340727283
0.07498632668291193,0.16358575088583527,-0.0021040019888695334,10000,15182.209441928107
0.2764675808695338,0.14364879413981116,-0.00864013512586418,15000,13439.594459895283
0.030709161363584057,0.16266459021979557,0.003541768280614399,4000,6111.439449623881
0.07498632668291193,0.15968143368011195,-0.010814284106980295,3000,18495.762853876247
0.07823302695080049,0.17468397034615765,-0.01309801385416598,25000,8054.929374637141
0.4722332058040905,0.1667505853455753,-0.015444240870857806,15000,15674.647469510692
0.0567270438764676,0.16727981167000636,-0.005542135364482397,3000,5961.998200255187
0.0567270438764676,0.15918640487107866,-0.006189551779253879,6000,9308.86605146799
0.4722332058040905,0.15829413387101002,-0.008175867041687853,22000,6490.025297937499
0.06045829535513537,0.14446919455833956,-0.01651203073464476,4000,6111.439449623881
0.30466658438973576,0.1641820056457178,-0.02244055997311098,23000,3180.534231222965
0.30466658438973576,0.16812896789750637,-0.010138869816610049,12000,1944.8338863255753
0.0567270438764676,0.18002281476656054,-0.0005300334941038424,4000,15182.209441928107
0.030709161363584057,0.14633733339246355,-0.0072741583380117845,39000,12549.767112704283
0.0567270438764676,0.1797948029654953,-0.0016413317917610996,10000,8266.360338630808
0.1896930846842057,0.15994268086923777,-0.022773600828650948,3000,11428.776259500675
0.30466658438973576,0.16179331807046402,-0.011684926686842005,5000,5961.998200255187
0.03096723983469186,0.15761926316682495,0.000666170582703649,25000,4635.668443078176
0.1896930846842057,0.18179241376612987,-0.002167895058539228,10000,1932.7685273621282
0.030709161363584057,0.17184671489226971,-0.010332703892579308,7000,9208.354043041478
0.03096723983469186,0.13297833300360645,-0.012686205760699008,20000,8371.635549928305
0.07498632668291193,0.15697303355091036,-0.011335833085335022,4000,12549.767112704283
0.0567270438764676,0.13939913408954985,-0.003548643408814066,3000,8266.360338630808
0.0567270438764676,0.1553802136386552,-0.008260860827715866,10000,14929.56671203167
0.30466658438973576,0.15088534048585467,-0.012458345502966348,5000,1388.161926428812
0.06045829535513537,0.17090460592849732,-0.015164964576118795,7000,12549.767112704283
0.03096723983469186,0.16625017336572073,0.01254928950305231,28000,3180.534231222965
0.0567270438764676,0.14408628104170937,-0.00371476890607965,10000,8980.724685620986
0.30466658438973576,0.170920432557462,0.0017127051353272638,5000,15182.209441928107
0.2764675808695338,0.1589070758361476,-0.018588100408356793,3000,10588.791757848958
0.030709161363584057,0.1701097473191222,-0.00961567012314455,15000,2149.416136534133
0.030709161363584057,0.16160257729964403,0.0007254299549063074,28000,13439.594459895283
0.3965352901233879,0.159948679090463,-0.007276617640564333,39000,6379.779727401703
0.16426813223584644,0.14544182274298076,-0.007311733448986956,3000,8980.724685620986
0.2764675808695338,0.1472491651945089,-0.02006289590067963,5000,8044.38748849249
0.3198999136092226,0.15446352737762348,-0.015373713273445099,20000,3180.534231222965
0.07823302695080049,0.14729335521941092,-0.007760136939115493,10000,9968.772979815913
0.0567270438764676,0.16202764352315505,-0.003973106348288691,15000,12625.18983357999
0.0567270438764676,0.13788110260788064,-0.00467231383503282,25000,9308.86605146799
0.4722332058040905,0.16000691206133086,-0.008324558216090327,10000,14088.177761028734
0.3198999136092226,0.14448765118005436,-0.000364836722345999,7000,18495.762853876247
0.07498632668291193,0.15738902844485533,-0.0037566976384243904,5000,10868.15254697223
0.3198999136092226,0.15464833541712583,-0.018401852619328675,6000,16949.69186366355
0.030709161363584057,0.16130737114225993,4.235920673300187e-05,20000,9362.142291789198
0.1896930846842057,0.14441474800032802,0.002519945513752218,4000,7903.372032495086
0.0567270438764676,0.15411326528290495,0.007465862693716877,8000,13439.594459895283
0.03096723983469186,0.1503744917850135,-0.02590092006027443,20000,8044.38748849249
0.06045829535513537,0.1530974693820384,-0.006764165505787748,20000,14088.177761028734
0.03096723983469186,0.16101505681254547,-0.017870184906219125,28000,6490.025297937499
0.07498632668291193,0.15545502370654676,-0.017973274254405813,6000,9968.772979815913
0.07498632668291193,0.13468360014648714,-0.018806288489470715,15000,9357.594394504782
0.3965352901233879,0.1813299713675349,-0.01325330487434466,7000,1932.7685273621282
0.2764675808695338,0.15625660408916917,-0.0026140231341777657,12000,8044.38748849249
0.16426813223584644,0.16685555703851196,-0.005503387185656984,23000,14929.56671203167
0.03096723983469186,0.142182401279346,-0.0018051951550601317,6000,14088.177761028734
0.1589499598856141,0.154345689545547,-0.0072281509218499575,8000,15182.209441928107
0.2764675808695338,0.1556838845988384,-0.013445044949017862,10000,12308.705340727283
0.4722332058040905,0.16144437181583265,-0.005330087707379196,15000,9921.736099442112
0.1896930846842057,0.16437592829076947,-0.00467433049718104,25000,12990.003729794424
0.07823302695080049,0.16516981405775324,-0.02805624258181152,5000,1944.8338863255753
0.2764675808695338,0.16098362465509855,-0.0013692256484809785,10000,9921.736099442112
0.030709161363584057,0.15143291077920407,-0.0067358658445661485,7000,8266.360338630808
0.16426813223584644,0.17509088365765713,-0.023825316032113738,25000,2641.9358544440147
0.1896930846842057,0.1631618136821426,-0.020048955555984183,28000,9208.354043041478
0.1896930846842057,0.17796944526008496,-0.015904248094500764,3000,5852.089204350804
0.3198999136092226,0.1612554634788956,-0.009809337172093901,5000,9367.701460379212
0.30466658438973576,0.1518761226269699,-0.010441874084462247,12000,13439.594459895283
0.3198999136092226,0.14469282097884612,0.011842068143475052,25000,7818.674849699402
0.07823302695080049,0.1522751459186387,-0.009347274060831185,8000,2149.416136534133
0.03096723983469186,0.1528528714397834,0.00025899977424118906,20000,15182.209441928107
0.07823302695080049,0.13700775036330137,-0.006351735329207588,12000,9308.86605146799
0.07823302695080049,0.1512279701204387,-0.021836804485153054,3000,11700.301792294806
0.16426813223584644,0.156557074729078,-0.015171729310104201,10000,9357.594394504782
0.07823302695080049,0.16119395560969696,-0.007382311212780082,39000,9568.06133278347
0.07498632668291193,0.1753191863497824,-0.012012872976176564,10000,10588.791757848958
0.06045829535513537,0.1696392409808954,-0.0004904767198884627,39000,8298.692961111445
0.030709161363584057,0.16576811930390242,-0.00827100887421174,28000,6111.439449623881
0.0567270438764676,0.15307054689533037,-0.0037597407419989004,12000,1388.161926428812
0.16426813223584644,0.13867786835548016,-0.011056150763810188,5000,13439.594459895283
0.3198999136092226,0.16065057331796553,-0.01675718901841059,15000,9815.38693042659
0.07823302695080049,0.17196150447878653,-0.010446701618364555,8000,3721.496251044161
0.2764675808695338,0.14917383615825577,-0.010048975511205932,22000,12472.89232435155
0.03096723983469186,0.16574533660150687,-0.01433419108258152,8000,13345.696517931832
0.030709161363584057,0.16207226010565648,-0.01201979551834301,5000,9208.354043041478
0.03096723983469186,0.1466955287252759,-0.025455349974821406,10000,8094.365808845958
0.030709161363584057,0.16457390135795166,-0.0018317643216375367,10000,8298.692961111445
0.1589499598856141,0.1650710327886457,-0.005715853658796528,39000,6029.591590125569
0.1589499598856141,0.14307229661405194,-0.019373163868886403,3000,9968.772979815913
0.3198999136092226,0.1606580182781885,-0.01954649597324094,7000,9308.86605146799
0.1589499598856141,0.1820523921479824,0.0026605992072827453,5000,2149.416136534133
0.30466658438973576,0.16437566002835538,0.002205527077169283,3000,5961.998200255187
0.030709161363584057,0.15095124298126866,-0.012855844727491697,15000,4635.668443078176
0.4722332058040905,0.15474729774773605,-0.016334707907864857,23000,14929.56671203167
0.06045829535513537,0.17163064468270361,0.0022965768968924863,5000,7818.674849699402
0.030709161363584057,0.14691959327117815,-0.0177406415191029,25000,8867.27474861856
0.30466658438973576,0.16178983531417768,-0.011801560375826347,7000,9921.736099442112
0.07498632668291193,0.16923591045297035,0.005964222538028947,10000,6490.025297937499
0.030709161363584057,0.14143984903909712,0.0028149578989140377,3000,7818.674849699402
0.0567270438764676,0.16760529189662943,-0.012285856217597193,25000,9815.38693042659
0.1589499598856141,0.1733890395436028,-0.008206651550818215,3000,9362.142291789198
0.3965352901233879,0.1470896929253633,-0.009243706291011893,5000,8298.692961111445
0.07823302695080049,0.17257067942452656,-0.011833857915802945,3000,7818.674849699402
0.0567270438764676,0.14951380968083003,-0.01526492641954105,25000,13439.594459895283
0.07823302695080049,0.15018832147400096,0.001482541001131096,4000,1932.7685273621282
0.03096723983469186,0.14958001046372374,-0.006496307116466535,5000,10588.791757848958
0.030709161363584057,0.1648231564820031,-0.01668494223678479,15000,6029.591590125569
0.1589499598856141,0.18520184531639167,-0.0012159261529246712,4000,9208.354043041478
0.0567270438764676,0.15088653263800555,-0.0012902542665934923,25000,13439.594459895283
0.07823302695080049,0.1366714803084752,-0.0020955912833039983,22000,16949.69186366355
0.1589499598856141,0.15172317921106368,-0.005675846450265895,8000,8054.929374637141
0.06045829535513537,0.14784889594562894,-0.011069008608095,15000,6029.591590125569
0.06045829535513537,0.15827693433878828,-0.022221763252629045,28000,1932.7685273621282
0.07498632668291193,0.1543582133781756,0.005471512767005224,8000,9568.06133278347
0.1896930846842057,0.1647131868896254,-0.01336764074145877,10000,12625.18983357999
0.0567270438764676,0.148788126232007,-0.00031640321466229465,4000,12990.003729794424
0.2764675808695338,0.16109470059553396,-0.007680597641635586,20000,5961.998200255187
0.06045829535513537,0.16749887455483337,-0.0011490369657299931,28000,5756.56884800299
0.030709161363584057,0.15711998477210354,-0.011115494661254052,3000,9968.772979815913
0.03096723983469186,0.14871177139119485,-0.0076986994227561814,5000,14929.56671203167
0.1589499598856141,0.15658298001499266,-0.00839701522625798,4000,13345.696517931832
0.30466658438973576,0.16343851775302093,-0.002127730404436787,15000,16949.69186366355
0.06045829535513537,0.1789293239708383,-0.02098086211247733,8000,12549.767112704283
0.1896930846842057,0.1716168785740818,-0.01029669246142084,25000,4635.668443078176
0.1896930846842057,0.16630063610034732,-0.008210183095286396,10000,18495.762853876247
0.07823302695080049,0.13548687819872568,-0.02315804696386852,25000,11700.301792294806
0.06045829535513537,0.15564507936522978,0.00659076763040383,4000,2149.416136534133
0.07498632668291193,0.15480581574905003,-0.008502250473827005,12000,12308.705340727283
0.1896930846842057,0.18238162176151476,-0.011494437426249973,25000,5961.998200255187
0.06045829535513537,0.1615065360971451,-0.026101487088900293,20000,3982.1550627694223
0.1589499598856141,0.15351469543120103,-0.012198274353697082,10000,8044.38748849249
0.030709161363584057,0.16288215113397597,-0.014233482780799023,20000,8266.360338630808
0.030709161363584057,0.1684654442381627,-0.003392486552201107,7000,6379.779727401703
0.0567270438764676,0.1650420993531211,-0.007050656251350954,3000,14088.177761028734
0.3965352901233879,0.1553663507250635,-0.0003959169805368597,5000,9568.06133278347
0.3198999136092226,0.15206178538746182,-0.020294872268203316,39000,9362.142291789198
0.2764675808695338,0.1604364992771489,-0.023937958450679746,15000,3982.1550627694223
0.030709161363584057,0.15082902976075024,-0.00911464889041822,10000,15674.647469510692
0.03096723983469186,0.1749799101483606,-0.01966294179363909,5000,4635.668443078176
0.06045829535513537,0.17089572613169843,-0.017693828375240698,8000,8371.635549928305
0.0567270438764676,0.1476019982391526,-0.014140461859750753,8000,13345.696517931832
0.30466658438973576,0.1654453885949148,-0.007629245581568917,28000,6029.591590125569
0.030709161363584057,0.1689087954113984,-0.014819434462974602,4000,6490.025297937499
0.3198999136092226,0.1699205638191752,-0.021041321636339132,12000,8094.365808845958
0.30466658438973576,0.16457429853259906,-0.0011055482599447496,10000,12308.705340727283
0.4722332058040905,0.14587853308696605,-0.018183940463954742,20000,8781.38100521925
0.1896930846842057,0.15236562940130854,-0.01330043151330863,23000,3721.496251044161
0.06045829535513537,0.1740011026864601,-0.012018989142608913,23000,8371.635549928305
0.07498632668291193,0.16793381052188738,-0.0008725531022291715,28000,12990.003729794424
0.03096723983469186,0.1335447750357757,-0.01197272456839311,6000,5852.089204350804
0.06045829535513537,0.1662606179390023,-0.010072036499147724,10000,10868.15254697223
0.16426813223584644,0.14146561927263335,-0.01322616004916197,20000,8781.38100521925
0.030709161363584057,0.16258079547198076,-0.01212053586127875,20000,8781.38100521925
0.0567270438764676,0.1607354579037528,0.0008934939081345178,20000,8266.360338630808
0.07823302695080049,0.1472602206518741,0.0037720935716653503,3000,11700.301792294806
0.1589499598856141,0.1404837670956543,-0.010859544830354844,10000,8867.27474861856
0.1589499598856141,0.1702405816249087,-0.019135828836383893,8000,9367.701460379212
0.0567270438764676,0.14918603720782977,-0.006099318081872272,25000,13439.594459895283
0.0567270438764676,0.14661910919248536,-0.004891363549996117,3000,12625.18983357999
0.0567270438764676,0.14935185579304008,-0.001456424937578119,15000,8298.692961111445
0.16426813223584644,0.16431934716180718,0.005656317468486441,10000,10588.791757848958
0.2764675808695338,0.17120491373408267,-0.017447287134880262,8000,15674.647469510692
0.4722332058040905,0.17018339046754172,-0.006888649577292835,3000,6379.779727401703
0.3965352901233879,0.1552686415002835,-0.008606244121752149,6000,3721.496251044161
0.3965352901233879,0.14548333540670463,-0.0024387842671946634,8000,8054.929374637141
0.16426813223584644,0.1791054664322782,-0.009771257141192069,23000,9968.772979815913
0.03096723983469186,0.14872659271695438,-0.01911066879712644,39000,8094.365808845958
0.1896930846842057,0.1777106568672322,-0.017902940655839552,25000,8867.27474861856
0.30466658438973576,0.15701399042962957,-0.011785037817842113,7000,2149.416136534133
0.30466658438973576,0.1794401505681701,-0.004870725277233063,23000,15674.647469510692
0.2764675808695338,0.16410127164757024,0.001160967802257661,25000,1944.8338863255753
0.07498632668291193,0.1593856500613248,-0.016909660166650322,3000,9362.142291789198
0.0567270438764676,0.1488624463447509,-0.009949651294741029,20000,3721.496251044161
0.03096723983469186,0.15367483673489374,-0.012193132277608057,4000,6111.439449623881
0.0567270438764676,0.1522033580126399,-0.00013751740728313425,15000,9568.06133278347
0.2764675808695338,0.15697754105025638,-0.015795680091401094,39000,2149.416136534133
0.3965352901233879,0.13510236417814497,-0.0090074481888499,20000,6379.779727401703
0.06045829535513537,0.1624935089667088,-0.011857801181666707,10000,7818.674849699402
0.3965352901233879,0.16886671340634607,-0.006699317075086474,20000,6379.779727401703
0.06045829535513537,0.15999134245596436,-0.005369477964524531,28000,2641.9358544440147
0.1589499598856141,0.15033372062858705,-0.009115107224407793,39000,8054.929374637141
0.0567270438764676,0.1600015869657962,-0.02653705564683567,10000,1944.8338863255753
0.16426813223584644,0.1537928296538469,-0.006979405126584562,4000,12625.18983357999
0.03096723983469186,0.13374245682449878,-0.00949890075690348,23000,13345.696517931832
0.30466658438973576,0.14677819722420302,-0.009498393944198985,10000,9357.594394504782
0.4722332058040905,0.14430022328186046,-0.022361346213535863,25000,8980.724685620986
0.2764675808695338,0.14583229931723785,-0.012797101382602618,10000,13345.696517931832
0.030709161363584057,0.13709329015746666,-0.00751476508623822,39000,18495.762853876247
0.2764675808695338,0.16266395342864717,0.0009646264138225092,22000,8054.929374637141
0.07498632668291193,0.14316786353267041,-0.0025923899299484373,12000,6379.779727401703
0.4722332058040905,0.1595729223675856,-6.667980191532927e-05,28000,2149.416136534133
0.07498632668291193,0.1553237203474628,-0.0015069675714727672,10000,8094.365808845958
0.2764675808695338,0.16327477495809986,-0.029150132754059407,25000,11700.301792294806
0.1589499598856141,0.14605186361651223,-0.011580445415834747,15000,11428.776259500675
0.4722332058040905,0.16383858240074473,-0.009048745878577265,25000,12472.89232435155
0.07823302695080049,0.16653447168480767,-0.009359446488127601,15000,9815.38693042659
0.3965352901233879,0.15868886812963948,-0.018343469791620208,39000,12625.18983357999
0.07823302695080049,0.17139592046739255,-0.020883207674683858,20000,8781.38100521925
0.2764675808695338,0.16209780206853425,-0.006544515559339667,12000,10588.791757848958
0.4722332058040905,0.14487812395066754,-0.016458312677815928,20000,8980.724685620986
0.16426813223584644,0.15431551073646088,-0.01752998109691114,10000,9568.06133278347
0.07823302695080049,0.17689262878885018,-0.021570089960693862,10000,12549.767112704283
0.16426813223584644,0.14130275835178657,-0.01284446856462486,6000,6029.591590125569
0.2764675808695338,0.1698440528608566,-0.00953565684481338,3000,9362.142291789198
0.2764675808695338,0.1762132343844941,-0.011982674051063995,39000,16949.69186366355
0.3965352901233879,0.16532535088392794,-0.01209942667927859,8000,8298.692961111445
0.0567270438764676,0.16550956393481725,-0.03007338617879253,12000,18495.762853876247
0.0567270438764676,0.15654282842940254,0.006188088229729403,23000,9367.701460379212
0.30466658438973576,0.16330404799798875,0.0003060484486794397,23000,8266.360338630808
0.4722332058040905,0.1587447439592333,-0.020481795720274285,22000,7818.674849699402
0.1896930846842057,0.14585544167043943,-0.013404893461533188,25000,12549.767112704283
0.4722332058040905,0.16284760908001367,0.003676122102891104,20000,8781.38100521925
0.4722332058040905,0.1568638651082465,-0.013444399074615171,7000,12990.003729794424
0.07498632668291193,0.1373530019967443,-0.003750811297640553,15000,1944.8338863255753
0.3198999136092226,0.17187041594248176,-0.006659213130747427,8000,1932.7685273621282
0.2764675808695338,0.1852860165646374,-0.01995289814947501,12000,8094.365808845958
0.30466658438973576,0.17925500031377314,-0.005316965983732911,23000,1944.8338863255753
0.30466658438973576,0.1583349942731795,-0.00505312191659615,10000,15182.209441928107
0.16426813223584644,0.14565427662314145,0.0010386429108111767,7000,14929.56671203167
0.3965352901233879,0.16204904608238838,-0.006675660678833699,39000,9367.701460379212
0.07823302695080049,0.17175519123461583,-0.027700671189542066,8000,8781.38100521925
0.030709161363584057,0.1556391745630532,-0.002594959893276684,12000,2955.6355296040556
0.16426813223584644,0.14825784600510225,-0.01229423290454336,15000,12549.767112704283
0.06045829535513537,0.16685260046172298,-0.00789247130522114,5000,12990.003729794424
0.30466658438973576,0.16618018986610714,-0.010095206652616612,3000,9815.38693042659
0.07823302695080049,0.1575916176926676,-0.008746489482346775,28000,8044.38748849249
0.06045829535513537,0.15735681637515309,-0.011948636580767585,20000,6490.025297937499
0.03096723983469186,0.17213581755055687,-0.013865714709781781,3000,9921.736099442112
0.07823302695080049,0.1750658783283276,0.0002304922881606304,15000,10868.15254697223
0.1896930846842057,0.17823359775420938,-0.012493680949045493,25000,3180.534231222965
0.4722332058040905,0.16273241660433416,-0.007932627991584952,20000,8371.635549928305
0.4722332058040905,0.14730444983777527,-0.0033573356970008224,6000,3721.496251044161
0.0567270438764676,0.14963354170220172,0.00014433767711195155,10000,9308.86605146799
0.07823302695080049,0.16210021648544748,-0.005413232611460859,20000,11428.776259500675
0.07823302695080049,0.16256254571868836,-0.0018242308901294715,15000,12308.705340727283
0.16426813223584644,0.16113187271262197,-0.007262445094085757,6000,1944.8338863255753
0.30466658438973576,0.1497356704974285,-0.019425977888274753,3000,8094.365808845958
0.03096723983469186,0.14220383287930674,-0.010628979950721021,8000,6029.591590125569
0.1589499598856141,0.14357249960399318,0.009890296017051223,10000,4635.668443078176
0.07498632668291193,0.16129582880237578,-0.0157885781795538,25000,15182.209441928107
0.30466658438973576,0.18410632752580983,-0.005231899273679918,3000,8094.365808845958
0.3198999136092226,0.1497481860377035,-0.0059703046449846656,20000,3721.496251044161
0.03096723983469186,0.15602658907308947,-0.021670551030255947,20000,8371.635549928305
0.3198999136092226,0.14399423017436952,0.0042805378025989865,39000,9921.736099442112
0.03096723983469186,0.15207032526179878,-0.009190917431538433,8000,12472.89232435155
0.2764675808695338,0.15080440505810624,-0.011285117440402111,12000,12472.89232435155
0.16426813223584644,0.17283012380767626,-0.006348541660835133,25000,12549.767112704283
0.30466658438973576,0.16173348503098725,-0.020732030365104348,5000,8298.692961111445
0.3965352901233879,0.1594417253735293,-0.009308647354133661,22000,2641.9358544440147
0.3198999136092226,0.14908724777869045,-0.008140203697370068,6000,3721.496251044161
0.4722332058040905,0.15038227066220136,-0.007393317914956147,5000,5852.089204350804
0.3965352901233879,0.1772204095756027,-0.002015516260518254,12000,1932.7685273621282
0.1589499598856141,0.1551283653956391,-0.0009003235257385185,3000,12549.767112704283
0.07498632668291193,0.1828763727309152,-0.0002101928604542937,28000,8266.360338630808
0.3198999136092226,0.1495380296690288,-0.012946805240356029,7000,14929.56671203167
0.03096723983469186,0.14719230621483084,-0.0032591250815245314,25000,8371.635549928305
0.06045829535513537,0.15553950796574112,-0.020353866526140695,15000,8044.38748849249
0.03096723983469186,0.14460115238107524,-0.01732635306974437,10000,14088.177761028734
0.3198999136092226,0.1540560216808226,0.0009533335532555088,6000,6111.439449623881
0.30466658438973576,0.18405522643583705,-0.005956819085378011,12000,3982.1550627694223
0.07823302695080049,0.16545512403837825,-0.002540042394249954,15000,9968.772979815913
0.030709161363584057,0.15219561862408595,-0.0012054736002704693,3000,9921.736099442112
0.30466658438973576,0.15602568097672437,-0.013256683986956216,25000,5852.089204350804
0.3198999136092226,0.1608975927900583,0.0009787142324152519,3000,14929.56671203167
0.4722332058040905,0.13785705442443769,-0.008771497711742026,22000,12625.18983357999
0.2764675808695338,0.16151611455171014,-0.011779899725995717,39000,12625.18983357999
0.16426813223584644,0.16999787048950052,-0.00238330798632697,22000,7818.674849699402
0.30466658438973576,0.1535927187306663,-0.010797046838419453,3000,7818.674849699402
0.030709161363584057,0.1460374679165626,-0.006319339720273011,23000,5961.998200255187
0.03096723983469186,0.16836148260889872,0.0067303410770116305,10000,12472.89232435155
0.03096723983469186,0.1492712908987608,-0.011449963970715028,12000,16949.69186366355
0.3965352901233879,0.15384529249566628,-0.011200701002246427,7000,13345.696517931832
0.07823302695080049,0.15579772444939904,-0.00953282287880719,39000,2955.6355296040556
0.3198999136092226,0.13884344173867996,-0.005839355590161225,10000,7818.674849699402
0.1896930846842057,0.17055033453734503,-0.0016311987795258791,12000,8266.360338630808
0.2764675808695338,0.1417539953142911,-0.019170380771614835,10000,8054.929374637141
0.0567270438764676,0.1493269165445893,0.008585038195280533,39000,12549.767112704283
0.0567270438764676,0.15792129727158052,-0.017658808307494896,12000,10124.162225871132
0.16426813223584644,0.15755623650333644,-0.006075128980121913,15000,2149.416136534133
0.3198999136092226,0.1557095921805252,-0.013315806212796847,12000,5756.56884800299
0.30466658438973576,0.14942447512941961,-0.01952103042893727,6000,8781.38100521925
0.30466658438973576,0.14106991002163044,-0.0024297976077396863,5000,7903.372032495086
0.1589499598856141,0.1435114284615725,-0.01076273041631788,15000,8867.27474861856
0.0567270438764676,0.14628865179215647,0.001380038645949069,15000,2641.9358544440147
0.1896930846842057,0.17234288496688455,-0.010800626734822561,10000,13439.594459895283
0.30466658438973576,0.14392221973895186,-0.014278253772277072,10000,8867.27474861856
0.16426813223584644,0.18228338316892012,-0.007274337062465505,6000,12990.003729794424
0.1896930846842057,0.168981943850741,-0.010537085210534898,10000,6379.779727401703
0.06045829535513537,0.16479602810923358,-0.014755953392572903,10000,9308.86605146799
0.4722332058040905,0.15486916671989623,-0.0270103920299184,5000,3721.496251044161
0.030709161363584057,0.15526336813157485,-0.00807327371688411,4000,8781.38100521925
0.4722332058040905,0.14684031474269144,-0.00958785552415156,25000,2641.9358544440147
0.16426813223584644,0.14517649988087314,-0.00912473184265081,12000,8867.27474861856
0.3198999136092226,0.14112308403609572,-0.012526925519165528,23000,8266.360338630808
0.07823302695080049,0.15320756811941955,-0.01048331161286153,10000,16949.69186366355
0.30466658438973576,0.14928370899179866,-0.017906029564292443,23000,14088.177761028734
0.1896930846842057,0.14179744536434027,-0.02586226913910368,6000,12990.003729794424
0.2764675808695338,0.14321131310368837,-0.007623678556069113,10000,11700.301792294806
0.0567270438764676,0.15677645403092633,-0.00843215747408283,20000,10868.15254697223
0.1589499598856141,0.17620672604227694,0.006087149513632994,8000,9308.86605146799
0.07823302695080049,0.16998034353890754,-0.008219747328429752,8000,5961.998200255187
0.30466658438973576,0.18076948010941132,-0.005056492079161506,25000,2149.416136534133
0.0567270438764676,0.15030373810295375,-0.009090439016858897,25000,9308.86605146799
0.1896930846842057,0.16080506145995022,-0.01924243875296465,6000,1932.7685273621282
0.1589499598856141,0.1599036746907439,-0.011222800890049118,10000,12549.767112704283
0.03096723983469186,0.1627026417358772,0.003401223707782063,5000,12308.705340727283
0.4722332058040905,0.156877693248683,-0.00037750622513107025,12000,16949.69186366355
0.06045829535513537,0.1489385568473062,-0.0037983897863395587,8000,18495.762853876247
0.07498632668291193,0.16915016739716088,0.003467647633270569,12000,9921.736099442112
0.1896930846842057,0.17198312010236763,-0.013436572662645679,3000,12625.18983357999
0.07498632668291193,0.15285647074602324,-0.003280848695741194,39000,10868.15254697223
0.3198999136092226,0.1704117304326192,-0.007255958379312931,10000,8266.360338630808
0.4722332058040905,0.17010318475830907,0.0038727284417289956,22000,2641.9358544440147
0.03096723983469186,0.17443156202527998,0.001293204935800805,25000,6379.779727401703
0.030709161363584057,0.13928054942742593,-0.021372589079400966,22000,2955.6355296040556
0.07823302695080049,0.1519698092601373,-0.01170004201349645,15000,9815.38693042659
0.3965352901233879,0.16805861569407116,-0.02039762950032876,25000,8044.38748849249
0.06045829535513537,0.1689364397562749,-0.013560705636535936,5000,9568.06133278347
0.030709161363584057,0.14377885485150832,-0.008279442118335882,12000,8980.724685620986
0.3198999136092226,0.1600776351112957,-0.003434282555850744,25000,15674.647469510692
0.03096723983469186,0.16661572460966045,-0.01673564816207387,10000,12990.003729794424
0.4722332058040905,0.15632077526613922,-0.0010202287401981918,15000,8371.635549928305
0.06045829535513537,0.15418220884591358,-0.008783815717708667,15000,18495.762853876247
0.1589499598856141,0.16121274401576127,-0.0017890228167947314,15000,14929.56671203167
0.3198999136092226,0.15573697244737714,-0.0047386194429378395,5000,13345.696517931832
0.03096723983469186,0.17059732647476805,-0.007434599193108964,6000,5756.56884800299
0.0567270438764676,0.1737649494373644,-0.00016453870116938884,10000,12625.18983357999
0.3198999136092226,0.15911066363318077,-0.007039474396359297,6000,14929.56671203167
0.30466658438973576,0.15907159411732202,-0.01291325062416096,3000,9815.38693042659
0.030709161363584057,0.14764120172492817,-0.011626553499599089,3000,6029.591590125569
0.4722332058040905,0.14993487976489314,-0.0035652101681386736,5000,8980.724685620986
0.2764675808695338,0.15654180065669915,-0.005488783199932323,15000,8054.929374637141
0.3198999136092226,0.1743339198599953,0.0002258364082047563,8000,10868.15254697223
0.4722332058040905,0.1497294535397531,-0.010548617299648035,25000,9921.736099442112
0.03096723983469186,0.145798146720394,-0.0013369525548619463,5000,1388.161926428812
0.2764675808695338,0.16221779486255644,0.011574757081165739,10000,3721.496251044161
0.07498632668291193,0.18401168857461556,-0.008467615459538065,5000,14088.177761028734
0.07823302695080049,0.15012250275436131,-0.012409082237945,25000,4635.668443078176
0.30466658438973576,0.15181123231908306,-0.003931073771292968,25000,3721.496251044161
0.30466658438973576,0.18345623490099994,-0.016110547347011415,5000,15182.209441928107
0.030709161363584057,0.15517784015462216,0.00041396530102982116,28000,11700.301792294806
0.4722332058040905,0.13812132020341253,-0.012189033697489889,25000,6490.025297937499
0.30466658438973576,0.17962531844303004,-0.02040099493314453,8000,10588.791757848958
0.1896930846842057,0.1387405985892569,-0.007049123504343894,3000,9357.594394504782
0.16426813223584644,0.15361672505688315,-0.0012967944942466872,5000,13439.594459895283
0.30466658438973576,0.15472729688397524,0.0008197802115645595,25000,16949.69186366355
0.3198999136092226,0.14718560090226288,-0.012295126848731996,25000,7818.674849699402
0.16426813223584644,0.15929934142286184,-0.009099350067853876,7000,6111.439449623881
0.16426813223584644,0.1611199364276608,-0.010814068673539137,5000,6111.439449623881
0.2764675808695338,0.17977222711803212,-0.01665906525775384,10000,14552.421047816675
0.07823302695080049,0.15278630361876794,-0.003478993968082375,39000,7818.674849699402
0.030709161363584057,0.15421334707491866,-0.009249155752458,10000,7818.674849699402
0.4722332058040905,0.15330707927272444,-0.0028944262805745665,10000,4635.668443078176
0.1589499598856141,0.133270920601019,-0.007456066745619389,10000,1944.8338863255753
0.16426813223584644,0.17012196868443533,0.004660323848741888,7000,6029.591590125569
0.030709161363584057,0.16201228061427925,-0.01459793410898898,10000,14929.56671203167
0.1896930846842057,0.13825471409422438,-0.011290313437035003,10000,12549.767112704283
0.4722332058040905,0.14670506491270502,-0.015912670269647843,3000,5852.089204350804
0.3198999136092226,0.1567061580780047,-0.009789793306898541,3000,12308.705340727283
0.1896930846842057,0.1462888182575348,-0.00632769792851269,6000,3721.496251044161
0.3198999136092226,0.16160920574182985,-0.008587998092864079,25000,12990.003729794424
0.3198999136092226,0.14005680585467545,-0.015200676138543307,10000,15674.647469510692
0.3965352901233879,0.1665847319894896,0.007036477417085036,15000,1932.7685273621282
0.030709161363584057,0.1334007844757046,-0.02030508631467168,25000,9921.736099442112
0.3965352901233879,0.1524871371343384,-0.0021990963038227545,22000,10868.15254697223
0.1589499598856141,0.15146888800696082,-0.003951479911209422,3000,10868.15254697223
0.1896930846842057,0.1712893809169459,-0.014537352149976987,4000,9308.86605146799
0.4722332058040905,0.1529362631511437,0.005316567810544893,7000,8980.724685620986
0.0567270438764676,0.1547400352934414,-0.0078775635685696,6000,9308.86605146799
0.30466658438973576,0.1666621972779889,-0.0033226135732372557,10000,14552.421047816675
0.16426813223584644,0.15495218621620657,-0.002038829432119985,3000,15182.209441928107
0.1896930846842057,0.1439980859098832,-0.012765213266996983,39000,1388.161926428812
0.07823302695080049,0.17918629410484788,-0.004385797617901599,8000,8044.38748849249
0.06045829535513537,0.15137360985788373,-0.011503863306360329,8000,4635.668443078176
0.3198999136092226,0.14795347416664875,-0.007345567133323352,6000,3180.534231222965
0.3965352901233879,0.17055746090696874,-0.00450685460391376,8000,8094.365808845958
0.030709161363584057,0.1708121947900971,-0.00430096376598749,20000,8980.724685620986
0.2764675808695338,0.17031034996525668,-0.01796400103256478,5000,5852.089204350804
0.2764675808695338,0.1336995201341561,-0.007950901352389694,6000,3982.1550627694223
0.06045829535513537,0.15734424586884782,-0.0015566638683634133,15000,8781.38100521925
0.4722332058040905,0.13326201819945424,-0.01840091441191199,3000,18495.762853876247
0.1896930846842057,0.1527609992640022,-0.007304080723622253,8000,6029.591590125569
0.07498632668291193,0.15950726661990347,-0.008378845825019673,10000,14929.56671203167
0.0567270438764676,0.16298624098235168,-0.013057379658861574,10000,8054.929374637141
0.07823302695080049,0.1339493423019036,0.002362591753950858,39000,3721.496251044161
0.07823302695080049,0.13856537300718946,-0.0002465142317451269,15000,7818.674849699402
0.2764675808695338,0.14193762263316675,-0.023206797218621438,25000,8980.724685620986
0.2764675808695338,0.1751490547178012,-0.015254731045588164,6000,15182.209441928107
0.07498632668291193,0.14956702095626687,-0.012479844598279149,6000,8054.929374637141
0.030709161363584057,0.13458692937665062,-0.011906784621315735,3000,8266.360338630808
0.030709161363584057,0.14605839778402502,-0.0013429180359887593,25000,16949.69186366355
0.07498632668291193,0.16333754038786877,-0.00946825989179613,22000,5756.56884800299
0.030709161363584057,0.1406411297127543,0.0027753709960091763,3000,12549.767112704283
0.07498632668291193,0.15917633983160828,-0.020795282892815434,10000,15674.647469510692
0.3965352901233879,0.17978053319857393,-0.013996460552913065,3000,8867.27474861856
0.03096723983469186,0.17828360015154263,-0.00773121419911354,7000,18495.762853876247
0.30466658438973576,0.17444567628888033,-0.0028431041379775716,25000,14088.177761028734
0.030709161363584057,0.1615960871200042,-0.00163563957756566,7000,9815.38693042659
0.030709161363584057,0.15762037750725405,-0.005275939331090394,7000,18495.762853876247
0.4722332058040905,0.14000391339569013,-0.013305260984553981,10000,10588.791757848958
0.03096723983469186,0.16020272883000483,-0.025186248401807602,10000,8266.360338630808
0.03096723983469186,0.1746698864231645,-0.010294744933174033,22000,8094.365808845958
0.16426813223584644,0.16080152263624012,-0.007764429045488546,15000,11428.776259500675
0.03096723983469186,0.15569455404870614,-0.00013820898002041485,25000,8980.724685620986
0.03096723983469186,0.16931439919294425,-0.018420637397468673,25000,12472.89232435155
0.3965352901233879,0.14881495441367806,-0.013261345150657107,10000,8054.929374637141
0.1589499598856141,0.14799798267407308,-0.006047393483378032,12000,8371.635549928305
0.030709161363584057,0.15252853279483894,-0.004037147519813833,3000,12472.89232435155
0.06045829535513537,0.14687999897772464,-0.0074433880340017845,4000,11428.776259500675
0.07498632668291193,0.17772642858790805,-0.00359371008253991,12000,2641.9358544440147
0.3965352901233879,0.1589971305077871,-0.006671287835677891,15000,12990.003729794424
0.1896930846842057,0.1537614173435753,0.000715546823700851,3000,15674.647469510692
0.06045829535513537,0.16815782140233815,-0.016544870346208322,10000,12990.003729794424
0.3198999136092226,0.17295335163785938,-0.013583867935919123,39000,8867.27474861856
0.30466658438973576,0.1337925315684671,-0.0009732987942032018,28000,9308.86605146799
0.3965352901233879,0.16253303107633965,-0.0017483984927130552,22000,9308.86605146799
0.03096723983469186,0.16399751400447798,-0.015586148093254957,12000,2641.9358544440147
0.07823302695080049,0.1552274605946827,-0.006362390333510077,6000,18495.762853876247
0.03096723983469186,0.15542432846135115,-0.01829959268394223,3000,12990.003729794424
0.03096723983469186,0.16474008728513115,-0.023603837077755974,12000,5756.56884800299
0.16426813223584644,0.16513825919191727,0.001231860101055922,10000,7818.674849699402
0.07498632668291193,0.16223289507135716,-0.005368047124450776,3000,9968.772979815913
0.1896930846842057,0.16257074867836097,-0.006944737937090263,3000,8044.38748849249
0.16426813223584644,0.13835492226978974,-0.0052565745475966425,15000,5961.998200255187
0.1589499598856141,0.17187680259205515,-0.024830460387004684,15000,5961.998200255187
0.07823302695080049,0.1600738985209521,-0.003032776038503315,20000,14088.177761028734
0.2764675808695338,0.15078632148096857,-0.006330966955050923,8000,5961.998200255187
0.16426813223584644,0.13789528323072078,-0.0189706353502031,20000,6029.591590125569
0.07498632668291193,0.14232563569730053,-0.006572768073282948,8000,8298.692961111445
0.03096723983469186,0.1653593685747038,-0.007247639400322103,6000,9367.701460379212
0.03096723983469186,0.166069284778741,-0.003807425032649556,28000,8371.635549928305
0.2764675808695338,0.15360605798370475,-0.0022871166859447425,10000,9362.142291789198
0.3198999136092226,0.1781531560501351,0.0019632752239330353,8000,2955.6355296040556
0.16426813223584644,0.16707440683665944,0.002311264822086749,10000,6379.779727401703
0.30466658438973576,0.16373124548617787,-0.013700569215937042,10000,15182.209441928107
0.4722332058040905,0.16748952119498917,-0.020973572213756217,20000,8980.724685620986
0.03096723983469186,0.16131163630210865,-0.012862660034760815,4000,5852.089204350804
0.06045829535513537,0.15074187321811844,-0.013710453869299212,22000,10868.15254697223
0.07498632668291193,0.1681635410108989,-0.0310508008223494,20000,10588.791757848958
0.030709161363584057,0.14463299001366497,-0.007902387634926653,10000,12472.89232435155
0.4722332058040905,0.15616471765010714,-0.012706877034718697,15000,10124.162225871132
0.03096723983469186,0.16765264480867037,0.0014118487201878035,15000,9921.736099442112
0.1589499598856141,0.13925857891060342,-0.012328124594567712,7000,13345.696517931832
0.16426813223584644,0.18367786329168426,-0.014372623763017376,10000,8781.38100521925
0.07823302695080049,0.17504381311059988,0.001305197409112862,10000,12990.003729794424
0.06045829535513537,0.16061696485802354,-0.01881613830369349,25000,8371.635549928305
0.2764675808695338,0.14076699113256103,-0.008219702497010433,8000,8980.724685620986
0.03096723983469186,0.17644836428198693,0.004150169111300431,20000,16949.69186366355
0.3198999136092226,0.1604707177971672,-0.0030236334178572206,20000,2641.9358544440147
0.3198999136092226,0.14861159616559602,-0.007794899169847082,12000,13439.594459895283
0.1896930846842057,0.1773598649277757,-0.00702759108508418,20000,9367.701460379212
0.2764675808695338,0.16821357038267898,-0.012801756260572368,10000,5961.998200255187
0.4722332058040905,0.15159705309666813,-0.004434380888423987,22000,8867.27474861856
0.030709161363584057,0.15203343751533663,-0.008872915917107201,20000,3982.1550627694223
0.4722332058040905,0.1490031557810197,-0.0035867076961006838,5000,8867.27474861856
0.030709161363584057,0.15809311108927865,-0.0213717854847145,7000,5756.56884800299
0.07823302695080049,0.1554022702446509,-0.0005544005749146046,10000,12472.89232435155
0.2764675808695338,0.17086781005713705,-0.006516980854282581,20000,2641.9358544440147
0.1589499598856141,0.1735117855537051,-0.007332995232056724,8000,4635.668443078176
0.06045829535513537,0.16115559799822868,-0.00903664391365305,10000,18495.762853876247
0.030709161363584057,0.15556659127631894,-0.010574755876928306,10000,6029.591590125569
0.3965352901233879,0.13500417483650837,-0.021103436198568335,4000,3982.1550627694223
0.3965352901233879,0.14563426925815184,-0.020734826326236282,6000,8980.724685620986
0.0567270438764676,0.14780599115925253,-0.0026627649040508474,3000,9568.06133278347
0.0567270438764676,0.16061183131255502,-0.00817999485184865,15000,8371.635549928305
0.030709161363584057,0.1427871519262849,0.0026153133062893075,15000,8054.929374637141
0.06045829535513537,0.17400045606669956,-0.016652012160727394,8000,11428.776259500675
0.030709161363584057,0.14279036089876687,-0.002529811567022392,15000,8054.929374637141
0.06045829535513537,0.13372259003276404,-0.013639989634451637,25000,6111.439449623881
0.0567270438764676,0.1559880659438698,-0.022824152566814297,3000,6029.591590125569
0.03096723983469186,0.14982599945574274,-0.014750849275215994,15000,2149.416136534133
0.1896930846842057,0.15781350012816325,-0.013919475220873617,28000,1932.7685273621282
0.16426813223584644,0.15807800948521697,-0.016899623722055446,22000,11428.776259500675
0.1896930846842057,0.1437169526625154,-0.017449861213962966,8000,8781.38100521925
0.3198999136092226,0.1515134505525727,-0.015548985681954524,15000,9921.736099442112
0.03096723983469186,0.16962241066087436,0.0007170393655407986,15000,9308.86605146799
0.1896930846842057,0.1631675200813338,-0.0024177157114511467,8000,9362.142291789198
0.16426813223584644,0.14235639511530546,-0.007143370108852196,25000,14552.421047816675
0.030709161363584057,0.16067693183434872,0.0007985319096734047,4000,7903.372032495086
0.03096723983469186,0.17529418352947893,-0.00880807089291604,23000,9367.701460379212
0.4722332058040905,0.13931874617014853,-0.019808728092793833,20000,10124.162225871132
0.4722332058040905,0.13389885011181282,-0.009193987518119692,4000,14552.421047816675
0.16426813223584644,0.14016453050761793,0.00023236278071534682,6000,1388.161926428812
0.3965352901233879,0.1435634208727611,-0.008421808144844754,20000,8298.692961111445
0.4722332058040905,0.154194657664566,-0.006817051689127299,20000,1388.161926428812
0.2764675808695338,0.15636196952421896,-0.012852610899398204,5000,8054.929374637141
0.0567270438764676,0.179487192407424,0.0003574851372245987,25000,14552.421047816675
0.1589499598856141,0.16190216344463942,-0.009398929809466666,10000,12625.18983357999
0.2764675808695338,0.16928990023845364,-0.0021194048486128953,15000,9815.38693042659
0.4722332058040905,0.1722974470291443,-0.011314056281493257,8000,14088.177761028734
0.3198999136092226,0.17361567464730426,-0.01122606917224643,7000,8781.38100521925
0.07498632668291193,0.16794198556799209,-0.01203841186747248,12000,8867.27474861856
0.3198999136092226,0.15451398740661546,-0.01643652358966384,22000,12472.89232435155
0.1589499598856141,0.16835685090011013,-0.013335794916271864,10000,1932.7685273621282
0.07823302695080049,0.1729308951568688,-0.012752889142136072,28000,12990.003729794424
0.2764675808695338,0.16536927647129046,-0.0005027839427765509,4000,16949.69186366355
0.3965352901233879,0.16096772107420898,-0.021246752165166992,20000,8867.27474861856
0.3198999136092226,0.14240791316453363,-0.011996518379990518,23000,5961.998200255187
0.16426813223584644,0.1691035614959079,-0.009678053613388249,3000,3982.1550627694223
0.3965352901233879,0.1437046555793427,0.0026958382942046826,20000,13439.594459895283
0.30466658438973576,0.15207610570160504,-0.007377274933043248,25000,15674.647469510692
0.4722332058040905,0.1711306719403002,0.01671924404598681,15000,15674.647469510692
0.4722332058040905,0.1729798822500895,-0.02462714735452136,15000,9208.354043041478
0.16426813223584644,0.15688272067819445,-0.01181442342913373,8000,9968.772979815913
0.07823302695080049,0.15283828023600346,-0.009919129804442307,20000,12990.003729794424
0.03096723983469186,0.1524850234368885,-0.02374755731505536,3000,8044.38748849249
0.16426813223584644,0.13566753356184216,-0.0173330939383056,22000,4635.668443078176
0.30466658438973576,0.1668331006506688,3.1962765590396136e-05,8000,5852.089204350804
0.30466658438973576,0.14683156459043986,-0.010381194607170878,20000,12990.003729794424
0.0567270438764676,0.13736809232616132,-0.006471450975395004,15000,3982.1550627694223
0.0567270438764676,0.16053952502853996,-0.00717830098464049,28000,11428.776259500675
0.03096723983469186,0.14418842485609876,-0.0060545117102805525,4000,8044.38748849249
0.2764675808695338,0.16012223479569837,-0.014992168035066202,8000,2641.9358544440147
0.1589499598856141,0.16258386999799992,-0.017152255387938103,25000,14552.421047816675
0.030709161363584057,0.16101202483873583,-0.02632824648165744,23000,14088.177761028734
0.4722332058040905,0.15923506445084187,-0.0012489621574653623,39000,18495.762853876247
0.4722332058040905,0.13549850886344492,0.0048263126567817186,25000,9367.701460379212
0.30466658438973576,0.15372873277334106,-0.006948638441625979,10000,10124.162225871132
0.3198999136092226,0.15675857819174843,-0.017638509541555002,5000,14088.177761028734
0.3965352901233879,0.15740042109569197,-0.019299819761004602,5000,8371.635549928305
0.07498632668291193,0.17098848100560196,-0.003672267666180861,22000,14552.421047816675
0.1589499598856141,0.1462253119809247,-0.005385622942277854,25000,9968.772979815913
0.03096723983469186,0.15750649453000262,-0.016447390083240816,28000,14929.56671203167
0.07823302695080049,0.16272791580221768,-0.012983216792487965,23000,3180.534231222965
0.0567270438764676,0.15746604781917536,-0.016007510892040864,39000,5852.089204350804
0.030709161363584057,0.15547604220025324,-0.014462417756598128,25000,3180.534231222965
0.3198999136092226,0.13360856254052644,-0.011093657092241067,6000,3721.496251044161
0.03096723983469186,0.1811566568999671,-0.0187099440578292,20000,2641.9358544440147
0.0567270438764676,0.15612147903643137,-0.007160893971181379,28000,18495.762853876247
0.4722332058040905,0.14674909325029833,0.0005187134151304496,25000,2641.9358544440147
0.030709161363584057,0.1708095327058549,-0.011005347419180791,39000,12549.767112704283
0.0567270438764676,0.1711108483135523,-0.014346036369730338,12000,9308.86605146799
0.07823302695080049,0.1698135252937959,-0.01257857674383478,15000,8266.360338630808
0.07823302695080049,0.15865262710610284,-0.011375092997523076,23000,9568.06133278347
0.03096723983469186,0.16622959640212362,-0.008714456608678698,10000,9208.354043041478
0.030709161363584057,0.14254069844679426,0.013090874383792398,5000,2955.6355296040556
0.03096723983469186,0.1486314580363709,-0.009622799544271867,6000,9308.86605146799
0.07498632668291193,0.15369360176306382,0.002078230553442543,15000,6490.025297937499
0.4722332058040905,0.15192242085052418,-0.009549726960853515,25000,10124.162225871132
0.1896930846842057,0.16493915754517025,-0.008510254809006952,10000,9815.38693042659
0.030709161363584057,0.1849611319928924,-0.02280509729339191,20000,9357.594394504782
0.1589499598856141,0.16591196320207607,0.0006884306168967013,10000,13439.594459895283
0.0567270438764676,0.13615970207084716,0.002893017905816632,22000,13439.594459895283
0.3965352901233879,0.16472335769177687,0.0001121853766845274,3000,11428.776259500675
0.06045829535513537,0.1584889542882514,-0.0060288303819986625,15000,6111.439449623881
0.16426813223584644,0.15142224821445388,-0.01327187778974984,22000,2149.416136534133
0.030709161363584057,0.1785484703166824,-0.006046276084349294,3000,12472.89232435155
0.06045829535513537,0.1644943943774985,0.006022754580620552,25000,12990.003729794424
0.30466658438973576,0.15741122287723897,-0.0072552656434785754,4000,9367.701460379212
0.3198999136092226,0.16636711296140771,0.003280864667976359,12000,8094.365808845958
0.03096723983469186,0.1465414117660339,-0.007371304680090121,3000,18495.762853876247
0.03096723983469186,0.16757676893111245,-0.011622155037232308,8000,1932.7685273621282
0.1589499598856141,0.1366953324666919,-0.008772267264175671,15000,9367.701460379212
0.1589499598856141,0.15327908143911628,-0.014623554958254048,20000,9968.772979815913
0.3965352901233879,0.1754868839564509,0.00294111996585994,10000,5756.56884800299
0.16426813223584644,0.15930136341559387,-0.0025840577604524487,15000,9208.354043041478
0.3965352901233879,0.14162521349111695,-0.014701678322159996,5000,15182.209441928107
0.06045829535513537,0.1691358325359585,-0.0027271783407562243,15000,6379.779727401703
0.16426813223584644,0.17464265167267407,-0.009671427630354956,5000,2641.9358544440147
0.2764675808695338,0.14085280081916726,-0.014743937857383288,28000,9367.701460379212
0.03096723983469186,0.1536316799416014,-0.01844451302358967,10000,13345.696517931832
0.030709161363584057,0.16014039706714275,-0.008501790823618273,22000,9357.594394504782
0.4722332058040905,0.15890416551560899,0.008817986646795471,7000,14929.56671203167
0.16426813223584644,0.14713725512698478,-0.01316313585886115,5000,9362.142291789198
0.16426813223584644,0.13895671956029707,-0.002032089442465495,4000,8781.38100521925
0.07823302695080049,0.1661402821402726,3.502751707073184e-06,25000,9208.354043041478
0.3965352901233879,0.1620647653438284,-0.009796216305942544,5000,3180.534231222965
0.030709161363584057,0.16269381122470394,0.0045817570537624985,5000,9357.594394504782
0.06045829535513537,0.16363202768280175,-0.01584938916457917,15000,7818.674849699402
0.1589499598856141,0.1462487711162911,-0.011917171970176842,10000,2955.6355296040556
0.30466658438973576,0.13685901139579268,-0.011563287117103475,20000,8094.365808845958
0.03096723983469186,0.16365265360976747,-0.0029868532896323097,22000,1944.8338863255753
0.16426813223584644,0.17323219816945312,-0.0034497468612784874,5000,10124.162225871132
0.3198999136092226,0.1713571669185246,-0.0095773259435899,6000,9362.142291789198
0.03096723983469186,0.15815538552218927,-0.011642490008002005,39000,15182.209441928107
0.2764675808695338,0.18184778464501922,-0.010368625118997377,10000,5961.998200255187
0.16426813223584644,0.16730440855893722,-0.013417569177562297,28000,9308.86605146799
0.30466658438973576,0.15097366799463824,-0.013260240951848098,3000,9308.86605146799
0.07498632668291193,0.1505652507397707,-0.0102683010113188,5000,8044.38748849249
0.07498632668291193,0.15413260597937922,-0.004563751806152482,10000,16949.69186366355
0.07498632668291193,0.15413479596705656,-0.01816939136716167,22000,8266.360338630808
0.0567270438764676,0.17524359380151192,-0.010851505579077098,15000,2641.9358544440147
0.3965352901233879,0.17124299235818338,-0.0076050488415395565,25000,9367.701460379212
0.07823302695080049,0.15515502737846804,-0.019716966651800772,20000,12990.003729794424
0.2764675808695338,0.17172582658703547,-0.013081064807709365,22000,2955.6355296040556
0.03096723983469186,0.1607340214994949,-0.0036475278845288085,8000,1388.161926428812
0.06045829535513537,0.14332309629058407,0.002151568346367175,20000,8044.38748849249
0.3198999136092226,0.1710808202594954,-0.011452650867332216,8000,2149.416136534133
0.3965352901233879,0.14033229529815117,-0.0117283696409271,12000,9815.38693042659
0.030709161363584057,0.1500759823498884,-0.019890522783633388,3000,13345.696517931832
0.4722332058040905,0.15679046250091563,-0.0159766677927397,25000,6490.025297937499
0.03096723983469186,0.14795462008004973,-0.0019149158807362761,20000,8266.360338630808
0.16426813223584644,0.16827419580657887,-0.010020235447940258,20000,7818.674849699402
0.03096723983469186,0.16325533637788,-0.009070167784962647,12000,6490.025297937499
0.30466658438973576,0.14466650566060227,-0.0136939429632407,4000,3180.534231222965
0.1896930846842057,0.15057497226028335,-0.02576126148691613,3000,10124.162225871132
0.2764675808695338,0.17105237094326922,-0.0008735414929165086,12000,3180.534231222965
0.2764675808695338,0.14171867346976466,-0.010993977785759357,10000,8781.38100521925
0.0567270438764676,0.16360710415199647,-0.017363387552882907,10000,8867.27474861856
0.1896930846842057,0.15136099639530448,-0.007127660279955648,8000,1932.7685273621282
0.30466658438973576,0.16074116074614514,-0.012944732549237963,25000,8298.692961111445
0.4722332058040905,0.16018191032451892,-0.026206543182332342,5000,2149.416136534133
0.16426813223584644,0.1383619814111108,0.0001583982722486515,12000,10588.791757848958
0.3198999136092226,0.16037347258861673,-0.00845522622679164,12000,8867.27474861856
0.3198999136092226,0.16864475289501102,0.004380730958597846,15000,10588.791757848958
0.3198999136092226,0.16007532424270957,-0.004500793369766023,39000,9921.736099442112
0.16426813223584644,0.1677546299130371,0.0019893389453335517,22000,6379.779727401703
0.30466658438973576,0.15769913524641793,0.013607032704666316,5000,6490.025297937499
0.1589499598856141,0.15299457086706394,-0.00922583954957962,4000,3982.1550627694223
0.03096723983469186,0.16237154400671897,-0.023019771326605067,22000,8781.38100521925
0.03096723983469186,0.18146724512867382,-0.0031322422382767555,15000,15182.209441928107
0.4722332058040905,0.14563399511670908,-0.011949777746019779,15000,16949.69186366355
0.030709161363584057,0.1549547717781962,-0.020233073981512573,28000,11428.776259500675
0.3198999136092226,0.17335997054587646,-0.008893139574821577,39000,7903.372032495086
0.30466658438973576,0.1421228707421098,0.003954161999051189,8000,8980.724685620986
0.07498632668291193,0.17368872875007105,0.0006472823561824675,10000,12549.767112704283
0.07823302695080049,0.14743406670247577,-0.016023403701664975,25000,10868.15254697223
0.3198999136092226,0.14996299149746464,-0.0022374665223742376,7000,1932.7685273621282
0.16426813223584644,0.16326536678516979,-0.015142469963873646,25000,6029.591590125569
0.16426813223584644,0.17373018834449624,0.00205297808104607,6000,6111.439449623881
0.16426813223584644,0.17421330515652522,-0.0005165195914134845,10000,3180.534231222965
0.1896930846842057,0.14732862482911108,-0.01741212132429543,22000,5852.089204350804
0.030709161363584057,0.16658602485744758,-0.0012236672400440672,25000,15674.647469510692
0.03096723983469186,0.15014849582311432,-0.0027795925971162722,25000,11700.301792294806
0.06045829535513537,0.18268795734492504,0.012825026865337931,15000,11428.776259500675
0.2764675808695338,0.1750404708245604,-0.007420358282911469,12000,1932.7685273621282
0.06045829535513537,0.15229734940235543,-0.01116433135839141,3000,8867.27474861856
0.3198999136092226,0.14755564699233484,-0.007471404893183647,10000,16949.69186366355
0.03096723983469186,0.15631639518755533,0.0056168768187685745,20000,3721.496251044161
0.30466658438973576,0.17027828054355132,-0.01797789018189089,5000,1944.8338863255753
0.03096723983469186,0.1489262405472031,-0.01105289283364541,3000,6379.779727401703
0.3965352901233879,0.14725782340927634,-0.00681905370418281,25000,11700.301792294806
0.0567270438764676,0.16532718690150214,-0.00013375792925176365,8000,8867.27474861856
0.0567270438764676,0.15485632907160055,-0.002664423394010915,22000,8371.635549928305
0.07498632668291193,0.18405111293295895,-0.008436115801088665,28000,9357.594394504782
0.07498632668291193,0.14165134767923582,-0.017638591516606437,10000,14552.421047816675
0.1896930846842057,0.15761130269270568,-0.009715029846374325,6000,11428.776259500675
0.030709161363584057,0.16287470467018095,-0.007574017216424591,25000,9362.142291789198
0.1896930846842057,0.152894906419077,-0.01607900910405974,8000,3721.496251044161
0.30466658438973576,0.17236914487570718,-0.017536148098181003,15000,14929.56671203167
0.07823302695080049,0.15427827840397615,0.0006549997747331388,5000,15674.647469510692
0.16426813223584644,0.14823826576188004,-0.015888309363194165,5000,8371.635549928305
0.3198999136092226,0.14181548671427358,-0.011899806944296291,12000,14929.56671203167
0.4722332058040905,0.17007974070205753,0.017799963765061405,10000,6111.439449623881
0.07498632668291193,0.15270629192463808,-0.015999981250311605,20000,1932.7685273621282
0.4722332058040905,0.1734091194585692,-0.004228081524195777,25000,8094.365808845958
0.030709161363584057,0.16008292809520508,-0.023932789614862806,25000,10868.15254697223
0.16426813223584644,0.16063146369889053,-0.003946281360918763,8000,14552.421047816675
0.0567270438764676,0.13434827281809827,0.003885201180349995,8000,2149.416136534133
0.3198999136092226,0.150841008513067,-0.011664675338942335,23000,8054.929374637141
0.4722332058040905,0.15852563251584925,-0.003935074256258029,8000,12549.767112704283
0.07498632668291193,0.1416806335216778,-0.004874439657376768,15000,4635.668443078176
0.030709161363584057,0.14910381830566294,-0.020237077151759403,10000,12308.705340727283
0.030709161363584057,0.16067064062596464,-0.009112880758555665,8000,12549.767112704283
0.3965352901233879,0.15477878062760272,-0.0075720282133393355,3000,3721.496251044161
0.03096723983469186,0.18275191355850232,-0.013623751714437547,10000,6029.591590125569
0.30466658438973576,0.15393954753972178,-0.013341352800299092,22000,5852.089204350804
0.030709161363584057,0.14959449757914478,-0.004217906665620631,10000,3180.534231222965
0.07498632668291193,0.15448206521091268,0.006061596147927051,15000,11700.301792294806
0.07498632668291193,0.1597520058714165,-0.0008387573938220437,10000,18495.762853876247
0.30466658438973576,0.16113246492204641,-0.012818540301500274,3000,9208.354043041478
0.1589499598856141,0.16613652273138074,-0.012010196884768105,25000,1932.7685273621282
0.16426813223584644,0.1545869650722883,-0.004519501674465675,25000,14088.177761028734
0.03096723983469186,0.158461640513704,-0.011424957517760268,15000,14088.177761028734
0.30466658438973576,0.1587448143816847,-0.001498372932038857,8000,12549.767112704283
0.03096723983469186,0.17309089246622647,0.0021790389513286833,5000,8266.360338630808
0.30466658438973576,0.17155997844363696,-0.006910054531927284,28000,12990.003729794424
0.06045829535513537,0.15870919032503553,-0.009158025717463079,8000,13345.696517931832
0.07823302695080049,0.16132129516403143,-0.0155455554814568,3000,8044.38748849249
0.16426813223584644,0.17908403808220624,-0.012356606412573596,5000,8298.692961111445
0.3965352901233879,0.15748293009097628,-0.0030396422931159204,5000,7903.372032495086
0.07498632668291193,0.16742653803246826,-0.011609440698791657,8000,9968.772979815913
0.16426813223584644,0.14677231286727216,-0.013647222038762893,15000,6490.025297937499
0.1589499598856141,0.1529961895496682,-0.024650112962686904,22000,12549.767112704283
0.3965352901233879,0.1530202572684097,-0.02156719799462508,6000,11428.776259500675
0.1896930846842057,0.1846660568294896,-0.002276170977809148,12000,12625.18983357999
0.030709161363584057,0.14855520029208413,-0.008259200784440477,4000,9357.594394504782
0.0567270438764676,0.16439229705887096,-0.001774026198149352,20000,10588.791757848958
0.030709161363584057,0.13469611255370373,-0.0122766461684473,4000,8044.38748849249
0.03096723983469186,0.1440914635023109,-0.011224881344068098,6000,6111.439449623881
0.06045829535513537,0.16969791876827334,0.004110163451260174,20000,2149.416136534133
0.16426813223584644,0.15288131545667527,-0.005192908974703308,10000,11700.301792294806
0.3198999136092226,0.1478186467453531,0.007308889527057655,4000,14088.177761028734
0.3198999136092226,0.14643996623022454,-0.006893650663290556,10000,9367.701460379212
0.4722332058040905,0.1709492105955899,-0.004402817700333998,8000,9815.38693042659
0.1589499598856141,0.16343840649105565,-0.0028796555524149736,12000,9921.736099442112
0.030709161363584057,0.16438550934538393,-0.005021557945778967,20000,11428.776259500675
0.3965352901233879,0.1349028727599962,0.001885599522255603,25000,8980.724685620986
0.1896930846842057,0.14222612628176057,-0.0019155642050036712,12000,8094.365808845958
0.1589499598856141,0.14484849352701362,-0.00849318843134188,3000,12549.767112704283
0.3198999136092226,0.14301036375291035,-0.023116911325403344,5000,9367.701460379212
0.3198999136092226,0.1626300228027266,-0.01670857525709751,15000,6379.779727401703
0.3965352901233879,0.1622104938821418,-0.012933106798331779,3000,3721.496251044161
0.1896930846842057,0.135287565601232,-0.007548544432029905,39000,9921.736099442112
0.1896930846842057,0.1732126508211017,-0.009854206332228175,5000,5961.998200255187
0.1589499598856141,0.14321678078064531,-0.01075086694993126,5000,8298.692961111445
0.2764675808695338,0.16592691824298395,-0.011845929589471267,10000,10588.791757848958
0.3965352901233879,0.14354304881366337,0.002014183791774454,10000,9362.142291789198
0.07823302695080049,0.16713836536422375,-0.010124378121853307,7000,1944.8338863255753
0.07823302695080049,0.1478713810707215,-0.012719679082509457,10000,9815.38693042659
0.30466658438973576,0.14697332640815153,-0.001183314801105941,6000,3982.1550627694223
0.1589499598856141,0.15722171074534266,-0.011199024916614281,25000,15674.647469510692
0.30466658438973576,0.14831631861390543,-0.014986554163846552,10000,5852.089204350804
0.06045829535513537,0.16671504857092093,-0.0006035117542360188,10000,8980.724685620986
0.3198999136092226,0.13819036835474463,-0.008193073425819191,10000,8298.692961111445
0.030709161363584057,0.162712072030554,-0.010888843672848939,7000,3982.1550627694223
0.2764675808695338,0.15860786657001388,-0.00990231419130383,15000,5756.56884800299
0.03096723983469186,0.17628302717858943,-0.0053420048828744975,4000,12549.767112704283
0.4722332058040905,0.1643678254782044,0.0008786596169836376,6000,6490.025297937499
0.07823302695080049,0.1549411384984428,-0.02236735303673208,12000,9568.06133278347
0.03096723983469186,0.14119929549608706,-0.012426628269627347,20000,5852.089204350804
0.07823302695080049,0.15513301827819528,-0.014616771565096469,12000,6111.439449623881
0.16426813223584644,0.15610779268033964,-0.005913409523342793,10000,5756.56884800299
0.07823302695080049,0.14450015673958758,-0.003193825075736852,39000,15182.209441928107
0.1896930846842057,0.154386840905931,0.004020870394880714,5000,11700.301792294806
0.30466658438973576,0.16243917370129432,-0.011217508613258218,22000,18495.762853876247
0.3965352901233879,0.1469874729175275,-0.009039714714655877,4000,4635.668443078176
0.3965352901233879,0.14712317883101075,-0.017047008636288694,3000,15182.209441928107
0.4722332058040905,0.1456847594844301,-0.011699015924756313,3000,6029.591590125569
0.2764675808695338,0.13927813072292808,-0.0006115005233993721,39000,9968.772979815913
0.3965352901233879,0.152583968206971,-0.012698083594435224,10000,6029.591590125569
0.3965352901233879,0.14518712989009958,-0.015239524821053164,25000,9968.772979815913
0.07823302695080049,0.15217408966459245,0.00445005371440093,25000,1944.8338863255753
0.30466658438973576,0.14799037879015925,-0.0019682003972592995,10000,8298.692961111445
0.3198999136092226,0.1592327957443289,-0.005714817901284918,28000,14929.56671203167
0.03096723983469186,0.14737186211562858,-0.007821002099773272,15000,9362.142291789198
0.30466658438973576,0.15719380435152094,-0.004929262361088737,10000,8044.38748849249
0.07498632668291193,0.16434927211177422,-0.02138192793496958,22000,5852.089204350804
0.30466658438973576,0.16093536171856734,-0.006731443576919643,23000,1944.8338863255753
0.03096723983469186,0.13595097684273666,0.004225292287213995,8000,14552.421047816675
0.2764675808695338,0.15287902377365784,-0.004255979538306741,12000,12472.89232435155
0.4722332058040905,0.15799370070139607,0.00038689669288624124,10000,12308.705340727283
0.1896930846842057,0.16067309403444716,-0.005149266485948982,10000,14929.56671203167
0.1896930846842057,0.17287403969423248,-0.014080653167814887,25000,10124.162225871132
0.1896930846842057,0.13822745785801577,-0.017026945936306794,10000,14552.421047816675
0.1589499598856141,0.15513603370022647,-0.014428523049861452,7000,8054.929374637141
0.1589499598856141,0.14967962155906755,-0.011570573482168427,28000,14088.177761028734
0.07498632668291193,0.16470339035545006,-0.010369321960525799,5000,10124.162225871132
0.1589499598856141,0.16117102953363655,-0.006143132746496875,25000,6111.439449623881
0.07823302695080049,0.14259558811168177,-0.015422112457060901,15000,3721.496251044161
0.3198999136092226,0.16065245831065866,-0.013468691651906494,5000,8371.635549928305
0.3198999136092226,0.15418931411396605,-0.008656298041655377,10000,6379.779727401703
0.2764675808695338,0.17348856963137632,-0.01598407783248349,10000,9362.142291789198
0.30466658438973576,0.16116684350973115,-0.014687086418657042,3000,6029.591590125569
0.16426813223584644,0.1549400592899061,-0.021437592282616557,10000,14552.421047816675
0.030709161363584057,0.13724951967831664,-0.0071851224585836645,8000,8867.27474861856
0.3198999136092226,0.1527137117644915,-0.01605017657598978,7000,16949.69186366355
0.1589499598856141,0.17122485721102537,0.0015239532234764042,5000,12549.767112704283
0.4722332058040905,0.13612440944657694,-0.010139964113800212,10000,9568.06133278347
0.06045829535513537,0.1682222053309032,-0.0005124293475448588,10000,9921.736099442112
0.1589499598856141,0.16551970965855597,-0.007317698491950999,28000,8867.27474861856
0.0567270438764676,0.14671104809599692,-0.008672063354877675,20000,8266.360338630808
0.4722332058040905,0.16666262848992927,-0.0041922864315657735,25000,9968.772979815913
0.4722332058040905,0.15300627097198685,-0.01339460148042938,10000,6490.025297937499
0.03096723983469186,0.1556062057901366,-0.0022410341332816932,3000,6379.779727401703
0.2764675808695338,0.15652199711316558,-0.008683830519323166,10000,8781.38100521925
0.0567270438764676,0.17112214261215425,-0.008104889181089989,20000,9208.354043041478
0.30466658438973576,0.1609207678501908,-0.012846187870483104,15000,3180.534231222965
0.3965352901233879,0.14960205813828403,-0.005686864788065559,25000,5961.998200255187
0.06045829535513537,0.15625065253727013,0.010427480602577761,20000,12472.89232435155
0.0567270438764676,0.17641899550490817,-0.011197519591133326,15000,3180.534231222965
0.0567270438764676,0.149384113116056,0.007339666177514684,10000,7818.674849699402
0.30466658438973576,0.15891302136045893,-0.01056101147082352,7000,14088.177761028734
0.06045829535513537,0.17018130961428193,-0.00432573933922306,10000,8867.27474861856
0.07498632668291193,0.17763563537307545,-0.00833030750786893,10000,8054.929374637141
0.3198999136092226,0.14003245942646178,0.0013843606833595676,5000,10868.15254697223
0.4722332058040905,0.1517844292250608,-0.007783765631993151,20000,6111.439449623881
0.3198999136092226,0.1757196745112643,-0.0057180785436781,15000,8371.635549928305
0.30466658438973576,0.13705610852777697,-0.012748276510624974,20000,13439.594459895283
0.0567270438764676,0.15940679050658463,-0.005495104330694879,25000,9815.38693042659
0.3965352901233879,0.14534465346917533,-0.005543803495936095,15000,8371.635549928305
0.07498632668291193,0.17481097701833262,-0.0027062103239722285,25000,14088.177761028734
0.1589499598856141,0.16158625038547525,0.002126565348227495,3000,11700.301792294806
0.2764675808695338,0.16562754371413146,-0.008557350249770465,6000,8980.724685620986
0.4722332058040905,0.16057087293615874,-0.0062844129724713635,39000,10588.791757848958
0.03096723983469186,0.16798399438744213,-0.0018380540330144666,15000,5852.089204350804
0.4722332058040905,0.16516492547277836,-0.027741277214283228,20000,4635.668443078176
0.3198999136092226,0.15012852471774935,-0.012685570425939693,5000,6379.779727401703
0.3198999136092226,0.16202241706093798,1.9013901094103514e-05,20000,8094.365808845958
0.07823302695080049,0.13784351995658975,-0.001217459529514861,15000,16949.69186366355
0.4722332058040905,0.17561495285967413,-0.012251160369448252,15000,12549.767112704283
0.0567270438764676,0.17647102586042482,-0.018281953202584304,12000,13345.696517931832
0.03096723983469186,0.14540457213992447,-0.012775835189470924,25000,3180.534231222965
0.3965352901233879,0.15449754570786364,0.003474760903175775,22000,8054.929374637141
0.3198999136092226,0.1451426604134063,-0.011808129416174698,20000,8867.27474861856
0.06045829535513537,0.15871309276045834,-0.014492615140737419,25000,10868.15254697223
0.16426813223584644,0.14440116759413255,-0.018842116500121544,25000,3180.534231222965
0.1896930846842057,0.1608631193273423,-0.007415811160281446,10000,1932.7685273621282
0.03096723983469186,0.15859838115224564,-0.005986837394058475,15000,8044.38748849249
0.3198999136092226,0.16320748064335347,-0.015805777945532232,8000,5852.089204350804
0.07498632668291193,0.16230562202038862,-0.00801270103085854,10000,12472.89232435155
0.3965352901233879,0.16820369043720373,-0.009599515798494634,5000,5852.089204350804
0.1896930846842057,0.14881922760376876,-0.010793157133365629,15000,12549.767112704283
0.03096723983469186,0.16990694300020578,-0.012247852713664591,10000,8094.365808845958
0.1896930846842057,0.16802345493211704,-0.006639759494358765,12000,14929.56671203167
0.4722332058040905,0.16738307467051408,-0.012100399958386266,20000,5852.089204350804
0.1589499598856141,0.15994570789629978,-0.011401806932702442,12000,8298.692961111445
0.16426813223584644,0.1599229168265818,-0.003640905070066767,12000,7903.372032495086
0.1589499598856141,0.14499868234619853,-0.0077092200424012354,23000,11700.301792294806
0.0567270438764676,0.15519629493522424,-0.00306842537665941,10000,3721.496251044161
0.1589499598856141,0.1578057727117758,-0.02870362243811068,15000,9367.701460379212
0.06045829535513537,0.14887588195492546,-0.005114873107117233,25000,12549.767112704283
0.4722332058040905,0.13557075684683856,-0.014897943095974194,12000,6379.779727401703
0.3965352901233879,0.16430176871102103,-0.007635761979186607,10000,8094.365808845958
0.07498632668291193,0.1474750914996839,-0.004563599218252435,23000,16949.69186366355
0.07498632668291193,0.16553022447552945,-1.5403717901087713e-05,3000,10124.162225871132
0.1896930846842057,0.15566058752105036,-0.006937711894886674,3000,16949.69186366355
0.06045829535513537,0.1562995290961993,-0.011670316057260969,25000,11700.301792294806
0.1896930846842057,0.15514317962141372,-0.008948892833887969,20000,8867.27474861856
0.16426813223584644,0.13589964827575912,-0.006533056793008398,20000,18495.762853876247
0.3198999136092226,0.17706836808010987,-0.024491236848424143,28000,7903.372032495086
0.07823302695080049,0.15937725640824407,0.004205839105003828,10000,8781.38100521925
0.06045829535513537,0.16261046173470398,-0.015919158966669938,39000,12990.003729794424
0.2764675808695338,0.16304661888766242,-0.00963615407055409,15000,2641.9358544440147
0.30466658438973576,0.1573537498655978,0.006873545102351156,5000,15674.647469510692
0.3198999136092226,0.17706270088871562,0.00020715010543184844,28000,8980.724685620986
0.16426813223584644,0.16468850643459731,-0.003688671053342904,10000,7903.372032495086
0.03096723983469186,0.16671626604793643,0.0001387442939405059,10000,13439.594459895283
0.16426813223584644,0.16682284449187415,-0.009040749826643215,25000,5756.56884800299
0.30466658438973576,0.13646772679487423,-0.014646314083198178,12000,10868.15254697223
0.0567270438764676,0.1624371626959721,-0.0062296963696324825,12000,9921.736099442112
0.4722332058040905,0.14704612772979522,-0.019303295111716776,8000,9308.86605146799
0.30466658438973576,0.1445516829659052,-0.016610015803469564,15000,13439.594459895283
0.2764675808695338,0.1575363249723244,-0.013547849805208335,5000,3180.534231222965
0.3198999136092226,0.156790071562159,-0.0033694245934273665,25000,8867.27474861856
0.2764675808695338,0.15798057676650867,-0.003626268609874545,12000,9362.142291789198
0.1896930846842057,0.14845009073658044,-0.010547271292201716,15000,7818.674849699402
0.03096723983469186,0.1603005735044391,0.0027089927996093973,10000,8980.724685620986
0.1896930846842057,0.15749899615530003,-0.002898997057188482,10000,14088.177761028734
0.4722332058040905,0.16039395659484848,-0.020249405891831676,25000,3180.534231222965
0.30466658438973576,0.14956485644414086,-0.007886838466649582,8000,1388.161926428812
0.4722332058040905,0.1538748187725858,-0.012725428122639612,8000,18495.762853876247
0.3198999136092226,0.16764757671050326,-0.012552613174012031,28000,6490.025297937499
0.030709161363584057,0.16437546111108897,0.008254974852983469,25000,8781.38100521925
0.1589499598856141,0.14465314136738594,-0.02062551570606662,15000,14088.177761028734
0.3198999136092226,0.14736234023909384,-0.013325107990442191,12000,9968.772979815913
0.16426813223584644,0.15397794929217556,-0.012972208627195217,7000,7818.674849699402
0.1896930846842057,0.164421206007756,0.01002153258091088,3000,8094.365808845958
0.06045829535513537,0.15531593323465223,-0.00707777794177146,8000,10868.15254697223
0.03096723983469186,0.15741725466162496,-0.008743806496878535,7000,7818.674849699402
0.1896930846842057,0.1466973399811276,-0.011704761365256718,15000,6379.779727401703
0.3965352901233879,0.16150086504208871,-0.008240286226792353,5000,18495.762853876247
0.2764675808695338,0.1775332875741247,0.001630346591211551,3000,14088.177761028734
0.07823302695080049,0.14626138478455003,-0.01371803168825864,39000,12549.767112704283
0.06045829535513537,0.15170445056560625,0.0011669081119597678,3000,11428.776259500675
0.07498632668291193,0.15561783642099902,-0.013919413519558546,3000,8094.365808845958
0.1589499598856141,0.17847817039870353,-0.012823682750782675,25000,9815.38693042659
0.4722332058040905,0.17530724160118263,-0.011974758009222162,8000,9208.354043041478
0.07823302695080049,0.149537390589438,-0.009865418597317566,28000,13439.594459895283
0.1896930846842057,0.14214707129525259,-0.006252683782446162,10000,9208.354043041478
0.3198999136092226,0.15886711778693838,-0.006066513580644032,15000,15674.647469510692
0.07498632668291193,0.15420839627721833,-0.00041511879879171774,4000,14552.421047816675
0.16426813223584644,0.17136879738085548,-0.011648395034705408,25000,13439.594459895283
0.06045829535513537,0.15300331774491988,-0.016209316847407874,25000,12625.18983357999
0.3198999136092226,0.14228041435375155,0.004433777877066906,10000,8371.635549928305
0.1896930846842057,0.15249655716591745,0.0031161316815971766,4000,10588.791757848958
0.07823302695080049,0.17277168566551973,-0.005617956105190679,3000,13345.696517931832
0.3198999136092226,0.13438581814879982,0.002455867672560786,10000,7903.372032495086
0.030709161363584057,0.15480426050648946,-0.01696818647230847,23000,12549.767112704283
0.1589499598856141,0.14400660986494956,-0.017962894468738676,4000,5852.089204350804
0.1589499598856141,0.1834208787254885,-0.012424257456663165,15000,6029.591590125569
0.2764675808695338,0.16104916903728525,-0.021022521571906812,10000,12472.89232435155
0.06045829535513537,0.16688248119557927,-0.009097701586744172,5000,12990.003729794424
0.1896930846842057,0.1586661765427434,-0.009196743747779297,22000,11428.776259500675
0.3965352901233879,0.16228034774663494,-0.01630799204691552,10000,3982.1550627694223
0.30466658438973576,0.15242424083273698,-0.016858949294363615,10000,1932.7685273621282
0.3198999136092226,0.1432595595183894,0.00452822138002641,20000,9357.594394504782
0.1589499598856141,0.17603218982463895,-0.022870640609078573,28000,12549.767112704283
0.0567270438764676,0.17535439895637162,-0.024882320599049892,8000,18495.762853876247
0.16426813223584644,0.1665826590867475,-0.009334096687250222,20000,8094.365808845958
0.3198999136092226,0.15700477819732228,-0.004191867493857858,8000,7818.674849699402
0.06045829535513537,0.1803667217501768,-0.005187071930380218,25000,11428.776259500675
0.3965352901233879,0.1843426549432305,-0.00499557891431316,10000,14088.177761028734
0.030709161363584057,0.14113506380809937,-0.004037922383668783,25000,13345.696517931832
0.07498632668291193,0.15072075093396933,-0.013848798307591236,5000,12990.003729794424
0.03096723983469186,0.15667896391555328,-0.009331396023206326,39000,16949.69186366355
0.3198999136092226,0.15602716622492882,-0.0026983904030156215,10000,8266.360338630808
0.0567270438764676,0.1611065843121783,-0.0077098214315147835,39000,13439.594459895283
0.06045829535513537,0.16806742260363233,-0.026149561776657452,6000,12549.767112704283
0.07823302695080049,0.14962777180206244,-0.007561174512985631,25000,15182.209441928107
0.030709161363584057,0.13750502534009043,-0.011120946244884487,5000,11700.301792294806
0.30466658438973576,0.14080321779742644,-0.001509390760947906,6000,9367.701460379212
0.3965352901233879,0.15202459527510018,-0.001377878897294873,39000,1944.8338863255753
0.1589499598856141,0.15627224596093675,-0.01671931027241721,5000,15674.647469510692
0.4722332058040905,0.14056150129724485,0.00731083376299575,20000,7818.674849699402
0.16426813223584644,0.16732391804863822,-0.004700076426752764,10000,8266.360338630808
0.3965352901233879,0.16336155513359452,-0.009820569429691088,5000,6379.779727401703
0.30466658438973576,0.15513543749165565,0.0039994439467260405,28000,8044.38748849249
0.07498632668291193,0.16766894701834623,0.008486148447391319,4000,2149.416136534133
0.07498632668291193,0.1545877225249528,-0.025149627695216146,25000,13345.696517931832
0.3198999136092226,0.16303633382550975,-0.010787267186149257,25000,9357.594394504782
0.30466658438973576,0.1691139591453563,-0.010133851073725919,6000,10868.15254697223
0.07498632668291193,0.17528964570015199,-0.02248835740374304,20000,2955.6355296040556
0.2764675808695338,0.1480522600111295,-0.009060925444165204,20000,13345.696517931832
0.0567270438764676,0.1608968954333268,-0.01669195812815951,23000,9357.594394504782
0.30466658438973576,0.16316388887246744,-0.028612968928781585,4000,9367.701460379212
0.030709161363584057,0.16019064325918955,0.000954070585929375,25000,6490.025297937499
0.07823302695080049,0.1739947816410252,-0.025240007602058096,5000,9968.772979815913
0.1896930846842057,0.1837028748058886,-0.013099938713699742,8000,9362.142291789198
0.16426813223584644,0.1568355446652012,-0.015746979592636313,15000,8867.27474861856
0.1589499598856141,0.15055341552556273,-0.004323064229626288,25000,9208.354043041478
0.16426813223584644,0.1544011466030658,0.00771099458135725,15000,15674.647469510692
0.03096723983469186,0.16832731222285735,-0.005604888697123736,20000,3721.496251044161
0.3198999136092226,0.17553047862381768,-0.017002802669404602,5000,9362.142291789198
0.1896930846842057,0.17863048924741265,-0.011588693929908618,20000,8054.929374637141
0.30466658438973576,0.17333547783562814,-0.024638777015823975,20000,11700.301792294806
0.1589499598856141,0.161847232041708,-0.01588432952186806,6000,9367.701460379212
0.03096723983469186,0.14070664024743934,-0.005572840860661811,10000,9367.701460379212
0.4722332058040905,0.16775757413294418,-0.014021598215543081,10000,8298.692961111445
0.4722332058040905,0.17367235204738493,-0.011891328981059098,3000,13439.594459895283
0.3965352901233879,0.1508492485180027,-0.026342472712344498,8000,2955.6355296040556
0.16426813223584644,0.15509925904696403,-0.010747264460361932,6000,1944.8338863255753
0.07823302695080049,0.17198391208298114,-0.0011381041425324425,5000,9208.354043041478
0.07498632668291193,0.1434279486011122,-0.010379574172189293,25000,6379.779727401703
0.03096723983469186,0.16623080856285433,-0.01804769777785436,7000,2641.9358544440147
0.2764675808695338,0.182242555661821,-0.008048550870048259,10000,4635.668443078176
0.1589499598856141,0.16597597107050133,-0.005231379292499469,5000,2149.416136534133
0.2764675808695338,0.1796613506993647,-0.019436057544148424,10000,4635.668443078176
0.1896930846842057,0.14313030637097718,-0.02554955219698876,12000,2955.6355296040556
0.1896930846842057,0.16846944229943636,-0.017507081036628437,15000,3180.534231222965
0.1589499598856141,0.15467545910150832,-0.01801432847827695,25000,12472.89232435155
0.1896930846842057,0.14498399415148175,0.0011333540498921614,15000,10868.15254697223
0.03096723983469186,0.15486240499468548,-0.006275863398319994,3000,9921.736099442112
0.06045829535513537,0.15006516222553656,-0.009166238565885217,20000,8781.38100521925
0.4722332058040905,0.15437882978876466,-0.013974333042617398,8000,6111.439449623881
0.07823302695080049,0.14267481585335606,-0.007310841520442319,20000,8044.38748849249
0.030709161363584057,0.16659569413814254,-0.0037958339482534738,10000,3721.496251044161
0.1589499598856141,0.15592353152679164,0.0005365904600080505,28000,5852.089204350804
0.0567270438764676,0.17360563017459812,0.003955256060762926,22000,8054.929374637141
0.16426813223584644,0.16014185282680904,-0.007968050885067595,28000,12308.705340727283
0.3198999136092226,0.17189060381396423,-0.003834910401474458,39000,6111.439449623881
0.07823302695080049,0.1646796544134405,-0.0014070974373516087,8000,7903.372032495086
0.0567270438764676,0.161627021358782,-0.016221546804286294,10000,6379.779727401703
0.4722332058040905,0.18551321000041218,-0.005960916062778088,10000,5756.56884800299
0.3965352901233879,0.15292556533449964,-0.0018456860277023504,28000,6379.779727401703
0.1589499598856141,0.14471459378573936,-0.012832771570875815,28000,9921.736099442112
0.30466658438973576,0.15500293719261768,-0.015811838729567314,4000,8980.724685620986
0.07498632668291193,0.16598335474443787,-0.016049456573344577,20000,3721.496251044161
0.3965352901233879,0.14771834162786115,-0.01658730681705175,22000,8094.365808845958
0.07498632668291193,0.16706856730559647,-0.005787717177783036,7000,6029.591590125569
0.0567270438764676,0.15042109560748826,0.005260535749059241,12000,9568.06133278347
0.03096723983469186,0.18252764554645493,-0.009215129525963227,10000,10588.791757848958
0.3198999136092226,0.18315257638054055,-0.017777843681139664,10000,6111.439449623881
0.30466658438973576,0.16432524166742543,-0.01320224028316784,39000,1932.7685273621282
0.03096723983469186,0.14126664594710472,-0.004929420137186912,12000,12549.767112704283
0.4722332058040905,0.15858667750434943,-0.010732986957551349,20000,5961.998200255187
0.07498632668291193,0.16858184261997222,-0.0032461465728480876,10000,8044.38748849249
0.30466658438973576,0.13827378884420297,0.0068645230208357584,8000,8980.724685620986
0.4722332058040905,0.13300455560449834,-0.008042750321427703,10000,8094.365808845958
0.2764675808695338,0.18227196255130318,-0.020156731314883113,25000,3721.496251044161
0.03096723983469186,0.14688783318326687,-0.010262879247116196,15000,5961.998200255187
0.1896930846842057,0.17126474979988518,-0.01553203859683785,10000,13345.696517931832
0.16426813223584644,0.16124496043334638,-0.014841983438382039,8000,15182.209441928107
0.3198999136092226,0.15149848695646984,-0.005516534008766804,12000,9208.354043041478
0.1896930846842057,0.15720308196277438,0.000671715934834168,8000,14929.56671203167
0.2764675808695338,0.1555496713840697,-0.014314367494769283,28000,9357.594394504782
0.4722332058040905,0.16826459383068904,-0.0183491204257485,15000,12472.89232435155
0.030709161363584057,0.1624570015341195,-0.0006903573011829416,5000,15182.209441928107
0.07498632668291193,0.14220532067142128,0.011299849830770689,25000,9367.701460379212
0.03096723983469186,0.17521244574699565,-0.01156797380321802,23000,14552.421047816675
0.1589499598856141,0.1438518089492808,0.0008094599421518841,15000,10868.15254697223
0.16426813223584644,0.16197913245820278,-0.00798399998136599,10000,13345.696517931832
0.1896930846842057,0.16078467402465801,-0.016322675280831096,10000,9921.736099442112
0.30466658438973576,0.15962916800127586,-0.017995072557932167,15000,15674.647469510692
0.06045829535513537,0.16366230815317762,-0.013322590432546971,8000,1388.161926428812
0.3198999136092226,0.14401218706951727,-0.011703568771424918,23000,5852.089204350804
0.1589499598856141,0.1559222489447974,-0.01954318541877525,6000,18495.762853876247
0.03096723983469186,0.13361770918990273,-0.0060998988821533125,25000,12308.705340727283
0.0567270438764676,0.14941794783000284,-0.009769661566551818,20000,15182.209441928107
0.0567270438764676,0.15956538680311508,-0.002867926162003872,20000,5961.998200255187
0.06045829535513537,0.14323727474409328,-0.01186313281565067,6000,3180.534231222965
0.1589499598856141,0.16114777622738852,-0.016098883346262804,6000,15674.647469510692
0.07823302695080049,0.15825544141686107,-0.01561895814920247,15000,12308.705340727283
0.06045829535513537,0.1412504237463062,-0.0012878503142416784,10000,11428.776259500675
0.3198999136092226,0.15088144855622626,-0.001318586987594821,5000,11428.776259500675
0.07498632668291193,0.15354581969754133,0.005109253608858526,28000,9362.142291789198
0.3965352901233879,0.17948574352969132,-0.020976340497198934,20000,6111.439449623881
0.06045829535513537,0.1776789240319296,-0.008993568149149376,10000,8044.38748849249
0.07498632668291193,0.16588734716605374,-0.001026202386674115,25000,5852.089204350804
0.030709161363584057,0.15533494852155255,-0.010507211240383008,3000,14552.421047816675
0.07498632668291193,0.15744795373734177,-0.014498519418218872,10000,10124.162225871132
0.07823302695080049,0.15649681318247308,-0.013781158139765527,5000,14088.177761028734
0.16426813223584644,0.13343289938966937,-0.011654707290955843,10000,9367.701460379212
0.07823302695080049,0.14701136504689857,-0.02664440945581101,10000,8054.929374637141
0.030709161363584057,0.1348707796259249,0.005958568091887293,25000,12625.18983357999
0.16426813223584644,0.16883734135975118,-0.015681256436100424,8000,8054.929374637141
0.07498632668291193,0.14188562235019428,-0.010444859831237411,4000,15674.647469510692
0.07498632668291193,0.14417823156214865,0.004737045200122495,12000,15182.209441928107
0.2764675808695338,0.1680464085495306,-0.015930940359846605,15000,12549.767112704283
0.30466658438973576,0.16352557265001885,-0.010298764645862003,15000,6111.439449623881
0.06045829535513537,0.17692951009623442,-0.002622993671683753,10000,12549.767112704283
0.1896930846842057,0.16595896690709153,-0.008520660540408263,5000,9921.736099442112
0.030709161363584057,0.16390521327860352,-0.00925453154546423,20000,6379.779727401703
0.3198999136092226,0.16629769480923226,-0.004969182915789925,10000,14088.177761028734
0.3965352901233879,0.16422932857393932,0.001834786623997335,25000,8044.38748849249
0.07498632668291193,0.13639190503875448,-0.004701921967183085,10000,5852.089204350804
0.1589499598856141,0.15431838754722127,-0.003977398126088293,8000,15182.209441928107
0.1896930846842057,0.1609269803137577,-0.014538663875630237,10000,13439.594459895283
0.4722332058040905,0.17133311320665826,-0.007866579105286244,3000,6490.025297937499
0.16426813223584644,0.15562119967966484,-0.0052605201577723805,4000,8266.360338630808
0.4722332058040905,0.15771364995515252,-0.008135625900499209,12000,9367.701460379212
0.4722332058040905,0.18295092446924555,-0.011374441623618952,10000,10124.162225871132
0.16426813223584644,0.13616735022734597,-0.013428805332639421,10000,10124.162225871132
0.3965352901233879,0.13413991692908642,-0.011013765360083605,8000,8298.692961111445
0.3965352901233879,0.15459993595074376,-0.008068902666467453,22000,1388.161926428812
0.2764675808695338,0.16981006808544644,0.001095027537796539,5000,8781.38100521925
0.3965352901233879,0.15604081450289564,0.0034056959241226016,3000,6379.779727401703
0.16426813223584644,0.1619892261280238,-0.0040908532002128135,25000,8298.692961111445
0.4722332058040905,0.1794834476445097,0.0016109114073088978,22000,9815.38693042659
0.3965352901233879,0.1720876641490253,-0.008807923714105732,22000,8781.38100521925
0.07823302695080049,0.14469220243545744,-0.006200494658538377,10000,8298.692961111445
0.07823302695080049,0.16315723680203256,-0.019498554372131553,25000,2955.6355296040556
0.3965352901233879,0.1600760868342328,-0.011143497141847583,22000,2955.6355296040556
0.3965352901233879,0.14611229643350485,-0.0099217621742197,25000,5961.998200255187
0.1589499598856141,0.14571270447452664,-0.010478066483810385,8000,3721.496251044161
0.1589499598856141,0.1493306940243744,-0.013018926761015586,6000,2149.416136534133
0.030709161363584057,0.17212065735441354,-0.009098826976591456,15000,15182.209441928107
0.07823302695080049,0.16672349669250958,-0.008851558101719469,15000,12549.767112704283
0.07498632668291193,0.1566943226652475,-0.007223161156359722,23000,9921.736099442112
0.16426813223584644,0.16240658193556629,-0.015892066859594066,8000,1388.161926428812
0.3198999136092226,0.1566329006301669,0.004398939511034624,25000,6111.439449623881
0.3965352901233879,0.13466389908084517,-0.0024095503318733898,25000,9367.701460379212
0.30466658438973576,0.1636771780160042,-0.017630528593642114,12000,12472.89232435155
0.3965352901233879,0.14156929806105328,-0.0060792238520394025,28000,5961.998200255187
0.3198999136092226,0.17106951061422607,-0.02233820959233742,15000,2955.6355296040556
0.03096723983469186,0.15447710720790916,0.0009663526740170228,6000,13345.696517931832
0.3198999136092226,0.14515324014240003,-0.0007888707115462377,25000,10124.162225871132
0.0567270438764676,0.16001768192076787,-0.0028747010193654965,7000,11700.301792294806
0.06045829535513537,0.1652292063978133,-0.016572673523271634,10000,8298.692961111445
0.2764675808695338,0.15325509065619206,-0.01654039909868576,10000,8266.360338630808
0.07823302695080049,0.16128246874997385,-0.011497414972201019,3000,3982.1550627694223
0.0567270438764676,0.17262352585732674,0.019500249237423817,7000,11700.301792294806
0.3965352901233879,0.1555255793068974,-0.006704382624555222,10000,2641.9358544440147
0.03096723983469186,0.1636924912942426,-0.011795941121865603,25000,15674.647469510692
0.07823302695080049,0.1696658395489227,0.0001539901188872468,12000,18495.762853876247
0.30466658438973576,0.18428436413215674,-0.0036024077246059817,6000,12990.003729794424
0.1589499598856141,0.1819626541688599,-0.007085887678981341,25000,2955.6355296040556
0.1589499598856141,0.16980760033240097,-0.0036466416609557276,20000,11428.776259500675
0.0567270438764676,0.14924327893483208,-0.008512791383435137,15000,8781.38100521925
0.1589499598856141,0.1396897753401697,-0.016502175060414334,10000,3982.1550627694223
0.03096723983469186,0.152403883203567,-0.012467627502119162,8000,9357.594394504782
0.16426813223584644,0.1709641538598386,-0.017893765034124157,25000,9367.701460379212
0.06045829535513537,0.17463692892821756,-0.013697910676877704,12000,16949.69186366355
0.3198999136092226,0.16862535022345823,-0.006239718031470819,23000,6111.439449623881
0.03096723983469186,0.1408797784297717,-0.01314763138401491,10000,9367.701460379212
0.07823302695080049,0.17782393907303912,-0.011307915984889269,12000,8867.27474861856
0.3965352901233879,0.16169523879142525,-0.006941805901741367,12000,5852.089204350804
0.07823302695080049,0.1671451710021724,-0.01864885619665023,5000,18495.762853876247
0.03096723983469186,0.14085790173966647,-0.016318001437649728,5000,3180.534231222965
0.4722332058040905,0.1593665358286467,-0.001288233068304381,3000,7818.674849699402
0.06045829535513537,0.18490671455393612,-0.014147254436240085,8000,6379.779727401703
0.30466658438973576,0.1613995130572478,-0.016539966859041935,23000,8867.27474861856
0.07823302695080049,0.1662629878264167,-0.016910023668180677,12000,1944.8338863255753
0.3198999136092226,0.18108575534277868,-0.013976090503728658,5000,3982.1550627694223
0.1896930846842057,0.1547448846888283,-0.0014463564387540285,23000,9208.354043041478
0.1589499598856141,0.15226200135618598,0.0017582535108629945,12000,10124.162225871132
0.0567270438764676,0.16976769562531374,0.009045409193515545,23000,8980.724685620986
0.3198999136092226,0.15546421856192716,-0.001262684230668311,15000,9968.772979815913
0.03096723983469186,0.17943817356521824,-0.011538767105993549,25000,2955.6355296040556
0.16426813223584644,0.15808226960193725,-0.00465157682593052,15000,1944.8338863255753
0.03096723983469186,0.18385094231616234,-0.004509518590031272,15000,8980.724685620986
0.07823302695080049,0.15519918666305885,-0.01179349694206478,12000,9362.142291789198
0.3965352901233879,0.1549798835230502,-0.01676544459705203,6000,9208.354043041478
0.0567270438764676,0.15795937873639895,-0.013905700429228094,20000,11428.776259500675
0.1589499598856141,0.16534956047390834,-0.005773147423330525,15000,4635.668443078176
0.4722332058040905,0.1643191667983117,-0.006810443641109301,6000,6379.779727401703
0.4722332058040905,0.15869361272265778,-0.015806835249610154,15000,9357.594394504782
0.03096723983469186,0.1466301262646643,-0.006212674776492879,3000,14088.177761028734
0.0567270438764676,0.16822874330562967,-0.012086833698181322,15000,12549.767112704283
0.30466658438973576,0.13641838668406522,-0.01441253304599612,8000,9208.354043041478
0.3198999136092226,0.17008723467483822,-0.0010929953474120991,39000,8781.38100521925
0.1589499598856141,0.16736971281693946,-0.003906490970831786,20000,8044.38748849249
0.2764675808695338,0.1731302141685152,-0.01064536424979595,25000,7903.372032495086
0.3965352901233879,0.1452530389986086,-0.017504104963538214,28000,9367.701460379212
0.30466658438973576,0.1586216468567412,-0.008903386638985624,15000,13345.696517931832
0.30466658438973576,0.16128841900684077,-0.017239869180893857,20000,7818.674849699402
0.30466658438973576,0.15399930215483532,-0.012433748044611871,12000,8094.365808845958
0.07498632668291193,0.16663518348394193,-0.01292401646747461,39000,3721.496251044161
0.0567270438764676,0.17305602550124996,-0.004601446847869598,25000,2955.6355296040556
0.0567270438764676,0.16267254823316532,0.0017303747422596897,12000,7903.372032495086
0.07823302695080049,0.15528494467701673,-0.0165589623826804,22000,9568.06133278347
0.07823302695080049,0.15205681102973936,-0.000745641616798742,15000,8054.929374637141
0.3965352901233879,0.14835678614852243,0.0014914975811462525,3000,1388.161926428812
0.07498632668291193,0.13426246074927553,-0.011798221572099343,20000,11700.301792294806
0.4722332058040905,0.16267656802556074,-0.007349712276368061,15000,8980.724685620986
0.1589499598856141,0.1713010290655003,-0.00022452003084443142,6000,1932.7685273621282
0.030709161363584057,0.1494090395083242,-0.002106418042076702,39000,8980.724685620986
0.03096723983469186,0.1437585805094732,-0.0056105732687559895,12000,8980.724685620986
0.0567270438764676,0.15366417455684944,-0.0023034464089810324,28000,7818.674849699402
0.030709161363584057,0.13817064586977545,-0.00840726713150567,25000,9357.594394504782
0.06045829535513537,0.17167787910180962,-0.022339813440322622,10000,9208.354043041478
0.06045829535513537,0.1711110289462828,-0.01373342509361982,8000,5756.56884800299
0.07498632668291193,0.1698263643782579,-0.010054337786392514,10000,9568.06133278347
0.4722332058040905,0.1768465861078475,-0.010253808922195792,12000,10868.15254697223
0.4722332058040905,0.14359544097097895,-0.010631515734599712,23000,1944.8338863255753
0.0567270438764676,0.15550164822568818,-0.018159033704633044,3000,10588.791757848958
0.030709161363584057,0.15365561723722157,-0.024928920451513466,8000,6490.025297937499
0.030709161363584057,0.1741670288219559,-0.011150765005001331,20000,8371.635549928305
0.1589499598856141,0.16935467610966298,-0.014882235708915816,6000,3721.496251044161
0.0567270438764676,0.17666034963468621,-0.011336573912582823,20000,6490.025297937499
0.06045829535513537,0.14280239323189478,-0.0004021249354258433,6000,18495.762853876247
0.3965352901233879,0.1563900183593308,0.012645996202144743,4000,8371.635549928305
0.1589499598856141,0.1852356637952029,-0.008342273927650128,22000,9568.06133278347
0.07823302695080049,0.15467622717604937,-0.0062209480893293855,5000,8371.635549928305
0.4722332058040905,0.1444450583505919,-0.015754627472629165,3000,9308.86605146799
0.3965352901233879,0.14903132608829314,-0.0014592751179939478,6000,9921.736099442112
0.07823302695080049,0.14854721275106703,-0.00527316712708087,15000,6029.591590125569
0.16426813223584644,0.1471295517586155,-0.01420695701711283,3000,14088.177761028734
0.2764675808695338,0.16531722932681758,0.0023370767616354014,12000,10868.15254697223
0.2764675808695338,0.14732276281487708,-0.005634374490967202,25000,9968.772979815913
0.30466658438973576,0.1695863744067678,-0.002867610272758237,3000,8044.38748849249
0.16426813223584644,0.16019852015330074,-0.0028151377633767365,28000,5961.998200255187
0.030709161363584057,0.15556592447498452,-0.012770280537571338,23000,16949.69186366355
0.3198999136092226,0.1499408354783608,-0.009850858265030824,15000,11428.776259500675
0.07498632668291193,0.14140480689800003,-0.010011248683337727,6000,8371.635549928305
0.2764675808695338,0.14635765159045042,0.00017446894891679103,39000,14088.177761028734
0.1589499598856141,0.1718126968457988,-0.0051847276616471885,25000,9968.772979815913
0.030709161363584057,0.16438824414923733,-0.004917522780554178,10000,8266.360338630808
0.030709161363584057,0.15311129019591324,-0.008833245079662544,5000,10868.15254697223
0.2764675808695338,0.17506014414111357,-0.009230652566826786,4000,9968.772979815913
0.07823302695080049,0.18358420450765794,-0.023497437144674064,39000,10868.15254697223
0.3198999136092226,0.17306936651586216,-0.013888755097138742,4000,9367.701460379212
0.030709161363584057,0.14810376666604072,-0.013011958574499065,15000,9568.06133278347
0.16426813223584644,0.16717291316505983,-0.00361749874203249,4000,11700.301792294806
0.1589499598856141,0.13524581331283125,-0.018528915632929868,20000,12549.767112704283
0.06045829535513537,0.16505612087474544,-0.005512187583924465,7000,6490.025297937499
0.3965352901233879,0.1733149335376439,-0.0060758505660466295,15000,9815.38693042659
0.07823302695080049,0.15256434734542582,-0.005160506044077207,10000,9568.06133278347
0.03096723983469186,0.15757485728295773,0.0010058856281930462,3000,13345.696517931832
0.1589499598856141,0.15293358495939272,-0.0006687988095766274,25000,2955.6355296040556
0.1896930846842057,0.16925559471679058,-0.006531100578852066,28000,12472.89232435155
0.3198999136092226,0.17422847177012396,-0.02706798851164484,12000,7818.674849699402
0.03096723983469186,0.16633472062079774,-0.003986531971450344,5000,5852.089204350804
0.03096723983469186,0.1535039163218592,-0.025720267751766925,5000,8867.27474861856
0.2764675808695338,0.1610700848901598,-0.019192482553028026,25000,8298.692961111445
0.30466658438973576,0.18162273986520272,-0.013917709111189223,3000,3982.1550627694223
0.4722332058040905,0.15097217395164447,-0.000157981976876938,3000,2641.9358544440147
0.1589499598856141,0.16727123066240823,-0.016258785728584767,8000,1932.7685273621282
0.3198999136092226,0.15313889296747218,-0.009079325777890796,10000,15674.647469510692
0.0567270438764676,0.15878198217604747,-0.014726303664113146,25000,9357.594394504782
0.07498632668291193,0.16252409618734248,0.0007000206697154569,4000,15674.647469510692
0.2764675808695338,0.17073504166309073,-0.002587230241457195,12000,1388.161926428812
0.0567270438764676,0.1462756341154762,-0.02513825385880761,3000,5852.089204350804
0.2764675808695338,0.15582485495840964,-0.010727702200538623,39000,8298.692961111445
0.1589499598856141,0.16930207799038346,-0.010567727716817115,10000,11700.301792294806
0.30466658438973576,0.13884777569696874,-0.031233989734179925,5000,15182.209441928107
0.0567270438764676,0.16951510742956316,-0.02272788040495412,10000,15674.647469510692
0.07498632668291193,0.16739760829135433,-0.02464229706268907,20000,13439.594459895283
0.1589499598856141,0.16679378921514673,-0.003271562599013192,10000,2641.9358544440147
0.3965352901233879,0.1387500384576082,0.00166424739087058,3000,10588.791757848958
0.3198999136092226,0.1535061564386514,-0.0208650856244924,5000,9968.772979815913
0.030709161363584057,0.1581585974279106,-0.009626379448067188,10000,16949.69186366355
0.4722332058040905,0.15650230994401818,-0.019542298100037332,10000,6111.439449623881
0.3965352901233879,0.18400626825267094,0.006691523263461909,39000,8781.38100521925
0.1589499598856141,0.1661677932697209,4.514712140080307e-05,23000,7818.674849699402
0.030709161363584057,0.1563261181321895,-0.01340602416086972,15000,7818.674849699402
0.07823302695080049,0.1388414614930846,-0.014383219656686671,20000,9921.736099442112
0.07823302695080049,0.1535841503415881,-0.0018137808318707306,22000,10124.162225871132
0.30466658438973576,0.1584626912649712,-0.007275546199915199,10000,9367.701460379212
0.3198999136092226,0.14650909620151364,-0.011025639450653572,10000,2149.416136534133
0.030709161363584057,0.15855143401650773,-0.00256550535670184,15000,6379.779727401703
0.07823302695080049,0.1501279638902629,-0.012314449011898616,6000,5852.089204350804
0.4722332058040905,0.14925608635678134,-0.011539270282244761,5000,5756.56884800299
0.06045829535513537,0.14897280266046925,-0.01709112045956503,25000,1932.7685273621282
0.1589499598856141,0.1531531962246288,-0.004027174305184114,25000,8781.38100521925
0.3965352901233879,0.15499662433992972,-0.001366450350553614,25000,3982.1550627694223
0.2764675808695338,0.15877037168532912,-0.0017353659707025095,22000,6379.779727401703
0.030709161363584057,0.16007132517183112,-0.00960880049290755,15000,14088.177761028734
0.07498632668291193,0.15564234871259602,-0.018117734076367277,5000,15674.647469510692
0.4722332058040905,0.1693486886565221,-0.014620275684742865,3000,6029.591590125569
0.1896930846842057,0.16737667230113415,-0.007130158245033361,5000,9208.354043041478
0.030709161363584057,0.1816038724350554,-0.002521812400419267,10000,3721.496251044161
0.3198999136092226,0.15334273134962748,-0.020906456851686454,15000,9362.142291789198
0.03096723983469186,0.1441474413253535,-0.01361721647786257,25000,8266.360338630808
0.4722332058040905,0.1822099536548922,-0.011060586427679892,5000,12308.705340727283
0.30466658438973576,0.16817997143001792,-0.007350315670905654,25000,2955.6355296040556
0.16426813223584644,0.16947570504454806,0.003083749370902818,12000,12549.767112704283
0.06045829535513537,0.16940089749150228,-0.00658881786993271,5000,12625.18983357999
0.3965352901233879,0.1513425133831255,-0.007694102183605871,22000,15674.647469510692
0.1896930846842057,0.15197255587240863,-0.009246603682116971,10000,12308.705340727283
0.1589499598856141,0.15210799479485893,-0.023867771526224133,20000,2149.416136534133
0.1896930846842057,0.1579538783594941,-0.017152987217396047,7000,8867.27474861856
0.06045829535513537,0.1685437925344664,-0.008032793325543127,39000,9968.772979815913
0.07498632668291193,0.16659780802690347,-0.004242504428231993,22000,6111.439449623881
0.16426813223584644,0.14492766820545716,-0.01169383935416845,10000,10588.791757848958
0.1589499598856141,0.15411166150759964,-0.006092457491576227,10000,11428.776259500675
0.06045829535513537,0.17874861455454533,0.003494109959862452,25000,13439.594459895283
0.1589499598856141,0.14269541235749433,-0.01307551942424537,28000,9921.736099442112
0.06045829535513537,0.14545043650528205,-0.002533511767023985,28000,6111.439449623881
0.03096723983469186,0.1703584673122276,0.0013030962940531663,10000,10868.15254697223
0.1896930846842057,0.16222259749642512,-0.010371312352217797,20000,8054.929374637141
0.2764675808695338,0.17480602572561482,-0.013171970549257271,15000,9815.38693042659
0.030709161363584057,0.16821850262871643,-0.009374277688138768,28000,9968.772979815913
0.16426813223584644,0.1514820842243583,0.004697583214730061,39000,8044.38748849249
0.2764675808695338,0.15378405478547674,-0.0009938819933064066,15000,14929.56671203167
0.06045829535513537,0.14120799788052155,0.004079761988558408,25000,1932.7685273621282
0.30466658438973576,0.13318229028272127,-0.010985055882046277,10000,9362.142291789198
0.0567270438764676,0.16704671684680586,-0.014984096321260602,25000,12549.767112704283
0.3965352901233879,0.1407380954817132,-0.008383108948978403,10000,1388.161926428812
0.06045829535513537,0.1585077166186513,-0.005022006960670023,25000,10588.791757848958
0.1896930846842057,0.14766881232817092,0.00269402548971231,25000,9568.06133278347
0.07823302695080049,0.15996037523013995,-0.00121604189190804,23000,10124.162225871132
0.30466658438973576,0.15698488907657387,-0.016814198014445295,39000,8781.38100521925
0.1896930846842057,0.1588413220292444,-0.007387332995548151,25000,3982.1550627694223
0.3198999136092226,0.1460218449720531,-0.014839977593895132,39000,14088.177761028734
0.07498632668291193,0.18368955682495172,-0.011520913224554343,10000,10124.162225871132
0.07823302695080049,0.16119183606905466,-0.01059788308162847,25000,2149.416136534133
0.06045829535513537,0.14615622998635724,-0.014424963901499306,25000,9568.06133278347
0.0567270438764676,0.14965855356761287,-0.0018550931857801275,25000,3721.496251044161
0.4722332058040905,0.1646248061672582,-0.00981925386841429,6000,8781.38100521925
0.03096723983469186,0.17930198901672847,-0.010435752273591233,10000,7903.372032495086
0.4722332058040905,0.16255603721349976,-0.008809358686939606,20000,9921.736099442112
0.16426813223584644,0.15675530004391638,-0.01621810087199629,12000,12990.003729794424
0.4722332058040905,0.1554797664558813,-0.01433102099920337,3000,9308.86605146799
0.3198999136092226,0.15834939036293036,0.00552154206957329,10000,9921.736099442112
0.30466658438973576,0.13423919843814905,-0.000845726707870503,23000,8044.38748849249
0.030709161363584057,0.14906570647653367,-0.009092687226553419,25000,11700.301792294806
0.4722332058040905,0.17078371377544677,-0.007969285407307233,25000,6029.591590125569
0.3965352901233879,0.16737879256258592,-0.005611592927605172,12000,14929.56671203167
0.30466658438973576,0.13386031031555434,-0.001513497678429711,23000,3721.496251044161
0.1589499598856141,0.14315706445518347,-0.005549142915429867,10000,8094.365808845958
0.0567270438764676,0.14774600540160066,-0.01722700987686524,25000,6029.591590125569
0.3965352901233879,0.15183020107637993,-0.0032899733926763826,15000,9208.354043041478
0.030709161363584057,0.1546401538874757,0.008883918080696662,20000,11700.301792294806
0.06045829535513537,0.1662474736942323,-0.0026633500449143263,8000,9815.38693042659
0.06045829535513537,0.16823535352990848,-0.01678825525814083,10000,8054.929374637141
0.4722332058040905,0.15788843663198038,0.004892038707278289,12000,14929.56671203167
0.030709161363584057,0.15632644081346542,-0.014837550419988091,6000,1944.8338863255753
0.3965352901233879,0.1732142701623595,-0.002486408712451631,28000,5961.998200255187
0.07823302695080049,0.15793411565246698,-0.0030327161856170933,22000,6379.779727401703
0.3198999136092226,0.14458117544763846,-0.007318342257256547,5000,14552.421047816675
0.1896930846842057,0.1473921925609245,-0.011492988251523263,10000,15182.209441928107
0.1589499598856141,0.1537394787378915,-0.00840296304400222,39000,3982.1550627694223
0.30466658438973576,0.16812602534769092,-0.009348159268101522,3000,5756.56884800299
0.16426813223584644,0.15114413513454625,-0.011827610847535365,10000,5852.089204350804
0.3198999136092226,0.14943766785883433,-0.009276803092721646,3000,12625.18983357999
0.03096723983469186,0.1442005761195114,-0.019692541844752994,25000,16949.69186366355
0.2764675808695338,0.17151883352312378,-0.0035230790173178443,22000,14088.177761028734
0.4722332058040905,0.14568791144901075,-0.0014807189069624626,8000,2149.416136534133
0.2764675808695338,0.15946663881257764,-0.0010135651331256103,28000,10124.162225871132
0.4722332058040905,0.13623311811023747,-0.0038623265855557472,10000,9921.736099442112
0.16426813223584644,0.17101020491632343,-0.00918229570949672,5000,8867.27474861856
0.1589499598856141,0.15960295914278932,-0.02465740941373384,8000,5852.089204350804
0.1896930846842057,0.16865764949793813,0.00547215283596866,25000,3180.534231222965
0.07823302695080049,0.15116090754833325,-0.008119799413008553,15000,12990.003729794424
0.06045829535513537,0.16945652114737808,-0.005944068163421516,8000,9208.354043041478
0.07823302695080049,0.14822657440853074,-0.014392623514576148,5000,8371.635549928305
0.4722332058040905,0.137238921382138,0.001170995810335766,12000,15674.647469510692
0.16426813223584644,0.14419591072381163,-0.005551291402459229,10000,8094.365808845958
0.06045829535513537,0.16921060054874343,-0.0012276559352748,5000,1944.8338863255753
0.06045829535513537,0.1439828052945494,-0.012802937768985456,22000,14552.421047816675
0.3965352901233879,0.15567921673598767,-0.008202342553779227,20000,13345.696517931832
0.3965352901233879,0.15602168610171255,-0.01602468112644929,5000,5961.998200255187
0.03096723983469186,0.14706652911928417,-0.00520531052580762,12000,3180.534231222965
0.07823302695080049,0.1538803842202019,-0.011417307878444796,5000,12625.18983357999
0.3965352901233879,0.150186229842594,-0.012847288556996126,12000,9815.38693042659
0.0567270438764676,0.15718415358121948,-0.024027741964460857,15000,11428.776259500675
0.1896930846842057,0.17356165354306397,-0.014820950515253522,22000,15674.647469510692
0.03096723983469186,0.15769557271182946,0.003902153167139293,10000,14088.177761028734
0.2764675808695338,0.162156139042366,-0.016979558569155846,20000,9208.354043041478
0.1589499598856141,0.15135506994617792,-0.021872973604755045,20000,9568.06133278347
0.2764675808695338,0.15209062431066647,-0.00979496713989157,25000,9968.772979815913
0.30466658438973576,0.16775101822119615,-0.019645815381025947,6000,2149.416136534133
0.30466658438973576,0.18344722946013978,-0.0191561478631469,10000,6490.025297937499
0.3965352901233879,0.16373186345407542,0.00038597046834070234,22000,3180.534231222965
0.1589499598856141,0.15910107915330135,-0.012918877492328439,25000,6029.591590125569
0.3965352901233879,0.15833323091775844,-0.005253871920366056,10000,12625.18983357999
0.16426813223584644,0.1530252290418402,-0.027658722625933743,15000,12308.705340727283
0.1896930846842057,0.13795693883761614,-0.005243780626240078,3000,18495.762853876247
0.030709161363584057,0.15070765465837155,-0.010504270268835313,10000,2641.9358544440147
0.16426813223584644,0.15243092325597707,-0.007576298778381047,3000,1944.8338863255753
0.1896930846842057,0.15177504742588052,-0.0011041056849581399,3000,7818.674849699402
0.3198999136092226,0.16181279558057787,-0.009276031250058917,10000,8867.27474861856
0.0567270438764676,0.16496915193746042,0.0011968731659652715,4000,9921.736099442112
0.3198999136092226,0.14185992841614756,-0.01320268408881717,6000,5961.998200255187
0.1589499598856141,0.15751041176582778,-0.008418730766591857,7000,9367.701460379212
0.07823302695080049,0.18066197424271618,-0.012186865623263491,5000,2641.9358544440147
0.3198999136092226,0.16180128056663834,-0.002935172196266461,8000,10124.162225871132
0.06045829535513537,0.13488261504162483,-0.01633489333465021,15000,5756.56884800299
0.1589499598856141,0.1638515221199876,-0.015411887456447572,5000,8298.692961111445
0.1896930846842057,0.16467475189943315,-0.0074785975427309895,28000,6379.779727401703
0.06045829535513537,0.17142585437072685,-0.004317168993924553,4000,14088.177761028734
0.3965352901233879,0.1642240573200776,-0.013603053237438854,10000,3180.534231222965
0.1589499598856141,0.16622304497689844,-0.0037181142575741185,28000,2641.9358544440147
0.30466658438973576,0.14219324294742333,-0.013345105854470948,23000,2641.9358544440147
0.3198999136092226,0.18247200209714737,-0.002137885422495637,10000,15674.647469510692
0.16426813223584644,0.15559085748168452,-0.006770795365549161,8000,12308.705340727283
0.4722332058040905,0.15646173785561476,-0.006350987283406446,3000,14552.421047816675
0.1589499598856141,0.18424465214449076,-0.0033655737881949613,15000,5961.998200255187
0.030709161363584057,0.162246980157973,-0.0006731950276465644,6000,12308.705340727283
0.30466658438973576,0.16182709250441382,-0.009726452936732945,6000,5852.089204350804
0.2764675808695338,0.15551689402015936,-0.003536708500228047,15000,10588.791757848958
0.3198999136092226,0.1427692779332445,-0.0028999100755750713,10000,11428.776259500675
0.07823302695080049,0.1590816072231604,-0.024692519602085995,25000,3982.1550627694223
0.1896930846842057,0.17952486780961774,3.022566214635138e-05,5000,5961.998200255187
0.16426813223584644,0.1514779323338558,0.0026973531688021285,25000,6029.591590125569
0.1896930846842057,0.16782792892222656,-0.012042908135401025,7000,4635.668443078176
0.16426813223584644,0.13557940022173415,-0.012438874924813307,15000,2955.6355296040556
0.2764675808695338,0.17235645454390797,-0.010324784869263477,4000,12990.003729794424
0.03096723983469186,0.13691110771721088,-0.0054223100265447,10000,8298.692961111445
0.0567270438764676,0.15776514028172134,-0.013092124258526837,25000,1932.7685273621282
0.07498632668291193,0.15194420360048855,-0.005301170616830381,22000,9815.38693042659
0.03096723983469186,0.16974828681803997,-0.011870449060494871,15000,9362.142291789198
0.3965352901233879,0.17400072603149394,-0.0025242195777746604,10000,13345.696517931832
0.4722332058040905,0.1761422545663208,-0.021040116009621013,8000,9208.354043041478
0.4722332058040905,0.15293152906970495,-0.013755003934291446,15000,14088.177761028734
0.07823302695080049,0.1374133870668743,-0.01637707583073244,22000,15182.209441928107
0.06045829535513537,0.1509652175239143,-0.010155663245610656,20000,8867.27474861856
0.30466658438973576,0.1486621110084084,-0.004512122432735278,25000,12990.003729794424
0.4722332058040905,0.14484386984748646,-0.011550128704327981,25000,14552.421047816675
0.2764675808695338,0.1480896694265354,-0.012365436246545965,39000,18495.762853876247
0.30466658438973576,0.15941907619143592,-0.0032735377124741318,12000,12308.705340727283
0.4722332058040905,0.13660055128518922,-0.004901820819153736,15000,8298.692961111445
0.03096723983469186,0.17206377184643717,-0.011362210299635168,10000,2149.416136534133
0.1589499598856141,0.15895290612749607,-0.014811856800819517,39000,8094.365808845958
0.1589499598856141,0.15292434998845378,-0.006169859949967533,5000,8054.929374637141
0.16426813223584644,0.17325777561657,-0.01090949057775245,3000,14088.177761028734
0.3965352901233879,0.14905759050353248,-0.013420467049760076,8000,1932.7685273621282
0.1896930846842057,0.15886334253022535,-0.015213844028689954,10000,9208.354043041478
0.03096723983469186,0.14582930426720228,-0.024574915482016343,10000,6029.591590125569
0.1589499598856141,0.1590965838355339,-0.009953061764497262,25000,12472.89232435155
0.07498632668291193,0.14421932154407027,-0.011032477667977904,25000,2955.6355296040556
0.1896930846842057,0.14342151976363043,-0.020385117675334036,15000,10868.15254697223
0.07498632668291193,0.14575087169832376,0.0002703813004468521,25000,9568.06133278347
0.03096723983469186,0.1729090536063407,0.0012737204115515432,10000,9367.701460379212
0.0567270438764676,0.15738413107878846,-0.01798165947663175,7000,8298.692961111445
0.030709161363584057,0.15112774027844691,-0.010999322028581187,8000,6111.439449623881
0.3198999136092226,0.15046177767338662,-0.0006056266651091734,25000,5852.089204350804
0.1589499598856141,0.1587333652410548,-0.007987244657870712,22000,18495.762853876247
0.07823302695080049,0.17134807002379027,-0.006146184765187289,39000,10588.791757848958
0.03096723983469186,0.15469721920948185,0.008780719677633135,20000,14088.177761028734
0.16426813223584644,0.181165936063182,-0.00758461114217805,28000,14088.177761028734
0.06045829535513537,0.17887889202902982,-0.0034278769032750583,8000,10124.162225871132
0.3198999136092226,0.13564391740452147,-0.012166605942671055,7000,9357.594394504782
0.4722332058040905,0.17247729802629935,-0.007737493550015869,5000,12990.003729794424
0.06045829535513537,0.15936763084110428,-0.011380493299349162,12000,18495.762853876247
0.16426813223584644,0.14791922952121037,-0.002017496342440251,20000,9308.86605146799
0.0567270438764676,0.15414617741358452,0.0006674357397727914,5000,8298.692961111445
0.1589499598856141,0.15333066566521245,-0.010022074224772427,39000,7903.372032495086
0.30466658438973576,0.1669768361265101,-0.011372192487950138,3000,9308.86605146799
0.1589499598856141,0.16879234130213702,-0.011203458544251522,10000,8781.38100521925
0.03096723983469186,0.17179194921967952,-0.008733715957858858,28000,10868.15254697223
0.1589499598856141,0.16076523082003913,-0.008077626948321865,22000,6379.779727401703
0.3198999136092226,0.1551883911848353,-0.0019309672851250115,20000,3721.496251044161
0.3198999136092226,0.15995451461139185,0.0011680520384708063,39000,12549.767112704283
0.3198999136092226,0.17152877327982236,-0.0181646665665619,20000,9208.354043041478
0.1896930846842057,0.14250732592919396,-0.011124754265780197,4000,9921.736099442112
0.4722332058040905,0.15919412329728552,-0.0028456697863811923,25000,7903.372032495086
0.030709161363584057,0.1594184357883937,-0.0012836321421218619,23000,8980.724685620986
0.07823302695080049,0.16060009162158045,-0.00964941718469293,7000,15674.647469510692
0.16426813223584644,0.15698022081718152,-0.002949937068378743,10000,5961.998200255187
0.0567270438764676,0.14681046068187967,-0.00885691334801275,15000,10588.791757848958
0.3198999136092226,0.14317144146598831,-0.005272004777622768,25000,9367.701460379212
0.07823302695080049,0.17517027574850633,0.004732310565781846,12000,10588.791757848958
0.16426813223584644,0.1524318557841248,-0.015837496440664622,15000,8867.27474861856
0.4722332058040905,0.14094878631898466,0.0012642765523521288,15000,11428.776259500675
0.30466658438973576,0.16810948550514698,-0.0019044507225981396,20000,8044.38748849249
0.16426813223584644,0.1457174907580007,-0.008721465417140131,15000,2955.6355296040556
0.06045829535513537,0.14103642352504234,-0.020062233394357844,8000,3982.1550627694223
0.03096723983469186,0.14844788942976136,0.003302324112509774,5000,15182.209441928107
0.3198999136092226,0.15271592203785164,-0.011116868521561676,12000,14552.421047816675
0.3965352901233879,0.16633509513495137,-0.005841890666624178,10000,9362.142291789198
0.06045829535513537,0.14792436372525788,-0.00642813989817038,3000,3721.496251044161
0.07498632668291193,0.1575615260937689,-0.0035810071193865737,25000,12625.18983357999
0.1896930846842057,0.14512735917370814,-0.0004934946006982411,3000,14929.56671203167
0.3965352901233879,0.1415819070453527,-0.01650445390353983,7000,9208.354043041478
0.0567270438764676,0.15479671607764142,-0.0033511159260510045,10000,9367.701460379212
0.3198999136092226,0.13902019833197796,-0.006538015810514257,25000,9308.86605146799
0.1896930846842057,0.15205509053090027,-0.014017902930464713,25000,10588.791757848958
0.0567270438764676,0.15854204258891125,-0.028871013230166515,28000,8298.692961111445
0.2764675808695338,0.14456163403453667,-0.01224050359386302,8000,9367.701460379212
0.3965352901233879,0.14196535097371657,-0.006092418859127998,12000,9367.701460379212
0.2764675808695338,0.1518352247583845,-0.0059860923677320125,12000,8781.38100521925
0.06045829535513537,0.17102823257060995,-0.0021953820272416834,25000,9815.38693042659
0.4722332058040905,0.16516599654948952,-0.0015898537523164847,15000,9208.354043041478
0.3965352901233879,0.15657813211967178,-0.02108770345265033,8000,8298.692961111445
0.3198999136092226,0.17115579691536045,-0.014543728895315558,8000,9568.06133278347
0.30466658438973576,0.1632659848983782,0.013377997067571697,10000,6029.591590125569
0.07498632668291193,0.14102148885043722,-0.0024029763686652136,6000,2149.416136534133
0.030709161363584057,0.16368409940830186,-0.012013517729425122,25000,12625.18983357999
0.07823302695080049,0.15668439796007316,0.001921065391921063,25000,12990.003729794424
0.1896930846842057,0.1405975727122726,-0.008661330940329491,5000,14552.421047816675
0.2764675808695338,0.14172675312168048,-0.004049683293283329,15000,18495.762853876247
0.0567270438764676,0.14856521286057914,-0.003085201505402398,8000,2955.6355296040556
0.07823302695080049,0.17906917914838774,-0.023245230215712426,3000,1932.7685273621282
0.06045829535513537,0.1504431695225166,-0.006586178272690642,25000,8867.27474861856
0.03096723983469186,0.1633793811650078,0.012674540452405915,10000,6379.779727401703
0.16426813223584644,0.16015309139818368,-0.0013133693237753737,12000,9357.594394504782
0.030709161363584057,0.17099735699633156,-0.008185183996383343,15000,2149.416136534133
0.07823302695080049,0.16610637467385483,-4.765687021932655e-05,10000,9357.594394504782
0.03096723983469186,0.15080081782672838,-0.006551688973333617,10000,6111.439449623881
0.4722332058040905,0.16087416938934163,-0.022589882379284866,6000,8781.38100521925
0.06045829535513537,0.16243559845019606,-0.00871688450781305,5000,16949.69186366355
0.16426813223584644,0.15502706529708865,-0.014484768326021257,12000,13345.696517931832
0.07823302695080049,0.153657420062958,-0.006248859625724291,8000,8054.929374637141
0.0567270438764676,0.1631726021820304,-0.012472019570844754,28000,4635.668443078176
0.07823302695080049,0.17168707937750305,-0.012944875574082155,3000,6379.779727401703
0.2764675808695338,0.1570758598585454,-0.01768662856835418,10000,9568.06133278347
0.1589499598856141,0.15431650437597805,-0.008898405085517109,25000,8298.692961111445
0.4722332058040905,0.16241320034496914,-0.0065714431451513716,12000,9968.772979815913
0.3198999136092226,0.1586710252780792,-0.016824807644013836,25000,2641.9358544440147
0.16426813223584644,0.14867052523223756,-0.013145999678059682,4000,10588.791757848958
0.30466658438973576,0.1393648852218692,-0.00807779282445079,3000,9208.354043041478
0.06045829535513537,0.15574727422057585,-0.011958396299777853,12000,3982.1550627694223
0.030709161363584057,0.15670442651228406,-0.003511569789873527,12000,10868.15254697223
0.3965352901233879,0.15147726636840966,0.0018859798959874133,15000,9367.701460379212
0.4722332058040905,0.14458118416682195,-0.009689448886608503,8000,12625.18983357999
0.3965352901233879,0.17359284653970875,-0.004174026508342009,25000,8371.635549928305
0.30466658438973576,0.13841759430055853,-0.008921301583180484,15000,15674.647469510692
0.1589499598856141,0.1520302280518708,-0.01771646900069315,28000,15182.209441928107
0.4722332058040905,0.16132222542754115,-0.01570037156863273,25000,1944.8338863255753
0.030709161363584057,0.1697209377771025,0.011422099983004816,12000,8980.724685620986
0.03096723983469186,0.15918888296794312,0.0026981363850042137,10000,2641.9358544440147
0.030709161363584057,0.13661704134659736,-0.005841521727680892,15000,13439.594459895283
0.1896930846842057,0.14708084605900593,-0.014059497243328932,10000,7818.674849699402
0.0567270438764676,0.14115325410085527,-0.012351347626046042,39000,14552.421047816675
0.07498632668291193,0.15768351374234243,-8.110818584982214e-05,20000,8094.365808845958
0.06045829535513537,0.16541982892210375,-0.01569438293611248,3000,9357.594394504782
0.07823302695080049,0.17899230852757309,-0.01122482149325549,12000,6379.779727401703
0.0567270438764676,0.14391539462558636,-0.004951387576884682,15000,11700.301792294806
0.16426813223584644,0.1596111625826689,-0.002482745864222789,25000,12472.89232435155
0.2764675808695338,0.16645127577487887,-0.007786129647476995,5000,1932.7685273621282
0.0567270438764676,0.14165530737449708,-0.0073915842788959225,3000,9367.701460379212
0.1589499598856141,0.14559122944924424,-0.00809563714036756,3000,6490.025297937499
0.06045829535513537,0.1647260175264444,-0.002085699906636226,20000,14929.56671203167
0.07823302695080049,0.13472067557106587,-0.0006813578249777609,6000,5852.089204350804
0.0567270438764676,0.1610764445534025,-0.015629231683905093,10000,15182.209441928107
0.30466658438973576,0.18219421714577433,0.0010826634503444032,8000,9367.701460379212
0.1589499598856141,0.1691496133122906,0.0005017422249331077,12000,9367.701460379212
0.03096723983469186,0.16813389060606093,-0.008406170928725127,5000,16949.69186366355
0.3198999136092226,0.1579256894972802,-0.01630022117296837,20000,8044.38748849249
0.3198999136092226,0.16239328382121795,-0.004339332982909985,3000,9208.354043041478
0.30466658438973576,0.18230282159640374,-0.005572685566536097,12000,14929.56671203167
0.3965352901233879,0.1572619607584454,-0.012537016274966615,10000,10868.15254697223
0.07498632668291193,0.15556257651764288,-0.009803285885985075,3000,8094.365808845958
0.4722332058040905,0.16569285003302248,-0.011859387641966727,10000,8266.360338630808
0.07823302695080049,0.170219029450869,-0.0025274064525628117,20000,8980.724685620986
0.07498632668291193,0.15444413274098556,-0.0042224849969435445,5000,14552.421047816675
0.4722332058040905,0.15972470698846059,-0.009668677804309607,3000,11428.776259500675
0.30466658438973576,0.15671903466470113,-0.009154815968976377,8000,8054.929374637141
0.30466658438973576,0.1481548592376258,-0.009286633764506612,8000,9568.06133278347
0.4722332058040905,0.14404484334913079,-0.006430241162876433,39000,5756.56884800299
0.0567270438764676,0.1566406910485187,0.00691450152325357,10000,18495.762853876247
0.030709161363584057,0.14314868251325727,-0.007486718162056535,15000,6490.025297937499
0.07823302695080049,0.1482632123547962,-0.007656613158472824,3000,12990.003729794424
0.4722332058040905,0.16322495697031997,-0.01495087623567602,15000,10868.15254697223
0.3198999136092226,0.1409077970392634,-0.022539549383677065,8000,7903.372032495086
0.06045829535513537,0.17406030353309979,-0.007862789106212204,8000,3180.534231222965
0.30466658438973576,0.1486160011950263,-0.01442571849113853,10000,2149.416136534133
0.3965352901233879,0.15313882007196053,-0.0169662442084788,22000,2149.416136534133
0.3198999136092226,0.18381149478297812,-0.007847771968398195,6000,15182.209441928107
0.07498632668291193,0.14631441015269195,-0.005293861275542672,8000,2955.6355296040556
0.16426813223584644,0.13622189200571588,-0.012759481595983991,4000,5852.089204350804
0.3965352901233879,0.16847706398526305,-0.015536087931091711,8000,5852.089204350804
0.3198999136092226,0.1720117647982256,-0.004017548970369883,22000,12990.003729794424
0.2764675808695338,0.16846163219347926,-0.007832533358766302,6000,1932.7685273621282
0.3965352901233879,0.16347862208323252,-0.010005617306110656,10000,7818.674849699402
0.3198999136092226,0.16001164543527083,-0.01660353613153691,5000,2641.9358544440147
0.4722332058040905,0.1506516312729242,-0.017384912198542678,5000,8867.27474861856
0.3965352901233879,0.1400212207992939,0.0039698985823934515,25000,5961.998200255187
0.030709161363584057,0.1810670604511582,-0.008270014519183617,22000,8980.724685620986
0.3965352901233879,0.16476037563512744,-0.021373801151782834,25000,10124.162225871132
0.4722332058040905,0.1752761555899456,-0.0071971365214702435,25000,9367.701460379212
0.3198999136092226,0.17156582426708916,-0.014419240320395241,10000,14929.56671203167
0.0567270438764676,0.14656168819718074,-0.013568460379936925,15000,12625.18983357999
0.16426813223584644,0.1692864101156311,-0.01618532814334141,10000,8298.692961111445
0.16426813223584644,0.1486672617978267,0.006813363413539997,7000,1932.7685273621282
0.1896930846842057,0.14509733670808336,-0.0020732016397634113,25000,12990.003729794424
0.1896930846842057,0.15009567674852983,0.0007817298438030557,5000,8781.38100521925
0.3198999136092226,0.1510593440349083,0.008038807714190705,12000,9568.06133278347
0.1896930846842057,0.15601762286109408,-0.0017265267277293082,10000,3721.496251044161
0.3198999136092226,0.13657207937228474,-0.0035345726715493844,7000,5852.089204350804
0.3198999136092226,0.14687631312545343,-0.008859507068357824,15000,1388.161926428812
0.0567270438764676,0.146500784628455,-0.0012341687463127853,15000,1944.8338863255753
0.4722332058040905,0.15337047191515998,-0.008528922219902764,5000,9308.86605146799
0.30466658438973576,0.18258093922426874,-0.004315480650240687,4000,1944.8338863255753
0.3198999136092226,0.14881243132649888,-0.006541950386558017,22000,12990.003729794424
0.2764675808695338,0.1632151724346356,-0.015468154348338554,25000,8266.360338630808
0.3198999136092226,0.1627756548337929,-0.014518478178205889,7000,3982.1550627694223
0.1589499598856141,0.1602443585074105,-0.010431101983711005,5000,15182.209441928107
0.03096723983469186,0.15158540361153483,-0.0016588294032027595,10000,6029.591590125569
0.030709161363584057,0.1718663460882053,0.00502156811069599,25000,6029.591590125569
0.16426813223584644,0.1575021501763223,-0.010940539574260109,12000,3180.534231222965
0.3965352901233879,0.1417923075864505,0.0015701328829081545,12000,15674.647469510692
0.03096723983469186,0.1620272380768289,-0.00905228898660807,10000,8371.635549928305
0.07823302695080049,0.14905196614440336,-0.01424277582557837,8000,1932.7685273621282
0.0567270438764676,0.1564327771133578,-0.007632874970947991,15000,9367.701460379212
0.16426813223584644,0.13593828670038757,-0.012779255670099268,12000,6029.591590125569
0.03096723983469186,0.1549616025017207,-0.008038971944663204,8000,6379.779727401703
0.03096723983469186,0.1620196649854664,-0.011458054772561196,3000,18495.762853876247
0.06045829535513537,0.14915055124837834,-0.0172924527126145,3000,8044.38748849249
0.3198999136092226,0.16276805088648225,-0.006246358378810038,20000,1932.7685273621282
0.16426813223584644,0.16851522360077933,-0.01162538177276484,10000,8371.635549928305
0.03096723983469186,0.17360327052755584,-0.003916840041455964,25000,2149.416136534133
0.07823302695080049,0.16003486309472337,-0.009640627054050239,15000,18495.762853876247
0.16426813223584644,0.14786417088292486,0.0028265316434345693,15000,1932.7685273621282
0.16426813223584644,0.15019312066208956,-0.01237096079562323,12000,8371.635549928305
0.3198999136092226,0.15261184317760093,0.003907003252147719,8000,9308.86605146799
0.3965352901233879,0.1554716770074882,-0.006943997802447068,8000,12549.767112704283
0.2764675808695338,0.15826110355872888,-0.020934731756597724,8000,14088.177761028734
0.16426813223584644,0.16014797053735294,-0.002497418064459372,15000,13439.594459895283
0.07823302695080049,0.15327131863886354,-0.023106290761263564,15000,1944.8338863255753
0.2764675808695338,0.14616618289860692,-0.0071137389620023585,20000,1932.7685273621282
0.30466658438973576,0.15285475281767238,-0.004832358726628781,6000,15182.209441928107
0.1589499598856141,0.15163371470282008,-0.013051140322887051,39000,9367.701460379212
0.1589499598856141,0.14202409238825553,-0.009002893149192193,25000,12625.18983357999
0.1896930846842057,0.14243203863635043,-0.007668730447624663,39000,9815.38693042659
0.1896930846842057,0.15135593090482663,-0.019820388739638373,28000,12308.705340727283
0.07823302695080049,0.1714118703814986,-0.011756492298556541,22000,10868.15254697223
0.030709161363584057,0.1782683130220321,-0.019852675037336235,3000,6111.439449623881
0.4722332058040905,0.16145384082126446,-0.004401022196168088,6000,15674.647469510692
0.07823302695080049,0.1718002347205217,-0.006139678319230774,28000,9968.772979815913
0.4722332058040905,0.15572977863250123,0.005797320106753276,15000,11428.776259500675
0.07498632668291193,0.14735138719456353,0.0038138824006866447,3000,13345.696517931832
0.1589499598856141,0.13850177359563695,0.004066091574232016,8000,7903.372032495086
0.4722332058040905,0.1603564536432317,-0.009312952908956009,28000,10124.162225871132
0.3965352901233879,0.174520206344541,-0.031903985249090924,3000,12990.003729794424
0.3965352901233879,0.17014173373170358,-0.023392056807010595,7000,9568.06133278347
0.06045829535513537,0.15639610607538545,-0.010968572210170065,3000,12472.89232435155
0.0567270438764676,0.14250394405983893,-0.014837475226042604,8000,15674.647469510692
0.07823302695080049,0.16149668484981683,0.005029661383152617,10000,10124.162225871132
0.030709161363584057,0.15646052360912857,-0.021135700017571358,3000,6111.439449623881
0.06045829535513537,0.1623709095353924,-0.012064470876782836,12000,9308.86605146799
0.0567270438764676,0.1696893609913911,-0.015311769029034864,25000,9308.86605146799
0.07823302695080049,0.1441099982292046,0.00466902330117492,8000,3721.496251044161
0.06045829535513537,0.15649610121076565,-0.001949595775541388,10000,8980.724685620986
0.4722332058040905,0.14035990421882927,-0.00588561626923641,15000,8781.38100521925
0.07498632668291193,0.16532844292592258,-0.0044859141816038575,22000,10124.162225871132
0.1589499598856141,0.17262047845495337,-0.00977064808159127,8000,3180.534231222965
0.3965352901233879,0.1722285025656326,-0.013832528547665217,4000,1932.7685273621282
0.3965352901233879,0.15337080349363416,-0.0034499660103534187,20000,12990.003729794424
0.0567270438764676,0.1629800848572663,0.0019898405182117583,10000,12990.003729794424
0.1589499598856141,0.15704005001054822,-0.0024619455093501004,22000,9367.701460379212
0.1896930846842057,0.15870656915896977,-0.0015216022321533043,20000,5756.56884800299
0.16426813223584644,0.16501096648740765,-0.014076431213017406,15000,14088.177761028734
0.06045829535513537,0.16658736164142066,-0.007512044238622524,12000,9815.38693042659
0.03096723983469186,0.15188398203273326,-0.009354173374536283,8000,9815.38693042659
0.3198999136092226,0.15458735265025444,-0.00997844592360109,25000,3982.1550627694223
0.1896930846842057,0.13355788718447167,0.0007536457057050392,3000,4635.668443078176
0.1589499598856141,0.15794802079004144,-0.025732838751844282,22000,4635.668443078176
0.4722332058040905,0.15076313971134409,-0.012530351281993698,12000,1944.8338863255753
0.07498632668291193,0.14267462445172188,-0.006877621604082889,3000,10588.791757848958
0.4722332058040905,0.15792879236832089,0.0036399621809462945,25000,14088.177761028734
0.3965352901233879,0.14418016848560872,-0.010432837807757797,12000,7818.674849699402
0.06045829535513537,0.15313652255037347,0.0007406065560924545,8000,1388.161926428812
0.03096723983469186,0.16220464143851737,0.002083761286738596,25000,7818.674849699402
0.30466658438973576,0.14147993251441038,-0.009894368401112906,10000,14929.56671203167
0.2764675808695338,0.16869064197639247,-0.007162154597039317,5000,2641.9358544440147
0.30466658438973576,0.16234957973916953,-0.028049856685757987,8000,18495.762853876247
0.07823302695080049,0.14161650773932716,-0.006012590040501118,10000,2149.416136534133
0.03096723983469186,0.1716522627259528,-0.006425981314731311,28000,15182.209441928107
0.03096723983469186,0.15545167383115432,-0.000767814470558001,10000,5852.089204350804
0.030709161363584057,0.1520530821165932,-0.011508136177827984,10000,8867.27474861856
0.1589499598856141,0.14704840821602805,-0.006039875800134471,22000,10868.15254697223
0.1589499598856141,0.15965518009128654,-0.011191316228207541,6000,6379.779727401703
0.07823302695080049,0.15389507354214885,-0.004358221716970751,5000,9921.736099442112
0.0567270438764676,0.1657521632649533,-0.013347817103660354,8000,14088.177761028734
0.07823302695080049,0.1772164061776206,-0.014610746217364138,22000,4635.668443078176
0.1589499598856141,0.15356451702858795,-0.004497835486170873,3000,6379.779727401703
0.3198999136092226,0.17376482565895338,-0.00870165705722489,15000,8781.38100521925
0.3965352901233879,0.15191697361628617,-0.01010275634233419,12000,8781.38100521925
0.03096723983469186,0.17588266015984688,-0.009690242922073041,20000,10588.791757848958
0.3198999136092226,0.17364131577757203,-0.008294777923817529,5000,8781.38100521925
0.1896930846842057,0.17366140825036377,-0.016030187474001055,28000,5852.089204350804
0.030709161363584057,0.15139836827298242,-0.015748317270469808,20000,15182.209441928107
0.1589499598856141,0.1760054824043427,-0.012134052868765777,8000,1932.7685273621282
0.03096723983469186,0.1542000578162931,-0.012292746547932781,12000,12472.89232435155
0.3965352901233879,0.1467701231365319,-0.013766047512143272,7000,6111.439449623881
0.1896930846842057,0.17093246876752424,-0.022008458118421836,7000,9968.772979815913
0.16426813223584644,0.16521969090369157,-0.009956414876406082,15000,8054.929374637141
0.16426813223584644,0.15019503839453194,-0.015684552561035757,12000,18495.762853876247
0.1896930846842057,0.1705622861715986,0.003611541659414604,7000,8867.27474861856
0.1589499598856141,0.1474160930899995,0.002599921737855587,10000,8298.692961111445
0.03096723983469186,0.1445253086817025,-0.0006854566058637444,10000,9308.86605146799
0.1589499598856141,0.14983597992090705,-0.017746164668045857,10000,13439.594459895283
0.4722332058040905,0.16275727888433486,0.00984828789917414,10000,12472.89232435155
0.4722332058040905,0.15790017893626637,-0.017401043966145547,6000,3982.1550627694223
0.0567270438764676,0.15867226855147568,0.0028765634011725426,7000,8266.360338630808
0.3965352901233879,0.16219362267934814,-0.005739235613807073,25000,2149.416136534133
0.07498632668291193,0.15875352532142276,-0.004444816766359604,25000,4635.668443078176
0.16426813223584644,0.15151387595317684,-0.011120106294538076,15000,2955.6355296040556
0.030709161363584057,0.15580521620285812,-0.009100109167411495,3000,1932.7685273621282
0.0567270438764676,0.14762685385281685,-0.006775249745097903,8000,16949.69186366355
0.3965352901233879,0.1519505756953108,-0.009724558393576882,23000,13345.696517931832
0.1589499598856141,0.14832182050307033,-0.0039016469440059836,10000,2955.6355296040556
0.3198999136092226,0.15690752715564227,-0.004655730502366203,20000,9208.354043041478
0.2764675808695338,0.14640500365199788,-0.014212477428689413,7000,3982.1550627694223
0.0567270438764676,0.17998711403373047,-0.014596921025522477,25000,2955.6355296040556
0.1589499598856141,0.16525148857287927,0.007809973678158805,25000,3721.496251044161
0.16426813223584644,0.14943974158627366,-0.01770835654179948,5000,3721.496251044161
0.07498632668291193,0.15762255927268878,6.320167722888217e-05,4000,2149.416136534133
0.06045829535513537,0.14241942848154868,-0.0072382198276272165,20000,1932.7685273621282
0.07823302695080049,0.17138509757639203,-0.010022854388977171,25000,15182.209441928107
0.30466658438973576,0.1616093032405607,-0.005320998817848159,12000,13439.594459895283
0.3965352901233879,0.16346731381077062,-0.007745407890920048,25000,15674.647469510692
0.2764675808695338,0.16314494482382935,0.0015006950813155726,10000,6379.779727401703
0.03096723983469186,0.16300765694343394,-0.0022419266615628596,20000,5961.998200255187
0.1589499598856141,0.1837941212139234,-0.018606843747870274,25000,9968.772979815913
0.3965352901233879,0.16979432496182326,-0.020819098961482322,39000,5756.56884800299
0.03096723983469186,0.16905683992387915,-0.006082144415932217,25000,12625.18983357999
0.3198999136092226,0.1842520121081377,-0.011067751601308207,12000,2149.416136534133
0.07498632668291193,0.16188317189926,0.0012632591059321566,12000,8781.38100521925
0.07498632668291193,0.17077456249471795,-0.004339568623310415,20000,1944.8338863255753
0.3965352901233879,0.1545228976067173,-0.008642024965922356,23000,6111.439449623881
0.2764675808695338,0.15112930154111387,-0.0221073600144814,6000,8094.365808845958
0.03096723983469186,0.1562144182595903,-0.010248204691460202,8000,9921.736099442112
0.16426813223584644,0.15552474284547124,-0.005311716425017816,23000,5852.089204350804
0.0567270438764676,0.16184484556374706,-0.010487540876545104,10000,2641.9358544440147
0.07823302695080049,0.18362551849121192,-0.019812870530143873,15000,9308.86605146799
0.16426813223584644,0.16942461738420217,-0.00868893737918784,6000,2149.416136534133
0.1896930846842057,0.18322253783172812,-0.0007413432543621306,10000,9362.142291789198
0.16426813223584644,0.15439452472347084,-0.007411127351932654,4000,2641.9358544440147
0.30466658438973576,0.16025001244093917,-0.008220839407150769,15000,2149.416136534133
0.4722332058040905,0.16015083467070657,0.0035655544874568313,15000,9968.772979815913
0.03096723983469186,0.15595329364526003,-0.013762424154456691,10000,10588.791757848958
0.30466658438973576,0.17819383125499116,0.0015313251004651042,25000,1388.161926428812
0.30466658438973576,0.14222569927366838,-0.002880449099928958,25000,5756.56884800299
0.2764675808695338,0.15151145495259005,-0.007245595788793962,6000,18495.762853876247
0.1896930846842057,0.14378553315225878,-0.010792902020076692,3000,9308.86605146799
0.3198999136092226,0.17197840208984927,-0.0003947932101873769,8000,2641.9358544440147
0.1896930846842057,0.16767795771575764,-0.021202216300973582,12000,12472.89232435155
0.07498632668291193,0.17123304645396792,-0.0108731868964762,10000,13439.594459895283
0.1896930846842057,0.16065314884903908,-0.007912668735918707,10000,5961.998200255187
0.30466658438973576,0.15611191071272826,-0.008927989696987567,22000,12990.003729794424
0.07823302695080049,0.14371584896440878,-0.005915731377440387,25000,9362.142291789198
0.06045829535513537,0.14947208994166555,-0.021983085619419633,23000,9362.142291789198
0.16426813223584644,0.14434594451376667,-0.018568097002702167,15000,7903.372032495086
0.06045829535513537,0.16378136461098952,-0.006485424089020987,5000,12625.18983357999
0.07823302695080049,0.1599008365528982,-0.014613986442184994,12000,14088.177761028734
0.07498632668291193,0.14800163920063555,-0.0029716991154598057,3000,5961.998200255187
0.1589499598856141,0.16660429785922123,-0.001213817633592198,10000,14929.56671203167
0.3965352901233879,0.16518161284389288,0.008695633727093985,25000,9921.736099442112
0.16426813223584644,0.15357793054898544,-0.005962854223353849,25000,18495.762853876247
0.16426813223584644,0.16130582435066976,-0.009560601779353101,22000,14929.56671203167
0.16426813223584644,0.18294648879801448,-0.008444106444562735,25000,10588.791757848958
0.06045829535513537,0.1507312749600659,-0.006683546256942945,3000,1944.8338863255753
0.2764675808695338,0.15402061665163,-0.0025621347078909873,22000,4635.668443078176
0.030709161363584057,0.15497727640978676,-0.003948356220654189,25000,1932.7685273621282
0.2764675808695338,0.17006020164336133,-0.013409933045387927,25000,7903.372032495086
0.07498632668291193,0.1644636536074452,-0.0069731552040882385,10000,8054.929374637141
0.16426813223584644,0.14671523683650353,0.008885503640295228,39000,11700.301792294806
0.3198999136092226,0.15237356453090686,-0.005072140633366546,8000,9308.86605146799
0.3198999136092226,0.16610299200798015,-0.01035017566424885,22000,3982.1550627694223
0.3198999136092226,0.1666278595660766,-0.014681716204775486,7000,15674.647469510692
0.0567270438764676,0.15508600938529934,-0.004335519460680831,15000,13345.696517931832
0.3198999136092226,0.15287464356198005,0.0034943404287503337,39000,3180.534231222965
0.4722332058040905,0.1820530994293136,-0.023616340345530756,28000,11428.776259500675
0.03096723983469186,0.15050589250628027,-0.009125620192938812,10000,9921.736099442112
0.1896930846842057,0.17641183916541037,-0.010876450271507892,8000,8266.360338630808
0.2764675808695338,0.1511416704757412,-0.012163673204182707,23000,9921.736099442112
0.03096723983469186,0.15605629777528235,-0.00019371352583948373,20000,3180.534231222965
0.30466658438973576,0.14954608609203562,-0.010083630815764513,10000,6029.591590125569
0.07498632668291193,0.16466493807202398,-0.015411933589875653,39000,1388.161926428812
0.03096723983469186,0.16036717373335074,-0.01421469884308817,3000,9362.142291789198
0.07823302695080049,0.16258422398400493,-0.021571745841900702,22000,8371.635549928305
0.0567270438764676,0.15802882170742844,-0.008631468340347432,10000,10868.15254697223
0.1589499598856141,0.14535832745816796,0.004573981074206315,3000,4635.668443078176
0.3965352901233879,0.16739144798200362,0.0012758759708479672,25000,16949.69186366355
0.16426813223584644,0.16031887824879856,-0.00400385016690591,10000,8371.635549928305
0.16426813223584644,0.150229263457496,0.007382757950595546,7000,6029.591590125569
0.07498632668291193,0.14211885662190685,-0.01379217264900395,6000,13439.594459895283
0.3965352901233879,0.1500383486261297,-0.0026714134757041394,10000,12472.89232435155
0.07498632668291193,0.1543822795731213,-0.006107575000009698,3000,14552.421047816675
0.030709161363584057,0.1595517288780694,-0.012672483504916711,3000,6379.779727401703
0.06045829535513537,0.17467060518533262,-0.016922409587593352,20000,9367.701460379212
0.07498632668291193,0.1441564030992209,-0.002492108904280617,15000,13439.594459895283
0.3965352901233879,0.14846292965348767,-0.0293809984881427,4000,13345.696517931832
0.3198999136092226,0.16626370642435537,0.001621415674003367,25000,5852.089204350804
0.030709161363584057,0.13499092200875673,-0.010699707776525576,39000,9367.701460379212
0.3198999136092226,0.1435589652361099,-0.018387860526822602,25000,3982.1550627694223
0.2764675808695338,0.16037619958540805,-0.016574114032334126,6000,8371.635549928305
0.07498632668291193,0.13319839886909715,-0.027838798753050387,39000,9308.86605146799
0.16426813223584644,0.15505598565090162,-0.0009721743974654839,28000,9815.38693042659
0.2764675808695338,0.157502106336708,-0.007920175174636114,6000,1944.8338863255753
0.03096723983469186,0.13692637212404057,-0.007037294021442167,10000,15182.209441928107
0.03096723983469186,0.14811319378356855,-0.020420097783072137,20000,8094.365808845958
0.07823302695080049,0.15027774748616252,-0.0065378285942736735,4000,12625.18983357999
0.1589499598856141,0.15127852598204022,-0.0024141619124310896,3000,8266.360338630808
0.1589499598856141,0.13829167941748713,-0.0070346083675911775,20000,5756.56884800299
0.1896930846842057,0.1685777281710719,-0.023464782068011943,4000,6490.025297937499
0.1589499598856141,0.15769759786299253,-0.009002458136370295,4000,7818.674849699402
0.4722332058040905,0.17767177154565636,-0.012500933754256278,22000,15182.209441928107
0.3965352901233879,0.15104516792474715,-0.007765438227575766,15000,9968.772979815913
0.03096723983469186,0.15414370116365553,-0.0013467145885956728,28000,16949.69186366355
0.3965352901233879,0.16106055647635123,-0.0011060216258725927,4000,2955.6355296040556
0.2764675808695338,0.14065165604669272,-0.008028164681085753,10000,11700.301792294806
0.07823302695080049,0.14962186968445573,-0.019149291008428444,20000,1944.8338863255753
0.1896930846842057,0.15612402630691702,-0.010415094685121034,8000,1388.161926428812
0.1896930846842057,0.15029618912967135,-0.016158231055670623,10000,9208.354043041478
0.2764675808695338,0.16326151830084618,0.00446824408907007,22000,12625.18983357999
0.07498632668291193,0.17075299546487555,-0.005648196358005337,5000,8044.38748849249
0.06045829535513537,0.14039105312602373,-0.0033753663395388895,39000,16949.69186366355
0.4722332058040905,0.1457456806796596,-0.0013858939374297794,8000,5852.089204350804
0.07498632668291193,0.14509982380544348,-0.007202968530456509,39000,8054.929374637141
0.2764675808695338,0.14232392995140394,-0.003016144298746782,7000,13345.696517931832
0.1896930846842057,0.14332096186679974,-0.004531355578577126,15000,12472.89232435155
0.3965352901233879,0.17002120223321565,-0.011383079194703665,8000,14088.177761028734
0.1589499598856141,0.1580134571568474,-0.008699731449151649,39000,9308.86605146799
0.4722332058040905,0.14876540653648376,-0.0029965305291635475,15000,9815.38693042659
0.2764675808695338,0.16086496413205922,-0.00403886100919167,20000,9208.354043041478
0.2764675808695338,0.14722919538924661,-0.020665582318505002,15000,2149.416136534133
0.16426813223584644,0.18275778768131812,0.007420504509848287,15000,7818.674849699402
0.30466658438973576,0.16824394847630011,-0.017496504683541823,10000,12472.89232435155
0.1896930846842057,0.1695038574448097,-0.005433425184894588,25000,5961.998200255187
0.03096723983469186,0.1534434966055118,-0.011594359563509031,20000,13345.696517931832
0.3965352901233879,0.16935242328163805,-0.018458699537397694,23000,7903.372032495086
0.030709161363584057,0.15071056172359318,-0.017593071600622043,10000,6029.591590125569
0.2764675808695338,0.15306678051523112,0.0019013124635781863,25000,9568.06133278347
0.3965352901233879,0.1367965423018605,-0.00798652746165384,5000,3982.1550627694223
0.16426813223584644,0.15579417468639287,-0.007709612470951935,15000,12990.003729794424
0.07498632668291193,0.14493413564887453,-0.007569812483264345,5000,8094.365808845958
0.030709161363584057,0.1693987748372312,-0.011508817581516449,20000,11428.776259500675
0.06045829535513537,0.15387989122302287,-0.0023429734906277814,15000,8054.929374637141
0.2764675808695338,0.16128630404992583,-0.0018828880086103287,22000,6379.779727401703
0.30466658438973576,0.13572276312355208,-0.00254227235785886,23000,12472.89232435155
0.1896930846842057,0.15214215448191767,-0.007212889042972055,7000,12472.89232435155
0.3965352901233879,0.15194650179626634,-0.008365456191297011,39000,9968.772979815913
0.2764675808695338,0.17077034333825367,-0.006980324963021352,5000,12990.003729794424
0.1896930846842057,0.15303026210712845,-0.021532556067950768,25000,12472.89232435155
0.4722332058040905,0.15015658000122645,-0.0149160878653794,25000,3982.1550627694223
0.16426813223584644,0.16027819274789096,0.006868467174715071,25000,8980.724685620986
0.0567270438764676,0.14109095662401713,-0.00823295613032122,3000,9357.594394504782
0.030709161363584057,0.1642311366538429,0.0043978605078206275,25000,8266.360338630808
0.1589499598856141,0.18412771719670362,-0.0016895175977451515,15000,5756.56884800299
0.2764675808695338,0.15533684867826228,-0.008054908952168921,25000,7903.372032495086
0.3965352901233879,0.1530982305672909,-0.00882614836906704,20000,1944.8338863255753
0.16426813223584644,0.17392801653244802,-0.003702661898859845,25000,11700.301792294806
0.2764675808695338,0.1640017648562275,-0.001574564760816021,10000,9968.772979815913
0.07823302695080049,0.16053077650748687,-0.016555070383997395,20000,7903.372032495086
0.1589499598856141,0.15504107473045303,-0.005934584225413346,12000,8781.38100521925
0.1896930846842057,0.16995918585529168,-0.024195519224974888,20000,12549.767112704283
0.3965352901233879,0.16748247769375188,-0.006023984582046906,4000,8371.635549928305
0.07823302695080049,0.16995246865975883,-0.007792172421007188,22000,9815.38693042659
0.07823302695080049,0.14603841541877277,-0.006446885610749926,22000,9968.772979815913
0.06045829535513537,0.1547283792428032,-0.0036225739657081983,15000,15674.647469510692
0.1589499598856141,0.16075158225388342,0.001047196448589674,12000,12625.18983357999
0.07823302695080049,0.1564976725876029,-0.014529887939034444,12000,9357.594394504782
0.030709161363584057,0.1356586808995293,-0.0012311793556087978,15000,8371.635549928305
0.07823302695080049,0.15567934120446464,0.00045934741912879686,22000,3721.496251044161
0.16426813223584644,0.16053558681897426,-0.019150582298524177,10000,18495.762853876247
0.16426813223584644,0.15554358745642596,-0.01738481788596117,12000,10588.791757848958
0.07823302695080049,0.1452441019842687,-0.009264245073885959,10000,8980.724685620986
0.1589499598856141,0.15387412338016904,-0.01495228873755719,25000,15674.647469510692
0.16426813223584644,0.1609844270524824,0.00014351965606027297,15000,9357.594394504782
0.0567270438764676,0.17346954657016805,-0.0033776307874336074,15000,8371.635549928305
0.1896930846842057,0.1786649606178235,-0.006966545012853929,8000,11428.776259500675
0.1589499598856141,0.15849165876875987,-0.007977832530346575,4000,12308.705340727283
0.3965352901233879,0.14683661491619668,0.0019130589138559968,3000,1944.8338863255753
0.0567270438764676,0.1557851322930044,-0.006388959796868855,23000,2955.6355296040556
0.0567270438764676,0.17614407277224844,-0.0060551732633598,3000,8298.692961111445
0.3965352901233879,0.17104264914126216,0.017044708576143913,7000,12308.705340727283
0.2764675808695338,0.17329280886626353,-0.01042781317875486,25000,11428.776259500675
0.06045829535513537,0.1477753752961768,0.0019322116772417777,8000,10868.15254697223
0.07498632668291193,0.15892028410630177,-0.009109947709847218,7000,10124.162225871132
0.16426813223584644,0.17180846489853954,-0.013482788249418351,4000,9308.86605146799
0.16426813223584644,0.18137816768009987,-0.006613388053095476,3000,2955.6355296040556
0.30466658438973576,0.1411344912214341,-0.001983907675847764,4000,6111.439449623881
0.06045829535513537,0.15149576869474743,-0.01522254540421734,25000,9921.736099442112
0.06045829535513537,0.14058220898639975,-0.0046477019955055,15000,15674.647469510692
0.07498632668291193,0.15693550068330145,-0.0069966051932517205,8000,9357.594394504782
0.1589499598856141,0.1852895489959007,-0.015206420202332946,3000,8054.929374637141
0.30466658438973576,0.1441515931682868,0.005719434864719095,12000,11428.776259500675
0.1589499598856141,0.16871433069137637,-0.01739166010259818,7000,8781.38100521925
0.2764675808695338,0.1513252399069881,-0.011086426551453508,8000,9921.736099442112
0.3965352901233879,0.15740525534327057,0.0004060623561126801,28000,13345.696517931832
0.1896930846842057,0.15934320829753446,0.004183723992013135,28000,6490.025297937499
0.30466658438973576,0.16824844483577187,-0.005235707813657874,4000,11700.301792294806
0.4722332058040905,0.16389196875643736,-0.0056702636799433595,8000,9362.142291789198
0.030709161363584057,0.14585800306758498,-0.0088157112408945,3000,14552.421047816675
0.1896930846842057,0.17716454835562037,-0.02324696696730694,12000,9968.772979815913
0.3198999136092226,0.1348601139711298,-0.017306185243057996,15000,3180.534231222965
0.2764675808695338,0.1563969112150265,0.002546467935337949,3000,1944.8338863255753
0.2764675808695338,0.18053268199935668,-0.017900629665369188,15000,14552.421047816675
0.3965352901233879,0.15181875521226806,-0.008827437256324093,10000,11700.301792294806
0.3198999136092226,0.16999409581652972,-0.005589766285090498,3000,14552.421047816675
0.1589499598856141,0.15411154827675752,-0.01124300084404751,20000,6029.591590125569
0.03096723983469186,0.1612254475442182,-0.00686718417208119,4000,10124.162225871132
0.2764675808695338,0.14942134887548342,-0.006136181926018741,20000,6029.591590125569
0.2764675808695338,0.14629074051283755,-0.0012582102994225738,10000,8054.929374637141
0.03096723983469186,0.15418859178905595,-0.01032672657877598,15000,12625.18983357999
0.2764675808695338,0.15127920812373458,-0.0057049853015223775,10000,11700.301792294806
0.16426813223584644,0.1440755470740338,-0.007323971609478288,8000,12990.003729794424
0.030709161363584057,0.16571665882794884,-0.023005118972941805,10000,16949.69186366355
0.1589499598856141,0.15081865203451947,-0.014209545751661432,10000,9362.142291789198
0.03096723983469186,0.17186667553234622,-0.006038293622592312,6000,2641.9358544440147
0.3965352901233879,0.18024788151292379,-0.003944670697635847,23000,1932.7685273621282
0.2764675808695338,0.15522535226236325,-0.018786240458276995,10000,9968.772979815913
0.1896930846842057,0.1566405357260497,-0.012495017831772502,25000,9357.594394504782
0.0567270438764676,0.15934361142033449,-0.0048230344685145825,10000,6111.439449623881
0.030709161363584057,0.17292521059620777,-0.02109388303851144,12000,14088.177761028734
0.4722332058040905,0.1656272095985615,0.0021856833953670055,28000,9815.38693042659
0.1896930846842057,0.16172977815692,-0.022443495348356438,4000,2641.9358544440147
0.1589499598856141,0.16682892051840553,-0.014565268895541795,3000,3982.1550627694223
0.30466658438973576,0.14870562679547683,-0.009147937073327584,8000,10588.791757848958
0.30466658438973576,0.16655997326947658,-0.010364737296287199,10000,16949.69186366355
0.0567270438764676,0.18537293179103057,-0.014692548538226215,12000,14088.177761028734
0.07823302695080049,0.16037881420465772,0.0028645815158085943,10000,9308.86605146799
0.030709161363584057,0.18506616008430068,0.0026649915357201733,6000,8298.692961111445
0.07823302695080049,0.1608955104121137,-0.004635239587025626,6000,12990.003729794424
0.3965352901233879,0.1424792183239559,-0.010116142398624873,20000,9921.736099442112
0.16426813223584644,0.1748387928708369,-0.01011762628846763,15000,14088.177761028734
0.16426813223584644,0.15783738976885392,-0.011788187339224918,8000,7818.674849699402
0.030709161363584057,0.14722297652272903,-0.006693858775386244,5000,9308.86605146799
0.1896930846842057,0.14320129667209278,-0.010914360274667896,3000,15182.209441928107
0.07498632668291193,0.13804773045984842,-0.0008501389077122933,10000,1388.161926428812
0.3965352901233879,0.15328917418432997,-0.007351010673859395,12000,12990.003729794424
0.4722332058040905,0.15791426866137215,-0.013863755280657905,20000,12990.003729794424
0.07498632668291193,0.13623082231722086,0.0072495739894344715,25000,3180.534231222965
0.07498632668291193,0.1841369757849168,-0.011167387620906136,25000,10868.15254697223
0.03096723983469186,0.15779879048393392,0.004201158098530827,25000,12308.705340727283
0.0567270438764676,0.14544070257113634,-0.0028508001235979185,25000,11428.776259500675
0.3198999136092226,0.1477021153586356,-0.006772036924619217,10000,11428.776259500675
0.4722332058040905,0.1572172162297925,-0.010603769984108684,4000,9362.142291789198
0.1589499598856141,0.15034566662740273,0.00014617379387525466,3000,9357.594394504782
0.07498632668291193,0.1627204365986318,-0.009208316740705493,10000,8867.27474861856
0.06045829535513537,0.14270809755299843,-0.011409399983630587,7000,2955.6355296040556
0.3198999136092226,0.15709321202692042,-0.010565900353263656,12000,9357.594394504782
0.07498632668291193,0.1589535344529944,-0.007325720423885367,28000,10588.791757848958
0.1589499598856141,0.1447270418702523,-0.007049088453047398,22000,14929.56671203167
0.16426813223584644,0.1704894517976797,-0.010168407970279613,10000,8867.27474861856
0.0567270438764676,0.16888248614729084,-0.005163197551756282,10000,8371.635549928305
0.4722332058040905,0.1639698955192999,-0.021536415804539175,23000,5961.998200255187
0.16426813223584644,0.1597727637795239,-0.020338543361514246,25000,6111.439449623881
0.07498632668291193,0.1546339078713312,-0.01956422792599029,39000,8867.27474861856
0.3198999136092226,0.1602126590618794,-0.01370716470987584,3000,2955.6355296040556
0.06045829535513537,0.17167644275897576,-0.0024426526092921662,20000,8054.929374637141
0.07823302695080049,0.145091592129165,0.00156413187839402,12000,8371.635549928305
0.30466658438973576,0.14754021806658305,-0.025592489223105048,3000,13345.696517931832
0.1896930846842057,0.14358494704809777,-0.01789060038185514,7000,1388.161926428812
0.16426813223584644,0.15608661650466155,-0.007165882510240825,15000,1944.8338863255753
0.16426813223584644,0.16766810020646924,-0.0006251378765851543,12000,3180.534231222965
0.3965352901233879,0.177643184315293,0.001100979959603402,10000,11700.301792294806
0.1896930846842057,0.1510024423564071,0.0010653884266503281,15000,5756.56884800299
0.3198999136092226,0.17368361070807176,-0.020827086133708865,3000,7818.674849699402
0.1896930846842057,0.1666323144079491,0.0034219830317634083,25000,9968.772979815913
0.3965352901233879,0.15730011474802527,-0.01941493575202066,8000,8867.27474861856
0.1896930846842057,0.1456044832161424,-0.010195994763801071,6000,8980.724685620986
0.06045829535513537,0.16218674494489482,0.00446670270854756,12000,5961.998200255187
0.4722332058040905,0.15297813268436447,0.00015457946964557578,25000,2955.6355296040556
0.03096723983469186,0.1413222371219458,-0.0025375752372783097,8000,8094.365808845958
0.2764675808695338,0.16075287638699484,-0.010636436377009307,25000,9208.354043041478
0.06045829535513537,0.14884847783863828,-0.009893089859352354,4000,15674.647469510692
0.3965352901233879,0.15482754172645577,-0.005804723268249462,39000,8054.929374637141
0.2764675808695338,0.18517333196898186,-0.0015433509756746845,3000,7818.674849699402
0.030709161363584057,0.14474266522843976,-0.020038838037553863,3000,12990.003729794424
0.1896930846842057,0.15046606511887484,-0.0019939891784899124,5000,3982.1550627694223
0.03096723983469186,0.17236508543575685,-0.008935845495729075,3000,13345.696517931832
0.3965352901233879,0.14340408017012526,0.00882598283074106,10000,18495.762853876247
0.2764675808695338,0.14313255809035677,-0.01729867089028146,20000,12625.18983357999
0.1896930846842057,0.161938698195258,-0.013432895807667718,10000,1932.7685273621282
0.30466658438973576,0.1641861338663926,-0.00512729372611082,22000,16949.69186366355
0.16426813223584644,0.1461877289077067,-0.009826514873474523,10000,16949.69186366355
0.06045829535513537,0.1476757617198534,-0.010385702373378115,4000,7903.372032495086
0.07823302695080049,0.16389179889678954,-0.018933494769704993,39000,9357.594394504782
0.30466658438973576,0.16868401862240298,-0.005066101797493091,5000,9357.594394504782
0.07823302695080049,0.17356786495005708,-0.009015053209146173,25000,1388.161926428812
0.16426813223584644,0.17861320391321123,-0.005003985280752511,10000,3982.1550627694223
0.07498632668291193,0.1632732854985181,-0.01126959184950447,10000,9362.142291789198
0.3965352901233879,0.1517817207061299,-0.0193211573862251,10000,2955.6355296040556
0.30466658438973576,0.15092164548433395,-0.013469155142538982,5000,5961.998200255187
0.03096723983469186,0.17170084546093706,-0.006603453171284979,10000,5961.998200255187
0.2764675808695338,0.15568761120765603,0.006552411631055011,15000,9357.594394504782
0.1589499598856141,0.18250836365748677,0.007574893423631066,10000,11700.301792294806
0.4722332058040905,0.1693510341761962,-0.001827230870893588,5000,11428.776259500675
0.16426813223584644,0.15068511780958663,-0.009166863562667745,25000,12549.767112704283
0.3198999136092226,0.1634537514011428,-0.007548069988418911,28000,12472.89232435155
0.06045829535513537,0.15664621431777773,0.0005888366485293559,39000,2149.416136534133
0.4722332058040905,0.14907831889883855,-0.014884298418804778,25000,15674.647469510692
0.03096723983469186,0.17139208815975,-0.0039031380966223455,20000,9968.772979815913
0.3965352901233879,0.14661818972977483,0.0024215805325684507,12000,9357.594394504782
0.1589499598856141,0.1673124593426855,-0.016396036620839036,20000,1388.161926428812
0.16426813223584644,0.17381650005174368,-0.018703663314081614,15000,8054.929374637141
0.07498632668291193,0.17694907070263433,-0.0026507225021984984,15000,12549.767112704283
0.07498632668291193,0.16354548123067356,0.0037240440381418266,10000,9308.86605146799
0.30466658438973576,0.15594866424155415,-0.004766988007452391,12000,16949.69186366355
0.3198999136092226,0.15154123016504834,-0.01330132160456013,5000,9362.142291789198
0.1589499598856141,0.14513267838743893,-0.024736533661190413,3000,10868.15254697223
0.07823302695080049,0.18070787006921385,0.0023129171006865163,12000,8781.38100521925
0.07823302695080049,0.1690544379885593,-0.009001899182459654,3000,5961.998200255187
0.3198999136092226,0.135905519415873,-0.011521507091694987,3000,10868.15254697223
0.030709161363584057,0.1601365740202041,-0.005972108613104778,39000,14929.56671203167
0.0567270438764676,0.16260001807361027,-0.01488911777155779,15000,9568.06133278347
0.07498632668291193,0.16103912219162927,-0.0038216654327915393,20000,9568.06133278347
0.07498632668291193,0.1528712896444525,-0.008735032654137076,3000,9815.38693042659
0.07498632668291193,0.17502321542318358,-0.019947530068797893,6000,8781.38100521925
0.03096723983469186,0.18383843852605464,-0.020819157587053497,3000,5852.089204350804
0.3965352901233879,0.16321651868987558,-0.0013075087840237472,15000,5756.56884800299
0.4722332058040905,0.17313451203742258,0.00019709464270333766,12000,6111.439449623881
0.0567270438764676,0.1523475249611049,-0.021151491232106575,8000,6490.025297937499
0.1896930846842057,0.15082730910967235,-0.0015998453957420564,25000,9568.06133278347
0.07498632668291193,0.15128555973979002,-0.002242646162772175,15000,8094.365808845958
0.0567270438764676,0.16470341133030544,-0.0037341636649215752,15000,13439.594459895283
0.06045829535513537,0.17071219113732003,-0.01045693867235037,20000,6111.439449623881
0.4722332058040905,0.15922917608413392,-0.0010818404933505355,12000,7818.674849699402
0.4722332058040905,0.16632828047163073,-0.009701581647615228,6000,15674.647469510692
0.3965352901233879,0.14827639056375272,-0.018060252953366145,5000,12308.705340727283
0.030709161363584057,0.17808264906857535,-0.004171620533283093,22000,8867.27474861856
0.4722332058040905,0.16734702288065972,-0.02220102655229282,20000,9308.86605146799
0.03096723983469186,0.14942283881657314,-0.0027592797661443414,15000,8054.929374637141
0.07823302695080049,0.16089565911723633,-0.005776475682237528,7000,10588.791757848958
0.1589499598856141,0.15095958536632653,0.00026772491560477434,20000,9208.354043041478
0.16426813223584644,0.13468185984271117,-9.961489628572453e-06,5000,14929.56671203167
0.1589499598856141,0.1750495998639662,-0.006512985889773577,12000,9208.354043041478
0.3198999136092226,0.1412927795252099,-0.007331443727963997,23000,6490.025297937499
0.1896930846842057,0.14879453487462138,-0.010980148317795582,3000,12625.18983357999
0.2764675808695338,0.13434909850092766,-0.015146969767096589,5000,16949.69186366355
0.30466658438973576,0.15372372499123832,-0.009963367392576352,5000,9208.354043041478
0.1589499598856141,0.1366145671964816,-0.012642446715706667,10000,3721.496251044161
0.30466658438973576,0.17234952364957756,0.007947226577466254,25000,12625.18983357999
0.030709161363584057,0.16086436301034557,-0.0041025615476062835,20000,11700.301792294806
0.1589499598856141,0.15360907572338034,-0.002594512337264634,6000,3180.534231222965
0.3965352901233879,0.14917173824993235,-0.007462515634132802,10000,2149.416136534133
0.1896930846842057,0.15076063931276762,-0.006554290982897533,10000,6029.591590125569
0.0567270438764676,0.14977711875233543,0.005305870248439492,5000,6111.439449623881
0.4722332058040905,0.14316349160898292,-0.011722411806774363,8000,10868.15254697223
0.030709161363584057,0.1608255037387714,-0.0039909258679807135,8000,5852.089204350804
0.16426813223584644,0.15048749521458207,-0.00864517191429203,7000,9357.594394504782
0.07498632668291193,0.16277366810796992,-0.0048532730856903575,7000,6379.779727401703
0.2764675808695338,0.1723668795541519,-0.01878188027499974,4000,9921.736099442112
0.3965352901233879,0.15125738196964628,-0.008980993792951043,8000,10124.162225871132
0.06045829535513537,0.1645382975558966,-0.011160312196895813,39000,1932.7685273621282
0.06045829535513537,0.14944165470568366,-0.007253428450195628,25000,3721.496251044161
0.03096723983469186,0.1814218906049923,-0.006663788417639016,28000,3982.1550627694223
0.06045829535513537,0.1621138385958738,-0.005483778326173994,10000,2955.6355296040556
0.03096723983469186,0.16004152246257639,-0.013649377589350361,10000,6029.591590125569
0.3198999136092226,0.15095758119932826,-0.023279640825796574,3000,12990.003729794424
0.4722332058040905,0.15893168544159247,-0.006160110029282401,20000,14088.177761028734
0.06045829535513537,0.13825806025746232,-0.00833046539185877,10000,13345.696517931832
0.4722332058040905,0.1681183656604468,-0.004677495139013057,10000,4635.668443078176
0.03096723983469186,0.16651212162041487,-0.008725038126695702,25000,6490.025297937499
0.30466658438973576,0.16174235353090718,-0.002029697917706149,3000,9357.594394504782
0.03096723983469186,0.1679239686315149,-0.01620108431132634,4000,6029.591590125569
0.03096723983469186,0.1586645449478699,-0.007541027221707523,10000,9815.38693042659
0.1896930846842057,0.15272153236538075,-0.008793570853091522,10000,9815.38693042659
0.3965352901233879,0.14463314004564598,-0.012029835451533254,7000,15182.209441928107
0.30466658438973576,0.1485693255260303,-0.007205946589393863,10000,8781.38100521925
0.16426813223584644,0.15527581932063453,0.003600800636871692,10000,8298.692961111445
0.2764675808695338,0.15486456509566268,-0.007247433994557412,25000,4635.668443078176
0.1896930846842057,0.16046278980610268,-0.006991479955442084,15000,2149.416136534133
0.30466658438973576,0.15782268120331266,-0.009170060638352672,25000,8054.929374637141
0.30466658438973576,0.1523670924825198,-0.004191770892778781,20000,1388.161926428812
0.16426813223584644,0.14797438343053246,-0.009598069471365525,10000,6029.591590125569
0.030709161363584057,0.15837820728627086,-0.011194636286855932,7000,14929.56671203167
0.1896930846842057,0.15072515738162134,-0.008389598358466848,25000,12549.767112704283
0.3198999136092226,0.1637355325811831,-0.015674324061096756,10000,11700.301792294806
0.0567270438764676,0.17270420729779126,-0.005873415263190561,8000,4635.668443078176
0.3198999136092226,0.16114483306187624,-0.003987934262528093,20000,3721.496251044161
0.2764675808695338,0.17430201410964188,-0.009207140959545428,4000,14552.421047816675
0.06045829535513537,0.17433835902855602,-0.009196796329156345,22000,9815.38693042659
0.030709161363584057,0.14291785080301306,-0.015807921000815094,10000,2955.6355296040556
0.3198999136092226,0.1557293599710902,-0.01063563106100098,10000,15674.647469510692
0.30466658438973576,0.16090074281948133,-0.010127612287486593,8000,8867.27474861856
0.06045829535513537,0.14374969488285216,-0.010413101388947781,8000,14929.56671203167
0.03096723983469186,0.1549917733405131,-0.01830867200106646,20000,2641.9358544440147
0.07823302695080049,0.15614632793213215,-0.02385752670940842,7000,9308.86605146799
0.0567270438764676,0.1666836639406004,-0.009367926679274285,12000,8371.635549928305
0.07498632668291193,0.1683573834848536,-0.0011903912518610672,10000,1388.161926428812
0.03096723983469186,0.18482789499997065,0.005247195221800853,25000,15182.209441928107
0.1589499598856141,0.1353209667392691,-0.01560710313301347,25000,2641.9358544440147
0.3198999136092226,0.15934462289343865,-0.007713763713638986,25000,8371.635549928305
0.16426813223584644,0.15591699450609697,-0.011051782508407363,10000,3982.1550627694223
0.07498632668291193,0.14713601958696038,-0.012883260820663585,15000,5852.089204350804
0.030709161363584057,0.14586249980406876,-0.009037699844938523,22000,16949.69186366355
0.3965352901233879,0.1398231789161939,-0.006723079256358892,22000,12990.003729794424
0.30466658438973576,0.1520659929913681,-0.014563584029545988,20000,15674.647469510692
0.1896930846842057,0.14601566399453625,-0.0042850594137956105,10000,8867.27474861856
0.4722332058040905,0.16355357697790104,-0.012994993884762539,15000,9367.701460379212
0.030709161363584057,0.1829362452447252,-0.012236087738682289,25000,1944.8338863255753
0.1896930846842057,0.1704801030934279,-0.012444459275279764,10000,9921.736099442112
0.0567270438764676,0.1686719185251986,-0.010356034358310241,10000,3982.1550627694223
0.03096723983469186,0.1465260851763887,-0.015173687389256172,8000,1388.161926428812
0.03096723983469186,0.17081534167817938,-0.0051087651481598745,5000,5852.089204350804
0.3198999136092226,0.14467582539009796,-0.0073596863146626525,25000,15674.647469510692
0.16426813223584644,0.16731404107744907,0.005823642009192646,10000,8266.360338630808
0.06045829535513537,0.17373168991425314,-0.012527354203000253,8000,4635.668443078176
0.07498632668291193,0.15386915063588563,-0.0025022097364987166,10000,10868.15254697223
0.07823302695080049,0.14803066058706413,-0.007956066263261537,15000,13439.594459895283
0.3965352901233879,0.16286145683534675,-0.013512486360408301,23000,2149.416136534133
0.3965352901233879,0.14427027708518508,0.0013294531131688018,23000,15182.209441928107
0.06045829535513537,0.16107468321815363,-0.007520417284621224,25000,6379.779727401703
0.30466658438973576,0.1810194001365263,-0.0052929651879194545,25000,12472.89232435155
0.030709161363584057,0.13432715992734326,-0.017126864198891194,23000,7818.674849699402
0.16426813223584644,0.16110731354406055,7.766696435660699e-05,10000,8781.38100521925
0.16426813223584644,0.15235832613166783,-0.004751140805456279,15000,4635.668443078176
0.07823302695080049,0.15208423985943703,0.009857755043937013,8000,3982.1550627694223
0.07498632668291193,0.1498515253119241,0.0010927035060435348,10000,15674.647469510692
0.030709161363584057,0.18476645620018364,-0.006987117006077171,23000,14929.56671203167
0.3198999136092226,0.15357965829187326,-0.009225275036486118,25000,9568.06133278347
0.07498632668291193,0.1736233166896294,-0.010214278711964665,8000,8781.38100521925
0.1589499598856141,0.1606271941680772,-0.009981966357219865,39000,9815.38693042659
0.07823302695080049,0.17543810363404339,-0.01173833346544453,12000,8371.635549928305
0.06045829535513537,0.1496548894057769,-0.015784589215829502,4000,12625.18983357999
0.4722332058040905,0.15282083666047475,-0.017060061254147066,23000,8371.635549928305
0.3198999136092226,0.16618176056737494,-0.028734060392616664,10000,8054.929374637141
0.30466658438973576,0.14253214468790562,-0.005284699757061794,39000,6111.439449623881
0.3965352901233879,0.1524863996766569,-0.008112195020174346,4000,18495.762853876247
0.3965352901233879,0.16707992884782666,-0.005462323170108649,5000,14929.56671203167
0.16426813223584644,0.14909318300249338,-0.0080602150821361,25000,11428.776259500675
0.1896930846842057,0.15438771637789805,-0.02317672903441375,22000,16949.69186366355
0.0567270438764676,0.1592063020967332,-0.006854236990083753,15000,5961.998200255187
0.16426813223584644,0.15395904909235608,-0.004916853303360946,3000,12472.89232435155
0.3198999136092226,0.1678351044136537,-0.026088317520656216,23000,14552.421047816675
0.4722332058040905,0.13569431339151844,-0.006976853863809467,10000,8044.38748849249
0.1589499598856141,0.17193202281925757,-0.009201625653307002,3000,12549.767112704283
0.06045829535513537,0.14498798327792528,-0.0131537063056022,20000,8044.38748849249
0.06045829535513537,0.14693534088909796,-0.012899160200556977,10000,7818.674849699402
0.3198999136092226,0.14677976094592887,-0.002728527576170674,15000,4635.668443078176
0.07823302695080049,0.14895571552413878,-0.00071675118371739,15000,10124.162225871132
0.1896930846842057,0.15980656462001,0.00013350548379673018,39000,1932.7685273621282
0.030709161363584057,0.15708291030885607,-0.008342292228097795,20000,6029.591590125569
0.07498632668291193,0.14928222286871162,-0.004692781535318102,3000,8781.38100521925
0.4722332058040905,0.15526744541155374,0.0052813364663120066,10000,10868.15254697223
0.4722332058040905,0.1704124115252616,-0.011488923661408605,5000,11428.776259500675
0.30466658438973576,0.14203535233241105,-0.0015444776348345368,3000,3180.534231222965
0.16426813223584644,0.164783127165785,-0.011134570331691481,10000,3180.534231222965
0.30466658438973576,0.1476017531698805,-0.010077681326128013,23000,8867.27474861856
0.4722332058040905,0.15358698296251014,-0.0029593268147366726,25000,8371.635549928305
0.1896930846842057,0.1398338151324497,-0.007378719293235636,5000,11428.776259500675
0.07823302695080049,0.16321774546010684,-0.007540196564876243,23000,1932.7685273621282
0.030709161363584057,0.16734015354835383,-0.01014555251340525,5000,11700.301792294806
0.07498632668291193,0.17061242939979973,-0.002381055319912189,7000,8054.929374637141
0.0567270438764676,0.15088638241296098,-0.01650215556899446,15000,8371.635549928305
0.03096723983469186,0.16411220392664197,-0.003746628791715634,20000,12472.89232435155
0.3198999136092226,0.1848630686565833,-0.012761512215503838,5000,10588.791757848958
0.07498632668291193,0.15168433401022857,-0.002744513343921512,5000,3721.496251044161
0.07823302695080049,0.15729711164085966,-0.0084266050859543,15000,12549.767112704283
0.3965352901233879,0.1486355345949104,0.00031033566017545897,10000,12625.18983357999
0.1589499598856141,0.15171598260740418,-0.004984077572341136,5000,3721.496251044161
0.07823302695080049,0.15908669248772864,-0.004094545854203341,8000,8266.360338630808
0.3198999136092226,0.17283537922605588,-0.0049451262252366264,25000,6111.439449623881
0.4722332058040905,0.13570319773498438,0.014140846028686302,8000,3721.496251044161
0.1589499598856141,0.15955382006469165,-0.017584662719608592,5000,9568.06133278347
0.30466658438973576,0.15690261541351486,-0.016079417043571808,8000,15674.647469510692
0.0567270438764676,0.15486677185506215,-0.015304331817631215,25000,5852.089204350804
0.1896930846842057,0.16300894905992486,0.0030015880232916736,5000,6111.439449623881
0.16426813223584644,0.15220892095920138,-0.0015944319171638487,8000,8371.635549928305
0.03096723983469186,0.16501781330169107,-0.0017378142705148382,8000,9362.142291789198
0.1589499598856141,0.1625191316375131,-0.01527691110584456,23000,3982.1550627694223
0.1589499598856141,0.17579228084583062,-0.023063116332262417,15000,13439.594459895283
0.07498632668291193,0.16157219962083186,-0.0038394348093380116,15000,12990.003729794424
0.07823302695080049,0.1542638970567294,-0.009902268439042815,15000,5756.56884800299
0.1896930846842057,0.13591207724924084,-0.004337471325352069,5000,15182.209441928107
0.3198999136092226,0.1508633151899324,-0.028922895582418947,25000,6111.439449623881
0.1896930846842057,0.15859418471982528,-0.013622175325882776,23000,8094.365808845958
0.030709161363584057,0.1717440368759986,-0.013616905623678637,8000,12308.705340727283
0.06045829535513537,0.15945788691600632,-0.009454477869510779,12000,15182.209441928107
0.03096723983469186,0.18008830424587177,-0.004941206598111507,39000,14088.177761028734
0.030709161363584057,0.18312417876680823,-0.015995874339710493,15000,14552.421047816675
0.1896930846842057,0.17367628802530924,-0.004963020338287305,12000,8054.929374637141
0.1589499598856141,0.15633037490395962,-0.00696902728186535,15000,15182.209441928107
0.03096723983469186,0.1671298850681257,-0.014502549688335118,10000,8266.360338630808
0.16426813223584644,0.16001501396105272,-0.015932780596222954,25000,11428.776259500675
0.3965352901233879,0.1541654539415593,-0.011108760042970024,7000,8781.38100521925
0.030709161363584057,0.1348014237943329,-0.018506729936375796,39000,8044.38748849249
0.2764675808695338,0.16058111338888248,-9.6725149443376e-05,25000,10868.15254697223
0.3198999136092226,0.1590267835963975,-0.01231028458176034,25000,4635.668443078176
0.07823302695080049,0.17021408455679612,-0.01882381710993118,25000,10124.162225871132
0.03096723983469186,0.14929938095984588,-0.011524576603598983,3000,10868.15254697223
0.3965352901233879,0.17355726647371814,-0.010451398844449084,6000,14088.177761028734
0.1896930846842057,0.16348183548998574,0.0009934688114270906,8000,12625.18983357999
0.030709161363584057,0.14364689582880527,-0.00942523258094182,8000,12625.18983357999
0.16426813223584644,0.13734035000580894,-0.016479746076591542,10000,9568.06133278347
0.30466658438973576,0.15402857807949547,-0.008934311172910648,39000,9367.701460379212
0.16426813223584644,0.13443685822767,-0.009347779491009187,5000,6490.025297937499
0.16426813223584644,0.16604592113380878,-0.005163756838441447,12000,6029.591590125569
0.0567270438764676,0.14939970216255333,-0.017789413799766066,5000,5852.089204350804
0.06045829535513537,0.15604914005401496,-0.016101975818299568,25000,8094.365808845958
0.03096723983469186,0.147466518888648,-0.012307737816460365,25000,7818.674849699402
0.1589499598856141,0.15686624868016819,-0.03105329211353289,25000,1932.7685273621282
0.07823302695080049,0.14932365065990016,-0.011534447916927709,15000,9367.701460379212
0.16426813223584644,0.1582062323186474,-0.017323123356714296,22000,1932.7685273621282
0.030709161363584057,0.15581376517293408,-0.007250877625316184,5000,8298.692961111445
0.07823302695080049,0.13828249771356665,-0.0107297037806774,23000,11700.301792294806
0.1896930846842057,0.15475735270219548,0.007903309120841105,10000,15182.209441928107
0.2764675808695338,0.16754979432098407,-0.005854875899114867,25000,6490.025297937499
0.06045829535513537,0.15496374886576444,-0.013736838712538507,4000,9568.06133278347
0.3198999136092226,0.17410174498248984,-0.018348405435590947,12000,15182.209441928107
0.07498632668291193,0.15929265534946724,-0.011043652290496132,25000,15674.647469510692
0.4722332058040905,0.1542810038186862,-0.011831270248698981,3000,9815.38693042659
0.2764675808695338,0.1588853600831815,-0.01354331882627875,28000,13439.594459895283
0.07498632668291193,0.15614647831069853,0.0011896546571139935,10000,8371.635549928305
0.2764675808695338,0.1737745929394411,-0.013534900885689235,12000,8298.692961111445
0.030709161363584057,0.16444282681676003,-0.018469740812079253,28000,13345.696517931832
0.07823302695080049,0.14764317195907556,-0.007046652390938645,15000,18495.762853876247
0.3965352901233879,0.14742090615246728,-0.007493327943536186,4000,8371.635549928305
0.030709161363584057,0.1599460200764676,-0.016351312461478827,28000,14552.421047816675
0.07823302695080049,0.1520325423287292,0.0013540841164350087,20000,8980.724685620986
0.03096723983469186,0.14571227312204366,-0.00730544145793726,28000,6029.591590125569
0.1896930846842057,0.16342409919945916,-0.008481517092589664,5000,9208.354043041478
0.3965352901233879,0.1410179922484906,0.0031748842796199073,5000,1932.7685273621282
0.06045829535513537,0.14816012550943947,-0.019425160541698936,3000,15674.647469510692
0.3198999136092226,0.15084881768353325,-0.012726377892883115,23000,8298.692961111445
0.4722332058040905,0.17432288902773438,-0.010600176623745787,10000,8094.365808845958
0.16426813223584644,0.15560989903477723,-0.0008862107439976564,25000,10124.162225871132
0.2764675808695338,0.16918907730191876,-0.01741730822252354,3000,2641.9358544440147
0.03096723983469186,0.15485895190029786,-0.001850220508868077,28000,5961.998200255187
0.3965352901233879,0.14724954036461468,-0.007171993202396328,10000,3180.534231222965
0.3965352901233879,0.1479904442918963,0.006249682452473503,39000,3180.534231222965
0.1589499598856141,0.13729322317008277,-0.005888338790431421,39000,5852.089204350804
0.0567270438764676,0.18355671215960917,-0.01699157913804198,25000,8094.365808845958
0.030709161363584057,0.15571126832086943,-0.015079722639186258,4000,8266.360338630808
0.1589499598856141,0.16003733367787829,-0.003890944951539367,5000,1932.7685273621282
0.30466658438973576,0.1523532017614155,-0.007674211161706006,22000,9208.354043041478
0.1896930846842057,0.16601276146859253,-0.002179074373200901,10000,6379.779727401703
0.16426813223584644,0.16938780451841398,-0.009989258070880814,25000,9568.06133278347
0.03096723983469186,0.14303439606720195,0.0023615854135761714,10000,7903.372032495086
0.1589499598856141,0.1436280673269966,-0.01956043356183818,8000,9357.594394504782
0.16426813223584644,0.14373299257546776,0.0009481710565973874,10000,3180.534231222965
0.3965352901233879,0.14826162435009008,-0.014214497275797345,5000,8054.929374637141
0.4722332058040905,0.1411439378518534,0.0011841304232533005,12000,8054.929374637141
0.1896930846842057,0.1459236978260482,-0.018387844118699995,7000,12308.705340727283
0.1589499598856141,0.1522439576085325,-0.014160930026894458,3000,13345.696517931832
0.07823302695080049,0.16400002778925604,-0.018069529856670822,25000,12472.89232435155
0.4722332058040905,0.16392044537268088,-0.0002816415281919874,28000,8094.365808845958
0.4722332058040905,0.13859747574418713,-0.010899433307819714,7000,14088.177761028734
0.06045829535513537,0.14487299885453137,-0.01093524440446971,8000,10868.15254697223
0.1896930846842057,0.14307723873172307,-0.015094472091148775,15000,8298.692961111445
0.07498632668291193,0.15235674407442193,0.007610372847490583,25000,9362.142291789198
0.16426813223584644,0.1595476948691956,0.00974270551948866,8000,3982.1550627694223
0.3198999136092226,0.15504635670193428,-0.013573725315749794,28000,8054.929374637141
0.16426813223584644,0.16261885951617597,-0.015209911618556858,6000,14088.177761028734
0.07823302695080049,0.17664969401798097,-0.0028216108086471254,23000,9968.772979815913
0.1589499598856141,0.1725665496394471,-0.014803056386880899,39000,3180.534231222965
0.1896930846842057,0.14653814163274312,-0.006176498212322705,12000,10868.15254697223
0.3965352901233879,0.16190310696839547,-0.0024507672886722393,15000,12549.767112704283
0.3965352901233879,0.1561284224415455,0.016255236942838647,25000,12549.767112704283
0.30466658438973576,0.17918827681763097,-0.002093451923717266,7000,16949.69186366355
0.06045829535513537,0.15378132932371824,-0.009267628410336202,15000,2955.6355296040556
0.06045829535513537,0.15410477795946123,-0.02056352391198972,7000,7903.372032495086
0.4722332058040905,0.1819468611083987,-0.009542979417394544,8000,2149.416136534133
0.1896930846842057,0.14016761557419546,-0.006575595149266581,25000,8980.724685620986
0.030709161363584057,0.1714464777157798,0.004627125471584007,3000,15182.209441928107
0.1896930846842057,0.1549990020838845,-0.0018315044519449492,6000,12625.18983357999
0.1589499598856141,0.14968492898915747,-0.008120343363880787,3000,3982.1550627694223
0.06045829535513537,0.14169172837258148,-0.0004808481788910842,39000,9208.354043041478
0.1896930846842057,0.1586406693081466,0.0009577805635738627,15000,8980.724685620986
0.06045829535513537,0.15219496418322684,-0.015173804792475352,20000,18495.762853876247
0.07498632668291193,0.13917563819831505,-0.013133013559860693,10000,9208.354043041478
0.06045829535513537,0.16455966218819176,-0.017307292760356113,10000,1932.7685273621282
0.0567270438764676,0.1681882013025131,-0.001148385130727053,15000,2955.6355296040556
0.03096723983469186,0.16362392642638435,-0.00180102761295918,10000,9921.736099442112
0.2764675808695338,0.15042458834776806,-0.00506030158898087,10000,8298.692961111445
0.1896930846842057,0.17062097573507912,-0.014937917973812258,4000,9208.354043041478
0.030709161363584057,0.13968957410033464,-0.0002572012241718664,20000,8980.724685620986
0.3965352901233879,0.15707290518887346,-0.013155824177086672,22000,6490.025297937499
0.06045829535513537,0.1649085830692076,-0.006144391697327656,10000,9968.772979815913
0.4722332058040905,0.1446209063705935,-0.02288398029099941,3000,5756.56884800299
0.03096723983469186,0.1622038438092943,-0.016625329916536834,6000,8094.365808845958
0.3198999136092226,0.1493724567977682,-0.014748673834885189,12000,8371.635549928305
0.030709161363584057,0.14896033590153276,-0.014269221495750207,12000,9815.38693042659
0.07823302695080049,0.1482232674129002,-0.007100625664121542,20000,12625.18983357999
0.1589499598856141,0.1387854677852715,-0.010466019455307557,10000,2149.416136534133
0.16426813223584644,0.15955392325176673,-0.004861565524056097,10000,9968.772979815913
0.1896930846842057,0.14512645325474324,-0.0013026748372598786,3000,8054.929374637141
0.4722332058040905,0.15802196813680805,-0.020055666323173883,4000,6111.439449623881
0.4722332058040905,0.17038661281711867,-0.006830043805872498,25000,18495.762853876247
0.3198999136092226,0.15624384760864263,0.007194086839852626,10000,14929.56671203167
0.16426813223584644,0.16688444247901224,-0.012567929124965651,20000,9357.594394504782
0.030709161363584057,0.1543307683926384,-0.00366569434725489,7000,8094.365808845958
0.3965352901233879,0.1475539199148584,-0.0056135698267167,4000,12625.18983357999
0.16426813223584644,0.1723096930545773,-0.009478024725908618,3000,8980.724685620986
0.3198999136092226,0.16979233635984436,-0.006661054360232434,23000,15674.647469510692
0.3965352901233879,0.18271828699571616,0.010206840125781498,10000,8980.724685620986
0.16426813223584644,0.15998603108297993,0.0017051698648498552,25000,2149.416136534133
0.2764675808695338,0.156059120989502,-0.006459470869877721,10000,2641.9358544440147
0.3198999136092226,0.15248161165293092,-0.010651294260746215,25000,2641.9358544440147
0.3198999136092226,0.16605120881893917,-0.0058548960942721336,3000,3721.496251044161
0.0567270438764676,0.17477512565873873,-0.006228463915037925,5000,6379.779727401703
0.1896930846842057,0.15649718894500178,-0.00038849541696839394,8000,12625.18983357999
0.03096723983469186,0.166892237144524,-0.008674474407213107,3000,18495.762853876247
0.2764675808695338,0.17114378626799528,-0.020268390716544717,12000,3180.534231222965
0.030709161363584057,0.17174374054404964,-0.018224464501774174,25000,1388.161926428812
0.3965352901233879,0.15586820993483808,-0.017077055212951803,12000,5961.998200255187
0.16426813223584644,0.15869486137495858,-0.008347542928469877,5000,2955.6355296040556
0.1896930846842057,0.14563628726143946,-0.005809668542856316,10000,11428.776259500675
0.3965352901233879,0.14576622392867206,0.0047187657168714205,12000,8371.635549928305
0.3965352901233879,0.14315849020453378,-0.017024054668992282,10000,8266.360338630808
0.2764675808695338,0.18236432422263038,-0.036621286896697365,12000,9367.701460379212
0.07823302695080049,0.1626035714913874,-0.00520776978160227,28000,12472.89232435155
0.0567270438764676,0.15358788224143166,0.006676622941461073,3000,8044.38748849249
0.030709161363584057,0.13999239613854592,-0.02147716895903063,12000,1932.7685273621282
0.07823302695080049,0.16291628671750602,-0.013771851049374064,10000,8867.27474861856
0.030709161363584057,0.16383715506239557,-0.010119869725585748,23000,9568.06133278347
0.3198999136092226,0.16611089945279292,-0.005221229355015128,23000,1932.7685273621282
0.07498632668291193,0.1564047033089913,-0.005248374183682911,3000,16949.69186366355
0.2764675808695338,0.16077990863617514,-0.012474006624094399,25000,1932.7685273621282
0.06045829535513537,0.1350731882519666,-0.01774694764034428,5000,9362.142291789198
0.1589499598856141,0.15085419302404335,-0.0010837178268081342,10000,12472.89232435155
0.16426813223584644,0.14583992452712938,-0.00530895969519173,5000,5756.56884800299
0.1896930846842057,0.15299456450434168,0.000978294834239453,3000,9308.86605146799
0.3198999136092226,0.1626381444649997,-0.01691563837819931,10000,8980.724685620986
0.4722332058040905,0.17267179209208802,-0.0074030368360503114,10000,8980.724685620986
0.0567270438764676,0.14832139611716205,-0.010423747636705113,25000,8980.724685620986
0.030709161363584057,0.14910555211303572,-0.020068693321310758,25000,4635.668443078176
0.030709161363584057,0.1597366574562745,-0.010038109423801686,8000,12308.705340727283
0.30466658438973576,0.15198852537397484,0.005524750468617259,25000,8867.27474861856
0.1896930846842057,0.14158275720370064,-0.020213567476575208,5000,13439.594459895283
0.16426813223584644,0.1842204512958227,-0.010942846604037675,12000,11428.776259500675
0.1896930846842057,0.1623614941733246,0.001329132996412347,23000,8867.27474861856
0.06045829535513537,0.14117808995325376,-0.004663457010542158,5000,3982.1550627694223
0.03096723983469186,0.15571544664114864,-0.011747297898588166,20000,12549.767112704283
0.03096723983469186,0.15202459525534942,-0.026557694538468776,15000,8298.692961111445
0.2764675808695338,0.13661599044447928,-0.016027300118727095,39000,15674.647469510692
0.0567270438764676,0.16302212935548913,-0.011330043424357488,22000,2955.6355296040556
0.030709161363584057,0.1565380998591892,-0.02546968453288116,8000,8298.692961111445
0.16426813223584644,0.1584255012752276,-0.007484318286515595,5000,9208.354043041478
0.3198999136092226,0.16725434719581975,-0.007037243004246018,20000,3721.496251044161
0.1589499598856141,0.1704046391846666,-0.0042757369784843235,25000,8298.692961111445
0.3198999136092226,0.1595837644346537,-0.022864522660758176,15000,14088.177761028734
0.07823302695080049,0.15240771897960853,0.002616591102260521,20000,9367.701460379212
0.30466658438973576,0.18008095051852893,-0.014450381048392259,10000,6111.439449623881
0.16426813223584644,0.14513778582725279,-0.014069552126437174,10000,4635.668443078176
0.030709161363584057,0.14581193645485843,-0.011035040869187168,28000,9208.354043041478
0.4722332058040905,0.1609444159099192,-0.011776322960216863,10000,12308.705340727283
0.16426813223584644,0.1668633169832542,-0.002918322181474994,25000,7903.372032495086
0.07823302695080049,0.15371505043251332,-0.017040892655992294,5000,8980.724685620986
0.06045829535513537,0.15992071785257608,-0.001712446322163628,15000,8867.27474861856
0.30466658438973576,0.1618396564917913,-0.007066063661527928,8000,1932.7685273621282
0.4722332058040905,0.1363333747963573,0.005018962220155834,25000,9568.06133278347
0.1896930846842057,0.150998787487688,-0.007124160535016291,8000,13345.696517931832
0.1589499598856141,0.18346103600968142,-0.011857972443637683,4000,9568.06133278347
0.4722332058040905,0.15006472793808348,-0.01632398629165053,10000,1944.8338863255753
0.0567270438764676,0.1689093090943674,-0.00510852678763745,39000,7903.372032495086
0.2764675808695338,0.14965407986393103,-0.01513171059589196,7000,2149.416136534133
0.03096723983469186,0.1419381120133004,-0.007790342971175287,15000,6029.591590125569
0.30466658438973576,0.14619933294140167,-0.003374379316270619,3000,9815.38693042659
0.07498632668291193,0.14838457581302578,-0.007532369502304319,7000,9968.772979815913
0.1896930846842057,0.1674873681707768,-0.007602523619579403,20000,18495.762853876247
0.03096723983469186,0.15908131230293737,-0.017664709123153627,12000,14552.421047816675
0.03096723983469186,0.1417501903730192,-0.0031348377216178012,8000,9815.38693042659
0.30466658438973576,0.1426121874553953,-0.0033467277456971155,7000,12308.705340727283
0.1589499598856141,0.1546741223502852,-0.02078142333693948,25000,11700.301792294806
0.4722332058040905,0.16935437384613503,-0.018960191900774588,20000,15182.209441928107
0.2764675808695338,0.1397281009449771,-0.018343273759292057,3000,2955.6355296040556
0.06045829535513537,0.16772374988361116,-9.074702133871183e-05,5000,7818.674849699402
0.07823302695080049,0.16838528526006075,-0.014644862882351345,25000,15182.209441928107
0.1896930846842057,0.1567862228758794,-0.012148566005353923,25000,18495.762853876247
0.4722332058040905,0.17793696667262213,-0.01100844438252812,3000,13345.696517931832
0.03096723983469186,0.16011687925356957,-0.010764287351119941,6000,2641.9358544440147
0.07823302695080049,0.16510231538344652,-0.020565332646298954,25000,8781.38100521925
0.3965352901233879,0.15843222430456044,-0.005240783513295687,20000,16949.69186366355
0.2764675808695338,0.15111215100293654,0.0038210396582012036,8000,12549.767112704283
0.2764675808695338,0.13948764935688732,-0.014675629283451563,8000,4635.668443078176
0.4722332058040905,0.15243657740349134,-0.009324296023039434,15000,14929.56671203167
0.03096723983469186,0.15180368335311986,-0.0023296979514277898,25000,8980.724685620986
0.4722332058040905,0.15721998787131747,-0.0033423852432431043,6000,5852.089204350804
0.1589499598856141,0.1583741748270756,-0.01649978672489616,10000,10124.162225871132
0.30466658438973576,0.15408949475468187,-0.012894884141313304,12000,12625.18983357999
0.30466658438973576,0.14235488349442985,0.0018566176395336613,3000,8980.724685620986
0.4722332058040905,0.14628046400060318,-0.023631907107463542,15000,14552.421047816675
0.0567270438764676,0.1466701722422171,-0.014606668956132827,5000,9815.38693042659
0.07498632668291193,0.18000343624483445,-0.0063087607272030895,22000,5756.56884800299
0.2764675808695338,0.1720546122686189,-0.015594838091548727,8000,6111.439449623881
0.1589499598856141,0.14332711263166117,-0.00911771190821676,15000,18495.762853876247
0.1896930846842057,0.18203355655519152,-0.010314147130785467,22000,12625.18983357999
0.0567270438764676,0.16160216967899374,-0.012762179707397178,15000,9308.86605146799
0.2764675808695338,0.14563356859810184,0.001178867873038353,3000,2955.6355296040556
0.1589499598856141,0.14420964077008339,-0.0075692637851761035,5000,9357.594394504782
0.030709161363584057,0.18409628828374092,-0.027707575718343317,20000,12625.18983357999
0.1896930846842057,0.1480731293192923,-0.012968679225663199,25000,18495.762853876247
0.16426813223584644,0.1832468166225453,-0.021202319582812976,10000,3180.534231222965
0.07823302695080049,0.16866728191972613,-0.010245068959110318,7000,10588.791757848958
0.2764675808695338,0.14105119718243186,-0.013917961691975884,3000,6490.025297937499
0.0567270438764676,0.1682370094468704,-0.009002743865880012,23000,13345.696517931832
0.30466658438973576,0.15290288368588276,-0.0032898723916769536,22000,3721.496251044161
0.3198999136092226,0.16123433972939866,-0.00935482666993592,20000,9968.772979815913
0.4722332058040905,0.147712059612169,-0.013112705976097157,25000,5756.56884800299
0.16426813223584644,0.1446696539790827,0.0013455093627176462,20000,8781.38100521925
0.3198999136092226,0.14540262979877924,0.005692471749704848,15000,8044.38748849249
0.1589499598856141,0.14664665436341742,-0.001785769295591668,8000,6379.779727401703
0.16426813223584644,0.14852790752659228,-0.024858099388316277,6000,12625.18983357999
0.030709161363584057,0.15990426665736063,-0.01727907848735433,23000,13439.594459895283
0.4722332058040905,0.16439799560565885,0.0036175182690970486,20000,5852.089204350804
0.030709161363584057,0.14648220185736033,-0.006711367579169148,6000,12990.003729794424
0.1896930846842057,0.13433192080130243,-0.0040611504693952,23000,1388.161926428812
0.07498632668291193,0.16515031837527808,-0.007380169844534105,3000,9968.772979815913
0.1896930846842057,0.15645695058980744,-0.015169903971681338,12000,9921.736099442112
0.30466658438973576,0.16657706250594595,-0.014578258715412585,7000,6379.779727401703
0.0567270438764676,0.1526385844567791,0.0035830818796499845,20000,12625.18983357999
0.16426813223584644,0.17502281450020835,-0.004222325447860548,22000,12472.89232435155
0.3198999136092226,0.1526797398768487,-0.01302754890533256,6000,11700.301792294806
0.1896930846842057,0.17500112163202072,-0.014568842981618783,25000,5756.56884800299
0.07823302695080049,0.15216613957044725,-0.022482340162572553,10000,3982.1550627694223
0.07498632668291193,0.16844105152280872,-0.01280318250381328,8000,13345.696517931832
0.30466658438973576,0.15598528165681352,-0.016542882296015353,5000,14929.56671203167
0.1589499598856141,0.15374215746428538,-0.013048421333353552,3000,6379.779727401703
0.03096723983469186,0.16979728181612933,-0.012974382350616872,3000,1944.8338863255753
0.4722332058040905,0.17013436891874378,-0.014139801308446496,10000,11700.301792294806
0.4722332058040905,0.1487883501573975,0.0006138143720546946,39000,8266.360338630808
0.03096723983469186,0.15551384773358035,-0.0017945514002987667,20000,6490.025297937499
0.03096723983469186,0.1738389994422744,-0.003941582780396669,15000,14929.56671203167
0.1589499598856141,0.15701228107618093,-0.0013007733117552627,4000,8094.365808845958
0.06045829535513537,0.14237239125006476,-0.009513577447081483,8000,10868.15254697223
0.1896930846842057,0.15836546592768894,0.006300150736522477,20000,9815.38693042659
0.07823302695080049,0.15618730248293053,-0.0023903723487197328,3000,8867.27474861856
0.3965352901233879,0.15708663132308529,-0.007171041456320431,39000,11428.776259500675
0.030709161363584057,0.16099195778482345,-0.016749837277855204,25000,9968.772979815913
0.1896930846842057,0.1514277562643889,-0.01379874237102826,8000,9568.06133278347
0.3965352901233879,0.16301711641774996,-0.015739312326581226,25000,11428.776259500675
0.1896930846842057,0.1497864026750816,-3.8682607165471797e-05,8000,3982.1550627694223
0.030709161363584057,0.15162058179638138,-0.009800114120779671,20000,8867.27474861856
0.07823302695080049,0.16207800477276343,0.0159223241629391,20000,13345.696517931832
0.1896930846842057,0.14120753192329377,-0.012892619926442993,8000,11428.776259500675
0.0567270438764676,0.15277913606397034,-0.007133375393365571,20000,15182.209441928107
0.1589499598856141,0.1464106605210841,-0.00983782972205998,5000,10124.162225871132
0.3965352901233879,0.1426354910795671,-0.005572136689445607,12000,9367.701460379212
0.16426813223584644,0.1616446370774251,-0.0026500370804453145,39000,8371.635549928305
0.16426813223584644,0.16204393880744486,-0.0008299731362453279,8000,8371.635549928305
0.06045829535513537,0.1590802051751961,-0.0069104822364161825,22000,12990.003729794424
0.16426813223584644,0.1546150288868561,-0.0044075111608315445,25000,8266.360338630808
0.07823302695080049,0.1523337772650909,-0.022696815492038194,3000,7903.372032495086
0.07823302695080049,0.15531519191227977,-0.010647384327967047,15000,5852.089204350804
0.07823302695080049,0.15913176002601148,-0.013210188363606922,25000,12625.18983357999
0.0567270438764676,0.16716377131012738,-0.009265063719788458,5000,1388.161926428812
0.06045829535513537,0.1461685165421898,-0.008855420557010815,25000,9921.736099442112
0.30466658438973576,0.15478452160847223,-0.004346489474836943,20000,6111.439449623881
0.07498632668291193,0.1468025260766441,-0.010607010782394153,4000,8054.929374637141
0.07823302695080049,0.1659619077533662,0.0041748095254502005,12000,8054.929374637141
0.4722332058040905,0.14694083402933691,-0.012177500103539888,25000,8867.27474861856
0.030709161363584057,0.14544151478173373,-0.018301645735542875,25000,12625.18983357999
0.0567270438764676,0.17022284642950442,-0.0070103010710664704,20000,3180.534231222965
0.3965352901233879,0.15402536996991217,-0.009691375088189246,12000,6490.025297937499
0.0567270438764676,0.18003420584578655,-0.008818114290676604,15000,9568.06133278347
0.16426813223584644,0.14984164515061604,-0.002425825152931935,3000,4635.668443078176
0.030709161363584057,0.17191465593986283,-0.014305453429738465,3000,6029.591590125569
0.2764675808695338,0.15487963840340638,0.0011006377387346058,39000,1932.7685273621282
0.1896930846842057,0.16597437940206777,0.003800742306626312,12000,2641.9358544440147
0.3965352901233879,0.15599070116502703,-0.00694695627986356,5000,12472.89232435155
0.03096723983469186,0.16271789255374156,-0.015375805178131653,8000,8044.38748849249
0.30466658438973576,0.1419726948866785,-0.007037942662459334,25000,12308.705340727283
0.03096723983469186,0.13384443355259398,0.001950347753592372,3000,12990.003729794424
0.1896930846842057,0.1761940154435895,-0.009184426102062248,10000,5852.089204350804
0.1589499598856141,0.14633770146065375,-0.002083130147785657,12000,11428.776259500675
0.16426813223584644,0.14635725137795869,-0.01514066438904634,20000,8781.38100521925
0.3198999136092226,0.14208268627591816,-0.01209682429846358,39000,15182.209441928107
0.1589499598856141,0.18171255557203894,-0.010416818129752568,8000,9921.736099442112
0.4722332058040905,0.1598128443035563,-0.024000281038860226,3000,8298.692961111445
0.2764675808695338,0.14181792666749513,-0.009225431148790797,3000,6490.025297937499
0.1896930846842057,0.1419621297831141,-0.013983415453511332,23000,2149.416136534133
0.4722332058040905,0.1560474067135114,-0.022753457514712194,7000,9308.86605146799
0.3965352901233879,0.1457857302520765,-0.004393699945001905,15000,8266.360338630808
0.030709161363584057,0.1581216137226873,-0.010163670445422695,10000,14929.56671203167
0.4722332058040905,0.15539746153718434,-0.008262561285414537,10000,1932.7685273621282
0.3198999136092226,0.14428776593661674,-0.0025192284258891725,7000,3180.534231222965
0.03096723983469186,0.16552224475478852,-0.017456410761141107,15000,11700.301792294806
0.07823302695080049,0.15070794714060584,-0.021953803782229626,25000,16949.69186366355
0.2764675808695338,0.14171767251053893,0.010924480739250309,10000,9367.701460379212
0.030709161363584057,0.17018630333705406,0.009257254294193504,10000,4635.668443078176
0.06045829535513537,0.15408032028969224,-0.0075169485847480936,25000,6111.439449623881
0.1896930846842057,0.14887260246658363,0.010190469856403468,8000,3721.496251044161
0.3965352901233879,0.1686182121169778,-0.007384732620031671,10000,6029.591590125569
0.030709161363584057,0.15960076165285678,-0.011409294142926468,25000,12549.767112704283
0.3198999136092226,0.149843502157248,-0.01419821205144618,8000,9921.736099442112
0.3198999136092226,0.15468266788349708,-0.011781595352331135,20000,11428.776259500675
0.1896930846842057,0.14467169866466909,-0.0024761449177504342,28000,13345.696517931832
0.030709161363584057,0.1592656614598413,-0.011686032179919838,8000,12472.89232435155
0.03096723983469186,0.15973710305279587,-0.017097654132391615,22000,14929.56671203167
0.03096723983469186,0.15048568036673854,-0.006363954309876397,15000,12549.767112704283
0.30466658438973576,0.15116569790972145,-0.01718740139517927,25000,9357.594394504782
0.2764675808695338,0.14624066960487225,-0.02372013871904137,8000,12990.003729794424
0.1896930846842057,0.1508435777499933,-0.0066833024533611415,25000,2149.416136534133
0.06045829535513537,0.15831375309341922,-0.010054119053486478,10000,8054.929374637141
0.07498632668291193,0.17579037911874898,-0.009778943108846232,7000,14929.56671203167
0.3965352901233879,0.16336290145944543,-0.01606782036262879,10000,9208.354043041478
0.1896930846842057,0.1413072142665605,-0.010103525348326732,10000,8298.692961111445
0.3965352901233879,0.17952729107085308,0.0060468722108519965,25000,6379.779727401703
0.3198999136092226,0.1586834214276834,-0.017445053948556076,12000,5852.089204350804
0.30466658438973576,0.16429444514811725,-0.024013968737170148,10000,14929.56671203167
0.16426813223584644,0.15286988612799499,-0.011536706328565708,3000,13345.696517931832
0.07823302695080049,0.17000091790060093,-0.00520082315089343,28000,2149.416136534133
0.2764675808695338,0.17540483286678324,-0.007081154347084004,8000,2955.6355296040556
0.1896930846842057,0.1363110415958778,-0.00025452034939683427,6000,8867.27474861856
0.0567270438764676,0.15777369863867924,0.0005994532274819336,20000,9362.142291789198
0.07823302695080049,0.14086513988358185,-0.00993028081788278,20000,3721.496251044161
0.2764675808695338,0.1546005596511215,-0.00546228452629078,28000,8867.27474861856
0.06045829535513537,0.1668659815985306,-0.010578754965475187,3000,9921.736099442112
0.07498632668291193,0.14208919444593687,-0.002885310851504444,6000,6379.779727401703
0.2764675808695338,0.15556758934875115,-0.004237203336351614,15000,12549.767112704283
0.3965352901233879,0.1638961768385375,-0.014109187146605237,10000,14929.56671203167
0.030709161363584057,0.1802303985310876,-0.01971590531702583,20000,10868.15254697223
0.3965352901233879,0.1707577915314881,-0.004951972659730046,5000,16949.69186366355
0.1589499598856141,0.15013926366258637,0.007177941118631397,7000,16949.69186366355
0.030709161363584057,0.17856531732284542,0.0006137681670054493,25000,6111.439449623881
0.06045829535513537,0.1713105504940423,-0.006779679887010291,8000,8094.365808845958
0.3198999136092226,0.18301203704954128,-0.007056702130313422,10000,8867.27474861856
0.0567270438764676,0.14865197771457286,-0.00911870402946255,5000,13439.594459895283
0.3965352901233879,0.13854695651305718,-0.0037283709919293546,8000,7903.372032495086
0.16426813223584644,0.17971297966533437,-0.0026202942057403584,12000,10124.162225871132
0.07498632668291193,0.1600101392152807,-0.017521994496853877,25000,8867.27474861856
0.07823302695080049,0.15356474305629803,-0.008622483924394088,25000,1932.7685273621282
0.16426813223584644,0.1745758199272106,-0.017000143348897552,4000,8371.635549928305
0.30466658438973576,0.1454053810026886,-0.003926987063183662,8000,11700.301792294806
0.03096723983469186,0.15434119380156788,-0.00724085342235413,20000,2641.9358544440147
0.4722332058040905,0.15385742933181257,-0.023279786609070135,22000,13439.594459895283
0.16426813223584644,0.16199615095095193,-0.01203722586842757,7000,6379.779727401703
0.4722332058040905,0.15885825129294445,-0.013454212116308541,5000,14929.56671203167
0.4722332058040905,0.15066392160973763,-0.011351954362073285,6000,7818.674849699402
0.4722332058040905,0.14319910085206844,0.0029445112179239744,7000,1944.8338863255753
0.4722332058040905,0.1852119616076222,-0.0111205265927489,12000,8298.692961111445
0.4722332058040905,0.1725677212552503,-0.009062423074503773,8000,2149.416136534133
0.030709161363584057,0.13904987715311765,-0.004403166314225288,25000,5756.56884800299
0.06045829535513537,0.16134584550527867,-0.004404696417627227,22000,7903.372032495086
0.07823302695080049,0.16333151970653,0.001521270365007351,20000,6029.591590125569
0.3198999136092226,0.14299817410712218,-0.005794198539059111,10000,15182.209441928107
0.1589499598856141,0.1644597181702869,-0.0009084648791497917,25000,5756.56884800299
0.030709161363584057,0.13699835766109958,-0.017652472230861922,3000,8867.27474861856
0.16426813223584644,0.14356303652819866,-0.005096126697732055,6000,9208.354043041478
0.1589499598856141,0.1599375816380032,-0.007827310899692838,3000,1932.7685273621282
0.16426813223584644,0.14563771511977736,-0.014590445158040014,39000,1944.8338863255753
0.16426813223584644,0.144728806044229,-0.006820799863291042,8000,2641.9358544440147
0.4722332058040905,0.148145327433016,-0.010764888720636271,15000,11700.301792294806
0.030709161363584057,0.16104412605430307,-0.016675167865519102,5000,5852.089204350804
0.16426813223584644,0.15260282156223423,-0.004435054879187366,5000,8371.635549928305
0.07498632668291193,0.14901886685312066,-0.015374068580266848,25000,5852.089204350804
0.1589499598856141,0.15860154149073938,-0.008859292364345635,20000,8044.38748849249
0.3198999136092226,0.18017171175409416,-0.0016895086886548755,4000,6029.591590125569
0.0567270438764676,0.17674990920857878,0.0032964520160230393,23000,8044.38748849249
0.1589499598856141,0.1769123075134586,-0.002415337755236962,20000,1932.7685273621282
0.07498632668291193,0.14642407672629346,-0.011872603811660177,12000,13439.594459895283
0.16426813223584644,0.1609753531438368,-0.010500431145136288,8000,2955.6355296040556
0.03096723983469186,0.15810657261224945,-0.00672757431732956,25000,15182.209441928107
0.1896930846842057,0.17184091235523982,-0.02854331644221686,4000,12549.767112704283
0.4722332058040905,0.1777630619236615,-0.008042037536775208,20000,5852.089204350804
0.06045829535513537,0.1354322004144868,-0.01718536475205434,3000,13345.696517931832
0.4722332058040905,0.1551006501080537,-0.010508630325639902,3000,3721.496251044161
0.30466658438973576,0.1527419028400752,-0.00919930648704405,8000,4635.668443078176
0.06045829535513537,0.1467696431839639,-0.013335657214331768,10000,12472.89232435155
0.16426813223584644,0.14911751539842977,-0.015195846728998456,12000,10588.791757848958
0.07823302695080049,0.1467857655846297,-0.012530359086888408,15000,9968.772979815913
0.1896930846842057,0.16149709385011796,-0.0035494419253822647,12000,2641.9358544440147
0.030709161363584057,0.15982083787957482,-0.0054305031946686325,10000,16949.69186366355
0.1589499598856141,0.16326743706965227,0.003965271944890326,3000,15674.647469510692
0.16426813223584644,0.1689197021115154,-0.011601254219493573,12000,6029.591590125569
0.3965352901233879,0.15775734371596808,-0.009617751821630936,4000,1932.7685273621282
0.4722332058040905,0.15056570135669278,-0.011181120033470866,10000,7818.674849699402
0.0567270438764676,0.1481669069817323,-0.003876948620822086,28000,8044.38748849249
0.16426813223584644,0.1685410228168266,-0.0031730692597563333,22000,8781.38100521925
0.4722332058040905,0.1490685180219499,-0.0033393429894429598,5000,8094.365808845958
0.16426813223584644,0.18185804264482539,-0.009035685049337949,15000,8298.692961111445
0.0567270438764676,0.18093256759595547,-0.01304944606956898,5000,12990.003729794424
0.03096723983469186,0.16561280340064452,-0.01146497685725282,20000,9208.354043041478
0.030709161363584057,0.15452351435302014,-0.006321638705713582,28000,9815.38693042659
0.1589499598856141,0.170073997693501,-0.01682263216557664,8000,6490.025297937499
0.3198999136092226,0.15516222314333725,-0.02155976226545985,23000,8781.38100521925
0.4722332058040905,0.1638738084636638,-0.015871020454701755,4000,12990.003729794424
0.30466658438973576,0.17103391417842037,-0.004293145377487301,25000,8044.38748849249
0.16426813223584644,0.140855190566144,-0.009363326249545348,25000,9208.354043041478
0.4722332058040905,0.1626011846821303,-0.0007710546259142739,25000,12308.705340727283
0.1589499598856141,0.14362248910955022,-0.011328353260524402,20000,7903.372032495086
0.4722332058040905,0.1346257309559972,-0.02411692308154792,10000,10588.791757848958
0.2764675808695338,0.13887078165654715,0.0009133225127028145,7000,12472.89232435155
0.03096723983469186,0.15268479707874336,-0.006391160673993227,10000,11428.776259500675
0.030709161363584057,0.1743239355244113,-0.016332069937143753,10000,1388.161926428812
0.07498632668291193,0.1558088122906088,-0.0009453324862829212,28000,9308.86605146799
0.3198999136092226,0.16139977920217374,-0.0028187023018121,5000,4635.668443078176
0.06045829535513537,0.17038639572232717,-0.005182948549489213,10000,9367.701460379212
0.4722332058040905,0.15280262861955246,-0.02081810200440254,10000,10588.791757848958
0.03096723983469186,0.16697863357082596,-0.015831592527020096,10000,2641.9358544440147
0.30466658438973576,0.16753380632614479,0.004940131510156456,12000,6379.779727401703
0.1896930846842057,0.15660150922506746,-0.017337520947811824,8000,14088.177761028734
0.2764675808695338,0.17536953055979396,-0.013787785590572792,23000,8781.38100521925
0.1589499598856141,0.16268546413725674,-0.013799003906320526,15000,6111.439449623881
0.3198999136092226,0.1556997335446403,-0.003911210303541315,23000,12472.89232435155
0.06045829535513537,0.15577174596229137,-0.015424997769080817,3000,12472.89232435155
0.30466658438973576,0.1525413671309687,-0.014653667243481425,10000,8054.929374637141
0.030709161363584057,0.17912460636025096,-0.011150851580385403,6000,8044.38748849249
0.30466658438973576,0.14473554213496156,0.012533332777608751,10000,9815.38693042659
0.16426813223584644,0.16174488368491322,-0.001926210642006539,23000,15182.209441928107
0.030709161363584057,0.16237187988557036,-0.012719150215266548,15000,12472.89232435155
0.03096723983469186,0.16500991789528952,-0.018082814292704443,25000,13345.696517931832
0.0567270438764676,0.16599693898941845,-0.008796861701571105,39000,8044.38748849249
0.03096723983469186,0.15783493520571054,-0.011569174937255233,10000,9367.701460379212
0.3198999136092226,0.17590721029154166,-0.00777769666219307,8000,8054.929374637141
0.30466658438973576,0.1516597145411438,0.011214802784256026,20000,8867.27474861856
0.0567270438764676,0.1659416911771198,-0.008519951864363103,4000,8266.360338630808
0.3965352901233879,0.13295120262614082,-0.004776464411055199,8000,8781.38100521925
0.07823302695080049,0.16169543699462502,-0.007803047456830587,12000,16949.69186366355
0.4722332058040905,0.14126691958326518,-0.015177252745345109,10000,12308.705340727283
0.1896930846842057,0.1535556056938717,0.0037655999224049863,10000,6111.439449623881
0.1896930846842057,0.17408872138319972,-0.002242397623575268,10000,6029.591590125569
0.3965352901233879,0.1749489172862545,-0.014287603866045839,12000,6490.025297937499
0.0567270438764676,0.16508624735469138,0.0015784751915243176,4000,14088.177761028734
0.3198999136092226,0.16629892699030263,-0.006463163466662519,8000,9367.701460379212
0.07498632668291193,0.14791248951011926,0.0037023026711642242,28000,2955.6355296040556
0.07498632668291193,0.18270187313935876,-0.021093534659652528,10000,12990.003729794424
0.2764675808695338,0.16798648897754756,-0.005736234714617137,15000,10588.791757848958
0.3198999136092226,0.1393257977471219,-0.007481805230127601,4000,6490.025297937499
0.03096723983469186,0.15804952715111498,0.005429081601435534,10000,6490.025297937499
0.06045829535513537,0.15637821001358268,-0.017905052581082243,10000,10868.15254697223
0.3198999136092226,0.1514971121625716,-0.004920653974841897,22000,8867.27474861856
0.3965352901233879,0.1542134196528169,-0.019595100049875535,25000,9815.38693042659
0.07823302695080049,0.15324327214842748,-0.003216865110491403,25000,8266.360338630808
0.06045829535513537,0.18154711041381452,-0.022828384513156493,15000,9921.736099442112
0.3198999136092226,0.1470996298292316,-0.01765345257817643,20000,10588.791757848958
0.03096723983469186,0.15601755310555193,0.0014940173770476217,15000,9208.354043041478
0.1589499598856141,0.14357534763433538,-0.009444349142708402,5000,13345.696517931832
0.2764675808695338,0.18489279636909595,-0.012068529716062908,8000,11700.301792294806
0.07823302695080049,0.1450706717225357,-0.007026933971794296,8000,9568.06133278347
0.1896930846842057,0.1408392954989019,-0.0023873286755565063,10000,15674.647469510692
0.3965352901233879,0.14581911463239453,-0.012184194377615322,5000,5756.56884800299
0.2764675808695338,0.16161195054160069,-0.00903286935644727,23000,5852.089204350804
0.4722332058040905,0.15451489022996379,-0.013722864204338228,25000,8371.635549928305
0.1589499598856141,0.14185063791735134,-0.004123412342648048,10000,12472.89232435155
0.16426813223584644,0.15971962745621013,-0.01851927476280431,5000,3721.496251044161
0.4722332058040905,0.1618223874180706,-0.019983931288907922,15000,2955.6355296040556
0.16426813223584644,0.15934439316456897,-0.011126920237935448,12000,6379.779727401703
0.07498632668291193,0.1654389597534182,-0.007235387589537954,3000,15674.647469510692
0.4722332058040905,0.17279434151609113,-0.013846095822367403,20000,8980.724685620986
0.0567270438764676,0.17223026156191903,-0.013926764299396857,4000,5756.56884800299
0.3965352901233879,0.1657300087721159,-0.013671444491184554,20000,3982.1550627694223
0.16426813223584644,0.13912912480422276,-0.009427746099028082,10000,9362.142291789198
0.030709161363584057,0.16315589324275356,-0.011035661303038872,12000,10588.791757848958
0.07498632668291193,0.13524580744868514,-0.013665990012258902,39000,13439.594459895283
0.030709161363584057,0.15015806701199955,-0.01731597822029224,6000,8094.365808845958
0.07823302695080049,0.173188147446846,0.004538136185229385,3000,9308.86605146799
0.030709161363584057,0.15607995685438017,-0.023083634104467905,8000,15182.209441928107
0.030709161363584057,0.14781864729848024,-0.02195794296021357,4000,8371.635549928305
0.2764675808695338,0.17534267618631924,-0.013519686916738476,10000,9208.354043041478
0.16426813223584644,0.16894514637187527,0.007906289194994668,7000,8371.635549928305
0.16426813223584644,0.15831047791572478,-0.015329956582609324,25000,9968.772979815913
0.2764675808695338,0.1629927336749752,-0.026281376473649355,12000,6029.591590125569
0.07823302695080049,0.17109019508442214,-0.004536268368576639,10000,6379.779727401703
0.03096723983469186,0.17161815269974698,-0.020609264606564676,10000,3982.1550627694223
0.2764675808695338,0.17048952952609797,-0.0018716479290665853,39000,2641.9358544440147
0.1589499598856141,0.1650697185067782,-0.005866197938825479,10000,9357.594394504782
0.16426813223584644,0.1595977823609056,-0.007948124926022712,22000,6029.591590125569
0.1589499598856141,0.15805202437764307,-0.003960273723876346,15000,13439.594459895283
0.0567270438764676,0.13314293186890297,-0.008198587129246688,10000,3721.496251044161
0.4722332058040905,0.14896291743334225,-0.0011844847347946554,3000,4635.668443078176
0.06045829535513537,0.14114014859288343,0.004547019739945445,10000,11428.776259500675
0.4722332058040905,0.14295445099659643,-0.007229774173743812,10000,3721.496251044161
0.03096723983469186,0.18443709114195353,-0.010491544129174512,8000,18495.762853876247
0.2764675808695338,0.16012481632226144,-0.0034770446386370385,20000,6029.591590125569
0.07498632668291193,0.15262239220062573,-0.005197779289451757,5000,9362.142291789198
0.07823302695080049,0.15968635985811214,-0.020120480028620234,22000,6490.025297937499
0.07823302695080049,0.13685545168809107,-0.007959106121499882,39000,6379.779727401703
0.030709161363584057,0.15637012714074847,-0.0013542581225022368,12000,13439.594459895283
0.30466658438973576,0.14513352990114392,-0.012792008047276019,15000,1932.7685273621282
0.16426813223584644,0.16359988138889411,-0.013069425513328814,25000,9357.594394504782
0.030709161363584057,0.1558251083573856,-0.006115566516346613,5000,15674.647469510692
0.4722332058040905,0.16517724396958297,-0.021995756689354076,5000,1944.8338863255753
0.30466658438973576,0.1775155275334836,-0.019707209767119198,25000,15182.209441928107
0.3198999136092226,0.16742607552667096,-0.02208331899123604,4000,9357.594394504782
0.3965352901233879,0.15877042752648365,0.002265083095216266,20000,9921.736099442112
0.1896930846842057,0.16837396973382396,-0.00898299582657086,15000,8044.38748849249
0.07498632668291193,0.16253326312830962,-0.00428191223907622,25000,9921.736099442112
0.30466658438973576,0.15185383283480108,-0.007552740423829293,7000,8980.724685620986
0.0567270438764676,0.1332472066443407,-0.009317631681179859,10000,5961.998200255187
0.030709161363584057,0.15435647591621593,-0.0029278532694957094,28000,3721.496251044161
0.3198999136092226,0.15507547798496624,-0.01027575520000137,4000,8371.635549928305
0.07498632668291193,0.14389809151418526,-0.013473953551348235,8000,2149.416136534133
0.06045829535513537,0.13579816992020155,-0.020276058910004034,10000,16949.69186366355
0.30466658438973576,0.1506258638158863,0.0020005217304402264,25000,5961.998200255187
0.30466658438973576,0.17028147960708695,-0.011498037587732837,20000,12625.18983357999
0.030709161363584057,0.16743474008435374,-0.005511067310785137,20000,10588.791757848958
0.1589499598856141,0.15325068721899862,0.0014465747000481212,10000,6111.439449623881
0.3965352901233879,0.16226781563263568,-0.01405453547675144,15000,8298.692961111445
0.3965352901233879,0.17307668664026155,-0.017273358817795847,10000,9362.142291789198
0.0567270438764676,0.1542668079013596,0.0016649843676629994,8000,4635.668443078176
0.16426813223584644,0.15777078961259083,-0.01672107611969739,3000,6111.439449623881
0.07823302695080049,0.15965023957619845,-0.01300108414837613,7000,14552.421047816675
0.07823302695080049,0.17061196891041783,-0.012805309065401324,4000,6029.591590125569
0.07498632668291193,0.153294518936609,-0.014651598056471931,10000,6490.025297937499
0.30466658438973576,0.14041068297984524,-0.003330645168235434,7000,6379.779727401703
0.030709161363584057,0.1516395115726688,-0.022729071358597603,4000,15674.647469510692
0.16426813223584644,0.15931462703293614,-0.0008167599916010928,7000,9362.142291789198
0.1589499598856141,0.15512213438767897,-0.016262198320635933,15000,8044.38748849249
0.030709161363584057,0.16028614768755906,-0.011140138237318768,15000,8044.38748849249
0.03096723983469186,0.17508789972421154,-0.004683620615110667,10000,8371.635549928305
0.1896930846842057,0.14706386738411617,-0.005130436351401835,10000,12625.18983357999
0.07823302695080049,0.16255438482988946,-0.02246364570215259,10000,6029.591590125569
0.030709161363584057,0.17155747906815566,0.005824146182507621,12000,5961.998200255187
0.16426813223584644,0.16856436509343894,-0.01537584861198874,3000,8980.724685620986
0.30466658438973576,0.15402935843889115,-0.01778825833744516,23000,9568.06133278347
0.07823302695080049,0.16587732221503756,-0.017805491113291938,5000,16949.69186366355
0.1896930846842057,0.1430030081371933,0.016688733955414637,10000,3721.496251044161
0.030709161363584057,0.15867242038117368,-0.015313041888680778,3000,13345.696517931832
0.1896930846842057,0.16079993056342348,-0.02078374731919609,12000,10868.15254697223
0.06045829535513537,0.1481118662655029,-0.0023395110834275546,20000,11700.301792294806
0.06045829535513537,0.15339017401582342,-0.008263874916301789,20000,9968.772979815913
0.06045829535513537,0.1684225180734643,-0.013765733959767842,15000,13439.594459895283
0.30466658438973576,0.16322641545862573,-0.006414713849948666,15000,10588.791757848958
0.1589499598856141,0.16020562888036471,0.002726443972444001,15000,2149.416136534133
0.4722332058040905,0.15311108009470656,-0.009633810255178354,5000,10124.162225871132
0.07823302695080049,0.14621809021512172,-0.005645533339342828,5000,8781.38100521925
0.030709161363584057,0.15075184199688965,-0.007521198480025233,5000,1932.7685273621282
0.07823302695080049,0.15092796781854065,-0.007402803130088515,28000,8867.27474861856
0.1896930846842057,0.1825831132515878,-0.012612717294305714,10000,11700.301792294806
0.4722332058040905,0.1786584646009509,-0.002792652459119798,3000,15182.209441928107
0.1896930846842057,0.1361478076094951,-0.009854491415177807,3000,5756.56884800299
0.07823302695080049,0.1705319133968189,-0.00566146525041678,7000,5756.56884800299
0.1896930846842057,0.18503594367305537,-0.0014881925118458968,10000,8266.360338630808
0.03096723983469186,0.1771365776620569,-0.006688251171241128,15000,8266.360338630808
0.16426813223584644,0.16640883373113197,-0.01626716832236958,15000,1944.8338863255753
0.1589499598856141,0.17396915585807798,-0.00981660270978203,7000,1944.8338863255753
0.30466658438973576,0.16064356945371355,0.0040182151574254385,10000,9367.701460379212
0.4722332058040905,0.15659521349757125,-0.01903346438355957,22000,2641.9358544440147
0.3198999136092226,0.15354340169899744,0.01014750117447632,6000,11700.301792294806
0.2764675808695338,0.1478191997091907,-0.01877956955206756,10000,11700.301792294806
0.3198999136092226,0.1426617387888114,-0.02180450152262976,10000,3180.534231222965
0.03096723983469186,0.1557416721377168,-0.017531106470274293,5000,14088.177761028734
0.0567270438764676,0.14788550809436368,-0.008087730795514161,20000,11428.776259500675
0.030709161363584057,0.1508075296029459,-0.012235736066038819,5000,4635.668443078176
0.030709161363584057,0.142355817004444,-0.00496048437760559,10000,8867.27474861856
0.16426813223584644,0.16054139937912668,-0.02114643393362162,15000,8298.692961111445
0.03096723983469186,0.1451815608707792,-0.03310430501955341,28000,8094.365808845958
0.30466658438973576,0.1587933213528983,-0.023188231724394152,25000,11428.776259500675
0.2764675808695338,0.15077672148327007,-0.006832914242624526,5000,8054.929374637141
0.4722332058040905,0.1584984875845796,-0.0043248862187163775,39000,10124.162225871132
0.4722332058040905,0.1543720708164971,-0.00861605122073196,10000,2641.9358544440147
0.16426813223584644,0.1618957586321021,-0.011597279275338336,15000,9968.772979815913
0.06045829535513537,0.1494612480239092,0.0010251388135797059,10000,9357.594394504782
0.16426813223584644,0.17479729376243866,-0.004532445059825168,3000,8094.365808845958
0.1589499598856141,0.14626379953505675,-0.002422520428627826,3000,9208.354043041478
0.3198999136092226,0.17783173441632225,-0.025770803784341014,25000,1944.8338863255753
0.06045829535513537,0.1572969242474466,-0.010426433702537437,3000,2955.6355296040556
0.3965352901233879,0.16325699382775063,-0.007356249756715797,25000,13345.696517931832
0.16426813223584644,0.15562796120874248,-0.027680727715412533,25000,11700.301792294806
0.2764675808695338,0.17309853201714237,-0.01565535196422617,20000,14552.421047816675
0.1896930846842057,0.15683352531037512,-0.006776142101585313,28000,8054.929374637141
0.06045829535513537,0.16840287133011164,-0.010774445241806941,25000,8371.635549928305
0.06045829535513537,0.16893033133202254,-0.011748154402728157,28000,7818.674849699402
0.07823302695080049,0.14063944454641308,-0.0061562950140319215,3000,8298.692961111445
0.07823302695080049,0.1590616611139319,0.0029539618853828198,22000,11700.301792294806
0.2764675808695338,0.16860151192339365,-0.00038475463698674374,12000,8094.365808845958
0.4722332058040905,0.16466959189796454,-0.006942599530127561,10000,14552.421047816675
0.3198999136092226,0.13913096767380861,-0.0039439343194796785,10000,1932.7685273621282
0.1589499598856141,0.1344656507088005,-0.007862700300985112,10000,15674.647469510692
0.1896930846842057,0.17315899093557782,-0.009566973732064018,10000,2641.9358544440147
0.1896930846842057,0.14752488146753423,-0.02271822633672127,10000,8980.724685620986
0.30466658438973576,0.1449599626787781,-0.009858655693535563,3000,9921.736099442112
0.16426813223584644,0.15784806897922066,0.004030771593439473,10000,6490.025297937499
0.07498632668291193,0.14424773451282308,-0.00310343976316865,7000,14552.421047816675
0.1589499598856141,0.13360053313881348,0.005595583265286456,23000,8867.27474861856
0.1589499598856141,0.15216103183390559,-0.01744922445285758,15000,18495.762853876247
0.30466658438973576,0.1618285403473808,-0.0021202125120943533,28000,10868.15254697223
0.07823302695080049,0.14175125569160563,0.0010012596037731966,6000,9208.354043041478
0.0567270438764676,0.1692985140808418,-0.0015270885188345545,28000,8980.724685620986
0.030709161363584057,0.14607755419881097,-0.011815787533478308,5000,8867.27474861856
0.07498632668291193,0.18413064690072828,-0.013152039276125039,3000,8867.27474861856
0.16426813223584644,0.1802294423701956,0.006068155245175329,12000,14088.177761028734
0.3198999136092226,0.14209838337690656,-0.019702168607201052,3000,8980.724685620986
0.1589499598856141,0.1691672436379091,-0.013960107861279138,25000,1944.8338863255753
0.1589499598856141,0.16578670251335628,-0.00015769464407022727,25000,15182.209441928107
0.16426813223584644,0.14431354458164536,-0.015698730498308233,10000,4635.668443078176
0.030709161363584057,0.14945523253114848,-0.018988326765436766,5000,8044.38748849249
0.16426813223584644,0.1683731367213623,0.002181810608615804,15000,9357.594394504782
0.2764675808695338,0.13955119444040245,-0.013612776262135775,28000,12625.18983357999
0.07498632668291193,0.1639062966564003,0.004708679060662539,22000,9308.86605146799
0.0567270438764676,0.18045908401762095,-0.02026710544815192,20000,2955.6355296040556
0.30466658438973576,0.17051946438673432,-0.001185091463844552,6000,3982.1550627694223
0.1896930846842057,0.15754356894331803,0.005407117048630407,15000,8094.365808845958
0.03096723983469186,0.18192299198997847,-0.006429842859931311,25000,11428.776259500675
0.06045829535513537,0.16529497248028685,-0.006135207253235287,7000,16949.69186366355
0.30466658438973576,0.16946126994056188,-0.009686421672720855,23000,9568.06133278347
0.0567270438764676,0.16663147163415704,0.002528728288103944,15000,10588.791757848958
0.4722332058040905,0.15940621801586982,-0.009979131621741948,15000,9367.701460379212
0.06045829535513537,0.15285327325298925,-0.009052333153300025,25000,8044.38748849249
0.30466658438973576,0.1591307506707487,-0.001331225495402468,3000,2955.6355296040556
0.16426813223584644,0.14608089123709964,-0.0006865025219077868,22000,16949.69186366355
0.03096723983469186,0.1524182586816217,-0.00803056552365415,5000,10124.162225871132
0.3198999136092226,0.16444226262633216,0.008065682256813499,12000,10124.162225871132
0.2764675808695338,0.15353410387071958,-0.012725130184411222,12000,14088.177761028734
0.07498632668291193,0.16602396556084553,-0.004791912678468551,12000,14929.56671203167
0.1896930846842057,0.16009125388732126,-0.009471035028374462,10000,12990.003729794424
0.0567270438764676,0.1663641120957029,-0.010786234434507325,4000,1944.8338863255753
0.2764675808695338,0.16818337755498816,0.0010018325587509654,25000,6111.439449623881
0.06045829535513537,0.15017478578649732,-0.02392709011386939,8000,12549.767112704283
0.1589499598856141,0.14313268676733046,-0.02728046700605019,3000,3180.534231222965
0.06045829535513537,0.16424119212554225,-0.008288050396819133,10000,6490.025297937499
0.1896930846842057,0.16784425345469725,-0.0024716143468391048,3000,12990.003729794424
0.1896930846842057,0.1475171291839141,-0.01924911915165909,23000,8094.365808845958
0.4722332058040905,0.15929018722028082,-0.0013260374124355568,10000,8781.38100521925
0.4722332058040905,0.1377383200386201,-0.0035024911267875,25000,2955.6355296040556
0.4722332058040905,0.1652086489778555,-0.011883855285090538,5000,12472.89232435155
0.3198999136092226,0.159348793352612,0.010604773031872908,3000,5756.56884800299
0.30466658438973576,0.14777684427466128,1.4808356918865134e-05,28000,2149.416136534133
0.16426813223584644,0.15323874993709877,-0.011831177980454728,8000,14088.177761028734
0.07823302695080049,0.16435744304293173,0.003106389392264273,25000,9568.06133278347
0.07498632668291193,0.17348184767006622,-0.01290731170448406,25000,7903.372032495086
0.16426813223584644,0.15777883774465468,-0.012309697712373066,25000,13439.594459895283
0.3965352901233879,0.18005360367380735,-0.0043365309565832205,10000,12625.18983357999
0.16426813223584644,0.16337921013553974,-0.014317757311078351,12000,1388.161926428812
0.07498632668291193,0.13355449228458713,-0.014172475078084413,20000,12990.003729794424
0.03096723983469186,0.16687970987117987,-0.005742748236712597,20000,12549.767112704283
0.03096723983469186,0.13885924541109582,-0.006912531726430395,20000,14088.177761028734
0.2764675808695338,0.16201163985548483,-0.0022952831444599253,20000,9362.142291789198
0.3198999136092226,0.1676069096709231,-0.00022782728575259717,6000,1944.8338863255753
0.16426813223584644,0.1641044724972225,-0.004575652696954646,15000,8371.635549928305
0.07823302695080049,0.16923782322901093,-0.005929892440672856,25000,7818.674849699402
0.07498632668291193,0.18013761616838717,-0.011351999072259198,3000,14929.56671203167
0.07823302695080049,0.1420759761359954,-0.02071182946390195,12000,11428.776259500675
0.16426813223584644,0.15754347534059276,-0.00620230175322577,23000,13345.696517931832
0.1896930846842057,0.16349785317417598,-0.010297481198008964,39000,2955.6355296040556
0.07498632668291193,0.14851622220900232,-0.0025142114700091446,10000,6490.025297937499
0.3198999136092226,0.15756584099955723,6.183562683456721e-06,15000,2149.416136534133
0.2764675808695338,0.15421442821406492,-0.015527499100741225,15000,14552.421047816675
0.16426813223584644,0.15887718135712223,-0.002716584650712491,10000,8266.360338630808
0.2764675808695338,0.16415510543490486,-0.016470781199152993,25000,6379.779727401703
0.30466658438973576,0.151330061590691,-0.00913916037100167,12000,1944.8338863255753
0.030709161363584057,0.16304123083008124,-0.003349565910311704,12000,8044.38748849249
0.07498632668291193,0.15530952111198895,-0.003896728277385849,10000,6490.025297937499
0.06045829535513537,0.13343246978001522,0.00038283599586523716,10000,10588.791757848958
0.3198999136092226,0.1488360305091469,-0.005130084106760608,15000,1944.8338863255753
0.07823302695080049,0.17128972742538648,-0.015188080916905385,8000,10868.15254697223
0.06045829535513537,0.17124335712724698,-0.011471978465000055,12000,8094.365808845958
0.03096723983469186,0.15089888358517783,-0.0034173273343436994,10000,11428.776259500675
0.2764675808695338,0.14698571077562336,-0.019938247882344398,8000,5852.089204350804
0.06045829535513537,0.14417291538277682,-0.014348523618615341,5000,9968.772979815913
0.06045829535513537,0.1488190912943787,-0.01977113567871054,12000,5756.56884800299
0.30466658438973576,0.15796813950862368,-0.0024023285484414307,15000,9357.594394504782
0.2764675808695338,0.13639651472387393,-0.016302743567366176,20000,1932.7685273621282
0.2764675808695338,0.15763836418505597,-0.008060395941547824,15000,3721.496251044161
0.2764675808695338,0.1466059817323086,-0.011705541542843959,8000,1388.161926428812
0.4722332058040905,0.1846790532995786,-0.010297587034637372,22000,15182.209441928107
0.1589499598856141,0.17881260728181506,-0.014715971028102256,22000,9308.86605146799
0.030709161363584057,0.13645964583920792,-0.02147456901667468,8000,13345.696517931832
0.1896930846842057,0.1396777121680042,-0.007275147299596152,3000,6111.439449623881
0.4722332058040905,0.1523090155528409,-0.0027156998561600645,4000,12990.003729794424
0.0567270438764676,0.1512803055214433,-0.016000824444093162,5000,8867.27474861856
0.07823302695080049,0.1566192507557789,0.0043223404943684126,28000,6379.779727401703
0.1589499598856141,0.16918426439935985,-0.0009474393101608933,22000,6111.439449623881
0.30466658438973576,0.14667113898966505,-0.01785391349283823,39000,8781.38100521925
0.03096723983469186,0.16700812383365388,-0.014070350035954799,25000,7903.372032495086
0.4722332058040905,0.1785212358107049,0.002136949468792605,20000,6111.439449623881
0.030709161363584057,0.15000537864836594,0.007219302671069506,5000,12308.705340727283
0.030709161363584057,0.15542145544420866,-0.013151507024016228,15000,6379.779727401703
0.1589499598856141,0.17019417326662376,-0.01927323810647776,10000,2955.6355296040556
0.07498632668291193,0.1572443816333365,-0.01541514710334637,7000,9968.772979815913
0.1589499598856141,0.1662201308676527,0.005743376733696467,3000,9568.06133278347
0.03096723983469186,0.1476390805740511,-0.001798184229332577,23000,8094.365808845958
0.30466658438973576,0.16737896834383084,0.006906340906668547,3000,2641.9358544440147
0.4722332058040905,0.14102261089906046,-0.009987539147493464,39000,1944.8338863255753
0.30466658438973576,0.1685002764860273,-0.01223903953360569,39000,15674.647469510692
0.3198999136092226,0.17082027460937133,-0.0034960906119896654,7000,9357.594394504782
0.4722332058040905,0.1360830438632155,-0.018504994188539958,23000,5852.089204350804
0.16426813223584644,0.15028172262208367,-0.01339411597207398,20000,3721.496251044161
0.0567270438764676,0.1691962522801473,-0.023099564668434436,10000,16949.69186366355
0.07823302695080049,0.14752951793791386,-0.00545166181663701,20000,2149.416136534133
0.16426813223584644,0.16121398811190596,-0.014428652658041689,3000,14088.177761028734
0.3198999136092226,0.15050081651267605,0.0018236886985623238,25000,2641.9358544440147
0.03096723983469186,0.1781396959339422,-0.012116983735289449,10000,9921.736099442112
0.3965352901233879,0.1771733790988218,0.006728353359590616,3000,9308.86605146799
0.030709161363584057,0.16828872531793132,0.005126491326209474,8000,8298.692961111445
0.030709161363584057,0.14951753140187632,-0.000990118265624229,23000,3721.496251044161
0.0567270438764676,0.17488039427768187,-0.008501937292283513,25000,1388.161926428812
0.06045829535513537,0.1535584046763165,-0.017813018755670266,5000,10588.791757848958
0.3965352901233879,0.1481863685923113,-0.01470695183010066,3000,16949.69186366355
0.3198999136092226,0.15257561582124046,-0.0071592093729562776,10000,12472.89232435155
0.0567270438764676,0.1653822137382929,-0.012507092762920417,6000,9208.354043041478
0.1589499598856141,0.18101746300689883,-0.003720954110606925,5000,8298.692961111445
0.2764675808695338,0.15268801884769553,0.0028610311188786287,10000,8044.38748849249
0.4722332058040905,0.15416823375052502,-0.0020171920695215965,6000,14552.421047816675
0.1589499598856141,0.15881749928980282,-0.012691152593656939,7000,12549.767112704283
0.3198999136092226,0.1710124732456831,-0.013056238847242151,20000,16949.69186366355
0.16426813223584644,0.15328352728122022,-0.03738138615076431,8000,11428.776259500675
0.2764675808695338,0.14044153678417287,-0.008861178387274305,10000,3982.1550627694223
0.3198999136092226,0.15956000484333677,-0.009263274175604151,10000,8094.365808845958
0.07498632668291193,0.14560372283083428,-0.006199546671760033,7000,4635.668443078176
0.2764675808695338,0.15398398021699936,-0.002896871739926468,15000,13439.594459895283
0.16426813223584644,0.1372674532519243,0.015741146992406172,5000,8266.360338630808
0.1589499598856141,0.1703196342066884,-0.011050303316869483,25000,8781.38100521925
0.07823302695080049,0.16582715215710764,-0.010765274700328668,10000,10868.15254697223
0.3198999136092226,0.15986647262154,-0.01077975285404618,6000,6029.591590125569
0.1589499598856141,0.1634048029749085,-0.00150977360924702,12000,18495.762853876247
0.4722332058040905,0.1548798884248183,-0.014572454870387544,12000,13439.594459895283
0.4722332058040905,0.1759830198623744,-0.028988058516113427,22000,6379.779727401703
0.07498632668291193,0.14589154940776444,-0.0031151522631972686,5000,8298.692961111445
0.030709161363584057,0.15091002371221174,-0.013632887884196006,15000,8044.38748849249
0.0567270438764676,0.16874062612581497,-0.014614336248348613,4000,9367.701460379212
0.3198999136092226,0.14554607941941447,0.0012803688201066797,3000,14088.177761028734
0.06045829535513537,0.17610650375365292,-0.01075939211797795,12000,8044.38748849249
0.0567270438764676,0.14689929111752756,-0.006977836748141201,39000,1388.161926428812
0.07498632668291193,0.1826642228522415,-0.010580777184444865,5000,6379.779727401703
0.06045829535513537,0.17081648471710922,-0.007912677463990965,15000,6379.779727401703
0.30466658438973576,0.15830973253835032,-0.01647978003850522,39000,13345.696517931832
0.4722332058040905,0.16117792950835463,-0.01223240129987242,5000,7818.674849699402
0.2764675808695338,0.17248172136035092,-0.005322492847128083,4000,9568.06133278347
0.16426813223584644,0.18062840546262304,-0.007014183429627368,12000,12625.18983357999
0.3965352901233879,0.16185529271864849,-0.016738044328348523,28000,11700.301792294806
0.06045829535513537,0.17833250225659103,-0.011512035720534735,12000,1388.161926428812
0.1896930846842057,0.1640721026734177,-0.0046333431427954454,3000,8980.724685620986
0.4722332058040905,0.13796112253927917,-0.003705529029881654,10000,2149.416136534133
0.3198999136092226,0.14048030063106545,0.002415401913474435,15000,5961.998200255187
0.2764675808695338,0.15792966192460062,-0.006201081505516775,25000,9568.06133278347
0.0567270438764676,0.1806315592820891,-0.008123890472810357,15000,3721.496251044161
0.1589499598856141,0.15334423229616573,-0.0019399103322371941,4000,15182.209441928107
0.16426813223584644,0.17189790077590816,-0.0125107735188042,4000,6111.439449623881
0.3198999136092226,0.1752972640820415,-0.005359510464276413,7000,8781.38100521925
0.2764675808695338,0.15940650407413598,-0.00904450600441992,8000,10868.15254697223
0.03096723983469186,0.15873626983973474,0.0010499326934939543,10000,8054.929374637141
0.0567270438764676,0.16851542676062015,0.003505162509539076,15000,8044.38748849249
0.4722332058040905,0.18503736713428726,-0.01744380814572463,25000,1944.8338863255753
0.1896930846842057,0.17154809809636973,-0.007083253574619493,15000,8044.38748849249
0.2764675808695338,0.1574668545180802,-0.019941715368933768,7000,6029.591590125569
0.0567270438764676,0.17893706292397046,-0.005019996447670023,25000,7903.372032495086
0.1896930846842057,0.14903889945943724,0.00033840147112811764,12000,9568.06133278347
0.07823302695080049,0.15415152929658904,-0.013262590488906814,3000,8054.929374637141
0.0567270438764676,0.16421547088210453,-0.012305182101224511,23000,9815.38693042659
0.3198999136092226,0.1586398675646586,-0.005509959313479265,7000,13345.696517931832
0.07823302695080049,0.16450797596384106,-0.010448274524095792,15000,15674.647469510692
0.0567270438764676,0.16490951341443708,-0.0036016813081629026,28000,6029.591590125569
0.16426813223584644,0.1778504989243241,-0.015156166178033541,10000,12472.89232435155
0.07823302695080049,0.1567240701509097,-0.016839850058009906,4000,8371.635549928305
0.030709161363584057,0.1572548012398883,-0.0008509101846629822,20000,5756.56884800299
0.07498632668291193,0.17708110687209985,0.005745767592077846,23000,6029.591590125569
0.30466658438973576,0.1651501466551253,-0.0076103295990221555,10000,3982.1550627694223
0.0567270438764676,0.13563630579092462,-0.007657600242090995,15000,8054.929374637141
0.1896930846842057,0.1779722762055092,-0.0016621042691504875,20000,6029.591590125569
0.30466658438973576,0.15747971005317507,-0.012184729468826193,8000,6379.779727401703
0.06045829535513537,0.1468156364721431,0.006685960376557438,10000,3180.534231222965
0.3198999136092226,0.17832202174022546,-0.015152269445585917,12000,9357.594394504782
0.3965352901233879,0.14230224160705615,-0.008912262550884436,7000,12990.003729794424
0.4722332058040905,0.16573172572815315,-0.010072046343616341,23000,2955.6355296040556
0.03096723983469186,0.14963025808784075,-0.016460547250779084,7000,7903.372032495086
0.06045829535513537,0.17180274913671534,-0.005764488300027553,8000,12990.003729794424
0.3965352901233879,0.15437410607931004,-0.01927315467661115,25000,16949.69186366355
0.3198999136092226,0.14664596751123346,-0.02050422894180304,25000,12472.89232435155
0.0567270438764676,0.15155036546570214,-0.006080552357424072,12000,9208.354043041478
0.3965352901233879,0.1679726109821552,-0.008444421920681015,8000,8298.692961111445
0.2764675808695338,0.14394631790799375,-0.0019481717613914877,12000,6490.025297937499
0.07823302695080049,0.14730417033077367,-0.018625876839704188,25000,9357.594394504782
0.07498632668291193,0.1605941193284257,-0.016333297012960105,7000,8867.27474861856
0.1589499598856141,0.15093999326988203,-0.010961119343734237,3000,2641.9358544440147
0.030709161363584057,0.15512562254411533,-0.00835473384889504,20000,13439.594459895283
0.030709161363584057,0.17719674869091848,-0.0051283739206787774,15000,8044.38748849249
0.06045829535513537,0.157077236349295,-0.019715735908628903,10000,18495.762853876247
0.2764675808695338,0.15386993248546849,-0.018015957458714163,20000,7818.674849699402
0.2764675808695338,0.1708270562797696,-0.008787537766658393,15000,1388.161926428812
0.07823302695080049,0.16347494928152004,-0.01062483494625651,25000,9367.701460379212
0.06045829535513537,0.16295967113765966,-0.015173721836939777,20000,2955.6355296040556
0.2764675808695338,0.14506860863818183,-0.019995809249665673,20000,13345.696517931832
0.03096723983469186,0.1610146427319597,0.003956672978347316,23000,9308.86605146799
0.1589499598856141,0.1639423289449985,-0.0059720196364446395,10000,7903.372032495086
0.4722332058040905,0.1660933671224682,-0.00039805632238488873,8000,2149.416136534133
0.2764675808695338,0.15654881760887399,0.001472764695546778,3000,5756.56884800299
0.4722332058040905,0.17486843486732812,-0.00943157160711418,5000,4635.668443078176
0.03096723983469186,0.1771364896146137,-0.022377098830402592,5000,16949.69186366355
0.4722332058040905,0.157366174575921,-0.020422279487132686,12000,12308.705340727283
0.06045829535513537,0.16525998088234942,-0.01718842838606206,39000,9357.594394504782
0.030709161363584057,0.1672493802555771,-0.008055498333519834,20000,8781.38100521925
0.03096723983469186,0.169350727783963,0.0028463492929739773,3000,7818.674849699402
0.030709161363584057,0.1468417895965671,-0.01115905546186651,20000,9208.354043041478
0.1589499598856141,0.16056699255185275,-0.002443722511557486,25000,12990.003729794424
0.030709161363584057,0.17738279073663843,-0.014752681220432265,15000,14552.421047816675
0.4722332058040905,0.16422061120563408,-0.009654672592231177,3000,12990.003729794424
0.07823302695080049,0.1568247262064708,-0.007447522440475336,5000,9208.354043041478
0.3965352901233879,0.1570050611454962,-0.012123167404145149,7000,8980.724685620986
0.16426813223584644,0.18284370305098194,-0.01618225484626071,10000,14929.56671203167
0.07498632668291193,0.1759812826422579,-0.013418653584894741,15000,18495.762853876247
0.1589499598856141,0.1588117130239426,-0.016051999923918932,12000,13439.594459895283
0.1896930846842057,0.1531510266527215,0.006921262116670781,23000,9308.86605146799
0.07823302695080049,0.14402580636932147,0.002336164074810258,5000,10868.15254697223
0.03096723983469186,0.16229400367025204,-0.004460658828008396,25000,6490.025297937499
0.1589499598856141,0.16636887197279948,-0.015372274228245776,8000,12472.89232435155
0.4722332058040905,0.1437084929838401,-0.005542441407100109,20000,15674.647469510692
0.4722332058040905,0.1396320558078287,-0.002096789729466153,22000,8266.360338630808
0.30466658438973576,0.15521022226131564,0.00020871417416824936,20000,8867.27474861856
0.16426813223584644,0.1470004753936338,-0.006229890696073185,3000,12308.705340727283
0.06045829535513537,0.15520325771830198,-0.0025978594752727115,25000,3721.496251044161
0.03096723983469186,0.13468852226461056,-0.010038254653467707,6000,10124.162225871132
0.3198999136092226,0.14494955525196607,-0.0071493527711802155,3000,1388.161926428812
0.1896930846842057,0.17310282108899536,-0.020749556775802005,10000,10124.162225871132
0.1589499598856141,0.14689772886886807,0.000844089739479341,20000,12549.767112704283
0.030709161363584057,0.16396218658800696,-0.0160270696442521,28000,8298.692961111445
0.0567270438764676,0.14732210540860038,-0.009797310963307711,12000,8094.365808845958
0.1589499598856141,0.14703173209061723,-0.005195968918814493,6000,5961.998200255187
0.0567270438764676,0.15480654503793628,-0.011942485544053598,28000,6029.591590125569
0.1589499598856141,0.15394410320479104,-0.00468478191334992,3000,5852.089204350804
0.2764675808695338,0.16687788487246027,-0.023711911221150104,22000,16949.69186366355
0.16426813223584644,0.16062744986148714,-0.009190498455881081,22000,1388.161926428812
0.1589499598856141,0.1464900962479455,5.441416472281047e-05,8000,9815.38693042659
0.07823302695080049,0.14771549856043964,-0.010144095926404664,10000,6111.439449623881
0.0567270438764676,0.15265793784990683,0.0031408936571393634,8000,10588.791757848958
0.3965352901233879,0.15704434143967733,-0.010722609456065953,15000,2149.416136534133
0.1896930846842057,0.16916926364287513,-0.0011590934615000536,12000,14552.421047816675
0.030709161363584057,0.15190593049803108,-0.006294914950325156,28000,12625.18983357999
0.03096723983469186,0.15452603532072004,0.0002886773007299394,6000,2641.9358544440147
0.4722332058040905,0.15859187319758036,-0.003417349101658794,20000,10868.15254697223
0.4722332058040905,0.15972970331674408,-0.01629496429632696,7000,12472.89232435155
0.3198999136092226,0.15512480472288082,-0.00407285336750192,8000,8781.38100521925
0.06045829535513537,0.1563834830970705,-0.01348768194847501,12000,3721.496251044161
0.03096723983469186,0.15702237264405913,-0.0011497663149505303,20000,9367.701460379212
0.07498632668291193,0.16282936234046888,0.0005541732027317162,8000,2641.9358544440147
0.16426813223584644,0.1525907751421237,-0.009339682395005346,10000,9308.86605146799
0.07823302695080049,0.14904264560488867,0.0028421505079448636,4000,3982.1550627694223
0.2764675808695338,0.1547770437552638,-0.00670634511795555,5000,15182.209441928107
0.4722332058040905,0.14518079128757908,-0.017309808068432374,6000,15674.647469510692
0.0567270438764676,0.16934251069203077,-0.003323859037772099,20000,9367.701460379212
0.3198999136092226,0.16082379598474855,-0.007293373944693056,7000,8980.724685620986
0.30466658438973576,0.15756390858336303,-0.0037095355934451363,10000,3982.1550627694223
0.16426813223584644,0.1475369933485763,-0.009005518210298153,8000,8044.38748849249
0.1896930846842057,0.15193237373348048,-0.00933614511309955,6000,12990.003729794424
0.3965352901233879,0.13573659259269663,-0.0115415395499165,4000,9362.142291789198
0.07498632668291193,0.16031308797102944,0.001123138603104139,25000,15674.647469510692
0.3965352901233879,0.15039944668203378,-0.009448524743728766,3000,14929.56671203167
0.1896930846842057,0.15272730271174656,0.004259362970727392,28000,15674.647469510692
0.03096723983469186,0.17134579018212795,-0.010611280212150442,8000,14552.421047816675
0.2764675808695338,0.15586188118617728,-0.007890317381625054,25000,12308.705340727283
0.1589499598856141,0.14062928622919654,-0.005335945125125162,25000,2641.9358544440147
0.07498632668291193,0.18093322514345095,-0.0005440523129914798,4000,8980.724685620986
0.06045829535513537,0.16974719020732162,-0.0036769616596100305,12000,1388.161926428812
0.1896930846842057,0.1516378204832347,-0.009822826613868614,4000,2955.6355296040556
0.30466658438973576,0.1500888490001523,-0.0017161899938437852,22000,9367.701460379212
0.4722332058040905,0.16850264603744047,-0.014254778612332104,5000,16949.69186366355
0.1896930846842057,0.15416030616405046,-0.00493661195599735,23000,8054.929374637141
0.16426813223584644,0.14538332777655713,-0.005648942963071696,5000,8094.365808845958
0.1896930846842057,0.15914415649260943,-0.007831149525775292,25000,7818.674849699402
0.2764675808695338,0.15828783935149868,-0.011232921008204028,28000,6379.779727401703
0.30466658438973576,0.16228571296183544,-0.006406715523552968,10000,8781.38100521925
0.07823302695080049,0.14200796053381037,0.008022530878228995,28000,5852.089204350804
0.07498632668291193,0.1836613337463733,-0.01629043009666037,15000,12625.18983357999
0.4722332058040905,0.1642329821664951,-0.014329320425651625,15000,9308.86605146799
0.0567270438764676,0.17054402960833925,-0.010244203992172796,8000,9568.06133278347
0.07823302695080049,0.1458216226470373,-0.00857914191153288,39000,7818.674849699402
0.3965352901233879,0.15244988910763807,0.014047873307822362,23000,9815.38693042659
0.30466658438973576,0.17750769159112215,-0.0013159925107790232,4000,9362.142291789198
0.3965352901233879,0.1537414187221298,-0.014652013055211272,15000,4635.668443078176
0.4722332058040905,0.16276310406697042,-0.004946339829434133,15000,14929.56671203167
0.30466658438973576,0.159640611288349,-0.010532006812127626,8000,14088.177761028734
0.1896930846842057,0.1759355727514705,-0.007699507826337754,28000,2149.416136534133
0.030709161363584057,0.15932841119621827,-0.008068882736631719,4000,6029.591590125569
0.16426813223584644,0.16526648605841038,-0.007618571437485057,10000,1932.7685273621282
0.07823302695080049,0.14748781968676972,-0.012168078638805686,10000,12990.003729794424
0.1589499598856141,0.1571605177277962,-0.013745650042228373,3000,8867.27474861856
0.1896930846842057,0.1744300365495442,-0.01641206348210084,5000,11428.776259500675
0.03096723983469186,0.15125548340498368,-0.005028225950839433,4000,2149.416136534133
0.07498632668291193,0.15328825766732693,-0.017806520330843893,6000,13345.696517931832
0.07823302695080049,0.1521286301019147,-0.015269965198803893,4000,8867.27474861856
0.06045829535513537,0.18519486650538916,-0.011801334359924566,20000,8980.724685620986
0.1896930846842057,0.15221373924002649,-0.02163873593108626,5000,11428.776259500675
0.06045829535513537,0.16345110280351477,-0.013934112016163316,12000,14552.421047816675
0.2764675808695338,0.15380664248848258,-0.015203171756434583,10000,10588.791757848958
0.3965352901233879,0.1627302737273995,-0.02127568199758875,5000,9357.594394504782
0.2764675808695338,0.15433710259310474,-0.0033016882939763755,20000,8044.38748849249
0.06045829535513537,0.1745601066217163,-0.013659891771553497,10000,9367.701460379212
0.3198999136092226,0.16319386463976704,-0.0003722033584579395,25000,9308.86605146799
0.1589499598856141,0.15547196017081102,-0.013209542413108764,12000,6029.591590125569
0.16426813223584644,0.16759006533017373,-0.016956721384211,12000,8867.27474861856
0.1896930846842057,0.14369752056272567,-0.005548173412180707,39000,8044.38748849249
0.06045829535513537,0.1567808703352634,0.00910362971602159,12000,2149.416136534133
0.030709161363584057,0.15662203282388773,0.0014182083147879381,25000,10868.15254697223
0.03096723983469186,0.18218294746406677,-0.019604684474975723,20000,12472.89232435155
0.2764675808695338,0.1649454446852795,-0.016397486629534958,8000,8266.360338630808
0.16426813223584644,0.18284603600941488,0.007284098942777668,10000,15182.209441928107
0.0567270438764676,0.1705893668471254,-0.016540977949654485,20000,5961.998200255187
0.3965352901233879,0.16993682663056364,-0.010289138413719827,12000,8371.635549928305
0.30466658438973576,0.1682645540339548,-0.001863805121944959,22000,10124.162225871132
0.1896930846842057,0.14969996114219283,-0.007986742857643067,28000,6490.025297937499
0.1589499598856141,0.14918977838291775,-0.01392852989386309,20000,8054.929374637141
0.030709161363584057,0.16005103986636124,-0.01701924652615892,12000,3721.496251044161
0.3198999136092226,0.16374136958692992,-0.004814896816236967,4000,11428.776259500675
0.3198999136092226,0.1610612741855685,-0.01921102541326342,20000,5852.089204350804
0.3198999136092226,0.14214136373489392,-0.016636418357006685,8000,8298.692961111445
0.2764675808695338,0.15512491851923077,-0.009253291492036917,7000,9357.594394504782
0.16426813223584644,0.1658880249365556,-0.004931052035373984,25000,13439.594459895283
0.1896930846842057,0.15399112540814186,-0.014728999111995312,20000,13345.696517931832
0.3965352901233879,0.15534581338618414,-0.017486362903285067,39000,6029.591590125569
0.07823302695080049,0.14456828278480657,-0.012790461514991275,8000,5852.089204350804
0.03096723983469186,0.15473404606445898,0.003984410629765463,10000,9815.38693042659
0.1589499598856141,0.14803518175427033,-0.010660090711601301,4000,12625.18983357999
0.16426813223584644,0.15772328881117276,-0.01665734799267253,5000,9208.354043041478
0.1896930846842057,0.16850045029837574,-0.018970990279225025,25000,9968.772979815913
0.0567270438764676,0.1566507254859176,-0.004954539489786647,5000,8867.27474861856
0.1589499598856141,0.15120310858076907,-0.00674511985238439,10000,1932.7685273621282
0.1896930846842057,0.17356007018959746,-0.0113530324694477,20000,11428.776259500675
0.07823302695080049,0.15570200903239112,-0.004244119517413335,25000,12625.18983357999
0.07498632668291193,0.1568480394476927,-0.011834036101420798,25000,2149.416136534133
0.06045829535513537,0.1522545787666224,-0.014734926878476636,23000,12625.18983357999
0.4722332058040905,0.16100808227704388,-0.025054237343489966,15000,9921.736099442112
0.03096723983469186,0.1555289333237021,-0.00503827850058966,20000,7818.674849699402
0.16426813223584644,0.14779994649708247,-0.006840959282231135,39000,13345.696517931832
0.2764675808695338,0.1808971823521648,-0.015898861625427575,8000,8371.635549928305
0.030709161363584057,0.15421547616396672,-0.014964034603712829,10000,9968.772979815913
0.0567270438764676,0.1750073892269139,-0.018959800993571436,10000,1932.7685273621282
0.1589499598856141,0.17413721707241123,-0.008350773897336378,25000,3982.1550627694223
0.03096723983469186,0.13528943947701075,-0.011765529093564814,20000,11428.776259500675
0.030709161363584057,0.17662441181797695,-0.0225787048967933,3000,2955.6355296040556
0.2764675808695338,0.1390723272693761,-0.007322944450246207,15000,15182.209441928107
0.16426813223584644,0.1700087015320621,0.0019022591985863233,10000,8781.38100521925
0.03096723983469186,0.14534518208768737,-0.019942853420510866,10000,12472.89232435155
0.06045829535513537,0.18272182029703646,-0.015413934602391642,28000,1944.8338863255753
0.3965352901233879,0.14512391204305558,-0.0035172658109841773,3000,9815.38693042659
0.4722332058040905,0.1627525909960252,-0.007440928136670525,4000,9815.38693042659
0.4722332058040905,0.18358166594389538,-0.0024701976235184902,10000,4635.668443078176
0.30466658438973576,0.14689356965367595,0.002365904818498337,3000,9815.38693042659
0.2764675808695338,0.1683817834990269,-0.010991433848980934,25000,14552.421047816675
0.06045829535513537,0.15297154385365222,-0.010330903096418736,5000,8094.365808845958
0.03096723983469186,0.16892305102693242,-0.008658717953866201,5000,13345.696517931832
0.3198999136092226,0.15389122758055954,-0.014173693428527284,4000,15674.647469510692
0.1896930846842057,0.13496911827889102,-0.024728737464265717,12000,15182.209441928107
0.3965352901233879,0.17517508660904185,-0.015083596512723804,12000,18495.762853876247
0.2764675808695338,0.16635064294777852,-0.0058328025951308845,10000,8371.635549928305
0.0567270438764676,0.1617080838177672,-0.010205002220366506,15000,10124.162225871132
0.030709161363584057,0.15983440256176548,-0.023953308046349934,15000,5852.089204350804
0.1589499598856141,0.15996404899880529,-0.011155847619190784,25000,13439.594459895283
0.3198999136092226,0.15519197448073863,-0.014094564175792582,39000,9362.142291789198
0.1896930846842057,0.14356361900207087,0.0030797583904689004,22000,3180.534231222965
0.030709161363584057,0.16391383374611984,-0.007741307967741541,8000,3982.1550627694223
0.07823302695080049,0.15554945355602476,-0.006597512935858252,23000,5961.998200255187
0.06045829535513537,0.15074766063835868,0.004079919113174737,5000,16949.69186366355
0.07498632668291193,0.1531100420991548,-0.013338766478919704,15000,18495.762853876247
0.0567270438764676,0.15059423460900914,-0.014816102956592277,7000,14552.421047816675
0.1896930846842057,0.16151418555974761,0.0009719201322297878,10000,9362.142291789198
0.16426813223584644,0.14614218996713568,-0.0053541965258856496,15000,9921.736099442112
0.07823302695080049,0.14528904439049065,-0.005164575514939859,10000,12625.18983357999
0.03096723983469186,0.18332449891683875,-0.01775624937790071,25000,2641.9358544440147
0.3965352901233879,0.1622988760476681,-0.01156716568549013,3000,15182.209441928107
0.16426813223584644,0.14545030718321617,-0.022371356489547856,20000,9568.06133278347
0.16426813223584644,0.15918746462883332,0.005029377707075194,15000,9308.86605146799
0.1589499598856141,0.1667210327506881,-0.004641332790693728,5000,6111.439449623881
0.2764675808695338,0.1713973206805296,0.007164152074561834,3000,1932.7685273621282
0.3965352901233879,0.17100583033336067,-0.020184255409893957,3000,15674.647469510692
0.30466658438973576,0.16048573486342593,-0.013615146497820248,25000,8266.360338630808
0.0567270438764676,0.15757189940084845,0.0025255484948922833,5000,2149.416136534133
0.07823302695080049,0.16227534298052246,-0.008915932323081962,25000,16949.69186366355
0.3965352901233879,0.1789975858572712,0.00048662232094904396,3000,9568.06133278347
0.0567270438764676,0.1494955303411608,0.0026424346989123255,20000,12308.705340727283
0.3965352901233879,0.16090957461983718,-0.003957334537774527,3000,9968.772979815913
0.1589499598856141,0.1673649638941446,-0.020268252723111547,7000,10588.791757848958
0.1589499598856141,0.15834611055989184,-0.01663462344236113,6000,12990.003729794424
0.1896930846842057,0.18053319215745955,-0.01176948148167431,8000,14088.177761028734
0.06045829535513537,0.14022432427756854,0.00036423390283637797,5000,18495.762853876247
0.03096723983469186,0.1616076419332143,-0.0031368345260867616,10000,12308.705340727283
0.030709161363584057,0.15455043596062018,-0.009094203814197756,5000,9568.06133278347
0.07823302695080049,0.15477189977510766,0.002169061192470777,25000,12625.18983357999
0.16426813223584644,0.15367228746356054,0.008443380810752674,8000,11700.301792294806
0.1896930846842057,0.13321235166405185,-0.0012980835989188353,23000,3982.1550627694223
0.2764675808695338,0.14369260621208518,-0.016243311092350506,10000,6111.439449623881
0.3965352901233879,0.143923101511779,-0.013910312601748603,10000,11700.301792294806
0.1589499598856141,0.14181031826307053,-0.018497388221988056,20000,9568.06133278347
0.0567270438764676,0.1571129517798329,-0.00046821576332814474,39000,8044.38748849249
0.3965352901233879,0.1509014093742577,0.0013763467878752122,15000,1932.7685273621282
0.3965352901233879,0.14146067531216922,-0.011008326690567696,23000,6490.025297937499
0.07498632668291193,0.15130570551527653,-0.01688735372875223,25000,9357.594394504782
0.16426813223584644,0.15654990018398768,-0.013287652293499127,25000,8044.38748849249
0.030709161363584057,0.17143455085929407,-0.018160343063616857,12000,9815.38693042659
0.0567270438764676,0.14527355965379782,-0.0027082735842158955,7000,8094.365808845958
0.16426813223584644,0.14048016517616893,-0.000918134089231155,22000,6490.025297937499
0.4722332058040905,0.16429389644108428,0.0005737718360516821,39000,9308.86605146799
0.03096723983469186,0.16839735732272373,-0.018062911638836603,15000,1932.7685273621282
0.30466658438973576,0.16765168612912582,-0.013518844453372503,8000,11428.776259500675
0.4722332058040905,0.15184843870555934,-0.014509877229660883,6000,12990.003729794424
0.3965352901233879,0.15117588017602554,0.0008317963042364918,15000,7818.674849699402
0.030709161363584057,0.15408377071234539,-0.014007964598820423,3000,12625.18983357999
0.2764675808695338,0.1388734109141848,-0.010214551824094255,20000,8298.692961111445
0.16426813223584644,0.16093483364404593,-0.027485594585096588,20000,15674.647469510692
0.0567270438764676,0.14845428749448175,-0.01409545195365471,23000,6490.025297937499
0.07498632668291193,0.16519792982740894,-0.006661206303852837,12000,8781.38100521925
0.16426813223584644,0.1702364774031825,-0.008404542541533873,8000,8054.929374637141
0.3965352901233879,0.14142759187933573,-0.012551386089882105,12000,4635.668443078176
0.0567270438764676,0.1821278883222322,0.0008694757286263734,7000,12990.003729794424
0.3965352901233879,0.1636138344895306,-0.0006056037133081552,15000,1944.8338863255753
0.07498632668291193,0.18462666939946354,-0.006307341551010377,3000,10868.15254697223
0.1896930846842057,0.15996840160789808,-0.010797543530023492,28000,9367.701460379212
0.1896930846842057,0.14994898639451587,-0.009154911954309595,5000,8371.635549928305
0.07823302695080049,0.13816901325755052,-0.005989731332782862,20000,8980.724685620986
0.030709161363584057,0.15509092546517736,-0.011323698416056715,15000,9367.701460379212
0.2764675808695338,0.14926597397608754,-0.015566299866097187,15000,16949.69186366355
0.4722332058040905,0.17246167652868216,-0.01194572000749967,15000,14552.421047816675
0.06045829535513537,0.14249869289440986,-0.00480365395960981,5000,6029.591590125569
0.03096723983469186,0.1596770739315366,-0.010218270785985454,10000,1388.161926428812
0.1896930846842057,0.1652956683169918,-0.007632268091574995,39000,5852.089204350804
0.3965352901233879,0.16703920689742555,-0.006494183970355255,7000,8094.365808845958
0.030709161363584057,0.16512668024012586,-0.016023514252980237,15000,8980.724685620986
0.3198999136092226,0.15067333321017526,-0.0045260722132920705,25000,9968.772979815913
0.1589499598856141,0.1495893642535663,-0.013075998707870242,5000,8094.365808845958
0.06045829535513537,0.14285578190924594,-0.005228334616961766,8000,12990.003729794424
0.1589499598856141,0.1552172303573372,-0.011347553094860628,28000,9357.594394504782
0.030709161363584057,0.1820562874800931,-0.004828482989562434,20000,9367.701460379212
0.3198999136092226,0.16569929125323504,-0.014469968312528149,28000,3721.496251044161
0.30466658438973576,0.16984155758596894,-0.0006259908240440939,25000,1944.8338863255753
0.07823302695080049,0.1330295400396167,-0.009457880166139573,10000,10588.791757848958
0.07498632668291193,0.15420887434021097,0.0014694622373252583,39000,10868.15254697223
0.030709161363584057,0.1752185149518695,-0.0067503442853098705,15000,8867.27474861856
0.03096723983469186,0.14507268288463013,-0.008988562529010395,15000,12625.18983357999
0.2764675808695338,0.1509488653193236,-0.01548870393404443,10000,8044.38748849249
0.06045829535513537,0.1555362821785508,-0.0085347075855021,3000,7818.674849699402
0.030709161363584057,0.18466855090241718,0.0012917430366223472,6000,3721.496251044161
0.06045829535513537,0.16160076565361456,-0.007602841290321497,10000,9568.06133278347
0.030709161363584057,0.15707289545672826,-0.005808557776200579,25000,9362.142291789198
0.0567270438764676,0.13352620515132038,-0.00364079885714078,15000,6379.779727401703
0.0567270438764676,0.14115643086943663,0.004392149180662647,20000,9921.736099442112
0.03096723983469186,0.15428719911516622,-0.00372291292213839,22000,10588.791757848958
0.0567270438764676,0.14408151836342406,-0.00625210737865463,3000,9921.736099442112
0.4722332058040905,0.13954360192044693,-0.006274079480857321,3000,6111.439449623881
0.16426813223584644,0.15112005000680892,-0.00523450603538277,25000,11428.776259500675
0.3198999136092226,0.17687464589047408,-0.012181578185293904,4000,1932.7685273621282
0.30466658438973576,0.15297795878587847,-0.01619906003591636,3000,8094.365808845958
0.06045829535513537,0.17185992986590226,-0.01819616547009676,23000,9308.86605146799
0.03096723983469186,0.13605747866410814,-0.009763893991867327,15000,3180.534231222965
0.1589499598856141,0.16639260612443416,-0.007293472508619705,25000,14552.421047816675
0.030709161363584057,0.14852956780784213,-0.004985841336105525,10000,8054.929374637141
0.030709161363584057,0.17084647070218195,-0.01851487849876349,25000,18495.762853876247
0.0567270438764676,0.16128445474593778,0.0031701551497202917,15000,14929.56671203167
0.16426813223584644,0.15789557471818944,-0.01597612740277141,3000,1944.8338863255753
0.1589499598856141,0.15236983455594993,-0.021363823617930575,23000,9568.06133278347
0.03096723983469186,0.160303693490614,-0.02894673620613122,3000,13345.696517931832
0.30466658438973576,0.17703470811788183,-0.022284566718052186,20000,11428.776259500675
0.0567270438764676,0.15857065663512046,-0.015644402468048425,8000,5852.089204350804
0.03096723983469186,0.15620353682858337,-0.0049049197403858704,12000,5852.089204350804
0.07498632668291193,0.16124727932579755,-0.011884072324054792,5000,14088.177761028734
0.07498632668291193,0.16842665725790162,-0.007595976155139169,15000,9568.06133278347
0.4722332058040905,0.17437090131436572,-0.003960257414029679,5000,8044.38748849249
0.16426813223584644,0.14811895250776713,-0.034082805981824726,22000,12625.18983357999
0.2764675808695338,0.15831168423658248,0.015640903289411846,23000,11428.776259500675
0.07498632668291193,0.14616118079619636,-0.0051277816825950106,3000,15182.209441928107
0.07823302695080049,0.15814836993350412,-0.00783431975010998,10000,13345.696517931832
0.16426813223584644,0.17712998873005661,-0.012017164266890727,8000,13345.696517931832
0.30466658438973576,0.1567971787453107,-0.009188131621552124,22000,15674.647469510692
0.1896930846842057,0.16374948278346177,-0.003709329205735417,10000,12549.767112704283
0.16426813223584644,0.18009586174593017,-0.009790954045967947,7000,8054.929374637141
0.3965352901233879,0.1617552573208855,-0.004079814849472609,39000,1944.8338863255753
0.03096723983469186,0.17754541026120713,-0.006089027063694192,4000,1932.7685273621282
0.0567270438764676,0.15705967589701572,-0.002903900151214024,7000,9921.736099442112
0.0567270438764676,0.16081076090840782,-0.016562907365870738,12000,9367.701460379212
0.30466658438973576,0.15870194973140003,-0.013829804595220712,15000,1944.8338863255753
0.03096723983469186,0.17892044139276647,-0.013318369910620237,22000,12990.003729794424
0.07498632668291193,0.16481414572043526,-0.00831802499284357,20000,4635.668443078176
0.07498632668291193,0.1758793600051138,-0.009845442567331695,12000,2955.6355296040556
0.3965352901233879,0.14245893058061548,-0.006512665140401211,22000,2955.6355296040556
0.030709161363584057,0.1562355514403487,-0.021340630350843475,15000,8371.635549928305
0.06045829535513537,0.1547611714878582,-0.009372083635895985,15000,2149.416136534133
0.07498632668291193,0.14815196662822558,-0.003290628211785386,10000,5961.998200255187
0.1896930846842057,0.14662201283411314,-0.020462863562473455,25000,6111.439449623881
0.0567270438764676,0.1563429474342583,-0.0009607353101716577,23000,9568.06133278347
0.030709161363584057,0.14388767288881835,-0.017416461776973577,15000,2149.416136534133
0.03096723983469186,0.17151631878364332,-0.014903073286573656,28000,9968.772979815913
0.4722332058040905,0.1435349134835164,0.00367938202857019,15000,10868.15254697223
0.06045829535513537,0.18264090294800245,-0.006958755655104439,7000,9362.142291789198
0.030709161363584057,0.1410588074228829,-0.0030689483202621724,28000,1944.8338863255753
0.07498632668291193,0.1662572017116482,-0.005255689905128296,28000,10588.791757848958
0.0567270438764676,0.18345365376096362,-0.007835217028466407,4000,7818.674849699402
0.0567270438764676,0.14534278006551826,-0.010076583707061992,20000,9362.142291789198
0.07823302695080049,0.14359931088783653,-0.00011186731367062758,12000,12472.89232435155
0.3198999136092226,0.1624676851706673,-0.019925566161152587,39000,12990.003729794424
0.2764675808695338,0.17497583183204724,-0.0075032781414876215,20000,8298.692961111445
0.06045829535513537,0.17376468732193584,-0.009939343956816608,10000,8044.38748849249
0.16426813223584644,0.1578411580761695,-0.014696223297287437,10000,13345.696517931832
0.07823302695080049,0.1613471372400592,-0.012427415149129997,25000,8371.635549928305
0.0567270438764676,0.15451887703067974,-0.00580540933726545,22000,8980.724685620986
0.03096723983469186,0.15032137957009992,-0.004877036550329846,6000,4635.668443078176
0.030709161363584057,0.1458251071811356,-0.01530233776436626,39000,11428.776259500675
0.03096723983469186,0.16913166785165096,-0.0034679076967807317,23000,15674.647469510692
0.3965352901233879,0.1525905560992005,-0.004780920806456537,39000,3982.1550627694223
0.16426813223584644,0.16381676268352394,-0.013656049439185356,5000,9568.06133278347
0.16426813223584644,0.17617397406943727,-0.003759117145474151,28000,13439.594459895283
0.4722332058040905,0.14691606921391262,-0.004729377404914124,5000,2955.6355296040556
0.3965352901233879,0.15215721030767687,-0.007411005452737324,8000,1388.161926428812
0.07498632668291193,0.17044739816038004,-0.009234159898194007,39000,14552.421047816675
0.06045829535513537,0.14283369742277183,-0.01136365031717658,15000,8054.929374637141
0.30466658438973576,0.166845752185866,-0.006424967791647583,10000,1932.7685273621282
0.16426813223584644,0.14727651640882586,-0.01588395816102986,20000,9362.142291789198
0.07823302695080049,0.1708513488039977,-0.0010597975047922184,15000,6379.779727401703
0.30466658438973576,0.14387552117685598,-0.003212786864261128,22000,11700.301792294806
0.3198999136092226,0.1354452112145909,-0.0016312066441915777,15000,14088.177761028734
0.07823302695080049,0.1537412542033826,-0.010610586717908505,12000,5852.089204350804
0.1896930846842057,0.16334048633415615,0.003391602313728458,10000,6111.439449623881
0.0567270438764676,0.16040543816676858,-0.008540073268315474,39000,6490.025297937499
0.06045829535513537,0.16191295103255493,-0.017966833480406137,8000,12625.18983357999
0.4722332058040905,0.1628612308229145,-0.012926916902284145,8000,6111.439449623881
0.2764675808695338,0.1444159560944225,-0.006374530591677352,10000,14088.177761028734
0.1896930846842057,0.17128304608495312,-0.004481158256770803,10000,1944.8338863255753
0.07823302695080049,0.15612551052790677,-0.001625024124651051,25000,12990.003729794424
0.06045829535513537,0.15688758780386022,-0.011981847181721907,12000,1944.8338863255753
0.16426813223584644,0.1598828339322034,-0.010121760481363115,6000,10124.162225871132
0.03096723983469186,0.15243314587420412,-0.003863985554106451,4000,9362.142291789198
0.2764675808695338,0.1558242551346639,-0.007550491356305441,10000,2955.6355296040556
0.07823302695080049,0.1692952992946198,-0.010579408056998647,15000,7818.674849699402
0.07823302695080049,0.14919974178326648,-0.024083510503228208,25000,13439.594459895283
0.0567270438764676,0.1820348988919838,-0.012907314370013728,10000,6490.025297937499
0.30466658438973576,0.15871951680893784,-0.002341009432769386,10000,8094.365808845958
0.07498632668291193,0.1717283851895794,-0.018203869462934525,25000,5756.56884800299
0.2764675808695338,0.17642355438243962,0.0035817532457420986,25000,6379.779727401703
0.0567270438764676,0.14589790377010722,-0.005943188995749883,12000,8266.360338630808
0.4722332058040905,0.14429353655098381,0.003227155317427167,8000,5756.56884800299
0.1896930846842057,0.14897214405549783,-0.012822818699077365,15000,8781.38100521925
0.4722332058040905,0.15736494880472568,-0.012540021427974252,10000,5756.56884800299
0.3198999136092226,0.15435797743964882,-0.008806168462962376,25000,10124.162225871132
0.0567270438764676,0.15921383148108328,-0.015480711214530509,8000,12472.89232435155
0.030709161363584057,0.16112337500222526,-0.012997350822322427,10000,9968.772979815913
0.2764675808695338,0.1755729156436498,-0.010242201978491785,12000,6111.439449623881
0.07498632668291193,0.13888537631471165,-0.01068624293696147,8000,9367.701460379212
0.07498632668291193,0.1811498006182712,-0.006751370216493115,39000,12308.705340727283
0.1589499598856141,0.15748380134928439,0.005527653460055907,8000,9362.142291789198
0.1896930846842057,0.1697473265917414,-0.0018692161083266252,20000,7903.372032495086
0.07823302695080049,0.14056687526688771,-0.016176546005116404,6000,8054.929374637141
0.1589499598856141,0.15553257947667104,0.004894558723251141,4000,9308.86605146799
0.1589499598856141,0.16466770832902033,-0.0014863122273024146,10000,3180.534231222965
0.030709161363584057,0.18390732051965772,-0.006441932905049438,39000,5961.998200255187
0.07498632668291193,0.15484926767958512,-0.010203334714115442,20000,10124.162225871132
0.3198999136092226,0.14881543644158027,-0.003434236489144588,25000,9362.142291789198
0.03096723983469186,0.17279903635182975,-0.012314627472034517,4000,9208.354043041478
0.16426813223584644,0.16917684931085764,-0.012080165151319702,3000,8371.635549928305
0.30466658438973576,0.1622549685725023,-0.004491971971913841,22000,11428.776259500675
0.07498632668291193,0.17909747479150204,-0.007768113150862836,10000,8266.360338630808
0.30466658438973576,0.1496602513915838,-0.009917491120589235,8000,2955.6355296040556
0.2764675808695338,0.1527426747889563,-0.018112457211594032,10000,5961.998200255187
0.1589499598856141,0.1692362947985548,-0.014750541610052102,10000,14088.177761028734
0.07823302695080049,0.15793692664082495,-0.006284258200519857,10000,10124.162225871132
0.030709161363584057,0.14143008176391528,0.004629625904997049,8000,9362.142291789198
0.4722332058040905,0.1482800509937719,-0.014337492002192444,15000,12472.89232435155
0.30466658438973576,0.1684179621791838,-0.007239227732804871,28000,5756.56884800299
0.3965352901233879,0.14289198985442098,-0.01280776461748285,25000,14929.56671203167
0.1589499598856141,0.14445769821986817,-0.008968273854676191,15000,2955.6355296040556
0.06045829535513537,0.1709518899365814,-0.007904365259152037,23000,12549.767112704283
0.03096723983469186,0.16688021827936486,-0.006456683224534105,25000,12549.767112704283
0.06045829535513537,0.1648288612518279,-0.007817345588335214,8000,9208.354043041478
0.1896930846842057,0.1525058033653538,-0.012872827969813556,15000,13345.696517931832
0.1589499598856141,0.14344209815523354,-0.019061708989494636,5000,5961.998200255187
0.16426813223584644,0.14668508258353216,-0.013103606737843292,25000,2641.9358544440147
0.07498632668291193,0.16863853012280922,-0.009651754312428602,4000,1944.8338863255753
0.3965352901233879,0.15761736732318846,0.007850861102004532,23000,8781.38100521925
0.1896930846842057,0.16612485906434482,-0.015717933061443787,4000,9815.38693042659
0.07823302695080049,0.15572790891206983,0.0023149494887517346,12000,12472.89232435155
0.07498632668291193,0.1672849789730503,-0.005962472325273893,25000,8094.365808845958
0.16426813223584644,0.13670801887245265,-0.006954535415275031,10000,2149.416136534133
0.30466658438973576,0.17187557780383184,-0.012826348196704135,6000,14929.56671203167
0.2764675808695338,0.15692970426458597,-0.020986463072175943,8000,8266.360338630808
0.30466658438973576,0.15493961147123947,-0.0023331484549083416,10000,8371.635549928305
0.4722332058040905,0.14527445565923705,-0.022502466166852773,10000,8044.38748849249
0.03096723983469186,0.15923117698676986,-0.008763885079260967,8000,11700.301792294806
0.1896930846842057,0.1621090667403576,-0.016557848189767552,10000,11428.776259500675
0.03096723983469186,0.15963895547558868,-0.018144552176816188,25000,14088.177761028734
0.2764675808695338,0.16145428300366732,-0.0004538939856235469,6000,18495.762853876247
0.07498632668291193,0.17257419011381922,-0.01325725393376558,5000,9362.142291789198
0.030709161363584057,0.1744942194953896,-0.014543225251697356,15000,13439.594459895283
0.07498632668291193,0.1583500339171936,-0.010355749915996616,15000,9968.772979815913
0.0567270438764676,0.15999669859546659,-0.026872138727120326,3000,6111.439449623881
0.07498632668291193,0.14013558026985187,-0.00018737951415617821,15000,6029.591590125569
0.1896930846842057,0.1601336095034434,-0.008413221469714875,15000,9921.736099442112
0.0567270438764676,0.15933757962394968,-0.006646602915598785,25000,11428.776259500675
0.16426813223584644,0.14364487742446305,-0.00454529167936262,23000,12990.003729794424
0.16426813223584644,0.1340289489028604,-0.005335270811010111,12000,11700.301792294806
0.3965352901233879,0.1367936584995949,-0.015489888463271892,15000,8781.38100521925
0.030709161363584057,0.15355116111920206,-0.011504243032253444,8000,9968.772979815913
0.3965352901233879,0.16076181176873702,-0.0020323621669537644,10000,9921.736099442112
0.4722332058040905,0.14440687118485676,-0.015460887980081257,15000,10124.162225871132
0.3965352901233879,0.18338744987370062,-0.006880711670274745,8000,14088.177761028734
0.030709161363584057,0.16651056876876305,-0.007373953925933407,12000,12472.89232435155
0.0567270438764676,0.1535651111107343,0.004832641807537894,8000,8980.724685620986
0.07498632668291193,0.15640591943418738,-0.015591027283054585,7000,5852.089204350804
0.1589499598856141,0.14643618686635096,-0.01853811613800591,20000,3180.534231222965
0.4722332058040905,0.17589702108219554,-0.007314136835733885,12000,6490.025297937499
0.06045829535513537,0.14911637552652882,-0.008027808498171326,10000,12990.003729794424
0.3965352901233879,0.15828645816104112,-0.0026655040207171385,28000,1388.161926428812
0.030709161363584057,0.15273030933889725,-0.015163071288887634,10000,9308.86605146799
0.07823302695080049,0.17057031285088334,-0.0031264410526080713,12000,8867.27474861856
0.16426813223584644,0.14858418787593566,-0.005280815633244448,7000,14929.56671203167
0.030709161363584057,0.1434354013302012,0.00565876399902676,10000,9968.772979815913
0.0567270438764676,0.13303017928271924,-0.010410030628641737,8000,14552.421047816675
0.2764675808695338,0.14770983767924914,-0.008495163544846899,25000,8980.724685620986
0.1896930846842057,0.1542179461814271,-0.011194563167357723,28000,1388.161926428812
0.2764675808695338,0.1444496086166796,-0.013534466039730767,8000,1944.8338863255753
0.3965352901233879,0.15413065768280618,-0.014634343440163494,25000,6029.591590125569
0.03096723983469186,0.1492351240030177,-0.008203989919568208,5000,6111.439449623881
0.07498632668291193,0.1720475152112704,-0.011241826767069021,4000,5852.089204350804
0.4722332058040905,0.16497552872061041,-0.006725693157677526,28000,15674.647469510692
0.03096723983469186,0.15132065717079782,-0.010620061950296389,20000,10588.791757848958
0.030709161363584057,0.15031048932676808,-0.0159143250709414,25000,6490.025297937499
0.030709161363584057,0.1630614996296996,-0.010569441223687111,15000,14552.421047816675
0.4722332058040905,0.15496355557614558,-0.0020374656962730063,5000,13345.696517931832
0.1589499598856141,0.18392277764502712,-0.0035060069337677527,5000,2641.9358544440147
0.3965352901233879,0.16816293668562346,-0.007848598930873876,25000,9568.06133278347
0.07823302695080049,0.13707711612693163,-0.014855610181921788,20000,1932.7685273621282
0.0567270438764676,0.1347081931461007,-0.015798550987985143,3000,7818.674849699402
0.3198999136092226,0.16576404030522146,-0.0014362081703301085,10000,6379.779727401703
0.3965352901233879,0.14104547385625626,-0.006478338642136122,23000,3721.496251044161
0.3965352901233879,0.16139722852547014,-0.0010251605872802667,6000,1944.8338863255753
0.4722332058040905,0.17885468728312282,-0.0017341408422623223,28000,14929.56671203167
0.1589499598856141,0.14153053965554033,-0.016846953199232188,28000,13345.696517931832
0.3965352901233879,0.1523932813877537,-0.01095145498463786,20000,6379.779727401703
0.30466658438973576,0.16787980206189157,-0.013904126388939397,25000,11700.301792294806
0.4722332058040905,0.14160798654189682,-0.00595116595053491,12000,15674.647469510692
0.2764675808695338,0.14267316866179558,-0.018912626822302027,10000,6379.779727401703
0.4722332058040905,0.14637697015923867,-0.0020886568627677634,8000,16949.69186366355
0.07823302695080049,0.15326349410412543,-0.009878385441709402,15000,6029.591590125569
0.06045829535513537,0.17846422609124268,-0.018529583733200777,10000,16949.69186366355
0.4722332058040905,0.15953313142684183,-0.005540726048123713,20000,8371.635549928305
0.3965352901233879,0.16090120683348721,-0.010200081237676253,10000,8980.724685620986
0.16426813223584644,0.13661804245217238,-0.0018027221409205624,5000,13345.696517931832
0.4722332058040905,0.1808062518774975,-0.011179827052371187,25000,16949.69186366355
0.07498632668291193,0.15103086452988382,-0.026445608305507965,8000,8094.365808845958
0.30466658438973576,0.163439813286945,-0.007751394140776622,5000,12308.705340727283
0.30466658438973576,0.17010156432940535,-0.01277157985863126,15000,3721.496251044161
0.2764675808695338,0.14949971743372,-0.013781058438665927,10000,18495.762853876247
0.30466658438973576,0.1576952325017631,-0.00042014932023726637,25000,8867.27474861856
0.2764675808695338,0.15447960026905302,-0.00013271668412563893,20000,9357.594394504782
0.07823302695080049,0.1513314553104814,-0.015558384552997353,10000,8980.724685620986
0.1896930846842057,0.1629418441009084,-0.007946360778896542,25000,6490.025297937499
0.3198999136092226,0.16677000828401897,-0.001387041502225071,22000,5756.56884800299
0.03096723983469186,0.15366013905942918,-0.011150023656165062,5000,12625.18983357999
0.1589499598856141,0.18455218297891204,0.0025389454203516904,22000,11428.776259500675
0.06045829535513537,0.14952604815029166,-0.010036498131214024,15000,8044.38748849249
0.3965352901233879,0.1550927205880732,-0.00768873319512638,25000,14929.56671203167
0.4722332058040905,0.1755862516808162,0.003146634903028092,20000,7818.674849699402
0.3198999136092226,0.16966693910695463,-0.01373481146830374,8000,6111.439449623881
0.16426813223584644,0.1850735366216047,-0.005100042949848022,10000,3982.1550627694223
0.07823302695080049,0.170398053208755,-0.021849775702506537,10000,12308.705340727283
0.0567270438764676,0.17516865989762367,0.0011557206777863648,3000,14929.56671203167
0.07823302695080049,0.14657738446860513,-0.004907490710505763,10000,12472.89232435155
0.030709161363584057,0.16875992935080564,-0.009828883721907603,3000,15182.209441928107
0.1896930846842057,0.14975991561936833,-0.00393916725542091,20000,9308.86605146799
0.03096723983469186,0.14284021047814058,-0.012861048429675625,5000,12625.18983357999
0.07498632668291193,0.16989873429461513,-0.000865488583364162,39000,2149.416136534133
0.4722332058040905,0.17120312568780613,-0.007492285544762669,20000,1932.7685273621282
0.07498632668291193,0.14529098354474054,-0.0015363499181570931,28000,3982.1550627694223
0.03096723983469186,0.14172924558872396,-0.005245220503788185,5000,8781.38100521925
0.1589499598856141,0.1471402419792421,-0.02470824781163576,10000,8371.635549928305
0.2764675808695338,0.1442940165085532,-0.0075060299880732205,28000,15182.209441928107
0.16426813223584644,0.143852929623619,-0.007715243394382373,10000,1388.161926428812
0.07823302695080049,0.15307849414950414,-0.0066049540184964055,12000,10868.15254697223
0.0567270438764676,0.17881212845639627,-0.012646835494040096,23000,6029.591590125569
0.030709161363584057,0.16139039163336794,0.001687894721610636,4000,8054.929374637141
0.07823302695080049,0.1825694430674219,0.0011899881315792632,22000,5852.089204350804
0.16426813223584644,0.17837792515614964,-0.00725652448839003,20000,6490.025297937499
0.4722332058040905,0.1546768920170172,-0.01977114551940184,39000,13345.696517931832
0.4722332058040905,0.15643169787814193,-0.006926197968758846,25000,5852.089204350804
0.1589499598856141,0.1597724208212651,-0.012738645805704002,8000,10124.162225871132
0.3198999136092226,0.15700141807394702,-0.006149177531619497,20000,18495.762853876247
0.0567270438764676,0.14820025068881199,-0.017564027796379993,10000,11428.776259500675
0.0567270438764676,0.14683920578161858,-0.004410214088796418,3000,8044.38748849249
0.16426813223584644,0.1463252031396577,-0.005910145804260163,12000,12990.003729794424
0.07823302695080049,0.1437982701186219,-0.0027135966589068965,10000,9921.736099442112
0.1589499598856141,0.15323137763753822,-0.010434449334736553,10000,8371.635549928305
0.030709161363584057,0.15265498375321163,-0.020729968651846207,25000,9208.354043041478
0.030709161363584057,0.1540733810711455,0.0005244885118353461,12000,10868.15254697223
0.4722332058040905,0.1611166160427102,-0.0027104583978566255,39000,8298.692961111445
0.1589499598856141,0.15253603934066365,-0.0017758042004215632,8000,3721.496251044161
0.4722332058040905,0.17613872885548765,-0.007142953833555191,25000,9357.594394504782
0.1896930846842057,0.14938045115838403,-0.004481344295488531,10000,15182.209441928107
0.0567270438764676,0.16067307310498408,-0.01727090281841013,15000,12625.18983357999
0.3198999136092226,0.17514179812309713,-0.014643542389037499,4000,15674.647469510692
0.1896930846842057,0.154822824874084,0.010733576242071507,15000,10588.791757848958
0.3965352901233879,0.1501062571629868,-0.012267597483132317,4000,14552.421047816675
0.03096723983469186,0.15432521398389573,-0.009377429655207792,22000,3180.534231222965
0.2764675808695338,0.13969709897035662,-0.0025030500335917827,22000,3982.1550627694223
0.1896930846842057,0.15738120378725295,-0.004478127650298654,25000,12990.003729794424
0.07823302695080049,0.17500850558162184,-0.019701020316158266,39000,3982.1550627694223
0.0567270438764676,0.13580946910704575,-0.0174137708572642,20000,6111.439449623881
0.30466658438973576,0.16520393525293164,-0.011285419881612064,25000,4635.668443078176
0.3198999136092226,0.16123309065138966,-0.011166217675098775,3000,8867.27474861856
0.3198999136092226,0.17259095561453053,0.0072100368041946965,5000,8980.724685620986
0.3965352901233879,0.15376711024014658,-0.005201725517070056,20000,15674.647469510692
0.3965352901233879,0.16986041309016728,-0.012373857381558018,39000,5852.089204350804
0.2764675808695338,0.16252241541045867,-0.014905823411271326,15000,9921.736099442112
0.1896930846842057,0.16847155776152425,-0.001366887193591771,15000,7903.372032495086
0.06045829535513537,0.15956571534106967,-0.021392880201641398,15000,5961.998200255187
0.1896930846842057,0.16264118032118374,-0.014085603026812908,25000,10868.15254697223
0.3198999136092226,0.1641039102973012,-0.004276296272721723,8000,11700.301792294806
0.30466658438973576,0.15582908456688496,-0.0015950552273630804,10000,13345.696517931832
0.1896930846842057,0.15347707297478455,-0.0018737536453099421,4000,1944.8338863255753
0.07498632668291193,0.14726343380003384,-0.02184547539770263,5000,8298.692961111445
0.0567270438764676,0.16369993366265595,-0.0066852922556741665,28000,16949.69186366355
0.06045829535513537,0.15557205214297992,-0.004207724031205683,22000,7818.674849699402
0.2764675808695338,0.1374920036984235,-0.021507057475700173,15000,8371.635549928305
0.1896930846842057,0.16260250570738766,-0.013367529336671225,5000,8054.929374637141
0.0567270438764676,0.1467335913077244,-0.007345275636478958,12000,10868.15254697223
0.07498632668291193,0.17475344748434174,-0.02031555037609907,10000,5852.089204350804
0.1896930846842057,0.1608146012443975,0.0015692690891318938,7000,12472.89232435155
0.3198999136092226,0.17765303187130307,-0.0269887400105086,15000,18495.762853876247
0.3965352901233879,0.1589197954984203,0.0037635617015281154,7000,8980.724685620986
0.30466658438973576,0.155091663908698,-0.011803834606266203,5000,8094.365808845958
0.1896930846842057,0.14914711403310063,-0.019439430833798694,8000,12308.705340727283
0.07498632668291193,0.15716238495971774,-0.009541497405664871,22000,8980.724685620986
0.2764675808695338,0.14760957796123753,-0.02153740742471794,10000,5852.089204350804
0.3198999136092226,0.15722981052629656,-0.0013113221869600414,4000,8044.38748849249
0.1896930846842057,0.13940985887048052,-0.002735629697569581,10000,8266.360338630808
0.30466658438973576,0.15361859786076457,-0.021109967655981464,15000,12625.18983357999
0.1896930846842057,0.13827014790766098,0.003642817749340782,5000,8054.929374637141
0.03096723983469186,0.15465235088374293,-0.006324787195011899,10000,3180.534231222965
0.030709161363584057,0.14646063663159242,-0.012420557045087927,3000,2955.6355296040556
0.03096723983469186,0.17165581813926223,-0.00831035694543832,22000,12472.89232435155
0.16426813223584644,0.14132758399053524,-0.013703512370988661,6000,12308.705340727283
0.0567270438764676,0.1539852170394371,-0.02328735516959741,20000,9921.736099442112
0.07498632668291193,0.1679321735133994,0.001420575783011163,5000,11428.776259500675
0.1896930846842057,0.15500350111372518,-0.009211112444333144,28000,9815.38693042659
0.1896930846842057,0.17301026163557276,-0.002165953791026575,28000,7903.372032495086
0.1589499598856141,0.18544084945646225,-0.0008820156627405549,10000,18495.762853876247
0.30466658438973576,0.1606210695215384,-0.008568641892833835,15000,6379.779727401703
0.1589499598856141,0.16011157195297063,-0.0025103681458431416,5000,9208.354043041478
0.2764675808695338,0.1544960075405666,-0.01689529612776662,12000,6490.025297937499
0.30466658438973576,0.16883431404108235,0.00012197649463475233,23000,1944.8338863255753
0.03096723983469186,0.13670332528429896,0.00404939141558922,10000,2149.416136534133
0.1589499598856141,0.15930288356954977,0.011073697515349945,6000,8298.692961111445
0.30466658438973576,0.15476866051384472,-0.007816397048721153,8000,10868.15254697223
0.03096723983469186,0.145334249916524,-0.003581959164675455,12000,9968.772979815913
0.07823302695080049,0.1617181946171602,0.007912332067940004,5000,4635.668443078176
0.4722332058040905,0.18296366139910458,-0.008424541741447822,5000,10124.162225871132
0.07498632668291193,0.16255113912848615,-0.01628434908058954,5000,5961.998200255187
0.0567270438764676,0.15278854497266145,-0.007970376637196215,6000,3982.1550627694223
0.030709161363584057,0.1389723562656157,0.006692977642566474,15000,10868.15254697223
0.030709161363584057,0.14277652003591895,-0.010741799563731683,10000,8371.635549928305
0.1896930846842057,0.1669961975421844,-0.008895576282892005,10000,9568.06133278347
0.06045829535513537,0.17194476439218928,0.0011781406890676754,15000,3982.1550627694223
0.30466658438973576,0.1582463169419903,-0.0036757799468608624,22000,2149.416136534133
0.0567270438764676,0.15498873324875218,-0.024201432499994024,39000,15182.209441928107
0.07823302695080049,0.16876074594309629,-0.011607597996592656,15000,18495.762853876247
0.3198999136092226,0.18184372030044563,-0.016102010250596696,5000,8781.38100521925
0.030709161363584057,0.16774126937421152,-0.016330573883145495,20000,10124.162225871132
0.16426813223584644,0.16648748885274414,-0.008187361293617471,20000,2149.416136534133
0.3198999136092226,0.16914356644938436,-0.009353329367747798,5000,2955.6355296040556
0.0567270438764676,0.16727938596981579,-0.0007260045235645583,12000,9357.594394504782
0.03096723983469186,0.14324413832660304,-0.00840181879643673,10000,6490.025297937499
0.1589499598856141,0.142431915254786,-0.018035278898329777,10000,9968.772979815913
0.3198999136092226,0.15806080921707788,-0.013196084621129802,3000,12549.767112704283
0.030709161363584057,0.15580270498993862,-0.003222198150508761,25000,1388.161926428812
0.2764675808695338,0.16050196233800124,-0.012127760290142172,23000,9968.772979815913
0.07498632668291193,0.13873089850928486,-0.011756655602140873,25000,8266.360338630808
0.16426813223584644,0.17181220097110736,-0.0059518494076099965,10000,9367.701460379212
0.07823302695080049,0.15205846338789117,-0.0110970565108734,8000,8298.692961111445
0.06045829535513537,0.16590680736737018,0.0006256506447161198,15000,8980.724685620986
0.07498632668291193,0.15340044634070737,-0.01512824756689208,3000,16949.69186366355
0.4722332058040905,0.14635527949702595,-0.012920384858429232,28000,10124.162225871132
0.07823302695080049,0.16075664577833318,0.002451398946171141,15000,12990.003729794424
0.30466658438973576,0.16792958596521712,-0.012973001198837843,8000,5852.089204350804
0.07498632668291193,0.17219379902263993,-0.0010000223966472371,28000,12549.767112704283
0.06045829535513537,0.15910110147890003,-0.0022544161679797416,3000,8371.635549928305
0.3965352901233879,0.1771854789373724,-0.0014317559110999173,20000,1944.8338863255753
0.2764675808695338,0.1611279635395701,-0.01970755049143781,20000,4635.668443078176
0.4722332058040905,0.1707887302184677,-0.001872872371321844,10000,10868.15254697223
0.30466658438973576,0.1730011968175374,-0.000603943335511917,25000,13345.696517931832
0.3965352901233879,0.15426648373209945,-0.019407614510407428,22000,9968.772979815913
0.1896930846842057,0.1547647501722849,-0.005660227610065405,25000,15674.647469510692
0.06045829535513537,0.17518526109868598,-0.011924308954313624,22000,9362.142291789198
0.0567270438764676,0.15777146727160776,-0.003996438407752143,4000,5756.56884800299
0.030709161363584057,0.17285190545470802,-0.012787130270490214,10000,11428.776259500675
0.3965352901233879,0.13672230324485224,-0.019799355666617037,7000,4635.668443078176
0.03096723983469186,0.14342653497719093,-0.005595186791266334,25000,8044.38748849249
0.3198999136092226,0.13576386214595923,-0.001497374343450921,12000,4635.668443078176
0.2764675808695338,0.18156948286263708,-0.0033810520313866444,12000,4635.668443078176
0.1896930846842057,0.14504528208929193,0.0013627342095627504,8000,2955.6355296040556
0.2764675808695338,0.16962741148656374,-0.0017971101177707322,20000,15674.647469510692
0.07823302695080049,0.1600794156691971,-0.010406857566160322,10000,12308.705340727283
0.07498632668291193,0.16572437701870754,0.007708626671338308,28000,9815.38693042659
0.3198999136092226,0.14578957750765217,-0.010430744072124446,10000,5756.56884800299
0.4722332058040905,0.17981257000178233,-0.0016846160989872749,20000,3982.1550627694223
0.1589499598856141,0.1705303640310952,-0.0092052470356462,20000,9968.772979815913
0.4722332058040905,0.1337049776608588,-0.006278872175664457,25000,12308.705340727283
0.06045829535513537,0.14303547317532808,-0.008913602279863294,22000,9357.594394504782
0.06045829535513537,0.16477300433127176,-0.01643329011654458,12000,13439.594459895283
0.030709161363584057,0.16938494772716808,-0.009030567148333644,3000,11700.301792294806
0.0567270438764676,0.1596132706046602,-0.006735750065866131,8000,13439.594459895283
0.0567270438764676,0.16948711895614263,-0.013768408044330601,15000,2641.9358544440147
0.07823302695080049,0.14033507564323763,0.0024636713226044936,39000,5852.089204350804
0.07498632668291193,0.16658106373449716,-0.012512661849163923,10000,1388.161926428812
0.0567270438764676,0.14490585399859013,-0.01909485131865128,22000,7903.372032495086
0.2764675808695338,0.17768148819984178,-0.005993582353621588,20000,15674.647469510692
0.0567270438764676,0.15193481029094305,-0.0026163147614796296,10000,13439.594459895283
0.16426813223584644,0.14452861804100106,-0.010245026727277798,10000,6490.025297937499
0.030709161363584057,0.1798900645610229,-0.016448699340191154,22000,14552.421047816675
0.030709161363584057,0.17979531806838775,-0.011565342630599206,25000,12472.89232435155
0.1589499598856141,0.15142870406628517,-0.014658208722612927,25000,5961.998200255187
0.3198999136092226,0.1644775286806872,0.003652562634380453,15000,12472.89232435155
0.030709161363584057,0.16727710003538576,-0.008631835252490424,4000,3180.534231222965
0.07498632668291193,0.149345117077989,-0.030770288627935634,23000,13439.594459895283
0.3198999136092226,0.17051033839724286,-0.01920251449691781,8000,1388.161926428812
0.1896930846842057,0.15714965526679217,-0.008671349389003854,4000,13439.594459895283
0.4722332058040905,0.1410563202322868,-0.014495788721070574,3000,3180.534231222965
0.06045829535513537,0.17162708504866597,0.0007452541082844779,10000,14552.421047816675
0.1896930846842057,0.16663877554084133,-0.0041013916567428635,22000,5961.998200255187
0.06045829535513537,0.16269558594236258,-0.004985370866680674,5000,9921.736099442112
0.07498632668291193,0.1470681408913779,-0.02670042033427464,20000,6379.779727401703
0.30466658438973576,0.15323800464085602,-0.02005733361195365,3000,12472.89232435155
0.16426813223584644,0.1737008727530134,-0.015640198816701253,7000,8298.692961111445
0.3198999136092226,0.13515387489682082,-0.005467578455645743,10000,8980.724685620986
0.2764675808695338,0.15557391219359099,-0.011592335629113657,12000,8266.360338630808
0.1589499598856141,0.15335107988555072,-0.00296061863899177,12000,10868.15254697223
0.3198999136092226,0.1509153453541556,-0.0035300910994752912,10000,8054.929374637141
0.1896930846842057,0.13575213346168008,-0.01880036401062526,15000,12308.705340727283
0.06045829535513537,0.1519386463022084,0.01409737980284742,10000,8867.27474861856
0.16426813223584644,0.15427868986673404,-0.024102229981757404,15000,14929.56671203167
0.16426813223584644,0.15408952158077546,0.0021669267528158878,10000,6490.025297937499
0.07498632668291193,0.14384785751560203,-0.007010376619866978,28000,12308.705340727283
0.07823302695080049,0.13723143555153763,-1.7704009404676239e-06,10000,12990.003729794424
0.3965352901233879,0.15382912274293672,-0.00925929159013425,20000,15674.647469510692
0.030709161363584057,0.16672323662977565,-0.008027682713678205,10000,6379.779727401703
0.03096723983469186,0.16634823735973556,-0.005079485887541285,8000,11700.301792294806
0.07498632668291193,0.16559557623552978,-0.00802647921847816,25000,6029.591590125569
0.4722332058040905,0.16943819450273004,-0.005215082238502733,3000,8054.929374637141
0.1896930846842057,0.14052567699035945,-0.010143111639467543,7000,9568.06133278347
0.16426813223584644,0.14548754617283877,-0.020462308520205967,8000,9362.142291789198
0.1589499598856141,0.15418931949747552,-0.022527952079875988,8000,2641.9358544440147
0.030709161363584057,0.1669442577304733,-0.005955835965482291,7000,8371.635549928305
0.07823302695080049,0.1717780304993828,-0.01006487368610788,15000,7818.674849699402
0.16426813223584644,0.15596907418196843,-0.010413473198069149,7000,14929.56671203167
0.3965352901233879,0.14276470156705884,-0.0035431926761801415,8000,12990.003729794424
0.3965352901233879,0.1754446874932043,-0.007254633789524102,23000,2149.416136534133
0.4722332058040905,0.15166977712683063,-0.00765992682704302,25000,9815.38693042659
0.30466658438973576,0.1402994847765796,-0.012353937003237205,7000,6029.591590125569
0.0567270438764676,0.15995848480510427,-0.006916063765989456,3000,2641.9358544440147
0.030709161363584057,0.13691157992949568,-0.010192705985283646,7000,8867.27474861856
0.3965352901233879,0.17750165607182491,-0.008729435650062725,28000,9208.354043041478
0.3965352901233879,0.1515799548371023,-0.024481113915970906,8000,5852.089204350804
0.07498632668291193,0.18291506958101744,-0.02411492247706352,39000,4635.668443078176
0.06045829535513537,0.16307655902261728,0.0013593939175883198,25000,18495.762853876247
0.06045829535513537,0.16032606359360302,-0.010326636449225223,22000,3982.1550627694223
0.0567270438764676,0.1468962274546382,-0.008064164385452327,20000,12990.003729794424
0.030709161363584057,0.167054950639571,-0.01981859815226768,3000,5852.089204350804
0.2764675808695338,0.16284895694882445,-0.0016602847178600738,12000,9921.736099442112
0.06045829535513537,0.17114055764062475,-0.002817013527345395,4000,6029.591590125569
0.30466658438973576,0.15147312368532542,-0.01844597961133601,15000,8781.38100521925
0.16426813223584644,0.15384389214552624,-0.015564761404080965,3000,9367.701460379212
0.07823302695080049,0.14152551824246973,-0.013612952181118661,4000,9208.354043041478
0.07823302695080049,0.17328332552598374,-0.011580513462199722,12000,15674.647469510692
0.30466658438973576,0.15328647815033392,-0.011219292471991087,8000,18495.762853876247
0.1896930846842057,0.1444931368057517,-0.010607159933819669,20000,13345.696517931832
0.3965352901233879,0.13684572121662011,-0.009733139937246482,20000,12308.705340727283
0.030709161363584057,0.15626850356635974,-0.014029087234449972,8000,8980.724685620986
0.16426813223584644,0.13875055585299473,-0.005466853428140102,12000,10868.15254697223
0.07823302695080049,0.1595707184451293,-0.0035939595132349427,3000,9357.594394504782
0.03096723983469186,0.18214709974683763,-0.01589965729892444,25000,8054.929374637141
0.07498632668291193,0.15701124766538394,0.0009215416731116511,10000,3721.496251044161
0.07498632668291193,0.16418008738155604,2.046064868463748e-05,25000,3721.496251044161
0.3965352901233879,0.15637347901775472,-0.006671345314897092,10000,10868.15254697223
0.07498632668291193,0.1689298727735179,-0.018008935434206282,5000,14088.177761028734
0.3198999136092226,0.14612655982695724,-0.019330822189347275,7000,3180.534231222965
0.3198999136092226,0.16379403693752176,-0.014455903611174077,23000,16949.69186366355
0.06045829535513537,0.17230792810468903,-0.02425998456492039,10000,18495.762853876247
0.030709161363584057,0.14653676952862668,-0.011409672422002214,15000,10588.791757848958
0.16426813223584644,0.1492432308685173,-0.014619915896012766,23000,8044.38748849249
0.4722332058040905,0.1465722078608642,-0.013171183633331793,25000,8044.38748849249
0.4722332058040905,0.14405741123267862,-0.0015425158200743714,8000,2641.9358544440147
0.30466658438973576,0.14725324752040655,-0.0037053963215287716,25000,2955.6355296040556
0.0567270438764676,0.13870260425066744,-0.006753044145399078,25000,8781.38100521925
0.0567270438764676,0.1618842985658062,-0.009181944830897749,20000,2149.416136534133
0.3965352901233879,0.15821211962516415,0.0008168387581193162,8000,13345.696517931832
0.06045829535513537,0.16524792603687943,0.00444771837617499,6000,8094.365808845958
0.30466658438973576,0.14208627920393155,-0.00498648156304698,20000,3982.1550627694223
0.030709161363584057,0.1502638648051783,0.004928304673961334,15000,9367.701460379212
0.4722332058040905,0.15860936386796035,-0.011856494718603967,7000,1388.161926428812
0.3965352901233879,0.15206867636718993,-0.0047683635638423785,5000,8266.360338630808
0.2764675808695338,0.16481324240899606,-0.01793231501708361,4000,16949.69186366355
0.06045829535513537,0.1834554931356271,-0.004528084219387538,10000,2955.6355296040556
0.07823302695080049,0.16342725244343229,-0.010995888576571801,5000,1388.161926428812
0.30466658438973576,0.15915765588998165,-0.01984107207112414,25000,6111.439449623881
0.030709161363584057,0.1623624089897582,-0.005605792813434661,5000,2955.6355296040556
0.1896930846842057,0.15070096996137414,-0.013622353343624294,15000,3180.534231222965
0.3198999136092226,0.1571605892131595,-0.0022980373564806325,10000,7903.372032495086
0.0567270438764676,0.14729172377600486,-0.01685968477581711,10000,13439.594459895283
0.2764675808695338,0.17441224266455216,-0.006159472807779628,3000,5852.089204350804
0.4722332058040905,0.14410153642411017,-0.007634048769967203,39000,2955.6355296040556
0.030709161363584057,0.1602467968165704,-0.005335610263954929,15000,12308.705340727283
0.07823302695080049,0.14633028621939298,-0.005635330954904005,8000,5756.56884800299
0.16426813223584644,0.15469652725002747,-0.0009688758045501282,15000,11428.776259500675
0.16426813223584644,0.14051790755939345,-0.004708080486910726,15000,8094.365808845958
0.07498632668291193,0.1817570224625213,-0.0010395918017259106,25000,9308.86605146799
0.03096723983469186,0.15335888546020074,-0.0025017498341962097,20000,3721.496251044161
0.07498632668291193,0.1634826014300175,-0.005460848619795503,3000,3721.496251044161
0.07823302695080049,0.16732183481563032,-0.005284218094977465,3000,6111.439449623881
0.30466658438973576,0.15683200730378113,-0.002989790112896231,20000,8054.929374637141
0.07823302695080049,0.16970948911023934,-0.0041566551786556905,8000,5756.56884800299
0.03096723983469186,0.15585641328399746,0.010180256947860034,28000,12990.003729794424
0.3198999136092226,0.14759823232698038,-0.011724793944784305,3000,4635.668443078176
0.3965352901233879,0.13614200332299128,-0.012465799578350619,7000,8781.38100521925
0.030709161363584057,0.15722469132500036,-0.01347272559504737,39000,5961.998200255187
0.2764675808695338,0.1663555726340677,-0.024067442479603587,5000,12308.705340727283
0.0567270438764676,0.16935601749723606,-0.014209322495972504,8000,6029.591590125569
0.0567270438764676,0.169863448958909,-0.006483397255346229,15000,5756.56884800299
0.03096723983469186,0.17339799876107986,-0.0039583595323753554,25000,15674.647469510692
0.0567270438764676,0.18227425755691762,-0.004814475301717997,25000,6029.591590125569
0.30466658438973576,0.15866242960142404,-0.010128224175944443,25000,14088.177761028734
0.07498632668291193,0.17456932670209463,-0.0033055859884454945,15000,12625.18983357999
0.3965352901233879,0.14002223386551954,-0.018166874771271647,7000,3721.496251044161
0.16426813223584644,0.18193571409071915,-0.0030015359134488956,20000,9357.594394504782
0.1589499598856141,0.14489187889805488,-0.014792455533005504,12000,6029.591590125569
0.0567270438764676,0.16355711451956997,0.002228723654090024,10000,10588.791757848958
0.16426813223584644,0.14499307350932972,-0.009931813111839893,4000,2641.9358544440147
0.3198999136092226,0.16054773145596998,-0.01332635999044736,25000,7903.372032495086
0.03096723983469186,0.15498174593726047,-0.007590258270338624,3000,8044.38748849249
0.16426813223584644,0.15754959663638216,0.0032436385092018023,15000,7818.674849699402
0.03096723983469186,0.16400224667381066,-0.017780803522385556,22000,3721.496251044161
0.2764675808695338,0.16747404392375365,-0.006675178254219764,15000,9367.701460379212
0.0567270438764676,0.1478066538915643,0.00042964482883583327,25000,9367.701460379212
0.06045829535513537,0.16888401818641147,-0.00796496634305094,28000,5852.089204350804
0.30466658438973576,0.16057105829962412,-0.013685408728396771,3000,1932.7685273621282
0.16426813223584644,0.14729333405910477,0.007222663607003954,8000,7818.674849699402
0.3198999136092226,0.1684207230159795,-0.01901803010834081,28000,9208.354043041478
0.07823302695080049,0.1539160420762406,-0.005472472695564555,25000,1944.8338863255753
0.1589499598856141,0.17968798927965587,-0.028361319441585355,10000,12472.89232435155
0.1896930846842057,0.17547855818373126,-0.0017821368307450749,3000,12472.89232435155
0.16426813223584644,0.17012128620746006,-0.012149731245561497,25000,8371.635549928305
0.3198999136092226,0.17129471981221842,-0.011350847187795596,15000,1944.8338863255753
0.1589499598856141,0.13904992769589922,-0.011786362117482702,3000,7818.674849699402
0.3198999136092226,0.15377956606708015,-0.0013949970868979427,5000,14552.421047816675
0.30466658438973576,0.14367645437359922,-0.005368133007019461,4000,12625.18983357999
0.30466658438973576,0.15861822799035366,-0.012131467813549818,39000,8867.27474861856
0.3198999136092226,0.15954500012121212,-0.015844356286980863,5000,9815.38693042659
0.30466658438973576,0.1527152655284841,-0.0122948080136082,28000,12308.705340727283
0.03096723983469186,0.1506872822243878,-0.008277226837819224,12000,11428.776259500675
0.1589499598856141,0.13841472211633163,0.00407797828271424,15000,13439.594459895283
0.2764675808695338,0.14846402746038176,5.810403834210056e-08,20000,9921.736099442112
0.1589499598856141,0.15507476261512526,-0.003982271613449826,3000,5852.089204350804
0.3198999136092226,0.14170040068579015,-0.012746733336722074,15000,12472.89232435155
0.07498632668291193,0.14340973013812816,-0.0023404407396162507,3000,8781.38100521925
0.07823302695080049,0.1503988359246339,-0.0023655785501938325,15000,8298.692961111445
0.06045829535513537,0.14537790125523212,0.002378337433897787,23000,3180.534231222965
0.3965352901233879,0.14546443928476552,-0.016095729542104874,23000,5756.56884800299
0.3965352901233879,0.1600152712068315,-0.002186717892942528,20000,14552.421047816675
0.16426813223584644,0.1815881966615748,0.003249270200253166,5000,5756.56884800299
0.4722332058040905,0.1515967418208373,-0.003606134319331229,25000,9308.86605146799
0.1896930846842057,0.1573923433941502,-0.016761214782512857,25000,8371.635549928305
0.2764675808695338,0.1508501660181177,-0.013616222462170303,3000,6029.591590125569
0.0567270438764676,0.1529457854385161,-0.001046069205714563,5000,5852.089204350804
0.07823302695080049,0.15549760517029715,-0.007023682164372686,3000,5961.998200255187
0.2764675808695338,0.13395795686130985,0.002797548387262493,7000,6029.591590125569
0.4722332058040905,0.16437448247010428,-0.005573702200869399,25000,2955.6355296040556
0.030709161363584057,0.16877902619290608,-0.012214975928003538,8000,18495.762853876247
0.16426813223584644,0.1373927404792532,-0.0019360489093500969,3000,15182.209441928107
0.3965352901233879,0.1596387844205374,-0.010711455742312935,7000,13345.696517931832
0.07498632668291193,0.14100083290527382,0.010139642296215029,20000,3982.1550627694223
0.06045829535513537,0.18119573594390734,-0.004772614265375344,28000,9568.06133278347
0.030709161363584057,0.13695767957821856,-0.011461170818359626,3000,1932.7685273621282
0.06045829535513537,0.1504551048570554,-0.009524880513015347,5000,12308.705340727283
0.03096723983469186,0.17266495847520924,-0.00017345522805300713,15000,13439.594459895283
0.06045829535513537,0.16149565708759642,-0.007049654751770733,15000,7818.674849699402
0.06045829535513537,0.15956985781465713,-0.017845172555107505,10000,1944.8338863255753
0.0567270438764676,0.16353290157183914,-0.00802378260093955,22000,3982.1550627694223
0.030709161363584057,0.1674828596978734,0.0006315502135758293,15000,6111.439449623881
0.030709161363584057,0.1661236300601042,-0.004777713899822276,20000,9568.06133278347
0.3965352901233879,0.16136577646788455,-0.01895920309320253,20000,6029.591590125569
0.1896930846842057,0.17033216492790015,-0.00693190386995054,20000,12549.767112704283
0.030709161363584057,0.16921692072445396,-0.008145137894379846,28000,5852.089204350804
0.3965352901233879,0.15898449485230395,-0.005350532260077816,15000,1944.8338863255753
0.1589499598856141,0.16741132231407851,-0.004428586103098682,15000,6490.025297937499
0.16426813223584644,0.142458367029065,-0.004336419236441786,10000,9367.701460379212
0.03096723983469186,0.16283724990755574,-0.006903549434398063,10000,6490.025297937499
0.07823302695080049,0.15916672688136133,-0.010596579725272889,7000,5961.998200255187
0.030709161363584057,0.15851717683216396,-0.01792791562604501,15000,8371.635549928305
0.1896930846842057,0.15453147115705482,-0.004906175983218774,22000,8781.38100521925
0.2764675808695338,0.174911463079015,-0.0035522493765229083,10000,3721.496251044161
0.030709161363584057,0.15957632101510275,-0.0047098787251495765,7000,9367.701460379212
0.16426813223584644,0.17325217663410952,-0.01052220609721488,10000,2641.9358544440147
0.07823302695080049,0.15550304821423536,0.006375603494795258,5000,14929.56671203167
0.07823302695080049,0.15055344067973891,-0.008912719425426612,25000,9208.354043041478
0.4722332058040905,0.16846470579436953,-0.00809315965991335,25000,9815.38693042659
0.06045829535513537,0.1389681152239594,-0.01908786376148518,22000,10588.791757848958
0.0567270438764676,0.15633623144966288,-0.02484177083786694,10000,9357.594394504782
0.07823302695080049,0.13789787015266197,-0.022962165347514576,10000,8298.692961111445
0.30466658438973576,0.15311926933523345,-0.008130759825791728,10000,9208.354043041478
0.07823302695080049,0.14820975481706733,-0.011198662516796156,5000,1932.7685273621282
0.30466658438973576,0.14144172803364288,-0.011571065798554079,10000,5756.56884800299
0.2764675808695338,0.15791933989187987,-0.0005297655060882889,3000,2955.6355296040556
0.03096723983469186,0.17040251784624197,-0.008015573537818132,25000,13439.594459895283
0.06045829535513537,0.15411393651911387,0.0013018751341767822,5000,12990.003729794424
0.030709161363584057,0.1738144786793212,0.005254694740793274,12000,1388.161926428812
0.07498632668291193,0.1494088673468987,-0.014663611190884019,25000,9308.86605146799
0.0567270438764676,0.15260470856630787,0.001595199250950159,8000,2641.9358544440147
0.3965352901233879,0.17813252469800145,-0.0003538602920409293,15000,14552.421047816675
0.06045829535513537,0.13349272666381312,-0.01777701539033073,25000,5961.998200255187
0.2764675808695338,0.1603982341645111,5.2821960589601814e-05,7000,13345.696517931832
0.030709161363584057,0.18279311130956122,-0.005136171121884862,15000,12990.003729794424
0.07498632668291193,0.15563194800467042,0.0015361800118607416,15000,10588.791757848958
0.030709161363584057,0.14945889292491543,-0.004842604359185783,7000,8054.929374637141
0.2764675808695338,0.15713431435823516,-0.0018691737161499519,22000,14552.421047816675
0.1589499598856141,0.1493384185972022,0.0017605800499062888,3000,12625.18983357999
0.06045829535513537,0.15784442038816124,-0.019627866048561062,15000,6379.779727401703
0.1896930846842057,0.1755544954254925,-0.012243681634986417,6000,8867.27474861856
0.4722332058040905,0.17990262117809996,-0.007946319484283187,8000,3982.1550627694223
0.07823302695080049,0.1687432800011111,-0.014262697068466536,28000,10124.162225871132
0.3198999136092226,0.17991679528390045,0.0030881773662607506,20000,2955.6355296040556
0.0567270438764676,0.14644914051093355,-0.002402538630588534,3000,8298.692961111445
0.30466658438973576,0.1739262156049913,0.004586290516237481,28000,8298.692961111445
0.06045829535513537,0.15719412761043686,-0.007192435149984636,23000,13345.696517931832
0.0567270438764676,0.137667505465008,-0.0027089989443298853,5000,5756.56884800299
0.030709161363584057,0.16679097474748095,-0.012714835719086427,20000,3721.496251044161
0.06045829535513537,0.14628497873528973,-0.022369161032417723,15000,9208.354043041478
0.3965352901233879,0.14438459434807763,-0.00571105638752632,10000,8371.635549928305
0.0567270438764676,0.15810638851592304,-0.015502574861584599,25000,9357.594394504782
0.16426813223584644,0.13345902458147083,-0.004799511798705413,7000,15182.209441928107
0.3198999136092226,0.15866297440208366,-0.002147369547917215,15000,11428.776259500675
0.3198999136092226,0.1746904491562187,-0.007014869452511804,25000,9308.86605146799
0.07823302695080049,0.14508596111344388,0.0030395637026204817,15000,9308.86605146799
0.06045829535513537,0.16948417202229246,-0.007173709046200944,8000,1944.8338863255753
0.4722332058040905,0.16653969023961088,-0.020901734411600988,6000,16949.69186366355
0.0567270438764676,0.17846705695752607,-0.022941818850676268,12000,10868.15254697223
0.03096723983469186,0.17339313923294228,0.014836665584784976,25000,9308.86605146799
0.07498632668291193,0.15949997101607527,-0.011315938581876897,25000,3721.496251044161
0.1896930846842057,0.1739431988331217,0.0002860065673424455,5000,7818.674849699402
0.3965352901233879,0.1687689412919184,-0.008563901547347711,39000,3721.496251044161
0.030709161363584057,0.1515225982257312,-0.007063789402622454,12000,5961.998200255187
0.16426813223584644,0.17209618831418194,-0.014462377310696222,20000,9208.354043041478
0.16426813223584644,0.15591191377298158,-0.014605789552159413,25000,14552.421047816675
0.2764675808695338,0.15107302282611884,-0.009928798623172424,5000,8044.38748849249
0.1896930846842057,0.16247774479990462,-0.01916274989394741,15000,7818.674849699402
0.4722332058040905,0.14585041079492103,-0.010307792583608947,15000,6490.025297937499
0.06045829535513537,0.14839910601344655,-0.004014407759904029,12000,8298.692961111445
0.07498632668291193,0.15373675056050948,-0.010701201764450488,23000,11428.776259500675
0.1896930846842057,0.1388772300643416,-0.015354449516210436,25000,12549.767112704283
0.4722332058040905,0.16904154239714256,-0.011599684894565305,23000,3180.534231222965
0.3198999136092226,0.17023863099264697,-0.02044867003472852,20000,9921.736099442112
0.3965352901233879,0.1530103774379492,0.017906275946858913,39000,7903.372032495086
0.030709161363584057,0.17315923974281153,-0.00245790846358284,5000,13439.594459895283
0.16426813223584644,0.16195152038080132,-0.021999771758042377,12000,5852.089204350804
0.1896930846842057,0.16627491175713288,-0.02136046123152567,10000,6379.779727401703
0.3965352901233879,0.15655247976779743,-0.01628419454183986,10000,10588.791757848958
0.1589499598856141,0.1649485500756921,-0.008841161022791425,22000,9308.86605146799
0.30466658438973576,0.15443700356605158,-0.0005185641850071625,20000,14929.56671203167
0.07823302695080049,0.14627199111399197,-0.009104624904831571,6000,7903.372032495086
0.1896930846842057,0.1351952397172447,-0.0008312629043402353,15000,18495.762853876247
0.4722332058040905,0.1623019581511518,-0.002711895083574996,25000,11428.776259500675
0.0567270438764676,0.14382081858488535,-0.0006171518736255202,15000,12625.18983357999
0.03096723983469186,0.1525210634646329,-0.00646950267593935,8000,2641.9358544440147
0.2764675808695338,0.17239805014602327,-0.00403742579680816,7000,2149.416136534133
0.07823302695080049,0.14781529366082455,-0.012155732294176904,20000,12549.767112704283
0.4722332058040905,0.1449357230852794,-0.0006074127252418631,25000,6379.779727401703
0.1589499598856141,0.15850227091677263,-0.01191949325679968,20000,3982.1550627694223
0.07498632668291193,0.18494876222903003,-0.006457443173170549,5000,3180.534231222965
0.07823302695080049,0.15090911751458377,-0.013831826632233563,3000,18495.762853876247
0.16426813223584644,0.1821775145072144,-0.010602049001900808,8000,12625.18983357999
0.0567270438764676,0.17164665086062242,-0.013934732937174185,22000,12625.18983357999
0.07823302695080049,0.17685212690334937,-0.021007458884767467,25000,8298.692961111445
0.2764675808695338,0.14755436817329318,-0.00567075901272332,12000,9815.38693042659
0.0567270438764676,0.17252211447376356,-0.006945342001540787,8000,7818.674849699402
0.3198999136092226,0.14483506437741053,-0.0005056650595110033,20000,3982.1550627694223
0.16426813223584644,0.1614344000556411,-0.012040453706768659,5000,10124.162225871132
0.07498632668291193,0.17656073920814316,-0.003977090341417894,22000,8371.635549928305
0.3198999136092226,0.15952898588759118,0.002327378997067635,25000,15674.647469510692
0.4722332058040905,0.15709053881045185,-0.017737247127118893,39000,12549.767112704283
0.030709161363584057,0.15910174065664162,-0.008593526198601202,25000,4635.668443078176
0.30466658438973576,0.15272538631663934,0.0019417209481923628,15000,9367.701460379212
0.3965352901233879,0.17090452388162394,-0.017546180033917207,20000,7818.674849699402
0.03096723983469186,0.16351041933421093,-0.00638201975582237,3000,9921.736099442112
0.4722332058040905,0.15811550296242716,0.0014052534345132964,10000,5961.998200255187
0.3198999136092226,0.15347820195646197,-0.008751420472907423,39000,12625.18983357999
0.3198999136092226,0.1514658852479786,-0.007986012688310616,8000,8266.360338630808
0.0567270438764676,0.14771175396107566,-0.01236832248618373,23000,8044.38748849249
0.16426813223584644,0.15550008120196765,-0.009405158073218341,10000,9815.38693042659
0.030709161363584057,0.16215236861249557,0.0013518506238946876,23000,9208.354043041478
0.0567270438764676,0.13855440723229093,-0.004795554469512862,20000,16949.69186366355
0.1589499598856141,0.1702230329894022,-0.0068593048326521435,3000,11700.301792294806
0.07498632668291193,0.16582893041461055,-0.008286170552988763,39000,8371.635549928305
0.0567270438764676,0.1461860127058264,-0.010797262047182947,20000,13345.696517931832
0.03096723983469186,0.16237159816550406,-0.0015928791218114981,10000,9921.736099442112
0.16426813223584644,0.15395980490503544,-0.009959909665097189,22000,12990.003729794424
0.06045829535513537,0.1648135586044014,-0.003851767805994393,20000,1388.161926428812
0.0567270438764676,0.16490767447289598,0.012281448399381273,39000,14088.177761028734
0.30466658438973576,0.15257687965848063,-0.006871978290846203,4000,4635.668443078176
0.3198999136092226,0.164794484383425,0.00022120621360148356,5000,14088.177761028734
0.1896930846842057,0.1487772045128921,-0.010484993922531573,7000,11700.301792294806
0.3198999136092226,0.15028228760833356,0.00933608464351958,15000,6490.025297937499
0.1589499598856141,0.16191829135627298,-0.00801103051515023,25000,9208.354043041478
0.0567270438764676,0.1463858469002257,-0.007606264642029727,20000,5961.998200255187
0.4722332058040905,0.14917595780835555,0.00231368336772588,8000,2149.416136534133
0.0567270438764676,0.143416982465433,-0.022054333586069272,15000,3180.534231222965
0.0567270438764676,0.14613323849962526,-0.006145089264874376,25000,2641.9358544440147
0.03096723983469186,0.16204057647691658,-0.004192532953619883,4000,10868.15254697223
0.16426813223584644,0.14901688638114047,-0.01690497725450662,12000,2149.416136534133
0.30466658438973576,0.1612827421527927,-0.00206502899881544,20000,6490.025297937499
0.16426813223584644,0.13988475046601226,0.011601962408080877,3000,9968.772979815913
0.1589499598856141,0.14870979069455106,-0.015818614534687643,25000,5961.998200255187
0.1896930846842057,0.16748698569024983,-0.007846070778184423,20000,6029.591590125569
0.4722332058040905,0.15501702991353014,0.006198810391849084,25000,10124.162225871132
0.3198999136092226,0.15335440635930964,-0.022987349306767737,5000,18495.762853876247
0.07498632668291193,0.1384875772629728,-0.005082019164807842,15000,13439.594459895283
0.1896930846842057,0.16589192837147668,-0.007838189239259413,8000,11700.301792294806
0.0567270438764676,0.15957749829735532,-0.012537955815143078,8000,5852.089204350804
0.0567270438764676,0.15416618245400482,0.0011701241440690614,12000,8867.27474861856
0.4722332058040905,0.18002100582083488,-0.025519411419163536,6000,8094.365808845958
0.06045829535513537,0.15699364513843725,-0.0075764120853589025,10000,9921.736099442112
0.030709161363584057,0.15282963901524976,-0.007908920813858049,3000,14929.56671203167
0.07823302695080049,0.15152762217384427,-0.009936996842081509,10000,7903.372032495086
0.16426813223584644,0.1468864118125993,0.002326580705513964,3000,3180.534231222965
0.30466658438973576,0.1564334462387177,-0.014735706683341326,8000,12990.003729794424
0.30466658438973576,0.1716100451842875,-0.022607907762021474,7000,8266.360338630808
0.1896930846842057,0.16069135892595346,-0.007010614454144083,5000,5756.56884800299
0.030709161363584057,0.1462253158597424,-0.009442092677610498,22000,11700.301792294806
0.0567270438764676,0.16013522200965546,-0.015503378919067003,3000,9308.86605146799
0.2764675808695338,0.1701726626735804,-0.009162949588899646,25000,12472.89232435155
0.3965352901233879,0.1680901079600976,-0.010600186782638429,15000,10124.162225871132
0.1589499598856141,0.1342497395178196,-0.007939468702607236,12000,9367.701460379212
0.4722332058040905,0.16255594038287288,-0.00010669324607193731,23000,12472.89232435155
0.07823302695080049,0.17136997489255962,0.0036924528133413397,6000,8980.724685620986
0.3965352901233879,0.15462892431024836,-0.019988723629106597,5000,8371.635549928305
0.1589499598856141,0.13413120653643112,-0.00707368498552612,39000,14088.177761028734
0.4722332058040905,0.17988666944125048,-0.00954544574755861,7000,3982.1550627694223
0.30466658438973576,0.1747943090817675,-0.005976693133318234,4000,1932.7685273621282
0.1589499598856141,0.15166799817021848,-0.017003799825294326,12000,7818.674849699402
0.2764675808695338,0.17179714940627872,-0.00625795299465782,23000,11428.776259500675
0.03096723983469186,0.16111884773833451,-0.026808914976519882,25000,14088.177761028734
0.07823302695080049,0.170312944315246,-0.003244556973495231,8000,12549.767112704283
0.1896930846842057,0.15392609705687965,-0.02327983192359609,15000,9568.06133278347
0.06045829535513537,0.18259413905290892,-0.013907123506817925,10000,9815.38693042659
0.1589499598856141,0.1565642289366619,-0.00837880825100741,20000,15182.209441928107
0.030709161363584057,0.15216562728055774,-0.0025983828916119186,25000,13345.696517931832
0.07498632668291193,0.15371962241457043,-0.0039738829923272635,20000,9921.736099442112
0.06045829535513537,0.14588087999446245,7.950121194679786e-05,12000,7818.674849699402
0.0567270438764676,0.14779087606871505,-0.011264603840476471,15000,14552.421047816675
0.4722332058040905,0.17698405993258512,-0.011302343376155155,3000,14088.177761028734
0.03096723983469186,0.15563749752713554,-0.00018315682702706176,8000,2149.416136534133
0.2764675808695338,0.14637149245310513,-0.003935505478645251,23000,13345.696517931832
0.1589499598856141,0.16244567030795415,-0.009362795800553377,10000,11700.301792294806
0.030709161363584057,0.14077121732332384,-0.013709031119869864,10000,10868.15254697223
0.0567270438764676,0.16495715562165778,-0.012901864834179792,15000,1944.8338863255753
0.16426813223584644,0.14905612247707722,0.0015292932899139415,6000,8980.724685620986
0.07823302695080049,0.15827869083269708,-0.006134289395681435,5000,11700.301792294806
0.3965352901233879,0.17062665132904392,-0.008177956509779736,28000,15674.647469510692
0.0567270438764676,0.16753737774853653,-0.012797662405726296,25000,8298.692961111445
0.0567270438764676,0.14657056029527868,-0.010839461699270673,25000,1932.7685273621282
0.1589499598856141,0.1566170925902541,-0.008016883690289777,7000,1944.8338863255753
0.07498632668291193,0.14658636084332394,-0.022247737843721135,3000,15182.209441928107
0.3965352901233879,0.15263757666783573,-0.005896941736906695,22000,14552.421047816675
0.06045829535513537,0.15898014106236935,-0.01575619626408475,23000,1944.8338863255753
0.30466658438973576,0.15277446804825584,-0.0040206109055161985,6000,2955.6355296040556
0.30466658438973576,0.1425196856535089,0.011726948338713005,5000,18495.762853876247
0.3198999136092226,0.17110549877178122,-0.003890895347658743,20000,3982.1550627694223
0.06045829535513537,0.15283972771189078,-0.009954884411635813,5000,12990.003729794424
0.07823302695080049,0.15469976888134448,-0.012868728911065929,20000,10868.15254697223
0.4722332058040905,0.16202050886413452,-0.005420989675323834,20000,8980.724685620986
0.030709161363584057,0.155444928496676,-0.0027374190135439846,3000,5852.089204350804
0.1896930846842057,0.1422140436338772,-0.016015510279561603,22000,8044.38748849249
0.3198999136092226,0.16117332906698517,-0.004161315550841591,15000,18495.762853876247
0.1896930846842057,0.15591863335358017,-0.013315429036212315,12000,11700.301792294806
0.03096723983469186,0.1596969039533593,-0.014906193525546107,3000,11700.301792294806
0.30466658438973576,0.15646897303895102,0.0027782804296035903,22000,8054.929374637141
0.16426813223584644,0.17092590856112955,-0.009323847109753688,39000,8298.692961111445
0.3965352901233879,0.1448052082489003,0.001055299616399808,23000,1932.7685273621282
0.07823302695080049,0.15219573321442076,0.0002666549185859826,5000,15182.209441928107
0.1896930846842057,0.14922258335823635,-0.013761824728796227,8000,6111.439449623881
0.07823302695080049,0.1557993552721472,-0.006449435372438847,20000,8298.692961111445
0.0567270438764676,0.15809757410540032,-0.02681231489635798,20000,8054.929374637141
0.06045829535513537,0.161107734448297,-0.016434376939114956,8000,9362.142291789198
0.03096723983469186,0.16274051846950013,-0.014095455881977309,15000,1932.7685273621282
0.16426813223584644,0.160498710548434,-0.009976190631438026,15000,15674.647469510692
0.30466658438973576,0.15679626544379896,-0.0036071051188296707,39000,8781.38100521925
0.06045829535513537,0.17255436383570102,-0.0005354347656484071,28000,10868.15254697223
0.03096723983469186,0.16326794028824276,-0.01428352302140894,22000,13439.594459895283
0.3965352901233879,0.15321282462474986,-0.0022047684407226383,6000,8298.692961111445
0.2764675808695338,0.15703583368969898,-0.0025888442580217757,20000,14552.421047816675
0.3965352901233879,0.16320858268639904,-0.005003851749637799,25000,7818.674849699402
0.03096723983469186,0.14514901778287218,-0.011055268165901803,5000,18495.762853876247
0.03096723983469186,0.16480405531192308,-0.005470339065008087,23000,6379.779727401703
0.2764675808695338,0.14624138833380726,-0.008428234680130786,15000,8781.38100521925
0.4722332058040905,0.1533208111669535,0.009574835596253502,15000,7903.372032495086
0.1589499598856141,0.16490756334359302,0.003349570182241594,3000,9208.354043041478
0.16426813223584644,0.16235204564477138,-0.009695290284056862,3000,3982.1550627694223
0.3198999136092226,0.16289745471425704,-0.00477992271867591,39000,15182.209441928107
0.03096723983469186,0.1682396453535597,-0.01785805392061907,8000,6490.025297937499
0.0567270438764676,0.1615934695009622,0.003589875631164441,8000,8371.635549928305
0.16426813223584644,0.16780335653501322,-0.012258176320931537,15000,6111.439449623881
0.4722332058040905,0.16406153681922742,-0.028495762873495898,3000,14552.421047816675
0.03096723983469186,0.15015104540869667,-0.011867146410600026,7000,5852.089204350804
0.16426813223584644,0.17156274219660061,-0.022116941028011025,20000,8980.724685620986
0.30466658438973576,0.18049405200173912,-0.010030021769971654,10000,7903.372032495086
0.030709161363584057,0.16178085415736493,-0.012807547530364819,28000,5756.56884800299
0.4722332058040905,0.16995890777605088,-0.0067280560488447265,3000,5961.998200255187
0.0567270438764676,0.1468018314810199,-0.010463569472787438,8000,12308.705340727283
0.2764675808695338,0.16878572977485343,-0.0018906190342365722,5000,9568.06133278347
0.0567270438764676,0.18330762873887144,-0.0052493071746565565,4000,8266.360338630808
0.1589499598856141,0.14673296898771113,-0.013017892125817273,28000,6490.025297937499
0.06045829535513537,0.17187485762939206,-0.01969420153663241,3000,5756.56884800299
0.06045829535513537,0.14803587799180878,-0.004168223994974124,3000,1932.7685273621282
0.1896930846842057,0.17015939232492958,-0.00995153312505525,5000,5852.089204350804
0.03096723983469186,0.1427170084597362,-0.022234270649289067,25000,6029.591590125569
0.03096723983469186,0.14905932810445915,-0.014947437755092094,39000,6111.439449623881
0.06045829535513537,0.15612916163354945,-0.015415075678516377,25000,14929.56671203167
0.1896930846842057,0.1695961312043307,-0.005611130075098393,3000,8867.27474861856
0.1589499598856141,0.14610906380268104,-0.022636920309009406,10000,8044.38748849249
0.06045829535513537,0.17072789180434794,-0.007929122760292876,3000,8054.929374637141
0.16426813223584644,0.1484998959914848,-0.014348423716407115,15000,3721.496251044161
0.07498632668291193,0.1633587332164192,-0.017058610697559654,20000,8371.635549928305
0.0567270438764676,0.15824673930480265,-0.009188381834227077,20000,2641.9358544440147
0.2764675808695338,0.16820763187357143,-0.019674346617578956,23000,3180.534231222965
0.07498632668291193,0.15392465118111764,-0.006438373463655202,15000,1932.7685273621282
0.3965352901233879,0.15355718394328366,-0.013631502570294485,3000,11700.301792294806
0.3198999136092226,0.17358493373012937,-0.005096470427237677,20000,12625.18983357999
0.3198999136092226,0.16903977711703158,-0.004522699214460026,25000,9968.772979815913
0.16426813223584644,0.15487850878733433,-0.024224565352813168,28000,18495.762853876247
0.3198999136092226,0.1616545488881268,-0.0021119255122396823,12000,5756.56884800299
0.1896930846842057,0.15236322564685037,-0.015111812933601096,10000,9208.354043041478
0.06045829535513537,0.1593021371437541,-0.01846674329847142,15000,12625.18983357999
0.030709161363584057,0.1577354957350372,-0.014561231172842873,28000,10124.162225871132
0.07823302695080049,0.15182270463349112,-0.007433559136614845,20000,18495.762853876247
0.3965352901233879,0.1431811583167929,-0.010392997553618602,20000,6111.439449623881
0.07498632668291193,0.1434864302784041,-0.01528506731028689,12000,6379.779727401703
0.3965352901233879,0.14940038503479988,-0.006991247054238533,3000,3982.1550627694223
0.030709161363584057,0.1539525267433917,0.0074751299717383006,39000,8054.929374637141
0.1896930846842057,0.15606205855562352,-0.014785140946438916,20000,7818.674849699402
0.07498632668291193,0.15819960515304388,-0.019455154358739478,5000,8781.38100521925
0.2764675808695338,0.1788491101134558,-0.02167563738070621,15000,12308.705340727283
0.1589499598856141,0.14753525557367986,-0.011936797511828991,10000,12990.003729794424
0.4722332058040905,0.1432034945167574,-0.01897667299822857,6000,3982.1550627694223
0.4722332058040905,0.1684991371415696,-0.007902653500546156,15000,12990.003729794424
0.1896930846842057,0.15315149038899853,-0.014221333779565751,15000,12549.767112704283
0.03096723983469186,0.153870565783779,-0.004443537425561896,20000,8781.38100521925
0.1896930846842057,0.16864107513381943,-0.00589101097206745,12000,9968.772979815913
0.3198999136092226,0.17089242167981103,-0.01794884344106962,10000,6111.439449623881
0.06045829535513537,0.15199720186541643,-0.014462625212512892,25000,7903.372032495086
0.03096723983469186,0.1839442880872319,-0.017219070142449493,20000,3982.1550627694223
0.1896930846842057,0.15284582367185223,-0.009441555001530908,23000,3180.534231222965
0.1896930846842057,0.16913591098960615,0.0033422013173966727,10000,7818.674849699402
0.06045829535513537,0.1380181378345993,-0.008452704774525721,12000,8044.38748849249
0.0567270438764676,0.1733547469436186,0.0017952920605103357,15000,13345.696517931832
0.1589499598856141,0.15622710661633155,-0.003281114587478942,10000,14552.421047816675
0.4722332058040905,0.15349888554902724,-0.0038232745364698804,10000,8054.929374637141
0.30466658438973576,0.15782326702479732,0.00021706678522959234,8000,6029.591590125569
0.2764675808695338,0.14265184524830468,-0.006930753433740206,3000,11428.776259500675
0.4722332058040905,0.17864228001203325,0.0012997128467011206,20000,11428.776259500675
0.07823302695080049,0.15831957752140033,-0.0033278430240392754,15000,9208.354043041478
0.3198999136092226,0.14556138522592285,-0.017526680162900498,15000,1944.8338863255753
0.07823302695080049,0.16649151363602016,-0.016364486642917613,22000,2149.416136534133
0.03096723983469186,0.16626035305483391,-0.02071431888021013,6000,6029.591590125569
0.3965352901233879,0.14412394348309981,-0.004842763714802441,8000,2641.9358544440147
0.03096723983469186,0.17072339344831244,-0.011603061811208274,5000,8867.27474861856
0.3198999136092226,0.16668580365531907,-0.015484018958630153,23000,12308.705340727283
0.16426813223584644,0.175440567491577,-0.008941047546384306,20000,5756.56884800299
0.1896930846842057,0.15204084087765438,0.007568599871753003,3000,3721.496251044161
0.2764675808695338,0.16345222814490565,-0.020383175851622522,28000,9308.86605146799
0.07498632668291193,0.14610549331544817,-0.00614687521684668,23000,1944.8338863255753
0.4722332058040905,0.15608019502049963,-0.009235329321702198,10000,8054.929374637141
0.1589499598856141,0.1676877499929998,-0.002749846102849455,23000,3721.496251044161
0.1589499598856141,0.17363245482233977,-0.010818333120283533,3000,10868.15254697223
0.1589499598856141,0.1378925597676766,0.005529746252987981,6000,8371.635549928305
0.030709161363584057,0.16219381147922968,-0.011232562948443247,12000,7818.674849699402
0.030709161363584057,0.14318827239058898,-0.008556947620870779,8000,12472.89232435155
0.30466658438973576,0.14983907102057487,-0.01615862313591382,28000,4635.668443078176
0.07498632668291193,0.1637233670450595,-0.008525331800131616,10000,8980.724685620986
0.07498632668291193,0.15745169014694718,-0.014123674712295286,8000,6029.591590125569
0.03096723983469186,0.18183199255697066,-0.008060261792763704,7000,15674.647469510692
0.30466658438973576,0.14165728819590898,-0.02505243412071862,10000,3982.1550627694223
0.4722332058040905,0.154174843630307,-0.007680931428910392,25000,13439.594459895283
0.4722332058040905,0.150111381032966,-0.0061630633200054534,10000,11700.301792294806
0.0567270438764676,0.16110565235944427,-0.011568121829671301,8000,10124.162225871132
0.3198999136092226,0.1655213303568368,-0.005381496481480457,15000,12472.89232435155
0.2764675808695338,0.1576839505256652,-0.014212753849333641,28000,8371.635549928305
0.07498632668291193,0.17791706464604584,-0.008586964358531075,7000,15182.209441928107
0.03096723983469186,0.16692549456205996,-0.006900630824799427,6000,4635.668443078176
0.2764675808695338,0.1569609839218766,0.006022844038281806,5000,12472.89232435155
0.3198999136092226,0.15805007818087619,-0.017429846124807923,15000,10124.162225871132
0.3198999136092226,0.17068220443400461,-0.00890932290451702,10000,12308.705340727283
0.03096723983469186,0.14914576328088527,-0.004206184620477012,10000,2955.6355296040556
0.030709161363584057,0.17612113290053572,0.006990643194133073,39000,13439.594459895283
0.1589499598856141,0.165078458589036,-0.007206447031810796,23000,1932.7685273621282
0.06045829535513537,0.1657226843191956,-0.005401244203728533,25000,7903.372032495086
0.16426813223584644,0.1608168664618929,-0.012538506307575055,23000,1944.8338863255753
0.030709161363584057,0.14658848850514414,-0.007750595959716072,5000,14088.177761028734
0.2764675808695338,0.17936881707362212,-0.009646443416888585,20000,8266.360338630808
0.2764675808695338,0.1734665325671798,0.007477091778314466,39000,8298.692961111445
0.03096723983469186,0.18067879607906678,-0.013940588557498803,3000,8980.724685620986
0.07823302695080049,0.14456544817779562,-0.01601257089030979,10000,9357.594394504782
0.4722332058040905,0.15523725299997626,-0.012771627606004834,3000,15182.209441928107
0.4722332058040905,0.15836752453517694,-0.002346238786967757,23000,2641.9358544440147
0.16426813223584644,0.1476169633438346,-0.006456010811983749,25000,1388.161926428812
0.030709161363584057,0.15864713776769113,-0.009439488809272936,8000,9308.86605146799
0.030709161363584057,0.16529745279373037,-0.0018688594880140773,8000,8266.360338630808
0.03096723983469186,0.1544581534517558,-0.012094132438057965,20000,13439.594459895283
0.2764675808695338,0.17819993447440743,-0.023860149462908,15000,11428.776259500675
0.06045829535513537,0.1805436122134912,-0.011831941130551088,8000,9357.594394504782
0.1589499598856141,0.14472422551317038,-0.0024070115476240786,28000,12990.003729794424
0.06045829535513537,0.1712308920607679,-0.011083949155523149,12000,8371.635549928305
0.2764675808695338,0.15250427415607665,-0.008773947530520949,5000,13439.594459895283
0.2764675808695338,0.16999883421316025,-0.014514971447675929,10000,1388.161926428812
0.3198999136092226,0.14517494453029528,-0.004237056276575502,15000,9308.86605146799
0.3965352901233879,0.1479367188586659,-0.00979424105309889,12000,1932.7685273621282
0.3965352901233879,0.16476480913501745,-0.005786952238814336,15000,12990.003729794424
0.3198999136092226,0.14298878829418238,-0.010630354294502955,39000,2641.9358544440147
0.06045829535513537,0.16576046078793935,-0.008774954518955661,25000,14552.421047816675
0.3965352901233879,0.1524880148680959,0.0012080750961855527,7000,14088.177761028734
0.07498632668291193,0.16052392786361191,-0.004654092027953418,8000,1388.161926428812
0.07823302695080049,0.15779994836608574,5.275586033589201e-05,10000,1944.8338863255753
0.07823302695080049,0.16491829332972482,-0.004322369979054997,12000,12472.89232435155
0.30466658438973576,0.1653513126733193,-0.014785501971653505,7000,8867.27474861856
0.0567270438764676,0.15555740592491543,-0.017146235827050285,3000,10588.791757848958
0.06045829535513537,0.16177374023172147,0.007062419275413006,10000,12625.18983357999
0.03096723983469186,0.17338451304900174,-0.007746107399480009,20000,7818.674849699402
0.06045829535513537,0.1574143286871959,-0.010409832048132553,20000,12625.18983357999
0.030709161363584057,0.15886103682621344,0.013150900524584702,5000,10588.791757848958
0.0567270438764676,0.1455877172186775,-0.009521917744154703,10000,8266.360338630808
0.3198999136092226,0.13787206468326263,0.007072132137870183,12000,9921.736099442112
0.07498632668291193,0.16567387403102135,-0.01639729698335212,15000,3180.534231222965
0.16426813223584644,0.15378760303296285,0.007501358718543791,10000,9367.701460379212
0.07823302695080049,0.1523677196973445,-0.009685599341466346,10000,2955.6355296040556
0.16426813223584644,0.1572045461528068,-0.02045218132210338,3000,1944.8338863255753
0.3198999136092226,0.16538573427528822,-0.017434772937390153,4000,14088.177761028734
0.03096723983469186,0.14963742306271635,-0.01557599648839761,15000,11700.301792294806
0.06045829535513537,0.15447520060853193,-0.014530857313544898,15000,14929.56671203167
0.3965352901233879,0.1639918326146789,-0.0032771942759045893,25000,9968.772979815913
0.30466658438973576,0.17710077018094503,-0.0076517668744004175,15000,10868.15254697223
0.3198999136092226,0.17233769059629786,-0.005242892923476943,10000,8094.365808845958
0.3965352901233879,0.15518622367745827,-0.0007250462488288236,20000,4635.668443078176
0.2764675808695338,0.1528563956960014,-0.014512379536592766,10000,11428.776259500675
0.07823302695080049,0.15589479999727238,-0.01884331489966162,15000,14552.421047816675
0.3198999136092226,0.16022621721028607,-0.018791276003223112,3000,1388.161926428812
0.1589499598856141,0.153237920324539,-0.0007664982062917963,20000,8298.692961111445
0.07823302695080049,0.17359079813755382,-0.011104531976804513,25000,5852.089204350804
0.3198999136092226,0.15998409669001912,-0.005499418212027879,10000,6029.591590125569
0.1896930846842057,0.15039148331371885,-0.004727988545020247,8000,12472.89232435155
0.16426813223584644,0.15595912988533142,-0.012749541034170331,4000,3982.1550627694223
0.4722332058040905,0.14755431363776023,-0.006630382426425099,15000,12549.767112704283
0.30466658438973576,0.14522092615930837,-0.01726604882184235,12000,12472.89232435155
0.4722332058040905,0.16566752791506062,-0.0012218410407739296,25000,6111.439449623881
0.30466658438973576,0.15676032285945365,-0.013504698460490672,12000,5852.089204350804
0.030709161363584057,0.17110979062564907,0.004760831243845849,15000,12472.89232435155
0.03096723983469186,0.16013022070729907,-0.011308255535248423,15000,5756.56884800299
0.3965352901233879,0.17183007960990823,-0.008307604676605114,3000,16949.69186366355
0.4722332058040905,0.15437941149772647,-0.00507272532921418,28000,8266.360338630808
0.0567270438764676,0.15221642999638071,-0.009208999530503217,23000,9815.38693042659
0.1589499598856141,0.16956533602865106,-0.004449864723444079,25000,7818.674849699402
0.16426813223584644,0.16437142442110875,-0.009835994435422003,28000,2641.9358544440147
0.0567270438764676,0.14343032020948585,-0.003412550428088244,25000,9208.354043041478
0.16426813223584644,0.14793539181486623,-0.020927211979998823,10000,9308.86605146799
0.07498632668291193,0.1366600112468539,-0.013327525417597273,5000,9921.736099442112
0.06045829535513537,0.14768288425635134,-0.009811548891444796,7000,8371.635549928305
0.3198999136092226,0.1708310310044677,0.006049199490686451,15000,9815.38693042659
0.3965352901233879,0.1502860202442225,1.3587860625868186e-05,39000,9921.736099442112
0.1589499598856141,0.1563607245255637,-0.010676378574576073,8000,6490.025297937499
0.030709161363584057,0.13688677294432802,-0.014826559785561157,3000,9568.06133278347
0.16426813223584644,0.1696982287011856,-0.004549726734556933,10000,10868.15254697223
0.030709161363584057,0.1414330266232659,-0.028202870597713908,25000,18495.762853876247
0.07498632668291193,0.1714786035134264,-0.011513733084465365,20000,8371.635549928305
0.1589499598856141,0.15032764140891527,-0.007297972087350115,23000,2149.416136534133
0.0567270438764676,0.15721245316496596,0.006256030103604975,12000,12308.705340727283
0.07498632668291193,0.16059521998617507,-0.005497205465782832,6000,1932.7685273621282
0.2764675808695338,0.17150681952682278,-0.011847982983019697,22000,12308.705340727283
0.06045829535513537,0.1516700909657405,-0.012846907656026335,28000,14088.177761028734
0.0567270438764676,0.15502022885525613,-0.01460488888763563,8000,5756.56884800299
0.030709161363584057,0.16457867728903328,0.0005275542542174057,5000,1944.8338863255753
0.07823302695080049,0.13363018886979322,-0.017096334617336686,7000,7818.674849699402
0.1589499598856141,0.15798166127307048,-0.011398100007701653,25000,9921.736099442112
0.0567270438764676,0.14544406742294097,-0.011589085064727256,25000,12308.705340727283
0.03096723983469186,0.16745717645758715,-0.02003037236603597,3000,13439.594459895283
0.3965352901233879,0.16793078236572476,0.0008495807992464685,10000,9921.736099442112
0.30466658438973576,0.15059734551157244,0.001051252096079494,3000,10588.791757848958
0.1589499598856141,0.1834986155837804,-0.009285363116609569,39000,13345.696517931832
0.0567270438764676,0.14595808046893013,-0.02077295153620504,8000,1932.7685273621282
0.3198999136092226,0.15172860617647388,-0.0012566888921698304,15000,13439.594459895283
0.07823302695080049,0.13944400209489502,0.0009964379130786999,39000,8371.635549928305
0.3965352901233879,0.15702102322175118,-0.018909026859381717,10000,8094.365808845958
0.3965352901233879,0.14522558125076665,-0.025487141735690857,23000,12308.705340727283
0.06045829535513537,0.15275690185211013,-0.006098939572515096,4000,4635.668443078176
0.1589499598856141,0.17427662827144644,-0.011377844756490306,12000,9568.06133278347
0.2764675808695338,0.14489188296651115,-0.006581446744577903,12000,9815.38693042659
0.03096723983469186,0.16194372820193315,-0.01185333887318461,39000,9362.142291789198
0.2764675808695338,0.160487836995954,-0.005446288390033353,22000,3180.534231222965
0.07823302695080049,0.14762968994669493,-0.006562369306873979,5000,6029.591590125569
0.30466658438973576,0.15487070438778408,-0.01756242428238524,15000,12549.767112704283
0.30466658438973576,0.14761181870307177,-0.0011133697738098043,25000,6379.779727401703
0.3198999136092226,0.16114200918586064,-0.014168423257976267,8000,2641.9358544440147
0.3198999136092226,0.16999555101380245,-0.005413573545904489,20000,5852.089204350804
0.16426813223584644,0.1779387223301935,-0.022735646840190134,7000,14929.56671203167
0.16426813223584644,0.16601546019269214,-0.013593138919747406,15000,6379.779727401703
0.1896930846842057,0.14594726509459846,0.0027850969402146222,23000,8298.692961111445
0.07823302695080049,0.1498617167375872,-0.004321648539633335,22000,8044.38748849249
0.4722332058040905,0.1375992234492363,-0.0048848466549100255,25000,1388.161926428812
0.07823302695080049,0.17022400375217725,0.0014946664708479407,12000,13439.594459895283
0.16426813223584644,0.1664177623230731,-0.012101858202987,3000,2641.9358544440147
0.06045829535513537,0.15617555851561818,-0.003818452149773364,10000,16949.69186366355
0.30466658438973576,0.14261001087905764,-0.0013654246941358912,12000,14088.177761028734
0.2764675808695338,0.1671187478968929,-0.025793163233800712,15000,12625.18983357999
0.30466658438973576,0.15210977007566412,-0.010820518537049245,10000,5756.56884800299
0.1896930846842057,0.15231994359646114,-0.005406690009309366,28000,5852.089204350804
0.3965352901233879,0.1446852463703124,-0.006009838300587326,20000,10588.791757848958
0.4722332058040905,0.1477741261020837,-0.0006465005788544334,12000,15182.209441928107
0.1589499598856141,0.15038834492474745,-0.01661498676160796,3000,13439.594459895283
0.4722332058040905,0.14725643205939812,-0.002594413993456138,4000,12308.705340727283
0.30466658438973576,0.16690892979570787,-0.017283208652705884,20000,14088.177761028734
0.3198999136092226,0.16640717628571794,-0.011278345880350944,3000,14088.177761028734
0.0567270438764676,0.1557942865109667,0.007791228560385529,15000,4635.668443078176
0.3198999136092226,0.14122553178669842,-0.011939228421834338,15000,4635.668443078176
0.07498632668291193,0.17743580277761964,-0.011453342193432012,22000,13439.594459895283
0.4722332058040905,0.1577717466548633,0.00374620136116107,20000,6490.025297937499
0.2764675808695338,0.1579812419896499,-0.009973430606982484,12000,9362.142291789198
0.3198999136092226,0.17157084350702642,-0.00841276300391601,6000,8867.27474861856
0.07823302695080049,0.16831862388209254,-0.004210254730060789,25000,6379.779727401703
0.1589499598856141,0.15772132837351438,-0.010189623362486492,10000,14088.177761028734
0.30466658438973576,0.17015177961266126,-0.005234968140798627,8000,10124.162225871132
0.07498632668291193,0.16111124424026982,0.005262365402044048,25000,3982.1550627694223
0.07498632668291193,0.17103154354460484,-0.009278274213599506,3000,9362.142291789198
0.4722332058040905,0.15066595762562873,-0.007646827374523002,22000,9921.736099442112
0.4722332058040905,0.1619650084398241,-0.011110756580104495,39000,12472.89232435155
0.06045829535513537,0.15642737544603297,-0.00534881538517835,20000,6379.779727401703
0.06045829535513537,0.165498542989171,-0.006345373749219066,7000,9968.772979815913
0.030709161363584057,0.1508192378270246,-0.020139945276713964,15000,6379.779727401703
0.3965352901233879,0.1655429310610841,-0.014418051475684453,25000,13345.696517931832
0.06045829535513537,0.16962785148155723,-0.019653374883984505,10000,16949.69186366355
0.03096723983469186,0.16604112067681617,-0.0012854231707792555,7000,2149.416136534133
0.03096723983469186,0.17980310060517649,-0.01092240799926763,25000,13439.594459895283
0.07823302695080049,0.17338992107095108,-0.018637816219778666,25000,13345.696517931832
0.16426813223584644,0.17494947495004856,-0.0043911760194423645,25000,13345.696517931832
0.1896930846842057,0.14757802002589332,-0.0066133091207672655,3000,14929.56671203167
0.1589499598856141,0.1640764161282757,-0.018923713281905386,5000,2955.6355296040556
0.2764675808695338,0.16501205194727975,-0.002565056579157006,7000,18495.762853876247
0.1896930846842057,0.14425691238047408,-0.002312402367798277,15000,2955.6355296040556
0.0567270438764676,0.15348686820892057,-0.020069093471261096,39000,12308.705340727283
0.2764675808695338,0.1606798767140864,0.0026662254437172413,6000,5961.998200255187
0.3198999136092226,0.13770261109365453,0.001971326200014495,23000,5756.56884800299
0.07498632668291193,0.15922396921113927,-0.013028600720055409,15000,8781.38100521925
0.06045829535513537,0.14116596445753687,-0.007066307075419044,15000,9921.736099442112
0.2764675808695338,0.18443223822068347,-0.022256077513081927,4000,11700.301792294806
0.1896930846842057,0.1517021811240329,0.007332958404496445,15000,11700.301792294806
0.1589499598856141,0.15433956844233632,-0.010898560289723929,15000,5852.089204350804
0.07823302695080049,0.14327270525056943,2.5524731308806035e-05,10000,5852.089204350804
0.4722332058040905,0.16511250074591724,-0.00491765824868185,25000,12549.767112704283
0.07498632668291193,0.15292559424674135,-0.027651764372724697,7000,6111.439449623881
0.2764675808695338,0.16811245556631693,-0.01740057499414965,6000,5852.089204350804
0.06045829535513537,0.15702061773476858,-0.014495766563859,22000,15182.209441928107
0.03096723983469186,0.16436333573766926,-0.0007553048765005248,39000,12472.89232435155
0.4722332058040905,0.1455951210748793,-0.005233409830706129,10000,6379.779727401703
0.2764675808695338,0.16999868494790069,-0.012433910244436937,15000,4635.668443078176
0.07498632668291193,0.1493913055670017,-0.019907416590839843,3000,8054.929374637141
0.06045829535513537,0.15640429367675987,-0.011717954720688255,23000,3180.534231222965
0.30466658438973576,0.14528871048089018,-0.009591140068312513,39000,11428.776259500675
0.0567270438764676,0.16302455924075995,-0.006365267615066136,3000,12625.18983357999
0.16426813223584644,0.1610660735447107,-0.018784837533250255,8000,7903.372032495086
0.4722332058040905,0.15445015411710591,-0.008129274877786054,3000,9968.772979815913
0.4722332058040905,0.1682475170449742,-0.0032325101649772316,10000,10588.791757848958
0.07498632668291193,0.1735580328074955,-0.002098767249646568,7000,9815.38693042659
0.30466658438973576,0.15034738637377865,-0.009268233715079226,20000,8371.635549928305
0.1589499598856141,0.15570518840232547,-0.007786515397605228,10000,12549.767112704283
0.2764675808695338,0.15573402154148486,-0.019910166765657124,8000,7818.674849699402
0.1896930846842057,0.15901456023367055,-0.0074167242108968785,25000,9921.736099442112
0.16426813223584644,0.15535853942432606,-0.01290729115597514,10000,10124.162225871132
0.1896930846842057,0.15522597377539754,-0.012859799282361495,8000,10124.162225871132
0.16426813223584644,0.15199045133318492,-0.0027068271518839,8000,6111.439449623881
0.30466658438973576,0.15940926443152448,-0.01678878010306296,8000,3721.496251044161
0.2764675808695338,0.17674565796669742,-0.011653157592268506,12000,10588.791757848958
0.07498632668291193,0.1607441791203747,-0.005662695985503542,8000,8371.635549928305
0.0567270438764676,0.1552074158331599,-0.011886904774528185,25000,9308.86605146799
0.06045829535513537,0.15751075413608917,-0.00743727205611618,10000,1944.8338863255753
0.3198999136092226,0.1512797357672144,0.006218129383661184,7000,1932.7685273621282
0.1896930846842057,0.15457593577358203,-0.010834358630599207,4000,8044.38748849249
0.06045829535513537,0.17070359911249627,0.0010091368672356874,4000,1944.8338863255753
0.07498632668291193,0.1624206414619619,-0.0008332382573899539,6000,6490.025297937499
0.07498632668291193,0.1683491856864987,-0.007005120377108193,23000,7818.674849699402
0.16426813223584644,0.15312795366885534,-0.010517182237002251,3000,8266.360338630808
0.3965352901233879,0.1452931682517589,-0.01130631396549599,8000,13345.696517931832
0.4722332058040905,0.1478524958725258,-0.016130534743828934,10000,2641.9358544440147
0.06045829535513537,0.1691760125168011,-0.001344389191220239,4000,4635.668443078176
0.1589499598856141,0.15518138241218624,0.00048121913603004385,12000,13345.696517931832
0.4722332058040905,0.1611743787526963,-0.00739782642015897,23000,15182.209441928107
0.2764675808695338,0.16450422339788176,-0.026563274815510383,25000,9362.142291789198
0.4722332058040905,0.17067480168303556,-0.000432405958803738,8000,13439.594459895283
0.1896930846842057,0.15702390746165837,-0.018381868759972376,6000,8781.38100521925
0.1896930846842057,0.15045708375120592,-0.016733595797083407,10000,1932.7685273621282
0.2764675808695338,0.1804246900819792,-0.003529107520655417,5000,5756.56884800299
0.3198999136092226,0.16215417961051837,-0.0215935720749705,25000,9362.142291789198
0.16426813223584644,0.17437454907465655,-0.004334127417712107,10000,10588.791757848958
0.030709161363584057,0.14947360305323848,-0.003399203452888512,8000,14552.421047816675
0.3198999136092226,0.15101571584920187,-0.006115345671636846,5000,12990.003729794424
0.07823302695080049,0.16924689396188375,-0.001654149745959857,8000,5961.998200255187
0.0567270438764676,0.14993697224553046,-0.006084086084731537,28000,8044.38748849249
0.1896930846842057,0.14364684124374552,-0.013558073669378756,25000,6111.439449623881
0.07498632668291193,0.1523944215590401,-0.002412708631313432,4000,7818.674849699402
0.07823302695080049,0.15742163289972935,-0.008094590747205237,3000,9357.594394504782
0.06045829535513537,0.17708264577152472,-0.0007888398019217758,25000,6111.439449623881
0.3965352901233879,0.15088345817049426,-0.006869539318943232,15000,9208.354043041478
0.3198999136092226,0.16349280166189323,-0.0007404532298151683,5000,5756.56884800299
0.16426813223584644,0.16611550990093693,-0.016557947593353797,10000,7903.372032495086
0.0567270438764676,0.15771429920752988,-0.0016136439550444007,15000,9568.06133278347
0.0567270438764676,0.1736952060392071,-0.006861736234292839,3000,12625.18983357999
0.16426813223584644,0.1571871401520163,-0.007869053115056479,15000,8094.365808845958
0.4722332058040905,0.14518835399436394,-0.01693980943323189,20000,9357.594394504782
0.06045829535513537,0.15437175599665312,-0.007261972766379241,23000,3721.496251044161
0.3198999136092226,0.1626242901792654,-0.022004113547451628,6000,12308.705340727283
0.2764675808695338,0.1582377985565783,0.0055252882145673515,8000,9815.38693042659
0.07498632668291193,0.13325240582600925,-0.01856493090642559,20000,13345.696517931832
0.3198999136092226,0.18496319831509273,-0.007011433717182416,4000,9968.772979815913
0.1896930846842057,0.14653425524927963,-0.011687713777226195,20000,16949.69186366355
0.3198999136092226,0.15416039862144185,-0.017251400319024154,5000,9362.142291789198
0.2764675808695338,0.17335800165906762,-0.010198658805264124,8000,14552.421047816675
0.1896930846842057,0.18390598670868213,-0.012181740826104424,20000,9815.38693042659
0.1589499598856141,0.17698267705467738,-0.02198237269060662,10000,7903.372032495086
0.06045829535513537,0.17565713468055194,0.001340724759312266,20000,14088.177761028734
0.030709161363584057,0.16633312423074462,-0.019885744801821773,25000,16949.69186366355
0.30466658438973576,0.1483611999964333,0.0028532060509992223,3000,8867.27474861856
0.3965352901233879,0.14505292451603707,-0.01232250402780097,28000,10588.791757848958
0.06045829535513537,0.15302816676867348,-0.0145596482747339,23000,1388.161926428812
0.030709161363584057,0.15773384411963925,-0.001002363903667382,12000,1944.8338863255753
0.1589499598856141,0.1675327219371429,0.00047914612314525946,3000,1388.161926428812
0.06045829535513537,0.1601758264743916,-0.0012244289430401322,3000,8094.365808845958
0.03096723983469186,0.16542566574525427,-0.020588238630608897,3000,11428.776259500675
0.30466658438973576,0.15754007083979707,0.0006251356437928927,7000,9815.38693042659
0.4722332058040905,0.1547410005668292,-0.026593682685289527,5000,9367.701460379212
0.2764675808695338,0.1520891211253558,0.0013938359576678655,25000,6111.439449623881
0.030709161363584057,0.16528060399101668,-0.011931442379396962,5000,6029.591590125569
0.4722332058040905,0.1524660008080246,-0.01565500093611492,25000,7818.674849699402
0.06045829535513537,0.17153153064181748,-0.009456205944010327,10000,5852.089204350804
0.3965352901233879,0.14301546636438264,-0.006664423141894854,5000,8371.635549928305
0.07823302695080049,0.1442955591590415,-0.016112720481471596,3000,6379.779727401703
0.3965352901233879,0.14903948802301983,-0.01795475268889414,12000,9357.594394504782
0.30466658438973576,0.1478184799418215,-0.008989737287112,10000,9367.701460379212
0.4722332058040905,0.17518247575046506,-0.006115353075788517,5000,1944.8338863255753
0.16426813223584644,0.15366505054725202,0.006505882849004566,15000,7903.372032495086
0.3965352901233879,0.15802727409952455,-0.0020550921781373617,22000,11700.301792294806
0.030709161363584057,0.14953004558838484,-0.0090811070879755,7000,14929.56671203167
0.07823302695080049,0.16268210039917907,0.004089282814649803,25000,9357.594394504782
0.4722332058040905,0.14958222565738255,0.004014834350803174,15000,6490.025297937499
0.4722332058040905,0.1660480091428676,-0.0037173965440324298,20000,2149.416136534133
0.06045829535513537,0.15071931437200004,-0.005751046155508285,25000,8781.38100521925
0.1896930846842057,0.13665060745609417,-0.01276134323670658,20000,8054.929374637141
0.16426813223584644,0.16437939960255532,0.004757347395060447,10000,13345.696517931832
0.030709161363584057,0.14478789634498077,-0.012185079478275775,25000,6111.439449623881
0.07498632668291193,0.15267761306257863,-0.010505451443043608,7000,9815.38693042659
0.16426813223584644,0.1364456683862959,0.008168113192950487,15000,5961.998200255187
0.07823302695080049,0.16190788121297128,-0.007635286422541395,10000,9308.86605146799
0.16426813223584644,0.16272583807827362,-0.022252335711312375,10000,6379.779727401703
0.16426813223584644,0.15725066146726008,-0.009471738225207714,10000,12990.003729794424
0.2764675808695338,0.1500436897575068,0.002165863265533777,7000,5756.56884800299
0.1589499598856141,0.16843657802438639,-0.004578564154448462,12000,5756.56884800299
0.3198999136092226,0.144722590138947,-0.004839699131767921,28000,9308.86605146799
0.1896930846842057,0.15509555817374251,-0.010983567861867055,10000,8094.365808845958
0.1896930846842057,0.15258198439943393,-0.009824089235037763,10000,18495.762853876247
0.3965352901233879,0.15174537085916706,-0.007526437403408994,20000,9921.736099442112
0.30466658438973576,0.1445106856998357,-0.020852823724501326,39000,10868.15254697223
0.0567270438764676,0.16490810183947113,0.006593912230950794,15000,12549.767112704283
0.0567270438764676,0.14975439259325024,-0.014026357885187425,25000,8298.692961111445
0.3965352901233879,0.1370713532692736,-0.02069919466256371,5000,6490.025297937499
0.07498632668291193,0.16967244711060772,-0.0059672317334479264,7000,2955.6355296040556
0.2764675808695338,0.16127130466954911,-0.0021651415574292987,25000,14929.56671203167
0.30466658438973576,0.15848858977132504,-0.0004543217747836167,23000,18495.762853876247
0.07823302695080049,0.15042405780200604,0.00019577795256022116,25000,1388.161926428812
0.2764675808695338,0.1667766908975992,-0.015360248722302502,10000,15182.209441928107
0.3965352901233879,0.14588166461997484,-0.0079563728059722,10000,8094.365808845958
0.1896930846842057,0.14358794309504685,-0.02683845208955549,25000,6379.779727401703
0.3198999136092226,0.1677842792037361,-0.00709057027051037,10000,8094.365808845958
0.0567270438764676,0.16111724156782328,-0.011599101251211871,8000,11428.776259500675
0.07498632668291193,0.14899710850648246,0.003419208351178586,12000,3982.1550627694223
0.07823302695080049,0.15499955545061364,-0.016927577712209076,15000,12990.003729794424
0.4722332058040905,0.17065937692974947,-0.015010580561779976,20000,9968.772979815913
0.4722332058040905,0.14495951261886045,-0.011410670627970784,10000,5756.56884800299
0.1589499598856141,0.15198065823006324,0.0092092215815502,15000,1388.161926428812
0.1589499598856141,0.1366692855384588,-0.01993747418404667,10000,9357.594394504782
0.2764675808695338,0.154298137001057,-0.01183806074163078,15000,8781.38100521925
0.030709161363584057,0.14779119346173625,-0.0069345753904451,23000,14552.421047816675
0.030709161363584057,0.15820551475496805,-0.020146449724178176,20000,1944.8338863255753
0.07823302695080049,0.14705337173835384,-0.010955242230916384,8000,2641.9358544440147
0.03096723983469186,0.15726363058513984,-0.005365980793432431,22000,5961.998200255187
0.3198999136092226,0.1554527943286173,-0.014120885804984953,25000,6111.439449623881
0.30466658438973576,0.14664191280080652,-0.009377937155644443,12000,7818.674849699402
0.4722332058040905,0.15557473803676872,0.0013907360786059124,10000,4635.668443078176
0.30466658438973576,0.1462126860421367,0.0062256992970385425,10000,14929.56671203167
0.030709161363584057,0.13517367046475032,-0.012093467137887092,10000,7818.674849699402
0.030709161363584057,0.15693818281976138,-0.005471900596876375,15000,15182.209441928107
0.06045829535513537,0.14480786721702144,-0.013221147185615846,25000,12308.705340727283
0.1589499598856141,0.14995227516707307,-0.014555702441198937,25000,3982.1550627694223
0.0567270438764676,0.16181022161904546,-0.018081537139557433,12000,12990.003729794424
0.030709161363584057,0.1476293690192483,-0.005785890260394013,3000,8266.360338630808
0.06045829535513537,0.14819973609705636,-0.00588049948406973,5000,12625.18983357999
0.30466658438973576,0.14211310781285924,-0.011911145690080168,4000,7903.372032495086
0.07823302695080049,0.14876686597322913,-0.013337220310962473,25000,8980.724685620986
0.16426813223584644,0.15246432758716563,-0.003667280847408375,15000,2149.416136534133
0.030709161363584057,0.1631549393633976,0.0035666845338443074,25000,5852.089204350804
0.03096723983469186,0.156303116700065,0.003087718092910844,23000,9208.354043041478
0.030709161363584057,0.18161279506031083,-0.012566048370851374,15000,5756.56884800299
0.2764675808695338,0.16808789691658887,-0.0014596244393519956,25000,1944.8338863255753
0.07823302695080049,0.17970927933898376,-0.0004527769770230027,20000,10588.791757848958
0.0567270438764676,0.1472962356464796,0.007906968890457706,20000,1932.7685273621282
0.1896930846842057,0.16151692930665887,-0.010953883888176192,15000,11428.776259500675
0.07498632668291193,0.17064166584943483,-0.012209405657539984,3000,3180.534231222965
0.1896930846842057,0.16548969712159678,-0.0016625290505759055,25000,6379.779727401703
0.07498632668291193,0.18177153151941508,-0.015592382412151072,15000,9308.86605146799
0.03096723983469186,0.15233395168199299,-0.003943328392779057,4000,8298.692961111445
0.030709161363584057,0.16488354333466063,-0.0069817199374324615,8000,1388.161926428812
0.4722332058040905,0.15100882606496252,-0.00796006536695131,28000,6379.779727401703
0.0567270438764676,0.16766350274647077,-0.014215171953824435,25000,5756.56884800299
0.2764675808695338,0.1378442454590059,-0.0079522881871333,4000,11428.776259500675
0.07823302695080049,0.17568346893716197,-0.012686265630201869,10000,11428.776259500675
0.3965352901233879,0.17212311544739528,0.0007061316869399454,8000,12308.705340727283
0.2764675808695338,0.14469168990997602,0.0009453726266670669,7000,9357.594394504782
0.30466658438973576,0.15922040641336352,-0.005626980844583012,20000,14929.56671203167
0.1589499598856141,0.15807907786582692,-0.017403819152990465,25000,8371.635549928305
0.030709161363584057,0.15905339754618006,0.00487831459057667,15000,9568.06133278347
0.07498632668291193,0.18009195852590987,0.004031805379684922,10000,9568.06133278347
0.1896930846842057,0.1583579914896222,-0.01207291719248821,5000,7818.674849699402
0.030709161363584057,0.15757444942038432,-0.003503033608062058,12000,9815.38693042659
0.2764675808695338,0.14736155571156026,-0.013465267793381846,8000,5852.089204350804
0.1896930846842057,0.15487207753180218,0.009145208968652535,15000,3982.1550627694223
0.0567270438764676,0.16881508163198655,-0.006518584838479332,4000,6379.779727401703
0.03096723983469186,0.15449372444504972,-0.026146430095768124,25000,6490.025297937499
0.06045829535513537,0.1484913880564505,-0.003150497720938796,10000,14929.56671203167
0.3965352901233879,0.13927421669503015,-0.0049172052372079495,39000,14088.177761028734
0.06045829535513537,0.160437219475902,-0.01377954313349764,5000,9208.354043041478
0.07498632668291193,0.1400376732772129,-0.006985903113045891,10000,5756.56884800299
0.4722332058040905,0.17824080695554875,-0.003610540337094898,25000,6379.779727401703
0.3198999136092226,0.1777448229250762,-0.011744666066418429,25000,3721.496251044161
0.16426813223584644,0.16071195401655608,-0.022996025745170727,20000,3721.496251044161
0.0567270438764676,0.1537432475100491,-0.020245211816477236,10000,10124.162225871132
0.0567270438764676,0.16095981462486372,-0.0002626219327884657,3000,10124.162225871132
0.4722332058040905,0.140945257229286,-0.005526047352640615,3000,18495.762853876247
0.3965352901233879,0.16037690213675715,-0.00012688853976571557,10000,9357.594394504782
0.0567270438764676,0.1543712302737247,-0.007914153520215789,15000,12549.767112704283
0.06045829535513537,0.16550881037324794,-0.011969399464630229,4000,14929.56671203167
0.06045829535513537,0.14622813137436796,-0.008807773340094123,25000,8266.360338630808
0.2764675808695338,0.1524215369583901,-0.012011189857506287,3000,9362.142291789198
0.030709161363584057,0.1590326089275486,-0.0051560970118916865,10000,5961.998200255187
0.0567270438764676,0.14451179046978413,-0.0018986404950348844,25000,10124.162225871132
0.1589499598856141,0.16875155861765667,-0.006983698209065062,6000,9568.06133278347
0.06045829535513537,0.14606200714966616,-0.026393074483094366,3000,1944.8338863255753
0.07498632668291193,0.14063032397798989,-0.008847538657518889,10000,9208.354043041478
0.2764675808695338,0.1770877210365998,-0.013864866850314074,15000,18495.762853876247
0.07498632668291193,0.14552270191458774,-0.01361309597304289,39000,12549.767112704283
0.0567270438764676,0.13436627833098932,-0.0040747524422124,10000,6029.591590125569
0.30466658438973576,0.14353513234303406,-0.008842792338040334,12000,14552.421047816675
0.30466658438973576,0.15007388146255074,-0.020713999299138395,28000,15674.647469510692
0.07823302695080049,0.15025459239091057,-0.0059058990947861165,15000,2149.416136534133
0.07498632668291193,0.1581812677374287,-0.01218293082060796,28000,9362.142291789198
0.3198999136092226,0.1518638124967992,-0.005010219944619047,8000,8044.38748849249
0.03096723983469186,0.15736813048520942,-0.018744844416423958,8000,9815.38693042659
0.30466658438973576,0.16709186560697017,-0.0032134145696559265,4000,8781.38100521925
0.30466658438973576,0.16985593855145176,-0.000989861644619336,6000,16949.69186366355
0.2764675808695338,0.15975739025530247,-0.01732390760093279,20000,9308.86605146799
0.07823302695080049,0.16762057319782747,-0.008211969783624764,12000,6379.779727401703
0.1896930846842057,0.1515452572595835,-0.020737396674402647,12000,9921.736099442112
0.07498632668291193,0.17349930609172134,-0.009109252736443444,39000,11428.776259500675
0.3198999136092226,0.15235250651431884,-0.013133011416170336,12000,5852.089204350804
0.07498632668291193,0.14871694796711998,-0.008669198759429434,12000,11428.776259500675
0.4722332058040905,0.16096001775882562,-0.005598937684386258,25000,8094.365808845958
0.06045829535513537,0.1806467708774436,-0.0026127818137922703,4000,9208.354043041478
0.2764675808695338,0.16065391623756894,1.9966404308842406e-06,15000,8781.38100521925
0.07823302695080049,0.15915606378386088,-0.005216932786371721,10000,8298.692961111445
0.03096723983469186,0.1606299528709378,-0.012099682751459813,15000,10588.791757848958
0.2764675808695338,0.14355535447186848,-0.0059481708079416945,39000,8094.365808845958
0.030709161363584057,0.1653114247890936,-0.01982703874039146,28000,12549.767112704283
0.0567270438764676,0.16397844400966466,-0.0030144292959281673,3000,18495.762853876247
0.0567270438764676,0.1618276694289785,0.0008809245790456746,5000,3982.1550627694223
0.16426813223584644,0.14939146324403335,-0.007008754486998937,5000,2641.9358544440147
0.07498632668291193,0.15612255437345368,-0.014652581180083767,6000,8867.27474861856
0.4722332058040905,0.18093244437842432,-0.015221843968052444,23000,9568.06133278347
0.07823302695080049,0.17519926959364748,-0.010537080111786135,10000,16949.69186366355
0.07823302695080049,0.1435338358706723,-0.0342001493837744,12000,12625.18983357999
0.0567270438764676,0.15314784567184578,-0.005968888442188795,25000,14929.56671203167
0.4722332058040905,0.16662205626910162,-0.01803251944607986,12000,7818.674849699402
0.3965352901233879,0.1846676420325153,-0.015023878271800033,20000,8044.38748849249
0.1589499598856141,0.15225172973036688,-0.005421983649744164,12000,3982.1550627694223
0.07823302695080049,0.1734100399541003,-0.003783084579813341,20000,9357.594394504782
0.06045829535513537,0.16521211411005618,-0.009252967050424917,20000,14929.56671203167
0.030709161363584057,0.17452797910500462,-0.009555939778135817,10000,7818.674849699402
0.3198999136092226,0.14630267886607223,-0.011411623381284014,3000,9968.772979815913
0.16426813223584644,0.18146704354476287,-0.005794035306307559,25000,5852.089204350804
0.4722332058040905,0.1623296311434031,-0.0019800860087144257,15000,5756.56884800299
0.1896930846842057,0.16558905803523608,-0.010818195460756564,4000,1932.7685273621282
0.1896930846842057,0.16000789880856778,-0.0065386193388925215,8000,3721.496251044161
0.2764675808695338,0.15983366214098238,-0.006487955185647839,10000,11428.776259500675
0.3965352901233879,0.1766579415011757,-0.009559401615424342,28000,9968.772979815913
0.0567270438764676,0.14280821700458857,-0.002820026845252722,7000,12549.767112704283
0.4722332058040905,0.171303801018833,-0.006501219491955605,22000,9568.06133278347
0.03096723983469186,0.15604700804736082,-0.030484057434124957,15000,12549.767112704283
0.3198999136092226,0.15200356241249255,-0.01096607290876266,5000,9568.06133278347
0.07823302695080049,0.16494084936897893,-0.002671279387576633,7000,12990.003729794424
0.3965352901233879,0.16158335189262416,-0.01858396800816656,10000,10124.162225871132
0.4722332058040905,0.162649830923144,-0.011116695817028564,28000,3180.534231222965
0.3965352901233879,0.170747523368126,-0.011331780287784086,23000,11428.776259500675
0.1589499598856141,0.14832141555127656,-0.015090364720652411,28000,12472.89232435155
0.06045829535513537,0.1545799185132335,0.001122358670335567,12000,12549.767112704283
0.3198999136092226,0.14371789327160742,-0.009675551656790727,39000,10124.162225871132
0.2764675808695338,0.15688318767811527,-0.013648029031533395,25000,12625.18983357999
0.030709161363584057,0.1750565702138592,-0.009581143532496861,15000,8266.360338630808
0.2764675808695338,0.15928365349787707,-0.010541975526255876,8000,5961.998200255187
0.30466658438973576,0.1694246218113265,-0.006165890709707422,23000,12308.705340727283
0.030709161363584057,0.1704845445140654,-0.006448195642986737,28000,9367.701460379212
0.07498632668291193,0.14960431658031134,-0.012302897009674154,5000,9208.354043041478
0.4722332058040905,0.1710493603752245,-0.00023320626983943998,15000,9308.86605146799
0.07498632668291193,0.16169360249700773,-0.015696499132454526,12000,8044.38748849249
0.30466658438973576,0.13918442147412174,-0.01675360826067959,10000,10868.15254697223
0.3965352901233879,0.14994943826436685,-0.00625189651932851,3000,8094.365808845958
0.07498632668291193,0.15206120161384476,-0.007643327400210961,10000,10124.162225871132
0.1589499598856141,0.16579873068267567,-0.009176663813753838,28000,9568.06133278347
0.07823302695080049,0.16291191809285385,0.0024124897377727984,10000,2641.9358544440147
0.06045829535513537,0.16163408362806286,-0.019242965903200435,7000,3721.496251044161
0.30466658438973576,0.1600615555046743,-0.0018367931994860496,20000,13439.594459895283
0.30466658438973576,0.16414294907593283,-0.004877257956672792,8000,13439.594459895283
0.4722332058040905,0.1447392785248816,-0.01335404478945684,5000,9367.701460379212
0.06045829535513537,0.17795115951802232,-0.014161067174139981,15000,12990.003729794424
0.3965352901233879,0.1623968697361294,-0.012083097352048607,25000,8044.38748849249
0.2764675808695338,0.13911112007545332,0.00992123679428096,5000,16949.69186366355
0.06045829535513537,0.16804910148633387,-0.010370066509324342,23000,4635.668443078176
0.03096723983469186,0.16190802372644333,-0.010645742308957375,20000,6111.439449623881
0.0567270438764676,0.15474758224947163,-0.017170111826387273,3000,9362.142291789198
0.3198999136092226,0.1439757344403929,-0.002148031698846027,28000,8266.360338630808
0.30466658438973576,0.1818444405159799,-0.010125865948058263,23000,7818.674849699402
0.30466658438973576,0.15394097769442552,-0.010831209208176675,8000,8980.724685620986
0.30466658438973576,0.1712477077326201,0.0011101240025109108,15000,18495.762853876247
0.03096723983469186,0.14367985379957604,-0.013209849575166913,10000,7818.674849699402
0.30466658438973576,0.14577636236586283,-0.011804343608000095,12000,4635.668443078176
0.4722332058040905,0.16983602079197677,-0.0025926033778533885,39000,8371.635549928305
0.07823302695080049,0.1488758666502249,0.005645314548682889,15000,8980.724685620986
0.30466658438973576,0.14805345980051612,-0.007815581447039293,7000,8980.724685620986
0.2764675808695338,0.13632407946185615,-0.003234068004113849,25000,6490.025297937499
0.1589499598856141,0.15630583159785402,0.00014024956167404438,15000,8980.724685620986
0.1589499598856141,0.16267201766524236,-0.013649241973559255,5000,2641.9358544440147
0.07823302695080049,0.16458437384767688,-0.004552192073004704,20000,9357.594394504782
0.030709161363584057,0.1445364521027914,-0.0011079026445483995,10000,14929.56671203167
0.030709161363584057,0.17124277087709416,-0.021900937692843417,15000,14552.421047816675
0.03096723983469186,0.15109127300038752,0.0001265232886306993,12000,1388.161926428812
0.07498632668291193,0.1692337044273176,-0.005644803833702109,20000,11428.776259500675
0.4722332058040905,0.14363923216974472,-0.021467667607361574,10000,12472.89232435155
0.06045829535513537,0.17121196069436398,-0.016745255998144873,15000,12625.18983357999
0.2764675808695338,0.17306242867800192,-0.007534417078586414,25000,9208.354043041478
0.1896930846842057,0.1551088544005786,-0.008797089265711922,5000,12990.003729794424
0.030709161363584057,0.1456063604499489,-0.008935419333784651,39000,5852.089204350804
0.16426813223584644,0.1341144482706049,-0.003963472458332913,22000,3982.1550627694223
0.0567270438764676,0.16200062262069787,-0.01112171928929473,10000,14552.421047816675
0.3198999136092226,0.14135423566609961,0.007953688875164748,22000,9367.701460379212
0.30466658438973576,0.1578633994312436,-0.016469696657024614,10000,12549.767112704283
0.030709161363584057,0.18013894492777335,-0.01584830062314147,23000,8054.929374637141
0.3965352901233879,0.16325614285610981,-0.014504845564389692,3000,1932.7685273621282
0.0567270438764676,0.14521602044624898,-0.012788102800286224,28000,9308.86605146799
0.4722332058040905,0.15741269961590332,-0.0181445229453375,10000,9357.594394504782
0.0567270438764676,0.16127867598564496,-0.016793099906709647,25000,7818.674849699402
0.3198999136092226,0.1501104690083112,-0.012706654783034644,25000,12625.18983357999
0.30466658438973576,0.15375557176828175,0.004117587952563091,3000,12308.705340727283
0.030709161363584057,0.14898894812726013,-0.014317549016166973,22000,15674.647469510692
0.1589499598856141,0.14820748439944348,-0.009628939184509785,10000,4635.668443078176
0.30466658438973576,0.1680095180159956,-0.004939951911351917,22000,8094.365808845958
0.30466658438973576,0.16012568781706404,-0.0008511848310932206,28000,9308.86605146799
0.2764675808695338,0.16865706031375455,0.007035209671584205,10000,7818.674849699402
0.0567270438764676,0.17225123807878198,-0.0023017183042642058,5000,12625.18983357999
0.07823302695080049,0.15950838323372463,-0.01936604701540606,10000,12472.89232435155
0.03096723983469186,0.16680365143487008,-0.022654146446978964,15000,11700.301792294806
0.07823302695080049,0.14233797496018247,-0.0026983461038548283,3000,11428.776259500675
0.1589499598856141,0.16778412243555116,0.009609598360518494,15000,6111.439449623881
0.07823302695080049,0.16260440266956624,-0.006551436876130503,6000,13439.594459895283
0.2764675808695338,0.16661028820885418,0.005047262539087052,5000,8094.365808845958
0.3198999136092226,0.1658708275561504,0.001658610226438489,10000,9968.772979815913
0.07823302695080049,0.1652216774583586,-0.01066497178787959,22000,11428.776259500675
0.3198999136092226,0.14914933552548382,-0.007085205860817261,7000,6490.025297937499
0.30466658438973576,0.1713415810444783,-0.018916368391864915,10000,9568.06133278347
0.4722332058040905,0.1333790756809883,-0.010836744909101564,15000,12549.767112704283
0.30466658438973576,0.15750242677411705,0.003449282921124939,20000,12308.705340727283
0.3965352901233879,0.1627743547518786,-0.021122597791292712,5000,6029.591590125569
0.4722332058040905,0.14349655272125716,-0.00824196288018436,3000,2641.9358544440147
0.0567270438764676,0.13502422541186934,-0.015050532728311071,10000,12308.705340727283
0.0567270438764676,0.1379986925708845,-0.013575048942338344,12000,9367.701460379212
0.06045829535513537,0.14770938746762127,-0.024261180667525407,20000,13439.594459895283
0.2764675808695338,0.16774686923201715,-0.014127885695579089,25000,6490.025297937499
0.07498632668291193,0.16019355642129748,-0.0068531843732983445,5000,7903.372032495086
0.3965352901233879,0.15394618177841646,0.00035477447954169235,10000,6029.591590125569
0.1896930846842057,0.16650886157688055,0.005192977063732196,12000,9815.38693042659
0.03096723983469186,0.16913261579073538,-0.004953971051794857,5000,9968.772979815913
0.2764675808695338,0.1608584805565347,-0.017016049616597653,10000,8044.38748849249
0.1589499598856141,0.13816762130110655,-0.012118142130998683,20000,16949.69186366355
0.3965352901233879,0.16056938336114973,-0.011111418284351185,5000,10124.162225871132
0.06045829535513537,0.16352058280086182,-0.013831462893885286,5000,11700.301792294806
0.06045829535513537,0.16238494111865615,0.008140947049199097,25000,12625.18983357999
0.1896930846842057,0.17661013955772217,-0.007651964247015154,3000,8094.365808845958
0.16426813223584644,0.14170456544069962,-0.010030519041493135,10000,12990.003729794424
0.30466658438973576,0.1419310389848095,0.0009749375368357937,25000,3180.534231222965
0.1589499598856141,0.15874689597058442,-0.010905264713152287,23000,6111.439449623881
0.030709161363584057,0.16072777004858754,-0.013544916660665816,10000,12625.18983357999
0.30466658438973576,0.15374266346446333,-0.00530342257966399,10000,8044.38748849249
0.1896930846842057,0.16800480512897276,0.0019297985001580724,28000,14088.177761028734
0.1896930846842057,0.14797459299111865,-0.01728671284416868,10000,8298.692961111445
0.0567270438764676,0.14576212848944733,-0.008953918093231133,5000,2641.9358544440147
0.07823302695080049,0.15514478147957297,-0.012836430785920465,12000,1944.8338863255753
0.07498632668291193,0.1609829319214094,-0.0036561068239991602,5000,9208.354043041478
0.1589499598856141,0.15378086017776588,-0.011639507736663524,5000,6490.025297937499
0.3965352901233879,0.17017799920130636,0.0019484300662687682,7000,18495.762853876247
0.1896930846842057,0.16254332391634205,-0.000914289685350274,25000,14929.56671203167
0.30466658438973576,0.150485474243593,-0.005797019148385281,28000,3982.1550627694223
0.30466658438973576,0.14480846627564528,0.0034189409676084748,10000,14929.56671203167
0.1589499598856141,0.14742041135744102,-0.006740149338198471,10000,9568.06133278347
0.030709161363584057,0.15549106444070523,0.0011398721816083682,10000,13439.594459895283
0.1589499598856141,0.16184770731010936,-0.021102430887792924,3000,8044.38748849249
0.07498632668291193,0.1411877870360856,0.004152558715024123,8000,6379.779727401703
0.30466658438973576,0.15117816090965872,-0.003767463019536008,3000,7818.674849699402
0.030709161363584057,0.1579440868300646,-0.014047197319479848,15000,9568.06133278347
0.3198999136092226,0.14281652399193986,-0.02008256505287179,15000,2149.416136534133
0.0567270438764676,0.14501789233105877,-5.7438123645546975e-05,4000,4635.668443078176
0.3198999136092226,0.17165696683263176,0.010182111221368705,25000,6490.025297937499
0.030709161363584057,0.165182894388618,-0.01269864482808351,25000,5852.089204350804
0.3198999136092226,0.1663689259483239,-0.020347005032572113,8000,5961.998200255187
0.07498632668291193,0.16109306447259683,-0.013004248658479043,10000,7818.674849699402
0.30466658438973576,0.18437541483968578,-0.012757413881269504,12000,7903.372032495086
0.4722332058040905,0.16525111874401105,-0.011874442347790806,8000,9968.772979815913
0.0567270438764676,0.15403685223036465,-0.009132427254136101,8000,6029.591590125569
0.1589499598856141,0.14290293686864894,0.000685825681200241,7000,13345.696517931832
0.1589499598856141,0.14866372959484,-0.007357650457997046,10000,2149.416136534133
0.3965352901233879,0.1798494156404727,-0.010489899034644982,10000,5756.56884800299
0.30466658438973576,0.15534751239750086,-0.015398779709933802,10000,5852.089204350804
0.30466658438973576,0.16151368899306304,-0.0033819744942424307,25000,6029.591590125569
0.0567270438764676,0.17441121906159357,-0.009529520232744003,3000,1944.8338863255753
0.3965352901233879,0.16563482167242458,-0.016005902367144827,7000,14088.177761028734
0.2764675808695338,0.14702278500805205,-0.020819072015042545,12000,12472.89232435155
0.1589499598856141,0.145316103755874,-0.010758950527819769,5000,3721.496251044161
0.06045829535513537,0.17172798500424927,-0.0022092447364588314,6000,9921.736099442112
0.3965352901233879,0.16116376056929857,-0.013124332990960552,25000,16949.69186366355
0.3965352901233879,0.15911026747848522,-0.00012447854804079915,20000,10588.791757848958
0.1896930846842057,0.14585616330241788,-0.009799714913610012,15000,9367.701460379212
0.1589499598856141,0.1687073108107219,0.00032133397357024524,10000,1932.7685273621282
0.07498632668291193,0.1597688969476908,-0.0024345901659045916,20000,1944.8338863255753
0.07823302695080049,0.14722168172622543,0.0034637310915320496,39000,6111.439449623881
0.030709161363584057,0.14962045832122578,-0.009498562067616755,7000,11428.776259500675
0.30466658438973576,0.1610186423674937,-0.01000200087723181,15000,9367.701460379212
0.07823302695080049,0.16881278373832911,-0.012408332268737566,4000,7903.372032495086
0.4722332058040905,0.13512522377346578,-0.002974162356913897,23000,6379.779727401703
0.03096723983469186,0.15256154568781616,-0.0048023091100263034,39000,3180.534231222965
0.06045829535513537,0.15197811716196113,-0.016138152844678393,10000,10588.791757848958
0.1589499598856141,0.16490358259821267,-0.017363887817197363,10000,8781.38100521925
0.3198999136092226,0.13842607942647533,-0.006892651307953579,39000,14552.421047816675
0.07498632668291193,0.14060806210782575,-0.01217957152400697,3000,1388.161926428812
0.03096723983469186,0.15787576015371974,-0.009366584459247889,20000,12549.767112704283
0.3965352901233879,0.1507362105844987,-0.014961623708899861,4000,12990.003729794424
0.07823302695080049,0.18019374405521152,-0.006807131916258664,15000,16949.69186366355
0.030709161363584057,0.16967435852184018,-0.010679421003878834,12000,8980.724685620986
0.4722332058040905,0.1647061491782019,-0.006497732214561323,5000,8298.692961111445
0.3198999136092226,0.16652684786342078,-0.010915600485575801,5000,1944.8338863255753
0.03096723983469186,0.15066555644281102,-0.007990358688795583,15000,12625.18983357999
0.3965352901233879,0.18249800227994872,-0.003216229913405846,3000,12625.18983357999
0.030709161363584057,0.13770432290205578,-0.016528816214311987,8000,8298.692961111445
0.03096723983469186,0.15160741259347038,-0.01848588329601323,10000,12308.705340727283
0.03096723983469186,0.18224982619634394,-0.015043470947569389,10000,2641.9358544440147
0.3965352901233879,0.1367805895089286,-0.0014477786188715727,6000,9357.594394504782
0.07823302695080049,0.17769453390327578,-0.006448364796537124,8000,11428.776259500675
0.03096723983469186,0.14089203404177936,-0.013037054669033495,25000,15182.209441928107
0.07823302695080049,0.14726277668590818,0.011303290770534711,15000,7818.674849699402
0.030709161363584057,0.16894855162078212,-0.006946893307817541,12000,12549.767112704283
0.0567270438764676,0.17842567134941045,-0.004009525303722036,20000,6379.779727401703
0.1896930846842057,0.147786099622932,-0.029568188175204287,8000,9362.142291789198
0.07498632668291193,0.16780311319090352,-0.009231217523138152,28000,9308.86605146799
0.1896930846842057,0.14699893190253954,-0.0028151844682690933,8000,8980.724685620986
0.06045829535513537,0.14667633859452034,-0.00815782288800104,12000,5961.998200255187
0.3965352901233879,0.18526237188254507,-0.0035113277283822385,10000,8781.38100521925
0.07498632668291193,0.16858697438122835,-0.003907461304160017,3000,13345.696517931832
0.1896930846842057,0.1652252732622176,-0.018331103931106697,12000,15674.647469510692
0.030709161363584057,0.15389692054739323,-0.0018532123929291525,10000,9568.06133278347
0.07823302695080049,0.14442546879781754,-0.0037544660160373474,5000,6379.779727401703
0.1589499598856141,0.17603084804469477,-0.00853547487086812,10000,2149.416136534133
0.0567270438764676,0.16772672570708871,-0.012524615810114614,12000,2149.416136534133
0.3198999136092226,0.16067319731440552,-0.01797212620022771,25000,9208.354043041478
0.07498632668291193,0.13534004099433655,-0.019948291594601517,8000,8980.724685620986
0.06045829535513537,0.17136351642638376,-0.015323264591494551,4000,10868.15254697223
0.07823302695080049,0.1495130606124017,-0.011419289103444976,8000,6111.439449623881
0.30466658438973576,0.15391346477934711,-0.009402030019100744,28000,4635.668443078176
0.1896930846842057,0.1614010741474869,-0.0007337388546215493,20000,5852.089204350804
0.1589499598856141,0.1589411746809743,-0.0050711658505650575,15000,8980.724685620986
0.1896930846842057,0.13836353596032516,-0.0036179933982056476,15000,1932.7685273621282
0.16426813223584644,0.1704574793998201,-0.008368212311243451,10000,6111.439449623881
0.3198999136092226,0.16385873161850462,-0.009159022236461374,25000,1932.7685273621282
0.07823302695080049,0.134916352829406,-0.01061328224986761,6000,8371.635549928305
0.1589499598856141,0.15155007089156636,-0.00763512256916842,22000,8980.724685620986
0.3198999136092226,0.147393770427147,-0.018962876169231466,20000,9357.594394504782
0.0567270438764676,0.13618056546535098,-0.006219319118645489,15000,6111.439449623881
0.03096723983469186,0.1631854854278104,-0.0059950400908314215,22000,1388.161926428812
0.0567270438764676,0.16283496493511157,-0.007803861757544496,5000,9367.701460379212
0.03096723983469186,0.15827377904060969,-0.024245180326843214,3000,2641.9358544440147
0.1589499598856141,0.15206339528812327,-0.01933849438823361,12000,2641.9358544440147
0.1896930846842057,0.1542793425647828,0.010080848183623814,28000,9568.06133278347
0.07823302695080049,0.16506134936213615,-0.0062523770026045,3000,9208.354043041478
0.1896930846842057,0.14521282406428704,-0.006221551679436327,4000,8980.724685620986
0.3965352901233879,0.15746337927752266,-0.015600076077382764,6000,2149.416136534133
0.3965352901233879,0.14082194033047205,-0.011198364861428617,20000,8371.635549928305
0.0567270438764676,0.15581562708814564,-0.01881457343659088,10000,11700.301792294806
0.030709161363584057,0.18321637796170587,0.00527221401561498,15000,5756.56884800299
0.1896930846842057,0.15521986727989656,-0.00831722216646376,3000,9568.06133278347
0.030709161363584057,0.16332128447872832,-0.01831061861319944,4000,3982.1550627694223
0.2764675808695338,0.16753711019984588,-0.031172623793506743,25000,13439.594459895283
0.0567270438764676,0.17514164119027661,-0.004506129243613176,20000,8266.360338630808
0.1896930846842057,0.16516922676086587,-0.010182109155125782,15000,14088.177761028734
0.07498632668291193,0.15397820090634481,-0.004173206924295721,10000,11700.301792294806
0.07823302695080049,0.13519909581700848,-0.017924461497057422,25000,12990.003729794424
0.03096723983469186,0.1526132362028622,-0.014691621382838254,7000,14088.177761028734
0.1896930846842057,0.15048464267542963,-0.001195472603014091,22000,8781.38100521925
0.3965352901233879,0.15400290264681185,-0.0036627807354198466,8000,10124.162225871132
0.1896930846842057,0.16053830920142098,-0.008909321674916926,15000,14929.56671203167
0.3965352901233879,0.14330983188551383,-0.005881869900096941,39000,8781.38100521925
0.03096723983469186,0.16589797290970676,-0.012501656033303122,10000,9968.772979815913
0.1589499598856141,0.17071887946713968,-0.014634414713571431,12000,13439.594459895283
0.4722332058040905,0.1444548137149375,-0.01597041524069656,15000,8094.365808845958
0.06045829535513537,0.15655889853450572,-0.01755160093148226,12000,8980.724685620986
0.1589499598856141,0.16284139446565948,-0.003763668052530303,10000,2149.416136534133
0.0567270438764676,0.15647853589051142,-0.01672340644658,10000,4635.668443078176
0.030709161363584057,0.16892068358809847,-0.00960277212828086,25000,15182.209441928107
0.2764675808695338,0.14561078412128967,-0.012805167050426171,15000,8867.27474861856
0.3965352901233879,0.16574847478977703,-0.011451170983823462,3000,11428.776259500675
0.06045829535513537,0.16672242163199816,0.007763596657067277,15000,7818.674849699402
0.4722332058040905,0.16429013939561785,-0.013031255561321606,20000,6111.439449623881
0.16426813223584644,0.164069809039468,-0.004894256444054729,25000,10868.15254697223
0.06045829535513537,0.14478331789181775,-0.009881490031625261,12000,8266.360338630808
0.030709161363584057,0.14665100069618303,-0.0036213051227991476,3000,15182.209441928107
0.07498632668291193,0.15515293823336493,-0.014607254577379027,10000,8266.360338630808
0.3198999136092226,0.170188609244183,-0.012555968813294557,20000,15182.209441928107
0.16426813223584644,0.17765341504198098,-0.008892897861374531,8000,12990.003729794424
0.4722332058040905,0.181374827499961,-0.0038905586752356765,7000,12625.18983357999
0.1589499598856141,0.1433256434910234,-0.009272149751010919,3000,9367.701460379212
0.1896930846842057,0.17128811394866725,-0.014245318160399159,4000,8044.38748849249
0.1589499598856141,0.1737939228687457,-0.006145124642153592,7000,2149.416136534133
0.0567270438764676,0.16821439278159614,-0.009876365375775194,15000,11700.301792294806
0.3198999136092226,0.14930784820359497,-0.00661511423910589,15000,2149.416136534133
0.07498632668291193,0.13579911631705927,0.0019037687663458285,15000,9968.772979815913
0.07498632668291193,0.13784435195349706,-0.014700452957507205,15000,15182.209441928107
0.07823302695080049,0.15023741961201678,0.0038701924039734837,15000,6379.779727401703
0.07498632668291193,0.1611821376036944,-0.016245595253830236,10000,1932.7685273621282
0.06045829535513537,0.1639160371082004,-0.014879874899417667,10000,14088.177761028734
0.03096723983469186,0.17669320995267235,0.0003353307348443604,6000,5756.56884800299
0.1589499598856141,0.16513337054990326,0.00637909829511126,8000,12990.003729794424
0.3965352901233879,0.14453407369013627,-0.0001464917815929204,5000,5756.56884800299
0.1589499598856141,0.1707354734235801,0.007560896791000199,20000,2955.6355296040556
0.30466658438973576,0.16780616339362275,0.0035922794406178936,10000,8044.38748849249
0.030709161363584057,0.13731195356718687,-0.008710829082467572,5000,6111.439449623881
0.0567270438764676,0.18456750663413085,0.0011892914443385504,10000,18495.762853876247
0.30466658438973576,0.1658911604691017,-0.008545930533721588,5000,8054.929374637141
0.2764675808695338,0.1675509171228193,-0.004730152131019502,10000,9308.86605146799
0.2764675808695338,0.1721441510148311,-0.015821896839431436,5000,16949.69186366355
0.30466658438973576,0.16952400073910392,-0.02095000346934719,8000,5852.089204350804
0.2764675808695338,0.16256905034323949,-0.009935896702490558,8000,15182.209441928107
0.30466658438973576,0.15739334276300762,-0.02185359357551429,28000,9968.772979815913
0.2764675808695338,0.1683640286404932,-0.001280868188172979,25000,12990.003729794424
0.3965352901233879,0.15211076012677294,-0.008585806352734988,39000,18495.762853876247
0.07498632668291193,0.13758444722280777,-0.0030419814412511884,25000,6111.439449623881
0.3965352901233879,0.1697398261631646,-0.004371762483726959,39000,4635.668443078176
0.4722332058040905,0.13816738258833142,-0.01974045379856236,22000,2641.9358544440147
0.3965352901233879,0.1530117915299939,0.0012671635085353644,8000,2955.6355296040556
0.0567270438764676,0.1673996026374415,-0.0034964773543354386,3000,2641.9358544440147
0.03096723983469186,0.1678722422872305,0.0023041804880098117,20000,10868.15254697223
0.030709161363584057,0.17012964346395446,-0.004817785501777759,15000,9208.354043041478
0.3198999136092226,0.17358121367113735,-0.015040285712832356,3000,9208.354043041478
0.3198999136092226,0.1491913673636245,-0.012614440347075722,4000,6111.439449623881
0.3198999136092226,0.18199628109859017,-0.00936797839061434,25000,12308.705340727283
0.4722332058040905,0.17874618462299116,-0.021535675345131674,15000,9921.736099442112
0.07498632668291193,0.1636057394923445,-0.006128903399569125,8000,15674.647469510692
0.030709161363584057,0.13846253472473435,-0.014981843902012534,15000,10588.791757848958
0.030709161363584057,0.1423984253180066,0.004366980684619563,5000,11700.301792294806
0.1896930846842057,0.16156365657638364,-0.010233409736128804,23000,10588.791757848958
0.30466658438973576,0.16404658766223415,-0.006875759508944837,10000,8371.635549928305
0.4722332058040905,0.13861289953094502,-0.011316901420824333,7000,7818.674849699402
0.2764675808695338,0.16612869229723876,-0.015993200387009462,25000,15182.209441928107
0.2764675808695338,0.1597067044010039,-0.02533295793398327,12000,8054.929374637141
0.030709161363584057,0.184297119443009,-0.005291509003005399,28000,1932.7685273621282
0.07498632668291193,0.13593388275622365,-0.013525703388553084,15000,13345.696517931832
0.07823302695080049,0.1608427201369121,-0.005900518155663128,20000,9367.701460379212
0.0567270438764676,0.15430057903768793,0.006004553496920674,6000,9815.38693042659
0.4722332058040905,0.15996907004133606,-0.008085194377070913,10000,8044.38748849249
0.16426813223584644,0.16104618322770284,-0.0034154298441440014,15000,5961.998200255187
0.3198999136092226,0.1848829582956668,-0.03236643409865006,15000,8781.38100521925
0.4722332058040905,0.18541401921558623,-0.0028638607890496886,4000,13345.696517931832
0.07498632668291193,0.1588856435309633,-0.009106608312949611,15000,9367.701460379212
0.4722332058040905,0.16207012237414734,-0.015186124102240435,12000,12990.003729794424
0.2764675808695338,0.1687112395811649,-0.007333899432587662,20000,18495.762853876247
0.07498632668291193,0.1732361082102133,-0.012764964052032323,10000,3982.1550627694223
0.0567270438764676,0.14885608218209528,-0.006677534270890889,15000,11428.776259500675
0.3965352901233879,0.16443675209115866,-0.007035346559309525,25000,6111.439449623881
0.3965352901233879,0.16442366960523647,-0.012326031360822167,10000,9921.736099442112
0.07823302695080049,0.16603726007280598,-0.01714565462542145,23000,8781.38100521925
0.07823302695080049,0.15977467375092205,-0.002388101888820293,3000,15182.209441928107
0.03096723983469186,0.18274454159563652,0.0013967977916523602,10000,8980.724685620986
0.16426813223584644,0.1595621152738728,-0.002226479808215721,22000,6379.779727401703
0.2764675808695338,0.1796747017220668,-0.015261745919863335,25000,8298.692961111445
0.07823302695080049,0.1443572019423996,0.0015123069586675433,10000,8298.692961111445
0.07823302695080049,0.16038806909145878,-0.010521884572016757,28000,10868.15254697223
0.30466658438973576,0.14903870901810107,-0.004422735256675827,5000,10868.15254697223
0.30466658438973576,0.14235440843568672,-0.008746395514200058,15000,11428.776259500675
0.1896930846842057,0.14447073702245683,-0.0018671691684202056,20000,9357.594394504782
0.16426813223584644,0.17223612126463494,0.00025592564912926705,7000,1944.8338863255753
0.30466658438973576,0.16330735716996586,-0.010856151812718115,3000,1944.8338863255753
0.16426813223584644,0.15274616587066023,-0.006063560432545836,6000,3982.1550627694223
0.3198999136092226,0.14845400399431474,-0.01568081435656799,15000,14088.177761028734
0.03096723983469186,0.1527495983375129,-0.0082836969054893,7000,15182.209441928107
0.16426813223584644,0.16083223476335812,0.0033145903380632272,25000,9208.354043041478
0.2764675808695338,0.16668596930924487,-0.018803408157001596,4000,8781.38100521925
0.1896930846842057,0.18214066730404424,-0.0017142349357192734,10000,10588.791757848958
0.1896930846842057,0.1688071878550797,-0.00903652432506182,8000,7818.674849699402
0.03096723983469186,0.1480620759573222,-0.0062817230995243474,15000,5852.089204350804
0.3965352901233879,0.16758130488842332,-0.011785083393489593,12000,13439.594459895283
0.2764675808695338,0.15583556249150277,-0.005847411726627246,10000,8094.365808845958
0.30466658438973576,0.1766464233121913,-0.010622228724800386,10000,8054.929374637141
0.0567270438764676,0.15201299784051542,-0.002157691158836206,25000,9357.594394504782
0.3965352901233879,0.14962201100367944,-0.0009105887129820477,6000,6029.591590125569
0.06045829535513537,0.178276137425944,-0.023236309864077317,8000,9968.772979815913
0.30466658438973576,0.1407979079580916,0.0014481391322359292,15000,6029.591590125569
0.4722332058040905,0.16570369517621705,-0.017366984044586854,15000,14552.421047816675
0.1896930846842057,0.14393771164336394,-0.028723592320966867,25000,9968.772979815913
0.1896930846842057,0.15552570321271003,-0.008728050167502213,25000,9362.142291789198
0.07823302695080049,0.1396960296476411,-0.008867192697079024,4000,13345.696517931832
0.06045829535513537,0.15826709067356814,0.0010907582665391955,6000,18495.762853876247
0.030709161363584057,0.15424375398419077,-0.0063579774563541636,5000,2955.6355296040556
0.03096723983469186,0.14426149900151572,-0.0021589183486012955,10000,1932.7685273621282
0.30466658438973576,0.13436254340324122,-0.019850944984720304,39000,12549.767112704283
0.07823302695080049,0.17770749433878147,0.0035162144086466176,10000,12990.003729794424
0.3198999136092226,0.1411614107145097,-0.0010736358911134036,3000,5852.089204350804
0.30466658438973576,0.14125024916553275,-0.009941256880127617,12000,14929.56671203167
0.1896930846842057,0.14599780263556975,-0.012788130477061538,7000,1388.161926428812
0.06045829535513537,0.145764226681197,-0.0030967411960383354,25000,10588.791757848958
0.0567270438764676,0.14578048165228202,-0.011065323987069534,25000,3721.496251044161
0.07823302695080049,0.14632492826016824,-0.00944769701565449,39000,9815.38693042659
0.1896930846842057,0.16894855824373964,-0.0007246468424128022,6000,12549.767112704283
0.1589499598856141,0.15662978591348586,-0.0076294992896211765,4000,7903.372032495086
0.03096723983469186,0.16408026486622365,-0.00746960437108162,20000,8867.27474861856
0.16426813223584644,0.17176672795453227,-0.007474173745250746,20000,7903.372032495086
0.030709161363584057,0.1737129204374726,0.007959630231586117,15000,9308.86605146799
0.3965352901233879,0.17332493289073286,-0.0005071301915039506,6000,12549.767112704283
0.07498632668291193,0.16279632596372587,0.00231833175242019,4000,8266.360338630808
0.1896930846842057,0.1530991181243531,-0.008963135907879245,3000,5961.998200255187
0.3965352901233879,0.15854096564803768,-0.008614048165041634,25000,6379.779727401703
0.07498632668291193,0.15659553503281762,-0.010071249672028314,5000,10868.15254697223
0.4722332058040905,0.14737036090446193,-0.021680147992915844,3000,1932.7685273621282
0.3198999136092226,0.1401553080624893,-0.007733509126451027,12000,5756.56884800299
0.16426813223584644,0.15622642882586812,-0.014124150617473135,22000,5961.998200255187
0.3198999136092226,0.16371416119416185,-0.009113436716847986,15000,1944.8338863255753
0.30466658438973576,0.15785027493554443,-0.01737528953125392,3000,3982.1550627694223
0.1589499598856141,0.15380004207846543,-0.007311084009963621,28000,8867.27474861856
0.4722332058040905,0.15883763658734418,-0.0008948212750954771,12000,12625.18983357999
0.1589499598856141,0.1420687842810555,-0.00014300980633901453,10000,9357.594394504782
0.1589499598856141,0.16991408901948132,-0.019640300182250627,4000,3721.496251044161
0.16426813223584644,0.13480474701620868,0.0022937143243954372,22000,6029.591590125569
0.07823302695080049,0.15672169333469385,-0.005514958677988858,25000,14552.421047816675
0.3198999136092226,0.13419224073316333,-0.011100951853390701,22000,14929.56671203167
0.07498632668291193,0.16086213179941244,-0.002901836010407632,7000,3982.1550627694223
0.1896930846842057,0.16985840642401032,-0.01843274124215366,10000,9362.142291789198
0.16426813223584644,0.16921262560436687,-0.00819038243122016,8000,8094.365808845958
0.06045829535513537,0.1801961200248468,-0.0029923984989056575,39000,9208.354043041478
0.1589499598856141,0.15794175443024977,-0.011884191377907949,6000,6111.439449623881
0.06045829535513537,0.14580078991444853,-0.008037967438372557,8000,11700.301792294806
0.3965352901233879,0.16614803101031664,0.0016477322178230103,23000,16949.69186366355
0.3965352901233879,0.18216853504387795,-0.019593671056197876,15000,12308.705340727283
0.03096723983469186,0.14729692414284404,0.011474129786172583,12000,8371.635549928305
0.2764675808695338,0.14778976804709593,-0.02484764505725549,10000,5852.089204350804
0.1896930846842057,0.16234788823091587,0.005916412762796099,15000,14929.56671203167
0.0567270438764676,0.15404497298726216,0.005264690949076372,25000,9367.701460379212
0.3965352901233879,0.1597318610220648,-0.019280198254783137,25000,9568.06133278347
0.3198999136092226,0.15122135907062184,-0.004282972138971322,28000,13345.696517931832
0.3198999136092226,0.15308690752719425,-0.008541960586946572,3000,11428.776259500675
0.16426813223584644,0.15062683209602845,0.001960941677386664,3000,12308.705340727283
0.030709161363584057,0.15576742534053306,-0.00854746182322302,4000,10868.15254697223
0.030709161363584057,0.13575818595123995,-0.018181992483830612,20000,4635.668443078176
0.16426813223584644,0.1673312634115159,-0.009436321735551124,12000,1932.7685273621282
0.1896930846842057,0.16002040407843696,-0.0002719409647777408,4000,4635.668443078176
0.2764675808695338,0.15235161153544732,-0.00508287767184459,7000,10124.162225871132
0.4722332058040905,0.1547134868303898,-0.0017223746428813964,3000,9921.736099442112
0.2764675808695338,0.17105483578016872,-0.0046176723339821455,10000,3180.534231222965
0.030709161363584057,0.15767845193351276,-0.005620950142725041,5000,3180.534231222965
0.16426813223584644,0.18473437351665103,-0.006690449859424041,23000,11428.776259500675
0.030709161363584057,0.14515544030442412,-0.018647811055689207,6000,7818.674849699402
0.1896930846842057,0.15714487395191215,-0.002737089493363886,6000,14929.56671203167
0.030709161363584057,0.18192454913291747,0.007074958306285703,23000,9968.772979815913
0.4722332058040905,0.16819736642241187,-0.011656806305615365,25000,5852.089204350804
0.1589499598856141,0.15039444072147584,-0.01777367262706575,4000,9308.86605146799
0.1896930846842057,0.13781747384479007,-0.011645226573773489,5000,9968.772979815913
0.30466658438973576,0.1442915445289694,-0.014778670568765676,22000,12549.767112704283
0.07498632668291193,0.1413879940003013,-0.006319032741237781,12000,6111.439449623881
0.0567270438764676,0.17888453510715083,-4.501424367809965e-05,10000,11428.776259500675
0.1896930846842057,0.17887618978507097,0.0004204491169178991,3000,12549.767112704283
0.30466658438973576,0.1728887343804587,-0.011914583716957302,15000,15674.647469510692
0.3198999136092226,0.15079524359707758,-0.006433578337887064,5000,13345.696517931832
0.3965352901233879,0.14429468167487497,-0.00977649532159366,25000,8044.38748849249
0.03096723983469186,0.14602607278298138,-0.0130668734455097,39000,8298.692961111445
0.30466658438973576,0.14701117688100127,-0.005392731139520648,12000,6029.591590125569
0.07498632668291193,0.14405936655897383,-0.0059109907142968175,39000,15182.209441928107
0.16426813223584644,0.1359806231814535,-0.010355501886500954,3000,12472.89232435155
0.07823302695080049,0.15855448527071817,-0.006941522458757199,20000,5852.089204350804
0.07823302695080049,0.13692732844264902,-0.021807384078033246,3000,6111.439449623881
0.07498632668291193,0.17263298626551218,-0.027229931991415223,3000,13439.594459895283
0.07498632668291193,0.1527972885227767,-0.014645248317495124,23000,8094.365808845958
0.30466658438973576,0.138580268738967,0.0012267430565361115,23000,8094.365808845958
0.3965352901233879,0.1499771628535431,-0.005792328359157882,5000,9921.736099442112
0.3965352901233879,0.14728676508325436,-0.010796116045454218,3000,8044.38748849249
0.030709161363584057,0.15457246479511935,-0.006224169486650306,28000,12549.767112704283
0.03096723983469186,0.1375397512931736,0.005169673406889423,5000,3721.496251044161
0.06045829535513537,0.14851977469082256,-0.013924780070594668,10000,2149.416136534133
0.3965352901233879,0.13771624240171668,-0.00790901701514149,25000,13345.696517931832
0.07498632668291193,0.16252658136362927,-0.004200167056947142,6000,5852.089204350804
0.0567270438764676,0.14737419762765988,-0.01671200962855927,4000,18495.762853876247
0.03096723983469186,0.18150311706010766,-0.00680623961739972,10000,8094.365808845958
0.1896930846842057,0.16171426195652444,-0.024195193955911805,12000,9367.701460379212
0.2764675808695338,0.17166190858892638,0.0033253520995491005,20000,9357.594394504782
0.07498632668291193,0.15571124363040795,0.0031387536967538354,12000,2641.9358544440147
0.0567270438764676,0.1599336758367899,-0.017045002440384628,25000,10124.162225871132
0.07823302695080049,0.1596708219204932,-0.0036233590867714304,15000,15674.647469510692
0.03096723983469186,0.16263567670527407,-0.008037890472619926,10000,7818.674849699402
0.1896930846842057,0.15616168555013563,-0.0014242708525442954,10000,10588.791757848958
0.4722332058040905,0.14476056751321592,-0.004039990477313695,15000,13439.594459895283
0.07823302695080049,0.15157627883154218,-0.0050013625457246205,25000,12990.003729794424
0.03096723983469186,0.14485412355619104,-0.01597372692489051,7000,8054.929374637141
0.1896930846842057,0.15494549939116323,-0.02437179893735727,15000,8298.692961111445
0.07498632668291193,0.1450483724762862,0.0047395246287041965,39000,2641.9358544440147
0.4722332058040905,0.16861052489763276,-0.004279321241854743,3000,2149.416136534133
0.3198999136092226,0.17974684679143904,-0.011769471868165878,22000,1944.8338863255753
0.0567270438764676,0.15696795095630295,-0.0009124853058131732,10000,7903.372032495086
0.07498632668291193,0.15370536113293154,-0.008201649311274258,12000,8781.38100521925
0.06045829535513537,0.15640149732053552,-0.012023619653265425,12000,5961.998200255187
0.3198999136092226,0.16283005469884104,0.001141720328102564,15000,6379.779727401703
0.030709161363584057,0.13568985294347263,-0.006143054335162614,20000,1944.8338863255753
0.16426813223584644,0.15159612538987607,-0.006163271132364843,10000,12990.003729794424
0.1589499598856141,0.1438669000428281,-0.019068950883633928,7000,9308.86605146799
0.2764675808695338,0.14786990675684528,0.001117122166883077,10000,9921.736099442112
0.2764675808695338,0.1626646411473225,-0.004315522304218838,10000,9362.142291789198
0.3965352901233879,0.1417846828927777,-0.003574657729912016,22000,9308.86605146799
0.1896930846842057,0.17689478582439946,-0.023270754676850757,15000,1388.161926428812
0.3198999136092226,0.13830459260877864,-0.008670234444658647,15000,12625.18983357999
0.4722332058040905,0.15042607947863557,-0.008754405939428129,10000,12990.003729794424
0.030709161363584057,0.14879846862473367,-0.0048865593146587205,3000,3180.534231222965
0.03096723983469186,0.1565053519813697,-0.012529955488807124,10000,12990.003729794424
0.030709161363584057,0.17156294931581512,0.009505297722977602,4000,8781.38100521925
0.1896930846842057,0.16944236277521188,-0.009484211294231295,10000,9568.06133278347
0.03096723983469186,0.16478279847621288,0.00036350069152077716,8000,6379.779727401703
0.03096723983469186,0.15627539603671958,-0.010994304538098174,10000,15182.209441928107
0.3198999136092226,0.15781524969156352,-0.014901322886326581,25000,6490.025297937499
0.03096723983469186,0.14681739841899513,-0.01058311743358521,6000,7818.674849699402
0.2764675808695338,0.17408244991940125,-0.00419472994928544,15000,9367.701460379212
0.03096723983469186,0.16840350931452,-0.007170595132183462,10000,8054.929374637141
0.4722332058040905,0.14792761853071426,-0.003771276827476613,3000,18495.762853876247
0.03096723983469186,0.1590582406198962,-0.008671994424282537,25000,9367.701460379212
0.06045829535513537,0.14192658803248662,-0.008833718896491972,10000,8094.365808845958
0.3198999136092226,0.16235458017385135,-0.0051934140462971574,23000,7903.372032495086
0.30466658438973576,0.13980455011802942,-0.0062229802806341135,3000,9367.701460379212
0.3965352901233879,0.15449128476752153,-0.016134001245693495,22000,8298.692961111445
0.030709161363584057,0.16903177330401398,-0.005457008642420971,8000,7903.372032495086
0.0567270438764676,0.15474443727790735,0.0034109174287870296,12000,8781.38100521925
0.1896930846842057,0.16032623713051516,0.001183597169716862,23000,10868.15254697223
0.2764675808695338,0.17441031101788101,-0.013447707103630368,25000,8980.724685620986
0.1896930846842057,0.14794794303678854,-0.0056204710224184344,12000,8867.27474861856
0.16426813223584644,0.16203832194363255,-0.015852038468793635,25000,9968.772979815913
0.030709161363584057,0.14794789488182597,-0.0152899637639477,5000,9568.06133278347
0.07498632668291193,0.1557928751966623,-0.002425340726930876,25000,9367.701460379212
0.3965352901233879,0.15642666880799652,-0.01475565195643102,5000,8094.365808845958
0.3198999136092226,0.149906913646322,-0.0047292395758912215,28000,5852.089204350804
0.03096723983469186,0.14247414589613616,-0.004082662480099512,10000,1388.161926428812
0.1589499598856141,0.13696825852022748,-0.001771104471086289,25000,8980.724685620986
0.06045829535513537,0.14877890214373082,-0.01308061569939262,15000,6379.779727401703
0.030709161363584057,0.13329107612638,-0.024056203024650103,8000,15182.209441928107
0.1896930846842057,0.14990691003606418,-0.0001508367925581711,25000,1388.161926428812
0.2764675808695338,0.17381010291633178,-0.008398129017208709,12000,8980.724685620986
0.1589499598856141,0.1473194697819254,-0.019832932197822555,28000,9357.594394504782
0.16426813223584644,0.168108358556049,-0.024453944003008616,10000,1932.7685273621282
0.3965352901233879,0.16580271192583113,-0.01357619036104558,5000,10124.162225871132
0.3198999136092226,0.1650987054306611,0.012376473803051534,8000,1944.8338863255753
0.3965352901233879,0.17643564772716844,0.003557966428334476,20000,11428.776259500675
0.16426813223584644,0.1625617056847201,-0.011902490986806447,15000,9921.736099442112
0.3198999136092226,0.1711272151123926,-0.01753629352596898,15000,2149.416136534133
0.3198999136092226,0.16342426059671508,-0.014583758842661425,10000,9968.772979815913
0.03096723983469186,0.16048544902920373,-0.002705878618318249,3000,5756.56884800299
0.1589499598856141,0.18417722937535158,-0.015672274489310557,20000,9367.701460379212
0.1896930846842057,0.17797067341785644,-0.006972959543768152,15000,8054.929374637141
0.03096723983469186,0.162930571085472,-0.01570354989190681,12000,8298.692961111445
0.1589499598856141,0.1611452288030023,-0.016131663707748916,23000,6379.779727401703
0.16426813223584644,0.1710584713838699,0.00022193084284251078,10000,15674.647469510692
0.4722332058040905,0.14717179455776538,-0.006768566251173091,12000,11428.776259500675
0.4722332058040905,0.15904211225914594,-0.008108831214925097,25000,7818.674849699402
0.1589499598856141,0.1621202497687344,-0.01664898195011532,8000,5852.089204350804
0.07498632668291193,0.15083567146512764,-0.004916412436834266,10000,16949.69186366355
0.3198999136092226,0.14539805433065303,-0.006588073859057681,20000,12990.003729794424
0.06045829535513537,0.15648959675265314,-0.012600518669411826,3000,12990.003729794424
0.3965352901233879,0.15341255157272177,-0.014042721207956093,22000,12549.767112704283
0.30466658438973576,0.15277178409926623,0.004161102865353624,8000,14088.177761028734
0.4722332058040905,0.1355176026409758,0.001605670046137682,22000,10588.791757848958
0.0567270438764676,0.15026125851695574,0.0009074267374125332,12000,8781.38100521925
0.3965352901233879,0.16189646193315105,-0.01269929116165211,25000,18495.762853876247
0.0567270438764676,0.1633971381386851,-0.014190746412243072,10000,3721.496251044161
0.030709161363584057,0.1601393002300554,-0.01872804339090002,8000,5756.56884800299
0.3198999136092226,0.15912892070746373,0.011600102205989683,25000,9568.06133278347
0.2764675808695338,0.16328395781035532,-0.006064062679328933,10000,3982.1550627694223
0.06045829535513537,0.15398544703044642,-0.0018154049310158177,7000,1932.7685273621282
0.06045829535513537,0.1512619032876077,-0.020556179259337583,3000,12549.767112704283
0.1589499598856141,0.1500364977798498,-0.00040764906266871755,20000,12549.767112704283
0.06045829535513537,0.16876963482762591,-0.010252564581809058,10000,8781.38100521925
0.1896930846842057,0.15881327379863336,-0.010414112529043508,39000,9357.594394504782
0.06045829535513537,0.13710795474410165,-0.0007411919699315718,10000,1944.8338863255753
0.3965352901233879,0.14805014773173097,-0.003644175525517871,7000,1944.8338863255753
0.3965352901233879,0.1647296901834792,-0.012257289438531025,10000,12549.767112704283
0.4722332058040905,0.1522549328731075,-0.00034849064566091174,20000,9308.86605146799
0.1896930846842057,0.16758451593963072,-0.013082384496113483,10000,9367.701460379212
0.06045829535513537,0.14232733385306193,-0.020178660407404417,28000,14929.56671203167
0.030709161363584057,0.13647171589163606,-0.005489537409688333,3000,6111.439449623881
0.07498632668291193,0.15471114772581485,0.0015945965378271886,15000,8781.38100521925
0.06045829535513537,0.1535030870352694,-0.012811957802489542,25000,13345.696517931832
0.2764675808695338,0.15605361549485453,-0.01223015146156053,25000,8044.38748849249
0.06045829535513537,0.1609176658250209,-0.008248787073127125,25000,8044.38748849249
0.07823302695080049,0.16088090113985412,-0.00894888764531821,5000,13439.594459895283
0.2764675808695338,0.16416543765017985,-0.017102438378338972,8000,12549.767112704283
0.4722332058040905,0.1507666103569275,-0.028609313784300185,15000,10588.791757848958
0.07498632668291193,0.15273780997826625,-0.01377245278158964,20000,1932.7685273621282
0.03096723983469186,0.1454422141698807,-0.01928073437643237,25000,1944.8338863255753
0.1589499598856141,0.14794251343416306,-0.014996757904461502,25000,3982.1550627694223
0.3198999136092226,0.14996431984415096,-0.013700762884991297,20000,4635.668443078176
0.30466658438973576,0.153646793758362,-0.00864872182810898,5000,8054.929374637141
0.30466658438973576,0.1360126300233157,-0.0090434155741838,10000,7818.674849699402
0.16426813223584644,0.15957725067683684,-0.004529913578502686,23000,14929.56671203167
0.1896930846842057,0.15839589558247802,-0.01346817498382068,23000,2149.416136534133
0.1896930846842057,0.14333855907746298,-0.01954312559733076,7000,9815.38693042659
0.16426813223584644,0.16508713502117975,-0.003984003427330246,5000,12308.705340727283
0.07823302695080049,0.14501925318489808,-0.01028825964018539,25000,16949.69186366355
0.1589499598856141,0.155813638635458,-0.0062135129607252424,20000,9568.06133278347
0.30466658438973576,0.1617505062448441,0.0034171711455037745,39000,7818.674849699402
0.07823302695080049,0.14067246649879064,-0.022735892189517375,39000,11428.776259500675
0.030709161363584057,0.15052017792522127,-0.006041602363550527,6000,8054.929374637141
0.030709161363584057,0.1436250909365221,-0.011544685890241381,28000,9208.354043041478
0.2764675808695338,0.15073052684388588,-0.021085732175261968,15000,9968.772979815913
0.0567270438764676,0.15028453527858956,-0.010049753454328073,25000,11700.301792294806
0.030709161363584057,0.14125691819579173,-0.014251259529003047,15000,5756.56884800299
0.16426813223584644,0.1537738275809361,-0.012214826924439719,23000,11700.301792294806
0.06045829535513537,0.15417013787645817,-0.02208368252303596,10000,6111.439449623881
0.4722332058040905,0.18311466304546628,-0.009321659397890885,25000,8044.38748849249
0.06045829535513537,0.16441491851445456,-0.006387833115951208,15000,14929.56671203167
0.3965352901233879,0.16147612011050153,-0.004209624693220718,10000,5756.56884800299
0.16426813223584644,0.1721974760029804,-0.011608930697680122,6000,15182.209441928107
0.07823302695080049,0.15537028432615294,-0.0037680359740422786,39000,18495.762853876247
0.07498632668291193,0.16302544266239424,-0.012548202975886503,39000,9208.354043041478
0.07823302695080049,0.1596941640206356,0.0019058590307302454,39000,13345.696517931832
0.30466658438973576,0.16382935034954138,-0.011542759892461889,5000,8094.365808845958
0.4722332058040905,0.15163531012456222,-0.014332518670496078,25000,9208.354043041478
0.1589499598856141,0.1417362834366818,-0.011190012157677173,25000,18495.762853876247
0.0567270438764676,0.15435361668816036,-0.021326009421303808,15000,2149.416136534133
0.07498632668291193,0.15314941372828997,-0.011536088190904832,15000,10588.791757848958
0.07823302695080049,0.15461833625620827,-0.014198614295070655,15000,13345.696517931832
0.4722332058040905,0.16467109619413506,-0.007424572364846313,15000,12549.767112704283
0.1896930846842057,0.143506678460789,-0.008288214177562155,15000,7818.674849699402
0.1589499598856141,0.17863511703632437,0.002995322797287049,5000,11428.776259500675
0.16426813223584644,0.1680828518726256,-0.0034389184243436566,5000,12990.003729794424
0.0567270438764676,0.15681856963138072,0.006750408582816749,15000,10588.791757848958
0.16426813223584644,0.15742447546744,-0.012176392534050255,28000,9367.701460379212
0.3198999136092226,0.1593640564844149,-0.008165085921042389,20000,9367.701460379212
0.3198999136092226,0.1675273672591584,-0.01529312628237034,3000,8980.724685620986
0.06045829535513537,0.18197014445335152,-0.016936083892450878,10000,12549.767112704283
0.07498632668291193,0.16980562847761016,0.00387757151572872,12000,10588.791757848958
0.07823302695080049,0.1662642540439086,-0.01136505526598003,8000,8054.929374637141
0.030709161363584057,0.14556254072982172,-0.005836407503831945,25000,6379.779727401703
0.3965352901233879,0.15297053718182965,-0.00808220345852204,25000,8371.635549928305
0.030709161363584057,0.13909513444338453,-0.008734607552189145,23000,6111.439449623881
0.03096723983469186,0.15627319130563117,-0.006423804980398081,8000,8044.38748849249
0.3198999136092226,0.1454010932502341,-0.0014779356816486697,15000,9208.354043041478
0.2764675808695338,0.15183626288804744,-0.016566902827354135,20000,9568.06133278347
0.1589499598856141,0.18132754280683133,-0.007861171292829159,4000,12549.767112704283
0.3965352901233879,0.1641848229694272,-0.012164530344819456,12000,9357.594394504782
0.3965352901233879,0.15567203432276722,-0.012007845325993931,39000,9921.736099442112
0.07823302695080049,0.1774536901069259,-0.008443330372899379,20000,3982.1550627694223
0.1896930846842057,0.16979789641759957,-0.010637327635239084,5000,10588.791757848958
0.07498632668291193,0.14544472769979985,-0.007204299905560995,8000,15674.647469510692
0.2764675808695338,0.14562237212154286,-0.009772236089380475,8000,2955.6355296040556
0.16426813223584644,0.17040101125473348,-0.008665620587096651,5000,1944.8338863255753
0.1589499598856141,0.16326620081097967,-0.006124655291163495,8000,12472.89232435155
0.07498632668291193,0.18424066536843142,-0.009008278173458771,15000,3982.1550627694223
0.07823302695080049,0.15731519623051546,-0.020078879391155303,39000,8094.365808845958
0.2764675808695338,0.16216218891433629,-0.011103534591498768,12000,9815.38693042659
0.16426813223584644,0.1775744262471266,-0.004808606753218466,7000,13439.594459895283
0.07823302695080049,0.15490112658187524,-0.0069004107868676,20000,9815.38693042659
0.3198999136092226,0.15795955146546822,-0.0033913551704971667,15000,1388.161926428812
0.1896930846842057,0.16811682126627514,-0.010942023057707669,5000,12472.89232435155
0.3198999136092226,0.16966053281262933,-0.008321432296000863,25000,8781.38100521925
0.3198999136092226,0.1487411986554653,-0.00731022447178535,23000,8371.635549928305
0.2764675808695338,0.18197939255756082,-0.00657479368596265,4000,6490.025297937499
0.16426813223584644,0.18335618102656165,-0.0053647558296025105,22000,15674.647469510692
0.06045829535513537,0.15974796050161738,-0.012189994769880549,23000,6490.025297937499
0.4722332058040905,0.16133222839035555,-0.006500237239147546,6000,2641.9358544440147
0.03096723983469186,0.15058434719642255,-0.004620884686904175,15000,9815.38693042659
0.1896930846842057,0.14531480472936265,-0.004188405911642811,15000,14552.421047816675
0.03096723983469186,0.15901565719405023,-0.007122041204973332,10000,8094.365808845958
0.2764675808695338,0.15333076781566038,-0.006142888340234439,25000,7818.674849699402
0.16426813223584644,0.14344652462515925,-0.008202777874168938,25000,2641.9358544440147
0.1896930846842057,0.16891788583653264,-0.012919496249440915,8000,8044.38748849249
0.2764675808695338,0.15653363482180682,-0.01601681504218367,8000,1932.7685273621282
0.16426813223584644,0.1658506451702743,-0.002931923212540955,8000,11428.776259500675
0.3198999136092226,0.1562967428344887,-0.00294889818549995,20000,6490.025297937499
0.030709161363584057,0.15652050002433135,-0.00034456331740135155,5000,12472.89232435155
0.30466658438973576,0.16400437296307926,0.0022984041896307113,7000,9921.736099442112
0.1589499598856141,0.1576057550544612,-0.0035919478354132822,3000,2641.9358544440147
0.16426813223584644,0.15632585238035768,-0.014973247876769272,4000,9357.594394504782
0.07823302695080049,0.16158545632772056,-0.0030954775312234868,23000,1932.7685273621282
0.07823302695080049,0.16816269373138665,-0.0207530142523097,22000,6490.025297937499
0.030709161363584057,0.16695489657707907,0.0024960078437589826,25000,8094.365808845958
0.07823302695080049,0.1479180398842214,-0.018119177901115936,25000,13345.696517931832
0.16426813223584644,0.18243977019247945,-0.012441806949707389,3000,9815.38693042659
0.0567270438764676,0.18410653189391668,-0.008732438041837797,5000,13439.594459895283
0.4722332058040905,0.14824440337166012,-0.004242008163797527,7000,11700.301792294806
0.16426813223584644,0.16000409484608769,-0.0040362375678321275,15000,12549.767112704283
0.2764675808695338,0.17703184911273315,-0.009999683220703782,22000,12990.003729794424
0.06045829535513537,0.17110726494681336,0.00013148575068602672,20000,2641.9358544440147
0.030709161363584057,0.16716413337735367,0.0014307486409687637,10000,4635.668443078176
0.1589499598856141,0.16971946567842622,-0.012823052285518376,23000,6029.591590125569
0.07823302695080049,0.1597518856242202,-0.015939630921344934,8000,10588.791757848958
0.07823302695080049,0.17055444349750076,-0.01359971689757866,5000,10868.15254697223
0.030709161363584057,0.16574169811158923,0.00014585563344703717,20000,15182.209441928107
0.1896930846842057,0.15503445848726088,-0.011555109786734375,20000,8044.38748849249
0.16426813223584644,0.17236772838168968,-0.011212759695585108,8000,6379.779727401703
0.030709161363584057,0.15064507930119805,0.001485929210883197,20000,1932.7685273621282
0.3198999136092226,0.15234339282193074,0.0011503558574018284,15000,4635.668443078176
0.1589499598856141,0.1496690130148893,-0.011639734531138785,8000,9815.38693042659
0.03096723983469186,0.14491021154456432,-0.010327524958712052,10000,9921.736099442112
0.06045829535513537,0.14443148048434704,-0.02069210630129567,3000,12308.705340727283
0.3198999136092226,0.1687281379893503,-0.013899443161845534,10000,10124.162225871132
0.1589499598856141,0.16822598845598152,-0.007644136282533224,10000,5756.56884800299
0.030709161363584057,0.15532278609124384,-0.02276363041330461,25000,11700.301792294806
0.030709161363584057,0.16237852306863282,-0.0015167716426001817,25000,8044.38748849249
0.4722332058040905,0.16406097282984394,-0.011092362250709122,12000,12625.18983357999
0.0567270438764676,0.13892282405360895,-0.01444616210678411,25000,2641.9358544440147
0.30466658438973576,0.152248193358425,-0.008566679757713006,8000,6379.779727401703
0.1589499598856141,0.13508786883410004,-0.01436989619563628,10000,6111.439449623881
0.03096723983469186,0.14239464395852644,-0.014329867408003882,15000,9357.594394504782
0.1896930846842057,0.16202833986776152,-0.011618247942115531,25000,2641.9358544440147
0.030709161363584057,0.15233891597787455,0.006029222483310639,5000,5961.998200255187
0.0567270438764676,0.1630141668870403,-0.019297575646363925,39000,9568.06133278347
0.03096723983469186,0.15399450213118687,-0.01845785404258043,25000,11428.776259500675
0.1589499598856141,0.1481983614880094,0.002815048859171723,10000,9921.736099442112
0.07823302695080049,0.16786101039354334,-0.014464033307363143,15000,8094.365808845958
0.4722332058040905,0.1688526128794079,-0.020292606234528606,15000,2955.6355296040556
0.1896930846842057,0.16965372153197633,0.0002027709854978213,25000,9815.38693042659
0.30466658438973576,0.1726332293339699,-0.02142132645396048,5000,7818.674849699402
0.07498632668291193,0.16637504125337693,-0.013650409285307778,25000,9568.06133278347
0.3198999136092226,0.1458087023048625,-1.863993586805335e-05,7000,12549.767112704283
0.16426813223584644,0.15323486344060933,-0.013823555187371345,25000,5756.56884800299
0.1896930846842057,0.16558617702759135,-0.004762035505295701,3000,5852.089204350804
0.1589499598856141,0.1661547481023131,-0.0056475113387338466,15000,5852.089204350804
0.30466658438973576,0.14956484734075487,-0.0009203905300340666,20000,2149.416136534133
0.2764675808695338,0.16856101599283801,-0.006390726294482399,4000,9921.736099442112
0.1589499598856141,0.155049521714503,-0.007796262087108717,20000,10124.162225871132
0.07498632668291193,0.16605973881880834,0.002137184532071009,25000,13439.594459895283
0.1589499598856141,0.13758230537253416,-0.014884655972604587,12000,10588.791757848958
0.30466658438973576,0.16837384267597094,-0.012346608772163889,15000,9357.594394504782
0.0567270438764676,0.14710795863494833,-0.01601823122773257,8000,10124.162225871132
0.0567270438764676,0.16875709220409263,-0.014702960934168478,20000,8781.38100521925
0.2764675808695338,0.16637612408841648,-0.007204995867621441,20000,5852.089204350804
0.07823302695080049,0.15046331735780025,-0.0212740404420218,22000,15182.209441928107
0.30466658438973576,0.16868480532171926,-0.011741315040372206,20000,15182.209441928107
0.1589499598856141,0.16059274352611938,-0.004475302793608231,28000,8094.365808845958
0.16426813223584644,0.15627452016332327,-0.013420460445939413,25000,6490.025297937499
0.3198999136092226,0.1440726960079957,-0.007485952488082301,5000,9208.354043041478
0.1589499598856141,0.16451176758130576,-0.00022884133642950806,39000,8781.38100521925
0.07823302695080049,0.15082913928272146,0.0014467106979146036,15000,9968.772979815913
0.3198999136092226,0.17673662051962133,-0.014341815918227805,10000,9968.772979815913
0.1589499598856141,0.14261579902892968,-0.002724759910640338,3000,9568.06133278347
0.030709161363584057,0.17050658118688225,-0.007514591454701377,5000,12472.89232435155
0.30466658438973576,0.15519415661842945,-0.011318923831706013,20000,3180.534231222965
0.3198999136092226,0.16526313510362609,-0.011351624933712974,5000,15182.209441928107
0.16426813223584644,0.1480131153765282,-0.01695644248759593,10000,12625.18983357999
0.07823302695080049,0.17113259755575247,0.0027688976240160135,7000,1388.161926428812
0.3198999136092226,0.15890170793511996,-0.002036058305027449,4000,12308.705340727283
0.3965352901233879,0.1570188303568744,-0.010709638059461471,22000,12472.89232435155
0.030709161363584057,0.17486728138572966,-0.014215210139367503,25000,8980.724685620986
0.3965352901233879,0.18219537881343387,0.00014937779833494914,15000,12472.89232435155
0.1589499598856141,0.17341290529129197,-0.0062188890717592505,8000,10588.791757848958
0.07823302695080049,0.15684028213980578,-0.0069234974571515204,7000,3721.496251044161
0.03096723983469186,0.15546891393767048,-0.013567114291955128,25000,11428.776259500675
0.030709161363584057,0.15549899329401204,-0.004473346499238083,20000,5756.56884800299
0.07823302695080049,0.15446859051765824,-0.002985948138917808,3000,12308.705340727283
0.03096723983469186,0.1355770379743003,-0.0022400951958074676,8000,3982.1550627694223
0.2764675808695338,0.16370788316976634,-0.010148263646943488,3000,2641.9358544440147
0.07498632668291193,0.1591785339680283,-0.00787365229046611,7000,11428.776259500675
0.06045829535513537,0.14157199510613672,-0.007313758656020505,5000,9308.86605146799
0.07498632668291193,0.14883239114057098,-0.007832723802305432,25000,11700.301792294806
0.07498632668291193,0.1503701010655085,-0.006436441764976672,23000,14929.56671203167
0.16426813223584644,0.1622018065785599,-0.00793769589981912,15000,2955.6355296040556
0.16426813223584644,0.17788196704840487,-0.0030621666813350082,12000,6490.025297937499
0.030709161363584057,0.1554398215292862,-0.007630661164753869,20000,8054.929374637141
0.1589499598856141,0.15549916762014115,-0.016733320872436366,6000,6029.591590125569
0.03096723983469186,0.15510376270333281,-0.0014827579456718385,25000,1944.8338863255753
0.30466658438973576,0.17136999742066214,-0.003910097506433491,10000,9357.594394504782
0.07823302695080049,0.16684843481732275,-0.0036673265769238835,12000,7903.372032495086
0.2764675808695338,0.15161687092224224,-0.0046556118200497786,5000,9968.772979815913
0.1896930846842057,0.14105240650959178,-0.0164660266604967,28000,5756.56884800299
0.16426813223584644,0.1430254139340086,-0.01194264739714746,39000,8781.38100521925
0.03096723983469186,0.14734641836957052,-0.0073597738223438085,15000,12625.18983357999
0.30466658438973576,0.16632685397520305,-0.0028973489243788904,28000,8298.692961111445
0.3198999136092226,0.16525638174148688,-0.011042261532687852,3000,8044.38748849249
0.06045829535513537,0.15306563892692626,-0.011717969761053906,22000,11428.776259500675
0.07498632668291193,0.13612898190509218,-0.03382224402077413,25000,14552.421047816675
0.06045829535513537,0.146452976136281,-0.017474992400387298,10000,8094.365808845958
0.16426813223584644,0.14613607383081878,-0.004069439907809935,4000,12472.89232435155
0.3198999136092226,0.14198325786040863,-0.01315566657818968,25000,10868.15254697223
0.3198999136092226,0.14579704020274076,-0.011591331363261109,25000,12308.705340727283
0.16426813223584644,0.14462355519771308,-0.013050627925610993,4000,13439.594459895283
0.030709161363584057,0.15352019436587008,-0.006144746927357465,22000,12625.18983357999
0.30466658438973576,0.14088493928773327,-0.022124380644608595,10000,9921.736099442112
0.16426813223584644,0.1571930775680552,0.00035091802420093567,8000,6379.779727401703
0.16426813223584644,0.1530032552102256,-0.012654318090043842,12000,10868.15254697223
0.2764675808695338,0.14916873038723094,-0.011287179990114728,8000,8266.360338630808
0.30466658438973576,0.1720424772852185,-0.010632252326190104,15000,12990.003729794424
0.3965352901233879,0.1494409835300461,-0.00845109856920312,25000,1388.161926428812
0.0567270438764676,0.16215808259475525,-0.02037936418879665,20000,11428.776259500675
0.03096723983469186,0.16147751275348157,-0.018038232242810648,8000,12472.89232435155
0.3965352901233879,0.1440266527347666,0.0073079014601008475,39000,14552.421047816675
0.0567270438764676,0.16388584681468799,-0.007104287308539547,6000,8781.38100521925
0.06045829535513537,0.15390929445792495,-0.014273272427923277,10000,12472.89232435155
0.1896930846842057,0.1529392071659654,-0.0002474518858420092,3000,14088.177761028734
0.1896930846842057,0.1527959873502945,-0.006355464961773264,8000,2149.416136534133
0.03096723983469186,0.17245251595779756,0.0017300151775360188,12000,10868.15254697223
0.1896930846842057,0.15219906878860384,-0.008008187565101276,23000,14088.177761028734
0.3198999136092226,0.146094371972756,-0.001669187024861445,23000,5852.089204350804
0.07498632668291193,0.17330695426707227,-0.006509809233399697,5000,16949.69186366355
0.07498632668291193,0.17825217447404135,-0.0031403175439053818,25000,12625.18983357999
0.030709161363584057,0.15541106984667952,-0.0065225717732559745,12000,13345.696517931832
0.07823302695080049,0.16075662102719251,-0.015686100214040828,10000,2149.416136534133
0.1896930846842057,0.14174574392252257,0.00010086161010167515,5000,3721.496251044161
0.16426813223584644,0.15362120604299298,-0.0064574938066113766,10000,6111.439449623881
0.1896930846842057,0.16186793066771507,-0.0016830265375601756,6000,8054.929374637141
0.03096723983469186,0.15474068795808868,-0.003662898193668663,5000,3180.534231222965
0.30466658438973576,0.16275284583131705,-0.015573289929056778,3000,12990.003729794424
0.2764675808695338,0.15274579867214097,-0.006302327685489488,20000,3982.1550627694223
0.030709161363584057,0.1610977090455027,-0.003947453650923643,25000,14929.56671203167
0.0567270438764676,0.15023534538390845,-0.016053675067300627,15000,7903.372032495086
0.16426813223584644,0.17115282023386788,-0.013795076885343519,5000,12549.767112704283
0.03096723983469186,0.1602955184731288,-0.008263690001749003,25000,3982.1550627694223
0.0567270438764676,0.13305478030541235,-0.0013278243215773713,15000,1944.8338863255753
0.07498632668291193,0.1689398326289915,-0.011819716803653447,23000,7818.674849699402
0.07498632668291193,0.1828993682552283,-0.015337514527125999,10000,2955.6355296040556
0.03096723983469186,0.16067854640040513,-0.0125858953316577,28000,9815.38693042659
0.07498632668291193,0.1469268722830815,-0.015388753530494934,39000,2955.6355296040556
0.4722332058040905,0.1682021532309651,0.004649139986005773,25000,9362.142291789198
0.1896930846842057,0.15479410946338498,-0.009074392005994492,6000,16949.69186366355
0.06045829535513537,0.1369044043246877,0.0037723510131888707,8000,10124.162225871132
0.4722332058040905,0.15719857570776036,-0.018748490810106967,25000,5961.998200255187
0.06045829535513537,0.14756929544927766,-0.007510624829764088,10000,14088.177761028734
0.3198999136092226,0.1636289817986214,-0.0074740008583900315,25000,12549.767112704283
0.16426813223584644,0.141100405675815,0.0012746308385772557,12000,9362.142291789198
0.1589499598856141,0.17415032526986798,-0.0019449730946813888,10000,16949.69186366355
0.06045829535513537,0.16857837196090605,-0.015632612261840404,7000,5961.998200255187
0.4722332058040905,0.14756415961952146,-0.017387651466474374,10000,5852.089204350804
0.3198999136092226,0.16732108957520422,-0.011890536533797803,22000,8266.360338630808
0.07823302695080049,0.15279227119199656,-0.002942155521063601,10000,18495.762853876247
0.1589499598856141,0.1627157962817528,-0.0023853310962837085,20000,8094.365808845958
0.3965352901233879,0.17209494603149994,-0.018602893399254982,10000,1388.161926428812
0.03096723983469186,0.17122688745463374,-0.021558143360462283,7000,14552.421047816675
0.30466658438973576,0.15651416559754167,-0.0072854447409204685,5000,2149.416136534133
0.2764675808695338,0.15797719906283,-0.01907256740359667,20000,9308.86605146799
0.2764675808695338,0.16482855171117244,-0.00032199802620525996,10000,11700.301792294806
0.2764675808695338,0.1669275003641377,0.0051079728819483,39000,9308.86605146799
0.1896930846842057,0.17236243826573897,-0.01568979162152343,5000,6379.779727401703
0.0567270438764676,0.16971288819588162,-0.013637200475820526,12000,15182.209441928107
0.07823302695080049,0.1731598850179041,-0.01399632680611476,7000,18495.762853876247
0.3198999136092226,0.1451006126665077,-0.004152041350782335,28000,3180.534231222965
0.07823302695080049,0.14656743474922507,-0.012927670829975816,7000,1944.8338863255753
0.06045829535513537,0.1669481950357162,0.017081447927271606,5000,8298.692961111445
0.030709161363584057,0.1541066731527394,-0.0015872457915833565,8000,9968.772979815913
0.03096723983469186,0.15597061443773774,-0.0082579861176422,39000,8054.929374637141
0.4722332058040905,0.14272503563736222,-0.018414135127634703,5000,8044.38748849249
0.07498632668291193,0.15754796806841356,0.0006915803102869268,10000,3982.1550627694223
0.30466658438973576,0.15089579667963618,0.00032549513555719874,10000,9362.142291789198
0.4722332058040905,0.14448089782405846,-0.010583848464629786,15000,9362.142291789198
0.3198999136092226,0.13719989952376488,-0.012387348904966873,28000,9208.354043041478
0.0567270438764676,0.16443621208168532,0.0024030650895834342,10000,10588.791757848958
0.030709161363584057,0.14796604208110106,-0.013477537007061342,25000,6111.439449623881
0.07498632668291193,0.14596793188121213,-0.011125623009814161,22000,8980.724685620986
0.2764675808695338,0.1692096521178611,-0.009765707138973723,20000,5961.998200255187
0.2764675808695338,0.14951703899671065,0.006036680308131413,3000,10868.15254697223
0.030709161363584057,0.1515847454002593,0.010116726880120414,10000,8266.360338630808
0.1589499598856141,0.15360741122078408,-0.021534293574302015,39000,8266.360338630808
0.07498632668291193,0.14068216071646222,-0.01470099444281171,20000,12472.89232435155
0.030709161363584057,0.17840666606867212,-0.014806316472905928,10000,8044.38748849249
0.06045829535513537,0.16343108855947705,-0.012848563861140453,23000,12549.767112704283
0.30466658438973576,0.157974911413368,0.004232470463062387,6000,15674.647469510692
0.2764675808695338,0.15845917709204874,0.0023876060817839473,12000,9968.772979815913
0.3965352901233879,0.1529637290018808,-0.005127687196965712,12000,8867.27474861856
0.03096723983469186,0.15786861290275633,-0.004168101470127598,4000,8371.635549928305
0.06045829535513537,0.1493965841433173,-0.0016500315465113567,8000,10868.15254697223
0.16426813223584644,0.16358999063652416,-0.017836968943726612,25000,10124.162225871132
0.07823302695080049,0.15866559824151436,-0.007415664337636179,23000,8781.38100521925
0.3965352901233879,0.1587362824695715,-0.02560584234612015,12000,9362.142291789198
0.1589499598856141,0.1562766987998717,-0.0050008096018932194,12000,3721.496251044161
0.1589499598856141,0.17807145199565008,-0.001500832786516766,10000,12990.003729794424
0.07823302695080049,0.17011507611665314,-0.005516497830957147,20000,9362.142291789198
0.1896930846842057,0.16755469825972966,-0.003928754882194982,15000,7818.674849699402
0.1896930846842057,0.14040552688198402,-0.002955748355486836,5000,9308.86605146799
0.030709161363584057,0.133560456770428,0.001287986634926667,25000,12549.767112704283
0.3198999136092226,0.18127923209576793,0.0007896876680489566,12000,2641.9358544440147
0.1896930846842057,0.13360032347813808,-0.001281150883668871,12000,5756.56884800299
0.03096723983469186,0.16403103191818325,-0.010884889403529156,15000,5852.089204350804
0.30466658438973576,0.17130644652986377,-0.009965783061057332,15000,6490.025297937499
0.07498632668291193,0.14583996984453731,-0.006191339591296541,28000,10868.15254697223
0.3198999136092226,0.1495053407713724,-0.01304654989050705,3000,6111.439449623881
0.4722332058040905,0.1735960588571463,-0.010040513752043796,15000,3180.534231222965
0.07498632668291193,0.16770545714325294,0.005261246402205522,6000,8044.38748849249
0.30466658438973576,0.16208903511923775,-0.014370030401639597,22000,2641.9358544440147
0.1589499598856141,0.16139194025205594,-0.0039130762735637425,4000,12549.767112704283
0.3198999136092226,0.13506124623152266,-0.018613771657109285,15000,11700.301792294806
0.1589499598856141,0.1477206719546184,-0.013188041880626163,15000,2955.6355296040556
0.3198999136092226,0.17248168338873332,-0.004114271423125188,4000,12308.705340727283
0.03096723983469186,0.16781025266230906,-0.006051139507749533,12000,13439.594459895283
0.3965352901233879,0.17207955552771606,-0.01019443785194821,39000,14929.56671203167
0.06045829535513537,0.1715066733188857,-0.007413538918414377,20000,2641.9358544440147
0.3965352901233879,0.16996861401465804,-0.005875249048555653,8000,16949.69186366355
0.4722332058040905,0.171233898471172,-0.006231986068100024,4000,15674.647469510692
0.06045829535513537,0.13667321444855057,-0.002132041617528483,3000,5852.089204350804
0.1896930846842057,0.15434341283407635,-0.018529535683118926,20000,9968.772979815913
0.3198999136092226,0.16892177967166871,-0.00917126122160635,12000,7903.372032495086
0.1589499598856141,0.16624193294828682,-0.002573002939512094,15000,5961.998200255187
0.16426813223584644,0.17696477813723113,-0.0108084494294192,6000,9308.86605146799
0.2764675808695338,0.16041120340056478,-0.019003575387998174,7000,10124.162225871132
0.16426813223584644,0.14692775309654132,0.0021596187470708677,6000,8371.635549928305
0.1589499598856141,0.1791341154175983,-0.01258213428788419,22000,12472.89232435155
0.0567270438764676,0.1730117376476116,-0.010996233501741011,20000,16949.69186366355
0.0567270438764676,0.1580391546012644,-0.008249198759304783,10000,2955.6355296040556
0.4722332058040905,0.18234503106362515,-0.01061255751329374,4000,7903.372032495086
0.03096723983469186,0.17170277237770723,-0.012421638862297276,20000,3721.496251044161
0.07823302695080049,0.14217134203830703,-0.010616585572950839,3000,14929.56671203167
0.0567270438764676,0.15709895653665512,-0.009111046589531482,10000,9208.354043041478
0.4722332058040905,0.1344574597398864,-0.004836369580702925,23000,6379.779727401703
0.4722332058040905,0.17186208103314535,-0.017540050118214114,15000,5961.998200255187
0.4722332058040905,0.15465073418769762,-0.010980111452380266,10000,8094.365808845958
0.3965352901233879,0.1531135265579757,-0.0064645118528381855,10000,1932.7685273621282
0.06045829535513537,0.1453001561130234,0.0037150156384379383,8000,3180.534231222965
0.07823302695080049,0.15291742037040154,0.002547223031159505,10000,8867.27474861856
0.1589499598856141,0.14553294314349163,-0.006823938659141687,15000,9815.38693042659
0.1589499598856141,0.184883868352957,-0.015478286405195083,7000,10124.162225871132
0.030709161363584057,0.17086359160508907,-0.005412599484800572,15000,7903.372032495086
0.3965352901233879,0.1663785400990395,-0.0035413366524006673,10000,9921.736099442112
0.2764675808695338,0.1558465986901728,0.0011222386801688193,15000,16949.69186366355
0.0567270438764676,0.14497686808090798,-0.017863773881580586,10000,8298.692961111445
0.3965352901233879,0.16114236131366153,-0.00632796711460485,25000,1932.7685273621282
0.0567270438764676,0.1700227389317093,-0.018584973670747195,23000,9308.86605146799
0.30466658438973576,0.15291551227904085,-0.018607570496644993,23000,6111.439449623881
0.030709161363584057,0.15089369974002614,0.00330377455966684,8000,12472.89232435155
0.2764675808695338,0.1539225240703255,-0.00155918121568249,15000,9362.142291789198
0.3198999136092226,0.14704521602027126,-0.013455851970062088,5000,14088.177761028734
0.07498632668291193,0.155889026441477,-0.013422384967419375,15000,13345.696517931832
0.30466658438973576,0.1551723298542536,-0.022567109552328442,8000,15674.647469510692
0.4722332058040905,0.13740853380655763,0.0015603178564602398,15000,9208.354043041478
0.30466658438973576,0.16051503168183015,-0.017617143091019766,25000,15674.647469510692
0.4722332058040905,0.15601010297782728,-0.0044076243314499115,20000,9357.594394504782
0.2764675808695338,0.1680130948297571,-0.011608268557551978,5000,5852.089204350804
0.1589499598856141,0.1711087205327214,-0.012336297057367152,15000,10868.15254697223
0.2764675808695338,0.13924178060819836,-0.0074561939791436,5000,14929.56671203167
0.07823302695080049,0.14588246579485242,-0.023996326208356622,10000,12472.89232435155
0.06045829535513537,0.17077564500110198,-0.013749186839451194,8000,12472.89232435155
0.06045829535513537,0.1641881261804266,-0.0012401463671403727,22000,10588.791757848958
0.30466658438973576,0.1828153221887519,0.002507753725872247,22000,12625.18983357999
0.2764675808695338,0.15194020757304913,-0.014755434243154671,25000,5852.089204350804
0.3965352901233879,0.15660617478935349,0.0006860089322131597,12000,8054.929374637141
0.07498632668291193,0.18524069578689523,-0.0008442395491739506,15000,12549.767112704283
0.30466658438973576,0.16692647469548638,-0.0028914506668503604,15000,11700.301792294806
0.07823302695080049,0.15251927842281918,-0.01806836940319994,8000,6490.025297937499
0.1589499598856141,0.14214896234203728,-0.0022883229883107316,5000,12990.003729794424
0.16426813223584644,0.15910933260038837,0.0032287612410271394,5000,3721.496251044161
0.1589499598856141,0.150710814438616,-0.004405821485918029,25000,2149.416136534133
0.07498632668291193,0.1437890982313867,-0.007620115727561123,39000,14929.56671203167
0.3198999136092226,0.16456484994725995,-0.0068123932750549605,8000,8044.38748849249
0.06045829535513537,0.16602528872140496,-0.005302050046175104,25000,14088.177761028734
0.4722332058040905,0.15940520561346663,-0.013070464744235366,25000,2149.416136534133
0.16426813223584644,0.14809513385414785,-0.0006605196175574645,25000,11428.776259500675
0.07823302695080049,0.1712656476927634,0.008180308195588895,3000,5756.56884800299
0.0567270438764676,0.15318645152314367,-0.002608040242029492,15000,3982.1550627694223
0.06045829535513537,0.1668827866250693,-0.00039492210600578393,10000,6490.025297937499
0.16426813223584644,0.16604808151465933,-0.013364675622084824,15000,8371.635549928305
0.1589499598856141,0.16096355153803893,-0.009659997133235506,22000,8044.38748849249
0.0567270438764676,0.1462981254291416,-0.01591164897462204,12000,8094.365808845958
0.07498632668291193,0.16585089772172856,-0.015485931956177385,20000,8371.635549928305
0.16426813223584644,0.1669307918300518,-0.0009019999128931856,12000,14929.56671203167
0.1896930846842057,0.14684050130718768,-0.022261553997075304,10000,8298.692961111445
0.07823302695080049,0.14457823107160017,-0.010803193137243337,10000,3721.496251044161
0.4722332058040905,0.1686621602002344,-0.0007696946857819761,5000,16949.69186366355
0.4722332058040905,0.14906316590037966,-0.012288046870951308,22000,3180.534231222965
0.06045829535513537,0.1478259432507151,0.0002039445318885524,15000,7903.372032495086
0.06045829535513537,0.1464216386823225,-0.003141894823574528,20000,13345.696517931832
0.1896930846842057,0.14217886795829396,-0.01869239924990012,5000,8094.365808845958
0.3198999136092226,0.15951965075136385,-0.006043624306958009,12000,9308.86605146799
0.07498632668291193,0.1526406217492906,-0.005963462056510649,15000,11428.776259500675
0.0567270438764676,0.15696318350289062,-0.019661335522207547,25000,8298.692961111445
0.03096723983469186,0.15344034246097238,-0.019669808965089266,22000,8044.38748849249
0.030709161363584057,0.15797742002818208,-0.005669372826167905,7000,9362.142291789198
0.030709161363584057,0.17207737284160485,-0.012586123984758932,10000,9362.142291789198
0.07823302695080049,0.17702577792343885,0.0039347673360937765,4000,3982.1550627694223
0.3198999136092226,0.14276448516747786,-0.00286733084331685,10000,10868.15254697223
0.1896930846842057,0.14355232447097452,-0.001301848188090325,15000,1944.8338863255753
0.030709161363584057,0.1368047622642468,0.003720193422679576,20000,9208.354043041478
0.06045829535513537,0.15530763266430384,-0.0017777088289060812,5000,7818.674849699402
0.03096723983469186,0.17361360768614703,-0.018534238994993135,8000,1932.7685273621282
0.07823302695080049,0.15825434082326104,-0.0012866388786550297,10000,12472.89232435155
0.1896930846842057,0.1598715853779098,-0.023267007195257025,6000,8371.635549928305
0.1589499598856141,0.16107754453970827,-0.0031329132694618783,10000,10124.162225871132
0.0567270438764676,0.15050979332638093,-0.01205565776488787,8000,6379.779727401703
0.1589499598856141,0.1452730953651505,-0.011258166849880041,5000,2955.6355296040556
0.07498632668291193,0.13498868473187542,-0.009789566125059438,23000,9968.772979815913
0.07823302695080049,0.16089802242354456,-0.0059644731253146125,28000,13439.594459895283
0.1589499598856141,0.15489658028823777,-0.007748512454675551,25000,11700.301792294806
0.3965352901233879,0.15449632397600743,0.0002688357888795325,10000,15674.647469510692
0.16426813223584644,0.14535236834584322,-0.007857621721898566,10000,8980.724685620986
0.16426813223584644,0.1550306458992342,-0.005909493687037451,25000,12308.705340727283
0.30466658438973576,0.15613991567035881,-0.012677694238749499,20000,3982.1550627694223
0.07823302695080049,0.15246538795760192,-0.006958160748136039,25000,6379.779727401703
0.07498632668291193,0.14774407440458848,-0.009277357129968708,10000,3180.534231222965
0.07498632668291193,0.16595270234502324,-0.008020348764993912,12000,4635.668443078176
0.030709161363584057,0.15917101188257612,-0.006802216201160667,10000,9357.594394504782
0.030709161363584057,0.16858795437211077,-0.02346064317841149,10000,12549.767112704283
0.4722332058040905,0.14403078868287844,-0.013923722421960135,15000,9921.736099442112
0.3965352901233879,0.1447269872813823,-0.0123994859643778,10000,11700.301792294806
0.3198999136092226,0.15332469590794248,-0.008792099503391042,25000,8054.929374637141
0.16426813223584644,0.15591405317839946,-0.00922906307655592,8000,5961.998200255187
0.030709161363584057,0.17875750043801217,-0.013956981886906826,15000,2149.416136534133
0.07823302695080049,0.16097870249756763,0.004401854772957493,7000,6490.025297937499
0.03096723983469186,0.18268632087792938,-0.010164417890602696,25000,7903.372032495086
0.3965352901233879,0.14534952461316064,-0.02102574548386667,15000,10124.162225871132
0.3198999136092226,0.15886434048201492,-0.010734073419261502,5000,8054.929374637141
0.2764675808695338,0.17135465896292706,-0.0205323604741714,8000,9921.736099442112
0.030709161363584057,0.16820318009068344,-0.02921781804002067,12000,10868.15254697223
0.3198999136092226,0.16228458878067992,-0.00221680058346779,22000,5852.089204350804
0.30466658438973576,0.16030559357137808,-0.008840420551234249,25000,6490.025297937499
0.16426813223584644,0.16956437306605004,-0.01641689698019093,8000,13345.696517931832
0.2764675808695338,0.18459074468391426,-0.007778564808391629,8000,9921.736099442112
0.4722332058040905,0.15807916919186488,-0.006865339553401215,23000,8044.38748849249
0.07498632668291193,0.14888635803838485,-0.004825335007373584,10000,10124.162225871132
0.16426813223584644,0.15604342597921167,-0.021194605392790944,22000,3180.534231222965
0.0567270438764676,0.13821490912208387,-0.009343845490604552,10000,5756.56884800299
0.06045829535513537,0.16200210682987803,-0.02295766456926733,22000,8094.365808845958
0.3965352901233879,0.15243905588104442,0.0020312580834573914,15000,5756.56884800299
0.16426813223584644,0.1454229225415446,-0.0024554438173183956,12000,13439.594459895283
0.16426813223584644,0.16209465682634427,0.0030702057106523524,15000,8781.38100521925
0.2764675808695338,0.15872126315366822,-0.016214670708357415,15000,9208.354043041478
0.3965352901233879,0.14596487666855723,-0.009513997979649219,12000,11428.776259500675
0.07823302695080049,0.16215624255075117,-0.01114714748565424,25000,1932.7685273621282
0.1589499598856141,0.18219266941433718,-0.0025016523461328976,15000,6029.591590125569
0.1589499598856141,0.17994187315052595,-0.007482453352771341,3000,9815.38693042659
0.4722332058040905,0.16008191241236924,0.001912032985021461,3000,14552.421047816675
0.07498632668291193,0.16690112924494022,-0.002474101322871494,25000,8094.365808845958
0.3965352901233879,0.14041740393175273,-0.0018721554626280944,4000,13345.696517931832
0.3965352901233879,0.13467623801347675,-0.017002655592420198,23000,1388.161926428812
0.07823302695080049,0.15950197365500113,-0.005091567953597389,5000,9968.772979815913
0.30466658438973576,0.16765402806828614,-0.011612600613068994,22000,12625.18983357999
0.06045829535513537,0.1525611185593003,-0.027901234426900373,15000,8044.38748849249
0.16426813223584644,0.14957100990703487,-0.014262346938088527,5000,10868.15254697223
0.30466658438973576,0.17570482657984546,-0.007228567512420297,22000,8054.929374637141
0.2764675808695338,0.17830848307113298,-0.008037232500953286,10000,9568.06133278347
0.030709161363584057,0.15198783489256332,-0.022605698853416994,3000,15182.209441928107
0.1589499598856141,0.1689537174312595,-0.016299777749831827,22000,16949.69186366355
0.1896930846842057,0.15679133276860813,-0.015339112136315076,20000,10868.15254697223
0.06045829535513537,0.17500430793968505,-0.016014886139973424,15000,3982.1550627694223
0.2764675808695338,0.1544694489100081,-0.01671579305272686,10000,12549.767112704283
0.07498632668291193,0.16126674032656035,-0.007998487996875449,20000,12549.767112704283
0.07823302695080049,0.15708833383516688,0.000872087322223067,10000,10868.15254697223
0.30466658438973576,0.14201878207540486,-0.01154203599200045,3000,1944.8338863255753
0.030709161363584057,0.17005085319337312,0.0005490878668536396,10000,6111.439449623881
0.1589499598856141,0.17375185245308425,-0.0035180614286097252,15000,11428.776259500675
0.30466658438973576,0.14779165356935153,0.0024816092689129545,12000,11700.301792294806
0.3198999136092226,0.15905769242535783,-0.017477997590768866,23000,2641.9358544440147
0.030709161363584057,0.1657856413813626,-0.0013035519112779954,15000,10588.791757848958
0.1896930846842057,0.17559056547584648,-0.013678354240565741,6000,5961.998200255187
0.03096723983469186,0.1602443365895147,-0.0063396457960131995,20000,5961.998200255187
0.06045829535513537,0.1760689160864209,-0.013119896287292763,8000,8054.929374637141
0.3965352901233879,0.15731317729223693,0.0011467166706419275,5000,4635.668443078176
0.1896930846842057,0.14503048101238628,-0.0058335966529730774,39000,6029.591590125569
0.1896930846842057,0.1711495881580386,0.0019358951315733214,23000,2955.6355296040556
0.03096723983469186,0.18247646072659127,-0.003841494619136713,3000,9357.594394504782
0.03096723983469186,0.13482974949361573,-0.01105028234410284,20000,1388.161926428812
0.07823302695080049,0.15084650965966495,-0.0030170707996834667,20000,9568.06133278347
0.1589499598856141,0.1518788376869807,-0.014420201681965481,8000,12990.003729794424
0.30466658438973576,0.16789025729412815,0.006355225664336864,5000,9568.06133278347
0.3965352901233879,0.15810393567982994,-0.006756334939368739,10000,10868.15254697223
0.2764675808695338,0.16783480580453347,0.0015878023318744972,15000,6111.439449623881
0.16426813223584644,0.16751499628458047,-0.0014431391920649498,25000,9968.772979815913
0.2764675808695338,0.1565556167866962,-0.0048978687832250565,12000,3982.1550627694223
0.03096723983469186,0.15753039364721366,-0.0022921033216527463,15000,9568.06133278347
0.030709161363584057,0.1576418446153862,-0.0018212534769571343,20000,9921.736099442112
0.1589499598856141,0.1653507071231622,-0.014231387110992517,10000,2641.9358544440147
0.07498632668291193,0.15447998306627123,-0.010885847226784326,5000,1932.7685273621282
0.2764675808695338,0.1650633962733031,-0.0067809340544171025,15000,9568.06133278347
0.30466658438973576,0.15358790810800338,-0.001221167511149361,7000,10588.791757848958
0.30466658438973576,0.17521243935529815,-0.009892850597567296,8000,11428.776259500675
0.1896930846842057,0.16078879066870647,-0.01340161192257045,10000,16949.69186366355
0.07823302695080049,0.15308463233638167,-0.008655074543559979,20000,8867.27474861856
0.0567270438764676,0.1630306470876002,-0.0019960703519187506,15000,2149.416136534133
0.06045829535513537,0.17222447505467772,-0.023118079316044524,3000,14088.177761028734
0.1896930846842057,0.1397185852405591,-0.016887307227211507,15000,13439.594459895283
0.1589499598856141,0.1479941862504752,-0.0088629994161557,10000,13439.594459895283
0.06045829535513537,0.15029694364997886,-0.01173408600788304,15000,6111.439449623881
0.3965352901233879,0.13706065364140843,-0.009064040517626276,15000,9968.772979815913
0.03096723983469186,0.15208273889615362,-0.01574316618580089,39000,12549.767112704283
0.1589499598856141,0.14108647196535792,-0.009559867789824605,15000,9367.701460379212
0.06045829535513537,0.1634450420596866,-0.00108247523582974,5000,9921.736099442112
0.3965352901233879,0.16835325867180942,-0.01645902891615062,15000,5961.998200255187
0.4722332058040905,0.1670126940724372,-0.00944048140108468,3000,11700.301792294806
0.16426813223584644,0.14947700150071136,-0.0015484124559226981,20000,5961.998200255187
0.1589499598856141,0.16386270623468277,-0.002388412495627278,25000,10868.15254697223
0.4722332058040905,0.15220938205710083,-0.003736279457273124,3000,5756.56884800299
0.06045829535513537,0.15004996984212637,-0.003127915698422775,3000,16949.69186366355
0.30466658438973576,0.16859565895742212,-0.004622593928118562,3000,9921.736099442112
0.06045829535513537,0.1703975068912028,-0.006423657618012985,5000,3982.1550627694223
0.0567270438764676,0.16408536492177125,-0.028548480447940228,8000,3982.1550627694223
0.3198999136092226,0.1585273758850538,-0.008026682911235669,5000,12549.767112704283
0.1589499598856141,0.16209713813359322,-0.018910225100427846,10000,18495.762853876247
0.1896930846842057,0.16107642676262182,0.0022375881521483573,10000,10868.15254697223
0.30466658438973576,0.16706528238491375,-0.015090628083174332,10000,9208.354043041478
0.1896930846842057,0.14520500850014723,0.001875517128601626,25000,12308.705340727283
0.3198999136092226,0.17021437376067905,-0.0014049889603915532,20000,11700.301792294806
0.030709161363584057,0.18157298329445884,-0.0034063237262249094,5000,8044.38748849249
0.030709161363584057,0.1589477250139704,0.004665066298086545,4000,9362.142291789198
0.3965352901233879,0.16475745607995912,-0.0013053841704726943,10000,8371.635549928305
0.0567270438764676,0.1741083783889884,-0.02057950213511426,23000,9362.142291789198
0.30466658438973576,0.16816342055284728,-0.01820078886169961,39000,13345.696517931832
0.06045829535513537,0.18193456864929894,-0.0017436369950328016,12000,16949.69186366355
0.16426813223584644,0.15902773066638767,0.002623790385316367,10000,13439.594459895283
0.30466658438973576,0.1494387038373536,-0.007339075394843256,4000,15182.209441928107
0.030709161363584057,0.16729539459258946,-0.004559280416092257,15000,2955.6355296040556
0.2764675808695338,0.14573868516577757,-0.0008466240938354687,6000,9308.86605146799
0.0567270438764676,0.1367739113274692,-0.011977009690896951,5000,9815.38693042659
0.06045829535513537,0.15466663339051132,-0.004751543102692884,10000,1932.7685273621282
0.0567270438764676,0.14662807720012094,-0.014504463371116098,3000,2955.6355296040556
0.4722332058040905,0.14698871632272995,-0.0023792216516020427,25000,11700.301792294806
0.1589499598856141,0.14211885182233366,-0.015692620669012607,12000,6379.779727401703
0.16426813223584644,0.1579162193853783,-0.002354919305510654,6000,12472.89232435155
0.06045829535513537,0.14972577834211745,-0.000972861392831076,20000,9815.38693042659
0.3965352901233879,0.15122337218005716,-0.01643076584867584,8000,13345.696517931832
0.07823302695080049,0.16962349198821247,-0.013475238014738794,12000,12990.003729794424
0.07498632668291193,0.16596445059572282,-0.007422048353879155,10000,1944.8338863255753
0.0567270438764676,0.15978659875035076,-0.013216947405431334,15000,8298.692961111445
0.07823302695080049,0.18109230615543176,-0.014300720043542927,10000,8781.38100521925
0.4722332058040905,0.14887971801667288,-0.0137173275750664,8000,1388.161926428812
0.07823302695080049,0.15969837403331974,-0.010566557595627945,25000,11428.776259500675
0.07823302695080049,0.14795714006340885,-0.016196659577015195,39000,4635.668443078176
0.3198999136092226,0.18322680920695622,-0.013181444534677718,8000,10588.791757848958
0.07823302695080049,0.15727261418546098,-0.006392609324062457,8000,3721.496251044161
0.07498632668291193,0.15122968073301016,-0.009128881468206864,10000,8094.365808845958
0.2764675808695338,0.15199561441304266,0.0070801596461343,23000,3982.1550627694223
0.030709161363584057,0.14745803320614206,-0.004379190199869592,12000,9367.701460379212
0.0567270438764676,0.14204422284904064,-0.005594234702718895,6000,15182.209441928107
0.07498632668291193,0.16090382481095516,-0.028000368006451684,15000,9968.772979815913
0.03096723983469186,0.15060027567863035,-0.004223217233157288,10000,12990.003729794424
0.16426813223584644,0.18375000355583948,-0.025679517958321876,15000,7818.674849699402
0.1896930846842057,0.1555384928956667,-0.02168244763584594,6000,5961.998200255187
0.07823302695080049,0.14836324022189254,-0.001183735658155672,15000,1932.7685273621282
0.1589499598856141,0.15817332556126187,-0.00577631310551931,28000,8867.27474861856
0.30466658438973576,0.18473489926958198,-0.012553726829360984,10000,16949.69186366355
0.3198999136092226,0.14513740541913608,-0.010306865769067463,5000,11428.776259500675
0.4722332058040905,0.16637195409502406,-0.011534535270265392,25000,9568.06133278347
0.1896930846842057,0.15788266581938223,-0.012506552290344976,15000,13439.594459895283
0.1896930846842057,0.15686814115788514,0.0023519455246411554,8000,8266.360338630808
0.0567270438764676,0.1778602271055644,-0.009473508017930917,22000,9921.736099442112
0.07823302695080049,0.1502759129090687,-0.01353307763023949,4000,12472.89232435155
0.3965352901233879,0.16996875330967082,-0.00967155735323109,10000,9208.354043041478
0.030709161363584057,0.18025946155774275,-0.010245611919603097,15000,6379.779727401703
0.07498632668291193,0.16918658363788724,-0.01166013842717692,15000,11700.301792294806
0.1896930846842057,0.15847185304324296,-0.01747964545963931,10000,9815.38693042659
0.16426813223584644,0.15661869296833483,-0.018142496488928187,6000,9568.06133278347
0.4722332058040905,0.17488579077396413,-0.007015322513879628,10000,3982.1550627694223
0.07498632668291193,0.1814620919585474,-0.01331949658034071,28000,9568.06133278347
0.1896930846842057,0.15448571297556565,-0.0132832305538902,4000,6490.025297937499
0.07498632668291193,0.1576301185187143,-0.01392179566189701,22000,9308.86605146799
0.30466658438973576,0.1806899300023871,-0.015918831328709467,28000,9568.06133278347
0.16426813223584644,0.14082109581123423,0.0035254761844466602,15000,12990.003729794424
0.30466658438973576,0.14388890121706024,-0.0051494950104018404,28000,5852.089204350804
0.16426813223584644,0.14523677156902406,-0.010955692487027678,3000,9357.594394504782
0.03096723983469186,0.1428580710398351,-0.003058904276307897,10000,10588.791757848958
0.1589499598856141,0.1633096379219862,-0.009247613308763076,8000,9367.701460379212
0.1589499598856141,0.13334683507006986,-0.0042834475520018385,12000,10868.15254697223
0.3198999136092226,0.16418018368887685,-0.010010266394853298,20000,9362.142291789198
0.3965352901233879,0.15372743711585454,-0.010868033459998675,10000,9362.142291789198
0.07823302695080049,0.16004184785886716,0.00014905098326496927,10000,9308.86605146799
0.3965352901233879,0.16596110387462001,0.0030641988066667067,20000,14552.421047816675
0.2764675808695338,0.14945898027958113,-0.012834808228175017,8000,9921.736099442112
0.3198999136092226,0.14020015127268226,-0.013129725678442807,5000,15674.647469510692
0.030709161363584057,0.15338474253303375,-0.010600178829060215,12000,15182.209441928107
0.3965352901233879,0.15138628496152468,-0.017235804153813365,10000,14929.56671203167
0.030709161363584057,0.15626615029816712,-0.002787149616114483,15000,15182.209441928107
0.30466658438973576,0.14985185832755712,-0.0011684581379042165,10000,12549.767112704283
0.1896930846842057,0.16420534111014518,-0.024906257247999115,20000,10868.15254697223
0.1589499598856141,0.17054960746393846,-0.001983062783351719,10000,2641.9358544440147
0.030709161363584057,0.1529353475719082,-0.015680746853284955,25000,11700.301792294806
0.03096723983469186,0.15792421453444425,-0.004761220633432408,10000,12990.003729794424
0.3198999136092226,0.16375203487843948,-0.015221025810793373,12000,5852.089204350804
0.1896930846842057,0.1502418766262837,-0.024183980127098378,4000,6490.025297937499
0.3965352901233879,0.1536067330305073,-0.008204223613125155,25000,8781.38100521925
0.3965352901233879,0.17144849122540073,-0.005234778843592097,25000,14088.177761028734
0.0567270438764676,0.16719445541876873,-0.010570787158745803,25000,2955.6355296040556
0.06045829535513537,0.14961723311855077,-0.004335517459012415,4000,7818.674849699402
0.030709161363584057,0.15322329791184572,-0.01222759114892309,25000,6029.591590125569
0.07498632668291193,0.14478179087682924,0.0048083995560338245,23000,12990.003729794424
0.2764675808695338,0.1518763586744498,-0.01064687493324284,3000,9357.594394504782
0.4722332058040905,0.15489744094625268,-0.00822972002465017,8000,9362.142291789198
0.06045829535513537,0.1523242732084317,-0.005727574026907804,10000,8980.724685620986
0.1589499598856141,0.13829012667463572,-0.008394553425957237,23000,11428.776259500675
0.30466658438973576,0.1617035250387523,-0.00855290363630785,3000,12472.89232435155
0.1589499598856141,0.18030174568492657,0.007792584083855981,15000,6379.779727401703
0.30466658438973576,0.1816158563781393,-0.01478257609423249,23000,15182.209441928107
0.30466658438973576,0.15284994958767462,-0.01876539748405269,5000,2641.9358544440147
0.07498632668291193,0.16786397520810867,0.00016032843267770326,20000,6111.439449623881
0.2764675808695338,0.15015506621452493,-0.02051428050108593,12000,11428.776259500675
0.30466658438973576,0.1517044016714285,-0.012917302285538577,4000,9968.772979815913
0.16426813223584644,0.13709470215359987,-0.010411689131676583,12000,9367.701460379212
0.07823302695080049,0.16938019949717267,-0.009162653812175856,20000,8371.635549928305
0.07823302695080049,0.16571853628502456,-0.006493704420185823,3000,13345.696517931832
0.07498632668291193,0.14692708266823026,-0.009605839531625457,4000,5961.998200255187
0.4722332058040905,0.1353132003499748,0.007557667894882867,39000,2641.9358544440147
0.030709161363584057,0.1570056710041118,-0.007521047274625773,12000,13439.594459895283
0.16426813223584644,0.18297113586251063,-0.005358195730977456,20000,8371.635549928305
0.03096723983469186,0.15319750672607588,-0.01867278334966222,12000,5756.56884800299
0.4722332058040905,0.1531963479156506,-0.0022081090808309676,3000,9308.86605146799
0.3965352901233879,0.14679053037019738,-0.010047322761144934,10000,12625.18983357999
0.2764675808695338,0.1468169289127683,-0.007585584546234265,20000,3180.534231222965
0.30466658438973576,0.15027399174016215,-0.018236586551828162,12000,9815.38693042659
0.07823302695080049,0.15853487960310597,-0.0073273844710893075,23000,8298.692961111445
0.2764675808695338,0.16089380801434652,-0.002076845043379407,25000,11428.776259500675
0.0567270438764676,0.16658337734620401,-0.004954502440842333,8000,9968.772979815913
0.0567270438764676,0.15820015138980562,-0.0029495562868229095,4000,6379.779727401703
0.30466658438973576,0.16458490481993127,-0.01500996037558559,3000,13345.696517931832
0.16426813223584644,0.14663658189861567,-0.015534311171786015,15000,5961.998200255187
0.3965352901233879,0.1826225453621131,-5.796348596813367e-05,8000,18495.762853876247
0.0567270438764676,0.16571217204231325,-0.009190440073561932,20000,6029.591590125569
0.07823302695080049,0.17485936314597667,-0.018770458767896674,12000,2641.9358544440147
0.16426813223584644,0.15314236529564612,-0.01977782882204944,8000,2149.416136534133
0.1589499598856141,0.1526464184113923,-0.007931614704203066,10000,5852.089204350804
0.3198999136092226,0.14818991697900152,-0.013089433707503153,8000,12990.003729794424
0.07823302695080049,0.15029733041066526,-0.00419496360553637,15000,3721.496251044161
0.1589499598856141,0.1467648556317399,-0.012661654311334147,20000,9568.06133278347
0.16426813223584644,0.1379681425177849,-0.008693045162029081,3000,1944.8338863255753
0.1896930846842057,0.17827571793186978,0.000970181624072586,15000,5756.56884800299
0.3198999136092226,0.15879869071642716,0.001045280931123052,15000,11428.776259500675
0.06045829535513537,0.16934752655228824,-0.011094300244833837,20000,9362.142291789198
0.030709161363584057,0.14770861128444893,-0.002057432073139799,28000,9921.736099442112
0.16426813223584644,0.1563536609196342,-0.010615225051963018,5000,8867.27474861856
0.16426813223584644,0.16911605675812444,-0.009405990232943912,8000,9968.772979815913
0.0567270438764676,0.15445383354394251,-0.011708119041074792,12000,7903.372032495086
0.2764675808695338,0.14394143255971595,0.006672094015005049,39000,6379.779727401703
0.16426813223584644,0.1658745554927885,-0.0013124758538128767,7000,16949.69186366355
0.07498632668291193,0.17858314398065592,-0.012143289186190965,12000,8867.27474861856
0.0567270438764676,0.14356339265718804,-0.01540732350178099,22000,1932.7685273621282
0.4722332058040905,0.15991466619994416,-0.007613132932194443,23000,12990.003729794424
0.4722332058040905,0.16166623996421942,-0.012497910227283322,6000,9921.736099442112
0.1896930846842057,0.18555468936144565,-4.6901282905373854e-05,10000,9362.142291789198
0.07498632668291193,0.1433843893488439,0.010761854570020392,10000,14929.56671203167
0.3198999136092226,0.14346581512822282,-0.011625621470309242,6000,8266.360338630808
0.2764675808695338,0.1342657311174101,-0.009695475802037848,7000,7818.674849699402
0.1896930846842057,0.15726834990558156,-0.005621867115523417,20000,14929.56671203167
0.16426813223584644,0.1476770070104332,-0.013153323711499715,8000,8266.360338630808
0.3965352901233879,0.18249915292908558,0.00013609619068097038,3000,9357.594394504782
0.07498632668291193,0.1610547080937736,-0.006142390281644941,12000,9921.736099442112
0.07498632668291193,0.15266848412067247,-0.0118180585843783,15000,8867.27474861856
0.06045829535513537,0.1663194164518118,-0.013741464001350552,10000,8298.692961111445
0.030709161363584057,0.15657037872140053,-0.0024811086694870362,23000,10868.15254697223
0.06045829535513537,0.1528899976296251,-0.008068444303681695,12000,8298.692961111445
0.2764675808695338,0.15166783387982277,-0.01315067322496916,4000,12472.89232435155
0.07498632668291193,0.15308536217872704,-0.015592203411676518,3000,9208.354043041478
0.07498632668291193,0.15883304655406244,-0.012828330183519903,15000,3982.1550627694223
0.030709161363584057,0.17532517824161942,-0.013624605865673396,25000,8298.692961111445
0.07498632668291193,0.14667533095700508,-0.008451470171093404,22000,14088.177761028734
0.03096723983469186,0.14777103148416595,0.015783714680222855,25000,2641.9358544440147
0.30466658438973576,0.1704884383685556,-0.01031106222312397,15000,3180.534231222965
0.3198999136092226,0.14593727925383307,-0.00888774026092435,20000,11428.776259500675
0.06045829535513537,0.14715392067987987,-0.0033435912686844154,25000,5756.56884800299
0.0567270438764676,0.14990725105230818,-1.4225969545834346e-05,20000,12625.18983357999
0.3198999136092226,0.1468416893746895,-0.012571388895460861,39000,10588.791757848958
0.1896930846842057,0.15448898799546237,-0.01496649263465546,10000,4635.668443078176
0.4722332058040905,0.14109433480922393,-0.0022432361637255366,20000,6379.779727401703
0.30466658438973576,0.14690356653312145,-0.0036524770798483817,5000,9968.772979815913
0.06045829535513537,0.17165516871862008,-0.0033680511990059024,6000,8054.929374637141
0.16426813223584644,0.15754919168400783,-0.010317822214627485,15000,10588.791757848958
0.06045829535513537,0.1517228527457145,-0.015700932774989716,25000,8371.635549928305
0.07498632668291193,0.1710881310916043,-0.006262922438338396,10000,12549.767112704283
0.2764675808695338,0.169410325459566,-0.0204536222111839,3000,6490.025297937499
0.1896930846842057,0.15765772179415527,0.003156359599530826,8000,13439.594459895283
0.2764675808695338,0.14152910935524704,-0.022265283535811108,20000,8781.38100521925
0.030709161363584057,0.160380295554596,-0.015466662046691079,10000,6029.591590125569
0.07498632668291193,0.14582698760613919,-0.013963145794099444,10000,8266.360338630808
0.2764675808695338,0.18105796552901401,-0.0015433518409499853,5000,8781.38100521925
0.1589499598856141,0.15899595473167383,0.007213453695910044,8000,13345.696517931832
0.07823302695080049,0.1678445543496245,-0.015312045437501367,7000,2955.6355296040556
0.07823302695080049,0.1618180016615125,-0.006802223208100316,25000,5852.089204350804
0.2764675808695338,0.16536869743006724,-0.007247217179090099,4000,9568.06133278347
0.07823302695080049,0.15109059712664932,-0.008815135194585634,5000,1944.8338863255753
0.1589499598856141,0.13814757669758848,-0.00012793042838216153,10000,8371.635549928305
0.1896930846842057,0.15026511664766218,0.010927681613783387,10000,6379.779727401703
0.1589499598856141,0.15367593283156122,-0.022154653690187036,4000,8044.38748849249
0.1589499598856141,0.13345899023189434,-0.011966228430424027,12000,18495.762853876247
0.1896930846842057,0.16768391830401802,-0.0032332713348344148,25000,8044.38748849249
0.07823302695080049,0.1606654259677066,-0.002766450271019226,5000,10124.162225871132
0.16426813223584644,0.1562925931026484,-0.007959519739071039,15000,8298.692961111445
0.2764675808695338,0.16172581953631632,-0.018156006788857808,25000,8094.365808845958
0.30466658438973576,0.1372777634139217,-0.022297321926952482,5000,2641.9358544440147
0.3965352901233879,0.140507003054922,-0.014481293535401188,20000,18495.762853876247
0.1589499598856141,0.1456424652800359,-0.019954490748082622,12000,15182.209441928107
0.0567270438764676,0.15941403151032618,0.006165770774846736,10000,3180.534231222965
0.07823302695080049,0.14575341823284924,-0.01980433353333692,28000,12549.767112704283
0.3198999136092226,0.16318468454113158,-0.018177114376628365,5000,12472.89232435155
0.03096723983469186,0.16999836160736498,-0.021125803288566523,3000,11428.776259500675
0.3965352901233879,0.1563494206198452,-0.009275463703474736,12000,1388.161926428812
0.07823302695080049,0.17230846270210626,-0.003351768611710468,7000,13345.696517931832
0.3965352901233879,0.14782347976294233,-0.0034176043663005896,10000,6379.779727401703
0.16426813223584644,0.14108027153578317,-0.012869959752025284,6000,14552.421047816675
0.1896930846842057,0.14729896122597402,-0.013833634680173483,20000,7818.674849699402
0.03096723983469186,0.15483054166900903,-0.026197740777774838,6000,12990.003729794424
0.30466658438973576,0.16977711046539168,-0.011331882666363488,15000,18495.762853876247
0.03096723983469186,0.17761005818974382,0.0016095892895485466,39000,12308.705340727283
0.06045829535513537,0.15304997028921227,-0.0022865531079657563,6000,14552.421047816675
0.30466658438973576,0.13484353669978905,-0.012929771821032192,15000,2149.416136534133
0.03096723983469186,0.1839534500319583,-0.0176907566000043,25000,9568.06133278347
0.30466658438973576,0.14441292252525784,-0.013409481442932754,5000,9208.354043041478
0.0567270438764676,0.15949781968221702,-0.006916803218182361,20000,9921.736099442112
0.03096723983469186,0.14462060415162836,-0.013515568985404774,5000,8094.365808845958
0.06045829535513537,0.1519544456662305,-0.003469427041347064,15000,14552.421047816675
0.4722332058040905,0.17789858861489113,-0.003144006149395396,7000,12472.89232435155
0.4722332058040905,0.1841927516682722,-0.019729828413024328,25000,8054.929374637141
0.3198999136092226,0.1331348406627065,-0.0215088253815911,22000,14929.56671203167
0.2764675808695338,0.1500370462007912,-0.01689975108156706,10000,12308.705340727283
0.1896930846842057,0.16327926880399873,-0.00266879567687743,5000,3721.496251044161
0.030709161363584057,0.14686778951914223,-0.012008089885971,20000,12549.767112704283
0.4722332058040905,0.1609893662739463,-0.018184833881115966,10000,1388.161926428812
0.2764675808695338,0.14198911534205155,-0.0043713448283362955,5000,2149.416136534133
0.2764675808695338,0.17213938966098627,-0.010209387662423195,10000,4635.668443078176
0.30466658438973576,0.1512867317359947,-0.009205581554486008,20000,13345.696517931832
0.030709161363584057,0.157100501743408,-0.011614197404249434,12000,2641.9358544440147
0.30466658438973576,0.16907829773406452,0.002441292098334717,20000,2641.9358544440147
0.16426813223584644,0.16193527419081077,-0.014099773406834944,20000,15674.647469510692
0.4722332058040905,0.15364162904158812,-0.007945230459269172,5000,11700.301792294806
0.1896930846842057,0.16526276842700463,-0.014733646410143537,20000,9568.06133278347
0.07823302695080049,0.15970217816286736,-0.0026730209414515815,10000,12472.89232435155
0.07498632668291193,0.16687076533639883,0.0003699542581227627,23000,5961.998200255187
0.16426813223584644,0.16206834069592954,-0.007424120898386067,3000,12625.18983357999
0.3965352901233879,0.1468236660804797,-0.0074694392328023915,15000,8044.38748849249
0.03096723983469186,0.15535943669144042,-0.006187366734369804,3000,7818.674849699402
0.0567270438764676,0.17168639913341774,-0.01643206858716854,20000,8867.27474861856
0.030709161363584057,0.16513267713689359,0.00392843415529842,25000,2955.6355296040556
0.16426813223584644,0.14930848715541079,-0.009744696821728939,8000,8044.38748849249
0.07823302695080049,0.14831062560814728,-0.011967676997303917,23000,16949.69186366355
0.1589499598856141,0.15797435440534818,-0.0013650313015217256,5000,12625.18983357999
0.07498632668291193,0.15217974806624637,-0.011839460763772276,10000,9968.772979815913
0.1896930846842057,0.1654244988860239,-0.015526486898011541,8000,13439.594459895283
0.030709161363584057,0.15606491373347672,-0.008182073724976067,20000,3721.496251044161
0.07498632668291193,0.167616108973062,-0.0037394338806050463,25000,14088.177761028734
0.1896930846842057,0.15835601792745196,-0.002080851762861926,10000,10588.791757848958
0.4722332058040905,0.1750602930077295,-0.00948350160411817,10000,1388.161926428812
0.30466658438973576,0.16456568106585323,-0.0036899513447025112,25000,3982.1550627694223
0.30466658438973576,0.1684808859232476,-0.023198109603206292,15000,3982.1550627694223
0.3965352901233879,0.15814216032932096,-0.006134102972640759,15000,9921.736099442112
0.2764675808695338,0.14801748474967097,0.008097815678663542,5000,7903.372032495086
0.1896930846842057,0.14800732388710808,-0.0076501837125914005,15000,9568.06133278347
0.3198999136092226,0.16604534093522694,-8.198035640926118e-05,22000,8094.365808845958
0.030709161363584057,0.13696422090186336,0.010720865020739125,25000,12625.18983357999
0.30466658438973576,0.13525119724271273,-0.006121321244395336,4000,5756.56884800299
0.06045829535513537,0.16760008503922186,-0.010284704258220534,15000,12625.18983357999
0.0567270438764676,0.15476249915111306,-0.014288886425677914,4000,12990.003729794424
0.03096723983469186,0.15262309851665268,-0.00579362587464239,5000,1944.8338863255753
0.0567270438764676,0.16317125729195373,-0.001817461969207066,5000,1388.161926428812
0.06045829535513537,0.1487318174781341,-0.019190930927563445,25000,15674.647469510692
0.1896930846842057,0.16165573315068787,-0.0040970234473159135,10000,10124.162225871132
0.06045829535513537,0.15413785771273725,0.008018885763370277,8000,11428.776259500675
0.3198999136092226,0.14147528760757055,-0.00898200375711579,25000,9968.772979815913
0.07823302695080049,0.14462891193620292,-0.014713149763149752,39000,6379.779727401703
0.2764675808695338,0.15417559608685813,-0.018885602295179157,39000,9367.701460379212
0.4722332058040905,0.1468744800185109,-0.024115787230127368,6000,14929.56671203167
0.30466658438973576,0.15571357063541041,-0.017086383013210787,6000,6490.025297937499
0.30466658438973576,0.1479242094467021,-0.0011206595573466332,25000,8266.360338630808
0.1896930846842057,0.1617894348742499,-0.004597987374367991,28000,2641.9358544440147
0.0567270438764676,0.14190439695167384,-0.005205420432608772,25000,9362.142291789198
0.03096723983469186,0.1673312626983515,0.01032993156693104,3000,8044.38748849249
0.06045829535513537,0.16305903852479364,-0.007398821018303747,5000,9308.86605146799
0.16426813223584644,0.13963675772625864,-0.004178135901534765,8000,6379.779727401703
0.2764675808695338,0.16530822470246131,-0.019335729008481687,12000,6379.779727401703
0.1896930846842057,0.14625304342693926,-0.0030459227488161674,22000,5961.998200255187
0.1896930846842057,0.1713878055102977,-0.008512552554233874,8000,13345.696517931832
0.1589499598856141,0.166193520056781,-0.01385848092689217,15000,3180.534231222965
0.07498632668291193,0.15507958302001232,-0.010544575981686228,5000,14929.56671203167
0.07498632668291193,0.18103231623290697,-0.004792626453695742,22000,12625.18983357999
0.03096723983469186,0.15724700400715616,-0.0036796314649660882,23000,2149.416136534133
0.07823302695080049,0.14264675339517763,-0.013393015040158794,23000,8980.724685620986
0.03096723983469186,0.14860574452076886,-0.005540233975714534,12000,2149.416136534133
0.30466658438973576,0.14457992807657202,-0.0077499720248131385,25000,9815.38693042659
0.3198999136092226,0.16746752895879172,7.882141056906138e-05,15000,5961.998200255187
0.03096723983469186,0.15521987008419774,-0.010127055286058586,12000,3982.1550627694223
0.16426813223584644,0.16212842947241737,-0.014405268430598979,10000,15182.209441928107
0.06045829535513537,0.18405493904096207,-0.016017050968748815,20000,12625.18983357999
0.0567270438764676,0.14004970872622338,-0.020784529999970255,8000,8867.27474861856
0.2764675808695338,0.14173114113413168,-0.013794525349540905,10000,18495.762853876247
0.1589499598856141,0.17158015896334844,-0.0021944476838764966,12000,6111.439449623881
0.2764675808695338,0.14980010262414803,-0.0006815029980712927,3000,2149.416136534133
0.03096723983469186,0.15200502760099796,-0.01692871325338018,5000,8371.635549928305
0.1589499598856141,0.16847130674938643,-0.006671713000921276,12000,12625.18983357999
0.2764675808695338,0.16169389886993882,-0.017474097249218667,28000,5852.089204350804
0.3198999136092226,0.1691762483217091,-0.006601222455698978,25000,5961.998200255187
0.0567270438764676,0.17879372203097627,-0.015486086271494129,8000,8980.724685620986
0.07823302695080049,0.18460579034110966,-0.01273325292080722,15000,6029.591590125569
0.06045829535513537,0.17955049091302164,-0.012932061988344923,5000,8867.27474861856
0.3965352901233879,0.1770157028243303,-0.028550396829676347,20000,9362.142291789198
0.1896930846842057,0.1775770246823249,-0.009774625299359664,28000,10868.15254697223
0.030709161363584057,0.1464868345615613,-0.00026340163198142425,25000,2149.416136534133
0.07823302695080049,0.1835905995796032,-0.003820591028409396,6000,9921.736099442112
0.4722332058040905,0.14728402663129841,-0.00036780699558921343,7000,8371.635549928305
0.07823302695080049,0.184979549238272,-0.012321873787273742,6000,12472.89232435155
0.1589499598856141,0.14932771218021534,0.011249699749094627,23000,10868.15254697223
0.07498632668291193,0.16608496411319176,-0.006331715454963258,7000,13439.594459895283
0.16426813223584644,0.15292548995320618,-0.017780918473001665,3000,12990.003729794424
0.3965352901233879,0.14545649364688024,-0.005171062149725332,10000,3982.1550627694223
0.07823302695080049,0.1701557668369467,-0.01026603353196085,15000,2641.9358544440147
0.3198999136092226,0.1612367422834111,-0.00637881758175365,22000,9367.701460379212
0.3965352901233879,0.17715358253223845,-0.013650768580480477,25000,9921.736099442112
0.2764675808695338,0.14075864636940869,-0.009128683488863108,39000,14552.421047816675
0.1589499598856141,0.168609095410204,0.0005055497580969592,3000,14552.421047816675
0.06045829535513537,0.16438142877969214,-0.012480564185040852,12000,2641.9358544440147
0.2764675808695338,0.16482238818439013,-0.01422506614452756,8000,1932.7685273621282
0.0567270438764676,0.1432875825094335,-0.016199483475707606,25000,8298.692961111445
0.4722332058040905,0.13441846501019877,-0.011451798957199373,4000,14088.177761028734
0.3965352901233879,0.16232225325012986,-0.009425966258722286,5000,1388.161926428812
0.3965352901233879,0.15798809371461398,-0.015538973459414074,3000,5961.998200255187
0.0567270438764676,0.15910894281664065,-0.008551328286025164,3000,9568.06133278347
0.07498632668291193,0.1711793264232633,-0.0015414264082478156,8000,12308.705340727283
0.1589499598856141,0.14423221116817508,-0.012232145601710058,10000,8980.724685620986
0.03096723983469186,0.1567458307419848,-0.010273484683088053,8000,9815.38693042659
0.07823302695080049,0.15156715140378535,-0.01407256314366651,7000,3180.534231222965
0.03096723983469186,0.15588150094096642,-0.0019917456955918776,10000,10588.791757848958
0.07498632668291193,0.16549012045937947,0.0017772656468598594,3000,3982.1550627694223
0.030709161363584057,0.14521183969091486,-0.0030691417782298847,8000,6379.779727401703
0.1589499598856141,0.15382139009667178,-0.011826482745427375,8000,9308.86605146799
0.06045829535513537,0.1438600644758626,-0.008538118656542087,7000,8781.38100521925
0.16426813223584644,0.15247864162103572,-0.010943999953230858,15000,12625.18983357999
0.30466658438973576,0.14117794008374263,-0.0062058864092278294,12000,9367.701460379212
0.07823302695080049,0.1642093841281159,-0.0009503906170054203,20000,12549.767112704283
0.06045829535513537,0.15848369609732557,-0.002621486209453953,8000,1932.7685273621282
0.07498632668291193,0.14900954851759482,0.005130621576704017,15000,6490.025297937499
0.16426813223584644,0.14255127542511928,-0.006586419093639273,10000,8867.27474861856
0.03096723983469186,0.13435043531557295,-0.02987461202007338,4000,2641.9358544440147
0.2764675808695338,0.16635472819953334,-0.008346324131635708,28000,8867.27474861856
0.30466658438973576,0.15947882730639842,-0.004023563913288878,39000,9568.06133278347
0.3198999136092226,0.1587316860283716,-0.008068024373295329,5000,15182.209441928107
0.06045829535513537,0.17647513771280346,-0.01393737061725511,25000,16949.69186366355
0.4722332058040905,0.15949310267982642,-0.012574416755630802,3000,12472.89232435155
0.1896930846842057,0.14600187808278328,0.01646028844764292,22000,9367.701460379212
0.07498632668291193,0.16777544258119415,-0.007761738113434327,3000,2149.416136534133
0.4722332058040905,0.17027511047185698,-0.0033906681838823823,5000,1944.8338863255753
0.07498632668291193,0.1596042774046949,-0.009977894349514125,8000,5961.998200255187
0.0567270438764676,0.16037376512518303,-0.027374199214601103,15000,4635.668443078176
0.4722332058040905,0.14591196526531175,-0.013786551184756607,15000,13439.594459895283
0.3198999136092226,0.1395458527569407,-0.016384963182474347,39000,3982.1550627694223
0.30466658438973576,0.16064214498842927,0.010473711956073346,8000,11428.776259500675
0.4722332058040905,0.1737378710176859,-0.010433645814974454,39000,7903.372032495086
0.2764675808695338,0.1723203327220512,-0.010284744456669792,10000,1944.8338863255753
0.06045829535513537,0.16972510436608135,-0.01542495693780962,23000,10588.791757848958
0.07823302695080049,0.17372801745627833,-0.01270660288404469,10000,1944.8338863255753
0.0567270438764676,0.16182495051334664,-0.006514934852013173,20000,6379.779727401703
0.2764675808695338,0.17201426862777655,-0.008336349270001844,12000,8054.929374637141
0.06045829535513537,0.18052103194163857,-0.014783275169138821,39000,9367.701460379212
0.30466658438973576,0.16929754880455306,-0.0030417881129828116,6000,5961.998200255187
0.030709161363584057,0.16541076262225082,-0.00799495734826776,10000,8781.38100521925
0.2764675808695338,0.14201386722423276,-0.0025437313884391897,6000,8867.27474861856
0.1896930846842057,0.14084759412710943,-0.010891167614866913,12000,14552.421047816675
0.06045829535513537,0.16256304390262452,-0.013829940518583248,22000,8054.929374637141
0.4722332058040905,0.16251712126484213,-0.008381160614800225,4000,3721.496251044161
0.4722332058040905,0.17371654388485136,-0.017120573530729384,7000,8867.27474861856
0.07498632668291193,0.15074363043860753,-0.002225634023280757,15000,5961.998200255187
0.1896930846842057,0.166411427971256,-0.015143308806471812,12000,9815.38693042659
0.16426813223584644,0.14531972824870049,-0.015599395761613264,5000,2955.6355296040556
0.03096723983469186,0.15780534450282852,-0.019882947637820406,39000,9921.736099442112
0.3198999136092226,0.13975722840923638,-0.009678839219452586,12000,3180.534231222965
0.4722332058040905,0.1560893435226332,0.01063581922625645,4000,13439.594459895283
0.4722332058040905,0.1621553192208835,-0.013127355891727909,25000,8044.38748849249
0.1589499598856141,0.14749684053018278,-0.026788934218328068,22000,9357.594394504782
0.1589499598856141,0.14751499352786532,-0.01573295161229101,20000,18495.762853876247
0.2764675808695338,0.17084361290755978,0.00271083951012461,25000,8371.635549928305
0.030709161363584057,0.14509912709869005,0.00802190897258775,25000,6111.439449623881
0.030709161363584057,0.1334598004314612,-0.0027355291714639103,10000,12625.18983357999
0.1589499598856141,0.14827258739511892,-0.00883692716363107,15000,13439.594459895283
0.0567270438764676,0.17172385458397701,-0.02164670719233744,10000,15674.647469510692
0.1589499598856141,0.16481588100456995,-0.0005250059812240205,25000,9357.594394504782
0.06045829535513537,0.16200724954188464,-0.014005079467730736,15000,3180.534231222965
0.3965352901233879,0.17012651777751292,-0.014126854392377625,10000,9815.38693042659
0.3965352901233879,0.15559865167400466,-0.0018908713518391734,4000,13439.594459895283
0.030709161363584057,0.16843594111527746,-0.01238361244227328,25000,18495.762853876247
0.07498632668291193,0.1697424439924711,-0.010121799227746657,10000,10588.791757848958
0.3965352901233879,0.16580665826225013,-0.0021310478585163817,20000,2149.416136534133
0.2764675808695338,0.15648276179000647,-0.0045427845781084615,4000,9968.772979815913
0.1896930846842057,0.15069250532214287,-0.01742292959220727,12000,13345.696517931832
0.07823302695080049,0.1728246808676064,-0.027257483609522997,12000,10124.162225871132
0.2764675808695338,0.1452747332452632,-0.01519755379530299,12000,2149.416136534133
0.3965352901233879,0.16224823036032732,0.002072832036105092,25000,3721.496251044161
0.030709161363584057,0.1510147206864367,-0.0033504084725052216,10000,6379.779727401703
0.030709161363584057,0.17100454166729379,-0.005838027979302643,15000,8298.692961111445
0.3198999136092226,0.14467180357176446,-0.011108878068754073,10000,1944.8338863255753
0.03096723983469186,0.15477167295085636,-0.02269737422418297,6000,9308.86605146799
0.16426813223584644,0.1537417449263677,0.0029780447600528293,12000,6111.439449623881
0.07823302695080049,0.14960337830875556,-0.009308063813175605,10000,8054.929374637141
0.06045829535513537,0.1467905094253926,-0.019229691963992632,22000,11700.301792294806
0.07498632668291193,0.1384544424654941,-0.010799572450302273,25000,9357.594394504782
0.30466658438973576,0.16185598299810416,-0.0033041590142155394,8000,9968.772979815913
0.06045829535513537,0.16780613487012452,-0.009500793798766371,25000,5852.089204350804
0.3198999136092226,0.14240894969619683,-0.014008367292919731,28000,9568.06133278347
0.1589499598856141,0.1528191661617051,-0.012568403278295674,5000,3721.496251044161
0.030709161363584057,0.17084047363856558,-0.008433951470551563,12000,9362.142291789198
0.07823302695080049,0.1464891520368575,0.005942796343480537,28000,8867.27474861856
0.07823302695080049,0.1698676062262543,-0.005043509327929465,28000,10588.791757848958
0.06045829535513537,0.1743830540107357,-0.02061991952224344,10000,8298.692961111445
0.06045829535513537,0.14244239528469266,-0.015165471964146297,15000,12625.18983357999
0.3198999136092226,0.16798861899813755,-0.00660421961470299,12000,14552.421047816675
0.3198999136092226,0.16113179527188348,-0.005705787527786774,5000,10124.162225871132
0.1896930846842057,0.17451453925557667,-0.0126112826715628,23000,8781.38100521925
0.3965352901233879,0.14233535613723486,-0.017242377757823547,28000,3721.496251044161
0.03096723983469186,0.16323869702743846,-0.007487353269150814,5000,2149.416136534133
0.3198999136092226,0.15206265717570588,-0.0023016276070681727,39000,14088.177761028734
0.0567270438764676,0.1578765856393824,-0.0041988312926318355,8000,5756.56884800299
0.16426813223584644,0.13938730761901355,-0.011952262994418318,15000,3721.496251044161
0.06045829535513537,0.13913924213516315,-0.006434656995361931,5000,11428.776259500675
0.30466658438973576,0.14784259957448165,-0.00651385207953557,10000,7818.674849699402
0.07823302695080049,0.15574054448244107,-0.007029405514119353,10000,3982.1550627694223
0.1896930846842057,0.13321749025556495,-0.011888031438012195,20000,8867.27474861856
0.1589499598856141,0.15313198725336233,0.0011800560988833237,6000,10868.15254697223
0.1589499598856141,0.16669570542448842,-0.008484975731042177,8000,4635.668443078176
0.07498632668291193,0.15292341601541262,-0.004930518788956863,25000,5961.998200255187
0.2764675808695338,0.14051648256992838,-0.013516349748263008,10000,1388.161926428812
0.16426813223584644,0.16466672370230173,-0.02033146602829984,12000,16949.69186366355
0.07498632668291193,0.16076984379377082,-0.016961582028384454,25000,13345.696517931832
0.16426813223584644,0.1489752843158154,-0.007332928288381068,10000,6490.025297937499
0.4722332058040905,0.15430994164214826,-0.022523523356731343,8000,8298.692961111445
0.2764675808695338,0.14936640156216727,-0.0037594176426743427,22000,6379.779727401703
0.06045829535513537,0.17190988875567204,-0.012006978453277667,28000,9921.736099442112
0.07498632668291193,0.16977147584682314,0.0006019073123289567,25000,8054.929374637141
0.07498632668291193,0.17698347155472832,-0.016160083247459295,25000,3721.496251044161
0.30466658438973576,0.15018162939033494,-0.0049856096415386445,5000,11428.776259500675
0.2764675808695338,0.1563687336396059,0.00038044591419729147,25000,13345.696517931832
0.06045829535513537,0.15423755659996416,-0.012912661709679706,3000,8094.365808845958
0.1896930846842057,0.15934675010473165,-0.0037933609778310045,7000,18495.762853876247
0.03096723983469186,0.1534056232922369,-0.011248366800142089,39000,8044.38748849249
0.0567270438764676,0.1546483307712483,-0.03211490542964413,23000,2149.416136534133
0.4722332058040905,0.17302029458920604,0.002247786162125256,15000,9367.701460379212
0.1896930846842057,0.16273291537201504,-0.000988036556422672,25000,6490.025297937499
0.1896930846842057,0.14873901276849605,-0.01651610219185351,8000,5961.998200255187
0.030709161363584057,0.15212106724896823,0.002102658794189955,25000,8781.38100521925
0.1589499598856141,0.1454399561185508,-0.00827287045536953,5000,12625.18983357999
0.1896930846842057,0.1665135662289321,-0.005121534198985963,5000,1388.161926428812
0.1896930846842057,0.1575376081708267,-0.0042780210628816885,3000,8980.724685620986
0.1896930846842057,0.16473392988178828,-0.005389405259747547,22000,12472.89232435155
0.030709161363584057,0.16253554479940371,-0.004665504746610775,25000,14929.56671203167
0.0567270438764676,0.1732399689404691,-0.009389502778423696,10000,14088.177761028734
0.07823302695080049,0.1791953320642061,-0.004961106941882642,8000,12625.18983357999
0.2764675808695338,0.1714164064161774,-0.01870262489839091,25000,5852.089204350804
0.1589499598856141,0.15921751523018277,-0.0161808179571135,23000,13345.696517931832
0.16426813223584644,0.14936356020504588,-0.0035650900877053633,25000,10868.15254697223
0.3965352901233879,0.14949980854660772,-0.004977074509557712,25000,8781.38100521925
0.07498632668291193,0.1572955159660373,-0.017431064986669364,8000,18495.762853876247
0.1589499598856141,0.16155389913145932,0.0009169614202728106,10000,8867.27474861856
0.1896930846842057,0.15006037919174076,-0.005897813900516622,5000,13345.696517931832
0.3965352901233879,0.15348429874092992,-0.02128382854091029,22000,15182.209441928107
0.0567270438764676,0.14962384135403956,0.005710964826525853,15000,3180.534231222965
0.1896930846842057,0.16267535482135925,-0.007170892587700474,3000,12472.89232435155
0.2764675808695338,0.16022295947888865,-0.012648310952589092,10000,5852.089204350804
0.3965352901233879,0.14022732782997677,-0.011895026701886578,25000,6111.439449623881
0.30466658438973576,0.16755806739430051,-0.005680824155200136,6000,9367.701460379212
0.1896930846842057,0.1711445287470264,-0.005439912450423096,10000,3982.1550627694223
0.30466658438973576,0.1807810154874045,0.004554520914016172,23000,5961.998200255187
0.030709161363584057,0.14171312243518833,-0.007236086775398946,5000,1944.8338863255753
0.030709161363584057,0.14863773239384448,-0.010196064684733148,25000,9815.38693042659
0.030709161363584057,0.1834655504488891,-0.025029350715897434,39000,13345.696517931832
0.1589499598856141,0.14780666379079266,-0.013742900413669299,10000,5756.56884800299
0.06045829535513537,0.15324462082276577,-0.003818062060128541,22000,7903.372032495086
0.3198999136092226,0.16379414064995904,0.0007013214804533989,23000,14929.56671203167
0.16426813223584644,0.13745232782728914,-0.019317004439634442,3000,8781.38100521925
0.4722332058040905,0.14918641570816613,-0.005966778705347713,5000,9968.772979815913
0.07823302695080049,0.1747053003175357,-0.0039413525463826895,10000,12549.767112704283
0.030709161363584057,0.15871932301125297,-0.01007227141402924,3000,2149.416136534133
0.3965352901233879,0.14808938541138128,-0.012982326633433952,7000,4635.668443078176
0.07498632668291193,0.17411258636179988,-0.01417646450280694,20000,10868.15254697223
0.07498632668291193,0.16772201705402914,-0.005617338124455332,25000,12549.767112704283
0.030709161363584057,0.14867567183663374,-0.008813524061671131,15000,8044.38748849249
0.2764675808695338,0.17156960236772437,-0.013386232996086253,25000,14929.56671203167
0.07823302695080049,0.15139477794432035,-0.012770985569699505,22000,3721.496251044161
0.07823302695080049,0.16460417474073202,-0.01370361219864457,12000,12625.18983357999
0.1589499598856141,0.1336218978849458,-0.010345368906981225,10000,8044.38748849249
0.30466658438973576,0.16137392445971444,-0.014245160840217277,15000,3180.534231222965
0.2764675808695338,0.16974604359677653,-0.008969170516032132,12000,6029.591590125569
0.030709161363584057,0.1576911314862174,-0.00266743999163904,22000,10868.15254697223
0.1896930846842057,0.1697577549529861,-0.013089792309808859,15000,8867.27474861856
0.2764675808695338,0.14550558235440117,-0.013929687690156964,10000,11700.301792294806
0.30466658438973576,0.15921717046055517,-0.006666031295360608,10000,3721.496251044161
0.30466658438973576,0.16510632263512748,-0.011129552368449406,3000,8371.635549928305
0.3198999136092226,0.17428175172244703,-0.004507648593882483,20000,15674.647469510692
0.3965352901233879,0.15010119476056644,-0.008670934401581724,20000,11428.776259500675
0.06045829535513537,0.1585340754597611,-0.004903403509806226,5000,8266.360338630808
0.2764675808695338,0.14467741122330527,-0.015433891853790873,23000,14552.421047816675
0.30466658438973576,0.16225989840479538,-0.008295109913405504,6000,11428.776259500675
0.4722332058040905,0.1711269962660712,-0.010416831204794579,7000,9968.772979815913
0.03096723983469186,0.1603125320087697,-0.016791441919929383,25000,10124.162225871132
0.07823302695080049,0.15395028332551017,0.0028314365151336633,5000,11428.776259500675
0.16426813223584644,0.1625982726337799,0.002037711674364165,7000,3180.534231222965
0.4722332058040905,0.14918021775456597,-0.010098135083443677,15000,12625.18983357999
0.3965352901233879,0.15580710029340783,-0.012846425776320823,15000,9357.594394504782
0.3198999136092226,0.1639527908788179,-0.0069510964604463125,10000,5961.998200255187
0.030709161363584057,0.14197941179344845,-0.019913638478718836,20000,3982.1550627694223
0.2764675808695338,0.1661169982913481,-0.00665130019979031,12000,1932.7685273621282
0.06045829535513537,0.16655775713680948,-0.008184418590996804,8000,5852.089204350804
0.4722332058040905,0.16799478448106547,-0.0019517289982210648,12000,9362.142291789198
0.4722332058040905,0.16408865070504047,-0.006991075162681423,25000,8266.360338630808
0.07498632668291193,0.15583337524665128,-0.004715305564612006,15000,8054.929374637141
0.16426813223584644,0.13558663985285185,-0.014364657870400376,22000,12472.89232435155
0.1589499598856141,0.1706910665306751,-0.009245461490857618,15000,8980.724685620986
0.16426813223584644,0.14398593846166818,0.007099615312688616,5000,8781.38100521925
0.1589499598856141,0.1728998401315286,-0.02307575273502526,10000,14929.56671203167
0.1589499598856141,0.1598099887384018,0.0056098550569888056,3000,9968.772979815913
0.3198999136092226,0.16916586900117933,-0.005507171827088767,12000,15674.647469510692
0.16426813223584644,0.1491442684402574,-0.01174331561627925,15000,15674.647469510692
0.2764675808695338,0.15439437939718278,-0.008546628134640466,10000,2641.9358544440147
0.16426813223584644,0.1627785502081304,-0.015123297232432338,15000,14552.421047816675
0.06045829535513537,0.15635042355329812,-0.012277827636923137,7000,6029.591590125569
0.4722332058040905,0.1647850160254221,-0.012785125219000196,23000,9568.06133278347
0.2764675808695338,0.1510182185571598,-0.004473152324351066,25000,10588.791757848958
0.3965352901233879,0.17608039756277463,0.0006457043152073614,15000,9208.354043041478
0.06045829535513537,0.14602768547367498,-0.011363459004960282,8000,8980.724685620986
0.16426813223584644,0.14622792667756065,-0.008605450050005488,6000,7818.674849699402
0.0567270438764676,0.136163774106893,-0.01651554378705941,12000,7903.372032495086
0.06045829535513537,0.15324615284360027,-0.0064728086476942516,8000,9568.06133278347
0.1896930846842057,0.13370148510657587,-0.010737283847819145,15000,9308.86605146799
0.3965352901233879,0.15591581886517758,-0.004048405290728957,39000,8266.360338630808
0.30466658438973576,0.16043877056537603,-0.011042290418939851,10000,13439.594459895283
0.03096723983469186,0.14906057823473792,-0.007679165942545874,23000,9968.772979815913
0.3198999136092226,0.18381501736460443,-0.014894603204847697,15000,10588.791757848958
0.03096723983469186,0.1805920327890548,-0.0017282469035718917,7000,1932.7685273621282
0.3965352901233879,0.1626816003346327,-0.013091113167138466,25000,8044.38748849249
0.3198999136092226,0.15954064724366737,-0.018914436333722407,28000,2149.416136534133
0.03096723983469186,0.1568076501250705,0.009078557939626405,4000,10588.791757848958
0.1896930846842057,0.161176636197441,-0.009617875197960816,3000,10868.15254697223
0.06045829535513537,0.17103228721727787,-0.013616543182885642,8000,8298.692961111445
0.030709161363584057,0.14271500105750823,0.0061667714980177465,5000,11700.301792294806
0.1589499598856141,0.16758254967738992,-0.014417598032431814,5000,8867.27474861856
0.16426813223584644,0.16227099483191113,-0.01705721797000699,4000,8980.724685620986
0.3965352901233879,0.1767761663282883,-0.0227207766736369,25000,14929.56671203167
0.3965352901233879,0.16499171883597827,-0.013289113789968584,23000,12549.767112704283
0.2764675808695338,0.14285582957646312,0.0013172625061030811,10000,6111.439449623881
0.03096723983469186,0.1630512099842956,-0.005790380527550924,39000,5756.56884800299
0.3965352901233879,0.1577038994901405,0.001187193452525186,5000,8298.692961111445
0.03096723983469186,0.1664125986782289,-4.235205581084817e-05,25000,15182.209441928107
0.07823302695080049,0.14718160329901808,-0.009656128798308168,15000,6490.025297937499
0.0567270438764676,0.16794908622226765,-0.004904092248904161,15000,12472.89232435155
0.3965352901233879,0.13693631952979066,0.00556101219512073,20000,8044.38748849249
0.1589499598856141,0.15269439268727905,-0.012271108483197762,5000,8266.360338630808
0.07823302695080049,0.1727097915034383,-0.019904703223786624,12000,9208.354043041478
0.03096723983469186,0.1661643235947369,-0.015019261070929974,23000,8266.360338630808
0.3198999136092226,0.15340825269502992,0.008470556607845011,3000,9357.594394504782
0.07498632668291193,0.17733747310489126,-0.0003022847961313187,3000,9367.701460379212
0.3965352901233879,0.1582710336674488,-0.002199005371737992,7000,6379.779727401703
0.030709161363584057,0.14390641950785055,-0.011869104962525596,3000,7818.674849699402
0.3198999136092226,0.14971335392089405,-0.009704750861353735,3000,11700.301792294806
0.3965352901233879,0.16667724096108522,-0.006552029609787029,23000,13439.594459895283
0.0567270438764676,0.15457716865674606,-0.002648881036557427,4000,12549.767112704283
0.07498632668291193,0.1449788335167945,0.0035433090752719355,5000,8044.38748849249
0.03096723983469186,0.17360571911419398,-0.009275847691299742,10000,10588.791757848958
0.030709161363584057,0.1694073174166516,0.0051222848501462056,10000,8980.724685620986
0.2764675808695338,0.16536162828042983,-0.006918745890219322,3000,15182.209441928107
0.07823302695080049,0.15329597917146684,-0.021215979978832497,15000,6379.779727401703
0.4722332058040905,0.17440070574383862,-0.010404300067311491,25000,5961.998200255187
0.16426813223584644,0.15942279374490234,-0.003901671913617189,3000,8980.724685620986
0.4722332058040905,0.1585013611778094,-0.014126102725014945,10000,8094.365808845958
0.30466658438973576,0.1396726848091859,-0.007979059910821535,5000,8867.27474861856
0.1589499598856141,0.14614012787933267,-0.02010183011684804,10000,1932.7685273621282
0.30466658438973576,0.14408016129120382,-0.00190328491134506,25000,3180.534231222965
0.07823302695080049,0.17167992069981142,-0.011151343751814827,20000,9357.594394504782
0.1896930846842057,0.1494095177332831,-0.026729581795291894,12000,6111.439449623881
0.3965352901233879,0.16857089859021604,-0.0032106908983168415,10000,2149.416136534133
0.30466658438973576,0.15956860703747192,-0.02472382991110128,15000,10124.162225871132
0.4722332058040905,0.16757446184339617,-0.02698192578408526,10000,11700.301792294806
0.03096723983469186,0.15774366565292294,-0.004827681886290329,22000,14088.177761028734
0.3198999136092226,0.16149251408349927,-0.0017451387319611705,12000,1932.7685273621282
0.1589499598856141,0.1821125424777422,-0.005708554051775539,12000,12549.767112704283
0.16426813223584644,0.1497710825103451,-0.008819968417303084,8000,3180.534231222965
0.07823302695080049,0.13720352202332148,-0.0028667520777498844,25000,1944.8338863255753
0.03096723983469186,0.16343913558568843,-0.008413048001248022,28000,7818.674849699402
0.0567270438764676,0.1591572114953522,-0.0042843237885501215,10000,6379.779727401703
0.3965352901233879,0.16550726280352876,-0.0012530558611774704,25000,13345.696517931832
0.16426813223584644,0.17260140881302857,-0.0035392788738309497,15000,13439.594459895283
0.3198999136092226,0.16536758024528375,-0.008454880652522189,3000,14929.56671203167
0.16426813223584644,0.18464017943696634,-0.015913433049862934,8000,3982.1550627694223
0.3965352901233879,0.1571256901635103,0.008522620643451783,25000,11428.776259500675
0.07498632668291193,0.14389940497970896,-0.01683950680607475,12000,6029.591590125569
0.030709161363584057,0.16022480621865462,-0.012563711067703235,28000,9308.86605146799
0.3965352901233879,0.17723571013542655,0.002942178376743205,20000,11700.301792294806
0.30466658438973576,0.15777731919032442,-0.010989870791687756,3000,5756.56884800299
0.2764675808695338,0.1624969110381731,-0.002621829597086006,7000,8371.635549928305
0.2764675808695338,0.16678905298821076,0.011528373481920203,23000,8054.929374637141
0.07498632668291193,0.1530461225647048,-0.021728496542792262,10000,11700.301792294806
0.3198999136092226,0.14963713183917593,-0.01888565993849062,5000,4635.668443078176
0.030709161363584057,0.16190785271483307,-0.011996900002289014,3000,6029.591590125569
0.1589499598856141,0.1700316662298562,-0.014272838607425955,15000,14088.177761028734
0.07498632668291193,0.18033556430157427,0.0015219336011068106,7000,12990.003729794424
0.03096723983469186,0.14979758076049843,-0.009292177017902454,15000,5961.998200255187
0.30466658438973576,0.1701248521450691,-0.0019715753170878514,20000,10868.15254697223
0.0567270438764676,0.16571656783765593,-0.003736088834609649,10000,8867.27474861856
0.2764675808695338,0.1599798247205645,-0.01844327810187669,3000,12472.89232435155
0.3965352901233879,0.17947667674899323,-0.006793419439895123,3000,13345.696517931832
0.07498632668291193,0.1606759144067461,-0.007957249908484605,8000,1944.8338863255753
0.1589499598856141,0.16808249117346102,0.00294149485783029,5000,12625.18983357999
0.030709161363584057,0.1457087538490787,-0.013517559432351734,25000,8298.692961111445
0.07823302695080049,0.1439595042273308,0.004074533104277433,5000,18495.762853876247
0.06045829535513537,0.1336206896115892,-0.015074569446065311,20000,15182.209441928107
0.03096723983469186,0.1598971711547745,-0.01278206731873968,20000,8980.724685620986
0.06045829535513537,0.15924171922568273,-0.010907390487939709,10000,5961.998200255187
0.07823302695080049,0.17093805907584725,-0.0032976397378782604,8000,6490.025297937499
0.30466658438973576,0.1569955773413227,-0.0023039955961073897,3000,2641.9358544440147
0.1896930846842057,0.15170644555962537,-0.007830560775932438,10000,3982.1550627694223
0.03096723983469186,0.1471154871268171,-0.010097979781783208,20000,12625.18983357999
0.07498632668291193,0.1663120055573127,-0.005715261780970715,7000,9815.38693042659
0.1589499598856141,0.15889983836544416,-0.0006125899103268202,10000,6490.025297937499
0.030709161363584057,0.15969216511652748,-0.008605838940242373,10000,18495.762853876247
0.3965352901233879,0.16975975828211598,-0.01418119038964104,8000,8298.692961111445
0.1896930846842057,0.14874245376632306,0.007486477149288257,25000,14929.56671203167
0.07498632668291193,0.1603105246352541,0.00020891058529964095,6000,13439.594459895283
0.2764675808695338,0.1568770945176866,-0.006307254342024106,10000,8781.38100521925
0.03096723983469186,0.15445786970539446,-0.008880284660989082,12000,13345.696517931832
0.16426813223584644,0.14607083209832292,-0.0017956322093130395,10000,10124.162225871132
0.030709161363584057,0.16853304016324414,-0.0025504373432348464,12000,7903.372032495086
0.16426813223584644,0.16170973675531986,-0.01885781005467836,5000,1388.161926428812
0.1896930846842057,0.15466247804428127,-0.01402119854974271,7000,10124.162225871132
0.30466658438973576,0.14936954798094176,0.008067632647795047,10000,11428.776259500675
0.0567270438764676,0.17173446284150015,-0.012320721247253804,10000,5756.56884800299
0.0567270438764676,0.14553737981371362,0.007165629550055106,10000,9208.354043041478
0.16426813223584644,0.14003749170439775,-0.00021933231753706983,25000,13439.594459895283
0.2764675808695338,0.16704736005554183,-0.026069862432884627,25000,9921.736099442112
0.16426813223584644,0.17253558625020982,-0.0076087148154226816,6000,15182.209441928107
0.07498632668291193,0.1851833410107174,-0.0061176575531861664,7000,8781.38100521925
0.1896930846842057,0.15768486682084837,-0.01841231363495694,25000,13439.594459895283
0.3198999136092226,0.1561995377811914,0.0008942717308252857,15000,8298.692961111445
0.4722332058040905,0.15828350675178113,0.000839161665104769,15000,8980.724685620986
0.16426813223584644,0.1594001195689795,-0.0046521708634123474,20000,9968.772979815913
0.0567270438764676,0.16136067191393755,-0.013896444720907116,25000,8781.38100521925
0.2764675808695338,0.1584368145991494,-0.007779738183194313,25000,7818.674849699402
0.3965352901233879,0.18476038093732297,-0.015011063541541329,3000,12549.767112704283
0.3198999136092226,0.17348969718686663,-0.010596516420758696,10000,5961.998200255187
0.0567270438764676,0.1589444981842074,-0.01841146805601933,25000,9367.701460379212
0.030709161363584057,0.1543876352992843,-0.018410206802492116,10000,14552.421047816675
0.4722332058040905,0.18071331596045578,0.00013506842514568373,28000,14088.177761028734
0.0567270438764676,0.13783589622600098,-0.013009579742588059,15000,8867.27474861856
0.07823302695080049,0.14835047358941034,-0.015392959228373674,20000,9367.701460379212
0.03096723983469186,0.16073234279235987,-0.006278605188171707,15000,3180.534231222965
0.06045829535513537,0.1783256610170014,-0.004929525317494461,5000,2149.416136534133
0.1589499598856141,0.14685324054837898,-0.007240848493575755,12000,3721.496251044161
0.06045829535513537,0.17121869767031977,-0.002571013740636445,5000,6029.591590125569
0.06045829535513537,0.1443146513044753,-0.010320425040990261,6000,9367.701460379212
0.07823302695080049,0.16237100967216525,0.0004046801524934033,7000,18495.762853876247
0.3965352901233879,0.17151946935260762,-0.019942440020368508,25000,9208.354043041478
0.3198999136092226,0.14363639718864107,-0.012553091452533327,4000,10124.162225871132
0.3198999136092226,0.13389995284000847,-0.007866172678400288,6000,2641.9358544440147
0.30466658438973576,0.15396350374135,-0.011098271178158934,6000,9357.594394504782
0.030709161363584057,0.15520980870601664,-0.006948332376394542,8000,12472.89232435155
0.07498632668291193,0.1495003615479857,-0.01471289698015759,10000,8044.38748849249
0.16426813223584644,0.14226178578061532,-0.0020118772775350865,15000,6029.591590125569
0.1896930846842057,0.1643877586835372,-0.023515715823422403,39000,5756.56884800299
0.4722332058040905,0.15609489527856643,5.489797626282495e-05,23000,9921.736099442112
0.2764675808695338,0.1468961921876904,0.0002196914887652434,10000,5961.998200255187
0.07823302695080049,0.14714527815155004,-0.008976779033603373,3000,4635.668443078176
0.030709161363584057,0.15893954372519561,-0.007320731174252946,3000,8266.360338630808
0.2764675808695338,0.15786865200675151,-0.006425102050758861,10000,9815.38693042659
0.30466658438973576,0.14214159166422916,-0.010888189547055817,3000,12549.767112704283
0.2764675808695338,0.1712797063685813,-0.010352467671744841,6000,5756.56884800299
0.16426813223584644,0.13458508909399478,0.0024563233201050656,25000,10124.162225871132
0.030709161363584057,0.17157160828310328,-0.023366536401133647,7000,8867.27474861856
0.07823302695080049,0.1437737459807906,-0.025458829354332132,5000,14088.177761028734
0.0567270438764676,0.15688740681976973,-0.004436130801329637,10000,15182.209441928107
0.3965352901233879,0.15713717645563446,-0.012953607252800694,20000,10868.15254697223
0.3198999136092226,0.14486876998416448,0.00029398626393279406,5000,5852.089204350804
0.0567270438764676,0.13522864460538114,-0.008065218513185039,15000,9357.594394504782
0.3965352901233879,0.1623621114730531,-0.006218841480350747,20000,13439.594459895283
0.4722332058040905,0.1564763563161287,-0.011993140096361954,15000,9568.06133278347
0.07823302695080049,0.17201789181143762,-0.02277439085866207,25000,12625.18983357999
0.07823302695080049,0.15157892590607236,-0.0033751396168991542,25000,14552.421047816675
0.1896930846842057,0.14162047983585382,-0.012477177662923554,25000,16949.69186366355
0.07823302695080049,0.15720026525995318,-0.007702501219391682,5000,1944.8338863255753
0.30466658438973576,0.1351483517328335,-0.03245795315278359,7000,2149.416136534133
0.3965352901233879,0.1473970156388628,-0.0058386082470231505,5000,9208.354043041478
0.07823302695080049,0.159033304024553,-0.002025174602825566,15000,3180.534231222965
0.16426813223584644,0.16858058211351173,-0.004325775937980549,8000,6029.591590125569
0.16426813223584644,0.1697526135838681,-0.005951014676017709,39000,7818.674849699402
0.030709161363584057,0.15089136205753845,0.0005662048249713073,22000,5756.56884800299
0.2764675808695338,0.17755325853471754,-0.01630454244310175,8000,4635.668443078176
0.03096723983469186,0.15944316926400579,-0.020829588403067673,7000,18495.762853876247
0.06045829535513537,0.14417370736832308,-0.014360986467496324,6000,8094.365808845958
0.1896930846842057,0.15167525495592996,-0.0019270372403446421,25000,6379.779727401703
0.4722332058040905,0.16254108412272625,0.003036570695510346,25000,9921.736099442112
0.4722332058040905,0.14523946358110487,-0.02678201345343227,20000,8371.635549928305
0.1589499598856141,0.13708170000771802,-0.01855524623351222,6000,8867.27474861856
0.1896930846842057,0.1590521754684671,-0.0025197872868746945,8000,14088.177761028734
0.16426813223584644,0.17056806896197765,-0.018745436698729415,12000,3982.1550627694223
0.3965352901233879,0.16277505618796972,-0.019065551916892926,8000,12625.18983357999
0.07823302695080049,0.16296295921821244,-0.02177695072822127,3000,8980.724685620986
0.07823302695080049,0.15508827180104612,-0.021218332816493286,20000,9921.736099442112
0.3198999136092226,0.1526501441147599,-0.018264895788814375,10000,4635.668443078176
0.07498632668291193,0.16983417597116082,-0.014357537515710094,22000,2149.416136534133
0.3198999136092226,0.16102220478558937,-0.015511857362727699,4000,8266.360338630808
0.1896930846842057,0.13371148645155737,-0.016374162687838117,10000,4635.668443078176
0.4722332058040905,0.17553398780390406,-0.011724148368619335,25000,4635.668443078176
0.2764675808695338,0.16658449063451924,-0.014783807784465431,15000,9921.736099442112
0.07498632668291193,0.1719184415510283,-0.020049990324134164,3000,16949.69186366355
0.16426813223584644,0.1481436405982799,0.0006609127750180212,15000,7903.372032495086
0.1589499598856141,0.15352979526991192,-0.005823784269947781,20000,8781.38100521925
0.030709161363584057,0.18384922372605608,-0.0029106450239134267,25000,8781.38100521925
0.030709161363584057,0.17714417478339978,-0.012645845013149994,10000,9968.772979815913
0.1896930846842057,0.1631233455219716,-0.0019127917541897045,15000,2955.6355296040556
0.4722332058040905,0.14592344179587935,-0.014517637583080096,10000,14929.56671203167
0.30466658438973576,0.1596291874373824,-0.006072522369964589,7000,8980.724685620986
0.1896930846842057,0.1695549378561382,-0.01647440759952575,8000,9921.736099442112
0.06045829535513537,0.15225067258513117,-0.010509484291539466,5000,9367.701460379212
0.07823302695080049,0.15783785219594476,-0.004474680543685649,25000,6379.779727401703
0.4722332058040905,0.1446378043231573,-0.012873176067899193,10000,3982.1550627694223
0.3965352901233879,0.14020644099729018,-0.0011802084782436462,5000,8781.38100521925
0.07498632668291193,0.1691003698791233,-0.005730660115818859,10000,5756.56884800299
0.4722332058040905,0.15796180348448025,-0.003366125629856927,3000,10588.791757848958
0.07823302695080049,0.1488784781952452,-0.011099590697779506,8000,8044.38748849249
0.06045829535513537,0.1581604687279167,-0.017343010954474682,4000,6490.025297937499
0.03096723983469186,0.1633790352521055,-0.009551684017727954,10000,9968.772979815913
0.030709161363584057,0.14164141343819003,-0.011481172334517778,15000,12308.705340727283
0.2764675808695338,0.18378744111969478,-0.010731408631745392,3000,14929.56671203167
0.3198999136092226,0.15897709868285206,0.004962768170981813,20000,11700.301792294806
0.1896930846842057,0.13657612948096168,-0.011817362539595509,12000,7903.372032495086
0.07498632668291193,0.17808195116423556,-0.01222136797718656,23000,8980.724685620986
0.03096723983469186,0.14248268715424198,0.012020117459265749,4000,11700.301792294806
0.06045829535513537,0.1547230124566754,-0.008261529516377328,39000,18495.762853876247
0.30466658438973576,0.16587494539518277,-0.005628074863820581,6000,11428.776259500675
0.07498632668291193,0.15582992924548397,-0.005288472682910564,6000,8371.635549928305
0.30466658438973576,0.14378863931485716,0.009963393338999458,12000,8781.38100521925
0.030709161363584057,0.14489591231114665,-0.002905721664494516,15000,8371.635549928305
0.1589499598856141,0.15266807592090445,-0.005275536652230093,8000,12625.18983357999
0.07498632668291193,0.17395808832036916,-0.021205309761361594,22000,3982.1550627694223
0.3965352901233879,0.16380818853007417,-0.011250956922257362,5000,6490.025297937499
0.0567270438764676,0.14862875381953541,-0.004748325097793723,12000,14552.421047816675
0.07823302695080049,0.1526579722890506,-0.007749276211391418,25000,3180.534231222965
0.4722332058040905,0.1576248091573968,0.0015120935795105781,22000,10588.791757848958
0.06045829535513537,0.1392245647031474,0.005823270327599673,3000,2955.6355296040556
0.06045829535513537,0.17660653789986225,-0.003327957619722255,5000,14552.421047816675
0.16426813223584644,0.1347388536152294,-0.019268768442961506,7000,6029.591590125569
0.2764675808695338,0.16541980700395392,0.008687337809077413,3000,2955.6355296040556
0.16426813223584644,0.1740445877968404,-0.004973967076765721,25000,13439.594459895283
0.03096723983469186,0.15211627048005175,-0.012516458754449337,5000,18495.762853876247
0.030709161363584057,0.1555653671006786,-0.015068699271015238,39000,15674.647469510692
0.06045829535513537,0.13417613068822445,-0.014280798438981283,10000,3180.534231222965
0.07498632668291193,0.17454414434169271,-0.001104313229296419,15000,5756.56884800299
0.07823302695080049,0.1580866887655909,-0.015161902701628822,15000,7903.372032495086
0.0567270438764676,0.15420997160862676,0.0023657872361207595,5000,11428.776259500675
0.2764675808695338,0.1621582279955041,-0.010677731518666458,10000,2641.9358544440147
0.4722332058040905,0.15329324593863097,-0.01135190100419163,23000,8298.692961111445
0.3198999136092226,0.14374542197988394,-0.00480640282675786,15000,3721.496251044161
0.1896930846842057,0.16246714105823307,-0.008192517384869707,10000,14088.177761028734
0.16426813223584644,0.17962988455054446,-0.008723178491730918,6000,9367.701460379212
0.2764675808695338,0.13613095855149943,-0.005844804076317049,28000,11700.301792294806
0.1589499598856141,0.1678860915346781,-0.012557047774634136,15000,3982.1550627694223
0.3198999136092226,0.14742772038526036,-0.0011083267139470794,10000,15182.209441928107
0.30466658438973576,0.15387095345480656,-0.01245979174872364,20000,13345.696517931832
0.2764675808695338,0.17140402712584676,-0.011658842497330308,8000,10868.15254697223
0.07823302695080049,0.147718894445338,-0.0005046407885531895,10000,5852.089204350804
0.06045829535513537,0.15947018487476552,-0.0021946314731444137,7000,1932.7685273621282
0.16426813223584644,0.14918139745051057,-0.008835414948532357,4000,4635.668443078176
0.1589499598856141,0.15933176064049695,-0.018258394943886595,25000,16949.69186366355
0.1589499598856141,0.16555595177651947,-0.007147460164055334,5000,10588.791757848958
0.030709161363584057,0.13605089011263088,0.0011919239406354694,5000,8781.38100521925
0.07823302695080049,0.16796459899809152,-0.011529947462794567,5000,8867.27474861856
0.2764675808695338,0.14877323309784993,-0.009190552773953928,28000,4635.668443078176
0.1589499598856141,0.15895100061858997,0.009350796756947326,25000,6490.025297937499
0.030709161363584057,0.1564962084603454,0.00787674051267544,8000,5852.089204350804
0.4722332058040905,0.17552820594736537,-0.018838423395644267,25000,9921.736099442112
0.1589499598856141,0.16116680381580636,-0.010769692398166346,28000,16949.69186366355
0.30466658438973576,0.1408047868312536,-0.010615466131505482,6000,2149.416136534133
0.0567270438764676,0.1697823311305775,-0.010091740193993368,7000,2955.6355296040556
0.4722332058040905,0.1386565313326313,-0.01014800014778947,10000,3982.1550627694223
0.3965352901233879,0.17285252190659553,0.002868993904736809,20000,9815.38693042659
0.06045829535513537,0.170859759847262,-0.003070157913334791,10000,12549.767112704283
0.16426813223584644,0.14327344837462663,-0.005320885670331923,5000,8781.38100521925
0.07498632668291193,0.15415033235179285,-0.012411852904331415,20000,8266.360338630808
0.30466658438973576,0.15610425786048016,-0.00863494980991136,20000,14552.421047816675
0.07823302695080049,0.15176256495166388,-0.0038455805008731684,15000,9968.772979815913
0.3965352901233879,0.14179018350122233,-0.013138842977725041,10000,8266.360338630808
0.1589499598856141,0.16106227807291212,-0.011766238006066354,10000,9308.86605146799
0.30466658438973576,0.1725911681577444,-0.0019243145085614905,22000,10588.791757848958
0.16426813223584644,0.14438657852844236,-0.0003338641056561813,6000,16949.69186366355
0.3965352901233879,0.14592436831542543,-0.014073899738877524,20000,14088.177761028734
0.16426813223584644,0.14416233311733628,-0.009177886302270812,15000,9921.736099442112
0.1589499598856141,0.18020531035681023,-0.018988952795588893,8000,8266.360338630808
0.07823302695080049,0.16415977743876597,-0.009707243207502316,6000,9208.354043041478
0.07498632668291193,0.14792669653224902,-0.00032907204811185957,23000,14088.177761028734
0.3965352901233879,0.17292672652088353,-0.020890021012356996,10000,5961.998200255187
0.16426813223584644,0.18372414620654973,-0.010910943434539688,39000,6490.025297937499
0.3198999136092226,0.1641252159849825,0.002004345640241411,15000,3982.1550627694223
0.1589499598856141,0.15224416019950768,0.00041449068670344454,3000,11428.776259500675
0.1896930846842057,0.14413375922683724,-0.011214113087883304,12000,7818.674849699402
0.3965352901233879,0.1585118702252044,-0.00526135182099975,5000,2955.6355296040556
0.07498632668291193,0.13770865663242207,-0.013351579348244047,25000,9968.772979815913
0.2764675808695338,0.14887417736539968,0.0018686921301623422,3000,11700.301792294806
0.030709161363584057,0.15669240563882408,-0.0010196857676817456,10000,3721.496251044161
0.30466658438973576,0.15592876715633475,-0.016059832472692843,10000,15182.209441928107
0.07823302695080049,0.15826943116750752,-0.009542516960506205,10000,12625.18983357999
0.2764675808695338,0.15089876675116282,-0.014320981411338635,10000,16949.69186366355
0.06045829535513537,0.1699097887981658,-0.02130031175399556,12000,12625.18983357999
0.2764675808695338,0.14850478357819463,-0.011683332240128654,23000,8298.692961111445
0.07498632668291193,0.15301385155342354,-0.013543284778769026,15000,9921.736099442112
0.3198999136092226,0.16261663434927265,-0.007298042079332776,6000,12549.767112704283
0.06045829535513537,0.14140422710542458,0.003266446680822072,28000,5852.089204350804
0.06045829535513537,0.1564100784426741,-0.01496801033397827,12000,13345.696517931832
0.1896930846842057,0.16778800870392568,-0.01829474038795362,5000,11700.301792294806
0.07498632668291193,0.1681044234288822,-0.0019893738093641083,20000,12472.89232435155
0.3198999136092226,0.17430607917209767,-0.004773305995671593,6000,10868.15254697223
0.2764675808695338,0.1741769449230891,-0.004067669665829898,5000,3721.496251044161
0.07823302695080049,0.16092016617012225,-0.0020825790529966797,5000,8054.929374637141
0.16426813223584644,0.16228111406740345,-0.011912213457898103,15000,9308.86605146799
0.3965352901233879,0.15923366664663877,-0.005246799830620988,15000,10124.162225871132
0.030709161363584057,0.18300738493692503,-0.006085823615598153,20000,9208.354043041478
0.3198999136092226,0.1617497296296175,-0.012519830632367147,15000,10124.162225871132
0.2764675808695338,0.1582421729825122,-0.014295921501969521,5000,9921.736099442112
0.30466658438973576,0.14107408572742014,-0.010124811774182488,6000,14929.56671203167
0.4722332058040905,0.15414479429407238,0.0061252758111823985,25000,1932.7685273621282
0.30466658438973576,0.14373107494023984,-0.005777889837943019,10000,2149.416136534133
0.1896930846842057,0.16287673170290998,-0.006870746295858489,25000,2149.416136534133
0.30466658438973576,0.17025656515198198,-0.005343991852148306,10000,2149.416136534133
0.30466658438973576,0.14574065436289185,-0.02465288119195598,39000,11428.776259500675
0.03096723983469186,0.1690782944002342,-0.008423979954384757,25000,13439.594459895283
0.16426813223584644,0.17803180159397386,-0.018251875180021415,5000,5852.089204350804
0.07498632668291193,0.17050221032455037,0.009583619941783673,39000,9968.772979815913
0.30466658438973576,0.1746021172253417,0.0003022111886055937,7000,7903.372032495086
0.07498632668291193,0.154772116357787,-0.0060759580479403715,8000,4635.668443078176
0.4722332058040905,0.1490069689027084,-0.008702453721611686,15000,5756.56884800299
0.1589499598856141,0.16066908835468977,0.006682024276240441,25000,9362.142291789198
0.4722332058040905,0.15426454866940648,-0.02019097979126543,25000,1944.8338863255753
0.4722332058040905,0.16497425641077085,-0.006103307427768276,15000,8044.38748849249
0.07498632668291193,0.17854456147037578,-0.01330037280431044,15000,9968.772979815913
0.16426813223584644,0.15572370410567285,-0.0007360843224313178,12000,9308.86605146799
0.2764675808695338,0.18554573471924302,0.00014076215875438722,10000,15674.647469510692
0.3965352901233879,0.16395798889234442,-0.0072524213886347765,25000,8044.38748849249
0.30466658438973576,0.16187039164563988,-0.0038281957968120442,8000,10588.791757848958
0.07498632668291193,0.14932630996091342,-0.0096044937622579,15000,2149.416136534133
0.030709161363584057,0.15909207891415494,0.003167638394018997,10000,9367.701460379212
0.30466658438973576,0.15137379305520454,-0.014228518525837707,8000,15674.647469510692
0.4722332058040905,0.17060577762846804,-0.021191557224128577,7000,7818.674849699402
0.3198999136092226,0.14096819635340607,-0.004891588911911834,12000,12625.18983357999
0.07498632668291193,0.1560005940651631,-0.007239908958255712,6000,8094.365808845958
0.3198999136092226,0.16213519618702196,-0.00872480513140452,20000,6111.439449623881
0.30466658438973576,0.14294599054124876,-0.005184362613313941,12000,18495.762853876247
0.4722332058040905,0.16373832162944424,-0.010965373839103286,5000,7903.372032495086
0.03096723983469186,0.17312629903000412,-0.016994304805998825,7000,3180.534231222965
0.0567270438764676,0.16995803077409563,-0.011547526468594931,23000,8867.27474861856
0.03096723983469186,0.16008155887686265,-0.009629226711609923,20000,9815.38693042659
0.030709161363584057,0.1716625378467272,-0.015393261313305349,10000,10588.791757848958
0.2764675808695338,0.17326933067708492,-0.021366483170682012,12000,13439.594459895283
0.03096723983469186,0.16509253799140436,-0.00664563255279295,10000,9308.86605146799
0.07823302695080049,0.14241756934445024,-0.016734107949114143,8000,11700.301792294806
0.30466658438973576,0.16708721816644118,-0.0056499196285709,3000,8371.635549928305
0.1896930846842057,0.16297991278890672,-0.006901955715711076,20000,7903.372032495086
0.0567270438764676,0.13832097424210324,-0.015552762481840895,3000,9968.772979815913
0.06045829535513537,0.16974778333880422,-0.0035548725682587935,22000,9921.736099442112
0.1896930846842057,0.1553152950784267,-0.01949852459711741,3000,11428.776259500675
0.06045829535513537,0.15218700998507026,-0.0012240404992612623,12000,7903.372032495086
0.06045829535513537,0.16606269286418407,-0.008168426193884002,25000,3180.534231222965
0.3198999136092226,0.1723906434461032,-0.001371764577712798,25000,2641.9358544440147
0.030709161363584057,0.1392229093624264,-0.013776558752315825,5000,6111.439449623881
0.07823302695080049,0.16393240878012624,-0.000730231085337561,39000,11428.776259500675
0.4722332058040905,0.13354293683038182,-0.0007671839318706589,10000,12472.89232435155
0.3965352901233879,0.14707156561993875,-0.019346590879667017,12000,12308.705340727283
0.16426813223584644,0.17443804786341366,-0.013920825592294964,5000,3721.496251044161
0.0567270438764676,0.17361689913521217,-0.007755414293331396,20000,9308.86605146799
0.3965352901233879,0.14750184651494913,-0.00830485083342113,10000,13439.594459895283
0.07823302695080049,0.1672571493658634,-0.01583768383114289,7000,8094.365808845958
0.4722332058040905,0.14628478681119128,-0.016557909403521535,10000,6490.025297937499
0.4722332058040905,0.16239943349640926,-0.017364243287435917,3000,15674.647469510692
0.0567270438764676,0.17097903836387118,-0.01628026247202731,3000,8094.365808845958
0.06045829535513537,0.1735355614196452,-0.013917214965369169,3000,2955.6355296040556
0.06045829535513537,0.13290940563516834,-0.0006218380269149086,25000,9568.06133278347
0.3198999136092226,0.14670076581040709,-0.0019854559943047853,10000,9357.594394504782
0.16426813223584644,0.1477513474415488,-0.004002996862219075,10000,8371.635549928305
0.06045829535513537,0.146727000805949,-0.0018593181097569793,25000,8980.724685620986
0.03096723983469186,0.15031271895187281,-0.018937189749170413,28000,8781.38100521925
0.16426813223584644,0.1631586522855561,-0.007605296525928449,15000,12308.705340727283
0.1589499598856141,0.1482409141380247,-0.026564338442774994,22000,9921.736099442112
0.1589499598856141,0.1666935768650212,-0.014558915397112484,8000,9362.142291789198
0.1896930846842057,0.1503484667813262,-0.008555296760298132,15000,8298.692961111445
0.1589499598856141,0.14754871557155408,-0.011326011887608189,25000,2955.6355296040556
0.07498632668291193,0.1814017655098868,-0.016247598111650233,20000,3721.496251044161
0.30466658438973576,0.1646669228296078,-0.008916880878943656,12000,2955.6355296040556
0.3198999136092226,0.14419041509008415,4.813110401419619e-05,39000,5961.998200255187
0.07498632668291193,0.17401875390274593,-0.0007257881393954517,22000,9308.86605146799
0.03096723983469186,0.1587845168174471,-0.01644427617683761,5000,10124.162225871132
0.030709161363584057,0.15479281022234148,-0.012490869477616677,25000,9362.142291789198
0.4722332058040905,0.1491882059300621,-0.015476073274924076,10000,3721.496251044161
0.1896930846842057,0.14292636643301468,-0.021370891337539458,8000,9362.142291789198
0.03096723983469186,0.16083203480856442,-0.02290250637243861,20000,9568.06133278347
0.06045829535513537,0.14808940770786239,0.0007777659814267538,3000,2641.9358544440147
0.030709161363584057,0.14476503076985203,-0.006868193290672079,12000,9362.142291789198
0.3965352901233879,0.1670972859571608,-0.01617426241902262,3000,5852.089204350804
0.2764675808695338,0.17819899039851428,-0.005648970137300209,23000,9308.86605146799
0.07823302695080049,0.14473111361330607,-0.0038408855222591713,10000,8867.27474861856
0.3965352901233879,0.1563486388315171,-0.01302684223475477,5000,8371.635549928305
0.3965352901233879,0.15098926262111612,-0.012103978715562921,15000,5852.089204350804
0.30466658438973576,0.1713543215906616,-0.00907211953726232,10000,9367.701460379212
0.0567270438764676,0.14166226044614402,-0.007661975449089692,15000,15182.209441928107
0.3198999136092226,0.16902285071436943,-0.007138050717595024,5000,15674.647469510692
0.030709161363584057,0.16194956279307646,-0.012238916194891758,8000,9367.701460379212
0.06045829535513537,0.15550634610496952,-0.020789015987795312,10000,14929.56671203167
0.3965352901233879,0.1550857882929527,-0.018189614298493768,12000,9308.86605146799
0.1589499598856141,0.14518126781083696,-0.0017587795591705447,10000,8044.38748849249
0.0567270438764676,0.1573569865149354,-0.004991897270510542,39000,8980.724685620986
0.30466658438973576,0.1495118648001136,-0.01589557424942777,15000,15182.209441928107
0.07823302695080049,0.13565616611901074,-0.014692760939354817,25000,11428.776259500675
0.1589499598856141,0.1377070081484586,-0.011592441357292413,25000,8044.38748849249
0.3965352901233879,0.15852990839896164,-0.016683910209286754,8000,8054.929374637141
0.03096723983469186,0.16720258593998003,-0.007796253496400185,20000,6111.439449623881
0.1589499598856141,0.1582263053630625,-0.02291264752726167,12000,7903.372032495086
0.03096723983469186,0.1577297845072506,-0.017201594574832973,15000,15182.209441928107
0.3198999136092226,0.15627644075304611,-0.004785713282756422,12000,12990.003729794424
0.4722332058040905,0.15231950688521603,-0.016528708966584177,8000,8044.38748849249
0.07823302695080049,0.13685891788132892,-0.011391862928704663,5000,9815.38693042659
0.3198999136092226,0.13839766019666966,-0.002908733292175328,28000,9367.701460379212
0.3198999136092226,0.1482948016854339,-0.007757588244997559,7000,5756.56884800299
0.07498632668291193,0.1771691346777796,-0.01044596667274329,10000,8980.724685620986
0.3965352901233879,0.16402653953623314,-0.02143932098586355,8000,9357.594394504782
0.30466658438973576,0.16924558801618836,-0.005326610497758497,39000,8094.365808845958
0.4722332058040905,0.1542041207292935,-0.00907365703447092,10000,6029.591590125569
0.07498632668291193,0.1823146331065231,-0.027555222720855404,20000,14088.177761028734
0.1896930846842057,0.14115757584235844,-0.005802332755471547,22000,1388.161926428812
0.06045829535513537,0.14502390112654623,-0.004104779717131736,20000,12549.767112704283
0.1896930846842057,0.15930995899504113,-0.013317415674441117,8000,6029.591590125569
0.07823302695080049,0.15071775313576685,-0.010353059956079767,15000,3721.496251044161
0.06045829535513537,0.1561938996132011,-0.02772649975081496,10000,9815.38693042659
0.30466658438973576,0.159728705822503,-0.018362533366994057,20000,9367.701460379212
0.030709161363584057,0.15342161260923948,-0.013759678150791833,15000,8044.38748849249
0.030709161363584057,0.1562712263687745,-0.010610426847751766,25000,9568.06133278347
0.1589499598856141,0.15028377955400352,-0.00424425359338305,8000,18495.762853876247
0.1896930846842057,0.16153133695827557,-0.025239086996646662,3000,7818.674849699402
0.0567270438764676,0.17197036025303034,-0.021961478968086708,20000,8044.38748849249
0.3965352901233879,0.14476123285820847,-0.002190301005362776,15000,14552.421047816675
0.3198999136092226,0.16412442176610068,0.00559161992735754,20000,1932.7685273621282
0.3965352901233879,0.1541392709746341,-0.006198351080157981,25000,8044.38748849249
0.3198999136092226,0.14385003236278932,-0.0014641900059561195,10000,3721.496251044161
0.0567270438764676,0.16219725021734102,-0.007009183708538426,15000,6111.439449623881
0.4722332058040905,0.17326412538269811,-0.006689762019849219,3000,10124.162225871132
0.30466658438973576,0.1692841001003927,-0.004173435710873637,10000,3721.496251044161
0.2764675808695338,0.14595685976471198,-0.009789008821393918,25000,6490.025297937499
0.07823302695080049,0.13838127135577788,-0.013865486957981383,22000,8867.27474861856
0.030709161363584057,0.1551224890302162,-0.010040449795167761,25000,8054.929374637141
0.0567270438764676,0.15567511296380002,-0.00687293536780063,10000,6029.591590125569
0.030709161363584057,0.18496734341379734,0.007744527568942301,5000,3721.496251044161
0.0567270438764676,0.16578369792803865,-0.013190280452735084,25000,10588.791757848958
0.0567270438764676,0.17534523544248673,0.0018309541221822041,10000,15674.647469510692
0.16426813223584644,0.1571447365798483,-0.005646608825167094,15000,9308.86605146799
0.3198999136092226,0.14694381489067498,-0.007255221844741718,10000,11428.776259500675
0.30466658438973576,0.14647056552775017,-0.013090604414910839,25000,6490.025297937499
0.07498632668291193,0.1494883487960884,-0.0032814088539432373,28000,9308.86605146799
0.07823302695080049,0.13423085938188584,-0.010805383646578284,39000,15674.647469510692
0.1896930846842057,0.15682417528645892,-0.007549995616642855,15000,14929.56671203167
0.1589499598856141,0.15881130707897403,-0.003820678117826901,10000,8054.929374637141
0.3198999136092226,0.15961008196937537,-0.001294179402414203,15000,12472.89232435155
0.30466658438973576,0.1458681666962379,-0.014060198809794668,4000,10868.15254697223
0.3198999136092226,0.16983782079235651,-0.009908737852675526,20000,9921.736099442112
0.030709161363584057,0.16171739473059282,-0.0013403013621506401,10000,13439.594459895283
0.07823302695080049,0.14772081995905384,-0.026268386838172564,25000,12625.18983357999
0.030709161363584057,0.16307103095054243,-0.007143579320841496,15000,8781.38100521925
0.30466658438973576,0.15162161815625477,-0.014357653008329923,15000,12990.003729794424
0.06045829535513537,0.15083190225654355,-0.009711801237731464,20000,10124.162225871132
0.03096723983469186,0.16598904117139515,0.0034681198676337083,6000,10868.15254697223
0.06045829535513537,0.14107804189438017,-0.011608828396321455,4000,15182.209441928107
0.1589499598856141,0.14816843814091016,-0.010549923226218212,25000,1932.7685273621282
0.3198999136092226,0.1626362619566065,-0.006598603247768803,7000,9308.86605146799
0.07823302695080049,0.16188060078862562,-0.0069922423552851365,12000,1944.8338863255753
0.16426813223584644,0.17656795979094944,-0.008057592325741308,5000,14929.56671203167
0.030709161363584057,0.1527185350102349,-0.016355103413754152,10000,9308.86605146799
0.1589499598856141,0.1550710368832085,-0.015084066258575335,5000,14929.56671203167
0.16426813223584644,0.14630064233400353,-0.017959999191911966,5000,9815.38693042659
0.3198999136092226,0.15013845875824577,0.0049407836844149264,3000,8371.635549928305
0.3965352901233879,0.15332436528711804,-0.01029251564276164,22000,15182.209441928107
0.3198999136092226,0.1446034318591181,-0.007544200147537701,25000,2641.9358544440147
0.16426813223584644,0.16245200328449821,0.0017639646353623823,23000,16949.69186366355
0.03096723983469186,0.15804149089375868,0.002890359309372365,20000,12549.767112704283
0.030709161363584057,0.1748660361735588,-0.004934652044142218,5000,5852.089204350804
0.4722332058040905,0.15963116546972878,-0.004915471615213172,6000,11700.301792294806
0.2764675808695338,0.15782319358746766,-0.01079700163572373,3000,16949.69186366355
0.07498632668291193,0.16477121176837978,-0.012530709541332547,10000,6490.025297937499
0.030709161363584057,0.14155916638511964,0.0006807638296139896,12000,12625.18983357999
0.3965352901233879,0.17162590597886457,-0.013829443781735777,22000,2955.6355296040556
0.06045829535513537,0.1840130514847781,-0.005092794425475985,8000,4635.668443078176
0.30466658438973576,0.15817079189748692,-0.013855341536676348,20000,9308.86605146799
0.1896930846842057,0.156440091056426,-0.008410823674724916,7000,7818.674849699402
0.1896930846842057,0.16474894993209196,-0.0029899857334963436,20000,9362.142291789198
0.06045829535513537,0.15806056123889156,-0.010295207762970554,8000,13345.696517931832
0.030709161363584057,0.13823180664851636,-0.003631894592339051,15000,8867.27474861856
0.06045829535513537,0.16793840746842403,0.004028713124118183,8000,8980.724685620986
0.06045829535513537,0.14289487610743953,-0.014321629761082786,8000,6111.439449623881
0.030709161363584057,0.16757776870258875,-0.015062663332519753,3000,14552.421047816675
0.3198999136092226,0.1487253929396171,-0.003433397486879789,25000,15674.647469510692
0.03096723983469186,0.16007489749462475,-0.009368288790303722,6000,8266.360338630808
0.1589499598856141,0.16695840701430997,0.016873181501766667,23000,10588.791757848958
0.16426813223584644,0.14174227772195913,-0.008570612013180082,25000,12990.003729794424
0.1896930846842057,0.1348710036522684,-0.009042154710985364,15000,5756.56884800299
0.07498632668291193,0.16963052417362284,-0.011752731272675778,5000,10868.15254697223
0.16426813223584644,0.18405179981865924,-0.0018645376029260675,25000,6490.025297937499
0.2764675808695338,0.16077088290601868,-0.0031171618399200387,5000,12990.003729794424
0.16426813223584644,0.14883980634993937,-0.009774466171901034,10000,10868.15254697223
0.1896930846842057,0.17437155839740462,-0.0025091524998633596,12000,11428.776259500675
0.03096723983469186,0.16566588482145142,-0.008573520666429349,15000,9815.38693042659
0.07498632668291193,0.1744934611668241,-0.0024596738186832244,22000,9308.86605146799
0.16426813223584644,0.14596031116725114,0.0026682468892447768,3000,9208.354043041478
0.2764675808695338,0.15964267145188699,-0.00018840352501461012,25000,9308.86605146799
0.07823302695080049,0.15060413961634594,-0.0017124206009826765,5000,5756.56884800299
0.30466658438973576,0.1706252287468906,-0.018183228663493693,12000,13345.696517931832
0.2764675808695338,0.16704159759598927,-0.0030708810506834975,15000,8044.38748849249
0.4722332058040905,0.1502936950094474,-0.015235196852255198,12000,2149.416136534133
0.4722332058040905,0.16336553044735627,-0.00690632892532746,6000,11700.301792294806
0.4722332058040905,0.16763791556509997,0.005534527824326985,15000,5852.089204350804
0.2764675808695338,0.18026384900219206,-0.005832941414003747,10000,3982.1550627694223
0.07498632668291193,0.1801580767230286,0.006324101123864855,28000,15674.647469510692
0.03096723983469186,0.14985991451583291,-0.010196781189021068,15000,16949.69186366355
0.2764675808695338,0.18248262198213708,-0.014889450162025742,3000,3982.1550627694223
0.3965352901233879,0.14656869947767562,-0.008168885711949464,3000,13439.594459895283
0.4722332058040905,0.15922939639438774,-0.03476085656844029,15000,8298.692961111445
0.2764675808695338,0.18144687891493141,-0.01401417452763661,6000,3721.496251044161
0.4722332058040905,0.16831328204717705,-0.034945526909003134,7000,14929.56671203167
0.4722332058040905,0.1668721702857445,-0.0069497586731097445,3000,5852.089204350804
0.3965352901233879,0.15356203749917613,-0.004387734446257209,15000,13439.594459895283
0.16426813223584644,0.17013802070112313,-0.011869909098046397,8000,13439.594459895283
0.2764675808695338,0.15606102909840572,-0.004236821376959465,10000,5852.089204350804
0.0567270438764676,0.15889225822377886,-0.010792076745682189,3000,9968.772979815913
0.1896930846842057,0.16278608093536892,-0.008807816611322827,15000,9362.142291789198
0.07823302695080049,0.1494603996664277,-0.011133728593707329,6000,8781.38100521925
0.30466658438973576,0.15522519774649518,-0.02415054546300738,10000,9357.594394504782
0.03096723983469186,0.15903791708963505,0.005442532850168323,23000,3721.496251044161
0.4722332058040905,0.1436967678276204,-0.009782355371196544,20000,9815.38693042659
0.2764675808695338,0.14988999404280337,-0.020960329463284914,10000,16949.69186366355
0.03096723983469186,0.1584009009399045,-0.015265044646758985,15000,8980.724685620986
0.03096723983469186,0.1662693221360597,-0.010219558198915723,3000,12990.003729794424
0.1589499598856141,0.15112452810318128,-0.0017758959115770248,6000,10124.162225871132
0.03096723983469186,0.1618147776714895,-0.010561852756190645,22000,2641.9358544440147
0.3965352901233879,0.16363416298370162,-0.007806595389446834,12000,1944.8338863255753
0.1896930846842057,0.1528919138835435,0.0010444680681063444,6000,14552.421047816675
0.06045829535513537,0.16179245478299767,0.009466255089007539,8000,4635.668443078176
0.3198999136092226,0.17836478745385426,-0.005210375327517142,23000,18495.762853876247
0.06045829535513537,0.1563273437453041,-0.007550794560532822,10000,16949.69186366355
0.16426813223584644,0.16866311889965743,-0.022894037331136832,25000,8054.929374637141
0.3198999136092226,0.15906572561454627,-0.008112324563860152,23000,5852.089204350804
0.3198999136092226,0.17489650464968295,-0.0062221725746915745,8000,6490.025297937499
0.30466658438973576,0.1599559605352071,0.009108385244095851,25000,13345.696517931832
0.16426813223584644,0.1347903469608295,-0.013151050327326719,4000,5852.089204350804
0.07823302695080049,0.1739667135719937,-0.0027006643302147104,25000,2641.9358544440147
0.07823302695080049,0.14862557833533102,-0.012055980161737338,8000,6111.439449623881
0.3198999136092226,0.1507248445642954,-0.004331838463714911,28000,7818.674849699402
0.1589499598856141,0.18552216228059049,-0.009305000295179607,15000,11700.301792294806
0.07823302695080049,0.14743441177519329,-0.01885893556792725,3000,8044.38748849249
0.16426813223584644,0.16217027506148132,-0.005553622723987426,25000,3721.496251044161
0.3965352901233879,0.16761417839970702,-0.01906594741159268,6000,12308.705340727283
0.030709161363584057,0.14521920569929223,-0.007707674825374784,25000,1944.8338863255753
0.0567270438764676,0.13507554194921914,-0.002330650806413734,3000,10868.15254697223
0.07823302695080049,0.15782228363849346,-0.015669817948500687,20000,10124.162225871132
0.30466658438973576,0.15469183422666324,-0.026191663588378156,12000,8371.635549928305
0.07823302695080049,0.15978315151183822,-0.0029329604577663752,10000,2149.416136534133
0.030709161363584057,0.15697297122217438,-0.008970726003299612,25000,12625.18983357999
0.06045829535513537,0.16017427260844944,-0.001853050620159859,25000,8094.365808845958
0.30466658438973576,0.16010312576538666,-0.024090726658528783,22000,8054.929374637141
0.1896930846842057,0.14837861966798616,-0.0007057026142911974,25000,9362.142291789198
0.3198999136092226,0.17851473145610816,-0.026901699025955968,25000,2149.416136534133
0.030709161363584057,0.1364520372924612,-0.016020807313404616,20000,12625.18983357999
0.0567270438764676,0.15129296182455454,-0.01316151546795516,8000,11700.301792294806
0.30466658438973576,0.151158549244486,-2.352063328863751e-05,8000,3721.496251044161
0.0567270438764676,0.17129218028187,-0.01916528140332277,20000,6111.439449623881
0.16426813223584644,0.16393258357311527,-0.016868718979208813,20000,7818.674849699402
0.03096723983469186,0.16968356458586367,-0.0093880475578253,12000,8094.365808845958
0.0567270438764676,0.1635314508520788,-0.008389257077055293,10000,8371.635549928305
0.06045829535513537,0.14589062841355438,-0.021746805692267137,5000,2955.6355296040556
0.3198999136092226,0.1437482147115821,-0.025686951830910375,25000,12308.705340727283
0.030709161363584057,0.14694503335078032,-0.008510576663064307,15000,12472.89232435155
0.3965352901233879,0.1634074690234271,-0.0036416440164595814,3000,14929.56671203167
0.0567270438764676,0.17548220640761208,-0.023023441567977695,28000,8867.27474861856
0.07498632668291193,0.17988955198274656,-0.008974856197222122,10000,6111.439449623881
0.07498632668291193,0.17174448071686785,-0.020705290119478015,20000,9357.594394504782
0.0567270438764676,0.15112958822964223,-0.011647837479969463,15000,9362.142291789198
0.4722332058040905,0.1614165762399822,-0.011203210010095313,15000,9308.86605146799
0.03096723983469186,0.14592036371656283,-0.01104887359361179,25000,14929.56671203167
0.03096723983469186,0.1530169923678684,-0.011492096038347903,15000,9815.38693042659
0.06045829535513537,0.15341046726657304,-0.007423657219272126,22000,14929.56671203167
0.16426813223584644,0.16464846325856083,-0.0029448142399464737,5000,8054.929374637141
0.2764675808695338,0.162484860298573,-0.010559868082418095,12000,14552.421047816675
0.030709161363584057,0.17554336637894158,0.0003596672249178143,4000,12472.89232435155
0.4722332058040905,0.15204179163204093,-0.003165825553140113,5000,9968.772979815913
0.2764675808695338,0.15635601106092864,-0.001544803972749439,10000,10124.162225871132
0.16426813223584644,0.17296332416918123,-0.02388158555632565,28000,7903.372032495086
0.3198999136092226,0.18339863951009622,-0.004192215609264111,12000,9815.38693042659
0.0567270438764676,0.1563137817754173,-0.009440866039851437,8000,8298.692961111445
0.2764675808695338,0.18432455355382196,-0.012240234548310929,22000,18495.762853876247
0.06045829535513537,0.1663765984290077,-0.011969122732726465,10000,7818.674849699402
0.030709161363584057,0.14761410830234406,-0.003933309458809516,12000,8371.635549928305
0.0567270438764676,0.14075645237131376,0.002174327607184851,12000,12472.89232435155
0.07823302695080049,0.15195231858512687,-0.003708538655691961,12000,8266.360338630808
0.030709161363584057,0.15962784512386566,-0.01570361001048075,22000,16949.69186366355
0.0567270438764676,0.16848578155106686,-0.014360452303029547,5000,8054.929374637141
0.1896930846842057,0.163520443549547,-0.021835509196023287,20000,6029.591590125569
0.03096723983469186,0.1828951285999473,-0.0009973831509527378,25000,12625.18983357999
0.030709161363584057,0.16692177671407535,-0.008775558637914143,6000,9308.86605146799
0.1589499598856141,0.16259094687825668,-0.009562384149352574,22000,12549.767112704283
0.07823302695080049,0.16074713275094749,-0.006775866243651814,10000,8044.38748849249
0.07498632668291193,0.16570159268135506,-0.00497971786515141,10000,9568.06133278347
0.030709161363584057,0.15036593233155365,-0.010016825487091983,39000,8266.360338630808
0.1589499598856141,0.15548525365327584,-0.0038409284762244795,10000,2149.416136534133
0.030709161363584057,0.1705099580320145,-0.004828778937697628,25000,3982.1550627694223
0.16426813223584644,0.17032134689780437,-0.01100103730643063,15000,15674.647469510692
0.03096723983469186,0.15570300230220743,-0.0021742713875869965,6000,10124.162225871132
0.030709161363584057,0.17099759204024736,-0.0015697091723689289,15000,6029.591590125569
0.1896930846842057,0.1383808035616158,-8.671039715450927e-05,39000,9208.354043041478
0.3965352901233879,0.1425962348925028,-0.008293133576966844,3000,5756.56884800299
0.16426813223584644,0.15366950282907943,-0.013876802564840886,15000,1932.7685273621282
0.07498632668291193,0.15690127527126407,-0.01174554539696773,23000,7903.372032495086
0.30466658438973576,0.1458971913537051,-0.004459926056109626,5000,12625.18983357999
0.0567270438764676,0.14609840647213365,-0.0036829453538164583,15000,3180.534231222965
0.07823302695080049,0.15495569181266114,-0.013671621163777584,25000,12990.003729794424
0.06045829535513537,0.14681140912590768,-0.022547451754929074,15000,11700.301792294806
0.4722332058040905,0.16467616148453934,-0.006321762490604324,6000,15674.647469510692
0.07498632668291193,0.1662483026725664,-0.004411215599485113,23000,9815.38693042659
0.0567270438764676,0.1611726439260822,-0.022126925111793743,6000,9921.736099442112
0.2764675808695338,0.15978506872971954,-0.003266857372063232,23000,8044.38748849249
0.1589499598856141,0.15202639580698185,-0.01104996148541252,7000,11700.301792294806
0.07823302695080049,0.17172983193652436,-0.004562598203178447,7000,1932.7685273621282
0.16426813223584644,0.13934958269026967,-0.009310287913703627,5000,3721.496251044161
0.3198999136092226,0.1546730453394819,-0.007172832962703905,3000,14552.421047816675
0.06045829535513537,0.15987205275832317,-0.007122423205975703,15000,8867.27474861856
0.0567270438764676,0.14681866179766206,-0.02035897191369564,3000,9208.354043041478
0.030709161363584057,0.16530671003835914,-0.011251838791987096,4000,14552.421047816675
0.0567270438764676,0.16869190442228943,0.002185945564929487,12000,9815.38693042659
0.4722332058040905,0.17645467996741127,-0.022736947743809476,28000,6111.439449623881
0.16426813223584644,0.14918505801316564,0.00034971611111164964,25000,9308.86605146799
0.2764675808695338,0.1427111576721075,-0.00011875066433739667,10000,1944.8338863255753
0.030709161363584057,0.16727086364705349,-0.008553468728115587,6000,5961.998200255187
0.07823302695080049,0.16362758461334392,-0.02212883134608954,22000,12472.89232435155
0.16426813223584644,0.16587009770586827,-0.013328348997932761,12000,7818.674849699402
0.0567270438764676,0.1448141573802528,0.005909521562724281,20000,9208.354043041478
0.07823302695080049,0.13722770213687296,-0.01954607645692434,15000,13439.594459895283
0.3965352901233879,0.17838946335393463,-0.008385045964372445,23000,14088.177761028734
0.03096723983469186,0.14290314501396123,-0.024988525067653936,20000,3982.1550627694223
0.03096723983469186,0.17402586958210528,-0.009044734718185756,28000,9815.38693042659
0.0567270438764676,0.15160081942794948,-0.009756613640833528,5000,10588.791757848958
0.0567270438764676,0.16778358034906427,-0.01102507824725678,28000,9968.772979815913
0.30466658438973576,0.13410476590437057,-0.0055977981517361325,25000,9815.38693042659
0.2764675808695338,0.1742817923650274,0.010335347878313743,25000,6029.591590125569
0.3965352901233879,0.17196320927923475,-0.010608295432741175,10000,9208.354043041478
0.16426813223584644,0.14987811768175743,-0.009739806332490492,20000,18495.762853876247
0.06045829535513537,0.16648587811119386,-0.019180304074611482,23000,3982.1550627694223
0.07498632668291193,0.16885965259164482,-0.008876074086494356,15000,7818.674849699402
0.03096723983469186,0.1392169317584664,-0.00691085493446299,25000,12308.705340727283
0.2764675808695338,0.17560055303441102,-0.022529907752114543,39000,8371.635549928305
0.1896930846842057,0.1697233352268355,0.005612378821182131,8000,4635.668443078176
0.3965352901233879,0.1525835379468998,-0.015077181714656893,10000,6111.439449623881
0.4722332058040905,0.15513859819784329,-0.004766223390795913,10000,4635.668443078176
0.06045829535513537,0.14973399605990081,-0.01062159019081585,8000,9208.354043041478
0.07823302695080049,0.17572160804321257,0.003149916554339045,10000,8044.38748849249
0.030709161363584057,0.17656557959005384,-0.009792927532708093,15000,4635.668443078176
0.0567270438764676,0.1692660256119057,-0.015187516838698999,4000,3721.496251044161
0.030709161363584057,0.15714544371188718,-0.01364575819446615,7000,2641.9358544440147
0.3965352901233879,0.14926185570106415,-0.011109016477218417,7000,12625.18983357999
0.06045829535513537,0.14453844295199167,-0.00728628114548259,10000,2149.416136534133
0.3965352901233879,0.14228094115701215,-0.013443497339912104,10000,7818.674849699402
0.16426813223584644,0.17851304056040493,-0.0011608787690632436,6000,8980.724685620986
0.2764675808695338,0.1504329425897023,-0.007585401304993407,5000,12549.767112704283
0.030709161363584057,0.17804703354374274,-0.0070492122997372645,7000,16949.69186366355
0.30466658438973576,0.16252932275767248,-0.010397029747322558,5000,5756.56884800299
0.1589499598856141,0.15263201665093135,0.001470481809813834,10000,6111.439449623881
0.0567270438764676,0.14903689155965438,-0.0026916543907498027,25000,9968.772979815913
0.4722332058040905,0.13324874412233248,0.0017350824025484572,6000,1944.8338863255753
0.16426813223584644,0.13825989892038565,-0.005783095963289274,15000,7903.372032495086
0.4722332058040905,0.1695929092555803,-0.003935096070208858,25000,14088.177761028734
0.30466658438973576,0.16668774687759957,-0.019367030015176485,6000,12308.705340727283
0.4722332058040905,0.1439360076499715,-0.016911567089865083,4000,8266.360338630808
0.1896930846842057,0.17410243399376155,-0.0184978665788999,15000,15182.209441928107
0.030709161363584057,0.17108542383752404,-0.006737957576611125,10000,7903.372032495086
0.06045829535513537,0.13887596634153612,-0.007514022237745533,39000,9367.701460379212
0.0567270438764676,0.15567802419823532,0.003156988413855932,15000,9921.736099442112
0.07823302695080049,0.1682419272228485,-0.009424008685800893,5000,3982.1550627694223
0.1896930846842057,0.1540412580139267,-0.007988877931207701,6000,5961.998200255187
0.07498632668291193,0.14946819953775667,-0.01254804227513593,4000,8044.38748849249
0.2764675808695338,0.1487265231656137,-0.009815223900711479,3000,16949.69186366355
0.06045829535513537,0.13308931149261644,-0.0070367908082316945,10000,9568.06133278347
0.30466658438973576,0.16590875132981436,-0.014226077984531349,8000,10588.791757848958
0.4722332058040905,0.14322598522663665,-0.014452022603438466,20000,5756.56884800299
0.07498632668291193,0.1627294146522491,-0.02784391437287769,23000,14088.177761028734
0.07498632668291193,0.15482981031503884,-0.00426759991339012,25000,15182.209441928107
0.16426813223584644,0.16390673642000456,-0.007970929714894855,15000,6490.025297937499
0.4722332058040905,0.15452951781753618,-0.003931594833155333,7000,12308.705340727283
0.030709161363584057,0.17004093930270436,-0.0032347331852257627,6000,8980.724685620986
0.07498632668291193,0.17068126356315672,-0.014648611828609583,8000,12549.767112704283
0.3198999136092226,0.16390690585735468,-0.00862151277889264,39000,3180.534231222965
0.3198999136092226,0.17084880675359065,-0.03080489225201249,3000,9815.38693042659
0.07498632668291193,0.15317004350484648,-0.016833614154133644,6000,12549.767112704283
0.07823302695080049,0.16480747604090035,-0.015200602939663445,15000,13439.594459895283
0.30466658438973576,0.1610453041723517,-0.011977514877374501,15000,12990.003729794424
0.16426813223584644,0.160364229336908,-0.015868296540772087,3000,13439.594459895283
0.16426813223584644,0.14670200916592147,-0.010640664056052431,20000,2149.416136534133
0.1896930846842057,0.14607139437120856,-0.019934325782225662,20000,9362.142291789198
0.030709161363584057,0.15924913358205353,-0.0018333184230955308,12000,7818.674849699402
0.07498632668291193,0.1449362927920839,-0.010396683541830884,10000,9208.354043041478
0.03096723983469186,0.17539014350850335,-0.0001597475710992943,7000,3180.534231222965
0.3198999136092226,0.16754820354256122,-0.017146002989764784,15000,4635.668443078176
0.1589499598856141,0.14566099671039717,-0.025371185991535008,25000,10868.15254697223
0.3198999136092226,0.16848286686703848,-0.013325871532663925,20000,8094.365808845958
0.07498632668291193,0.15920339903194403,0.005770397265027177,15000,8044.38748849249
0.16426813223584644,0.13657973645367585,-0.003976272461069701,22000,8980.724685620986
0.0567270438764676,0.14715611998337458,-0.00948639473806765,15000,9357.594394504782
0.03096723983469186,0.16870672997612401,-0.005351954660215451,8000,18495.762853876247
0.07823302695080049,0.17599803034648764,-0.01559016605937607,10000,9968.772979815913
0.07823302695080049,0.15131654740222247,-0.010209492729120953,25000,4635.668443078176
0.2764675808695338,0.17685086579445083,-0.017881133099050896,15000,12625.18983357999
0.1589499598856141,0.1606752568630344,0.001173794682860514,10000,8094.365808845958
0.2764675808695338,0.15563342664412452,-0.0062975869912375694,20000,3721.496251044161
0.03096723983469186,0.16284593018273635,-0.009078154837997813,5000,12990.003729794424
0.0567270438764676,0.15244500315331444,-0.0025689783044655842,25000,2641.9358544440147
0.030709161363584057,0.1403208294007703,-0.0004484406042872837,3000,3982.1550627694223
0.03096723983469186,0.1491892620059827,-0.01119188587235214,8000,8781.38100521925
0.06045829535513537,0.17230115519667133,0.002934263710093149,5000,12549.767112704283
0.3198999136092226,0.16878141688591447,-0.01018553996805151,5000,5756.56884800299
0.16426813223584644,0.1421979723355951,-0.0007226597444222714,12000,8094.365808845958
0.03096723983469186,0.1607975877768676,-0.0078025084701872395,8000,9815.38693042659
0.030709161363584057,0.15055058788124262,-0.0032514551732792077,8000,9308.86605146799
0.16426813223584644,0.15621101295025805,-0.009532341966536491,20000,9367.701460379212
0.2764675808695338,0.16209139411934592,0.001657704987968552,25000,12549.767112704283
0.07823302695080049,0.15369704956003286,-0.024879593363264466,8000,15674.647469510692
0.1589499598856141,0.16776582400123713,-0.0032076726128674937,4000,10588.791757848958
0.07823302695080049,0.1797589311716695,0.002120140396290121,8000,8298.692961111445
0.07498632668291193,0.16456719796535993,-0.014760346978474923,10000,3180.534231222965
0.3965352901233879,0.1538161006719853,-0.016603771132149468,7000,12990.003729794424
0.06045829535513537,0.15384893434819885,-0.021979453793409702,15000,5756.56884800299
0.06045829535513537,0.1494442924537462,-0.004573308895816377,4000,8980.724685620986
0.03096723983469186,0.15700477969339444,-0.021022020398712846,8000,1944.8338863255753
0.3198999136092226,0.15020039208321598,-0.005600690224555426,12000,12472.89232435155
0.1589499598856141,0.1555169866867909,-0.01627559056161943,8000,3982.1550627694223
0.1589499598856141,0.17050149279226273,-0.005642932759355965,25000,12549.767112704283
0.1896930846842057,0.1680573347514967,-0.007507587445393907,10000,2149.416136534133
0.3198999136092226,0.14225850964367331,0.0011629630485778654,6000,12625.18983357999
0.030709161363584057,0.15554716196416657,-0.004216245010281639,12000,9357.594394504782
0.07823302695080049,0.14636838419892223,0.002658511897017268,25000,9568.06133278347
0.0567270438764676,0.18251966761479255,0.006668294229632821,10000,9968.772979815913
0.3965352901233879,0.17979379129279166,-0.009038105169255968,4000,2641.9358544440147
0.3965352901233879,0.15666874673385198,-0.0070192168784379925,28000,5852.089204350804
0.3965352901233879,0.1405980277487163,-0.01671809707811539,25000,12549.767112704283
0.07498632668291193,0.17554926281018982,-0.008268450666351426,10000,8371.635549928305
0.030709161363584057,0.16083196451346488,-0.015185219036463889,10000,9968.772979815913
0.0567270438764676,0.15667697754213802,-0.007593506482009074,8000,8867.27474861856
0.1589499598856141,0.15569899392598163,-0.004418328392231379,25000,8867.27474861856
0.030709161363584057,0.15597480018890914,-0.011792180492204719,25000,3721.496251044161
0.1896930846842057,0.18525615738130607,0.001253363524042389,10000,8980.724685620986
0.07498632668291193,0.14168063583967044,-0.0023666538734051557,4000,12625.18983357999
0.3198999136092226,0.14216722479242783,-0.01580278046040639,25000,8094.365808845958
0.16426813223584644,0.1488596952590374,-0.00915767968666833,7000,8054.929374637141
0.3198999136092226,0.14596434347717618,-0.01495620596462484,39000,12308.705340727283
0.1589499598856141,0.1628819686309123,-0.0007537943753807578,7000,1932.7685273621282
0.0567270438764676,0.17442894428730116,-0.0061545771416079064,10000,2955.6355296040556
0.3198999136092226,0.14332292477861372,-0.006661688653653257,5000,9308.86605146799
0.3965352901233879,0.17573357689734478,-0.0037495945994516704,22000,9367.701460379212
0.3198999136092226,0.16692664132532845,-0.006915652177725131,8000,8298.692961111445
0.07823302695080049,0.17693150012989364,0.014060685469586888,22000,8044.38748849249
0.06045829535513537,0.1607611075964861,-0.013203450924346272,15000,10588.791757848958
0.4722332058040905,0.17387388033456244,-0.010783220465114847,4000,5852.089204350804
0.3965352901233879,0.15036772259054237,-0.014228148437774375,15000,6111.439449623881
0.1896930846842057,0.161938014350242,-0.0012957362722807496,5000,8044.38748849249
0.07823302695080049,0.15158730203836124,0.0004990636182049048,22000,1944.8338863255753
0.03096723983469186,0.17323328977955127,-0.0028705297376228774,39000,9568.06133278347
0.2764675808695338,0.17223214611811094,-0.015585673313117956,6000,9815.38693042659
0.06045829535513537,0.15547477421015302,-0.012237273591601901,20000,12308.705340727283
0.2764675808695338,0.16061600087555522,-0.003302691201343074,25000,1932.7685273621282
0.1896930846842057,0.14707124793894935,-0.013667446735397609,12000,9921.736099442112
0.030709161363584057,0.15495973686871273,-0.015623589455380765,25000,12625.18983357999
0.030709161363584057,0.17140415330108624,-0.016283372147820524,4000,2955.6355296040556
0.2764675808695338,0.16924399759295977,-0.006119792581906584,6000,4635.668443078176
0.3965352901233879,0.16639990249267633,-0.010407323304942895,10000,9968.772979815913
0.06045829535513537,0.15975610202651652,-0.011217393994756169,5000,9815.38693042659
0.4722332058040905,0.16630302368559569,-0.000915247363216632,10000,12990.003729794424
0.06045829535513537,0.14393167458477837,-0.006488120557096525,6000,16949.69186366355
0.030709161363584057,0.1517399418336454,-0.02114665229978549,20000,10588.791757848958
0.03096723983469186,0.17913586492205072,-0.009512145072997158,4000,9367.701460379212
0.3965352901233879,0.14973544726790164,-0.01802964968713383,20000,9367.701460379212
0.07498632668291193,0.15440248749373456,-0.007889423606492666,10000,8298.692961111445
0.3198999136092226,0.14636520694843477,-0.0020097699269664327,10000,9308.86605146799
0.030709161363584057,0.1646150562963009,-0.01692290198369156,10000,11700.301792294806
0.3198999136092226,0.14356837106410708,-0.015210332194334871,20000,10124.162225871132
0.4722332058040905,0.16538555848899922,2.873378630221368e-05,25000,12472.89232435155
0.07823302695080049,0.15630945347698608,-0.0023925518789392505,10000,2955.6355296040556
0.030709161363584057,0.14688962836578398,-0.018701044878442003,10000,8867.27474861856
0.07498632668291193,0.15808562615596938,-0.015154663280161466,8000,7903.372032495086
0.3198999136092226,0.1636550075463102,-0.014793678806728331,15000,5756.56884800299
0.0567270438764676,0.18070349999331292,-0.010143897907138755,25000,7818.674849699402
0.2764675808695338,0.16586565749699855,-0.013672372878904682,10000,3982.1550627694223
0.3198999136092226,0.15868592014715094,-0.00013808888746869087,5000,4635.668443078176
0.03096723983469186,0.1693336966049031,0.0038570697360553667,3000,12990.003729794424
0.03096723983469186,0.15425629825605547,-0.01213500155804494,22000,15182.209441928107
0.2764675808695338,0.1753293577425515,-0.014991770724362901,22000,8044.38748849249
0.030709161363584057,0.1676563613427693,-0.010008906822101095,12000,13345.696517931832
0.07498632668291193,0.16805167177738853,-0.021388306013378808,15000,9968.772979815913
0.06045829535513537,0.13678747873055358,-0.01785683413055792,10000,12549.767112704283
0.30466658438973576,0.14382664179881016,-0.010889786299231022,15000,1932.7685273621282
0.3198999136092226,0.1332966250788786,0.006828459462880373,10000,8867.27474861856
0.3965352901233879,0.16459340383010054,-0.014418398463548667,12000,8298.692961111445
0.06045829535513537,0.17673198815903615,-0.00396838291145187,8000,8298.692961111445
0.2764675808695338,0.1648531777179541,-0.012174277647190245,15000,15182.209441928107
0.3965352901233879,0.13707729357970655,-0.010120559741818715,8000,1388.161926428812
0.0567270438764676,0.17169008343398615,0.00030773732946267555,4000,2149.416136534133
0.3198999136092226,0.17774354879535015,-0.0011341240856666442,10000,9568.06133278347
0.16426813223584644,0.1583106333963759,-0.015354735142883224,3000,8867.27474861856
0.07498632668291193,0.1388848901394494,-0.009753121693148006,4000,6379.779727401703
0.06045829535513537,0.1707405808447774,-0.00468060472594254,8000,8266.360338630808
0.3965352901233879,0.17067307147598335,-0.005263502132333679,5000,3982.1550627694223
0.030709161363584057,0.13896281897996793,-0.0025702489474521677,8000,1932.7685273621282
0.3965352901233879,0.15005710558546131,-0.021329783318900473,10000,9362.142291789198
0.07498632668291193,0.15592840215071446,-0.02078103580327791,12000,6379.779727401703
0.1589499598856141,0.14426030856636915,-0.008235245981141283,12000,14552.421047816675
0.3965352901233879,0.14957971354275104,0.003028818888577658,39000,9208.354043041478
0.06045829535513537,0.1716588879021651,-0.006967274708127582,12000,13439.594459895283
0.2764675808695338,0.14142023335580253,0.005699130076848351,7000,8094.365808845958
0.0567270438764676,0.17583502600108816,-0.010785370240314077,3000,9815.38693042659
0.07823302695080049,0.15683366214496935,-0.007374079028805609,10000,16949.69186366355
0.4722332058040905,0.17880740012115262,-0.016250997654573378,10000,3180.534231222965
0.06045829535513537,0.15515289175936692,-0.01097946384208927,20000,14552.421047816675
0.07498632668291193,0.17968591013863075,-0.00943460239549085,12000,4635.668443078176
0.07498632668291193,0.15146945769230238,0.009876572745849166,7000,5961.998200255187
0.0567270438764676,0.14761485207839556,-0.014932819332273538,39000,11428.776259500675
0.30466658438973576,0.15263138447470445,-0.005871076588462757,6000,1944.8338863255753
0.30466658438973576,0.1475971687539287,-0.0005796437006715255,3000,14552.421047816675
0.07498632668291193,0.1790217211785889,0.005941193341017524,10000,5756.56884800299
0.3965352901233879,0.1532467785085997,-0.016346761878499507,20000,9921.736099442112
0.030709161363584057,0.15216031799987367,-0.01110017712978689,15000,8781.38100521925
0.07823302695080049,0.1485271852711171,-0.016605658266795744,5000,10588.791757848958
0.1589499598856141,0.142164141288112,-0.007674297231702585,20000,8054.929374637141
0.07498632668291193,0.18276926498255933,0.0003304289071406114,12000,12308.705340727283
0.16426813223584644,0.16210106308411046,0.0031567902468524053,8000,12472.89232435155
0.06045829535513537,0.16859652659589464,-0.005322784799647588,3000,9568.06133278347
0.07498632668291193,0.14537373675193635,-0.00819960773818624,3000,9367.701460379212
0.03096723983469186,0.1553990369503017,-0.0034965575588569056,25000,9308.86605146799
0.07823302695080049,0.1408551380166699,0.0020259678470500885,6000,10868.15254697223
0.07823302695080049,0.15748962786533469,-0.012864688021031388,4000,8266.360338630808
0.0567270438764676,0.13566797512086273,-0.008579144215227959,25000,11700.301792294806
0.4722332058040905,0.1574778923311605,-0.004314835070952753,3000,8298.692961111445
0.1896930846842057,0.16265439635760554,0.000861523718437439,28000,15182.209441928107
0.03096723983469186,0.1689849133323932,-0.012280395489735644,25000,9968.772979815913
0.2764675808695338,0.16514292008225248,-0.0014504627845776494,28000,12549.767112704283
0.3198999136092226,0.16187759725138365,-0.013478899682979448,28000,6490.025297937499
0.07498632668291193,0.15768187991339377,-0.01655060872982482,12000,9568.06133278347
0.0567270438764676,0.1441736158849993,-0.01787706651936496,5000,7903.372032495086
0.16426813223584644,0.17632477915348424,-0.009922859272284661,3000,5756.56884800299
0.03096723983469186,0.1442942108461391,-0.015592683950243685,25000,8094.365808845958
0.30466658438973576,0.15581350632102894,-0.006760926595091258,3000,16949.69186366355
0.4722332058040905,0.16867230156537233,-0.006111265757252789,5000,11428.776259500675
0.0567270438764676,0.14336863402720895,-0.018574303819271665,15000,2955.6355296040556
0.07498632668291193,0.161392712697014,0.004027282768176049,22000,8054.929374637141
0.07823302695080049,0.15824439518642686,-0.009485306834114507,23000,2955.6355296040556
0.07823302695080049,0.15841248897682503,-0.02542328436519535,3000,16949.69186366355
0.030709161363584057,0.14504371981547057,-0.005008956646547367,10000,9308.86605146799
0.0567270438764676,0.15330571503927648,-0.018412268717864746,10000,14088.177761028734
0.07498632668291193,0.14401167682740765,0.0036072218980523507,8000,9357.594394504782
0.3198999136092226,0.15373928392213967,-0.01896759537531172,39000,12549.767112704283
0.4722332058040905,0.17143396944669906,-0.012994210778260186,10000,9367.701460379212
0.07498632668291193,0.15523846750274123,-0.005901883814168324,15000,10868.15254697223
0.3965352901233879,0.17950861515940708,-0.001963107107032804,15000,14929.56671203167
0.16426813223584644,0.15794781970041233,-0.00925166804073061,15000,3180.534231222965
0.30466658438973576,0.1481646578172941,-0.0081463464654658,22000,8980.724685620986
0.30466658438973576,0.16926321016471566,-0.013406772253499653,10000,9568.06133278347
0.30466658438973576,0.17364585340909422,-0.025643664589205115,10000,8054.929374637141
0.16426813223584644,0.15217800230819087,-0.01193768447564972,3000,14088.177761028734
0.1896930846842057,0.15585768696167587,-0.01877441991794971,12000,12308.705340727283
0.1896930846842057,0.15006906652711513,-0.0061647918067365215,25000,1932.7685273621282
0.1896930846842057,0.15193659330988438,-0.018656745811220128,25000,9362.142291789198
0.03096723983469186,0.1519839070371695,-0.00852926017427067,8000,8044.38748849249
0.2764675808695338,0.1635999430634833,-0.027161231224791724,4000,9357.594394504782
0.2764675808695338,0.16974789633087542,-0.0265853784954929,15000,6111.439449623881
0.07823302695080049,0.15711694547663238,-0.0013467514078285745,25000,1944.8338863255753
0.16426813223584644,0.1631270398379416,-0.003816136422509638,10000,11428.776259500675
0.2764675808695338,0.1701646170347702,-0.004432900790089796,15000,5756.56884800299
0.4722332058040905,0.16260833070737035,-0.0005971804140445521,3000,8298.692961111445
0.07498632668291193,0.1438664394470123,-0.010606200988402485,22000,3721.496251044161
0.16426813223584644,0.15887040828740098,-0.011655676612874961,10000,2641.9358544440147
0.06045829535513537,0.1514420989543329,-0.003908109526158236,22000,8054.929374637141
0.3965352901233879,0.16322000841401782,-0.008860451022116418,28000,8044.38748849249
0.1896930846842057,0.15764059856516954,0.007325258104853625,20000,12308.705340727283
0.4722332058040905,0.15651931343585795,0.0028673845494943022,7000,2149.416136534133
0.4722332058040905,0.13556125368025293,0.00014216702131075672,25000,11700.301792294806
0.06045829535513537,0.1478725840404548,-0.010164496470244026,15000,9568.06133278347
0.1589499598856141,0.16038662748954458,-0.014701280885409118,3000,12472.89232435155
0.16426813223584644,0.16563728630641095,-0.005431651149585452,12000,12549.767112704283
0.3965352901233879,0.16101771591051317,-0.001426681355269912,5000,5852.089204350804
0.30466658438973576,0.17988701151938546,-0.013197719872557101,3000,12472.89232435155
0.07823302695080049,0.15506797777178857,-0.012152115785599273,4000,9362.142291789198
0.1896930846842057,0.17596115847518298,-0.00830044104017263,4000,2149.416136534133
0.07823302695080049,0.16703669293439719,-0.012354256518159823,22000,8054.929374637141
0.1589499598856141,0.15293725317836152,-0.0076326021458317,28000,9968.772979815913
0.1589499598856141,0.17144970111590976,-0.012304113546953167,5000,9968.772979815913
0.16426813223584644,0.14597497598439058,-0.005171415933249468,25000,8371.635549928305
0.030709161363584057,0.1344938408266477,-0.014029746211616116,20000,3721.496251044161
0.30466658438973576,0.15273943254143402,-0.00457007838090761,15000,9367.701460379212
0.16426813223584644,0.16712756499790554,-0.014856230052510539,20000,12990.003729794424
0.06045829535513537,0.1388471482372007,0.0007679103781571589,28000,11428.776259500675
0.30466658438973576,0.13786338332232864,-0.008991235328247603,39000,9815.38693042659
0.3965352901233879,0.15963595414115972,-0.025477664315271546,6000,16949.69186366355
0.07498632668291193,0.1710200413121366,-0.005018066753819673,39000,12549.767112704283
0.03096723983469186,0.14966527738681165,-0.008731607826971783,25000,6379.779727401703
0.3198999136092226,0.1397473309752325,-0.014272055185144654,25000,10124.162225871132
0.07498632668291193,0.15478131112188867,-0.002884986499854882,12000,12625.18983357999
0.1896930846842057,0.1659163824841328,-0.02085530558352303,6000,1932.7685273621282
0.2764675808695338,0.17081093422387347,0.0017278636974403412,25000,2149.416136534133
0.07498632668291193,0.1593195445996898,-0.020337501543874353,15000,6490.025297937499
0.1896930846842057,0.14386644504597276,-0.02094061399509536,4000,14552.421047816675
0.4722332058040905,0.1704001412860261,-0.013651158245915585,20000,8044.38748849249
0.0567270438764676,0.17830796683699565,0.00228228849161475,15000,8781.38100521925
0.16426813223584644,0.1539273766621372,-0.013072161674656796,28000,5961.998200255187
0.3198999136092226,0.16273017721111824,-0.012078241310569468,6000,3721.496251044161
0.03096723983469186,0.17533458448091507,-0.017229709751360834,20000,8044.38748849249
0.030709161363584057,0.13301220785162182,-0.004408961132634308,7000,13345.696517931832
0.07823302695080049,0.15886828984921628,-0.014631239813301788,28000,10868.15254697223
0.3965352901233879,0.16444820231713386,-0.01669110417940009,10000,3982.1550627694223
0.1589499598856141,0.1467395361209478,-0.015604425925914189,20000,1388.161926428812
0.03096723983469186,0.15525154224021515,-0.003067387778900879,39000,1932.7685273621282
0.3965352901233879,0.15476969349827152,-0.002508715164909984,15000,1388.161926428812
0.030709161363584057,0.1501415149958747,-0.011115173893422965,15000,10588.791757848958
0.3198999136092226,0.14480991221598516,-0.0014895797575949926,22000,2149.416136534133
0.30466658438973576,0.17166402813633003,-0.021145449887211624,5000,8044.38748849249
0.0567270438764676,0.18138689215127002,-0.015574680791540585,10000,14088.177761028734
0.2764675808695338,0.1784080919583377,-0.0017132415226542544,10000,10868.15254697223
0.16426813223584644,0.1473709936770254,-0.014385201724821264,5000,9968.772979815913
0.03096723983469186,0.180031626758297,0.002413683368308165,15000,5852.089204350804
0.06045829535513537,0.16492816325925402,-0.01084147430827485,5000,10868.15254697223
0.03096723983469186,0.15891384426892155,-0.021896541329519657,15000,1944.8338863255753
0.1589499598856141,0.15370388697054116,0.0115070948906622,6000,9815.38693042659
0.4722332058040905,0.1658984217965315,-0.005775491909118629,28000,5961.998200255187
0.3198999136092226,0.1588839877715811,-0.01942081106198822,10000,1388.161926428812
0.2764675808695338,0.14684460913634137,0.0031510859031027814,12000,15674.647469510692
0.030709161363584057,0.15671949274611918,-0.014027444502919576,23000,8781.38100521925
0.4722332058040905,0.1580572525401603,-0.00889901945583606,12000,2955.6355296040556
0.3965352901233879,0.14866701591135176,-0.015396859796035589,15000,6111.439449623881
0.07498632668291193,0.1588723378365213,-0.006652928038307634,25000,14929.56671203167
0.0567270438764676,0.15015591739328918,-0.012923135352714166,25000,6490.025297937499
0.1589499598856141,0.15413205294497256,-0.009331671737409666,12000,14088.177761028734
0.06045829535513537,0.1572776566335536,-0.003531034891815196,28000,5756.56884800299
0.07498632668291193,0.1763249936835889,-0.011290763894902465,15000,9568.06133278347
0.07498632668291193,0.134135962136656,-0.02353787922972291,25000,12472.89232435155
0.2764675808695338,0.15498409389818565,-0.006153498015815579,10000,13439.594459895283
0.2764675808695338,0.1582024923496068,-0.010089036784911682,5000,2149.416136534133
0.0567270438764676,0.16109318805842454,-0.011893866316556182,28000,13439.594459895283
0.030709161363584057,0.14603179997583485,-0.019887930545118632,5000,11700.301792294806
0.16426813223584644,0.17567713933284712,-0.008547044654903269,8000,9208.354043041478
0.0567270438764676,0.1476575672555531,0.005071205830053526,25000,8054.929374637141
0.4722332058040905,0.17933143865672568,-0.020045854214082063,25000,5852.089204350804
0.1896930846842057,0.16211592009616363,3.889029303770555e-05,25000,9357.594394504782
0.16426813223584644,0.1573649843211963,-0.01610059576347146,10000,8094.365808845958
0.16426813223584644,0.1509060096716429,-0.015737713446270965,7000,8980.724685620986
0.2764675808695338,0.16262380918456665,-0.0055128982695252906,20000,18495.762853876247
0.2764675808695338,0.1606681205254369,-0.0016849280134838523,12000,5852.089204350804
0.03096723983469186,0.176503117731708,-0.0052608571420613565,4000,3180.534231222965
0.1589499598856141,0.14556593915505286,-0.014705246269672715,5000,1932.7685273621282
0.30466658438973576,0.15057397395753042,-0.020880530136845543,3000,6490.025297937499
0.2764675808695338,0.176996033640183,0.008169218771965116,15000,13439.594459895283
0.4722332058040905,0.16729193951749816,-0.011243645121018631,3000,1932.7685273621282
0.1896930846842057,0.15647339919616246,0.0026520986137053087,22000,8044.38748849249
0.07498632668291193,0.17857434562710028,-0.0035382253708618164,10000,12990.003729794424
0.2764675808695338,0.152438334920852,-0.02689770331747006,25000,12990.003729794424
0.2764675808695338,0.16734045411617557,-0.0039879664960044475,25000,4635.668443078176
0.07823302695080049,0.1489069994539029,-0.017144864933757706,15000,9208.354043041478
0.07498632668291193,0.14539469296831053,-0.0005273050303241607,3000,10588.791757848958
0.3965352901233879,0.15862848895439616,-0.01073949403982532,7000,1932.7685273621282
0.07823302695080049,0.15167836759130285,-0.01579725689641365,12000,15182.209441928107
0.03096723983469186,0.1563457805277075,-0.008741167650687623,10000,12625.18983357999
0.3198999136092226,0.15314799525849396,-0.008163297652042354,8000,1944.8338863255753
0.030709161363584057,0.14222587481898485,-0.015727016066131524,20000,8094.365808845958
0.07823302695080049,0.18489740118014406,-0.020457011425168925,8000,2955.6355296040556
0.06045829535513537,0.1746291360579336,-0.010638512368974713,10000,16949.69186366355
0.3965352901233879,0.1697253682577007,-0.015590847215079674,25000,13439.594459895283
0.4722332058040905,0.14603429429295608,-0.005962890987833963,6000,8044.38748849249
0.07498632668291193,0.15987333896359243,-0.014644857461394437,10000,8044.38748849249
0.0567270438764676,0.1651841209634596,-0.0029669250973657023,25000,13345.696517931832
0.2764675808695338,0.16765543418537115,0.0025384822058086304,7000,8371.635549928305
0.07823302695080049,0.16231615638610544,-0.01617998951524994,20000,9208.354043041478
0.03096723983469186,0.15634604298356686,-0.008901082257733643,15000,3721.496251044161
0.030709161363584057,0.14827377710520945,0.00012258073028000306,10000,7903.372032495086
0.3965352901233879,0.17314846501676617,-0.02000774195758891,12000,9208.354043041478
0.30466658438973576,0.16261013738263988,-0.015391346096956802,10000,8781.38100521925
0.2764675808695338,0.16261612238417794,-0.0005333995457351802,10000,8266.360338630808
0.3965352901233879,0.16948123383246103,-0.003452173103537138,3000,8054.929374637141
0.0567270438764676,0.1478053002459569,-0.01413567658360084,4000,10124.162225871132
0.1896930846842057,0.17655992127192233,-0.013295519966660004,12000,16949.69186366355
0.3965352901233879,0.14348270890573755,-0.002167213669542587,20000,1388.161926428812
0.1589499598856141,0.13447209610220934,-0.013739513359641874,20000,9308.86605146799
0.1896930846842057,0.15574494593984933,-0.00936568983123663,25000,2641.9358544440147
0.07823302695080049,0.15333683782105587,-0.008820559372394676,15000,6490.025297937499
0.1589499598856141,0.164091224439167,-0.004172985253472975,5000,9362.142291789198
0.3965352901233879,0.16517479731767887,-0.01646280287392582,5000,5852.089204350804
0.3198999136092226,0.15671924874085813,-0.017510619436661715,39000,8867.27474861856
0.4722332058040905,0.16348105465496082,-0.005813350371323865,8000,7818.674849699402
0.2764675808695338,0.16622586884010698,-0.012651752157436214,5000,8371.635549928305
0.0567270438764676,0.14402037273033216,-0.01664773930803466,10000,6379.779727401703
0.2764675808695338,0.13809955597712184,-0.0074831765536093435,28000,6029.591590125569
0.16426813223584644,0.15323179810788598,-0.014200845205657387,5000,12549.767112704283
0.06045829535513537,0.1554928298014085,0.004222116622232081,25000,5961.998200255187
0.1589499598856141,0.17440316881549658,-1.438124344809391e-05,5000,1388.161926428812
0.07498632668291193,0.15039536778312904,-0.013241227632118706,20000,14929.56671203167
0.0567270438764676,0.14439540188024605,-0.023333910701164404,25000,13345.696517931832
0.07498632668291193,0.1507457489304881,-0.01869844677320338,25000,7903.372032495086
0.4722332058040905,0.14418027573143793,-0.011656622986464468,25000,6029.591590125569
0.2764675808695338,0.15523090788081517,-0.006651415561656876,15000,16949.69186366355
0.030709161363584057,0.14935878436407557,-0.0018859882080553977,22000,15182.209441928107
0.30466658438973576,0.13455797761561397,0.0034065738722839746,6000,7903.372032495086
0.3198999136092226,0.15993791318823056,-0.0025826344609000003,15000,8867.27474861856
0.3965352901233879,0.13812883314068192,0.0040865619298001,8000,13439.594459895283
0.2764675808695338,0.15451183239658836,-0.015835431413494652,6000,8054.929374637141
0.16426813223584644,0.1690323579878713,-0.020692352976529355,22000,3180.534231222965
0.06045829535513537,0.15607034628692013,-0.016457067078307266,8000,9568.06133278347
0.3965352901233879,0.15229826054729742,-0.0009109588792236255,5000,6490.025297937499
0.07498632668291193,0.16206818785771912,0.0096183468455323,25000,7818.674849699402
0.2764675808695338,0.16609602382156635,-0.008715140394956014,10000,9362.142291789198
0.2764675808695338,0.15525174151012897,-0.011922627911197872,5000,12625.18983357999
0.30466658438973576,0.16521964809262957,-0.008297568801034817,25000,4635.668443078176
0.06045829535513537,0.13670121966041818,-0.004111046291812001,39000,8298.692961111445
0.30466658438973576,0.17304305530709205,-0.012312179778540024,39000,3180.534231222965
0.3198999136092226,0.1574307100107415,-0.008308688388932431,20000,16949.69186366355
0.1896930846842057,0.16704403936409373,-0.013032092907000454,22000,14552.421047816675
0.3965352901233879,0.15312065902264135,-0.007728663695961271,20000,8094.365808845958
0.0567270438764676,0.14690266123378146,0.0010990414783216846,3000,8054.929374637141
0.07823302695080049,0.15683144883343886,-0.02041002629652911,22000,8867.27474861856
0.30466658438973576,0.17508146871944613,-0.010040396634635112,3000,6029.591590125569
0.1589499598856141,0.15893850246061936,-0.006551809087006208,5000,5756.56884800299
0.3198999136092226,0.17446585761708344,-0.01773427698541595,25000,15182.209441928107
0.03096723983469186,0.1826782066622317,0.0016646677587846012,8000,8371.635549928305
0.1896930846842057,0.13543941496907078,0.0019043220367353333,5000,9921.736099442112
0.07498632668291193,0.13872341474889643,-0.0034435895544458954,5000,8266.360338630808
0.030709161363584057,0.15743948190598855,-0.01891330026718511,8000,8266.360338630808
0.07823302695080049,0.13613657375592006,-0.012508886919578075,28000,9921.736099442112
0.3965352901233879,0.15951429899816047,-0.006637391865076755,7000,5756.56884800299
0.07823302695080049,0.15472794602877707,-0.01797216374721829,10000,14929.56671203167
0.03096723983469186,0.15623657106181268,0.0013997441413716942,3000,8266.360338630808
0.03096723983469186,0.13398488387355048,-0.007239806773277432,5000,7818.674849699402
0.07498632668291193,0.15429206557375064,-0.013993660573011811,15000,12990.003729794424
0.030709161363584057,0.158814248271071,-0.007133708991301261,15000,18495.762853876247
0.030709161363584057,0.16784964199350882,-0.004718304042537606,25000,7903.372032495086
0.03096723983469186,0.1514785561327423,-0.018591979453769038,39000,14929.56671203167
0.3198999136092226,0.14590254988224094,-0.01000893520243919,15000,9362.142291789198
0.3198999136092226,0.15436171787773173,-0.002556202990595915,6000,7903.372032495086
0.07823302695080049,0.13840527243982906,-0.01898192068734248,5000,15182.209441928107
0.1589499598856141,0.1444094069414809,-0.001849260477248728,15000,7818.674849699402
0.03096723983469186,0.17988470758978561,-0.011136746797429724,15000,8371.635549928305
0.0567270438764676,0.1568774499972162,-0.010764385001320737,15000,9357.594394504782
0.030709161363584057,0.1700350777030983,0.005846963677041977,8000,13345.696517931832
0.4722332058040905,0.15808642957229926,-0.01899354335304607,23000,9357.594394504782
0.16426813223584644,0.14691691458502656,-0.009011206161520874,20000,12625.18983357999
0.2764675808695338,0.16670474596656115,-0.007426054224584561,6000,9357.594394504782
0.30466658438973576,0.1435012768388718,-0.012386251744636227,7000,7903.372032495086
0.030709161363584057,0.13376760234323995,-0.013218641326120531,6000,3180.534231222965
0.07823302695080049,0.13727789171947133,-0.009276961500960091,3000,11700.301792294806
0.3965352901233879,0.15822572869556661,-0.007982624370378678,5000,9357.594394504782
0.3965352901233879,0.15774301030642526,-0.016880037177824304,20000,9367.701460379212
0.07498632668291193,0.15233388106440324,-0.010801822664518256,20000,9568.06133278347
0.07823302695080049,0.17126754581064904,-0.0098911998305692,6000,14088.177761028734
0.1896930846842057,0.15734482963173638,-0.004608594485692097,8000,7903.372032495086
0.3198999136092226,0.13308471098266633,0.0035413422253828155,6000,7818.674849699402
0.3198999136092226,0.17149677032745922,-0.0016950680011185502,5000,10124.162225871132
0.1589499598856141,0.1691879543211516,-0.0042950133679689135,25000,1388.161926428812
0.3965352901233879,0.1528300568541212,-0.004815263208432217,20000,9815.38693042659
0.3198999136092226,0.1574738936212321,-0.0015517688344319892,3000,14088.177761028734
0.4722332058040905,0.14770448571104608,-0.00640785381420502,25000,9362.142291789198
0.1896930846842057,0.16872084160145823,-0.014860501905363616,10000,14929.56671203167
0.1896930846842057,0.133913893606021,-0.0286423394074828,25000,8044.38748849249
0.07498632668291193,0.16061276934776575,-0.0020656230766029097,3000,6029.591590125569
0.030709161363584057,0.1811229278217521,-0.001095232447516664,23000,9968.772979815913
0.07823302695080049,0.1765992954237277,-0.006178497083032027,25000,9568.06133278347
0.07498632668291193,0.16711452918443423,-0.0004921353825157655,10000,3982.1550627694223
0.07498632668291193,0.16178109929272272,-0.0011817586099932195,8000,2641.9358544440147
0.07823302695080049,0.14666492171423326,-0.01678513470927353,39000,12990.003729794424
0.07498632668291193,0.1681007043427651,-0.005180632007685128,7000,10588.791757848958
0.0567270438764676,0.1602270700741921,-0.002317849165504929,3000,7903.372032495086
0.030709161363584057,0.16617294453054654,-0.023891756433828102,12000,15674.647469510692
0.30466658438973576,0.1335979798654106,-0.009869099336208475,4000,2955.6355296040556
0.2764675808695338,0.174068272749001,-0.014040350891236964,15000,2641.9358544440147
0.16426813223584644,0.15860801433415792,-0.017693586044534505,10000,13439.594459895283
0.16426813223584644,0.1539579416006576,-0.019420987603790997,39000,2955.6355296040556
0.16426813223584644,0.14432642927521086,0.008007350301284685,3000,9362.142291789198
0.2764675808695338,0.1608801822846324,-0.005809665420981014,39000,9208.354043041478
0.3965352901233879,0.16779210235724193,-0.006261804983061177,8000,15674.647469510692
0.06045829535513537,0.16444440341828842,-0.01581449084340007,7000,16949.69186366355
0.1589499598856141,0.1704152303378626,-0.0002445734695048968,25000,14088.177761028734
0.30466658438973576,0.1417019041880276,-0.012123332971835685,8000,9921.736099442112
0.06045829535513537,0.1625203718091459,-0.002038138168655432,7000,4635.668443078176
0.1896930846842057,0.15370214564984305,-0.01428194386580686,10000,1932.7685273621282
0.4722332058040905,0.15960005248045767,-0.009641230704246904,15000,6029.591590125569
0.1589499598856141,0.1640240182388946,-0.021049334050308732,7000,11428.776259500675
0.4722332058040905,0.1542618146468242,0.00648574415178866,10000,9968.772979815913
0.06045829535513537,0.14386199514980166,-0.003169077006533288,10000,15674.647469510692
0.1589499598856141,0.14667099168797312,-0.016407505050657436,6000,13439.594459895283
0.1589499598856141,0.15176204367037438,-0.01726800066618932,3000,5961.998200255187
0.3198999136092226,0.15766873520623217,0.0028515269248699155,3000,8781.38100521925
0.16426813223584644,0.14200391612639046,-0.01466345379356105,25000,8781.38100521925
0.030709161363584057,0.16604435803900403,-0.01949096959259932,12000,13439.594459895283
0.30466658438973576,0.18511908169562621,-0.011638773238968642,25000,3982.1550627694223
0.2764675808695338,0.1802616602972417,-0.014888657917295368,8000,1388.161926428812
0.06045829535513537,0.16334285185501884,-0.010171143398450745,15000,12308.705340727283
0.03096723983469186,0.16653834840067258,-0.0024664236830863936,12000,16949.69186366355
0.06045829535513537,0.1810961677063975,-0.0024962733715298458,15000,7818.674849699402
0.07498632668291193,0.15988978671035178,0.007851480673770112,10000,18495.762853876247
0.2764675808695338,0.1683705237060183,-0.016990408136690168,20000,10124.162225871132
0.30466658438973576,0.14945845495980958,-0.020410096834890794,20000,6490.025297937499
0.30466658438973576,0.15207907549023272,-0.016520728595623556,15000,9362.142291789198
0.4722332058040905,0.18327098277605708,-0.01214641651757341,10000,14929.56671203167
0.3198999136092226,0.15818580930966938,-0.01623770450825853,25000,5756.56884800299
0.3965352901233879,0.14388396403547887,-0.0070560909798776895,5000,2149.416136534133
0.3198999136092226,0.1488706962569128,-0.012529567266064924,6000,5756.56884800299
0.1896930846842057,0.16474424556671283,-0.014405711820466167,8000,8094.365808845958
0.2764675808695338,0.16875898083519794,-0.017261417337840607,23000,4635.668443078176
0.07823302695080049,0.15271738952217595,0.012299284739774778,39000,12472.89232435155
0.2764675808695338,0.14297369489442605,-0.004814712149897155,12000,8371.635549928305
0.0567270438764676,0.16316414181318764,-0.00017605397149499037,6000,3982.1550627694223
0.1896930846842057,0.18188565315007338,-0.005427612706520752,39000,1932.7685273621282
0.1896930846842057,0.18197079495163224,0.0007335982287212065,28000,3180.534231222965
0.30466658438973576,0.15804538601160462,-0.0008579853142895224,20000,10868.15254697223
0.07498632668291193,0.1538810180803515,-0.01578494806173084,25000,5756.56884800299
0.1589499598856141,0.1547432917267542,-0.005360724979060204,10000,9815.38693042659
0.1896930846842057,0.18076759684563476,-0.008332943979920926,4000,1388.161926428812
0.07498632668291193,0.1656612238070924,0.008544584023402333,12000,7818.674849699402
0.4722332058040905,0.14868026302470355,-0.01549976210577813,10000,11700.301792294806
0.16426813223584644,0.1844629884470345,-0.004345152179530872,5000,8044.38748849249
0.1589499598856141,0.16275704715187558,0.0032420289249841293,3000,14552.421047816675
0.07823302695080049,0.13933760974581488,-0.004674786949476593,8000,10124.162225871132
0.4722332058040905,0.18514680278204745,-0.00626614764577635,10000,6490.025297937499
0.1589499598856141,0.15173174034336612,-0.014004022922835578,12000,8054.929374637141
0.030709161363584057,0.13768247367993053,-0.00951824157681251,4000,8054.929374637141
0.06045829535513537,0.15561887360417928,-0.0019247946812654061,20000,14088.177761028734
0.2764675808695338,0.16563025749241586,0.015976624937707615,8000,8094.365808845958
0.07823302695080049,0.17442528905181173,-0.0023548957038439827,3000,9362.142291789198
0.0567270438764676,0.16622517351488125,-0.0038703557459290206,7000,8044.38748849249
0.3965352901233879,0.1544942674788744,0.0005218012570080995,3000,3721.496251044161
0.16426813223584644,0.14558776410163712,-0.010525117574146647,7000,13439.594459895283
0.0567270438764676,0.16565399829388724,0.010416799540034489,8000,6379.779727401703
0.1896930846842057,0.1594005343123622,-0.00893048693597725,3000,16949.69186366355
0.030709161363584057,0.18046537516567615,0.00027593486137021396,25000,12308.705340727283
0.30466658438973576,0.168505342603378,-0.013312308158833814,15000,15182.209441928107
0.3198999136092226,0.1709022612162778,-0.011535522603170135,8000,18495.762853876247
0.3965352901233879,0.18014006155212822,-0.010598457309692775,5000,18495.762853876247
0.03096723983469186,0.16231374656465766,-0.010421428727831049,15000,9921.736099442112
0.07498632668291193,0.1569104490298197,-0.006579231625314244,25000,6490.025297937499
0.3198999136092226,0.15190328621651794,-0.010163937553211223,8000,8054.929374637141
0.07823302695080049,0.18505272884235555,-0.004834690374473184,3000,9921.736099442112
0.1896930846842057,0.17252572511958011,-0.013918286233328482,28000,13439.594459895283
0.0567270438764676,0.16555322973667566,-0.0019155918959431618,4000,8044.38748849249
0.4722332058040905,0.15536323058892088,-0.0018694439050168917,10000,16949.69186366355
0.16426813223584644,0.15291951072346902,-0.020395764769090958,15000,8054.929374637141
0.030709161363584057,0.15935121771638533,-0.013466296130413329,23000,6029.591590125569
0.3198999136092226,0.1537991746579977,-0.017005329029082115,28000,11428.776259500675
0.06045829535513537,0.154016327720592,-0.016098505215119577,10000,8371.635549928305
0.06045829535513537,0.14659121512953066,-0.016435680417725383,4000,5961.998200255187
0.07823302695080049,0.14551299033643322,-0.01203099244900205,20000,12625.18983357999
0.16426813223584644,0.1611927255685912,-0.025811566900083044,10000,12625.18983357999
0.030709161363584057,0.16666251304690874,-0.013027522065375918,8000,2955.6355296040556
0.0567270438764676,0.167128089532651,-0.009641986268708559,12000,1932.7685273621282
0.03096723983469186,0.13735977469593236,-0.010691426224580523,10000,12625.18983357999
0.3198999136092226,0.176208798617522,-0.004691808263609882,15000,15674.647469510692
0.4722332058040905,0.17051224461646705,-0.025492666451162577,7000,1932.7685273621282
0.07498632668291193,0.1813022490211222,0.0012454535403187304,12000,11428.776259500675
0.3965352901233879,0.15756789695508883,-0.008863215339447214,10000,10868.15254697223
0.030709161363584057,0.13375354495779435,-0.013037679923062193,12000,10868.15254697223
0.1589499598856141,0.14894492075145063,0.0026558286479397143,3000,6379.779727401703
0.07823302695080049,0.1710840732253448,-0.0027628550972863307,12000,14929.56671203167
0.03096723983469186,0.18074350238595469,0.0003284773999125928,5000,8781.38100521925
0.2764675808695338,0.16149264996144672,-0.013421195214747538,20000,8266.360338630808
0.2764675808695338,0.14377963781448078,-0.02741330334476258,10000,8980.724685620986
0.3198999136092226,0.164018716626567,-0.008890188961692861,20000,12472.89232435155
0.07823302695080049,0.13531800654217832,-0.011778611288108793,25000,8044.38748849249
0.1896930846842057,0.15371412015934596,-0.013251378559475148,10000,2955.6355296040556
0.16426813223584644,0.13846101446995093,-0.0064735022282707754,10000,15182.209441928107
0.06045829535513537,0.16485051405968784,0.00010151976639489017,20000,12308.705340727283
0.2764675808695338,0.17854194822000166,0.00026159211579679755,5000,7903.372032495086
0.03096723983469186,0.14858955095282494,0.00048580086422233344,10000,5756.56884800299
0.30466658438973576,0.1623855670523903,-0.0030920841965288845,25000,2149.416136534133
0.30466658438973576,0.1427615195831784,-0.022465024836825154,20000,10588.791757848958
0.3198999136092226,0.16734076509451024,-0.015804666905473587,25000,3180.534231222965
0.030709161363584057,0.17009595893511978,-0.008954800185470093,23000,3721.496251044161
0.1589499598856141,0.1383188318402109,-0.007201780117205866,4000,9308.86605146799
0.3198999136092226,0.16604426449748536,-0.015988394621439705,12000,6029.591590125569
0.07823302695080049,0.1545357031183782,-0.026579615514346157,20000,5852.089204350804
0.2764675808695338,0.1461730093432387,-0.020283264420806434,15000,6111.439449623881
0.03096723983469186,0.14912673537903354,-0.016716031616349766,6000,2149.416136534133
0.07823302695080049,0.14311733796150772,-0.010704547981167208,15000,6379.779727401703
0.3965352901233879,0.1412390137855999,-0.011182406684873605,5000,9357.594394504782
0.03096723983469186,0.1495406778576146,-0.01474799056776926,10000,13345.696517931832
0.07823302695080049,0.1540398145800378,-0.005891442832864208,15000,3180.534231222965
0.3965352901233879,0.16583065148033607,-0.006456152587603096,22000,12549.767112704283
0.030709161363584057,0.14874686402705242,-0.00823294521375885,25000,2149.416136534133
0.06045829535513537,0.1660174938532632,-0.005473606088059825,28000,8980.724685620986
0.07823302695080049,0.1694300457998958,-0.010025728259329052,5000,9362.142291789198
0.030709161363584057,0.1584274835251236,0.0009685742063546629,12000,12308.705340727283
0.3965352901233879,0.1739907037305607,-0.01055875316741931,15000,2641.9358544440147
0.07498632668291193,0.14117181703495368,-0.01600302363671441,7000,2149.416136534133
0.1589499598856141,0.1657869123224148,-0.004075420404880003,10000,9568.06133278347
0.1896930846842057,0.15961846209345448,-0.006728793434809043,6000,12472.89232435155
0.03096723983469186,0.15294551651606383,-0.011950259927179852,28000,9568.06133278347
0.16426813223584644,0.14315470589336826,0.007679466683325952,15000,1944.8338863255753
0.1896930846842057,0.15109229447641737,-0.012428128944099835,5000,8980.724685620986
0.03096723983469186,0.1608177276228903,-0.001822976292198917,25000,9968.772979815913
0.030709161363584057,0.15454247783111125,0.0005080358642046362,15000,14552.421047816675
0.07823302695080049,0.16531521291594686,-0.011020367911097858,7000,7818.674849699402
0.07823302695080049,0.15724621619257315,-0.01938494210367356,15000,12308.705340727283
0.07498632668291193,0.15060142005036062,-0.0010155750561971395,10000,2955.6355296040556
0.07498632668291193,0.14363969049960446,-0.0021833660844219893,15000,11428.776259500675
0.2764675808695338,0.14751463393817735,-0.0149520683148438,8000,10124.162225871132
0.2764675808695338,0.14687631601629808,0.001162884223491919,10000,3180.534231222965
0.06045829535513537,0.1572470195448675,0.016769514950896333,20000,7903.372032495086
0.3965352901233879,0.15231991193142388,-0.0005912162151556971,7000,3180.534231222965
0.1896930846842057,0.1471762392164365,-0.0019854573759991692,39000,7818.674849699402
0.3198999136092226,0.15121060744482748,-0.017741997578216283,7000,8298.692961111445
0.3198999136092226,0.16079790787336387,-0.014194188983237339,25000,2955.6355296040556
0.06045829535513537,0.15499651631190334,-0.008187955986176094,25000,7903.372032495086
0.1896930846842057,0.15258708036656735,-0.004643413615462645,10000,12990.003729794424
0.2764675808695338,0.15419657530218808,-0.01824952395082151,5000,12308.705340727283
0.030709161363584057,0.14871241645230018,-0.005574570082360649,8000,8266.360338630808
0.06045829535513537,0.16441517242086207,-0.0065785075258862425,8000,1944.8338863255753
0.1589499598856141,0.16019222237738373,-0.008381013111118411,22000,9367.701460379212
0.1589499598856141,0.16024128678707153,-0.01196913429893581,5000,9568.06133278347
0.2764675808695338,0.14336201666638193,-0.006789614254383496,22000,12625.18983357999
0.30466658438973576,0.17510814186828808,0.003906050442354162,12000,6029.591590125569
0.0567270438764676,0.16512105569957353,-0.018744251219741048,25000,9815.38693042659
0.30466658438973576,0.17421382982826766,-0.016111416852857725,5000,8371.635549928305
0.03096723983469186,0.14729202875314637,-0.00963818418550993,23000,9362.142291789198
0.03096723983469186,0.1465666610777532,0.004519699066052579,15000,8781.38100521925
0.07498632668291193,0.16853767826732835,-0.0036835684709525464,8000,8298.692961111445
0.1896930846842057,0.14390854058713082,-0.010796874276516263,10000,2955.6355296040556
0.1896930846842057,0.14388135972166932,-0.009212028989114654,25000,11428.776259500675
0.4722332058040905,0.16559334498023817,0.007479161326681722,5000,2955.6355296040556
0.1896930846842057,0.14526308544767713,-0.01473307953402827,4000,1932.7685273621282
0.3965352901233879,0.140524156309682,-0.0018570536390280592,28000,6111.439449623881
0.16426813223584644,0.16834748004127634,-0.010478931766897912,23000,12625.18983357999
0.16426813223584644,0.1562244881217668,-0.0014842919020258583,8000,1932.7685273621282
0.30466658438973576,0.14440856925805848,-0.0034536867747034287,25000,9921.736099442112
0.07498632668291193,0.1443333093064585,-0.016232919132661443,39000,14088.177761028734
0.16426813223584644,0.1738690410068465,0.010099610190647345,15000,5961.998200255187
0.03096723983469186,0.14432548631013406,0.0018384715783887023,10000,7818.674849699402
0.07498632668291193,0.13554650012176545,-0.023120126141139306,12000,6029.591590125569
0.16426813223584644,0.17306557059128658,-0.007982083202831692,3000,13439.594459895283
0.3198999136092226,0.15186746324063785,-0.010978809744111005,8000,8044.38748849249
0.4722332058040905,0.13761044529307118,-0.019608630628016543,25000,3721.496251044161
0.4722332058040905,0.15745306843613568,-0.009383885657818284,25000,8298.692961111445
0.2764675808695338,0.13971490891424354,0.006159313305330019,5000,15182.209441928107
0.06045829535513537,0.1807094803391512,-0.014728712549368968,20000,3180.534231222965
0.07823302695080049,0.1493904222918269,-0.008642364164466051,3000,12990.003729794424
0.1896930846842057,0.16799944812318293,-0.021595552705464375,4000,11428.776259500675
0.16426813223584644,0.1651459840398006,-0.003167236353882154,5000,11700.301792294806
0.3198999136092226,0.15419091421448783,-0.0020954538930810077,4000,12625.18983357999
0.03096723983469186,0.13441751657161935,-0.014062320746826826,5000,6379.779727401703
0.2764675808695338,0.17479033534016797,0.0012496194655176045,6000,3982.1550627694223
0.07823302695080049,0.13708035146178013,-0.008744100286755718,8000,14929.56671203167
0.16426813223584644,0.16195421468230145,-0.007445988522870076,8000,3982.1550627694223
0.2764675808695338,0.15892492082652687,-0.014605303387862867,15000,9362.142291789198
0.06045829535513537,0.1413968757229036,-0.009710978183583439,7000,5756.56884800299
0.1896930846842057,0.15295354554067045,-0.013969887983071298,12000,13345.696517931832
0.4722332058040905,0.15957159724021602,0.005374083114953289,3000,2641.9358544440147
0.07823302695080049,0.17302052863150383,0.0008450062050083018,22000,3180.534231222965
0.2764675808695338,0.16044373956206084,-0.011969570057016201,39000,12472.89232435155
0.1896930846842057,0.14685671079237167,-0.02357038314571613,3000,8371.635549928305
0.0567270438764676,0.15060641410236666,0.0012579972790596038,15000,3721.496251044161
0.3965352901233879,0.1791854525279702,-0.003944767044542982,8000,7818.674849699402
0.3198999136092226,0.1729827153277065,-0.009996844484105585,8000,9921.736099442112
0.03096723983469186,0.13771468482146557,0.006814615431310298,4000,9308.86605146799
0.06045829535513537,0.1554828904918875,-0.01645359300196411,28000,3721.496251044161
0.030709161363584057,0.16507713261709622,-0.017116188844327612,8000,9308.86605146799
0.1589499598856141,0.15891473494172448,-0.020465888103601337,25000,14552.421047816675
0.1589499598856141,0.16110863393411246,-0.00667640575691019,20000,9208.354043041478
0.30466658438973576,0.16509807185833864,-0.023395133773673107,5000,2955.6355296040556
0.07823302695080049,0.16028104781030436,0.00039588862090156215,23000,18495.762853876247
0.0567270438764676,0.15164192729023565,-0.008221734944679997,23000,14552.421047816675
0.07498632668291193,0.15490924370717246,-0.010011930433824565,5000,11700.301792294806
0.06045829535513537,0.16320519036566106,-0.013604782712850733,25000,9921.736099442112
0.07823302695080049,0.1565338859667333,-0.03082687087349928,15000,9362.142291789198
0.07823302695080049,0.15937755565665368,-0.01541904362070731,22000,15674.647469510692
0.1589499598856141,0.16512461696399397,-0.005660929426826548,25000,8371.635549928305
0.1589499598856141,0.15727932299958933,-0.00880923514229774,5000,9208.354043041478
0.06045829535513537,0.18323807096299902,-0.006598770823221535,12000,14552.421047816675
0.3965352901233879,0.15605156093884415,-0.016002832644797287,10000,3982.1550627694223
0.2764675808695338,0.17690410625533065,-0.0110996281457492,25000,11428.776259500675
0.30466658438973576,0.15906623012108542,-0.019955417026511466,6000,11428.776259500675
0.030709161363584057,0.1488591013490056,0.004109283721111047,15000,8980.724685620986
0.3198999136092226,0.1617957346064428,-0.008693071598356767,12000,5961.998200255187
0.0567270438764676,0.16962111405931127,0.006806915366271191,7000,4635.668443078176
0.30466658438973576,0.14158146831946086,-0.00950949181471893,20000,16949.69186366355
0.03096723983469186,0.13424008302887036,-0.010767409307407235,7000,18495.762853876247
0.4722332058040905,0.17299146839893076,-0.019205125841739886,10000,8867.27474861856
0.030709161363584057,0.15441019294082384,-0.005980103219147698,39000,8781.38100521925
0.3965352901233879,0.14853999573783372,-0.01211409252446295,4000,11428.776259500675
0.07498632668291193,0.15741437948525194,-0.02404940750837936,28000,9208.354043041478
0.07498632668291193,0.14830480205184937,-0.027249521565233154,10000,6111.439449623881
0.0567270438764676,0.15430416909814884,-0.009029702436014008,5000,10588.791757848958
0.0567270438764676,0.14092985301403319,0.00379766365686709,15000,2149.416136534133
0.03096723983469186,0.16182515523623675,-0.008149066654501151,8000,13345.696517931832
0.2764675808695338,0.18446078133031074,-0.015022010030717643,25000,8371.635549928305
0.16426813223584644,0.1448933475446021,-0.003761188646785958,8000,9815.38693042659
0.07498632668291193,0.1538777519138293,-0.0067505384885652685,23000,8044.38748849249
0.2764675808695338,0.16340101829120546,-0.00156365247614064,15000,8980.724685620986
0.2764675808695338,0.135490451877555,-0.012138525185122819,10000,11700.301792294806
0.1896930846842057,0.17155408576580522,-0.015902022233845334,28000,6111.439449623881
0.1896930846842057,0.1745549273587305,-0.0052997190619362144,3000,9367.701460379212
0.06045829535513537,0.1598549694374512,-0.0183745085591036,10000,14929.56671203167
0.3198999136092226,0.14374522674021056,-0.009863648252423063,10000,2641.9358544440147
0.16426813223584644,0.14049386925695462,0.005260207641092715,12000,9568.06133278347
0.07498632668291193,0.1854073276069998,0.009290929361814835,8000,11700.301792294806
0.2764675808695338,0.15264006445871423,-0.005423970773214866,3000,6379.779727401703
0.1589499598856141,0.1623932256619444,0.0020345413699794407,6000,9357.594394504782
0.2764675808695338,0.1717359811578945,0.002467086554112984,25000,14929.56671203167
0.06045829535513537,0.17830147551425932,-0.0047944598200390445,39000,9968.772979815913
0.03096723983469186,0.15194734290349718,-0.004153089671348143,25000,6490.025297937499
0.3198999136092226,0.1713221537847322,-0.005725497191471877,23000,10124.162225871132
0.06045829535513537,0.1618387311011152,-0.010468604452166384,20000,8054.929374637141
0.2764675808695338,0.15212513416203485,-0.0052644440225927186,12000,6490.025297937499
0.3965352901233879,0.15232868588309417,-0.01088716387886502,3000,10868.15254697223
0.1589499598856141,0.15715702817734767,-0.009517043265810161,10000,1944.8338863255753
0.07498632668291193,0.1694572921979074,-0.011624440485091703,12000,12990.003729794424
0.0567270438764676,0.15515375720080443,-0.002368036120543165,15000,15674.647469510692
0.0567270438764676,0.15707603118878674,-0.008458703593586407,15000,8781.38100521925
0.07823302695080049,0.1499814202806504,-0.01242016530227929,20000,9968.772979815913
0.07498632668291193,0.17139520655142237,-0.01893922879595436,15000,8781.38100521925
0.3965352901233879,0.14639295380938924,-0.009041950352274073,39000,8781.38100521925
0.4722332058040905,0.15667796054087327,-0.014980791705862518,7000,9357.594394504782
0.030709161363584057,0.17766912096929136,-0.0077579015424675156,3000,4635.668443078176
0.1589499598856141,0.16594573611151092,-0.0211310618580795,28000,9208.354043041478
0.03096723983469186,0.14866298747189335,-0.011560856555400999,25000,12472.89232435155
0.06045829535513537,0.17050866266684864,-0.008780284827372607,22000,14929.56671203167
0.4722332058040905,0.13698030559864816,-0.013598780642437637,7000,15182.209441928107
0.07823302695080049,0.15759920291003918,-0.0032982061329917332,28000,8054.929374637141
0.4722332058040905,0.16988455731318292,-0.01624707439184943,25000,14088.177761028734
0.3198999136092226,0.14813018843660716,-0.011002071494875705,10000,5756.56884800299
0.2764675808695338,0.15877821557029112,-0.005684897923056572,10000,1944.8338863255753
0.07498632668291193,0.18319969575933487,-0.013992562616824933,7000,10588.791757848958
0.1589499598856141,0.14250572359887737,-0.02131633263830906,28000,9367.701460379212
0.4722332058040905,0.15456264539228917,-0.01933251033140408,25000,4635.668443078176
0.06045829535513537,0.1452290695575529,-0.005813495366000597,20000,12990.003729794424
0.03096723983469186,0.14520598939538587,-0.004044788796777719,5000,1932.7685273621282
0.1589499598856141,0.170863926598634,-0.0022037536034818835,10000,5961.998200255187
0.16426813223584644,0.1533780118514029,-0.015677603271013967,15000,7903.372032495086
0.07498632668291193,0.17559285882333311,-0.004384037871982825,23000,13439.594459895283
0.06045829535513537,0.15251726669241417,-0.013473692951638803,15000,14929.56671203167
0.1589499598856141,0.1633214471381779,-0.00562308178619443,5000,14929.56671203167
0.1896930846842057,0.14745173031981587,0.015250770179354615,3000,9308.86605146799
0.3198999136092226,0.1793764793535478,-0.0023572680366809548,25000,10868.15254697223
0.4722332058040905,0.162743804876925,-0.026291172898457373,5000,12549.767112704283
0.1896930846842057,0.14145010245326467,-0.006235843950677563,25000,9367.701460379212
0.30466658438973576,0.1447855330126702,-0.0103422655418209,25000,13345.696517931832
0.06045829535513537,0.18058095631099197,-0.002598621462414512,25000,7903.372032495086
0.1896930846842057,0.1797690199072388,-0.01748583498556437,23000,1932.7685273621282
0.4722332058040905,0.15297178922553964,-0.011905416020460819,15000,4635.668443078176
0.16426813223584644,0.1848910589939495,-0.013070994529900322,3000,9815.38693042659
0.30466658438973576,0.14513581163239556,-0.005080582223877747,20000,9921.736099442112
0.03096723983469186,0.16512881891294562,-0.0011704353210965797,15000,8298.692961111445
0.4722332058040905,0.18499089410573782,0.0038263540860570635,12000,9308.86605146799
0.030709161363584057,0.14604198758092718,-0.006061268292891302,12000,7818.674849699402
0.030709161363584057,0.17009294131440925,-0.014831633758822597,6000,3721.496251044161
0.16426813223584644,0.15819765106996023,0.0037512796381534022,23000,12472.89232435155
0.07498632668291193,0.1651162008923651,-0.012079597932355707,3000,8298.692961111445
0.1896930846842057,0.16497503817667888,-0.0065847409024123735,20000,9568.06133278347
0.3198999136092226,0.15669951335160973,-0.006908992731577458,28000,2149.416136534133
0.06045829535513537,0.1429891783807999,-0.005178843035187625,28000,8298.692961111445
0.3965352901233879,0.16382315209763457,-0.01859761060607228,10000,8054.929374637141
0.0567270438764676,0.1467400235658143,-0.010134161188596105,5000,2149.416136534133
0.16426813223584644,0.1639942015700808,-0.013433472641075448,6000,6111.439449623881
0.07823302695080049,0.1433596254877018,0.0021185689104984582,10000,9362.142291789198
0.06045829535513537,0.1757983117423155,-0.008538894854504375,3000,12308.705340727283
0.07823302695080049,0.16671982984632544,0.005638383006029259,20000,9362.142291789198
0.0567270438764676,0.15048384577441173,-0.004619855668169422,23000,9815.38693042659
0.16426813223584644,0.1526711484250651,-0.014612953240046266,22000,15182.209441928107
0.1589499598856141,0.14002033804718578,-0.01035989369488944,5000,2641.9358544440147
0.07823302695080049,0.16918319584049338,-0.0018537109865431297,10000,14929.56671203167
0.07498632668291193,0.16650741142526246,-0.020985041215419015,39000,13345.696517931832
0.1896930846842057,0.1589718366471598,-0.00934303046819772,10000,5961.998200255187
0.16426813223584644,0.1531706091500479,-0.01058712004551495,20000,13345.696517931832
0.07823302695080049,0.15937414017605042,-0.007862886476112118,4000,10868.15254697223
0.3965352901233879,0.1677575379477483,-0.020736023113320637,20000,12625.18983357999
0.30466658438973576,0.18284192562603716,-0.010705065890891687,15000,2149.416136534133
0.0567270438764676,0.1854521155304942,0.01589454040622762,10000,11428.776259500675
0.03096723983469186,0.16027375840455507,-0.0019664467952064954,20000,8094.365808845958
0.1896930846842057,0.15039020171205408,-0.006604063808124483,23000,8044.38748849249
0.3198999136092226,0.16460112746088507,-0.002971990090264557,4000,10124.162225871132
0.07498632668291193,0.17112681891545803,-0.01858501878280668,8000,2149.416136534133
0.3198999136092226,0.1522998956770019,-0.0030857135899741896,28000,7903.372032495086
0.3198999136092226,0.17183642984492906,-0.005333365307028992,20000,3982.1550627694223
0.030709161363584057,0.17248075281032915,-0.012665653655053398,23000,3180.534231222965
0.03096723983469186,0.17500095150114883,-0.006187032830943147,3000,6379.779727401703
0.07823302695080049,0.16259021331224457,-0.0024563310817502333,15000,14929.56671203167
0.030709161363584057,0.16609224964261982,-0.02177331380897741,6000,8266.360338630808
0.1589499598856141,0.17890364378295742,-0.005980787895989,7000,6029.591590125569
0.4722332058040905,0.1623584427486052,-0.0177055760503197,8000,16949.69186366355
0.16426813223584644,0.14178488773602935,-0.015192214071274975,15000,9367.701460379212
0.030709161363584057,0.1593914728568425,0.0020914901432403754,25000,1932.7685273621282
0.3965352901233879,0.16018844961329298,-0.011554012128792868,3000,9921.736099442112
0.3198999136092226,0.1506778497778765,0.01072247443515782,6000,8298.692961111445
0.07498632668291193,0.16594100580666216,-0.010949996206744795,7000,13439.594459895283
0.06045829535513537,0.15559795591078637,-0.020722432702752622,23000,11700.301792294806
0.4722332058040905,0.16035938716211234,-0.010315055700476115,3000,9362.142291789198
0.1896930846842057,0.17169961204874215,-0.0072151596966360644,20000,4635.668443078176
0.2764675808695338,0.16303428696312464,0.0018108553361191326,25000,8044.38748849249
0.3965352901233879,0.16780766365040287,-0.011568773847003645,12000,1944.8338863255753
0.3965352901233879,0.17557559494252564,-0.005213795814208149,25000,9357.594394504782
0.1589499598856141,0.16832554751006504,-0.014430060099930864,28000,18495.762853876247
0.3965352901233879,0.15711870863471875,-0.012899166201948139,3000,8044.38748849249
0.30466658438973576,0.14877583509949702,-0.023168962504738863,25000,3982.1550627694223
0.3198999136092226,0.16482425189637762,-0.011141098211051666,25000,3982.1550627694223
0.0567270438764676,0.1342176367469033,-0.013785896605560373,10000,6490.025297937499
0.07823302695080049,0.1708790244779735,-0.0030151432535006554,23000,15182.209441928107
0.07823302695080049,0.13927528258281718,-0.011179454201186045,3000,5852.089204350804
0.0567270438764676,0.16974096418293189,-0.017371939192416596,4000,9968.772979815913
0.03096723983469186,0.1462404052309453,-0.0016563664285586955,10000,7903.372032495086
0.30466658438973576,0.16991098688812373,-0.007453384200959411,25000,4635.668443078176
0.16426813223584644,0.1595059287209424,-0.007075165222118648,3000,8266.360338630808
0.3965352901233879,0.13305444882435422,-0.007338293704421898,22000,15674.647469510692
0.16426813223584644,0.16042938006574678,-0.0012386084784186283,5000,2149.416136534133
0.1589499598856141,0.13994544344314708,-0.006598728034598428,10000,1944.8338863255753
0.06045829535513537,0.16350365147799667,-0.018173111121366086,12000,12625.18983357999
0.16426813223584644,0.16594364761726932,-0.00680098720192811,15000,14552.421047816675
0.06045829535513537,0.13695036867626612,-0.0063378963546057146,3000,9968.772979815913
0.3198999136092226,0.15194081668368756,0.001155846095363008,8000,6029.591590125569
0.4722332058040905,0.18187986179101745,0.0035432911100777213,39000,14088.177761028734
0.4722332058040905,0.1506214150434204,-0.005030923545422179,5000,16949.69186366355
0.16426813223584644,0.15196459700983872,-0.008462849453983607,15000,15182.209441928107
0.0567270438764676,0.13693995988136062,-0.017539418197397606,10000,1944.8338863255753
0.3965352901233879,0.17469757919969686,-0.008646496064681776,10000,9357.594394504782
0.3198999136092226,0.16074081550643632,0.005198542597564227,10000,14088.177761028734
0.1589499598856141,0.14397863517970433,-0.01019851895329648,20000,2149.416136534133
0.07498632668291193,0.1516242824844841,-0.010675859952816615,7000,13345.696517931832
0.06045829535513537,0.17679042969362802,-0.0022517589385906817,39000,5756.56884800299
0.4722332058040905,0.14800633018364953,-0.01610237113115554,5000,10588.791757848958
0.0567270438764676,0.14362176864857873,0.003408199512089446,3000,9357.594394504782
0.16426813223584644,0.15783348461702548,-0.009259834218545334,25000,8266.360338630808
0.07498632668291193,0.158885918388689,-0.00031998484762785017,10000,11428.776259500675
0.4722332058040905,0.14853385468995375,0.009909068482722475,10000,8298.692961111445
0.3198999136092226,0.17771107840470368,-0.004743461257682161,10000,9357.594394504782
0.03096723983469186,0.17572884429390237,0.00774267101189175,15000,12990.003729794424
0.4722332058040905,0.14476885240751636,0.008321664981098162,20000,16949.69186366355
0.07498632668291193,0.16673228096885134,0.005218523339781801,15000,13345.696517931832
0.3965352901233879,0.17183619516477036,0.0035626522307187942,10000,12308.705340727283
0.1896930846842057,0.1417716517108071,-0.013656212262602574,15000,9308.86605146799
0.3198999136092226,0.15944636764800557,0.0031835940738077473,12000,1932.7685273621282
0.2764675808695338,0.16167864037273189,-0.006946233988672767,10000,3982.1550627694223
0.30466658438973576,0.16676489491520124,0.006440244906811548,20000,2149.416136534133
0.030709161363584057,0.17151651315417943,-0.0029207306505037675,12000,9968.772979815913
0.06045829535513537,0.1611695778559148,-0.010784814065535076,39000,9362.142291789198
0.30466658438973576,0.16795030621067897,-0.0032909948733754048,20000,12625.18983357999
0.3965352901233879,0.1689914031901083,0.01370045892684542,6000,10124.162225871132
0.1589499598856141,0.14507305367861223,-0.008869949239134724,15000,8867.27474861856
0.1589499598856141,0.15192250517501052,-0.0027982911372636476,3000,14088.177761028734
0.1589499598856141,0.15818503645537937,-0.004614031593626751,7000,5852.089204350804
0.4722332058040905,0.15275403511268484,0.001142433961458401,5000,9921.736099442112
0.030709161363584057,0.15979900741808392,0.001132399780380802,10000,3180.534231222965
0.3965352901233879,0.17260646246729788,-0.015236588666900591,39000,2149.416136534133
0.06045829535513537,0.1789778728998846,-0.01536683136998288,3000,2641.9358544440147
0.16426813223584644,0.15729783225259117,-0.012182951327437063,22000,10124.162225871132
0.030709161363584057,0.13691891291609284,0.00036958001854342737,5000,11700.301792294806
0.1589499598856141,0.17451091437577174,-0.0035975875604987253,10000,14552.421047816675
0.06045829535513537,0.15469789381254578,-0.008817653925770283,10000,10588.791757848958
0.4722332058040905,0.16470855920505265,-0.011210673086969096,5000,8781.38100521925
0.07823302695080049,0.1657575309670471,-0.005808306970186762,39000,1932.7685273621282
0.07498632668291193,0.14286383848653086,0.0021870449512320827,3000,14552.421047816675
0.03096723983469186,0.17152533420294808,-0.0151163731864394,20000,12549.767112704283
0.07823302695080049,0.16244569424495287,-0.0010691205404948288,25000,3180.534231222965
0.30466658438973576,0.1502283057346113,-0.005536751580309065,7000,9568.06133278347
0.2764675808695338,0.16472449221127644,-0.011805153276200468,5000,8298.692961111445
0.2764675808695338,0.1447580412556969,-0.02424384597695211,28000,8266.360338630808
0.03096723983469186,0.15310494126872787,-0.010491966506691047,5000,9815.38693042659
0.3198999136092226,0.17166039983386294,-0.012826509019916166,25000,14552.421047816675
0.3198999136092226,0.15289862374241062,-0.013260812938164916,20000,12308.705340727283
0.3198999136092226,0.1692303029533635,-0.02160176344119493,25000,9357.594394504782
0.0567270438764676,0.15639544382507464,0.00034316229487077005,6000,6490.025297937499
0.06045829535513537,0.14423255383538078,0.003199111853270419,12000,18495.762853876247
0.06045829535513537,0.15504458138183258,0.0020890327249423433,28000,14088.177761028734
0.030709161363584057,0.17154588885586727,-0.0099021663814557,10000,13345.696517931832
0.1589499598856141,0.16018161584344445,-0.009905788478406268,8000,16949.69186366355
0.1589499598856141,0.15144783348180185,0.0025494611298516423,4000,8980.724685620986
0.1896930846842057,0.1447674283560396,-0.0033612872158946577,7000,11700.301792294806
0.030709161363584057,0.1628606484877986,-0.009357784795531244,25000,8054.929374637141
0.0567270438764676,0.1594467205766904,-0.010869114412979114,39000,5756.56884800299
0.030709161363584057,0.15007967514708892,-0.015887147786819347,15000,4635.668443078176
0.3198999136092226,0.15447627452951296,-0.007250864145865517,10000,8867.27474861856
0.16426813223584644,0.1531730471285399,-0.004824083962541318,8000,13439.594459895283
0.16426813223584644,0.1421062580115706,-0.019780794173690615,15000,9362.142291789198
0.1896930846842057,0.14623764659817093,-0.0009084608166373038,28000,12308.705340727283
0.3198999136092226,0.14466295191672615,-0.007629143116107134,5000,1932.7685273621282
0.3965352901233879,0.16163364967448574,0.006454926100731458,12000,8054.929374637141
0.07498632668291193,0.1504339247374202,-0.011221496821071123,3000,15674.647469510692
0.07498632668291193,0.17490197719903047,-0.012312339131891578,39000,9968.772979815913
0.07498632668291193,0.14549011074182944,-0.017207063434719685,5000,9208.354043041478
0.1896930846842057,0.15478705224198314,-0.013507290853978511,10000,2955.6355296040556
0.3198999136092226,0.15043530684968734,-0.017409055140281345,7000,5852.089204350804
0.07498632668291193,0.16982475564959484,-0.0021599387558940354,6000,11700.301792294806
0.0567270438764676,0.17066717159090897,-0.006984929783989218,25000,2641.9358544440147
0.16426813223584644,0.15688166356242628,-0.015600715551022186,23000,5756.56884800299
0.1896930846842057,0.16015918524852713,-0.011930623520492895,25000,16949.69186366355
0.16426813223584644,0.15736585129988667,-0.006843098547443073,8000,8298.692961111445
0.30466658438973576,0.13753689953221157,0.0005118778482005575,25000,10588.791757848958
0.03096723983469186,0.13371389571965922,-0.008562447675004723,3000,5756.56884800299
0.03096723983469186,0.14403629130535,-0.019657851051154526,3000,3982.1550627694223
0.16426813223584644,0.16235619349636324,-0.002184352088592187,25000,16949.69186366355
0.1589499598856141,0.16222316231345393,-0.0066655539961421205,5000,15182.209441928107
0.0567270438764676,0.1699681939485741,-0.00410218728818871,12000,9362.142291789198
0.3198999136092226,0.1528054404506889,-0.021404141476657344,3000,12990.003729794424
0.03096723983469186,0.17333658241146516,-0.011120742466357197,10000,15182.209441928107
0.07823302695080049,0.1625415177859638,-0.0017625565508140814,8000,12625.18983357999
0.030709161363584057,0.15135785572704835,-0.011562827348528414,15000,2955.6355296040556
0.0567270438764676,0.1709361825608297,-0.009996504533156625,5000,10868.15254697223
0.4722332058040905,0.173179519012209,-0.004359706211571138,3000,12472.89232435155
0.3965352901233879,0.15042018487747216,-0.011214888148192699,25000,9208.354043041478
0.30466658438973576,0.15670406488306593,-0.023068476391630517,10000,9357.594394504782
0.03096723983469186,0.15360416272443247,-0.008567860106216098,3000,2955.6355296040556
0.1896930846842057,0.1366722885464563,-0.00032961122327496053,3000,9968.772979815913
0.16426813223584644,0.14350494513438392,-0.011398034903590417,28000,10124.162225871132
0.1589499598856141,0.1748652238839922,-0.003687513472417618,12000,5756.56884800299
0.2764675808695338,0.14810371644500586,-0.006340425698377289,10000,3982.1550627694223
0.16426813223584644,0.16093982589246458,-0.0030046794478581205,25000,8266.360338630808
0.1589499598856141,0.15386127412731362,-0.01071699717499385,12000,5852.089204350804
0.2764675808695338,0.16494799860344594,-0.009162869569941326,10000,12308.705340727283
0.2764675808695338,0.14585984216430323,-0.007521440686760956,10000,1944.8338863255753
0.1589499598856141,0.17053529941235804,-0.007691978072947826,10000,14088.177761028734
0.3198999136092226,0.14311671795764597,-0.007477335407553916,25000,5852.089204350804
0.03096723983469186,0.15561055568455534,-0.006971361440018294,10000,6379.779727401703
0.07823302695080049,0.163550331136588,0.0014559387560963985,28000,5961.998200255187
0.07823302695080049,0.16994758208469285,-0.007298715308460821,8000,2955.6355296040556
0.2764675808695338,0.1602708377814225,-0.013037195196156433,22000,14929.56671203167
0.16426813223584644,0.16379801041732392,-0.017022375254779187,25000,9568.06133278347
0.3198999136092226,0.1655114693914891,-0.010651923562716256,8000,10868.15254697223
0.4722332058040905,0.1713343826334516,-0.012584353697612995,25000,3180.534231222965
0.2764675808695338,0.16844307747155485,-0.0045741624111756305,15000,9568.06133278347
0.07823302695080049,0.17091348637619785,-0.010165808172135662,23000,8867.27474861856
0.0567270438764676,0.15504549225327488,-0.007979799656077393,4000,8371.635549928305
0.03096723983469186,0.15632961364329193,-0.01155965212279682,39000,3982.1550627694223
0.2764675808695338,0.14171116667376915,-0.013259777376626859,22000,11428.776259500675
0.2764675808695338,0.14449811998946216,-0.007925444292810238,25000,4635.668443078176
0.07823302695080049,0.13830866582751522,-0.012843121038086061,25000,12472.89232435155
0.0567270438764676,0.1616604958848411,-0.00281127303040274,20000,2641.9358544440147
0.030709161363584057,0.15105967761307917,0.005163092160533957,15000,12625.18983357999
0.0567270438764676,0.17595376885746955,-0.030484028651294355,12000,5852.089204350804
0.07498632668291193,0.15916093653117167,-0.016116996367647282,5000,8266.360338630808
0.1589499598856141,0.1744036741264031,-0.015107244175534577,6000,5756.56884800299
0.16426813223584644,0.17113857184668915,-0.007869385191421704,25000,8266.360338630808
0.3965352901233879,0.13877947813899763,-0.004687823147593695,25000,9362.142291789198
0.16426813223584644,0.14700180987555733,0.004635353653476213,25000,6490.025297937499
0.07498632668291193,0.1423761252464322,-0.009374182757654614,20000,1944.8338863255753
0.4722332058040905,0.1487060945973456,0.006427522638836353,8000,3721.496251044161
0.3198999136092226,0.14521535969094185,-0.006975978688240505,5000,15182.209441928107
0.030709161363584057,0.15761290289736402,-0.013866394880395223,7000,10868.15254697223
0.030709161363584057,0.14152477157149032,0.0016287536685831592,20000,2955.6355296040556
0.0567270438764676,0.14674552204443583,-0.00045674417587239675,10000,9367.701460379212
0.3965352901233879,0.15999040068057982,-0.009931034287913722,5000,8298.692961111445
0.2764675808695338,0.14118887232077268,0.0037121765057858583,10000,2955.6355296040556
0.2764675808695338,0.14608694578288978,0.0014476869714239898,8000,10868.15254697223
0.030709161363584057,0.15886488494643042,-0.0045141458629651444,39000,8044.38748849249
0.0567270438764676,0.1347164652034745,-0.0037072180992467917,5000,5756.56884800299
0.07823302695080049,0.18351001071605333,-0.021672616342237012,3000,6111.439449623881
0.1589499598856141,0.13327372483564293,-0.0013831059658725815,8000,9362.142291789198
0.07498632668291193,0.156611130561873,-0.00636653514743177,15000,2149.416136534133
0.1589499598856141,0.1432453523939964,-0.007782484597326002,23000,9308.86605146799
0.06045829535513537,0.134773076942112,-0.005407065108625497,25000,11700.301792294806
0.2764675808695338,0.1717194693203346,-0.005359221009089285,12000,8044.38748849249
0.06045829535513537,0.17304502810561584,-0.006554558417937119,10000,8094.365808845958
0.03096723983469186,0.1495385921202997,-0.00054557309214112,28000,10588.791757848958
0.07498632668291193,0.1724777746392666,-0.008087388585536827,6000,9568.06133278347
0.30466658438973576,0.177655731820667,-0.018060971972731828,20000,10588.791757848958
0.07498632668291193,0.15254649910354143,-0.005029514384729732,10000,16949.69186366355
0.1896930846842057,0.14082166325274517,0.0034431985987167495,10000,13345.696517931832
0.3965352901233879,0.155616195517243,-0.0172761413158814,20000,10868.15254697223
0.030709161363584057,0.1560532827329639,-0.005479749051214017,39000,8044.38748849249
0.03096723983469186,0.18193494347924644,-0.006529732445944403,20000,8266.360338630808
0.30466658438973576,0.14167524553191566,-0.007569558550963293,5000,2955.6355296040556
0.1896930846842057,0.1345296384387266,-0.003428725262716638,3000,9968.772979815913
0.1896930846842057,0.16346245734333187,-0.005676011018210406,12000,8266.360338630808
0.07823302695080049,0.15478229160759574,-0.01519741196830612,15000,11700.301792294806
0.4722332058040905,0.16778522831081785,-0.012257322382862606,10000,12990.003729794424
0.0567270438764676,0.15478884151580366,-0.0072292455383212145,6000,12308.705340727283
0.3198999136092226,0.156641459880388,-0.01874044931564721,12000,8094.365808845958
0.07498632668291193,0.15447938289801913,-0.004257164899086306,7000,5961.998200255187
0.03096723983469186,0.1424623114388554,-0.021206741807444005,5000,8266.360338630808
0.06045829535513537,0.14366268553148775,-0.0078237032671673,8000,9367.701460379212
0.03096723983469186,0.17639021834216975,-0.0063447326978349665,10000,6490.025297937499
0.30466658438973576,0.15280906336118427,0.001985013572709314,23000,1944.8338863255753
0.06045829535513537,0.1428759677037895,-0.0016145879408791689,6000,4635.668443078176
0.16426813223584644,0.17433247935700624,-0.013631966342125115,22000,8044.38748849249
0.1896930846842057,0.1516717217475683,-0.014135419441384276,5000,7818.674849699402
0.1896930846842057,0.15347191225853363,0.006210323114807449,10000,12472.89232435155
0.30466658438973576,0.15281947419443556,-0.0138928309959952,28000,2641.9358544440147
0.3198999136092226,0.1386163572346427,-0.008572511862683138,3000,1944.8338863255753
0.30466658438973576,0.1646776218245427,-0.012616907984063707,5000,11700.301792294806
0.30466658438973576,0.15439916516094565,-0.0020109800407303604,15000,16949.69186366355
0.16426813223584644,0.16070073802084434,-0.016487892095261223,3000,9362.142291789198
0.0567270438764676,0.14608477215439397,0.005644996742232373,15000,2955.6355296040556
0.3965352901233879,0.1579414610739747,-0.0005440371280370132,7000,8371.635549928305
0.03096723983469186,0.16161541536870883,0.0021078604592399404,15000,6379.779727401703
0.30466658438973576,0.16852188709966068,-0.02456803637271518,28000,8867.27474861856
0.4722332058040905,0.161535441897985,0.000757130215664413,8000,1388.161926428812
0.4722332058040905,0.1458581643586895,-0.0016300461576545411,15000,8298.692961111445
0.07823302695080049,0.14610681440599763,-0.00760568341311314,10000,15674.647469510692
0.0567270438764676,0.14593929652237922,-0.011159792613677872,3000,8781.38100521925
0.1589499598856141,0.17890240688578918,-0.020495665263122395,10000,13345.696517931832
0.06045829535513537,0.13642833964663997,-0.0013168130315236685,25000,12990.003729794424
0.4722332058040905,0.17185389178246235,-0.003148200305677566,8000,6379.779727401703
0.06045829535513537,0.14609639535606453,-0.005954373182736559,10000,5961.998200255187
0.06045829535513537,0.17834018283782724,0.000865991263700874,10000,9815.38693042659
0.06045829535513537,0.16822620416867834,-0.007575447665851805,15000,7818.674849699402
0.07498632668291193,0.1434989696099972,-0.008156582640088011,3000,1932.7685273621282
0.1589499598856141,0.1612837769589762,-0.012867761436410123,15000,16949.69186366355
0.03096723983469186,0.15950707448629645,-0.01590014075029361,15000,8054.929374637141
0.1589499598856141,0.16243956305960924,-0.012726535726448,3000,5961.998200255187
0.3965352901233879,0.1542300023278001,-0.012683692894417998,10000,8054.929374637141
0.16426813223584644,0.16167393465001814,-0.014635917296807,10000,8266.360338630808
0.16426813223584644,0.1662253710484141,-0.007866333205285186,20000,11700.301792294806
0.4722332058040905,0.16882696213852263,-0.007983536333925378,20000,8298.692961111445
0.3965352901233879,0.15781253645292284,-0.015777071653622056,10000,5756.56884800299
0.1589499598856141,0.1581073451021063,-0.0007168155342326643,10000,5852.089204350804
0.1589499598856141,0.14930904981310514,-0.014401573106580945,20000,8867.27474861856
0.4722332058040905,0.15289043433122268,-0.00921242942854201,39000,2955.6355296040556
0.030709161363584057,0.1622748420412053,-0.0012506186007844593,20000,8371.635549928305
0.3965352901233879,0.1536883705184572,-0.002120680739735195,39000,12990.003729794424
0.07498632668291193,0.16470127747117821,-0.009538437776349494,15000,2641.9358544440147
0.1896930846842057,0.1634178204291835,-0.003971541499704366,10000,14552.421047816675
0.1589499598856141,0.17494017108967902,-0.011898374042065642,8000,5756.56884800299
0.030709161363584057,0.153596172211978,-0.01927162847158795,20000,11700.301792294806
0.1589499598856141,0.14041254387845636,-0.00958413763571945,25000,15182.209441928107
0.030709161363584057,0.18020308288829776,-0.012738118859889734,5000,2149.416136534133
0.3965352901233879,0.1728795572738993,-0.010575343418652393,25000,8781.38100521925
0.16426813223584644,0.13709232147711214,-0.01917130855329973,22000,8867.27474861856
0.07498632668291193,0.18054209871225915,-0.01603864058220744,8000,8298.692961111445
0.1896930846842057,0.15660282845959356,-0.003614162573414972,10000,1944.8338863255753
0.30466658438973576,0.14446018167565755,0.007527922711058167,15000,10124.162225871132
0.2764675808695338,0.160479794950182,-0.012624945602898055,20000,1944.8338863255753
0.06045829535513537,0.15704208385118482,0.0022756650193489136,25000,8094.365808845958
0.3965352901233879,0.1626967915277083,-0.014533851892916798,10000,9968.772979815913
0.07498632668291193,0.16974229159306153,-0.004901852735766332,25000,1932.7685273621282
0.16426813223584644,0.16207742566168923,-0.006377451770698645,4000,6379.779727401703
0.1896930846842057,0.14546242740512638,-0.009255475763218328,23000,9568.06133278347
0.30466658438973576,0.15521469349337533,-0.016259383970125867,7000,8980.724685620986
0.3965352901233879,0.16807192465057283,-0.0017910202567607454,5000,14552.421047816675
0.03096723983469186,0.1483803512276329,-0.007223239952611205,20000,12308.705340727283
0.16426813223584644,0.17872370744588514,-0.004589328496618163,10000,9362.142291789198
0.1589499598856141,0.14757240706703914,-0.011122325358777796,12000,1944.8338863255753
0.03096723983469186,0.1623692166387904,-0.008009924103332521,5000,8094.365808845958
0.16426813223584644,0.1644693163783021,-0.005039013722892592,15000,9367.701460379212
0.030709161363584057,0.16156663240727334,-0.013982821890733663,10000,9362.142291789198
0.30466658438973576,0.15215593005859368,-0.019500011285523252,15000,2955.6355296040556
0.30466658438973576,0.16342532884019095,-0.025443878103552853,20000,9367.701460379212
0.3965352901233879,0.1603550706507259,-0.012680179616920612,8000,8980.724685620986
0.07823302695080049,0.18110827017884168,-0.008166481623009324,15000,9367.701460379212
0.4722332058040905,0.15691664831049373,-0.016230838685833592,6000,5961.998200255187
0.3198999136092226,0.1461191632376409,-0.009998247847939862,7000,9308.86605146799
0.07823302695080049,0.13821490115702736,-0.012143714483298455,12000,9357.594394504782
0.3198999136092226,0.148117579721562,-0.010820943163921005,10000,7903.372032495086
0.30466658438973576,0.15189824841261299,-0.002856296515259294,12000,10588.791757848958
0.0567270438764676,0.15842128534183045,-0.00863612796817502,10000,12549.767112704283
0.03096723983469186,0.16310954379705053,-0.01047161892224899,10000,9362.142291789198
0.0567270438764676,0.15686499091531553,-0.007425518877194272,25000,14088.177761028734
0.1896930846842057,0.1498256086907859,-0.02144486383648067,3000,8781.38100521925
0.30466658438973576,0.15401439686328455,0.015114870118560598,12000,2955.6355296040556
0.030709161363584057,0.16828716844036512,-0.007033882119408813,3000,6111.439449623881
0.06045829535513537,0.16177982545914882,-0.004444177719305816,10000,8044.38748849249
0.16426813223584644,0.15285161233620548,-0.005587370975643958,15000,9921.736099442112
0.16426813223584644,0.15105077363819228,0.0037346502859864576,15000,9362.142291789198
0.30466658438973576,0.15305535882986257,-0.016462578986400998,15000,9362.142291789198
0.16426813223584644,0.16648647548753476,0.0016077649061972624,6000,1944.8338863255753
0.30466658438973576,0.14557130103846178,-0.00851083704773196,28000,5961.998200255187
0.07823302695080049,0.14949489751289238,-0.012180286882596376,5000,1944.8338863255753
0.2764675808695338,0.18508773366767106,-0.016737058145361937,5000,9362.142291789198
0.3198999136092226,0.15589252569301995,-0.012589010670427512,10000,3721.496251044161
0.1896930846842057,0.15982573631858035,-0.0035728236204763666,10000,15182.209441928107
0.0567270438764676,0.15433056452333616,0.009216679097172924,8000,8298.692961111445
0.030709161363584057,0.16914915078307405,-0.012499565360791071,6000,9208.354043041478
0.1589499598856141,0.15337872391923088,-0.006449181690038511,12000,7818.674849699402
0.1896930846842057,0.13830894387403703,0.00032056460416449704,15000,9568.06133278347
0.07823302695080049,0.1614224792535979,-0.008400625009128164,25000,10588.791757848958
0.1896930846842057,0.15584392400472757,-0.003368286259352783,10000,8298.692961111445
0.07498632668291193,0.1613330158467093,-0.005021107763184344,10000,8266.360338630808
0.3965352901233879,0.179137630729417,0.006149144110378824,39000,6490.025297937499
0.1896930846842057,0.14343243055380542,-0.020161259540342074,4000,9968.772979815913
0.07498632668291193,0.141756721554926,-0.022835803131236756,5000,10588.791757848958
0.1896930846842057,0.15818126723586032,0.008798637867042136,10000,8094.365808845958
0.03096723983469186,0.17157839292609456,-0.016891069377825498,5000,6379.779727401703
0.30466658438973576,0.1337228201114293,-0.0066316804741813834,4000,11700.301792294806
0.06045829535513537,0.17228511368348853,-0.0033693945453998303,12000,5852.089204350804
0.0567270438764676,0.1542352901596214,-0.007508491278290434,15000,1388.161926428812
0.30466658438973576,0.14682401792574065,-0.009480777505050953,23000,2149.416136534133
0.3198999136092226,0.15218389007966532,-0.005104802762223395,5000,6379.779727401703
0.30466658438973576,0.154182839980241,-0.0014374361140297102,4000,1388.161926428812
0.4722332058040905,0.17356529734362194,-0.000310428926577215,10000,9357.594394504782
0.3198999136092226,0.16334247025891666,-0.0014515480469771773,8000,5756.56884800299
0.16426813223584644,0.15559229932893048,0.0029942175041301096,22000,1944.8338863255753
0.3965352901233879,0.17327550204808423,-0.008880195763581587,23000,9357.594394504782
0.1896930846842057,0.15209901512442187,-0.004443616727302905,10000,12308.705340727283
0.3965352901233879,0.16190537097198854,-0.016788940198394883,6000,15182.209441928107
0.3198999136092226,0.1851433775115373,0.000238767210972064,5000,10588.791757848958
0.03096723983469186,0.14976591925928345,-0.00932548848010356,10000,10124.162225871132
0.0567270438764676,0.15574495548898282,-0.0034937232084904105,25000,1932.7685273621282
0.1896930846842057,0.15344839832116408,-0.0028490197480473467,10000,2955.6355296040556
0.1589499598856141,0.17830633129066784,-0.01183420120838237,10000,12549.767112704283
0.4722332058040905,0.13930468400417226,-0.003354216535802464,39000,8054.929374637141
0.07498632668291193,0.16919211660160471,-0.006671145285479703,7000,14929.56671203167
0.3965352901233879,0.1819087651002273,-0.010263379419128046,10000,9362.142291789198
0.0567270438764676,0.15834654509612098,-0.011702937227440575,4000,5852.089204350804
0.4722332058040905,0.14541497872200396,-0.013607694234755512,23000,12472.89232435155
0.03096723983469186,0.15277642737412075,-0.012868599026353662,20000,8980.724685620986
0.030709161363584057,0.16929849490035398,-0.009570882081933572,3000,4635.668443078176
0.4722332058040905,0.14486813932338866,-0.00859459218811653,3000,2641.9358544440147
0.03096723983469186,0.14099974533321327,-0.00467650755612443,25000,15674.647469510692
0.07498632668291193,0.13396555735791318,-0.023079391795634886,20000,5756.56884800299
0.4722332058040905,0.17391598249321666,-0.003689772219461268,8000,8781.38100521925
0.07823302695080049,0.1579276522032184,-0.018619352793227472,23000,11700.301792294806
0.3965352901233879,0.15805763856422958,-0.011744711152171471,22000,5756.56884800299
0.03096723983469186,0.17065173185908364,-0.01181757314340324,39000,9968.772979815913
0.06045829535513537,0.1417598787417131,-0.02329677736634324,20000,13439.594459895283
0.030709161363584057,0.16948908815965616,-0.011750727869366748,8000,9367.701460379212
0.030709161363584057,0.15945387755155493,-0.009253273325230679,6000,2641.9358544440147
0.2764675808695338,0.15662597403248713,-0.016952391083866758,10000,5852.089204350804
0.03096723983469186,0.15438659316414247,-0.013026757781176079,5000,2641.9358544440147
0.3965352901233879,0.15789493297989,-0.008065843324871676,12000,12990.003729794424
0.07498632668291193,0.16067715901346358,-0.013993473408612636,5000,2149.416136534133
0.1896930846842057,0.14016408735438265,-0.008658045420484012,10000,8298.692961111445
0.07823302695080049,0.14143780640556225,-0.009461925034871872,39000,12308.705340727283
0.30466658438973576,0.14942824254788017,-0.012652216614685673,28000,5852.089204350804
0.07823302695080049,0.18359603216345036,-0.002231722527449895,25000,10124.162225871132
0.07823302695080049,0.1692385411722611,0.0026672494025754725,25000,3721.496251044161
0.06045829535513537,0.1562793283907368,0.002668745949476658,20000,11700.301792294806
0.2764675808695338,0.1637737905378517,-0.019045429963989287,6000,2955.6355296040556
0.2764675808695338,0.15759212409461126,-0.00723528528960191,15000,8094.365808845958
0.1589499598856141,0.15906727040582272,-0.0030308100170603034,4000,6379.779727401703
0.0567270438764676,0.17042598411450058,0.008868726141482862,28000,6111.439449623881
0.1589499598856141,0.1432238087081494,-0.0061271990191240164,6000,14929.56671203167
0.30466658438973576,0.15155606042812375,-0.0230044642863286,7000,4635.668443078176
0.30466658438973576,0.15458002474666602,-0.0047737312009675905,25000,8266.360338630808
0.03096723983469186,0.1599529565240923,-0.013543087525313522,28000,7903.372032495086
0.030709161363584057,0.15248778853285797,-0.010508028590762154,3000,11428.776259500675
0.1896930846842057,0.14792334573990587,-0.01024817743112801,10000,8044.38748849249
0.2764675808695338,0.18550527411246684,-0.0012032857287708654,4000,13439.594459895283
0.07823302695080049,0.16821763676183585,0.0010304712123353275,25000,9362.142291789198
0.1589499598856141,0.16747489343548827,-0.0030435422994004495,15000,1388.161926428812
0.1589499598856141,0.17344387012439105,-0.020499527970228772,6000,9815.38693042659
0.06045829535513537,0.14029361797228265,-0.007051703310259847,3000,8094.365808845958
0.3965352901233879,0.16847085200805642,0.015598619961893084,4000,4635.668443078176
0.06045829535513537,0.16077158530798788,-0.00677744479098349,20000,1388.161926428812
0.07498632668291193,0.17047577738108308,-0.015654184261298266,22000,9815.38693042659
0.06045829535513537,0.15869654735291858,-0.007621827660264846,3000,9921.736099442112
0.3198999136092226,0.15289218626041792,-0.012399050890706332,25000,2149.416136534133
0.07823302695080049,0.15287714214980022,-0.0033821333674044834,12000,1944.8338863255753
0.16426813223584644,0.14262156303886123,-0.019953380098153117,7000,12625.18983357999
0.4722332058040905,0.16818839233510552,-0.024223152186746588,8000,8094.365808845958
0.3198999136092226,0.1769058849502079,-0.0022763683841161915,15000,8266.360338630808
0.2764675808695338,0.1607305151987641,-0.0022615298918709733,3000,1944.8338863255753
0.3198999136092226,0.14489506556845402,-0.0014844931220095424,5000,11428.776259500675
0.3198999136092226,0.15965031384636252,-0.012669006162553655,7000,6111.439449623881
0.3965352901233879,0.15668010434023533,-0.011382488918958444,8000,18495.762853876247
0.03096723983469186,0.16201270958688532,-0.012929553988083674,5000,12625.18983357999
0.07498632668291193,0.15959619541831768,-0.0051257111169550895,4000,14088.177761028734
0.30466658438973576,0.13986064043897373,-0.01887017599037541,4000,8298.692961111445
0.3965352901233879,0.16237804256413482,-0.01958888554081687,23000,11700.301792294806
0.30466658438973576,0.16101937899321278,-0.0038359401017594896,8000,8867.27474861856
0.30466658438973576,0.14372169009028032,-0.014283958614173526,10000,12549.767112704283
0.0567270438764676,0.16980782538224068,-0.002001555302523248,3000,2641.9358544440147
0.06045829535513537,0.1710732485408705,-0.007386410169088459,12000,6490.025297937499
0.0567270438764676,0.1522116375704251,-0.010843057453261815,10000,9367.701460379212
0.3965352901233879,0.15611521351234203,-0.01664459081739813,10000,8266.360338630808
0.1896930846842057,0.17989893166808685,-0.007998423207559469,8000,9568.06133278347
0.1896930846842057,0.17272488767156122,-0.013170950253577134,5000,12549.767112704283
0.3198999136092226,0.1738275026353508,-0.00383557094076988,8000,14929.56671203167
0.3965352901233879,0.15926024797664812,-0.02013018794861041,8000,8094.365808845958
0.1589499598856141,0.15541004798293084,-0.00024173195699434975,15000,10588.791757848958
0.07498632668291193,0.15785747955609475,-0.01305716136375754,10000,13439.594459895283
0.3965352901233879,0.1840067210815276,0.0012070402727130053,3000,8867.27474861856
0.3198999136092226,0.16625459368706794,-0.006664153911584935,15000,8266.360338630808
0.4722332058040905,0.18119009615136142,-0.0010411598699226422,25000,2955.6355296040556
0.16426813223584644,0.14448549778052786,-0.006615949098792825,10000,14088.177761028734
0.16426813223584644,0.15443441851678089,-0.021338799154017436,3000,11700.301792294806
0.03096723983469186,0.16967577147418056,-0.009673297991923506,20000,2149.416136534133
0.3198999136092226,0.1454649305397154,-0.00919970917907241,8000,2955.6355296040556
0.03096723983469186,0.16176913991735642,0.0023865377307274,10000,2641.9358544440147
0.07823302695080049,0.15751212048309043,-0.0127745079261573,15000,12990.003729794424
0.06045829535513537,0.15309103766286497,-0.0064087942390712365,39000,7903.372032495086
0.0567270438764676,0.16949707670773742,0.002670602784497871,22000,2641.9358544440147
0.1896930846842057,0.148759968739497,-0.004413655138820906,3000,8266.360338630808
0.4722332058040905,0.1672404311206936,0.0017227997622038366,5000,9815.38693042659
0.16426813223584644,0.1786840619840822,-0.018137723840699806,12000,15182.209441928107
0.30466658438973576,0.16580288388690728,-0.014691545936862917,6000,2149.416136534133
0.1589499598856141,0.15176601862542885,-0.006145682482210242,20000,2149.416136534133
0.2764675808695338,0.17161864285134135,-0.017554706289760205,10000,3982.1550627694223
0.03096723983469186,0.15212492103728464,-0.006404116719912073,28000,7818.674849699402
0.2764675808695338,0.156599034191347,-0.011188796775567075,12000,9367.701460379212
0.1896930846842057,0.1660363958325652,-0.00614044336554068,15000,9968.772979815913
0.3965352901233879,0.1532386678088216,-0.001520593133927997,8000,2955.6355296040556
0.1896930846842057,0.14063710160268955,-0.02466526291710132,12000,14088.177761028734
0.07823302695080049,0.1505079836617602,-0.017442707340447134,10000,11428.776259500675
0.03096723983469186,0.1807769737919673,-0.0011671160185130985,3000,3721.496251044161
0.07498632668291193,0.1427989481432015,-0.020584628104381202,25000,3180.534231222965
0.07498632668291193,0.14413171994935092,-0.008350412214504263,3000,5756.56884800299
0.07498632668291193,0.14586476560644954,-0.011063190659004163,7000,14088.177761028734
0.1896930846842057,0.16575423835735215,-0.0051336307092755395,25000,2955.6355296040556
0.0567270438764676,0.16264340891966947,-0.0036982409408048383,28000,3180.534231222965
0.03096723983469186,0.18403876160724378,-0.004477288859345386,25000,5852.089204350804
0.07823302695080049,0.16939773102681774,-0.003325008443858544,8000,6490.025297937499
0.3198999136092226,0.15202098370739617,-0.012108377448855335,8000,1388.161926428812
0.4722332058040905,0.14472744026103282,0.006755771977034054,12000,2149.416136534133
0.0567270438764676,0.14919991574021693,-0.003143880987418358,23000,1944.8338863255753
0.030709161363584057,0.14448490446608345,-0.007471750442832261,12000,1944.8338863255753
0.4722332058040905,0.16529667101804918,-0.012834320436289124,8000,9362.142291789198
0.0567270438764676,0.15583122781506747,-0.0009715390911300238,25000,1932.7685273621282
0.0567270438764676,0.1498255479967862,-0.0049843225867071276,23000,1944.8338863255753
0.1589499598856141,0.16281898763182368,-0.005263944721044905,20000,2955.6355296040556
0.1896930846842057,0.1456023123759469,-0.01817306485092012,7000,8980.724685620986
0.03096723983469186,0.15015633123242625,-0.0010575308530478256,12000,13345.696517931832
0.30466658438973576,0.16454547120588053,-0.005989463210286537,39000,1932.7685273621282
0.07498632668291193,0.17885997009797405,-0.017376112631290228,15000,1388.161926428812
0.07823302695080049,0.1670995000063565,-0.01046679849930358,10000,8044.38748849249
0.07498632668291193,0.14976839842223083,-0.017544745278198336,25000,14088.177761028734
0.030709161363584057,0.1626007452175653,-0.01705164589746726,39000,12308.705340727283
0.3198999136092226,0.14905922766362503,-0.002134869857866942,5000,1944.8338863255753
0.3198999136092226,0.1371624621181499,-0.008012650847233295,10000,12990.003729794424
0.1589499598856141,0.1643267323464383,-0.00014264750896468437,25000,11700.301792294806
0.030709161363584057,0.1652475386064878,-0.018796929871458812,15000,8298.692961111445
0.06045829535513537,0.15261344533965834,-0.016392550966599844,28000,9815.38693042659
0.2764675808695338,0.17104479731484687,-0.017207721419056386,3000,15674.647469510692
0.4722332058040905,0.15756527607152623,-0.00929115894434558,10000,14552.421047816675
0.0567270438764676,0.16465215044930137,-0.009280797534176922,6000,9362.142291789198
0.030709161363584057,0.15593360211782142,-0.0010124238854352231,3000,10588.791757848958
0.1589499598856141,0.15113945399830425,-0.011114342835494534,25000,9308.86605146799
0.3198999136092226,0.16151232964108175,-0.01028316959337159,10000,7818.674849699402
0.07498632668291193,0.16907451898473827,-0.00799370769382789,6000,9968.772979815913
0.3965352901233879,0.14632781866506872,-0.011296127266682165,5000,2149.416136534133
0.4722332058040905,0.16575483546554745,0.009396526847519794,15000,15182.209441928107
0.30466658438973576,0.16243952399166592,-0.005175917579613006,6000,6490.025297937499
0.03096723983469186,0.14846120698220253,-0.02288752489970114,5000,15182.209441928107
0.2764675808695338,0.17137636419337215,0.002353002302848014,10000,13345.696517931832
0.2764675808695338,0.17817400907545114,-0.012961587112554232,20000,9568.06133278347
0.3198999136092226,0.14522313344075236,-0.013085714581427618,12000,8054.929374637141
0.3198999136092226,0.15985610618494842,0.0005584138883293545,10000,9921.736099442112
0.07498632668291193,0.17012510033403036,-0.0056329225301665065,12000,8980.724685620986
0.30466658438973576,0.14706061497147038,-0.014735261874291897,39000,6029.591590125569
0.2764675808695338,0.14338354289609903,-0.010740728167002472,12000,8266.360338630808
0.06045829535513537,0.1450908771196319,-0.00048708732482591295,8000,8054.929374637141
0.1589499598856141,0.14741826219898718,-0.018007584550762085,20000,9568.06133278347
0.3965352901233879,0.15615230243799433,-0.0012056138898940301,25000,6029.591590125569
0.03096723983469186,0.171130526305092,0.0017723953523304825,25000,7818.674849699402
0.3198999136092226,0.17613567960518955,-0.02361887618026455,12000,18495.762853876247
0.0567270438764676,0.14541553614332633,-0.0016177517929987237,5000,8867.27474861856
0.3965352901233879,0.1593376704531024,-0.012968662775027697,3000,8044.38748849249
0.07823302695080049,0.16765297668457768,-0.005341710460810603,7000,1388.161926428812
0.06045829535513537,0.1698286519529632,-0.005166554528578284,7000,8094.365808845958
0.2764675808695338,0.1619072353404405,0.004675294816323774,25000,8266.360338630808
0.3198999136092226,0.14985847737107297,-0.006850671900213188,20000,8298.692961111445
0.07823302695080049,0.1519939973653836,-0.008105122698555832,10000,8298.692961111445
0.16426813223584644,0.14941359029891785,-0.001870175688845797,25000,3180.534231222965
0.16426813223584644,0.14381325672966883,0.0020373045818284537,10000,8298.692961111445
0.07823302695080049,0.15265398013737086,-0.003009196658152213,5000,9208.354043041478
0.1896930846842057,0.14071878784213468,-0.009463708626872942,39000,10868.15254697223
0.0567270438764676,0.16101926297286215,-0.019259048023603474,12000,12625.18983357999
0.3198999136092226,0.1739406505196853,-0.0030571549934012643,10000,4635.668443078176
0.1896930846842057,0.1796474588510165,-0.013752058780551857,39000,13439.594459895283
0.06045829535513537,0.17860008500111071,0.0006963483320958199,12000,9568.06133278347
0.03096723983469186,0.15070843731464656,0.002045244320629323,3000,12990.003729794424
0.4722332058040905,0.16757161527735798,-0.0113982246411499,25000,9308.86605146799
0.30466658438973576,0.16673771706993357,-0.0032684310756458854,25000,8781.38100521925
0.30466658438973576,0.1748663938234129,-0.016284563399649506,4000,11428.776259500675
0.03096723983469186,0.14347886207147126,-0.0016631108476466137,7000,14552.421047816675
0.4722332058040905,0.1542159308799469,-0.011687841698965818,6000,4635.668443078176
0.07823302695080049,0.13410048036846253,-0.00011379528251169235,10000,7903.372032495086
0.1589499598856141,0.1582904631472114,-0.006899312348008896,25000,14088.177761028734
0.07823302695080049,0.1697096541146025,-0.020362669744568882,20000,3180.534231222965
0.0567270438764676,0.1843807972933664,-0.02123558472322435,15000,8054.929374637141
0.1589499598856141,0.13416109972942106,-0.016018195198627072,4000,9921.736099442112
0.030709161363584057,0.17540189302981246,-0.01833890044443192,12000,9815.38693042659
0.4722332058040905,0.16068960975145943,0.009864081703978499,22000,12625.18983357999
0.03096723983469186,0.16838178396134537,-0.002924567194778267,10000,8980.724685620986
0.30466658438973576,0.1590224560577809,-0.02638447964143283,25000,13345.696517931832
0.07498632668291193,0.17470316309864045,0.005275150966703153,12000,12625.18983357999
0.030709161363584057,0.17431279914431133,-0.024061041047628396,8000,7818.674849699402
0.030709161363584057,0.16219654425035707,-0.0017900244183434362,25000,9921.736099442112
0.06045829535513537,0.16100842587112543,-0.006697797213101248,23000,18495.762853876247
0.07823302695080049,0.17527363827988787,0.0006184558741699259,5000,12472.89232435155
0.030709161363584057,0.13804040505145554,-0.013719582771020797,15000,8044.38748849249
0.3965352901233879,0.1549241965827623,-0.02157872863922777,6000,12308.705340727283
0.1896930846842057,0.1816997515234993,-0.01806845189254977,22000,8980.724685620986
0.1896930846842057,0.15480390041913336,0.0020167379686185484,23000,11700.301792294806
0.06045829535513537,0.17105016698340256,-0.017507877308253518,20000,10124.162225871132
0.030709161363584057,0.1465587400190067,-0.009595355527660733,23000,12549.767112704283
0.030709161363584057,0.15148809901381072,-0.014410400078279132,3000,9568.06133278347
0.0567270438764676,0.18015406315479812,-0.01391916159777666,6000,14088.177761028734
0.3198999136092226,0.1675164917075161,-0.028126121730059857,20000,6379.779727401703
0.4722332058040905,0.17151171711552285,-0.0014300120496740642,25000,6379.779727401703
0.1589499598856141,0.1785398669973605,-0.018854730518337498,3000,6379.779727401703
0.1589499598856141,0.1470646951555742,-0.0005190107116590202,3000,8781.38100521925
0.1589499598856141,0.18265766616927603,-0.0022072551462669707,12000,14552.421047816675
0.1896930846842057,0.15235593716608448,0.000195682366057274,23000,1388.161926428812
0.07498632668291193,0.15822402040697933,-0.0011851405965130808,4000,3721.496251044161
0.07823302695080049,0.15527652963884228,-0.012698527817078597,39000,8781.38100521925
0.3198999136092226,0.15323909524641213,0.004360582155602535,12000,9815.38693042659
0.1896930846842057,0.1561460784293129,-0.006700684581178528,22000,8094.365808845958
0.1589499598856141,0.1545581024163257,-0.008575100521049784,6000,8371.635549928305
0.3198999136092226,0.1588171343454756,-0.009036137339410432,6000,10124.162225871132
0.07498632668291193,0.13726406850395192,-0.00571076796947894,12000,3982.1550627694223
0.0567270438764676,0.16727412573910336,0.00024766340803052795,25000,7818.674849699402
0.4722332058040905,0.14487933363170022,-0.01080096901853998,10000,8980.724685620986
0.030709161363584057,0.18335625290709248,-0.012132689232444187,39000,8867.27474861856
0.06045829535513537,0.15551496267040654,0.0031906077383792556,39000,1932.7685273621282
0.2764675808695338,0.16491440492931458,-0.017873743231458544,22000,11428.776259500675
0.1589499598856141,0.16182484289611135,0.0003785875388386994,4000,9367.701460379212
0.16426813223584644,0.14948390891268099,-0.021180535810092087,5000,9568.06133278347
0.30466658438973576,0.14322832278442155,-0.0066011701507057135,7000,14552.421047816675
0.3965352901233879,0.14534045210478858,-0.008362706415203406,15000,9815.38693042659
0.03096723983469186,0.16066761720524358,-0.0017438688255541355,5000,12625.18983357999
0.07498632668291193,0.1745412709884567,-0.005236844674028124,3000,9362.142291789198
0.3198999136092226,0.1498882246383762,-0.029563464454078613,23000,10588.791757848958
0.1589499598856141,0.16114842045914204,0.0010041935669307708,8000,13439.594459895283
0.30466658438973576,0.14102202280463141,-0.0040671694434112485,8000,9362.142291789198
0.2764675808695338,0.1723499833797951,-0.006374594678650662,6000,6111.439449623881
0.16426813223584644,0.15697909848688388,-0.003937317898954039,5000,8054.929374637141
0.0567270438764676,0.14397251653419124,0.0025469924258266436,3000,5961.998200255187
0.03096723983469186,0.13674913677983652,-0.013341790822332108,25000,3982.1550627694223
0.07823302695080049,0.1360156404519806,-0.013620661796816945,22000,8266.360338630808
0.3198999136092226,0.16669928502184736,0.0038803838493366664,5000,9208.354043041478
0.06045829535513537,0.15836697193077848,-0.004475227626647933,3000,2955.6355296040556
0.1896930846842057,0.15889875426761202,-0.0025206796318566786,15000,13439.594459895283
0.30466658438973576,0.16050994014145134,-0.012164460362417275,7000,6490.025297937499
0.03096723983469186,0.18522446103005982,0.012255841383683186,12000,12308.705340727283
0.16426813223584644,0.13930642368581497,-0.012307424245053265,10000,12308.705340727283
0.03096723983469186,0.16340602340550478,-0.013172597784805175,3000,2955.6355296040556
0.4722332058040905,0.15740025968685242,0.0049599276519181066,15000,8867.27474861856
0.07498632668291193,0.14327953506304902,-0.017067429706303226,6000,8980.724685620986
0.30466658438973576,0.1760260906844344,-0.005334408408689324,5000,6490.025297937499
0.03096723983469186,0.15229433072489848,-0.0069214836555514195,8000,7818.674849699402
0.06045829535513537,0.14252439443187975,0.011954063625914526,15000,6029.591590125569
0.07498632668291193,0.15213873552609156,0.002095899413094458,25000,2149.416136534133
0.1896930846842057,0.15367493258084272,-0.016424655771094948,6000,13439.594459895283
0.0567270438764676,0.15890602372805254,0.0016542435979193392,25000,13345.696517931832
0.30466658438973576,0.15253190487728474,0.008843786680954646,10000,14088.177761028734
0.1589499598856141,0.15667983698210183,0.003880260015502758,3000,1388.161926428812
0.1589499598856141,0.15255386219268208,-0.0064186335048613844,39000,4635.668443078176
0.030709161363584057,0.18032861568524855,0.0018935121232083927,28000,10588.791757848958
0.1589499598856141,0.15667813664210162,-0.00928908089409043,15000,8044.38748849249
0.07823302695080049,0.17121177917068783,-0.009979583143518496,10000,9208.354043041478
0.1589499598856141,0.15130322784360234,-0.0038079080831031125,20000,10868.15254697223
0.1896930846842057,0.16307213846828744,-0.013798903331485304,25000,9308.86605146799
0.07823302695080049,0.16195001364748074,-0.017324138646724482,12000,9568.06133278347
0.2764675808695338,0.14363080140368126,-0.012590315464021963,25000,6490.025297937499
0.07823302695080049,0.16023826339603162,-0.014326354221334272,10000,3180.534231222965
0.4722332058040905,0.1535974251026422,-0.01917564966927646,20000,9968.772979815913
0.1896930846842057,0.14094109248835002,0.002146687247898213,10000,13345.696517931832
0.4722332058040905,0.15163263200200905,-0.009158704731481134,12000,10868.15254697223
0.07823302695080049,0.18326988153237125,-0.008586294895665234,10000,9921.736099442112
0.06045829535513537,0.14781850376930644,-0.011478178109826443,10000,3180.534231222965
0.16426813223584644,0.16865241771570455,-0.014934818186226955,39000,9308.86605146799
0.1589499598856141,0.16831423162673648,-0.0005241645356519563,23000,8266.360338630808
0.1896930846842057,0.1384880537571718,-0.003399764516018457,6000,13439.594459895283
0.30466658438973576,0.15792690931417208,0.009466324425051173,10000,18495.762853876247
0.16426813223584644,0.1442789734161462,-0.016382824420839635,15000,10588.791757848958
0.07823302695080049,0.1499679395992216,-0.0004460004987671631,8000,14552.421047816675
0.16426813223584644,0.16226589713223322,-0.015232936655663115,12000,10588.791757848958
0.2764675808695338,0.14912309630326517,-0.013356537221356123,15000,13345.696517931832
0.0567270438764676,0.14995411266453484,-0.014445535326603946,5000,6029.591590125569
0.1589499598856141,0.16047575045561513,-0.005850606009358587,10000,8371.635549928305
0.3198999136092226,0.15140137643195611,-0.016466281208302073,20000,14552.421047816675
0.16426813223584644,0.14683876307506627,-0.002385742478663127,15000,1944.8338863255753
0.3198999136092226,0.18455744940308474,-0.009153974354397902,12000,8094.365808845958
0.06045829535513537,0.14207825655838388,0.007263311903050791,5000,11700.301792294806
0.16426813223584644,0.15535185357464817,-0.0008004458705842302,3000,13345.696517931832
0.07823302695080049,0.15842073188411648,-0.0005516688551544054,23000,3982.1550627694223
0.4722332058040905,0.17562192538899857,-0.007168381003192707,12000,7818.674849699402
0.4722332058040905,0.15619932076439894,-0.0040056828928640206,3000,8298.692961111445
0.1589499598856141,0.1618849403513677,-0.011411850538230999,10000,11428.776259500675
0.1896930846842057,0.15183499289782906,-0.022849271188655984,8000,5756.56884800299
0.16426813223584644,0.16841672455297896,-0.012643967530026987,3000,14929.56671203167
0.030709161363584057,0.1809573611143691,-0.004365961972340486,15000,10588.791757848958
0.30466658438973576,0.15119324705328926,-0.022039744515351,3000,6490.025297937499
0.3198999136092226,0.1408420443615196,0.00238464429976835,20000,1932.7685273621282
0.3198999136092226,0.1771502303630021,-0.005425338134832121,28000,14088.177761028734
0.30466658438973576,0.16270762002171255,-0.015093521405283783,3000,11428.776259500675
0.03096723983469186,0.1534245033029564,-0.023016194383066735,3000,3721.496251044161
0.07498632668291193,0.15174782915891322,-0.006241559362849587,15000,4635.668443078176
0.3965352901233879,0.16832338664224977,-0.010574337664508156,25000,11428.776259500675
0.1589499598856141,0.1660617771035098,-0.015263160273582427,39000,15674.647469510692
0.2764675808695338,0.164900946873299,-0.007515042238789883,8000,11428.776259500675
0.4722332058040905,0.14510946227894767,-0.015414167145389119,3000,12472.89232435155
0.30466658438973576,0.15753169255626004,-0.0027450008122457247,28000,5756.56884800299
0.030709161363584057,0.141563302426007,-0.0226087272502787,25000,9208.354043041478
0.1896930846842057,0.15489925385126654,-0.019692882578054998,8000,8298.692961111445
0.3198999136092226,0.15319233197360504,-0.009154642625169369,7000,7903.372032495086
0.07823302695080049,0.17799498670294003,-0.021388650993624327,5000,16949.69186366355
0.2764675808695338,0.14648295657420882,-0.0035832248104385542,5000,2149.416136534133
0.07823302695080049,0.16150813132691155,0.001410389467906159,20000,5852.089204350804
0.0567270438764676,0.14663458408135277,-0.005762762560912515,20000,8867.27474861856
0.1896930846842057,0.15794470342984746,-0.008617202212723503,10000,10868.15254697223
0.2764675808695338,0.16110468877136924,-0.008393804489756542,6000,10868.15254697223
0.07498632668291193,0.14958593994569713,-0.009950091019534129,12000,10124.162225871132
0.0567270438764676,0.16162361279700652,-0.012401571819077068,12000,3721.496251044161
0.07498632668291193,0.17484409243347596,-0.0025590671815475673,5000,12308.705340727283
0.07498632668291193,0.1463477754520736,-0.008950042579628729,6000,3721.496251044161
0.3965352901233879,0.15045386707383854,-0.018013109244345477,3000,2149.416136534133
0.07823302695080049,0.13667350522043012,-0.004917241500825788,5000,1944.8338863255753
0.03096723983469186,0.15729372929364208,-0.019198879527714013,10000,7818.674849699402
0.1896930846842057,0.17653340810090384,-0.0028830738209688475,3000,9568.06133278347
0.3198999136092226,0.1700454724121485,0.005153202774183587,22000,10868.15254697223
0.30466658438973576,0.1391304169424959,-0.006662920208419786,10000,9308.86605146799
0.03096723983469186,0.1467551334941342,-0.01729141148382533,8000,7818.674849699402
0.030709161363584057,0.17063296290979907,-0.008586693118507124,8000,9208.354043041478
0.030709161363584057,0.13936692693165215,-0.01646673638664473,28000,8371.635549928305
0.0567270438764676,0.1588671137339907,0.0029801652175152275,28000,10124.162225871132
0.30466658438973576,0.1453067327384778,-0.011711608746093078,28000,8371.635549928305
0.1896930846842057,0.16885461092977766,-0.005045183179136221,28000,6111.439449623881
0.0567270438764676,0.15081162089495379,0.0052324268883127715,12000,14088.177761028734
0.030709161363584057,0.14753906697898325,-0.012178766067368077,25000,12308.705340727283
0.3198999136092226,0.1674811494602957,-0.011370262158496043,25000,1388.161926428812
0.06045829535513537,0.15745645347700657,-0.009757106837026089,5000,8781.38100521925
0.0567270438764676,0.13682322969362642,-0.003874551501058543,5000,12308.705340727283
0.07823302695080049,0.14666474799490908,-0.003488305975771557,15000,15182.209441928107
0.07823302695080049,0.17070629880645485,-0.02179617004262381,20000,16949.69186366355
0.3965352901233879,0.15328942182949098,0.006851476345602418,5000,3721.496251044161
0.1896930846842057,0.17204258875353517,-0.013841477637299449,8000,12472.89232435155
0.03096723983469186,0.1555253248288252,-0.005898788364520622,23000,12549.767112704283
0.030709161363584057,0.1416659651156276,-0.015854001740088015,15000,3721.496251044161
0.06045829535513537,0.1620268313432265,-0.0001486280124373699,7000,8371.635549928305
0.0567270438764676,0.17984134809252572,-0.012193602104234886,3000,11428.776259500675
0.030709161363584057,0.14263932108318902,0.00613848193069731,28000,8044.38748849249
0.1589499598856141,0.16939305858585632,-0.00500584103201619,20000,3721.496251044161
0.07498632668291193,0.16201328794074799,-0.011072568545012665,10000,9921.736099442112
0.30466658438973576,0.1586609362155342,-0.00653032264146855,10000,12990.003729794424
0.2764675808695338,0.15699511241980688,-0.005277314522064821,15000,13345.696517931832
0.07498632668291193,0.16351017877676016,0.0029312292122225664,15000,5756.56884800299
0.1589499598856141,0.15512667013192977,-0.007929404300411929,5000,9362.142291789198
0.3198999136092226,0.1575053357495239,-0.0062878557367048145,25000,8980.724685620986
0.16426813223584644,0.15737370201019474,-0.011137530451943033,12000,3180.534231222965
0.03096723983469186,0.14576683370507065,-0.011306906865913123,10000,9308.86605146799
0.2764675808695338,0.16545654050676137,-0.0031529205184802006,25000,8371.635549928305
0.1896930846842057,0.1572225820514219,0.0008648390684380884,25000,12472.89232435155
0.1896930846842057,0.1575432496204379,0.0003178876041938192,15000,14088.177761028734
0.3965352901233879,0.1688989643417009,9.488485383966811e-05,15000,1932.7685273621282
0.16426813223584644,0.15781540844376196,-0.011910767533878422,10000,12625.18983357999
0.030709161363584057,0.1567464905686191,0.0033952931853310233,28000,14552.421047816675
0.0567270438764676,0.18517877869887436,-0.01124990955713081,15000,6029.591590125569
0.0567270438764676,0.1528615187593069,-0.004709592744666572,3000,14552.421047816675
0.30466658438973576,0.14574021986181612,0.006751709224877244,8000,12549.767112704283
0.07823302695080049,0.16087051186744702,0.008275011853810852,23000,6490.025297937499
0.030709161363584057,0.1567167354814877,-0.008881267749603367,39000,12625.18983357999
0.1896930846842057,0.16688938182731441,-0.006504511515885612,3000,2149.416136534133
0.1589499598856141,0.1584294345858773,-0.019995633528796977,10000,1932.7685273621282
0.16426813223584644,0.17619132229266968,-0.007008227673565991,6000,11700.301792294806
0.1896930846842057,0.1528246237276695,-0.002936937760879789,22000,18495.762853876247
0.06045829535513537,0.16348782313075422,-0.0020759409407072687,23000,10868.15254697223
0.030709161363584057,0.16864897458880626,-0.004872772124692786,3000,5852.089204350804
0.06045829535513537,0.15754766336886558,-0.017935984808692605,4000,14552.421047816675
0.30466658438973576,0.1614115335658545,-0.011189043607395217,15000,16949.69186366355
0.30466658438973576,0.15522724004240096,-0.02750116923407492,22000,9357.594394504782
0.16426813223584644,0.14699406268488968,-0.028999904218625496,25000,6111.439449623881
0.4722332058040905,0.1584094523129524,-0.006055447273583171,10000,8094.365808845958
0.3965352901233879,0.1626173825416636,-0.008981086920491817,22000,11428.776259500675
0.16426813223584644,0.17027853194132878,-0.011164774261161081,10000,6029.591590125569
0.07498632668291193,0.1355643175746817,-0.017147990005671118,10000,14552.421047816675
0.3198999136092226,0.17300719954241706,-0.019857056900701667,3000,11700.301792294806
0.4722332058040905,0.14914351507582235,-0.011699868068708288,39000,14552.421047816675
0.3965352901233879,0.1514116550408736,-0.02265776518868081,23000,9968.772979815913
0.0567270438764676,0.16557887683755443,-0.01932464411031094,8000,9568.06133278347
0.3198999136092226,0.1335735017554097,-0.009089856867016457,25000,9208.354043041478
0.030709161363584057,0.15509085332370195,-0.012920471969135134,22000,7818.674849699402
0.4722332058040905,0.1544910581898704,0.004925388496751606,20000,5756.56884800299
0.3965352901233879,0.15810013108768217,0.0013951917223030679,25000,9308.86605146799
0.0567270438764676,0.16780677917344652,-0.006121439050192726,10000,4635.668443078176
0.07498632668291193,0.158466625319959,-0.007097437826932787,10000,6111.439449623881
0.3965352901233879,0.15011692637604448,-0.013508037365749664,23000,2149.416136534133
0.07823302695080049,0.16381064711820534,-0.007052915511416067,5000,2955.6355296040556
0.06045829535513537,0.1548976096160115,0.0019787235081958486,7000,1932.7685273621282
0.16426813223584644,0.16929930086520414,-0.01123670004707979,28000,9568.06133278347
0.07823302695080049,0.17509002567121443,-0.003372538058414795,28000,11700.301792294806
0.2764675808695338,0.14135010355459382,-0.005203679466972644,15000,3721.496251044161
0.07498632668291193,0.15287281879321993,-0.0057153907120225346,7000,6490.025297937499
0.07823302695080049,0.15365179697035874,-0.012303546168806719,15000,3721.496251044161
0.4722332058040905,0.1854134101284809,0.00010443059786063859,10000,8044.38748849249
0.07823302695080049,0.15363632945242228,0.00395880174683054,23000,12472.89232435155
0.1589499598856141,0.1698537367791061,-0.00182603578803296,25000,12625.18983357999
0.07498632668291193,0.16571497908924085,-0.010730535329677578,10000,18495.762853876247
0.3198999136092226,0.14982491446557294,-0.00928698484410499,25000,3721.496251044161
0.16426813223584644,0.16916923977730017,-0.011726660327227587,28000,8054.929374637141
0.03096723983469186,0.16129316270990537,-0.01840533658946222,12000,9568.06133278347
0.0567270438764676,0.1717088060736498,-0.01498705166277006,4000,8298.692961111445
0.0567270438764676,0.14199255130121086,-0.008518884115811212,3000,3180.534231222965
0.1589499598856141,0.16799642863355072,-0.007896181001825571,12000,9968.772979815913
0.1896930846842057,0.14791424063014574,-0.011533599119931121,5000,5852.089204350804
0.03096723983469186,0.1741044220578312,-0.009137786780703342,3000,9362.142291789198
0.3965352901233879,0.1437682351541247,-0.018823647032647852,8000,5852.089204350804
0.03096723983469186,0.16625673725647303,-0.021277857037220314,28000,8298.692961111445
0.1896930846842057,0.15330698059160325,-0.0009336412639422204,22000,8298.692961111445
0.3965352901233879,0.1637742599566765,-0.012511198876767335,4000,10868.15254697223
0.1896930846842057,0.1770033577677782,-0.01649155553010609,10000,7903.372032495086
0.0567270438764676,0.14413794516204861,-0.01337361139631412,5000,9815.38693042659
0.4722332058040905,0.1443172572128515,-0.017750874796160686,4000,12990.003729794424
0.0567270438764676,0.16809468922770657,-0.021235366233579515,20000,12990.003729794424
0.3198999136092226,0.14486616264742483,0.003938883461137724,10000,6379.779727401703
0.1589499598856141,0.13777612469960893,-0.015382170662304656,20000,4635.668443078176
0.2764675808695338,0.15643319728220734,-0.007737051900290581,20000,14552.421047816675
0.3198999136092226,0.14980280331760076,-0.004117923732711148,28000,5852.089204350804
0.1896930846842057,0.16539052830651144,-0.01599868207983052,10000,14088.177761028734
0.16426813223584644,0.17487720908961385,-0.006768837866886712,10000,9362.142291789198
0.03096723983469186,0.16462085147242378,0.0005576237634759984,25000,10588.791757848958
0.1896930846842057,0.1569371255913484,-0.011124617224946865,3000,9568.06133278347
0.1589499598856141,0.1398403800639876,-0.01522258495629551,8000,6029.591590125569
0.3965352901233879,0.1643898207712662,0.0014074547766024994,15000,9208.354043041478
0.3965352901233879,0.15838745247375063,-0.002366394683363203,15000,9815.38693042659
0.06045829535513537,0.16295795922296186,-0.005295405047447199,8000,8054.929374637141
0.030709161363584057,0.14005466989832194,0.00047105466299534254,10000,14088.177761028734
0.3198999136092226,0.16538420608931076,-0.01173214512252235,10000,1932.7685273621282
0.3965352901233879,0.1590831687411229,-0.007062771086736851,15000,8867.27474861856
0.4722332058040905,0.15288137017877845,-0.010491164437725067,28000,9308.86605146799
0.07823302695080049,0.16001583012806478,-0.008470214191115506,6000,6379.779727401703
0.07823302695080049,0.13475442474333496,-0.012417301821349926,10000,9921.736099442112
0.30466658438973576,0.1738643350129479,0.002291754524707286,15000,9208.354043041478
0.3965352901233879,0.15097491744646319,0.0032567613023530015,22000,1932.7685273621282
0.30466658438973576,0.15256226137940698,-0.007193665086116778,15000,9815.38693042659
0.30466658438973576,0.15477966509472646,-0.009317691664047768,10000,2149.416136534133
0.16426813223584644,0.15810415102562306,-0.011824944286522266,10000,9921.736099442112
0.30466658438973576,0.16388435406544596,-0.0013676455045388168,3000,6111.439449623881
0.1589499598856141,0.1546336256304925,-0.011484579044782964,15000,9357.594394504782
0.0567270438764676,0.1697126659378453,-0.0004904750580899114,20000,14929.56671203167
0.07823302695080049,0.16187505776325398,-0.006896966034681389,8000,8266.360338630808
0.3965352901233879,0.15758439321432627,-0.013913566876757365,10000,12990.003729794424
0.0567270438764676,0.15830263053367655,-0.011428097031057332,5000,5852.089204350804
0.1589499598856141,0.1667197111547695,-0.004544476765078709,4000,12308.705340727283
0.1896930846842057,0.170322506572308,-0.0032106402621773548,39000,9968.772979815913
0.07823302695080049,0.16667760464268885,-0.006136465548992467,10000,1944.8338863255753
0.03096723983469186,0.16128256467347551,-0.003533630208840742,23000,2641.9358544440147
0.1896930846842057,0.15541371327022258,-0.01564233972812165,7000,5756.56884800299
0.030709161363584057,0.16132872331613923,-0.009939959305045702,39000,7818.674849699402
0.030709161363584057,0.14656487461271897,-0.015428941066514868,15000,12549.767112704283
0.3198999136092226,0.14928810333919454,-0.0029805328283160053,20000,9362.142291789198
0.2764675808695338,0.1684531593749572,-0.007248135050485235,22000,9921.736099442112
0.3198999136092226,0.17248592860839485,-0.012114880630504882,15000,9921.736099442112
0.4722332058040905,0.14408105590216397,-0.011753464896009027,5000,12990.003729794424
0.16426813223584644,0.16164396395501182,-0.014528205872458832,25000,10868.15254697223
0.03096723983469186,0.1747309207619282,-0.010404247414788622,3000,8371.635549928305
0.2764675808695338,0.15628320919601826,-0.008219650752392647,10000,1388.161926428812
0.3965352901233879,0.16990496811755953,-0.012059977903078903,20000,14088.177761028734
0.03096723983469186,0.16146428459864776,-0.010870562328375284,5000,8781.38100521925
0.2764675808695338,0.13713153628953875,0.003990549912033222,25000,3982.1550627694223
0.3198999136092226,0.15898810741423935,-0.00586471202145201,10000,8054.929374637141
0.0567270438764676,0.17303307321594205,0.0036973685909293635,20000,12308.705340727283
0.03096723983469186,0.16813711094304312,-0.0016827819209910603,3000,11700.301792294806
0.1896930846842057,0.16899170242079195,-0.004161300054149396,39000,6379.779727401703
0.1896930846842057,0.15453101115958195,-0.00977938108356713,3000,11700.301792294806
0.4722332058040905,0.16435475323766666,-0.007860812826774774,25000,14088.177761028734
0.07823302695080049,0.13893125803065945,-0.007618248870894249,10000,9815.38693042659
0.16426813223584644,0.1568648712086854,-0.013294873175270002,10000,3721.496251044161
0.3198999136092226,0.16962615596311625,0.004320387212993655,3000,12625.18983357999
0.07823302695080049,0.1517611544619622,-0.0011098621480990956,25000,12472.89232435155
0.0567270438764676,0.1560168737676112,-0.01171859775118738,39000,2149.416136534133
0.0567270438764676,0.14704687116781162,-0.0036665144185252237,4000,11428.776259500675
0.16426813223584644,0.14388754966995046,-0.009653144203784624,15000,12308.705340727283
0.3965352901233879,0.176930214456555,-0.001206787110401986,25000,15674.647469510692
0.07823302695080049,0.14542609416603872,-0.011218733727761308,25000,8980.724685620986
0.30466658438973576,0.16264456894084384,-0.00557388274199841,5000,5961.998200255187
0.0567270438764676,0.15975492364089203,-0.00019910015594342957,4000,5756.56884800299
0.4722332058040905,0.1603557810090641,-0.015437309387993009,28000,6029.591590125569
0.030709161363584057,0.14359245310765437,0.002583870001519047,39000,6379.779727401703
0.4722332058040905,0.15899474847284292,-0.01695865209249433,3000,9815.38693042659
0.0567270438764676,0.1466363869290014,-0.0011759730442873013,23000,6379.779727401703
0.1589499598856141,0.18128311931529334,-0.011193139541288434,4000,5852.089204350804
0.3198999136092226,0.18171691175767496,-0.008410071271442148,3000,10868.15254697223
0.4722332058040905,0.1771337927071549,-0.0006499373375290886,3000,15674.647469510692
0.1896930846842057,0.15803488975067484,0.0011074316284526615,25000,1388.161926428812
0.16426813223584644,0.15436572150442165,4.1857146085452447e-05,8000,9968.772979815913
0.16426813223584644,0.13762816968865973,-0.00277274697841526,6000,12472.89232435155
0.030709161363584057,0.1665715854733088,-0.008888789101964558,5000,9968.772979815913
0.16426813223584644,0.15506972281443612,-0.008880429107055866,15000,9921.736099442112
0.4722332058040905,0.16382255463756992,-0.015994731822485054,12000,9815.38693042659
0.0567270438764676,0.1604012682610616,-0.01697606815063105,10000,9968.772979815913
0.03096723983469186,0.14345382874374643,-0.007408986619274806,10000,9815.38693042659
0.1589499598856141,0.16136376172815575,0.000376438233913156,25000,9357.594394504782
0.3198999136092226,0.13940932583290355,-0.0041823575437750764,20000,11428.776259500675
0.1896930846842057,0.14453746898333808,-0.007676896113070582,22000,6029.591590125569
0.30466658438973576,0.15587004887285233,-0.007191830774280724,5000,9208.354043041478
0.2764675808695338,0.16481073520047007,-0.019442144001338514,3000,6111.439449623881
0.3965352901233879,0.17627506840387833,0.002718644130275442,20000,8867.27474861856
0.2764675808695338,0.15593855436364037,0.0023137311214713493,8000,7818.674849699402
0.3198999136092226,0.15213528324230302,-0.022817722212347367,10000,15182.209441928107
0.030709161363584057,0.16321410919988316,0.015084354470783566,12000,8266.360338630808
0.3965352901233879,0.16941499836103313,0.0010006258952764914,8000,8371.635549928305
0.1896930846842057,0.15758208894050724,-0.002077769905353368,12000,10588.791757848958
0.06045829535513537,0.13661908632816389,-0.01622457003020502,7000,9357.594394504782
0.16426813223584644,0.16230795358220704,-0.0101853899734454,39000,9367.701460379212
0.0567270438764676,0.15516069739249863,-0.022468486578474767,3000,7818.674849699402
0.16426813223584644,0.14689558459723887,-0.012235984638046165,25000,16949.69186366355
0.3965352901233879,0.14342779457242671,-0.006541872152421183,15000,3180.534231222965
0.06045829535513537,0.13310465478646533,-0.013172906309114973,23000,15182.209441928107
0.3965352901233879,0.17170523373829344,-0.012035816562372754,5000,10588.791757848958
0.07823302695080049,0.1669389439059336,-0.004085434711793577,25000,12549.767112704283
0.3965352901233879,0.13857978348885672,-0.000926448419914906,20000,1944.8338863255753
0.3198999136092226,0.15890589228625274,-0.010295307453126514,8000,12549.767112704283
0.06045829535513537,0.1456766725372957,-0.0010545501207954535,10000,9367.701460379212
0.4722332058040905,0.16091830961787784,-0.013752102736039305,25000,10868.15254697223
0.03096723983469186,0.16031836232980687,-0.012687160310790282,20000,15182.209441928107
0.1896930846842057,0.1423756073478577,-0.0168342257377766,3000,12308.705340727283
0.06045829535513537,0.13971936515972844,-0.00766951960367734,23000,7818.674849699402
0.3965352901233879,0.15435330017285673,-0.00288297563508166,10000,8266.360338630808
0.30466658438973576,0.13948310669841626,0.0028996142400916558,8000,8371.635549928305
0.3198999136092226,0.15162562104789415,0.012608464480258963,3000,8266.360338630808
0.3198999136092226,0.1485066555543761,-0.005706214271230623,7000,2641.9358544440147
0.030709161363584057,0.16497097316758733,-0.013896252066186924,25000,11428.776259500675
0.1896930846842057,0.15751141655197234,-0.015147677019703805,20000,12549.767112704283
0.06045829535513537,0.17198182703280404,-9.660997807940449e-05,5000,18495.762853876247
0.2764675808695338,0.16849764393777267,-0.002080468183624418,10000,15674.647469510692
0.4722332058040905,0.16161120849955077,-0.01286688696791464,12000,8094.365808845958
0.30466658438973576,0.1723177714370564,-0.004954576909956354,20000,9568.06133278347
0.07823302695080049,0.1398296704508856,-0.012639788693659166,10000,8371.635549928305
0.30466658438973576,0.1592348237217859,-0.01326096678910476,28000,12308.705340727283
0.30466658438973576,0.1698491476193019,-0.007459799333877926,4000,9921.736099442112
0.30466658438973576,0.14092332644951502,-0.005506953438089397,25000,8094.365808845958
0.03096723983469186,0.18196522142304142,-0.006347393053602943,15000,1932.7685273621282
0.03096723983469186,0.1727497272137904,-0.011160318722684496,15000,8044.38748849249
0.3965352901233879,0.14742771603847007,-0.022842640679718966,25000,5852.089204350804
0.07498632668291193,0.15811297686530687,0.0008750460129250358,23000,12625.18983357999
0.07498632668291193,0.1576995526661708,-0.0010086962028384345,3000,3180.534231222965
0.3965352901233879,0.14082227642587639,-0.01038677188321943,5000,5756.56884800299
0.06045829535513537,0.14828280670189536,-0.0070943711529167786,10000,1932.7685273621282
0.2764675808695338,0.16027607059902765,-0.01881479439136343,15000,11700.301792294806
0.030709161363584057,0.1557298087706957,-0.0144145178295589,8000,11700.301792294806
0.03096723983469186,0.14508661625669592,-0.006148870862229156,25000,15674.647469510692
0.16426813223584644,0.13988753113734412,-0.01825533779623481,6000,9968.772979815913
0.1589499598856141,0.16739416831704731,-0.00046409920183953563,12000,9308.86605146799
0.07498632668291193,0.15756056656842088,0.0026885608852203913,23000,10868.15254697223
0.1589499598856141,0.1715981675212908,-0.0027783504541403267,25000,8781.38100521925
0.07823302695080049,0.1628872240233866,-0.003650164944610103,4000,12472.89232435155
0.16426813223584644,0.1472927194227097,0.0024652067445886587,3000,9815.38693042659
0.30466658438973576,0.17374200674978135,-0.0074169109321111015,5000,13439.594459895283
0.06045829535513537,0.1520336310946449,-0.014915046107303421,10000,12308.705340727283
0.07498632668291193,0.16876526818529689,-0.01994567773422897,12000,7818.674849699402
0.2764675808695338,0.17315496536463248,0.00714450942312795,10000,8781.38100521925
0.2764675808695338,0.13751373205101394,-0.013864680120799108,25000,6029.591590125569
0.07823302695080049,0.16297108593071905,-0.009068886652414981,25000,3180.534231222965
0.030709161363584057,0.16127764140444711,-0.01145847000808015,39000,6111.439449623881
0.3198999136092226,0.1568388311204622,-0.002130874813057949,25000,4635.668443078176
0.1896930846842057,0.16219622353068755,-0.0005535991746208318,10000,12472.89232435155
0.3198999136092226,0.15852936148522787,-0.01315312320856268,15000,2955.6355296040556
0.30466658438973576,0.1712786799678197,-0.010220749064907405,10000,10868.15254697223
0.030709161363584057,0.16094152281440907,-0.025458147915660752,10000,6111.439449623881
0.030709161363584057,0.1441255065930345,-0.026869819103594244,7000,8867.27474861856
0.4722332058040905,0.14520610707997159,-0.009198495635725789,10000,8781.38100521925
0.1896930846842057,0.16343944321851878,-0.021383650605563357,5000,3982.1550627694223
0.06045829535513537,0.1499609940134016,-0.006756751219803767,5000,7818.674849699402
0.30466658438973576,0.14278180816971467,-0.0074978334064814715,25000,15674.647469510692
0.3198999136092226,0.1571785048151901,-0.009585364305032958,15000,1932.7685273621282
0.030709161363584057,0.14989144087929165,-0.021186731522753816,25000,8980.724685620986
0.06045829535513537,0.16001145386235768,-0.011940510358168944,20000,9357.594394504782
0.07823302695080049,0.1616796406089713,-0.003238460921924927,10000,12472.89232435155
0.16426813223584644,0.16340499549620613,-0.010627636568165297,25000,8054.929374637141
0.3965352901233879,0.17685916505082222,-0.0015742728185423728,10000,3180.534231222965
0.07498632668291193,0.16020419011550127,0.004669391867822927,10000,9362.142291789198
0.2764675808695338,0.18470849986357615,-0.0007807192692705917,15000,2955.6355296040556
0.4722332058040905,0.18241560835245044,-0.009600728859793196,28000,8054.929374637141
0.03096723983469186,0.15958230257921005,-0.01324765540881187,7000,16949.69186366355
0.2764675808695338,0.14634550016533074,-0.0038435773249297918,25000,9308.86605146799
0.0567270438764676,0.1702755961453967,0.0024036811259327317,22000,12625.18983357999
0.16426813223584644,0.16393068953454748,-0.012835437963405515,10000,5852.089204350804
0.1589499598856141,0.16566201425024996,-0.0033467530819873024,6000,10588.791757848958
0.07823302695080049,0.15390978822267937,-0.003008574339701184,25000,18495.762853876247
0.07498632668291193,0.14427677119900847,-0.008611525915524358,7000,9568.06133278347
0.06045829535513537,0.18195627484762977,-3.3068065526567234e-05,25000,8054.929374637141
0.4722332058040905,0.13566339631074223,-0.01938150377057913,5000,2641.9358544440147
0.0567270438764676,0.17416384487818126,-0.02579662593293905,3000,9568.06133278347
0.1896930846842057,0.16837596021175946,0.0005337557573068215,28000,6029.591590125569
0.2764675808695338,0.1563073530859167,-0.00167180320948496,8000,12308.705340727283
0.03096723983469186,0.15192414833933718,-0.011122951066522956,8000,3721.496251044161
0.3965352901233879,0.14977432783337938,-0.009797685692783668,22000,6029.591590125569
0.07823302695080049,0.13795769018650403,-0.0005637734992207344,5000,2641.9358544440147
0.4722332058040905,0.17114540277090584,-0.0072987654015978535,12000,10124.162225871132
0.07823302695080049,0.1525464751913988,0.0043621180904957636,10000,15182.209441928107
0.030709161363584057,0.15580968498495182,0.004550980054387252,23000,1932.7685273621282
0.0567270438764676,0.1650960428542172,-0.017308389972375778,20000,10868.15254697223
0.030709161363584057,0.15721802023477638,-0.0012475681992167589,10000,5756.56884800299
0.07498632668291193,0.15558431149260202,-0.013703209972322454,10000,8054.929374637141
0.30466658438973576,0.14609709490309664,-0.011678711289209604,10000,12472.89232435155
0.03096723983469186,0.15387386648817758,0.0055873566516657204,28000,13439.594459895283
0.07498632668291193,0.1525214120030222,0.0002970694767521941,10000,9357.594394504782
0.06045829535513537,0.14640254603585987,-0.006773131345592747,5000,1388.161926428812
0.1896930846842057,0.17167313921482977,0.00013256138874051973,39000,9367.701460379212
0.1896930846842057,0.15285875862712084,-0.005301831346023356,22000,9308.86605146799
0.0567270438764676,0.1577630619455481,-0.01901545456293164,3000,8054.929374637141
0.1589499598856141,0.17142335491205501,-0.014470456498278834,5000,9208.354043041478
0.3198999136092226,0.1641923405799497,-0.0034613494059880217,39000,9921.736099442112
0.030709161363584057,0.1768999646370268,-0.00022855033355248652,7000,18495.762853876247
0.1896930846842057,0.17178657726400107,-0.009589044218244008,15000,11700.301792294806
0.0567270438764676,0.16364338363724365,-0.008179751046892132,3000,14088.177761028734
0.3198999136092226,0.15121219735685584,-0.006779885226887746,15000,3721.496251044161
0.3965352901233879,0.1534530833563617,-0.015210565368838958,12000,8054.929374637141
0.06045829535513537,0.14873429722766998,-0.013371012477674063,20000,5756.56884800299
0.30466658438973576,0.14965662316381603,-0.001002365972628369,8000,1944.8338863255753
0.03096723983469186,0.1677778818138284,-0.018290593998949736,39000,12990.003729794424
0.07498632668291193,0.176661330075219,-0.010531763588586662,15000,16949.69186366355
0.07498632668291193,0.14733075695163958,-0.0014684756650054696,10000,18495.762853876247
0.2764675808695338,0.15553840848291567,-0.008938972944948418,39000,14088.177761028734
0.1896930846842057,0.1462348984954114,-0.010978760187276579,25000,18495.762853876247
0.07498632668291193,0.1479481240182213,-0.0031921959580289965,22000,14552.421047816675
0.07823302695080049,0.1825658122644042,-0.0058363916578313526,15000,9568.06133278347
0.07498632668291193,0.17032920856444533,0.004610125580086692,5000,8266.360338630808
0.07498632668291193,0.16359938010555766,-0.005377272844117701,8000,8044.38748849249
0.16426813223584644,0.1431397072732673,-0.020469494496822015,25000,2955.6355296040556
0.2764675808695338,0.17301637711304643,-0.010203350159411557,39000,7903.372032495086
0.0567270438764676,0.15991875742424919,-0.0029831228702046847,6000,6490.025297937499
0.3198999136092226,0.1330318821199752,0.005486809055350851,25000,1944.8338863255753
0.06045829535513537,0.16363032926913132,-0.007312556621876064,8000,14552.421047816675
0.07823302695080049,0.16473558187126433,0.005743905794481606,5000,13439.594459895283
0.030709161363584057,0.16879296577115746,0.006888562958922446,3000,6111.439449623881
0.06045829535513537,0.1638139348923223,-0.0225136309839646,4000,15182.209441928107
0.30466658438973576,0.1688273069985843,-0.006413794272909074,4000,16949.69186366355
0.0567270438764676,0.14078377433846972,-0.013222719645976738,7000,9367.701460379212
0.030709161363584057,0.1415212099740597,-0.005612407772895622,39000,6111.439449623881
0.30466658438973576,0.15898584432405188,-0.010979655453807163,10000,3982.1550627694223
0.1896930846842057,0.169380873584142,-0.011247242420672491,4000,9357.594394504782
0.30466658438973576,0.1556548151202163,-0.009226782123034898,25000,8980.724685620986
0.07823302695080049,0.1460877615084054,-0.0018276887760755875,12000,12549.767112704283
0.07498632668291193,0.16175675016323118,-0.020335564942598024,10000,12308.705340727283
0.3965352901233879,0.17241035387192763,-0.0073293434375125656,20000,9968.772979815913
0.3198999136092226,0.1579699539495783,-0.021781200651008237,5000,1944.8338863255753
0.1896930846842057,0.15875779774622628,0.0026734951043307234,23000,9568.06133278347
0.16426813223584644,0.1526358679060308,-0.005994175252311089,23000,16949.69186366355
0.3965352901233879,0.13294347655105765,-0.016101730973354954,8000,8371.635549928305
0.06045829535513537,0.14290293490584455,-0.01192032138680935,20000,3721.496251044161
0.3198999136092226,0.1579698203962447,0.007314059970747141,10000,5852.089204350804
0.03096723983469186,0.1482950687052819,-0.015622333622742419,22000,3721.496251044161
0.03096723983469186,0.1727019363639853,-0.017040852379498983,5000,9208.354043041478
0.0567270438764676,0.15876298481477136,0.0011885512978301125,3000,13439.594459895283
0.06045829535513537,0.13648165062178252,0.0015303455039412034,8000,12625.18983357999
0.03096723983469186,0.14159136374797937,-0.010466357178249683,8000,9568.06133278347
0.06045829535513537,0.16953706991376843,0.001416006437401082,10000,16949.69186366355
0.2764675808695338,0.1478972847780358,-0.0008595177395174403,3000,1932.7685273621282
0.030709161363584057,0.13580432852255342,-0.017101155825775486,12000,13345.696517931832
0.0567270438764676,0.16240814697765701,-0.002895905227189829,25000,1388.161926428812
0.030709161363584057,0.14431843287631765,-0.008799467450315224,10000,4635.668443078176
0.3965352901233879,0.14215829072235117,-0.0047288599920187495,15000,8266.360338630808
0.16426813223584644,0.1562416301791131,-0.0032796698016137795,15000,3982.1550627694223
0.1589499598856141,0.141539283405936,-0.009546731643333327,10000,7818.674849699402
0.3198999136092226,0.15292156057790687,-0.005999297930790133,22000,9308.86605146799
0.07498632668291193,0.17385458627233133,-0.006703965461690782,5000,2149.416136534133
0.03096723983469186,0.14206088722163437,-0.014438927982912216,39000,9921.736099442112
0.06045829535513537,0.16588910264597428,-0.009484751736941218,3000,3982.1550627694223
0.06045829535513537,0.16000855052555799,-0.02168349600576169,25000,4635.668443078176
0.07823302695080049,0.15299827809814961,-0.007593895183126737,15000,10588.791757848958
0.30466658438973576,0.15468842551111506,-0.006934345129754624,22000,3982.1550627694223
0.03096723983469186,0.15623027671934683,-0.0032391283190311986,10000,12990.003729794424
0.030709161363584057,0.16337598690129848,-0.005428166960894433,20000,14088.177761028734
0.06045829535513537,0.15129359864882944,0.01225990182330921,4000,7903.372032495086
0.1896930846842057,0.17505956028839395,-0.008831204189550761,39000,9357.594394504782
0.3198999136092226,0.16313672728988052,-0.00541686163353457,7000,9815.38693042659
0.030709161363584057,0.15264154356307427,-0.005039357999152655,39000,9362.142291789198
0.1589499598856141,0.15666966311882166,-0.014232366440790243,10000,10868.15254697223
0.16426813223584644,0.14923814847635258,-0.005066773510385642,4000,6029.591590125569
0.07498632668291193,0.1573866174009383,-0.028371343967731753,25000,8266.360338630808
0.0567270438764676,0.14900872378963576,0.006946265325524833,22000,5756.56884800299
0.4722332058040905,0.15610415140606132,-0.007826505523503757,22000,14929.56671203167
0.030709161363584057,0.14906080772169036,-0.003172111723439691,28000,5852.089204350804
0.4722332058040905,0.15583973728829745,0.001203066673845341,25000,5852.089204350804
0.2764675808695338,0.1440585151955491,-0.0227449737482675,20000,15182.209441928107
0.06045829535513537,0.1674275427929052,0.008452164904431356,15000,9357.594394504782
0.2764675808695338,0.18403622910235362,-0.010176858374235664,22000,11700.301792294806
0.3198999136092226,0.16422571394481025,-0.00860563202215825,6000,8094.365808845958
0.3198999136092226,0.14163053461075906,-0.002472945979251844,5000,2149.416136534133
0.4722332058040905,0.1631470860135395,-0.013623868472956161,10000,6111.439449623881
0.1896930846842057,0.14301396671241873,0.0027017717895735822,3000,11428.776259500675
0.2764675808695338,0.17649949138266996,-0.01470606161469469,5000,1932.7685273621282
0.16426813223584644,0.13663070292490326,0.002050360653305899,15000,2149.416136534133
0.07823302695080049,0.14511936085319208,-0.006177326551283249,6000,3982.1550627694223
0.2764675808695338,0.15101352172323168,-0.002913371148604362,8000,3721.496251044161
0.1896930846842057,0.13294350125795248,0.000629367748958189,39000,14088.177761028734
0.07498632668291193,0.15261547818677687,0.002457172220790425,3000,8371.635549928305
0.16426813223584644,0.14931895072050502,-0.0025500605044524163,28000,11428.776259500675
0.07498632668291193,0.15886235778335203,-0.012233276980505562,6000,2955.6355296040556
0.1896930846842057,0.15379605539838867,-0.0002610982053136012,8000,6379.779727401703
0.30466658438973576,0.15726286681170634,-0.013048795825989522,28000,3180.534231222965
0.07823302695080049,0.17957181018734875,-0.01809502537414561,15000,1388.161926428812
0.3965352901233879,0.15536289428138575,-0.017736743956699275,4000,15182.209441928107
0.3965352901233879,0.1556078413852043,-0.01668501806648309,3000,5756.56884800299
0.4722332058040905,0.15179971423671026,-0.007012224149174306,22000,10124.162225871132
0.2764675808695338,0.14962599285243397,-0.0040696504397359015,3000,13439.594459895283
0.03096723983469186,0.16488120639317497,-0.028595277205994463,8000,1944.8338863255753
0.3198999136092226,0.15234809651325637,-0.010935559477738645,10000,5852.089204350804
0.16426813223584644,0.16324336829199218,-0.013383413482866022,10000,12472.89232435155
0.0567270438764676,0.15110431043566505,0.0001879759302915593,10000,9308.86605146799
0.3198999136092226,0.1715927209324918,-0.006323727545942127,22000,14088.177761028734
0.1589499598856141,0.1343592956432254,-0.018624892293192023,10000,12990.003729794424
0.2764675808695338,0.17763143834965733,-0.0026873395264933055,4000,15674.647469510692
0.1896930846842057,0.17696781081103719,0.0065847206464545805,10000,6029.591590125569
0.2764675808695338,0.14128461494939368,-0.02007387969152886,6000,14552.421047816675
0.06045829535513537,0.143135236887668,0.0051030347412484335,10000,7903.372032495086
0.07498632668291193,0.14477098386950588,-0.002225537040261926,25000,8054.929374637141
0.16426813223584644,0.15809654573885867,-0.006197343079149622,8000,7903.372032495086
0.1896930846842057,0.16262284329281604,-0.008189954813010917,15000,8980.724685620986
0.1589499598856141,0.14579102047213,-0.01107450563332604,15000,11700.301792294806
0.1589499598856141,0.16115471739984952,-0.004272469677959917,25000,15182.209441928107
0.3965352901233879,0.1658524503656519,-0.012696370153214965,10000,2149.416136534133
0.1896930846842057,0.1509925661629335,9.937943525247169e-05,25000,8266.360338630808
0.30466658438973576,0.16568031714022288,0.00010642394807672251,25000,13439.594459895283
0.4722332058040905,0.16992800299320848,-0.012349763193552873,3000,9362.142291789198
0.16426813223584644,0.15100166995112754,-0.009200352900230063,10000,14929.56671203167
0.06045829535513537,0.16216956919796074,-0.01145643609227701,12000,18495.762853876247
0.03096723983469186,0.14348733781001924,-0.008202475543104843,25000,6029.591590125569
0.1589499598856141,0.1594999112988332,-0.005262897425535913,10000,8781.38100521925
0.3965352901233879,0.15534210638956072,-0.007354312936946682,3000,5852.089204350804
0.2764675808695338,0.15622610970217865,-0.0056197636910016975,12000,6379.779727401703
0.1896930846842057,0.14920555926150747,0.005656889222109013,7000,12990.003729794424
0.07823302695080049,0.14613905999368584,-0.00026595693427820994,25000,11428.776259500675
0.06045829535513537,0.15289249273571193,-0.010832642866636813,5000,5961.998200255187
0.2764675808695338,0.15072873117678087,-0.01095936746694342,25000,9308.86605146799
0.1589499598856141,0.15679435429530564,-0.01740143287972858,3000,15674.647469510692
0.1896930846842057,0.15564242275132228,-0.0006285959156118674,8000,15674.647469510692
0.1896930846842057,0.14848263525571403,-0.015291508164895582,25000,14552.421047816675
0.4722332058040905,0.17521992791046667,-0.0074051861047306706,10000,9367.701460379212
0.1896930846842057,0.1516944186679585,-0.004608814352915839,23000,5756.56884800299
0.30466658438973576,0.16886370788550753,-0.023701985261486213,15000,10124.162225871132
0.06045829535513537,0.1554107204915783,-0.021771401093864783,25000,3721.496251044161
0.07823302695080049,0.1670497845353564,-0.014638095759611069,12000,13439.594459895283
0.1589499598856141,0.15748012090045105,-0.010846057148710194,25000,12625.18983357999
0.16426813223584644,0.1731356665438953,-0.01396324266815238,10000,10868.15254697223
0.07823302695080049,0.16402434626707094,-0.013641779459966802,20000,9968.772979815913
0.0567270438764676,0.15412736498523813,-0.001147666696725743,15000,12472.89232435155
0.3965352901233879,0.1622042818924328,-0.006594797768525944,8000,8054.929374637141
0.16426813223584644,0.15765105152038003,-0.007033613165588738,7000,1932.7685273621282
0.4722332058040905,0.15302022542784555,-0.00938807425540743,10000,2641.9358544440147
0.0567270438764676,0.15595135924935552,-0.015287299376609184,8000,9208.354043041478
0.03096723983469186,0.1577630649471421,-0.007966929565957135,15000,11428.776259500675
0.1589499598856141,0.14666399163806904,0.008452092488321402,25000,15674.647469510692
0.16426813223584644,0.1495917259954765,-0.005919672350211031,20000,12549.767112704283
0.030709161363584057,0.16098160142069645,-0.007086688643685063,6000,8094.365808845958
0.1589499598856141,0.13859891065222574,-0.00915990965732284,22000,8044.38748849249
0.03096723983469186,0.1671464425567064,-0.010077364471938187,3000,1932.7685273621282
0.3198999136092226,0.17693850522700313,-0.008193175964657122,12000,5961.998200255187
0.1896930846842057,0.17466125539899974,-0.00765782538055833,4000,1932.7685273621282
0.1589499598856141,0.15437272993811474,-0.016017719352242717,20000,5961.998200255187
0.30466658438973576,0.17301781734990793,0.0033645521573061206,12000,8044.38748849249
0.1589499598856141,0.14427351287553744,-0.010661132652319842,10000,1388.161926428812
0.1896930846842057,0.15476460017192045,-0.012503771660618213,10000,8781.38100521925
0.06045829535513537,0.15814051757741437,0.00303074532250465,20000,11428.776259500675
0.06045829535513537,0.18141826414815623,-0.015522080136264087,12000,8094.365808845958
0.06045829535513537,0.16574181344497588,-0.01256975624980125,12000,8266.360338630808
0.4722332058040905,0.15982347902974248,-0.01121720017253906,39000,9308.86605146799
0.1589499598856141,0.16023332433637857,-0.011205363827122845,8000,11428.776259500675
0.30466658438973576,0.17487793141383173,-0.006387826357052894,15000,6379.779727401703
0.07498632668291193,0.1523837942136229,-0.01718149289321318,7000,8371.635549928305
0.4722332058040905,0.14285335633295798,-0.01552506943267825,6000,13439.594459895283
0.3965352901233879,0.1745145015602184,-0.018407444712797746,23000,9568.06133278347
0.2764675808695338,0.16726804801116504,0.004951584346694503,5000,8298.692961111445
0.3965352901233879,0.17755387593197566,-0.01126109779057884,8000,9921.736099442112
0.2764675808695338,0.1605802840053106,-0.002230767337275199,7000,9921.736099442112
0.3198999136092226,0.16192748321836903,-0.019509500701173556,10000,6379.779727401703
0.030709161363584057,0.14053519956708987,-0.010784053908820607,25000,2955.6355296040556
0.030709161363584057,0.1765028615490451,-0.005883796232721882,25000,6490.025297937499
0.03096723983469186,0.17484382253945732,-0.0002566929294024967,15000,8867.27474861856
0.4722332058040905,0.16505734259434046,-0.015263976855107313,15000,2955.6355296040556
0.030709161363584057,0.1658306312740664,-0.005093961800123806,15000,2641.9358544440147
0.07498632668291193,0.16756616405614466,-0.01450318551649642,8000,15674.647469510692
0.3198999136092226,0.16933348796213818,-0.009332376593077181,25000,5961.998200255187
0.07823302695080049,0.15283230653993493,-0.00938184468602595,3000,9367.701460379212
0.16426813223584644,0.1415831243047207,-0.021382006198198394,15000,10868.15254697223
0.0567270438764676,0.16862200604590633,-0.015448771204691172,7000,9921.736099442112
0.06045829535513537,0.1505513576486354,-0.015523602591547291,10000,12549.767112704283
0.1896930846842057,0.1463490017045215,-0.007217235940537548,8000,11428.776259500675
0.0567270438764676,0.15886498146436437,-0.0015872623176219735,8000,14929.56671203167
0.3198999136092226,0.1593318463400462,-0.006763083448467481,8000,9568.06133278347
0.2764675808695338,0.16424908518113632,-0.011202288392267225,10000,8044.38748849249
0.2764675808695338,0.18189667070861681,-0.009032549369155546,28000,12308.705340727283
0.0567270438764676,0.1702358923179854,0.006962983521580855,8000,7818.674849699402
0.4722332058040905,0.18171337967233925,-0.0038003188033282746,25000,12625.18983357999
0.4722332058040905,0.16006717817207985,0.007913117252302832,10000,8266.360338630808
0.07498632668291193,0.15729032366638568,-0.010602305497890126,5000,14088.177761028734
0.30466658438973576,0.14923421414845478,-0.0045931714535461295,15000,13345.696517931832
0.07498632668291193,0.16891748815681806,-0.0025401088230946113,15000,9921.736099442112
0.30466658438973576,0.14873099104576776,0.00414457437955228,15000,11700.301792294806
0.3198999136092226,0.15611538224238952,-0.015656861918580706,20000,11700.301792294806
0.07498632668291193,0.13586544079573212,-0.012925488083423347,15000,8044.38748849249
0.30466658438973576,0.14888301191835476,-0.0022748697414676938,15000,9308.86605146799
0.1896930846842057,0.166386169482919,-0.016085096781890237,39000,6111.439449623881
0.07498632668291193,0.13340346979728654,-0.017853814668737866,10000,12472.89232435155
0.07823302695080049,0.179879631346356,-0.009481990828421593,4000,7818.674849699402
0.3965352901233879,0.1455374982115632,-0.007615310319611844,20000,7818.674849699402
0.16426813223584644,0.1775426511198829,-0.01323733772725002,3000,9921.736099442112
0.1896930846842057,0.171371085772825,0.006844752428938625,3000,12308.705340727283
0.30466658438973576,0.15225645618993588,-0.004659234220979657,15000,12990.003729794424
0.030709161363584057,0.14631691884862486,-0.004725441489055575,10000,3180.534231222965
0.16426813223584644,0.1365925248532896,-0.0018208323243633494,12000,1388.161926428812
0.4722332058040905,0.17227551613580636,-0.002764733514716567,15000,8054.929374637141
0.07823302695080049,0.16972248512267113,-0.00838187850182905,15000,5756.56884800299
0.3198999136092226,0.14771143301630266,-0.02378933293368062,10000,8371.635549928305
0.4722332058040905,0.14563245447086529,-0.011578625996810433,20000,12625.18983357999
0.06045829535513537,0.17584008831355274,-0.007958715337007014,15000,5961.998200255187
0.4722332058040905,0.15250353627515434,-0.009336424889443659,25000,15182.209441928107
0.1589499598856141,0.17363188577257702,-0.01014357983803226,15000,9357.594394504782
0.03096723983469186,0.15989117696440872,-0.006856365273673252,15000,1388.161926428812
0.03096723983469186,0.16960210616754767,-0.008192320372591986,5000,6111.439449623881
0.16426813223584644,0.15432288674575081,-0.0026707459563846646,20000,6379.779727401703
0.0567270438764676,0.14521847094279353,-0.007328498882472793,10000,6379.779727401703
0.07498632668291193,0.1462691602897527,-0.007048630793805257,3000,14929.56671203167
0.3198999136092226,0.15496802941873478,-0.019966751866460054,15000,3180.534231222965
0.0567270438764676,0.1441741932405242,-0.003290946325616684,10000,14088.177761028734
0.1896930846842057,0.16226698882656965,-0.010097361980677552,12000,18495.762853876247
0.16426813223584644,0.14404451099521676,-0.009510277669236027,12000,6379.779727401703
0.3198999136092226,0.15386108721332814,-0.010370000329421758,10000,9357.594394504782
0.1589499598856141,0.1375746365925361,-0.014638490164805385,39000,15182.209441928107
0.1896930846842057,0.1413248525100772,-0.011179400553528285,12000,10868.15254697223
0.07498632668291193,0.15191722899917381,-0.00497865025605914,3000,2641.9358544440147
0.1589499598856141,0.18243579723956282,-0.002180309782139008,20000,8298.692961111445
0.16426813223584644,0.170966355918789,-0.011732843139889154,4000,2955.6355296040556
0.3965352901233879,0.14770277602085344,-0.015330311331088097,3000,8980.724685620986
0.07498632668291193,0.14974467601728889,-0.01472618733080487,15000,1388.161926428812
0.06045829535513537,0.15877606785242318,0.003902505972334805,22000,14088.177761028734
0.3965352901233879,0.17060699453341568,-0.0032348174241406047,20000,8044.38748849249
0.3198999136092226,0.16310275233761543,0.0015737693061430007,8000,9568.06133278347
0.16426813223584644,0.15209559452518842,0.001057885484212132,15000,8044.38748849249
0.07498632668291193,0.1438886165997144,-0.003534282227522984,10000,11700.301792294806
0.1589499598856141,0.15116261411180285,-0.009241423535446908,7000,8094.365808845958
0.06045829535513537,0.17488007343287576,-0.004457239558292815,25000,14552.421047816675
0.1589499598856141,0.16647040114204953,0.006625435813461672,10000,5961.998200255187
0.03096723983469186,0.17036098277319203,-0.010046584778468324,39000,9367.701460379212
0.1589499598856141,0.16185164420783668,-0.02510689843948649,4000,15182.209441928107
0.1896930846842057,0.16718296275757094,-0.009718735190972154,22000,2149.416136534133
0.03096723983469186,0.17256154607239135,0.005823543590154504,22000,12990.003729794424
0.0567270438764676,0.16080873480830116,-0.01973237089506424,15000,3982.1550627694223
0.07498632668291193,0.14136617978834776,-0.015929244321543783,20000,10868.15254697223
0.3198999136092226,0.13533304837472016,-0.01613478374377262,3000,12625.18983357999
0.07823302695080049,0.16087029843334733,-0.0029041224515409733,3000,1932.7685273621282
0.2764675808695338,0.14013540991396595,-0.0034287102453733754,3000,9208.354043041478
0.1589499598856141,0.15029942298553906,-0.012960842606234285,10000,12472.89232435155
0.06045829535513537,0.1636733985119255,-0.011912292045074404,23000,14088.177761028734
0.30466658438973576,0.16625595290855752,-0.0003744917152019407,10000,9367.701460379212
0.030709161363584057,0.15864588088693962,-0.024981656005822504,25000,5852.089204350804
0.03096723983469186,0.16594185909443468,-0.004500738894272672,23000,14552.421047816675
0.07823302695080049,0.16593124062750889,-0.011068245463179064,39000,8980.724685620986
0.030709161363584057,0.18528767428289095,-0.02083303602025004,15000,13345.696517931832
0.3965352901233879,0.15384682392153184,-0.012737889545856996,25000,2955.6355296040556
0.1896930846842057,0.14901231550093794,-0.004014025460303404,39000,1388.161926428812
0.4722332058040905,0.15479751740489472,0.000848874377793241,10000,12625.18983357999
0.16426813223584644,0.15149362595082513,-0.012637583617727953,15000,9968.772979815913
0.30466658438973576,0.13777182487210088,-0.01601707171361256,22000,15182.209441928107
0.030709161363584057,0.17149355985967943,-0.007123759950070462,4000,9357.594394504782
0.07823302695080049,0.17388224494909507,-0.004716892169573284,15000,5756.56884800299
0.2764675808695338,0.14860190773779647,-0.011748682777824364,25000,10588.791757848958
0.3965352901233879,0.14621264069235657,-0.012145596974478711,3000,14088.177761028734
0.0567270438764676,0.15150039594370157,-0.011167990884958198,7000,14552.421047816675
0.16426813223584644,0.15507876487927025,-0.002905051065679885,15000,8266.360338630808
0.16426813223584644,0.17867582169249735,-0.011810117603075165,7000,14088.177761028734
0.0567270438764676,0.16035140606937331,-0.0024098642799341586,12000,3721.496251044161
0.07498632668291193,0.17757475032152883,-0.018699584962570428,5000,9367.701460379212
0.0567270438764676,0.16159316908511734,-0.023154627118321315,10000,8044.38748849249
0.07498632668291193,0.16283606193014188,-0.005095304681789855,4000,8266.360338630808
0.06045829535513537,0.16695290422070222,-0.008918676603805936,23000,14929.56671203167
0.3965352901233879,0.1555009487318577,-0.004411604931295866,5000,9968.772979815913
0.3198999136092226,0.15377517218984876,-0.003360962175573024,10000,9968.772979815913
0.3198999136092226,0.1631621089423471,-0.01060005274936332,15000,10588.791757848958
0.03096723983469186,0.1477484426489172,-0.006113226320554374,3000,12625.18983357999
0.1896930846842057,0.16806469740118285,-0.009823976627013334,8000,12472.89232435155
0.3198999136092226,0.15301081506165842,-0.005506433834031709,15000,9362.142291789198
0.03096723983469186,0.16291620184884834,-0.0036306391234055893,8000,9208.354043041478
0.1896930846842057,0.14742198462116923,-0.006317913817944568,22000,7903.372032495086
0.07498632668291193,0.16667349121779246,-0.012534428983458638,15000,14552.421047816675
0.4722332058040905,0.16207417587417505,-0.016537998350689687,39000,1932.7685273621282
0.030709161363584057,0.1590969576245094,-0.012977223330733322,8000,3982.1550627694223
0.16426813223584644,0.14322401248529165,-0.013320116030338313,25000,3721.496251044161
0.4722332058040905,0.14381299398585706,-0.00018167178121651796,20000,9367.701460379212
0.06045829535513537,0.14268843958502547,-0.008043094056350994,15000,6490.025297937499
0.30466658438973576,0.1647539260474628,0.00028360759657995515,20000,8867.27474861856
0.07498632668291193,0.14427852217600046,-0.0030434715567815365,7000,14088.177761028734
0.1896930846842057,0.14839681145632183,-0.008547396969578817,15000,9362.142291789198
0.07498632668291193,0.1707808162533779,-0.014835389461373895,8000,5961.998200255187
0.3965352901233879,0.13728650149682203,-0.010257636799741511,39000,1944.8338863255753
0.0567270438764676,0.15233122148050873,0.016779706336379936,23000,12308.705340727283
0.4722332058040905,0.15139647811552664,-0.008414238151032169,20000,14088.177761028734
0.1896930846842057,0.18469595532372268,-0.00499295451356376,5000,2149.416136534133
0.16426813223584644,0.17061321612885771,-0.009403834005968307,25000,9308.86605146799
0.3198999136092226,0.1518177965292182,-0.004933161816962894,3000,7903.372032495086
0.16426813223584644,0.17752372716327822,-0.01382645535892601,15000,9568.06133278347
0.16426813223584644,0.14167745664409098,-0.008809922536348236,15000,1388.161926428812
0.1896930846842057,0.1379247434077875,-0.014502667231898032,22000,15182.209441928107
0.1896930846842057,0.17155052686421285,-0.004062452199809339,8000,1944.8338863255753
0.16426813223584644,0.15530898292019713,-0.006376082885620986,25000,9815.38693042659
0.3965352901233879,0.16388616088186345,-0.011287372283025699,15000,12308.705340727283
0.03096723983469186,0.1718770838011116,-0.005582723668113588,20000,6029.591590125569
0.4722332058040905,0.1579830726445031,-0.013876989164482182,10000,1388.161926428812
0.1896930846842057,0.14992154005328703,-0.01764368658915725,23000,8054.929374637141
0.2764675808695338,0.16209591523282177,-0.008551171822986618,20000,8054.929374637141
0.3198999136092226,0.15269232068350083,-0.01386411903455687,15000,2149.416136534133
0.03096723983469186,0.16995783992924526,-0.006576507305233566,15000,1932.7685273621282
0.07823302695080049,0.15184483391665315,-0.004119684429685351,20000,10124.162225871132
0.03096723983469186,0.1359951814625405,-0.011673521206552517,12000,18495.762853876247
0.1896930846842057,0.16137876498168144,-0.0170100825762245,20000,6379.779727401703
0.3198999136092226,0.1439182560315414,-0.0040261667769453955,25000,5852.089204350804
0.3965352901233879,0.14751274953318966,-0.011998500802548474,28000,1932.7685273621282
0.4722332058040905,0.1528315940323548,-0.008316659567730646,12000,16949.69186366355
0.07498632668291193,0.1595961999539225,-0.012437150649312152,5000,1388.161926428812
0.30466658438973576,0.17035735268117502,0.0027395354858788528,20000,2955.6355296040556
0.03096723983469186,0.15462157612562089,-0.009450538550799963,3000,8298.692961111445
0.1896930846842057,0.1671860075806809,-0.014739409406296308,5000,3180.534231222965
0.07498632668291193,0.16519411334805653,-0.01343157902451835,12000,5852.089204350804
0.1589499598856141,0.1646742112209057,-0.007468530035982542,39000,8781.38100521925
0.1589499598856141,0.15443903199939285,-0.011240115242423056,10000,1944.8338863255753
0.30466658438973576,0.17061616614826497,-0.008238389739443281,10000,2641.9358544440147
0.30466658438973576,0.15521764323895298,-0.025461653021862287,12000,6111.439449623881
0.1896930846842057,0.16308982306076686,-0.027026497561273004,10000,9362.142291789198
0.16426813223584644,0.15647106129622934,-0.0015944045558212432,28000,6029.591590125569
0.30466658438973576,0.14106382809881268,-0.008776623162964922,22000,5756.56884800299
0.30466658438973576,0.15287736482263364,-0.010990285375261562,22000,15674.647469510692
0.1896930846842057,0.15319396091139148,-0.008866973754934938,10000,12549.767112704283
0.030709161363584057,0.16483411678211451,-0.008417917000752067,8000,10868.15254697223
0.16426813223584644,0.14702318805208747,0.0005911672822345994,3000,9357.594394504782
0.1589499598856141,0.15666618958232215,-0.0028869395647500044,4000,5852.089204350804
0.0567270438764676,0.15010634888149824,-0.007931983240911227,12000,7903.372032495086
0.1896930846842057,0.1409948787531726,-0.0072336559975189636,5000,3721.496251044161
0.030709161363584057,0.1412486723891228,-0.00592418573821539,15000,9308.86605146799
0.16426813223584644,0.14366637347860492,-0.00867939379898035,22000,8298.692961111445
0.06045829535513537,0.16405021952694193,-0.013344768783069174,8000,9308.86605146799
0.06045829535513537,0.14148278563143435,-0.014037178126925311,5000,5852.089204350804
0.06045829535513537,0.16159510896638435,-0.00489651595119564,6000,9208.354043041478
0.3198999136092226,0.17143723067063285,-0.009770944284401948,5000,8867.27474861856
0.07498632668291193,0.14106871644968877,-0.0072662486181324665,10000,7818.674849699402
0.30466658438973576,0.15549156459451666,-0.01380170924577113,5000,15182.209441928107
0.0567270438764676,0.15201765930249964,0.007412265089689293,22000,10588.791757848958
0.3965352901233879,0.18467524519543682,-0.004948085870691515,4000,9968.772979815913
0.4722332058040905,0.1559733280464605,0.0036147377968033245,10000,9308.86605146799
0.1589499598856141,0.1750383324338648,-0.013406194545542753,6000,8298.692961111445
0.07823302695080049,0.1458975428407228,-0.009056947705907224,3000,2149.416136534133
0.07823302695080049,0.15841982507540742,0.006464118733507869,25000,3982.1550627694223
0.30466658438973576,0.1720165768139919,-0.008341738502840463,23000,9367.701460379212
0.0567270438764676,0.1587729020839806,-0.010215835654459231,10000,12990.003729794424
0.07823302695080049,0.1643510579543436,-0.015682118598642984,25000,7903.372032495086
0.1589499598856141,0.13767957592429164,-0.007843468958643754,25000,5961.998200255187
0.4722332058040905,0.1674869570803476,-0.010345786560247965,3000,9208.354043041478
0.0567270438764676,0.1835313501093002,-0.021259576497209696,12000,8094.365808845958
0.06045829535513537,0.17010117679613068,-0.0012529537139122726,22000,4635.668443078176
0.4722332058040905,0.1469055642484991,-0.00047815072067170335,5000,8266.360338630808
0.07498632668291193,0.1754333976607254,-0.018543803659045597,15000,8781.38100521925
0.3965352901233879,0.16140209701791491,0.005682046280934888,25000,3721.496251044161
0.3198999136092226,0.15560100154148537,0.00012613139212807765,20000,9208.354043041478
0.3198999136092226,0.1358849613887174,-0.007585706425514172,4000,10124.162225871132
0.3198999136092226,0.1560926468472706,-0.007673989830727825,7000,9968.772979815913
0.4722332058040905,0.15852409570660725,-0.023692206148326286,22000,9357.594394504782
0.1589499598856141,0.1741889927097716,-0.0012988520120967117,5000,2149.416136534133
0.07823302695080049,0.15324671744874932,-0.009550730087047423,20000,6111.439449623881
0.2764675808695338,0.13856271604442116,-0.0065431449540231884,5000,9968.772979815913
0.16426813223584644,0.16473023720572494,0.005375875999787087,10000,15674.647469510692
0.3198999136092226,0.16922723823719416,-0.014844997581002405,25000,9921.736099442112
0.1589499598856141,0.17908346129865835,-0.020985454900394974,8000,7903.372032495086
0.30466658438973576,0.18544884692643943,-0.008342442920394514,22000,7903.372032495086
0.30466658438973576,0.15957480001847796,-0.003885540755735966,22000,8266.360338630808
0.3198999136092226,0.16117468818433067,-0.011908238947699752,25000,4635.668443078176
0.2764675808695338,0.16548946780329254,-0.0072305515260100055,25000,14929.56671203167
0.1896930846842057,0.1588233529819425,-0.010202428896290736,22000,8298.692961111445
0.07498632668291193,0.14984651609709976,-0.005556859640835605,12000,10868.15254697223
0.2764675808695338,0.16305956194772459,-0.004580423984041548,8000,9208.354043041478
0.2764675808695338,0.1615938778555711,0.004077768649454993,15000,7818.674849699402
0.4722332058040905,0.1372081373144149,-0.0059249430766530106,5000,6379.779727401703
0.4722332058040905,0.15615521366504395,-0.0003715056764109703,5000,15674.647469510692
0.2764675808695338,0.17544543318752026,0.00045056700467211233,8000,18495.762853876247
0.0567270438764676,0.16866138188477287,-0.014314965864681508,10000,10868.15254697223
0.07823302695080049,0.16765964429460736,-0.007688873966518413,39000,8980.724685620986
0.30466658438973576,0.15330364223906784,-0.013172192746949975,10000,8298.692961111445
0.03096723983469186,0.16157841257736782,-0.005645683782105487,25000,9367.701460379212
0.07498632668291193,0.1700465486349976,-0.01643081449860325,28000,10868.15254697223
0.0567270438764676,0.15717124508793473,-0.0120710110427912,20000,1932.7685273621282
0.03096723983469186,0.15727686778307134,-0.004093677395391644,20000,6490.025297937499
0.1589499598856141,0.14557185465235448,-0.004887252309643458,10000,2955.6355296040556
0.4722332058040905,0.17433160728571556,-0.027423713546677185,28000,7903.372032495086
0.030709161363584057,0.16435964940266473,-0.010074082851335237,5000,9208.354043041478
0.1589499598856141,0.1363774632252662,-0.004774567741594864,12000,8044.38748849249
0.4722332058040905,0.16069524194643714,-0.01143657439807797,15000,8266.360338630808
0.4722332058040905,0.14375741998024186,0.0017802744598807525,15000,8298.692961111445
0.07498632668291193,0.1574079275211621,-0.009015717172918193,12000,7903.372032495086
0.3198999136092226,0.16569035875828153,-0.00524188070504098,8000,1932.7685273621282
0.07823302695080049,0.15884884880595077,-0.02653918763664145,25000,9357.594394504782
0.1589499598856141,0.175236441830164,-0.009623665354993163,15000,14552.421047816675
0.03096723983469186,0.1470858748880163,0.008673857609062353,25000,9921.736099442112
0.030709161363584057,0.14314893309234844,-0.008497923355522321,3000,8266.360338630808
0.3965352901233879,0.17675409010207158,-0.013606903620953027,10000,6490.025297937499
0.3198999136092226,0.16247077221678993,-0.008958850065015194,25000,3721.496251044161
0.06045829535513537,0.15437649922724928,-0.011833162520659352,10000,12472.89232435155
0.03096723983469186,0.16394952398603843,-0.003271572760639635,5000,13439.594459895283
0.4722332058040905,0.163051902932664,-0.013590132892704788,8000,6029.591590125569
0.1896930846842057,0.1673373602748515,-0.00768334770978563,4000,18495.762853876247
0.07498632668291193,0.15087370551407095,-0.016421866573401715,22000,8371.635549928305
0.030709161363584057,0.16300702528949884,-0.009385446457947822,10000,8781.38100521925
0.1589499598856141,0.17710178725948447,-0.008227076329157037,28000,1388.161926428812
0.3198999136092226,0.1654641012128293,0.0011262208077941704,28000,14088.177761028734
0.03096723983469186,0.15253045910723442,-0.011004576952384954,6000,12625.18983357999
0.07823302695080049,0.157641708690352,-0.018382767572701415,28000,10124.162225871132
0.1896930846842057,0.17128189237039415,-0.01746213305122931,10000,9367.701460379212
0.1896930846842057,0.1703252300887193,-0.01906424659663106,3000,9968.772979815913
0.16426813223584644,0.1600571954606037,-0.007277726984742597,8000,10124.162225871132
0.16426813223584644,0.15478514006481725,-0.010446741383170907,7000,10868.15254697223
0.07498632668291193,0.16860937827181524,-0.008398824813893736,10000,4635.668443078176
0.2764675808695338,0.15913092785202454,0.00046258483529299876,5000,9815.38693042659
0.30466658438973576,0.16895805249075313,-0.008167924777957703,3000,4635.668443078176
0.4722332058040905,0.15335601197567292,-0.005269788257752402,7000,2641.9358544440147
0.06045829535513537,0.15287127464865205,-0.002647271437961462,25000,8298.692961111445
0.07823302695080049,0.16047172025062362,-0.012318411682560456,3000,12549.767112704283
0.2764675808695338,0.1448251633589344,-0.008365660682183033,10000,1944.8338863255753
0.06045829535513537,0.16411614940020922,-0.001304574378131734,12000,14552.421047816675
0.30466658438973576,0.13890723194462065,-0.01035775867289502,20000,8298.692961111445
0.1896930846842057,0.15830310547500337,-0.014233174295710183,3000,9568.06133278347
0.0567270438764676,0.17014690677908437,-0.006784962239905007,20000,15182.209441928107
0.2764675808695338,0.1639015035567843,-0.003065417812253292,12000,8867.27474861856
0.030709161363584057,0.15989464885865817,-0.012178856580239147,10000,12308.705340727283
0.1589499598856141,0.1407573373451848,-0.00014030631092804338,10000,9357.594394504782
0.1896930846842057,0.16603763128941676,-0.016350151151487753,10000,8298.692961111445
0.0567270438764676,0.15029943285744865,-0.01047264225077539,25000,13439.594459895283
0.3198999136092226,0.15665273082986178,-0.012261197009839004,25000,8867.27474861856
0.1896930846842057,0.15412268673997692,-0.010430723253756095,10000,9815.38693042659
0.030709161363584057,0.14230599468081304,-0.0052418741657920594,5000,14088.177761028734
0.2764675808695338,0.13995949630664237,-0.022685873007470433,20000,11700.301792294806
0.4722332058040905,0.17235058919168142,-0.005996664927777826,5000,10868.15254697223
0.03096723983469186,0.14458506068566637,-0.02097312080932379,28000,16949.69186366355
0.16426813223584644,0.18466336813686432,-0.004425279908444684,22000,2641.9358544440147
0.16426813223584644,0.1719290913987805,-0.010513325162198306,8000,11700.301792294806
0.07823302695080049,0.17060772628572213,-0.011107160877962973,25000,10868.15254697223
0.1589499598856141,0.1737743700056813,-0.018471629152132144,8000,1388.161926428812
0.4722332058040905,0.14271923544141263,-0.0162054849809548,8000,11700.301792294806
0.2764675808695338,0.14563059779400928,-0.01281835194876479,5000,9357.594394504782
0.07498632668291193,0.16192122724905678,-0.004538725133683729,23000,2641.9358544440147
0.3198999136092226,0.14708928954466818,-0.012913456642164355,22000,9357.594394504782
0.07498632668291193,0.17323816184989665,-0.01613777749564604,10000,10124.162225871132
0.1589499598856141,0.1572932377616202,0.0041385511960625055,25000,14929.56671203167
0.06045829535513537,0.1449210111468073,0.007327254065646695,22000,6490.025297937499
0.1589499598856141,0.1565400816095902,-0.007383234313994284,3000,10124.162225871132
0.4722332058040905,0.15054656631308933,-0.008131768129484285,4000,14088.177761028734
0.3965352901233879,0.1499563308567288,-0.03426958091755751,15000,8867.27474861856
0.2764675808695338,0.18032986853735625,-0.010046147678097188,7000,8054.929374637141
0.07498632668291193,0.17049338256532987,-0.020841561471500143,8000,12990.003729794424
0.16426813223584644,0.1633297150777223,-0.015034655879378446,15000,12625.18983357999
0.1589499598856141,0.15963328688310727,0.008168918770327629,12000,11428.776259500675
0.30466658438973576,0.1620181061767811,-0.004868187193512442,3000,5756.56884800299
0.030709161363584057,0.15349855536083326,-0.021807201731611565,39000,3982.1550627694223
0.4722332058040905,0.1672794067019615,-0.005562361669021763,15000,8044.38748849249
0.4722332058040905,0.16633290965988326,-0.020134171585144498,28000,18495.762853876247
0.1896930846842057,0.16702306829855018,-0.01667047030387015,12000,14088.177761028734
0.07823302695080049,0.14672167470676703,-0.018339728652887424,28000,12549.767112704283
0.07498632668291193,0.14714208642324908,-0.01945769254827042,23000,9815.38693042659
0.3965352901233879,0.14361205883886743,-0.008609623483836907,20000,1388.161926428812
0.4722332058040905,0.15856781339767545,-0.0061534659909285,10000,6490.025297937499
0.07823302695080049,0.13754074539139596,-0.010545709310586189,10000,12549.767112704283
0.06045829535513537,0.16578453297184423,-0.011045734423057224,5000,8266.360338630808
0.4722332058040905,0.1503853159976125,0.0010363846177792052,39000,10124.162225871132
0.3965352901233879,0.15944566423313944,-0.012301897228067986,12000,5756.56884800299
0.4722332058040905,0.14391361769089542,-0.0077894161958237665,5000,12990.003729794424
0.4722332058040905,0.16336371080634135,-0.01846036197552777,6000,9568.06133278347
0.3198999136092226,0.1745586388879738,-0.014844421699388394,8000,12308.705340727283
0.4722332058040905,0.160494984579478,-0.011773669403680818,15000,9921.736099442112
0.06045829535513537,0.15861044207628452,-0.002866059440704284,10000,2641.9358544440147
0.4722332058040905,0.14894230213614593,-0.008047174275662141,8000,13345.696517931832
0.3198999136092226,0.1455471433907963,0.0032795755469551043,15000,18495.762853876247
0.0567270438764676,0.16363589121897573,-0.0007153414334605188,3000,16949.69186366355
0.1896930846842057,0.15482382906370035,-0.01552238813258113,12000,14929.56671203167
0.0567270438764676,0.17461409557624952,-0.012315602240665788,3000,9921.736099442112
0.2764675808695338,0.1613690462723056,-0.008914563852811492,20000,8094.365808845958
0.03096723983469186,0.1514490063436927,0.006566403883604222,15000,9308.86605146799
0.07823302695080049,0.17850334653739264,-0.004121516508638388,15000,14929.56671203167
0.03096723983469186,0.14248991712920567,-0.021665579501906757,8000,6379.779727401703
0.1589499598856141,0.1836077617781446,-0.005167280558300932,10000,15674.647469510692
0.3965352901233879,0.1426732425578477,-0.0069475013147114115,5000,11428.776259500675
0.030709161363584057,0.18554020249579703,-0.02297219507619294,12000,1944.8338863255753
0.07823302695080049,0.1543355843740092,0.010473604021182192,10000,7818.674849699402
0.07498632668291193,0.13466717541784795,0.00788321224706921,6000,6490.025297937499
0.03096723983469186,0.16510312445506045,-0.010031687918986048,25000,1944.8338863255753
0.1589499598856141,0.15387978957967444,-0.004153384786265629,5000,6490.025297937499
0.06045829535513537,0.13486684946169156,-0.009804023717041378,39000,8094.365808845958
0.0567270438764676,0.17886460893515957,0.0075025531851344055,5000,15182.209441928107
0.0567270438764676,0.14196555535888106,-0.01543966816484935,15000,15674.647469510692
0.2764675808695338,0.16524845234260255,-0.0033579517063536575,6000,9357.594394504782
0.030709161363584057,0.17073516436407193,0.014431565998342324,20000,12472.89232435155
0.3965352901233879,0.15359064169691447,-0.014454516770753581,12000,12549.767112704283
0.07498632668291193,0.15763142827173873,-0.008221651610834423,22000,5961.998200255187
0.06045829535513537,0.16367402901184322,0.006236499579225976,25000,6490.025297937499
0.30466658438973576,0.15703542660020822,-0.0042528694493834465,10000,9308.86605146799
0.06045829535513537,0.15854174540851557,-0.00449858650411693,25000,8980.724685620986
0.3965352901233879,0.1701636253336142,-0.008728622845514417,25000,14088.177761028734
0.30466658438973576,0.15060868078206285,-0.014247992338690195,22000,8980.724685620986
0.4722332058040905,0.1513438008135384,-0.00479965256538819,39000,8781.38100521925
0.0567270438764676,0.13471823747610515,-0.008244080340193418,25000,5961.998200255187
0.30466658438973576,0.15949021134814054,-0.00534804937407364,4000,11700.301792294806
0.2764675808695338,0.14179593206514549,-0.018976171672848263,25000,8298.692961111445
0.03096723983469186,0.16054953782889966,-0.0151783303253214,25000,5756.56884800299
0.1589499598856141,0.1421516724337759,-0.004701836918120759,10000,8298.692961111445
0.30466658438973576,0.15998418046777638,-0.013678881877028313,10000,12472.89232435155
0.30466658438973576,0.171073088714324,0.0019347141540576405,12000,4635.668443078176
0.0567270438764676,0.158916194700367,0.0004887870395963892,20000,9968.772979815913
0.16426813223584644,0.1427127760363115,-0.0023153729711176472,8000,1932.7685273621282
0.07498632668291193,0.16209330014976642,-0.013761870352076933,8000,6490.025297937499
0.16426813223584644,0.14482049710355108,-0.0013058115490509308,15000,9362.142291789198
0.0567270438764676,0.1592013906127841,-0.005280859280188741,39000,5852.089204350804
0.1896930846842057,0.16972652986041817,0.0005531721947691037,25000,3721.496251044161
0.30466658438973576,0.15751981670129883,0.015351574608074193,10000,1944.8338863255753
0.2764675808695338,0.14695401412794917,-0.007676225940833598,12000,12625.18983357999
0.0567270438764676,0.15782929897050477,-0.0030109686145219187,25000,18495.762853876247
0.0567270438764676,0.15825425485334027,0.004254921758669824,20000,14552.421047816675
0.03096723983469186,0.1415416897849819,-0.015099354802579082,22000,16949.69186366355
0.16426813223584644,0.1852330149157928,-0.00793505457080738,39000,7903.372032495086
0.3965352901233879,0.1536594623867737,-0.020859839941203585,5000,10588.791757848958
0.0567270438764676,0.1508443311567445,-0.012367026035565158,25000,10588.791757848958
0.0567270438764676,0.13480603619591255,-0.015530610811326508,7000,3982.1550627694223
0.03096723983469186,0.16274140160739559,-0.014234819008459942,28000,6029.591590125569
0.4722332058040905,0.14793670648917695,0.0011327484022992968,12000,18495.762853876247
0.3965352901233879,0.18216016982920247,-0.01156668987802791,5000,6111.439449623881
0.1896930846842057,0.14592396847391434,-0.011855857750051334,12000,10868.15254697223
0.3965352901233879,0.16906073842533909,-0.015980781938909835,25000,9362.142291789198
0.07498632668291193,0.14800626509252585,0.0025033664873333416,7000,12472.89232435155
0.3965352901233879,0.16254406715839873,-0.014571216985212371,10000,12990.003729794424
0.1896930846842057,0.17316796184248717,0.0028575141424563,10000,15674.647469510692
0.030709161363584057,0.13450085862837521,-0.012755617812015006,20000,8266.360338630808
0.03096723983469186,0.16613139253735643,-0.010061926573776053,25000,1388.161926428812
0.4722332058040905,0.13644840088482937,0.005580561126604697,20000,12625.18983357999
0.2764675808695338,0.16742859256393838,-0.003912579205606802,39000,9362.142291789198
0.3965352901233879,0.15910253815756634,-0.012305346127243643,15000,8094.365808845958
0.1589499598856141,0.16026719674747253,-0.003099701583109969,15000,9968.772979815913
0.16426813223584644,0.16355017850062178,-0.004270108877663697,28000,9357.594394504782
0.07823302695080049,0.1648294596893368,0.0032811134995631825,10000,14088.177761028734
0.0567270438764676,0.1709942797922286,-0.011248672124411073,10000,12549.767112704283
0.03096723983469186,0.16348858356373705,-0.013343341973483898,10000,2955.6355296040556
0.07823302695080049,0.16388761613319772,-0.007290214506418278,15000,8044.38748849249
0.06045829535513537,0.15334720136350657,-0.006208686009749765,15000,15674.647469510692
0.3965352901233879,0.15242655334810562,-0.004918883329150992,3000,12625.18983357999
0.03096723983469186,0.14288460252692758,-0.00936326848381992,10000,8371.635549928305
0.030709161363584057,0.1732184816831058,-0.0024663811481547195,3000,5756.56884800299
0.4722332058040905,0.15694655100567068,-0.005969153191623265,22000,8266.360338630808
0.3198999136092226,0.1473208441858942,-0.009705211323286271,39000,8298.692961111445
0.0567270438764676,0.14630452710339034,-0.00018968796497603198,3000,8266.360338630808
0.1896930846842057,0.17617572950853463,-0.016355731044564503,39000,14088.177761028734
0.3198999136092226,0.14691327642704707,-0.0019889761293560267,15000,3721.496251044161
0.07823302695080049,0.18092566554580933,0.013469877449321647,23000,8781.38100521925
0.3965352901233879,0.1405937192789577,-0.004813165622841189,5000,12625.18983357999
0.16426813223584644,0.16331424705266118,-0.017424565202227127,25000,12625.18983357999
0.3965352901233879,0.16079524764383,-0.009073491891176838,7000,11428.776259500675
0.4722332058040905,0.16121187516979166,-0.0004692834689883337,28000,6029.591590125569
0.4722332058040905,0.15343476762753253,-0.014882704966089172,10000,8781.38100521925
0.16426813223584644,0.1400896101162063,-0.014455195725405136,4000,10588.791757848958
0.2764675808695338,0.1802913199574137,-0.01078030306825541,25000,10588.791757848958
0.3965352901233879,0.154203216175634,-0.005587366718783733,10000,2149.416136534133
0.1896930846842057,0.17633966207486554,-0.012235791991841632,23000,12625.18983357999
0.0567270438764676,0.1624688593178393,-0.018401029303641948,20000,14088.177761028734
0.4722332058040905,0.16211023046385573,-0.014578282092629817,25000,12308.705340727283
0.1896930846842057,0.1721114446109644,-0.010218351955735134,28000,11428.776259500675
0.3198999136092226,0.16817074610211197,0.0002192023246262491,7000,5852.089204350804
0.07498632668291193,0.14882296554713087,-0.0012771174480216098,39000,3180.534231222965
0.30466658438973576,0.1831815439531636,-0.018112671282159286,28000,9921.736099442112
0.1589499598856141,0.1482188269503895,-0.0031476392425038315,10000,8054.929374637141
0.03096723983469186,0.15885054593585732,0.0001985429722488966,23000,7903.372032495086
0.06045829535513537,0.15444494809497544,-0.012724645168317717,10000,8266.360338630808
0.03096723983469186,0.14363783130157468,-0.0009821681692688637,3000,9921.736099442112
0.0567270438764676,0.15313858535483965,-0.012829368846918585,20000,8054.929374637141
0.30466658438973576,0.18475586584269374,0.009585668491426334,20000,8867.27474861856
0.03096723983469186,0.16512912286881978,0.005431250415195376,20000,7903.372032495086
0.30466658438973576,0.17456581448134703,-0.003965593124178239,8000,12472.89232435155
0.07823302695080049,0.1521470288006047,-0.009404086252653746,25000,9921.736099442112
0.16426813223584644,0.15052655518478902,-0.003343444576594437,20000,9208.354043041478
0.03096723983469186,0.18088556349547563,-0.015516223759038978,3000,8266.360338630808
0.07823302695080049,0.1523534483460688,-0.00928830625766439,6000,2641.9358544440147
0.3965352901233879,0.1723866835905163,-0.0022441329950303574,10000,3180.534231222965
0.1896930846842057,0.14556383767886205,-0.008801291531181244,28000,9357.594394504782
0.1896930846842057,0.18028074644092743,-0.0003115483546825383,15000,9815.38693042659
0.07498632668291193,0.14151996821480972,-0.019823457469301944,15000,8054.929374637141
0.030709161363584057,0.1489207066158097,-0.010518527996804174,15000,10868.15254697223
0.030709161363584057,0.16236229393822293,-0.0018418026917501858,25000,9921.736099442112
0.0567270438764676,0.18376952983885483,-0.0026596217788810174,7000,12308.705340727283
0.030709161363584057,0.14920757759802078,-0.02036762978931535,10000,8298.692961111445
0.16426813223584644,0.16968404977432133,-0.009494056541447762,28000,13345.696517931832
0.1589499598856141,0.1514869862160283,0.0025825702095002476,25000,1388.161926428812
0.30466658438973576,0.16948507070655758,-0.01910187058891694,3000,12625.18983357999
0.1589499598856141,0.17102844608145618,-0.019030617666498228,12000,3721.496251044161
0.3965352901233879,0.15420157574379909,-0.008115690352900108,20000,9815.38693042659
0.2764675808695338,0.16186473557223754,-0.010628159082009087,25000,14088.177761028734
0.1896930846842057,0.17679815655880307,-0.011820399367776051,10000,2149.416136534133
0.07823302695080049,0.18118983729032428,-0.011506257035815176,3000,16949.69186366355
0.030709161363584057,0.16981105672734348,-0.007240274406295506,15000,7818.674849699402
0.03096723983469186,0.15136239334082657,-0.011241949106492212,8000,13345.696517931832
0.2764675808695338,0.16117521421918088,-0.0015338568265889961,8000,5852.089204350804
0.030709161363584057,0.15966717626036103,-0.017314578842713788,12000,8867.27474861856
0.03096723983469186,0.14278475094020845,-0.011128219158687534,20000,8266.360338630808
0.3198999136092226,0.14487369508331155,-0.01548806984554201,12000,6379.779727401703
0.3198999136092226,0.152405500990889,-0.016731723309525656,4000,8298.692961111445
0.3965352901233879,0.15381932265021142,-0.013042384557129402,15000,7903.372032495086
0.2764675808695338,0.15569063040007336,-0.0007242303813384093,15000,12472.89232435155
0.07498632668291193,0.1429285927219896,-0.004058250986516402,5000,8371.635549928305
0.3965352901233879,0.17253418076646584,-0.01699519043825285,5000,12308.705340727283
0.1589499598856141,0.16016363341887907,-0.009726397046517949,10000,4635.668443078176
0.4722332058040905,0.15078841595342388,-0.007860714963128531,20000,9968.772979815913
0.30466658438973576,0.1518970975219153,-0.0029977671020144543,8000,14929.56671203167
0.03096723983469186,0.16034165151467292,-0.007440559144685531,10000,1944.8338863255753
0.07823302695080049,0.1409471281093453,-0.011412258985902332,10000,5756.56884800299
0.03096723983469186,0.14903760954081646,0.009931631293724583,10000,12472.89232435155
0.2764675808695338,0.1447869667142588,-0.01096469595014008,25000,3721.496251044161
0.06045829535513537,0.16867303677953263,-0.00885903758237829,4000,5852.089204350804
0.3965352901233879,0.16695536545938167,-0.011046292497452712,25000,1944.8338863255753
0.07498632668291193,0.16973207597823659,-0.013572833621714244,12000,8781.38100521925
0.03096723983469186,0.1402611693580633,-0.010207325760156821,4000,9815.38693042659
0.03096723983469186,0.15478634191340418,-0.019456478158751744,15000,8298.692961111445
0.06045829535513537,0.1635572417457703,-0.005630907443123533,10000,9921.736099442112
0.1589499598856141,0.1694504739049688,-0.02076557278440594,12000,6029.591590125569
0.30466658438973576,0.16223822650152378,-0.010313407242493557,5000,8867.27474861856
0.1589499598856141,0.15569051357197508,0.00047317801805790526,5000,12308.705340727283
0.06045829535513537,0.13886011735552056,-0.011151303676072182,7000,1944.8338863255753
0.07823302695080049,0.1665943440464017,-0.007137650133752428,15000,10868.15254697223
0.03096723983469186,0.15426893822139068,-0.018078440825075943,8000,5961.998200255187
0.07498632668291193,0.1569822981657242,-0.014712345335148895,10000,11700.301792294806
0.0567270438764676,0.16589512965676384,0.0034733565841165966,23000,8980.724685620986
0.4722332058040905,0.16568346374087425,-0.006824776039097263,25000,6029.591590125569
0.030709161363584057,0.150199541580618,0.000567223722345244,7000,8867.27474861856
0.0567270438764676,0.15891797252381407,-0.005410456911090314,10000,9362.142291789198
0.03096723983469186,0.1523807824814452,0.005181973368384149,15000,3721.496251044161
0.4722332058040905,0.1664350835103461,-0.0030408443290426876,3000,12990.003729794424
0.16426813223584644,0.1643499240548459,-0.010825971656598299,10000,6111.439449623881
0.4722332058040905,0.17776276953218523,-0.007758242022128118,3000,14929.56671203167
0.07498632668291193,0.15046473173091882,-0.019598604524081492,25000,6490.025297937499
0.03096723983469186,0.17187683503189993,-0.026257224844190737,12000,12625.18983357999
0.0567270438764676,0.1658340792425399,-0.013614920356570573,25000,1388.161926428812
0.3198999136092226,0.16135294213387724,0.0062996935828872795,8000,5961.998200255187
0.30466658438973576,0.15381952759381956,-0.008823619059923028,12000,11700.301792294806
0.1896930846842057,0.16002591196260968,-0.017355575797804,5000,16949.69186366355
0.03096723983469186,0.14218957347162045,-0.0019083819236642696,15000,12549.767112704283
0.1896930846842057,0.1416536256414778,-0.0210930404109319,12000,8044.38748849249
0.2764675808695338,0.16181555164747033,-0.0127116338766782,10000,16949.69186366355
0.0567270438764676,0.1661356805449167,0.006891320927101554,7000,9815.38693042659
0.16426813223584644,0.17004908438887462,0.006173042514443263,28000,14552.421047816675
0.0567270438764676,0.16789654158172507,-0.010073775238837283,7000,14929.56671203167
0.030709161363584057,0.1652165081235002,-0.021583006296548635,20000,2641.9358544440147
0.07498632668291193,0.14912353964147929,-0.01116257578814397,10000,11428.776259500675
0.2764675808695338,0.14745878978867497,-0.005141058217098835,20000,9357.594394504782
0.1589499598856141,0.17339553357467233,-0.0003985591719945938,8000,16949.69186366355
0.3965352901233879,0.15184687651843512,0.0001760713713850655,25000,12625.18983357999
0.03096723983469186,0.13413390360762675,-0.00791331577319049,6000,1932.7685273621282
0.07498632668291193,0.17048881055939488,-0.013858113364086072,15000,12625.18983357999
0.1589499598856141,0.15511033438097716,-0.00477682902910825,10000,3982.1550627694223
0.2764675808695338,0.14977905832092092,-0.013494710816032682,20000,15182.209441928107
0.30466658438973576,0.14297948133581348,-0.015934945673387955,4000,14088.177761028734
0.03096723983469186,0.17155090243504034,-0.01062545870247883,39000,5852.089204350804
0.0567270438764676,0.16754623472626293,-0.007044257474236842,10000,4635.668443078176
0.1589499598856141,0.1335362751110395,0.008443094752377315,4000,9568.06133278347
0.07823302695080049,0.14617673366274508,-0.005150257404091169,7000,8094.365808845958
0.3965352901233879,0.1833307489668948,-0.012893092607323029,15000,7903.372032495086
0.0567270438764676,0.17299028215539083,-0.013529321867377746,10000,3982.1550627694223
0.16426813223584644,0.16347078043314892,-0.010636099381617201,12000,15674.647469510692
0.16426813223584644,0.18491703621579966,-0.00493568953496065,20000,14929.56671203167
0.07823302695080049,0.18052464429451126,-0.010083863150082464,15000,9208.354043041478
0.4722332058040905,0.15404252766074386,-0.017361427472410214,25000,3180.534231222965
0.4722332058040905,0.15490779645999836,-0.0025162709526567605,23000,4635.668443078176
0.030709161363584057,0.1561932874644349,-0.003788584879750519,10000,12472.89232435155
0.3965352901233879,0.17126337009464435,-0.007299005429882785,23000,6029.591590125569
0.2764675808695338,0.16148424678885534,-0.009669120792810163,25000,1932.7685273621282
0.06045829535513537,0.17201794024069858,0.0009996440989716395,25000,9921.736099442112
0.16426813223584644,0.17501430504098311,-0.0075370519293252464,12000,9367.701460379212
0.1589499598856141,0.1690535774906677,0.000296043966781844,20000,3721.496251044161
0.3965352901233879,0.15570433499889186,-0.01900280406899316,6000,11700.301792294806
0.1589499598856141,0.15387325599742738,-0.008676728120358825,3000,4635.668443078176
0.3198999136092226,0.16274669363118802,-0.0077597393519882795,39000,9362.142291789198
0.30466658438973576,0.1416310354642338,0.001984760453732438,12000,12990.003729794424
0.03096723983469186,0.14612107721482034,-0.00563446237634017,15000,9308.86605146799
0.03096723983469186,0.15010062529166593,0.0022461057394483107,25000,12549.767112704283
0.30466658438973576,0.15623197161548708,-0.0073514717367639485,12000,8044.38748849249
0.16426813223584644,0.1521166437170568,-0.008572224720098913,12000,5961.998200255187
0.2764675808695338,0.1680380292481331,-0.019630773224545713,7000,9357.594394504782
0.4722332058040905,0.1465573239892311,-0.01979818047547116,39000,1944.8338863255753
0.4722332058040905,0.1683355025064492,-0.0030245480512099874,25000,2955.6355296040556
0.03096723983469186,0.17153876828660647,-0.011482560678416834,22000,14929.56671203167
0.3198999136092226,0.17436616147726489,-0.009535031346497538,20000,3982.1550627694223
0.3965352901233879,0.1681310635899023,0.011522234088061307,6000,9357.594394504782
0.3198999136092226,0.15922343480487075,-0.008879740040788868,7000,12549.767112704283
0.3965352901233879,0.1546942064536077,0.012281347933736423,39000,2149.416136534133
0.1589499598856141,0.15048691125577832,-0.02285336115121791,15000,10868.15254697223
0.07823302695080049,0.1409581660049208,-0.00035060248447489725,20000,4635.668443078176
0.0567270438764676,0.16090451551273996,-0.003160242690190235,8000,11428.776259500675
0.06045829535513537,0.18416577198780365,0.003499873371534116,23000,6111.439449623881
0.0567270438764676,0.16354712297351648,-0.00754404038391613,20000,8781.38100521925
0.30466658438973576,0.1710845610870845,-0.02358777796111669,15000,7903.372032495086
0.0567270438764676,0.17071933201498465,-0.0175633042271516,22000,9921.736099442112
0.07823302695080049,0.13601465128039575,0.0017257444530340753,22000,10124.162225871132
0.030709161363584057,0.144656797508295,-0.013827367788664854,5000,10868.15254697223
0.30466658438973576,0.1362293185345947,-0.01401004786898762,12000,1388.161926428812
0.07823302695080049,0.13948187101647522,-0.002712816427137749,8000,10124.162225871132
0.2764675808695338,0.1386253941587588,-0.004607576468157989,10000,6490.025297937499
0.07498632668291193,0.13333918358391839,-0.00020714650851292845,6000,8094.365808845958
0.07823302695080049,0.1488627841329519,-0.018684290438710154,12000,8371.635549928305
0.1589499598856141,0.1840805785938736,-0.001464196583174246,3000,8298.692961111445
0.2764675808695338,0.17537379286089144,-0.012230095657574528,20000,6111.439449623881
0.030709161363584057,0.1599457561227524,-0.023952156280235604,5000,3982.1550627694223
0.07823302695080049,0.17023776870512097,-0.022941842582410867,22000,14929.56671203167
0.2764675808695338,0.17144464669640838,-0.013806354413257496,20000,18495.762853876247
0.06045829535513537,0.15283504034899484,0.00507868700483843,12000,8044.38748849249
0.16426813223584644,0.15155504441869708,-0.015028647698128672,20000,1932.7685273621282
0.07498632668291193,0.16972891534808815,-0.00399683557048372,15000,2955.6355296040556
0.06045829535513537,0.16143308215261967,0.003928630725499063,15000,6029.591590125569
0.03096723983469186,0.13765228263271678,-0.00936788237751205,22000,2149.416136534133
0.1896930846842057,0.16483435065823773,-0.0037355965992437005,7000,9308.86605146799
0.30466658438973576,0.1470663501817985,0.0012466094777243172,22000,2641.9358544440147
0.0567270438764676,0.1824320988645421,-0.003532997706558939,25000,15674.647469510692
0.030709161363584057,0.1342799194338981,-0.017751131108456056,15000,13439.594459895283
0.4722332058040905,0.16847027758434685,-0.006686011886363013,23000,1932.7685273621282
0.07498632668291193,0.15180339185868072,-0.022076345676162148,10000,5961.998200255187
0.3965352901233879,0.14291854652953803,-0.0007194342162666586,25000,13439.594459895283
0.06045829535513537,0.16647082949762432,-0.007335282231532274,3000,9357.594394504782
0.16426813223584644,0.15447433975969954,-0.010946444676260788,10000,12549.767112704283
0.1896930846842057,0.15356462776645913,-0.005304746372842464,20000,2149.416136534133
0.3965352901233879,0.14483106908948076,-0.004498064155407666,25000,8094.365808845958
0.2764675808695338,0.16803782094683034,-0.018346996884557668,23000,3721.496251044161
0.30466658438973576,0.15697332449431323,-0.003955241227249083,20000,16949.69186366355
0.4722332058040905,0.1603721863771998,-0.0011388491535681711,15000,6490.025297937499
0.07498632668291193,0.1588010150404948,-0.01601385278605929,10000,9208.354043041478
0.07823302695080049,0.15080486255486,-0.016551498594162627,10000,14552.421047816675
0.07823302695080049,0.17843370694503297,-0.012522357059869137,10000,7818.674849699402
0.1896930846842057,0.17388110099064677,-0.01128424166440603,6000,9208.354043041478
0.07498632668291193,0.17407182919076725,-0.014674702709777925,20000,8781.38100521925
0.1896930846842057,0.16185847727824382,-0.012008308367603512,23000,9367.701460379212
0.2764675808695338,0.1500052346607768,-0.017543974473145454,12000,9815.38693042659
0.16426813223584644,0.16853073038460994,-0.009417211760042574,20000,3180.534231222965
0.07823302695080049,0.1514665207521174,-0.0063617245885740645,15000,1944.8338863255753
0.3965352901233879,0.1584143105615463,-0.014659370570683675,22000,9815.38693042659
0.3198999136092226,0.16048687197436085,0.006540168280591911,25000,6111.439449623881
0.1896930846842057,0.14967729437731395,-0.017280182286398504,25000,5961.998200255187
0.07498632668291193,0.17108829398606396,-0.011152926519934585,7000,1388.161926428812
0.30466658438973576,0.15808912740014416,-0.003526399891215182,22000,16949.69186366355
0.2764675808695338,0.15951811340364735,-0.018517455656897424,10000,4635.668443078176
0.2764675808695338,0.14195895209879814,-0.02320349402341729,39000,8371.635549928305
0.1589499598856141,0.14790939501279463,-0.02109665614314808,4000,15182.209441928107
0.07498632668291193,0.16929402600525606,-0.018282733716313847,6000,13439.594459895283
0.2764675808695338,0.13452426175632878,-0.014282854603168721,20000,8266.360338630808
0.0567270438764676,0.17411808466723727,-0.021464836910036866,6000,5961.998200255187
0.2764675808695338,0.15683750164633523,-0.013443008981874375,6000,3180.534231222965
0.1589499598856141,0.15640914118868635,-0.010275505861032803,5000,6490.025297937499
0.2764675808695338,0.1585423927172893,-0.01252501584912619,3000,8044.38748849249
0.06045829535513537,0.16753269599436496,-0.023140333878727,6000,12549.767112704283
0.30466658438973576,0.17135751019460166,-0.018444934895068328,8000,11428.776259500675
0.07498632668291193,0.1764192132379087,-0.006772396139323879,22000,6379.779727401703
0.1589499598856141,0.15026596235760403,-0.01479088031104654,25000,12549.767112704283
0.030709161363584057,0.15378409122624087,-0.0256162323970712,5000,9208.354043041478
0.16426813223584644,0.1486036058198233,-0.004549387235759617,7000,10124.162225871132
0.07498632668291193,0.17206293332585965,-0.011730683238693949,8000,9815.38693042659
0.1896930846842057,0.18025136006680192,-0.00640006286921182,15000,11428.776259500675
0.07498632668291193,0.1623932917591056,-0.025702245910571752,25000,12472.89232435155
0.4722332058040905,0.1502113935122681,-0.004805135428940775,12000,1388.161926428812
0.03096723983469186,0.15946819129323228,-0.008410393889274725,10000,9208.354043041478
0.1589499598856141,0.1411080582950857,-0.005048728578241711,8000,9367.701460379212
0.0567270438764676,0.15421544033877682,-0.00041111362799388975,10000,8298.692961111445
0.030709161363584057,0.16006207080016724,0.004171200843859678,15000,6029.591590125569
0.2764675808695338,0.15639128011821335,-0.01176263123335469,25000,9308.86605146799
0.16426813223584644,0.14253909268143153,-0.025849248748626638,8000,9362.142291789198
0.030709161363584057,0.1578496065690898,-0.0014258819927251902,15000,9208.354043041478
0.07823302695080049,0.15744362530553402,-0.0093134216795137,6000,6379.779727401703
0.4722332058040905,0.1793811806493782,-0.013500354695607732,12000,12472.89232435155
0.03096723983469186,0.17316715686750128,-0.00840085195040788,4000,13439.594459895283
0.030709161363584057,0.1685007935749107,0.0011091773795011905,25000,8266.360338630808
0.30466658438973576,0.17349592073639508,-0.005538968689980597,22000,11700.301792294806
0.0567270438764676,0.1830550134840008,-0.0003970780904252947,25000,9208.354043041478
0.30466658438973576,0.177242473263686,-0.022298611687411613,5000,1944.8338863255753
0.30466658438973576,0.1613121504163883,0.0007788314624632177,3000,9367.701460379212
0.07823302695080049,0.15561883517397154,-0.007581408407826132,8000,8054.929374637141
0.06045829535513537,0.1428129140730687,-0.0035889781088991298,8000,16949.69186366355
0.16426813223584644,0.14977492961454372,-0.011959630720969045,12000,1932.7685273621282
0.07498632668291193,0.17042978817896606,-0.011934005511204729,3000,8094.365808845958
0.07498632668291193,0.14970070936138918,-0.0027517872703050426,7000,15182.209441928107
0.030709161363584057,0.1467467545996286,-0.00707869513035478,39000,9568.06133278347
0.1896930846842057,0.14970947814297653,-0.006044026477166959,10000,16949.69186366355
0.1589499598856141,0.14854975127302636,-0.012123314822678899,15000,3982.1550627694223
0.07498632668291193,0.15245925837334723,-0.01584006675353399,3000,8054.929374637141
0.07498632668291193,0.16038201258030438,-0.0023456285352273644,39000,14929.56671203167
0.16426813223584644,0.13727769544530966,-0.012136956343035401,5000,3721.496251044161
0.07823302695080049,0.15594162440911863,-0.004372408587444979,5000,12472.89232435155
0.03096723983469186,0.15530175719699432,-0.004127385844797585,15000,10588.791757848958
0.07823302695080049,0.15698986026493528,-0.009340520643981231,7000,8266.360338630808
0.30466658438973576,0.14012123597767437,-0.003374462943139474,22000,1944.8338863255753
0.4722332058040905,0.14535928270753257,0.008249938386418562,7000,16949.69186366355
0.3965352901233879,0.17110970671737522,0.005722538385501384,15000,9362.142291789198
0.06045829535513537,0.16180338419482798,-0.004802753634608554,25000,12990.003729794424
0.3965352901233879,0.1432834863332446,-0.011714451217196073,39000,8781.38100521925
0.06045829535513537,0.16062885488873496,-0.013327056469627922,23000,5852.089204350804
0.06045829535513537,0.14865302281841225,-0.0018378343517822214,12000,8980.724685620986
0.3965352901233879,0.15811507917958464,-0.00448775448099141,10000,9968.772979815913
0.30466658438973576,0.1832034323009355,-0.006243655507877743,22000,2641.9358544440147
0.030709161363584057,0.18374470075285823,-0.01654949594857738,8000,12549.767112704283
0.4722332058040905,0.13366152417586136,-0.014517855842317313,6000,10868.15254697223
0.2764675808695338,0.16648396917478142,-0.009651055973384602,15000,8054.929374637141
0.16426813223584644,0.14636781314334008,-0.00788793857032452,23000,15674.647469510692
0.16426813223584644,0.14827015205201644,0.004501612129516599,8000,1932.7685273621282
0.030709161363584057,0.16128049775543085,-0.0131167714280566,8000,9367.701460379212
0.07823302695080049,0.14885164048686297,-0.02650186238000796,15000,8298.692961111445
0.07498632668291193,0.17813586752433178,0.01353077264581603,15000,8094.365808845958
0.030709161363584057,0.15308289141310658,-0.004702633591821107,12000,9568.06133278347
0.1589499598856141,0.16130416569472986,-0.021100403098266083,20000,7818.674849699402
0.16426813223584644,0.17205189559167736,0.0026729733922378476,5000,7818.674849699402
0.03096723983469186,0.1703953868877818,-0.0053778242345809465,12000,11700.301792294806
0.030709161363584057,0.16229930635710046,-0.004137992819633622,4000,10868.15254697223
0.07498632668291193,0.13950212592517647,-0.007765789649173877,25000,7818.674849699402
0.07823302695080049,0.16363904263785303,-0.02142870639430065,10000,3982.1550627694223
0.03096723983469186,0.18035065798907302,-0.01835179863150587,20000,9362.142291789198
0.3198999136092226,0.18551198018393047,-0.010145613921286977,25000,3982.1550627694223
0.07823302695080049,0.15732167711780362,-0.014466860500266299,10000,12472.89232435155
0.07823302695080049,0.17051425560668682,-0.008847869695023094,10000,10868.15254697223
0.0567270438764676,0.1577274116113286,-0.001272437420167041,12000,8781.38100521925
0.06045829535513537,0.145949984475208,-0.006928540912595615,5000,13345.696517931832
0.07498632668291193,0.1616089599377382,-0.002328369921748167,25000,8266.360338630808
0.1589499598856141,0.14565797155687205,-0.012745308059020997,15000,9968.772979815913
0.030709161363584057,0.15395062968139353,-0.006061774040890756,5000,12549.767112704283
0.3198999136092226,0.15934069957441283,-0.018162312344929075,20000,15182.209441928107
0.07498632668291193,0.15472618010886244,-0.013568676499752526,10000,5961.998200255187
0.1896930846842057,0.1585763528917864,0.0010376139020026886,28000,11428.776259500675
0.3965352901233879,0.17028383787360993,-0.005024125556039753,10000,4635.668443078176
0.07823302695080049,0.16493129395513123,-0.0011238708295544767,10000,8781.38100521925
0.0567270438764676,0.16551670343361374,-0.01830635540280245,15000,1932.7685273621282
0.3198999136092226,0.17422063982620764,-0.005001967955102303,39000,9357.594394504782
0.2764675808695338,0.1715517480505495,-0.006146959745810408,20000,8867.27474861856
0.1896930846842057,0.163899851263906,-0.00497658293422339,10000,9568.06133278347
0.30466658438973576,0.14535796022229167,-0.013627019085299766,5000,6379.779727401703
0.06045829535513537,0.16724514482333483,-0.007953174101695482,39000,16949.69186366355
0.06045829535513537,0.14326025285351127,-0.011607962966279965,25000,14552.421047816675
0.03096723983469186,0.16974645062499474,-0.0100883769783971,39000,8781.38100521925
0.30466658438973576,0.170128179070292,-0.007657356058773896,20000,12625.18983357999
0.3965352901233879,0.17535818750731139,-0.005757765575001058,12000,7818.674849699402
0.1896930846842057,0.1639807013729205,-0.006378633556389483,4000,9968.772979815913
0.1589499598856141,0.17973960204849446,-0.017872850635463327,5000,2955.6355296040556
0.3965352901233879,0.15199449322073436,-0.001689111977168432,10000,12472.89232435155
0.30466658438973576,0.15105766881887459,-0.008679129474858297,23000,14552.421047816675
0.3198999136092226,0.1464756148435788,-0.022874828435868345,3000,1388.161926428812
0.4722332058040905,0.14620889876268062,-0.0016364788716995262,5000,6111.439449623881
0.16426813223584644,0.14510215015203418,0.0004588202235911999,4000,11428.776259500675
0.16426813223584644,0.16132005840509103,0.0038659201217726333,10000,12549.767112704283
0.07498632668291193,0.14161314969698757,0.0037346538734395556,25000,10124.162225871132
0.1896930846842057,0.15710964159032803,0.005558778248285817,6000,8054.929374637141
0.3965352901233879,0.1386173068288774,-0.025167500440209465,4000,9968.772979815913
0.3198999136092226,0.1724448424579781,0.0025546525722022367,6000,4635.668443078176
0.0567270438764676,0.15666952085754338,-0.017138911826903355,10000,14929.56671203167
0.1589499598856141,0.15804767567138406,-0.005666051649047226,25000,9308.86605146799
0.30466658438973576,0.15401346978001526,-0.007563694026475977,39000,9568.06133278347
0.07498632668291193,0.14041364107444068,-0.009577979025637002,15000,11428.776259500675
0.07498632668291193,0.1586375254886535,-0.009382546930690312,25000,8094.365808845958
0.16426813223584644,0.1656416436202988,-0.013077772043956932,10000,10124.162225871132
0.30466658438973576,0.1629432353717832,-0.010312026988340751,10000,5961.998200255187
0.030709161363584057,0.1588075167915393,-0.025984215522056767,3000,15182.209441928107
0.0567270438764676,0.15950752198134868,-0.014069066390597698,8000,3982.1550627694223
0.07823302695080049,0.1694631128104927,-0.0011812290777514687,12000,13439.594459895283
0.07823302695080049,0.15682374786283287,-0.007816261239253712,8000,1944.8338863255753
0.2764675808695338,0.16930450887947476,-0.015438234767169589,4000,8054.929374637141
0.06045829535513537,0.1532817832708972,0.004983167240810924,10000,13345.696517931832
0.2764675808695338,0.1744098845190114,-0.017899444698472763,5000,9968.772979815913
0.3198999136092226,0.17426411075206377,-0.013285564836571298,22000,8980.724685620986
0.1589499598856141,0.15727934930647677,-0.01816199233031987,28000,7903.372032495086
0.0567270438764676,0.16849900224161543,-0.015403804215024122,7000,18495.762853876247
0.07498632668291193,0.1469173785348634,-0.012131691956934169,10000,9208.354043041478
0.07823302695080049,0.1409546332468433,-0.004361381069772923,20000,2149.416136534133
0.030709161363584057,0.176197940406323,-0.013460019271644646,7000,2641.9358544440147
0.2764675808695338,0.13654744811514646,-0.0055945147446652445,28000,9308.86605146799
0.06045829535513537,0.17350561548483168,-0.001318988561118099,10000,8094.365808845958
0.03096723983469186,0.14904722693937306,-0.018672078840832867,8000,9362.142291789198
0.03096723983469186,0.17106580425915882,-0.002211301221979436,4000,8044.38748849249
0.30466658438973576,0.1562567781557283,-0.0035094147565304596,22000,7818.674849699402
0.4722332058040905,0.1693299313551424,0.009945798220286673,3000,5961.998200255187
0.3965352901233879,0.17962820065378168,-0.01232958401255176,20000,2955.6355296040556
0.07498632668291193,0.16525670428646658,-0.0180212028439096,6000,7903.372032495086
0.07823302695080049,0.16896214276932758,-4.4126528904567005e-05,39000,4635.668443078176
0.030709161363584057,0.14438173958035264,-0.007314299286653836,22000,6490.025297937499
0.06045829535513537,0.15828090405819434,-0.014159958013478684,7000,14552.421047816675
0.06045829535513537,0.16986238951122187,-0.015067714538930379,5000,4635.668443078176
0.16426813223584644,0.155553083311605,-0.015679861149517787,6000,4635.668443078176
0.1589499598856141,0.16203353162373618,-0.011708121361697413,10000,9568.06133278347
0.030709161363584057,0.15164430710148674,-0.009940053623460775,7000,10124.162225871132
0.07498632668291193,0.14741286596717912,-0.004724349405790604,5000,11428.776259500675
0.06045829535513537,0.17279404823574576,-0.00975754830486029,39000,12625.18983357999
0.03096723983469186,0.14144066779707698,-0.007221834804254055,10000,2955.6355296040556
0.07498632668291193,0.16003660225726807,-0.011753460121112006,10000,5961.998200255187
0.07498632668291193,0.16584171769540562,-0.015562403324610018,4000,8781.38100521925
0.4722332058040905,0.1497116816738033,-0.017745828061841967,12000,8371.635549928305
0.1589499598856141,0.1852859307826098,-0.013106464778762298,39000,15182.209441928107
0.1589499598856141,0.1526264991151169,-0.012766538815701837,7000,8094.365808845958
0.1589499598856141,0.15952860071759942,-0.00014016763033415617,39000,6379.779727401703
0.07498632668291193,0.15808064584928377,-0.014792239509065658,10000,15674.647469510692
0.3965352901233879,0.1710727977280159,-0.02055860046983471,8000,14088.177761028734
0.030709161363584057,0.1632564933587482,-0.004610225957430811,8000,6111.439449623881
0.030709161363584057,0.16327459246841144,-0.01334176052046316,10000,11700.301792294806
0.06045829535513537,0.15490725888486298,0.0017666880840519596,5000,2955.6355296040556
0.16426813223584644,0.17755692166507236,-0.010290545966742283,10000,9308.86605146799
0.1896930846842057,0.15626529012726642,-0.00155797978516154,23000,8094.365808845958
0.30466658438973576,0.14946647481448647,-0.013927309701146539,28000,13345.696517931832
0.4722332058040905,0.15857147848457204,-0.006947608529362675,25000,10124.162225871132
0.07498632668291193,0.16071920177534488,0.004086064295369163,15000,1388.161926428812
0.16426813223584644,0.14711347242265282,-0.008822913964722272,39000,9568.06133278347
0.1589499598856141,0.1572969283580923,-0.0006989999472615366,12000,18495.762853876247
0.03096723983469186,0.16113192385487538,0.0016826736452266063,20000,4635.668443078176
0.030709161363584057,0.17403985687057297,-0.014563351500214004,15000,7903.372032495086
0.030709161363584057,0.15948112533292028,-0.0097971509439961,25000,6029.591590125569
0.1589499598856141,0.16509240942350065,-0.0012018638739565786,25000,8266.360338630808
0.07823302695080049,0.1474105323963731,-0.012622785471238525,15000,11428.776259500675
0.07498632668291193,0.16735801353030935,-0.02039077157538919,6000,13439.594459895283
0.0567270438764676,0.16158557155623202,0.001591796375729622,3000,9815.38693042659
0.06045829535513537,0.15467195216117824,3.975261446880663e-06,23000,9568.06133278347
0.16426813223584644,0.14342098751798388,-0.014206570763303757,15000,14929.56671203167
0.03096723983469186,0.15817463179844574,-0.014455219731111201,7000,12990.003729794424
0.30466658438973576,0.15267759589831,-0.014965896488115193,15000,3180.534231222965
0.030709161363584057,0.14606982395901086,0.005354348630680908,25000,12549.767112704283
0.3198999136092226,0.15836920854562492,-0.010080907294645742,20000,2149.416136534133
0.3965352901233879,0.15472121597060534,-0.016611335323019314,4000,5852.089204350804
0.16426813223584644,0.1560816967409909,-0.0013466961345541756,7000,9367.701460379212
0.07498632668291193,0.1498718738111283,-0.012472812996586586,10000,9208.354043041478
0.07823302695080049,0.14418629657778492,-0.016832471006991846,6000,9921.736099442112
0.4722332058040905,0.15413221046323142,-0.014411077492358594,25000,9208.354043041478
0.30466658438973576,0.1495712848763922,-0.005914948473346318,23000,6111.439449623881
0.06045829535513537,0.17224441494118364,-0.006235184685248728,8000,11700.301792294806
0.16426813223584644,0.16678820194578461,0.0013172631111023753,5000,9921.736099442112
0.06045829535513537,0.1572556090547077,-0.02119377826355196,10000,3721.496251044161
0.3965352901233879,0.15324110080495612,-0.013202272616731018,10000,15182.209441928107
0.1589499598856141,0.17222864757931683,-0.019608996967171482,39000,7903.372032495086
0.16426813223584644,0.1490281182072688,-0.014169222117739577,25000,6029.591590125569
0.1896930846842057,0.16610159957390108,-0.008258412628727257,20000,8781.38100521925
0.0567270438764676,0.15291759724282422,-0.0014425035038821586,5000,8298.692961111445
0.4722332058040905,0.14367725819454508,-0.007560909510852207,10000,8044.38748849249
0.3198999136092226,0.15848337956725297,-0.010806869356957642,5000,8094.365808845958
0.2764675808695338,0.13855694175439057,-0.008676285817438267,8000,8298.692961111445
0.07823302695080049,0.17068422731352262,0.0004905576702173334,10000,11428.776259500675
0.1896930846842057,0.1456902646986659,-0.029784336773067428,10000,8094.365808845958
0.16426813223584644,0.160959521509209,-0.008870451550730024,7000,15182.209441928107
0.16426813223584644,0.1660020552781895,-0.01852763334775742,3000,9362.142291789198
0.2764675808695338,0.14919298773330833,-0.011726389800497044,6000,2641.9358544440147
0.06045829535513537,0.16058256785860336,-0.010299853800577427,10000,12990.003729794424
0.3965352901233879,0.15718404564757188,-0.0013029108119297827,3000,11428.776259500675
0.0567270438764676,0.14069977732883218,-0.016053740282011685,15000,5852.089204350804
0.4722332058040905,0.13647855280593574,-0.0056732693362844646,8000,9367.701460379212
0.0567270438764676,0.1808480875994786,-0.008419386871433265,15000,15674.647469510692
0.4722332058040905,0.14477647653849293,-0.013457367200025692,15000,4635.668443078176
0.16426813223584644,0.15086264943075584,-0.013175065669223279,8000,7818.674849699402
0.3965352901233879,0.14679843967079834,-0.013150975251650626,3000,8094.365808845958
0.07823302695080049,0.15311887874562075,-0.023175782427842767,12000,2641.9358544440147
0.3965352901233879,0.13822650725450517,-0.0119101535223934,8000,9367.701460379212
0.3198999136092226,0.1697758367248155,-0.015463960123549714,10000,4635.668443078176
0.3965352901233879,0.17436020767087237,-0.011508534529368838,10000,15674.647469510692
0.2764675808695338,0.1680465454925704,-0.01983673384185585,25000,9357.594394504782
0.07498632668291193,0.15992836508229433,-0.008808116723953943,12000,8980.724685620986
0.07823302695080049,0.14433420928262888,-0.007976447762761824,5000,9362.142291789198
0.07498632668291193,0.1599899177402619,-0.02394808391174235,10000,8781.38100521925
0.03096723983469186,0.13528021614960653,-0.020375940363867803,12000,6111.439449623881
0.16426813223584644,0.16127229026256334,0.0023499827824186984,15000,2955.6355296040556
0.30466658438973576,0.16945671127165926,-0.029076905289820543,28000,7903.372032495086
0.1589499598856141,0.1472436092731214,-0.012215887821880454,5000,12472.89232435155
0.3965352901233879,0.15323872827915413,-0.0094039568878899,25000,14929.56671203167
0.30466658438973576,0.17224462186927292,-0.016155514451430666,4000,1944.8338863255753
0.07498632668291193,0.17343712051366056,0.0030444950666431644,8000,6111.439449623881
0.07823302695080049,0.17162078988083387,-0.013530545883681144,12000,8867.27474861856
0.16426813223584644,0.18169593340392387,-0.0060506935006648475,5000,11700.301792294806
0.1589499598856141,0.15943894193399474,-0.011343009245208558,5000,9815.38693042659
0.1589499598856141,0.15717024520055822,-0.011539975805422062,28000,1932.7685273621282
0.1896930846842057,0.16041293329864403,-0.007952630632438017,39000,6379.779727401703
0.1589499598856141,0.16197698564315113,-0.018173966519079238,12000,9208.354043041478
0.07823302695080049,0.1834462365124667,-0.0021456193228803627,25000,6111.439449623881
0.07823302695080049,0.1586218893806545,-0.004561102512632602,10000,15182.209441928107
0.30466658438973576,0.1574333893460205,-0.0032728636541297053,12000,11700.301792294806
0.07498632668291193,0.17241186081584278,-0.02133232633432252,6000,14552.421047816675
0.1589499598856141,0.15070895202495915,-0.013707177619136502,8000,8867.27474861856
0.16426813223584644,0.1600870997691831,0.0025053124679253742,10000,2641.9358544440147
0.16426813223584644,0.1787925220543163,-0.006285300263823109,20000,5852.089204350804
0.2764675808695338,0.16819847450479605,-0.01434777127073547,10000,1944.8338863255753
0.1589499598856141,0.13510684590515035,-0.005704374694882929,10000,6379.779727401703
0.07498632668291193,0.1501975124836335,-0.025150012301452473,10000,10588.791757848958
0.0567270438764676,0.1695768179897353,-0.0065926632279181925,25000,2955.6355296040556
0.030709161363584057,0.1583936310123529,-0.0024068636778525683,5000,9367.701460379212
0.2764675808695338,0.15489172221497147,-0.009568983807673303,15000,6490.025297937499
0.3965352901233879,0.16521912422602297,-0.007139958247929382,10000,18495.762853876247
0.1896930846842057,0.16083235344537186,-0.004351947399534458,4000,9308.86605146799
0.06045829535513537,0.15155791139344885,-0.01280910349235502,25000,9367.701460379212
0.0567270438764676,0.15019319575325582,-0.021887804445752314,25000,12308.705340727283
0.03096723983469186,0.15619845039313307,0.003617270629958802,5000,6029.591590125569
0.2764675808695338,0.13371433561758422,0.0067136607963534465,15000,9208.354043041478
0.3965352901233879,0.13730184720405866,-0.007542018034528928,15000,9815.38693042659
0.16426813223584644,0.1488834228245149,-0.007911333879908554,25000,8266.360338630808
0.03096723983469186,0.14132089426954497,-0.003972125010095918,5000,11700.301792294806
0.030709161363584057,0.15147021748264272,-0.011783240236782863,28000,18495.762853876247
0.03096723983469186,0.13769610088128903,-0.018385297641874937,7000,4635.668443078176
0.07823302695080049,0.15882063020857498,-0.01422655054953684,20000,9568.06133278347
0.2764675808695338,0.15041568047578452,-0.010822058737706213,25000,14088.177761028734
0.2764675808695338,0.1443989256948678,-0.002115283654485302,5000,3982.1550627694223
0.07823302695080049,0.17450692599676462,-0.00022619376978976228,15000,11700.301792294806
0.16426813223584644,0.1756051702452075,-0.01785586018744509,8000,8980.724685620986
0.06045829535513537,0.17522435528364566,-0.002686975073006925,12000,10588.791757848958
0.4722332058040905,0.15170015687375674,-0.000398607110193934,8000,9208.354043041478
0.2764675808695338,0.14692924631514123,0.005044186086701764,23000,2955.6355296040556
0.1896930846842057,0.15567999404364685,-0.002568227690907167,15000,3180.534231222965
0.3965352901233879,0.14173533769227542,-0.014177537840268175,20000,14552.421047816675
0.07823302695080049,0.15704148808069038,-0.009887477037329713,23000,9367.701460379212
0.4722332058040905,0.1594208779008912,0.010033844290898743,10000,6029.591590125569
0.0567270438764676,0.1529092029792652,-0.005894957027442419,39000,14552.421047816675
0.3198999136092226,0.14366617493009715,0.006036548777590587,7000,9968.772979815913
0.4722332058040905,0.15048589509435456,-0.026248193037746437,10000,9568.06133278347
0.1896930846842057,0.1577984197363054,-0.013034393986937006,12000,9367.701460379212
0.1896930846842057,0.1690197376817721,-0.004301323970924665,12000,12472.89232435155
0.16426813223584644,0.16166449310561692,-0.007719598958788555,5000,1944.8338863255753
0.07823302695080049,0.15847869904746484,-0.0024980577161557186,23000,9968.772979815913
0.4722332058040905,0.14522463753503972,-0.007287976466476023,10000,10868.15254697223
0.07823302695080049,0.1504484120046632,-0.018377123566012857,6000,12990.003729794424
0.3965352901233879,0.1499392795119351,-0.009274355530165536,3000,6379.779727401703
0.3965352901233879,0.1390656487049798,0.0028051771830089668,15000,9357.594394504782
0.07498632668291193,0.14588001852858962,-0.011853524482819464,15000,6029.591590125569
0.06045829535513537,0.16833377947975056,-0.02978663668981769,15000,6490.025297937499
0.1896930846842057,0.15068065044565146,-0.016653688892877428,3000,3721.496251044161
0.07498632668291193,0.16358002466399893,-0.004573153111731758,15000,16949.69186366355
0.30466658438973576,0.14781663226195552,-0.01559045446363085,8000,7818.674849699402
0.3198999136092226,0.1583664527084585,-0.0020126340640674485,6000,11428.776259500675
0.07823302695080049,0.17091041865507517,0.00375152131459503,28000,3180.534231222965
0.0567270438764676,0.1383087748733405,-0.00728930178047657,6000,9208.354043041478
0.30466658438973576,0.1480138880342301,0.0003020925117033328,15000,2641.9358544440147
0.06045829535513537,0.1455316765548203,-0.010697267214760135,15000,15182.209441928107
0.0567270438764676,0.13983741455015275,-0.00870845288812718,10000,9815.38693042659
0.4722332058040905,0.1329907511571542,-0.0012696850938181553,10000,16949.69186366355
0.30466658438973576,0.14984470110211107,-0.029519969066191434,3000,12549.767112704283
0.03096723983469186,0.15077107441396176,-0.004195731699410456,5000,10124.162225871132
0.3198999136092226,0.1658666324703618,-0.006424294982672609,12000,9357.594394504782
0.3965352901233879,0.16294712849956552,-0.007097133040691238,15000,12990.003729794424
0.0567270438764676,0.1553156701678423,-0.00714463461041327,10000,13439.594459895283
0.1896930846842057,0.1537821113960342,-0.0024347507325613266,20000,15182.209441928107
0.4722332058040905,0.1645721365581502,-0.019308696795811216,15000,8980.724685620986
0.03096723983469186,0.14776056100547422,-0.014500472410305755,10000,12625.18983357999
0.03096723983469186,0.16763261353684317,0.0020961513513222153,3000,2149.416136534133
0.07823302695080049,0.15867161034458904,-0.0010959531045771867,10000,8094.365808845958
0.4722332058040905,0.16276353184782297,-0.0188937943826343,5000,6490.025297937499
0.1589499598856141,0.18008145900179381,-0.011427568166975648,15000,8980.724685620986
0.3198999136092226,0.15257320427861812,0.004158160450677763,28000,1932.7685273621282
0.3965352901233879,0.14925002795411593,-0.01003832277259078,22000,8298.692961111445
0.1896930846842057,0.16509521769568375,-0.0006568034286666298,25000,11428.776259500675
0.30466658438973576,0.18418196399819275,-0.0118413015100905,6000,12308.705340727283
0.03096723983469186,0.14300529831036796,-0.011046553982327158,10000,6379.779727401703
0.07498632668291193,0.16515450902007603,-0.002373691018832465,12000,6379.779727401703
0.2764675808695338,0.14700838739973818,-0.005786034516898618,8000,11700.301792294806
0.2764675808695338,0.1432362641072829,-0.014567681535129535,10000,9208.354043041478
