BASE_DATE,CTNN_NM,C_RATE,NAT_NM,PRE_QTY,QTY,R_LEV,SEX_CD,SRT_NO
202101,대륙전체,-96.7,연도,501521.0,16511.0,1,남성,0
202101,대륙전체,-99.0,연도,691867.0,7009.0,1,여성,0
202101,대륙전체,-56.0,연도,79320.0,34877.0,1,승무원,0
202101,대륙전체,-95.4,연도,1272708.0,58397.0,1,전체,0
202101,아시아,-97.4,연도대륙,409437.0,10629.0,2,남성,0
202101,아시아,-99.5,연도대륙,616845.0,3111.0,2,여성,0
202101,아시아,-65.2,연도대륙,54947.0,19099.0,2,승무원,0
202101,아시아,-97.0,연도대륙,1081229.0,32839.0,2,전체,0
202101,아시아,-98.7,중국,179530.0,2405.0,3,남성,1
202101,아시아,-99.5,중국,289862.0,1421.0,3,여성,1
202101,아시아,-71.4,중국,12289.0,3520.0,3,승무원,1
202101,아시아,-98.5,중국,481681.0,7346.0,3,전체,1
202101,아시아,-98.7,일본,71921.0,951.0,3,남성,2
202101,아시아,-99.8,일본,129621.0,286.0,3,여성,2
202101,아시아,-97.4,일본,2427.0,62.0,3,승무원,2
202101,아시아,-99.4,일본,203969.0,1299.0,3,전체,2
202101,아시아,-99.8,대만,41404.0,67.0,3,남성,3
202101,아시아,-99.9,대만,68152.0,62.0,3,여성,3
202101,아시아,-84.5,대만,798.0,124.0,3,승무원,3
202101,아시아,-99.8,대만,110354.0,253.0,3,전체,3
202101,아시아,-99.9,홍콩,26637.0,14.0,3,남성,4
202101,아시아,-99.9,홍콩,39589.0,27.0,3,여성,4
202101,아시아,-97.3,홍콩,736.0,20.0,3,승무원,4
202101,아시아,-99.9,홍콩,66962.0,61.0,3,전체,4
202101,아시아,-100.0,마카오,2038.0,0.0,3,남성,5
202101,아시아,-100.0,마카오,3309.0,0.0,3,여성,5
202101,아시아,0.0,마카오,0.0,0.0,3,승무원,5
202101,아시아,-100.0,마카오,5347.0,0.0,3,전체,5
202101,아시아,-84.6,필리핀,10881.0,1680.0,3,남성,6
202101,아시아,-99.5,필리핀,8348.0,44.0,3,여성,6
202101,아시아,-44.5,필리핀,11473.0,6363.0,3,승무원,6
202101,아시아,-73.7,필리핀,30702.0,8087.0,3,전체,6
202101,아시아,-85.2,인도네시아,7728.0,1144.0,3,남성,7
202101,아시아,-99.1,인도네시아,8646.0,75.0,3,여성,7
202101,아시아,-35.7,인도네시아,3069.0,1974.0,3,승무원,7
202101,아시아,-83.6,인도네시아,19443.0,3193.0,3,전체,7
202101,아시아,-99.6,태국,11949.0,48.0,3,남성,8
202101,아시아,-99.5,태국,21142.0,103.0,3,여성,8
202101,아시아,-91.1,태국,5375.0,477.0,3,승무원,8
202101,아시아,-98.4,태국,38466.0,628.0,3,전체,8
202101,아시아,-96.7,베트남,11277.0,368.0,3,남성,9
202101,아시아,-97.9,베트남,13072.0,268.0,3,여성,9
202101,아시아,-93.6,베트남,5883.0,376.0,3,승무원,9
202101,아시아,-96.7,베트남,30232.0,1012.0,3,전체,9
202101,아시아,-79.7,인도,4807.0,975.0,3,남성,10
202101,아시아,-91.9,인도,928.0,75.0,3,여성,10
202101,아시아,-52.3,인도,3514.0,1675.0,3,승무원,10
202101,아시아,-70.5,인도,9249.0,2725.0,3,전체,10
202101,아시아,-99.6,말레이시아,11058.0,49.0,3,남성,11
202101,아시아,-99.9,말레이시아,14158.0,20.0,3,여성,11
202101,아시아,-92.8,말레이시아,2333.0,168.0,3,승무원,11
202101,아시아,-99.1,말레이시아,27549.0,237.0,3,전체,11
202101,아시아,-99.1,싱가포르,4454.0,38.0,3,남성,12
202101,아시아,-99.6,싱가포르,4993.0,19.0,3,여성,12
202101,아시아,-97.8,싱가포르,1291.0,29.0,3,승무원,12
202101,아시아,-99.2,싱가포르,10738.0,86.0,3,전체,12
202101,아시아,-99.1,몽골,5890.0,52.0,3,남성,13
202101,아시아,-99.0,몽골,6408.0,67.0,3,여성,13
202101,아시아,-100.0,몽골,25.0,0.0,3,승무원,13
202101,아시아,-99.0,몽골,12323.0,119.0,3,전체,13
202101,아시아,-94.5,우즈베키스탄,4095.0,227.0,3,남성,14
202101,아시아,-89.2,우즈베키스탄,1556.0,168.0,3,여성,14
202101,아시아,-100.0,우즈베키스탄,484.0,0.0,3,승무원,14
202101,아시아,-93.6,우즈베키스탄,6135.0,395.0,3,전체,14
202101,아시아,-39.2,미얀마,2675.0,1627.0,3,남성,15
202101,아시아,-90.0,미얀마,300.0,30.0,3,여성,15
202101,아시아,34.1,미얀마,2679.0,3592.0,3,승무원,15
202101,아시아,-7.2,미얀마,5654.0,5249.0,3,전체,15
202101,아시아,-96.8,GCC,1154.0,37.0,3,남성,16
202101,아시아,-96.9,GCC,962.0,30.0,3,여성,16
202101,아시아,-16.7,GCC,42.0,35.0,3,승무원,16
202101,아시아,-95.3,GCC,2158.0,102.0,3,전체,16
202101,아시아,-89.6,카자흐스탄,1875.0,195.0,3,남성,17
202101,아시아,-90.1,카자흐스탄,2169.0,215.0,3,여성,17
202101,아시아,-85.1,카자흐스탄,281.0,42.0,3,승무원,17
202101,아시아,-89.5,카자흐스탄,4325.0,452.0,3,전체,17
202101,아시아,-94.9,튀르키예,786.0,40.0,3,남성,18
202101,아시아,-96.6,튀르키예,298.0,10.0,3,여성,18
202101,아시아,-75.7,튀르키예,1124.0,273.0,3,승무원,18
202101,아시아,-85.4,튀르키예,2208.0,323.0,3,전체,18
202101,아시아,-87.5,캄보디아,2487.0,312.0,3,남성,19
202101,아시아,-95.1,캄보디아,1604.0,78.0,3,여성,19
202101,아시아,-100.0,캄보디아,166.0,0.0,3,승무원,19
202101,아시아,-90.8,캄보디아,4257.0,390.0,3,전체,19
202101,아시아,-95.2,스리랑카,1076.0,52.0,3,남성,20
202101,아시아,-100.0,스리랑카,76.0,0.0,3,여성,20
202101,아시아,-23.6,스리랑카,225.0,172.0,3,승무원,20
202101,아시아,-83.7,스리랑카,1377.0,224.0,3,전체,20
202101,아시아,-95.3,방글라데시,966.0,45.0,3,남성,21
202101,아시아,-99.2,방글라데시,124.0,1.0,3,여성,21
202101,아시아,-43.5,방글라데시,209.0,118.0,3,승무원,21
202101,아시아,-87.4,방글라데시,1299.0,164.0,3,전체,21
202101,아시아,-86.8,파키스탄,842.0,111.0,3,남성,22
202101,아시아,-66.7,파키스탄,126.0,42.0,3,여성,22
202101,아시아,-50.0,파키스탄,46.0,23.0,3,승무원,22
202101,아시아,-82.6,파키스탄,1014.0,176.0,3,전체,22
202101,아시아,-98.0,이스라엘,564.0,11.0,3,남성,23
202101,아시아,-97.8,이스라엘,223.0,5.0,3,여성,23
202101,아시아,-81.2,이스라엘,16.0,3.0,3,승무원,23
202101,아시아,-97.6,이스라엘,803.0,19.0,3,전체,23
202101,아시아,-94.3,이란,106.0,6.0,3,남성,24
202101,아시아,-72.0,이란,50.0,14.0,3,여성,24
202101,아시아,-85.0,이란,20.0,3.0,3,승무원,24
202101,아시아,-86.9,이란,176.0,23.0,3,전체,24
202101,아시아,-94.6,기타,3237.0,175.0,3,남성,25
202101,아시아,-95.5,기타,1129.0,51.0,3,여성,25
202101,아시아,-88.7,기타,442.0,50.0,3,승무원,25
202101,아시아,-94.3,기타,4808.0,276.0,3,전체,25
202101,아메리카,-93.4,연도대륙,42445.0,2795.0,2,남성,0
202101,아메리카,-93.3,연도대륙,36115.0,2431.0,2,여성,0
202101,아메리카,-0.8,연도대륙,8932.0,8865.0,2,승무원,0
202101,아메리카,-83.9,연도대륙,87492.0,14091.0,2,전체,0
202101,아메리카,-92.8,미국,33394.0,2416.0,3,남성,1
202101,아메리카,-92.6,미국,27487.0,2040.0,3,여성,1
202101,아메리카,18.6,미국,6374.0,7557.0,3,승무원,1
202101,아메리카,-82.1,미국,67255.0,12013.0,3,전체,1
202101,아메리카,-96.0,캐나다,6308.0,251.0,3,남성,2
202101,아메리카,-95.5,캐나다,6070.0,276.0,3,여성,2
202101,아메리카,-32.8,캐나다,1431.0,961.0,3,승무원,2
202101,아메리카,-89.2,캐나다,13809.0,1488.0,3,전체,2
202101,아메리카,-94.1,브라질,776.0,46.0,3,남성,3
202101,아메리카,-93.9,브라질,716.0,44.0,3,여성,3
202101,아메리카,-82.5,브라질,309.0,54.0,3,승무원,3
202101,아메리카,-92.0,브라질,1801.0,144.0,3,전체,3
202101,아메리카,-97.0,멕시코,905.0,27.0,3,남성,4
202101,아메리카,-94.8,멕시코,706.0,37.0,3,여성,4
202101,아메리카,-56.4,멕시코,502.0,219.0,3,승무원,4
202101,아메리카,-86.6,멕시코,2113.0,283.0,3,전체,4
202101,아메리카,-94.8,기타,1062.0,55.0,3,남성,5
202101,아메리카,-97.0,기타,1136.0,34.0,3,여성,5
202101,아메리카,-76.6,기타,316.0,74.0,3,승무원,5
202101,아메리카,-93.5,기타,2514.0,163.0,3,전체,5
202101,유럽,-93.6,연도대륙,35284.0,2241.0,2,남성,0
202101,유럽,-96.5,연도대륙,24435.0,848.0,2,여성,0
202101,유럽,-53.9,연도대륙,13462.0,6209.0,2,승무원,0
202101,유럽,-87.3,연도대륙,73181.0,9298.0,2,전체,0
202101,유럽,-96.6,러시아,11816.0,403.0,3,남성,1
202101,유럽,-98.2,러시아,12155.0,218.0,3,여성,1
202101,유럽,-73.8,러시아,4920.0,1290.0,3,승무원,1
202101,유럽,-93.4,러시아,28891.0,1911.0,3,전체,1
202101,유럽,-96.8,영국,5166.0,165.0,3,남성,2
202101,유럽,-97.6,영국,3279.0,80.0,3,여성,2
202101,유럽,-75.9,영국,672.0,162.0,3,승무원,2
202101,유럽,-95.5,영국,9117.0,407.0,3,전체,2
202101,유럽,-90.8,독일,3985.0,365.0,3,남성,3
202101,유럽,-95.0,독일,1671.0,84.0,3,여성,3
202101,유럽,-29.2,독일,961.0,680.0,3,승무원,3
202101,유럽,-82.9,독일,6617.0,1129.0,3,전체,3
202101,유럽,-93.5,프랑스,3284.0,215.0,3,남성,4
202101,유럽,-91.8,프랑스,2061.0,168.0,3,여성,4
202101,유럽,14.0,프랑스,637.0,726.0,3,승무원,4
202101,유럽,-81.5,프랑스,5982.0,1109.0,3,전체,4
202101,유럽,-93.6,이탈리아,1681.0,107.0,3,남성,5
202101,유럽,-96.2,이탈리아,714.0,27.0,3,여성,5
202101,유럽,-89.3,이탈리아,485.0,52.0,3,승무원,5
202101,유럽,-93.5,이탈리아,2880.0,186.0,3,전체,5
202101,유럽,-95.7,네덜란드,1269.0,55.0,3,남성,6
202101,유럽,-97.0,네덜란드,530.0,16.0,3,여성,6
202101,유럽,43.3,네덜란드,757.0,1085.0,3,승무원,6
202101,유럽,-54.8,네덜란드,2556.0,1156.0,3,전체,6
202101,유럽,-63.5,우크라이나,573.0,209.0,3,남성,7
202101,유럽,-83.1,우크라이나,219.0,37.0,3,여성,7
202101,유럽,-35.8,우크라이나,1163.0,747.0,3,승무원,7
202101,유럽,-49.2,우크라이나,1955.0,993.0,3,전체,7
202101,유럽,-94.5,스페인,899.0,49.0,3,남성,8
202101,유럽,-96.6,스페인,504.0,17.0,3,여성,8
202101,유럽,-74.5,스페인,157.0,40.0,3,승무원,8
202101,유럽,-93.2,스페인,1560.0,106.0,3,전체,8
202101,유럽,-83.1,루마니아,313.0,53.0,3,남성,9
202101,유럽,-96.5,루마니아,115.0,4.0,3,여성,9
202101,유럽,-53.5,루마니아,428.0,199.0,3,승무원,9
202101,유럽,-70.1,루마니아,856.0,256.0,3,전체,9
202101,유럽,-91.3,노르웨이,379.0,33.0,3,남성,10
202101,유럽,-93.9,노르웨이,147.0,9.0,3,여성,10
202101,유럽,0.0,노르웨이,17.0,17.0,3,승무원,10
202101,유럽,-89.1,노르웨이,543.0,59.0,3,전체,10
202101,유럽,-92.7,스웨덴,536.0,39.0,3,남성,11
202101,유럽,-91.5,스웨덴,281.0,24.0,3,여성,11
202101,유럽,-56.7,스웨덴,30.0,13.0,3,승무원,11
202101,유럽,-91.0,스웨덴,847.0,76.0,3,전체,11
202101,유럽,-87.7,폴란드,579.0,71.0,3,남성,12
202101,유럽,-92.7,폴란드,248.0,18.0,3,여성,12
202101,유럽,-66.2,폴란드,731.0,247.0,3,승무원,12
202101,유럽,-78.4,폴란드,1558.0,336.0,3,전체,12
202101,유럽,-96.6,스위스,467.0,16.0,3,남성,13
202101,유럽,-98.1,스위스,257.0,5.0,3,여성,13
202101,유럽,-15.8,스위스,38.0,32.0,3,승무원,13
202101,유럽,-93.0,스위스,762.0,53.0,3,전체,13
202101,유럽,-95.0,포르투갈,302.0,15.0,3,남성,14
202101,유럽,-98.9,포르투갈,349.0,4.0,3,여성,14
202101,유럽,-58.0,포르투갈,69.0,29.0,3,승무원,14
202101,유럽,-93.3,포르투갈,720.0,48.0,3,전체,14
202101,유럽,-93.3,오스트리아,403.0,27.0,3,남성,15
202101,유럽,-94.0,오스트리아,151.0,9.0,3,여성,15
202101,유럽,-52.2,오스트리아,136.0,65.0,3,승무원,15
202101,유럽,-85.4,오스트리아,690.0,101.0,3,전체,15
202101,유럽,-92.0,핀란드,339.0,27.0,3,남성,16
202101,유럽,-86.0,핀란드,171.0,24.0,3,여성,16
202101,유럽,-58.7,핀란드,375.0,155.0,3,승무원,16
202101,유럽,-76.7,핀란드,885.0,206.0,3,전체,16
202101,유럽,-92.3,벨기에,429.0,33.0,3,남성,17
202101,유럽,-84.2,벨기에,171.0,27.0,3,여성,17
202101,유럽,-42.6,벨기에,122.0,70.0,3,승무원,17
202101,유럽,-82.0,벨기에,722.0,130.0,3,전체,17
202101,유럽,-81.2,크로아티아,213.0,40.0,3,남성,18
202101,유럽,-100.0,크로아티아,39.0,0.0,3,여성,18
202101,유럽,-61.9,크로아티아,215.0,82.0,3,승무원,18
202101,유럽,-73.9,크로아티아,467.0,122.0,3,전체,18
202101,유럽,-74.1,그리스,405.0,105.0,3,남성,19
202101,유럽,-89.4,그리스,47.0,5.0,3,여성,19
202101,유럽,-43.9,그리스,171.0,96.0,3,승무원,19
202101,유럽,-66.9,그리스,623.0,206.0,3,전체,19
202101,유럽,-85.6,불가리아,111.0,16.0,3,남성,20
202101,유럽,-94.2,불가리아,52.0,3.0,3,여성,20
202101,유럽,-36.7,불가리아,188.0,119.0,3,승무원,20
202101,유럽,-60.7,불가리아,351.0,138.0,3,전체,20
202101,유럽,-87.4,덴마크,430.0,54.0,3,남성,21
202101,유럽,-92.3,덴마크,156.0,12.0,3,여성,21
202101,유럽,-48.1,덴마크,79.0,41.0,3,승무원,21
202101,유럽,-83.9,덴마크,665.0,107.0,3,전체,21
202101,유럽,-95.4,아일랜드,433.0,20.0,3,남성,22
202101,유럽,-94.4,아일랜드,213.0,12.0,3,여성,22
202101,유럽,-81.2,아일랜드,69.0,13.0,3,승무원,22
202101,유럽,-93.7,아일랜드,715.0,45.0,3,전체,22
202101,유럽,-90.3,기타,1272.0,124.0,3,남성,23
202101,유럽,-95.0,기타,905.0,45.0,3,여성,23
202101,유럽,-76.1,기타,1042.0,249.0,3,승무원,23
202101,유럽,-87.0,기타,3219.0,418.0,3,전체,23
202101,오세아니아,-98.8,연도대륙,8639.0,105.0,2,남성,0
202101,오세아니아,-99.2,연도대륙,8215.0,65.0,2,여성,0
202101,오세아니아,-80.2,연도대륙,901.0,178.0,2,승무원,0
202101,오세아니아,-98.0,연도대륙,17755.0,348.0,2,전체,0
202101,오세아니아,-98.9,호주,6937.0,73.0,3,남성,1
202101,오세아니아,-99.3,호주,6651.0,45.0,3,여성,1
202101,오세아니아,-80.7,호주,451.0,87.0,3,승무원,1
202101,오세아니아,-98.5,호주,14039.0,205.0,3,전체,1
202101,오세아니아,-98.5,뉴질랜드,1642.0,24.0,3,남성,2
202101,오세아니아,-99.0,뉴질랜드,1521.0,15.0,3,여성,2
202101,오세아니아,-83.3,뉴질랜드,390.0,65.0,3,승무원,2
202101,오세아니아,-97.1,뉴질랜드,3553.0,104.0,3,전체,2
202101,오세아니아,-86.7,기타,60.0,8.0,3,남성,3
202101,오세아니아,-88.4,기타,43.0,5.0,3,여성,3
202101,오세아니아,-56.7,기타,60.0,26.0,3,승무원,3
202101,오세아니아,-76.1,기타,163.0,39.0,3,전체,3
202101,아프리카,-81.0,연도대륙,2001.0,380.0,2,남성,0
202101,아프리카,-91.2,연도대륙,1135.0,100.0,2,여성,0
202101,아프리카,-50.5,연도대륙,1062.0,526.0,2,승무원,0
202101,아프리카,-76.0,연도대륙,4198.0,1006.0,2,전체,0
202101,아프리카,-97.6,남아프리카공화국,505.0,12.0,3,남성,1
202101,아프리카,-97.1,남아프리카공화국,625.0,18.0,3,여성,1
202101,아프리카,-65.5,남아프리카공화국,142.0,49.0,3,승무원,1
202101,아프리카,-93.8,남아프리카공화국,1272.0,79.0,3,전체,1
202101,아프리카,-75.4,기타,1496.0,368.0,3,남성,2
202101,아프리카,-83.9,기타,510.0,82.0,3,여성,2
202101,아프리카,-48.2,기타,920.0,477.0,3,승무원,2
202101,아프리카,-68.3,기타,2926.0,927.0,3,전체,2
202101,기타,-88.6,연도대륙,35.0,4.0,2,남성,0
202101,기타,-100.0,연도대륙,10.0,0.0,2,여성,0
202101,기타,-100.0,연도대륙,16.0,0.0,2,승무원,0
202101,기타,-93.4,연도대륙,61.0,4.0,2,전체,0
202101,기타,-88.6,기타,35.0,4.0,3,남성,1
202101,기타,-100.0,기타,10.0,0.0,3,여성,1
202101,기타,-100.0,기타,16.0,0.0,3,승무원,1
202101,기타,-93.4,기타,61.0,4.0,3,전체,1
202101,교포,-90.3,연도대륙,3680.0,357.0,2,남성,0
202101,교포,-91.1,연도대륙,5112.0,454.0,2,여성,0
202101,교포,0.0,연도대륙,0.0,0.0,2,승무원,0
202101,교포,-90.8,연도대륙,8792.0,811.0,2,전체,0
202101,교포,-90.3,교포,3680.0,357.0,3,남성,1
202101,교포,-91.1,교포,5112.0,454.0,3,여성,1
202101,교포,0.0,교포,0.0,0.0,3,승무원,1
202101,교포,-90.8,교포,8792.0,811.0,3,전체,1
202102,대륙전체,-92.9,연도,283669.0,20224.0,1,남성,0
202102,대륙전체,-95.8,연도,349083.0,14769.0,1,여성,0
202102,대륙전체,-41.7,연도,52460.0,30589.0,1,승무원,0
202102,대륙전체,-90.4,연도,685212.0,65582.0,1,전체,0
202102,아시아,-93.7,연도대륙,220271.0,13833.0,2,남성,0
202102,아시아,-97.2,연도대륙,300329.0,8432.0,2,여성,0
202102,아시아,-48.4,연도대륙,31849.0,16444.0,2,승무원,0
202102,아시아,-93.0,연도대륙,552449.0,38709.0,2,전체,0
202102,아시아,-90.9,중국,52686.0,4804.0,3,남성,1
202102,아시아,-91.2,중국,48043.0,4247.0,3,여성,1
202102,아시아,-12.7,중국,3357.0,2931.0,3,승무원,1
202102,아시아,-88.5,중국,104086.0,11982.0,3,전체,1
202102,아시아,-99.1,일본,67646.0,636.0,3,남성,2
202102,아시아,-99.3,일본,141475.0,1018.0,3,여성,2
202102,아시아,-96.9,일본,2078.0,65.0,3,승무원,2
202102,아시아,-99.2,일본,211199.0,1719.0,3,전체,2
202102,아시아,-99.4,대만,18859.0,110.0,3,남성,3
202102,아시아,-99.4,대만,33722.0,218.0,3,여성,3
202102,아시아,-74.8,대만,461.0,116.0,3,승무원,3
202102,아시아,-99.2,대만,53042.0,444.0,3,전체,3
202102,아시아,-99.6,홍콩,7812.0,33.0,3,남성,4
202102,아시아,-99.4,홍콩,12946.0,79.0,3,여성,4
202102,아시아,-91.8,홍콩,208.0,17.0,3,승무원,4
202102,아시아,-99.4,홍콩,20966.0,129.0,3,전체,4
202102,아시아,-98.9,마카오,184.0,2.0,3,남성,5
202102,아시아,-99.4,마카오,317.0,2.0,3,여성,5
202102,아시아,-100.0,마카오,2.0,0.0,3,승무원,5
202102,아시아,-99.2,마카오,503.0,4.0,3,전체,5
202102,아시아,-75.5,필리핀,8351.0,2046.0,3,남성,6
202102,아시아,-99.3,필리핀,5958.0,39.0,3,여성,6
202102,아시아,-1.7,필리핀,6023.0,5921.0,3,승무원,6
202102,아시아,-60.6,필리핀,20332.0,8006.0,3,전체,6
202102,아시아,-75.7,인도네시아,5554.0,1347.0,3,남성,7
202102,아시아,-95.9,인도네시아,8073.0,334.0,3,여성,7
202102,아시아,-14.3,인도네시아,2173.0,1862.0,3,승무원,7
202102,아시아,-77.6,인도네시아,15800.0,3543.0,3,전체,7
202102,아시아,-98.9,태국,10436.0,119.0,3,남성,8
202102,아시아,-99.1,태국,16741.0,156.0,3,여성,8
202102,아시아,-97.2,태국,4600.0,130.0,3,승무원,8
202102,아시아,-98.7,태국,31777.0,405.0,3,전체,8
202102,아시아,-95.6,베트남,15353.0,672.0,3,남성,9
202102,아시아,-93.6,베트남,11134.0,716.0,3,여성,9
202102,아시아,-91.8,베트남,3826.0,314.0,3,승무원,9
202102,아시아,-94.4,베트남,30313.0,1702.0,3,전체,9
202102,아시아,-71.3,인도,3483.0,1001.0,3,남성,10
202102,아시아,-69.8,인도,586.0,177.0,3,여성,10
202102,아시아,-35.5,인도,1770.0,1142.0,3,승무원,10
202102,아시아,-60.3,인도,5839.0,2320.0,3,전체,10
202102,아시아,-98.3,말레이시아,6671.0,113.0,3,남성,11
202102,아시아,-98.6,말레이시아,9624.0,139.0,3,여성,11
202102,아시아,-93.7,말레이시아,2246.0,142.0,3,승무원,11
202102,아시아,-97.9,말레이시아,18541.0,394.0,3,전체,11
202102,아시아,-98.4,싱가포르,2297.0,37.0,3,남성,12
202102,아시아,-98.5,싱가포르,2549.0,39.0,3,여성,12
202102,아시아,-98.5,싱가포르,1063.0,16.0,3,승무원,12
202102,아시아,-98.4,싱가포르,5909.0,92.0,3,전체,12
202102,아시아,-95.6,몽골,3098.0,135.0,3,남성,13
202102,아시아,-94.1,몽골,3267.0,192.0,3,여성,13
202102,아시아,-100.0,몽골,34.0,0.0,3,승무원,13
202102,아시아,-94.9,몽골,6399.0,327.0,3,전체,13
202102,아시아,-91.8,우즈베키스탄,4845.0,397.0,3,남성,14
202102,아시아,-86.6,우즈베키스탄,1566.0,210.0,3,여성,14
202102,아시아,-98.3,우즈베키스탄,477.0,8.0,3,승무원,14
202102,아시아,-91.1,우즈베키스탄,6888.0,615.0,3,전체,14
202102,아시아,-63.5,미얀마,2688.0,982.0,3,남성,15
202102,아시아,-77.2,미얀마,272.0,62.0,3,여성,15
202102,아시아,137.2,미얀마,1359.0,3224.0,3,승무원,15
202102,아시아,-1.2,미얀마,4319.0,4268.0,3,전체,15
202102,아시아,-82.0,GCC,539.0,97.0,3,남성,16
202102,아시아,-72.0,GCC,214.0,60.0,3,여성,16
202102,아시아,11.1,GCC,36.0,40.0,3,승무원,16
202102,아시아,-75.0,GCC,789.0,197.0,3,전체,16
202102,아시아,-77.6,카자흐스탄,1437.0,322.0,3,남성,17
202102,아시아,-74.3,카자흐스탄,1468.0,377.0,3,여성,17
202102,아시아,-87.3,카자흐스탄,299.0,38.0,3,승무원,17
202102,아시아,-77.0,카자흐스탄,3204.0,737.0,3,전체,17
202102,아시아,-89.1,튀르키예,478.0,52.0,3,남성,18
202102,아시아,-69.3,튀르키예,202.0,62.0,3,여성,18
202102,아시아,-76.3,튀르키예,1104.0,262.0,3,승무원,18
202102,아시아,-78.9,튀르키예,1784.0,376.0,3,전체,18
202102,아시아,-80.2,캄보디아,1714.0,339.0,3,남성,19
202102,아시아,-84.0,캄보디아,774.0,124.0,3,여성,19
202102,아시아,-100.0,캄보디아,80.0,0.0,3,승무원,19
202102,아시아,-82.0,캄보디아,2568.0,463.0,3,전체,19
202102,아시아,-92.5,스리랑카,912.0,68.0,3,남성,20
202102,아시아,-80.0,스리랑카,55.0,11.0,3,여성,20
202102,아시아,-32.2,스리랑카,121.0,82.0,3,승무원,20
202102,아시아,-85.2,스리랑카,1088.0,161.0,3,전체,20
202102,아시아,-95.4,방글라데시,851.0,39.0,3,남성,21
202102,아시아,-97.1,방글라데시,103.0,3.0,3,여성,21
202102,아시아,59.5,방글라데시,42.0,67.0,3,승무원,21
202102,아시아,-89.1,방글라데시,996.0,109.0,3,전체,21
202102,아시아,-73.5,파키스탄,873.0,231.0,3,남성,22
202102,아시아,-31.0,파키스탄,113.0,78.0,3,여성,22
202102,아시아,-68.6,파키스탄,51.0,16.0,3,승무원,22
202102,아시아,-68.7,파키스탄,1037.0,325.0,3,전체,22
202102,아시아,-98.8,이스라엘,250.0,3.0,3,남성,23
202102,아시아,-95.1,이스라엘,102.0,5.0,3,여성,23
202102,아시아,0.0,이스라엘,0.0,10.0,3,승무원,23
202102,아시아,-94.9,이스라엘,352.0,18.0,3,전체,23
202102,아시아,-69.6,이란,79.0,24.0,3,남성,24
202102,아시아,-67.1,이란,70.0,23.0,3,여성,24
202102,아시아,-100.0,이란,11.0,0.0,3,승무원,24
202102,아시아,-70.6,이란,160.0,47.0,3,전체,24
202102,아시아,-92.9,기타,3175.0,224.0,3,남성,25
202102,아시아,-93.6,기타,955.0,61.0,3,여성,25
202102,아시아,-90.4,기타,428.0,41.0,3,승무원,25
202102,아시아,-92.8,기타,4558.0,326.0,3,전체,25
202102,아메리카,-90.5,연도대륙,26806.0,2547.0,2,남성,0
202102,아메리카,-85.4,연도대륙,22082.0,3220.0,2,여성,0
202102,아메리카,-5.8,연도대륙,7929.0,7466.0,2,승무원,0
202102,아메리카,-76.7,연도대륙,56817.0,13233.0,2,전체,0
202102,아메리카,-89.5,미국,20570.0,2170.0,3,남성,1
202102,아메리카,-83.4,미국,16333.0,2713.0,3,여성,1
202102,아메리카,14.3,미국,5536.0,6329.0,3,승무원,1
202102,아메리카,-73.6,미국,42439.0,11212.0,3,전체,1
202102,아메리카,-94.8,캐나다,4119.0,215.0,3,남성,2
202102,아메리카,-92.6,캐나다,3687.0,274.0,3,여성,2
202102,아메리카,-34.6,캐나다,1240.0,811.0,3,승무원,2
202102,아메리카,-85.6,캐나다,9046.0,1300.0,3,전체,2
202102,아메리카,-92.0,브라질,461.0,37.0,3,남성,3
202102,아메리카,-86.3,브라질,452.0,62.0,3,여성,3
202102,아메리카,-80.7,브라질,275.0,53.0,3,승무원,3
202102,아메리카,-87.2,브라질,1188.0,152.0,3,전체,3
202102,아메리카,-91.6,멕시코,533.0,45.0,3,남성,4
202102,아메리카,-85.8,멕시코,507.0,72.0,3,여성,4
202102,아메리카,-58.1,멕시코,503.0,211.0,3,승무원,4
202102,아메리카,-78.7,멕시코,1543.0,328.0,3,전체,4
202102,아메리카,-92.9,기타,1123.0,80.0,3,남성,5
202102,아메리카,-91.0,기타,1103.0,99.0,3,여성,5
202102,아메리카,-83.5,기타,375.0,62.0,3,승무원,5
202102,아메리카,-90.7,기타,2601.0,241.0,3,전체,5
202102,유럽,-88.9,연도대륙,26483.0,2942.0,2,남성,0
202102,유럽,-86.5,연도대륙,17774.0,2393.0,2,여성,0
202102,유럽,-45.4,연도대륙,10988.0,6001.0,2,승무원,0
202102,유럽,-79.5,연도대륙,55245.0,11336.0,2,전체,0
202102,유럽,-94.6,러시아,9417.0,510.0,3,남성,1
202102,유럽,-94.8,러시아,8592.0,448.0,3,여성,1
202102,유럽,-64.5,러시아,4148.0,1474.0,3,승무원,1
202102,유럽,-89.0,러시아,22157.0,2432.0,3,전체,1
202102,유럽,-96.2,영국,3207.0,122.0,3,남성,2
202102,유럽,-97.1,영국,1752.0,50.0,3,여성,2
202102,유럽,-48.4,영국,607.0,313.0,3,승무원,2
202102,유럽,-91.3,영국,5566.0,485.0,3,전체,2
202102,유럽,-83.7,독일,3085.0,504.0,3,남성,3
202102,유럽,-73.9,독일,1516.0,395.0,3,여성,3
202102,유럽,-42.2,독일,998.0,577.0,3,승무원,3
202102,유럽,-73.6,독일,5599.0,1476.0,3,전체,3
202102,유럽,-81.2,프랑스,2654.0,498.0,3,남성,4
202102,유럽,-65.2,프랑스,1956.0,681.0,3,여성,4
202102,유럽,23.9,프랑스,510.0,632.0,3,승무원,4
202102,유럽,-64.6,프랑스,5120.0,1811.0,3,전체,4
202102,유럽,-88.4,이탈리아,871.0,101.0,3,남성,5
202102,유럽,-70.1,이탈리아,351.0,105.0,3,여성,5
202102,유럽,-80.4,이탈리아,496.0,97.0,3,승무원,5
202102,유럽,-82.4,이탈리아,1718.0,303.0,3,전체,5
202102,유럽,-92.6,네덜란드,919.0,68.0,3,남성,6
202102,유럽,-90.8,네덜란드,404.0,37.0,3,여성,6
202102,유럽,0.5,네덜란드,744.0,748.0,3,승무원,6
202102,유럽,-58.7,네덜란드,2067.0,853.0,3,전체,6
202102,유럽,-50.9,우크라이나,768.0,377.0,3,남성,7
202102,유럽,-72.4,우크라이나,192.0,53.0,3,여성,7
202102,유럽,18.1,우크라이나,658.0,777.0,3,승무원,7
202102,유럽,-25.4,우크라이나,1618.0,1207.0,3,전체,7
202102,유럽,-86.1,스페인,575.0,80.0,3,남성,8
202102,유럽,-74.1,스페인,359.0,93.0,3,여성,8
202102,유럽,-73.9,스페인,134.0,35.0,3,승무원,8
202102,유럽,-80.5,스페인,1068.0,208.0,3,전체,8
202102,유럽,-63.9,루마니아,191.0,69.0,3,남성,9
202102,유럽,-76.5,루마니아,68.0,16.0,3,여성,9
202102,유럽,-34.9,루마니아,212.0,138.0,3,승무원,9
202102,유럽,-52.7,루마니아,471.0,223.0,3,전체,9
202102,유럽,-91.0,노르웨이,278.0,25.0,3,남성,10
202102,유럽,-89.3,노르웨이,149.0,16.0,3,여성,10
202102,유럽,50.0,노르웨이,14.0,21.0,3,승무원,10
202102,유럽,-85.9,노르웨이,441.0,62.0,3,전체,10
202102,유럽,-87.6,스웨덴,372.0,46.0,3,남성,11
202102,유럽,-81.3,스웨덴,246.0,46.0,3,여성,11
202102,유럽,-18.8,스웨덴,32.0,26.0,3,승무원,11
202102,유럽,-81.8,스웨덴,650.0,118.0,3,전체,11
202102,유럽,-89.9,폴란드,406.0,41.0,3,남성,12
202102,유럽,-83.4,폴란드,247.0,41.0,3,여성,12
202102,유럽,-66.2,폴란드,553.0,187.0,3,승무원,12
202102,유럽,-77.7,폴란드,1206.0,269.0,3,전체,12
202102,유럽,-85.4,스위스,343.0,50.0,3,남성,13
202102,유럽,-72.5,스위스,178.0,49.0,3,여성,13
202102,유럽,6.7,스위스,45.0,48.0,3,승무원,13
202102,유럽,-74.0,스위스,566.0,147.0,3,전체,13
202102,유럽,-84.8,포르투갈,132.0,20.0,3,남성,14
202102,유럽,-82.7,포르투갈,110.0,19.0,3,여성,14
202102,유럽,-61.4,포르투갈,57.0,22.0,3,승무원,14
202102,유럽,-79.6,포르투갈,299.0,61.0,3,전체,14
202102,유럽,-92.0,오스트리아,377.0,30.0,3,남성,15
202102,유럽,-87.2,오스트리아,187.0,24.0,3,여성,15
202102,유럽,-45.2,오스트리아,104.0,57.0,3,승무원,15
202102,유럽,-83.4,오스트리아,668.0,111.0,3,전체,15
202102,유럽,-87.2,핀란드,265.0,34.0,3,남성,16
202102,유럽,-72.7,핀란드,205.0,56.0,3,여성,16
202102,유럽,-60.3,핀란드,310.0,123.0,3,승무원,16
202102,유럽,-72.7,핀란드,780.0,213.0,3,전체,16
202102,유럽,-80.7,벨기에,301.0,58.0,3,남성,17
202102,유럽,-66.9,벨기에,130.0,43.0,3,여성,17
202102,유럽,-36.2,벨기에,116.0,74.0,3,승무원,17
202102,유럽,-68.0,벨기에,547.0,175.0,3,전체,17
202102,유럽,-78.5,크로아티아,158.0,34.0,3,남성,18
202102,유럽,-93.1,크로아티아,29.0,2.0,3,여성,18
202102,유럽,-27.3,크로아티아,99.0,72.0,3,승무원,18
202102,유럽,-62.2,크로아티아,286.0,108.0,3,전체,18
202102,유럽,-79.6,그리스,432.0,88.0,3,남성,19
202102,유럽,-89.1,그리스,55.0,6.0,3,여성,19
202102,유럽,-45.5,그리스,176.0,96.0,3,승무원,19
202102,유럽,-71.3,그리스,663.0,190.0,3,전체,19
202102,유럽,-81.0,불가리아,121.0,23.0,3,남성,20
202102,유럽,-63.2,불가리아,19.0,7.0,3,여성,20
202102,유럽,55.1,불가리아,78.0,121.0,3,승무원,20
202102,유럽,-30.7,불가리아,218.0,151.0,3,전체,20
202102,유럽,-91.3,덴마크,391.0,34.0,3,남성,21
202102,유럽,-85.8,덴마크,211.0,30.0,3,여성,21
202102,유럽,-50.0,덴마크,38.0,19.0,3,승무원,21
202102,유럽,-87.0,덴마크,640.0,83.0,3,전체,21
202102,유럽,-91.8,아일랜드,268.0,22.0,3,남성,22
202102,유럽,-79.8,아일랜드,124.0,25.0,3,여성,22
202102,유럽,-76.7,아일랜드,73.0,17.0,3,승무원,22
202102,유럽,-86.2,아일랜드,465.0,64.0,3,전체,22
202102,유럽,-88.7,기타,952.0,108.0,3,남성,23
202102,유럽,-78.2,기타,694.0,151.0,3,여성,23
202102,유럽,-58.4,기타,786.0,327.0,3,승무원,23
202102,유럽,-75.9,기타,2432.0,586.0,3,전체,23
202102,오세아니아,-98.1,연도대륙,4618.0,88.0,2,남성,0
202102,오세아니아,-97.3,연도대륙,3548.0,97.0,2,여성,0
202102,오세아니아,-75.5,연도대륙,726.0,178.0,2,승무원,0
202102,오세아니아,-95.9,연도대륙,8892.0,363.0,2,전체,0
202102,오세아니아,-98.5,호주,3622.0,55.0,3,남성,1
202102,오세아니아,-97.8,호주,2853.0,62.0,3,여성,1
202102,오세아니아,-81.7,호주,382.0,70.0,3,승무원,1
202102,오세아니아,-97.3,호주,6857.0,187.0,3,전체,1
202102,오세아니아,-96.9,뉴질랜드,932.0,29.0,3,남성,2
202102,오세아니아,-95.2,뉴질랜드,663.0,32.0,3,여성,2
202102,오세아니아,-82.0,뉴질랜드,317.0,57.0,3,승무원,2
202102,오세아니아,-93.8,뉴질랜드,1912.0,118.0,3,전체,2
202102,오세아니아,-93.8,기타,64.0,4.0,3,남성,3
202102,오세아니아,-90.6,기타,32.0,3.0,3,여성,3
202102,오세아니아,88.9,기타,27.0,51.0,3,승무원,3
202102,오세아니아,-52.8,기타,123.0,58.0,3,전체,3
202102,아프리카,-79.4,연도대륙,2170.0,446.0,2,남성,0
202102,아프리카,-79.6,연도대륙,1028.0,210.0,2,여성,0
202102,아프리카,-48.0,연도대륙,962.0,500.0,2,승무원,0
202102,아프리카,-72.2,연도대륙,4160.0,1156.0,2,전체,0
202102,아프리카,-97.6,남아프리카공화국,374.0,9.0,3,남성,1
202102,아프리카,-96.9,남아프리카공화국,513.0,16.0,3,여성,1
202102,아프리카,-61.5,남아프리카공화국,117.0,45.0,3,승무원,1
202102,아프리카,-93.0,남아프리카공화국,1004.0,70.0,3,전체,1
202102,아프리카,-75.7,기타,1796.0,437.0,3,남성,2
202102,아프리카,-62.3,기타,515.0,194.0,3,여성,2
202102,아프리카,-46.2,기타,845.0,455.0,3,승무원,2
202102,아프리카,-65.6,기타,3156.0,1086.0,3,전체,2
202102,기타,-76.0,연도대륙,25.0,6.0,2,남성,0
202102,기타,-100.0,연도대륙,9.0,0.0,2,여성,0
202102,기타,-100.0,연도대륙,6.0,0.0,2,승무원,0
202102,기타,-85.0,연도대륙,40.0,6.0,2,전체,0
202102,기타,-76.0,기타,25.0,6.0,3,남성,1
202102,기타,-100.0,기타,9.0,0.0,3,여성,1
202102,기타,-100.0,기타,6.0,0.0,3,승무원,1
202102,기타,-85.0,기타,40.0,6.0,3,전체,1
202102,교포,-89.0,연도대륙,3296.0,362.0,2,남성,0
202102,교포,-90.3,연도대륙,4313.0,417.0,2,여성,0
202102,교포,0.0,연도대륙,0.0,0.0,2,승무원,0
202102,교포,-89.8,연도대륙,7609.0,779.0,2,전체,0
202102,교포,-89.0,교포,3296.0,362.0,3,남성,1
202102,교포,-90.3,교포,4313.0,417.0,3,여성,1
202102,교포,0.0,교포,0.0,0.0,3,승무원,1
202102,교포,-89.8,교포,7609.0,779.0,3,전체,1
202103,대륙전체,-33.5,연도,37484.0,24918.0,1,남성,0
202103,대륙전체,-54.0,연도,29228.0,13438.0,1,여성,0
202103,대륙전체,116.0,연도,16785.0,36248.0,1,승무원,0
202103,대륙전체,-10.7,연도,83497.0,74604.0,1,전체,0
202103,아시아,-24.3,연도대륙,25526.0,19317.0,2,남성,0
202103,아시아,-51.9,연도대륙,19665.0,9460.0,2,여성,0
202103,아시아,173.3,연도대륙,7216.0,19718.0,2,승무원,0
202103,아시아,-7.5,연도대륙,52407.0,48495.0,2,전체,0
202103,아시아,18.0,중국,7734.0,9127.0,3,남성,1
202103,아시아,-20.1,중국,8300.0,6629.0,3,여성,1
202103,아시아,474.7,중국,561.0,3224.0,3,승무원,1
202103,아시아,14.4,중국,16595.0,18980.0,3,전체,1
202103,아시아,-79.5,일본,3079.0,631.0,3,남성,2
202103,아시아,-94.8,일본,4943.0,257.0,3,여성,2
202103,아시아,-81.2,일본,325.0,61.0,3,승무원,2
202103,아시아,-88.6,일본,8347.0,949.0,3,전체,2
202103,아시아,-34.9,대만,152.0,99.0,3,남성,3
202103,아시아,-75.4,대만,325.0,80.0,3,여성,3
202103,아시아,36.1,대만,108.0,147.0,3,승무원,3
202103,아시아,-44.3,대만,585.0,326.0,3,전체,3
202103,아시아,-80.2,홍콩,86.0,17.0,3,남성,4
202103,아시아,-63.5,홍콩,159.0,58.0,3,여성,4
202103,아시아,-17.6,홍콩,17.0,14.0,3,승무원,4
202103,아시아,-66.0,홍콩,262.0,89.0,3,전체,4
202103,아시아,-100.0,마카오,5.0,0.0,3,남성,5
202103,아시아,-54.5,마카오,11.0,5.0,3,여성,5
202103,아시아,0.0,마카오,0.0,0.0,3,승무원,5
202103,아시아,-68.8,마카오,16.0,5.0,3,전체,5
202103,아시아,-5.9,필리핀,2325.0,2188.0,3,남성,6
202103,아시아,-85.5,필리핀,372.0,54.0,3,여성,6
202103,아시아,281.4,필리핀,1842.0,7026.0,3,승무원,6
202103,아시아,104.2,필리핀,4539.0,9268.0,3,전체,6
202103,아시아,-27.1,인도네시아,1924.0,1402.0,3,남성,7
202103,아시아,-80.3,인도네시아,463.0,91.0,3,여성,7
202103,아시아,52.9,인도네시아,1373.0,2100.0,3,승무원,7
202103,아시아,-4.4,인도네시아,3760.0,3593.0,3,전체,7
202103,아시아,-73.5,태국,656.0,174.0,3,남성,8
202103,아시아,-89.4,태국,1059.0,112.0,3,여성,8
202103,아시아,-71.3,태국,656.0,188.0,3,승무원,8
202103,아시아,-80.0,태국,2371.0,474.0,3,전체,8
202103,아시아,-59.8,베트남,2098.0,844.0,3,남성,9
202103,아시아,-52.5,베트남,1837.0,873.0,3,여성,9
202103,아시아,277.9,베트남,113.0,427.0,3,승무원,9
202103,아시아,-47.0,베트남,4048.0,2144.0,3,전체,9
202103,아시아,28.3,인도,842.0,1080.0,3,남성,10
202103,아시아,34.7,인도,101.0,136.0,3,여성,10
202103,아시아,172.4,인도,644.0,1754.0,3,승무원,10
202103,아시아,87.1,인도,1587.0,2970.0,3,전체,10
202103,아시아,-53.2,말레이시아,237.0,111.0,3,남성,11
202103,아시아,-82.7,말레이시아,220.0,38.0,3,여성,11
202103,아시아,-57.5,말레이시아,433.0,184.0,3,승무원,11
202103,아시아,-62.6,말레이시아,890.0,333.0,3,전체,11
202103,아시아,-52.6,싱가포르,95.0,45.0,3,남성,12
202103,아시아,-78.7,싱가포르,108.0,23.0,3,여성,12
202103,아시아,-6.2,싱가포르,16.0,15.0,3,승무원,12
202103,아시아,-62.1,싱가포르,219.0,83.0,3,전체,12
202103,아시아,-70.3,몽골,236.0,70.0,3,남성,13
202103,아시아,-75.2,몽골,435.0,108.0,3,여성,13
202103,아시아,-100.0,몽골,3.0,0.0,3,승무원,13
202103,아시아,-73.6,몽골,674.0,178.0,3,전체,13
202103,아시아,17.4,우즈베키스탄,574.0,674.0,3,남성,14
202103,아시아,32.1,우즈베키스탄,190.0,251.0,3,여성,14
202103,아시아,-72.2,우즈베키스탄,18.0,5.0,3,승무원,14
202103,아시아,18.9,우즈베키스탄,782.0,930.0,3,전체,14
202103,아시아,-35.6,미얀마,1701.0,1095.0,3,남성,15
202103,아시아,-78.0,미얀마,91.0,20.0,3,여성,15
202103,아시아,403.0,미얀마,727.0,3657.0,3,승무원,15
202103,아시아,89.4,미얀마,2519.0,4772.0,3,전체,15
202103,아시아,110.5,GCC,38.0,80.0,3,남성,16
202103,아시아,50.0,GCC,14.0,21.0,3,여성,16
202103,아시아,72.0,GCC,25.0,43.0,3,승무원,16
202103,아시아,87.0,GCC,77.0,144.0,3,전체,16
202103,아시아,38.0,카자흐스탄,213.0,294.0,3,남성,17
202103,아시아,17.2,카자흐스탄,256.0,300.0,3,여성,17
202103,아시아,-50.0,카자흐스탄,98.0,49.0,3,승무원,17
202103,아시아,13.4,카자흐스탄,567.0,643.0,3,전체,17
202103,아시아,-19.3,튀르키예,114.0,92.0,3,남성,18
202103,아시아,-43.6,튀르키예,39.0,22.0,3,여성,18
202103,아시아,307.9,튀르키예,89.0,363.0,3,승무원,18
202103,아시아,97.1,튀르키예,242.0,477.0,3,전체,18
202103,아시아,-53.0,캄보디아,886.0,416.0,3,남성,19
202103,아시아,-60.9,캄보디아,297.0,116.0,3,여성,19
202103,아시아,0.0,캄보디아,0.0,0.0,3,승무원,19
202103,아시아,-55.0,캄보디아,1183.0,532.0,3,전체,19
202103,아시아,-54.7,스리랑카,402.0,182.0,3,남성,20
202103,아시아,-75.0,스리랑카,16.0,4.0,3,여성,20
202103,아시아,765.2,스리랑카,23.0,199.0,3,승무원,20
202103,아시아,-12.7,스리랑카,441.0,385.0,3,전체,20
202103,아시아,-57.3,방글라데시,494.0,211.0,3,남성,21
202103,아시아,76.3,방글라데시,38.0,67.0,3,여성,21
202103,아시아,341.2,방글라데시,34.0,150.0,3,승무원,21
202103,아시아,-24.4,방글라데시,566.0,428.0,3,전체,21
202103,아시아,-51.7,파키스탄,389.0,188.0,3,남성,22
202103,아시아,18.5,파키스탄,54.0,64.0,3,여성,22
202103,아시아,-41.9,파키스탄,31.0,18.0,3,승무원,22
202103,아시아,-43.0,파키스탄,474.0,270.0,3,전체,22
202103,아시아,-38.9,이스라엘,36.0,22.0,3,남성,23
202103,아시아,-87.5,이스라엘,32.0,4.0,3,여성,23
202103,아시아,0.0,이스라엘,0.0,11.0,3,승무원,23
202103,아시아,-45.6,이스라엘,68.0,37.0,3,전체,23
202103,아시아,30.8,이란,13.0,17.0,3,남성,24
202103,아시아,22.2,이란,18.0,22.0,3,여성,24
202103,아시아,-33.3,이란,3.0,2.0,3,승무원,24
202103,아시아,20.6,이란,34.0,41.0,3,전체,24
202103,아시아,-78.4,기타,1197.0,258.0,3,남성,25
202103,아시아,-63.4,기타,287.0,105.0,3,여성,25
202103,아시아,5.2,기타,77.0,81.0,3,승무원,25
202103,아시아,-71.6,기타,1561.0,444.0,3,전체,25
202103,아메리카,-50.2,연도대륙,5455.0,2716.0,2,남성,0
202103,아메리카,-43.3,연도대륙,4601.0,2607.0,2,여성,0
202103,아메리카,118.7,연도대륙,4054.0,8868.0,2,승무원,0
202103,아메리카,0.6,연도대륙,14110.0,14191.0,2,전체,0
202103,아메리카,-42.8,미국,4178.0,2389.0,3,남성,1
202103,아메리카,-31.2,미국,3360.0,2313.0,3,여성,1
202103,아메리카,151.3,미국,3032.0,7619.0,3,승무원,1
202103,아메리카,16.6,미국,10570.0,12321.0,3,전체,1
202103,아메리카,-77.8,캐나다,947.0,210.0,3,남성,2
202103,아메리카,-75.6,캐나다,892.0,218.0,3,여성,2
202103,아메리카,59.7,캐나다,566.0,904.0,3,승무원,2
202103,아메리카,-44.6,캐나다,2405.0,1332.0,3,전체,2
202103,아메리카,-41.5,브라질,65.0,38.0,3,남성,3
202103,아메리카,-75.0,브라질,96.0,24.0,3,여성,3
202103,아메리카,-57.7,브라질,130.0,55.0,3,승무원,3
202103,아메리카,-59.8,브라질,291.0,117.0,3,전체,3
202103,아메리카,-57.3,멕시코,96.0,41.0,3,남성,4
202103,아메리카,-74.7,멕시코,91.0,23.0,3,여성,4
202103,아메리카,2.5,멕시코,201.0,206.0,3,승무원,4
202103,아메리카,-30.4,멕시코,388.0,270.0,3,전체,4
202103,아메리카,-77.5,기타,169.0,38.0,3,남성,5
202103,아메리카,-82.1,기타,162.0,29.0,3,여성,5
202103,아메리카,-32.8,기타,125.0,84.0,3,승무원,5
202103,아메리카,-66.9,기타,456.0,151.0,3,전체,5
202103,유럽,-53.2,연도대륙,4758.0,2228.0,2,남성,0
202103,유럽,-77.7,연도대륙,3503.0,782.0,2,여성,0
202103,유럽,44.6,연도대륙,4825.0,6977.0,2,승무원,0
202103,유럽,-23.7,연도대륙,13086.0,9987.0,2,전체,0
202103,유럽,-67.6,러시아,1576.0,510.0,3,남성,1
202103,유럽,-73.8,러시아,1346.0,353.0,3,여성,1
202103,유럽,-34.7,러시아,2378.0,1554.0,3,승무원,1
202103,유럽,-54.4,러시아,5300.0,2417.0,3,전체,1
202103,유럽,-79.2,영국,514.0,107.0,3,남성,2
202103,유럽,-83.6,영국,336.0,55.0,3,여성,2
202103,유럽,-43.7,영국,323.0,182.0,3,승무원,2
202103,유럽,-70.7,영국,1173.0,344.0,3,전체,2
202103,유럽,-33.6,독일,494.0,328.0,3,남성,3
202103,유럽,-83.6,독일,409.0,67.0,3,여성,3
202103,유럽,130.8,독일,292.0,674.0,3,승무원,3
202103,유럽,-10.5,독일,1195.0,1069.0,3,전체,3
202103,유럽,-82.1,프랑스,537.0,96.0,3,남성,4
202103,유럽,-90.7,프랑스,475.0,44.0,3,여성,4
202103,유럽,325.9,프랑스,205.0,873.0,3,승무원,4
202103,유럽,-16.8,프랑스,1217.0,1013.0,3,전체,4
202103,유럽,14.5,이탈리아,76.0,87.0,3,남성,5
202103,유럽,-63.9,이탈리아,61.0,22.0,3,여성,5
202103,유럽,-34.2,이탈리아,111.0,73.0,3,승무원,5
202103,유럽,-26.6,이탈리아,248.0,182.0,3,전체,5
202103,유럽,-67.8,네덜란드,149.0,48.0,3,남성,6
202103,유럽,-84.8,네덜란드,79.0,12.0,3,여성,6
202103,유럽,198.4,네덜란드,369.0,1101.0,3,승무원,6
202103,유럽,94.5,네덜란드,597.0,1161.0,3,전체,6
202103,유럽,25.3,우크라이나,281.0,352.0,3,남성,7
202103,유럽,-31.9,우크라이나,72.0,49.0,3,여성,7
202103,유럽,235.0,우크라이나,277.0,928.0,3,승무원,7
202103,유럽,111.0,우크라이나,630.0,1329.0,3,전체,7
202103,유럽,-24.8,스페인,101.0,76.0,3,남성,8
202103,유럽,-41.8,스페인,91.0,53.0,3,여성,8
202103,유럽,-42.9,스페인,63.0,36.0,3,승무원,8
202103,유럽,-35.3,스페인,255.0,165.0,3,전체,8
202103,유럽,3.6,루마니아,84.0,87.0,3,남성,9
202103,유럽,-68.4,루마니아,19.0,6.0,3,여성,9
202103,유럽,130.0,루마니아,70.0,161.0,3,승무원,9
202103,유럽,46.8,루마니아,173.0,254.0,3,전체,9
202103,유럽,-65.9,노르웨이,41.0,14.0,3,남성,10
202103,유럽,-91.1,노르웨이,45.0,4.0,3,여성,10
202103,유럽,63.6,노르웨이,11.0,18.0,3,승무원,10
202103,유럽,-62.9,노르웨이,97.0,36.0,3,전체,10
202103,유럽,-80.9,스웨덴,89.0,17.0,3,남성,11
202103,유럽,-84.1,스웨덴,88.0,14.0,3,여성,11
202103,유럽,127.3,스웨덴,11.0,25.0,3,승무원,11
202103,유럽,-70.2,스웨덴,188.0,56.0,3,전체,11
202103,유럽,-56.8,폴란드,132.0,57.0,3,남성,12
202103,유럽,-71.8,폴란드,39.0,11.0,3,여성,12
202103,유럽,64.2,폴란드,151.0,248.0,3,승무원,12
202103,유럽,-1.9,폴란드,322.0,316.0,3,전체,12
202103,유럽,-40.0,스위스,35.0,21.0,3,남성,13
202103,유럽,-88.5,스위스,52.0,6.0,3,여성,13
202103,유럽,133.3,스위스,18.0,42.0,3,승무원,13
202103,유럽,-34.3,스위스,105.0,69.0,3,전체,13
202103,유럽,-15.0,포르투갈,20.0,17.0,3,남성,14
202103,유럽,-66.7,포르투갈,15.0,5.0,3,여성,14
202103,유럽,7.7,포르투갈,26.0,28.0,3,승무원,14
202103,유럽,-18.0,포르투갈,61.0,50.0,3,전체,14
202103,유럽,19.2,오스트리아,26.0,31.0,3,남성,15
202103,유럽,-60.0,오스트리아,25.0,10.0,3,여성,15
202103,유럽,33.3,오스트리아,45.0,60.0,3,승무원,15
202103,유럽,5.2,오스트리아,96.0,101.0,3,전체,15
202103,유럽,55.0,핀란드,20.0,31.0,3,남성,16
202103,유럽,-91.2,핀란드,34.0,3.0,3,여성,16
202103,유럽,65.6,핀란드,90.0,149.0,3,승무원,16
202103,유럽,27.1,핀란드,144.0,183.0,3,전체,16
202103,유럽,-60.3,벨기에,58.0,23.0,3,남성,17
202103,유럽,-78.4,벨기에,37.0,8.0,3,여성,17
202103,유럽,21.7,벨기에,69.0,84.0,3,승무원,17
202103,유럽,-29.9,벨기에,164.0,115.0,3,전체,17
202103,유럽,-63.1,크로아티아,65.0,24.0,3,남성,18
202103,유럽,25.0,크로아티아,4.0,5.0,3,여성,18
202103,유럽,326.7,크로아티아,15.0,64.0,3,승무원,18
202103,유럽,10.7,크로아티아,84.0,93.0,3,전체,18
202103,유럽,15.6,그리스,128.0,148.0,3,남성,19
202103,유럽,-75.0,그리스,20.0,5.0,3,여성,19
202103,유럽,190.2,그리스,51.0,148.0,3,승무원,19
202103,유럽,51.3,그리스,199.0,301.0,3,전체,19
202103,유럽,-31.6,불가리아,38.0,26.0,3,남성,20
202103,유럽,-60.0,불가리아,10.0,4.0,3,여성,20
202103,유럽,500.0,불가리아,32.0,192.0,3,승무원,20
202103,유럽,177.5,불가리아,80.0,222.0,3,전체,20
202103,유럽,-39.2,덴마크,51.0,31.0,3,남성,21
202103,유럽,-92.9,덴마크,56.0,4.0,3,여성,21
202103,유럽,200.0,덴마크,7.0,21.0,3,승무원,21
202103,유럽,-50.9,덴마크,114.0,56.0,3,전체,21
202103,유럽,-63.0,아일랜드,54.0,20.0,3,남성,22
202103,유럽,-68.2,아일랜드,22.0,7.0,3,여성,22
202103,유럽,-50.0,아일랜드,30.0,15.0,3,승무원,22
202103,유럽,-60.4,아일랜드,106.0,42.0,3,전체,22
202103,유럽,-59.3,기타,189.0,77.0,3,남성,23
202103,유럽,-79.2,기타,168.0,35.0,3,여성,23
202103,유럽,66.3,기타,181.0,301.0,3,승무원,23
202103,유럽,-23.2,기타,538.0,413.0,3,전체,23
202103,오세아니아,-84.4,연도대륙,475.0,74.0,2,남성,0
202103,오세아니아,-82.3,연도대륙,389.0,69.0,2,여성,0
202103,오세아니아,-24.4,연도대륙,221.0,167.0,2,승무원,0
202103,오세아니아,-71.4,연도대륙,1085.0,310.0,2,전체,0
202103,오세아니아,-85.6,호주,341.0,49.0,3,남성,1
202103,오세아니아,-83.4,호주,302.0,50.0,3,여성,1
202103,오세아니아,-37.6,호주,117.0,73.0,3,승무원,1
202103,오세아니아,-77.4,호주,760.0,172.0,3,전체,1
202103,오세아니아,-80.8,뉴질랜드,120.0,23.0,3,남성,2
202103,오세아니아,-76.5,뉴질랜드,81.0,19.0,3,여성,2
202103,오세아니아,-12.2,뉴질랜드,74.0,65.0,3,승무원,2
202103,오세아니아,-61.1,뉴질랜드,275.0,107.0,3,전체,2
202103,오세아니아,-85.7,기타,14.0,2.0,3,남성,3
202103,오세아니아,-100.0,기타,6.0,0.0,3,여성,3
202103,오세아니아,-3.3,기타,30.0,29.0,3,승무원,3
202103,오세아니아,-38.0,기타,50.0,31.0,3,전체,3
202103,아프리카,-56.1,연도대륙,488.0,214.0,2,남성,0
202103,아프리카,-65.9,연도대륙,229.0,78.0,2,여성,0
202103,아프리카,10.1,연도대륙,466.0,513.0,2,승무원,0
202103,아프리카,-32.0,연도대륙,1183.0,805.0,2,전체,0
202103,아프리카,-93.1,남아프리카공화국,72.0,5.0,3,남성,1
202103,아프리카,-95.7,남아프리카공화국,116.0,5.0,3,여성,1
202103,아프리카,2.0,남아프리카공화국,49.0,50.0,3,승무원,1
202103,아프리카,-74.7,남아프리카공화국,237.0,60.0,3,전체,1
202103,아프리카,-49.8,기타,416.0,209.0,3,남성,2
202103,아프리카,-35.4,기타,113.0,73.0,3,여성,2
202103,아프리카,11.0,기타,417.0,463.0,3,승무원,2
202103,아프리카,-21.2,기타,946.0,745.0,3,전체,2
202103,기타,-57.1,연도대륙,7.0,3.0,2,남성,0
202103,기타,-100.0,연도대륙,1.0,0.0,2,여성,0
202103,기타,66.7,연도대륙,3.0,5.0,2,승무원,0
202103,기타,-27.3,연도대륙,11.0,8.0,2,전체,0
202103,기타,-57.1,기타,7.0,3.0,3,남성,1
202103,기타,-100.0,기타,1.0,0.0,3,여성,1
202103,기타,66.7,기타,3.0,5.0,3,승무원,1
202103,기타,-27.3,기타,11.0,8.0,3,전체,1
202103,교포,-52.8,연도대륙,775.0,366.0,2,남성,0
202103,교포,-47.4,연도대륙,840.0,442.0,2,여성,0
202103,교포,0.0,연도대륙,0.0,0.0,2,승무원,0
202103,교포,-50.0,연도대륙,1615.0,808.0,2,전체,0
202103,교포,-52.8,교포,775.0,366.0,3,남성,1
202103,교포,-47.4,교포,840.0,442.0,3,여성,1
202103,교포,0.0,교포,0.0,0.0,3,승무원,1
202103,교포,-50.0,교포,1615.0,808.0,3,전체,1
202104,대륙전체,104.6,연도,11655.0,23842.0,1,남성,0
202104,대륙전체,36.2,연도,8534.0,11620.0,1,여성,0
202104,대륙전체,275.6,연도,9226.0,34650.0,1,승무원,0
202104,대륙전체,138.4,연도,29415.0,70112.0,1,전체,0
202104,아시아,104.0,연도대륙,8721.0,17787.0,2,남성,0
202104,아시아,18.5,연도대륙,6135.0,7267.0,2,여성,0
202104,아시아,732.7,연도대륙,2260.0,18820.0,2,승무원,0
202104,아시아,156.3,연도대륙,17116.0,43874.0,2,전체,0
202104,아시아,261.1,중국,2238.0,8081.0,3,남성,1
202104,아시아,219.1,중국,1621.0,5172.0,3,여성,1
202104,아시아,4606.6,중국,76.0,3577.0,3,승무원,1
202104,아시아,327.7,중국,3935.0,16830.0,3,전체,1
202104,아시아,293.3,일본,165.0,649.0,3,남성,2
202104,아시아,6.5,일본,155.0,165.0,3,여성,2
202104,아시아,45.0,일본,40.0,58.0,3,승무원,2
202104,아시아,142.2,일본,360.0,872.0,3,전체,2
202104,아시아,51.9,대만,52.0,79.0,3,남성,3
202104,아시아,24.5,대만,53.0,66.0,3,여성,3
202104,아시아,166.0,대만,50.0,133.0,3,승무원,3
202104,아시아,79.4,대만,155.0,278.0,3,전체,3
202104,아시아,-38.9,홍콩,18.0,11.0,3,남성,4
202104,아시아,14.3,홍콩,14.0,16.0,3,여성,4
202104,아시아,266.7,홍콩,3.0,11.0,3,승무원,4
202104,아시아,8.6,홍콩,35.0,38.0,3,전체,4
202104,아시아,-100.0,마카오,1.0,0.0,3,남성,5
202104,아시아,0.0,마카오,0.0,0.0,3,여성,5
202104,아시아,0.0,마카오,0.0,0.0,3,승무원,5
202104,아시아,-100.0,마카오,1.0,0.0,3,전체,5
202104,아시아,248.8,필리핀,492.0,1716.0,3,남성,6
202104,아시아,-5.6,필리핀,36.0,34.0,3,여성,6
202104,아시아,1004.3,필리핀,602.0,6648.0,3,승무원,6
202104,아시아,643.2,필리핀,1130.0,8398.0,3,전체,6
202104,아시아,72.4,인도네시아,948.0,1634.0,3,남성,7
202104,아시아,-41.2,인도네시아,102.0,60.0,3,여성,7
202104,아시아,144.0,인도네시아,814.0,1986.0,3,승무원,7
202104,아시아,97.4,인도네시아,1864.0,3680.0,3,전체,7
202104,아시아,75.7,태국,111.0,195.0,3,남성,8
202104,아시아,-8.1,태국,136.0,125.0,3,여성,8
202104,아시아,255.8,태국,52.0,185.0,3,승무원,8
202104,아시아,68.9,태국,299.0,505.0,3,전체,8
202104,아시아,-80.2,베트남,3138.0,620.0,3,남성,9
202104,아시아,-90.4,베트남,3394.0,326.0,3,여성,9
202104,아시아,520.0,베트남,65.0,403.0,3,승무원,9
202104,아시아,-79.6,베트남,6597.0,1349.0,3,전체,9
202104,아시아,1078.6,인도,70.0,825.0,3,남성,10
202104,아시아,653.3,인도,15.0,113.0,3,여성,10
202104,아시아,1035.2,인도,125.0,1419.0,3,승무원,10
202104,아시아,1022.4,인도,210.0,2357.0,3,전체,10
202104,아시아,-30.9,말레이시아,55.0,38.0,3,남성,11
202104,아시아,-64.8,말레이시아,54.0,19.0,3,여성,11
202104,아시아,353.5,말레이시아,43.0,195.0,3,승무원,11
202104,아시아,65.8,말레이시아,152.0,252.0,3,전체,11
202104,아시아,27.3,싱가포르,22.0,28.0,3,남성,12
202104,아시아,-16.7,싱가포르,12.0,10.0,3,여성,12
202104,아시아,350.0,싱가포르,14.0,63.0,3,승무원,12
202104,아시아,110.4,싱가포르,48.0,101.0,3,전체,12
202104,아시아,-73.5,몽골,257.0,68.0,3,남성,13
202104,아시아,-75.8,몽골,359.0,87.0,3,여성,13
202104,아시아,0.0,몽골,0.0,2.0,3,승무원,13
202104,아시아,-74.5,몽골,616.0,157.0,3,전체,13
202104,아시아,35100.0,우즈베키스탄,3.0,1056.0,3,남성,14
202104,아시아,9475.0,우즈베키스탄,4.0,383.0,3,여성,14
202104,아시아,0.0,우즈베키스탄,0.0,5.0,3,승무원,14
202104,아시아,20528.6,우즈베키스탄,7.0,1444.0,3,전체,14
202104,아시아,100.2,미얀마,443.0,887.0,3,남성,15
202104,아시아,-59.3,미얀마,27.0,11.0,3,여성,15
202104,아시아,1072.7,미얀마,293.0,3436.0,3,승무원,15
202104,아시아,468.0,미얀마,763.0,4334.0,3,전체,15
202104,아시아,362.5,GCC,8.0,37.0,3,남성,16
202104,아시아,125.0,GCC,8.0,18.0,3,여성,16
202104,아시아,377.8,GCC,9.0,43.0,3,승무원,16
202104,아시아,292.0,GCC,25.0,98.0,3,전체,16
202104,아시아,5960.0,카자흐스탄,5.0,303.0,3,남성,17
202104,아시아,3375.0,카자흐스탄,8.0,278.0,3,여성,17
202104,아시아,2200.0,카자흐스탄,2.0,46.0,3,승무원,17
202104,아시아,4080.0,카자흐스탄,15.0,627.0,3,전체,17
202104,아시아,940.0,튀르키예,5.0,52.0,3,남성,18
202104,아시아,33.3,튀르키예,3.0,4.0,3,여성,18
202104,아시아,1605.6,튀르키예,18.0,307.0,3,승무원,18
202104,아시아,1296.2,튀르키예,26.0,363.0,3,전체,18
202104,아시아,17.2,캄보디아,435.0,510.0,3,남성,19
202104,아시아,-17.9,캄보디아,112.0,92.0,3,여성,19
202104,아시아,0.0,캄보디아,0.0,0.0,3,승무원,19
202104,아시아,10.1,캄보디아,547.0,602.0,3,전체,19
202104,아시아,-18.4,스리랑카,174.0,142.0,3,남성,20
202104,아시아,-33.3,스리랑카,3.0,2.0,3,여성,20
202104,아시아,2600.0,스리랑카,6.0,162.0,3,승무원,20
202104,아시아,67.2,스리랑카,183.0,306.0,3,전체,20
202104,아시아,4200.0,방글라데시,2.0,86.0,3,남성,21
202104,아시아,0.0,방글라데시,0.0,57.0,3,여성,21
202104,아시아,522.2,방글라데시,9.0,56.0,3,승무원,21
202104,아시아,1709.1,방글라데시,11.0,199.0,3,전체,21
202104,아시아,504.1,파키스탄,49.0,296.0,3,남성,22
202104,아시아,2400.0,파키스탄,4.0,100.0,3,여성,22
202104,아시아,50.0,파키스탄,14.0,21.0,3,승무원,22
202104,아시아,522.4,파키스탄,67.0,417.0,3,전체,22
202104,아시아,2025.0,이스라엘,4.0,85.0,3,남성,23
202104,아시아,-16.7,이스라엘,6.0,5.0,3,여성,23
202104,아시아,-72.7,이스라엘,11.0,3.0,3,승무원,23
202104,아시아,342.9,이스라엘,21.0,93.0,3,전체,23
202104,아시아,-37.5,이란,8.0,5.0,3,남성,24
202104,아시아,125.0,이란,4.0,9.0,3,여성,24
202104,아시아,0.0,이란,1.0,1.0,3,승무원,24
202104,아시아,15.4,이란,13.0,15.0,3,전체,24
202104,아시아,2033.3,기타,18.0,384.0,3,남성,25
202104,아시아,2200.0,기타,5.0,115.0,3,여성,25
202104,아시아,361.5,기타,13.0,60.0,3,승무원,25
202104,아시아,1452.8,기타,36.0,559.0,3,전체,25
202104,아메리카,71.7,연도대륙,1804.0,3098.0,2,남성,0
202104,아메리카,86.2,연도대륙,1672.0,3113.0,2,여성,0
202104,아메리카,143.2,연도대륙,3553.0,8641.0,2,승무원,0
202104,아메리카,111.3,연도대륙,7029.0,14852.0,2,전체,0
202104,아메리카,79.8,미국,1581.0,2843.0,3,남성,1
202104,아메리카,91.6,미국,1475.0,2826.0,3,여성,1
202104,아메리카,116.5,미국,3361.0,7275.0,3,승무원,1
202104,아메리카,101.7,미국,6417.0,12944.0,3,전체,1
202104,아메리카,10.3,캐나다,185.0,204.0,3,남성,2
202104,아메리카,30.4,캐나다,161.0,210.0,3,여성,2
202104,아메리카,1200.0,캐나다,76.0,988.0,3,승무원,2
202104,아메리카,232.2,캐나다,422.0,1402.0,3,전체,2
202104,아메리카,-9.1,브라질,11.0,10.0,3,남성,3
202104,아메리카,53.3,브라질,15.0,23.0,3,여성,3
202104,아메리카,123.1,브라질,26.0,58.0,3,승무원,3
202104,아메리카,75.0,브라질,52.0,91.0,3,전체,3
202104,아메리카,52.9,멕시코,17.0,26.0,3,남성,4
202104,아메리카,150.0,멕시코,12.0,30.0,3,여성,4
202104,아메리카,796.2,멕시코,26.0,233.0,3,승무원,4
202104,아메리카,425.5,멕시코,55.0,289.0,3,전체,4
202104,아메리카,50.0,기타,10.0,15.0,3,남성,5
202104,아메리카,166.7,기타,9.0,24.0,3,여성,5
202104,아메리카,35.9,기타,64.0,87.0,3,승무원,5
202104,아메리카,51.8,기타,83.0,126.0,3,전체,5
202104,유럽,216.7,연도대륙,724.0,2293.0,2,남성,0
202104,유럽,133.5,연도대륙,245.0,572.0,2,여성,0
202104,유럽,105.0,연도대륙,3166.0,6491.0,2,승무원,0
202104,유럽,126.3,연도대륙,4135.0,9356.0,2,전체,0
202104,유럽,331.6,러시아,136.0,587.0,3,남성,1
202104,유럽,1233.3,러시아,24.0,320.0,3,여성,1
202104,유럽,32.1,러시아,1063.0,1404.0,3,승무원,1
202104,유럽,89.0,러시아,1223.0,2311.0,3,전체,1
202104,유럽,16.5,영국,115.0,134.0,3,남성,2
202104,유럽,-41.4,영국,70.0,41.0,3,여성,2
202104,유럽,-4.4,영국,113.0,108.0,3,승무원,2
202104,유럽,-5.0,영국,298.0,283.0,3,전체,2
202104,유럽,718.6,독일,43.0,352.0,3,남성,3
202104,유럽,113.0,독일,23.0,49.0,3,여성,3
202104,유럽,-20.4,독일,967.0,770.0,3,승무원,3
202104,유럽,13.4,독일,1033.0,1171.0,3,전체,3
202104,유럽,-12.0,프랑스,100.0,88.0,3,남성,4
202104,유럽,-45.5,프랑스,33.0,18.0,3,여성,4
202104,유럽,368.7,프랑스,147.0,689.0,3,승무원,4
202104,유럽,183.9,프랑스,280.0,795.0,3,전체,4
202104,유럽,915.4,이탈리아,13.0,132.0,3,남성,5
202104,유럽,0.0,이탈리아,8.0,8.0,3,여성,5
202104,유럽,129.4,이탈리아,34.0,78.0,3,승무원,5
202104,유럽,296.4,이탈리아,55.0,218.0,3,전체,5
202104,유럽,147.4,네덜란드,19.0,47.0,3,남성,6
202104,유럽,200.0,네덜란드,4.0,12.0,3,여성,6
202104,유럽,225.4,네덜란드,362.0,1178.0,3,승무원,6
202104,유럽,221.3,네덜란드,385.0,1237.0,3,전체,6
202104,유럽,506.6,우크라이나,61.0,370.0,3,남성,7
202104,유럽,300.0,우크라이나,6.0,24.0,3,여성,7
202104,유럽,1557.1,우크라이나,49.0,812.0,3,승무원,7
202104,유럽,939.7,우크라이나,116.0,1206.0,3,전체,7
202104,유럽,145.5,스페인,11.0,27.0,3,남성,8
202104,유럽,25.0,스페인,8.0,10.0,3,여성,8
202104,유럽,291.7,스페인,12.0,47.0,3,승무원,8
202104,유럽,171.0,스페인,31.0,84.0,3,전체,8
202104,유럽,117.9,루마니아,39.0,85.0,3,남성,9
202104,유럽,200.0,루마니아,1.0,3.0,3,여성,9
202104,유럽,311.9,루마니아,42.0,173.0,3,승무원,9
202104,유럽,218.3,루마니아,82.0,261.0,3,전체,9
202104,유럽,-66.7,노르웨이,21.0,7.0,3,남성,10
202104,유럽,-66.7,노르웨이,6.0,2.0,3,여성,10
202104,유럽,112.5,노르웨이,8.0,17.0,3,승무원,10
202104,유럽,-25.7,노르웨이,35.0,26.0,3,전체,10
202104,유럽,300.0,스웨덴,7.0,28.0,3,남성,11
202104,유럽,-26.7,스웨덴,15.0,11.0,3,여성,11
202104,유럽,53.8,스웨덴,13.0,20.0,3,승무원,11
202104,유럽,68.6,스웨덴,35.0,59.0,3,전체,11
202104,유럽,146.7,폴란드,15.0,37.0,3,남성,12
202104,유럽,100.0,폴란드,5.0,10.0,3,여성,12
202104,유럽,257.1,폴란드,63.0,225.0,3,승무원,12
202104,유럽,227.7,폴란드,83.0,272.0,3,전체,12
202104,유럽,171.4,스위스,7.0,19.0,3,남성,13
202104,유럽,-41.2,스위스,17.0,10.0,3,여성,13
202104,유럽,355.6,스위스,9.0,41.0,3,승무원,13
202104,유럽,112.1,스위스,33.0,70.0,3,전체,13
202104,유럽,-50.0,포르투갈,10.0,5.0,3,남성,14
202104,유럽,0.0,포르투갈,3.0,3.0,3,여성,14
202104,유럽,46.2,포르투갈,13.0,19.0,3,승무원,14
202104,유럽,3.8,포르투갈,26.0,27.0,3,전체,14
202104,유럽,1250.0,오스트리아,2.0,27.0,3,남성,15
202104,유럽,0.0,오스트리아,0.0,4.0,3,여성,15
202104,유럽,27.3,오스트리아,66.0,84.0,3,승무원,15
202104,유럽,69.1,오스트리아,68.0,115.0,3,전체,15
202104,유럽,240.0,핀란드,5.0,17.0,3,남성,16
202104,유럽,100.0,핀란드,1.0,2.0,3,여성,16
202104,유럽,393.1,핀란드,29.0,143.0,3,승무원,16
202104,유럽,362.9,핀란드,35.0,162.0,3,전체,16
202104,유럽,40.0,벨기에,10.0,14.0,3,남성,17
202104,유럽,50.0,벨기에,4.0,6.0,3,여성,17
202104,유럽,88.4,벨기에,43.0,81.0,3,승무원,17
202104,유럽,77.2,벨기에,57.0,101.0,3,전체,17
202104,유럽,200.0,크로아티아,13.0,39.0,3,남성,18
202104,유럽,-100.0,크로아티아,1.0,0.0,3,여성,18
202104,유럽,637.5,크로아티아,8.0,59.0,3,승무원,18
202104,유럽,345.5,크로아티아,22.0,98.0,3,전체,18
202104,유럽,144.2,그리스,43.0,105.0,3,남성,19
202104,유럽,50.0,그리스,2.0,3.0,3,여성,19
202104,유럽,309.7,그리스,31.0,127.0,3,승무원,19
202104,유럽,209.2,그리스,76.0,235.0,3,전체,19
202104,유럽,-8.3,불가리아,24.0,22.0,3,남성,20
202104,유럽,0.0,불가리아,0.0,0.0,3,여성,20
202104,유럽,415.8,불가리아,19.0,98.0,3,승무원,20
202104,유럽,179.1,불가리아,43.0,120.0,3,전체,20
202104,유럽,350.0,덴마크,8.0,36.0,3,남성,21
202104,유럽,50.0,덴마크,4.0,6.0,3,여성,21
202104,유럽,73.3,덴마크,15.0,26.0,3,승무원,21
202104,유럽,151.9,덴마크,27.0,68.0,3,전체,21
202104,유럽,80.0,아일랜드,10.0,18.0,3,남성,22
202104,유럽,300.0,아일랜드,1.0,4.0,3,여성,22
202104,유럽,45.5,아일랜드,11.0,16.0,3,승무원,22
202104,유럽,72.7,아일랜드,22.0,38.0,3,전체,22
202104,유럽,708.3,기타,12.0,97.0,3,남성,23
202104,유럽,188.9,기타,9.0,26.0,3,여성,23
202104,유럽,463.3,기타,49.0,276.0,3,승무원,23
202104,유럽,470.0,기타,70.0,399.0,3,전체,23
202104,오세아니아,40.7,연도대륙,86.0,121.0,2,남성,0
202104,오세아니아,11.1,연도대륙,63.0,70.0,2,여성,0
202104,오세아니아,116.3,연도대륙,86.0,186.0,2,승무원,0
202104,오세아니아,60.4,연도대륙,235.0,377.0,2,전체,0
202104,오세아니아,34.1,호주,44.0,59.0,3,남성,1
202104,오세아니아,24.4,호주,41.0,51.0,3,여성,1
202104,오세아니아,51.3,호주,39.0,59.0,3,승무원,1
202104,오세아니아,36.3,호주,124.0,169.0,3,전체,1
202104,오세아니아,-23.8,뉴질랜드,42.0,32.0,3,남성,2
202104,오세아니아,-18.2,뉴질랜드,22.0,18.0,3,여성,2
202104,오세아니아,114.7,뉴질랜드,34.0,73.0,3,승무원,2
202104,오세아니아,25.5,뉴질랜드,98.0,123.0,3,전체,2
202104,오세아니아,0.0,기타,0.0,30.0,3,남성,3
202104,오세아니아,0.0,기타,0.0,1.0,3,여성,3
202104,오세아니아,315.4,기타,13.0,54.0,3,승무원,3
202104,오세아니아,553.8,기타,13.0,85.0,3,전체,3
202104,아프리카,400.0,연도대륙,33.0,165.0,2,남성,0
202104,아프리카,250.0,연도대륙,8.0,28.0,2,여성,0
202104,아프리카,223.4,연도대륙,158.0,511.0,2,승무원,0
202104,아프리카,253.8,연도대륙,199.0,704.0,2,전체,0
202104,아프리카,66.7,남아프리카공화국,3.0,5.0,3,남성,1
202104,아프리카,-50.0,남아프리카공화국,2.0,1.0,3,여성,1
202104,아프리카,47.1,남아프리카공화국,17.0,25.0,3,승무원,1
202104,아프리카,40.9,남아프리카공화국,22.0,31.0,3,전체,1
202104,아프리카,433.3,기타,30.0,160.0,3,남성,2
202104,아프리카,350.0,기타,6.0,27.0,3,여성,2
202104,아프리카,244.7,기타,141.0,486.0,3,승무원,2
202104,아프리카,280.2,기타,177.0,673.0,3,전체,2
202104,기타,0.0,연도대륙,0.0,1.0,2,남성,0
202104,기타,0.0,연도대륙,0.0,0.0,2,여성,0
202104,기타,-66.7,연도대륙,3.0,1.0,2,승무원,0
202104,기타,-33.3,연도대륙,3.0,2.0,2,전체,0
202104,기타,0.0,기타,0.0,1.0,3,남성,1
202104,기타,0.0,기타,0.0,0.0,3,여성,1
202104,기타,-66.7,기타,3.0,1.0,3,승무원,1
202104,기타,-33.3,기타,3.0,2.0,3,전체,1
202104,교포,31.4,연도대륙,287.0,377.0,2,남성,0
202104,교포,38.7,연도대륙,411.0,570.0,2,여성,0
202104,교포,0.0,연도대륙,0.0,0.0,2,승무원,0
202104,교포,35.7,연도대륙,698.0,947.0,2,전체,0
202104,교포,31.4,교포,287.0,377.0,3,남성,1
202104,교포,38.7,교포,411.0,570.0,3,여성,1
202104,교포,0.0,교포,0.0,0.0,3,승무원,1
202104,교포,35.7,교포,698.0,947.0,3,전체,1
202105,대륙전체,106.5,연도,11874.0,24517.0,1,남성,0
202105,대륙전체,132.0,연도,6123.0,14207.0,1,여성,0
202105,대륙전체,179.0,연도,12809.0,35739.0,1,승무원,0
202105,대륙전체,141.7,연도,30806.0,74463.0,1,전체,0
202105,아시아,115.5,연도대륙,7773.0,16748.0,2,남성,0
202105,아시아,135.2,연도대륙,3099.0,7290.0,2,여성,0
202105,아시아,661.3,연도대륙,2427.0,18476.0,2,승무원,0
202105,아시아,219.7,연도대륙,13299.0,42514.0,2,전체,0
202105,아시아,109.8,중국,3057.0,6415.0,3,남성,1
202105,아시아,115.0,중국,1938.0,4166.0,3,여성,1
202105,아시아,2721.7,중국,129.0,3640.0,3,승무원,1
202105,아시아,177.5,중국,5124.0,14221.0,3,전체,1
202105,아시아,204.0,일본,223.0,678.0,3,남성,2
202105,아시아,375.4,일본,142.0,675.0,3,여성,2
202105,아시아,4.2,일본,48.0,50.0,3,승무원,2
202105,아시아,239.7,일본,413.0,1403.0,3,전체,2
202105,아시아,111.8,대만,51.0,108.0,3,남성,3
202105,아시아,45.8,대만,72.0,105.0,3,여성,3
202105,아시아,106.1,대만,66.0,136.0,3,승무원,3
202105,아시아,84.7,대만,189.0,349.0,3,전체,3
202105,아시아,266.7,홍콩,6.0,22.0,3,남성,4
202105,아시아,372.7,홍콩,11.0,52.0,3,여성,4
202105,아시아,200.0,홍콩,7.0,21.0,3,승무원,4
202105,아시아,295.8,홍콩,24.0,95.0,3,전체,4
202105,아시아,0.0,마카오,1.0,1.0,3,남성,5
202105,아시아,0.0,마카오,0.0,1.0,3,여성,5
202105,아시아,0.0,마카오,0.0,0.0,3,승무원,5
202105,아시아,100.0,마카오,1.0,2.0,3,전체,5
202105,아시아,196.7,필리핀,799.0,2371.0,3,남성,6
202105,아시아,112.9,필리핀,31.0,66.0,3,여성,6
202105,아시아,818.3,필리핀,709.0,6511.0,3,승무원,6
202105,아시아,481.4,필리핀,1539.0,8948.0,3,전체,6
202105,아시아,113.4,인도네시아,962.0,2053.0,3,남성,7
202105,아시아,127.6,인도네시아,29.0,66.0,3,여성,7
202105,아시아,158.9,인도네시아,761.0,1970.0,3,승무원,7
202105,아시아,133.4,인도네시아,1752.0,4089.0,3,전체,7
202105,아시아,173.3,태국,86.0,235.0,3,남성,8
202105,아시아,182.8,태국,64.0,181.0,3,여성,8
202105,아시아,371.1,태국,45.0,212.0,3,승무원,8
202105,아시아,222.1,태국,195.0,628.0,3,전체,8
202105,아시아,-13.2,베트남,786.0,682.0,3,남성,9
202105,아시아,22.0,베트남,532.0,649.0,3,여성,9
202105,아시아,527.0,베트남,63.0,395.0,3,승무원,9
202105,아시아,25.0,베트남,1381.0,1726.0,3,전체,9
202105,아시아,183.1,인도,195.0,552.0,3,남성,10
202105,아시아,60.0,인도,35.0,56.0,3,여성,10
202105,아시아,621.1,인도,185.0,1334.0,3,승무원,10
202105,아시아,368.0,인도,415.0,1942.0,3,전체,10
202105,아시아,64.3,말레이시아,28.0,46.0,3,남성,11
202105,아시아,21.1,말레이시아,19.0,23.0,3,여성,11
202105,아시아,327.9,말레이시아,43.0,184.0,3,승무원,11
202105,아시아,181.1,말레이시아,90.0,253.0,3,전체,11
202105,아시아,47.8,싱가포르,23.0,34.0,3,남성,12
202105,아시아,16.7,싱가포르,12.0,14.0,3,여성,12
202105,아시아,107.1,싱가포르,14.0,29.0,3,승무원,12
202105,아시아,57.1,싱가포르,49.0,77.0,3,전체,12
202105,아시아,200.0,몽골,34.0,102.0,3,남성,13
202105,아시아,275.0,몽골,44.0,165.0,3,여성,13
202105,아시아,0.0,몽골,0.0,9.0,3,승무원,13
202105,아시아,253.8,몽골,78.0,276.0,3,전체,13
202105,아시아,15360.0,우즈베키스탄,5.0,773.0,3,남성,14
202105,아시아,7240.0,우즈베키스탄,5.0,367.0,3,여성,14
202105,아시아,0.0,우즈베키스탄,0.0,0.0,3,승무원,14
202105,아시아,11300.0,우즈베키스탄,10.0,1140.0,3,전체,14
202105,아시아,148.3,미얀마,433.0,1075.0,3,남성,15
202105,아시아,100.0,미얀마,6.0,12.0,3,여성,15
202105,아시아,1126.0,미얀마,262.0,3212.0,3,승무원,15
202105,아시아,513.3,미얀마,701.0,4299.0,3,전체,15
202105,아시아,1066.7,GCC,6.0,70.0,3,남성,16
202105,아시아,3400.0,GCC,1.0,35.0,3,여성,16
202105,아시아,325.0,GCC,8.0,34.0,3,승무원,16
202105,아시아,826.7,GCC,15.0,139.0,3,전체,16
202105,아시아,2660.0,카자흐스탄,10.0,276.0,3,남성,17
202105,아시아,3357.1,카자흐스탄,7.0,242.0,3,여성,17
202105,아시아,488.9,카자흐스탄,9.0,53.0,3,승무원,17
202105,아시아,2096.2,카자흐스탄,26.0,571.0,3,전체,17
202105,아시아,175.0,튀르키예,8.0,22.0,3,남성,18
202105,아시아,800.0,튀르키예,2.0,18.0,3,여성,18
202105,아시아,2125.0,튀르키예,16.0,356.0,3,승무원,18
202105,아시아,1423.1,튀르키예,26.0,396.0,3,전체,18
202105,아시아,66.1,캄보디아,277.0,460.0,3,남성,19
202105,아시아,125.9,캄보디아,81.0,183.0,3,여성,19
202105,아시아,0.0,캄보디아,0.0,0.0,3,승무원,19
202105,아시아,79.6,캄보디아,358.0,643.0,3,전체,19
202105,아시아,-65.4,스리랑카,408.0,141.0,3,남성,20
202105,아시아,-25.0,스리랑카,8.0,6.0,3,여성,20
202105,아시아,442.3,스리랑카,26.0,141.0,3,승무원,20
202105,아시아,-34.8,스리랑카,442.0,288.0,3,전체,20
202105,아시아,-56.5,방글라데시,161.0,70.0,3,남성,21
202105,아시아,522.2,방글라데시,9.0,56.0,3,여성,21
202105,아시아,5500.0,방글라데시,2.0,112.0,3,승무원,21
202105,아시아,38.4,방글라데시,172.0,238.0,3,전체,21
202105,아시아,-54.1,파키스탄,183.0,84.0,3,남성,22
202105,아시아,37.5,파키스탄,24.0,33.0,3,여성,22
202105,아시아,75.0,파키스탄,8.0,14.0,3,승무원,22
202105,아시아,-39.1,파키스탄,215.0,131.0,3,전체,22
202105,아시아,2433.3,이스라엘,3.0,76.0,3,남성,23
202105,아시아,1000.0,이스라엘,1.0,11.0,3,여성,23
202105,아시아,0.0,이스라엘,0.0,2.0,3,승무원,23
202105,아시아,2125.0,이스라엘,4.0,89.0,3,전체,23
202105,아시아,0.0,이란,0.0,8.0,3,남성,24
202105,아시아,114.3,이란,7.0,15.0,3,여성,24
202105,아시아,0.0,이란,1.0,1.0,3,승무원,24
202105,아시아,200.0,이란,8.0,24.0,3,전체,24
202105,아시아,1307.1,기타,28.0,394.0,3,남성,25
202105,아시아,389.5,기타,19.0,93.0,3,여성,25
202105,아시아,140.0,기타,25.0,60.0,3,승무원,25
202105,아시아,659.7,기타,72.0,547.0,3,전체,25
202105,아메리카,108.3,연도대륙,2343.0,4880.0,2,남성,0
202105,아메리카,131.9,연도대륙,2281.0,5289.0,2,여성,0
202105,아메리카,89.0,연도대륙,4998.0,9448.0,2,승무원,0
202105,아메리카,103.9,연도대륙,9622.0,19617.0,2,전체,0
202105,아메리카,108.7,미국,2180.0,4549.0,3,남성,1
202105,아메리카,136.0,미국,2083.0,4915.0,3,여성,1
202105,아메리카,74.7,미국,4472.0,7814.0,3,승무원,1
202105,아메리카,97.8,미국,8735.0,17278.0,3,전체,1
202105,아메리카,83.0,캐나다,135.0,247.0,3,남성,2
202105,아메리카,78.9,캐나다,161.0,288.0,3,여성,2
202105,아메리카,193.7,캐나다,399.0,1172.0,3,승무원,2
202105,아메리카,145.6,캐나다,695.0,1707.0,3,전체,2
202105,아메리카,130.0,브라질,10.0,23.0,3,남성,3
202105,아메리카,0.0,브라질,16.0,16.0,3,여성,3
202105,아메리카,144.4,브라질,27.0,66.0,3,승무원,3
202105,아메리카,98.1,브라질,53.0,105.0,3,전체,3
202105,아메리카,225.0,멕시코,8.0,26.0,3,남성,4
202105,아메리카,133.3,멕시코,15.0,35.0,3,여성,4
202105,아메리카,563.0,멕시코,46.0,305.0,3,승무원,4
202105,아메리카,430.4,멕시코,69.0,366.0,3,전체,4
202105,아메리카,250.0,기타,10.0,35.0,3,남성,5
202105,아메리카,483.3,기타,6.0,35.0,3,여성,5
202105,아메리카,68.5,기타,54.0,91.0,3,승무원,5
202105,아메리카,130.0,기타,70.0,161.0,3,전체,5
202105,유럽,67.0,연도대륙,1348.0,2251.0,2,남성,0
202105,유럽,323.4,연도대륙,205.0,868.0,2,여성,0
202105,유럽,38.1,연도대륙,5196.0,7178.0,2,승무원,0
202105,유럽,52.6,연도대륙,6749.0,10297.0,2,전체,0
202105,유럽,445.4,러시아,97.0,529.0,3,남성,1
202105,유럽,679.6,러시아,54.0,421.0,3,여성,1
202105,유럽,23.2,러시아,1490.0,1835.0,3,승무원,1
202105,유럽,69.7,러시아,1641.0,2785.0,3,전체,1
202105,유럽,-21.7,영국,203.0,159.0,3,남성,2
202105,유럽,9.4,영국,64.0,70.0,3,여성,2
202105,유럽,8.4,영국,107.0,116.0,3,승무원,2
202105,유럽,-7.8,영국,374.0,345.0,3,전체,2
202105,유럽,307.2,독일,83.0,338.0,3,남성,3
202105,유럽,387.5,독일,16.0,78.0,3,여성,3
202105,유럽,-46.8,독일,1655.0,881.0,3,승무원,3
202105,유럽,-26.1,독일,1754.0,1297.0,3,전체,3
202105,유럽,25.3,프랑스,83.0,104.0,3,남성,4
202105,유럽,218.2,프랑스,11.0,35.0,3,여성,4
202105,유럽,1319.0,프랑스,63.0,894.0,3,승무원,4
202105,유럽,558.0,프랑스,157.0,1033.0,3,전체,4
202105,유럽,234.2,이탈리아,38.0,127.0,3,남성,5
202105,유럽,250.0,이탈리아,8.0,28.0,3,여성,5
202105,유럽,-37.6,이탈리아,133.0,83.0,3,승무원,5
202105,유럽,33.0,이탈리아,179.0,238.0,3,전체,5
202105,유럽,146.2,네덜란드,26.0,64.0,3,남성,6
202105,유럽,250.0,네덜란드,6.0,21.0,3,여성,6
202105,유럽,75.2,네덜란드,661.0,1158.0,3,승무원,6
202105,유럽,79.4,네덜란드,693.0,1243.0,3,전체,6
202105,유럽,21.8,우크라이나,275.0,335.0,3,남성,7
202105,유럽,900.0,우크라이나,6.0,60.0,3,여성,7
202105,유럽,394.0,우크라이나,150.0,741.0,3,승무원,7
202105,유럽,163.6,우크라이나,431.0,1136.0,3,전체,7
202105,유럽,51.7,스페인,29.0,44.0,3,남성,8
202105,유럽,900.0,스페인,2.0,20.0,3,여성,8
202105,유럽,58.3,스페인,36.0,57.0,3,승무원,8
202105,유럽,80.6,스페인,67.0,121.0,3,전체,8
202105,유럽,41.3,루마니아,46.0,65.0,3,남성,9
202105,유럽,0.0,루마니아,0.0,5.0,3,여성,9
202105,유럽,206.4,루마니아,47.0,144.0,3,승무원,9
202105,유럽,130.1,루마니아,93.0,214.0,3,전체,9
202105,유럽,-74.4,노르웨이,43.0,11.0,3,남성,10
202105,유럽,300.0,노르웨이,1.0,4.0,3,여성,10
202105,유럽,72.7,노르웨이,11.0,19.0,3,승무원,10
202105,유럽,-38.2,노르웨이,55.0,34.0,3,전체,10
202105,유럽,175.0,스웨덴,8.0,22.0,3,남성,11
202105,유럽,333.3,스웨덴,3.0,13.0,3,여성,11
202105,유럽,100.0,스웨덴,16.0,32.0,3,승무원,11
202105,유럽,148.1,스웨덴,27.0,67.0,3,전체,11
202105,유럽,-4.2,폴란드,48.0,46.0,3,남성,12
202105,유럽,533.3,폴란드,3.0,19.0,3,여성,12
202105,유럽,161.8,폴란드,89.0,233.0,3,승무원,12
202105,유럽,112.9,폴란드,140.0,298.0,3,전체,12
202105,유럽,337.5,스위스,8.0,35.0,3,남성,13
202105,유럽,233.3,스위스,3.0,10.0,3,여성,13
202105,유럽,194.1,스위스,17.0,50.0,3,승무원,13
202105,유럽,239.3,스위스,28.0,95.0,3,전체,13
202105,유럽,0.0,포르투갈,9.0,9.0,3,남성,14
202105,유럽,300.0,포르투갈,1.0,4.0,3,여성,14
202105,유럽,-64.3,포르투갈,154.0,55.0,3,승무원,14
202105,유럽,-58.5,포르투갈,164.0,68.0,3,전체,14
202105,유럽,191.7,오스트리아,12.0,35.0,3,남성,15
202105,유럽,400.0,오스트리아,1.0,5.0,3,여성,15
202105,유럽,-22.9,오스트리아,96.0,74.0,3,승무원,15
202105,유럽,4.6,오스트리아,109.0,114.0,3,전체,15
202105,유럽,137.5,핀란드,8.0,19.0,3,남성,16
202105,유럽,100.0,핀란드,2.0,4.0,3,여성,16
202105,유럽,266.7,핀란드,45.0,165.0,3,승무원,16
202105,유럽,241.8,핀란드,55.0,188.0,3,전체,16
202105,유럽,133.3,벨기에,12.0,28.0,3,남성,17
202105,유럽,200.0,벨기에,3.0,9.0,3,여성,17
202105,유럽,-46.3,벨기에,164.0,88.0,3,승무원,17
202105,유럽,-30.2,벨기에,179.0,125.0,3,전체,17
202105,유럽,-82.6,크로아티아,149.0,26.0,3,남성,18
202105,유럽,0.0,크로아티아,1.0,1.0,3,여성,18
202105,유럽,27.3,크로아티아,44.0,56.0,3,승무원,18
202105,유럽,-57.2,크로아티아,194.0,83.0,3,전체,18
202105,유럽,12.9,그리스,93.0,105.0,3,남성,19
202105,유럽,300.0,그리스,1.0,4.0,3,여성,19
202105,유럽,90.1,그리스,71.0,135.0,3,승무원,19
202105,유럽,47.9,그리스,165.0,244.0,3,전체,19
202105,유럽,-50.0,불가리아,14.0,7.0,3,남성,20
202105,유럽,0.0,불가리아,0.0,1.0,3,여성,20
202105,유럽,186.7,불가리아,30.0,86.0,3,승무원,20
202105,유럽,113.6,불가리아,44.0,94.0,3,전체,20
202105,유럽,106.2,덴마크,16.0,33.0,3,남성,21
202105,유럽,0.0,덴마크,0.0,3.0,3,여성,21
202105,유럽,-21.7,덴마크,23.0,18.0,3,승무원,21
202105,유럽,38.5,덴마크,39.0,54.0,3,전체,21
202105,유럽,110.0,아일랜드,10.0,21.0,3,남성,22
202105,유럽,0.0,아일랜드,0.0,12.0,3,여성,22
202105,유럽,83.3,아일랜드,6.0,11.0,3,승무원,22
202105,유럽,175.0,아일랜드,16.0,44.0,3,전체,22
202105,유럽,134.2,기타,38.0,89.0,3,남성,23
202105,유럽,115.8,기타,19.0,41.0,3,여성,23
202105,유럽,180.7,기타,88.0,247.0,3,승무원,23
202105,유럽,160.0,기타,145.0,377.0,3,전체,23
202105,오세아니아,38.3,연도대륙,60.0,83.0,2,남성,0
202105,오세아니아,-1.6,연도대륙,62.0,61.0,2,여성,0
202105,오세아니아,150.0,연도대륙,60.0,150.0,2,승무원,0
202105,오세아니아,61.5,연도대륙,182.0,294.0,2,전체,0
202105,오세아니아,50.0,호주,40.0,60.0,3,남성,1
202105,오세아니아,-17.0,호주,53.0,44.0,3,여성,1
202105,오세아니아,61.4,호주,44.0,71.0,3,승무원,1
202105,오세아니아,27.7,호주,137.0,175.0,3,전체,1
202105,오세아니아,17.6,뉴질랜드,17.0,20.0,3,남성,2
202105,오세아니아,88.9,뉴질랜드,9.0,17.0,3,여성,2
202105,오세아니아,335.7,뉴질랜드,14.0,61.0,3,승무원,2
202105,오세아니아,145.0,뉴질랜드,40.0,98.0,3,전체,2
202105,오세아니아,0.0,기타,3.0,3.0,3,남성,3
202105,오세아니아,0.0,기타,0.0,0.0,3,여성,3
202105,오세아니아,800.0,기타,2.0,18.0,3,승무원,3
202105,오세아니아,320.0,기타,5.0,21.0,3,전체,3
202105,아프리카,900.0,연도대륙,16.0,160.0,2,남성,0
202105,아프리카,321.1,연도대륙,19.0,80.0,2,여성,0
202105,아프리카,288.8,연도대륙,125.0,486.0,2,승무원,0
202105,아프리카,353.8,연도대륙,160.0,726.0,2,전체,0
202105,아프리카,183.3,남아프리카공화국,6.0,17.0,3,남성,1
202105,아프리카,220.0,남아프리카공화국,5.0,16.0,3,여성,1
202105,아프리카,55.6,남아프리카공화국,18.0,28.0,3,승무원,1
202105,아프리카,110.3,남아프리카공화국,29.0,61.0,3,전체,1
202105,아프리카,1330.0,기타,10.0,143.0,3,남성,2
202105,아프리카,357.1,기타,14.0,64.0,3,여성,2
202105,아프리카,328.0,기타,107.0,458.0,3,승무원,2
202105,아프리카,407.6,기타,131.0,665.0,3,전체,2
202105,기타,0.0,연도대륙,1.0,1.0,2,남성,0
202105,기타,0.0,연도대륙,0.0,2.0,2,여성,0
202105,기타,-66.7,연도대륙,3.0,1.0,2,승무원,0
202105,기타,0.0,연도대륙,4.0,4.0,2,전체,0
202105,기타,0.0,기타,1.0,1.0,3,남성,1
202105,기타,0.0,기타,0.0,2.0,3,여성,1
202105,기타,-66.7,기타,3.0,1.0,3,승무원,1
202105,기타,0.0,기타,4.0,4.0,3,전체,1
202105,교포,18.3,연도대륙,333.0,394.0,2,남성,0
202105,교포,35.0,연도대륙,457.0,617.0,2,여성,0
202105,교포,0.0,연도대륙,0.0,0.0,2,승무원,0
202105,교포,28.0,연도대륙,790.0,1011.0,2,전체,0
202105,교포,18.3,교포,333.0,394.0,3,남성,1
202105,교포,35.0,교포,457.0,617.0,3,여성,1
202105,교포,0.0,교포,0.0,0.0,3,승무원,1
202105,교포,28.0,교포,790.0,1011.0,3,전체,1
202106,대륙전체,66.1,연도,15819.0,26270.0,1,남성,0
202106,대륙전체,99.3,연도,7531.0,15006.0,1,여성,0
202106,대륙전체,163.1,연도,13588.0,35753.0,1,승무원,0
202106,대륙전체,108.5,연도,36938.0,77029.0,1,전체,0
202106,아시아,69.8,연도대륙,10367.0,17602.0,2,남성,0
202106,아시아,99.3,연도대륙,3465.0,6905.0,2,여성,0
202106,아시아,415.2,연도대륙,3750.0,19319.0,2,승무원,0
202106,아시아,149.3,연도대륙,17582.0,43826.0,2,전체,0
202106,아시아,90.8,중국,2925.0,5582.0,3,남성,1
202106,아시아,97.8,중국,1956.0,3868.0,3,여성,1
202106,아시아,1954.1,중국,170.0,3492.0,3,승무원,1
202106,아시아,156.2,중국,5051.0,12942.0,3,전체,1
202106,아시아,104.3,일본,299.0,611.0,3,남성,2
202106,아시아,41.7,일본,139.0,197.0,3,여성,2
202106,아시아,11.7,일본,60.0,67.0,3,승무원,2
202106,아시아,75.7,일본,498.0,875.0,3,전체,2
202106,아시아,7.4,대만,81.0,87.0,3,남성,3
202106,아시아,-45.6,대만,90.0,49.0,3,여성,3
202106,아시아,101.4,대만,69.0,139.0,3,승무원,3
202106,아시아,14.6,대만,240.0,275.0,3,전체,3
202106,아시아,14.3,홍콩,14.0,16.0,3,남성,4
202106,아시아,-15.4,홍콩,39.0,33.0,3,여성,4
202106,아시아,233.3,홍콩,9.0,30.0,3,승무원,4
202106,아시아,27.4,홍콩,62.0,79.0,3,전체,4
202106,아시아,0.0,마카오,2.0,2.0,3,남성,5
202106,아시아,-50.0,마카오,2.0,1.0,3,여성,5
202106,아시아,0.0,마카오,0.0,0.0,3,승무원,5
202106,아시아,-25.0,마카오,4.0,3.0,3,전체,5
202106,아시아,49.4,필리핀,1771.0,2645.0,3,남성,6
202106,아시아,100.0,필리핀,37.0,74.0,3,여성,6
202106,아시아,483.7,필리핀,1174.0,6853.0,3,승무원,6
202106,아시아,221.0,필리핀,2982.0,9572.0,3,전체,6
202106,아시아,100.3,인도네시아,1143.0,2289.0,3,남성,7
202106,아시아,142.9,인도네시아,28.0,68.0,3,여성,7
202106,아시아,137.6,인도네시아,914.0,2172.0,3,승무원,7
202106,아시아,117.2,인도네시아,2085.0,4529.0,3,전체,7
202106,아시아,233.6,태국,143.0,477.0,3,남성,8
202106,아시아,94.8,태국,115.0,224.0,3,여성,8
202106,아시아,312.7,태국,55.0,227.0,3,승무원,8
202106,아시아,196.5,태국,313.0,928.0,3,전체,8
202106,아시아,48.3,베트남,563.0,835.0,3,남성,9
202106,아시아,86.1,베트남,424.0,789.0,3,여성,9
202106,아시아,1031.1,베트남,45.0,509.0,3,승무원,9
202106,아시아,106.7,베트남,1032.0,2133.0,3,전체,9
202106,아시아,-46.4,인도,1184.0,635.0,3,남성,10
202106,아시아,-52.6,인도,133.0,63.0,3,여성,10
202106,아시아,185.1,인도,482.0,1374.0,3,승무원,10
202106,아시아,15.2,인도,1799.0,2072.0,3,전체,10
202106,아시아,80.0,말레이시아,55.0,99.0,3,남성,11
202106,아시아,13.3,말레이시아,15.0,17.0,3,여성,11
202106,아시아,305.9,말레이시아,51.0,207.0,3,승무원,11
202106,아시아,166.9,말레이시아,121.0,323.0,3,전체,11
202106,아시아,28.6,싱가포르,21.0,27.0,3,남성,12
202106,아시아,-28.6,싱가포르,14.0,10.0,3,여성,12
202106,아시아,286.7,싱가포르,15.0,58.0,3,승무원,12
202106,아시아,90.0,싱가포르,50.0,95.0,3,전체,12
202106,아시아,96.7,몽골,61.0,120.0,3,남성,13
202106,아시아,166.7,몽골,63.0,168.0,3,여성,13
202106,아시아,0.0,몽골,0.0,0.0,3,승무원,13
202106,아시아,132.3,몽골,124.0,288.0,3,전체,13
202106,아시아,460.6,우즈베키스탄,170.0,953.0,3,남성,14
202106,아시아,832.3,우즈베키스탄,62.0,578.0,3,여성,14
202106,아시아,200.0,우즈베키스탄,1.0,3.0,3,승무원,14
202106,아시아,558.4,우즈베키스탄,233.0,1534.0,3,전체,14
202106,아시아,183.5,미얀마,528.0,1497.0,3,남성,15
202106,아시아,208.3,미얀마,12.0,37.0,3,여성,15
202106,아시아,684.3,미얀마,440.0,3451.0,3,승무원,15
202106,아시아,408.7,미얀마,980.0,4985.0,3,전체,15
202106,아시아,129.7,GCC,37.0,85.0,3,남성,16
202106,아시아,72.7,GCC,22.0,38.0,3,여성,16
202106,아시아,210.0,GCC,10.0,31.0,3,승무원,16
202106,아시아,123.2,GCC,69.0,154.0,3,전체,16
202106,아시아,61.7,카자흐스탄,141.0,228.0,3,남성,17
202106,아시아,78.1,카자흐스탄,137.0,244.0,3,여성,17
202106,아시아,-13.2,카자흐스탄,53.0,46.0,3,승무원,17
202106,아시아,56.5,카자흐스탄,331.0,518.0,3,전체,17
202106,아시아,139.1,튀르키예,23.0,55.0,3,남성,18
202106,아시아,109.1,튀르키예,11.0,23.0,3,여성,18
202106,아시아,237.0,튀르키예,100.0,337.0,3,승무원,18
202106,아시아,209.7,튀르키예,134.0,415.0,3,전체,18
202106,아시아,112.3,캄보디아,146.0,310.0,3,남성,19
202106,아시아,216.7,캄보디아,66.0,209.0,3,여성,19
202106,아시아,0.0,캄보디아,0.0,0.0,3,승무원,19
202106,아시아,144.8,캄보디아,212.0,519.0,3,전체,19
202106,아시아,-8.1,스리랑카,173.0,159.0,3,남성,20
202106,아시아,66.7,스리랑카,3.0,5.0,3,여성,20
202106,아시아,185.1,스리랑카,47.0,134.0,3,승무원,20
202106,아시아,33.6,스리랑카,223.0,298.0,3,전체,20
202106,아시아,-62.9,방글라데시,132.0,49.0,3,남성,21
202106,아시아,250.0,방글라데시,8.0,28.0,3,여성,21
202106,아시아,165.5,방글라데시,29.0,77.0,3,승무원,21
202106,아시아,-8.9,방글라데시,169.0,154.0,3,전체,21
202106,아시아,-31.9,파키스탄,213.0,145.0,3,남성,22
202106,아시아,50.0,파키스탄,28.0,42.0,3,여성,22
202106,아시아,100.0,파키스탄,8.0,16.0,3,승무원,22
202106,아시아,-18.5,파키스탄,249.0,203.0,3,전체,22
202106,아시아,860.0,이스라엘,10.0,96.0,3,남성,23
202106,아시아,200.0,이스라엘,2.0,6.0,3,여성,23
202106,아시아,100.0,이스라엘,1.0,2.0,3,승무원,23
202106,아시아,700.0,이스라엘,13.0,104.0,3,전체,23
202106,아시아,16.7,이란,6.0,7.0,3,남성,24
202106,아시아,0.0,이란,0.0,9.0,3,여성,24
202106,아시아,0.0,이란,0.0,0.0,3,승무원,24
202106,아시아,166.7,이란,6.0,16.0,3,전체,24
202106,아시아,12.7,기타,526.0,593.0,3,남성,25
202106,아시아,111.9,기타,59.0,125.0,3,여성,25
202106,아시아,452.9,기타,17.0,94.0,3,승무원,25
202106,아시아,34.9,기타,602.0,812.0,3,전체,25
202106,아메리카,81.3,연도대륙,2899.0,5257.0,2,남성,0
202106,아메리카,112.2,연도대륙,3001.0,6369.0,2,여성,0
202106,아메리카,75.6,연도대륙,5001.0,8782.0,2,승무원,0
202106,아메리카,87.2,연도대륙,10901.0,20408.0,2,전체,0
202106,아메리카,89.5,미국,2563.0,4856.0,3,남성,1
202106,아메리카,131.4,미국,2595.0,6004.0,3,여성,1
202106,아메리카,60.1,미국,4559.0,7299.0,3,승무원,1
202106,아메리카,86.9,미국,9717.0,18159.0,3,전체,1
202106,아메리카,5.5,캐나다,255.0,269.0,3,남성,2
202106,아메리카,-30.5,캐나다,374.0,260.0,3,여성,2
202106,아메리카,303.7,캐나다,298.0,1203.0,3,승무원,2
202106,아메리카,86.8,캐나다,927.0,1732.0,3,전체,2
202106,아메리카,120.0,브라질,15.0,33.0,3,남성,3
202106,아메리카,53.8,브라질,13.0,20.0,3,여성,3
202106,아메리카,189.5,브라질,19.0,55.0,3,승무원,3
202106,아메리카,129.8,브라질,47.0,108.0,3,전체,3
202106,아메리카,85.7,멕시코,21.0,39.0,3,남성,4
202106,아메리카,185.7,멕시코,14.0,40.0,3,여성,4
202106,아메리카,141.0,멕시코,61.0,147.0,3,승무원,4
202106,아메리카,135.4,멕시코,96.0,226.0,3,전체,4
202106,아메리카,33.3,기타,45.0,60.0,3,남성,5
202106,아메리카,800.0,기타,5.0,45.0,3,여성,5
202106,아메리카,21.9,기타,64.0,78.0,3,승무원,5
202106,아메리카,60.5,기타,114.0,183.0,3,전체,5
202106,유럽,28.7,연도대륙,2086.0,2685.0,2,남성,0
202106,유럽,110.5,연도대륙,447.0,941.0,2,여성,0
202106,유럽,52.8,연도대륙,4587.0,7011.0,2,승무원,0
202106,유럽,49.4,연도대륙,7120.0,10637.0,2,전체,0
202106,유럽,127.3,러시아,267.0,607.0,3,남성,1
202106,유럽,179.7,러시아,153.0,428.0,3,여성,1
202106,유럽,12.6,러시아,1656.0,1864.0,3,승무원,1
202106,유럽,39.6,러시아,2076.0,2899.0,3,전체,1
202106,유럽,39.2,영국,237.0,330.0,3,남성,2
202106,유럽,41.2,영국,97.0,137.0,3,여성,2
202106,유럽,62.6,영국,99.0,161.0,3,승무원,2
202106,유럽,45.0,영국,433.0,628.0,3,전체,2
202106,유럽,104.0,독일,174.0,355.0,3,남성,3
202106,유럽,54.1,독일,37.0,57.0,3,여성,3
202106,유럽,42.1,독일,587.0,834.0,3,승무원,3
202106,유럽,56.1,독일,798.0,1246.0,3,전체,3
202106,유럽,43.7,프랑스,87.0,125.0,3,남성,4
202106,유럽,14.3,프랑스,21.0,24.0,3,여성,4
202106,유럽,194.2,프랑스,224.0,659.0,3,승무원,4
202106,유럽,143.4,프랑스,332.0,808.0,3,전체,4
202106,유럽,67.9,이탈리아,78.0,131.0,3,남성,5
202106,유럽,35.7,이탈리아,14.0,19.0,3,여성,5
202106,유럽,-30.1,이탈리아,133.0,93.0,3,승무원,5
202106,유럽,8.0,이탈리아,225.0,243.0,3,전체,5
202106,유럽,34.4,네덜란드,61.0,82.0,3,남성,6
202106,유럽,133.3,네덜란드,6.0,14.0,3,여성,6
202106,유럽,70.0,네덜란드,619.0,1052.0,3,승무원,6
202106,유럽,67.3,네덜란드,686.0,1148.0,3,전체,6
202106,유럽,-44.9,우크라이나,523.0,288.0,3,남성,7
202106,유럽,144.4,우크라이나,27.0,66.0,3,여성,7
202106,유럽,151.0,우크라이나,312.0,783.0,3,승무원,7
202106,유럽,31.9,우크라이나,862.0,1137.0,3,전체,7
202106,유럽,170.6,스페인,17.0,46.0,3,남성,8
202106,유럽,300.0,스페인,5.0,20.0,3,여성,8
202106,유럽,86.2,스페인,29.0,54.0,3,승무원,8
202106,유럽,135.3,스페인,51.0,120.0,3,전체,8
202106,유럽,-28.6,루마니아,70.0,50.0,3,남성,9
202106,유럽,-33.3,루마니아,3.0,2.0,3,여성,9
202106,유럽,50.6,루마니아,89.0,134.0,3,승무원,9
202106,유럽,14.8,루마니아,162.0,186.0,3,전체,9
202106,유럽,12.5,노르웨이,32.0,36.0,3,남성,10
202106,유럽,100.0,노르웨이,4.0,8.0,3,여성,10
202106,유럽,137.5,노르웨이,8.0,19.0,3,승무원,10
202106,유럽,43.2,노르웨이,44.0,63.0,3,전체,10
202106,유럽,276.9,스웨덴,13.0,49.0,3,남성,11
202106,유럽,50.0,스웨덴,14.0,21.0,3,여성,11
202106,유럽,75.0,스웨덴,12.0,21.0,3,승무원,11
202106,유럽,133.3,스웨덴,39.0,91.0,3,전체,11
202106,유럽,-29.6,폴란드,71.0,50.0,3,남성,12
202106,유럽,300.0,폴란드,5.0,20.0,3,여성,12
202106,유럽,68.4,폴란드,136.0,229.0,3,승무원,12
202106,유럽,41.0,폴란드,212.0,299.0,3,전체,12
202106,유럽,228.6,스위스,7.0,23.0,3,남성,13
202106,유럽,71.4,스위스,7.0,12.0,3,여성,13
202106,유럽,292.3,스위스,13.0,51.0,3,승무원,13
202106,유럽,218.5,스위스,27.0,86.0,3,전체,13
202106,유럽,85.7,포르투갈,7.0,13.0,3,남성,14
202106,유럽,400.0,포르투갈,2.0,10.0,3,여성,14
202106,유럽,-47.5,포르투갈,101.0,53.0,3,승무원,14
202106,유럽,-30.9,포르투갈,110.0,76.0,3,전체,14
202106,유럽,47.6,오스트리아,21.0,31.0,3,남성,15
202106,유럽,900.0,오스트리아,1.0,10.0,3,여성,15
202106,유럽,25.4,오스트리아,67.0,84.0,3,승무원,15
202106,유럽,40.4,오스트리아,89.0,125.0,3,전체,15
202106,유럽,650.0,핀란드,4.0,30.0,3,남성,16
202106,유럽,0.0,핀란드,0.0,4.0,3,여성,16
202106,유럽,172.7,핀란드,55.0,150.0,3,승무원,16
202106,유럽,211.9,핀란드,59.0,184.0,3,전체,16
202106,유럽,164.7,벨기에,17.0,45.0,3,남성,17
202106,유럽,10.0,벨기에,10.0,11.0,3,여성,17
202106,유럽,50.8,벨기에,65.0,98.0,3,승무원,17
202106,유럽,67.4,벨기에,92.0,154.0,3,전체,17
202106,유럽,-52.6,크로아티아,154.0,73.0,3,남성,18
202106,유럽,0.0,크로아티아,0.0,4.0,3,여성,18
202106,유럽,-1.0,크로아티아,97.0,96.0,3,승무원,18
202106,유럽,-31.1,크로아티아,251.0,173.0,3,전체,18
202106,유럽,2.5,그리스,122.0,125.0,3,남성,19
202106,유럽,16.7,그리스,6.0,7.0,3,여성,19
202106,유럽,29.1,그리스,79.0,102.0,3,승무원,19
202106,유럽,13.0,그리스,207.0,234.0,3,전체,19
202106,유럽,-39.1,불가리아,23.0,14.0,3,남성,20
202106,유럽,50.0,불가리아,2.0,3.0,3,여성,20
202106,유럽,404.2,불가리아,24.0,121.0,3,승무원,20
202106,유럽,181.6,불가리아,49.0,138.0,3,전체,20
202106,유럽,128.0,덴마크,25.0,57.0,3,남성,21
202106,유럽,400.0,덴마크,1.0,5.0,3,여성,21
202106,유럽,16.1,덴마크,31.0,36.0,3,승무원,21
202106,유럽,71.9,덴마크,57.0,98.0,3,전체,21
202106,유럽,-4.5,아일랜드,22.0,21.0,3,남성,22
202106,유럽,100.0,아일랜드,7.0,14.0,3,여성,22
202106,유럽,0.0,아일랜드,20.0,20.0,3,승무원,22
202106,유럽,12.2,아일랜드,49.0,55.0,3,전체,22
202106,유럽,92.6,기타,54.0,104.0,3,남성,23
202106,유럽,80.0,기타,25.0,45.0,3,여성,23
202106,유럽,126.7,기타,131.0,297.0,3,승무원,23
202106,유럽,112.4,기타,210.0,446.0,3,전체,23
202106,오세아니아,75.9,연도대륙,54.0,95.0,2,남성,0
202106,오세아니아,25.4,연도대륙,59.0,74.0,2,여성,0
202106,오세아니아,43.2,연도대륙,95.0,136.0,2,승무원,0
202106,오세아니아,46.6,연도대륙,208.0,305.0,2,전체,0
202106,오세아니아,142.9,호주,28.0,68.0,3,남성,1
202106,오세아니아,66.7,호주,33.0,55.0,3,여성,1
202106,오세아니아,38.0,호주,50.0,69.0,3,승무원,1
202106,오세아니아,73.0,호주,111.0,192.0,3,전체,1
202106,오세아니아,0.0,뉴질랜드,22.0,22.0,3,남성,2
202106,오세아니아,-42.3,뉴질랜드,26.0,15.0,3,여성,2
202106,오세아니아,137.5,뉴질랜드,24.0,57.0,3,승무원,2
202106,오세아니아,30.6,뉴질랜드,72.0,94.0,3,전체,2
202106,오세아니아,25.0,기타,4.0,5.0,3,남성,3
202106,오세아니아,0.0,기타,0.0,4.0,3,여성,3
202106,오세아니아,-52.4,기타,21.0,10.0,3,승무원,3
202106,오세아니아,-24.0,기타,25.0,19.0,3,전체,3
202106,아프리카,443.8,연도대륙,48.0,261.0,2,남성,0
202106,아프리카,153.8,연도대륙,39.0,99.0,2,여성,0
202106,아프리카,225.2,연도대륙,155.0,504.0,2,승무원,0
202106,아프리카,257.0,연도대륙,242.0,864.0,2,전체,0
202106,아프리카,66.7,남아프리카공화국,15.0,25.0,3,남성,1
202106,아프리카,38.1,남아프리카공화국,21.0,29.0,3,여성,1
202106,아프리카,120.0,남아프리카공화국,25.0,55.0,3,승무원,1
202106,아프리카,78.7,남아프리카공화국,61.0,109.0,3,전체,1
202106,아프리카,615.2,기타,33.0,236.0,3,남성,2
202106,아프리카,288.9,기타,18.0,70.0,3,여성,2
202106,아프리카,245.4,기타,130.0,449.0,3,승무원,2
202106,아프리카,317.1,기타,181.0,755.0,3,전체,2
202106,기타,-33.3,연도대륙,3.0,2.0,2,남성,0
202106,기타,0.0,연도대륙,0.0,0.0,2,여성,0
202106,기타,0.0,연도대륙,0.0,1.0,2,승무원,0
202106,기타,0.0,연도대륙,3.0,3.0,2,전체,0
202106,기타,-33.3,기타,3.0,2.0,3,남성,1
202106,기타,0.0,기타,0.0,0.0,3,여성,1
202106,기타,0.0,기타,0.0,1.0,3,승무원,1
202106,기타,0.0,기타,3.0,3.0,3,전체,1
202106,교포,1.7,연도대륙,362.0,368.0,2,남성,0
202106,교포,18.8,연도대륙,520.0,618.0,2,여성,0
202106,교포,0.0,연도대륙,0.0,0.0,2,승무원,0
202106,교포,11.8,연도대륙,882.0,986.0,2,전체,0
202106,교포,1.7,교포,362.0,368.0,3,남성,1
202106,교포,18.8,교포,520.0,618.0,3,여성,1
202106,교포,0.0,교포,0.0,0.0,3,승무원,1
202106,교포,11.8,교포,882.0,986.0,3,전체,1
202107,대륙전체,41.0,연도,21065.0,29706.0,1,남성,0
202107,대륙전체,88.7,연도,9324.0,17598.0,1,여성,0
202107,대륙전체,16.6,연도,30623.0,35701.0,1,승무원,0
202107,대륙전체,36.0,연도,61012.0,83005.0,1,전체,0
202107,아시아,22.1,연도대륙,14851.0,18130.0,2,남성,0
202107,아시아,76.6,연도대륙,4187.0,7393.0,2,여성,0
202107,아시아,2.4,연도대륙,18697.0,19140.0,2,승무원,0
202107,아시아,18.4,연도대륙,37735.0,44663.0,2,전체,0
202107,아시아,37.9,중국,4229.0,5831.0,3,남성,1
202107,아시아,73.1,중국,2490.0,4310.0,3,여성,1
202107,아시아,10.2,중국,3019.0,3328.0,3,승무원,1
202107,아시아,38.3,중국,9738.0,13469.0,3,전체,1
202107,아시아,4.6,일본,517.0,541.0,3,남성,2
202107,아시아,83.5,일본,133.0,244.0,3,여성,2
202107,아시아,-8.6,일본,105.0,96.0,3,승무원,2
202107,아시아,16.7,일본,755.0,881.0,3,전체,2
202107,아시아,8.0,대만,88.0,95.0,3,남성,3
202107,아시아,-28.7,대만,80.0,57.0,3,여성,3
202107,아시아,10.9,대만,137.0,152.0,3,승무원,3
202107,아시아,-0.3,대만,305.0,304.0,3,전체,3
202107,아시아,-21.4,홍콩,28.0,22.0,3,남성,4
202107,아시아,100.0,홍콩,22.0,44.0,3,여성,4
202107,아시아,0.0,홍콩,28.0,28.0,3,승무원,4
202107,아시아,20.5,홍콩,78.0,94.0,3,전체,4
202107,아시아,-66.7,마카오,3.0,1.0,3,남성,5
202107,아시아,-66.7,마카오,3.0,1.0,3,여성,5
202107,아시아,0.0,마카오,0.0,0.0,3,승무원,5
202107,아시아,-66.7,마카오,6.0,2.0,3,전체,5
202107,아시아,18.9,필리핀,2927.0,3479.0,3,남성,6
202107,아시아,119.6,필리핀,56.0,123.0,3,여성,6
202107,아시아,-7.5,필리핀,7183.0,6645.0,3,승무원,6
202107,아시아,0.8,필리핀,10166.0,10247.0,3,전체,6
202107,아시아,23.1,인도네시아,1822.0,2242.0,3,남성,7
202107,아시아,36.7,인도네시아,49.0,67.0,3,여성,7
202107,아시아,-0.7,인도네시아,2218.0,2202.0,3,승무원,7
202107,아시아,10.3,인도네시아,4089.0,4511.0,3,전체,7
202107,아시아,162.7,태국,110.0,289.0,3,남성,8
202107,아시아,-13.2,태국,204.0,177.0,3,여성,8
202107,아시아,-19.0,태국,295.0,239.0,3,승무원,8
202107,아시아,15.8,태국,609.0,705.0,3,전체,8
202107,아시아,60.4,베트남,450.0,722.0,3,남성,9
202107,아시아,72.1,베트남,298.0,513.0,3,여성,9
202107,아시아,50.3,베트남,312.0,469.0,3,승무원,9
202107,아시아,60.8,베트남,1060.0,1704.0,3,전체,9
202107,아시아,-30.4,인도,1551.0,1079.0,3,남성,10
202107,아시아,32.1,인도,81.0,107.0,3,여성,10
202107,아시아,-26.7,인도,2062.0,1511.0,3,승무원,10
202107,아시아,-27.0,인도,3694.0,2697.0,3,전체,10
202107,아시아,29.4,말레이시아,68.0,88.0,3,남성,11
202107,아시아,87.0,말레이시아,23.0,43.0,3,여성,11
202107,아시아,391.1,말레이시아,45.0,221.0,3,승무원,11
202107,아시아,158.8,말레이시아,136.0,352.0,3,전체,11
202107,아시아,113.0,싱가포르,23.0,49.0,3,남성,12
202107,아시아,300.0,싱가포르,4.0,16.0,3,여성,12
202107,아시아,323.5,싱가포르,17.0,72.0,3,승무원,12
202107,아시아,211.4,싱가포르,44.0,137.0,3,전체,12
202107,아시아,287.9,몽골,33.0,128.0,3,남성,13
202107,아시아,304.2,몽골,48.0,194.0,3,여성,13
202107,아시아,0.0,몽골,0.0,1.0,3,승무원,13
202107,아시아,298.8,몽골,81.0,323.0,3,전체,13
202107,아시아,78.4,우즈베키스탄,485.0,865.0,3,남성,14
202107,아시아,137.1,우즈베키스탄,283.0,671.0,3,여성,14
202107,아시아,200.0,우즈베키스탄,1.0,3.0,3,승무원,14
202107,아시아,100.1,우즈베키스탄,769.0,1539.0,3,전체,14
202107,아시아,7.0,미얀마,1107.0,1185.0,3,남성,15
202107,아시아,200.0,미얀마,5.0,15.0,3,여성,15
202107,아시아,23.4,미얀마,2691.0,3321.0,3,승무원,15
202107,아시아,18.9,미얀마,3803.0,4521.0,3,전체,15
202107,아시아,227.0,GCC,37.0,121.0,3,남성,16
202107,아시아,146.2,GCC,26.0,64.0,3,여성,16
202107,아시아,147.4,GCC,19.0,47.0,3,승무원,16
202107,아시아,182.9,GCC,82.0,232.0,3,전체,16
202107,아시아,42.0,카자흐스탄,193.0,274.0,3,남성,17
202107,아시아,145.3,카자흐스탄,148.0,363.0,3,여성,17
202107,아시아,23.3,카자흐스탄,60.0,74.0,3,승무원,17
202107,아시아,77.3,카자흐스탄,401.0,711.0,3,전체,17
202107,아시아,23.9,튀르키예,67.0,83.0,3,남성,18
202107,아시아,166.7,튀르키예,12.0,32.0,3,여성,18
202107,아시아,90.6,튀르키예,192.0,366.0,3,승무원,18
202107,아시아,77.5,튀르키예,271.0,481.0,3,전체,18
202107,아시아,-40.8,캄보디아,223.0,132.0,3,남성,19
202107,아시아,25.3,캄보디아,99.0,124.0,3,여성,19
202107,아시아,0.0,캄보디아,0.0,0.0,3,승무원,19
202107,아시아,-20.5,캄보디아,322.0,256.0,3,전체,19
202107,아시아,-23.0,스리랑카,191.0,147.0,3,남성,20
202107,아시아,-42.9,스리랑카,7.0,4.0,3,여성,20
202107,아시아,42.2,스리랑카,128.0,182.0,3,승무원,20
202107,아시아,2.1,스리랑카,326.0,333.0,3,전체,20
202107,아시아,-55.0,방글라데시,111.0,50.0,3,남성,21
202107,아시아,933.3,방글라데시,3.0,31.0,3,여성,21
202107,아시아,-29.8,방글라데시,131.0,92.0,3,승무원,21
202107,아시아,-29.4,방글라데시,245.0,173.0,3,전체,21
202107,아시아,-2.5,파키스탄,81.0,79.0,3,남성,22
202107,아시아,-55.2,파키스탄,29.0,13.0,3,여성,22
202107,아시아,93.3,파키스탄,15.0,29.0,3,승무원,22
202107,아시아,-3.2,파키스탄,125.0,121.0,3,전체,22
202107,아시아,2366.7,이스라엘,3.0,74.0,3,남성,23
202107,아시아,0.0,이스라엘,0.0,27.0,3,여성,23
202107,아시아,250.0,이스라엘,2.0,7.0,3,승무원,23
202107,아시아,2060.0,이스라엘,5.0,108.0,3,전체,23
202107,아시아,120.0,이란,5.0,11.0,3,남성,24
202107,아시아,42.9,이란,7.0,10.0,3,여성,24
202107,아시아,0.0,이란,0.0,1.0,3,승무원,24
202107,아시아,83.3,이란,12.0,22.0,3,전체,24
202107,아시아,8.8,기타,499.0,543.0,3,남성,25
202107,아시아,85.7,기타,77.0,143.0,3,여성,25
202107,아시아,45.9,기타,37.0,54.0,3,승무원,25
202107,아시아,20.7,기타,613.0,740.0,3,전체,25
202107,아메리카,110.9,연도대륙,3478.0,7336.0,2,남성,0
202107,아메리카,108.3,연도대륙,3668.0,7639.0,2,여성,0
202107,아메리카,60.5,연도대륙,5967.0,9580.0,2,승무원,0
202107,아메리카,87.3,연도대륙,13113.0,24555.0,2,전체,0
202107,아메리카,114.4,미국,3151.0,6757.0,3,남성,1
202107,아메리카,112.6,미국,3312.0,7041.0,3,여성,1
202107,아메리카,46.1,미국,5459.0,7977.0,3,승무원,1
202107,아메리카,82.6,미국,11922.0,21775.0,3,전체,1
202107,아메리카,57.0,캐나다,256.0,402.0,3,남성,2
202107,아메리카,52.6,캐나다,291.0,444.0,3,여성,2
202107,아메리카,338.9,캐나다,301.0,1321.0,3,승무원,2
202107,아메리카,155.5,캐나다,848.0,2167.0,3,전체,2
202107,아메리카,183.3,브라질,18.0,51.0,3,남성,3
202107,아메리카,131.6,브라질,19.0,44.0,3,여성,3
202107,아메리카,116.0,브라질,25.0,54.0,3,승무원,3
202107,아메리카,140.3,브라질,62.0,149.0,3,전체,3
202107,아메리카,43.5,멕시코,23.0,33.0,3,남성,4
202107,아메리카,256.2,멕시코,16.0,57.0,3,여성,4
202107,아메리카,37.5,멕시코,112.0,154.0,3,승무원,4
202107,아메리카,61.6,멕시코,151.0,244.0,3,전체,4
202107,아메리카,210.0,기타,30.0,93.0,3,남성,5
202107,아메리카,76.7,기타,30.0,53.0,3,여성,5
202107,아메리카,5.7,기타,70.0,74.0,3,승무원,5
202107,아메리카,69.2,기타,130.0,220.0,3,전체,5
202107,유럽,64.3,연도대륙,2032.0,3339.0,2,남성,0
202107,유럽,121.1,연도대륙,715.0,1581.0,2,여성,0
202107,유럽,12.3,연도대륙,5592.0,6279.0,2,승무원,0
202107,유럽,34.3,연도대륙,8339.0,11199.0,2,전체,0
202107,유럽,146.7,러시아,270.0,666.0,3,남성,1
202107,유럽,215.3,러시아,176.0,555.0,3,여성,1
202107,유럽,-13.1,러시아,1558.0,1354.0,3,승무원,1
202107,유럽,28.5,러시아,2004.0,2575.0,3,전체,1
202107,유럽,38.4,영국,336.0,465.0,3,남성,2
202107,유럽,55.6,영국,205.0,319.0,3,여성,2
202107,유럽,68.1,영국,91.0,153.0,3,승무원,2
202107,유럽,48.3,영국,632.0,937.0,3,전체,2
202107,유럽,104.1,독일,222.0,453.0,3,남성,3
202107,유럽,139.1,독일,64.0,153.0,3,여성,3
202107,유럽,9.7,독일,796.0,873.0,3,승무원,3
202107,유럽,36.7,독일,1082.0,1479.0,3,전체,3
202107,유럽,73.0,프랑스,137.0,237.0,3,남성,4
202107,유럽,70.9,프랑스,55.0,94.0,3,여성,4
202107,유럽,47.4,프랑스,479.0,706.0,3,승무원,4
202107,유럽,54.5,프랑스,671.0,1037.0,3,전체,4
202107,유럽,75.7,이탈리아,74.0,130.0,3,남성,5
202107,유럽,218.2,이탈리아,11.0,35.0,3,여성,5
202107,유럽,58.8,이탈리아,51.0,81.0,3,승무원,5
202107,유럽,80.9,이탈리아,136.0,246.0,3,전체,5
202107,유럽,89.1,네덜란드,46.0,87.0,3,남성,6
202107,유럽,88.2,네덜란드,17.0,32.0,3,여성,6
202107,유럽,35.5,네덜란드,682.0,924.0,3,승무원,6
202107,유럽,40.0,네덜란드,745.0,1043.0,3,전체,6
202107,유럽,-6.2,우크라이나,386.0,362.0,3,남성,7
202107,유럽,56.9,우크라이나,51.0,80.0,3,여성,7
202107,유럽,-8.0,우크라이나,723.0,665.0,3,승무원,7
202107,유럽,-4.6,우크라이나,1160.0,1107.0,3,전체,7
202107,유럽,57.5,스페인,40.0,63.0,3,남성,8
202107,유럽,106.2,스페인,16.0,33.0,3,여성,8
202107,유럽,65.0,스페인,20.0,33.0,3,승무원,8
202107,유럽,69.7,스페인,76.0,129.0,3,전체,8
202107,유럽,33.8,루마니아,68.0,91.0,3,남성,9
202107,유럽,120.0,루마니아,5.0,11.0,3,여성,9
202107,유럽,-7.7,루마니아,155.0,143.0,3,승무원,9
202107,유럽,7.5,루마니아,228.0,245.0,3,전체,9
202107,유럽,47.6,노르웨이,21.0,31.0,3,남성,10
202107,유럽,1100.0,노르웨이,1.0,12.0,3,여성,10
202107,유럽,130.0,노르웨이,10.0,23.0,3,승무원,10
202107,유럽,106.2,노르웨이,32.0,66.0,3,전체,10
202107,유럽,138.9,스웨덴,18.0,43.0,3,남성,11
202107,유럽,166.7,스웨덴,9.0,24.0,3,여성,11
202107,유럽,233.3,스웨덴,6.0,20.0,3,승무원,11
202107,유럽,163.6,스웨덴,33.0,87.0,3,전체,11
202107,유럽,11.1,폴란드,63.0,70.0,3,남성,12
202107,유럽,47.4,폴란드,19.0,28.0,3,여성,12
202107,유럽,-3.4,폴란드,237.0,229.0,3,승무원,12
202107,유럽,2.5,폴란드,319.0,327.0,3,전체,12
202107,유럽,342.9,스위스,14.0,62.0,3,남성,13
202107,유럽,440.0,스위스,5.0,27.0,3,여성,13
202107,유럽,145.5,스위스,22.0,54.0,3,승무원,13
202107,유럽,248.8,스위스,41.0,143.0,3,전체,13
202107,유럽,23.1,포르투갈,13.0,16.0,3,남성,14
202107,유럽,-60.0,포르투갈,5.0,2.0,3,여성,14
202107,유럽,637.5,포르투갈,8.0,59.0,3,승무원,14
202107,유럽,196.2,포르투갈,26.0,77.0,3,전체,14
202107,유럽,53.1,오스트리아,32.0,49.0,3,남성,15
202107,유럽,2200.0,오스트리아,1.0,23.0,3,여성,15
202107,유럽,-4.2,오스트리아,71.0,68.0,3,승무원,15
202107,유럽,34.6,오스트리아,104.0,140.0,3,전체,15
202107,유럽,500.0,핀란드,6.0,36.0,3,남성,16
202107,유럽,500.0,핀란드,1.0,6.0,3,여성,16
202107,유럽,67.9,핀란드,106.0,178.0,3,승무원,16
202107,유럽,94.7,핀란드,113.0,220.0,3,전체,16
202107,유럽,246.7,벨기에,15.0,52.0,3,남성,17
202107,유럽,157.1,벨기에,14.0,36.0,3,여성,17
202107,유럽,29.5,벨기에,61.0,79.0,3,승무원,17
202107,유럽,85.6,벨기에,90.0,167.0,3,전체,17
202107,유럽,13.5,크로아티아,52.0,59.0,3,남성,18
202107,유럽,0.0,크로아티아,0.0,1.0,3,여성,18
202107,유럽,25.0,크로아티아,72.0,90.0,3,승무원,18
202107,유럽,21.0,크로아티아,124.0,150.0,3,전체,18
202107,유럽,115.2,그리스,66.0,142.0,3,남성,19
202107,유럽,-36.4,그리스,11.0,7.0,3,여성,19
202107,유럽,13.5,그리스,74.0,84.0,3,승무원,19
202107,유럽,54.3,그리스,151.0,233.0,3,전체,19
202107,유럽,26.7,불가리아,15.0,19.0,3,남성,20
202107,유럽,400.0,불가리아,1.0,5.0,3,여성,20
202107,유럽,34.1,불가리아,91.0,122.0,3,승무원,20
202107,유럽,36.4,불가리아,107.0,146.0,3,전체,20
202107,유럽,54.8,덴마크,31.0,48.0,3,남성,21
202107,유럽,112.5,덴마크,8.0,17.0,3,여성,21
202107,유럽,-28.6,덴마크,56.0,40.0,3,승무원,21
202107,유럽,10.5,덴마크,95.0,105.0,3,전체,21
202107,유럽,27.3,아일랜드,22.0,28.0,3,남성,22
202107,유럽,150.0,아일랜드,6.0,15.0,3,여성,22
202107,유럽,111.1,아일랜드,9.0,19.0,3,승무원,22
202107,유럽,67.6,아일랜드,37.0,62.0,3,전체,22
202107,유럽,52.9,기타,85.0,130.0,3,남성,23
202107,유럽,94.1,기타,34.0,66.0,3,여성,23
202107,유럽,31.8,기타,214.0,282.0,3,승무원,23
202107,유럽,43.5,기타,333.0,478.0,3,전체,23
202107,오세아니아,-14.6,연도대륙,151.0,129.0,2,남성,0
202107,오세아니아,11.3,연도대륙,115.0,128.0,2,여성,0
202107,오세아니아,1.7,연도대륙,173.0,176.0,2,승무원,0
202107,오세아니아,-1.4,연도대륙,439.0,433.0,2,전체,0
202107,오세아니아,-3.3,호주,90.0,87.0,3,남성,1
202107,오세아니아,8.1,호주,74.0,80.0,3,여성,1
202107,오세아니아,117.1,호주,41.0,89.0,3,승무원,1
202107,오세아니아,24.9,호주,205.0,256.0,3,전체,1
202107,오세아니아,13.9,뉴질랜드,36.0,41.0,3,남성,2
202107,오세아니아,15.8,뉴질랜드,38.0,44.0,3,여성,2
202107,오세아니아,53.5,뉴질랜드,43.0,66.0,3,승무원,2
202107,오세아니아,29.1,뉴질랜드,117.0,151.0,3,전체,2
202107,오세아니아,-96.0,기타,25.0,1.0,3,남성,3
202107,오세아니아,33.3,기타,3.0,4.0,3,여성,3
202107,오세아니아,-76.4,기타,89.0,21.0,3,승무원,3
202107,오세아니아,-77.8,기타,117.0,26.0,3,전체,3
202107,아프리카,34.3,연도대륙,181.0,243.0,2,남성,0
202107,아프리카,88.7,연도대륙,71.0,134.0,2,여성,0
202107,아프리카,174.9,연도대륙,191.0,525.0,2,승무원,0
202107,아프리카,103.6,연도대륙,443.0,902.0,2,전체,0
202107,아프리카,18.2,남아프리카공화국,22.0,26.0,3,남성,1
202107,아프리카,168.4,남아프리카공화국,19.0,51.0,3,여성,1
202107,아프리카,76.9,남아프리카공화국,26.0,46.0,3,승무원,1
202107,아프리카,83.6,남아프리카공화국,67.0,123.0,3,전체,1
202107,아프리카,36.5,기타,159.0,217.0,3,남성,2
202107,아프리카,59.6,기타,52.0,83.0,3,여성,2
202107,아프리카,190.3,기타,165.0,479.0,3,승무원,2
202107,아프리카,107.2,기타,376.0,779.0,3,전체,2
202107,기타,-60.0,연도대륙,5.0,2.0,2,남성,0
202107,기타,-100.0,연도대륙,2.0,0.0,2,여성,0
202107,기타,-66.7,연도대륙,3.0,1.0,2,승무원,0
202107,기타,-70.0,연도대륙,10.0,3.0,2,전체,0
202107,기타,-60.0,기타,5.0,2.0,3,남성,1
202107,기타,-100.0,기타,2.0,0.0,3,여성,1
202107,기타,-66.7,기타,3.0,1.0,3,승무원,1
202107,기타,-70.0,기타,10.0,3.0,3,전체,1
202107,교포,43.6,연도대륙,367.0,527.0,2,남성,0
202107,교포,27.7,연도대륙,566.0,723.0,2,여성,0
202107,교포,0.0,연도대륙,0.0,0.0,2,승무원,0
202107,교포,34.0,연도대륙,933.0,1250.0,2,전체,0
202107,교포,43.6,교포,367.0,527.0,3,남성,1
202107,교포,27.7,교포,566.0,723.0,3,여성,1
202107,교포,0.0,교포,0.0,0.0,3,승무원,1
202107,교포,34.0,교포,933.0,1250.0,3,전체,1
202108,대륙전체,61.5,연도,20528.0,33144.0,1,남성,0
202108,대륙전체,63.7,연도,16921.0,27693.0,1,여성,0
202108,대륙전체,15.6,연도,31348.0,36250.0,1,승무원,0
202108,대륙전체,41.1,연도,68797.0,97087.0,1,전체,0
202108,아시아,55.8,연도대륙,12690.0,19767.0,2,남성,0
202108,아시아,34.6,연도대륙,9902.0,13328.0,2,여성,0
202108,아시아,10.2,연도대륙,17883.0,19707.0,2,승무원,0
202108,아시아,30.5,연도대륙,40475.0,52802.0,2,전체,0
202108,아시아,0.6,중국,6541.0,6579.0,3,남성,1
202108,아시아,13.8,중국,6140.0,6990.0,3,여성,1
202108,아시아,-1.7,중국,3594.0,3534.0,3,승무원,1
202108,아시아,5.1,중국,16275.0,17103.0,3,전체,1
202108,아시아,15.8,일본,614.0,711.0,3,남성,2
202108,아시아,149.3,일본,590.0,1471.0,3,여성,2
202108,아시아,7.0,일본,71.0,76.0,3,승무원,2
202108,아시아,77.1,일본,1275.0,2258.0,3,전체,2
202108,아시아,15.4,대만,136.0,157.0,3,남성,3
202108,아시아,-16.8,대만,380.0,316.0,3,여성,3
202108,아시아,-7.9,대만,139.0,128.0,3,승무원,3
202108,아시아,-8.2,대만,655.0,601.0,3,전체,3
202108,아시아,39.4,홍콩,33.0,46.0,3,남성,4
202108,아시아,5.7,홍콩,122.0,129.0,3,여성,4
202108,아시아,83.3,홍콩,12.0,22.0,3,승무원,4
202108,아시아,18.0,홍콩,167.0,197.0,3,전체,4
202108,아시아,0.0,마카오,1.0,1.0,3,남성,5
202108,아시아,-100.0,마카오,8.0,0.0,3,여성,5
202108,아시아,0.0,마카오,0.0,0.0,3,승무원,5
202108,아시아,-88.9,마카오,9.0,1.0,3,전체,5
202108,아시아,240.7,필리핀,1097.0,3737.0,3,남성,6
202108,아시아,293.5,필리핀,31.0,122.0,3,여성,6
202108,아시아,13.8,필리핀,6234.0,7092.0,3,승무원,6
202108,아시아,48.8,필리핀,7362.0,10951.0,3,전체,6
202108,아시아,112.5,인도네시아,869.0,1847.0,3,남성,7
202108,아시아,-35.4,인도네시아,206.0,133.0,3,여성,7
202108,아시아,25.1,인도네시아,1755.0,2195.0,3,승무원,7
202108,아시아,47.5,인도네시아,2830.0,4175.0,3,전체,7
202108,아시아,120.0,태국,75.0,165.0,3,남성,8
202108,아시아,3.1,태국,293.0,302.0,3,여성,8
202108,아시아,-67.8,태국,413.0,133.0,3,승무원,8
202108,아시아,-23.2,태국,781.0,600.0,3,전체,8
202108,아시아,18.0,베트남,577.0,681.0,3,남성,9
202108,아시아,-20.0,베트남,1032.0,826.0,3,여성,9
202108,아시아,48.0,베트남,329.0,487.0,3,승무원,9
202108,아시아,2.9,베트남,1938.0,1994.0,3,전체,9
202108,아시아,149.6,인도,560.0,1398.0,3,남성,10
202108,아시아,71.1,인도,83.0,142.0,3,여성,10
202108,아시아,11.9,인도,1417.0,1585.0,3,승무원,10
202108,아시아,51.7,인도,2060.0,3125.0,3,전체,10
202108,아시아,14.4,말레이시아,97.0,111.0,3,남성,11
202108,아시아,166.7,말레이시아,81.0,216.0,3,여성,11
202108,아시아,143.9,말레이시아,98.0,239.0,3,승무원,11
202108,아시아,105.1,말레이시아,276.0,566.0,3,전체,11
202108,아시아,61.9,싱가포르,42.0,68.0,3,남성,12
202108,아시아,188.0,싱가포르,25.0,72.0,3,여성,12
202108,아시아,14.0,싱가포르,57.0,65.0,3,승무원,12
202108,아시아,65.3,싱가포르,124.0,205.0,3,전체,12
202108,아시아,73.6,몽골,208.0,361.0,3,남성,13
202108,아시아,79.7,몽골,349.0,627.0,3,여성,13
202108,아시아,0.0,몽골,4.0,4.0,3,승무원,13
202108,아시아,76.8,몽골,561.0,992.0,3,전체,13
202108,아시아,3306.9,우즈베키스탄,29.0,988.0,3,남성,14
202108,아시아,1409.1,우즈베키스탄,33.0,498.0,3,여성,14
202108,아시아,0.0,우즈베키스탄,2.0,2.0,3,승무원,14
202108,아시아,2225.0,우즈베키스탄,64.0,1488.0,3,전체,14
202108,아시아,-11.8,미얀마,993.0,876.0,3,남성,15
202108,아시아,-3.9,미얀마,76.0,73.0,3,여성,15
202108,아시아,3.1,미얀마,3072.0,3167.0,3,승무원,15
202108,아시아,-0.6,미얀마,4141.0,4116.0,3,전체,15
202108,아시아,819.0,GCC,21.0,193.0,3,남성,16
202108,아시아,184.8,GCC,33.0,94.0,3,여성,16
202108,아시아,133.3,GCC,27.0,63.0,3,승무원,16
202108,아시아,332.1,GCC,81.0,350.0,3,전체,16
202108,아시아,148.9,카자흐스탄,137.0,341.0,3,남성,17
202108,아시아,192.3,카자흐스탄,142.0,415.0,3,여성,17
202108,아시아,124.0,카자흐스탄,50.0,112.0,3,승무원,17
202108,아시아,163.8,카자흐스탄,329.0,868.0,3,전체,17
202108,아시아,34.5,튀르키예,87.0,117.0,3,남성,18
202108,아시아,110.4,튀르키예,67.0,141.0,3,여성,18
202108,아시아,47.4,튀르키예,285.0,420.0,3,승무원,18
202108,아시아,54.4,튀르키예,439.0,678.0,3,전체,18
202108,아시아,10.5,캄보디아,124.0,137.0,3,남성,19
202108,아시아,105.6,캄보디아,54.0,111.0,3,여성,19
202108,아시아,0.0,캄보디아,0.0,0.0,3,승무원,19
202108,아시아,39.3,캄보디아,178.0,248.0,3,전체,19
202108,아시아,191.7,스리랑카,60.0,175.0,3,남성,20
202108,아시아,80.0,스리랑카,15.0,27.0,3,여성,20
202108,아시아,53.8,스리랑카,91.0,140.0,3,승무원,20
202108,아시아,106.0,스리랑카,166.0,342.0,3,전체,20
202108,아시아,-67.2,방글라데시,122.0,40.0,3,남성,21
202108,아시아,266.7,방글라데시,9.0,33.0,3,여성,21
202108,아시아,-51.0,방글라데시,147.0,72.0,3,승무원,21
202108,아시아,-47.8,방글라데시,278.0,145.0,3,전체,21
202108,아시아,106.1,파키스탄,49.0,101.0,3,남성,22
202108,아시아,136.4,파키스탄,11.0,26.0,3,여성,22
202108,아시아,5.9,파키스탄,34.0,36.0,3,승무원,22
202108,아시아,73.4,파키스탄,94.0,163.0,3,전체,22
202108,아시아,250.0,이스라엘,18.0,63.0,3,남성,23
202108,아시아,76.9,이스라엘,13.0,23.0,3,여성,23
202108,아시아,560.0,이스라엘,5.0,33.0,3,승무원,23
202108,아시아,230.6,이스라엘,36.0,119.0,3,전체,23
202108,아시아,68.2,이란,22.0,37.0,3,남성,24
202108,아시아,90.3,이란,31.0,59.0,3,여성,24
202108,아시아,-100.0,이란,2.0,0.0,3,승무원,24
202108,아시아,74.5,이란,55.0,96.0,3,전체,24
202108,아시아,370.2,기타,178.0,837.0,3,남성,25
202108,아시아,517.9,기타,78.0,482.0,3,여성,25
202108,아시아,126.7,기타,45.0,102.0,3,승무원,25
202108,아시아,372.1,기타,301.0,1421.0,3,전체,25
202108,아메리카,79.0,연도대륙,3669.0,6566.0,2,남성,0
202108,아메리카,105.6,연도대륙,3915.0,8050.0,2,여성,0
202108,아메리카,25.5,연도대륙,7477.0,9381.0,2,승무원,0
202108,아메리카,59.3,연도대륙,15061.0,23997.0,2,전체,0
202108,아메리카,77.0,미국,3249.0,5752.0,3,남성,1
202108,아메리카,103.4,미국,3435.0,6988.0,3,여성,1
202108,아메리카,17.0,미국,6684.0,7821.0,3,승무원,1
202108,아메리카,53.8,미국,13368.0,20561.0,3,전체,1
202108,아메리카,79.2,캐나다,283.0,507.0,3,남성,2
202108,아메리카,71.4,캐나다,325.0,557.0,3,여성,2
202108,아메리카,117.6,캐나다,556.0,1210.0,3,승무원,2
202108,아메리카,95.4,캐나다,1164.0,2274.0,3,전체,2
202108,아메리카,187.5,브라질,24.0,69.0,3,남성,3
202108,아메리카,130.8,브라질,39.0,90.0,3,여성,3
202108,아메리카,60.5,브라질,38.0,61.0,3,승무원,3
202108,아메리카,117.8,브라질,101.0,220.0,3,전체,3
202108,아메리카,59.1,멕시코,44.0,70.0,3,남성,4
202108,아메리카,234.0,멕시코,50.0,167.0,3,여성,4
202108,아메리카,29.6,멕시코,142.0,184.0,3,승무원,4
202108,아메리카,78.4,멕시코,236.0,421.0,3,전체,4
202108,아메리카,143.5,기타,69.0,168.0,3,남성,5
202108,아메리카,275.8,기타,66.0,248.0,3,여성,5
202108,아메리카,84.2,기타,57.0,105.0,3,승무원,5
202108,아메리카,171.4,기타,192.0,521.0,3,전체,5
202108,유럽,66.5,연도대륙,3312.0,5514.0,2,남성,0
202108,유럽,119.6,연도대륙,2286.0,5019.0,2,여성,0
202108,유럽,14.3,연도대륙,5549.0,6340.0,2,승무원,0
202108,유럽,51.4,연도대륙,11147.0,16873.0,2,전체,0
202108,유럽,63.3,러시아,431.0,704.0,3,남성,1
202108,유럽,113.0,러시아,416.0,886.0,3,여성,1
202108,유럽,-6.4,러시아,1239.0,1160.0,3,승무원,1
202108,유럽,31.8,러시아,2086.0,2750.0,3,전체,1
202108,유럽,142.4,영국,283.0,686.0,3,남성,2
202108,유럽,159.5,영국,222.0,576.0,3,여성,2
202108,유럽,62.3,영국,114.0,185.0,3,승무원,2
202108,유럽,133.8,영국,619.0,1447.0,3,전체,2
202108,유럽,95.9,독일,491.0,962.0,3,남성,3
202108,유럽,182.3,독일,344.0,971.0,3,여성,3
202108,유럽,16.0,독일,745.0,864.0,3,승무원,3
202108,유럽,77.0,독일,1580.0,2797.0,3,전체,3
202108,유럽,2.6,프랑스,646.0,663.0,3,남성,4
202108,유럽,14.1,프랑스,489.0,558.0,3,여성,4
202108,유럽,-0.2,프랑스,664.0,663.0,3,승무원,4
202108,유럽,4.7,프랑스,1799.0,1884.0,3,전체,4
202108,유럽,120.6,이탈리아,107.0,236.0,3,남성,5
202108,유럽,198.4,이탈리아,64.0,191.0,3,여성,5
202108,유럽,63.8,이탈리아,58.0,95.0,3,승무원,5
202108,유럽,127.9,이탈리아,229.0,522.0,3,전체,5
202108,유럽,223.6,네덜란드,72.0,233.0,3,남성,6
202108,유럽,530.0,네덜란드,30.0,189.0,3,여성,6
202108,유럽,27.3,네덜란드,670.0,853.0,3,승무원,6
202108,유럽,65.2,네덜란드,772.0,1275.0,3,전체,6
202108,유럽,74.6,우크라이나,213.0,372.0,3,남성,7
202108,유럽,75.6,우크라이나,78.0,137.0,3,여성,7
202108,유럽,5.8,우크라이나,709.0,750.0,3,승무원,7
202108,유럽,25.9,우크라이나,1000.0,1259.0,3,전체,7
202108,유럽,113.5,스페인,89.0,190.0,3,남성,8
202108,유럽,256.9,스페인,72.0,257.0,3,여성,8
202108,유럽,128.6,스페인,28.0,64.0,3,승무원,8
202108,유럽,170.4,스페인,189.0,511.0,3,전체,8
202108,유럽,2.2,루마니아,91.0,93.0,3,남성,9
202108,유럽,166.7,루마니아,12.0,32.0,3,여성,9
202108,유럽,-5.4,루마니아,148.0,140.0,3,승무원,9
202108,유럽,5.6,루마니아,251.0,265.0,3,전체,9
202108,유럽,67.6,노르웨이,37.0,62.0,3,남성,10
202108,유럽,225.0,노르웨이,20.0,65.0,3,여성,10
202108,유럽,114.3,노르웨이,7.0,15.0,3,승무원,10
202108,유럽,121.9,노르웨이,64.0,142.0,3,전체,10
202108,유럽,130.2,스웨덴,53.0,122.0,3,남성,11
202108,유럽,163.0,스웨덴,54.0,142.0,3,여성,11
202108,유럽,-6.2,스웨덴,16.0,15.0,3,승무원,11
202108,유럽,126.8,스웨덴,123.0,279.0,3,전체,11
202108,유럽,23.1,폴란드,65.0,80.0,3,남성,12
202108,유럽,157.8,폴란드,45.0,116.0,3,여성,12
202108,유럽,-16.9,폴란드,284.0,236.0,3,승무원,12
202108,유럽,9.6,폴란드,394.0,432.0,3,전체,12
202108,유럽,80.3,스위스,61.0,110.0,3,남성,13
202108,유럽,77.3,스위스,44.0,78.0,3,여성,13
202108,유럽,135.3,스위스,17.0,40.0,3,승무원,13
202108,유럽,86.9,스위스,122.0,228.0,3,전체,13
202108,유럽,10.5,포르투갈,19.0,21.0,3,남성,14
202108,유럽,121.1,포르투갈,19.0,42.0,3,여성,14
202108,유럽,1628.6,포르투갈,14.0,242.0,3,승무원,14
202108,유럽,486.5,포르투갈,52.0,305.0,3,전체,14
202108,유럽,51.6,오스트리아,62.0,94.0,3,남성,15
202108,유럽,148.0,오스트리아,25.0,62.0,3,여성,15
202108,유럽,-1.4,오스트리아,70.0,69.0,3,승무원,15
202108,유럽,43.3,오스트리아,157.0,225.0,3,전체,15
202108,유럽,50.8,핀란드,59.0,89.0,3,남성,16
202108,유럽,47.3,핀란드,55.0,81.0,3,여성,16
202108,유럽,22.4,핀란드,125.0,153.0,3,승무원,16
202108,유럽,35.1,핀란드,239.0,323.0,3,전체,16
202108,유럽,140.4,벨기에,52.0,125.0,3,남성,17
202108,유럽,130.9,벨기에,55.0,127.0,3,여성,17
202108,유럽,39.0,벨기에,59.0,82.0,3,승무원,17
202108,유럽,101.2,벨기에,166.0,334.0,3,전체,17
202108,유럽,47.9,크로아티아,48.0,71.0,3,남성,18
202108,유럽,125.0,크로아티아,4.0,9.0,3,여성,18
202108,유럽,22.2,크로아티아,63.0,77.0,3,승무원,18
202108,유럽,36.5,크로아티아,115.0,157.0,3,전체,18
202108,유럽,-15.2,그리스,158.0,134.0,3,남성,19
202108,유럽,137.5,그리스,8.0,19.0,3,여성,19
202108,유럽,23.5,그리스,98.0,121.0,3,승무원,19
202108,유럽,3.8,그리스,264.0,274.0,3,전체,19
202108,유럽,117.6,불가리아,17.0,37.0,3,남성,20
202108,유럽,100.0,불가리아,9.0,18.0,3,여성,20
202108,유럽,-1.6,불가리아,123.0,121.0,3,승무원,20
202108,유럽,18.1,불가리아,149.0,176.0,3,전체,20
202108,유럽,48.2,덴마크,85.0,126.0,3,남성,21
202108,유럽,167.6,덴마크,37.0,99.0,3,여성,21
202108,유럽,63.2,덴마크,19.0,31.0,3,승무원,21
202108,유럽,81.6,덴마크,141.0,256.0,3,전체,21
202108,유럽,64.7,아일랜드,34.0,56.0,3,남성,22
202108,유럽,141.2,아일랜드,17.0,41.0,3,여성,22
202108,유럽,175.0,아일랜드,8.0,22.0,3,승무원,22
202108,유럽,101.7,아일랜드,59.0,119.0,3,전체,22
202108,유럽,78.4,기타,139.0,248.0,3,남성,23
202108,유럽,93.4,기타,167.0,323.0,3,여성,23
202108,유럽,26.2,기타,271.0,342.0,3,승무원,23
202108,유럽,58.2,기타,577.0,913.0,3,전체,23
202108,오세아니아,59.0,연도대륙,105.0,167.0,2,남성,0
202108,오세아니아,67.5,연도대륙,77.0,129.0,2,여성,0
202108,오세아니아,49.3,연도대륙,134.0,200.0,2,승무원,0
202108,오세아니아,57.0,연도대륙,316.0,496.0,2,전체,0
202108,오세아니아,76.3,호주,59.0,104.0,3,남성,1
202108,오세아니아,78.0,호주,50.0,89.0,3,여성,1
202108,오세아니아,87.2,호주,47.0,88.0,3,승무원,1
202108,오세아니아,80.1,호주,156.0,281.0,3,전체,1
202108,오세아니아,0.0,뉴질랜드,44.0,44.0,3,남성,2
202108,오세아니아,30.8,뉴질랜드,26.0,34.0,3,여성,2
202108,오세아니아,18.4,뉴질랜드,49.0,58.0,3,승무원,2
202108,오세아니아,14.3,뉴질랜드,119.0,136.0,3,전체,2
202108,오세아니아,850.0,기타,2.0,19.0,3,남성,3
202108,오세아니아,500.0,기타,1.0,6.0,3,여성,3
202108,오세아니아,42.1,기타,38.0,54.0,3,승무원,3
202108,오세아니아,92.7,기타,41.0,79.0,3,전체,3
202108,아프리카,133.5,연도대륙,272.0,635.0,2,남성,0
202108,아프리카,151.6,연도대륙,182.0,458.0,2,여성,0
202108,아프리카,103.0,연도대륙,305.0,619.0,2,승무원,0
202108,아프리카,125.6,연도대륙,759.0,1712.0,2,전체,0
202108,아프리카,117.4,남아프리카공화국,23.0,50.0,3,남성,1
202108,아프리카,243.3,남아프리카공화국,30.0,103.0,3,여성,1
202108,아프리카,66.7,남아프리카공화국,42.0,70.0,3,승무원,1
202108,아프리카,134.7,남아프리카공화국,95.0,223.0,3,전체,1
202108,아프리카,134.9,기타,249.0,585.0,3,남성,2
202108,아프리카,133.6,기타,152.0,355.0,3,여성,2
202108,아프리카,108.7,기타,263.0,549.0,3,승무원,2
202108,아프리카,124.2,기타,664.0,1489.0,3,전체,2
202108,기타,100.0,연도대륙,2.0,4.0,2,남성,0
202108,기타,100.0,연도대륙,1.0,2.0,2,여성,0
202108,기타,0.0,연도대륙,0.0,3.0,2,승무원,0
202108,기타,200.0,연도대륙,3.0,9.0,2,전체,0
202108,기타,100.0,기타,2.0,4.0,3,남성,1
202108,기타,100.0,기타,1.0,2.0,3,여성,1
202108,기타,0.0,기타,0.0,3.0,3,승무원,1
202108,기타,200.0,기타,3.0,9.0,3,전체,1
202108,교포,2.7,연도대륙,478.0,491.0,2,남성,0
202108,교포,26.7,연도대륙,558.0,707.0,2,여성,0
202108,교포,0.0,연도대륙,0.0,0.0,2,승무원,0
202108,교포,15.6,연도대륙,1036.0,1198.0,2,전체,0
202108,교포,2.7,교포,478.0,491.0,3,남성,1
202108,교포,26.7,교포,558.0,707.0,3,여성,1
202108,교포,0.0,교포,0.0,0.0,3,승무원,1
202108,교포,15.6,교포,1036.0,1198.0,3,전체,1
202109,대륙전체,62.3,연도,20033.0,32513.0,1,남성,0
202109,대륙전체,79.7,연도,12283.0,22075.0,1,여성,0
202109,대륙전체,7.6,연도,32724.0,35212.0,1,승무원,0
202109,대륙전체,38.1,연도,65040.0,89800.0,1,전체,0
202109,아시아,41.7,연도대륙,14256.0,20195.0,2,남성,0
202109,아시아,58.2,연도대륙,7490.0,11848.0,2,여성,0
202109,아시아,-6.2,연도대륙,18916.0,17752.0,2,승무원,0
202109,아시아,22.5,연도대륙,40662.0,49795.0,2,전체,0
202109,아시아,34.5,중국,6221.0,8368.0,3,남성,1
202109,아시아,38.9,중국,5534.0,7686.0,3,여성,1
202109,아시아,-13.0,중국,3552.0,3090.0,3,승무원,1
202109,아시아,25.1,중국,15307.0,19144.0,3,전체,1
202109,아시아,20.4,일본,555.0,668.0,3,남성,2
202109,아시아,158.0,일본,162.0,418.0,3,여성,2
202109,아시아,-27.3,일본,77.0,56.0,3,승무원,2
202109,아시아,43.8,일본,794.0,1142.0,3,전체,2
202109,아시아,-6.8,대만,117.0,109.0,3,남성,3
202109,아시아,-22.2,대만,81.0,63.0,3,여성,3
202109,아시아,-6.9,대만,131.0,122.0,3,승무원,3
202109,아시아,-10.6,대만,329.0,294.0,3,전체,3
202109,아시아,3.0,홍콩,33.0,34.0,3,남성,4
202109,아시아,14.3,홍콩,63.0,72.0,3,여성,4
202109,아시아,10.5,홍콩,19.0,21.0,3,승무원,4
202109,아시아,10.4,홍콩,115.0,127.0,3,전체,4
202109,아시아,-100.0,마카오,4.0,0.0,3,남성,5
202109,아시아,100.0,마카오,3.0,6.0,3,여성,5
202109,아시아,0.0,마카오,0.0,0.0,3,승무원,5
202109,아시아,-14.3,마카오,7.0,6.0,3,전체,5
202109,아시아,66.8,필리핀,1783.0,2974.0,3,남성,6
202109,아시아,110.3,필리핀,39.0,82.0,3,여성,6
202109,아시아,0.4,필리핀,6663.0,6689.0,3,승무원,6
202109,아시아,14.8,필리핀,8485.0,9745.0,3,전체,6
202109,아시아,-19.1,인도네시아,1343.0,1087.0,3,남성,7
202109,아시아,18.0,인도네시아,89.0,105.0,3,여성,7
202109,아시아,-6.5,인도네시아,1964.0,1837.0,3,승무원,7
202109,아시아,-10.8,인도네시아,3396.0,3029.0,3,전체,7
202109,아시아,847.1,태국,51.0,483.0,3,남성,8
202109,아시아,7.3,태국,193.0,207.0,3,여성,8
202109,아시아,-44.4,태국,279.0,155.0,3,승무원,8
202109,아시아,61.6,태국,523.0,845.0,3,전체,8
202109,아시아,60.0,베트남,445.0,712.0,3,남성,9
202109,아시아,24.8,베트남,505.0,630.0,3,여성,9
202109,아시아,-10.3,베트남,497.0,446.0,3,승무원,9
202109,아시아,23.6,베트남,1447.0,1788.0,3,전체,9
202109,아시아,51.4,인도,759.0,1149.0,3,남성,10
202109,아시아,56.5,인도,85.0,133.0,3,여성,10
202109,아시아,-7.2,인도,1564.0,1452.0,3,승무원,10
202109,아시아,13.5,인도,2408.0,2734.0,3,전체,10
202109,아시아,89.6,말레이시아,48.0,91.0,3,남성,11
202109,아시아,0.0,말레이시아,40.0,40.0,3,여성,11
202109,아시아,121.4,말레이시아,98.0,217.0,3,승무원,11
202109,아시아,87.1,말레이시아,186.0,348.0,3,전체,11
202109,아시아,311.1,싱가포르,27.0,111.0,3,남성,12
202109,아시아,100.0,싱가포르,18.0,36.0,3,여성,12
202109,아시아,-1.9,싱가포르,52.0,51.0,3,승무원,12
202109,아시아,104.1,싱가포르,97.0,198.0,3,전체,12
202109,아시아,286.6,몽골,112.0,433.0,3,남성,13
202109,아시아,372.4,몽골,127.0,600.0,3,여성,13
202109,아시아,0.0,몽골,0.0,0.0,3,승무원,13
202109,아시아,332.2,몽골,239.0,1033.0,3,전체,13
202109,아시아,289.1,우즈베키스탄,239.0,930.0,3,남성,14
202109,아시아,295.4,우즈베키스탄,173.0,684.0,3,여성,14
202109,아시아,0.0,우즈베키스탄,2.0,2.0,3,승무원,14
202109,아시아,290.3,우즈베키스탄,414.0,1616.0,3,전체,14
202109,아시아,-27.8,미얀마,1595.0,1151.0,3,남성,15
202109,아시아,340.6,미얀마,32.0,141.0,3,여성,15
202109,아시아,-15.3,미얀마,3272.0,2773.0,3,승무원,15
202109,아시아,-17.0,미얀마,4899.0,4065.0,3,전체,15
202109,아시아,257.1,GCC,35.0,125.0,3,남성,16
202109,아시아,70.8,GCC,24.0,41.0,3,여성,16
202109,아시아,90.3,GCC,31.0,59.0,3,승무원,16
202109,아시아,150.0,GCC,90.0,225.0,3,전체,16
202109,아시아,231.2,카자흐스탄,112.0,371.0,3,남성,17
202109,아시아,317.1,카자흐스탄,105.0,438.0,3,여성,17
202109,아시아,131.7,카자흐스탄,41.0,95.0,3,승무원,17
202109,아시아,250.4,카자흐스탄,258.0,904.0,3,전체,17
202109,아시아,-3.3,튀르키예,61.0,59.0,3,남성,18
202109,아시아,-25.7,튀르키예,35.0,26.0,3,여성,18
202109,아시아,9.5,튀르키예,285.0,312.0,3,승무원,18
202109,아시아,4.2,튀르키예,381.0,397.0,3,전체,18
202109,아시아,152.6,캄보디아,95.0,240.0,3,남성,19
202109,아시아,416.0,캄보디아,25.0,129.0,3,여성,19
202109,아시아,0.0,캄보디아,0.0,0.0,3,승무원,19
202109,아시아,207.5,캄보디아,120.0,369.0,3,전체,19
202109,아시아,211.1,스리랑카,81.0,252.0,3,남성,20
202109,아시아,100.0,스리랑카,7.0,14.0,3,여성,20
202109,아시아,-22.4,스리랑카,147.0,114.0,3,승무원,20
202109,아시아,61.7,스리랑카,235.0,380.0,3,전체,20
202109,아시아,15.4,방글라데시,78.0,90.0,3,남성,21
202109,아시아,0.0,방글라데시,0.0,14.0,3,여성,21
202109,아시아,-66.7,방글라데시,135.0,45.0,3,승무원,21
202109,아시아,-30.0,방글라데시,213.0,149.0,3,전체,21
202109,아시아,268.8,파키스탄,32.0,118.0,3,남성,22
202109,아시아,288.9,파키스탄,9.0,35.0,3,여성,22
202109,아시아,29.0,파키스탄,31.0,40.0,3,승무원,22
202109,아시아,168.1,파키스탄,72.0,193.0,3,전체,22
202109,아시아,233.3,이스라엘,9.0,30.0,3,남성,23
202109,아시아,400.0,이스라엘,1.0,5.0,3,여성,23
202109,아시아,233.3,이스라엘,3.0,10.0,3,승무원,23
202109,아시아,246.2,이스라엘,13.0,45.0,3,전체,23
202109,아시아,15.0,이란,20.0,23.0,3,남성,24
202109,아시아,-21.7,이란,23.0,18.0,3,여성,24
202109,아시아,0.0,이란,0.0,2.0,3,승무원,24
202109,아시아,0.0,이란,43.0,43.0,3,전체,24
202109,아시아,46.4,기타,401.0,587.0,3,남성,25
202109,아시아,92.3,기타,117.0,225.0,3,여성,25
202109,아시아,124.7,기타,73.0,164.0,3,승무원,25
202109,아시아,65.1,기타,591.0,976.0,3,전체,25
202109,아메리카,111.6,연도대륙,3108.0,6576.0,2,남성,0
202109,아메리카,111.0,연도대륙,3264.0,6886.0,2,여성,0
202109,아메리카,30.1,연도대륙,7774.0,10113.0,2,승무원,0
202109,아메리카,66.7,연도대륙,14146.0,23575.0,2,전체,0
202109,아메리카,111.9,미국,2718.0,5760.0,3,남성,1
202109,아메리카,112.8,미국,2810.0,5980.0,3,여성,1
202109,아메리카,8.5,미국,6898.0,7487.0,3,승무원,1
202109,아메리카,54.7,미국,12426.0,19227.0,3,전체,1
202109,아메리카,116.3,캐나다,300.0,649.0,3,남성,2
202109,아메리카,91.9,캐나다,395.0,758.0,3,여성,2
202109,아메리카,266.9,캐나다,631.0,2315.0,3,승무원,2
202109,아메리카,180.7,캐나다,1326.0,3722.0,3,전체,2
202109,아메리카,-17.5,브라질,40.0,33.0,3,남성,3
202109,아메리카,44.4,브라질,18.0,26.0,3,여성,3
202109,아메리카,19.0,브라질,42.0,50.0,3,승무원,3
202109,아메리카,9.0,브라질,100.0,109.0,3,전체,3
202109,아메리카,46.4,멕시코,28.0,41.0,3,남성,4
202109,아메리카,261.1,멕시코,18.0,65.0,3,여성,4
202109,아메리카,25.7,멕시코,140.0,176.0,3,승무원,4
202109,아메리카,51.6,멕시코,186.0,282.0,3,전체,4
202109,아메리카,322.7,기타,22.0,93.0,3,남성,5
202109,아메리카,147.8,기타,23.0,57.0,3,여성,5
202109,아메리카,34.9,기타,63.0,85.0,3,승무원,5
202109,아메리카,117.6,기타,108.0,235.0,3,전체,5
202109,유럽,131.1,연도대륙,2014.0,4654.0,2,남성,0
202109,유럽,192.3,연도대륙,795.0,2324.0,2,여성,0
202109,유럽,21.2,연도대륙,5470.0,6629.0,2,승무원,0
202109,유럽,64.4,연도대륙,8279.0,13607.0,2,전체,0
202109,유럽,164.6,러시아,328.0,868.0,3,남성,1
202109,유럽,160.6,러시아,292.0,761.0,3,여성,1
202109,유럽,34.1,러시아,1080.0,1448.0,3,승무원,1
202109,유럽,81.0,러시아,1700.0,3077.0,3,전체,1
202109,유럽,89.9,영국,228.0,433.0,3,남성,2
202109,유럽,96.5,영국,115.0,226.0,3,여성,2
202109,유럽,43.3,영국,127.0,182.0,3,승무원,2
202109,유럽,78.9,영국,470.0,841.0,3,전체,2
202109,유럽,102.4,독일,328.0,664.0,3,남성,3
202109,유럽,330.2,독일,63.0,271.0,3,여성,3
202109,유럽,26.3,독일,693.0,875.0,3,승무원,3
202109,유럽,67.0,독일,1084.0,1810.0,3,전체,3
202109,유럽,277.7,프랑스,148.0,559.0,3,남성,4
202109,유럽,336.7,프랑스,79.0,345.0,3,여성,4
202109,유럽,1.7,프랑스,722.0,734.0,3,승무원,4
202109,유럽,72.6,프랑스,949.0,1638.0,3,전체,4
202109,유럽,190.5,이탈리아,74.0,215.0,3,남성,5
202109,유럽,200.0,이탈리아,21.0,63.0,3,여성,5
202109,유럽,127.5,이탈리아,51.0,116.0,3,승무원,5
202109,유럽,169.9,이탈리아,146.0,394.0,3,전체,5
202109,유럽,257.8,네덜란드,45.0,161.0,3,남성,6
202109,유럽,357.1,네덜란드,14.0,64.0,3,여성,6
202109,유럽,4.2,네덜란드,816.0,850.0,3,승무원,6
202109,유럽,22.9,네덜란드,875.0,1075.0,3,전체,6
202109,유럽,92.9,우크라이나,184.0,355.0,3,남성,7
202109,유럽,37.5,우크라이나,56.0,77.0,3,여성,7
202109,유럽,15.0,우크라이나,639.0,735.0,3,승무원,7
202109,유럽,32.8,우크라이나,879.0,1167.0,3,전체,7
202109,유럽,387.9,스페인,33.0,161.0,3,남성,8
202109,유럽,1200.0,스페인,7.0,91.0,3,여성,8
202109,유럽,117.9,스페인,28.0,61.0,3,승무원,8
202109,유럽,360.3,스페인,68.0,313.0,3,전체,8
202109,유럽,98.7,루마니아,76.0,151.0,3,남성,9
202109,유럽,200.0,루마니아,4.0,12.0,3,여성,9
202109,유럽,16.7,루마니아,144.0,168.0,3,승무원,9
202109,유럽,47.8,루마니아,224.0,331.0,3,전체,9
202109,유럽,50.0,노르웨이,28.0,42.0,3,남성,10
202109,유럽,80.0,노르웨이,10.0,18.0,3,여성,10
202109,유럽,-11.8,노르웨이,17.0,15.0,3,승무원,10
202109,유럽,36.4,노르웨이,55.0,75.0,3,전체,10
202109,유럽,258.3,스웨덴,24.0,86.0,3,남성,11
202109,유럽,182.4,스웨덴,17.0,48.0,3,여성,11
202109,유럽,-4.0,스웨덴,25.0,24.0,3,승무원,11
202109,유럽,139.4,스웨덴,66.0,158.0,3,전체,11
202109,유럽,30.0,폴란드,80.0,104.0,3,남성,12
202109,유럽,100.0,폴란드,17.0,34.0,3,여성,12
202109,유럽,-18.3,폴란드,268.0,219.0,3,승무원,12
202109,유럽,-2.2,폴란드,365.0,357.0,3,전체,12
202109,유럽,275.0,스위스,20.0,75.0,3,남성,13
202109,유럽,200.0,스위스,17.0,51.0,3,여성,13
202109,유럽,138.9,스위스,18.0,43.0,3,승무원,13
202109,유럽,207.3,스위스,55.0,169.0,3,전체,13
202109,유럽,300.0,포르투갈,6.0,24.0,3,남성,14
202109,유럽,1200.0,포르투갈,1.0,13.0,3,여성,14
202109,유럽,1430.8,포르투갈,13.0,199.0,3,승무원,14
202109,유럽,1080.0,포르투갈,20.0,236.0,3,전체,14
202109,유럽,200.0,오스트리아,32.0,96.0,3,남성,15
202109,유럽,1100.0,오스트리아,2.0,24.0,3,여성,15
202109,유럽,16.7,오스트리아,66.0,77.0,3,승무원,15
202109,유럽,97.0,오스트리아,100.0,197.0,3,전체,15
202109,유럽,19.6,핀란드,51.0,61.0,3,남성,16
202109,유럽,525.0,핀란드,4.0,25.0,3,여성,16
202109,유럽,34.6,핀란드,136.0,183.0,3,승무원,16
202109,유럽,40.8,핀란드,191.0,269.0,3,전체,16
202109,유럽,243.5,벨기에,23.0,79.0,3,남성,17
202109,유럽,466.7,벨기에,9.0,51.0,3,여성,17
202109,유럽,19.4,벨기에,62.0,74.0,3,승무원,17
202109,유럽,117.0,벨기에,94.0,204.0,3,전체,17
202109,유럽,-24.1,크로아티아,58.0,44.0,3,남성,18
202109,유럽,0.0,크로아티아,2.0,2.0,3,여성,18
202109,유럽,-53.8,크로아티아,93.0,43.0,3,승무원,18
202109,유럽,-41.8,크로아티아,153.0,89.0,3,전체,18
202109,유럽,72.6,그리스,95.0,164.0,3,남성,19
202109,유럽,137.5,그리스,8.0,19.0,3,여성,19
202109,유럽,29.4,그리스,85.0,110.0,3,승무원,19
202109,유럽,55.9,그리스,188.0,293.0,3,전체,19
202109,유럽,130.0,불가리아,10.0,23.0,3,남성,20
202109,유럽,500.0,불가리아,1.0,6.0,3,여성,20
202109,유럽,40.6,불가리아,101.0,142.0,3,승무원,20
202109,유럽,52.7,불가리아,112.0,171.0,3,전체,20
202109,유럽,112.5,덴마크,32.0,68.0,3,남성,21
202109,유럽,171.4,덴마크,7.0,19.0,3,여성,21
202109,유럽,-23.8,덴마크,21.0,16.0,3,승무원,21
202109,유럽,71.7,덴마크,60.0,103.0,3,전체,21
202109,유럽,168.4,아일랜드,19.0,51.0,3,남성,22
202109,유럽,375.0,아일랜드,4.0,19.0,3,여성,22
202109,유럽,100.0,아일랜드,16.0,32.0,3,승무원,22
202109,유럽,161.5,아일랜드,39.0,102.0,3,전체,22
202109,유럽,84.8,기타,92.0,170.0,3,남성,23
202109,유럽,88.9,기타,45.0,85.0,3,여성,23
202109,유럽,13.7,기타,249.0,283.0,3,승무원,23
202109,유럽,39.4,기타,386.0,538.0,3,전체,23
202109,오세아니아,44.7,연도대륙,85.0,123.0,2,남성,0
202109,오세아니아,50.7,연도대륙,69.0,104.0,2,여성,0
202109,오세아니아,35.2,연도대륙,122.0,165.0,2,승무원,0
202109,오세아니아,42.0,연도대륙,276.0,392.0,2,전체,0
202109,오세아니아,74.5,호주,51.0,89.0,3,남성,1
202109,오세아니아,66.7,호주,42.0,70.0,3,여성,1
202109,오세아니아,92.3,호주,52.0,100.0,3,승무원,1
202109,오세아니아,78.6,호주,145.0,259.0,3,전체,1
202109,오세아니아,3.0,뉴질랜드,33.0,34.0,3,남성,2
202109,오세아니아,41.7,뉴질랜드,24.0,34.0,3,여성,2
202109,오세아니아,58.8,뉴질랜드,34.0,54.0,3,승무원,2
202109,오세아니아,34.1,뉴질랜드,91.0,122.0,3,전체,2
202109,오세아니아,-100.0,기타,1.0,0.0,3,남성,3
202109,오세아니아,-100.0,기타,3.0,0.0,3,여성,3
202109,오세아니아,-69.4,기타,36.0,11.0,3,승무원,3
202109,오세아니아,-72.5,기타,40.0,11.0,3,전체,3
202109,아프리카,150.3,연도대륙,147.0,368.0,2,남성,0
202109,아프리카,144.4,연도대륙,72.0,176.0,2,여성,0
202109,아프리카,25.1,연도대륙,442.0,553.0,2,승무원,0
202109,아프리카,66.0,연도대륙,661.0,1097.0,2,전체,0
202109,아프리카,154.5,남아프리카공화국,11.0,28.0,3,남성,1
202109,아프리카,95.5,남아프리카공화국,22.0,43.0,3,여성,1
202109,아프리카,-17.0,남아프리카공화국,53.0,44.0,3,승무원,1
202109,아프리카,33.7,남아프리카공화국,86.0,115.0,3,전체,1
202109,아프리카,150.0,기타,136.0,340.0,3,남성,2
202109,아프리카,166.0,기타,50.0,133.0,3,여성,2
202109,아프리카,30.8,기타,389.0,509.0,3,승무원,2
202109,아프리카,70.8,기타,575.0,982.0,3,전체,2
202109,기타,50.0,연도대륙,4.0,6.0,2,남성,0
202109,기타,0.0,연도대륙,0.0,0.0,2,여성,0
202109,기타,0.0,연도대륙,0.0,0.0,2,승무원,0
202109,기타,50.0,연도대륙,4.0,6.0,2,전체,0
202109,기타,50.0,기타,4.0,6.0,3,남성,1
202109,기타,0.0,기타,0.0,0.0,3,여성,1
202109,기타,0.0,기타,0.0,0.0,3,승무원,1
202109,기타,50.0,기타,4.0,6.0,3,전체,1
202109,교포,41.1,연도대륙,419.0,591.0,2,남성,0
202109,교포,24.3,연도대륙,593.0,737.0,2,여성,0
202109,교포,0.0,연도대륙,0.0,0.0,2,승무원,0
202109,교포,31.2,연도대륙,1012.0,1328.0,2,전체,0
202109,교포,41.1,교포,419.0,591.0,3,남성,1
202109,교포,24.3,교포,593.0,737.0,3,여성,1
202109,교포,0.0,교포,0.0,0.0,3,승무원,1
202109,교포,31.2,교포,1012.0,1328.0,3,전체,1
202110,대륙전체,86.4,연도,18885.0,35211.0,1,남성,0
202110,대륙전체,99.1,연도,9058.0,18030.0,1,여성,0
202110,대륙전체,16.4,연도,33642.0,39175.0,1,승무원,0
202110,대륙전체,50.1,연도,61585.0,92416.0,1,전체,0
202110,아시아,53.8,연도대륙,12608.0,19388.0,2,남성,0
202110,아시아,57.3,연도대륙,4506.0,7087.0,2,여성,0
202110,아시아,6.3,연도대륙,19084.0,20294.0,2,승무원,0
202110,아시아,29.2,연도대륙,36198.0,46769.0,2,전체,0
202110,아시아,32.6,중국,4495.0,5960.0,3,남성,1
202110,아시아,30.4,중국,3299.0,4302.0,3,여성,1
202110,아시아,2.4,중국,3683.0,3773.0,3,승무원,1
202110,아시아,22.3,중국,11477.0,14035.0,3,전체,1
202110,아시아,22.6,일본,708.0,868.0,3,남성,2
202110,아시아,109.4,일본,138.0,289.0,3,여성,2
202110,아시아,-1.2,일본,81.0,80.0,3,승무원,2
202110,아시아,33.4,일본,927.0,1237.0,3,전체,2
202110,아시아,39.8,대만,98.0,137.0,3,남성,3
202110,아시아,2.8,대만,72.0,74.0,3,여성,3
202110,아시아,0.8,대만,129.0,130.0,3,승무원,3
202110,아시아,14.0,대만,299.0,341.0,3,전체,3
202110,아시아,200.0,홍콩,15.0,45.0,3,남성,4
202110,아시아,65.5,홍콩,29.0,48.0,3,여성,4
202110,아시아,60.0,홍콩,15.0,24.0,3,승무원,4
202110,아시아,98.3,홍콩,59.0,117.0,3,전체,4
202110,아시아,-50.0,마카오,2.0,1.0,3,남성,5
202110,아시아,-75.0,마카오,4.0,1.0,3,여성,5
202110,아시아,0.0,마카오,0.0,0.0,3,승무원,5
202110,아시아,-66.7,마카오,6.0,2.0,3,전체,5
202110,아시아,62.8,필리핀,2144.0,3491.0,3,남성,6
202110,아시아,182.4,필리핀,34.0,96.0,3,여성,6
202110,아시아,3.4,필리핀,6863.0,7096.0,3,승무원,6
202110,아시아,18.2,필리핀,9041.0,10683.0,3,전체,6
202110,아시아,-10.2,인도네시아,1394.0,1252.0,3,남성,7
202110,아시아,-16.7,인도네시아,54.0,45.0,3,여성,7
202110,아시아,8.2,인도네시아,1782.0,1929.0,3,승무원,7
202110,아시아,-0.1,인도네시아,3230.0,3226.0,3,전체,7
202110,아시아,586.1,태국,72.0,494.0,3,남성,8
202110,아시아,64.5,태국,124.0,204.0,3,여성,8
202110,아시아,-24.6,태국,264.0,199.0,3,승무원,8
202110,아시아,95.0,태국,460.0,897.0,3,전체,8
202110,아시아,198.2,베트남,221.0,659.0,3,남성,9
202110,아시아,98.0,베트남,200.0,396.0,3,여성,9
202110,아시아,5.6,베트남,432.0,456.0,3,승무원,9
202110,아시아,77.1,베트남,853.0,1511.0,3,전체,9
202110,아시아,88.5,인도,684.0,1289.0,3,남성,10
202110,아시아,28.9,인도,83.0,107.0,3,여성,10
202110,아시아,13.6,인도,1581.0,1796.0,3,승무원,10
202110,아시아,35.9,인도,2348.0,3192.0,3,전체,10
202110,아시아,17.6,말레이시아,85.0,100.0,3,남성,11
202110,아시아,8.6,말레이시아,35.0,38.0,3,여성,11
202110,아시아,330.0,말레이시아,60.0,258.0,3,승무원,11
202110,아시아,120.0,말레이시아,180.0,396.0,3,전체,11
202110,아시아,171.4,싱가포르,49.0,133.0,3,남성,12
202110,아시아,206.2,싱가포르,16.0,49.0,3,여성,12
202110,아시아,159.4,싱가포르,69.0,179.0,3,승무원,12
202110,아시아,169.4,싱가포르,134.0,361.0,3,전체,12
202110,아시아,673.9,몽골,23.0,178.0,3,남성,13
202110,아시아,369.2,몽골,52.0,244.0,3,여성,13
202110,아시아,0.0,몽골,0.0,2.0,3,승무원,13
202110,아시아,465.3,몽골,75.0,424.0,3,전체,13
202110,아시아,495.9,우즈베키스탄,123.0,733.0,3,남성,14
202110,아시아,509.3,우즈베키스탄,75.0,457.0,3,여성,14
202110,아시아,0.0,우즈베키스탄,4.0,4.0,3,승무원,14
202110,아시아,491.1,우즈베키스탄,202.0,1194.0,3,전체,14
202110,아시아,11.7,미얀마,1530.0,1709.0,3,남성,15
202110,아시아,800.0,미얀마,4.0,36.0,3,여성,15
202110,아시아,-2.5,미얀마,3401.0,3317.0,3,승무원,15
202110,아시아,2.6,미얀마,4935.0,5062.0,3,전체,15
202110,아시아,242.9,GCC,91.0,312.0,3,남성,16
202110,아시아,43.8,GCC,48.0,69.0,3,여성,16
202110,아시아,202.2,GCC,45.0,136.0,3,승무원,16
202110,아시아,181.0,GCC,184.0,517.0,3,전체,16
202110,아시아,123.1,카자흐스탄,104.0,232.0,3,남성,17
202110,아시아,172.7,카자흐스탄,88.0,240.0,3,여성,17
202110,아시아,124.4,카자흐스탄,41.0,92.0,3,승무원,17
202110,아시아,142.1,카자흐스탄,233.0,564.0,3,전체,17
202110,아시아,251.2,튀르키예,41.0,144.0,3,남성,18
202110,아시아,300.0,튀르키예,3.0,12.0,3,여성,18
202110,아시아,64.0,튀르키예,264.0,433.0,3,승무원,18
202110,아시아,91.2,튀르키예,308.0,589.0,3,전체,18
202110,아시아,-28.4,캄보디아,222.0,159.0,3,남성,19
202110,아시아,63.5,캄보디아,52.0,85.0,3,여성,19
202110,아시아,0.0,캄보디아,0.0,0.0,3,승무원,19
202110,아시아,-10.9,캄보디아,274.0,244.0,3,전체,19
202110,아시아,77.9,스리랑카,86.0,153.0,3,남성,20
202110,아시아,900.0,스리랑카,1.0,10.0,3,여성,20
202110,아시아,12.8,스리랑카,156.0,176.0,3,승무원,20
202110,아시아,39.5,스리랑카,243.0,339.0,3,전체,20
202110,아시아,70.1,방글라데시,67.0,114.0,3,남성,21
202110,아시아,350.0,방글라데시,4.0,18.0,3,여성,21
202110,아시아,-21.2,방글라데시,146.0,115.0,3,승무원,21
202110,아시아,13.8,방글라데시,217.0,247.0,3,전체,21
202110,아시아,155.2,파키스탄,29.0,74.0,3,남성,22
202110,아시아,216.7,파키스탄,6.0,19.0,3,여성,22
202110,아시아,31.6,파키스탄,19.0,25.0,3,승무원,22
202110,아시아,118.5,파키스탄,54.0,118.0,3,전체,22
202110,아시아,409.4,이스라엘,32.0,163.0,3,남성,23
202110,아시아,800.0,이스라엘,2.0,18.0,3,여성,23
202110,아시아,0.0,이스라엘,2.0,2.0,3,승무원,23
202110,아시아,408.3,이스라엘,36.0,183.0,3,전체,23
202110,아시아,144.4,이란,9.0,22.0,3,남성,24
202110,아시아,-10.0,이란,10.0,9.0,3,여성,24
202110,아시아,-100.0,이란,1.0,0.0,3,승무원,24
202110,아시아,55.0,이란,20.0,31.0,3,전체,24
202110,아시아,240.1,기타,284.0,966.0,3,남성,25
202110,아시아,202.7,기타,73.0,221.0,3,여성,25
202110,아시아,56.5,기타,46.0,72.0,3,승무원,25
202110,아시아,212.4,기타,403.0,1259.0,3,전체,25
202110,아메리카,156.7,연도대륙,3201.0,8217.0,2,남성,0
202110,아메리카,134.2,연도대륙,3143.0,7362.0,2,여성,0
202110,아메리카,43.5,연도대륙,7804.0,11197.0,2,승무원,0
202110,아메리카,89.3,연도대륙,14148.0,26776.0,2,전체,0
202110,아메리카,147.3,미국,2854.0,7057.0,3,남성,1
202110,아메리카,130.7,미국,2716.0,6265.0,3,여성,1
202110,아메리카,21.9,미국,6796.0,8285.0,3,승무원,1
202110,아메리카,74.7,미국,12366.0,21607.0,3,전체,1
202110,아메리카,224.0,캐나다,275.0,891.0,3,남성,2
202110,아메리카,160.6,캐나다,371.0,967.0,3,여성,2
202110,아메리카,265.7,캐나다,708.0,2589.0,3,승무원,2
202110,아메리카,228.4,캐나다,1354.0,4447.0,3,전체,2
202110,아메리카,322.2,브라질,18.0,76.0,3,남성,3
202110,아메리카,153.8,브라질,13.0,33.0,3,여성,3
202110,아메리카,40.0,브라질,50.0,70.0,3,승무원,3
202110,아메리카,121.0,브라질,81.0,179.0,3,전체,3
202110,아메리카,112.5,멕시코,24.0,51.0,3,남성,4
202110,아메리카,34.6,멕시코,26.0,35.0,3,여성,4
202110,아메리카,-2.9,멕시코,173.0,168.0,3,승무원,4
202110,아메리카,13.9,멕시코,223.0,254.0,3,전체,4
202110,아메리카,373.3,기타,30.0,142.0,3,남성,5
202110,아메리카,264.7,기타,17.0,62.0,3,여성,5
202110,아메리카,10.4,기타,77.0,85.0,3,승무원,5
202110,아메리카,133.1,기타,124.0,289.0,3,전체,5
202110,유럽,166.3,연도대륙,2361.0,6288.0,2,남성,0
202110,유럽,234.6,연도대륙,705.0,2359.0,2,여성,0
202110,유럽,13.4,연도대륙,6092.0,6906.0,2,승무원,0
202110,유럽,69.8,연도대륙,9158.0,15553.0,2,전체,0
202110,유럽,126.9,러시아,469.0,1064.0,3,남성,1
202110,유럽,162.2,러시아,267.0,700.0,3,여성,1
202110,유럽,-12.6,러시아,1504.0,1314.0,3,승무원,1
202110,유럽,37.4,러시아,2240.0,3078.0,3,전체,1
202110,유럽,140.8,영국,250.0,602.0,3,남성,2
202110,유럽,154.1,영국,109.0,277.0,3,여성,2
202110,유럽,41.1,영국,163.0,230.0,3,승무원,2
202110,유럽,112.5,영국,522.0,1109.0,3,전체,2
202110,유럽,190.8,독일,369.0,1073.0,3,남성,3
202110,유럽,430.0,독일,60.0,318.0,3,여성,3
202110,유럽,35.7,독일,714.0,969.0,3,승무원,3
202110,유럽,106.5,독일,1143.0,2360.0,3,전체,3
202110,유럽,239.4,프랑스,175.0,594.0,3,남성,4
202110,유럽,384.8,프랑스,66.0,320.0,3,여성,4
202110,유럽,-10.6,프랑스,767.0,686.0,3,승무원,4
202110,유럽,58.7,프랑스,1008.0,1600.0,3,전체,4
202110,유럽,164.4,이탈리아,135.0,357.0,3,남성,5
202110,유럽,162.1,이탈리아,29.0,76.0,3,여성,5
202110,유럽,107.5,이탈리아,67.0,139.0,3,승무원,5
202110,유럽,147.6,이탈리아,231.0,572.0,3,전체,5
202110,유럽,263.8,네덜란드,69.0,251.0,3,남성,6
202110,유럽,363.6,네덜란드,11.0,51.0,3,여성,6
202110,유럽,-10.3,네덜란드,964.0,865.0,3,승무원,6
202110,유럽,11.8,네덜란드,1044.0,1167.0,3,전체,6
202110,유럽,142.5,우크라이나,174.0,422.0,3,남성,7
202110,유럽,105.9,우크라이나,51.0,105.0,3,여성,7
202110,유럽,25.0,우크라이나,587.0,734.0,3,승무원,7
202110,유럽,55.3,우크라이나,812.0,1261.0,3,전체,7
202110,유럽,216.7,스페인,54.0,171.0,3,남성,8
202110,유럽,230.0,스페인,20.0,66.0,3,여성,8
202110,유럽,121.2,스페인,33.0,73.0,3,승무원,8
202110,유럽,189.7,스페인,107.0,310.0,3,전체,8
202110,유럽,118.8,루마니아,80.0,175.0,3,남성,9
202110,유럽,166.7,루마니아,6.0,16.0,3,여성,9
202110,유럽,46.8,루마니아,126.0,185.0,3,승무원,9
202110,유럽,77.4,루마니아,212.0,376.0,3,전체,9
202110,유럽,270.6,노르웨이,34.0,126.0,3,남성,10
202110,유럽,357.1,노르웨이,7.0,32.0,3,여성,10
202110,유럽,75.0,노르웨이,12.0,21.0,3,승무원,10
202110,유럽,237.7,노르웨이,53.0,179.0,3,전체,10
202110,유럽,360.0,스웨덴,25.0,115.0,3,남성,11
202110,유럽,783.3,스웨덴,6.0,53.0,3,여성,11
202110,유럽,-17.6,스웨덴,34.0,28.0,3,승무원,11
202110,유럽,201.5,스웨덴,65.0,196.0,3,전체,11
202110,유럽,160.3,폴란드,58.0,151.0,3,남성,12
202110,유럽,1100.0,폴란드,3.0,36.0,3,여성,12
202110,유럽,-1.6,폴란드,245.0,241.0,3,승무원,12
202110,유럽,39.9,폴란드,306.0,428.0,3,전체,12
202110,유럽,482.4,스위스,17.0,99.0,3,남성,13
202110,유럽,628.6,스위스,7.0,51.0,3,여성,13
202110,유럽,54.5,스위스,22.0,34.0,3,승무원,13
202110,유럽,300.0,스위스,46.0,184.0,3,전체,13
202110,유럽,380.0,포르투갈,10.0,48.0,3,남성,14
202110,유럽,120.0,포르투갈,5.0,11.0,3,여성,14
202110,유럽,787.5,포르투갈,24.0,213.0,3,승무원,14
202110,유럽,597.4,포르투갈,39.0,272.0,3,전체,14
202110,유럽,134.6,오스트리아,52.0,122.0,3,남성,15
202110,유럽,1400.0,오스트리아,2.0,30.0,3,여성,15
202110,유럽,87.7,오스트리아,57.0,107.0,3,승무원,15
202110,유럽,133.3,오스트리아,111.0,259.0,3,전체,15
202110,유럽,151.3,핀란드,39.0,98.0,3,남성,16
202110,유럽,450.0,핀란드,2.0,11.0,3,여성,16
202110,유럽,83.7,핀란드,123.0,226.0,3,승무원,16
202110,유럽,104.3,핀란드,164.0,335.0,3,전체,16
202110,유럽,241.4,벨기에,29.0,99.0,3,남성,17
202110,유럽,180.0,벨기에,15.0,42.0,3,여성,17
202110,유럽,25.9,벨기에,85.0,107.0,3,승무원,17
202110,유럽,92.2,벨기에,129.0,248.0,3,전체,17
202110,유럽,67.4,크로아티아,43.0,72.0,3,남성,18
202110,유럽,0.0,크로아티아,0.0,6.0,3,여성,18
202110,유럽,1.9,크로아티아,54.0,55.0,3,승무원,18
202110,유럽,37.1,크로아티아,97.0,133.0,3,전체,18
202110,유럽,99.1,그리스,112.0,223.0,3,남성,19
202110,유럽,180.0,그리스,5.0,14.0,3,여성,19
202110,유럽,103.8,그리스,80.0,163.0,3,승무원,19
202110,유럽,103.0,그리스,197.0,400.0,3,전체,19
202110,유럽,377.8,불가리아,9.0,43.0,3,남성,20
202110,유럽,500.0,불가리아,1.0,6.0,3,여성,20
202110,유럽,10.1,불가리아,89.0,98.0,3,승무원,20
202110,유럽,48.5,불가리아,99.0,147.0,3,전체,20
202110,유럽,262.5,덴마크,32.0,116.0,3,남성,21
202110,유럽,385.7,덴마크,7.0,34.0,3,여성,21
202110,유럽,30.4,덴마크,23.0,30.0,3,승무원,21
202110,유럽,190.3,덴마크,62.0,180.0,3,전체,21
202110,유럽,125.0,아일랜드,20.0,45.0,3,남성,22
202110,유럽,375.0,아일랜드,4.0,19.0,3,여성,22
202110,유럽,94.1,아일랜드,17.0,33.0,3,승무원,22
202110,유럽,136.6,아일랜드,41.0,97.0,3,전체,22
202110,유럽,109.4,기타,106.0,222.0,3,남성,23
202110,유럽,286.4,기타,22.0,85.0,3,여성,23
202110,유럽,17.5,기타,302.0,355.0,3,승무원,23
202110,유럽,54.0,기타,430.0,662.0,3,전체,23
202110,오세아니아,109.5,연도대륙,95.0,199.0,2,남성,0
202110,오세아니아,103.2,연도대륙,62.0,126.0,2,여성,0
202110,오세아니아,20.1,연도대륙,144.0,173.0,2,승무원,0
202110,오세아니아,65.4,연도대륙,301.0,498.0,2,전체,0
202110,오세아니아,98.6,호주,69.0,137.0,3,남성,1
202110,오세아니아,97.8,호주,45.0,89.0,3,여성,1
202110,오세아니아,58.9,호주,56.0,89.0,3,승무원,1
202110,오세아니아,85.3,호주,170.0,315.0,3,전체,1
202110,오세아니아,169.6,뉴질랜드,23.0,62.0,3,남성,2
202110,오세아니아,112.5,뉴질랜드,16.0,34.0,3,여성,2
202110,오세아니아,51.1,뉴질랜드,47.0,71.0,3,승무원,2
202110,오세아니아,94.2,뉴질랜드,86.0,167.0,3,전체,2
202110,오세아니아,-100.0,기타,3.0,0.0,3,남성,3
202110,오세아니아,200.0,기타,1.0,3.0,3,여성,3
202110,오세아니아,-68.3,기타,41.0,13.0,3,승무원,3
202110,오세아니아,-64.4,기타,45.0,16.0,3,전체,3
202110,아프리카,111.7,연도대륙,171.0,362.0,2,남성,0
202110,아프리카,80.3,연도대륙,66.0,119.0,2,여성,0
202110,아프리카,16.8,연도대륙,518.0,605.0,2,승무원,0
202110,아프리카,43.8,연도대륙,755.0,1086.0,2,전체,0
202110,아프리카,56.2,남아프리카공화국,16.0,25.0,3,남성,1
202110,아프리카,75.0,남아프리카공화국,16.0,28.0,3,여성,1
202110,아프리카,-10.9,남아프리카공화국,46.0,41.0,3,승무원,1
202110,아프리카,20.5,남아프리카공화국,78.0,94.0,3,전체,1
202110,아프리카,117.4,기타,155.0,337.0,3,남성,2
202110,아프리카,82.0,기타,50.0,91.0,3,여성,2
202110,아프리카,19.5,기타,472.0,564.0,3,승무원,2
202110,아프리카,46.5,기타,677.0,992.0,3,전체,2
202110,기타,500.0,연도대륙,1.0,6.0,2,남성,0
202110,기타,0.0,연도대륙,0.0,0.0,2,여성,0
202110,기타,0.0,연도대륙,0.0,0.0,2,승무원,0
202110,기타,500.0,연도대륙,1.0,6.0,2,전체,0
202110,기타,500.0,기타,1.0,6.0,3,남성,1
202110,기타,0.0,기타,0.0,0.0,3,여성,1
202110,기타,0.0,기타,0.0,0.0,3,승무원,1
202110,기타,500.0,기타,1.0,6.0,3,전체,1
202110,교포,67.6,연도대륙,448.0,751.0,2,남성,0
202110,교포,69.6,연도대륙,576.0,977.0,2,여성,0
202110,교포,0.0,연도대륙,0.0,0.0,2,승무원,0
202110,교포,68.8,연도대륙,1024.0,1728.0,2,전체,0
202110,교포,67.6,교포,448.0,751.0,3,남성,1
202110,교포,69.6,교포,576.0,977.0,3,여성,1
202110,교포,0.0,교포,0.0,0.0,3,승무원,1
202110,교포,68.8,교포,1024.0,1728.0,3,전체,1
202111,대륙전체,97.0,연도,18371.0,36184.0,1,남성,0
202111,대륙전체,100.2,연도,8954.0,17924.0,1,여성,0
202111,대륙전체,16.9,연도,34439.0,40250.0,1,승무원,0
202111,대륙전체,52.8,연도,61764.0,94358.0,1,전체,0
202111,아시아,70.2,연도대륙,11682.0,19881.0,2,남성,0
202111,아시아,85.5,연도대륙,4055.0,7520.0,2,여성,0
202111,아시아,12.3,연도대륙,19381.0,21760.0,2,승무원,0
202111,아시아,40.0,연도대륙,35118.0,49161.0,2,전체,0
202111,아시아,42.6,중국,3440.0,4904.0,3,남성,1
202111,아시아,22.1,중국,2477.0,3025.0,3,여성,1
202111,아시아,39.5,중국,3257.0,4543.0,3,승무원,1
202111,아시아,35.9,중국,9174.0,12472.0,3,전체,1
202111,아시아,7.0,일본,853.0,913.0,3,남성,2
202111,아시아,84.9,일본,331.0,612.0,3,여성,2
202111,아시아,40.0,일본,70.0,98.0,3,승무원,2
202111,아시아,29.4,일본,1254.0,1623.0,3,전체,2
202111,아시아,45.9,대만,98.0,143.0,3,남성,3
202111,아시아,32.5,대만,83.0,110.0,3,여성,3
202111,아시아,3.4,대만,118.0,122.0,3,승무원,3
202111,아시아,25.4,대만,299.0,375.0,3,전체,3
202111,아시아,76.2,홍콩,21.0,37.0,3,남성,4
202111,아시아,-1.7,홍콩,60.0,59.0,3,여성,4
202111,아시아,187.5,홍콩,8.0,23.0,3,승무원,4
202111,아시아,33.7,홍콩,89.0,119.0,3,전체,4
202111,아시아,100.0,마카오,1.0,2.0,3,남성,5
202111,아시아,200.0,마카오,1.0,3.0,3,여성,5
202111,아시아,0.0,마카오,0.0,0.0,3,승무원,5
202111,아시아,150.0,마카오,2.0,5.0,3,전체,5
202111,아시아,52.5,필리핀,2271.0,3463.0,3,남성,6
202111,아시아,113.5,필리핀,52.0,111.0,3,여성,6
202111,아시아,3.2,필리핀,7377.0,7613.0,3,승무원,6
202111,아시아,15.3,필리핀,9700.0,11187.0,3,전체,6
202111,아시아,5.4,인도네시아,1489.0,1570.0,3,남성,7
202111,아시아,51.7,인도네시아,58.0,88.0,3,여성,7
202111,아시아,4.4,인도네시아,2176.0,2271.0,3,승무원,7
202111,아시아,5.5,인도네시아,3723.0,3929.0,3,전체,7
202111,아시아,1094.1,태국,34.0,406.0,3,남성,8
202111,아시아,93.6,태국,156.0,302.0,3,여성,8
202111,아시아,-4.5,태국,201.0,192.0,3,승무원,8
202111,아시아,130.2,태국,391.0,900.0,3,전체,8
202111,아시아,123.6,베트남,352.0,787.0,3,남성,9
202111,아시아,115.3,베트남,274.0,590.0,3,여성,9
202111,아시아,17.4,베트남,643.0,755.0,3,승무원,9
202111,아시아,68.0,베트남,1269.0,2132.0,3,전체,9
202111,아시아,108.5,인도,599.0,1249.0,3,남성,10
202111,아시아,155.2,인도,67.0,171.0,3,여성,10
202111,아시아,4.2,인도,1272.0,1325.0,3,승무원,10
202111,아시아,41.6,인도,1938.0,2745.0,3,전체,10
202111,아시아,186.4,말레이시아,66.0,189.0,3,남성,11
202111,아시아,472.0,말레이시아,25.0,143.0,3,여성,11
202111,아시아,226.0,말레이시아,77.0,251.0,3,승무원,11
202111,아시아,247.0,말레이시아,168.0,583.0,3,전체,11
202111,아시아,1559.7,싱가포르,67.0,1112.0,3,남성,12
202111,아시아,3316.1,싱가포르,31.0,1059.0,3,여성,12
202111,아시아,105.9,싱가포르,118.0,243.0,3,승무원,12
202111,아시아,1017.6,싱가포르,216.0,2414.0,3,전체,12
202111,아시아,177.9,몽골,68.0,189.0,3,남성,13
202111,아시아,89.3,몽골,103.0,195.0,3,여성,13
202111,아시아,0.0,몽골,0.0,0.0,3,승무원,13
202111,아시아,124.6,몽골,171.0,384.0,3,전체,13
202111,아시아,919.6,우즈베키스탄,56.0,571.0,3,남성,14
202111,아시아,662.2,우즈베키스탄,37.0,282.0,3,여성,14
202111,아시아,50.0,우즈베키스탄,2.0,3.0,3,승무원,14
202111,아시아,801.1,우즈베키스탄,95.0,856.0,3,전체,14
202111,아시아,38.8,미얀마,1362.0,1890.0,3,남성,15
202111,아시아,200.0,미얀마,24.0,72.0,3,여성,15
202111,아시아,1.4,미얀마,3379.0,3426.0,3,승무원,15
202111,아시아,13.1,미얀마,4765.0,5388.0,3,전체,15
202111,아시아,239.4,GCC,66.0,224.0,3,남성,16
202111,아시아,100.0,GCC,29.0,58.0,3,여성,16
202111,아시아,50.8,GCC,63.0,95.0,3,승무원,16
202111,아시아,138.6,GCC,158.0,377.0,3,전체,16
202111,아시아,-10.5,카자흐스탄,143.0,128.0,3,남성,17
202111,아시아,28.7,카자흐스탄,101.0,130.0,3,여성,17
202111,아시아,70.9,카자흐스탄,55.0,94.0,3,승무원,17
202111,아시아,17.7,카자흐스탄,299.0,352.0,3,전체,17
202111,아시아,73.2,튀르키예,41.0,71.0,3,남성,18
202111,아시아,-6.2,튀르키예,16.0,15.0,3,여성,18
202111,아시아,9.4,튀르키예,299.0,327.0,3,승무원,18
202111,아시아,16.0,튀르키예,356.0,413.0,3,전체,18
202111,아시아,77.2,캄보디아,228.0,404.0,3,남성,19
202111,아시아,228.0,캄보디아,50.0,164.0,3,여성,19
202111,아시아,0.0,캄보디아,0.0,0.0,3,승무원,19
202111,아시아,104.3,캄보디아,278.0,568.0,3,전체,19
202111,아시아,856.5,스리랑카,23.0,220.0,3,남성,20
202111,아시아,1150.0,스리랑카,2.0,25.0,3,여성,20
202111,아시아,38.1,스리랑카,113.0,156.0,3,승무원,20
202111,아시아,190.6,스리랑카,138.0,401.0,3,전체,20
202111,아시아,31.4,방글라데시,121.0,159.0,3,남성,21
202111,아시아,1966.7,방글라데시,3.0,62.0,3,여성,21
202111,아시아,39.8,방글라데시,88.0,123.0,3,승무원,21
202111,아시아,62.3,방글라데시,212.0,344.0,3,전체,21
202111,아시아,182.9,파키스탄,41.0,116.0,3,남성,22
202111,아시아,31.2,파키스탄,16.0,21.0,3,여성,22
202111,아시아,170.0,파키스탄,10.0,27.0,3,승무원,22
202111,아시아,144.8,파키스탄,67.0,164.0,3,전체,22
202111,아시아,126.5,이스라엘,49.0,111.0,3,남성,23
202111,아시아,266.7,이스라엘,6.0,22.0,3,여성,23
202111,아시아,-75.0,이스라엘,4.0,1.0,3,승무원,23
202111,아시아,127.1,이스라엘,59.0,134.0,3,전체,23
202111,아시아,255.6,이란,9.0,32.0,3,남성,24
202111,아시아,64.3,이란,14.0,23.0,3,여성,24
202111,아시아,50.0,이란,2.0,3.0,3,승무원,24
202111,아시아,132.0,이란,25.0,58.0,3,전체,24
202111,아시아,438.6,기타,184.0,991.0,3,남성,25
202111,아시아,356.4,기타,39.0,178.0,3,여성,25
202111,아시아,40.8,기타,49.0,69.0,3,승무원,25
202111,아시아,355.1,기타,272.0,1238.0,3,전체,25
202111,아메리카,128.8,연도대륙,3604.0,8246.0,2,남성,0
202111,아메리카,99.7,연도대륙,3355.0,6701.0,2,여성,0
202111,아메리카,27.4,연도대륙,8007.0,10204.0,2,승무원,0
202111,아메리카,68.1,연도대륙,14966.0,25151.0,2,전체,0
202111,아메리카,120.3,미국,3214.0,7079.0,3,남성,1
202111,아메리카,93.1,미국,2925.0,5648.0,3,여성,1
202111,아메리카,6.2,미국,6961.0,7396.0,3,승무원,1
202111,아메리카,53.6,미국,13100.0,20123.0,3,전체,1
202111,아메리카,202.7,캐나다,295.0,893.0,3,남성,2
202111,아메리카,135.2,캐나다,361.0,849.0,3,여성,2
202111,아메리카,291.4,캐나다,638.0,2497.0,3,승무원,2
202111,아메리카,227.6,캐나다,1294.0,4239.0,3,전체,2
202111,아메리카,110.7,브라질,28.0,59.0,3,남성,3
202111,아메리카,533.3,브라질,6.0,38.0,3,여성,3
202111,아메리카,45.0,브라질,40.0,58.0,3,승무원,3
202111,아메리카,109.5,브라질,74.0,155.0,3,전체,3
202111,아메리카,144.4,멕시코,27.0,66.0,3,남성,4
202111,아메리카,125.0,멕시코,28.0,63.0,3,여성,4
202111,아메리카,-48.8,멕시코,293.0,150.0,3,승무원,4
202111,아메리카,-19.8,멕시코,348.0,279.0,3,전체,4
202111,아메리카,272.5,기타,40.0,149.0,3,남성,5
202111,아메리카,194.3,기타,35.0,103.0,3,여성,5
202111,아메리카,37.3,기타,75.0,103.0,3,승무원,5
202111,아메리카,136.7,기타,150.0,355.0,3,전체,5
202111,유럽,185.6,연도대륙,2325.0,6641.0,2,남성,0
202111,유럽,234.8,연도대륙,739.0,2474.0,2,여성,0
202111,유럽,18.3,연도대륙,6354.0,7515.0,2,승무원,0
202111,유럽,76.6,연도대륙,9418.0,16630.0,2,전체,0
202111,유럽,198.8,러시아,338.0,1010.0,3,남성,1
202111,유럽,189.6,러시아,259.0,750.0,3,여성,1
202111,유럽,54.0,러시아,1209.0,1862.0,3,승무원,1
202111,유럽,100.6,러시아,1806.0,3622.0,3,전체,1
202111,유럽,99.4,영국,320.0,638.0,3,남성,2
202111,유럽,165.7,영국,105.0,279.0,3,여성,2
202111,유럽,44.9,영국,236.0,342.0,3,승무원,2
202111,유럽,90.5,영국,661.0,1259.0,3,전체,2
202111,유럽,219.3,독일,353.0,1127.0,3,남성,3
202111,유럽,376.4,독일,55.0,262.0,3,여성,3
202111,유럽,37.2,독일,724.0,993.0,3,승무원,3
202111,유럽,110.4,독일,1132.0,2382.0,3,전체,3
202111,유럽,289.0,프랑스,173.0,673.0,3,남성,4
202111,유럽,280.7,프랑스,88.0,335.0,3,여성,4
202111,유럽,4.4,프랑스,697.0,728.0,3,승무원,4
202111,유럽,81.2,프랑스,958.0,1736.0,3,전체,4
202111,유럽,217.2,이탈리아,134.0,425.0,3,남성,5
202111,유럽,442.3,이탈리아,26.0,141.0,3,여성,5
202111,유럽,55.2,이탈리아,87.0,135.0,3,승무원,5
202111,유럽,183.8,이탈리아,247.0,701.0,3,전체,5
202111,유럽,321.2,네덜란드,66.0,278.0,3,남성,6
202111,유럽,711.1,네덜란드,9.0,73.0,3,여성,6
202111,유럽,-13.4,네덜란드,911.0,789.0,3,승무원,6
202111,유럽,15.6,네덜란드,986.0,1140.0,3,전체,6
202111,유럽,104.6,우크라이나,195.0,399.0,3,남성,7
202111,유럽,79.5,우크라이나,44.0,79.0,3,여성,7
202111,유럽,-3.9,우크라이나,864.0,830.0,3,승무원,7
202111,유럽,18.6,우크라이나,1103.0,1308.0,3,전체,7
202111,유럽,351.9,스페인,54.0,244.0,3,남성,8
202111,유럽,418.5,스페인,27.0,140.0,3,여성,8
202111,유럽,132.1,스페인,28.0,65.0,3,승무원,8
202111,유럽,311.9,스페인,109.0,449.0,3,전체,8
202111,유럽,97.6,루마니아,83.0,164.0,3,남성,9
202111,유럽,225.0,루마니아,4.0,13.0,3,여성,9
202111,유럽,-16.0,루마니아,175.0,147.0,3,승무원,9
202111,유럽,23.7,루마니아,262.0,324.0,3,전체,9
202111,유럽,155.2,노르웨이,29.0,74.0,3,남성,10
202111,유럽,244.4,노르웨이,9.0,31.0,3,여성,10
202111,유럽,-50.0,노르웨이,30.0,15.0,3,승무원,10
202111,유럽,76.5,노르웨이,68.0,120.0,3,전체,10
202111,유럽,230.8,스웨덴,39.0,129.0,3,남성,11
202111,유럽,119.0,스웨덴,21.0,46.0,3,여성,11
202111,유럽,100.0,스웨덴,16.0,32.0,3,승무원,11
202111,유럽,172.4,스웨덴,76.0,207.0,3,전체,11
202111,유럽,236.1,폴란드,61.0,205.0,3,남성,12
202111,유럽,161.5,폴란드,13.0,34.0,3,여성,12
202111,유럽,-10.5,폴란드,277.0,248.0,3,승무원,12
202111,유럽,38.7,폴란드,351.0,487.0,3,전체,12
202111,유럽,237.5,스위스,32.0,108.0,3,남성,13
202111,유럽,385.7,스위스,7.0,34.0,3,여성,13
202111,유럽,-42.9,스위스,21.0,12.0,3,승무원,13
202111,유럽,156.7,스위스,60.0,154.0,3,전체,13
202111,유럽,450.0,포르투갈,8.0,44.0,3,남성,14
202111,유럽,80.0,포르투갈,5.0,9.0,3,여성,14
202111,유럽,-16.7,포르투갈,66.0,55.0,3,승무원,14
202111,유럽,36.7,포르투갈,79.0,108.0,3,전체,14
202111,유럽,270.0,오스트리아,50.0,185.0,3,남성,15
202111,유럽,800.0,오스트리아,4.0,36.0,3,여성,15
202111,유럽,50.0,오스트리아,64.0,96.0,3,승무원,15
202111,유럽,168.6,오스트리아,118.0,317.0,3,전체,15
202111,유럽,120.0,핀란드,30.0,66.0,3,남성,16
202111,유럽,166.7,핀란드,6.0,16.0,3,여성,16
202111,유럽,45.1,핀란드,164.0,238.0,3,승무원,16
202111,유럽,60.0,핀란드,200.0,320.0,3,전체,16
202111,유럽,271.0,벨기에,31.0,115.0,3,남성,17
202111,유럽,209.1,벨기에,11.0,34.0,3,여성,17
202111,유럽,-11.3,벨기에,97.0,86.0,3,승무원,17
202111,유럽,69.1,벨기에,139.0,235.0,3,전체,17
202111,유럽,146.9,크로아티아,49.0,121.0,3,남성,18
202111,유럽,133.3,크로아티아,3.0,7.0,3,여성,18
202111,유럽,12.9,크로아티아,85.0,96.0,3,승무원,18
202111,유럽,63.5,크로아티아,137.0,224.0,3,전체,18
202111,유럽,82.3,그리스,79.0,144.0,3,남성,19
202111,유럽,1000.0,그리스,1.0,11.0,3,여성,19
202111,유럽,117.9,그리스,56.0,122.0,3,승무원,19
202111,유럽,103.7,그리스,136.0,277.0,3,전체,19
202111,유럽,170.6,불가리아,17.0,46.0,3,남성,20
202111,유럽,400.0,불가리아,1.0,5.0,3,여성,20
202111,유럽,-35.9,불가리아,192.0,123.0,3,승무원,20
202111,유럽,-17.1,불가리아,210.0,174.0,3,전체,20
202111,유럽,136.7,덴마크,49.0,116.0,3,남성,21
202111,유럽,800.0,덴마크,4.0,36.0,3,여성,21
202111,유럽,0.0,덴마크,27.0,27.0,3,승무원,21
202111,유럽,123.8,덴마크,80.0,179.0,3,전체,21
202111,유럽,227.8,아일랜드,18.0,59.0,3,남성,22
202111,유럽,166.7,아일랜드,9.0,24.0,3,여성,22
202111,유럽,83.3,아일랜드,18.0,33.0,3,승무원,22
202111,유럽,157.8,아일랜드,45.0,116.0,3,전체,22
202111,유럽,131.6,기타,117.0,271.0,3,남성,23
202111,유럽,182.1,기타,28.0,79.0,3,여성,23
202111,유럽,42.3,기타,310.0,441.0,3,승무원,23
202111,유럽,73.8,기타,455.0,791.0,3,전체,23
202111,오세아니아,209.8,연도대륙,122.0,378.0,2,남성,0
202111,오세아니아,257.8,연도대륙,83.0,297.0,2,여성,0
202111,오세아니아,-7.5,연도대륙,173.0,160.0,2,승무원,0
202111,오세아니아,120.9,연도대륙,378.0,835.0,2,전체,0
202111,오세아니아,222.8,호주,92.0,297.0,3,남성,1
202111,오세아니아,280.0,호주,60.0,228.0,3,여성,1
202111,오세아니아,-2.3,호주,86.0,84.0,3,승무원,1
202111,오세아니아,155.9,호주,238.0,609.0,3,전체,1
202111,오세아니아,171.4,뉴질랜드,28.0,76.0,3,남성,2
202111,오세아니아,182.6,뉴질랜드,23.0,65.0,3,여성,2
202111,오세아니아,10.2,뉴질랜드,59.0,65.0,3,승무원,2
202111,오세아니아,87.3,뉴질랜드,110.0,206.0,3,전체,2
202111,오세아니아,150.0,기타,2.0,5.0,3,남성,3
202111,오세아니아,0.0,기타,0.0,4.0,3,여성,3
202111,오세아니아,-60.7,기타,28.0,11.0,3,승무원,3
202111,오세아니아,-33.3,기타,30.0,20.0,3,전체,3
202111,아프리카,122.1,연도대륙,181.0,402.0,2,남성,0
202111,아프리카,76.3,연도대륙,93.0,164.0,2,여성,0
202111,아프리카,16.6,연도대륙,524.0,611.0,2,승무원,0
202111,아프리카,47.5,연도대륙,798.0,1177.0,2,전체,0
202111,아프리카,20.0,남아프리카공화국,25.0,30.0,3,남성,1
202111,아프리카,100.0,남아프리카공화국,21.0,42.0,3,여성,1
202111,아프리카,14.6,남아프리카공화국,48.0,55.0,3,승무원,1
202111,아프리카,35.1,남아프리카공화국,94.0,127.0,3,전체,1
202111,아프리카,138.5,기타,156.0,372.0,3,남성,2
202111,아프리카,69.4,기타,72.0,122.0,3,여성,2
202111,아프리카,16.8,기타,476.0,556.0,3,승무원,2
202111,아프리카,49.1,기타,704.0,1050.0,3,전체,2
202111,기타,-100.0,연도대륙,1.0,0.0,2,남성,0
202111,기타,0.0,연도대륙,0.0,0.0,2,여성,0
202111,기타,0.0,연도대륙,0.0,0.0,2,승무원,0
202111,기타,-100.0,연도대륙,1.0,0.0,2,전체,0
202111,기타,-100.0,기타,1.0,0.0,3,남성,1
202111,기타,0.0,기타,0.0,0.0,3,여성,1
202111,기타,0.0,기타,0.0,0.0,3,승무원,1
202111,기타,-100.0,기타,1.0,0.0,3,전체,1
202111,교포,39.5,연도대륙,456.0,636.0,2,남성,0
202111,교포,22.1,연도대륙,629.0,768.0,2,여성,0
202111,교포,0.0,연도대륙,0.0,0.0,2,승무원,0
202111,교포,29.4,연도대륙,1085.0,1404.0,2,전체,0
202111,교포,39.5,교포,456.0,636.0,3,남성,1
202111,교포,22.1,교포,629.0,768.0,3,여성,1
202111,교포,0.0,교포,0.0,0.0,3,승무원,1
202111,교포,29.4,교포,1085.0,1404.0,3,전체,1
202112,대륙전체,85.7,연도,17690.0,32854.0,1,남성,0
202112,대륙전체,127.6,연도,7611.0,17325.0,1,여성,0
202112,대륙전체,7.9,연도,37043.0,39971.0,1,승무원,0
202112,대륙전체,44.6,연도,62344.0,90150.0,1,전체,0
202112,아시아,80.6,연도대륙,12311.0,22234.0,2,남성,0
202112,아시아,158.5,연도대륙,3496.0,9038.0,2,여성,0
202112,아시아,3.9,연도대륙,21283.0,22119.0,2,승무원,0
202112,아시아,43.9,연도대륙,37090.0,53391.0,2,전체,0
202112,아시아,63.5,중국,2709.0,4428.0,3,남성,1
202112,아시아,36.3,중국,1781.0,2428.0,3,여성,1
202112,아시아,38.3,중국,3497.0,4835.0,3,승무원,1
202112,아시아,46.4,중국,7987.0,11691.0,3,전체,1
202112,아시아,-31.7,일본,745.0,509.0,3,남성,2
202112,아시아,141.4,일본,145.0,350.0,3,여성,2
202112,아시아,142.6,일본,61.0,148.0,3,승무원,2
202112,아시아,5.9,일본,951.0,1007.0,3,전체,2
202112,아시아,-6.9,대만,87.0,81.0,3,남성,3
202112,아시아,56.0,대만,50.0,78.0,3,여성,3
202112,아시아,3.1,대만,127.0,131.0,3,승무원,3
202112,아시아,9.8,대만,264.0,290.0,3,전체,3
202112,아시아,250.0,홍콩,12.0,42.0,3,남성,4
202112,아시아,64.7,홍콩,34.0,56.0,3,여성,4
202112,아시아,15.4,홍콩,13.0,15.0,3,승무원,4
202112,아시아,91.5,홍콩,59.0,113.0,3,전체,4
202112,아시아,100.0,마카오,2.0,4.0,3,남성,5
202112,아시아,100.0,마카오,1.0,2.0,3,여성,5
202112,아시아,0.0,마카오,0.0,0.0,3,승무원,5
202112,아시아,100.0,마카오,3.0,6.0,3,전체,5
202112,아시아,43.0,필리핀,2370.0,3390.0,3,남성,6
202112,아시아,278.4,필리핀,37.0,140.0,3,여성,6
202112,아시아,4.1,필리핀,7311.0,7611.0,3,승무원,6
202112,아시아,14.6,필리핀,9718.0,11141.0,3,전체,6
202112,아시아,21.5,인도네시아,1919.0,2332.0,3,남성,7
202112,아시아,182.5,인도네시아,63.0,178.0,3,여성,7
202112,아시아,-9.0,인도네시아,2808.0,2556.0,3,승무원,7
202112,아시아,5.8,인도네시아,4790.0,5066.0,3,전체,7
202112,아시아,840.0,태국,35.0,329.0,3,남성,8
202112,아시아,223.1,태국,91.0,294.0,3,여성,8
202112,아시아,-29.6,태국,257.0,181.0,3,승무원,8
202112,아시아,109.9,태국,383.0,804.0,3,전체,8
202112,아시아,124.5,베트남,642.0,1441.0,3,남성,9
202112,아시아,142.5,베트남,703.0,1705.0,3,여성,9
202112,아시아,42.7,베트남,424.0,605.0,3,승무원,9
202112,아시아,112.0,베트남,1769.0,3751.0,3,전체,9
202112,아시아,40.7,인도,824.0,1159.0,3,남성,10
202112,아시아,152.0,인도,75.0,189.0,3,여성,10
202112,아시아,-19.7,인도,1384.0,1111.0,3,승무원,10
202112,아시아,7.7,인도,2283.0,2459.0,3,전체,10
202112,아시아,52.8,말레이시아,89.0,136.0,3,남성,11
202112,아시아,630.8,말레이시아,13.0,95.0,3,여성,11
202112,아시아,38.4,말레이시아,159.0,220.0,3,승무원,11
202112,아시아,72.8,말레이시아,261.0,451.0,3,전체,11
202112,아시아,3700.0,싱가포르,41.0,1558.0,3,남성,12
202112,아시아,22150.0,싱가포르,8.0,1780.0,3,여성,12
202112,아시아,1.8,싱가포르,332.0,338.0,3,승무원,12
202112,아시아,864.8,싱가포르,381.0,3676.0,3,전체,12
202112,아시아,1139.2,몽골,51.0,632.0,3,남성,13
202112,아시아,675.6,몽골,82.0,636.0,3,여성,13
202112,아시아,-100.0,몽골,2.0,0.0,3,승무원,13
202112,아시아,839.3,몽골,135.0,1268.0,3,전체,13
202112,아시아,591.9,우즈베키스탄,99.0,685.0,3,남성,14
202112,아시아,205.6,우즈베키스탄,72.0,220.0,3,여성,14
202112,아시아,500.0,우즈베키스탄,3.0,18.0,3,승무원,14
202112,아시아,430.5,우즈베키스탄,174.0,923.0,3,전체,14
202112,아시아,22.0,미얀마,1725.0,2105.0,3,남성,15
202112,아시아,472.2,미얀마,18.0,103.0,3,여성,15
202112,아시아,-17.3,미얀마,4184.0,3461.0,3,승무원,15
202112,아시아,-4.4,미얀마,5927.0,5669.0,3,전체,15
202112,아시아,265.9,GCC,44.0,161.0,3,남성,16
202112,아시아,365.2,GCC,23.0,107.0,3,여성,16
202112,아시아,91.3,GCC,46.0,88.0,3,승무원,16
202112,아시아,215.0,GCC,113.0,356.0,3,전체,16
202112,아시아,-30.3,카자흐스탄,99.0,69.0,3,남성,17
202112,아시아,-9.8,카자흐스탄,112.0,101.0,3,여성,17
202112,아시아,131.7,카자흐스탄,41.0,95.0,3,승무원,17
202112,아시아,5.2,카자흐스탄,252.0,265.0,3,전체,17
202112,아시아,100.0,튀르키예,37.0,74.0,3,남성,18
202112,아시아,250.0,튀르키예,8.0,28.0,3,여성,18
202112,아시아,-7.9,튀르키예,340.0,313.0,3,승무원,18
202112,아시아,7.8,튀르키예,385.0,415.0,3,전체,18
202112,아시아,15.7,캄보디아,345.0,399.0,3,남성,19
202112,아시아,118.1,캄보디아,83.0,181.0,3,여성,19
202112,아시아,0.0,캄보디아,0.0,0.0,3,승무원,19
202112,아시아,35.5,캄보디아,428.0,580.0,3,전체,19
202112,아시아,428.4,스리랑카,81.0,428.0,3,남성,20
202112,아시아,1100.0,스리랑카,2.0,24.0,3,여성,20
202112,아시아,18.4,스리랑카,125.0,148.0,3,승무원,20
202112,아시아,188.5,스리랑카,208.0,600.0,3,전체,20
202112,아시아,742.2,방글라데시,45.0,379.0,3,남성,21
202112,아시아,1000.0,방글라데시,6.0,66.0,3,여성,21
202112,아시아,49.5,방글라데시,101.0,151.0,3,승무원,21
202112,아시아,292.1,방글라데시,152.0,596.0,3,전체,21
202112,아시아,149.4,파키스탄,89.0,222.0,3,남성,22
202112,아시아,9.7,파키스탄,31.0,34.0,3,여성,22
202112,아시아,80.0,파키스탄,15.0,27.0,3,승무원,22
202112,아시아,109.6,파키스탄,135.0,283.0,3,전체,22
202112,아시아,168.0,이스라엘,25.0,67.0,3,남성,23
202112,아시아,37.5,이스라엘,8.0,11.0,3,여성,23
202112,아시아,500.0,이스라엘,2.0,12.0,3,승무원,23
202112,아시아,157.1,이스라엘,35.0,90.0,3,전체,23
202112,아시아,266.7,이란,6.0,22.0,3,남성,24
202112,아시아,233.3,이란,6.0,20.0,3,여성,24
202112,아시아,0.0,이란,1.0,1.0,3,승무원,24
202112,아시아,230.8,이란,13.0,43.0,3,전체,24
202112,아시아,732.6,기타,190.0,1582.0,3,남성,25
202112,아시아,381.8,기타,44.0,212.0,3,여성,25
202112,아시아,8.0,기타,50.0,54.0,3,승무원,25
202112,아시아,550.7,기타,284.0,1848.0,3,전체,25
202112,아메리카,86.8,연도대륙,3151.0,5885.0,2,남성,0
202112,아메리카,93.4,연도대륙,2826.0,5465.0,2,여성,0
202112,아메리카,23.7,연도대륙,8105.0,10029.0,2,승무원,0
202112,아메리카,51.8,연도대륙,14082.0,21379.0,2,전체,0
202112,아메리카,79.7,미국,2812.0,5054.0,3,남성,1
202112,아메리카,91.2,미국,2439.0,4663.0,3,여성,1
202112,아메리카,3.5,미국,6851.0,7088.0,3,승무원,1
202112,아메리카,38.9,미국,12102.0,16805.0,3,전체,1
202112,아메리카,151.3,캐나다,273.0,686.0,3,남성,2
202112,아메리카,112.3,캐나다,308.0,654.0,3,여성,2
202112,아메리카,206.5,캐나다,863.0,2645.0,3,승무원,2
202112,아메리카,176.0,캐나다,1444.0,3985.0,3,전체,2
202112,아메리카,56.0,브라질,25.0,39.0,3,남성,3
202112,아메리카,113.6,브라질,22.0,47.0,3,여성,3
202112,아메리카,19.3,브라질,57.0,68.0,3,승무원,3
202112,아메리카,48.1,브라질,104.0,154.0,3,전체,3
202112,아메리카,61.1,멕시코,18.0,29.0,3,남성,4
202112,아메리카,32.4,멕시코,37.0,49.0,3,여성,4
202112,아메리카,-42.2,멕시코,263.0,152.0,3,승무원,4
202112,아메리카,-27.7,멕시코,318.0,230.0,3,전체,4
202112,아메리카,234.8,기타,23.0,77.0,3,남성,5
202112,아메리카,160.0,기타,20.0,52.0,3,여성,5
202112,아메리카,7.0,기타,71.0,76.0,3,승무원,5
202112,아메리카,79.8,기타,114.0,205.0,3,전체,5
202112,유럽,135.9,연도대륙,1530.0,3609.0,2,남성,0
202112,유럽,174.4,연도대륙,632.0,1734.0,2,여성,0
202112,유럽,4.7,연도대륙,6892.0,7214.0,2,승무원,0
202112,유럽,38.7,연도대륙,9054.0,12557.0,2,전체,0
202112,유럽,158.0,러시아,312.0,805.0,3,남성,1
202112,유럽,161.5,러시아,252.0,659.0,3,여성,1
202112,유럽,12.7,러시아,1398.0,1576.0,3,승무원,1
202112,유럽,54.9,러시아,1962.0,3040.0,3,전체,1
202112,유럽,75.4,영국,224.0,393.0,3,남성,2
202112,유럽,103.5,영국,113.0,230.0,3,여성,2
202112,유럽,22.6,영국,217.0,266.0,3,승무원,2
202112,유럽,60.5,영국,554.0,889.0,3,전체,2
202112,유럽,137.2,독일,183.0,434.0,3,남성,3
202112,유럽,225.5,독일,51.0,166.0,3,여성,3
202112,유럽,39.3,독일,877.0,1222.0,3,승무원,3
202112,유럽,64.0,독일,1111.0,1822.0,3,전체,3
202112,유럽,223.4,프랑스,107.0,346.0,3,남성,4
202112,유럽,303.8,프랑스,52.0,210.0,3,여성,4
202112,유럽,-8.0,프랑스,739.0,680.0,3,승무원,4
202112,유럽,37.6,프랑스,898.0,1236.0,3,전체,4
202112,유럽,100.0,이탈리아,58.0,116.0,3,남성,5
202112,유럽,161.5,이탈리아,13.0,34.0,3,여성,5
202112,유럽,51.1,이탈리아,90.0,136.0,3,승무원,5
202112,유럽,77.6,이탈리아,161.0,286.0,3,전체,5
202112,유럽,197.1,네덜란드,35.0,104.0,3,남성,6
202112,유럽,182.4,네덜란드,17.0,48.0,3,여성,6
202112,유럽,-26.2,네덜란드,1063.0,784.0,3,승무원,6
202112,유럽,-16.1,네덜란드,1115.0,936.0,3,전체,6
202112,유럽,80.5,우크라이나,174.0,314.0,3,남성,7
202112,유럽,12.2,우크라이나,41.0,46.0,3,여성,7
202112,유럽,-6.5,우크라이나,787.0,736.0,3,승무원,7
202112,유럽,9.4,우크라이나,1002.0,1096.0,3,전체,7
202112,유럽,252.2,스페인,23.0,81.0,3,남성,8
202112,유럽,1175.0,스페인,4.0,51.0,3,여성,8
202112,유럽,73.2,스페인,41.0,71.0,3,승무원,8
202112,유럽,198.5,스페인,68.0,203.0,3,전체,8
202112,유럽,173.6,루마니아,53.0,145.0,3,남성,9
202112,유럽,700.0,루마니아,2.0,16.0,3,여성,9
202112,유럽,51.9,루마니아,131.0,199.0,3,승무원,9
202112,유럽,93.5,루마니아,186.0,360.0,3,전체,9
202112,유럽,209.1,노르웨이,11.0,34.0,3,남성,10
202112,유럽,650.0,노르웨이,2.0,15.0,3,여성,10
202112,유럽,42.9,노르웨이,7.0,10.0,3,승무원,10
202112,유럽,195.0,노르웨이,20.0,59.0,3,전체,10
202112,유럽,337.5,스웨덴,16.0,70.0,3,남성,11
202112,유럽,270.0,스웨덴,10.0,37.0,3,여성,11
202112,유럽,84.6,스웨덴,13.0,24.0,3,승무원,11
202112,유럽,235.9,스웨덴,39.0,131.0,3,전체,11
202112,유럽,87.5,폴란드,32.0,60.0,3,남성,12
202112,유럽,60.0,폴란드,10.0,16.0,3,여성,12
202112,유럽,-18.1,폴란드,265.0,217.0,3,승무원,12
202112,유럽,-4.6,폴란드,307.0,293.0,3,전체,12
202112,유럽,253.3,스위스,15.0,53.0,3,남성,13
202112,유럽,480.0,스위스,5.0,29.0,3,여성,13
202112,유럽,-15.8,스위스,19.0,16.0,3,승무원,13
202112,유럽,151.3,스위스,39.0,98.0,3,전체,13
202112,유럽,350.0,포르투갈,4.0,18.0,3,남성,14
202112,유럽,300.0,포르투갈,2.0,8.0,3,여성,14
202112,유럽,-81.9,포르투갈,254.0,46.0,3,승무원,14
202112,유럽,-72.3,포르투갈,260.0,72.0,3,전체,14
202112,유럽,135.7,오스트리아,14.0,33.0,3,남성,15
202112,유럽,71.4,오스트리아,7.0,12.0,3,여성,15
202112,유럽,6.1,오스트리아,66.0,70.0,3,승무원,15
202112,유럽,32.2,오스트리아,87.0,115.0,3,전체,15
202112,유럽,50.0,핀란드,16.0,24.0,3,남성,16
202112,유럽,450.0,핀란드,2.0,11.0,3,여성,16
202112,유럽,48.7,핀란드,150.0,223.0,3,승무원,16
202112,유럽,53.6,핀란드,168.0,258.0,3,전체,16
202112,유럽,131.6,벨기에,19.0,44.0,3,남성,17
202112,유럽,185.7,벨기에,7.0,20.0,3,여성,17
202112,유럽,4.3,벨기에,92.0,96.0,3,승무원,17
202112,유럽,35.6,벨기에,118.0,160.0,3,전체,17
202112,유럽,53.8,크로아티아,52.0,80.0,3,남성,18
202112,유럽,0.0,크로아티아,0.0,4.0,3,여성,18
202112,유럽,23.1,크로아티아,65.0,80.0,3,승무원,18
202112,유럽,40.2,크로아티아,117.0,164.0,3,전체,18
202112,유럽,156.0,그리스,84.0,215.0,3,남성,19
202112,유럽,77.8,그리스,9.0,16.0,3,여성,19
202112,유럽,161.8,그리스,76.0,199.0,3,승무원,19
202112,유럽,154.4,그리스,169.0,430.0,3,전체,19
202112,유럽,154.5,불가리아,11.0,28.0,3,남성,20
202112,유럽,0.0,불가리아,0.0,4.0,3,여성,20
202112,유럽,-30.3,불가리아,178.0,124.0,3,승무원,20
202112,유럽,-17.5,불가리아,189.0,156.0,3,전체,20
202112,유럽,114.8,덴마크,27.0,58.0,3,남성,21
202112,유럽,66.7,덴마크,6.0,10.0,3,여성,21
202112,유럽,-15.2,덴마크,46.0,39.0,3,승무원,21
202112,유럽,35.4,덴마크,79.0,107.0,3,전체,21
202112,유럽,254.5,아일랜드,11.0,39.0,3,남성,22
202112,유럽,128.6,아일랜드,7.0,16.0,3,여성,22
202112,유럽,89.5,아일랜드,19.0,36.0,3,승무원,22
202112,유럽,145.9,아일랜드,37.0,91.0,3,전체,22
202112,유럽,134.7,기타,49.0,115.0,3,남성,23
202112,유럽,280.0,기타,20.0,76.0,3,여성,23
202112,유럽,21.7,기타,299.0,364.0,3,승무원,23
202112,유럽,50.8,기타,368.0,555.0,3,전체,23
202112,오세아니아,290.0,연도대륙,100.0,390.0,2,남성,0
202112,오세아니아,348.2,연도대륙,83.0,372.0,2,여성,0
202112,오세아니아,-21.1,연도대륙,204.0,161.0,2,승무원,0
202112,오세아니아,138.5,연도대륙,387.0,923.0,2,전체,0
202112,오세아니아,353.7,호주,67.0,304.0,3,남성,1
202112,오세아니아,433.3,호주,57.0,304.0,3,여성,1
202112,오세아니아,-29.2,호주,106.0,75.0,3,승무원,1
202112,오세아니아,197.0,호주,230.0,683.0,3,전체,1
202112,오세아니아,177.4,뉴질랜드,31.0,86.0,3,남성,2
202112,오세아니아,150.0,뉴질랜드,26.0,65.0,3,여성,2
202112,오세아니아,22.1,뉴질랜드,68.0,83.0,3,승무원,2
202112,오세아니아,87.2,뉴질랜드,125.0,234.0,3,전체,2
202112,오세아니아,-100.0,기타,2.0,0.0,3,남성,3
202112,오세아니아,0.0,기타,0.0,3.0,3,여성,3
202112,오세아니아,-90.0,기타,30.0,3.0,3,승무원,3
202112,오세아니아,-81.2,기타,32.0,6.0,3,전체,3
202112,아프리카,45.5,연도대륙,191.0,278.0,2,남성,0
202112,아프리카,90.9,연도대륙,66.0,126.0,2,여성,0
202112,아프리카,-19.9,연도대륙,559.0,448.0,2,승무원,0
202112,아프리카,4.4,연도대륙,816.0,852.0,2,전체,0
202112,아프리카,6.7,남아프리카공화국,30.0,32.0,3,남성,1
202112,아프리카,95.2,남아프리카공화국,21.0,41.0,3,여성,1
202112,아프리카,-36.2,남아프리카공화국,47.0,30.0,3,승무원,1
202112,아프리카,5.1,남아프리카공화국,98.0,103.0,3,전체,1
202112,아프리카,52.8,기타,161.0,246.0,3,남성,2
202112,아프리카,88.9,기타,45.0,85.0,3,여성,2
202112,아프리카,-18.4,기타,512.0,418.0,3,승무원,2
202112,아프리카,4.3,기타,718.0,749.0,3,전체,2
202112,기타,0.0,연도대륙,0.0,5.0,2,남성,0
202112,기타,0.0,연도대륙,0.0,1.0,2,여성,0
202112,기타,0.0,연도대륙,0.0,0.0,2,승무원,0
202112,기타,0.0,연도대륙,0.0,6.0,2,전체,0
202112,기타,0.0,기타,0.0,5.0,3,남성,1
202112,기타,0.0,기타,0.0,1.0,3,여성,1
202112,기타,0.0,기타,0.0,0.0,3,승무원,1
202112,기타,0.0,기타,0.0,6.0,3,전체,1
202112,교포,11.3,연도대륙,407.0,453.0,2,남성,0
202112,교포,15.9,연도대륙,508.0,589.0,2,여성,0
202112,교포,0.0,연도대륙,0.0,0.0,2,승무원,0
202112,교포,13.9,연도대륙,915.0,1042.0,2,전체,0
202112,교포,11.3,교포,407.0,453.0,3,남성,1
202112,교포,15.9,교포,508.0,589.0,3,여성,1
202112,교포,0.0,교포,0.0,0.0,3,승무원,1
202112,교포,13.9,교포,915.0,1042.0,3,전체,1
202201,대륙전체,74.6,연도,16511.0,28834.0,1,남성,0
202201,대륙전체,90.2,연도,7009.0,13328.0,1,여성,0
202201,대륙전체,13.8,연도,34877.0,39689.0,1,승무원,0
202201,대륙전체,40.2,연도,58397.0,81851.0,1,전체,0
202201,아시아,75.4,연도대륙,10629.0,18641.0,2,남성,0
202201,아시아,76.5,연도대륙,3111.0,5492.0,2,여성,0
202201,아시아,13.0,연도대륙,19099.0,21591.0,2,승무원,0
202201,아시아,39.2,연도대륙,32839.0,45724.0,2,전체,0
202201,아시아,29.8,중국,2405.0,3121.0,3,남성,1
202201,아시아,12.3,중국,1421.0,1596.0,3,여성,1
202201,아시아,35.6,중국,3520.0,4772.0,3,승무원,1
202201,아시아,29.2,중국,7346.0,9489.0,3,전체,1
202201,아시아,-19.6,일본,951.0,765.0,3,남성,2
202201,아시아,8.7,일본,286.0,311.0,3,여성,2
202201,아시아,38.7,일본,62.0,86.0,3,승무원,2
202201,아시아,-10.5,일본,1299.0,1162.0,3,전체,2
202201,아시아,52.2,대만,67.0,102.0,3,남성,3
202201,아시아,8.1,대만,62.0,67.0,3,여성,3
202201,아시아,12.9,대만,124.0,140.0,3,승무원,3
202201,아시아,22.1,대만,253.0,309.0,3,전체,3
202201,아시아,50.0,홍콩,14.0,21.0,3,남성,4
202201,아시아,33.3,홍콩,27.0,36.0,3,여성,4
202201,아시아,-5.0,홍콩,20.0,19.0,3,승무원,4
202201,아시아,24.6,홍콩,61.0,76.0,3,전체,4
202201,아시아,0.0,마카오,0.0,1.0,3,남성,5
202201,아시아,0.0,마카오,0.0,2.0,3,여성,5
202201,아시아,0.0,마카오,0.0,0.0,3,승무원,5
202201,아시아,0.0,마카오,0.0,3.0,3,전체,5
202201,아시아,42.2,필리핀,1680.0,2389.0,3,남성,6
202201,아시아,170.5,필리핀,44.0,119.0,3,여성,6
202201,아시아,7.7,필리핀,6363.0,6855.0,3,승무원,6
202201,아시아,15.8,필리핀,8087.0,9363.0,3,전체,6
202201,아시아,84.4,인도네시아,1144.0,2110.0,3,남성,7
202201,아시아,52.0,인도네시아,75.0,114.0,3,여성,7
202201,아시아,17.8,인도네시아,1974.0,2326.0,3,승무원,7
202201,아시아,42.5,인도네시아,3193.0,4550.0,3,전체,7
202201,아시아,677.1,태국,48.0,373.0,3,남성,8
202201,아시아,188.3,태국,103.0,297.0,3,여성,8
202201,아시아,-8.2,태국,477.0,438.0,3,승무원,8
202201,아시아,76.4,태국,628.0,1108.0,3,전체,8
202201,아시아,155.7,베트남,368.0,941.0,3,남성,9
202201,아시아,167.2,베트남,268.0,716.0,3,여성,9
202201,아시아,75.8,베트남,376.0,661.0,3,승무원,9
202201,아시아,129.1,베트남,1012.0,2318.0,3,전체,9
202201,아시아,33.9,인도,975.0,1306.0,3,남성,10
202201,아시아,166.7,인도,75.0,200.0,3,여성,10
202201,아시아,-18.5,인도,1675.0,1365.0,3,승무원,10
202201,아시아,5.4,인도,2725.0,2871.0,3,전체,10
202201,아시아,228.6,말레이시아,49.0,161.0,3,남성,11
202201,아시아,335.0,말레이시아,20.0,87.0,3,여성,11
202201,아시아,83.9,말레이시아,168.0,309.0,3,승무원,11
202201,아시아,135.0,말레이시아,237.0,557.0,3,전체,11
202201,아시아,1360.5,싱가포르,38.0,555.0,3,남성,12
202201,아시아,2810.5,싱가포르,19.0,553.0,3,여성,12
202201,아시아,717.2,싱가포르,29.0,237.0,3,승무원,12
202201,아시아,1464.0,싱가포르,86.0,1345.0,3,전체,12
202201,아시아,521.2,몽골,52.0,323.0,3,남성,13
202201,아시아,355.2,몽골,67.0,305.0,3,여성,13
202201,아시아,0.0,몽골,0.0,0.0,3,승무원,13
202201,아시아,427.7,몽골,119.0,628.0,3,전체,13
202201,아시아,233.0,우즈베키스탄,227.0,756.0,3,남성,14
202201,아시아,44.6,우즈베키스탄,168.0,243.0,3,여성,14
202201,아시아,0.0,우즈베키스탄,0.0,4.0,3,승무원,14
202201,아시아,153.9,우즈베키스탄,395.0,1003.0,3,전체,14
202201,아시아,7.9,미얀마,1627.0,1756.0,3,남성,15
202201,아시아,43.3,미얀마,30.0,43.0,3,여성,15
202201,아시아,-4.9,미얀마,3592.0,3416.0,3,승무원,15
202201,아시아,-0.6,미얀마,5249.0,5215.0,3,전체,15
202201,아시아,191.9,GCC,37.0,108.0,3,남성,16
202201,아시아,150.0,GCC,30.0,75.0,3,여성,16
202201,아시아,142.9,GCC,35.0,85.0,3,승무원,16
202201,아시아,162.7,GCC,102.0,268.0,3,전체,16
202201,아시아,-57.4,카자흐스탄,195.0,83.0,3,남성,17
202201,아시아,-47.9,카자흐스탄,215.0,112.0,3,여성,17
202201,아시아,19.0,카자흐스탄,42.0,50.0,3,승무원,17
202201,아시아,-45.8,카자흐스탄,452.0,245.0,3,전체,17
202201,아시아,167.5,튀르키예,40.0,107.0,3,남성,18
202201,아시아,160.0,튀르키예,10.0,26.0,3,여성,18
202201,아시아,33.7,튀르키예,273.0,365.0,3,승무원,18
202201,아시아,54.2,튀르키예,323.0,498.0,3,전체,18
202201,아시아,109.9,캄보디아,312.0,655.0,3,남성,19
202201,아시아,214.1,캄보디아,78.0,245.0,3,여성,19
202201,아시아,0.0,캄보디아,0.0,0.0,3,승무원,19
202201,아시아,130.8,캄보디아,390.0,900.0,3,전체,19
202201,아시아,996.2,스리랑카,52.0,570.0,3,남성,20
202201,아시아,0.0,스리랑카,0.0,20.0,3,여성,20
202201,아시아,-6.4,스리랑카,172.0,161.0,3,승무원,20
202201,아시아,235.3,스리랑카,224.0,751.0,3,전체,20
202201,아시아,1002.2,방글라데시,45.0,496.0,3,남성,21
202201,아시아,5300.0,방글라데시,1.0,54.0,3,여성,21
202201,아시아,44.1,방글라데시,118.0,170.0,3,승무원,21
202201,아시아,339.0,방글라데시,164.0,720.0,3,전체,21
202201,아시아,185.6,파키스탄,111.0,317.0,3,남성,22
202201,아시아,-40.5,파키스탄,42.0,25.0,3,여성,22
202201,아시아,-8.7,파키스탄,23.0,21.0,3,승무원,22
202201,아시아,106.2,파키스탄,176.0,363.0,3,전체,22
202201,아시아,318.2,이스라엘,11.0,46.0,3,남성,23
202201,아시아,100.0,이스라엘,5.0,10.0,3,여성,23
202201,아시아,1700.0,이스라엘,3.0,54.0,3,승무원,23
202201,아시아,478.9,이스라엘,19.0,110.0,3,전체,23
202201,아시아,266.7,이란,6.0,22.0,3,남성,24
202201,아시아,135.7,이란,14.0,33.0,3,여성,24
202201,아시아,100.0,이란,3.0,6.0,3,승무원,24
202201,아시아,165.2,이란,23.0,61.0,3,전체,24
202201,아시아,789.7,기타,175.0,1557.0,3,남성,25
202201,아시아,298.0,기타,51.0,203.0,3,여성,25
202201,아시아,2.0,기타,50.0,51.0,3,승무원,25
202201,아시아,556.2,기타,276.0,1811.0,3,전체,25
202201,아메리카,68.9,연도대륙,2795.0,4721.0,2,남성,0
202201,아메리카,97.4,연도대륙,2431.0,4800.0,2,여성,0
202201,아메리카,15.4,연도대륙,8865.0,10227.0,2,승무원,0
202201,아메리카,40.1,연도대륙,14091.0,19748.0,2,전체,0
202201,아메리카,64.3,미국,2416.0,3970.0,3,남성,1
202201,아메리카,95.9,미국,2040.0,3996.0,3,여성,1
202201,아메리카,0.6,미국,7557.0,7604.0,3,승무원,1
202201,아메리카,29.6,미국,12013.0,15570.0,3,전체,1
202201,아메리카,104.8,캐나다,251.0,514.0,3,남성,2
202201,아메리카,112.3,캐나다,276.0,586.0,3,여성,2
202201,아메리카,144.8,캐나다,961.0,2353.0,3,승무원,2
202201,아메리카,132.1,캐나다,1488.0,3453.0,3,전체,2
202201,아메리카,84.8,브라질,46.0,85.0,3,남성,3
202201,아메리카,68.2,브라질,44.0,74.0,3,여성,3
202201,아메리카,-31.5,브라질,54.0,37.0,3,승무원,3
202201,아메리카,36.1,브라질,144.0,196.0,3,전체,3
202201,아메리카,114.8,멕시코,27.0,58.0,3,남성,4
202201,아메리카,35.1,멕시코,37.0,50.0,3,여성,4
202201,아메리카,-32.9,멕시코,219.0,147.0,3,승무원,4
202201,아메리카,-9.9,멕시코,283.0,255.0,3,전체,4
202201,아메리카,70.9,기타,55.0,94.0,3,남성,5
202201,아메리카,176.5,기타,34.0,94.0,3,여성,5
202201,아메리카,16.2,기타,74.0,86.0,3,승무원,5
202201,아메리카,68.1,기타,163.0,274.0,3,전체,5
202201,유럽,93.8,연도대륙,2241.0,4342.0,2,남성,0
202201,유럽,150.9,연도대륙,848.0,2128.0,2,여성,0
202201,유럽,15.7,연도대륙,6209.0,7184.0,2,승무원,0
202201,유럽,46.8,연도대륙,9298.0,13654.0,2,전체,0
202201,유럽,102.5,러시아,403.0,816.0,3,남성,1
202201,유럽,152.3,러시아,218.0,550.0,3,여성,1
202201,유럽,29.6,러시아,1290.0,1672.0,3,승무원,1
202201,유럽,59.0,러시아,1911.0,3038.0,3,전체,1
202201,유럽,200.0,영국,165.0,495.0,3,남성,2
202201,유럽,273.8,영국,80.0,299.0,3,여성,2
202201,유럽,38.3,영국,162.0,224.0,3,승무원,2
202201,유럽,150.1,영국,407.0,1018.0,3,전체,2
202201,유럽,30.4,독일,365.0,476.0,3,남성,3
202201,유럽,170.2,독일,84.0,227.0,3,여성,3
202201,유럽,49.3,독일,680.0,1015.0,3,승무원,3
202201,유럽,52.2,독일,1129.0,1718.0,3,전체,3
202201,유럽,108.8,프랑스,215.0,449.0,3,남성,4
202201,유럽,91.7,프랑스,168.0,322.0,3,여성,4
202201,유럽,12.1,프랑스,726.0,814.0,3,승무원,4
202201,유럽,42.9,프랑스,1109.0,1585.0,3,전체,4
202201,유럽,84.1,이탈리아,107.0,197.0,3,남성,5
202201,유럽,185.2,이탈리아,27.0,77.0,3,여성,5
202201,유럽,159.6,이탈리아,52.0,135.0,3,승무원,5
202201,유럽,119.9,이탈리아,186.0,409.0,3,전체,5
202201,유럽,134.5,네덜란드,55.0,129.0,3,남성,6
202201,유럽,250.0,네덜란드,16.0,56.0,3,여성,6
202201,유럽,-31.7,네덜란드,1085.0,741.0,3,승무원,6
202201,유럽,-19.9,네덜란드,1156.0,926.0,3,전체,6
202201,유럽,55.5,우크라이나,209.0,325.0,3,남성,7
202201,유럽,43.2,우크라이나,37.0,53.0,3,여성,7
202201,유럽,-12.4,우크라이나,747.0,654.0,3,승무원,7
202201,유럽,3.9,우크라이나,993.0,1032.0,3,전체,7
202201,유럽,102.0,스페인,49.0,99.0,3,남성,8
202201,유럽,323.5,스페인,17.0,72.0,3,여성,8
202201,유럽,45.0,스페인,40.0,58.0,3,승무원,8
202201,유럽,116.0,스페인,106.0,229.0,3,전체,8
202201,유럽,277.4,루마니아,53.0,200.0,3,남성,9
202201,유럽,225.0,루마니아,4.0,13.0,3,여성,9
202201,유럽,-26.6,루마니아,199.0,146.0,3,승무원,9
202201,유럽,40.2,루마니아,256.0,359.0,3,전체,9
202201,유럽,109.1,노르웨이,33.0,69.0,3,남성,10
202201,유럽,300.0,노르웨이,9.0,36.0,3,여성,10
202201,유럽,-5.9,노르웨이,17.0,16.0,3,승무원,10
202201,유럽,105.1,노르웨이,59.0,121.0,3,전체,10
202201,유럽,120.5,스웨덴,39.0,86.0,3,남성,11
202201,유럽,183.3,스웨덴,24.0,68.0,3,여성,11
202201,유럽,138.5,스웨덴,13.0,31.0,3,승무원,11
202201,유럽,143.4,스웨덴,76.0,185.0,3,전체,11
202201,유럽,73.2,폴란드,71.0,123.0,3,남성,12
202201,유럽,50.0,폴란드,18.0,27.0,3,여성,12
202201,유럽,-6.1,폴란드,247.0,232.0,3,승무원,12
202201,유럽,13.7,폴란드,336.0,382.0,3,전체,12
202201,유럽,112.5,스위스,16.0,34.0,3,남성,13
202201,유럽,560.0,스위스,5.0,33.0,3,여성,13
202201,유럽,-21.9,스위스,32.0,25.0,3,승무원,13
202201,유럽,73.6,스위스,53.0,92.0,3,전체,13
202201,유럽,80.0,포르투갈,15.0,27.0,3,남성,14
202201,유럽,375.0,포르투갈,4.0,19.0,3,여성,14
202201,유럽,493.1,포르투갈,29.0,172.0,3,승무원,14
202201,유럽,354.2,포르투갈,48.0,218.0,3,전체,14
202201,유럽,55.6,오스트리아,27.0,42.0,3,남성,15
202201,유럽,88.9,오스트리아,9.0,17.0,3,여성,15
202201,유럽,30.8,오스트리아,65.0,85.0,3,승무원,15
202201,유럽,42.6,오스트리아,101.0,144.0,3,전체,15
202201,유럽,48.1,핀란드,27.0,40.0,3,남성,16
202201,유럽,-8.3,핀란드,24.0,22.0,3,여성,16
202201,유럽,32.9,핀란드,155.0,206.0,3,승무원,16
202201,유럽,30.1,핀란드,206.0,268.0,3,전체,16
202201,유럽,100.0,벨기에,33.0,66.0,3,남성,17
202201,유럽,55.6,벨기에,27.0,42.0,3,여성,17
202201,유럽,38.6,벨기에,70.0,97.0,3,승무원,17
202201,유럽,57.7,벨기에,130.0,205.0,3,전체,17
202201,유럽,115.0,크로아티아,40.0,86.0,3,남성,18
202201,유럽,0.0,크로아티아,0.0,4.0,3,여성,18
202201,유럽,-18.3,크로아티아,82.0,67.0,3,승무원,18
202201,유럽,28.7,크로아티아,122.0,157.0,3,전체,18
202201,유럽,93.3,그리스,105.0,203.0,3,남성,19
202201,유럽,100.0,그리스,5.0,10.0,3,여성,19
202201,유럽,80.2,그리스,96.0,173.0,3,승무원,19
202201,유럽,87.4,그리스,206.0,386.0,3,전체,19
202201,유럽,193.8,불가리아,16.0,47.0,3,남성,20
202201,유럽,300.0,불가리아,3.0,12.0,3,여성,20
202201,유럽,32.8,불가리아,119.0,158.0,3,승무원,20
202201,유럽,57.2,불가리아,138.0,217.0,3,전체,20
202201,유럽,25.9,덴마크,54.0,68.0,3,남성,21
202201,유럽,200.0,덴마크,12.0,36.0,3,여성,21
202201,유럽,-4.9,덴마크,41.0,39.0,3,승무원,21
202201,유럽,33.6,덴마크,107.0,143.0,3,전체,21
202201,유럽,190.0,아일랜드,20.0,58.0,3,남성,22
202201,유럽,108.3,아일랜드,12.0,25.0,3,여성,22
202201,유럽,123.1,아일랜드,13.0,29.0,3,승무원,22
202201,유럽,148.9,아일랜드,45.0,112.0,3,전체,22
202201,유럽,66.9,기타,124.0,207.0,3,남성,23
202201,유럽,140.0,기타,45.0,108.0,3,여성,23
202201,유럽,58.6,기타,249.0,395.0,3,승무원,23
202201,유럽,69.9,기타,418.0,710.0,3,전체,23
202201,오세아니아,234.3,연도대륙,105.0,351.0,2,남성,0
202201,오세아니아,352.3,연도대륙,65.0,294.0,2,여성,0
202201,오세아니아,2.2,연도대륙,178.0,182.0,2,승무원,0
202201,오세아니아,137.6,연도대륙,348.0,827.0,2,전체,0
202201,오세아니아,302.7,호주,73.0,294.0,3,남성,1
202201,오세아니아,406.7,호주,45.0,228.0,3,여성,1
202201,오세아니아,2.3,호주,87.0,89.0,3,승무원,1
202201,오세아니아,198.0,호주,205.0,611.0,3,전체,1
202201,오세아니아,120.8,뉴질랜드,24.0,53.0,3,남성,2
202201,오세아니아,313.3,뉴질랜드,15.0,62.0,3,여성,2
202201,오세아니아,20.0,뉴질랜드,65.0,78.0,3,승무원,2
202201,오세아니아,85.6,뉴질랜드,104.0,193.0,3,전체,2
202201,오세아니아,-50.0,기타,8.0,4.0,3,남성,3
202201,오세아니아,-20.0,기타,5.0,4.0,3,여성,3
202201,오세아니아,-42.3,기타,26.0,15.0,3,승무원,3
202201,오세아니아,-41.0,기타,39.0,23.0,3,전체,3
202201,아프리카,3.4,연도대륙,380.0,393.0,2,남성,0
202201,아프리카,50.0,연도대륙,100.0,150.0,2,여성,0
202201,아프리카,-4.0,연도대륙,526.0,505.0,2,승무원,0
202201,아프리카,4.2,연도대륙,1006.0,1048.0,2,전체,0
202201,아프리카,141.7,남아프리카공화국,12.0,29.0,3,남성,1
202201,아프리카,166.7,남아프리카공화국,18.0,48.0,3,여성,1
202201,아프리카,-44.9,남아프리카공화국,49.0,27.0,3,승무원,1
202201,아프리카,31.6,남아프리카공화국,79.0,104.0,3,전체,1
202201,아프리카,-1.1,기타,368.0,364.0,3,남성,2
202201,아프리카,24.4,기타,82.0,102.0,3,여성,2
202201,아프리카,0.2,기타,477.0,478.0,3,승무원,2
202201,아프리카,1.8,기타,927.0,944.0,3,전체,2
202201,기타,-75.0,연도대륙,4.0,1.0,2,남성,0
202201,기타,0.0,연도대륙,0.0,0.0,2,여성,0
202201,기타,0.0,연도대륙,0.0,0.0,2,승무원,0
202201,기타,-75.0,연도대륙,4.0,1.0,2,전체,0
202201,기타,-75.0,기타,4.0,1.0,3,남성,1
202201,기타,0.0,기타,0.0,0.0,3,여성,1
202201,기타,0.0,기타,0.0,0.0,3,승무원,1
202201,기타,-75.0,기타,4.0,1.0,3,전체,1
202201,교포,7.8,연도대륙,357.0,385.0,2,남성,0
202201,교포,2.2,연도대륙,454.0,464.0,2,여성,0
202201,교포,0.0,연도대륙,0.0,0.0,2,승무원,0
202201,교포,4.7,연도대륙,811.0,849.0,2,전체,0
202201,교포,7.8,교포,357.0,385.0,3,남성,1
202201,교포,2.2,교포,454.0,464.0,3,여성,1
202201,교포,0.0,교포,0.0,0.0,3,승무원,1
202201,교포,4.7,교포,811.0,849.0,3,전체,1
202202,대륙전체,78.9,연도,20224.0,36184.0,1,남성,0
202202,대륙전체,96.3,연도,14769.0,28987.0,1,여성,0
202202,대륙전체,13.9,연도,30589.0,34828.0,1,승무원,0
202202,대륙전체,52.5,연도,65582.0,99999.0,1,전체,0
202202,아시아,75.9,연도대륙,13833.0,24335.0,2,남성,0
202202,아시아,94.3,연도대륙,8432.0,16387.0,2,여성,0
202202,아시아,14.8,연도대륙,16444.0,18870.0,2,승무원,0
202202,아시아,53.9,연도대륙,38709.0,59592.0,2,전체,0
202202,아시아,31.7,중국,4804.0,6325.0,3,남성,1
202202,아시아,52.3,중국,4247.0,6467.0,3,여성,1
202202,아시아,35.1,중국,2931.0,3960.0,3,승무원,1
202202,아시아,39.8,중국,11982.0,16752.0,3,전체,1
202202,아시아,23.9,일본,636.0,788.0,3,남성,2
202202,아시아,103.8,일본,1018.0,2075.0,3,여성,2
202202,아시아,9.2,일본,65.0,71.0,3,승무원,2
202202,아시아,70.7,일본,1719.0,2934.0,3,전체,2
202202,아시아,62.7,대만,110.0,179.0,3,남성,3
202202,아시아,146.3,대만,218.0,537.0,3,여성,3
202202,아시아,21.6,대만,116.0,141.0,3,승무원,3
202202,아시아,93.0,대만,444.0,857.0,3,전체,3
202202,아시아,78.8,홍콩,33.0,59.0,3,남성,4
202202,아시아,139.2,홍콩,79.0,189.0,3,여성,4
202202,아시아,41.2,홍콩,17.0,24.0,3,승무원,4
202202,아시아,110.9,홍콩,129.0,272.0,3,전체,4
202202,아시아,-50.0,마카오,2.0,1.0,3,남성,5
202202,아시아,-50.0,마카오,2.0,1.0,3,여성,5
202202,아시아,0.0,마카오,0.0,0.0,3,승무원,5
202202,아시아,-50.0,마카오,4.0,2.0,3,전체,5
202202,아시아,27.7,필리핀,2046.0,2612.0,3,남성,6
202202,아시아,248.7,필리핀,39.0,136.0,3,여성,6
202202,아시아,6.2,필리핀,5921.0,6290.0,3,승무원,6
202202,아시아,12.9,필리핀,8006.0,9038.0,3,전체,6
202202,아시아,48.0,인도네시아,1347.0,1993.0,3,남성,7
202202,아시아,68.3,인도네시아,334.0,562.0,3,여성,7
202202,아시아,0.4,인도네시아,1862.0,1870.0,3,승무원,7
202202,아시아,24.9,인도네시아,3543.0,4425.0,3,전체,7
202202,아시아,292.4,태국,119.0,467.0,3,남성,8
202202,아시아,265.4,태국,156.0,570.0,3,여성,8
202202,아시아,250.0,태국,130.0,455.0,3,승무원,8
202202,아시아,268.4,태국,405.0,1492.0,3,전체,8
202202,아시아,251.3,베트남,672.0,2361.0,3,남성,9
202202,아시아,191.8,베트남,716.0,2089.0,3,여성,9
202202,아시아,75.8,베트남,314.0,552.0,3,승무원,9
202202,아시아,193.9,베트남,1702.0,5002.0,3,전체,9
202202,아시아,49.1,인도,1001.0,1492.0,3,남성,10
202202,아시아,75.7,인도,177.0,311.0,3,여성,10
202202,아시아,26.6,인도,1142.0,1446.0,3,승무원,10
202202,아시아,40.0,인도,2320.0,3249.0,3,전체,10
202202,아시아,144.2,말레이시아,113.0,276.0,3,남성,11
202202,아시아,203.6,말레이시아,139.0,422.0,3,여성,11
202202,아시아,103.5,말레이시아,142.0,289.0,3,승무원,11
202202,아시아,150.5,말레이시아,394.0,987.0,3,전체,11
202202,아시아,1583.8,싱가포르,37.0,623.0,3,남성,12
202202,아시아,1541.0,싱가포르,39.0,640.0,3,여성,12
202202,아시아,1312.5,싱가포르,16.0,226.0,3,승무원,12
202202,아시아,1518.5,싱가포르,92.0,1489.0,3,전체,12
202202,아시아,318.5,몽골,135.0,565.0,3,남성,13
202202,아시아,217.2,몽골,192.0,609.0,3,여성,13
202202,아시아,0.0,몽골,0.0,0.0,3,승무원,13
202202,아시아,259.0,몽골,327.0,1174.0,3,전체,13
202202,아시아,213.9,우즈베키스탄,397.0,1246.0,3,남성,14
202202,아시아,54.8,우즈베키스탄,210.0,325.0,3,여성,14
202202,아시아,-50.0,우즈베키스탄,8.0,4.0,3,승무원,14
202202,아시아,156.1,우즈베키스탄,615.0,1575.0,3,전체,14
202202,아시아,38.4,미얀마,982.0,1359.0,3,남성,15
202202,아시아,93.5,미얀마,62.0,120.0,3,여성,15
202202,아시아,-12.8,미얀마,3224.0,2812.0,3,승무원,15
202202,아시아,0.5,미얀마,4268.0,4291.0,3,전체,15
202202,아시아,102.1,GCC,97.0,196.0,3,남성,16
202202,아시아,100.0,GCC,60.0,120.0,3,여성,16
202202,아시아,97.5,GCC,40.0,79.0,3,승무원,16
202202,아시아,100.5,GCC,197.0,395.0,3,전체,16
202202,아시아,-54.0,카자흐스탄,322.0,148.0,3,남성,17
202202,아시아,-39.8,카자흐스탄,377.0,227.0,3,여성,17
202202,아시아,97.4,카자흐스탄,38.0,75.0,3,승무원,17
202202,아시아,-38.9,카자흐스탄,737.0,450.0,3,전체,17
202202,아시아,100.0,튀르키예,52.0,104.0,3,남성,18
202202,아시아,116.1,튀르키예,62.0,134.0,3,여성,18
202202,아시아,15.3,튀르키예,262.0,302.0,3,승무원,18
202202,아시아,43.6,튀르키예,376.0,540.0,3,전체,18
202202,아시아,72.6,캄보디아,339.0,585.0,3,남성,19
202202,아시아,110.5,캄보디아,124.0,261.0,3,여성,19
202202,아시아,0.0,캄보디아,0.0,4.0,3,승무원,19
202202,아시아,83.6,캄보디아,463.0,850.0,3,전체,19
202202,아시아,372.1,스리랑카,68.0,321.0,3,남성,20
202202,아시아,245.5,스리랑카,11.0,38.0,3,여성,20
202202,아시아,41.5,스리랑카,82.0,116.0,3,승무원,20
202202,아시아,195.0,스리랑카,161.0,475.0,3,전체,20
202202,아시아,1315.4,방글라데시,39.0,552.0,3,남성,21
202202,아시아,2433.3,방글라데시,3.0,76.0,3,여성,21
202202,아시아,-9.0,방글라데시,67.0,61.0,3,승무원,21
202202,아시아,532.1,방글라데시,109.0,689.0,3,전체,21
202202,아시아,96.5,파키스탄,231.0,454.0,3,남성,22
202202,아시아,-20.5,파키스탄,78.0,62.0,3,여성,22
202202,아시아,37.5,파키스탄,16.0,22.0,3,승무원,22
202202,아시아,65.5,파키스탄,325.0,538.0,3,전체,22
202202,아시아,2133.3,이스라엘,3.0,67.0,3,남성,23
202202,아시아,360.0,이스라엘,5.0,23.0,3,여성,23
202202,아시아,-70.0,이스라엘,10.0,3.0,3,승무원,23
202202,아시아,416.7,이스라엘,18.0,93.0,3,전체,23
202202,아시아,125.0,이란,24.0,54.0,3,남성,24
202202,아시아,134.8,이란,23.0,54.0,3,여성,24
202202,아시아,0.0,이란,0.0,4.0,3,승무원,24
202202,아시아,138.3,이란,47.0,112.0,3,전체,24
202202,아시아,573.2,기타,224.0,1508.0,3,남성,25
202202,아시아,455.7,기타,61.0,339.0,3,여성,25
202202,아시아,56.1,기타,41.0,64.0,3,승무원,25
202202,아시아,486.2,기타,326.0,1911.0,3,전체,25
202202,아메리카,88.8,연도대륙,2547.0,4809.0,2,남성,0
202202,아메리카,95.8,연도대륙,3220.0,6304.0,2,여성,0
202202,아메리카,17.3,연도대륙,7466.0,8756.0,2,승무원,0
202202,아메리카,50.1,연도대륙,13233.0,19869.0,2,전체,0
202202,아메리카,82.8,미국,2170.0,3966.0,3,남성,1
202202,아메리카,88.8,미국,2713.0,5123.0,3,여성,1
202202,아메리카,6.7,미국,6329.0,6756.0,3,승무원,1
202202,아메리카,41.3,미국,11212.0,15845.0,3,전체,1
202202,아메리카,152.6,캐나다,215.0,543.0,3,남성,2
202202,아메리카,146.7,캐나다,274.0,676.0,3,여성,2
202202,아메리카,109.7,캐나다,811.0,1701.0,3,승무원,2
202202,아메리카,124.6,캐나다,1300.0,2920.0,3,전체,2
202202,아메리카,108.1,브라질,37.0,77.0,3,남성,3
202202,아메리카,103.2,브라질,62.0,126.0,3,여성,3
202202,아메리카,1.9,브라질,53.0,54.0,3,승무원,3
202202,아메리카,69.1,브라질,152.0,257.0,3,전체,3
202202,아메리카,124.4,멕시코,45.0,101.0,3,남성,4
202202,아메리카,148.6,멕시코,72.0,179.0,3,여성,4
202202,아메리카,-21.8,멕시코,211.0,165.0,3,승무원,4
202202,아메리카,35.7,멕시코,328.0,445.0,3,전체,4
202202,아메리카,52.5,기타,80.0,122.0,3,남성,5
202202,아메리카,102.0,기타,99.0,200.0,3,여성,5
202202,아메리카,29.0,기타,62.0,80.0,3,승무원,5
202202,아메리카,66.8,기타,241.0,402.0,3,전체,5
202202,유럽,88.3,연도대륙,2942.0,5539.0,2,남성,0
202202,유럽,102.9,연도대륙,2393.0,4856.0,2,여성,0
202202,유럽,10.3,연도대륙,6001.0,6617.0,2,승무원,0
202202,유럽,50.1,연도대륙,11336.0,17012.0,2,전체,0
202202,유럽,82.2,러시아,510.0,929.0,3,남성,1
202202,유럽,87.3,러시아,448.0,839.0,3,여성,1
202202,유럽,2.8,러시아,1474.0,1515.0,3,승무원,1
202202,유럽,35.0,러시아,2432.0,3283.0,3,전체,1
202202,유럽,337.7,영국,122.0,534.0,3,남성,2
202202,유럽,690.0,영국,50.0,395.0,3,여성,2
202202,유럽,-56.9,영국,313.0,135.0,3,승무원,2
202202,유럽,119.4,영국,485.0,1064.0,3,전체,2
202202,유럽,61.1,독일,504.0,812.0,3,남성,3
202202,유럽,91.4,독일,395.0,756.0,3,여성,3
202202,유럽,41.4,독일,577.0,816.0,3,승무원,3
202202,유럽,61.5,독일,1476.0,2384.0,3,전체,3
202202,유럽,72.3,프랑스,498.0,858.0,3,남성,4
202202,유럽,69.8,프랑스,681.0,1156.0,3,여성,4
202202,유럽,29.4,프랑스,632.0,818.0,3,승무원,4
202202,유럽,56.4,프랑스,1811.0,2832.0,3,전체,4
202202,유럽,128.7,이탈리아,101.0,231.0,3,남성,5
202202,유럽,99.0,이탈리아,105.0,209.0,3,여성,5
202202,유럽,35.1,이탈리아,97.0,131.0,3,승무원,5
202202,유럽,88.4,이탈리아,303.0,571.0,3,전체,5
202202,유럽,241.2,네덜란드,68.0,232.0,3,남성,6
202202,유럽,548.6,네덜란드,37.0,240.0,3,여성,6
202202,유럽,-7.8,네덜란드,748.0,690.0,3,승무원,6
202202,유럽,36.2,네덜란드,853.0,1162.0,3,전체,6
202202,유럽,-21.2,우크라이나,377.0,297.0,3,남성,7
202202,유럽,-9.4,우크라이나,53.0,48.0,3,여성,7
202202,유럽,-3.3,우크라이나,777.0,751.0,3,승무원,7
202202,유럽,-9.2,우크라이나,1207.0,1096.0,3,전체,7
202202,유럽,52.5,스페인,80.0,122.0,3,남성,8
202202,유럽,84.9,스페인,93.0,172.0,3,여성,8
202202,유럽,20.0,스페인,35.0,42.0,3,승무원,8
202202,유럽,61.5,스페인,208.0,336.0,3,전체,8
202202,유럽,178.3,루마니아,69.0,192.0,3,남성,9
202202,유럽,56.2,루마니아,16.0,25.0,3,여성,9
202202,유럽,10.9,루마니아,138.0,153.0,3,승무원,9
202202,유럽,65.9,루마니아,223.0,370.0,3,전체,9
202202,유럽,92.0,노르웨이,25.0,48.0,3,남성,10
202202,유럽,231.2,노르웨이,16.0,53.0,3,여성,10
202202,유럽,-33.3,노르웨이,21.0,14.0,3,승무원,10
202202,유럽,85.5,노르웨이,62.0,115.0,3,전체,10
202202,유럽,71.7,스웨덴,46.0,79.0,3,남성,11
202202,유럽,139.1,스웨덴,46.0,110.0,3,여성,11
202202,유럽,0.0,스웨덴,26.0,26.0,3,승무원,11
202202,유럽,82.2,스웨덴,118.0,215.0,3,전체,11
202202,유럽,358.5,폴란드,41.0,188.0,3,남성,12
202202,유럽,139.0,폴란드,41.0,98.0,3,여성,12
202202,유럽,19.8,폴란드,187.0,224.0,3,승무원,12
202202,유럽,89.6,폴란드,269.0,510.0,3,전체,12
202202,유럽,48.0,스위스,50.0,74.0,3,남성,13
202202,유럽,73.5,스위스,49.0,85.0,3,여성,13
202202,유럽,-43.8,스위스,48.0,27.0,3,승무원,13
202202,유럽,26.5,스위스,147.0,186.0,3,전체,13
202202,유럽,100.0,포르투갈,20.0,40.0,3,남성,14
202202,유럽,47.4,포르투갈,19.0,28.0,3,여성,14
202202,유럽,536.4,포르투갈,22.0,140.0,3,승무원,14
202202,유럽,241.0,포르투갈,61.0,208.0,3,전체,14
202202,유럽,160.0,오스트리아,30.0,78.0,3,남성,15
202202,유럽,158.3,오스트리아,24.0,62.0,3,여성,15
202202,유럽,35.1,오스트리아,57.0,77.0,3,승무원,15
202202,유럽,95.5,오스트리아,111.0,217.0,3,전체,15
202202,유럽,120.6,핀란드,34.0,75.0,3,남성,16
202202,유럽,101.8,핀란드,56.0,113.0,3,여성,16
202202,유럽,67.5,핀란드,123.0,206.0,3,승무원,16
202202,유럽,85.0,핀란드,213.0,394.0,3,전체,16
202202,유럽,81.0,벨기에,58.0,105.0,3,남성,17
202202,유럽,76.7,벨기에,43.0,76.0,3,여성,17
202202,유럽,25.7,벨기에,74.0,93.0,3,승무원,17
202202,유럽,56.6,벨기에,175.0,274.0,3,전체,17
202202,유럽,229.4,크로아티아,34.0,112.0,3,남성,18
202202,유럽,200.0,크로아티아,2.0,6.0,3,여성,18
202202,유럽,4.2,크로아티아,72.0,75.0,3,승무원,18
202202,유럽,78.7,크로아티아,108.0,193.0,3,전체,18
202202,유럽,58.0,그리스,88.0,139.0,3,남성,19
202202,유럽,250.0,그리스,6.0,21.0,3,여성,19
202202,유럽,49.0,그리스,96.0,143.0,3,승무원,19
202202,유럽,59.5,그리스,190.0,303.0,3,전체,19
202202,유럽,100.0,불가리아,23.0,46.0,3,남성,20
202202,유럽,114.3,불가리아,7.0,15.0,3,여성,20
202202,유럽,-19.0,불가리아,121.0,98.0,3,승무원,20
202202,유럽,5.3,불가리아,151.0,159.0,3,전체,20
202202,유럽,161.8,덴마크,34.0,89.0,3,남성,21
202202,유럽,76.7,덴마크,30.0,53.0,3,여성,21
202202,유럽,142.1,덴마크,19.0,46.0,3,승무원,21
202202,유럽,126.5,덴마크,83.0,188.0,3,전체,21
202202,유럽,163.6,아일랜드,22.0,58.0,3,남성,22
202202,유럽,100.0,아일랜드,25.0,50.0,3,여성,22
202202,유럽,111.8,아일랜드,17.0,36.0,3,승무원,22
202202,유럽,125.0,아일랜드,64.0,144.0,3,전체,22
202202,유럽,86.1,기타,108.0,201.0,3,남성,23
202202,유럽,62.9,기타,151.0,246.0,3,여성,23
202202,유럽,10.4,기타,327.0,361.0,3,승무원,23
202202,유럽,37.9,기타,586.0,808.0,3,전체,23
202202,오세아니아,321.6,연도대륙,88.0,371.0,2,남성,0
202202,오세아니아,260.8,연도대륙,97.0,350.0,2,여성,0
202202,오세아니아,-19.1,연도대륙,178.0,144.0,2,승무원,0
202202,오세아니아,138.3,연도대륙,363.0,865.0,2,전체,0
202202,오세아니아,425.5,호주,55.0,289.0,3,남성,1
202202,오세아니아,348.4,호주,62.0,278.0,3,여성,1
202202,오세아니아,-4.3,호주,70.0,67.0,3,승무원,1
202202,오세아니아,239.0,호주,187.0,634.0,3,전체,1
202202,오세아니아,172.4,뉴질랜드,29.0,79.0,3,남성,2
202202,오세아니아,112.5,뉴질랜드,32.0,68.0,3,여성,2
202202,오세아니아,10.5,뉴질랜드,57.0,63.0,3,승무원,2
202202,오세아니아,78.0,뉴질랜드,118.0,210.0,3,전체,2
202202,오세아니아,-25.0,기타,4.0,3.0,3,남성,3
202202,오세아니아,33.3,기타,3.0,4.0,3,여성,3
202202,오세아니아,-72.5,기타,51.0,14.0,3,승무원,3
202202,오세아니아,-63.8,기타,58.0,21.0,3,전체,3
202202,아프리카,58.1,연도대륙,446.0,705.0,2,남성,0
202202,아프리카,175.7,연도대륙,210.0,579.0,2,여성,0
202202,아프리카,-15.2,연도대륙,500.0,424.0,2,승무원,0
202202,아프리카,47.8,연도대륙,1156.0,1708.0,2,전체,0
202202,아프리카,1055.6,남아프리카공화국,9.0,104.0,3,남성,1
202202,아프리카,1681.2,남아프리카공화국,16.0,285.0,3,여성,1
202202,아프리카,2.2,남아프리카공화국,45.0,46.0,3,승무원,1
202202,아프리카,521.4,남아프리카공화국,70.0,435.0,3,전체,1
202202,아프리카,37.5,기타,437.0,601.0,3,남성,2
202202,아프리카,51.5,기타,194.0,294.0,3,여성,2
202202,아프리카,-16.9,기타,455.0,378.0,3,승무원,2
202202,아프리카,17.2,기타,1086.0,1273.0,3,전체,2
202202,기타,216.7,연도대륙,6.0,19.0,2,남성,0
202202,기타,0.0,연도대륙,0.0,1.0,2,여성,0
202202,기타,0.0,연도대륙,0.0,17.0,2,승무원,0
202202,기타,516.7,연도대륙,6.0,37.0,2,전체,0
202202,기타,216.7,기타,6.0,19.0,3,남성,1
202202,기타,0.0,기타,0.0,1.0,3,여성,1
202202,기타,0.0,기타,0.0,17.0,3,승무원,1
202202,기타,516.7,기타,6.0,37.0,3,전체,1
202202,교포,12.2,연도대륙,362.0,406.0,2,남성,0
202202,교포,22.3,연도대륙,417.0,510.0,2,여성,0
202202,교포,0.0,연도대륙,0.0,0.0,2,승무원,0
202202,교포,17.6,연도대륙,779.0,916.0,2,전체,0
202202,교포,12.2,교포,362.0,406.0,3,남성,1
202202,교포,22.3,교포,417.0,510.0,3,여성,1
202202,교포,0.0,교포,0.0,0.0,3,승무원,1
202202,교포,17.6,교포,779.0,916.0,3,전체,1
202203,대륙전체,50.4,연도,24918.0,37477.0,1,남성,0
202203,대륙전체,50.8,연도,13438.0,20258.0,1,여성,0
202203,대륙전체,7.7,연도,36248.0,39033.0,1,승무원,0
202203,대륙전체,29.7,연도,74604.0,96768.0,1,전체,0
202203,아시아,35.6,연도대륙,19317.0,26200.0,2,남성,0
202203,아시아,22.9,연도대륙,9460.0,11625.0,2,여성,0
202203,아시아,11.5,연도대륙,19718.0,21995.0,2,승무원,0
202203,아시아,23.4,연도대륙,48495.0,59820.0,2,전체,0
202203,아시아,-40.5,중국,9127.0,5433.0,3,남성,1
202203,아시아,-32.2,중국,6629.0,4495.0,3,여성,1
202203,아시아,48.8,중국,3224.0,4798.0,3,승무원,1
202203,아시아,-22.4,중국,18980.0,14726.0,3,전체,1
202203,아시아,14.9,일본,631.0,725.0,3,남성,2
202203,아시아,131.1,일본,257.0,594.0,3,여성,2
202203,아시아,27.9,일본,61.0,78.0,3,승무원,2
202203,아시아,47.2,일본,949.0,1397.0,3,전체,2
202203,아시아,12.1,대만,99.0,111.0,3,남성,3
202203,아시아,38.8,대만,80.0,111.0,3,여성,3
202203,아시아,27.9,대만,147.0,188.0,3,승무원,3
202203,아시아,25.8,대만,326.0,410.0,3,전체,3
202203,아시아,170.6,홍콩,17.0,46.0,3,남성,4
202203,아시아,50.0,홍콩,58.0,87.0,3,여성,4
202203,아시아,21.4,홍콩,14.0,17.0,3,승무원,4
202203,아시아,68.5,홍콩,89.0,150.0,3,전체,4
202203,아시아,0.0,마카오,0.0,0.0,3,남성,5
202203,아시아,0.0,마카오,5.0,5.0,3,여성,5
202203,아시아,0.0,마카오,0.0,0.0,3,승무원,5
202203,아시아,0.0,마카오,5.0,5.0,3,전체,5
202203,아시아,73.9,필리핀,2188.0,3806.0,3,남성,6
202203,아시아,142.6,필리핀,54.0,131.0,3,여성,6
202203,아시아,6.2,필리핀,7026.0,7460.0,3,승무원,6
202203,아시아,23.0,필리핀,9268.0,11397.0,3,전체,6
202203,아시아,52.6,인도네시아,1402.0,2140.0,3,남성,7
202203,아시아,149.5,인도네시아,91.0,227.0,3,여성,7
202203,아시아,-11.1,인도네시아,2100.0,1867.0,3,승무원,7
202203,아시아,17.8,인도네시아,3593.0,4234.0,3,전체,7
202203,아시아,189.1,태국,174.0,503.0,3,남성,8
202203,아시아,254.5,태국,112.0,397.0,3,여성,8
202203,아시아,193.6,태국,188.0,552.0,3,승무원,8
202203,아시아,206.3,태국,474.0,1452.0,3,전체,8
202203,아시아,189.8,베트남,844.0,2446.0,3,남성,9
202203,아시아,135.7,베트남,873.0,2058.0,3,여성,9
202203,아시아,38.6,베트남,427.0,592.0,3,승무원,9
202203,아시아,137.7,베트남,2144.0,5096.0,3,전체,9
202203,아시아,35.5,인도,1080.0,1463.0,3,남성,10
202203,아시아,44.9,인도,136.0,197.0,3,여성,10
202203,아시아,-6.3,인도,1754.0,1643.0,3,승무원,10
202203,아시아,11.2,인도,2970.0,3303.0,3,전체,10
202203,아시아,59.5,말레이시아,111.0,177.0,3,남성,11
202203,아시아,197.4,말레이시아,38.0,113.0,3,여성,11
202203,아시아,81.5,말레이시아,184.0,334.0,3,승무원,11
202203,아시아,87.4,말레이시아,333.0,624.0,3,전체,11
202203,아시아,2137.8,싱가포르,45.0,1007.0,3,남성,12
202203,아시아,5013.0,싱가포르,23.0,1176.0,3,여성,12
202203,아시아,1680.0,싱가포르,15.0,267.0,3,승무원,12
202203,아시아,2851.8,싱가포르,83.0,2450.0,3,전체,12
202203,아시아,840.0,몽골,70.0,658.0,3,남성,13
202203,아시아,498.1,몽골,108.0,646.0,3,여성,13
202203,아시아,0.0,몽골,0.0,0.0,3,승무원,13
202203,아시아,632.6,몽골,178.0,1304.0,3,전체,13
202203,아시아,77.0,우즈베키스탄,674.0,1193.0,3,남성,14
202203,아시아,16.3,우즈베키스탄,251.0,292.0,3,여성,14
202203,아시아,400.0,우즈베키스탄,5.0,25.0,3,승무원,14
202203,아시아,62.4,우즈베키스탄,930.0,1510.0,3,전체,14
202203,아시아,33.2,미얀마,1095.0,1458.0,3,남성,15
202203,아시아,745.0,미얀마,20.0,169.0,3,여성,15
202203,아시아,-13.8,미얀마,3657.0,3154.0,3,승무원,15
202203,아시아,0.2,미얀마,4772.0,4781.0,3,전체,15
202203,아시아,157.5,GCC,80.0,206.0,3,남성,16
202203,아시아,214.3,GCC,21.0,66.0,3,여성,16
202203,아시아,111.6,GCC,43.0,91.0,3,승무원,16
202203,아시아,152.1,GCC,144.0,363.0,3,전체,16
202203,아시아,-49.0,카자흐스탄,294.0,150.0,3,남성,17
202203,아시아,-39.3,카자흐스탄,300.0,182.0,3,여성,17
202203,아시아,75.5,카자흐스탄,49.0,86.0,3,승무원,17
202203,아시아,-35.0,카자흐스탄,643.0,418.0,3,전체,17
202203,아시아,17.4,튀르키예,92.0,108.0,3,남성,18
202203,아시아,9.1,튀르키예,22.0,24.0,3,여성,18
202203,아시아,21.8,튀르키예,363.0,442.0,3,승무원,18
202203,아시아,20.3,튀르키예,477.0,574.0,3,전체,18
202203,아시아,47.8,캄보디아,416.0,615.0,3,남성,19
202203,아시아,75.0,캄보디아,116.0,203.0,3,여성,19
202203,아시아,0.0,캄보디아,0.0,0.0,3,승무원,19
202203,아시아,53.8,캄보디아,532.0,818.0,3,전체,19
202203,아시아,272.5,스리랑카,182.0,678.0,3,남성,20
202203,아시아,550.0,스리랑카,4.0,26.0,3,여성,20
202203,아시아,-43.2,스리랑카,199.0,113.0,3,승무원,20
202203,아시아,112.2,스리랑카,385.0,817.0,3,전체,20
202203,아시아,214.7,방글라데시,211.0,664.0,3,남성,21
202203,아시아,13.4,방글라데시,67.0,76.0,3,여성,21
202203,아시아,5.3,방글라데시,150.0,158.0,3,승무원,21
202203,아시아,109.8,방글라데시,428.0,898.0,3,전체,21
202203,아시아,128.2,파키스탄,188.0,429.0,3,남성,22
202203,아시아,-26.6,파키스탄,64.0,47.0,3,여성,22
202203,아시아,-22.2,파키스탄,18.0,14.0,3,승무원,22
202203,아시아,81.5,파키스탄,270.0,490.0,3,전체,22
202203,아시아,309.1,이스라엘,22.0,90.0,3,남성,23
202203,아시아,275.0,이스라엘,4.0,15.0,3,여성,23
202203,아시아,-81.8,이스라엘,11.0,2.0,3,승무원,23
202203,아시아,189.2,이스라엘,37.0,107.0,3,전체,23
202203,아시아,358.8,이란,17.0,78.0,3,남성,24
202203,아시아,-27.3,이란,22.0,16.0,3,여성,24
202203,아시아,2400.0,이란,2.0,50.0,3,승무원,24
202203,아시아,251.2,이란,41.0,144.0,3,전체,24
202203,아시아,681.4,기타,258.0,2016.0,3,남성,25
202203,아시아,159.0,기타,105.0,272.0,3,여성,25
202203,아시아,-21.0,기타,81.0,64.0,3,승무원,25
202203,아시아,429.7,기타,444.0,2352.0,3,전체,25
202203,아메리카,100.2,연도대륙,2716.0,5437.0,2,남성,0
202203,아메리카,103.1,연도대륙,2607.0,5296.0,2,여성,0
202203,아메리카,8.9,연도대륙,8868.0,9657.0,2,승무원,0
202203,아메리카,43.7,연도대륙,14191.0,20390.0,2,전체,0
202203,아메리카,96.9,미국,2389.0,4703.0,3,남성,1
202203,아메리카,93.5,미국,2313.0,4475.0,3,여성,1
202203,아메리카,2.2,미국,7619.0,7790.0,3,승무원,1
202203,아메리카,37.7,미국,12321.0,16968.0,3,전체,1
202203,아메리카,168.1,캐나다,210.0,563.0,3,남성,2
202203,아메리카,188.1,캐나다,218.0,628.0,3,여성,2
202203,아메리카,64.8,캐나다,904.0,1490.0,3,승무원,2
202203,아메리카,101.3,캐나다,1332.0,2681.0,3,전체,2
202203,아메리카,50.0,브라질,38.0,57.0,3,남성,3
202203,아메리카,120.8,브라질,24.0,53.0,3,여성,3
202203,아메리카,49.1,브라질,55.0,82.0,3,승무원,3
202203,아메리카,64.1,브라질,117.0,192.0,3,전체,3
202203,아메리카,-9.8,멕시코,41.0,37.0,3,남성,4
202203,아메리카,156.5,멕시코,23.0,59.0,3,여성,4
202203,아메리카,-1.9,멕시코,206.0,202.0,3,승무원,4
202203,아메리카,10.4,멕시코,270.0,298.0,3,전체,4
202203,아메리카,102.6,기타,38.0,77.0,3,남성,5
202203,아메리카,179.3,기타,29.0,81.0,3,여성,5
202203,아메리카,10.7,기타,84.0,93.0,3,승무원,5
202203,아메리카,66.2,기타,151.0,251.0,3,전체,5
202203,유럽,94.2,연도대륙,2228.0,4326.0,2,남성,0
202203,유럽,164.8,연도대륙,782.0,2071.0,2,여성,0
202203,유럽,-3.4,연도대륙,6977.0,6743.0,2,승무원,0
202203,유럽,31.6,연도대륙,9987.0,13140.0,2,전체,0
202203,유럽,39.8,러시아,510.0,713.0,3,남성,1
202203,유럽,49.6,러시아,353.0,528.0,3,여성,1
202203,유럽,-28.8,러시아,1554.0,1106.0,3,승무원,1
202203,유럽,-2.9,러시아,2417.0,2347.0,3,전체,1
202203,유럽,431.8,영국,107.0,569.0,3,남성,2
202203,유럽,345.5,영국,55.0,245.0,3,여성,2
202203,유럽,-0.5,영국,182.0,181.0,3,승무원,2
202203,유럽,189.2,영국,344.0,995.0,3,전체,2
202203,유럽,88.1,독일,328.0,617.0,3,남성,3
202203,유럽,295.5,독일,67.0,265.0,3,여성,3
202203,유럽,36.5,독일,674.0,920.0,3,승무원,3
202203,유럽,68.6,독일,1069.0,1802.0,3,전체,3
202203,유럽,257.3,프랑스,96.0,343.0,3,남성,4
202203,유럽,520.5,프랑스,44.0,273.0,3,여성,4
202203,유럽,23.3,프랑스,873.0,1076.0,3,승무원,4
202203,유럽,67.0,프랑스,1013.0,1692.0,3,전체,4
202203,유럽,150.6,이탈리아,87.0,218.0,3,남성,5
202203,유럽,304.5,이탈리아,22.0,89.0,3,여성,5
202203,유럽,142.5,이탈리아,73.0,177.0,3,승무원,5
202203,유럽,165.9,이탈리아,182.0,484.0,3,전체,5
202203,유럽,181.2,네덜란드,48.0,135.0,3,남성,6
202203,유럽,425.0,네덜란드,12.0,63.0,3,여성,6
202203,유럽,-29.1,네덜란드,1101.0,781.0,3,승무원,6
202203,유럽,-15.7,네덜란드,1161.0,979.0,3,전체,6
202203,유럽,-49.1,우크라이나,352.0,179.0,3,남성,7
202203,유럽,179.6,우크라이나,49.0,137.0,3,여성,7
202203,유럽,-24.9,우크라이나,928.0,697.0,3,승무원,7
202203,유럽,-23.8,우크라이나,1329.0,1013.0,3,전체,7
202203,유럽,167.1,스페인,76.0,203.0,3,남성,8
202203,유럽,132.1,스페인,53.0,123.0,3,여성,8
202203,유럽,94.4,스페인,36.0,70.0,3,승무원,8
202203,유럽,140.0,스페인,165.0,396.0,3,전체,8
202203,유럽,129.9,루마니아,87.0,200.0,3,남성,9
202203,유럽,200.0,루마니아,6.0,18.0,3,여성,9
202203,유럽,23.6,루마니아,161.0,199.0,3,승무원,9
202203,유럽,64.2,루마니아,254.0,417.0,3,전체,9
202203,유럽,135.7,노르웨이,14.0,33.0,3,남성,10
202203,유럽,250.0,노르웨이,4.0,14.0,3,여성,10
202203,유럽,-27.8,노르웨이,18.0,13.0,3,승무원,10
202203,유럽,66.7,노르웨이,36.0,60.0,3,전체,10
202203,유럽,417.6,스웨덴,17.0,88.0,3,남성,11
202203,유럽,192.9,스웨덴,14.0,41.0,3,여성,11
202203,유럽,-64.0,스웨덴,25.0,9.0,3,승무원,11
202203,유럽,146.4,스웨덴,56.0,138.0,3,전체,11
202203,유럽,126.3,폴란드,57.0,129.0,3,남성,12
202203,유럽,154.5,폴란드,11.0,28.0,3,여성,12
202203,유럽,-6.0,폴란드,248.0,233.0,3,승무원,12
202203,유럽,23.4,폴란드,316.0,390.0,3,전체,12
202203,유럽,204.8,스위스,21.0,64.0,3,남성,13
202203,유럽,466.7,스위스,6.0,34.0,3,여성,13
202203,유럽,-54.8,스위스,42.0,19.0,3,승무원,13
202203,유럽,69.6,스위스,69.0,117.0,3,전체,13
202203,유럽,94.1,포르투갈,17.0,33.0,3,남성,14
202203,유럽,120.0,포르투갈,5.0,11.0,3,여성,14
202203,유럽,207.1,포르투갈,28.0,86.0,3,승무원,14
202203,유럽,160.0,포르투갈,50.0,130.0,3,전체,14
202203,유럽,106.5,오스트리아,31.0,64.0,3,남성,15
202203,유럽,90.0,오스트리아,10.0,19.0,3,여성,15
202203,유럽,48.3,오스트리아,60.0,89.0,3,승무원,15
202203,유럽,70.3,오스트리아,101.0,172.0,3,전체,15
202203,유럽,-41.9,핀란드,31.0,18.0,3,남성,16
202203,유럽,733.3,핀란드,3.0,25.0,3,여성,16
202203,유럽,-30.9,핀란드,149.0,103.0,3,승무원,16
202203,유럽,-20.2,핀란드,183.0,146.0,3,전체,16
202203,유럽,160.9,벨기에,23.0,60.0,3,남성,17
202203,유럽,287.5,벨기에,8.0,31.0,3,여성,17
202203,유럽,14.3,벨기에,84.0,96.0,3,승무원,17
202203,유럽,62.6,벨기에,115.0,187.0,3,전체,17
202203,유럽,304.2,크로아티아,24.0,97.0,3,남성,18
202203,유럽,-60.0,크로아티아,5.0,2.0,3,여성,18
202203,유럽,65.6,크로아티아,64.0,106.0,3,승무원,18
202203,유럽,120.4,크로아티아,93.0,205.0,3,전체,18
202203,유럽,57.4,그리스,148.0,233.0,3,남성,19
202203,유럽,280.0,그리스,5.0,19.0,3,여성,19
202203,유럽,11.5,그리스,148.0,165.0,3,승무원,19
202203,유럽,38.5,그리스,301.0,417.0,3,전체,19
202203,유럽,19.2,불가리아,26.0,31.0,3,남성,20
202203,유럽,-25.0,불가리아,4.0,3.0,3,여성,20
202203,유럽,4.2,불가리아,192.0,200.0,3,승무원,20
202203,유럽,5.4,불가리아,222.0,234.0,3,전체,20
202203,유럽,96.8,덴마크,31.0,61.0,3,남성,21
202203,유럽,350.0,덴마크,4.0,18.0,3,여성,21
202203,유럽,33.3,덴마크,21.0,28.0,3,승무원,21
202203,유럽,91.1,덴마크,56.0,107.0,3,전체,21
202203,유럽,60.0,아일랜드,20.0,32.0,3,남성,22
202203,유럽,114.3,아일랜드,7.0,15.0,3,여성,22
202203,유럽,120.0,아일랜드,15.0,33.0,3,승무원,22
202203,유럽,90.5,아일랜드,42.0,80.0,3,전체,22
202203,유럽,167.5,기타,77.0,206.0,3,남성,23
202203,유럽,100.0,기타,35.0,70.0,3,여성,23
202203,유럽,18.3,기타,301.0,356.0,3,승무원,23
202203,유럽,53.0,기타,413.0,632.0,3,전체,23
202203,오세아니아,490.5,연도대륙,74.0,437.0,2,남성,0
202203,오세아니아,456.5,연도대륙,69.0,384.0,2,여성,0
202203,오세아니아,14.4,연도대륙,167.0,191.0,2,승무원,0
202203,오세아니아,226.5,연도대륙,310.0,1012.0,2,전체,0
202203,오세아니아,649.0,호주,49.0,367.0,3,남성,1
202203,오세아니아,508.0,호주,50.0,304.0,3,여성,1
202203,오세아니아,13.7,호주,73.0,83.0,3,승무원,1
202203,오세아니아,338.4,호주,172.0,754.0,3,전체,1
202203,오세아니아,195.7,뉴질랜드,23.0,68.0,3,남성,2
202203,오세아니아,305.3,뉴질랜드,19.0,77.0,3,여성,2
202203,오세아니아,15.4,뉴질랜드,65.0,75.0,3,승무원,2
202203,오세아니아,105.6,뉴질랜드,107.0,220.0,3,전체,2
202203,오세아니아,0.0,기타,2.0,2.0,3,남성,3
202203,오세아니아,0.0,기타,0.0,3.0,3,여성,3
202203,오세아니아,13.8,기타,29.0,33.0,3,승무원,3
202203,오세아니아,22.6,기타,31.0,38.0,3,전체,3
202203,아프리카,185.0,연도대륙,214.0,610.0,2,남성,0
202203,아프리카,285.9,연도대륙,78.0,301.0,2,여성,0
202203,아프리카,-13.5,연도대륙,513.0,444.0,2,승무원,0
202203,아프리카,68.3,연도대륙,805.0,1355.0,2,전체,0
202203,아프리카,780.0,남아프리카공화국,5.0,44.0,3,남성,1
202203,아프리카,2560.0,남아프리카공화국,5.0,133.0,3,여성,1
202203,아프리카,-42.0,남아프리카공화국,50.0,29.0,3,승무원,1
202203,아프리카,243.3,남아프리카공화국,60.0,206.0,3,전체,1
202203,아프리카,170.8,기타,209.0,566.0,3,남성,2
202203,아프리카,130.1,기타,73.0,168.0,3,여성,2
202203,아프리카,-10.4,기타,463.0,415.0,3,승무원,2
202203,아프리카,54.2,기타,745.0,1149.0,3,전체,2
202203,기타,-33.3,연도대륙,3.0,2.0,2,남성,0
202203,기타,0.0,연도대륙,0.0,3.0,2,여성,0
202203,기타,-40.0,연도대륙,5.0,3.0,2,승무원,0
202203,기타,0.0,연도대륙,8.0,8.0,2,전체,0
202203,기타,-33.3,기타,3.0,2.0,3,남성,1
202203,기타,0.0,기타,0.0,3.0,3,여성,1
202203,기타,-40.0,기타,5.0,3.0,3,승무원,1
202203,기타,0.0,기타,8.0,8.0,3,전체,1
202203,교포,27.0,연도대륙,366.0,465.0,2,남성,0
202203,교포,30.8,연도대륙,442.0,578.0,2,여성,0
202203,교포,0.0,연도대륙,0.0,0.0,2,승무원,0
202203,교포,29.1,연도대륙,808.0,1043.0,2,전체,0
202203,교포,27.0,교포,366.0,465.0,3,남성,1
202203,교포,30.8,교포,442.0,578.0,3,여성,1
202203,교포,0.0,교포,0.0,0.0,3,승무원,1
202203,교포,29.1,교포,808.0,1043.0,3,전체,1
202204,대륙전체,135.6,연도,23842.0,56183.0,1,남성,0
202204,대륙전체,199.4,연도,11620.0,34785.0,1,여성,0
202204,대륙전체,6.6,연도,34650.0,36951.0,1,승무원,0
202204,대륙전체,82.4,연도,70112.0,127919.0,1,전체,0
202204,아시아,60.1,연도대륙,17787.0,28477.0,2,남성,0
202204,아시아,57.3,연도대륙,7267.0,11432.0,2,여성,0
202204,아시아,16.6,연도대륙,18820.0,21945.0,2,승무원,0
202204,아시아,41.0,연도대륙,43874.0,61854.0,2,전체,0
202204,아시아,-55.9,중국,8081.0,3566.0,3,남성,1
202204,아시아,-69.2,중국,5172.0,1594.0,3,여성,1
202204,아시아,41.7,중국,3577.0,5070.0,3,승무원,1
202204,아시아,-39.2,중국,16830.0,10230.0,3,전체,1
202204,아시아,118.5,일본,649.0,1418.0,3,남성,2
202204,아시아,337.0,일본,165.0,721.0,3,여성,2
202204,아시아,58.6,일본,58.0,92.0,3,승무원,2
202204,아시아,155.8,일본,872.0,2231.0,3,전체,2
202204,아시아,150.6,대만,79.0,198.0,3,남성,3
202204,아시아,95.5,대만,66.0,129.0,3,여성,3
202204,아시아,33.8,대만,133.0,178.0,3,승무원,3
202204,아시아,81.7,대만,278.0,505.0,3,전체,3
202204,아시아,500.0,홍콩,11.0,66.0,3,남성,4
202204,아시아,325.0,홍콩,16.0,68.0,3,여성,4
202204,아시아,-45.5,홍콩,11.0,6.0,3,승무원,4
202204,아시아,268.4,홍콩,38.0,140.0,3,전체,4
202204,아시아,0.0,마카오,0.0,5.0,3,남성,5
202204,아시아,0.0,마카오,0.0,0.0,3,여성,5
202204,아시아,0.0,마카오,0.0,1.0,3,승무원,5
202204,아시아,0.0,마카오,0.0,6.0,3,전체,5
202204,아시아,153.8,필리핀,1716.0,4356.0,3,남성,6
202204,아시아,1376.5,필리핀,34.0,502.0,3,여성,6
202204,아시아,9.5,필리핀,6648.0,7280.0,3,승무원,6
202204,아시아,44.5,필리핀,8398.0,12138.0,3,전체,6
202204,아시아,30.8,인도네시아,1634.0,2138.0,3,남성,7
202204,아시아,273.3,인도네시아,60.0,224.0,3,여성,7
202204,아시아,-0.9,인도네시아,1986.0,1969.0,3,승무원,7
202204,아시아,17.7,인도네시아,3680.0,4331.0,3,전체,7
202204,아시아,441.5,태국,195.0,1056.0,3,남성,8
202204,아시아,1518.4,태국,125.0,2023.0,3,여성,8
202204,아시아,216.2,태국,185.0,585.0,3,승무원,8
202204,아시아,625.5,태국,505.0,3664.0,3,전체,8
202204,아시아,254.7,베트남,620.0,2199.0,3,남성,9
202204,아시아,230.4,베트남,326.0,1077.0,3,여성,9
202204,아시아,89.8,베트남,403.0,765.0,3,승무원,9
202204,아시아,199.6,베트남,1349.0,4041.0,3,전체,9
202204,아시아,80.2,인도,825.0,1487.0,3,남성,10
202204,아시아,84.1,인도,113.0,208.0,3,여성,10
202204,아시아,0.0,인도,1419.0,1419.0,3,승무원,10
202204,아시아,32.1,인도,2357.0,3114.0,3,전체,10
202204,아시아,1226.3,말레이시아,38.0,504.0,3,남성,11
202204,아시아,2063.2,말레이시아,19.0,411.0,3,여성,11
202204,아시아,87.2,말레이시아,195.0,365.0,3,승무원,11
202204,아시아,407.9,말레이시아,252.0,1280.0,3,전체,11
202204,아시아,5242.9,싱가포르,28.0,1496.0,3,남성,12
202204,아시아,20610.0,싱가포르,10.0,2071.0,3,여성,12
202204,아시아,277.8,싱가포르,63.0,238.0,3,승무원,12
202204,아시아,3667.3,싱가포르,101.0,3805.0,3,전체,12
202204,아시아,657.4,몽골,68.0,515.0,3,남성,13
202204,아시아,478.2,몽골,87.0,503.0,3,여성,13
202204,아시아,-100.0,몽골,2.0,0.0,3,승무원,13
202204,아시아,548.4,몽골,157.0,1018.0,3,전체,13
202204,아시아,1.6,우즈베키스탄,1056.0,1073.0,3,남성,14
202204,아시아,-2.3,우즈베키스탄,383.0,374.0,3,여성,14
202204,아시아,40.0,우즈베키스탄,5.0,7.0,3,승무원,14
202204,아시아,0.7,우즈베키스탄,1444.0,1454.0,3,전체,14
202204,아시아,87.0,미얀마,887.0,1659.0,3,남성,15
202204,아시아,718.2,미얀마,11.0,90.0,3,여성,15
202204,아시아,-13.3,미얀마,3436.0,2979.0,3,승무원,15
202204,아시아,9.1,미얀마,4334.0,4728.0,3,전체,15
202204,아시아,456.8,GCC,37.0,206.0,3,남성,16
202204,아시아,422.2,GCC,18.0,94.0,3,여성,16
202204,아시아,4.7,GCC,43.0,45.0,3,승무원,16
202204,아시아,252.0,GCC,98.0,345.0,3,전체,16
202204,아시아,33.0,카자흐스탄,303.0,403.0,3,남성,17
202204,아시아,25.5,카자흐스탄,278.0,349.0,3,여성,17
202204,아시아,67.4,카자흐스탄,46.0,77.0,3,승무원,17
202204,아시아,32.2,카자흐스탄,627.0,829.0,3,전체,17
202204,아시아,1234.6,튀르키예,52.0,694.0,3,남성,18
202204,아시아,3725.0,튀르키예,4.0,153.0,3,여성,18
202204,아시아,77.5,튀르키예,307.0,545.0,3,승무원,18
202204,아시아,283.5,튀르키예,363.0,1392.0,3,전체,18
202204,아시아,57.6,캄보디아,510.0,804.0,3,남성,19
202204,아시아,141.3,캄보디아,92.0,222.0,3,여성,19
202204,아시아,0.0,캄보디아,0.0,0.0,3,승무원,19
202204,아시아,70.4,캄보디아,602.0,1026.0,3,전체,19
202204,아시아,213.4,스리랑카,142.0,445.0,3,남성,20
202204,아시아,1150.0,스리랑카,2.0,25.0,3,여성,20
202204,아시아,-13.0,스리랑카,162.0,141.0,3,승무원,20
202204,아시아,99.7,스리랑카,306.0,611.0,3,전체,20
202204,아시아,994.2,방글라데시,86.0,941.0,3,남성,21
202204,아시아,40.4,방글라데시,57.0,80.0,3,여성,21
202204,아시아,71.4,방글라데시,56.0,96.0,3,승무원,21
202204,아시아,461.3,방글라데시,199.0,1117.0,3,전체,21
202204,아시아,77.4,파키스탄,296.0,525.0,3,남성,22
202204,아시아,-18.0,파키스탄,100.0,82.0,3,여성,22
202204,아시아,42.9,파키스탄,21.0,30.0,3,승무원,22
202204,아시아,52.8,파키스탄,417.0,637.0,3,전체,22
202204,아시아,91.8,이스라엘,85.0,163.0,3,남성,23
202204,아시아,1460.0,이스라엘,5.0,78.0,3,여성,23
202204,아시아,-100.0,이스라엘,3.0,0.0,3,승무원,23
202204,아시아,159.1,이스라엘,93.0,241.0,3,전체,23
202204,아시아,660.0,이란,5.0,38.0,3,남성,24
202204,아시아,188.9,이란,9.0,26.0,3,여성,24
202204,아시아,200.0,이란,1.0,3.0,3,승무원,24
202204,아시아,346.7,이란,15.0,67.0,3,전체,24
202204,아시아,556.8,기타,384.0,2522.0,3,남성,25
202204,아시아,185.2,기타,115.0,328.0,3,여성,25
202204,아시아,-10.0,기타,60.0,54.0,3,승무원,25
202204,아시아,419.5,기타,559.0,2904.0,3,전체,25
202204,아메리카,386.1,연도대륙,3098.0,15058.0,2,남성,0
202204,아메리카,373.1,연도대륙,3113.0,14728.0,2,여성,0
202204,아메리카,-5.0,연도대륙,8641.0,8207.0,2,승무원,0
202204,아메리카,155.8,연도대륙,14852.0,37993.0,2,전체,0
202204,아메리카,329.4,미국,2843.0,12209.0,3,남성,1
202204,아메리카,324.1,미국,2826.0,11984.0,3,여성,1
202204,아메리카,-8.1,미국,7275.0,6689.0,3,승무원,1
202204,아메리카,138.6,미국,12944.0,30882.0,3,전체,1
202204,아메리카,960.8,캐나다,204.0,2164.0,3,남성,2
202204,아메리카,950.0,캐나다,210.0,2205.0,3,여성,2
202204,아메리카,20.4,캐나다,988.0,1190.0,3,승무원,2
202204,아메리카,296.5,캐나다,1402.0,5559.0,3,전체,2
202204,아메리카,1960.0,브라질,10.0,206.0,3,남성,3
202204,아메리카,504.3,브라질,23.0,139.0,3,여성,3
202204,아메리카,-8.6,브라질,58.0,53.0,3,승무원,3
202204,아메리카,337.4,브라질,91.0,398.0,3,전체,3
202204,아메리카,538.5,멕시코,26.0,166.0,3,남성,4
202204,아메리카,480.0,멕시코,30.0,174.0,3,여성,4
202204,아메리카,-26.2,멕시코,233.0,172.0,3,승무원,4
202204,아메리카,77.2,멕시코,289.0,512.0,3,전체,4
202204,아메리카,1986.7,기타,15.0,313.0,3,남성,5
202204,아메리카,841.7,기타,24.0,226.0,3,여성,5
202204,아메리카,18.4,기타,87.0,103.0,3,승무원,5
202204,아메리카,409.5,기타,126.0,642.0,3,전체,5
202204,유럽,318.7,연도대륙,2293.0,9601.0,2,남성,0
202204,유럽,924.8,연도대륙,572.0,5862.0,2,여성,0
202204,유럽,-4.5,연도대륙,6491.0,6199.0,2,승무원,0
202204,유럽,131.5,연도대륙,9356.0,21662.0,2,전체,0
202204,유럽,69.2,러시아,587.0,993.0,3,남성,1
202204,유럽,104.7,러시아,320.0,655.0,3,여성,1
202204,유럽,-23.1,러시아,1404.0,1079.0,3,승무원,1
202204,유럽,18.0,러시아,2311.0,2727.0,3,전체,1
202204,유럽,822.4,영국,134.0,1236.0,3,남성,2
202204,유럽,1697.6,영국,41.0,737.0,3,여성,2
202204,유럽,59.3,영국,108.0,172.0,3,승무원,2
202204,유럽,658.0,영국,283.0,2145.0,3,전체,2
202204,유럽,362.2,독일,352.0,1627.0,3,남성,3
202204,유럽,1724.5,독일,49.0,894.0,3,여성,3
202204,유럽,24.9,독일,770.0,962.0,3,승무원,3
202204,유럽,197.4,독일,1171.0,3483.0,3,전체,3
202204,유럽,1572.7,프랑스,88.0,1472.0,3,남성,4
202204,유럽,6188.9,프랑스,18.0,1132.0,3,여성,4
202204,유럽,2.0,프랑스,689.0,703.0,3,승무원,4
202204,유럽,316.0,프랑스,795.0,3307.0,3,전체,4
202204,유럽,289.4,이탈리아,132.0,514.0,3,남성,5
202204,유럽,2287.5,이탈리아,8.0,191.0,3,여성,5
202204,유럽,73.1,이탈리아,78.0,135.0,3,승무원,5
202204,유럽,285.3,이탈리아,218.0,840.0,3,전체,5
202204,유럽,1070.2,네덜란드,47.0,550.0,3,남성,6
202204,유럽,2533.3,네덜란드,12.0,316.0,3,여성,6
202204,유럽,-28.3,네덜란드,1178.0,845.0,3,승무원,6
202204,유럽,38.3,네덜란드,1237.0,1711.0,3,전체,6
202204,유럽,-43.8,우크라이나,370.0,208.0,3,남성,7
202204,유럽,904.2,우크라이나,24.0,241.0,3,여성,7
202204,유럽,-32.1,우크라이나,812.0,551.0,3,승무원,7
202204,유럽,-17.1,우크라이나,1206.0,1000.0,3,전체,7
202204,유럽,1518.5,스페인,27.0,437.0,3,남성,8
202204,유럽,2930.0,스페인,10.0,303.0,3,여성,8
202204,유럽,72.3,스페인,47.0,81.0,3,승무원,8
202204,유럽,877.4,스페인,84.0,821.0,3,전체,8
202204,유럽,105.9,루마니아,85.0,175.0,3,남성,9
202204,유럽,1733.3,루마니아,3.0,55.0,3,여성,9
202204,유럽,-17.9,루마니아,173.0,142.0,3,승무원,9
202204,유럽,42.5,루마니아,261.0,372.0,3,전체,9
202204,유럽,2214.3,노르웨이,7.0,162.0,3,남성,10
202204,유럽,4150.0,노르웨이,2.0,85.0,3,여성,10
202204,유럽,-11.8,노르웨이,17.0,15.0,3,승무원,10
202204,유럽,907.7,노르웨이,26.0,262.0,3,전체,10
202204,유럽,710.7,스웨덴,28.0,227.0,3,남성,11
202204,유럽,945.5,스웨덴,11.0,115.0,3,여성,11
202204,유럽,10.0,스웨덴,20.0,22.0,3,승무원,11
202204,유럽,516.9,스웨덴,59.0,364.0,3,전체,11
202204,유럽,451.4,폴란드,37.0,204.0,3,남성,12
202204,유럽,1340.0,폴란드,10.0,144.0,3,여성,12
202204,유럽,21.8,폴란드,225.0,274.0,3,승무원,12
202204,유럽,128.7,폴란드,272.0,622.0,3,전체,12
202204,유럽,1236.8,스위스,19.0,254.0,3,남성,13
202204,유럽,1940.0,스위스,10.0,204.0,3,여성,13
202204,유럽,-65.9,스위스,41.0,14.0,3,승무원,13
202204,유럽,574.3,스위스,70.0,472.0,3,전체,13
202204,유럽,1040.0,포르투갈,5.0,57.0,3,남성,14
202204,유럽,1766.7,포르투갈,3.0,56.0,3,여성,14
202204,유럽,600.0,포르투갈,19.0,133.0,3,승무원,14
202204,유럽,811.1,포르투갈,27.0,246.0,3,전체,14
202204,유럽,466.7,오스트리아,27.0,153.0,3,남성,15
202204,유럽,2150.0,오스트리아,4.0,90.0,3,여성,15
202204,유럽,15.5,오스트리아,84.0,97.0,3,승무원,15
202204,유럽,195.7,오스트리아,115.0,340.0,3,전체,15
202204,유럽,494.1,핀란드,17.0,101.0,3,남성,16
202204,유럽,2450.0,핀란드,2.0,51.0,3,여성,16
202204,유럽,-9.8,핀란드,143.0,129.0,3,승무원,16
202204,유럽,73.5,핀란드,162.0,281.0,3,전체,16
202204,유럽,1142.9,벨기에,14.0,174.0,3,남성,17
202204,유럽,1900.0,벨기에,6.0,120.0,3,여성,17
202204,유럽,25.9,벨기에,81.0,102.0,3,승무원,17
202204,유럽,292.1,벨기에,101.0,396.0,3,전체,17
202204,유럽,120.5,크로아티아,39.0,86.0,3,남성,18
202204,유럽,0.0,크로아티아,0.0,14.0,3,여성,18
202204,유럽,20.3,크로아티아,59.0,71.0,3,승무원,18
202204,유럽,74.5,크로아티아,98.0,171.0,3,전체,18
202204,유럽,66.7,그리스,105.0,175.0,3,남성,19
202204,유럽,1366.7,그리스,3.0,44.0,3,여성,19
202204,유럽,-44.9,그리스,127.0,70.0,3,승무원,19
202204,유럽,23.0,그리스,235.0,289.0,3,전체,19
202204,유럽,177.3,불가리아,22.0,61.0,3,남성,20
202204,유럽,0.0,불가리아,0.0,18.0,3,여성,20
202204,유럽,25.5,불가리아,98.0,123.0,3,승무원,20
202204,유럽,68.3,불가리아,120.0,202.0,3,전체,20
202204,유럽,552.8,덴마크,36.0,235.0,3,남성,21
202204,유럽,2283.3,덴마크,6.0,143.0,3,여성,21
202204,유럽,-19.2,덴마크,26.0,21.0,3,승무원,21
202204,유럽,486.8,덴마크,68.0,399.0,3,전체,21
202204,유럽,722.2,아일랜드,18.0,148.0,3,남성,22
202204,유럽,1375.0,아일랜드,4.0,59.0,3,여성,22
202204,유럽,81.2,아일랜드,16.0,29.0,3,승무원,22
202204,유럽,521.1,아일랜드,38.0,236.0,3,전체,22
202204,유럽,262.9,기타,97.0,352.0,3,남성,23
202204,유럽,650.0,기타,26.0,195.0,3,여성,23
202204,유럽,55.4,기타,276.0,429.0,3,승무원,23
202204,유럽,144.6,기타,399.0,976.0,3,전체,23
202204,오세아니아,1197.5,연도대륙,121.0,1570.0,2,남성,0
202204,오세아니아,1752.9,연도대륙,70.0,1297.0,2,여성,0
202204,오세아니아,-14.0,연도대륙,186.0,160.0,2,승무원,0
202204,오세아니아,702.9,연도대륙,377.0,3027.0,2,전체,0
202204,오세아니아,2149.2,호주,59.0,1327.0,3,남성,1
202204,오세아니아,2029.4,호주,51.0,1086.0,3,여성,1
202204,오세아니아,6.8,호주,59.0,63.0,3,승무원,1
202204,오세아니아,1365.1,호주,169.0,2476.0,3,전체,1
202204,오세아니아,615.6,뉴질랜드,32.0,229.0,3,남성,2
202204,오세아니아,1033.3,뉴질랜드,18.0,204.0,3,여성,2
202204,오세아니아,0.0,뉴질랜드,73.0,73.0,3,승무원,2
202204,오세아니아,311.4,뉴질랜드,123.0,506.0,3,전체,2
202204,오세아니아,-53.3,기타,30.0,14.0,3,남성,3
202204,오세아니아,600.0,기타,1.0,7.0,3,여성,3
202204,오세아니아,-55.6,기타,54.0,24.0,3,승무원,3
202204,오세아니아,-47.1,기타,85.0,45.0,3,전체,3
202204,아프리카,213.9,연도대륙,165.0,518.0,2,남성,0
202204,아프리카,892.9,연도대륙,28.0,278.0,2,여성,0
202204,아프리카,-14.1,연도대륙,511.0,439.0,2,승무원,0
202204,아프리카,75.4,연도대륙,704.0,1235.0,2,전체,0
202204,아프리카,1760.0,남아프리카공화국,5.0,93.0,3,남성,1
202204,아프리카,13200.0,남아프리카공화국,1.0,133.0,3,여성,1
202204,아프리카,116.0,남아프리카공화국,25.0,54.0,3,승무원,1
202204,아프리카,803.2,남아프리카공화국,31.0,280.0,3,전체,1
202204,아프리카,165.6,기타,160.0,425.0,3,남성,2
202204,아프리카,437.0,기타,27.0,145.0,3,여성,2
202204,아프리카,-20.8,기타,486.0,385.0,3,승무원,2
202204,아프리카,41.9,기타,673.0,955.0,3,전체,2
202204,기타,500.0,연도대륙,1.0,6.0,2,남성,0
202204,기타,0.0,연도대륙,0.0,2.0,2,여성,0
202204,기타,0.0,연도대륙,1.0,1.0,2,승무원,0
202204,기타,350.0,연도대륙,2.0,9.0,2,전체,0
202204,기타,500.0,기타,1.0,6.0,3,남성,1
202204,기타,0.0,기타,0.0,2.0,3,여성,1
202204,기타,0.0,기타,1.0,1.0,3,승무원,1
202204,기타,350.0,기타,2.0,9.0,3,전체,1
202204,교포,152.8,연도대륙,377.0,953.0,2,남성,0
202204,교포,108.1,연도대륙,570.0,1186.0,2,여성,0
202204,교포,0.0,연도대륙,0.0,0.0,2,승무원,0
202204,교포,125.9,연도대륙,947.0,2139.0,2,전체,0
202204,교포,152.8,교포,377.0,953.0,3,남성,1
202204,교포,108.1,교포,570.0,1186.0,3,여성,1
202204,교포,0.0,교포,0.0,0.0,3,승무원,1
202204,교포,125.9,교포,947.0,2139.0,3,전체,1
202205,대륙전체,235.2,연도,24517.0,82169.0,1,남성,0
202205,대륙전체,267.3,연도,14207.0,52188.0,1,여성,0
202205,대륙전체,16.3,연도,35739.0,41565.0,1,승무원,0
202205,대륙전체,136.3,연도,74463.0,175922.0,1,전체,0
202205,아시아,152.0,연도대륙,16748.0,42208.0,2,남성,0
202205,아시아,185.4,연도대륙,7290.0,20804.0,2,여성,0
202205,아시아,33.2,연도대륙,18476.0,24618.0,2,승무원,0
202205,아시아,106.1,연도대륙,42514.0,87630.0,2,전체,0
202205,아시아,-36.6,중국,6415.0,4068.0,3,남성,1
202205,아시아,-45.8,중국,4166.0,2257.0,3,여성,1
202205,아시아,35.4,중국,3640.0,4928.0,3,승무원,1
202205,아시아,-20.9,중국,14221.0,11253.0,3,전체,1
202205,아시아,226.7,일본,678.0,2215.0,3,남성,2
202205,아시아,102.8,일본,675.0,1369.0,3,여성,2
202205,아시아,134.0,일본,50.0,117.0,3,승무원,2
202205,아시아,163.8,일본,1403.0,3701.0,3,전체,2
202205,아시아,179.6,대만,108.0,302.0,3,남성,3
202205,아시아,154.3,대만,105.0,267.0,3,여성,3
202205,아시아,59.6,대만,136.0,217.0,3,승무원,3
202205,아시아,125.2,대만,349.0,786.0,3,전체,3
202205,아시아,463.6,홍콩,22.0,124.0,3,남성,4
202205,아시아,209.6,홍콩,52.0,161.0,3,여성,4
202205,아시아,4.8,홍콩,21.0,22.0,3,승무원,4
202205,아시아,223.2,홍콩,95.0,307.0,3,전체,4
202205,아시아,0.0,마카오,1.0,1.0,3,남성,5
202205,아시아,500.0,마카오,1.0,6.0,3,여성,5
202205,아시아,0.0,마카오,0.0,1.0,3,승무원,5
202205,아시아,300.0,마카오,2.0,8.0,3,전체,5
202205,아시아,137.0,필리핀,2371.0,5619.0,3,남성,6
202205,아시아,628.8,필리핀,66.0,481.0,3,여성,6
202205,아시아,23.2,필리핀,6511.0,8019.0,3,승무원,6
202205,아시아,57.8,필리핀,8948.0,14119.0,3,전체,6
202205,아시아,61.0,인도네시아,2053.0,3306.0,3,남성,7
202205,아시아,395.5,인도네시아,66.0,327.0,3,여성,7
202205,아시아,2.0,인도네시아,1970.0,2010.0,3,승무원,7
202205,아시아,38.0,인도네시아,4089.0,5643.0,3,전체,7
202205,아시아,1083.8,태국,235.0,2782.0,3,남성,8
202205,아시아,2840.9,태국,181.0,5323.0,3,여성,8
202205,아시아,214.6,태국,212.0,667.0,3,승무원,8
202205,아시아,1296.8,태국,628.0,8772.0,3,전체,8
202205,아시아,366.0,베트남,682.0,3178.0,3,남성,9
202205,아시아,156.2,베트남,649.0,1663.0,3,여성,9
202205,아시아,302.0,베트남,395.0,1588.0,3,승무원,9
202205,아시아,272.5,베트남,1726.0,6429.0,3,전체,9
202205,아시아,312.9,인도,552.0,2279.0,3,남성,10
202205,아시아,532.1,인도,56.0,354.0,3,여성,10
202205,아시아,21.2,인도,1334.0,1617.0,3,승무원,10
202205,아시아,118.8,인도,1942.0,4250.0,3,전체,10
202205,아시아,2219.6,말레이시아,46.0,1067.0,3,남성,11
202205,아시아,3939.1,말레이시아,23.0,929.0,3,여성,11
202205,아시아,137.0,말레이시아,184.0,436.0,3,승무원,11
202205,아시아,861.3,말레이시아,253.0,2432.0,3,전체,11
202205,아시아,7932.4,싱가포르,34.0,2731.0,3,남성,12
202205,아시아,25842.9,싱가포르,14.0,3632.0,3,여성,12
202205,아시아,1324.1,싱가포르,29.0,413.0,3,승무원,12
202205,아시아,8700.0,싱가포르,77.0,6776.0,3,전체,12
202205,아시아,447.1,몽골,102.0,558.0,3,남성,13
202205,아시아,263.0,몽골,165.0,599.0,3,여성,13
202205,아시아,-55.6,몽골,9.0,4.0,3,승무원,13
202205,아시아,320.7,몽골,276.0,1161.0,3,전체,13
202205,아시아,115.5,우즈베키스탄,773.0,1666.0,3,남성,14
202205,아시아,52.0,우즈베키스탄,367.0,558.0,3,여성,14
202205,아시아,0.0,우즈베키스탄,0.0,51.0,3,승무원,14
202205,아시아,99.6,우즈베키스탄,1140.0,2275.0,3,전체,14
202205,아시아,99.2,미얀마,1075.0,2141.0,3,남성,15
202205,아시아,775.0,미얀마,12.0,105.0,3,여성,15
202205,아시아,4.8,미얀마,3212.0,3367.0,3,승무원,15
202205,아시아,30.6,미얀마,4299.0,5613.0,3,전체,15
202205,아시아,708.6,GCC,70.0,566.0,3,남성,16
202205,아시아,720.0,GCC,35.0,287.0,3,여성,16
202205,아시아,29.4,GCC,34.0,44.0,3,승무원,16
202205,아시아,545.3,GCC,139.0,897.0,3,전체,16
202205,아시아,550.4,카자흐스탄,276.0,1795.0,3,남성,17
202205,아시아,324.8,카자흐스탄,242.0,1028.0,3,여성,17
202205,아시아,171.7,카자흐스탄,53.0,144.0,3,승무원,17
202205,아시아,419.6,카자흐스탄,571.0,2967.0,3,전체,17
202205,아시아,5136.4,튀르키예,22.0,1152.0,3,남성,18
202205,아시아,1072.2,튀르키예,18.0,211.0,3,여성,18
202205,아시아,84.6,튀르키예,356.0,657.0,3,승무원,18
202205,아시아,410.1,튀르키예,396.0,2020.0,3,전체,18
202205,아시아,184.6,캄보디아,460.0,1309.0,3,남성,19
202205,아시아,84.2,캄보디아,183.0,337.0,3,여성,19
202205,아시아,0.0,캄보디아,0.0,0.0,3,승무원,19
202205,아시아,156.0,캄보디아,643.0,1646.0,3,전체,19
202205,아시아,322.0,스리랑카,141.0,595.0,3,남성,20
202205,아시아,233.3,스리랑카,6.0,20.0,3,여성,20
202205,아시아,0.7,스리랑카,141.0,142.0,3,승무원,20
202205,아시아,162.8,스리랑카,288.0,757.0,3,전체,20
202205,아시아,1238.6,방글라데시,70.0,937.0,3,남성,21
202205,아시아,55.4,방글라데시,56.0,87.0,3,여성,21
202205,아시아,-36.6,방글라데시,112.0,71.0,3,승무원,21
202205,아시아,360.1,방글라데시,238.0,1095.0,3,전체,21
202205,아시아,464.3,파키스탄,84.0,474.0,3,남성,22
202205,아시아,151.5,파키스탄,33.0,83.0,3,여성,22
202205,아시아,271.4,파키스탄,14.0,52.0,3,승무원,22
202205,아시아,364.9,파키스탄,131.0,609.0,3,전체,22
202205,아시아,323.7,이스라엘,76.0,322.0,3,남성,23
202205,아시아,1018.2,이스라엘,11.0,123.0,3,여성,23
202205,아시아,-100.0,이스라엘,2.0,0.0,3,승무원,23
202205,아시아,400.0,이스라엘,89.0,445.0,3,전체,23
202205,아시아,1062.5,이란,8.0,93.0,3,남성,24
202205,아시아,186.7,이란,15.0,43.0,3,여성,24
202205,아시아,100.0,이란,1.0,2.0,3,승무원,24
202205,아시아,475.0,이란,24.0,138.0,3,전체,24
202205,아시아,643.1,기타,394.0,2928.0,3,남성,25
202205,아시아,495.7,기타,93.0,554.0,3,여성,25
202205,아시아,-18.3,기타,60.0,49.0,3,승무원,25
202205,아시아,545.5,기타,547.0,3531.0,3,전체,25
202205,아메리카,354.3,연도대륙,4880.0,22168.0,2,남성,0
202205,아메리카,287.2,연도대륙,5289.0,20478.0,2,여성,0
202205,아메리카,-4.6,연도대륙,9448.0,9013.0,2,승무원,0
202205,아메리카,163.3,연도대륙,19617.0,51659.0,2,전체,0
202205,아메리카,302.4,미국,4549.0,18305.0,3,남성,1
202205,아메리카,243.7,미국,4915.0,16894.0,3,여성,1
202205,아메리카,-6.7,미국,7814.0,7291.0,3,승무원,1
202205,아메리카,145.9,미국,17278.0,42490.0,3,전체,1
202205,아메리카,1051.0,캐나다,247.0,2843.0,3,남성,2
202205,아메리카,891.0,캐나다,288.0,2854.0,3,여성,2
202205,아메리카,15.7,캐나다,1172.0,1356.0,3,승무원,2
202205,아메리카,313.2,캐나다,1707.0,7053.0,3,전체,2
202205,아메리카,1260.9,브라질,23.0,313.0,3,남성,3
202205,아메리카,1125.0,브라질,16.0,196.0,3,여성,3
202205,아메리카,0.0,브라질,66.0,66.0,3,승무원,3
202205,아메리카,447.6,브라질,105.0,575.0,3,전체,3
202205,아메리카,746.2,멕시코,26.0,220.0,3,남성,4
202205,아메리카,394.3,멕시코,35.0,173.0,3,여성,4
202205,아메리카,-36.7,멕시코,305.0,193.0,3,승무원,4
202205,아메리카,60.1,멕시코,366.0,586.0,3,전체,4
202205,아메리카,1291.4,기타,35.0,487.0,3,남성,5
202205,아메리카,931.4,기타,35.0,361.0,3,여성,5
202205,아메리카,17.6,기타,91.0,107.0,3,승무원,5
202205,아메리카,493.2,기타,161.0,955.0,3,전체,5
202205,유럽,499.8,연도대륙,2251.0,13501.0,2,남성,0
202205,유럽,740.6,연도대륙,868.0,7296.0,2,여성,0
202205,유럽,-1.3,연도대륙,7178.0,7087.0,2,승무원,0
202205,유럽,170.8,연도대륙,10297.0,27884.0,2,전체,0
202205,유럽,166.4,러시아,529.0,1409.0,3,남성,1
202205,유럽,99.3,러시아,421.0,839.0,3,여성,1
202205,유럽,-31.0,러시아,1835.0,1267.0,3,승무원,1
202205,유럽,26.2,러시아,2785.0,3515.0,3,전체,1
202205,유럽,1066.0,영국,159.0,1854.0,3,남성,2
202205,유럽,1341.4,영국,70.0,1009.0,3,여성,2
202205,유럽,106.9,영국,116.0,240.0,3,승무원,2
202205,유럽,799.4,영국,345.0,3103.0,3,전체,2
202205,유럽,638.8,독일,338.0,2497.0,3,남성,3
202205,유럽,1394.9,독일,78.0,1166.0,3,여성,3
202205,유럽,19.1,독일,881.0,1049.0,3,승무원,3
202205,유럽,263.3,독일,1297.0,4712.0,3,전체,3
202205,유럽,1765.4,프랑스,104.0,1940.0,3,남성,4
202205,유럽,4197.1,프랑스,35.0,1504.0,3,여성,4
202205,유럽,-15.5,프랑스,894.0,755.0,3,승무원,4
202205,유럽,306.5,프랑스,1033.0,4199.0,3,전체,4
202205,유럽,518.1,이탈리아,127.0,785.0,3,남성,5
202205,유럽,1103.6,이탈리아,28.0,337.0,3,여성,5
202205,유럽,128.9,이탈리아,83.0,190.0,3,승무원,5
202205,유럽,451.3,이탈리아,238.0,1312.0,3,전체,5
202205,유럽,1026.6,네덜란드,64.0,721.0,3,남성,6
202205,유럽,1633.3,네덜란드,21.0,364.0,3,여성,6
202205,유럽,-22.2,네덜란드,1158.0,901.0,3,승무원,6
202205,유럽,59.8,네덜란드,1243.0,1986.0,3,전체,6
202205,유럽,-37.6,우크라이나,335.0,209.0,3,남성,7
202205,유럽,166.7,우크라이나,60.0,160.0,3,여성,7
202205,유럽,-8.6,우크라이나,741.0,677.0,3,승무원,7
202205,유럽,-7.9,우크라이나,1136.0,1046.0,3,전체,7
202205,유럽,950.0,스페인,44.0,462.0,3,남성,8
202205,유럽,1085.0,스페인,20.0,237.0,3,여성,8
202205,유럽,101.8,스페인,57.0,115.0,3,승무원,8
202205,유럽,572.7,스페인,121.0,814.0,3,전체,8
202205,유럽,161.5,루마니아,65.0,170.0,3,남성,9
202205,유럽,1280.0,루마니아,5.0,69.0,3,여성,9
202205,유럽,20.8,루마니아,144.0,174.0,3,승무원,9
202205,유럽,93.0,루마니아,214.0,413.0,3,전체,9
202205,유럽,2209.1,노르웨이,11.0,254.0,3,남성,10
202205,유럽,2575.0,노르웨이,4.0,107.0,3,여성,10
202205,유럽,10.5,노르웨이,19.0,21.0,3,승무원,10
202205,유럽,1023.5,노르웨이,34.0,382.0,3,전체,10
202205,유럽,1418.2,스웨덴,22.0,334.0,3,남성,11
202205,유럽,1215.4,스웨덴,13.0,171.0,3,여성,11
202205,유럽,-34.4,스웨덴,32.0,21.0,3,승무원,11
202205,유럽,685.1,스웨덴,67.0,526.0,3,전체,11
202205,유럽,532.6,폴란드,46.0,291.0,3,남성,12
202205,유럽,1010.5,폴란드,19.0,211.0,3,여성,12
202205,유럽,50.6,폴란드,233.0,351.0,3,승무원,12
202205,유럽,186.2,폴란드,298.0,853.0,3,전체,12
202205,유럽,762.9,스위스,35.0,302.0,3,남성,13
202205,유럽,1480.0,스위스,10.0,158.0,3,여성,13
202205,유럽,-68.0,스위스,50.0,16.0,3,승무원,13
202205,유럽,401.1,스위스,95.0,476.0,3,전체,13
202205,유럽,1111.1,포르투갈,9.0,109.0,3,남성,14
202205,유럽,1700.0,포르투갈,4.0,72.0,3,여성,14
202205,유럽,30.9,포르투갈,55.0,72.0,3,승무원,14
202205,유럽,272.1,포르투갈,68.0,253.0,3,전체,14
202205,유럽,828.6,오스트리아,35.0,325.0,3,남성,15
202205,유럽,2100.0,오스트리아,5.0,110.0,3,여성,15
202205,유럽,41.9,오스트리아,74.0,105.0,3,승무원,15
202205,유럽,373.7,오스트리아,114.0,540.0,3,전체,15
202205,유럽,794.7,핀란드,19.0,170.0,3,남성,16
202205,유럽,2175.0,핀란드,4.0,91.0,3,여성,16
202205,유럽,-10.3,핀란드,165.0,148.0,3,승무원,16
202205,유럽,117.6,핀란드,188.0,409.0,3,전체,16
202205,유럽,846.4,벨기에,28.0,265.0,3,남성,17
202205,유럽,1566.7,벨기에,9.0,150.0,3,여성,17
202205,유럽,27.3,벨기에,88.0,112.0,3,승무원,17
202205,유럽,321.6,벨기에,125.0,527.0,3,전체,17
202205,유럽,207.7,크로아티아,26.0,80.0,3,남성,18
202205,유럽,1100.0,크로아티아,1.0,12.0,3,여성,18
202205,유럽,-7.1,크로아티아,56.0,52.0,3,승무원,18
202205,유럽,73.5,크로아티아,83.0,144.0,3,전체,18
202205,유럽,175.2,그리스,105.0,289.0,3,남성,19
202205,유럽,600.0,그리스,4.0,28.0,3,여성,19
202205,유럽,-23.7,그리스,135.0,103.0,3,승무원,19
202205,유럽,72.1,그리스,244.0,420.0,3,전체,19
202205,유럽,728.6,불가리아,7.0,58.0,3,남성,20
202205,유럽,1900.0,불가리아,1.0,20.0,3,여성,20
202205,유럽,101.2,불가리아,86.0,173.0,3,승무원,20
202205,유럽,167.0,불가리아,94.0,251.0,3,전체,20
202205,유럽,784.8,덴마크,33.0,292.0,3,남성,21
202205,유럽,4166.7,덴마크,3.0,128.0,3,여성,21
202205,유럽,127.8,덴마크,18.0,41.0,3,승무원,21
202205,유럽,753.7,덴마크,54.0,461.0,3,전체,21
202205,유럽,661.9,아일랜드,21.0,160.0,3,남성,22
202205,유럽,491.7,아일랜드,12.0,71.0,3,여성,22
202205,유럽,363.6,아일랜드,11.0,51.0,3,승무원,22
202205,유럽,540.9,아일랜드,44.0,282.0,3,전체,22
202205,유럽,489.9,기타,89.0,525.0,3,남성,23
202205,유럽,587.8,기타,41.0,282.0,3,여성,23
202205,유럽,83.4,기타,247.0,453.0,3,승무원,23
202205,유럽,234.2,기타,377.0,1260.0,3,전체,23
202205,오세아니아,2728.9,연도대륙,83.0,2348.0,2,남성,0
202205,오세아니아,3026.2,연도대륙,61.0,1907.0,2,여성,0
202205,오세아니아,34.7,연도대륙,150.0,202.0,2,승무원,0
202205,오세아니아,1416.0,연도대륙,294.0,4457.0,2,전체,0
202205,오세아니아,3125.0,호주,60.0,1935.0,3,남성,1
202205,오세아니아,3454.5,호주,44.0,1564.0,3,여성,1
202205,오세아니아,60.6,호주,71.0,114.0,3,승무원,1
202205,오세아니아,1964.6,호주,175.0,3613.0,3,전체,1
202205,오세아니아,1900.0,뉴질랜드,20.0,400.0,3,남성,2
202205,오세아니아,1864.7,뉴질랜드,17.0,334.0,3,여성,2
202205,오세아니아,26.2,뉴질랜드,61.0,77.0,3,승무원,2
202205,오세아니아,727.6,뉴질랜드,98.0,811.0,3,전체,2
202205,오세아니아,333.3,기타,3.0,13.0,3,남성,3
202205,오세아니아,0.0,기타,0.0,9.0,3,여성,3
202205,오세아니아,-38.9,기타,18.0,11.0,3,승무원,3
202205,오세아니아,57.1,기타,21.0,33.0,3,전체,3
202205,아프리카,473.8,연도대륙,160.0,918.0,2,남성,0
202205,아프리카,491.2,연도대륙,80.0,473.0,2,여성,0
202205,아프리카,32.1,연도대륙,486.0,642.0,2,승무원,0
202205,아프리카,180.0,연도대륙,726.0,2033.0,2,전체,0
202205,아프리카,817.6,남아프리카공화국,17.0,156.0,3,남성,1
202205,아프리카,825.0,남아프리카공화국,16.0,148.0,3,여성,1
202205,아프리카,103.6,남아프리카공화국,28.0,57.0,3,승무원,1
202205,아프리카,491.8,남아프리카공화국,61.0,361.0,3,전체,1
202205,아프리카,432.9,기타,143.0,762.0,3,남성,2
202205,아프리카,407.8,기타,64.0,325.0,3,여성,2
202205,아프리카,27.7,기타,458.0,585.0,3,승무원,2
202205,아프리카,151.4,기타,665.0,1672.0,3,전체,2
202205,기타,600.0,연도대륙,1.0,7.0,2,남성,0
202205,기타,150.0,연도대륙,2.0,5.0,2,여성,0
202205,기타,200.0,연도대륙,1.0,3.0,2,승무원,0
202205,기타,275.0,연도대륙,4.0,15.0,2,전체,0
202205,기타,600.0,기타,1.0,7.0,3,남성,1
202205,기타,150.0,기타,2.0,5.0,3,여성,1
202205,기타,200.0,기타,1.0,3.0,3,승무원,1
202205,기타,275.0,기타,4.0,15.0,3,전체,1
202205,교포,158.6,연도대륙,394.0,1019.0,2,남성,0
202205,교포,98.5,연도대륙,617.0,1225.0,2,여성,0
202205,교포,0.0,연도대륙,0.0,0.0,2,승무원,0
202205,교포,122.0,연도대륙,1011.0,2244.0,2,전체,0
202205,교포,158.6,교포,394.0,1019.0,3,남성,1
202205,교포,98.5,교포,617.0,1225.0,3,여성,1
202205,교포,0.0,교포,0.0,0.0,3,승무원,1
202205,교포,122.0,교포,1011.0,2244.0,3,전체,1
202206,대륙전체,302.4,연도,26270.0,105712.0,1,남성,0
202206,대륙전체,436.8,연도,15006.0,80549.0,1,여성,0
202206,대륙전체,15.9,연도,35753.0,41452.0,1,승무원,0
202206,대륙전체,195.6,연도,77029.0,227713.0,1,전체,0
202206,아시아,237.5,연도대륙,17602.0,59399.0,2,남성,0
202206,아시아,474.3,연도대륙,6905.0,39656.0,2,여성,0
202206,아시아,22.1,연도대륙,19319.0,23591.0,2,승무원,0
202206,아시아,179.8,연도대륙,43826.0,122646.0,2,전체,0
202206,아시아,-7.3,중국,5582.0,5176.0,3,남성,1
202206,아시아,-0.4,중국,3868.0,3853.0,3,여성,1
202206,아시아,6.3,중국,3492.0,3712.0,3,승무원,1
202206,아시아,-1.6,중국,12942.0,12741.0,3,전체,1
202206,아시아,465.8,일본,611.0,3457.0,3,남성,2
202206,아시아,1053.8,일본,197.0,2273.0,3,여성,2
202206,아시아,86.6,일본,67.0,125.0,3,승무원,2
202206,아시아,569.1,일본,875.0,5855.0,3,전체,2
202206,아시아,372.4,대만,87.0,411.0,3,남성,3
202206,아시아,763.3,대만,49.0,423.0,3,여성,3
202206,아시아,25.2,대만,139.0,174.0,3,승무원,3
202206,아시아,266.5,대만,275.0,1008.0,3,전체,3
202206,아시아,1531.2,홍콩,16.0,261.0,3,남성,4
202206,아시아,1054.5,홍콩,33.0,381.0,3,여성,4
202206,아시아,-33.3,홍콩,30.0,20.0,3,승무원,4
202206,아시아,738.0,홍콩,79.0,662.0,3,전체,4
202206,아시아,100.0,마카오,2.0,4.0,3,남성,5
202206,아시아,200.0,마카오,1.0,3.0,3,여성,5
202206,아시아,0.0,마카오,0.0,0.0,3,승무원,5
202206,아시아,133.3,마카오,3.0,7.0,3,전체,5
202206,아시아,136.6,필리핀,2645.0,6258.0,3,남성,6
202206,아시아,2128.4,필리핀,74.0,1649.0,3,여성,6
202206,아시아,5.5,필리핀,6853.0,7232.0,3,승무원,6
202206,아시아,58.2,필리핀,9572.0,15139.0,3,전체,6
202206,아시아,125.7,인도네시아,2289.0,5166.0,3,남성,7
202206,아시아,1444.1,인도네시아,68.0,1050.0,3,여성,7
202206,아시아,-5.7,인도네시아,2172.0,2049.0,3,승무원,7
202206,아시아,82.5,인도네시아,4529.0,8265.0,3,전체,7
202206,아시아,1040.7,태국,477.0,5441.0,3,남성,8
202206,아시아,4586.6,태국,224.0,10498.0,3,여성,8
202206,아시아,289.0,태국,227.0,883.0,3,승무원,8
202206,아시아,1712.7,태국,928.0,16822.0,3,전체,8
202206,아시아,623.7,베트남,835.0,6043.0,3,남성,9
202206,아시아,493.7,베트남,789.0,4684.0,3,여성,9
202206,아시아,323.8,베트남,509.0,2157.0,3,승무원,9
202206,아시아,504.0,베트남,2133.0,12884.0,3,전체,9
202206,아시아,373.4,인도,635.0,3006.0,3,남성,10
202206,아시아,834.9,인도,63.0,589.0,3,여성,10
202206,아시아,13.9,인도,1374.0,1565.0,3,승무원,10
202206,아시아,149.0,인도,2072.0,5160.0,3,전체,10
202206,아시아,1325.3,말레이시아,99.0,1411.0,3,남성,11
202206,아시아,8323.5,말레이시아,17.0,1432.0,3,여성,11
202206,아시아,176.3,말레이시아,207.0,572.0,3,승무원,11
202206,아시아,957.3,말레이시아,323.0,3415.0,3,전체,11
202206,아시아,15300.0,싱가포르,27.0,4158.0,3,남성,12
202206,아시아,56950.0,싱가포르,10.0,5705.0,3,여성,12
202206,아시아,932.8,싱가포르,58.0,599.0,3,승무원,12
202206,아시아,10912.6,싱가포르,95.0,10462.0,3,전체,12
202206,아시아,1320.0,몽골,120.0,1704.0,3,남성,13
202206,아시아,1185.1,몽골,168.0,2159.0,3,여성,13
202206,아시아,0.0,몽골,0.0,1.0,3,승무원,13
202206,아시아,1241.7,몽골,288.0,3864.0,3,전체,13
202206,아시아,118.9,우즈베키스탄,953.0,2086.0,3,남성,14
202206,아시아,56.1,우즈베키스탄,578.0,902.0,3,여성,14
202206,아시아,5366.7,우즈베키스탄,3.0,164.0,3,승무원,14
202206,아시아,105.5,우즈베키스탄,1534.0,3152.0,3,전체,14
202206,아시아,27.9,미얀마,1497.0,1914.0,3,남성,15
202206,아시아,505.4,미얀마,37.0,224.0,3,여성,15
202206,아시아,-9.1,미얀마,3451.0,3137.0,3,승무원,15
202206,아시아,5.8,미얀마,4985.0,5275.0,3,전체,15
202206,아시아,748.2,GCC,85.0,721.0,3,남성,16
202206,아시아,1036.8,GCC,38.0,432.0,3,여성,16
202206,아시아,9.7,GCC,31.0,34.0,3,승무원,16
202206,아시아,670.8,GCC,154.0,1187.0,3,전체,16
202206,아시아,1156.6,카자흐스탄,228.0,2865.0,3,남성,17
202206,아시아,582.4,카자흐스탄,244.0,1665.0,3,여성,17
202206,아시아,339.1,카자흐스탄,46.0,202.0,3,승무원,17
202206,아시아,813.5,카자흐스탄,518.0,4732.0,3,전체,17
202206,아시아,1356.4,튀르키예,55.0,801.0,3,남성,18
202206,아시아,856.5,튀르키예,23.0,220.0,3,여성,18
202206,아시아,70.0,튀르키예,337.0,573.0,3,승무원,18
202206,아시아,284.1,튀르키예,415.0,1594.0,3,전체,18
202206,아시아,285.8,캄보디아,310.0,1196.0,3,남성,19
202206,아시아,125.4,캄보디아,209.0,471.0,3,여성,19
202206,아시아,0.0,캄보디아,0.0,0.0,3,승무원,19
202206,아시아,221.2,캄보디아,519.0,1667.0,3,전체,19
202206,아시아,662.9,스리랑카,159.0,1213.0,3,남성,20
202206,아시아,800.0,스리랑카,5.0,45.0,3,여성,20
202206,아시아,34.3,스리랑카,134.0,180.0,3,승무원,20
202206,아시아,382.6,스리랑카,298.0,1438.0,3,전체,20
202206,아시아,2030.6,방글라데시,49.0,1044.0,3,남성,21
202206,아시아,178.6,방글라데시,28.0,78.0,3,여성,21
202206,아시아,18.2,방글라데시,77.0,91.0,3,승무원,21
202206,아시아,687.7,방글라데시,154.0,1213.0,3,전체,21
202206,아시아,323.4,파키스탄,145.0,614.0,3,남성,22
202206,아시아,111.9,파키스탄,42.0,89.0,3,여성,22
202206,아시아,37.5,파키스탄,16.0,22.0,3,승무원,22
202206,아시아,257.1,파키스탄,203.0,725.0,3,전체,22
202206,아시아,247.9,이스라엘,96.0,334.0,3,남성,23
202206,아시아,1733.3,이스라엘,6.0,110.0,3,여성,23
202206,아시아,-100.0,이스라엘,2.0,0.0,3,승무원,23
202206,아시아,326.9,이스라엘,104.0,444.0,3,전체,23
202206,아시아,1671.4,이란,7.0,124.0,3,남성,24
202206,아시아,555.6,이란,9.0,59.0,3,여성,24
202206,아시아,0.0,이란,0.0,7.0,3,승무원,24
202206,아시아,1087.5,이란,16.0,190.0,3,전체,24
202206,아시아,573.0,기타,593.0,3991.0,3,남성,25
202206,아시아,429.6,기타,125.0,662.0,3,여성,25
202206,아시아,-2.1,기타,94.0,92.0,3,승무원,25
202206,아시아,484.4,기타,812.0,4745.0,3,전체,25
202206,아메리카,422.4,연도대륙,5257.0,27464.0,2,남성,0
202206,아메리카,343.4,연도대륙,6369.0,28243.0,2,여성,0
202206,아메리카,4.3,연도대륙,8782.0,9158.0,2,승무원,0
202206,아메리카,217.8,연도대륙,20408.0,64865.0,2,전체,0
202206,아메리카,384.9,미국,4856.0,23548.0,3,남성,1
202206,아메리카,307.9,미국,6004.0,24489.0,3,여성,1
202206,아메리카,1.5,미국,7299.0,7407.0,3,승무원,1
202206,아메리카,205.3,미국,18159.0,55444.0,3,전체,1
202206,아메리카,985.1,캐나다,269.0,2919.0,3,남성,2
202206,아메리카,1003.1,캐나다,260.0,2868.0,3,여성,2
202206,아메리카,20.0,캐나다,1203.0,1444.0,3,승무원,2
202206,아메리카,317.5,캐나다,1732.0,7231.0,3,전체,2
202206,아메리카,730.3,브라질,33.0,274.0,3,남성,3
202206,아메리카,1690.0,브라질,20.0,358.0,3,여성,3
202206,아메리카,52.7,브라질,55.0,84.0,3,승무원,3
202206,아메리카,563.0,브라질,108.0,716.0,3,전체,3
202206,아메리카,489.7,멕시코,39.0,230.0,3,남성,4
202206,아메리카,417.5,멕시코,40.0,207.0,3,여성,4
202206,아메리카,-23.8,멕시코,147.0,112.0,3,승무원,4
202206,아메리카,142.9,멕시코,226.0,549.0,3,전체,4
202206,아메리카,721.7,기타,60.0,493.0,3,남성,5
202206,아메리카,613.3,기타,45.0,321.0,3,여성,5
202206,아메리카,42.3,기타,78.0,111.0,3,승무원,5
202206,아메리카,405.5,기타,183.0,925.0,3,전체,5
202206,유럽,431.3,연도대륙,2685.0,14266.0,2,남성,0
202206,유럽,823.6,연도대륙,941.0,8691.0,2,여성,0
202206,유럽,8.5,연도대륙,7011.0,7604.0,2,승무원,0
202206,유럽,187.3,연도대륙,10637.0,30561.0,2,전체,0
202206,유럽,168.5,러시아,607.0,1630.0,3,남성,1
202206,유럽,179.0,러시아,428.0,1194.0,3,여성,1
202206,유럽,-15.5,러시아,1864.0,1576.0,3,승무원,1
202206,유럽,51.8,러시아,2899.0,4400.0,3,전체,1
202206,유럽,508.2,영국,330.0,2007.0,3,남성,2
202206,유럽,766.4,영국,137.0,1187.0,3,여성,2
202206,유럽,87.0,영국,161.0,301.0,3,승무원,2
202206,유럽,456.5,영국,628.0,3495.0,3,전체,2
202206,유럽,579.7,독일,355.0,2413.0,3,남성,3
202206,유럽,2110.5,독일,57.0,1260.0,3,여성,3
202206,유럽,59.1,독일,834.0,1327.0,3,승무원,3
202206,유럽,301.3,독일,1246.0,5000.0,3,전체,3
202206,유럽,1429.6,프랑스,125.0,1912.0,3,남성,4
202206,유럽,5808.3,프랑스,24.0,1418.0,3,여성,4
202206,유럽,30.7,프랑스,659.0,861.0,3,승무원,4
202206,유럽,418.7,프랑스,808.0,4191.0,3,전체,4
202206,유럽,548.9,이탈리아,131.0,850.0,3,남성,5
202206,유럽,1736.8,이탈리아,19.0,349.0,3,여성,5
202206,유럽,50.5,이탈리아,93.0,140.0,3,승무원,5
202206,유럽,451.0,이탈리아,243.0,1339.0,3,전체,5
202206,유럽,796.3,네덜란드,82.0,735.0,3,남성,6
202206,유럽,2857.1,네덜란드,14.0,414.0,3,여성,6
202206,유럽,-18.1,네덜란드,1052.0,862.0,3,승무원,6
202206,유럽,75.2,네덜란드,1148.0,2011.0,3,전체,6
202206,유럽,14.2,우크라이나,288.0,329.0,3,남성,7
202206,유럽,131.8,우크라이나,66.0,153.0,3,여성,7
202206,유럽,-21.6,우크라이나,783.0,614.0,3,승무원,7
202206,유럽,-3.6,우크라이나,1137.0,1096.0,3,전체,7
202206,유럽,967.4,스페인,46.0,491.0,3,남성,8
202206,유럽,1550.0,스페인,20.0,330.0,3,여성,8
202206,유럽,48.1,스페인,54.0,80.0,3,승무원,8
202206,유럽,650.8,스페인,120.0,901.0,3,전체,8
202206,유럽,248.0,루마니아,50.0,174.0,3,남성,9
202206,유럽,3500.0,루마니아,2.0,72.0,3,여성,9
202206,유럽,33.6,루마니아,134.0,179.0,3,승무원,9
202206,유럽,128.5,루마니아,186.0,425.0,3,전체,9
202206,유럽,652.8,노르웨이,36.0,271.0,3,남성,10
202206,유럽,2150.0,노르웨이,8.0,180.0,3,여성,10
202206,유럽,10.5,노르웨이,19.0,21.0,3,승무원,10
202206,유럽,649.2,노르웨이,63.0,472.0,3,전체,10
202206,유럽,763.3,스웨덴,49.0,423.0,3,남성,11
202206,유럽,1519.0,스웨덴,21.0,340.0,3,여성,11
202206,유럽,4.8,스웨덴,21.0,22.0,3,승무원,11
202206,유럽,762.6,스웨덴,91.0,785.0,3,전체,11
202206,유럽,730.0,폴란드,50.0,415.0,3,남성,12
202206,유럽,1100.0,폴란드,20.0,240.0,3,여성,12
202206,유럽,51.1,폴란드,229.0,346.0,3,승무원,12
202206,유럽,234.8,폴란드,299.0,1001.0,3,전체,12
202206,유럽,1243.5,스위스,23.0,309.0,3,남성,13
202206,유럽,1708.3,스위스,12.0,217.0,3,여성,13
202206,유럽,-49.0,스위스,51.0,26.0,3,승무원,13
202206,유럽,541.9,스위스,86.0,552.0,3,전체,13
202206,유럽,961.5,포르투갈,13.0,138.0,3,남성,14
202206,유럽,860.0,포르투갈,10.0,96.0,3,여성,14
202206,유럽,37.7,포르투갈,53.0,73.0,3,승무원,14
202206,유럽,303.9,포르투갈,76.0,307.0,3,전체,14
202206,유럽,616.1,오스트리아,31.0,222.0,3,남성,15
202206,유럽,1020.0,오스트리아,10.0,112.0,3,여성,15
202206,유럽,22.6,오스트리아,84.0,103.0,3,승무원,15
202206,유럽,249.6,오스트리아,125.0,437.0,3,전체,15
202206,유럽,583.3,핀란드,30.0,205.0,3,남성,16
202206,유럽,4050.0,핀란드,4.0,166.0,3,여성,16
202206,유럽,-10.7,핀란드,150.0,134.0,3,승무원,16
202206,유럽,174.5,핀란드,184.0,505.0,3,전체,16
202206,유럽,544.4,벨기에,45.0,290.0,3,남성,17
202206,유럽,1427.3,벨기에,11.0,168.0,3,여성,17
202206,유럽,7.1,벨기에,98.0,105.0,3,승무원,17
202206,유럽,265.6,벨기에,154.0,563.0,3,전체,17
202206,유럽,8.2,크로아티아,73.0,79.0,3,남성,18
202206,유럽,525.0,크로아티아,4.0,25.0,3,여성,18
202206,유럽,-56.2,크로아티아,96.0,42.0,3,승무원,18
202206,유럽,-15.6,크로아티아,173.0,146.0,3,전체,18
202206,유럽,106.4,그리스,125.0,258.0,3,남성,19
202206,유럽,585.7,그리스,7.0,48.0,3,여성,19
202206,유럽,-2.9,그리스,102.0,99.0,3,승무원,19
202206,유럽,73.1,그리스,234.0,405.0,3,전체,19
202206,유럽,250.0,불가리아,14.0,49.0,3,남성,20
202206,유럽,833.3,불가리아,3.0,28.0,3,여성,20
202206,유럽,71.9,불가리아,121.0,208.0,3,승무원,20
202206,유럽,106.5,불가리아,138.0,285.0,3,전체,20
202206,유럽,396.5,덴마크,57.0,283.0,3,남성,21
202206,유럽,2800.0,덴마크,5.0,145.0,3,여성,21
202206,유럽,-30.6,덴마크,36.0,25.0,3,승무원,21
202206,유럽,362.2,덴마크,98.0,453.0,3,전체,21
202206,유럽,885.7,아일랜드,21.0,207.0,3,남성,22
202206,유럽,678.6,아일랜드,14.0,109.0,3,여성,22
202206,유럽,100.0,아일랜드,20.0,40.0,3,승무원,22
202206,유럽,547.3,아일랜드,55.0,356.0,3,전체,22
202206,유럽,453.8,기타,104.0,576.0,3,남성,23
202206,유럽,877.8,기타,45.0,440.0,3,여성,23
202206,유럽,41.4,기타,297.0,420.0,3,승무원,23
202206,유럽,222.0,기타,446.0,1436.0,3,전체,23
202206,오세아니아,2701.1,연도대륙,95.0,2661.0,2,남성,0
202206,오세아니아,2745.9,연도대륙,74.0,2106.0,2,여성,0
202206,오세아니아,189.0,연도대륙,136.0,393.0,2,승무원,0
202206,오세아니아,1591.8,연도대륙,305.0,5160.0,2,전체,0
202206,오세아니아,3051.5,호주,68.0,2143.0,3,남성,1
202206,오세아니아,3001.8,호주,55.0,1706.0,3,여성,1
202206,오세아니아,331.9,호주,69.0,298.0,3,승무원,1
202206,오세아니아,2059.9,호주,192.0,4147.0,3,전체,1
202206,오세아니아,2159.1,뉴질랜드,22.0,497.0,3,남성,2
202206,오세아니아,2446.7,뉴질랜드,15.0,382.0,3,여성,2
202206,오세아니아,54.4,뉴질랜드,57.0,88.0,3,승무원,2
202206,오세아니아,928.7,뉴질랜드,94.0,967.0,3,전체,2
202206,오세아니아,320.0,기타,5.0,21.0,3,남성,3
202206,오세아니아,350.0,기타,4.0,18.0,3,여성,3
202206,오세아니아,-30.0,기타,10.0,7.0,3,승무원,3
202206,오세아니아,142.1,기타,19.0,46.0,3,전체,3
202206,아프리카,258.6,연도대륙,261.0,936.0,2,남성,0
202206,아프리카,293.9,연도대륙,99.0,390.0,2,여성,0
202206,아프리카,40.1,연도대륙,504.0,706.0,2,승무원,0
202206,아프리카,135.2,연도대륙,864.0,2032.0,2,전체,0
202206,아프리카,416.0,남아프리카공화국,25.0,129.0,3,남성,1
202206,아프리카,296.6,남아프리카공화국,29.0,115.0,3,여성,1
202206,아프리카,14.5,남아프리카공화국,55.0,63.0,3,승무원,1
202206,아프리카,181.7,남아프리카공화국,109.0,307.0,3,전체,1
202206,아프리카,241.9,기타,236.0,807.0,3,남성,2
202206,아프리카,292.9,기타,70.0,275.0,3,여성,2
202206,아프리카,43.2,기타,449.0,643.0,3,승무원,2
202206,아프리카,128.5,기타,755.0,1725.0,3,전체,2
202206,기타,100.0,연도대륙,2.0,4.0,2,남성,0
202206,기타,0.0,연도대륙,0.0,0.0,2,여성,0
202206,기타,-100.0,연도대륙,1.0,0.0,2,승무원,0
202206,기타,33.3,연도대륙,3.0,4.0,2,전체,0
202206,기타,100.0,기타,2.0,4.0,3,남성,1
202206,기타,0.0,기타,0.0,0.0,3,여성,1
202206,기타,-100.0,기타,1.0,0.0,3,승무원,1
202206,기타,33.3,기타,3.0,4.0,3,전체,1
202206,교포,166.8,연도대륙,368.0,982.0,2,남성,0
202206,교포,136.7,연도대륙,618.0,1463.0,2,여성,0
202206,교포,0.0,연도대륙,0.0,0.0,2,승무원,0
202206,교포,148.0,연도대륙,986.0,2445.0,2,전체,0
202206,교포,166.8,교포,368.0,982.0,3,남성,1
202206,교포,136.7,교포,618.0,1463.0,3,여성,1
202206,교포,0.0,교포,0.0,0.0,3,승무원,1
202206,교포,148.0,교포,986.0,2445.0,3,전체,1
202207,대륙전체,308.0,연도,29706.0,121199.0,1,남성,0
202207,대륙전체,457.8,연도,17598.0,98160.0,1,여성,0
202207,대륙전체,25.0,연도,35701.0,44627.0,1,승무원,0
202207,대륙전체,218.0,연도,83005.0,263986.0,1,전체,0
202207,아시아,283.8,연도대륙,18130.0,69576.0,2,남성,0
202207,아시아,619.0,연도대륙,7393.0,53154.0,2,여성,0
202207,아시아,38.2,연도대륙,19140.0,26451.0,2,승무원,0
202207,아시아,234.0,연도대륙,44663.0,149181.0,2,전체,0
202207,아시아,25.5,중국,5831.0,7320.0,3,남성,1
202207,아시아,46.1,중국,4310.0,6296.0,3,여성,1
202207,아시아,28.9,중국,3328.0,4291.0,3,승무원,1
202207,아시아,32.9,중국,13469.0,17907.0,3,전체,1
202207,아시아,978.7,일본,541.0,5836.0,3,남성,2
202207,아시아,2274.6,일본,244.0,5794.0,3,여성,2
202207,아시아,65.6,일본,96.0,159.0,3,승무원,2
202207,아시아,1238.1,일본,881.0,11789.0,3,전체,2
202207,아시아,612.6,대만,95.0,677.0,3,남성,3
202207,아시아,1487.7,대만,57.0,905.0,3,여성,3
202207,아시아,14.5,대만,152.0,174.0,3,승무원,3
202207,아시아,477.6,대만,304.0,1756.0,3,전체,3
202207,아시아,2027.3,홍콩,22.0,468.0,3,남성,4
202207,아시아,1600.0,홍콩,44.0,748.0,3,여성,4
202207,아시아,-25.0,홍콩,28.0,21.0,3,승무원,4
202207,아시아,1216.0,홍콩,94.0,1237.0,3,전체,4
202207,아시아,800.0,마카오,1.0,9.0,3,남성,5
202207,아시아,600.0,마카오,1.0,7.0,3,여성,5
202207,아시아,0.0,마카오,0.0,0.0,3,승무원,5
202207,아시아,700.0,마카오,2.0,16.0,3,전체,5
202207,아시아,120.4,필리핀,3479.0,7669.0,3,남성,6
202207,아시아,2137.4,필리핀,123.0,2752.0,3,여성,6
202207,아시아,16.3,필리핀,6645.0,7725.0,3,승무원,6
202207,아시아,77.1,필리핀,10247.0,18146.0,3,전체,6
202207,아시아,136.6,인도네시아,2242.0,5305.0,3,남성,7
202207,아시아,2510.4,인도네시아,67.0,1749.0,3,여성,7
202207,아시아,-11.7,인도네시아,2202.0,1944.0,3,승무원,7
202207,아시아,99.5,인도네시아,4511.0,8998.0,3,전체,7
202207,아시아,1837.0,태국,289.0,5598.0,3,남성,8
202207,아시아,5620.9,태국,177.0,10126.0,3,여성,8
202207,아시아,353.6,태국,239.0,1084.0,3,승무원,8
202207,아시아,2284.1,태국,705.0,16808.0,3,전체,8
202207,아시아,1004.2,베트남,722.0,7972.0,3,남성,9
202207,아시아,1507.4,베트남,513.0,8246.0,3,여성,9
202207,아시아,464.8,베트남,469.0,2649.0,3,승무원,9
202207,아시아,1007.2,베트남,1704.0,18867.0,3,전체,9
202207,아시아,287.8,인도,1079.0,4184.0,3,남성,10
202207,아시아,646.7,인도,107.0,799.0,3,여성,10
202207,아시아,10.7,인도,1511.0,1673.0,3,승무원,10
202207,아시아,146.8,인도,2697.0,6656.0,3,전체,10
202207,아시아,1553.4,말레이시아,88.0,1455.0,3,남성,11
202207,아시아,3781.4,말레이시아,43.0,1669.0,3,여성,11
202207,아시아,205.4,말레이시아,221.0,675.0,3,승무원,11
202207,아시아,979.3,말레이시아,352.0,3799.0,3,전체,11
202207,아시아,5930.6,싱가포르,49.0,2955.0,3,남성,12
202207,아시아,25675.0,싱가포르,16.0,4124.0,3,여성,12
202207,아시아,945.8,싱가포르,72.0,753.0,3,승무원,12
202207,아시아,5616.8,싱가포르,137.0,7832.0,3,전체,12
202207,아시아,1903.9,몽골,128.0,2565.0,3,남성,13
202207,아시아,1613.4,몽골,194.0,3324.0,3,여성,13
202207,아시아,200.0,몽골,1.0,3.0,3,승무원,13
202207,아시아,1724.1,몽골,323.0,5892.0,3,전체,13
202207,아시아,178.6,우즈베키스탄,865.0,2410.0,3,남성,14
202207,아시아,108.0,우즈베키스탄,671.0,1396.0,3,여성,14
202207,아시아,6266.7,우즈베키스탄,3.0,191.0,3,승무원,14
202207,아시아,159.7,우즈베키스탄,1539.0,3997.0,3,전체,14
202207,아시아,164.6,미얀마,1185.0,3136.0,3,남성,15
202207,아시아,1280.0,미얀마,15.0,207.0,3,여성,15
202207,아시아,-0.3,미얀마,3321.0,3311.0,3,승무원,15
202207,아시아,47.2,미얀마,4521.0,6654.0,3,전체,15
202207,아시아,668.6,GCC,121.0,930.0,3,남성,16
202207,아시아,1154.7,GCC,64.0,803.0,3,여성,16
202207,아시아,100.0,GCC,47.0,94.0,3,승무원,16
202207,아시아,687.5,GCC,232.0,1827.0,3,전체,16
202207,아시아,666.1,카자흐스탄,274.0,2099.0,3,남성,17
202207,아시아,439.4,카자흐스탄,363.0,1958.0,3,여성,17
202207,아시아,254.1,카자흐스탄,74.0,262.0,3,승무원,17
202207,아시아,507.5,카자흐스탄,711.0,4319.0,3,전체,17
202207,아시아,485.5,튀르키예,83.0,486.0,3,남성,18
202207,아시아,818.8,튀르키예,32.0,294.0,3,여성,18
202207,아시아,119.1,튀르키예,366.0,802.0,3,승무원,18
202207,아시아,228.9,튀르키예,481.0,1582.0,3,전체,18
202207,아시아,898.5,캄보디아,132.0,1318.0,3,남성,19
202207,아시아,429.8,캄보디아,124.0,657.0,3,여성,19
202207,아시아,0.0,캄보디아,0.0,7.0,3,승무원,19
202207,아시아,674.2,캄보디아,256.0,1982.0,3,전체,19
202207,아시아,678.9,스리랑카,147.0,1145.0,3,남성,20
202207,아시아,1025.0,스리랑카,4.0,45.0,3,여성,20
202207,아시아,26.4,스리랑카,182.0,230.0,3,승무원,20
202207,아시아,326.4,스리랑카,333.0,1420.0,3,전체,20
202207,아시아,1950.0,방글라데시,50.0,1025.0,3,남성,21
202207,아시아,274.2,방글라데시,31.0,116.0,3,여성,21
202207,아시아,88.0,방글라데시,92.0,173.0,3,승무원,21
202207,아시아,659.5,방글라데시,173.0,1314.0,3,전체,21
202207,아시아,689.9,파키스탄,79.0,624.0,3,남성,22
202207,아시아,738.5,파키스탄,13.0,109.0,3,여성,22
202207,아시아,131.0,파키스탄,29.0,67.0,3,승무원,22
202207,아시아,561.2,파키스탄,121.0,800.0,3,전체,22
202207,아시아,343.2,이스라엘,74.0,328.0,3,남성,23
202207,아시아,440.7,이스라엘,27.0,146.0,3,여성,23
202207,아시아,-85.7,이스라엘,7.0,1.0,3,승무원,23
202207,아시아,339.8,이스라엘,108.0,475.0,3,전체,23
202207,아시아,963.6,이란,11.0,117.0,3,남성,24
202207,아시아,560.0,이란,10.0,66.0,3,여성,24
202207,아시아,-100.0,이란,1.0,0.0,3,승무원,24
202207,아시아,731.8,이란,22.0,183.0,3,전체,24
202207,아시아,626.5,기타,543.0,3945.0,3,남성,25
202207,아시아,472.0,기타,143.0,818.0,3,여성,25
202207,아시아,200.0,기타,54.0,162.0,3,승무원,25
202207,아시아,565.5,기타,740.0,4925.0,3,전체,25
202207,아메리카,286.6,연도대륙,7336.0,28363.0,2,남성,0
202207,아메리카,262.8,연도대륙,7639.0,27718.0,2,여성,0
202207,아메리카,-3.7,연도대륙,9580.0,9222.0,2,승무원,0
202207,아메리카,165.9,연도대륙,24555.0,65303.0,2,전체,0
202207,아메리카,247.6,미국,6757.0,23487.0,3,남성,1
202207,아메리카,224.8,미국,7041.0,22866.0,3,여성,1
202207,아메리카,-4.9,미국,7977.0,7589.0,3,승무원,1
202207,아메리카,147.7,미국,21775.0,53942.0,3,전체,1
202207,아메리카,844.3,캐나다,402.0,3796.0,3,남성,2
202207,아메리카,741.2,캐나다,444.0,3735.0,3,여성,2
202207,아메리카,1.4,캐나다,1321.0,1340.0,3,승무원,2
202207,아메리카,309.4,캐나다,2167.0,8871.0,3,전체,2
202207,아메리카,519.6,브라질,51.0,316.0,3,남성,3
202207,아메리카,650.0,브라질,44.0,330.0,3,여성,3
202207,아메리카,72.2,브라질,54.0,93.0,3,승무원,3
202207,아메리카,396.0,브라질,149.0,739.0,3,전체,3
202207,아메리카,633.3,멕시코,33.0,242.0,3,남성,4
202207,아메리카,466.7,멕시코,57.0,323.0,3,여성,4
202207,아메리카,-48.1,멕시코,154.0,80.0,3,승무원,4
202207,아메리카,164.3,멕시코,244.0,645.0,3,전체,4
202207,아메리카,461.3,기타,93.0,522.0,3,남성,5
202207,아메리카,775.5,기타,53.0,464.0,3,여성,5
202207,아메리카,62.2,기타,74.0,120.0,3,승무원,5
202207,아메리카,402.7,기타,220.0,1106.0,3,전체,5
202207,유럽,438.4,연도대륙,3339.0,17976.0,2,남성,0
202207,유럽,712.7,연도대륙,1581.0,12848.0,2,여성,0
202207,유럽,26.7,연도대륙,6279.0,7958.0,2,승무원,0
202207,유럽,246.3,연도대륙,11199.0,38782.0,2,전체,0
202207,유럽,209.5,러시아,666.0,2061.0,3,남성,1
202207,유럽,253.3,러시아,555.0,1961.0,3,여성,1
202207,유럽,19.6,러시아,1354.0,1619.0,3,승무원,1
202207,유럽,119.1,러시아,2575.0,5641.0,3,전체,1
202207,유럽,446.9,영국,465.0,2543.0,3,남성,2
202207,유럽,434.5,영국,319.0,1705.0,3,여성,2
202207,유럽,26.8,영국,153.0,194.0,3,승무원,2
202207,유럽,374.1,영국,937.0,4442.0,3,전체,2
202207,유럽,543.5,독일,453.0,2915.0,3,남성,3
202207,유럽,1057.5,독일,153.0,1771.0,3,여성,3
202207,유럽,61.2,독일,873.0,1407.0,3,승무원,3
202207,유럽,312.0,독일,1479.0,6093.0,3,전체,3
202207,유럽,1003.8,프랑스,237.0,2616.0,3,남성,4
202207,유럽,2571.3,프랑스,94.0,2511.0,3,여성,4
202207,유럽,16.1,프랑스,706.0,820.0,3,승무원,4
202207,유럽,473.5,프랑스,1037.0,5947.0,3,전체,4
202207,유럽,636.9,이탈리아,130.0,958.0,3,남성,5
202207,유럽,1148.6,이탈리아,35.0,437.0,3,여성,5
202207,유럽,129.6,이탈리아,81.0,186.0,3,승무원,5
202207,유럽,542.7,이탈리아,246.0,1581.0,3,전체,5
202207,유럽,1196.6,네덜란드,87.0,1128.0,3,남성,6
202207,유럽,2375.0,네덜란드,32.0,792.0,3,여성,6
202207,유럽,1.1,네덜란드,924.0,934.0,3,승무원,6
202207,유럽,173.6,네덜란드,1043.0,2854.0,3,전체,6
202207,유럽,34.3,우크라이나,362.0,486.0,3,남성,7
202207,유럽,58.8,우크라이나,80.0,127.0,3,여성,7
202207,유럽,-7.8,우크라이나,665.0,613.0,3,승무원,7
202207,유럽,10.7,우크라이나,1107.0,1226.0,3,전체,7
202207,유럽,1068.3,스페인,63.0,736.0,3,남성,8
202207,유럽,1433.3,스페인,33.0,506.0,3,여성,8
202207,유럽,151.5,스페인,33.0,83.0,3,승무원,8
202207,유럽,927.1,스페인,129.0,1325.0,3,전체,8
202207,유럽,136.3,루마니아,91.0,215.0,3,남성,9
202207,유럽,872.7,루마니아,11.0,107.0,3,여성,9
202207,유럽,28.0,루마니아,143.0,183.0,3,승무원,9
202207,유럽,106.1,루마니아,245.0,505.0,3,전체,9
202207,유럽,641.9,노르웨이,31.0,230.0,3,남성,10
202207,유럽,1266.7,노르웨이,12.0,164.0,3,여성,10
202207,유럽,-47.8,노르웨이,23.0,12.0,3,승무원,10
202207,유럽,515.2,노르웨이,66.0,406.0,3,전체,10
202207,유럽,695.3,스웨덴,43.0,342.0,3,남성,11
202207,유럽,816.7,스웨덴,24.0,220.0,3,여성,11
202207,유럽,15.0,스웨덴,20.0,23.0,3,승무원,11
202207,유럽,572.4,스웨덴,87.0,585.0,3,전체,11
202207,유럽,400.0,폴란드,70.0,350.0,3,남성,12
202207,유럽,785.7,폴란드,28.0,248.0,3,여성,12
202207,유럽,52.0,폴란드,229.0,348.0,3,승무원,12
202207,유럽,189.3,폴란드,327.0,946.0,3,전체,12
202207,유럽,750.0,스위스,62.0,527.0,3,남성,13
202207,유럽,1474.1,스위스,27.0,425.0,3,여성,13
202207,유럽,-29.6,스위스,54.0,38.0,3,승무원,13
202207,유럽,592.3,스위스,143.0,990.0,3,전체,13
202207,유럽,831.2,포르투갈,16.0,149.0,3,남성,14
202207,유럽,4350.0,포르투갈,2.0,89.0,3,여성,14
202207,유럽,18.6,포르투갈,59.0,70.0,3,승무원,14
202207,유럽,300.0,포르투갈,77.0,308.0,3,전체,14
202207,유럽,577.6,오스트리아,49.0,332.0,3,남성,15
202207,유럽,1073.9,오스트리아,23.0,270.0,3,여성,15
202207,유럽,76.5,오스트리아,68.0,120.0,3,승무원,15
202207,유럽,415.7,오스트리아,140.0,722.0,3,전체,15
202207,유럽,247.2,핀란드,36.0,125.0,3,남성,16
202207,유럽,1483.3,핀란드,6.0,95.0,3,여성,16
202207,유럽,-29.8,핀란드,178.0,125.0,3,승무원,16
202207,유럽,56.8,핀란드,220.0,345.0,3,전체,16
202207,유럽,646.2,벨기에,52.0,388.0,3,남성,17
202207,유럽,872.2,벨기에,36.0,350.0,3,여성,17
202207,유럽,31.6,벨기에,79.0,104.0,3,승무원,17
202207,유럽,404.2,벨기에,167.0,842.0,3,전체,17
202207,유럽,88.1,크로아티아,59.0,111.0,3,남성,18
202207,유럽,2600.0,크로아티아,1.0,27.0,3,여성,18
202207,유럽,-21.1,크로아티아,90.0,71.0,3,승무원,18
202207,유럽,39.3,크로아티아,150.0,209.0,3,전체,18
202207,유럽,153.5,그리스,142.0,360.0,3,남성,19
202207,유럽,1014.3,그리스,7.0,78.0,3,여성,19
202207,유럽,91.7,그리스,84.0,161.0,3,승무원,19
202207,유럽,157.1,그리스,233.0,599.0,3,전체,19
202207,유럽,331.6,불가리아,19.0,82.0,3,남성,20
202207,유럽,620.0,불가리아,5.0,36.0,3,여성,20
202207,유럽,132.8,불가리아,122.0,284.0,3,승무원,20
202207,유럽,175.3,불가리아,146.0,402.0,3,전체,20
202207,유럽,585.4,덴마크,48.0,329.0,3,남성,21
202207,유럽,1317.6,덴마크,17.0,241.0,3,여성,21
202207,유럽,7.5,덴마크,40.0,43.0,3,승무원,21
202207,유럽,483.8,덴마크,105.0,613.0,3,전체,21
202207,유럽,653.6,아일랜드,28.0,211.0,3,남성,22
202207,유럽,793.3,아일랜드,15.0,134.0,3,여성,22
202207,유럽,21.1,아일랜드,19.0,23.0,3,승무원,22
202207,유럽,493.5,아일랜드,62.0,368.0,3,전체,22
202207,유럽,501.5,기타,130.0,782.0,3,남성,23
202207,유럽,739.4,기타,66.0,554.0,3,여성,23
202207,유럽,76.2,기타,282.0,497.0,3,승무원,23
202207,유럽,283.5,기타,478.0,1833.0,3,전체,23
202207,오세아니아,2234.9,연도대륙,129.0,3012.0,2,남성,0
202207,오세아니아,1774.2,연도대륙,128.0,2399.0,2,여성,0
202207,오세아니아,44.9,연도대륙,176.0,255.0,2,승무원,0
202207,오세아니아,1208.5,연도대륙,433.0,5666.0,2,전체,0
202207,오세아니아,2657.5,호주,87.0,2399.0,3,남성,1
202207,오세아니아,2278.8,호주,80.0,1903.0,3,여성,1
202207,오세아니아,30.3,호주,89.0,116.0,3,승무원,1
202207,오세아니아,1625.8,호주,256.0,4418.0,3,전체,1
202207,오세아니아,1297.6,뉴질랜드,41.0,573.0,3,남성,2
202207,오세아니아,979.5,뉴질랜드,44.0,475.0,3,여성,2
202207,오세아니아,59.1,뉴질랜드,66.0,105.0,3,승무원,2
202207,오세아니아,663.6,뉴질랜드,151.0,1153.0,3,전체,2
202207,오세아니아,3900.0,기타,1.0,40.0,3,남성,3
202207,오세아니아,425.0,기타,4.0,21.0,3,여성,3
202207,오세아니아,61.9,기타,21.0,34.0,3,승무원,3
202207,오세아니아,265.4,기타,26.0,95.0,3,전체,3
202207,아프리카,410.7,연도대륙,243.0,1241.0,2,남성,0
202207,아프리카,391.8,연도대륙,134.0,659.0,2,여성,0
202207,아프리카,38.5,연도대륙,525.0,727.0,2,승무원,0
202207,아프리카,191.2,연도대륙,902.0,2627.0,2,전체,0
202207,아프리카,696.2,남아프리카공화국,26.0,207.0,3,남성,1
202207,아프리카,325.5,남아프리카공화국,51.0,217.0,3,여성,1
202207,아프리카,34.8,남아프리카공화국,46.0,62.0,3,승무원,1
202207,아프리카,295.1,남아프리카공화국,123.0,486.0,3,전체,1
202207,아프리카,376.5,기타,217.0,1034.0,3,남성,2
202207,아프리카,432.5,기타,83.0,442.0,3,여성,2
202207,아프리카,38.8,기타,479.0,665.0,3,승무원,2
202207,아프리카,174.8,기타,779.0,2141.0,3,전체,2
202207,기타,1300.0,연도대륙,2.0,28.0,2,남성,0
202207,기타,0.0,연도대륙,0.0,1.0,2,여성,0
202207,기타,1300.0,연도대륙,1.0,14.0,2,승무원,0
202207,기타,1333.3,연도대륙,3.0,43.0,2,전체,0
202207,기타,1300.0,기타,2.0,28.0,3,남성,1
202207,기타,0.0,기타,0.0,1.0,3,여성,1
202207,기타,1300.0,기타,1.0,14.0,3,승무원,1
202207,기타,1333.3,기타,3.0,43.0,3,전체,1
202207,교포,90.3,연도대륙,527.0,1003.0,2,남성,0
202207,교포,91.0,연도대륙,723.0,1381.0,2,여성,0
202207,교포,0.0,연도대륙,0.0,0.0,2,승무원,0
202207,교포,90.7,연도대륙,1250.0,2384.0,2,전체,0
202207,교포,90.3,교포,527.0,1003.0,3,남성,1
202207,교포,91.0,교포,723.0,1381.0,3,여성,1
202207,교포,0.0,교포,0.0,0.0,3,승무원,1
202207,교포,90.7,교포,1250.0,2384.0,3,전체,1
202208,대륙전체,322.4,연도,33144.0,140007.0,1,남성,0
202208,대륙전체,356.6,연도,27693.0,126434.0,1,여성,0
202208,대륙전체,22.8,연도,36250.0,44504.0,1,승무원,0
202208,대륙전체,220.3,연도,97087.0,310945.0,1,전체,0
202208,아시아,330.6,연도대륙,19767.0,85115.0,2,남성,0
202208,아시아,470.3,연도대륙,13328.0,76006.0,2,여성,0
202208,아시아,34.9,연도대륙,19707.0,26593.0,2,승무원,0
202208,아시아,255.5,연도대륙,52802.0,187714.0,2,전체,0
202208,아시아,76.4,중국,6579.0,11605.0,3,남성,1
202208,아시아,109.7,중국,6990.0,14658.0,3,여성,1
202208,아시아,12.8,중국,3534.0,3985.0,3,승무원,1
202208,아시아,76.9,중국,17103.0,30248.0,3,전체,1
202208,아시아,1394.1,일본,711.0,10623.0,3,남성,2
202208,아시아,969.5,일본,1471.0,15732.0,3,여성,2
202208,아시아,67.1,일본,76.0,127.0,3,승무원,2
202208,아시아,1072.8,일본,2258.0,26482.0,3,전체,2
202208,아시아,849.7,대만,157.0,1491.0,3,남성,3
202208,아시아,769.3,대만,316.0,2747.0,3,여성,3
202208,아시아,27.3,대만,128.0,163.0,3,승무원,3
202208,아시아,632.3,대만,601.0,4401.0,3,전체,3
202208,아시아,1423.9,홍콩,46.0,701.0,3,남성,4
202208,아시아,920.9,홍콩,129.0,1317.0,3,여성,4
202208,아시아,13.6,홍콩,22.0,25.0,3,승무원,4
202208,아시아,937.1,홍콩,197.0,2043.0,3,전체,4
202208,아시아,1100.0,마카오,1.0,12.0,3,남성,5
202208,아시아,0.0,마카오,0.0,25.0,3,여성,5
202208,아시아,0.0,마카오,0.0,2.0,3,승무원,5
202208,아시아,3800.0,마카오,1.0,39.0,3,전체,5
202208,아시아,91.7,필리핀,3737.0,7163.0,3,남성,6
202208,아시아,1962.3,필리핀,122.0,2516.0,3,여성,6
202208,아시아,7.5,필리핀,7092.0,7625.0,3,승무원,6
202208,아시아,58.0,필리핀,10951.0,17304.0,3,전체,6
202208,아시아,210.8,인도네시아,1847.0,5741.0,3,남성,7
202208,아시아,1762.4,인도네시아,133.0,2477.0,3,여성,7
202208,아시아,-17.2,인도네시아,2195.0,1817.0,3,승무원,7
202208,아시아,140.4,인도네시아,4175.0,10035.0,3,전체,7
202208,아시아,1991.5,태국,165.0,3451.0,3,남성,8
202208,아시아,2055.3,태국,302.0,6509.0,3,여성,8
202208,아시아,724.1,태국,133.0,1096.0,3,승무원,8
202208,아시아,1742.7,태국,600.0,11056.0,3,전체,8
202208,아시아,1566.7,베트남,681.0,11350.0,3,남성,9
202208,아시아,1120.7,베트남,826.0,10083.0,3,여성,9
202208,아시아,564.7,베트남,487.0,3237.0,3,승무원,9
202208,아시아,1137.2,베트남,1994.0,24670.0,3,전체,9
202208,아시아,216.7,인도,1398.0,4428.0,3,남성,10
202208,아시아,670.4,인도,142.0,1094.0,3,여성,10
202208,아시아,3.3,인도,1585.0,1637.0,3,승무원,10
202208,아시아,129.1,인도,3125.0,7159.0,3,전체,10
202208,아시아,1505.4,말레이시아,111.0,1782.0,3,남성,11
202208,아시아,963.4,말레이시아,216.0,2297.0,3,여성,11
202208,아시아,212.6,말레이시아,239.0,747.0,3,승무원,11
202208,아시아,752.7,말레이시아,566.0,4826.0,3,전체,11
202208,아시아,4379.4,싱가포르,68.0,3046.0,3,남성,12
202208,아시아,5095.8,싱가포르,72.0,3741.0,3,여성,12
202208,아시아,1100.0,싱가포르,65.0,780.0,3,승무원,12
202208,아시아,3591.2,싱가포르,205.0,7567.0,3,전체,12
202208,아시아,976.2,몽골,361.0,3885.0,3,남성,13
202208,아시아,675.3,몽골,627.0,4861.0,3,여성,13
202208,아시아,-25.0,몽골,4.0,3.0,3,승무원,13
202208,아시아,782.0,몽골,992.0,8749.0,3,전체,13
202208,아시아,304.4,우즈베키스탄,988.0,3995.0,3,남성,14
202208,아시아,215.3,우즈베키스탄,498.0,1570.0,3,여성,14
202208,아시아,10700.0,우즈베키스탄,2.0,216.0,3,승무원,14
202208,아시아,288.5,우즈베키스탄,1488.0,5781.0,3,전체,14
202208,아시아,251.8,미얀마,876.0,3082.0,3,남성,15
202208,아시아,411.0,미얀마,73.0,373.0,3,여성,15
202208,아시아,-0.1,미얀마,3167.0,3164.0,3,승무원,15
202208,아시아,60.8,미얀마,4116.0,6619.0,3,전체,15
202208,아시아,425.4,GCC,193.0,1014.0,3,남성,16
202208,아시아,766.0,GCC,94.0,814.0,3,여성,16
202208,아시아,128.6,GCC,63.0,144.0,3,승무원,16
202208,아시아,463.4,GCC,350.0,1972.0,3,전체,16
202208,아시아,327.6,카자흐스탄,341.0,1458.0,3,남성,17
202208,아시아,363.9,카자흐스탄,415.0,1925.0,3,여성,17
202208,아시아,145.5,카자흐스탄,112.0,275.0,3,승무원,17
202208,아시아,321.4,카자흐스탄,868.0,3658.0,3,전체,17
202208,아시아,403.4,튀르키예,117.0,589.0,3,남성,18
202208,아시아,202.8,튀르키예,141.0,427.0,3,여성,18
202208,아시아,119.5,튀르키예,420.0,922.0,3,승무원,18
202208,아시아,185.8,튀르키예,678.0,1938.0,3,전체,18
202208,아시아,959.9,캄보디아,137.0,1452.0,3,남성,19
202208,아시아,556.8,캄보디아,111.0,729.0,3,여성,19
202208,아시아,0.0,캄보디아,0.0,46.0,3,승무원,19
202208,아시아,798.0,캄보디아,248.0,2227.0,3,전체,19
202208,아시아,488.0,스리랑카,175.0,1029.0,3,남성,20
202208,아시아,274.1,스리랑카,27.0,101.0,3,여성,20
202208,아시아,16.4,스리랑카,140.0,163.0,3,승무원,20
202208,아시아,278.1,스리랑카,342.0,1293.0,3,전체,20
202208,아시아,3885.0,방글라데시,40.0,1594.0,3,남성,21
202208,아시아,484.8,방글라데시,33.0,193.0,3,여성,21
202208,아시아,138.9,방글라데시,72.0,172.0,3,승무원,21
202208,아시아,1251.0,방글라데시,145.0,1959.0,3,전체,21
202208,아시아,701.0,파키스탄,101.0,809.0,3,남성,22
202208,아시아,638.5,파키스탄,26.0,192.0,3,여성,22
202208,아시아,-8.3,파키스탄,36.0,33.0,3,승무원,22
202208,아시아,534.4,파키스탄,163.0,1034.0,3,전체,22
202208,아시아,377.8,이스라엘,63.0,301.0,3,남성,23
202208,아시아,673.9,이스라엘,23.0,178.0,3,여성,23
202208,아시아,-93.9,이스라엘,33.0,2.0,3,승무원,23
202208,아시아,304.2,이스라엘,119.0,481.0,3,전체,23
202208,아시아,381.1,이란,37.0,178.0,3,남성,24
202208,아시아,101.7,이란,59.0,119.0,3,여성,24
202208,아시아,0.0,이란,0.0,3.0,3,승무원,24
202208,아시아,212.5,이란,96.0,300.0,3,전체,24
202208,아시아,418.0,기타,837.0,4336.0,3,남성,25
202208,아시아,175.5,기타,482.0,1328.0,3,여성,25
202208,아시아,104.9,기타,102.0,209.0,3,승무원,25
202208,아시아,313.3,기타,1421.0,5873.0,3,전체,25
202208,아메리카,296.7,연도대륙,6566.0,26045.0,2,남성,0
202208,아메리카,223.4,연도대륙,8050.0,26034.0,2,여성,0
202208,아메리카,2.0,연도대륙,9381.0,9564.0,2,승무원,0
202208,아메리카,156.9,연도대륙,23997.0,61643.0,2,전체,0
202208,아메리카,271.9,미국,5752.0,21389.0,3,남성,1
202208,아메리카,202.3,미국,6988.0,21125.0,3,여성,1
202208,아메리카,-0.5,미국,7821.0,7785.0,3,승무원,1
202208,아메리카,144.6,미국,20561.0,50299.0,3,전체,1
202208,아메리카,558.6,캐나다,507.0,3339.0,3,남성,2
202208,아메리카,484.0,캐나다,557.0,3253.0,3,여성,2
202208,아메리카,22.7,캐나다,1210.0,1485.0,3,승무원,2
202208,아메리카,255.2,캐나다,2274.0,8077.0,3,전체,2
202208,아메리카,443.5,브라질,69.0,375.0,3,남성,3
202208,아메리카,335.6,브라질,90.0,392.0,3,여성,3
202208,아메리카,90.2,브라질,61.0,116.0,3,승무원,3
202208,아메리카,301.4,브라질,220.0,883.0,3,전체,3
202208,아메리카,397.1,멕시코,70.0,348.0,3,남성,4
202208,아메리카,210.2,멕시코,167.0,518.0,3,여성,4
202208,아메리카,-75.5,멕시코,184.0,45.0,3,승무원,4
202208,아메리카,116.4,멕시코,421.0,911.0,3,전체,4
202208,아메리카,253.6,기타,168.0,594.0,3,남성,5
202208,아메리카,200.8,기타,248.0,746.0,3,여성,5
202208,아메리카,26.7,기타,105.0,133.0,3,승무원,5
202208,아메리카,182.7,기타,521.0,1473.0,3,전체,5
202208,유럽,313.4,연도대륙,5514.0,22796.0,2,남성,0
202208,유럽,283.1,연도대륙,5019.0,19230.0,2,여성,0
202208,유럽,15.9,연도대륙,6340.0,7347.0,2,승무원,0
202208,유럽,192.6,연도대륙,16873.0,49373.0,2,전체,0
202208,유럽,228.1,러시아,704.0,2310.0,3,남성,1
202208,유럽,173.1,러시아,886.0,2420.0,3,여성,1
202208,유럽,18.8,러시아,1160.0,1378.0,3,승무원,1
202208,유럽,122.1,러시아,2750.0,6108.0,3,전체,1
202208,유럽,371.9,영국,686.0,3237.0,3,남성,2
202208,유럽,292.2,영국,576.0,2259.0,3,여성,2
202208,유럽,-3.2,영국,185.0,179.0,3,승무원,2
202208,유럽,292.2,영국,1447.0,5675.0,3,전체,2
202208,유럽,320.5,독일,962.0,4045.0,3,남성,3
202208,유럽,235.8,독일,971.0,3261.0,3,여성,3
202208,유럽,62.0,독일,864.0,1400.0,3,승무원,3
202208,유럽,211.3,독일,2797.0,8706.0,3,전체,3
202208,유럽,515.5,프랑스,663.0,4081.0,3,남성,4
202208,유럽,600.7,프랑스,558.0,3910.0,3,여성,4
202208,유럽,34.8,프랑스,663.0,894.0,3,승무원,4
202208,유럽,371.6,프랑스,1884.0,8885.0,3,전체,4
202208,유럽,390.7,이탈리아,236.0,1158.0,3,남성,5
202208,유럽,418.3,이탈리아,191.0,990.0,3,여성,5
202208,유럽,78.9,이탈리아,95.0,170.0,3,승무원,5
202208,유럽,344.1,이탈리아,522.0,2318.0,3,전체,5
202208,유럽,385.8,네덜란드,233.0,1132.0,3,남성,6
202208,유럽,374.1,네덜란드,189.0,896.0,3,여성,6
202208,유럽,1.6,네덜란드,853.0,867.0,3,승무원,6
202208,유럽,127.1,네덜란드,1275.0,2895.0,3,전체,6
202208,유럽,29.0,우크라이나,372.0,480.0,3,남성,7
202208,유럽,37.2,우크라이나,137.0,188.0,3,여성,7
202208,유럽,-30.5,우크라이나,750.0,521.0,3,승무원,7
202208,유럽,-5.6,우크라이나,1259.0,1189.0,3,전체,7
202208,유럽,432.1,스페인,190.0,1011.0,3,남성,8
202208,유럽,293.8,스페인,257.0,1012.0,3,여성,8
202208,유럽,56.2,스페인,64.0,100.0,3,승무원,8
202208,유럽,315.5,스페인,511.0,2123.0,3,전체,8
202208,유럽,174.2,루마니아,93.0,255.0,3,남성,9
202208,유럽,359.4,루마니아,32.0,147.0,3,여성,9
202208,유럽,-7.9,루마니아,140.0,129.0,3,승무원,9
202208,유럽,100.4,루마니아,265.0,531.0,3,전체,9
202208,유럽,346.8,노르웨이,62.0,277.0,3,남성,10
202208,유럽,260.0,노르웨이,65.0,234.0,3,여성,10
202208,유럽,20.0,노르웨이,15.0,18.0,3,승무원,10
202208,유럽,272.5,노르웨이,142.0,529.0,3,전체,10
202208,유럽,263.9,스웨덴,122.0,444.0,3,남성,11
202208,유럽,157.0,스웨덴,142.0,365.0,3,여성,11
202208,유럽,126.7,스웨덴,15.0,34.0,3,승무원,11
202208,유럽,202.2,스웨덴,279.0,843.0,3,전체,11
202208,유럽,432.5,폴란드,80.0,426.0,3,남성,12
202208,유럽,257.8,폴란드,116.0,415.0,3,여성,12
202208,유럽,41.1,폴란드,236.0,333.0,3,승무원,12
202208,유럽,171.8,폴란드,432.0,1174.0,3,전체,12
202208,유럽,384.5,스위스,110.0,533.0,3,남성,13
202208,유럽,471.8,스위스,78.0,446.0,3,여성,13
202208,유럽,-42.5,스위스,40.0,23.0,3,승무원,13
202208,유럽,339.5,스위스,228.0,1002.0,3,전체,13
202208,유럽,595.2,포르투갈,21.0,146.0,3,남성,14
202208,유럽,228.6,포르투갈,42.0,138.0,3,여성,14
202208,유럽,-81.4,포르투갈,242.0,45.0,3,승무원,14
202208,유럽,7.9,포르투갈,305.0,329.0,3,전체,14
202208,유럽,345.7,오스트리아,94.0,419.0,3,남성,15
202208,유럽,466.1,오스트리아,62.0,351.0,3,여성,15
202208,유럽,111.6,오스트리아,69.0,146.0,3,승무원,15
202208,유럽,307.1,오스트리아,225.0,916.0,3,전체,15
202208,유럽,102.2,핀란드,89.0,180.0,3,남성,16
202208,유럽,133.3,핀란드,81.0,189.0,3,여성,16
202208,유럽,-17.0,핀란드,153.0,127.0,3,승무원,16
202208,유럽,53.6,핀란드,323.0,496.0,3,전체,16
202208,유럽,248.0,벨기에,125.0,435.0,3,남성,17
202208,유럽,207.1,벨기에,127.0,390.0,3,여성,17
202208,유럽,24.4,벨기에,82.0,102.0,3,승무원,17
202208,유럽,177.5,벨기에,334.0,927.0,3,전체,17
202208,유럽,98.6,크로아티아,71.0,141.0,3,남성,18
202208,유럽,344.4,크로아티아,9.0,40.0,3,여성,18
202208,유럽,-7.8,크로아티아,77.0,71.0,3,승무원,18
202208,유럽,60.5,크로아티아,157.0,252.0,3,전체,18
202208,유럽,147.8,그리스,134.0,332.0,3,남성,19
202208,유럽,478.9,그리스,19.0,110.0,3,여성,19
202208,유럽,21.5,그리스,121.0,147.0,3,승무원,19
202208,유럽,115.0,그리스,274.0,589.0,3,전체,19
202208,유럽,181.1,불가리아,37.0,104.0,3,남성,20
202208,유럽,311.1,불가리아,18.0,74.0,3,여성,20
202208,유럽,38.0,불가리아,121.0,167.0,3,승무원,20
202208,유럽,96.0,불가리아,176.0,345.0,3,전체,20
202208,유럽,227.8,덴마크,126.0,413.0,3,남성,21
202208,유럽,211.1,덴마크,99.0,308.0,3,여성,21
202208,유럽,19.4,덴마크,31.0,37.0,3,승무원,21
202208,유럽,196.1,덴마크,256.0,758.0,3,전체,21
202208,유럽,421.4,아일랜드,56.0,292.0,3,남성,22
202208,유럽,397.6,아일랜드,41.0,204.0,3,여성,22
202208,유럽,-27.3,아일랜드,22.0,16.0,3,승무원,22
202208,유럽,330.3,아일랜드,119.0,512.0,3,전체,22
202208,유럽,281.0,기타,248.0,945.0,3,남성,23
202208,유럽,173.4,기타,323.0,883.0,3,여성,23
202208,유럽,29.5,기타,342.0,443.0,3,승무원,23
202208,유럽,148.7,기타,913.0,2271.0,3,전체,23
202208,오세아니아,1821.6,연도대륙,167.0,3209.0,2,남성,0
202208,오세아니아,1923.3,연도대륙,129.0,2610.0,2,여성,0
202208,오세아니아,26.0,연도대륙,200.0,252.0,2,승무원,0
202208,오세아니아,1124.0,연도대륙,496.0,6071.0,2,전체,0
202208,오세아니아,2386.5,호주,104.0,2586.0,3,남성,1
202208,오세아니아,2268.5,호주,89.0,2108.0,3,여성,1
202208,오세아니아,60.2,호주,88.0,141.0,3,승무원,1
202208,오세아니아,1620.6,호주,281.0,4835.0,3,전체,1
202208,오세아니아,1202.3,뉴질랜드,44.0,573.0,3,남성,2
202208,오세아니아,1300.0,뉴질랜드,34.0,476.0,3,여성,2
202208,오세아니아,84.5,뉴질랜드,58.0,107.0,3,승무원,2
202208,오세아니아,750.0,뉴질랜드,136.0,1156.0,3,전체,2
202208,오세아니아,163.2,기타,19.0,50.0,3,남성,3
202208,오세아니아,333.3,기타,6.0,26.0,3,여성,3
202208,오세아니아,-92.6,기타,54.0,4.0,3,승무원,3
202208,오세아니아,1.3,기타,79.0,80.0,3,전체,3
202208,아프리카,177.6,연도대륙,635.0,1763.0,2,남성,0
202208,아프리카,179.3,연도대륙,458.0,1279.0,2,여성,0
202208,아프리카,19.4,연도대륙,619.0,739.0,2,승무원,0
202208,아프리카,120.9,연도대륙,1712.0,3781.0,2,전체,0
202208,아프리카,538.0,남아프리카공화국,50.0,319.0,3,남성,1
202208,아프리카,366.0,남아프리카공화국,103.0,480.0,3,여성,1
202208,아프리카,-18.6,남아프리카공화국,70.0,57.0,3,승무원,1
202208,아프리카,283.9,남아프리카공화국,223.0,856.0,3,전체,1
202208,아프리카,146.8,기타,585.0,1444.0,3,남성,2
202208,아프리카,125.1,기타,355.0,799.0,3,여성,2
202208,아프리카,24.2,기타,549.0,682.0,3,승무원,2
202208,아프리카,96.4,기타,1489.0,2925.0,3,전체,2
202208,기타,425.0,연도대륙,4.0,21.0,2,남성,0
202208,기타,600.0,연도대륙,2.0,14.0,2,여성,0
202208,기타,200.0,연도대륙,3.0,9.0,2,승무원,0
202208,기타,388.9,연도대륙,9.0,44.0,2,전체,0
202208,기타,425.0,기타,4.0,21.0,3,남성,1
202208,기타,600.0,기타,2.0,14.0,3,여성,1
202208,기타,200.0,기타,3.0,9.0,3,승무원,1
202208,기타,388.9,기타,9.0,44.0,3,전체,1
202208,교포,115.5,연도대륙,491.0,1058.0,2,남성,0
202208,교포,78.4,연도대륙,707.0,1261.0,2,여성,0
202208,교포,0.0,연도대륙,0.0,0.0,2,승무원,0
202208,교포,93.6,연도대륙,1198.0,2319.0,2,전체,0
202208,교포,115.5,교포,491.0,1058.0,3,남성,1
202208,교포,78.4,교포,707.0,1261.0,3,여성,1
202208,교포,0.0,교포,0.0,0.0,3,승무원,1
202208,교포,93.6,교포,1198.0,2319.0,3,전체,1
202209,대륙전체,375.9,연도,32513.0,154721.0,1,남성,0
202209,대륙전체,531.1,연도,22075.0,139322.0,1,여성,0
202209,대륙전체,23.8,연도,35212.0,43595.0,1,승무원,0
202209,대륙전체,276.0,연도,89800.0,337638.0,1,전체,0
202209,아시아,349.4,연도대륙,20195.0,90765.0,2,남성,0
202209,아시아,587.9,연도대륙,11848.0,81499.0,2,여성,0
202209,아시아,47.2,연도대륙,17752.0,26134.0,2,승무원,0
202209,아시아,298.4,연도대륙,49795.0,198398.0,2,전체,0
202209,아시아,51.5,중국,8368.0,12680.0,3,남성,1
202209,아시아,69.6,중국,7686.0,13035.0,3,여성,1
202209,아시아,23.5,중국,3090.0,3816.0,3,승무원,1
202209,아시아,54.3,중국,19144.0,29531.0,3,전체,1
202209,아시아,1631.1,일본,668.0,11564.0,3,남성,2
202209,아시아,3694.5,일본,418.0,15861.0,3,여성,2
202209,아시아,141.1,일본,56.0,135.0,3,승무원,2
202209,아시아,2313.3,일본,1142.0,27560.0,3,전체,2
202209,아시아,1550.5,대만,109.0,1799.0,3,남성,3
202209,아시아,3947.6,대만,63.0,2550.0,3,여성,3
202209,아시아,68.9,대만,122.0,206.0,3,승무원,3
202209,아시아,1449.3,대만,294.0,4555.0,3,전체,3
202209,아시아,3379.4,홍콩,34.0,1183.0,3,남성,4
202209,아시아,2702.8,홍콩,72.0,2018.0,3,여성,4
202209,아시아,14.3,홍콩,21.0,24.0,3,승무원,4
202209,아시아,2439.4,홍콩,127.0,3225.0,3,전체,4
202209,아시아,0.0,마카오,0.0,15.0,3,남성,5
202209,아시아,316.7,마카오,6.0,25.0,3,여성,5
202209,아시아,0.0,마카오,0.0,1.0,3,승무원,5
202209,아시아,583.3,마카오,6.0,41.0,3,전체,5
202209,아시아,158.8,필리핀,2974.0,7698.0,3,남성,6
202209,아시아,4273.2,필리핀,82.0,3586.0,3,여성,6
202209,아시아,3.3,필리핀,6689.0,6907.0,3,승무원,6
202209,아시아,86.7,필리핀,9745.0,18191.0,3,전체,6
202209,아시아,378.7,인도네시아,1087.0,5204.0,3,남성,7
202209,아시아,2294.3,인도네시아,105.0,2514.0,3,여성,7
202209,아시아,-11.5,인도네시아,1837.0,1626.0,3,승무원,7
202209,아시아,208.5,인도네시아,3029.0,9344.0,3,전체,7
202209,아시아,725.1,태국,483.0,3985.0,3,남성,8
202209,아시아,3848.8,태국,207.0,8174.0,3,여성,8
202209,아시아,645.8,태국,155.0,1156.0,3,승무원,8
202209,아시아,1475.7,태국,845.0,13315.0,3,전체,8
202209,아시아,1302.2,베트남,712.0,9984.0,3,남성,9
202209,아시아,1321.9,베트남,630.0,8958.0,3,여성,9
202209,아시아,761.4,베트남,446.0,3842.0,3,승무원,9
202209,아시아,1174.3,베트남,1788.0,22784.0,3,전체,9
202209,아시아,299.5,인도,1149.0,4590.0,3,남성,10
202209,아시아,664.7,인도,133.0,1017.0,3,여성,10
202209,아시아,11.6,인도,1452.0,1620.0,3,승무원,10
202209,아시아,164.3,인도,2734.0,7227.0,3,전체,10
202209,아시아,2292.3,말레이시아,91.0,2177.0,3,남성,11
202209,아시아,8247.5,말레이시아,40.0,3339.0,3,여성,11
202209,아시아,286.2,말레이시아,217.0,838.0,3,승무원,11
202209,아시아,1725.9,말레이시아,348.0,6354.0,3,전체,11
202209,아시아,5155.0,싱가포르,111.0,5833.0,3,남성,12
202209,아시아,22680.6,싱가포르,36.0,8201.0,3,여성,12
202209,아시아,1523.5,싱가포르,51.0,828.0,3,승무원,12
202209,아시아,7406.1,싱가포르,198.0,14862.0,3,전체,12
202209,아시아,812.9,몽골,433.0,3953.0,3,남성,13
202209,아시아,726.3,몽골,600.0,4958.0,3,여성,13
202209,아시아,0.0,몽골,0.0,4.0,3,승무원,13
202209,아시아,763.0,몽골,1033.0,8915.0,3,전체,13
202209,아시아,309.5,우즈베키스탄,930.0,3808.0,3,남성,14
202209,아시아,98.1,우즈베키스탄,684.0,1355.0,3,여성,14
202209,아시아,10600.0,우즈베키스탄,2.0,214.0,3,승무원,14
202209,아시아,232.7,우즈베키스탄,1616.0,5377.0,3,전체,14
202209,아시아,129.9,미얀마,1151.0,2646.0,3,남성,15
202209,아시아,181.6,미얀마,141.0,397.0,3,여성,15
202209,아시아,5.2,미얀마,2773.0,2916.0,3,승무원,15
202209,아시아,46.6,미얀마,4065.0,5959.0,3,전체,15
202209,아시아,663.2,GCC,125.0,954.0,3,남성,16
202209,아시아,1363.4,GCC,41.0,600.0,3,여성,16
202209,아시아,144.1,GCC,59.0,144.0,3,승무원,16
202209,아시아,654.7,GCC,225.0,1698.0,3,전체,16
202209,아시아,257.1,카자흐스탄,371.0,1325.0,3,남성,17
202209,아시아,233.6,카자흐스탄,438.0,1461.0,3,여성,17
202209,아시아,183.2,카자흐스탄,95.0,269.0,3,승무원,17
202209,아시아,237.9,카자흐스탄,904.0,3055.0,3,전체,17
202209,아시아,827.1,튀르키예,59.0,547.0,3,남성,18
202209,아시아,1092.3,튀르키예,26.0,310.0,3,여성,18
202209,아시아,182.1,튀르키예,312.0,880.0,3,승무원,18
202209,아시아,337.5,튀르키예,397.0,1737.0,3,전체,18
202209,아시아,718.8,캄보디아,240.0,1965.0,3,남성,19
202209,아시아,648.8,캄보디아,129.0,966.0,3,여성,19
202209,아시아,0.0,캄보디아,0.0,16.0,3,승무원,19
202209,아시아,698.6,캄보디아,369.0,2947.0,3,전체,19
202209,아시아,465.1,스리랑카,252.0,1424.0,3,남성,20
202209,아시아,785.7,스리랑카,14.0,124.0,3,여성,20
202209,아시아,153.5,스리랑카,114.0,289.0,3,승무원,20
202209,아시아,383.4,스리랑카,380.0,1837.0,3,전체,20
202209,아시아,1194.4,방글라데시,90.0,1165.0,3,남성,21
202209,아시아,692.9,방글라데시,14.0,111.0,3,여성,21
202209,아시아,164.4,방글라데시,45.0,119.0,3,승무원,21
202209,아시아,836.2,방글라데시,149.0,1395.0,3,전체,21
202209,아시아,579.7,파키스탄,118.0,802.0,3,남성,22
202209,아시아,265.7,파키스탄,35.0,128.0,3,여성,22
202209,아시아,-10.0,파키스탄,40.0,36.0,3,승무원,22
202209,아시아,400.5,파키스탄,193.0,966.0,3,전체,22
202209,아시아,2200.0,이스라엘,30.0,690.0,3,남성,23
202209,아시아,9560.0,이스라엘,5.0,483.0,3,여성,23
202209,아시아,-90.0,이스라엘,10.0,1.0,3,승무원,23
202209,아시아,2508.9,이스라엘,45.0,1174.0,3,전체,23
202209,아시아,608.7,이란,23.0,163.0,3,남성,24
202209,아시아,544.4,이란,18.0,116.0,3,여성,24
202209,아시아,300.0,이란,2.0,8.0,3,승무원,24
202209,아시아,567.4,이란,43.0,287.0,3,전체,24
202209,아시아,685.5,기타,587.0,4611.0,3,남성,25
202209,아시아,438.7,기타,225.0,1212.0,3,여성,25
202209,아시아,45.7,기타,164.0,239.0,3,승무원,25
202209,아시아,521.1,기타,976.0,6062.0,3,전체,25
202209,아메리카,399.1,연도대륙,6576.0,32818.0,2,남성,0
202209,아메리카,383.1,연도대륙,6886.0,33266.0,2,여성,0
202209,아메리카,-8.5,연도대륙,10113.0,9252.0,2,승무원,0
202209,아메리카,219.6,연도대륙,23575.0,75336.0,2,전체,0
202209,아메리카,354.0,미국,5760.0,26149.0,3,남성,1
202209,아메리카,345.5,미국,5980.0,26640.0,3,여성,1
202209,아메리카,2.1,미국,7487.0,7646.0,3,승무원,1
202209,아메리카,214.3,미국,19227.0,60435.0,3,전체,1
202209,아메리카,655.2,캐나다,649.0,4901.0,3,남성,2
202209,아메리카,564.4,캐나다,758.0,5036.0,3,여성,2
202209,아메리카,-49.0,캐나다,2315.0,1180.0,3,승무원,2
202209,아메리카,198.7,캐나다,3722.0,11117.0,3,전체,2
202209,아메리카,1072.7,브라질,33.0,387.0,3,남성,3
202209,아메리카,1442.3,브라질,26.0,401.0,3,여성,3
202209,아메리카,154.0,브라질,50.0,127.0,3,승무원,3
202209,아메리카,739.4,브라질,109.0,915.0,3,전체,3
202209,아메리카,1031.7,멕시코,41.0,464.0,3,남성,4
202209,아메리카,583.1,멕시코,65.0,444.0,3,여성,4
202209,아메리카,-3.4,멕시코,176.0,170.0,3,승무원,4
202209,아메리카,282.3,멕시코,282.0,1078.0,3,전체,4
202209,아메리카,886.0,기타,93.0,917.0,3,남성,5
202209,아메리카,1207.0,기타,57.0,745.0,3,여성,5
202209,아메리카,51.8,기타,85.0,129.0,3,승무원,5
202209,아메리카,662.1,기타,235.0,1791.0,3,전체,5
202209,유럽,391.8,연도대륙,4654.0,22888.0,2,남성,0
202209,유럽,637.1,연도대륙,2324.0,17130.0,2,여성,0
202209,유럽,6.9,연도대륙,6629.0,7088.0,2,승무원,0
202209,유럽,246.2,연도대륙,13607.0,47106.0,2,전체,0
202209,유럽,210.5,러시아,868.0,2695.0,3,남성,1
202209,유럽,213.5,러시아,761.0,2386.0,3,여성,1
202209,유럽,-9.5,러시아,1448.0,1310.0,3,승무원,1
202209,유럽,107.7,러시아,3077.0,6391.0,3,전체,1
202209,유럽,611.5,영국,433.0,3081.0,3,남성,2
202209,유럽,756.6,영국,226.0,1936.0,3,여성,2
202209,유럽,11.5,영국,182.0,203.0,3,승무원,2
202209,유럽,520.7,영국,841.0,5220.0,3,전체,2
202209,유럽,561.0,독일,664.0,4389.0,3,남성,3
202209,유럽,1101.8,독일,271.0,3257.0,3,여성,3
202209,유럽,55.4,독일,875.0,1360.0,3,승무원,3
202209,유럽,397.6,독일,1810.0,9006.0,3,전체,3
202209,유럽,505.7,프랑스,559.0,3386.0,3,남성,4
202209,유럽,745.8,프랑스,345.0,2918.0,3,여성,4
202209,유럽,24.5,프랑스,734.0,914.0,3,승무원,4
202209,유럽,340.7,프랑스,1638.0,7218.0,3,전체,4
202209,유럽,446.5,이탈리아,215.0,1175.0,3,남성,5
202209,유럽,1017.5,이탈리아,63.0,704.0,3,여성,5
202209,유럽,41.4,이탈리아,116.0,164.0,3,승무원,5
202209,유럽,418.5,이탈리아,394.0,2043.0,3,전체,5
202209,유럽,646.0,네덜란드,161.0,1201.0,3,남성,6
202209,유럽,1042.2,네덜란드,64.0,731.0,3,여성,6
202209,유럽,-2.5,네덜란드,850.0,829.0,3,승무원,6
202209,유럽,156.8,네덜란드,1075.0,2761.0,3,전체,6
202209,유럽,21.1,우크라이나,355.0,430.0,3,남성,7
202209,유럽,124.7,우크라이나,77.0,173.0,3,여성,7
202209,유럽,-36.2,우크라이나,735.0,469.0,3,승무원,7
202209,유럽,-8.1,우크라이나,1167.0,1072.0,3,전체,7
202209,유럽,435.4,스페인,161.0,862.0,3,남성,8
202209,유럽,761.5,스페인,91.0,784.0,3,여성,8
202209,유럽,73.8,스페인,61.0,106.0,3,승무원,8
202209,유럽,459.7,스페인,313.0,1752.0,3,전체,8
202209,유럽,80.8,루마니아,151.0,273.0,3,남성,9
202209,유럽,1266.7,루마니아,12.0,164.0,3,여성,9
202209,유럽,-9.5,루마니아,168.0,152.0,3,승무원,9
202209,유럽,77.9,루마니아,331.0,589.0,3,전체,9
202209,유럽,542.9,노르웨이,42.0,270.0,3,남성,10
202209,유럽,1194.4,노르웨이,18.0,233.0,3,여성,10
202209,유럽,-6.7,노르웨이,15.0,14.0,3,승무원,10
202209,유럽,589.3,노르웨이,75.0,517.0,3,전체,10
202209,유럽,419.8,스웨덴,86.0,447.0,3,남성,11
202209,유럽,525.0,스웨덴,48.0,300.0,3,여성,11
202209,유럽,50.0,스웨덴,24.0,36.0,3,승무원,11
202209,유럽,395.6,스웨덴,158.0,783.0,3,전체,11
202209,유럽,485.6,폴란드,104.0,609.0,3,남성,12
202209,유럽,1611.8,폴란드,34.0,582.0,3,여성,12
202209,유럽,42.9,폴란드,219.0,313.0,3,승무원,12
202209,유럽,321.3,폴란드,357.0,1504.0,3,전체,12
202209,유럽,749.3,스위스,75.0,637.0,3,남성,13
202209,유럽,862.7,스위스,51.0,491.0,3,여성,13
202209,유럽,-2.3,스위스,43.0,42.0,3,승무원,13
202209,유럽,592.3,스위스,169.0,1170.0,3,전체,13
202209,유럽,645.8,포르투갈,24.0,179.0,3,남성,14
202209,유럽,1161.5,포르투갈,13.0,164.0,3,여성,14
202209,유럽,-76.4,포르투갈,199.0,47.0,3,승무원,14
202209,유럽,65.3,포르투갈,236.0,390.0,3,전체,14
202209,유럽,309.4,오스트리아,96.0,393.0,3,남성,15
202209,유럽,1179.2,오스트리아,24.0,307.0,3,여성,15
202209,유럽,80.5,오스트리아,77.0,139.0,3,승무원,15
202209,유럽,325.9,오스트리아,197.0,839.0,3,전체,15
202209,유럽,221.3,핀란드,61.0,196.0,3,남성,16
202209,유럽,484.0,핀란드,25.0,146.0,3,여성,16
202209,유럽,-30.1,핀란드,183.0,128.0,3,승무원,16
202209,유럽,74.7,핀란드,269.0,470.0,3,전체,16
202209,유럽,512.7,벨기에,79.0,484.0,3,남성,17
202209,유럽,733.3,벨기에,51.0,425.0,3,여성,17
202209,유럽,52.7,벨기에,74.0,113.0,3,승무원,17
202209,유럽,401.0,벨기에,204.0,1022.0,3,전체,17
202209,유럽,177.3,크로아티아,44.0,122.0,3,남성,18
202209,유럽,1550.0,크로아티아,2.0,33.0,3,여성,18
202209,유럽,30.2,크로아티아,43.0,56.0,3,승무원,18
202209,유럽,137.1,크로아티아,89.0,211.0,3,전체,18
202209,유럽,57.9,그리스,164.0,259.0,3,남성,19
202209,유럽,452.6,그리스,19.0,105.0,3,여성,19
202209,유럽,-21.8,그리스,110.0,86.0,3,승무원,19
202209,유럽,53.6,그리스,293.0,450.0,3,전체,19
202209,유럽,360.9,불가리아,23.0,106.0,3,남성,20
202209,유럽,1233.3,불가리아,6.0,80.0,3,여성,20
202209,유럽,-16.9,불가리아,142.0,118.0,3,승무원,20
202209,유럽,77.8,불가리아,171.0,304.0,3,전체,20
202209,유럽,492.6,덴마크,68.0,403.0,3,남성,21
202209,유럽,1305.3,덴마크,19.0,267.0,3,여성,21
202209,유럽,112.5,덴마크,16.0,34.0,3,승무원,21
202209,유럽,583.5,덴마크,103.0,704.0,3,전체,21
202209,유럽,466.7,아일랜드,51.0,289.0,3,남성,22
202209,유럽,731.6,아일랜드,19.0,158.0,3,여성,22
202209,유럽,-68.8,아일랜드,32.0,10.0,3,승무원,22
202209,유럽,348.0,아일랜드,102.0,457.0,3,전체,22
202209,유럽,489.4,기타,170.0,1002.0,3,남성,23
202209,유럽,824.7,기타,85.0,786.0,3,여성,23
202209,유럽,57.2,기타,283.0,445.0,3,승무원,23
202209,유럽,315.1,기타,538.0,2233.0,3,전체,23
202209,오세아니아,4135.0,연도대륙,123.0,5209.0,2,남성,0
202209,오세아니아,4435.6,연도대륙,104.0,4717.0,2,여성,0
202209,오세아니아,90.3,연도대륙,165.0,314.0,2,승무원,0
202209,오세아니아,2512.2,연도대륙,392.0,10240.0,2,전체,0
202209,오세아니아,4559.6,호주,89.0,4147.0,3,남성,1
202209,오세아니아,5434.3,호주,70.0,3874.0,3,여성,1
202209,오세아니아,59.0,호주,100.0,159.0,3,승무원,1
202209,오세아니아,3058.3,호주,259.0,8180.0,3,전체,1
202209,오세아니아,2861.8,뉴질랜드,34.0,1007.0,3,남성,2
202209,오세아니아,2285.3,뉴질랜드,34.0,811.0,3,여성,2
202209,오세아니아,161.1,뉴질랜드,54.0,141.0,3,승무원,2
202209,오세아니아,1505.7,뉴질랜드,122.0,1959.0,3,전체,2
202209,오세아니아,0.0,기타,0.0,55.0,3,남성,3
202209,오세아니아,0.0,기타,0.0,32.0,3,여성,3
202209,오세아니아,27.3,기타,11.0,14.0,3,승무원,3
202209,오세아니아,818.2,기타,11.0,101.0,3,전체,3
202209,아프리카,345.4,연도대륙,368.0,1639.0,2,남성,0
202209,아프리카,372.2,연도대륙,176.0,831.0,2,여성,0
202209,아프리카,44.8,연도대륙,553.0,801.0,2,승무원,0
202209,아프리카,198.2,연도대륙,1097.0,3271.0,2,전체,0
202209,아프리카,678.6,남아프리카공화국,28.0,218.0,3,남성,1
202209,아프리카,439.5,남아프리카공화국,43.0,232.0,3,여성,1
202209,아프리카,56.8,남아프리카공화국,44.0,69.0,3,승무원,1
202209,아프리카,351.3,남아프리카공화국,115.0,519.0,3,전체,1
202209,아프리카,317.9,기타,340.0,1421.0,3,남성,2
202209,아프리카,350.4,기타,133.0,599.0,3,여성,2
202209,아프리카,43.8,기타,509.0,732.0,3,승무원,2
202209,아프리카,180.2,기타,982.0,2752.0,3,전체,2
202209,기타,83.3,연도대륙,6.0,11.0,2,남성,0
202209,기타,0.0,연도대륙,0.0,1.0,2,여성,0
202209,기타,0.0,연도대륙,0.0,6.0,2,승무원,0
202209,기타,200.0,연도대륙,6.0,18.0,2,전체,0
202209,기타,83.3,기타,6.0,11.0,3,남성,1
202209,기타,0.0,기타,0.0,1.0,3,여성,1
202209,기타,0.0,기타,0.0,6.0,3,승무원,1
202209,기타,200.0,기타,6.0,18.0,3,전체,1
202209,교포,135.4,연도대륙,591.0,1391.0,2,남성,0
202209,교포,154.8,연도대륙,737.0,1878.0,2,여성,0
202209,교포,0.0,연도대륙,0.0,0.0,2,승무원,0
202209,교포,146.2,연도대륙,1328.0,3269.0,2,전체,0
202209,교포,135.4,교포,591.0,1391.0,3,남성,1
202209,교포,154.8,교포,737.0,1878.0,3,여성,1
202209,교포,0.0,교포,0.0,0.0,3,승무원,1
202209,교포,146.2,교포,1328.0,3269.0,3,전체,1
202210,대륙전체,472.2,연도,35211.0,201483.0,1,남성,0
202210,대륙전체,1147.8,연도,18030.0,224985.0,1,여성,0
202210,대륙전체,26.7,연도,39175.0,49629.0,1,승무원,0
202210,대륙전체,415.2,연도,92416.0,476097.0,1,전체,0
202210,아시아,530.3,연도대륙,19388.0,122210.0,2,남성,0
202210,아시아,2088.3,연도대륙,7087.0,155084.0,2,여성,0
202210,아시아,48.6,연도대륙,20294.0,30156.0,2,승무원,0
202210,아시아,557.4,연도대륙,46769.0,307450.0,2,전체,0
202210,아시아,66.6,중국,5960.0,9928.0,3,남성,1
202210,아시아,111.3,중국,4302.0,9090.0,3,여성,1
202210,아시아,3.9,중국,3773.0,3922.0,3,승무원,1
202210,아시아,63.4,중국,14035.0,22940.0,3,전체,1
202210,아시아,2510.8,일본,868.0,22662.0,3,남성,2
202210,아시아,15237.4,일본,289.0,44325.0,3,여성,2
202210,아시아,115.0,일본,80.0,172.0,3,승무원,2
202210,아시아,5329.2,일본,1237.0,67159.0,3,전체,2
202210,아시아,2842.3,대만,137.0,4031.0,3,남성,3
202210,아시아,9513.5,대만,74.0,7114.0,3,여성,3
202210,아시아,63.8,대만,130.0,213.0,3,승무원,3
202210,아시아,3230.8,대만,341.0,11358.0,3,전체,3
202210,아시아,7624.4,홍콩,45.0,3476.0,3,남성,4
202210,아시아,15983.3,홍콩,48.0,7720.0,3,여성,4
202210,아시아,-16.7,홍콩,24.0,20.0,3,승무원,4
202210,아시아,9486.3,홍콩,117.0,11216.0,3,전체,4
202210,아시아,3200.0,마카오,1.0,33.0,3,남성,5
202210,아시아,4100.0,마카오,1.0,42.0,3,여성,5
202210,아시아,0.0,마카오,0.0,0.0,3,승무원,5
202210,아시아,3650.0,마카오,2.0,75.0,3,전체,5
202210,아시아,189.1,필리핀,3491.0,10094.0,3,남성,6
202210,아시아,9312.5,필리핀,96.0,9036.0,3,여성,6
202210,아시아,10.4,필리핀,7096.0,7836.0,3,승무원,6
202210,아시아,152.4,필리핀,10683.0,26966.0,3,전체,6
202210,아시아,430.2,인도네시아,1252.0,6638.0,3,남성,7
202210,아시아,13755.6,인도네시아,45.0,6235.0,3,여성,7
202210,아시아,-2.7,인도네시아,1929.0,1877.0,3,승무원,7
202210,아시아,357.2,인도네시아,3226.0,14750.0,3,전체,7
202210,아시아,2102.2,태국,494.0,10879.0,3,남성,8
202210,아시아,10699.0,태국,204.0,22030.0,3,여성,8
202210,아시아,663.3,태국,199.0,1519.0,3,승무원,8
202210,아시아,3738.1,태국,897.0,34428.0,3,전체,8
202210,아시아,1776.2,베트남,659.0,12364.0,3,남성,9
202210,아시아,3775.5,베트남,396.0,15347.0,3,여성,9
202210,아시아,842.8,베트남,456.0,4299.0,3,승무원,9
202210,아시아,2018.5,베트남,1511.0,32010.0,3,전체,9
202210,아시아,269.5,인도,1289.0,4763.0,3,남성,10
202210,아시아,1220.6,인도,107.0,1413.0,3,여성,10
202210,아시아,-0.2,인도,1796.0,1792.0,3,승무원,10
202210,아시아,149.6,인도,3192.0,7968.0,3,전체,10
202210,아시아,4229.0,말레이시아,100.0,4329.0,3,남성,11
202210,아시아,18381.6,말레이시아,38.0,7023.0,3,여성,11
202210,아시아,286.4,말레이시아,258.0,997.0,3,승무원,11
202210,아시아,3018.4,말레이시아,396.0,12349.0,3,전체,11
202210,아시아,7002.3,싱가포르,133.0,9446.0,3,남성,12
202210,아시아,29357.1,싱가포르,49.0,14434.0,3,여성,12
202210,아시아,392.2,싱가포르,179.0,881.0,3,승무원,12
202210,아시아,6759.0,싱가포르,361.0,24761.0,3,전체,12
202210,아시아,1942.1,몽골,178.0,3635.0,3,남성,13
202210,아시아,1685.7,몽골,244.0,4357.0,3,여성,13
202210,아시아,400.0,몽골,2.0,10.0,3,승무원,13
202210,아시아,1787.3,몽골,424.0,8002.0,3,전체,13
202210,아시아,235.9,우즈베키스탄,733.0,2462.0,3,남성,14
202210,아시아,128.2,우즈베키스탄,457.0,1043.0,3,여성,14
202210,아시아,6300.0,우즈베키스탄,4.0,256.0,3,승무원,14
202210,아시아,215.0,우즈베키스탄,1194.0,3761.0,3,전체,14
202210,아시아,90.2,미얀마,1709.0,3250.0,3,남성,15
202210,아시아,897.2,미얀마,36.0,359.0,3,여성,15
202210,아시아,8.4,미얀마,3317.0,3597.0,3,승무원,15
202210,아시아,42.4,미얀마,5062.0,7206.0,3,전체,15
202210,아시아,270.2,GCC,312.0,1155.0,3,남성,16
202210,아시아,994.2,GCC,69.0,755.0,3,여성,16
202210,아시아,8.8,GCC,136.0,148.0,3,승무원,16
202210,아시아,298.1,GCC,517.0,2058.0,3,전체,16
202210,아시아,450.4,카자흐스탄,232.0,1277.0,3,남성,17
202210,아시아,476.2,카자흐스탄,240.0,1383.0,3,여성,17
202210,아시아,188.0,카자흐스탄,92.0,265.0,3,승무원,17
202210,아시아,418.6,카자흐스탄,564.0,2925.0,3,전체,17
202210,아시아,445.1,튀르키예,144.0,785.0,3,남성,18
202210,아시아,3050.0,튀르키예,12.0,378.0,3,여성,18
202210,아시아,128.2,튀르키예,433.0,988.0,3,승무원,18
202210,아시아,265.2,튀르키예,589.0,2151.0,3,전체,18
202210,아시아,1542.1,캄보디아,159.0,2611.0,3,남성,19
202210,아시아,871.8,캄보디아,85.0,826.0,3,여성,19
202210,아시아,0.0,캄보디아,0.0,10.0,3,승무원,19
202210,아시아,1312.7,캄보디아,244.0,3447.0,3,전체,19
202210,아시아,880.4,스리랑카,153.0,1500.0,3,남성,20
202210,아시아,1070.0,스리랑카,10.0,117.0,3,여성,20
202210,아시아,66.5,스리랑카,176.0,293.0,3,승무원,20
202210,아시아,463.4,스리랑카,339.0,1910.0,3,전체,20
202210,아시아,774.6,방글라데시,114.0,997.0,3,남성,21
202210,아시아,600.0,방글라데시,18.0,126.0,3,여성,21
202210,아시아,-8.7,방글라데시,115.0,105.0,3,승무원,21
202210,아시아,397.2,방글라데시,247.0,1228.0,3,전체,21
202210,아시아,927.0,파키스탄,74.0,760.0,3,남성,22
202210,아시아,573.7,파키스탄,19.0,128.0,3,여성,22
202210,아시아,2704.0,파키스탄,25.0,701.0,3,승무원,22
202210,아시아,1246.6,파키스탄,118.0,1589.0,3,전체,22
202210,아시아,360.1,이스라엘,163.0,750.0,3,남성,23
202210,아시아,3550.0,이스라엘,18.0,657.0,3,여성,23
202210,아시아,0.0,이스라엘,2.0,2.0,3,승무원,23
202210,아시아,669.9,이스라엘,183.0,1409.0,3,전체,23
202210,아시아,1118.2,이란,22.0,268.0,3,남성,24
202210,아시아,1544.4,이란,9.0,148.0,3,여성,24
202210,아시아,0.0,이란,0.0,6.0,3,승무원,24
202210,아시아,1261.3,이란,31.0,422.0,3,전체,24
202210,아시아,326.2,기타,966.0,4117.0,3,남성,25
202210,아시아,351.6,기타,221.0,998.0,3,여성,25
202210,아시아,243.1,기타,72.0,247.0,3,승무원,25
202210,아시아,325.9,기타,1259.0,5362.0,3,전체,25
202210,아메리카,398.5,연도대륙,8217.0,40963.0,2,남성,0
202210,아메리카,464.1,연도대륙,7362.0,41532.0,2,여성,0
202210,아메리카,-14.9,연도대륙,11197.0,9527.0,2,승무원,0
202210,아메리카,243.7,연도대륙,26776.0,92022.0,2,전체,0
202210,아메리카,362.0,미국,7057.0,32605.0,3,남성,1
202210,아메리카,431.7,미국,6265.0,33314.0,3,여성,1
202210,아메리카,-7.8,미국,8285.0,7641.0,3,승무원,1
202210,아메리카,240.4,미국,21607.0,73560.0,3,전체,1
202210,아메리카,571.6,캐나다,891.0,5984.0,3,남성,2
202210,아메리카,510.5,캐나다,967.0,5904.0,3,여성,2
202210,아메리카,-49.1,캐나다,2589.0,1317.0,3,승무원,2
202210,아메리카,196.9,캐나다,4447.0,13205.0,3,전체,2
202210,아메리카,669.7,브라질,76.0,585.0,3,남성,3
202210,아메리카,1884.8,브라질,33.0,655.0,3,여성,3
202210,아메리카,165.7,브라질,70.0,186.0,3,승무원,3
202210,아메리카,696.6,브라질,179.0,1426.0,3,전체,3
202210,아메리카,982.4,멕시코,51.0,552.0,3,남성,4
202210,아메리카,1437.1,멕시코,35.0,538.0,3,여성,4
202210,아메리카,23.8,멕시코,168.0,208.0,3,승무원,4
202210,아메리카,411.0,멕시코,254.0,1298.0,3,전체,4
202210,아메리카,771.1,기타,142.0,1237.0,3,남성,5
202210,아메리카,1708.1,기타,62.0,1121.0,3,여성,5
202210,아메리카,105.9,기타,85.0,175.0,3,승무원,5
202210,아메리카,776.5,기타,289.0,2533.0,3,전체,5
202210,유럽,355.7,연도대륙,6288.0,28653.0,2,남성,0
202210,유럽,750.6,연도대륙,2359.0,20065.0,2,여성,0
202210,유럽,18.9,연도대륙,6906.0,8212.0,2,승무원,0
202210,유럽,266.0,연도대륙,15553.0,56930.0,2,전체,0
202210,유럽,146.1,러시아,1064.0,2619.0,3,남성,1
202210,유럽,217.6,러시아,700.0,2223.0,3,여성,1
202210,유럽,30.2,러시아,1314.0,1711.0,3,승무원,1
202210,유럽,112.9,러시아,3078.0,6553.0,3,전체,1
202210,유럽,537.2,영국,602.0,3836.0,3,남성,2
202210,유럽,794.9,영국,277.0,2479.0,3,여성,2
202210,유럽,30.4,영국,230.0,300.0,3,승무원,2
202210,유럽,496.5,영국,1109.0,6615.0,3,전체,2
202210,유럽,348.2,독일,1073.0,4809.0,3,남성,3
202210,유럽,841.5,독일,318.0,2994.0,3,여성,3
202210,유럽,45.0,독일,969.0,1405.0,3,승무원,3
202210,유럽,290.2,독일,2360.0,9208.0,3,전체,3
202210,유럽,665.0,프랑스,594.0,4544.0,3,남성,4
202210,유럽,1169.4,프랑스,320.0,4062.0,3,여성,4
202210,유럽,36.0,프랑스,686.0,933.0,3,승무원,4
202210,유럽,496.2,프랑스,1600.0,9539.0,3,전체,4
202210,유럽,377.6,이탈리아,357.0,1705.0,3,남성,5
202210,유럽,1189.5,이탈리아,76.0,980.0,3,여성,5
202210,유럽,36.7,이탈리아,139.0,190.0,3,승무원,5
202210,유럽,402.6,이탈리아,572.0,2875.0,3,전체,5
202210,유럽,485.3,네덜란드,251.0,1469.0,3,남성,6
202210,유럽,1607.8,네덜란드,51.0,871.0,3,여성,6
202210,유럽,4.4,네덜란드,865.0,903.0,3,승무원,6
202210,유럽,177.9,네덜란드,1167.0,3243.0,3,전체,6
202210,유럽,28.9,우크라이나,422.0,544.0,3,남성,7
202210,유럽,111.4,우크라이나,105.0,222.0,3,여성,7
202210,유럽,-23.0,우크라이나,734.0,565.0,3,승무원,7
202210,유럽,5.6,우크라이나,1261.0,1331.0,3,전체,7
202210,유럽,619.9,스페인,171.0,1231.0,3,남성,8
202210,유럽,1321.2,스페인,66.0,938.0,3,여성,8
202210,유럽,35.6,스페인,73.0,99.0,3,승무원,8
202210,유럽,631.6,스페인,310.0,2268.0,3,전체,8
202210,유럽,136.6,루마니아,175.0,414.0,3,남성,9
202210,유럽,1737.5,루마니아,16.0,294.0,3,여성,9
202210,유럽,-4.3,루마니아,185.0,177.0,3,승무원,9
202210,유럽,135.4,루마니아,376.0,885.0,3,전체,9
202210,유럽,245.2,노르웨이,126.0,435.0,3,남성,10
202210,유럽,668.8,노르웨이,32.0,246.0,3,여성,10
202210,유럽,-42.9,노르웨이,21.0,12.0,3,승무원,10
202210,유럽,287.2,노르웨이,179.0,693.0,3,전체,10
202210,유럽,540.0,스웨덴,115.0,736.0,3,남성,11
202210,유럽,801.9,스웨덴,53.0,478.0,3,여성,11
202210,유럽,0.0,스웨덴,28.0,28.0,3,승무원,11
202210,유럽,533.7,스웨덴,196.0,1242.0,3,전체,11
202210,유럽,408.6,폴란드,151.0,768.0,3,남성,12
202210,유럽,1394.4,폴란드,36.0,538.0,3,여성,12
202210,유럽,65.6,폴란드,241.0,399.0,3,승무원,12
202210,유럽,298.4,폴란드,428.0,1705.0,3,전체,12
202210,유럽,699.0,스위스,99.0,791.0,3,남성,13
202210,유럽,1121.6,스위스,51.0,623.0,3,여성,13
202210,유럽,29.4,스위스,34.0,44.0,3,승무원,13
202210,유럽,692.4,스위스,184.0,1458.0,3,전체,13
202210,유럽,481.2,포르투갈,48.0,279.0,3,남성,14
202210,유럽,1990.9,포르투갈,11.0,230.0,3,여성,14
202210,유럽,-72.3,포르투갈,213.0,59.0,3,승무원,14
202210,유럽,108.8,포르투갈,272.0,568.0,3,전체,14
202210,유럽,313.1,오스트리아,122.0,504.0,3,남성,15
202210,유럽,980.0,오스트리아,30.0,324.0,3,여성,15
202210,유럽,11.2,오스트리아,107.0,119.0,3,승무원,15
202210,유럽,265.6,오스트리아,259.0,947.0,3,전체,15
202210,유럽,285.7,핀란드,98.0,378.0,3,남성,16
202210,유럽,2854.5,핀란드,11.0,325.0,3,여성,16
202210,유럽,-33.6,핀란드,226.0,150.0,3,승무원,16
202210,유럽,154.6,핀란드,335.0,853.0,3,전체,16
202210,유럽,490.9,벨기에,99.0,585.0,3,남성,17
202210,유럽,883.3,벨기에,42.0,413.0,3,여성,17
202210,유럽,27.1,벨기에,107.0,136.0,3,승무원,17
202210,유럽,357.3,벨기에,248.0,1134.0,3,전체,17
202210,유럽,172.2,크로아티아,72.0,196.0,3,남성,18
202210,유럽,816.7,크로아티아,6.0,55.0,3,여성,18
202210,유럽,58.2,크로아티아,55.0,87.0,3,승무원,18
202210,유럽,154.1,크로아티아,133.0,338.0,3,전체,18
202210,유럽,57.0,그리스,223.0,350.0,3,남성,19
202210,유럽,528.6,그리스,14.0,88.0,3,여성,19
202210,유럽,-10.4,그리스,163.0,146.0,3,승무원,19
202210,유럽,46.0,그리스,400.0,584.0,3,전체,19
202210,유럽,153.5,불가리아,43.0,109.0,3,남성,20
202210,유럽,1350.0,불가리아,6.0,87.0,3,여성,20
202210,유럽,35.7,불가리아,98.0,133.0,3,승무원,20
202210,유럽,123.8,불가리아,147.0,329.0,3,전체,20
202210,유럽,422.4,덴마크,116.0,606.0,3,남성,21
202210,유럽,1111.8,덴마크,34.0,412.0,3,여성,21
202210,유럽,-13.3,덴마크,30.0,26.0,3,승무원,21
202210,유럽,480.0,덴마크,180.0,1044.0,3,전체,21
202210,유럽,642.2,아일랜드,45.0,334.0,3,남성,22
202210,유럽,794.7,아일랜드,19.0,170.0,3,여성,22
202210,유럽,-6.1,아일랜드,33.0,31.0,3,승무원,22
202210,유럽,451.5,아일랜드,97.0,535.0,3,전체,22
202210,유럽,535.6,기타,222.0,1411.0,3,남성,23
202210,유럽,1091.8,기타,85.0,1013.0,3,여성,23
202210,유럽,57.5,기타,355.0,559.0,3,승무원,23
202210,유럽,350.6,기타,662.0,2983.0,3,전체,23
202210,오세아니아,2809.0,연도대륙,199.0,5789.0,2,남성,0
202210,오세아니아,3992.9,연도대륙,126.0,5157.0,2,여성,0
202210,오세아니아,357.8,연도대륙,173.0,792.0,2,승무원,0
202210,오세아니아,2257.0,연도대륙,498.0,11738.0,2,전체,0
202210,오세아니아,3196.4,호주,137.0,4516.0,3,남성,1
202210,오세아니아,4570.8,호주,89.0,4157.0,3,여성,1
202210,오세아니아,364.0,호주,89.0,413.0,3,승무원,1
202210,오세아니아,2784.4,호주,315.0,9086.0,3,전체,1
202210,오세아니아,1835.5,뉴질랜드,62.0,1200.0,3,남성,2
202210,오세아니아,2729.4,뉴질랜드,34.0,962.0,3,여성,2
202210,오세아니아,400.0,뉴질랜드,71.0,355.0,3,승무원,2
202210,오세아니아,1407.2,뉴질랜드,167.0,2517.0,3,전체,2
202210,오세아니아,0.0,기타,0.0,73.0,3,남성,3
202210,오세아니아,1166.7,기타,3.0,38.0,3,여성,3
202210,오세아니아,84.6,기타,13.0,24.0,3,승무원,3
202210,오세아니아,743.8,기타,16.0,135.0,3,전체,3
202210,아프리카,536.5,연도대륙,362.0,2304.0,2,남성,0
202210,아프리카,825.2,연도대륙,119.0,1101.0,2,여성,0
202210,아프리카,55.2,연도대륙,605.0,939.0,2,승무원,0
202210,아프리카,300.0,연도대륙,1086.0,4344.0,2,전체,0
202210,아프리카,1312.0,남아프리카공화국,25.0,353.0,3,남성,1
202210,아프리카,1071.4,남아프리카공화국,28.0,328.0,3,여성,1
202210,아프리카,63.4,남아프리카공화국,41.0,67.0,3,승무원,1
202210,아프리카,695.7,남아프리카공화국,94.0,748.0,3,전체,1
202210,아프리카,478.9,기타,337.0,1951.0,3,남성,2
202210,아프리카,749.5,기타,91.0,773.0,3,여성,2
202210,아프리카,54.6,기타,564.0,872.0,3,승무원,2
202210,아프리카,262.5,기타,992.0,3596.0,3,전체,2
202210,기타,116.7,연도대륙,6.0,13.0,2,남성,0
202210,기타,0.0,연도대륙,0.0,2.0,2,여성,0
202210,기타,0.0,연도대륙,0.0,3.0,2,승무원,0
202210,기타,200.0,연도대륙,6.0,18.0,2,전체,0
202210,기타,116.7,기타,6.0,13.0,3,남성,1
202210,기타,0.0,기타,0.0,2.0,3,여성,1
202210,기타,0.0,기타,0.0,3.0,3,승무원,1
202210,기타,200.0,기타,6.0,18.0,3,전체,1
202210,교포,106.5,연도대륙,751.0,1551.0,2,남성,0
202210,교포,109.2,연도대륙,977.0,2044.0,2,여성,0
202210,교포,0.0,연도대륙,0.0,0.0,2,승무원,0
202210,교포,108.0,연도대륙,1728.0,3595.0,2,전체,0
202210,교포,106.5,교포,751.0,1551.0,3,남성,1
202210,교포,109.2,교포,977.0,2044.0,3,여성,1
202210,교포,0.0,교포,0.0,0.0,3,승무원,1
202210,교포,108.0,교포,1728.0,3595.0,3,전체,1
202211,대륙전체,470.2,연도,36184.0,206321.0,1,남성,0
202211,대륙전체,1036.0,연도,17924.0,203613.0,1,여성,0
202211,대륙전체,24.2,연도,40250.0,49972.0,1,승무원,0
202211,대륙전체,387.4,연도,94358.0,459906.0,1,전체,0
202211,아시아,576.0,연도대륙,19881.0,134402.0,2,남성,0
202211,아시아,1871.8,연도대륙,7520.0,148279.0,2,여성,0
202211,아시아,39.9,연도대륙,21760.0,30449.0,2,승무원,0
202211,아시아,536.9,연도대륙,49161.0,313130.0,2,전체,0
202211,아시아,121.1,중국,4904.0,10841.0,3,남성,1
202211,아시아,227.6,중국,3025.0,9911.0,3,여성,1
202211,아시아,-24.7,중국,4543.0,3422.0,3,승무원,1
202211,아시아,93.8,중국,12472.0,24174.0,3,전체,1
202211,아시아,2852.8,일본,913.0,26959.0,3,남성,2
202211,아시아,5666.8,일본,612.0,35293.0,3,여성,2
202211,아시아,73.5,일본,98.0,170.0,3,승무원,2
202211,아시아,3746.1,일본,1623.0,62422.0,3,전체,2
202211,아시아,4127.3,대만,143.0,6045.0,3,남성,3
202211,아시아,10511.8,대만,110.0,11673.0,3,여성,3
202211,아시아,60.7,대만,122.0,196.0,3,승무원,3
202211,아시아,4677.1,대만,375.0,17914.0,3,전체,3
202211,아시아,11705.4,홍콩,37.0,4368.0,3,남성,4
202211,아시아,17316.9,홍콩,59.0,10276.0,3,여성,4
202211,아시아,234.8,홍콩,23.0,77.0,3,승무원,4
202211,아시아,12270.6,홍콩,119.0,14721.0,3,전체,4
202211,아시아,1750.0,마카오,2.0,37.0,3,남성,5
202211,아시아,1900.0,마카오,3.0,60.0,3,여성,5
202211,아시아,0.0,마카오,0.0,0.0,3,승무원,5
202211,아시아,1840.0,마카오,5.0,97.0,3,전체,5
202211,아시아,177.1,필리핀,3463.0,9596.0,3,남성,6
202211,아시아,6252.3,필리핀,111.0,7051.0,3,여성,6
202211,아시아,-3.9,필리핀,7613.0,7316.0,3,승무원,6
202211,아시아,114.2,필리핀,11187.0,23963.0,3,전체,6
202211,아시아,317.1,인도네시아,1570.0,6548.0,3,남성,7
202211,아시아,5931.8,인도네시아,88.0,5308.0,3,여성,7
202211,아시아,7.6,인도네시아,2271.0,2443.0,3,승무원,7
202211,아시아,263.9,인도네시아,3929.0,14299.0,3,전체,7
202211,아시아,2247.8,태국,406.0,9532.0,3,남성,8
202211,아시아,5818.5,태국,302.0,17874.0,3,여성,8
202211,아시아,894.8,태국,192.0,1910.0,3,승무원,8
202211,아시아,3157.3,태국,900.0,29316.0,3,전체,8
202211,아시아,1218.8,베트남,787.0,10379.0,3,남성,9
202211,아시아,1922.9,베트남,590.0,11935.0,3,여성,9
202211,아시아,562.1,베트남,755.0,4999.0,3,승무원,9
202211,아시아,1181.1,베트남,2132.0,27313.0,3,전체,9
202211,아시아,305.7,인도,1249.0,5067.0,3,남성,10
202211,아시아,463.2,인도,171.0,963.0,3,여성,10
202211,아시아,67.8,인도,1325.0,2223.0,3,승무원,10
202211,아시아,200.7,인도,2745.0,8253.0,3,전체,10
202211,아시아,2497.4,말레이시아,189.0,4909.0,3,남성,11
202211,아시아,4851.0,말레이시아,143.0,7080.0,3,여성,11
202211,아시아,347.8,말레이시아,251.0,1124.0,3,승무원,11
202211,아시아,2149.2,말레이시아,583.0,13113.0,3,전체,11
202211,아시아,1109.9,싱가포르,1112.0,13454.0,3,남성,12
202211,아시아,1639.7,싱가포르,1059.0,18423.0,3,여성,12
202211,아시아,449.4,싱가포르,243.0,1335.0,3,승무원,12
202211,아시아,1275.8,싱가포르,2414.0,33212.0,3,전체,12
202211,아시아,2297.9,몽골,189.0,4532.0,3,남성,13
202211,아시아,2696.4,몽골,195.0,5453.0,3,여성,13
202211,아시아,0.0,몽골,0.0,1.0,3,승무원,13
202211,아시아,2500.5,몽골,384.0,9986.0,3,전체,13
202211,아시아,297.4,우즈베키스탄,571.0,2269.0,3,남성,14
202211,아시아,233.7,우즈베키스탄,282.0,941.0,3,여성,14
202211,아시아,10933.3,우즈베키스탄,3.0,331.0,3,승무원,14
202211,아시아,313.7,우즈베키스탄,856.0,3541.0,3,전체,14
202211,아시아,41.0,미얀마,1890.0,2665.0,3,남성,15
202211,아시아,294.4,미얀마,72.0,284.0,3,여성,15
202211,아시아,-26.4,미얀마,3426.0,2523.0,3,승무원,15
202211,아시아,1.6,미얀마,5388.0,5472.0,3,전체,15
202211,아시아,750.4,GCC,224.0,1905.0,3,남성,16
202211,아시아,1510.3,GCC,58.0,934.0,3,여성,16
202211,아시아,242.1,GCC,95.0,325.0,3,승무원,16
202211,아시아,739.3,GCC,377.0,3164.0,3,전체,16
202211,아시아,1218.0,카자흐스탄,128.0,1687.0,3,남성,17
202211,아시아,1138.5,카자흐스탄,130.0,1610.0,3,여성,17
202211,아시아,160.6,카자흐스탄,94.0,245.0,3,승무원,17
202211,아시아,906.2,카자흐스탄,352.0,3542.0,3,전체,17
202211,아시아,1114.1,튀르키예,71.0,862.0,3,남성,18
202211,아시아,2620.0,튀르키예,15.0,408.0,3,여성,18
202211,아시아,165.4,튀르키예,327.0,868.0,3,승무원,18
202211,아시아,417.7,튀르키예,413.0,2138.0,3,전체,18
202211,아시아,516.1,캄보디아,404.0,2489.0,3,남성,19
202211,아시아,503.0,캄보디아,164.0,989.0,3,여성,19
202211,아시아,0.0,캄보디아,0.0,21.0,3,승무원,19
202211,아시아,516.0,캄보디아,568.0,3499.0,3,전체,19
202211,아시아,767.7,스리랑카,220.0,1909.0,3,남성,20
202211,아시아,376.0,스리랑카,25.0,119.0,3,여성,20
202211,아시아,110.9,스리랑카,156.0,329.0,3,승무원,20
202211,아시아,487.8,스리랑카,401.0,2357.0,3,전체,20
202211,아시아,927.7,방글라데시,159.0,1634.0,3,남성,21
202211,아시아,43.5,방글라데시,62.0,89.0,3,여성,21
202211,아시아,13.0,방글라데시,123.0,139.0,3,승무원,21
202211,아시아,441.3,방글라데시,344.0,1862.0,3,전체,21
202211,아시아,581.9,파키스탄,116.0,791.0,3,남성,22
202211,아시아,300.0,파키스탄,21.0,84.0,3,여성,22
202211,아시아,122.2,파키스탄,27.0,60.0,3,승무원,22
202211,아시아,470.1,파키스탄,164.0,935.0,3,전체,22
202211,아시아,431.5,이스라엘,111.0,590.0,3,남성,23
202211,아시아,1086.4,이스라엘,22.0,261.0,3,여성,23
202211,아시아,-100.0,이스라엘,1.0,0.0,3,승무원,23
202211,아시아,535.1,이스라엘,134.0,851.0,3,전체,23
202211,아시아,525.0,이란,32.0,200.0,3,남성,24
202211,아시아,326.1,이란,23.0,98.0,3,여성,24
202211,아시아,633.3,이란,3.0,22.0,3,승무원,24
202211,아시아,451.7,이란,58.0,320.0,3,전체,24
202211,아시아,418.1,기타,991.0,5134.0,3,남성,25
202211,아시아,552.8,기타,178.0,1162.0,3,여성,25
202211,아시아,436.2,기타,69.0,370.0,3,승무원,25
202211,아시아,438.4,기타,1238.0,6666.0,3,전체,25
202211,아메리카,347.1,연도대륙,8246.0,36864.0,2,남성,0
202211,아메리카,398.0,연도대륙,6701.0,33369.0,2,여성,0
202211,아메리카,-3.1,연도대륙,10204.0,9886.0,2,승무원,0
202211,아메리카,218.6,연도대륙,25151.0,80119.0,2,전체,0
202211,아메리카,323.6,미국,7079.0,29987.0,3,남성,1
202211,아메리카,376.8,미국,5648.0,26931.0,3,여성,1
202211,아메리카,7.4,미국,7396.0,7943.0,3,승무원,1
202211,아메리카,222.3,미국,20123.0,64861.0,3,전체,1
202211,아메리카,456.2,캐나다,893.0,4967.0,3,남성,2
202211,아메리카,466.8,캐나다,849.0,4812.0,3,여성,2
202211,아메리카,-44.7,캐나다,2497.0,1380.0,3,승무원,2
202211,아메리카,163.2,캐나다,4239.0,11159.0,3,전체,2
202211,아메리카,781.4,브라질,59.0,520.0,3,남성,3
202211,아메리카,984.2,브라질,38.0,412.0,3,여성,3
202211,아메리카,255.2,브라질,58.0,206.0,3,승무원,3
202211,아메리카,634.2,브라질,155.0,1138.0,3,전체,3
202211,아메리카,627.3,멕시코,66.0,480.0,3,남성,4
202211,아메리카,568.3,멕시코,63.0,421.0,3,여성,4
202211,아메리카,36.0,멕시코,150.0,204.0,3,승무원,4
202211,아메리카,296.1,멕시코,279.0,1105.0,3,전체,4
202211,아메리카,510.7,기타,149.0,910.0,3,남성,5
202211,아메리카,669.9,기타,103.0,793.0,3,여성,5
202211,아메리카,48.5,기타,103.0,153.0,3,승무원,5
202211,아메리카,422.8,기타,355.0,1856.0,3,전체,5
202211,유럽,289.1,연도대륙,6641.0,25842.0,2,남성,0
202211,유럽,456.6,연도대륙,2474.0,13771.0,2,여성,0
202211,유럽,9.2,연도대륙,7515.0,8208.0,2,승무원,0
202211,유럽,187.6,연도대륙,16630.0,47821.0,2,전체,0
202211,유럽,220.8,러시아,1010.0,3240.0,3,남성,1
202211,유럽,248.4,러시아,750.0,2613.0,3,여성,1
202211,유럽,-9.0,러시아,1862.0,1694.0,3,승무원,1
202211,유럽,108.4,러시아,3622.0,7547.0,3,전체,1
202211,유럽,453.9,영국,638.0,3534.0,3,남성,2
202211,유럽,503.9,영국,279.0,1685.0,3,여성,2
202211,유럽,-32.2,영국,342.0,232.0,3,승무원,2
202211,유럽,333.0,영국,1259.0,5451.0,3,전체,2
202211,유럽,270.1,독일,1127.0,4171.0,3,남성,3
202211,유럽,532.1,독일,262.0,1656.0,3,여성,3
202211,유럽,35.5,독일,993.0,1346.0,3,승무원,3
202211,유럽,201.1,독일,2382.0,7173.0,3,전체,3
202211,유럽,443.4,프랑스,673.0,3657.0,3,남성,4
202211,유럽,610.1,프랑스,335.0,2379.0,3,여성,4
202211,유럽,51.1,프랑스,728.0,1100.0,3,승무원,4
202211,유럽,311.1,프랑스,1736.0,7136.0,3,전체,4
202211,유럽,310.8,이탈리아,425.0,1746.0,3,남성,5
202211,유럽,388.7,이탈리아,141.0,689.0,3,여성,5
202211,유럽,57.8,이탈리아,135.0,213.0,3,승무원,5
202211,유럽,277.7,이탈리아,701.0,2648.0,3,전체,5
202211,유럽,347.8,네덜란드,278.0,1245.0,3,남성,6
202211,유럽,654.8,네덜란드,73.0,551.0,3,여성,6
202211,유럽,17.4,네덜란드,789.0,926.0,3,승무원,6
202211,유럽,138.8,네덜란드,1140.0,2722.0,3,전체,6
202211,유럽,20.3,우크라이나,399.0,480.0,3,남성,7
202211,유럽,113.9,우크라이나,79.0,169.0,3,여성,7
202211,유럽,-40.5,우크라이나,830.0,494.0,3,승무원,7
202211,유럽,-12.6,우크라이나,1308.0,1143.0,3,전체,7
202211,유럽,341.0,스페인,244.0,1076.0,3,남성,8
202211,유럽,410.0,스페인,140.0,714.0,3,여성,8
202211,유럽,146.2,스페인,65.0,160.0,3,승무원,8
202211,유럽,334.3,스페인,449.0,1950.0,3,전체,8
202211,유럽,51.2,루마니아,164.0,248.0,3,남성,9
202211,유럽,1038.5,루마니아,13.0,148.0,3,여성,9
202211,유럽,4.1,루마니아,147.0,153.0,3,승무원,9
202211,유럽,69.4,루마니아,324.0,549.0,3,전체,9
202211,유럽,363.5,노르웨이,74.0,343.0,3,남성,10
202211,유럽,480.6,노르웨이,31.0,180.0,3,여성,10
202211,유럽,13.3,노르웨이,15.0,17.0,3,승무원,10
202211,유럽,350.0,노르웨이,120.0,540.0,3,전체,10
202211,유럽,383.7,스웨덴,129.0,624.0,3,남성,11
202211,유럽,671.7,스웨덴,46.0,355.0,3,여성,11
202211,유럽,-15.6,스웨덴,32.0,27.0,3,승무원,11
202211,유럽,386.0,스웨덴,207.0,1006.0,3,전체,11
202211,유럽,243.9,폴란드,205.0,705.0,3,남성,12
202211,유럽,1032.4,폴란드,34.0,385.0,3,여성,12
202211,유럽,61.3,폴란드,248.0,400.0,3,승무원,12
202211,유럽,206.0,폴란드,487.0,1490.0,3,전체,12
202211,유럽,432.4,스위스,108.0,575.0,3,남성,13
202211,유럽,611.8,스위스,34.0,242.0,3,여성,13
202211,유럽,133.3,스위스,12.0,28.0,3,승무원,13
202211,유럽,448.7,스위스,154.0,845.0,3,전체,13
202211,유럽,470.5,포르투갈,44.0,251.0,3,남성,14
202211,유럽,1766.7,포르투갈,9.0,168.0,3,여성,14
202211,유럽,40.0,포르투갈,55.0,77.0,3,승무원,14
202211,유럽,359.3,포르투갈,108.0,496.0,3,전체,14
202211,유럽,151.4,오스트리아,185.0,465.0,3,남성,15
202211,유럽,350.0,오스트리아,36.0,162.0,3,여성,15
202211,유럽,17.7,오스트리아,96.0,113.0,3,승무원,15
202211,유럽,133.4,오스트리아,317.0,740.0,3,전체,15
202211,유럽,307.6,핀란드,66.0,269.0,3,남성,16
202211,유럽,950.0,핀란드,16.0,168.0,3,여성,16
202211,유럽,2.9,핀란드,238.0,245.0,3,승무원,16
202211,유럽,113.1,핀란드,320.0,682.0,3,전체,16
202211,유럽,388.7,벨기에,115.0,562.0,3,남성,17
202211,유럽,738.2,벨기에,34.0,285.0,3,여성,17
202211,유럽,47.7,벨기에,86.0,127.0,3,승무원,17
202211,유럽,314.5,벨기에,235.0,974.0,3,전체,17
202211,유럽,17.4,크로아티아,121.0,142.0,3,남성,18
202211,유럽,528.6,크로아티아,7.0,44.0,3,여성,18
202211,유럽,-31.2,크로아티아,96.0,66.0,3,승무원,18
202211,유럽,12.5,크로아티아,224.0,252.0,3,전체,18
202211,유럽,145.8,그리스,144.0,354.0,3,남성,19
202211,유럽,627.3,그리스,11.0,80.0,3,여성,19
202211,유럽,4.9,그리스,122.0,128.0,3,승무원,19
202211,유럽,102.9,그리스,277.0,562.0,3,전체,19
202211,유럽,104.3,불가리아,46.0,94.0,3,남성,20
202211,유럽,660.0,불가리아,5.0,38.0,3,여성,20
202211,유럽,-30.1,불가리아,123.0,86.0,3,승무원,20
202211,유럽,25.3,불가리아,174.0,218.0,3,전체,20
202211,유럽,332.8,덴마크,116.0,502.0,3,남성,21
202211,유럽,561.1,덴마크,36.0,238.0,3,여성,21
202211,유럽,11.1,덴마크,27.0,30.0,3,승무원,21
202211,유럽,330.2,덴마크,179.0,770.0,3,전체,21
202211,유럽,405.1,아일랜드,59.0,298.0,3,남성,22
202211,유럽,529.2,아일랜드,24.0,151.0,3,여성,22
202211,유럽,3.0,아일랜드,33.0,34.0,3,승무원,22
202211,유럽,316.4,아일랜드,116.0,483.0,3,전체,22
202211,유럽,365.3,기타,271.0,1261.0,3,남성,23
202211,유럽,749.4,기타,79.0,671.0,3,여성,23
202211,유럽,16.1,기타,441.0,512.0,3,승무원,23
202211,유럽,209.0,기타,791.0,2444.0,3,전체,23
202211,오세아니아,1478.8,연도대륙,378.0,5968.0,2,남성,0
202211,오세아니아,1768.7,연도대륙,297.0,5550.0,2,여성,0
202211,오세아니아,213.1,연도대륙,160.0,501.0,2,승무원,0
202211,오세아니아,1339.4,연도대륙,835.0,12019.0,2,전체,0
202211,오세아니아,1546.8,호주,297.0,4891.0,3,남성,1
202211,오세아니아,1917.1,호주,228.0,4599.0,3,여성,1
202211,오세아니아,232.1,호주,84.0,279.0,3,승무원,1
202211,오세아니아,1504.1,호주,609.0,9769.0,3,전체,1
202211,오세아니아,1213.2,뉴질랜드,76.0,998.0,3,남성,2
202211,오세아니아,1276.9,뉴질랜드,65.0,895.0,3,여성,2
202211,오세아니아,235.4,뉴질랜드,65.0,218.0,3,승무원,2
202211,오세아니아,924.8,뉴질랜드,206.0,2111.0,3,전체,2
202211,오세아니아,1480.0,기타,5.0,79.0,3,남성,3
202211,오세아니아,1300.0,기타,4.0,56.0,3,여성,3
202211,오세아니아,-63.6,기타,11.0,4.0,3,승무원,3
202211,오세아니아,595.0,기타,20.0,139.0,3,전체,3
202211,아프리카,331.1,연도대륙,402.0,1733.0,2,남성,0
202211,아프리카,318.9,연도대륙,164.0,687.0,2,여성,0
202211,아프리카,51.7,연도대륙,611.0,927.0,2,승무원,0
202211,아프리카,184.4,연도대륙,1177.0,3347.0,2,전체,0
202211,아프리카,576.7,남아프리카공화국,30.0,203.0,3,남성,1
202211,아프리카,376.2,남아프리카공화국,42.0,200.0,3,여성,1
202211,아프리카,25.5,남아프리카공화국,55.0,69.0,3,승무원,1
202211,아프리카,271.7,남아프리카공화국,127.0,472.0,3,전체,1
202211,아프리카,311.3,기타,372.0,1530.0,3,남성,2
202211,아프리카,299.2,기타,122.0,487.0,3,여성,2
202211,아프리카,54.3,기타,556.0,858.0,3,승무원,2
202211,아프리카,173.8,기타,1050.0,2875.0,3,전체,2
202211,기타,0.0,연도대륙,0.0,10.0,2,남성,0
202211,기타,0.0,연도대륙,0.0,3.0,2,여성,0
202211,기타,0.0,연도대륙,0.0,1.0,2,승무원,0
202211,기타,0.0,연도대륙,0.0,14.0,2,전체,0
202211,기타,0.0,기타,0.0,10.0,3,남성,1
202211,기타,0.0,기타,0.0,3.0,3,여성,1
202211,기타,0.0,기타,0.0,1.0,3,승무원,1
202211,기타,0.0,기타,0.0,14.0,3,전체,1
202211,교포,136.2,연도대륙,636.0,1502.0,2,남성,0
202211,교포,154.4,연도대륙,768.0,1954.0,2,여성,0
202211,교포,0.0,연도대륙,0.0,0.0,2,승무원,0
202211,교포,146.2,연도대륙,1404.0,3456.0,2,전체,0
202211,교포,136.2,교포,636.0,1502.0,3,남성,1
202211,교포,154.4,교포,768.0,1954.0,3,여성,1
202211,교포,0.0,교포,0.0,0.0,3,승무원,1
202211,교포,146.2,교포,1404.0,3456.0,3,전체,1
202212,대륙전체,608.9,연도,32854.0,232896.0,1,남성,0
202212,대륙전체,1443.6,연도,17325.0,267424.0,1,여성,0
202212,대륙전체,-2.5,연도,39971.0,38953.0,1,승무원,0
202212,대륙전체,498.2,연도,90150.0,539273.0,1,전체,0
202212,아시아,630.4,연도대륙,22234.0,162398.0,2,남성,0
202212,아시아,2199.6,연도대륙,9038.0,207836.0,2,여성,0
202212,아시아,-6.3,연도대륙,22119.0,20734.0,2,승무원,0
202212,아시아,632.3,연도대륙,53391.0,390968.0,2,전체,0
202212,아시아,168.2,중국,4428.0,11878.0,3,남성,1
202212,아시아,472.4,중국,2428.0,13898.0,3,여성,1
202212,아시아,-67.1,중국,4835.0,1591.0,3,승무원,1
202212,아시아,134.1,중국,11691.0,27367.0,3,전체,1
202212,아시아,6245.4,일본,509.0,32298.0,3,남성,2
202212,아시아,14663.1,일본,350.0,51671.0,3,여성,2
202212,아시아,39.2,일본,148.0,206.0,3,승무원,2
202212,아시아,8259.0,일본,1007.0,84175.0,3,전체,2
202212,아시아,11744.4,대만,81.0,9594.0,3,남성,3
202212,아시아,24667.9,대만,78.0,19319.0,3,여성,3
202212,아시아,16.8,대만,131.0,153.0,3,승무원,3
202212,아시아,9922.8,대만,290.0,29066.0,3,전체,3
202212,아시아,21400.0,홍콩,42.0,9030.0,3,남성,4
202212,아시아,31816.1,홍콩,56.0,17873.0,3,여성,4
202212,아시아,1520.0,홍콩,15.0,243.0,3,승무원,4
202212,아시아,23923.0,홍콩,113.0,27146.0,3,전체,4
202212,아시아,1100.0,마카오,4.0,48.0,3,남성,5
202212,아시아,4450.0,마카오,2.0,91.0,3,여성,5
202212,아시아,0.0,마카오,0.0,2.0,3,승무원,5
202212,아시아,2250.0,마카오,6.0,141.0,3,전체,5
202212,아시아,234.5,필리핀,3390.0,11340.0,3,남성,6
202212,아시아,6540.0,필리핀,140.0,9296.0,3,여성,6
202212,아시아,-54.7,필리핀,7611.0,3445.0,3,승무원,6
202212,아시아,116.1,필리핀,11141.0,24081.0,3,전체,6
202212,아시아,266.3,인도네시아,2332.0,8543.0,3,남성,7
202212,아시아,4360.1,인도네시아,178.0,7939.0,3,여성,7
202212,아시아,-45.5,인도네시아,2556.0,1394.0,3,승무원,7
202212,아시아,252.9,인도네시아,5066.0,17876.0,3,전체,7
202212,아시아,4142.9,태국,329.0,13959.0,3,남성,8
202212,아시아,8445.2,태국,294.0,25123.0,3,여성,8
202212,아시아,974.0,태국,181.0,1944.0,3,승무원,8
202212,아시아,5002.7,태국,804.0,41026.0,3,전체,8
202212,아시아,572.7,베트남,1441.0,9694.0,3,남성,9
202212,아시아,450.1,베트남,1705.0,9380.0,3,여성,9
202212,아시아,655.9,베트남,605.0,4573.0,3,승무원,9
202212,아시아,530.4,베트남,3751.0,23647.0,3,전체,9
202212,아시아,211.1,인도,1159.0,3606.0,3,남성,10
202212,아시아,327.0,인도,189.0,807.0,3,여성,10
202212,아시아,8.6,인도,1111.0,1206.0,3,승무원,10
202212,아시아,128.5,인도,2459.0,5619.0,3,전체,10
202212,아시아,5887.5,말레이시아,136.0,8143.0,3,남성,11
202212,아시아,11814.7,말레이시아,95.0,11319.0,3,여성,11
202212,아시아,468.6,말레이시아,220.0,1251.0,3,승무원,11
202212,아시아,4492.7,말레이시아,451.0,20713.0,3,전체,11
202212,아시아,1293.5,싱가포르,1558.0,21711.0,3,남성,12
202212,아시아,1455.1,싱가포르,1780.0,27681.0,3,여성,12
202212,아시아,290.2,싱가포르,338.0,1319.0,3,승무원,12
202212,아시아,1279.5,싱가포르,3676.0,50711.0,3,전체,12
202212,아시아,726.3,몽골,632.0,5222.0,3,남성,13
202212,아시아,961.5,몽골,636.0,6751.0,3,여성,13
202212,아시아,0.0,몽골,0.0,4.0,3,승무원,13
202212,아시아,844.6,몽골,1268.0,11977.0,3,전체,13
202212,아시아,152.3,우즈베키스탄,685.0,1728.0,3,남성,14
202212,아시아,236.8,우즈베키스탄,220.0,741.0,3,여성,14
202212,아시아,1566.7,우즈베키스탄,18.0,300.0,3,승무원,14
202212,아시아,200.0,우즈베키스탄,923.0,2769.0,3,전체,14
202212,아시아,28.9,미얀마,2105.0,2713.0,3,남성,15
202212,아시아,385.4,미얀마,103.0,500.0,3,여성,15
202212,아시아,-73.1,미얀마,3461.0,931.0,3,승무원,15
202212,아시아,-26.9,미얀마,5669.0,4144.0,3,전체,15
202212,아시아,416.1,GCC,161.0,831.0,3,남성,16
202212,아시아,565.4,GCC,107.0,712.0,3,여성,16
202212,아시아,80.7,GCC,88.0,159.0,3,승무원,16
202212,아시아,378.1,GCC,356.0,1702.0,3,전체,16
202212,아시아,2044.9,카자흐스탄,69.0,1480.0,3,남성,17
202212,아시아,1270.3,카자흐스탄,101.0,1384.0,3,여성,17
202212,아시아,183.2,카자흐스탄,95.0,269.0,3,승무원,17
202212,아시아,1082.3,카자흐스탄,265.0,3133.0,3,전체,17
202212,아시아,782.4,튀르키예,74.0,653.0,3,남성,18
202212,아시아,875.0,튀르키예,28.0,273.0,3,여성,18
202212,아시아,207.0,튀르키예,313.0,961.0,3,승무원,18
202212,아시아,354.7,튀르키예,415.0,1887.0,3,전체,18
202212,아시아,504.5,캄보디아,399.0,2412.0,3,남성,19
202212,아시아,649.7,캄보디아,181.0,1357.0,3,여성,19
202212,아시아,0.0,캄보디아,0.0,123.0,3,승무원,19
202212,아시아,571.0,캄보디아,580.0,3892.0,3,전체,19
202212,아시아,241.6,스리랑카,428.0,1462.0,3,남성,20
202212,아시아,308.3,스리랑카,24.0,98.0,3,여성,20
202212,아시아,42.6,스리랑카,148.0,211.0,3,승무원,20
202212,아시아,195.2,스리랑카,600.0,1771.0,3,전체,20
202212,아시아,326.4,방글라데시,379.0,1616.0,3,남성,21
202212,아시아,77.3,방글라데시,66.0,117.0,3,여성,21
202212,아시아,-66.2,방글라데시,151.0,51.0,3,승무원,21
202212,아시아,199.3,방글라데시,596.0,1784.0,3,전체,21
202212,아시아,222.1,파키스탄,222.0,715.0,3,남성,22
202212,아시아,141.2,파키스탄,34.0,82.0,3,여성,22
202212,아시아,3.7,파키스탄,27.0,28.0,3,승무원,22
202212,아시아,191.5,파키스탄,283.0,825.0,3,전체,22
202212,아시아,395.5,이스라엘,67.0,332.0,3,남성,23
202212,아시아,818.2,이스라엘,11.0,101.0,3,여성,23
202212,아시아,-75.0,이스라엘,12.0,3.0,3,승무원,23
202212,아시아,384.4,이스라엘,90.0,436.0,3,전체,23
202212,아시아,459.1,이란,22.0,123.0,3,남성,24
202212,아시아,165.0,이란,20.0,53.0,3,여성,24
202212,아시아,800.0,이란,1.0,9.0,3,승무원,24
202212,아시아,330.2,이란,43.0,185.0,3,전체,24
202212,아시아,106.5,기타,1582.0,3267.0,3,남성,25
202212,아시아,499.1,기타,212.0,1270.0,3,여성,25
202212,아시아,563.0,기타,54.0,358.0,3,승무원,25
202212,아시아,164.9,기타,1848.0,4895.0,3,전체,25
202212,아메리카,522.3,연도대륙,5885.0,36621.0,2,남성,0
202212,아메리카,505.7,연도대륙,5465.0,33099.0,2,여성,0
202212,아메리카,-9.2,연도대륙,10029.0,9105.0,2,승무원,0
202212,아메리카,268.7,연도대륙,21379.0,78825.0,2,전체,0
202212,아메리카,488.3,미국,5054.0,29734.0,3,남성,1
202212,아메리카,467.1,미국,4663.0,26442.0,3,여성,1
202212,아메리카,1.2,미국,7088.0,7176.0,3,승무원,1
202212,아메리카,277.0,미국,16805.0,63352.0,3,전체,1
202212,아메리카,679.3,캐나다,686.0,5346.0,3,남성,2
202212,아메리카,658.7,캐나다,654.0,4962.0,3,여성,2
202212,아메리카,-45.9,캐나다,2645.0,1430.0,3,승무원,2
202212,아메리카,194.6,캐나다,3985.0,11738.0,3,전체,2
202212,아메리카,1128.2,브라질,39.0,479.0,3,남성,3
202212,아메리카,1021.3,브라질,47.0,527.0,3,여성,3
202212,아메리카,147.1,브라질,68.0,168.0,3,승무원,3
202212,아메리카,662.3,브라질,154.0,1174.0,3,전체,3
202212,아메리카,1310.3,멕시코,29.0,409.0,3,남성,4
202212,아메리카,746.9,멕시코,49.0,415.0,3,여성,4
202212,아메리카,11.8,멕시코,152.0,170.0,3,승무원,4
202212,아메리카,332.2,멕시코,230.0,994.0,3,전체,4
202212,아메리카,748.1,기타,77.0,653.0,3,남성,5
202212,아메리카,1348.1,기타,52.0,753.0,3,여성,5
202212,아메리카,111.8,기타,76.0,161.0,3,승무원,5
202212,아메리카,664.4,기타,205.0,1567.0,3,전체,5
202212,유럽,475.5,연도대륙,3609.0,20771.0,2,남성,0
202212,유럽,703.2,연도대륙,1734.0,13928.0,2,여성,0
202212,유럽,3.5,연도대륙,7214.0,7463.0,2,승무원,0
202212,유럽,235.8,연도대륙,12557.0,42162.0,2,전체,0
202212,유럽,384.5,러시아,805.0,3900.0,3,남성,1
202212,유럽,386.8,러시아,659.0,3208.0,3,여성,1
202212,유럽,-13.6,러시아,1576.0,1361.0,3,승무원,1
202212,유럽,178.6,러시아,3040.0,8469.0,3,전체,1
202212,유럽,710.7,영국,393.0,3186.0,3,남성,2
202212,유럽,816.1,영국,230.0,2107.0,3,여성,2
202212,유럽,9.0,영국,266.0,290.0,3,승무원,2
202212,유럽,528.0,영국,889.0,5583.0,3,전체,2
202212,유럽,567.5,독일,434.0,2897.0,3,남성,3
202212,유럽,938.6,독일,166.0,1724.0,3,여성,3
202212,유럽,-1.7,독일,1222.0,1201.0,3,승무원,3
202212,유럽,219.5,독일,1822.0,5822.0,3,전체,3
202212,유럽,731.5,프랑스,346.0,2877.0,3,남성,4
202212,유럽,930.5,프랑스,210.0,2164.0,3,여성,4
202212,유럽,54.0,프랑스,680.0,1047.0,3,승무원,4
202212,유럽,392.6,프랑스,1236.0,6088.0,3,전체,4
202212,유럽,737.1,이탈리아,116.0,971.0,3,남성,5
202212,유럽,1558.8,이탈리아,34.0,564.0,3,여성,5
202212,유럽,34.6,이탈리아,136.0,183.0,3,승무원,5
202212,유럽,500.7,이탈리아,286.0,1718.0,3,전체,5
202212,유럽,811.5,네덜란드,104.0,948.0,3,남성,6
202212,유럽,1135.4,네덜란드,48.0,593.0,3,여성,6
202212,유럽,9.7,네덜란드,784.0,860.0,3,승무원,6
202212,유럽,156.5,네덜란드,936.0,2401.0,3,전체,6
202212,유럽,72.6,우크라이나,314.0,542.0,3,남성,7
202212,유럽,195.7,우크라이나,46.0,136.0,3,여성,7
202212,유럽,-48.0,우크라이나,736.0,383.0,3,승무원,7
202212,유럽,-3.2,우크라이나,1096.0,1061.0,3,전체,7
202212,유럽,835.8,스페인,81.0,758.0,3,남성,8
202212,유럽,1049.0,스페인,51.0,586.0,3,여성,8
202212,유럽,52.1,스페인,71.0,108.0,3,승무원,8
202212,유럽,615.3,스페인,203.0,1452.0,3,전체,8
202212,유럽,60.7,루마니아,145.0,233.0,3,남성,9
202212,유럽,637.5,루마니아,16.0,118.0,3,여성,9
202212,유럽,-46.7,루마니아,199.0,106.0,3,승무원,9
202212,유럽,26.9,루마니아,360.0,457.0,3,전체,9
202212,유럽,667.6,노르웨이,34.0,261.0,3,남성,10
202212,유럽,1233.3,노르웨이,15.0,200.0,3,여성,10
202212,유럽,60.0,노르웨이,10.0,16.0,3,승무원,10
202212,유럽,708.5,노르웨이,59.0,477.0,3,전체,10
202212,유럽,571.4,스웨덴,70.0,470.0,3,남성,11
202212,유럽,691.9,스웨덴,37.0,293.0,3,여성,11
202212,유럽,-16.7,스웨덴,24.0,20.0,3,승무원,11
202212,유럽,497.7,스웨덴,131.0,783.0,3,전체,11
202212,유럽,630.0,폴란드,60.0,438.0,3,남성,12
202212,유럽,1731.2,폴란드,16.0,293.0,3,여성,12
202212,유럽,95.4,폴란드,217.0,424.0,3,승무원,12
202212,유럽,294.2,폴란드,293.0,1155.0,3,전체,12
202212,유럽,656.6,스위스,53.0,401.0,3,남성,13
202212,유럽,837.9,스위스,29.0,272.0,3,여성,13
202212,유럽,125.0,스위스,16.0,36.0,3,승무원,13
202212,유럽,623.5,스위스,98.0,709.0,3,전체,13
202212,유럽,838.9,포르투갈,18.0,169.0,3,남성,14
202212,유럽,1437.5,포르투갈,8.0,123.0,3,여성,14
202212,유럽,78.3,포르투갈,46.0,82.0,3,승무원,14
202212,유럽,419.4,포르투갈,72.0,374.0,3,전체,14
202212,유럽,700.0,오스트리아,33.0,264.0,3,남성,15
202212,유럽,1241.7,오스트리아,12.0,161.0,3,여성,15
202212,유럽,67.1,오스트리아,70.0,117.0,3,승무원,15
202212,유럽,371.3,오스트리아,115.0,542.0,3,전체,15
202212,유럽,754.2,핀란드,24.0,205.0,3,남성,16
202212,유럽,1527.3,핀란드,11.0,179.0,3,여성,16
202212,유럽,24.7,핀란드,223.0,278.0,3,승무원,16
202212,유럽,156.6,핀란드,258.0,662.0,3,전체,16
202212,유럽,700.0,벨기에,44.0,352.0,3,남성,17
202212,유럽,890.0,벨기에,20.0,198.0,3,여성,17
202212,유럽,32.3,벨기에,96.0,127.0,3,승무원,17
202212,유럽,323.1,벨기에,160.0,677.0,3,전체,17
202212,유럽,28.7,크로아티아,80.0,103.0,3,남성,18
202212,유럽,700.0,크로아티아,4.0,32.0,3,여성,18
202212,유럽,-30.0,크로아티아,80.0,56.0,3,승무원,18
202212,유럽,16.5,크로아티아,164.0,191.0,3,전체,18
202212,유럽,62.8,그리스,215.0,350.0,3,남성,19
202212,유럽,531.2,그리스,16.0,101.0,3,여성,19
202212,유럽,-34.2,그리스,199.0,131.0,3,승무원,19
202212,유럽,35.3,그리스,430.0,582.0,3,전체,19
202212,유럽,264.3,불가리아,28.0,102.0,3,남성,20
202212,유럽,750.0,불가리아,4.0,34.0,3,여성,20
202212,유럽,-24.2,불가리아,124.0,94.0,3,승무원,20
202212,유럽,47.4,불가리아,156.0,230.0,3,전체,20
202212,유럽,374.1,덴마크,58.0,275.0,3,남성,21
202212,유럽,1860.0,덴마크,10.0,196.0,3,여성,21
202212,유럽,-30.8,덴마크,39.0,27.0,3,승무원,21
202212,유럽,365.4,덴마크,107.0,498.0,3,전체,21
202212,유럽,523.1,아일랜드,39.0,243.0,3,남성,22
202212,유럽,681.2,아일랜드,16.0,125.0,3,여성,22
202212,유럽,-19.4,아일랜드,36.0,29.0,3,승무원,22
202212,유럽,336.3,아일랜드,91.0,397.0,3,전체,22
202212,유럽,618.3,기타,115.0,826.0,3,남성,23
202212,유럽,585.5,기타,76.0,521.0,3,여성,23
202212,유럽,33.8,기타,364.0,487.0,3,승무원,23
202212,유럽,230.5,기타,555.0,1834.0,3,전체,23
202212,오세아니아,2556.4,연도대륙,390.0,10360.0,2,남성,0
202212,오세아니아,2563.7,연도대륙,372.0,9909.0,2,여성,0
202212,오세아니아,354.7,연도대륙,161.0,732.0,2,승무원,0
202212,오세아니아,2175.3,연도대륙,923.0,21001.0,2,전체,0
202212,오세아니아,2648.0,호주,304.0,8354.0,3,남성,1
202212,오세아니아,2595.7,호주,304.0,8195.0,3,여성,1
202212,오세아니아,473.3,호주,75.0,430.0,3,승무원,1
202212,오세아니아,2385.9,호주,683.0,16979.0,3,전체,1
202212,오세아니아,2174.4,뉴질랜드,86.0,1956.0,3,남성,2
202212,오세아니아,2475.4,뉴질랜드,65.0,1674.0,3,여성,2
202212,오세아니아,248.2,뉴질랜드,83.0,289.0,3,승무원,2
202212,오세아니아,1574.8,뉴질랜드,234.0,3919.0,3,전체,2
202212,오세아니아,0.0,기타,0.0,50.0,3,남성,3
202212,오세아니아,1233.3,기타,3.0,40.0,3,여성,3
202212,오세아니아,333.3,기타,3.0,13.0,3,승무원,3
202212,오세아니아,1616.7,기타,6.0,103.0,3,전체,3
202212,아프리카,345.7,연도대륙,278.0,1239.0,2,남성,0
202212,아프리카,535.7,연도대륙,126.0,801.0,2,여성,0
202212,아프리카,103.3,연도대륙,448.0,911.0,2,승무원,0
202212,아프리카,246.4,연도대륙,852.0,2951.0,2,전체,0
202212,아프리카,821.9,남아프리카공화국,32.0,295.0,3,남성,1
202212,아프리카,822.0,남아프리카공화국,41.0,378.0,3,여성,1
202212,아프리카,130.0,남아프리카공화국,30.0,69.0,3,승무원,1
202212,아프리카,620.4,남아프리카공화국,103.0,742.0,3,전체,1
202212,아프리카,283.7,기타,246.0,944.0,3,남성,2
202212,아프리카,397.6,기타,85.0,423.0,3,여성,2
202212,아프리카,101.4,기타,418.0,842.0,3,승무원,2
202212,아프리카,194.9,기타,749.0,2209.0,3,전체,2
202212,기타,280.0,연도대륙,5.0,19.0,2,남성,0
202212,기타,400.0,연도대륙,1.0,5.0,2,여성,0
202212,기타,0.0,연도대륙,0.0,8.0,2,승무원,0
202212,기타,433.3,연도대륙,6.0,32.0,2,전체,0
202212,기타,280.0,기타,5.0,19.0,3,남성,1
202212,기타,400.0,기타,1.0,5.0,3,여성,1
202212,기타,0.0,기타,0.0,8.0,3,승무원,1
202212,기타,433.3,기타,6.0,32.0,3,전체,1
202212,교포,228.5,연도대륙,453.0,1488.0,2,남성,0
202212,교포,213.4,연도대륙,589.0,1846.0,2,여성,0
202212,교포,0.0,연도대륙,0.0,0.0,2,승무원,0
202212,교포,220.0,연도대륙,1042.0,3334.0,2,전체,0
202212,교포,228.5,교포,453.0,1488.0,3,남성,1
202212,교포,213.4,교포,589.0,1846.0,3,여성,1
202212,교포,0.0,교포,0.0,0.0,3,승무원,1
202212,교포,220.0,교포,1042.0,3334.0,3,전체,1
202301,대륙전체,540.4,연도,28834.0,184650.0,1,남성,0
202301,대륙전체,1468.9,연도,13328.0,209097.0,1,여성,0
202301,대륙전체,2.5,연도,39689.0,40682.0,1,승무원,0
202301,대륙전체,430.8,연도,81851.0,434429.0,1,전체,0
202301,아시아,588.4,연도대륙,18641.0,128318.0,2,남성,0
202301,아시아,2843.0,연도대륙,5492.0,161631.0,2,여성,0
202301,아시아,-0.9,연도대륙,21591.0,21399.0,2,승무원,0
202301,아시아,580.9,연도대륙,45724.0,311348.0,2,전체,0
202301,아시아,237.6,중국,3121.0,10537.0,3,남성,1
202301,아시아,748.6,중국,1596.0,13544.0,3,여성,1
202301,아시아,-81.9,중국,4772.0,865.0,3,승무원,1
202301,아시아,162.9,중국,9489.0,24946.0,3,전체,1
202301,아시아,3328.0,일본,765.0,26224.0,3,남성,2
202301,아시아,12830.5,일본,311.0,40214.0,3,여성,2
202301,아시아,437.2,일본,86.0,462.0,3,승무원,2
202301,아시아,5657.3,일본,1162.0,66900.0,3,전체,2
202301,아시아,17641.2,대만,102.0,18096.0,3,남성,3
202301,아시아,46482.1,대만,67.0,31210.0,3,여성,3
202301,아시아,22.1,대만,140.0,171.0,3,승무원,3
202301,아시아,15912.0,대만,309.0,49477.0,3,전체,3
202301,아시아,45338.1,홍콩,21.0,9542.0,3,남성,4
202301,아시아,47136.1,홍콩,36.0,17005.0,3,여성,4
202301,아시아,1110.5,홍콩,19.0,230.0,3,승무원,4
202301,아시아,35132.9,홍콩,76.0,26777.0,3,전체,4
202301,아시아,8100.0,마카오,1.0,82.0,3,남성,5
202301,아시아,8150.0,마카오,2.0,165.0,3,여성,5
202301,아시아,0.0,마카오,0.0,0.0,3,승무원,5
202301,아시아,8133.3,마카오,3.0,247.0,3,전체,5
202301,아시아,202.8,필리핀,2389.0,7235.0,3,남성,6
202301,아시아,3917.6,필리핀,119.0,4781.0,3,여성,6
202301,아시아,-45.4,필리핀,6855.0,3743.0,3,승무원,6
202301,아시아,68.3,필리핀,9363.0,15759.0,3,전체,6
202301,아시아,169.9,인도네시아,2110.0,5694.0,3,남성,7
202301,아시아,4284.2,인도네시아,114.0,4998.0,3,여성,7
202301,아시아,-7.7,인도네시아,2326.0,2146.0,3,승무원,7
202301,아시아,182.2,인도네시아,4550.0,12838.0,3,전체,7
202301,아시아,2243.4,태국,373.0,8741.0,3,남성,8
202301,아시아,4999.3,태국,297.0,15145.0,3,여성,8
202301,아시아,342.2,태국,438.0,1937.0,3,승무원,8
202301,아시아,2230.6,태국,1108.0,25823.0,3,전체,8
202301,아시아,757.0,베트남,941.0,8064.0,3,남성,9
202301,아시아,1184.4,베트남,716.0,9196.0,3,여성,9
202301,아시아,559.8,베트남,661.0,4361.0,3,승무원,9
202301,아시아,832.7,베트남,2318.0,21621.0,3,전체,9
202301,아시아,112.6,인도,1306.0,2776.0,3,남성,10
202301,아시아,227.0,인도,200.0,654.0,3,여성,10
202301,아시아,-23.0,인도,1365.0,1051.0,3,승무원,10
202301,아시아,56.1,인도,2871.0,4481.0,3,전체,10
202301,아시아,2543.5,말레이시아,161.0,4256.0,3,남성,11
202301,아시아,6206.9,말레이시아,87.0,5487.0,3,여성,11
202301,아시아,325.6,말레이시아,309.0,1315.0,3,승무원,11
202301,아시아,1885.3,말레이시아,557.0,11058.0,3,전체,11
202301,아시아,875.5,싱가포르,555.0,5414.0,3,남성,12
202301,아시아,1089.5,싱가포르,553.0,6578.0,3,여성,12
202301,아시아,458.6,싱가포르,237.0,1324.0,3,승무원,12
202301,아시아,890.0,싱가포르,1345.0,13316.0,3,전체,12
202301,아시아,1663.8,몽골,323.0,5697.0,3,남성,13
202301,아시아,2156.7,몽골,305.0,6883.0,3,여성,13
202301,아시아,0.0,몽골,0.0,5.0,3,승무원,13
202301,아시아,1904.0,몽골,628.0,12585.0,3,전체,13
202301,아시아,238.0,우즈베키스탄,756.0,2555.0,3,남성,14
202301,아시아,305.8,우즈베키스탄,243.0,986.0,3,여성,14
202301,아시아,6850.0,우즈베키스탄,4.0,278.0,3,승무원,14
202301,아시아,280.8,우즈베키스탄,1003.0,3819.0,3,전체,14
202301,아시아,3.6,미얀마,1756.0,1820.0,3,남성,15
202301,아시아,576.7,미얀마,43.0,291.0,3,여성,15
202301,아시아,-67.9,미얀마,3416.0,1098.0,3,승무원,15
202301,아시아,-38.5,미얀마,5215.0,3209.0,3,전체,15
202301,아시아,450.9,GCC,108.0,595.0,3,남성,16
202301,아시아,470.7,GCC,75.0,428.0,3,여성,16
202301,아시아,43.5,GCC,85.0,122.0,3,승무원,16
202301,아시아,327.2,GCC,268.0,1145.0,3,전체,16
202301,아시아,1273.5,카자흐스탄,83.0,1140.0,3,남성,17
202301,아시아,1018.8,카자흐스탄,112.0,1253.0,3,여성,17
202301,아시아,402.0,카자흐스탄,50.0,251.0,3,승무원,17
202301,아시아,979.2,카자흐스탄,245.0,2644.0,3,전체,17
202301,아시아,384.1,튀르키예,107.0,518.0,3,남성,18
202301,아시아,723.1,튀르키예,26.0,214.0,3,여성,18
202301,아시아,161.1,튀르키예,365.0,953.0,3,승무원,18
202301,아시아,238.4,튀르키예,498.0,1685.0,3,전체,18
202301,아시아,255.9,캄보디아,655.0,2331.0,3,남성,19
202301,아시아,456.7,캄보디아,245.0,1364.0,3,여성,19
202301,아시아,0.0,캄보디아,0.0,271.0,3,승무원,19
202301,아시아,340.7,캄보디아,900.0,3966.0,3,전체,19
202301,아시아,107.2,스리랑카,570.0,1181.0,3,남성,20
202301,아시아,205.0,스리랑카,20.0,61.0,3,여성,20
202301,아시아,70.2,스리랑카,161.0,274.0,3,승무원,20
202301,아시아,101.9,스리랑카,751.0,1516.0,3,전체,20
202301,아시아,136.9,방글라데시,496.0,1175.0,3,남성,21
202301,아시아,90.7,방글라데시,54.0,103.0,3,여성,21
202301,아시아,-85.9,방글라데시,170.0,24.0,3,승무원,21
202301,아시아,80.8,방글라데시,720.0,1302.0,3,전체,21
202301,아시아,101.3,파키스탄,317.0,638.0,3,남성,22
202301,아시아,340.0,파키스탄,25.0,110.0,3,여성,22
202301,아시아,47.6,파키스탄,21.0,31.0,3,승무원,22
202301,아시아,114.6,파키스탄,363.0,779.0,3,전체,22
202301,아시아,552.2,이스라엘,46.0,300.0,3,남성,23
202301,아시아,790.0,이스라엘,10.0,89.0,3,여성,23
202301,아시아,-90.7,이스라엘,54.0,5.0,3,승무원,23
202301,아시아,258.2,이스라엘,110.0,394.0,3,전체,23
202301,아시아,259.1,이란,22.0,79.0,3,남성,24
202301,아시아,0.0,이란,33.0,33.0,3,여성,24
202301,아시아,100.0,이란,6.0,12.0,3,승무원,24
202301,아시아,103.3,이란,61.0,124.0,3,전체,24
202301,아시아,133.0,기타,1557.0,3628.0,3,남성,25
202301,아시아,313.3,기타,203.0,839.0,3,여성,25
202301,아시아,821.6,기타,51.0,470.0,3,승무원,25
202301,아시아,172.6,기타,1811.0,4937.0,3,전체,25
202301,아메리카,482.1,연도대륙,4721.0,27482.0,2,남성,0
202301,아메리카,435.9,연도대륙,4800.0,25725.0,2,여성,0
202301,아메리카,-10.6,연도대륙,10227.0,9138.0,2,승무원,0
202301,아메리카,215.7,연도대륙,19748.0,62345.0,2,전체,0
202301,아메리카,449.4,미국,3970.0,21812.0,3,남성,1
202301,아메리카,401.7,미국,3996.0,20046.0,3,여성,1
202301,아메리카,-4.5,미국,7604.0,7262.0,3,승무원,1
202301,아메리카,215.5,미국,15570.0,49120.0,3,전체,1
202301,아메리카,724.9,캐나다,514.0,4240.0,3,남성,2
202301,아메리카,614.7,캐나다,586.0,4188.0,3,여성,2
202301,아메리카,-38.8,캐나다,2353.0,1441.0,3,승무원,2
202301,아메리카,185.8,캐나다,3453.0,9869.0,3,전체,2
202301,아메리카,409.4,브라질,85.0,433.0,3,남성,3
202301,아메리카,591.9,브라질,74.0,512.0,3,여성,3
202301,아메리카,343.2,브라질,37.0,164.0,3,승무원,3
202301,아메리카,465.8,브라질,196.0,1109.0,3,전체,3
202301,아메리카,531.0,멕시코,58.0,366.0,3,남성,4
202301,아메리카,512.0,멕시코,50.0,306.0,3,여성,4
202301,아메리카,-12.9,멕시코,147.0,128.0,3,승무원,4
202301,아메리카,213.7,멕시코,255.0,800.0,3,전체,4
202301,아메리카,571.3,기타,94.0,631.0,3,남성,5
202301,아메리카,616.0,기타,94.0,673.0,3,여성,5
202301,아메리카,66.3,기타,86.0,143.0,3,승무원,5
202301,아메리카,428.1,기타,274.0,1447.0,3,전체,5
202301,유럽,338.1,연도대륙,4342.0,19021.0,2,남성,0
202301,유럽,481.2,연도대륙,2128.0,12369.0,2,여성,0
202301,유럽,19.0,연도대륙,7184.0,8547.0,2,승무원,0
202301,유럽,192.5,연도대륙,13654.0,39937.0,2,전체,0
202301,유럽,324.8,러시아,816.0,3466.0,3,남성,1
202301,유럽,456.5,러시아,550.0,3061.0,3,여성,1
202301,유럽,56.9,러시아,1672.0,2624.0,3,승무원,1
202301,유럽,201.2,러시아,3038.0,9151.0,3,전체,1
202301,유럽,563.8,영국,495.0,3286.0,3,남성,2
202301,유럽,656.9,영국,299.0,2263.0,3,여성,2
202301,유럽,11.2,영국,224.0,249.0,3,승무원,2
202301,유럽,469.5,영국,1018.0,5798.0,3,전체,2
202301,유럽,488.4,독일,476.0,2801.0,3,남성,3
202301,유럽,516.7,독일,227.0,1400.0,3,여성,3
202301,유럽,10.2,독일,1015.0,1119.0,3,승무원,3
202301,유럽,209.7,독일,1718.0,5320.0,3,전체,3
202301,유럽,403.3,프랑스,449.0,2260.0,3,남성,4
202301,유럽,394.7,프랑스,322.0,1593.0,3,여성,4
202301,유럽,24.3,프랑스,814.0,1012.0,3,승무원,4
202301,유럽,206.9,프랑스,1585.0,4865.0,3,전체,4
202301,유럽,443.1,이탈리아,197.0,1070.0,3,남성,5
202301,유럽,628.6,이탈리아,77.0,561.0,3,여성,5
202301,유럽,36.3,이탈리아,135.0,184.0,3,승무원,5
202301,유럽,343.8,이탈리아,409.0,1815.0,3,전체,5
202301,유럽,579.1,네덜란드,129.0,876.0,3,남성,6
202301,유럽,678.6,네덜란드,56.0,436.0,3,여성,6
202301,유럽,11.7,네덜란드,741.0,828.0,3,승무원,6
202301,유럽,131.1,네덜란드,926.0,2140.0,3,전체,6
202301,유럽,7.1,우크라이나,325.0,348.0,3,남성,7
202301,유럽,145.3,우크라이나,53.0,130.0,3,여성,7
202301,유럽,-37.6,우크라이나,654.0,408.0,3,승무원,7
202301,유럽,-14.1,우크라이나,1032.0,886.0,3,전체,7
202301,유럽,538.4,스페인,99.0,632.0,3,남성,8
202301,유럽,572.2,스페인,72.0,484.0,3,여성,8
202301,유럽,96.6,스페인,58.0,114.0,3,승무원,8
202301,유럽,437.1,스페인,229.0,1230.0,3,전체,8
202301,유럽,-10.5,루마니아,200.0,179.0,3,남성,9
202301,유럽,592.3,루마니아,13.0,90.0,3,여성,9
202301,유럽,-4.1,루마니아,146.0,140.0,3,승무원,9
202301,유럽,13.9,루마니아,359.0,409.0,3,전체,9
202301,유럽,352.2,노르웨이,69.0,312.0,3,남성,10
202301,유럽,438.9,노르웨이,36.0,194.0,3,여성,10
202301,유럽,50.0,노르웨이,16.0,24.0,3,승무원,10
202301,유럽,338.0,노르웨이,121.0,530.0,3,전체,10
202301,유럽,373.3,스웨덴,86.0,407.0,3,남성,11
202301,유럽,294.1,스웨덴,68.0,268.0,3,여성,11
202301,유럽,-41.9,스웨덴,31.0,18.0,3,승무원,11
202301,유럽,274.6,스웨덴,185.0,693.0,3,전체,11
202301,유럽,230.1,폴란드,123.0,406.0,3,남성,12
202301,유럽,781.5,폴란드,27.0,238.0,3,여성,12
202301,유럽,75.9,폴란드,232.0,408.0,3,승무원,12
202301,유럽,175.4,폴란드,382.0,1052.0,3,전체,12
202301,유럽,750.0,스위스,34.0,289.0,3,남성,13
202301,유럽,548.5,스위스,33.0,214.0,3,여성,13
202301,유럽,64.0,스위스,25.0,41.0,3,승무원,13
202301,유럽,491.3,스위스,92.0,544.0,3,전체,13
202301,유럽,411.1,포르투갈,27.0,138.0,3,남성,14
202301,유럽,373.7,포르투갈,19.0,90.0,3,여성,14
202301,유럽,-69.2,포르투갈,172.0,53.0,3,승무원,14
202301,유럽,28.9,포르투갈,218.0,281.0,3,전체,14
202301,유럽,526.2,오스트리아,42.0,263.0,3,남성,15
202301,유럽,623.5,오스트리아,17.0,123.0,3,여성,15
202301,유럽,23.5,오스트리아,85.0,105.0,3,승무원,15
202301,유럽,241.0,오스트리아,144.0,491.0,3,전체,15
202301,유럽,472.5,핀란드,40.0,229.0,3,남성,16
202301,유럽,504.5,핀란드,22.0,133.0,3,여성,16
202301,유럽,39.3,핀란드,206.0,287.0,3,승무원,16
202301,유럽,142.2,핀란드,268.0,649.0,3,전체,16
202301,유럽,365.2,벨기에,66.0,307.0,3,남성,17
202301,유럽,314.3,벨기에,42.0,174.0,3,여성,17
202301,유럽,37.1,벨기에,97.0,133.0,3,승무원,17
202301,유럽,199.5,벨기에,205.0,614.0,3,전체,17
202301,유럽,5.8,크로아티아,86.0,91.0,3,남성,18
202301,유럽,325.0,크로아티아,4.0,17.0,3,여성,18
202301,유럽,-7.5,크로아티아,67.0,62.0,3,승무원,18
202301,유럽,8.3,크로아티아,157.0,170.0,3,전체,18
202301,유럽,47.8,그리스,203.0,300.0,3,남성,19
202301,유럽,440.0,그리스,10.0,54.0,3,여성,19
202301,유럽,-24.3,그리스,173.0,131.0,3,승무원,19
202301,유럽,25.6,그리스,386.0,485.0,3,전체,19
202301,유럽,78.7,불가리아,47.0,84.0,3,남성,20
202301,유럽,158.3,불가리아,12.0,31.0,3,여성,20
202301,유럽,-70.3,불가리아,158.0,47.0,3,승무원,20
202301,유럽,-25.3,불가리아,217.0,162.0,3,전체,20
202301,유럽,369.1,덴마크,68.0,319.0,3,남성,21
202301,유럽,322.2,덴마크,36.0,152.0,3,여성,21
202301,유럽,-10.3,덴마크,39.0,35.0,3,승무원,21
202301,유럽,253.8,덴마크,143.0,506.0,3,전체,21
202301,유럽,405.2,아일랜드,58.0,293.0,3,남성,22
202301,유럽,604.0,아일랜드,25.0,176.0,3,여성,22
202301,유럽,-31.0,아일랜드,29.0,20.0,3,승무원,22
202301,유럽,336.6,아일랜드,112.0,489.0,3,전체,22
202301,유럽,221.3,기타,207.0,665.0,3,남성,23
202301,유럽,350.9,기타,108.0,487.0,3,여성,23
202301,유럽,27.8,기타,395.0,505.0,3,승무원,23
202301,유럽,133.4,기타,710.0,1657.0,3,전체,23
202301,오세아니아,2027.1,연도대륙,351.0,7466.0,2,남성,0
202301,오세아니아,2296.3,연도대륙,294.0,7045.0,2,여성,0
202301,오세아니아,304.4,연도대륙,182.0,736.0,2,승무원,0
202301,오세아니아,1743.7,연도대륙,827.0,15247.0,2,전체,0
202301,오세아니아,2019.4,호주,294.0,6231.0,3,남성,1
202301,오세아니아,2493.0,호주,228.0,5912.0,3,여성,1
202301,오세아니아,432.6,호주,89.0,474.0,3,승무원,1
202301,오세아니아,1965.0,호주,611.0,12617.0,3,전체,1
202301,오세아니아,2190.6,뉴질랜드,53.0,1214.0,3,남성,2
202301,오세아니아,1693.5,뉴질랜드,62.0,1112.0,3,여성,2
202301,오세아니아,230.8,뉴질랜드,78.0,258.0,3,승무원,2
202301,오세아니아,1238.9,뉴질랜드,193.0,2584.0,3,전체,2
202301,오세아니아,425.0,기타,4.0,21.0,3,남성,3
202301,오세아니아,425.0,기타,4.0,21.0,3,여성,3
202301,오세아니아,-73.3,기타,15.0,4.0,3,승무원,3
202301,오세아니아,100.0,기타,23.0,46.0,3,전체,3
202301,아프리카,182.4,연도대륙,393.0,1110.0,2,남성,0
202301,아프리카,426.7,연도대륙,150.0,790.0,2,여성,0
202301,아프리카,68.5,연도대륙,505.0,851.0,2,승무원,0
202301,아프리카,162.5,연도대륙,1048.0,2751.0,2,전체,0
202301,아프리카,869.0,남아프리카공화국,29.0,281.0,3,남성,1
202301,아프리카,864.6,남아프리카공화국,48.0,463.0,3,여성,1
202301,아프리카,88.9,남아프리카공화국,27.0,51.0,3,승무원,1
202301,아프리카,664.4,남아프리카공화국,104.0,795.0,3,전체,1
202301,아프리카,127.7,기타,364.0,829.0,3,남성,2
202301,아프리카,220.6,기타,102.0,327.0,3,여성,2
202301,아프리카,67.4,기타,478.0,800.0,3,승무원,2
202301,아프리카,107.2,기타,944.0,1956.0,3,전체,2
202301,기타,0.0,연도대륙,1.0,1.0,2,남성,0
202301,기타,0.0,연도대륙,0.0,0.0,2,여성,0
202301,기타,0.0,연도대륙,0.0,11.0,2,승무원,0
202301,기타,1100.0,연도대륙,1.0,12.0,2,전체,0
202301,기타,0.0,기타,1.0,1.0,3,남성,1
202301,기타,0.0,기타,0.0,0.0,3,여성,1
202301,기타,0.0,기타,0.0,11.0,3,승무원,1
202301,기타,1100.0,기타,1.0,12.0,3,전체,1
202301,교포,225.2,연도대륙,385.0,1252.0,2,남성,0
202301,교포,231.2,연도대륙,464.0,1537.0,2,여성,0
202301,교포,0.0,연도대륙,0.0,0.0,2,승무원,0
202301,교포,228.5,연도대륙,849.0,2789.0,2,전체,0
202301,교포,225.2,교포,385.0,1252.0,3,남성,1
202301,교포,231.2,교포,464.0,1537.0,3,여성,1
202301,교포,0.0,교포,0.0,0.0,3,승무원,1
202301,교포,228.5,교포,849.0,2789.0,3,전체,1
202302,대륙전체,447.9,연도,36184.0,198254.0,1,남성,0
202302,대륙전체,736.9,연도,28987.0,242602.0,1,여성,0
202302,대륙전체,10.2,연도,34828.0,38392.0,1,승무원,0
202302,대륙전체,379.3,연도,99999.0,479248.0,1,전체,0
202302,아시아,495.5,연도대륙,24335.0,144910.0,2,남성,0
202302,아시아,1101.3,연도대륙,16387.0,196853.0,2,여성,0
202302,아시아,6.1,연도대륙,18870.0,20017.0,2,승무원,0
202302,아시아,507.1,연도대륙,59592.0,361780.0,2,전체,0
202302,아시아,230.5,중국,6325.0,20903.0,3,남성,1
202302,아시아,275.3,중국,6467.0,24271.0,3,여성,1
202302,아시아,-82.1,중국,3960.0,710.0,3,승무원,1
202302,아시아,173.9,중국,16752.0,45884.0,3,전체,1
202302,아시아,3849.0,일본,788.0,31118.0,3,남성,2
202302,아시아,2931.5,일본,2075.0,62903.0,3,여성,2
202302,아시아,423.9,일본,71.0,372.0,3,승무원,2
202302,아시아,3117.2,일본,2934.0,94393.0,3,전체,2
202302,아시아,8919.6,대만,179.0,16145.0,3,남성,3
202302,아시아,5796.3,대만,537.0,31663.0,3,여성,3
202302,아시아,14.9,대만,141.0,162.0,3,승무원,3
202302,아시아,5497.4,대만,857.0,47970.0,3,전체,3
202302,아시아,8247.5,홍콩,59.0,4925.0,3,남성,4
202302,아시아,5793.1,홍콩,189.0,11138.0,3,여성,4
202302,아시아,625.0,홍콩,24.0,174.0,3,승무원,4
202302,아시아,5869.5,홍콩,272.0,16237.0,3,전체,4
202302,아시아,9400.0,마카오,1.0,95.0,3,남성,5
202302,아시아,25000.0,마카오,1.0,251.0,3,여성,5
202302,아시아,0.0,마카오,0.0,0.0,3,승무원,5
202302,아시아,17200.0,마카오,2.0,346.0,3,전체,5
202302,아시아,122.7,필리핀,2612.0,5818.0,3,남성,6
202302,아시아,3259.6,필리핀,136.0,4569.0,3,여성,6
202302,아시아,-36.7,필리핀,6290.0,3981.0,3,승무원,6
202302,아시아,59.0,필리핀,9038.0,14368.0,3,전체,6
202302,아시아,247.2,인도네시아,1993.0,6920.0,3,남성,7
202302,아시아,897.3,인도네시아,562.0,5605.0,3,여성,7
202302,아시아,-12.8,인도네시아,1870.0,1631.0,3,승무원,7
202302,아시아,219.9,인도네시아,4425.0,14156.0,3,전체,7
202302,아시아,1979.2,태국,467.0,9710.0,3,남성,8
202302,아시아,2819.8,태국,570.0,16643.0,3,여성,8
202302,아시아,293.2,태국,455.0,1789.0,3,승무원,8
202302,아시아,1786.2,태국,1492.0,28142.0,3,전체,8
202302,아시아,446.9,베트남,2361.0,12913.0,3,남성,9
202302,아시아,461.6,베트남,2089.0,11732.0,3,여성,9
202302,아시아,657.8,베트남,552.0,4183.0,3,승무원,9
202302,아시아,476.3,베트남,5002.0,28828.0,3,전체,9
202302,아시아,93.4,인도,1492.0,2885.0,3,남성,10
202302,아시아,119.9,인도,311.0,684.0,3,여성,10
202302,아시아,-24.3,인도,1446.0,1095.0,3,승무원,10
202302,아시아,43.6,인도,3249.0,4664.0,3,전체,10
202302,아시아,2129.7,말레이시아,276.0,6154.0,3,남성,11
202302,아시아,2026.5,말레이시아,422.0,8974.0,3,여성,11
202302,아시아,369.9,말레이시아,289.0,1358.0,3,승무원,11
202302,아시아,1570.3,말레이시아,987.0,16486.0,3,전체,11
202302,아시아,665.5,싱가포르,623.0,4769.0,3,남성,12
202302,아시아,883.3,싱가포르,640.0,6293.0,3,여성,12
202302,아시아,391.6,싱가포르,226.0,1111.0,3,승무원,12
202302,아시아,717.5,싱가포르,1489.0,12173.0,3,전체,12
202302,아시아,703.9,몽골,565.0,4542.0,3,남성,13
202302,아시아,793.9,몽골,609.0,5444.0,3,여성,13
202302,아시아,0.0,몽골,0.0,14.0,3,승무원,13
202302,아시아,751.8,몽골,1174.0,10000.0,3,전체,13
202302,아시아,170.1,우즈베키스탄,1246.0,3366.0,3,남성,14
202302,아시아,214.5,우즈베키스탄,325.0,1022.0,3,여성,14
202302,아시아,6300.0,우즈베키스탄,4.0,256.0,3,승무원,14
202302,아시아,194.9,우즈베키스탄,1575.0,4644.0,3,전체,14
202302,아시아,37.9,미얀마,1359.0,1874.0,3,남성,15
202302,아시아,232.5,미얀마,120.0,399.0,3,여성,15
202302,아시아,-64.5,미얀마,2812.0,998.0,3,승무원,15
202302,아시아,-23.8,미얀마,4291.0,3271.0,3,전체,15
202302,아시아,251.0,GCC,196.0,688.0,3,남성,16
202302,아시아,273.3,GCC,120.0,448.0,3,여성,16
202302,아시아,77.2,GCC,79.0,140.0,3,승무원,16
202302,아시아,223.0,GCC,395.0,1276.0,3,전체,16
202302,아시아,654.1,카자흐스탄,148.0,1116.0,3,남성,17
202302,아시아,524.2,카자흐스탄,227.0,1417.0,3,여성,17
202302,아시아,230.7,카자흐스탄,75.0,248.0,3,승무원,17
202302,아시아,518.0,카자흐스탄,450.0,2781.0,3,전체,17
202302,아시아,326.9,튀르키예,104.0,444.0,3,남성,18
202302,아시아,116.4,튀르키예,134.0,290.0,3,여성,18
202302,아시아,189.1,튀르키예,302.0,873.0,3,승무원,18
202302,아시아,197.6,튀르키예,540.0,1607.0,3,전체,18
202302,아시아,191.3,캄보디아,585.0,1704.0,3,남성,19
202302,아시아,312.6,캄보디아,261.0,1077.0,3,여성,19
202302,아시아,5425.0,캄보디아,4.0,221.0,3,승무원,19
202302,아시아,253.2,캄보디아,850.0,3002.0,3,전체,19
202302,아시아,315.3,스리랑카,321.0,1333.0,3,남성,20
202302,아시아,173.7,스리랑카,38.0,104.0,3,여성,20
202302,아시아,68.1,스리랑카,116.0,195.0,3,승무원,20
202302,아시아,243.6,스리랑카,475.0,1632.0,3,전체,20
202302,아시아,121.7,방글라데시,552.0,1224.0,3,남성,21
202302,아시아,105.3,방글라데시,76.0,156.0,3,여성,21
202302,아시아,1.6,방글라데시,61.0,62.0,3,승무원,21
202302,아시아,109.3,방글라데시,689.0,1442.0,3,전체,21
202302,아시아,83.3,파키스탄,454.0,832.0,3,남성,22
202302,아시아,145.2,파키스탄,62.0,152.0,3,여성,22
202302,아시아,-4.5,파키스탄,22.0,21.0,3,승무원,22
202302,아시아,86.8,파키스탄,538.0,1005.0,3,전체,22
202302,아시아,328.4,이스라엘,67.0,287.0,3,남성,23
202302,아시아,365.2,이스라엘,23.0,107.0,3,여성,23
202302,아시아,0.0,이스라엘,3.0,3.0,3,승무원,23
202302,아시아,326.9,이스라엘,93.0,397.0,3,전체,23
202302,아시아,37.0,이란,54.0,74.0,3,남성,24
202302,아시아,11.1,이란,54.0,60.0,3,여성,24
202302,아시아,25.0,이란,4.0,5.0,3,승무원,24
202302,아시아,24.1,이란,112.0,139.0,3,전체,24
202302,아시아,236.3,기타,1508.0,5071.0,3,남성,25
202302,아시아,328.0,기타,339.0,1451.0,3,여성,25
202302,아시아,548.4,기타,64.0,415.0,3,승무원,25
202302,아시아,263.0,기타,1911.0,6937.0,3,전체,25
202302,아메리카,450.7,연도대륙,4809.0,26482.0,2,남성,0
202302,아메리카,298.0,연도대륙,6304.0,25089.0,2,여성,0
202302,아메리카,-17.5,연도대륙,8756.0,7225.0,2,승무원,0
202302,아메리카,195.9,연도대륙,19869.0,58796.0,2,전체,0
202302,아메리카,426.0,미국,3966.0,20863.0,3,남성,1
202302,아메리카,277.0,미국,5123.0,19313.0,3,여성,1
202302,아메리카,-10.8,미국,6756.0,6028.0,3,승무원,1
202302,아메리카,191.6,미국,15845.0,46204.0,3,전체,1
202302,아메리카,656.9,캐나다,543.0,4110.0,3,남성,2
202302,아메리카,516.7,캐나다,676.0,4169.0,3,여성,2
202302,아메리카,-55.3,캐나다,1701.0,761.0,3,승무원,2
202302,아메리카,209.6,캐나다,2920.0,9040.0,3,전체,2
202302,아메리카,470.1,브라질,77.0,439.0,3,남성,3
202302,아메리카,250.0,브라질,126.0,441.0,3,여성,3
202302,아메리카,172.2,브라질,54.0,147.0,3,승무원,3
202302,아메리카,299.6,브라질,257.0,1027.0,3,전체,3
202302,아메리카,250.5,멕시코,101.0,354.0,3,남성,4
202302,아메리카,92.2,멕시코,179.0,344.0,3,여성,4
202302,아메리카,-7.9,멕시코,165.0,152.0,3,승무원,4
202302,아메리카,91.0,멕시코,445.0,850.0,3,전체,4
202302,아메리카,486.9,기타,122.0,716.0,3,남성,5
202302,아메리카,311.0,기타,200.0,822.0,3,여성,5
202302,아메리카,71.2,기타,80.0,137.0,3,승무원,5
202302,아메리카,316.7,기타,402.0,1675.0,3,전체,5
202302,유럽,253.5,연도대륙,5539.0,19579.0,2,남성,0
202302,유럽,190.4,연도대륙,4856.0,14102.0,2,여성,0
202302,유럽,46.1,연도대륙,6617.0,9667.0,2,승무원,0
202302,유럽,154.8,연도대륙,17012.0,43348.0,2,전체,0
202302,유럽,206.7,러시아,929.0,2849.0,3,남성,1
202302,유럽,205.8,러시아,839.0,2566.0,3,여성,1
202302,유럽,141.9,러시아,1515.0,3665.0,3,승무원,1
202302,유럽,176.6,러시아,3283.0,9080.0,3,전체,1
202302,유럽,449.3,영국,534.0,2933.0,3,남성,2
202302,유럽,396.7,영국,395.0,1962.0,3,여성,2
202302,유럽,55.6,영국,135.0,210.0,3,승무원,2
202302,유럽,379.8,영국,1064.0,5105.0,3,전체,2
202302,유럽,300.4,독일,812.0,3251.0,3,남성,3
202302,유럽,163.0,독일,756.0,1988.0,3,여성,3
202302,유럽,17.4,독일,816.0,958.0,3,승무원,3
202302,유럽,159.9,독일,2384.0,6197.0,3,전체,3
202302,유럽,251.3,프랑스,858.0,3014.0,3,남성,4
202302,유럽,129.2,프랑스,1156.0,2650.0,3,여성,4
202302,유럽,17.2,프랑스,818.0,959.0,3,승무원,4
202302,유럽,133.9,프랑스,2832.0,6623.0,3,전체,4
202302,유럽,373.2,이탈리아,231.0,1093.0,3,남성,5
202302,유럽,190.9,이탈리아,209.0,608.0,3,여성,5
202302,유럽,36.6,이탈리아,131.0,179.0,3,승무원,5
202302,유럽,229.2,이탈리아,571.0,1880.0,3,전체,5
202302,유럽,316.8,네덜란드,232.0,967.0,3,남성,6
202302,유럽,132.9,네덜란드,240.0,559.0,3,여성,6
202302,유럽,95.8,네덜란드,690.0,1351.0,3,승무원,6
202302,유럽,147.6,네덜란드,1162.0,2877.0,3,전체,6
202302,유럽,-0.3,우크라이나,297.0,296.0,3,남성,7
202302,유럽,218.8,우크라이나,48.0,153.0,3,여성,7
202302,유럽,-60.7,우크라이나,751.0,295.0,3,승무원,7
202302,유럽,-32.1,우크라이나,1096.0,744.0,3,전체,7
202302,유럽,467.2,스페인,122.0,692.0,3,남성,8
202302,유럽,202.3,스페인,172.0,520.0,3,여성,8
202302,유럽,145.2,스페인,42.0,103.0,3,승무원,8
202302,유럽,291.4,스페인,336.0,1315.0,3,전체,8
202302,유럽,5.7,루마니아,192.0,203.0,3,남성,9
202302,유럽,420.0,루마니아,25.0,130.0,3,여성,9
202302,유럽,-0.7,루마니아,153.0,152.0,3,승무원,9
202302,유럽,31.1,루마니아,370.0,485.0,3,전체,9
202302,유럽,452.1,노르웨이,48.0,265.0,3,남성,10
202302,유럽,294.3,노르웨이,53.0,209.0,3,여성,10
202302,유럽,85.7,노르웨이,14.0,26.0,3,승무원,10
202302,유럽,334.8,노르웨이,115.0,500.0,3,전체,10
202302,유럽,425.3,스웨덴,79.0,415.0,3,남성,11
202302,유럽,138.2,스웨덴,110.0,262.0,3,여성,11
202302,유럽,-65.4,스웨덴,26.0,9.0,3,승무원,11
202302,유럽,219.1,스웨덴,215.0,686.0,3,전체,11
202302,유럽,130.3,폴란드,188.0,433.0,3,남성,12
202302,유럽,253.1,폴란드,98.0,346.0,3,여성,12
202302,유럽,81.2,폴란드,224.0,406.0,3,승무원,12
202302,유럽,132.4,폴란드,510.0,1185.0,3,전체,12
202302,유럽,427.0,스위스,74.0,390.0,3,남성,13
202302,유럽,231.8,스위스,85.0,282.0,3,여성,13
202302,유럽,22.2,스위스,27.0,33.0,3,승무원,13
202302,유럽,279.0,스위스,186.0,705.0,3,전체,13
202302,유럽,290.0,포르투갈,40.0,156.0,3,남성,14
202302,유럽,307.1,포르투갈,28.0,114.0,3,여성,14
202302,유럽,-68.6,포르투갈,140.0,44.0,3,승무원,14
202302,유럽,51.0,포르투갈,208.0,314.0,3,전체,14
202302,유럽,312.8,오스트리아,78.0,322.0,3,남성,15
202302,유럽,258.1,오스트리아,62.0,222.0,3,여성,15
202302,유럽,18.2,오스트리아,77.0,91.0,3,승무원,15
202302,유럽,192.6,오스트리아,217.0,635.0,3,전체,15
202302,유럽,180.0,핀란드,75.0,210.0,3,남성,16
202302,유럽,115.9,핀란드,113.0,244.0,3,여성,16
202302,유럽,40.3,핀란드,206.0,289.0,3,승무원,16
202302,유럽,88.6,핀란드,394.0,743.0,3,전체,16
202302,유럽,245.7,벨기에,105.0,363.0,3,남성,17
202302,유럽,198.7,벨기에,76.0,227.0,3,여성,17
202302,유럽,36.6,벨기에,93.0,127.0,3,승무원,17
202302,유럽,161.7,벨기에,274.0,717.0,3,전체,17
202302,유럽,-11.6,크로아티아,112.0,99.0,3,남성,18
202302,유럽,233.3,크로아티아,6.0,20.0,3,여성,18
202302,유럽,9.3,크로아티아,75.0,82.0,3,승무원,18
202302,유럽,4.1,크로아티아,193.0,201.0,3,전체,18
202302,유럽,81.3,그리스,139.0,252.0,3,남성,19
202302,유럽,204.8,그리스,21.0,64.0,3,여성,19
202302,유럽,-9.8,그리스,143.0,129.0,3,승무원,19
202302,유럽,46.9,그리스,303.0,445.0,3,전체,19
202302,유럽,37.0,불가리아,46.0,63.0,3,남성,20
202302,유럽,246.7,불가리아,15.0,52.0,3,여성,20
202302,유럽,-65.3,불가리아,98.0,34.0,3,승무원,20
202302,유럽,-6.3,불가리아,159.0,149.0,3,전체,20
202302,유럽,210.1,덴마크,89.0,276.0,3,남성,21
202302,유럽,232.1,덴마크,53.0,176.0,3,여성,21
202302,유럽,-39.1,덴마크,46.0,28.0,3,승무원,21
202302,유럽,155.3,덴마크,188.0,480.0,3,전체,21
202302,유럽,339.7,아일랜드,58.0,255.0,3,남성,22
202302,유럽,192.0,아일랜드,50.0,146.0,3,여성,22
202302,유럽,-38.9,아일랜드,36.0,22.0,3,승무원,22
202302,유럽,193.8,아일랜드,144.0,423.0,3,전체,22
202302,유럽,289.1,기타,201.0,782.0,3,남성,23
202302,유럽,144.7,기타,246.0,602.0,3,여성,23
202302,유럽,31.6,기타,361.0,475.0,3,승무원,23
202302,유럽,130.1,기타,808.0,1859.0,3,전체,23
202302,오세아니아,1188.9,연도대륙,371.0,4782.0,2,남성,0
202302,오세아니아,1090.6,연도대륙,350.0,4167.0,2,여성,0
202302,오세아니아,364.6,연도대륙,144.0,669.0,2,승무원,0
202302,오세아니아,1011.9,연도대륙,865.0,9618.0,2,전체,0
202302,오세아니아,1274.4,호주,289.0,3972.0,3,남성,1
202302,오세아니아,1152.9,호주,278.0,3483.0,3,여성,1
202302,오세아니아,562.7,호주,67.0,444.0,3,승무원,1
202302,오세아니아,1145.9,호주,634.0,7899.0,3,전체,1
202302,오세아니아,888.6,뉴질랜드,79.0,781.0,3,남성,2
202302,오세아니아,877.9,뉴질랜드,68.0,665.0,3,여성,2
202302,오세아니아,247.6,뉴질랜드,63.0,219.0,3,승무원,2
202302,오세아니아,692.9,뉴질랜드,210.0,1665.0,3,전체,2
202302,오세아니아,866.7,기타,3.0,29.0,3,남성,3
202302,오세아니아,375.0,기타,4.0,19.0,3,여성,3
202302,오세아니아,-57.1,기타,14.0,6.0,3,승무원,3
202302,오세아니아,157.1,기타,21.0,54.0,3,전체,3
202302,아프리카,91.9,연도대륙,705.0,1353.0,2,남성,0
202302,아프리카,85.0,연도대륙,579.0,1071.0,2,여성,0
202302,아프리카,90.8,연도대륙,424.0,809.0,2,승무원,0
202302,아프리카,89.3,연도대륙,1708.0,3233.0,2,전체,0
202302,아프리카,178.8,남아프리카공화국,104.0,290.0,3,남성,1
202302,아프리카,106.7,남아프리카공화국,285.0,589.0,3,여성,1
202302,아프리카,13.0,남아프리카공화국,46.0,52.0,3,승무원,1
202302,아프리카,114.0,남아프리카공화국,435.0,931.0,3,전체,1
202302,아프리카,76.9,기타,601.0,1063.0,3,남성,2
202302,아프리카,63.9,기타,294.0,482.0,3,여성,2
202302,아프리카,100.3,기타,378.0,757.0,3,승무원,2
202302,아프리카,80.8,기타,1273.0,2302.0,3,전체,2
202302,기타,-52.6,연도대륙,19.0,9.0,2,남성,0
202302,기타,300.0,연도대륙,1.0,4.0,2,여성,0
202302,기타,-70.6,연도대륙,17.0,5.0,2,승무원,0
202302,기타,-51.4,연도대륙,37.0,18.0,2,전체,0
202302,기타,-52.6,기타,19.0,9.0,3,남성,1
202302,기타,300.0,기타,1.0,4.0,3,여성,1
202302,기타,-70.6,기타,17.0,5.0,3,승무원,1
202302,기타,-51.4,기타,37.0,18.0,3,전체,1
202302,교포,180.5,연도대륙,406.0,1139.0,2,남성,0
202302,교포,158.0,연도대륙,510.0,1316.0,2,여성,0
202302,교포,0.0,연도대륙,0.0,0.0,2,승무원,0
202302,교포,168.0,연도대륙,916.0,2455.0,2,전체,0
202302,교포,180.5,교포,406.0,1139.0,3,남성,1
202302,교포,158.0,교포,510.0,1316.0,3,여성,1
202302,교포,0.0,교포,0.0,0.0,3,승무원,1
202302,교포,168.0,교포,916.0,2455.0,3,전체,1
202303,대륙전체,728.3,연도,37477.0,310440.0,1,남성,0
202303,대륙전체,2044.1,연도,20258.0,434348.0,1,여성,0
202303,대륙전체,42.9,연도,39033.0,55787.0,1,승무원,0
202303,대륙전체,727.3,연도,96768.0,800575.0,1,전체,0
202303,아시아,721.5,연도대륙,26200.0,215236.0,2,남성,0
202303,아시아,2859.6,연도대륙,11625.0,344056.0,2,여성,0
202303,아시아,49.1,연도대륙,21995.0,32791.0,2,승무원,0
202303,아시아,889.8,연도대륙,59820.0,592083.0,2,전체,0
202303,아시아,539.0,중국,5433.0,34719.0,3,남성,1
202303,아시아,732.1,중국,4495.0,37403.0,3,여성,1
202303,아시아,-73.6,중국,4798.0,1268.0,3,승무원,1
202303,아시아,398.4,중국,14726.0,73390.0,3,전체,1
202303,아시아,7872.8,일본,725.0,57803.0,3,남성,2
202303,아시아,22442.6,일본,594.0,133903.0,3,여성,2
202303,아시아,684.6,일본,78.0,612.0,3,승무원,2
202303,아시아,13666.5,일본,1397.0,192318.0,3,전체,2
202303,아시아,17961.3,대만,111.0,20048.0,3,남성,3
202303,아시아,38909.0,대만,111.0,43300.0,3,여성,3
202303,아시아,-17.0,대만,188.0,156.0,3,승무원,3
202303,아시아,15388.8,대만,410.0,63504.0,3,전체,3
202303,아시아,17252.2,홍콩,46.0,7982.0,3,남성,4
202303,아시아,21710.3,홍콩,87.0,18975.0,3,여성,4
202303,아시아,1064.7,홍콩,17.0,198.0,3,승무원,4
202303,아시아,18003.3,홍콩,150.0,27155.0,3,전체,4
202303,아시아,0.0,마카오,0.0,224.0,3,남성,5
202303,아시아,11680.0,마카오,5.0,589.0,3,여성,5
202303,아시아,0.0,마카오,0.0,1.0,3,승무원,5
202303,아시아,16180.0,마카오,5.0,814.0,3,전체,5
202303,아시아,105.6,필리핀,3806.0,7825.0,3,남성,6
202303,아시아,5607.6,필리핀,131.0,7477.0,3,여성,6
202303,아시아,26.4,필리핀,7460.0,9433.0,3,승무원,6
202303,아시아,117.0,필리핀,11397.0,24735.0,3,전체,6
202303,아시아,224.3,인도네시아,2140.0,6940.0,3,남성,7
202303,아시아,3483.7,인도네시아,227.0,8135.0,3,여성,7
202303,아시아,84.5,인도네시아,1867.0,3445.0,3,승무원,7
202303,아시아,337.4,인도네시아,4234.0,18520.0,3,전체,7
202303,아시아,2613.9,태국,503.0,13651.0,3,남성,8
202303,아시아,6770.0,태국,397.0,27274.0,3,여성,8
202303,아시아,291.1,태국,552.0,2159.0,3,승무원,8
202303,아시아,2867.2,태국,1452.0,43084.0,3,전체,8
202303,아시아,471.5,베트남,2446.0,13978.0,3,남성,9
202303,아시아,694.2,베트남,2058.0,16345.0,3,여성,9
202303,아시아,678.0,베트남,592.0,4606.0,3,승무원,9
202303,아시아,585.4,베트남,5096.0,34929.0,3,전체,9
202303,아시아,181.7,인도,1463.0,4121.0,3,남성,10
202303,아시아,542.1,인도,197.0,1265.0,3,여성,10
202303,아시아,85.1,인도,1643.0,3041.0,3,승무원,10
202303,아시아,155.1,인도,3303.0,8427.0,3,전체,10
202303,아시아,4605.1,말레이시아,177.0,8328.0,3,남성,11
202303,아시아,12045.1,말레이시아,113.0,13724.0,3,여성,11
202303,아시아,354.2,말레이시아,334.0,1517.0,3,승무원,11
202303,아시아,3677.1,말레이시아,624.0,23569.0,3,전체,11
202303,아시아,1163.8,싱가포르,1007.0,12726.0,3,남성,12
202303,아시아,1633.1,싱가포르,1176.0,20381.0,3,여성,12
202303,아시아,360.7,싱가포르,267.0,1230.0,3,승무원,12
202303,아시아,1301.5,싱가포르,2450.0,34337.0,3,전체,12
202303,아시아,770.8,몽골,658.0,5730.0,3,남성,13
202303,아시아,933.9,몽골,646.0,6679.0,3,여성,13
202303,아시아,0.0,몽골,0.0,3.0,3,승무원,13
202303,아시아,851.8,몽골,1304.0,12412.0,3,전체,13
202303,아시아,156.2,우즈베키스탄,1193.0,3057.0,3,남성,14
202303,아시아,228.4,우즈베키스탄,292.0,959.0,3,여성,14
202303,아시아,992.0,우즈베키스탄,25.0,273.0,3,승무원,14
202303,아시아,184.0,우즈베키스탄,1510.0,4289.0,3,전체,14
202303,아시아,48.0,미얀마,1458.0,2158.0,3,남성,15
202303,아시아,263.9,미얀마,169.0,615.0,3,여성,15
202303,아시아,-21.5,미얀마,3154.0,2475.0,3,승무원,15
202303,아시아,9.8,미얀마,4781.0,5248.0,3,전체,15
202303,아시아,461.7,GCC,206.0,1157.0,3,남성,16
202303,아시아,1216.7,GCC,66.0,869.0,3,여성,16
202303,아시아,85.7,GCC,91.0,169.0,3,승무원,16
202303,아시아,504.7,GCC,363.0,2195.0,3,전체,16
202303,아시아,932.7,카자흐스탄,150.0,1549.0,3,남성,17
202303,아시아,989.0,카자흐스탄,182.0,1982.0,3,여성,17
202303,아시아,193.0,카자흐스탄,86.0,252.0,3,승무원,17
202303,아시아,805.0,카자흐스탄,418.0,3783.0,3,전체,17
202303,아시아,622.2,튀르키예,108.0,780.0,3,남성,18
202303,아시아,1508.3,튀르키예,24.0,386.0,3,여성,18
202303,아시아,128.7,튀르키예,442.0,1011.0,3,승무원,18
202303,아시아,279.3,튀르키예,574.0,2177.0,3,전체,18
202303,아시아,210.4,캄보디아,615.0,1909.0,3,남성,19
202303,아시아,521.2,캄보디아,203.0,1261.0,3,여성,19
202303,아시아,0.0,캄보디아,0.0,77.0,3,승무원,19
202303,아시아,296.9,캄보디아,818.0,3247.0,3,전체,19
202303,아시아,132.2,스리랑카,678.0,1574.0,3,남성,20
202303,아시아,250.0,스리랑카,26.0,91.0,3,여성,20
202303,아시아,192.9,스리랑카,113.0,331.0,3,승무원,20
202303,아시아,144.3,스리랑카,817.0,1996.0,3,전체,20
202303,아시아,131.9,방글라데시,664.0,1540.0,3,남성,21
202303,아시아,125.0,방글라데시,76.0,171.0,3,여성,21
202303,아시아,-67.7,방글라데시,158.0,51.0,3,승무원,21
202303,아시아,96.2,방글라데시,898.0,1762.0,3,전체,21
202303,아시아,120.5,파키스탄,429.0,946.0,3,남성,22
202303,아시아,157.4,파키스탄,47.0,121.0,3,여성,22
202303,아시아,207.1,파키스탄,14.0,43.0,3,승무원,22
202303,아시아,126.5,파키스탄,490.0,1110.0,3,전체,22
202303,아시아,818.9,이스라엘,90.0,827.0,3,남성,23
202303,아시아,4680.0,이스라엘,15.0,717.0,3,여성,23
202303,아시아,0.0,이스라엘,2.0,2.0,3,승무원,23
202303,아시아,1344.9,이스라엘,107.0,1546.0,3,전체,23
202303,아시아,79.5,이란,78.0,140.0,3,남성,24
202303,아시아,481.2,이란,16.0,93.0,3,여성,24
202303,아시아,-76.0,이란,50.0,12.0,3,승무원,24
202303,아시아,70.1,이란,144.0,245.0,3,전체,24
202303,아시아,174.0,기타,2016.0,5524.0,3,남성,25
202303,아시아,393.0,기타,272.0,1341.0,3,여성,25
202303,아시아,565.6,기타,64.0,426.0,3,승무원,25
202303,아시아,210.0,기타,2352.0,7291.0,3,전체,25
202303,아메리카,795.3,연도대륙,5437.0,48680.0,2,남성,0
202303,아메리카,873.0,연도대륙,5296.0,51528.0,2,여성,0
202303,아메리카,-5.6,연도대륙,9657.0,9114.0,2,승무원,0
202303,아메리카,436.2,연도대륙,20390.0,109322.0,2,전체,0
202303,아메리카,721.2,미국,4703.0,38621.0,3,남성,1
202303,아메리카,809.0,미국,4475.0,40678.0,3,여성,1
202303,아메리카,-8.5,미국,7790.0,7131.0,3,승무원,1
202303,아메리카,409.4,미국,16968.0,86430.0,3,전체,1
202303,아메리카,1274.2,캐나다,563.0,7737.0,3,남성,2
202303,아메리카,1216.1,캐나다,628.0,8265.0,3,여성,2
202303,아메리카,-42.0,캐나다,1490.0,864.0,3,승무원,2
202303,아메리카,529.1,캐나다,2681.0,16866.0,3,전체,2
202303,아메리카,964.9,브라질,57.0,607.0,3,남성,3
202303,아메리카,1284.9,브라질,53.0,734.0,3,여성,3
202303,아메리카,214.6,브라질,82.0,258.0,3,승무원,3
202303,아메리카,732.8,브라질,192.0,1599.0,3,전체,3
202303,아메리카,1351.4,멕시코,37.0,537.0,3,남성,4
202303,아메리카,1010.2,멕시코,59.0,655.0,3,여성,4
202303,아메리카,19.8,멕시코,202.0,242.0,3,승무원,4
202303,아메리카,381.2,멕시코,298.0,1434.0,3,전체,4
202303,아메리카,1429.9,기타,77.0,1178.0,3,남성,5
202303,아메리카,1376.5,기타,81.0,1196.0,3,여성,5
202303,아메리카,565.6,기타,93.0,619.0,3,승무원,5
202303,아메리카,1092.4,기타,251.0,2993.0,3,전체,5
202303,유럽,718.2,연도대륙,4326.0,35394.0,2,남성,0
202303,유럽,1239.4,연도대륙,2071.0,27740.0,2,여성,0
202303,유럽,72.7,연도대륙,6743.0,11647.0,2,승무원,0
202303,유럽,469.1,연도대륙,13140.0,74781.0,2,전체,0
202303,유럽,525.8,러시아,713.0,4462.0,3,남성,1
202303,유럽,719.5,러시아,528.0,4327.0,3,여성,1
202303,유럽,293.2,러시아,1106.0,4349.0,3,승무원,1
202303,유럽,459.8,러시아,2347.0,13138.0,3,전체,1
202303,유럽,944.5,영국,569.0,5943.0,3,남성,2
202303,유럽,1764.9,영국,245.0,4569.0,3,여성,2
202303,유럽,56.9,영국,181.0,284.0,3,승무원,2
202303,유럽,985.0,영국,995.0,10796.0,3,전체,2
202303,유럽,912.5,독일,617.0,6247.0,3,남성,3
202303,유럽,1651.7,독일,265.0,4642.0,3,여성,3
202303,유럽,30.2,독일,920.0,1198.0,3,승무원,3
202303,유럽,570.8,독일,1802.0,12087.0,3,전체,3
202303,유럽,1306.4,프랑스,343.0,4824.0,3,남성,4
202303,유럽,1357.5,프랑스,273.0,3979.0,3,여성,4
202303,유럽,-37.6,프랑스,1076.0,671.0,3,승무원,4
202303,유럽,459.9,프랑스,1692.0,9474.0,3,전체,4
202303,유럽,872.9,이탈리아,218.0,2121.0,3,남성,5
202303,유럽,1359.6,이탈리아,89.0,1299.0,3,여성,5
202303,유럽,135.6,이탈리아,177.0,417.0,3,승무원,5
202303,유럽,692.8,이탈리아,484.0,3837.0,3,전체,5
202303,유럽,1120.7,네덜란드,135.0,1648.0,3,남성,6
202303,유럽,1500.0,네덜란드,63.0,1008.0,3,여성,6
202303,유럽,63.6,네덜란드,781.0,1278.0,3,승무원,6
202303,유럽,301.8,네덜란드,979.0,3934.0,3,전체,6
202303,유럽,94.4,우크라이나,179.0,348.0,3,남성,7
202303,유럽,24.1,우크라이나,137.0,170.0,3,여성,7
202303,유럽,-5.9,우크라이나,697.0,656.0,3,승무원,7
202303,유럽,15.9,우크라이나,1013.0,1174.0,3,전체,7
202303,유럽,556.2,스페인,203.0,1332.0,3,남성,8
202303,유럽,768.3,스페인,123.0,1068.0,3,여성,8
202303,유럽,72.9,스페인,70.0,121.0,3,승무원,8
202303,유럽,536.6,스페인,396.0,2521.0,3,전체,8
202303,유럽,81.5,루마니아,200.0,363.0,3,남성,9
202303,유럽,1800.0,루마니아,18.0,342.0,3,여성,9
202303,유럽,45.7,루마니아,199.0,290.0,3,승무원,9
202303,유럽,138.6,루마니아,417.0,995.0,3,전체,9
202303,유럽,1478.8,노르웨이,33.0,521.0,3,남성,10
202303,유럽,3207.1,노르웨이,14.0,463.0,3,여성,10
202303,유럽,7.7,노르웨이,13.0,14.0,3,승무원,10
202303,유럽,1563.3,노르웨이,60.0,998.0,3,전체,10
202303,유럽,812.5,스웨덴,88.0,803.0,3,남성,11
202303,유럽,1222.0,스웨덴,41.0,542.0,3,여성,11
202303,유럽,88.9,스웨덴,9.0,17.0,3,승무원,11
202303,유럽,887.0,스웨덴,138.0,1362.0,3,전체,11
202303,유럽,538.8,폴란드,129.0,824.0,3,남성,12
202303,유럽,2432.1,폴란드,28.0,709.0,3,여성,12
202303,유럽,136.5,폴란드,233.0,551.0,3,승무원,12
202303,유럽,434.4,폴란드,390.0,2084.0,3,전체,12
202303,유럽,1225.0,스위스,64.0,848.0,3,남성,13
202303,유럽,1985.3,스위스,34.0,709.0,3,여성,13
202303,유럽,115.8,스위스,19.0,41.0,3,승무원,13
202303,유럽,1265.8,스위스,117.0,1598.0,3,전체,13
202303,유럽,863.6,포르투갈,33.0,318.0,3,남성,14
202303,유럽,2800.0,포르투갈,11.0,319.0,3,여성,14
202303,유럽,-10.5,포르투갈,86.0,77.0,3,승무원,14
202303,유럽,449.2,포르투갈,130.0,714.0,3,전체,14
202303,유럽,870.3,오스트리아,64.0,621.0,3,남성,15
202303,유럽,2094.7,오스트리아,19.0,417.0,3,여성,15
202303,유럽,31.5,오스트리아,89.0,117.0,3,승무원,15
202303,유럽,571.5,오스트리아,172.0,1155.0,3,전체,15
202303,유럽,1805.6,핀란드,18.0,343.0,3,남성,16
202303,유럽,1156.0,핀란드,25.0,314.0,3,여성,16
202303,유럽,190.3,핀란드,103.0,299.0,3,승무원,16
202303,유럽,554.8,핀란드,146.0,956.0,3,전체,16
202303,유럽,895.0,벨기에,60.0,597.0,3,남성,17
202303,유럽,1300.0,벨기에,31.0,434.0,3,여성,17
202303,유럽,59.4,벨기에,96.0,153.0,3,승무원,17
202303,유럽,533.2,벨기에,187.0,1184.0,3,전체,17
202303,유럽,34.0,크로아티아,97.0,130.0,3,남성,18
202303,유럽,3000.0,크로아티아,2.0,62.0,3,여성,18
202303,유럽,33.0,크로아티아,106.0,141.0,3,승무원,18
202303,유럽,62.4,크로아티아,205.0,333.0,3,전체,18
202303,유럽,60.5,그리스,233.0,374.0,3,남성,19
202303,유럽,889.5,그리스,19.0,188.0,3,여성,19
202303,유럽,-34.5,그리스,165.0,108.0,3,승무원,19
202303,유럽,60.7,그리스,417.0,670.0,3,전체,19
202303,유럽,280.6,불가리아,31.0,118.0,3,남성,20
202303,유럽,4166.7,불가리아,3.0,128.0,3,여성,20
202303,유럽,-44.0,불가리아,200.0,112.0,3,승무원,20
202303,유럽,53.0,불가리아,234.0,358.0,3,전체,20
202303,유럽,1075.4,덴마크,61.0,717.0,3,남성,21
202303,유럽,3016.7,덴마크,18.0,561.0,3,여성,21
202303,유럽,21.4,덴마크,28.0,34.0,3,승무원,21
202303,유럽,1126.2,덴마크,107.0,1312.0,3,전체,21
202303,유럽,1250.0,아일랜드,32.0,432.0,3,남성,22
202303,유럽,1933.3,아일랜드,15.0,305.0,3,여성,22
202303,유럽,-21.2,아일랜드,33.0,26.0,3,승무원,22
202303,유럽,853.8,아일랜드,80.0,763.0,3,전체,22
202303,유럽,608.7,기타,206.0,1460.0,3,남성,23
202303,유럽,1592.9,기타,70.0,1185.0,3,여성,23
202303,유럽,94.7,기타,356.0,693.0,3,승무원,23
202303,유럽,428.2,기타,632.0,3338.0,3,전체,23
202303,오세아니아,1722.4,연도대륙,437.0,7964.0,2,남성,0
202303,오세아니아,2023.7,연도대륙,384.0,8155.0,2,여성,0
202303,오세아니아,334.0,연도대륙,191.0,829.0,2,승무원,0
202303,오세아니아,1574.7,연도대륙,1012.0,16948.0,2,전체,0
202303,오세아니아,1726.2,호주,367.0,6702.0,3,남성,1
202303,오세아니아,2182.2,호주,304.0,6938.0,3,여성,1
202303,오세아니아,549.4,호주,83.0,539.0,3,승무원,1
202303,오세아니아,1780.5,호주,754.0,14179.0,3,전체,1
202303,오세아니아,1680.9,뉴질랜드,68.0,1211.0,3,남성,2
202303,오세아니아,1432.5,뉴질랜드,77.0,1180.0,3,여성,2
202303,오세아니아,240.0,뉴질랜드,75.0,255.0,3,승무원,2
202303,오세아니아,1102.7,뉴질랜드,220.0,2646.0,3,전체,2
202303,오세아니아,2450.0,기타,2.0,51.0,3,남성,3
202303,오세아니아,1133.3,기타,3.0,37.0,3,여성,3
202303,오세아니아,6.1,기타,33.0,35.0,3,승무원,3
202303,오세아니아,223.7,기타,38.0,123.0,3,전체,3
202303,아프리카,153.3,연도대륙,610.0,1545.0,2,남성,0
202303,아프리카,156.5,연도대륙,301.0,772.0,2,여성,0
202303,아프리카,215.5,연도대륙,444.0,1401.0,2,승무원,0
202303,아프리카,174.4,연도대륙,1355.0,3718.0,2,전체,0
202303,아프리카,490.9,남아프리카공화국,44.0,260.0,3,남성,1
202303,아프리카,136.1,남아프리카공화국,133.0,314.0,3,여성,1
202303,아프리카,603.4,남아프리카공화국,29.0,204.0,3,승무원,1
202303,아프리카,277.7,남아프리카공화국,206.0,778.0,3,전체,1
202303,아프리카,127.0,기타,566.0,1285.0,3,남성,2
202303,아프리카,172.6,기타,168.0,458.0,3,여성,2
202303,아프리카,188.4,기타,415.0,1197.0,3,승무원,2
202303,아프리카,155.9,기타,1149.0,2940.0,3,전체,2
202303,기타,300.0,연도대륙,2.0,8.0,2,남성,0
202303,기타,-100.0,연도대륙,3.0,0.0,2,여성,0
202303,기타,66.7,연도대륙,3.0,5.0,2,승무원,0
202303,기타,62.5,연도대륙,8.0,13.0,2,전체,0
202303,기타,300.0,기타,2.0,8.0,3,남성,1
202303,기타,-100.0,기타,3.0,0.0,3,여성,1
202303,기타,66.7,기타,3.0,5.0,3,승무원,1
202303,기타,62.5,기타,8.0,13.0,3,전체,1
202303,교포,246.9,연도대륙,465.0,1613.0,2,남성,0
202303,교포,262.8,연도대륙,578.0,2097.0,2,여성,0
202303,교포,0.0,연도대륙,0.0,0.0,2,승무원,0
202303,교포,255.7,연도대륙,1043.0,3710.0,2,전체,0
202303,교포,246.9,교포,465.0,1613.0,3,남성,1
202303,교포,262.8,교포,578.0,2097.0,3,여성,1
202303,교포,0.0,교포,0.0,0.0,3,승무원,1
202303,교포,255.7,교포,1043.0,3710.0,3,전체,1
202304,대륙전체,522.2,연도,56183.0,349590.0,1,남성,0
202304,대륙전체,1269.8,연도,34785.0,476500.0,1,여성,0
202304,대륙전체,69.6,연도,36951.0,62686.0,1,승무원,0
202304,대륙전체,594.8,연도,127919.0,888776.0,1,전체,0
202304,아시아,694.0,연도대륙,28477.0,226119.0,2,남성,0
202304,아시아,2970.2,연도대륙,11432.0,350986.0,2,여성,0
202304,아시아,68.7,연도대륙,21945.0,37029.0,2,승무원,0
202304,아시아,892.9,연도대륙,61854.0,614134.0,2,전체,0
202304,아시아,1084.1,중국,3566.0,42224.0,3,남성,1
202304,아시아,3813.5,중국,1594.0,62381.0,3,여성,1
202304,아시아,-73.1,중국,5070.0,1362.0,3,승무원,1
202304,아시아,935.8,중국,10230.0,105967.0,3,전체,1
202304,아시아,3207.1,일본,1418.0,46894.0,3,남성,2
202304,아시아,11110.1,일본,721.0,80825.0,3,여성,2
202304,아시아,541.3,일본,92.0,590.0,3,승무원,2
202304,아시아,5651.2,일본,2231.0,128309.0,3,전체,2
202304,아시아,12203.0,대만,198.0,24360.0,3,남성,3
202304,아시아,40725.6,대만,129.0,52665.0,3,여성,3
202304,아시아,-9.0,대만,178.0,162.0,3,승무원,3
202304,아시아,15184.6,대만,505.0,77187.0,3,전체,3
202304,아시아,18609.1,홍콩,66.0,12348.0,3,남성,4
202304,아시아,37514.7,홍콩,68.0,25578.0,3,여성,4
202304,아시아,3433.3,홍콩,6.0,212.0,3,승무원,4
202304,아시아,27141.4,홍콩,140.0,38138.0,3,전체,4
202304,아시아,7520.0,마카오,5.0,381.0,3,남성,5
202304,아시아,0.0,마카오,0.0,1041.0,3,여성,5
202304,아시아,300.0,마카오,1.0,4.0,3,승무원,5
202304,아시아,23666.7,마카오,6.0,1426.0,3,전체,5
202304,아시아,148.6,필리핀,4356.0,10831.0,3,남성,6
202304,아시아,2326.7,필리핀,502.0,12182.0,3,여성,6
202304,아시아,68.2,필리핀,7280.0,12245.0,3,승무원,6
202304,아시아,190.5,필리핀,12138.0,35258.0,3,전체,6
202304,아시아,283.1,인도네시아,2138.0,8190.0,3,남성,7
202304,아시아,4457.6,인도네시아,224.0,10209.0,3,여성,7
202304,아시아,147.9,인도네시아,1969.0,4882.0,3,승무원,7
202304,아시아,437.5,인도네시아,4331.0,23281.0,3,전체,7
202304,아시아,1538.5,태국,1056.0,17303.0,3,남성,8
202304,아시아,1627.6,태국,2023.0,34950.0,3,여성,8
202304,아시아,272.3,태국,585.0,2178.0,3,승무원,8
202304,아시아,1385.6,태국,3664.0,54431.0,3,전체,8
202304,아시아,644.3,베트남,2199.0,16368.0,3,남성,9
202304,아시아,1754.3,베트남,1077.0,19971.0,3,여성,9
202304,아시아,462.2,베트남,765.0,4301.0,3,승무원,9
202304,아시아,905.7,베트남,4041.0,40640.0,3,전체,9
202304,아시아,199.7,인도,1487.0,4457.0,3,남성,10
202304,아시아,754.8,인도,208.0,1778.0,3,여성,10
202304,아시아,145.7,인도,1419.0,3487.0,3,승무원,10
202304,아시아,212.2,인도,3114.0,9722.0,3,전체,10
202304,아시아,1709.3,말레이시아,504.0,9119.0,3,남성,11
202304,아시아,3580.8,말레이시아,411.0,15128.0,3,여성,11
202304,아시아,292.3,말레이시아,365.0,1432.0,3,승무원,11
202304,아시아,1906.2,말레이시아,1280.0,25679.0,3,전체,11
202304,아시아,659.1,싱가포르,1496.0,11356.0,3,남성,12
202304,아시아,800.2,싱가포르,2071.0,18644.0,3,여성,12
202304,아시아,380.7,싱가포르,238.0,1144.0,3,승무원,12
202304,아시아,718.5,싱가포르,3805.0,31144.0,3,전체,12
202304,아시아,792.8,몽골,515.0,4598.0,3,남성,13
202304,아시아,955.3,몽골,503.0,5308.0,3,여성,13
202304,아시아,0.0,몽골,0.0,3.0,3,승무원,13
202304,아시아,873.4,몽골,1018.0,9909.0,3,전체,13
202304,아시아,84.9,우즈베키스탄,1073.0,1984.0,3,남성,14
202304,아시아,174.6,우즈베키스탄,374.0,1027.0,3,여성,14
202304,아시아,3814.3,우즈베키스탄,7.0,274.0,3,승무원,14
202304,아시아,125.9,우즈베키스탄,1454.0,3285.0,3,전체,14
202304,아시아,0.1,미얀마,1659.0,1661.0,3,남성,15
202304,아시아,412.2,미얀마,90.0,461.0,3,여성,15
202304,아시아,-31.5,미얀마,2979.0,2040.0,3,승무원,15
202304,아시아,-12.0,미얀마,4728.0,4162.0,3,전체,15
202304,아시아,401.9,GCC,206.0,1034.0,3,남성,16
202304,아시아,974.5,GCC,94.0,1010.0,3,여성,16
202304,아시아,313.3,GCC,45.0,186.0,3,승무원,16
202304,아시아,546.4,GCC,345.0,2230.0,3,전체,16
202304,아시아,241.9,카자흐스탄,403.0,1378.0,3,남성,17
202304,아시아,450.4,카자흐스탄,349.0,1921.0,3,여성,17
202304,아시아,268.8,카자흐스탄,77.0,284.0,3,승무원,17
202304,아시아,332.2,카자흐스탄,829.0,3583.0,3,전체,17
202304,아시아,48.4,튀르키예,694.0,1030.0,3,남성,18
202304,아시아,545.1,튀르키예,153.0,987.0,3,여성,18
202304,아시아,113.6,튀르키예,545.0,1164.0,3,승무원,18
202304,아시아,128.5,튀르키예,1392.0,3181.0,3,전체,18
202304,아시아,201.9,캄보디아,804.0,2427.0,3,남성,19
202304,아시아,654.1,캄보디아,222.0,1674.0,3,여성,19
202304,아시아,0.0,캄보디아,0.0,58.0,3,승무원,19
202304,아시아,305.4,캄보디아,1026.0,4159.0,3,전체,19
202304,아시아,103.4,스리랑카,445.0,905.0,3,남성,20
202304,아시아,288.0,스리랑카,25.0,97.0,3,여성,20
202304,아시아,129.8,스리랑카,141.0,324.0,3,승무원,20
202304,아시아,117.0,스리랑카,611.0,1326.0,3,전체,20
202304,아시아,1.2,방글라데시,941.0,952.0,3,남성,21
202304,아시아,31.2,방글라데시,80.0,105.0,3,여성,21
202304,아시아,8.3,방글라데시,96.0,104.0,3,승무원,21
202304,아시아,3.9,방글라데시,1117.0,1161.0,3,전체,21
202304,아시아,15.2,파키스탄,525.0,605.0,3,남성,22
202304,아시아,-7.3,파키스탄,82.0,76.0,3,여성,22
202304,아시아,73.3,파키스탄,30.0,52.0,3,승무원,22
202304,아시아,15.1,파키스탄,637.0,733.0,3,전체,22
202304,아시아,579.8,이스라엘,163.0,1108.0,3,남성,23
202304,아시아,1389.7,이스라엘,78.0,1162.0,3,여성,23
202304,아시아,0.0,이스라엘,0.0,1.0,3,승무원,23
202304,아시아,842.3,이스라엘,241.0,2271.0,3,전체,23
202304,아시아,218.4,이란,38.0,121.0,3,남성,24
202304,아시아,142.3,이란,26.0,63.0,3,여성,24
202304,아시아,0.0,이란,3.0,3.0,3,승무원,24
202304,아시아,179.1,이란,67.0,187.0,3,전체,24
202304,아시아,77.8,기타,2522.0,4485.0,3,남성,25
202304,아시아,431.4,기타,328.0,1743.0,3,여성,25
202304,아시아,894.4,기타,54.0,537.0,3,승무원,25
202304,아시아,133.0,기타,2904.0,6765.0,3,전체,25
202304,아메리카,309.4,연도대륙,15058.0,61640.0,2,남성,0
202304,아메리카,352.9,연도대륙,14728.0,66705.0,2,여성,0
202304,아메리카,16.1,연도대륙,8207.0,9528.0,2,승무원,0
202304,아메리카,262.9,연도대륙,37993.0,137873.0,2,전체,0
202304,아메리카,301.3,미국,12209.0,48990.0,3,남성,1
202304,아메리카,338.3,미국,11984.0,52528.0,3,여성,1
202304,아메리카,9.1,미국,6689.0,7300.0,3,승무원,1
202304,아메리카,252.4,미국,30882.0,108818.0,3,전체,1
202304,아메리카,342.2,캐나다,2164.0,9569.0,3,남성,2
202304,아메리카,367.8,캐나다,2205.0,10315.0,3,여성,2
202304,아메리카,-20.9,캐나다,1190.0,941.0,3,승무원,2
202304,아메리카,274.6,캐나다,5559.0,20825.0,3,전체,2
202304,아메리카,292.7,브라질,206.0,809.0,3,남성,3
202304,아메리카,669.1,브라질,139.0,1069.0,3,여성,3
202304,아메리카,450.9,브라질,53.0,292.0,3,승무원,3
202304,아메리카,445.2,브라질,398.0,2170.0,3,전체,3
202304,아메리카,484.3,멕시코,166.0,970.0,3,남성,4
202304,아메리카,638.5,멕시코,174.0,1285.0,3,여성,4
202304,아메리카,48.8,멕시코,172.0,256.0,3,승무원,4
202304,아메리카,390.4,멕시코,512.0,2511.0,3,전체,4
202304,아메리카,316.0,기타,313.0,1302.0,3,남성,5
202304,아메리카,567.3,기타,226.0,1508.0,3,여성,5
202304,아메리카,617.5,기타,103.0,739.0,3,승무원,5
202304,아메리카,452.8,기타,642.0,3549.0,3,전체,5
202304,유럽,386.0,연도대륙,9601.0,46665.0,2,남성,0
202304,유럽,628.2,연도대륙,5862.0,42686.0,2,여성,0
202304,유럽,119.8,연도대륙,6199.0,13623.0,2,승무원,0
202304,유럽,375.4,연도대륙,21662.0,102974.0,2,전체,0
202304,유럽,408.6,러시아,993.0,5050.0,3,남성,1
202304,유럽,696.6,러시아,655.0,5218.0,3,여성,1
202304,유럽,355.5,러시아,1079.0,4915.0,3,승무원,1
202304,유럽,456.8,러시아,2727.0,15183.0,3,전체,1
202304,유럽,535.9,영국,1236.0,7860.0,3,남성,2
202304,유럽,848.0,영국,737.0,6987.0,3,여성,2
202304,유럽,147.7,영국,172.0,426.0,3,승무원,2
202304,유럽,612.0,영국,2145.0,15273.0,3,전체,2
202304,유럽,459.9,독일,1627.0,9110.0,3,남성,3
202304,유럽,750.9,독일,894.0,7607.0,3,여성,3
202304,유럽,79.4,독일,962.0,1726.0,3,승무원,3
202304,유럽,429.5,독일,3483.0,18443.0,3,전체,3
202304,유럽,391.6,프랑스,1472.0,7237.0,3,남성,4
202304,유럽,570.8,프랑스,1132.0,7593.0,3,여성,4
202304,유럽,24.3,프랑스,703.0,874.0,3,승무원,4
202304,유럽,374.9,프랑스,3307.0,15704.0,3,전체,4
202304,유럽,342.0,이탈리아,514.0,2272.0,3,남성,5
202304,유럽,887.4,이탈리아,191.0,1886.0,3,여성,5
202304,유럽,274.1,이탈리아,135.0,505.0,3,승무원,5
202304,유럽,455.1,이탈리아,840.0,4663.0,3,전체,5
202304,유럽,274.2,네덜란드,550.0,2058.0,3,남성,6
202304,유럽,444.9,네덜란드,316.0,1722.0,3,여성,6
202304,유럽,15.6,네덜란드,845.0,977.0,3,승무원,6
202304,유럽,178.0,네덜란드,1711.0,4757.0,3,전체,6
202304,유럽,49.5,우크라이나,208.0,311.0,3,남성,7
202304,유럽,-24.5,우크라이나,241.0,182.0,3,여성,7
202304,유럽,53.2,우크라이나,551.0,844.0,3,승무원,7
202304,유럽,33.7,우크라이나,1000.0,1337.0,3,전체,7
202304,유럽,281.2,스페인,437.0,1666.0,3,남성,8
202304,유럽,394.1,스페인,303.0,1497.0,3,여성,8
202304,유럽,64.2,스페인,81.0,133.0,3,승무원,8
202304,유럽,301.5,스페인,821.0,3296.0,3,전체,8
202304,유럽,159.4,루마니아,175.0,454.0,3,남성,9
202304,유럽,841.8,루마니아,55.0,518.0,3,여성,9
202304,유럽,154.2,루마니아,142.0,361.0,3,승무원,9
202304,유럽,258.3,루마니아,372.0,1333.0,3,전체,9
202304,유럽,233.3,노르웨이,162.0,540.0,3,남성,10
202304,유럽,414.1,노르웨이,85.0,437.0,3,여성,10
202304,유럽,40.0,노르웨이,15.0,21.0,3,승무원,10
202304,유럽,280.9,노르웨이,262.0,998.0,3,전체,10
202304,유럽,344.5,스웨덴,227.0,1009.0,3,남성,11
202304,유럽,596.5,스웨덴,115.0,801.0,3,여성,11
202304,유럽,77.3,스웨덴,22.0,39.0,3,승무원,11
202304,유럽,408.0,스웨덴,364.0,1849.0,3,전체,11
202304,유럽,525.5,폴란드,204.0,1276.0,3,남성,12
202304,유럽,847.2,폴란드,144.0,1364.0,3,여성,12
202304,유럽,124.8,폴란드,274.0,616.0,3,승무원,12
202304,유럽,423.5,폴란드,622.0,3256.0,3,전체,12
202304,유럽,441.3,스위스,254.0,1375.0,3,남성,13
202304,유럽,527.5,스위스,204.0,1280.0,3,여성,13
202304,유럽,242.9,스위스,14.0,48.0,3,승무원,13
202304,유럽,472.7,스위스,472.0,2703.0,3,전체,13
202304,유럽,721.1,포르투갈,57.0,468.0,3,남성,14
202304,유럽,682.1,포르투갈,56.0,438.0,3,여성,14
202304,유럽,-18.8,포르투갈,133.0,108.0,3,승무원,14
202304,유럽,312.2,포르투갈,246.0,1014.0,3,전체,14
202304,유럽,373.9,오스트리아,153.0,725.0,3,남성,15
202304,유럽,573.3,오스트리아,90.0,606.0,3,여성,15
202304,유럽,53.6,오스트리아,97.0,149.0,3,승무원,15
202304,유럽,335.3,오스트리아,340.0,1480.0,3,전체,15
202304,유럽,284.2,핀란드,101.0,388.0,3,남성,16
202304,유럽,684.3,핀란드,51.0,400.0,3,여성,16
202304,유럽,145.0,핀란드,129.0,316.0,3,승무원,16
202304,유럽,292.9,핀란드,281.0,1104.0,3,전체,16
202304,유럽,413.8,벨기에,174.0,894.0,3,남성,17
202304,유럽,541.7,벨기에,120.0,770.0,3,여성,17
202304,유럽,26.5,벨기에,102.0,129.0,3,승무원,17
202304,유럽,352.8,벨기에,396.0,1793.0,3,전체,17
202304,유럽,70.9,크로아티아,86.0,147.0,3,남성,18
202304,유럽,378.6,크로아티아,14.0,67.0,3,여성,18
202304,유럽,118.3,크로아티아,71.0,155.0,3,승무원,18
202304,유럽,115.8,크로아티아,171.0,369.0,3,전체,18
202304,유럽,127.4,그리스,175.0,398.0,3,남성,19
202304,유럽,493.2,그리스,44.0,261.0,3,여성,19
202304,유럽,274.3,그리스,70.0,262.0,3,승무원,19
202304,유럽,218.7,그리스,289.0,921.0,3,전체,19
202304,유럽,244.3,불가리아,61.0,210.0,3,남성,20
202304,유럽,1372.2,불가리아,18.0,265.0,3,여성,20
202304,유럽,4.9,불가리아,123.0,129.0,3,승무원,20
202304,유럽,199.0,불가리아,202.0,604.0,3,전체,20
202304,유럽,206.4,덴마크,235.0,720.0,3,남성,21
202304,유럽,286.7,덴마크,143.0,553.0,3,여성,21
202304,유럽,200.0,덴마크,21.0,63.0,3,승무원,21
202304,유럽,234.8,덴마크,399.0,1336.0,3,전체,21
202304,유럽,286.5,아일랜드,148.0,572.0,3,남성,22
202304,유럽,594.9,아일랜드,59.0,410.0,3,여성,22
202304,유럽,20.7,아일랜드,29.0,35.0,3,승무원,22
202304,유럽,330.9,아일랜드,236.0,1017.0,3,전체,22
202304,유럽,446.9,기타,352.0,1925.0,3,남성,23
202304,유럽,835.4,기타,195.0,1824.0,3,여성,23
202304,유럽,84.6,기타,429.0,792.0,3,승무원,23
202304,유럽,365.3,기타,976.0,4541.0,3,전체,23
202304,오세아니아,661.3,연도대륙,1570.0,11952.0,2,남성,0
202304,오세아니아,889.2,연도대륙,1297.0,12830.0,2,여성,0
202304,오세아니아,431.2,연도대륙,160.0,850.0,2,승무원,0
202304,오세아니아,746.8,연도대륙,3027.0,25632.0,2,전체,0
202304,오세아니아,647.9,호주,1327.0,9924.0,3,남성,1
202304,오세아니아,892.7,호주,1086.0,10781.0,3,여성,1
202304,오세아니아,807.9,호주,63.0,572.0,3,승무원,1
202304,오세아니아,759.3,호주,2476.0,21277.0,3,전체,1
202304,오세아니아,755.0,뉴질랜드,229.0,1958.0,3,남성,2
202304,오세아니아,872.5,뉴질랜드,204.0,1984.0,3,여성,2
202304,오세아니아,256.2,뉴질랜드,73.0,260.0,3,승무원,2
202304,오세아니아,730.4,뉴질랜드,506.0,4202.0,3,전체,2
202304,오세아니아,400.0,기타,14.0,70.0,3,남성,3
202304,오세아니아,828.6,기타,7.0,65.0,3,여성,3
202304,오세아니아,-25.0,기타,24.0,18.0,3,승무원,3
202304,오세아니아,240.0,기타,45.0,153.0,3,전체,3
202304,아프리카,205.6,연도대륙,518.0,1583.0,2,남성,0
202304,아프리카,256.1,연도대륙,278.0,990.0,2,여성,0
202304,아프리카,276.5,연도대륙,439.0,1653.0,2,승무원,0
202304,아프리카,242.2,연도대륙,1235.0,4226.0,2,전체,0
202304,아프리카,274.2,남아프리카공화국,93.0,348.0,3,남성,1
202304,아프리카,238.3,남아프리카공화국,133.0,450.0,3,여성,1
202304,아프리카,407.4,남아프리카공화국,54.0,274.0,3,승무원,1
202304,아프리카,282.9,남아프리카공화국,280.0,1072.0,3,전체,1
202304,아프리카,190.6,기타,425.0,1235.0,3,남성,2
202304,아프리카,272.4,기타,145.0,540.0,3,여성,2
202304,아프리카,258.2,기타,385.0,1379.0,3,승무원,2
202304,아프리카,230.3,기타,955.0,3154.0,3,전체,2
202304,기타,33.3,연도대륙,6.0,8.0,2,남성,0
202304,기타,100.0,연도대륙,2.0,4.0,2,여성,0
202304,기타,200.0,연도대륙,1.0,3.0,2,승무원,0
202304,기타,66.7,연도대륙,9.0,15.0,2,전체,0
202304,기타,33.3,기타,6.0,8.0,3,남성,1
202304,기타,100.0,기타,2.0,4.0,3,여성,1
202304,기타,200.0,기타,1.0,3.0,3,승무원,1
202304,기타,66.7,기타,9.0,15.0,3,전체,1
202304,교포,70.3,연도대륙,953.0,1623.0,2,남성,0
202304,교포,93.8,연도대륙,1186.0,2299.0,2,여성,0
202304,교포,0.0,연도대륙,0.0,0.0,2,승무원,0
202304,교포,83.4,연도대륙,2139.0,3922.0,2,전체,0
202304,교포,70.3,교포,953.0,1623.0,3,남성,1
202304,교포,93.8,교포,1186.0,2299.0,3,여성,1
202304,교포,0.0,교포,0.0,0.0,3,승무원,1
202304,교포,83.4,교포,2139.0,3922.0,3,전체,1
202305,대륙전체,321.1,연도,82169.0,345979.0,1,남성,0
202305,대륙전체,775.2,연도,52188.0,456746.0,1,여성,0
202305,대륙전체,55.0,연도,41565.0,64405.0,1,승무원,0
202305,대륙전체,392.9,연도,175922.0,867130.0,1,전체,0
202305,아시아,460.7,연도대륙,42208.0,236673.0,2,남성,0
202305,아시아,1606.3,연도대륙,20804.0,354987.0,2,여성,0
202305,아시아,52.1,연도대륙,24618.0,37448.0,2,승무원,0
202305,아시아,617.9,연도대륙,87630.0,629108.0,2,전체,0
202305,아시아,1148.7,중국,4068.0,50797.0,3,남성,1
202305,아시아,3250.1,중국,2257.0,75611.0,3,여성,1
202305,아시아,-64.2,중국,4928.0,1763.0,3,승무원,1
202305,아시아,1039.0,중국,11253.0,128171.0,3,전체,1
202305,아시아,2838.6,일본,2215.0,65090.0,3,남성,2
202305,아시아,8490.6,일본,1369.0,117605.0,3,여성,2
202305,아시아,751.3,일본,117.0,996.0,3,승무원,2
202305,아시아,4863.3,일본,3701.0,183691.0,3,전체,2
202305,아시아,7007.6,대만,302.0,21465.0,3,남성,3
202305,아시아,16752.4,대만,267.0,44996.0,3,여성,3
202305,아시아,-11.1,대만,217.0,193.0,3,승무원,3
202305,아시아,8380.2,대만,786.0,66654.0,3,전체,3
202305,아시아,6201.6,홍콩,124.0,7814.0,3,남성,4
202305,아시아,12679.5,홍콩,161.0,20575.0,3,여성,4
202305,아시아,936.4,홍콩,22.0,228.0,3,승무원,4
202305,아시아,9221.5,홍콩,307.0,28617.0,3,전체,4
202305,아시아,49500.0,마카오,1.0,496.0,3,남성,5
202305,아시아,24016.7,마카오,6.0,1447.0,3,여성,5
202305,아시아,300.0,마카오,1.0,4.0,3,승무원,5
202305,아시아,24237.5,마카오,8.0,1947.0,3,전체,5
202305,아시아,57.2,필리핀,5619.0,8834.0,3,남성,6
202305,아시아,1424.5,필리핀,481.0,7333.0,3,여성,6
202305,아시아,48.7,필리핀,8019.0,11927.0,3,승무원,6
202305,아시아,99.0,필리핀,14119.0,28094.0,3,전체,6
202305,아시아,187.1,인도네시아,3306.0,9493.0,3,남성,7
202305,아시아,2514.4,인도네시아,327.0,8549.0,3,여성,7
202305,아시아,123.3,인도네시아,2010.0,4489.0,3,승무원,7
202305,아시아,299.3,인도네시아,5643.0,22531.0,3,전체,7
202305,아시아,254.3,태국,2782.0,9857.0,3,남성,8
202305,아시아,266.6,태국,5323.0,19515.0,3,여성,8
202305,아시아,233.6,태국,667.0,2225.0,3,승무원,8
202305,아시아,260.2,태국,8772.0,31597.0,3,전체,8
202305,아시아,274.6,베트남,3178.0,11905.0,3,남성,9
202305,아시아,691.6,베트남,1663.0,13165.0,3,여성,9
202305,아시아,174.1,베트남,1588.0,4352.0,3,승무원,9
202305,아시아,357.6,베트남,6429.0,29422.0,3,전체,9
202305,아시아,127.0,인도,2279.0,5173.0,3,남성,10
202305,아시아,443.8,인도,354.0,1925.0,3,여성,10
202305,아시아,127.9,인도,1617.0,3685.0,3,승무원,10
202305,아시아,153.7,인도,4250.0,10783.0,3,전체,10
202305,아시아,623.1,말레이시아,1067.0,7715.0,3,남성,11
202305,아시아,1217.7,말레이시아,929.0,12241.0,3,여성,11
202305,아시아,264.2,말레이시아,436.0,1588.0,3,승무원,11
202305,아시아,785.9,말레이시아,2432.0,21544.0,3,전체,11
202305,아시아,315.3,싱가포르,2731.0,11342.0,3,남성,12
202305,아시아,389.6,싱가포르,3632.0,17781.0,3,여성,12
202305,아시아,247.2,싱가포르,413.0,1434.0,3,승무원,12
202305,아시아,351.0,싱가포르,6776.0,30557.0,3,전체,12
202305,아시아,719.7,몽골,558.0,4574.0,3,남성,13
202305,아시아,807.2,몽골,599.0,5434.0,3,여성,13
202305,아시아,-75.0,몽골,4.0,1.0,3,승무원,13
202305,아시아,762.1,몽골,1161.0,10009.0,3,전체,13
202305,아시아,40.0,우즈베키스탄,1666.0,2332.0,3,남성,14
202305,아시아,72.6,우즈베키스탄,558.0,963.0,3,여성,14
202305,아시아,433.3,우즈베키스탄,51.0,272.0,3,승무원,14
202305,아시아,56.8,우즈베키스탄,2275.0,3567.0,3,전체,14
202305,아시아,4.3,미얀마,2141.0,2233.0,3,남성,15
202305,아시아,330.5,미얀마,105.0,452.0,3,여성,15
202305,아시아,-47.6,미얀마,3367.0,1765.0,3,승무원,15
202305,아시아,-20.7,미얀마,5613.0,4450.0,3,전체,15
202305,아시아,208.3,GCC,566.0,1745.0,3,남성,16
202305,아시아,286.1,GCC,287.0,1108.0,3,여성,16
202305,아시아,438.6,GCC,44.0,237.0,3,승무원,16
202305,아시아,244.5,GCC,897.0,3090.0,3,전체,16
202305,아시아,-4.9,카자흐스탄,1795.0,1707.0,3,남성,17
202305,아시아,80.1,카자흐스탄,1028.0,1851.0,3,여성,17
202305,아시아,79.9,카자흐스탄,144.0,259.0,3,승무원,17
202305,아시아,28.6,카자흐스탄,2967.0,3817.0,3,전체,17
202305,아시아,-21.2,튀르키예,1152.0,908.0,3,남성,18
202305,아시아,202.8,튀르키예,211.0,639.0,3,여성,18
202305,아시아,57.5,튀르키예,657.0,1035.0,3,승무원,18
202305,아시아,27.8,튀르키예,2020.0,2582.0,3,전체,18
202305,아시아,92.3,캄보디아,1309.0,2517.0,3,남성,19
202305,아시아,196.4,캄보디아,337.0,999.0,3,여성,19
202305,아시아,0.0,캄보디아,0.0,17.0,3,승무원,19
202305,아시아,114.6,캄보디아,1646.0,3533.0,3,전체,19
202305,아시아,124.4,스리랑카,595.0,1335.0,3,남성,20
202305,아시아,585.0,스리랑카,20.0,137.0,3,여성,20
202305,아시아,170.4,스리랑카,142.0,384.0,3,승무원,20
202305,아시아,145.2,스리랑카,757.0,1856.0,3,전체,20
202305,아시아,64.9,방글라데시,937.0,1545.0,3,남성,21
202305,아시아,42.5,방글라데시,87.0,124.0,3,여성,21
202305,아시아,7.0,방글라데시,71.0,76.0,3,승무원,21
202305,아시아,59.4,방글라데시,1095.0,1745.0,3,전체,21
202305,아시아,67.7,파키스탄,474.0,795.0,3,남성,22
202305,아시아,34.9,파키스탄,83.0,112.0,3,여성,22
202305,아시아,1.9,파키스탄,52.0,53.0,3,승무원,22
202305,아시아,57.6,파키스탄,609.0,960.0,3,전체,22
202305,아시아,168.9,이스라엘,322.0,866.0,3,남성,23
202305,아시아,517.1,이스라엘,123.0,759.0,3,여성,23
202305,아시아,0.0,이스라엘,0.0,1.0,3,승무원,23
202305,아시아,265.4,이스라엘,445.0,1626.0,3,전체,23
202305,아시아,89.2,이란,93.0,176.0,3,남성,24
202305,아시아,132.6,이란,43.0,100.0,3,여성,24
202305,아시아,450.0,이란,2.0,11.0,3,승무원,24
202305,아시아,108.0,이란,138.0,287.0,3,전체,24
202305,아시아,103.5,기타,2928.0,5959.0,3,남성,25
202305,아시아,182.7,기타,554.0,1566.0,3,여성,25
202305,아시아,824.5,기타,49.0,453.0,3,승무원,25
202305,아시아,125.9,기타,3531.0,7978.0,3,전체,25
202305,아메리카,166.6,연도대륙,22168.0,59093.0,2,남성,0
202305,아메리카,190.5,연도대륙,20478.0,59479.0,2,여성,0
202305,아메리카,19.6,연도대륙,9013.0,10783.0,2,승무원,0
202305,아메리카,150.4,연도대륙,51659.0,129355.0,2,전체,0
202305,아메리카,155.9,미국,18305.0,46851.0,3,남성,1
202305,아메리카,178.8,미국,16894.0,47099.0,3,여성,1
202305,아메리카,9.2,미국,7291.0,7965.0,3,승무원,1
202305,아메리카,139.9,미국,42490.0,101915.0,3,전체,1
202305,아메리카,221.8,캐나다,2843.0,9148.0,3,남성,2
202305,아메리카,229.4,캐나다,2854.0,9401.0,3,여성,2
202305,아메리카,-2.6,캐나다,1356.0,1321.0,3,승무원,2
202305,아메리카,181.7,캐나다,7053.0,19870.0,3,전체,2
202305,아메리카,178.3,브라질,313.0,871.0,3,남성,3
202305,아메리카,357.1,브라질,196.0,896.0,3,여성,3
202305,아메리카,350.0,브라질,66.0,297.0,3,승무원,3
202305,아메리카,259.0,브라질,575.0,2064.0,3,전체,3
202305,아메리카,246.8,멕시코,220.0,763.0,3,남성,4
202305,아메리카,318.5,멕시코,173.0,724.0,3,여성,4
202305,아메리카,22.8,멕시코,193.0,237.0,3,승무원,4
202305,아메리카,194.2,멕시코,586.0,1724.0,3,전체,4
202305,아메리카,199.8,기타,487.0,1460.0,3,남성,5
202305,아메리카,276.5,기타,361.0,1359.0,3,여성,5
202305,아메리카,800.0,기타,107.0,963.0,3,승무원,5
202305,아메리카,296.0,기타,955.0,3782.0,3,전체,5
202305,유럽,176.2,연도대륙,13501.0,37292.0,2,남성,0
202305,유럽,311.7,연도대륙,7296.0,30040.0,2,여성,0
202305,유럽,83.3,연도대륙,7087.0,12993.0,2,승무원,0
202305,유럽,188.1,연도대륙,27884.0,80325.0,2,전체,0
202305,유럽,243.6,러시아,1409.0,4841.0,3,남성,1
202305,유럽,432.4,러시아,839.0,4467.0,3,여성,1
202305,유럽,279.7,러시아,1267.0,4811.0,3,승무원,1
202305,유럽,301.7,러시아,3515.0,14119.0,3,전체,1
202305,유럽,204.9,영국,1854.0,5652.0,3,남성,2
202305,유럽,330.3,영국,1009.0,4342.0,3,여성,2
202305,유럽,117.9,영국,240.0,523.0,3,승무원,2
202305,유럽,238.9,영국,3103.0,10517.0,3,전체,2
202305,유럽,142.3,독일,2497.0,6049.0,3,남성,3
202305,유럽,277.9,독일,1166.0,4406.0,3,여성,3
202305,유럽,14.5,독일,1049.0,1201.0,3,승무원,3
202305,유럽,147.4,독일,4712.0,11656.0,3,전체,3
202305,유럽,217.4,프랑스,1940.0,6158.0,3,남성,4
202305,유럽,297.9,프랑스,1504.0,5984.0,3,여성,4
202305,유럽,35.2,프랑스,755.0,1021.0,3,승무원,4
202305,유럽,213.5,프랑스,4199.0,13163.0,3,전체,4
202305,유럽,162.9,이탈리아,785.0,2064.0,3,남성,5
202305,유럽,244.5,이탈리아,337.0,1161.0,3,여성,5
202305,유럽,257.4,이탈리아,190.0,679.0,3,승무원,5
202305,유럽,197.6,이탈리아,1312.0,3904.0,3,전체,5
202305,유럽,175.2,네덜란드,721.0,1984.0,3,남성,6
202305,유럽,280.8,네덜란드,364.0,1386.0,3,여성,6
202305,유럽,8.4,네덜란드,901.0,977.0,3,승무원,6
202305,유럽,118.9,네덜란드,1986.0,4347.0,3,전체,6
202305,유럽,68.9,우크라이나,209.0,353.0,3,남성,7
202305,유럽,16.2,우크라이나,160.0,186.0,3,여성,7
202305,유럽,25.8,우크라이나,677.0,852.0,3,승무원,7
202305,유럽,33.0,우크라이나,1046.0,1391.0,3,전체,7
202305,유럽,182.5,스페인,462.0,1305.0,3,남성,8
202305,유럽,329.1,스페인,237.0,1017.0,3,여성,8
202305,유럽,-5.2,스페인,115.0,109.0,3,승무원,8
202305,유럽,198.6,스페인,814.0,2431.0,3,전체,8
202305,유럽,107.1,루마니아,170.0,352.0,3,남성,9
202305,유럽,373.9,루마니아,69.0,327.0,3,여성,9
202305,유럽,90.8,루마니아,174.0,332.0,3,승무원,9
202305,유럽,144.8,루마니아,413.0,1011.0,3,전체,9
202305,유럽,50.4,노르웨이,254.0,382.0,3,남성,10
202305,유럽,208.4,노르웨이,107.0,330.0,3,여성,10
202305,유럽,23.8,노르웨이,21.0,26.0,3,승무원,10
202305,유럽,93.2,노르웨이,382.0,738.0,3,전체,10
202305,유럽,144.6,스웨덴,334.0,817.0,3,남성,11
202305,유럽,248.5,스웨덴,171.0,596.0,3,여성,11
202305,유럽,9.5,스웨덴,21.0,23.0,3,승무원,11
202305,유럽,173.0,스웨덴,526.0,1436.0,3,전체,11
202305,유럽,238.8,폴란드,291.0,986.0,3,남성,12
202305,유럽,341.7,폴란드,211.0,932.0,3,여성,12
202305,유럽,68.1,폴란드,351.0,590.0,3,승무원,12
202305,유럽,194.0,폴란드,853.0,2508.0,3,전체,12
202305,유럽,201.3,스위스,302.0,910.0,3,남성,13
202305,유럽,363.3,스위스,158.0,732.0,3,여성,13
202305,유럽,131.2,스위스,16.0,37.0,3,승무원,13
202305,유럽,252.7,스위스,476.0,1679.0,3,전체,13
202305,유럽,189.9,포르투갈,109.0,316.0,3,남성,14
202305,유럽,279.2,포르투갈,72.0,273.0,3,여성,14
202305,유럽,54.2,포르투갈,72.0,111.0,3,승무원,14
202305,유럽,176.7,포르투갈,253.0,700.0,3,전체,14
202305,유럽,74.8,오스트리아,325.0,568.0,3,남성,15
202305,유럽,250.0,오스트리아,110.0,385.0,3,여성,15
202305,유럽,-30.5,오스트리아,105.0,73.0,3,승무원,15
202305,유럽,90.0,오스트리아,540.0,1026.0,3,전체,15
202305,유럽,185.9,핀란드,170.0,486.0,3,남성,16
202305,유럽,426.4,핀란드,91.0,479.0,3,여성,16
202305,유럽,110.1,핀란드,148.0,311.0,3,승무원,16
202305,유럽,212.0,핀란드,409.0,1276.0,3,전체,16
202305,유럽,179.6,벨기에,265.0,741.0,3,남성,17
202305,유럽,314.0,벨기에,150.0,621.0,3,여성,17
202305,유럽,-7.1,벨기에,112.0,104.0,3,승무원,17
202305,유럽,178.2,벨기에,527.0,1466.0,3,전체,17
202305,유럽,52.5,크로아티아,80.0,122.0,3,남성,18
202305,유럽,366.7,크로아티아,12.0,56.0,3,여성,18
202305,유럽,134.6,크로아티아,52.0,122.0,3,승무원,18
202305,유럽,108.3,크로아티아,144.0,300.0,3,전체,18
202305,유럽,5.5,그리스,289.0,305.0,3,남성,19
202305,유럽,428.6,그리스,28.0,148.0,3,여성,19
202305,유럽,17.5,그리스,103.0,121.0,3,승무원,19
202305,유럽,36.7,그리스,420.0,574.0,3,전체,19
202305,유럽,179.3,불가리아,58.0,162.0,3,남성,20
202305,유럽,885.0,불가리아,20.0,197.0,3,여성,20
202305,유럽,-26.6,불가리아,173.0,127.0,3,승무원,20
202305,유럽,93.6,불가리아,251.0,486.0,3,전체,20
202305,유럽,104.1,덴마크,292.0,596.0,3,남성,21
202305,유럽,208.6,덴마크,128.0,395.0,3,여성,21
202305,유럽,-12.2,덴마크,41.0,36.0,3,승무원,21
202305,유럽,122.8,덴마크,461.0,1027.0,3,전체,21
202305,유럽,201.9,아일랜드,160.0,483.0,3,남성,22
202305,유럽,325.4,아일랜드,71.0,302.0,3,여성,22
202305,유럽,-11.8,아일랜드,51.0,45.0,3,승무원,22
202305,유럽,194.3,아일랜드,282.0,830.0,3,전체,22
202305,유럽,216.2,기타,525.0,1660.0,3,남성,23
202305,유럽,367.4,기타,282.0,1318.0,3,여성,23
202305,유럽,68.2,기타,453.0,762.0,3,승무원,23
202305,유럽,196.8,기타,1260.0,3740.0,3,전체,23
202305,오세아니아,294.8,연도대륙,2348.0,9269.0,2,남성,0
202305,오세아니아,369.3,연도대륙,1907.0,8950.0,2,여성,0
202305,오세아니아,416.3,연도대륙,202.0,1043.0,2,승무원,0
202305,오세아니아,332.2,연도대륙,4457.0,19262.0,2,전체,0
202305,오세아니아,291.3,호주,1935.0,7572.0,3,남성,1
202305,오세아니아,373.3,호주,1564.0,7402.0,3,여성,1
202305,오세아니아,546.5,호주,114.0,737.0,3,승무원,1
202305,오세아니아,334.8,호주,3613.0,15711.0,3,전체,1
202305,오세아니아,279.8,뉴질랜드,400.0,1519.0,3,남성,2
202305,오세아니아,326.0,뉴질랜드,334.0,1423.0,3,여성,2
202305,오세아니아,240.3,뉴질랜드,77.0,262.0,3,승무원,2
202305,오세아니아,295.1,뉴질랜드,811.0,3204.0,3,전체,2
202305,오세아니아,1269.2,기타,13.0,178.0,3,남성,3
202305,오세아니아,1288.9,기타,9.0,125.0,3,여성,3
202305,오세아니아,300.0,기타,11.0,44.0,3,승무원,3
202305,오세아니아,951.5,기타,33.0,347.0,3,전체,3
202305,아프리카,120.9,연도대륙,918.0,2028.0,2,남성,0
202305,아프리카,119.0,연도대륙,473.0,1036.0,2,여성,0
202305,아프리카,232.7,연도대륙,642.0,2136.0,2,승무원,0
202305,아프리카,155.8,연도대륙,2033.0,5200.0,2,전체,0
202305,아프리카,95.5,남아프리카공화국,156.0,305.0,3,남성,1
202305,아프리카,138.5,남아프리카공화국,148.0,353.0,3,여성,1
202305,아프리카,470.2,남아프리카공화국,57.0,325.0,3,승무원,1
202305,아프리카,172.3,남아프리카공화국,361.0,983.0,3,전체,1
202305,아프리카,126.1,기타,762.0,1723.0,3,남성,2
202305,아프리카,110.2,기타,325.0,683.0,3,여성,2
202305,아프리카,209.6,기타,585.0,1811.0,3,승무원,2
202305,아프리카,152.2,기타,1672.0,4217.0,3,전체,2
202305,기타,28.6,연도대륙,7.0,9.0,2,남성,0
202305,기타,-60.0,연도대륙,5.0,2.0,2,여성,0
202305,기타,-33.3,연도대륙,3.0,2.0,2,승무원,0
202305,기타,-13.3,연도대륙,15.0,13.0,2,전체,0
202305,기타,28.6,기타,7.0,9.0,3,남성,1
202305,기타,-60.0,기타,5.0,2.0,3,여성,1
202305,기타,-33.3,기타,3.0,2.0,3,승무원,1
202305,기타,-13.3,기타,15.0,13.0,3,전체,1
202305,교포,58.5,연도대륙,1019.0,1615.0,2,남성,0
202305,교포,83.8,연도대륙,1225.0,2252.0,2,여성,0
202305,교포,0.0,연도대륙,0.0,0.0,2,승무원,0
202305,교포,72.3,연도대륙,2244.0,3867.0,2,전체,0
202305,교포,58.5,교포,1019.0,1615.0,3,남성,1
202305,교포,83.8,교포,1225.0,2252.0,3,여성,1
202305,교포,0.0,교포,0.0,0.0,3,승무원,1
202305,교포,72.3,교포,2244.0,3867.0,3,전체,1
202306,대륙전체,237.9,연도,105712.0,357199.0,1,남성,0
202306,대륙전체,566.6,연도,80549.0,536935.0,1,여성,0
202306,대륙전체,60.4,연도,41452.0,66504.0,1,승무원,0
202306,대륙전체,321.9,연도,227713.0,960638.0,1,전체,0
202306,아시아,317.1,연도대륙,59399.0,247757.0,2,남성,0
202306,아시아,982.9,연도대륙,39656.0,429434.0,2,여성,0
202306,아시아,74.3,연도대륙,23591.0,41114.0,2,승무원,0
202306,아시아,485.7,연도대륙,122646.0,718305.0,2,전체,0
202306,아시아,1029.8,중국,5176.0,58478.0,3,남성,1
202306,아시아,2679.7,중국,3853.0,107103.0,3,여성,1
202306,아시아,-33.9,중국,3712.0,2454.0,3,승무원,1
202306,아시아,1218.9,중국,12741.0,168035.0,3,전체,1
202306,아시아,1688.6,일본,3457.0,61832.0,3,남성,2
202306,아시아,5794.5,일본,2273.0,133981.0,3,여성,2
202306,아시아,459.2,일본,125.0,699.0,3,승무원,2
202306,아시아,3256.3,일본,5855.0,196512.0,3,전체,2
202306,아시아,7243.6,대만,411.0,30182.0,3,남성,3
202306,아시아,15728.1,대만,423.0,66953.0,3,여성,3
202306,아시아,32.2,대만,174.0,230.0,3,승무원,3
202306,아시아,9559.2,대만,1008.0,97365.0,3,전체,3
202306,아시아,3255.2,홍콩,261.0,8757.0,3,남성,4
202306,아시아,5904.5,홍콩,381.0,22877.0,3,여성,4
202306,아시아,1100.0,홍콩,20.0,240.0,3,승무원,4
202306,아시아,4714.8,홍콩,662.0,31874.0,3,전체,4
202306,아시아,13225.0,마카오,4.0,533.0,3,남성,5
202306,아시아,57066.7,마카오,3.0,1715.0,3,여성,5
202306,아시아,0.0,마카오,0.0,1.0,3,승무원,5
202306,아시아,32028.6,마카오,7.0,2249.0,3,전체,5
202306,아시아,35.9,필리핀,6258.0,8507.0,3,남성,6
202306,아시아,436.4,필리핀,1649.0,8846.0,3,여성,6
202306,아시아,66.5,필리핀,7232.0,12040.0,3,승무원,6
202306,아시아,94.2,필리핀,15139.0,29393.0,3,전체,6
202306,아시아,62.3,인도네시아,5166.0,8387.0,3,남성,7
202306,아시아,620.0,인도네시아,1050.0,7560.0,3,여성,7
202306,아시아,191.2,인도네시아,2049.0,5967.0,3,승무원,7
202306,아시아,165.1,인도네시아,8265.0,21914.0,3,전체,7
202306,아시아,34.6,태국,5441.0,7322.0,3,남성,8
202306,아시아,48.6,태국,10498.0,15595.0,3,여성,8
202306,아시아,138.5,태국,883.0,2106.0,3,승무원,8
202306,아시아,48.8,태국,16822.0,25023.0,3,전체,8
202306,아시아,141.3,베트남,6043.0,14579.0,3,남성,9
202306,아시아,263.2,베트남,4684.0,17013.0,3,여성,9
202306,아시아,97.3,베트남,2157.0,4256.0,3,승무원,9
202306,아시아,178.2,베트남,12884.0,35848.0,3,전체,9
202306,아시아,49.0,인도,3006.0,4480.0,3,남성,10
202306,아시아,214.4,인도,589.0,1852.0,3,여성,10
202306,아시아,230.4,인도,1565.0,5171.0,3,승무원,10
202306,아시아,122.9,인도,5160.0,11503.0,3,전체,10
202306,아시아,303.4,말레이시아,1411.0,5692.0,3,남성,11
202306,아시아,488.6,말레이시아,1432.0,8429.0,3,여성,11
202306,아시아,193.4,말레이시아,572.0,1678.0,3,승무원,11
202306,아시아,362.6,말레이시아,3415.0,15799.0,3,전체,11
202306,아시아,230.7,싱가포르,4158.0,13749.0,3,남성,12
202306,아시아,254.6,싱가포르,5705.0,20228.0,3,여성,12
202306,아시아,133.7,싱가포르,599.0,1400.0,3,승무원,12
202306,아시아,238.1,싱가포르,10462.0,35377.0,3,전체,12
202306,아시아,214.6,몽골,1704.0,5360.0,3,남성,13
202306,아시아,262.5,몽골,2159.0,7826.0,3,여성,13
202306,아시아,0.0,몽골,1.0,1.0,3,승무원,13
202306,아시아,241.3,몽골,3864.0,13187.0,3,전체,13
202306,아시아,14.9,우즈베키스탄,2086.0,2396.0,3,남성,14
202306,아시아,31.0,우즈베키스탄,902.0,1182.0,3,여성,14
202306,아시아,49.4,우즈베키스탄,164.0,245.0,3,승무원,14
202306,아시아,21.3,우즈베키스탄,3152.0,3823.0,3,전체,14
202306,아시아,27.3,미얀마,1914.0,2436.0,3,남성,15
202306,아시아,119.6,미얀마,224.0,492.0,3,여성,15
202306,아시아,-41.2,미얀마,3137.0,1843.0,3,승무원,15
202306,아시아,-9.6,미얀마,5275.0,4771.0,3,전체,15
202306,아시아,120.5,GCC,721.0,1590.0,3,남성,16
202306,아시아,219.7,GCC,432.0,1381.0,3,여성,16
202306,아시아,535.3,GCC,34.0,216.0,3,승무원,16
202306,아시아,168.5,GCC,1187.0,3187.0,3,전체,16
202306,아시아,-48.3,카자흐스탄,2865.0,1480.0,3,남성,17
202306,아시아,30.6,카자흐스탄,1665.0,2174.0,3,여성,17
202306,아시아,54.0,카자흐스탄,202.0,311.0,3,승무원,17
202306,아시아,-16.2,카자흐스탄,4732.0,3965.0,3,전체,17
202306,아시아,18.5,튀르키예,801.0,949.0,3,남성,18
202306,아시아,365.5,튀르키예,220.0,1024.0,3,여성,18
202306,아시아,68.6,튀르키예,573.0,966.0,3,승무원,18
202306,아시아,84.4,튀르키예,1594.0,2939.0,3,전체,18
202306,아시아,51.4,캄보디아,1196.0,1811.0,3,남성,19
202306,아시아,94.5,캄보디아,471.0,916.0,3,여성,19
202306,아시아,0.0,캄보디아,0.0,7.0,3,승무원,19
202306,아시아,64.0,캄보디아,1667.0,2734.0,3,전체,19
202306,아시아,-6.3,스리랑카,1213.0,1136.0,3,남성,20
202306,아시아,226.7,스리랑카,45.0,147.0,3,여성,20
202306,아시아,191.1,스리랑카,180.0,524.0,3,승무원,20
202306,아시아,25.7,스리랑카,1438.0,1807.0,3,전체,20
202306,아시아,-12.6,방글라데시,1044.0,912.0,3,남성,21
202306,아시아,83.3,방글라데시,78.0,143.0,3,여성,21
202306,아시아,13.2,방글라데시,91.0,103.0,3,승무원,21
202306,아시아,-4.5,방글라데시,1213.0,1158.0,3,전체,21
202306,아시아,16.3,파키스탄,614.0,714.0,3,남성,22
202306,아시아,41.6,파키스탄,89.0,126.0,3,여성,22
202306,아시아,322.7,파키스탄,22.0,93.0,3,승무원,22
202306,아시아,28.7,파키스탄,725.0,933.0,3,전체,22
202306,아시아,89.2,이스라엘,334.0,632.0,3,남성,23
202306,아시아,266.4,이스라엘,110.0,403.0,3,여성,23
202306,아시아,0.0,이스라엘,0.0,1.0,3,승무원,23
202306,아시아,133.3,이스라엘,444.0,1036.0,3,전체,23
202306,아시아,8.9,이란,124.0,135.0,3,남성,24
202306,아시아,42.4,이란,59.0,84.0,3,여성,24
202306,아시아,157.1,이란,7.0,18.0,3,승무원,24
202306,아시아,24.7,이란,190.0,237.0,3,전체,24
202306,아시아,43.0,기타,3991.0,5708.0,3,남성,25
202306,아시아,109.1,기타,662.0,1384.0,3,여성,25
202306,아시아,491.3,기타,92.0,544.0,3,승무원,25
202306,아시아,60.9,기타,4745.0,7636.0,3,전체,25
202306,아메리카,135.6,연도대륙,27464.0,64711.0,2,남성,0
202306,아메리카,141.6,연도대륙,28243.0,68244.0,2,여성,0
202306,아메리카,10.0,연도대륙,9158.0,10078.0,2,승무원,0
202306,아메리카,120.5,연도대륙,64865.0,143033.0,2,전체,0
202306,아메리카,135.3,미국,23548.0,55415.0,3,남성,1
202306,아메리카,138.8,미국,24489.0,58479.0,3,여성,1
202306,아메리카,1.0,미국,7407.0,7484.0,3,승무원,1
202306,아메리카,118.9,미국,55444.0,121378.0,3,전체,1
202306,아메리카,136.8,캐나다,2919.0,6912.0,3,남성,2
202306,아메리카,152.2,캐나다,2868.0,7233.0,3,여성,2
202306,아메리카,-24.9,캐나다,1444.0,1084.0,3,승무원,2
202306,아메리카,110.6,캐나다,7231.0,15229.0,3,전체,2
202306,아메리카,105.5,브라질,274.0,563.0,3,남성,3
202306,아메리카,56.4,브라질,358.0,560.0,3,여성,3
202306,아메리카,306.0,브라질,84.0,341.0,3,승무원,3
202306,아메리카,104.5,브라질,716.0,1464.0,3,전체,3
202306,아메리카,179.6,멕시코,230.0,643.0,3,남성,4
202306,아메리카,273.9,멕시코,207.0,774.0,3,여성,4
202306,아메리카,29.5,멕시코,112.0,145.0,3,승무원,4
202306,아메리카,184.5,멕시코,549.0,1562.0,3,전체,4
202306,아메리카,138.9,기타,493.0,1178.0,3,남성,5
202306,아메리카,273.2,기타,321.0,1198.0,3,여성,5
202306,아메리카,822.5,기타,111.0,1024.0,3,승무원,5
202306,아메리카,267.6,기타,925.0,3400.0,3,전체,5
202306,유럽,123.6,연도대륙,14266.0,31902.0,2,남성,0
202306,유럽,199.0,연도대륙,8691.0,25984.0,2,여성,0
202306,유럽,62.5,연도대륙,7604.0,12357.0,2,승무원,0
202306,유럽,129.8,연도대륙,30561.0,70243.0,2,전체,0
202306,유럽,203.6,러시아,1630.0,4948.0,3,남성,1
202306,유럽,344.3,러시아,1194.0,5305.0,3,여성,1
202306,유럽,160.3,러시아,1576.0,4102.0,3,승무원,1
202306,유럽,226.3,러시아,4400.0,14355.0,3,전체,1
202306,유럽,129.5,영국,2007.0,4607.0,3,남성,2
202306,유럽,201.3,영국,1187.0,3576.0,3,여성,2
202306,유럽,23.6,영국,301.0,372.0,3,승무원,2
202306,유럽,144.8,영국,3495.0,8555.0,3,전체,2
202306,유럽,101.2,독일,2413.0,4856.0,3,남성,3
202306,유럽,137.0,독일,1260.0,2986.0,3,여성,3
202306,유럽,-8.1,독일,1327.0,1220.0,3,승무원,3
202306,유럽,81.2,독일,5000.0,9062.0,3,전체,3
202306,유럽,125.7,프랑스,1912.0,4315.0,3,남성,4
202306,유럽,189.9,프랑스,1418.0,4111.0,3,여성,4
202306,유럽,-14.1,프랑스,861.0,740.0,3,승무원,4
202306,유럽,118.7,프랑스,4191.0,9166.0,3,전체,4
202306,유럽,105.6,이탈리아,850.0,1748.0,3,남성,5
202306,유럽,194.3,이탈리아,349.0,1027.0,3,여성,5
202306,유럽,700.0,이탈리아,140.0,1120.0,3,승무원,5
202306,유럽,190.9,이탈리아,1339.0,3895.0,3,전체,5
202306,유럽,104.2,네덜란드,735.0,1501.0,3,남성,6
202306,유럽,148.8,네덜란드,414.0,1030.0,3,여성,6
202306,유럽,8.8,네덜란드,862.0,938.0,3,승무원,6
202306,유럽,72.5,네덜란드,2011.0,3469.0,3,전체,6
202306,유럽,5.5,우크라이나,329.0,347.0,3,남성,7
202306,유럽,20.3,우크라이나,153.0,184.0,3,여성,7
202306,유럽,57.2,우크라이나,614.0,965.0,3,승무원,7
202306,유럽,36.5,우크라이나,1096.0,1496.0,3,전체,7
202306,유럽,143.0,스페인,491.0,1193.0,3,남성,8
202306,유럽,221.5,스페인,330.0,1061.0,3,여성,8
202306,유럽,37.5,스페인,80.0,110.0,3,승무원,8
202306,유럽,162.4,스페인,901.0,2364.0,3,전체,8
202306,유럽,62.1,루마니아,174.0,282.0,3,남성,9
202306,유럽,254.2,루마니아,72.0,255.0,3,여성,9
202306,유럽,79.3,루마니아,179.0,321.0,3,승무원,9
202306,유럽,101.9,루마니아,425.0,858.0,3,전체,9
202306,유럽,122.9,노르웨이,271.0,604.0,3,남성,10
202306,유럽,198.3,노르웨이,180.0,537.0,3,여성,10
202306,유럽,-9.5,노르웨이,21.0,19.0,3,승무원,10
202306,유럽,145.8,노르웨이,472.0,1160.0,3,전체,10
202306,유럽,128.6,스웨덴,423.0,967.0,3,남성,11
202306,유럽,168.8,스웨덴,340.0,914.0,3,여성,11
202306,유럽,-18.2,스웨덴,22.0,18.0,3,승무원,11
202306,유럽,141.9,스웨덴,785.0,1899.0,3,전체,11
202306,유럽,140.5,폴란드,415.0,998.0,3,남성,12
202306,유럽,238.3,폴란드,240.0,812.0,3,여성,12
202306,유럽,78.3,폴란드,346.0,617.0,3,승무원,12
202306,유럽,142.5,폴란드,1001.0,2427.0,3,전체,12
202306,유럽,144.3,스위스,309.0,755.0,3,남성,13
202306,유럽,150.2,스위스,217.0,543.0,3,여성,13
202306,유럽,38.5,스위스,26.0,36.0,3,승무원,13
202306,유럽,141.7,스위스,552.0,1334.0,3,전체,13
202306,유럽,129.0,포르투갈,138.0,316.0,3,남성,14
202306,유럽,238.5,포르투갈,96.0,325.0,3,여성,14
202306,유럽,58.9,포르투갈,73.0,116.0,3,승무원,14
202306,유럽,146.6,포르투갈,307.0,757.0,3,전체,14
202306,유럽,133.8,오스트리아,222.0,519.0,3,남성,15
202306,유럽,150.9,오스트리아,112.0,281.0,3,여성,15
202306,유럽,-24.3,오스트리아,103.0,78.0,3,승무원,15
202306,유럽,100.9,오스트리아,437.0,878.0,3,전체,15
202306,유럽,103.9,핀란드,205.0,418.0,3,남성,16
202306,유럽,156.0,핀란드,166.0,425.0,3,여성,16
202306,유럽,102.2,핀란드,134.0,271.0,3,승무원,16
202306,유럽,120.6,핀란드,505.0,1114.0,3,전체,16
202306,유럽,99.0,벨기에,290.0,577.0,3,남성,17
202306,유럽,143.5,벨기에,168.0,409.0,3,여성,17
202306,유럽,5.7,벨기에,105.0,111.0,3,승무원,17
202306,유럽,94.8,벨기에,563.0,1097.0,3,전체,17
202306,유럽,29.1,크로아티아,79.0,102.0,3,남성,18
202306,유럽,108.0,크로아티아,25.0,52.0,3,여성,18
202306,유럽,283.3,크로아티아,42.0,161.0,3,승무원,18
202306,유럽,115.8,크로아티아,146.0,315.0,3,전체,18
202306,유럽,31.4,그리스,258.0,339.0,3,남성,19
202306,유럽,62.5,그리스,48.0,78.0,3,여성,19
202306,유럽,40.4,그리스,99.0,139.0,3,승무원,19
202306,유럽,37.3,그리스,405.0,556.0,3,전체,19
202306,유럽,146.9,불가리아,49.0,121.0,3,남성,20
202306,유럽,282.1,불가리아,28.0,107.0,3,여성,20
202306,유럽,-28.8,불가리아,208.0,148.0,3,승무원,20
202306,유럽,31.9,불가리아,285.0,376.0,3,전체,20
202306,유럽,86.9,덴마크,283.0,529.0,3,남성,21
202306,유럽,133.8,덴마크,145.0,339.0,3,여성,21
202306,유럽,176.0,덴마크,25.0,69.0,3,승무원,21
202306,유럽,106.8,덴마크,453.0,937.0,3,전체,21
202306,유럽,96.1,아일랜드,207.0,406.0,3,남성,22
202306,유럽,238.5,아일랜드,109.0,369.0,3,여성,22
202306,유럽,-30.0,아일랜드,40.0,28.0,3,승무원,22
202306,유럽,125.6,아일랜드,356.0,803.0,3,전체,22
202306,유럽,152.4,기타,576.0,1454.0,3,남성,23
202306,유럽,185.9,기타,440.0,1258.0,3,여성,23
202306,유럽,56.7,기타,420.0,658.0,3,승무원,23
202306,유럽,134.7,기타,1436.0,3370.0,3,전체,23
202306,오세아니아,269.2,연도대륙,2661.0,9824.0,2,남성,0
202306,오세아니아,381.8,연도대륙,2106.0,10146.0,2,여성,0
202306,오세아니아,132.8,연도대륙,393.0,915.0,2,승무원,0
202306,오세아니아,304.7,연도대륙,5160.0,20885.0,2,전체,0
202306,오세아니아,275.5,호주,2143.0,8048.0,3,남성,1
202306,오세아니아,394.8,호주,1706.0,8441.0,3,여성,1
202306,오세아니아,103.0,호주,298.0,605.0,3,승무원,1
202306,오세아니아,312.2,호주,4147.0,17094.0,3,전체,1
202306,오세아니아,243.5,뉴질랜드,497.0,1707.0,3,남성,2
202306,오세아니아,331.9,뉴질랜드,382.0,1650.0,3,여성,2
202306,오세아니아,190.9,뉴질랜드,88.0,256.0,3,승무원,2
202306,오세아니아,273.6,뉴질랜드,967.0,3613.0,3,전체,2
202306,오세아니아,228.6,기타,21.0,69.0,3,남성,3
202306,오세아니아,205.6,기타,18.0,55.0,3,여성,3
202306,오세아니아,671.4,기타,7.0,54.0,3,승무원,3
202306,오세아니아,287.0,기타,46.0,178.0,3,전체,3
202306,아프리카,61.0,연도대륙,936.0,1507.0,2,남성,0
202306,아프리카,159.7,연도대륙,390.0,1013.0,2,여성,0
202306,아프리카,188.5,연도대륙,706.0,2037.0,2,승무원,0
202306,아프리카,124.3,연도대륙,2032.0,4557.0,2,전체,0
202306,아프리카,138.8,남아프리카공화국,129.0,308.0,3,남성,1
202306,아프리카,233.9,남아프리카공화국,115.0,384.0,3,여성,1
202306,아프리카,376.2,남아프리카공화국,63.0,300.0,3,승무원,1
202306,아프리카,223.1,남아프리카공화국,307.0,992.0,3,전체,1
202306,아프리카,48.6,기타,807.0,1199.0,3,남성,2
202306,아프리카,128.7,기타,275.0,629.0,3,여성,2
202306,아프리카,170.1,기타,643.0,1737.0,3,승무원,2
202306,아프리카,106.7,기타,1725.0,3565.0,3,전체,2
202306,기타,25.0,연도대륙,4.0,5.0,2,남성,0
202306,기타,0.0,연도대륙,0.0,6.0,2,여성,0
202306,기타,0.0,연도대륙,0.0,3.0,2,승무원,0
202306,기타,250.0,연도대륙,4.0,14.0,2,전체,0
202306,기타,25.0,기타,4.0,5.0,3,남성,1
202306,기타,0.0,기타,0.0,6.0,3,여성,1
202306,기타,0.0,기타,0.0,3.0,3,승무원,1
202306,기타,250.0,기타,4.0,14.0,3,전체,1
202306,교포,52.0,연도대륙,982.0,1493.0,2,남성,0
202306,교포,44.1,연도대륙,1463.0,2108.0,2,여성,0
202306,교포,0.0,연도대륙,0.0,0.0,2,승무원,0
202306,교포,47.3,연도대륙,2445.0,3601.0,2,전체,0
202306,교포,52.0,교포,982.0,1493.0,3,남성,1
202306,교포,44.1,교포,1463.0,2108.0,3,여성,1
202306,교포,0.0,교포,0.0,0.0,3,승무원,1
202306,교포,47.3,교포,2445.0,3601.0,3,전체,1
202307,대륙전체,222.5,연도,121199.0,390848.0,1,남성,0
202307,대륙전체,487.3,연도,98160.0,576482.0,1,여성,0
202307,대륙전체,45.3,연도,44627.0,64858.0,1,승무원,0
202307,대륙전체,291.0,연도,263986.0,1032188.0,1,전체,0
202307,아시아,289.8,연도대륙,69576.0,271190.0,2,남성,0
202307,아시아,765.6,연도대륙,53154.0,460078.0,2,여성,0
202307,아시아,50.3,연도대륙,26451.0,39758.0,2,승무원,0
202307,아시아,416.8,연도대륙,149181.0,771026.0,2,전체,0
202307,아시아,947.7,중국,7320.0,76691.0,3,남성,1
202307,아시아,2210.7,중국,6296.0,145480.0,3,여성,1
202307,아시아,-38.6,중국,4291.0,2634.0,3,승무원,1
202307,아시아,1155.4,중국,17907.0,224805.0,3,전체,1
202307,아시아,1063.9,일본,5836.0,67928.0,3,남성,2
202307,아시아,2360.6,일본,5794.0,142568.0,3,여성,2
202307,아시아,511.3,일본,159.0,972.0,3,승무원,2
202307,아시아,1693.8,일본,11789.0,211468.0,3,전체,2
202307,아시아,5234.7,대만,677.0,36116.0,3,남성,3
202307,아시아,7319.8,대만,905.0,67149.0,3,여성,3
202307,아시아,73.0,대만,174.0,301.0,3,승무원,3
202307,아시아,5797.8,대만,1756.0,103566.0,3,전체,3
202307,아시아,2670.1,홍콩,468.0,12964.0,3,남성,4
202307,아시아,3418.6,홍콩,748.0,26319.0,3,여성,4
202307,아시아,1061.9,홍콩,21.0,244.0,3,승무원,4
202307,아시아,3095.4,홍콩,1237.0,39527.0,3,전체,4
202307,아시아,12633.3,마카오,9.0,1146.0,3,남성,5
202307,아시아,34014.3,마카오,7.0,2388.0,3,여성,5
202307,아시아,0.0,마카오,0.0,0.0,3,승무원,5
202307,아시아,21987.5,마카오,16.0,3534.0,3,전체,5
202307,아시아,-4.8,필리핀,7669.0,7298.0,3,남성,6
202307,아시아,153.5,필리핀,2752.0,6977.0,3,여성,6
202307,아시아,54.6,필리핀,7725.0,11940.0,3,승무원,6
202307,아시아,44.5,필리핀,18146.0,26215.0,3,전체,6
202307,아시아,30.1,인도네시아,5305.0,6900.0,3,남성,7
202307,아시아,303.7,인도네시아,1749.0,7060.0,3,여성,7
202307,아시아,104.4,인도네시아,1944.0,3974.0,3,승무원,7
202307,아시아,99.3,인도네시아,8998.0,17934.0,3,전체,7
202307,아시아,10.3,태국,5598.0,6173.0,3,남성,8
202307,아시아,17.1,태국,10126.0,11858.0,3,여성,8
202307,아시아,98.6,태국,1084.0,2153.0,3,승무원,8
202307,아시아,20.1,태국,16808.0,20184.0,3,전체,8
202307,아시아,89.5,베트남,7972.0,15103.0,3,남성,9
202307,아시아,123.0,베트남,8246.0,18390.0,3,여성,9
202307,아시아,85.3,베트남,2649.0,4909.0,3,승무원,9
202307,아시아,103.5,베트남,18867.0,38402.0,3,전체,9
202307,아시아,21.4,인도,4184.0,5081.0,3,남성,10
202307,아시아,104.3,인도,799.0,1632.0,3,여성,10
202307,아시아,159.4,인도,1673.0,4339.0,3,승무원,10
202307,아시아,66.0,인도,6656.0,11052.0,3,전체,10
202307,아시아,184.9,말레이시아,1455.0,4146.0,3,남성,11
202307,아시아,230.6,말레이시아,1669.0,5518.0,3,여성,11
202307,아시아,150.7,말레이시아,675.0,1692.0,3,승무원,11
202307,아시아,198.9,말레이시아,3799.0,11356.0,3,전체,11
202307,아시아,70.9,싱가포르,2955.0,5050.0,3,남성,12
202307,아시아,65.3,싱가포르,4124.0,6818.0,3,여성,12
202307,아시아,96.5,싱가포르,753.0,1480.0,3,승무원,12
202307,아시아,70.4,싱가포르,7832.0,13348.0,3,전체,12
202307,아시아,73.8,몽골,2565.0,4459.0,3,남성,13
202307,아시아,99.2,몽골,3324.0,6622.0,3,여성,13
202307,아시아,1000.0,몽골,3.0,33.0,3,승무원,13
202307,아시아,88.6,몽골,5892.0,11114.0,3,전체,13
202307,아시아,21.0,우즈베키스탄,2410.0,2916.0,3,남성,14
202307,아시아,5.6,우즈베키스탄,1396.0,1474.0,3,여성,14
202307,아시아,38.7,우즈베키스탄,191.0,265.0,3,승무원,14
202307,아시아,16.5,우즈베키스탄,3997.0,4655.0,3,전체,14
202307,아시아,-18.2,미얀마,3136.0,2564.0,3,남성,15
202307,아시아,55.1,미얀마,207.0,321.0,3,여성,15
202307,아시아,-36.4,미얀마,3311.0,2106.0,3,승무원,15
202307,아시아,-25.0,미얀마,6654.0,4991.0,3,전체,15
202307,아시아,127.6,GCC,930.0,2117.0,3,남성,16
202307,아시아,126.0,GCC,803.0,1815.0,3,여성,16
202307,아시아,107.4,GCC,94.0,195.0,3,승무원,16
202307,아시아,125.9,GCC,1827.0,4127.0,3,전체,16
202307,아시아,-11.5,카자흐스탄,2099.0,1858.0,3,남성,17
202307,아시아,38.5,카자흐스탄,1958.0,2711.0,3,여성,17
202307,아시아,21.0,카자흐스탄,262.0,317.0,3,승무원,17
202307,아시아,13.1,카자흐스탄,4319.0,4886.0,3,전체,17
202307,아시아,117.3,튀르키예,486.0,1056.0,3,남성,18
202307,아시아,199.7,튀르키예,294.0,881.0,3,여성,18
202307,아시아,34.0,튀르키예,802.0,1075.0,3,승무원,18
202307,아시아,90.4,튀르키예,1582.0,3012.0,3,전체,18
202307,아시아,48.6,캄보디아,1318.0,1958.0,3,남성,19
202307,아시아,80.2,캄보디아,657.0,1184.0,3,여성,19
202307,아시아,-57.1,캄보디아,7.0,3.0,3,승무원,19
202307,아시아,58.7,캄보디아,1982.0,3145.0,3,전체,19
202307,아시아,-10.5,스리랑카,1145.0,1025.0,3,남성,20
202307,아시아,191.1,스리랑카,45.0,131.0,3,여성,20
202307,아시아,91.7,스리랑카,230.0,441.0,3,승무원,20
202307,아시아,12.5,스리랑카,1420.0,1597.0,3,전체,20
202307,아시아,58.4,방글라데시,1025.0,1624.0,3,남성,21
202307,아시아,262.9,방글라데시,116.0,421.0,3,여성,21
202307,아시아,-45.1,방글라데시,173.0,95.0,3,승무원,21
202307,아시아,62.9,방글라데시,1314.0,2140.0,3,전체,21
202307,아시아,18.4,파키스탄,624.0,739.0,3,남성,22
202307,아시아,37.6,파키스탄,109.0,150.0,3,여성,22
202307,아시아,1.5,파키스탄,67.0,68.0,3,승무원,22
202307,아시아,19.6,파키스탄,800.0,957.0,3,전체,22
202307,아시아,105.8,이스라엘,328.0,675.0,3,남성,23
202307,아시아,221.9,이스라엘,146.0,470.0,3,여성,23
202307,아시아,500.0,이스라엘,1.0,6.0,3,승무원,23
202307,아시아,142.3,이스라엘,475.0,1151.0,3,전체,23
202307,아시아,29.9,이란,117.0,152.0,3,남성,24
202307,아시아,39.4,이란,66.0,92.0,3,여성,24
202307,아시아,0.0,이란,0.0,25.0,3,승무원,24
202307,아시아,47.0,이란,183.0,269.0,3,전체,24
202307,아시아,38.2,기타,3945.0,5451.0,3,남성,25
202307,아시아,101.6,기타,818.0,1649.0,3,여성,25
202307,아시아,203.1,기타,162.0,491.0,3,승무원,25
202307,아시아,54.1,기타,4925.0,7591.0,3,전체,25
202307,아메리카,117.0,연도대륙,28363.0,61541.0,2,남성,0
202307,아메리카,123.3,연도대륙,27718.0,61897.0,2,여성,0
202307,아메리카,19.3,연도대륙,9222.0,10999.0,2,승무원,0
202307,아메리카,105.9,연도대륙,65303.0,134437.0,2,전체,0
202307,아메리카,106.9,미국,23487.0,48589.0,3,남성,1
202307,아메리카,109.3,미국,22866.0,47850.0,3,여성,1
202307,아메리카,10.5,미국,7589.0,8384.0,3,승무원,1
202307,아메리카,94.3,미국,53942.0,104823.0,3,전체,1
202307,아메리카,118.0,캐나다,3796.0,8274.0,3,남성,2
202307,아메리카,135.3,캐나다,3735.0,8789.0,3,여성,2
202307,아메리카,-4.5,캐나다,1340.0,1280.0,3,승무원,2
202307,아메리카,106.8,캐나다,8871.0,18343.0,3,전체,2
202307,아메리카,306.0,브라질,316.0,1283.0,3,남성,3
202307,아메리카,310.0,브라질,330.0,1353.0,3,여성,3
202307,아메리카,220.4,브라질,93.0,298.0,3,승무원,3
202307,아메리카,297.0,브라질,739.0,2934.0,3,전체,3
202307,아메리카,377.7,멕시코,242.0,1156.0,3,남성,4
202307,아메리카,366.9,멕시코,323.0,1508.0,3,여성,4
202307,아메리카,143.8,멕시코,80.0,195.0,3,승무원,4
202307,아메리카,343.3,멕시코,645.0,2859.0,3,전체,4
202307,아메리카,328.9,기타,522.0,2239.0,3,남성,5
202307,아메리카,416.6,기타,464.0,2397.0,3,여성,5
202307,아메리카,601.7,기타,120.0,842.0,3,승무원,5
202307,아메리카,395.3,기타,1106.0,5478.0,3,전체,5
202307,유럽,153.0,연도대륙,17976.0,45471.0,2,남성,0
202307,유럽,232.4,연도대륙,12848.0,42712.0,2,여성,0
202307,유럽,41.1,연도대륙,7958.0,11227.0,2,승무원,0
202307,유럽,156.3,연도대륙,38782.0,99410.0,2,전체,0
202307,유럽,143.1,러시아,2061.0,5011.0,3,남성,1
202307,유럽,244.0,러시아,1961.0,6746.0,3,여성,1
202307,유럽,138.4,러시아,1619.0,3860.0,3,승무원,1
202307,유럽,176.8,러시아,5641.0,15617.0,3,전체,1
202307,유럽,201.4,영국,2543.0,7665.0,3,남성,2
202307,유럽,263.9,영국,1705.0,6204.0,3,여성,2
202307,유럽,89.2,영국,194.0,367.0,3,승무원,2
202307,유럽,220.5,영국,4442.0,14236.0,3,전체,2
202307,유럽,105.4,독일,2915.0,5986.0,3,남성,3
202307,유럽,155.6,독일,1771.0,4527.0,3,여성,3
202307,유럽,-22.0,독일,1407.0,1097.0,3,승무원,3
202307,유럽,90.5,독일,6093.0,11610.0,3,전체,3
202307,유럽,117.9,프랑스,2616.0,5699.0,3,남성,4
202307,유럽,132.2,프랑스,2511.0,5831.0,3,여성,4
202307,유럽,11.3,프랑스,820.0,913.0,3,승무원,4
202307,유럽,109.2,프랑스,5947.0,12443.0,3,전체,4
202307,유럽,116.9,이탈리아,958.0,2078.0,3,남성,5
202307,유럽,202.5,이탈리아,437.0,1322.0,3,여성,5
202307,유럽,208.6,이탈리아,186.0,574.0,3,승무원,5
202307,유럽,151.4,이탈리아,1581.0,3974.0,3,전체,5
202307,유럽,184.8,네덜란드,1128.0,3212.0,3,남성,6
202307,유럽,236.5,네덜란드,792.0,2665.0,3,여성,6
202307,유럽,4.4,네덜란드,934.0,975.0,3,승무원,6
202307,유럽,140.1,네덜란드,2854.0,6852.0,3,전체,6
202307,유럽,-27.4,우크라이나,486.0,353.0,3,남성,7
202307,유럽,94.5,우크라이나,127.0,247.0,3,여성,7
202307,유럽,15.3,우크라이나,613.0,707.0,3,승무원,7
202307,유럽,6.6,우크라이나,1226.0,1307.0,3,전체,7
202307,유럽,153.8,스페인,736.0,1868.0,3,남성,8
202307,유럽,222.3,스페인,506.0,1631.0,3,여성,8
202307,유럽,33.7,스페인,83.0,111.0,3,승무원,8
202307,유럽,172.5,스페인,1325.0,3610.0,3,전체,8
202307,유럽,36.7,루마니아,215.0,294.0,3,남성,9
202307,유럽,216.8,루마니아,107.0,339.0,3,여성,9
202307,유럽,47.0,루마니아,183.0,269.0,3,승무원,9
202307,유럽,78.6,루마니아,505.0,902.0,3,전체,9
202307,유럽,326.1,노르웨이,230.0,980.0,3,남성,10
202307,유럽,491.5,노르웨이,164.0,970.0,3,여성,10
202307,유럽,66.7,노르웨이,12.0,20.0,3,승무원,10
202307,유럽,385.2,노르웨이,406.0,1970.0,3,전체,10
202307,유럽,449.4,스웨덴,342.0,1879.0,3,남성,11
202307,유럽,680.9,스웨덴,220.0,1718.0,3,여성,11
202307,유럽,34.8,스웨덴,23.0,31.0,3,승무원,11
202307,유럽,520.2,스웨덴,585.0,3628.0,3,전체,11
202307,유럽,179.1,폴란드,350.0,977.0,3,남성,12
202307,유럽,350.0,폴란드,248.0,1116.0,3,여성,12
202307,유럽,77.3,폴란드,348.0,617.0,3,승무원,12
202307,유럽,186.5,폴란드,946.0,2710.0,3,전체,12
202307,유럽,229.0,스위스,527.0,1734.0,3,남성,13
202307,유럽,302.6,스위스,425.0,1711.0,3,여성,13
202307,유럽,-5.3,스위스,38.0,36.0,3,승무원,13
202307,유럽,251.6,스위스,990.0,3481.0,3,전체,13
202307,유럽,274.5,포르투갈,149.0,558.0,3,남성,14
202307,유럽,576.4,포르투갈,89.0,602.0,3,여성,14
202307,유럽,62.9,포르투갈,70.0,114.0,3,승무원,14
202307,유럽,313.6,포르투갈,308.0,1274.0,3,전체,14
202307,유럽,174.1,오스트리아,332.0,910.0,3,남성,15
202307,유럽,185.9,오스트리아,270.0,772.0,3,여성,15
202307,유럽,-44.2,오스트리아,120.0,67.0,3,승무원,15
202307,유럽,142.2,오스트리아,722.0,1749.0,3,전체,15
202307,유럽,367.2,핀란드,125.0,584.0,3,남성,16
202307,유럽,742.1,핀란드,95.0,800.0,3,여성,16
202307,유럽,139.2,핀란드,125.0,299.0,3,승무원,16
202307,유럽,387.8,핀란드,345.0,1683.0,3,전체,16
202307,유럽,229.6,벨기에,388.0,1279.0,3,남성,17
202307,유럽,287.7,벨기에,350.0,1357.0,3,여성,17
202307,유럽,9.6,벨기에,104.0,114.0,3,승무원,17
202307,유럽,226.6,벨기에,842.0,2750.0,3,전체,17
202307,유럽,13.5,크로아티아,111.0,126.0,3,남성,18
202307,유럽,244.4,크로아티아,27.0,93.0,3,여성,18
202307,유럽,59.2,크로아티아,71.0,113.0,3,승무원,18
202307,유럽,58.9,크로아티아,209.0,332.0,3,전체,18
202307,유럽,-7.2,그리스,360.0,334.0,3,남성,19
202307,유럽,115.4,그리스,78.0,168.0,3,여성,19
202307,유럽,-19.3,그리스,161.0,130.0,3,승무원,19
202307,유럽,5.5,그리스,599.0,632.0,3,전체,19
202307,유럽,72.0,불가리아,82.0,141.0,3,남성,20
202307,유럽,302.8,불가리아,36.0,145.0,3,여성,20
202307,유럽,-73.2,불가리아,284.0,76.0,3,승무원,20
202307,유럽,-10.0,불가리아,402.0,362.0,3,전체,20
202307,유럽,197.9,덴마크,329.0,980.0,3,남성,21
202307,유럽,302.9,덴마크,241.0,971.0,3,여성,21
202307,유럽,20.9,덴마크,43.0,52.0,3,승무원,21
202307,유럽,226.8,덴마크,613.0,2003.0,3,전체,21
202307,유럽,164.5,아일랜드,211.0,558.0,3,남성,22
202307,유럽,232.8,아일랜드,134.0,446.0,3,여성,22
202307,유럽,47.8,아일랜드,23.0,34.0,3,승무원,22
202307,유럽,182.1,아일랜드,368.0,1038.0,3,전체,22
202307,유럽,189.6,기타,782.0,2265.0,3,남성,23
202307,유럽,320.8,기타,554.0,2331.0,3,여성,23
202307,유럽,31.0,기타,497.0,651.0,3,승무원,23
202307,유럽,186.3,기타,1833.0,5247.0,3,전체,23
202307,오세아니아,190.3,연도대륙,3012.0,8744.0,2,남성,0
202307,오세아니아,243.9,연도대륙,2399.0,8251.0,2,여성,0
202307,오세아니아,239.2,연도대륙,255.0,865.0,2,승무원,0
202307,오세아니아,215.2,연도대륙,5666.0,17860.0,2,전체,0
202307,오세아니아,196.5,호주,2399.0,7112.0,3,남성,1
202307,오세아니아,255.1,호주,1903.0,6758.0,3,여성,1
202307,오세아니아,393.1,호주,116.0,572.0,3,승무원,1
202307,오세아니아,226.9,호주,4418.0,14442.0,3,전체,1
202307,오세아니아,168.2,뉴질랜드,573.0,1537.0,3,남성,2
202307,오세아니아,193.7,뉴질랜드,475.0,1395.0,3,여성,2
202307,오세아니아,145.7,뉴질랜드,105.0,258.0,3,승무원,2
202307,오세아니아,176.7,뉴질랜드,1153.0,3190.0,3,전체,2
202307,오세아니아,137.5,기타,40.0,95.0,3,남성,3
202307,오세아니아,366.7,기타,21.0,98.0,3,여성,3
202307,오세아니아,2.9,기타,34.0,35.0,3,승무원,3
202307,오세아니아,140.0,기타,95.0,228.0,3,전체,3
202307,아프리카,114.3,연도대륙,1241.0,2659.0,2,남성,0
202307,아프리카,182.4,연도대륙,659.0,1861.0,2,여성,0
202307,아프리카,175.5,연도대륙,727.0,2003.0,2,승무원,0
202307,아프리카,148.3,연도대륙,2627.0,6523.0,2,전체,0
202307,아프리카,150.2,남아프리카공화국,207.0,518.0,3,남성,1
202307,아프리카,159.0,남아프리카공화국,217.0,562.0,3,여성,1
202307,아프리카,424.2,남아프리카공화국,62.0,325.0,3,승무원,1
202307,아프리카,189.1,남아프리카공화국,486.0,1405.0,3,전체,1
202307,아프리카,107.1,기타,1034.0,2141.0,3,남성,2
202307,아프리카,193.9,기타,442.0,1299.0,3,여성,2
202307,아프리카,152.3,기타,665.0,1678.0,3,승무원,2
202307,아프리카,139.0,기타,2141.0,5118.0,3,전체,2
202307,기타,-60.7,연도대륙,28.0,11.0,2,남성,0
202307,기타,500.0,연도대륙,1.0,6.0,2,여성,0
202307,기타,-57.1,연도대륙,14.0,6.0,2,승무원,0
202307,기타,-46.5,연도대륙,43.0,23.0,2,전체,0
202307,기타,-60.7,기타,28.0,11.0,3,남성,1
202307,기타,500.0,기타,1.0,6.0,3,여성,1
202307,기타,-57.1,기타,14.0,6.0,3,승무원,1
202307,기타,-46.5,기타,43.0,23.0,3,전체,1
202307,교포,22.8,연도대륙,1003.0,1232.0,2,남성,0
202307,교포,21.4,연도대륙,1381.0,1677.0,2,여성,0
202307,교포,0.0,연도대륙,0.0,0.0,2,승무원,0
202307,교포,22.0,연도대륙,2384.0,2909.0,2,전체,0
202307,교포,22.8,교포,1003.0,1232.0,3,남성,1
202307,교포,21.4,교포,1381.0,1677.0,3,여성,1
202307,교포,0.0,교포,0.0,0.0,3,승무원,1
202307,교포,22.0,교포,2384.0,2909.0,3,전체,1
202308,대륙전체,197.8,연도,140007.0,417005.0,1,남성,0
202308,대륙전체,381.2,연도,126434.0,608409.0,1,여성,0
202308,대륙전체,43.2,연도,44504.0,63719.0,1,승무원,0
202308,대륙전체,250.3,연도,310945.0,1089133.0,1,전체,0
202308,아시아,272.1,연도대륙,85115.0,316731.0,2,남성,0
202308,아시아,567.8,연도대륙,76006.0,507558.0,2,여성,0
202308,아시아,48.4,연도대륙,26593.0,39477.0,2,승무원,0
202308,아시아,360.2,연도대륙,187714.0,863766.0,2,전체,0
202308,아시아,755.7,중국,11605.0,99306.0,3,남성,1
202308,아시아,973.1,중국,14658.0,157296.0,3,여성,1
202308,아시아,-23.3,중국,3985.0,3057.0,3,승무원,1
202308,아시아,758.4,중국,30248.0,259659.0,3,전체,1
202308,아시아,701.2,일본,10623.0,85116.0,3,남성,2
202308,아시아,1027.6,일본,15732.0,177395.0,3,여성,2
202308,아시아,641.7,일본,127.0,942.0,3,승무원,2
202308,아시아,894.8,일본,26482.0,263453.0,3,전체,2
202308,아시아,2177.1,대만,1491.0,33952.0,3,남성,3
202308,아시아,2250.5,대만,2747.0,64567.0,3,여성,3
202308,아시아,105.5,대만,163.0,335.0,3,승무원,3
202308,아시아,2146.2,대만,4401.0,98854.0,3,전체,3
202308,아시아,1954.2,홍콩,701.0,14400.0,3,남성,4
202308,아시아,2056.3,홍콩,1317.0,28399.0,3,여성,4
202308,아시아,828.0,홍콩,25.0,232.0,3,승무원,4
202308,아시아,2006.3,홍콩,2043.0,43031.0,3,전체,4
202308,아시아,12658.3,마카오,12.0,1531.0,3,남성,5
202308,아시아,11416.0,마카오,25.0,2879.0,3,여성,5
202308,아시아,-100.0,마카오,2.0,0.0,3,승무원,5
202308,아시아,11207.7,마카오,39.0,4410.0,3,전체,5
202308,아시아,10.1,필리핀,7163.0,7888.0,3,남성,6
202308,아시아,150.8,필리핀,2516.0,6310.0,3,여성,6
202308,아시아,29.3,필리핀,7625.0,9861.0,3,승무원,6
202308,아시아,39.0,필리핀,17304.0,24059.0,3,전체,6
202308,아시아,30.4,인도네시아,5741.0,7489.0,3,남성,7
202308,아시아,159.8,인도네시아,2477.0,6436.0,3,여성,7
202308,아시아,153.9,인도네시아,1817.0,4613.0,3,승무원,7
202308,아시아,84.7,인도네시아,10035.0,18538.0,3,전체,7
202308,아시아,56.2,태국,3451.0,5391.0,3,남성,8
202308,아시아,50.8,태국,6509.0,9814.0,3,여성,8
202308,아시아,98.4,태국,1096.0,2174.0,3,승무원,8
202308,아시아,57.2,태국,11056.0,17379.0,3,전체,8
202308,아시아,46.6,베트남,11350.0,16638.0,3,남성,9
202308,아시아,72.6,베트남,10083.0,17408.0,3,여성,9
202308,아시아,69.7,베트남,3237.0,5494.0,3,승무원,9
202308,아시아,60.3,베트남,24670.0,39540.0,3,전체,9
202308,아시아,9.2,인도,4428.0,4834.0,3,남성,10
202308,아시아,76.9,인도,1094.0,1935.0,3,여성,10
202308,아시아,163.5,인도,1637.0,4314.0,3,승무원,10
202308,아시아,54.8,인도,7159.0,11083.0,3,전체,10
202308,아시아,219.0,말레이시아,1782.0,5685.0,3,남성,11
202308,아시아,253.4,말레이시아,2297.0,8118.0,3,여성,11
202308,아시아,130.1,말레이시아,747.0,1719.0,3,승무원,11
202308,아시아,221.6,말레이시아,4826.0,15522.0,3,전체,11
202308,아시아,83.7,싱가포르,3046.0,5595.0,3,남성,12
202308,아시아,114.7,싱가포르,3741.0,8031.0,3,여성,12
202308,아시아,85.1,싱가포르,780.0,1444.0,3,승무원,12
202308,아시아,99.2,싱가포르,7567.0,15070.0,3,전체,12
202308,아시아,30.1,몽골,3885.0,5054.0,3,남성,13
202308,아시아,37.5,몽골,4861.0,6684.0,3,여성,13
202308,아시아,866.7,몽골,3.0,29.0,3,승무원,13
202308,아시아,34.5,몽골,8749.0,11767.0,3,전체,13
202308,아시아,-2.6,우즈베키스탄,3995.0,3891.0,3,남성,14
202308,아시아,13.9,우즈베키스탄,1570.0,1789.0,3,여성,14
202308,아시아,18.1,우즈베키스탄,216.0,255.0,3,승무원,14
202308,아시아,2.7,우즈베키스탄,5781.0,5935.0,3,전체,14
202308,아시아,-9.1,미얀마,3082.0,2803.0,3,남성,15
202308,아시아,48.8,미얀마,373.0,555.0,3,여성,15
202308,아시아,-31.6,미얀마,3164.0,2165.0,3,승무원,15
202308,아시아,-16.6,미얀마,6619.0,5523.0,3,전체,15
202308,아시아,33.4,GCC,1014.0,1353.0,3,남성,16
202308,아시아,42.1,GCC,814.0,1157.0,3,여성,16
202308,아시아,79.2,GCC,144.0,258.0,3,승무원,16
202308,아시아,40.4,GCC,1972.0,2768.0,3,전체,16
202308,아시아,35.4,카자흐스탄,1458.0,1974.0,3,남성,17
202308,아시아,59.2,카자흐스탄,1925.0,3065.0,3,여성,17
202308,아시아,6.5,카자흐스탄,275.0,293.0,3,승무원,17
202308,아시아,45.8,카자흐스탄,3658.0,5332.0,3,전체,17
202308,아시아,75.7,튀르키예,589.0,1035.0,3,남성,18
202308,아시아,127.6,튀르키예,427.0,972.0,3,여성,18
202308,아시아,1.5,튀르키예,922.0,936.0,3,승무원,18
202308,아시아,51.9,튀르키예,1938.0,2943.0,3,전체,18
202308,아시아,38.2,캄보디아,1452.0,2007.0,3,남성,19
202308,아시아,34.6,캄보디아,729.0,981.0,3,여성,19
202308,아시아,-97.8,캄보디아,46.0,1.0,3,승무원,19
202308,아시아,34.2,캄보디아,2227.0,2989.0,3,전체,19
202308,아시아,24.4,스리랑카,1029.0,1280.0,3,남성,20
202308,아시아,104.0,스리랑카,101.0,206.0,3,여성,20
202308,아시아,185.9,스리랑카,163.0,466.0,3,승무원,20
202308,아시아,51.0,스리랑카,1293.0,1952.0,3,전체,20
202308,아시아,10.0,방글라데시,1594.0,1754.0,3,남성,21
202308,아시아,47.2,방글라데시,193.0,284.0,3,여성,21
202308,아시아,-1.2,방글라데시,172.0,170.0,3,승무원,21
202308,아시아,12.7,방글라데시,1959.0,2208.0,3,전체,21
202308,아시아,17.3,파키스탄,809.0,949.0,3,남성,22
202308,아시아,14.6,파키스탄,192.0,220.0,3,여성,22
202308,아시아,124.2,파키스탄,33.0,74.0,3,승무원,22
202308,아시아,20.2,파키스탄,1034.0,1243.0,3,전체,22
202308,아시아,161.8,이스라엘,301.0,788.0,3,남성,23
202308,아시아,274.7,이스라엘,178.0,667.0,3,여성,23
202308,아시아,700.0,이스라엘,2.0,16.0,3,승무원,23
202308,아시아,205.8,이스라엘,481.0,1471.0,3,전체,23
202308,아시아,-7.9,이란,178.0,164.0,3,남성,24
202308,아시아,16.8,이란,119.0,139.0,3,여성,24
202308,아시아,333.3,이란,3.0,13.0,3,승무원,24
202308,아시아,5.3,이란,300.0,316.0,3,전체,24
202308,아시아,35.0,기타,4336.0,5854.0,3,남성,25
202308,아시아,69.5,기타,1328.0,2251.0,3,여성,25
202308,아시아,194.7,기타,209.0,616.0,3,승무원,25
202308,아시아,48.5,기타,5873.0,8721.0,3,전체,25
202308,아메리카,83.8,연도대륙,26045.0,47867.0,2,남성,0
202308,아메리카,86.1,연도대륙,26034.0,48456.0,2,여성,0
202308,아메리카,12.2,연도대륙,9564.0,10728.0,2,승무원,0
202308,아메리카,73.7,연도대륙,61643.0,107051.0,2,전체,0
202308,아메리카,75.6,미국,21389.0,37559.0,3,남성,1
202308,아메리카,76.5,미국,21125.0,37290.0,3,여성,1
202308,아메리카,7.9,미국,7785.0,8401.0,3,승무원,1
202308,아메리카,65.5,미국,50299.0,83250.0,3,전체,1
202308,아메리카,118.7,캐나다,3339.0,7303.0,3,남성,2
202308,아메리카,143.4,캐나다,3253.0,7917.0,3,여성,2
202308,아메리카,-24.2,캐나다,1485.0,1125.0,3,승무원,2
202308,아메리카,102.4,캐나다,8077.0,16345.0,3,전체,2
202308,아메리카,123.5,브라질,375.0,838.0,3,남성,3
202308,아메리카,96.2,브라질,392.0,769.0,3,여성,3
202308,아메리카,196.6,브라질,116.0,344.0,3,승무원,3
202308,아메리카,121.0,브라질,883.0,1951.0,3,전체,3
202308,아메리카,150.0,멕시코,348.0,870.0,3,남성,4
202308,아메리카,103.7,멕시코,518.0,1055.0,3,여성,4
202308,아메리카,348.9,멕시코,45.0,202.0,3,승무원,4
202308,아메리카,133.5,멕시코,911.0,2127.0,3,전체,4
202308,아메리카,118.4,기타,594.0,1297.0,3,남성,5
202308,아메리카,91.0,기타,746.0,1425.0,3,여성,5
202308,아메리카,393.2,기타,133.0,656.0,3,승무원,5
202308,아메리카,129.3,기타,1473.0,3378.0,3,전체,5
202308,유럽,81.0,연도대륙,22796.0,41259.0,2,남성,0
202308,유럽,116.1,연도대륙,19230.0,41551.0,2,여성,0
202308,유럽,42.2,연도대륙,7347.0,10444.0,2,승무원,0
202308,유럽,88.9,연도대륙,49373.0,93254.0,2,전체,0
202308,유럽,106.4,러시아,2310.0,4767.0,3,남성,1
202308,유럽,167.5,러시아,2420.0,6473.0,3,여성,1
202308,유럽,114.7,러시아,1378.0,2958.0,3,승무원,1
202308,유럽,132.4,러시아,6108.0,14198.0,3,전체,1
202308,유럽,64.3,영국,3237.0,5319.0,3,남성,2
202308,유럽,111.1,영국,2259.0,4768.0,3,여성,2
202308,유럽,43.6,영국,179.0,257.0,3,승무원,2
202308,유럽,82.3,영국,5675.0,10344.0,3,전체,2
202308,유럽,54.3,독일,4045.0,6242.0,3,남성,3
202308,유럽,69.2,독일,3261.0,5518.0,3,여성,3
202308,유럽,-20.4,독일,1400.0,1115.0,3,승무원,3
202308,유럽,47.9,독일,8706.0,12875.0,3,전체,3
202308,유럽,87.8,프랑스,4081.0,7663.0,3,남성,4
202308,유럽,102.0,프랑스,3910.0,7899.0,3,여성,4
202308,유럽,3.5,프랑스,894.0,925.0,3,승무원,4
202308,유럽,85.6,프랑스,8885.0,16487.0,3,전체,4
202308,유럽,202.3,이탈리아,1158.0,3501.0,3,남성,5
202308,유럽,238.7,이탈리아,990.0,3353.0,3,여성,5
202308,유럽,210.0,이탈리아,170.0,527.0,3,승무원,5
202308,유럽,218.4,이탈리아,2318.0,7381.0,3,전체,5
202308,유럽,100.4,네덜란드,1132.0,2268.0,3,남성,6
202308,유럽,116.9,네덜란드,896.0,1943.0,3,여성,6
202308,유럽,13.1,네덜란드,867.0,981.0,3,승무원,6
202308,유럽,79.3,네덜란드,2895.0,5192.0,3,전체,6
202308,유럽,-25.2,우크라이나,480.0,359.0,3,남성,7
202308,유럽,31.4,우크라이나,188.0,247.0,3,여성,7
202308,유럽,78.1,우크라이나,521.0,928.0,3,승무원,7
202308,유럽,29.0,우크라이나,1189.0,1534.0,3,전체,7
202308,유럽,151.3,스페인,1011.0,2541.0,3,남성,8
202308,유럽,169.4,스페인,1012.0,2726.0,3,여성,8
202308,유럽,37.0,스페인,100.0,137.0,3,승무원,8
202308,유럽,154.5,스페인,2123.0,5404.0,3,전체,8
202308,유럽,28.2,루마니아,255.0,327.0,3,남성,9
202308,유럽,157.1,루마니아,147.0,378.0,3,여성,9
202308,유럽,79.1,루마니아,129.0,231.0,3,승무원,9
202308,유럽,76.3,루마니아,531.0,936.0,3,전체,9
202308,유럽,36.8,노르웨이,277.0,379.0,3,남성,10
202308,유럽,41.9,노르웨이,234.0,332.0,3,여성,10
202308,유럽,-5.6,노르웨이,18.0,17.0,3,승무원,10
202308,유럽,37.6,노르웨이,529.0,728.0,3,전체,10
202308,유럽,56.5,스웨덴,444.0,695.0,3,남성,11
202308,유럽,64.9,스웨덴,365.0,602.0,3,여성,11
202308,유럽,-29.4,스웨덴,34.0,24.0,3,승무원,11
202308,유럽,56.7,스웨덴,843.0,1321.0,3,전체,11
202308,유럽,142.7,폴란드,426.0,1034.0,3,남성,12
202308,유럽,175.7,폴란드,415.0,1144.0,3,여성,12
202308,유럽,78.4,폴란드,333.0,594.0,3,승무원,12
202308,유럽,136.1,폴란드,1174.0,2772.0,3,전체,12
202308,유럽,62.7,스위스,533.0,867.0,3,남성,13
202308,유럽,81.4,스위스,446.0,809.0,3,여성,13
202308,유럽,104.3,스위스,23.0,47.0,3,승무원,13
202308,유럽,72.0,스위스,1002.0,1723.0,3,전체,13
202308,유럽,177.4,포르투갈,146.0,405.0,3,남성,14
202308,유럽,265.2,포르투갈,138.0,504.0,3,여성,14
202308,유럽,102.2,포르투갈,45.0,91.0,3,승무원,14
202308,유럽,204.0,포르투갈,329.0,1000.0,3,전체,14
202308,유럽,55.8,오스트리아,419.0,653.0,3,남성,15
202308,유럽,70.9,오스트리아,351.0,600.0,3,여성,15
202308,유럽,-51.4,오스트리아,146.0,71.0,3,승무원,15
202308,유럽,44.5,오스트리아,916.0,1324.0,3,전체,15
202308,유럽,101.7,핀란드,180.0,363.0,3,남성,16
202308,유럽,65.6,핀란드,189.0,313.0,3,여성,16
202308,유럽,141.7,핀란드,127.0,307.0,3,승무원,16
202308,유럽,98.2,핀란드,496.0,983.0,3,전체,16
202308,유럽,51.0,벨기에,435.0,657.0,3,남성,17
202308,유럽,69.5,벨기에,390.0,661.0,3,여성,17
202308,유럽,2.0,벨기에,102.0,104.0,3,승무원,17
202308,유럽,53.4,벨기에,927.0,1422.0,3,전체,17
202308,유럽,-16.3,크로아티아,141.0,118.0,3,남성,18
202308,유럽,72.5,크로아티아,40.0,69.0,3,여성,18
202308,유럽,38.0,크로아티아,71.0,98.0,3,승무원,18
202308,유럽,13.1,크로아티아,252.0,285.0,3,전체,18
202308,유럽,9.6,그리스,332.0,364.0,3,남성,19
202308,유럽,98.2,그리스,110.0,218.0,3,여성,19
202308,유럽,58.5,그리스,147.0,233.0,3,승무원,19
202308,유럽,38.4,그리스,589.0,815.0,3,전체,19
202308,유럽,27.9,불가리아,104.0,133.0,3,남성,20
202308,유럽,77.0,불가리아,74.0,131.0,3,여성,20
202308,유럽,-45.5,불가리아,167.0,91.0,3,승무원,20
202308,유럽,2.9,불가리아,345.0,355.0,3,전체,20
202308,유럽,27.1,덴마크,413.0,525.0,3,남성,21
202308,유럽,52.6,덴마크,308.0,470.0,3,여성,21
202308,유럽,48.6,덴마크,37.0,55.0,3,승무원,21
202308,유럽,38.5,덴마크,758.0,1050.0,3,전체,21
202308,유럽,41.4,아일랜드,292.0,413.0,3,남성,22
202308,유럽,66.2,아일랜드,204.0,339.0,3,여성,22
202308,유럽,118.8,아일랜드,16.0,35.0,3,승무원,22
202308,유럽,53.7,아일랜드,512.0,787.0,3,전체,22
202308,유럽,76.3,기타,945.0,1666.0,3,남성,23
202308,유럽,132.6,기타,883.0,2054.0,3,여성,23
202308,유럽,39.5,기타,443.0,618.0,3,승무원,23
202308,유럽,91.0,기타,2271.0,4338.0,3,전체,23
202308,오세아니아,129.3,연도대륙,3209.0,7358.0,2,남성,0
202308,오세아니아,166.6,연도대륙,2610.0,6959.0,2,여성,0
202308,오세아니아,267.5,연도대륙,252.0,926.0,2,승무원,0
202308,오세아니아,151.1,연도대륙,6071.0,15243.0,2,전체,0
202308,오세아니아,131.1,호주,2586.0,5975.0,3,남성,1
202308,오세아니아,171.6,호주,2108.0,5725.0,3,여성,1
202308,오세아니아,324.1,호주,141.0,598.0,3,승무원,1
202308,오세아니아,154.4,호주,4835.0,12298.0,3,전체,1
202308,오세아니아,121.6,뉴질랜드,573.0,1270.0,3,남성,2
202308,오세아니아,141.0,뉴질랜드,476.0,1147.0,3,여성,2
202308,오세아니아,115.0,뉴질랜드,107.0,230.0,3,승무원,2
202308,오세아니아,129.0,뉴질랜드,1156.0,2647.0,3,전체,2
202308,오세아니아,126.0,기타,50.0,113.0,3,남성,3
202308,오세아니아,234.6,기타,26.0,87.0,3,여성,3
202308,오세아니아,2350.0,기타,4.0,98.0,3,승무원,3
202308,오세아니아,272.5,기타,80.0,298.0,3,전체,3
202308,아프리카,40.5,연도대륙,1763.0,2477.0,2,남성,0
202308,아프리카,66.0,연도대륙,1279.0,2123.0,2,여성,0
202308,아프리카,189.9,연도대륙,739.0,2142.0,2,승무원,0
202308,아프리카,78.3,연도대륙,3781.0,6742.0,2,전체,0
202308,아프리카,43.3,남아프리카공화국,319.0,457.0,3,남성,1
202308,아프리카,62.3,남아프리카공화국,480.0,779.0,3,여성,1
202308,아프리카,398.2,남아프리카공화국,57.0,284.0,3,승무원,1
202308,아프리카,77.6,남아프리카공화국,856.0,1520.0,3,전체,1
202308,아프리카,39.9,기타,1444.0,2020.0,3,남성,2
202308,아프리카,68.2,기타,799.0,1344.0,3,여성,2
202308,아프리카,172.4,기타,682.0,1858.0,3,승무원,2
202308,아프리카,78.5,기타,2925.0,5222.0,3,전체,2
202308,기타,-90.5,연도대륙,21.0,2.0,2,남성,0
202308,기타,-50.0,연도대륙,14.0,7.0,2,여성,0
202308,기타,-77.8,연도대륙,9.0,2.0,2,승무원,0
202308,기타,-75.0,연도대륙,44.0,11.0,2,전체,0
202308,기타,-90.5,기타,21.0,2.0,3,남성,1
202308,기타,-50.0,기타,14.0,7.0,3,여성,1
202308,기타,-77.8,기타,9.0,2.0,3,승무원,1
202308,기타,-75.0,기타,44.0,11.0,3,전체,1
202308,교포,23.9,연도대륙,1058.0,1311.0,2,남성,0
202308,교포,39.2,연도대륙,1261.0,1755.0,2,여성,0
202308,교포,0.0,연도대륙,0.0,0.0,2,승무원,0
202308,교포,32.2,연도대륙,2319.0,3066.0,2,전체,0
202308,교포,23.9,교포,1058.0,1311.0,3,남성,1
202308,교포,39.2,교포,1261.0,1755.0,3,여성,1
202308,교포,0.0,교포,0.0,0.0,3,승무원,1
202308,교포,32.2,교포,2319.0,3066.0,3,전체,1
202309,대륙전체,166.5,연도,154721.0,412342.0,1,남성,0
202309,대륙전체,345.0,연도,139322.0,619981.0,1,여성,0
202309,대륙전체,50.7,연도,43595.0,65711.0,1,승무원,0
202309,대륙전체,225.2,연도,337638.0,1098034.0,1,전체,0
202309,아시아,230.1,연도대륙,90765.0,299585.0,2,남성,0
202309,아시아,526.9,연도대륙,81499.0,510906.0,2,여성,0
202309,아시아,61.2,연도대륙,26134.0,42129.0,2,승무원,0
202309,아시아,329.8,연도대륙,198398.0,852620.0,2,전체,0
202309,아시아,675.6,중국,12680.0,98352.0,3,남성,1
202309,아시아,1128.2,중국,13035.0,160096.0,3,여성,1
202309,아시아,43.9,중국,3816.0,5492.0,3,승무원,1
202309,아시아,793.8,중국,29531.0,263940.0,3,전체,1
202309,아시아,570.4,일본,11564.0,77528.0,3,남성,2
202309,아시아,982.4,일본,15861.0,171674.0,3,여성,2
202309,아시아,566.7,일본,135.0,900.0,3,승무원,2
202309,아시아,807.5,일본,27560.0,250102.0,3,전체,2
202309,아시아,1584.8,대만,1799.0,30310.0,3,남성,3
202309,아시아,2325.3,대만,2550.0,61845.0,3,여성,3
202309,아시아,24.3,대만,206.0,256.0,3,승무원,3
202309,아시아,1928.8,대만,4555.0,92411.0,3,전체,3
202309,아시아,685.5,홍콩,1183.0,9293.0,3,남성,4
202309,아시아,936.1,홍콩,2018.0,20909.0,3,여성,4
202309,아시아,825.0,홍콩,24.0,222.0,3,승무원,4
202309,아시아,843.4,홍콩,3225.0,30424.0,3,전체,4
202309,아시아,4340.0,마카오,15.0,666.0,3,남성,5
202309,아시아,6156.0,마카오,25.0,1564.0,3,여성,5
202309,아시아,100.0,마카오,1.0,2.0,3,승무원,5
202309,아시아,5343.9,마카오,41.0,2232.0,3,전체,5
202309,아시아,-2.7,필리핀,7698.0,7490.0,3,남성,6
202309,아시아,132.5,필리핀,3586.0,8336.0,3,여성,6
202309,아시아,64.3,필리핀,6907.0,11349.0,3,승무원,6
202309,아시아,49.4,필리핀,18191.0,27175.0,3,전체,6
202309,아시아,12.0,인도네시아,5204.0,5829.0,3,남성,7
202309,아시아,165.0,인도네시아,2514.0,6661.0,3,여성,7
202309,아시아,167.7,인도네시아,1626.0,4353.0,3,승무원,7
202309,아시아,80.3,인도네시아,9344.0,16843.0,3,전체,7
202309,아시아,82.9,태국,3985.0,7288.0,3,남성,8
202309,아시아,76.5,태국,8174.0,14424.0,3,여성,8
202309,아시아,70.6,태국,1156.0,1972.0,3,승무원,8
202309,아시아,77.9,태국,13315.0,23684.0,3,전체,8
202309,아시아,39.2,베트남,9984.0,13898.0,3,남성,9
202309,아시아,98.5,베트남,8958.0,17778.0,3,여성,9
202309,아시아,29.9,베트남,3842.0,4989.0,3,승무원,9
202309,아시아,60.9,베트남,22784.0,36665.0,3,전체,9
202309,아시아,5.2,인도,4590.0,4827.0,3,남성,10
202309,아시아,91.0,인도,1017.0,1942.0,3,여성,10
202309,아시아,161.3,인도,1620.0,4233.0,3,승무원,10
202309,아시아,52.2,인도,7227.0,11002.0,3,전체,10
202309,아시아,245.9,말레이시아,2177.0,7530.0,3,남성,11
202309,아시아,278.9,말레이시아,3339.0,12652.0,3,여성,11
202309,아시아,101.1,말레이시아,838.0,1685.0,3,승무원,11
202309,아시아,244.1,말레이시아,6354.0,21867.0,3,전체,11
202309,아시아,73.3,싱가포르,5833.0,10107.0,3,남성,12
202309,아시아,87.0,싱가포르,8201.0,15334.0,3,여성,12
202309,아시아,79.7,싱가포르,828.0,1488.0,3,승무원,12
202309,아시아,81.2,싱가포르,14862.0,26929.0,3,전체,12
202309,아시아,26.3,몽골,3953.0,4993.0,3,남성,13
202309,아시아,37.3,몽골,4958.0,6806.0,3,여성,13
202309,아시아,150.0,몽골,4.0,10.0,3,승무원,13
202309,아시아,32.5,몽골,8915.0,11809.0,3,전체,13
202309,아시아,8.8,우즈베키스탄,3808.0,4143.0,3,남성,14
202309,아시아,15.5,우즈베키스탄,1355.0,1565.0,3,여성,14
202309,아시아,21.0,우즈베키스탄,214.0,259.0,3,승무원,14
202309,아시아,11.0,우즈베키스탄,5377.0,5967.0,3,전체,14
202309,아시아,-12.4,미얀마,2646.0,2317.0,3,남성,15
202309,아시아,100.8,미얀마,397.0,797.0,3,여성,15
202309,아시아,-26.2,미얀마,2916.0,2152.0,3,승무원,15
202309,아시아,-11.6,미얀마,5959.0,5266.0,3,전체,15
202309,아시아,48.2,GCC,954.0,1414.0,3,남성,16
202309,아시아,47.2,GCC,600.0,883.0,3,여성,16
202309,아시아,56.2,GCC,144.0,225.0,3,승무원,16
202309,아시아,48.5,GCC,1698.0,2522.0,3,전체,16
202309,아시아,40.3,카자흐스탄,1325.0,1859.0,3,남성,17
202309,아시아,66.7,카자흐스탄,1461.0,2436.0,3,여성,17
202309,아시아,19.7,카자흐스탄,269.0,322.0,3,승무원,17
202309,아시아,51.1,카자흐스탄,3055.0,4617.0,3,전체,17
202309,아시아,133.8,튀르키예,547.0,1279.0,3,남성,18
202309,아시아,186.8,튀르키예,310.0,889.0,3,여성,18
202309,아시아,17.2,튀르키예,880.0,1031.0,3,승무원,18
202309,아시아,84.2,튀르키예,1737.0,3199.0,3,전체,18
202309,아시아,-3.4,캄보디아,1965.0,1898.0,3,남성,19
202309,아시아,-8.3,캄보디아,966.0,886.0,3,여성,19
202309,아시아,-93.8,캄보디아,16.0,1.0,3,승무원,19
202309,아시아,-5.5,캄보디아,2947.0,2785.0,3,전체,19
202309,아시아,3.1,스리랑카,1424.0,1468.0,3,남성,20
202309,아시아,99.2,스리랑카,124.0,247.0,3,여성,20
202309,아시아,68.5,스리랑카,289.0,487.0,3,승무원,20
202309,아시아,19.9,스리랑카,1837.0,2202.0,3,전체,20
202309,아시아,9.3,방글라데시,1165.0,1273.0,3,남성,21
202309,아시아,100.9,방글라데시,111.0,223.0,3,여성,21
202309,아시아,-31.9,방글라데시,119.0,81.0,3,승무원,21
202309,아시아,13.0,방글라데시,1395.0,1577.0,3,전체,21
202309,아시아,-2.7,파키스탄,802.0,780.0,3,남성,22
202309,아시아,42.2,파키스탄,128.0,182.0,3,여성,22
202309,아시아,108.3,파키스탄,36.0,75.0,3,승무원,22
202309,아시아,7.3,파키스탄,966.0,1037.0,3,전체,22
202309,아시아,36.8,이스라엘,690.0,944.0,3,남성,23
202309,아시아,93.6,이스라엘,483.0,935.0,3,여성,23
202309,아시아,100.0,이스라엘,1.0,2.0,3,승무원,23
202309,아시아,60.2,이스라엘,1174.0,1881.0,3,전체,23
202309,아시아,65.0,이란,163.0,269.0,3,남성,24
202309,아시아,55.2,이란,116.0,180.0,3,여성,24
202309,아시아,137.5,이란,8.0,19.0,3,승무원,24
202309,아시아,63.1,이란,287.0,468.0,3,전체,24
202309,아시아,-16.9,기타,4611.0,3830.0,3,남성,25
202309,아시아,37.1,기타,1212.0,1662.0,3,여성,25
202309,아시아,119.2,기타,239.0,524.0,3,승무원,25
202309,아시아,-0.8,기타,6062.0,6016.0,3,전체,25
202309,아메리카,70.4,연도대륙,32818.0,55930.0,2,남성,0
202309,아메리카,72.4,연도대륙,33266.0,57355.0,2,여성,0
202309,아메리카,14.6,연도대륙,9252.0,10599.0,2,승무원,0
202309,아메리카,64.4,연도대륙,75336.0,123884.0,2,전체,0
202309,아메리카,68.0,미국,26149.0,43925.0,3,남성,1
202309,아메리카,68.3,미국,26640.0,44840.0,3,여성,1
202309,아메리카,6.7,미국,7646.0,8160.0,3,승무원,1
202309,아메리카,60.4,미국,60435.0,96925.0,3,전체,1
202309,아메리카,76.1,캐나다,4901.0,8630.0,3,남성,2
202309,아메리카,79.9,캐나다,5036.0,9060.0,3,여성,2
202309,아메리카,-1.2,캐나다,1180.0,1166.0,3,승무원,2
202309,아메리카,69.6,캐나다,11117.0,18856.0,3,전체,2
202309,아메리카,119.6,브라질,387.0,850.0,3,남성,3
202309,아메리카,92.3,브라질,401.0,771.0,3,여성,3
202309,아메리카,128.3,브라질,127.0,290.0,3,승무원,3
202309,아메리카,108.9,브라질,915.0,1911.0,3,전체,3
202309,아메리카,101.1,멕시코,464.0,933.0,3,남성,4
202309,아메리카,131.8,멕시코,444.0,1029.0,3,여성,4
202309,아메리카,5.9,멕시코,170.0,180.0,3,승무원,4
202309,아메리카,98.7,멕시코,1078.0,2142.0,3,전체,4
202309,아메리카,73.6,기타,917.0,1592.0,3,남성,5
202309,아메리카,122.1,기타,745.0,1655.0,3,여성,5
202309,아메리카,522.5,기타,129.0,803.0,3,승무원,5
202309,아메리카,126.1,기타,1791.0,4050.0,3,전체,5
202309,유럽,76.6,연도대륙,22888.0,40420.0,2,남성,0
202309,유럽,108.4,연도대륙,17130.0,35692.0,2,여성,0
202309,유럽,43.9,연도대륙,7088.0,10197.0,2,승무원,0
202309,유럽,83.2,연도대륙,47106.0,86309.0,2,전체,0
202309,유럽,96.8,러시아,2695.0,5304.0,3,남성,1
202309,유럽,144.0,러시아,2386.0,5823.0,3,여성,1
202309,유럽,105.2,러시아,1310.0,2688.0,3,승무원,1
202309,유럽,116.2,러시아,6391.0,13815.0,3,전체,1
202309,유럽,91.9,영국,3081.0,5911.0,3,남성,2
202309,유럽,117.5,영국,1936.0,4211.0,3,여성,2
202309,유럽,74.9,영국,203.0,355.0,3,승무원,2
202309,유럽,100.7,영국,5220.0,10477.0,3,전체,2
202309,유럽,66.3,독일,4389.0,7301.0,3,남성,3
202309,유럽,89.7,독일,3257.0,6179.0,3,여성,3
202309,유럽,-25.7,독일,1360.0,1011.0,3,승무원,3
202309,유럽,60.9,독일,9006.0,14491.0,3,전체,3
202309,유럽,64.8,프랑스,3386.0,5581.0,3,남성,4
202309,유럽,87.4,프랑스,2918.0,5467.0,3,여성,4
202309,유럽,10.0,프랑스,914.0,1005.0,3,승무원,4
202309,유럽,67.0,프랑스,7218.0,12053.0,3,전체,4
202309,유럽,83.0,이탈리아,1175.0,2150.0,3,남성,5
202309,유럽,131.4,이탈리아,704.0,1629.0,3,여성,5
202309,유럽,229.9,이탈리아,164.0,541.0,3,승무원,5
202309,유럽,111.5,이탈리아,2043.0,4320.0,3,전체,5
202309,유럽,74.9,네덜란드,1201.0,2100.0,3,남성,6
202309,유럽,112.6,네덜란드,731.0,1554.0,3,여성,6
202309,유럽,12.4,네덜란드,829.0,932.0,3,승무원,6
202309,유럽,66.1,네덜란드,2761.0,4586.0,3,전체,6
202309,유럽,-29.3,우크라이나,430.0,304.0,3,남성,7
202309,유럽,45.7,우크라이나,173.0,252.0,3,여성,7
202309,유럽,69.3,우크라이나,469.0,794.0,3,승무원,7
202309,유럽,25.9,우크라이나,1072.0,1350.0,3,전체,7
202309,유럽,103.4,스페인,862.0,1753.0,3,남성,8
202309,유럽,104.7,스페인,784.0,1605.0,3,여성,8
202309,유럽,34.0,스페인,106.0,142.0,3,승무원,8
202309,유럽,99.8,스페인,1752.0,3500.0,3,전체,8
202309,유럽,89.0,루마니아,273.0,516.0,3,남성,9
202309,유럽,201.2,루마니아,164.0,494.0,3,여성,9
202309,유럽,125.7,루마니아,152.0,343.0,3,승무원,9
202309,유럽,129.7,루마니아,589.0,1353.0,3,전체,9
202309,유럽,58.9,노르웨이,270.0,429.0,3,남성,10
202309,유럽,44.2,노르웨이,233.0,336.0,3,여성,10
202309,유럽,-14.3,노르웨이,14.0,12.0,3,승무원,10
202309,유럽,50.3,노르웨이,517.0,777.0,3,전체,10
202309,유럽,104.5,스웨덴,447.0,914.0,3,남성,11
202309,유럽,118.0,스웨덴,300.0,654.0,3,여성,11
202309,유럽,-30.6,스웨덴,36.0,25.0,3,승무원,11
202309,유럽,103.4,스웨덴,783.0,1593.0,3,전체,11
202309,유럽,102.3,폴란드,609.0,1232.0,3,남성,12
202309,유럽,157.9,폴란드,582.0,1501.0,3,여성,12
202309,유럽,125.9,폴란드,313.0,707.0,3,승무원,12
202309,유럽,128.7,폴란드,1504.0,3440.0,3,전체,12
202309,유럽,73.2,스위스,637.0,1103.0,3,남성,13
202309,유럽,91.0,스위스,491.0,938.0,3,여성,13
202309,유럽,2.4,스위스,42.0,43.0,3,승무원,13
202309,유럽,78.1,스위스,1170.0,2084.0,3,전체,13
202309,유럽,129.1,포르투갈,179.0,410.0,3,남성,14
202309,유럽,167.7,포르투갈,164.0,439.0,3,여성,14
202309,유럽,80.9,포르투갈,47.0,85.0,3,승무원,14
202309,유럽,139.5,포르투갈,390.0,934.0,3,전체,14
202309,유럽,68.2,오스트리아,393.0,661.0,3,남성,15
202309,유럽,82.1,오스트리아,307.0,559.0,3,여성,15
202309,유럽,-45.3,오스트리아,139.0,76.0,3,승무원,15
202309,유럽,54.5,오스트리아,839.0,1296.0,3,전체,15
202309,유럽,101.5,핀란드,196.0,395.0,3,남성,16
202309,유럽,136.3,핀란드,146.0,345.0,3,여성,16
202309,유럽,120.3,핀란드,128.0,282.0,3,승무원,16
202309,유럽,117.4,핀란드,470.0,1022.0,3,전체,16
202309,유럽,80.4,벨기에,484.0,873.0,3,남성,17
202309,유럽,94.6,벨기에,425.0,827.0,3,여성,17
202309,유럽,6.2,벨기에,113.0,120.0,3,승무원,17
202309,유럽,78.1,벨기에,1022.0,1820.0,3,전체,17
202309,유럽,38.5,크로아티아,122.0,169.0,3,남성,18
202309,유럽,169.7,크로아티아,33.0,89.0,3,여성,18
202309,유럽,157.1,크로아티아,56.0,144.0,3,승무원,18
202309,유럽,90.5,크로아티아,211.0,402.0,3,전체,18
202309,유럽,7.7,그리스,259.0,279.0,3,남성,19
202309,유럽,40.0,그리스,105.0,147.0,3,여성,19
202309,유럽,14.0,그리스,86.0,98.0,3,승무원,19
202309,유럽,16.4,그리스,450.0,524.0,3,전체,19
202309,유럽,79.2,불가리아,106.0,190.0,3,남성,20
202309,유럽,205.0,불가리아,80.0,244.0,3,여성,20
202309,유럽,-20.3,불가리아,118.0,94.0,3,승무원,20
202309,유럽,73.7,불가리아,304.0,528.0,3,전체,20
202309,유럽,75.2,덴마크,403.0,706.0,3,남성,21
202309,유럽,92.1,덴마크,267.0,513.0,3,여성,21
202309,유럽,135.3,덴마크,34.0,80.0,3,승무원,21
202309,유럽,84.5,덴마크,704.0,1299.0,3,전체,21
202309,유럽,66.1,아일랜드,289.0,480.0,3,남성,22
202309,유럽,126.6,아일랜드,158.0,358.0,3,여성,22
202309,유럽,370.0,아일랜드,10.0,47.0,3,승무원,22
202309,유럽,93.7,아일랜드,457.0,885.0,3,전체,22
202309,유럽,65.6,기타,1002.0,1659.0,3,남성,23
202309,유럽,94.4,기타,786.0,1528.0,3,여성,23
202309,유럽,28.8,기타,445.0,573.0,3,승무원,23
202309,유럽,68.4,기타,2233.0,3760.0,3,전체,23
202309,오세아니아,140.3,연도대륙,5209.0,12519.0,2,남성,0
202309,오세아니아,166.4,연도대륙,4717.0,12567.0,2,여성,0
202309,오세아니아,195.9,연도대륙,314.0,929.0,2,승무원,0
202309,오세아니아,154.1,연도대륙,10240.0,26015.0,2,전체,0
202309,오세아니아,150.3,호주,4147.0,10378.0,3,남성,1
202309,오세아니아,174.0,호주,3874.0,10613.0,3,여성,1
202309,오세아니아,306.3,호주,159.0,646.0,3,승무원,1
202309,오세아니아,164.5,호주,8180.0,21637.0,3,전체,1
202309,오세아니아,101.9,뉴질랜드,1007.0,2033.0,3,남성,2
202309,오세아니아,132.1,뉴질랜드,811.0,1882.0,3,여성,2
202309,오세아니아,62.4,뉴질랜드,141.0,229.0,3,승무원,2
202309,오세아니아,111.5,뉴질랜드,1959.0,4144.0,3,전체,2
202309,오세아니아,96.4,기타,55.0,108.0,3,남성,3
202309,오세아니아,125.0,기타,32.0,72.0,3,여성,3
202309,오세아니아,285.7,기타,14.0,54.0,3,승무원,3
202309,오세아니아,131.7,기타,101.0,234.0,3,전체,3
202309,아프리카,41.1,연도대륙,1639.0,2312.0,2,남성,0
202309,아프리카,64.3,연도대륙,831.0,1365.0,2,여성,0
202309,아프리카,131.0,연도대륙,801.0,1850.0,2,승무원,0
202309,아프리카,69.0,연도대륙,3271.0,5527.0,2,전체,0
202309,아프리카,66.1,남아프리카공화국,218.0,362.0,3,남성,1
202309,아프리카,82.3,남아프리카공화국,232.0,423.0,3,여성,1
202309,아프리카,302.9,남아프리카공화국,69.0,278.0,3,승무원,1
202309,아프리카,104.8,남아프리카공화국,519.0,1063.0,3,전체,1
202309,아프리카,37.2,기타,1421.0,1950.0,3,남성,2
202309,아프리카,57.3,기타,599.0,942.0,3,여성,2
202309,아프리카,114.8,기타,732.0,1572.0,3,승무원,2
202309,아프리카,62.2,기타,2752.0,4464.0,3,전체,2
202309,기타,-54.5,연도대륙,11.0,5.0,2,남성,0
202309,기타,400.0,연도대륙,1.0,5.0,2,여성,0
202309,기타,16.7,연도대륙,6.0,7.0,2,승무원,0
202309,기타,-5.6,연도대륙,18.0,17.0,2,전체,0
202309,기타,-54.5,기타,11.0,5.0,3,남성,1
202309,기타,400.0,기타,1.0,5.0,3,여성,1
202309,기타,16.7,기타,6.0,7.0,3,승무원,1
202309,기타,-5.6,기타,18.0,17.0,3,전체,1
202309,교포,12.9,연도대륙,1391.0,1571.0,2,남성,0
202309,교포,11.3,연도대륙,1878.0,2091.0,2,여성,0
202309,교포,0.0,연도대륙,0.0,0.0,2,승무원,0
202309,교포,12.0,연도대륙,3269.0,3662.0,2,전체,0
202309,교포,12.9,교포,1391.0,1571.0,3,남성,1
202309,교포,11.3,교포,1878.0,2091.0,3,여성,1
202309,교포,0.0,교포,0.0,0.0,3,승무원,1
202309,교포,12.0,교포,3269.0,3662.0,3,전체,1
202310,대륙전체,128.9,연도,201483.0,461215.0,1,남성,0
202310,대륙전체,202.4,연도,224985.0,680254.0,1,여성,0
202310,대륙전체,78.2,연도,49629.0,88430.0,1,승무원,0
202310,대륙전체,158.3,연도,476097.0,1229899.0,1,전체,0
202310,아시아,171.6,연도대륙,122210.0,331897.0,2,남성,0
202310,아시아,258.5,연도대륙,155084.0,555951.0,2,여성,0
202310,아시아,98.1,연도대륙,30156.0,59745.0,2,승무원,0
202310,아시아,208.2,연도대륙,307450.0,947593.0,2,전체,0
202310,아시아,874.0,중국,9928.0,96698.0,3,남성,1
202310,아시아,1491.8,중국,9090.0,144692.0,3,여성,1
202310,아시아,106.3,중국,3922.0,8093.0,3,승무원,1
202310,아시아,987.5,중국,22940.0,249483.0,3,전체,1
202310,아시아,248.5,일본,22662.0,78969.0,3,남성,2
202310,아시아,295.0,일본,44325.0,175088.0,3,여성,2
202310,아시아,501.7,일본,172.0,1035.0,3,승무원,2
202310,아시아,279.8,일본,67159.0,255092.0,3,전체,2
202310,아시아,666.4,대만,4031.0,30892.0,3,남성,3
202310,아시아,824.2,대만,7114.0,65745.0,3,여성,3
202310,아시아,-2.3,대만,213.0,208.0,3,승무원,3
202310,아시아,752.7,대만,11358.0,96845.0,3,전체,3
202310,아시아,260.3,홍콩,3476.0,12525.0,3,남성,4
202310,아시아,270.6,홍콩,7720.0,28608.0,3,여성,4
202310,아시아,1110.0,홍콩,20.0,242.0,3,승무원,4
202310,아시아,268.9,홍콩,11216.0,41375.0,3,전체,4
202310,아시아,2060.6,마카오,33.0,713.0,3,남성,5
202310,아시아,4481.0,마카오,42.0,1924.0,3,여성,5
202310,아시아,0.0,마카오,0.0,1.0,3,승무원,5
202310,아시아,3417.3,마카오,75.0,2638.0,3,전체,5
202310,아시아,22.9,필리핀,10094.0,12408.0,3,남성,6
202310,아시아,68.6,필리핀,9036.0,15237.0,3,여성,6
202310,아시아,99.8,필리핀,7836.0,15653.0,3,승무원,6
202310,아시아,60.6,필리핀,26966.0,43298.0,3,전체,6
202310,아시아,27.3,인도네시아,6638.0,8449.0,3,남성,7
202310,아시아,93.2,인도네시아,6235.0,12043.0,3,여성,7
202310,아시아,424.8,인도네시아,1877.0,9851.0,3,승무원,7
202310,아시아,105.7,인도네시아,14750.0,30343.0,3,전체,7
202310,아시아,34.2,태국,10879.0,14604.0,3,남성,8
202310,아시아,34.8,태국,22030.0,29698.0,3,여성,8
202310,아시아,43.5,태국,1519.0,2180.0,3,승무원,8
202310,아시아,35.0,태국,34428.0,46482.0,3,전체,8
202310,아시아,43.9,베트남,12364.0,17795.0,3,남성,9
202310,아시아,49.3,베트남,15347.0,22914.0,3,여성,9
202310,아시아,23.7,베트남,4299.0,5317.0,3,승무원,9
202310,아시아,43.8,베트남,32010.0,46026.0,3,전체,9
202310,아시아,84.5,인도,4763.0,8786.0,3,남성,10
202310,아시아,133.6,인도,1413.0,3301.0,3,여성,10
202310,아시아,306.4,인도,1792.0,7283.0,3,승무원,10
202310,아시아,143.1,인도,7968.0,19370.0,3,전체,10
202310,아시아,161.1,말레이시아,4329.0,11304.0,3,남성,11
202310,아시아,184.0,말레이시아,7023.0,19943.0,3,여성,11
202310,아시아,108.0,말레이시아,997.0,2074.0,3,승무원,11
202310,아시아,169.8,말레이시아,12349.0,33321.0,3,전체,11
202310,아시아,35.9,싱가포르,9446.0,12841.0,3,남성,12
202310,아시아,41.1,싱가포르,14434.0,20369.0,3,여성,12
202310,아시아,70.3,싱가포르,881.0,1500.0,3,승무원,12
202310,아시아,40.2,싱가포르,24761.0,34710.0,3,전체,12
202310,아시아,30.8,몽골,3635.0,4753.0,3,남성,13
202310,아시아,28.7,몽골,4357.0,5607.0,3,여성,13
202310,아시아,-60.0,몽골,10.0,4.0,3,승무원,13
202310,아시아,29.5,몽골,8002.0,10364.0,3,전체,13
202310,아시아,25.3,우즈베키스탄,2462.0,3085.0,3,남성,14
202310,아시아,28.2,우즈베키스탄,1043.0,1337.0,3,여성,14
202310,아시아,0.8,우즈베키스탄,256.0,258.0,3,승무원,14
202310,아시아,24.4,우즈베키스탄,3761.0,4680.0,3,전체,14
202310,아시아,-39.4,미얀마,3250.0,1969.0,3,남성,15
202310,아시아,42.3,미얀마,359.0,511.0,3,여성,15
202310,아시아,-24.0,미얀마,3597.0,2735.0,3,승무원,15
202310,아시아,-27.6,미얀마,7206.0,5215.0,3,전체,15
202310,아시아,40.8,GCC,1155.0,1626.0,3,남성,16
202310,아시아,59.5,GCC,755.0,1204.0,3,여성,16
202310,아시아,58.8,GCC,148.0,235.0,3,승무원,16
202310,아시아,48.9,GCC,2058.0,3065.0,3,전체,16
202310,아시아,34.5,카자흐스탄,1277.0,1717.0,3,남성,17
202310,아시아,80.5,카자흐스탄,1383.0,2496.0,3,여성,17
202310,아시아,18.1,카자흐스탄,265.0,313.0,3,승무원,17
202310,아시아,54.7,카자흐스탄,2925.0,4526.0,3,전체,17
202310,아시아,70.6,튀르키예,785.0,1339.0,3,남성,18
202310,아시아,132.5,튀르키예,378.0,879.0,3,여성,18
202310,아시아,3.7,튀르키예,988.0,1025.0,3,승무원,18
202310,아시아,50.8,튀르키예,2151.0,3243.0,3,전체,18
202310,아시아,11.1,캄보디아,2611.0,2900.0,3,남성,19
202310,아시아,68.2,캄보디아,826.0,1389.0,3,여성,19
202310,아시아,50.0,캄보디아,10.0,15.0,3,승무원,19
202310,아시아,24.9,캄보디아,3447.0,4304.0,3,전체,19
202310,아시아,-16.5,스리랑카,1500.0,1252.0,3,남성,20
202310,아시아,65.8,스리랑카,117.0,194.0,3,여성,20
202310,아시아,106.5,스리랑카,293.0,605.0,3,승무원,20
202310,아시아,7.4,스리랑카,1910.0,2051.0,3,전체,20
202310,아시아,88.7,방글라데시,997.0,1881.0,3,남성,21
202310,아시아,123.0,방글라데시,126.0,281.0,3,여성,21
202310,아시아,-29.5,방글라데시,105.0,74.0,3,승무원,21
202310,아시아,82.1,방글라데시,1228.0,2236.0,3,전체,21
202310,아시아,39.9,파키스탄,760.0,1063.0,3,남성,22
202310,아시아,38.3,파키스탄,128.0,177.0,3,여성,22
202310,아시아,-85.4,파키스탄,701.0,102.0,3,승무원,22
202310,아시아,-15.5,파키스탄,1589.0,1342.0,3,전체,22
202310,아시아,-34.1,이스라엘,750.0,494.0,3,남성,23
202310,아시아,-32.9,이스라엘,657.0,441.0,3,여성,23
202310,아시아,150.0,이스라엘,2.0,5.0,3,승무원,23
202310,아시아,-33.3,이스라엘,1409.0,940.0,3,전체,23
202310,아시아,-9.3,이란,268.0,243.0,3,남성,24
202310,아시아,-15.5,이란,148.0,125.0,3,여성,24
202310,아시아,-16.7,이란,6.0,5.0,3,승무원,24
202310,아시아,-11.6,이란,422.0,373.0,3,전체,24
202310,아시아,-12.8,기타,4117.0,3591.0,3,남성,25
202310,아시아,75.2,기타,998.0,1748.0,3,여성,25
202310,아시아,277.3,기타,247.0,932.0,3,승무원,25
202310,아시아,17.0,기타,5362.0,6271.0,3,전체,25
202310,아메리카,64.4,연도대륙,40963.0,67331.0,2,남성,0
202310,아메리카,69.5,연도대륙,41532.0,70399.0,2,여성,0
202310,아메리카,16.5,연도대륙,9527.0,11098.0,2,승무원,0
202310,아메리카,61.7,연도대륙,92022.0,148828.0,2,전체,0
202310,아메리카,60.8,미국,32605.0,52437.0,3,남성,1
202310,아메리카,65.0,미국,33314.0,54979.0,3,여성,1
202310,아메리카,9.2,미국,7641.0,8347.0,3,승무원,1
202310,아메리카,57.4,미국,73560.0,115763.0,3,전체,1
202310,아메리카,74.6,캐나다,5984.0,10451.0,3,남성,2
202310,아메리카,87.9,캐나다,5904.0,11093.0,3,여성,2
202310,아메리카,-15.0,캐나다,1317.0,1120.0,3,승무원,2
202310,아메리카,71.6,캐나다,13205.0,22664.0,3,전체,2
202310,아메리카,97.9,브라질,585.0,1158.0,3,남성,3
202310,아메리카,81.1,브라질,655.0,1186.0,3,여성,3
202310,아메리카,137.6,브라질,186.0,442.0,3,승무원,3
202310,아메리카,95.4,브라질,1426.0,2786.0,3,전체,3
202310,아메리카,114.1,멕시코,552.0,1182.0,3,남성,4
202310,아메리카,123.2,멕시코,538.0,1201.0,3,여성,4
202310,아메리카,16.8,멕시코,208.0,243.0,3,승무원,4
202310,아메리카,102.3,멕시코,1298.0,2626.0,3,전체,4
202310,아메리카,70.0,기타,1237.0,2103.0,3,남성,5
202310,아메리카,73.1,기타,1121.0,1940.0,3,여성,5
202310,아메리카,440.6,기타,175.0,946.0,3,승무원,5
202310,아메리카,97.0,기타,2533.0,4989.0,3,전체,5
202310,유럽,62.3,연도대륙,28653.0,46504.0,2,남성,0
202310,유럽,90.4,연도대륙,20065.0,38194.0,2,여성,0
202310,유럽,67.5,연도대륙,8212.0,13751.0,2,승무원,0
202310,유럽,72.9,연도대륙,56930.0,98449.0,2,전체,0
202310,유럽,96.4,러시아,2619.0,5144.0,3,남성,1
202310,유럽,165.2,러시아,2223.0,5896.0,3,여성,1
202310,유럽,164.0,러시아,1711.0,4517.0,3,승무원,1
202310,유럽,137.4,러시아,6553.0,15557.0,3,전체,1
202310,유럽,91.7,영국,3836.0,7353.0,3,남성,2
202310,유럽,123.2,영국,2479.0,5534.0,3,여성,2
202310,유럽,55.0,영국,300.0,465.0,3,승무원,2
202310,유럽,101.8,영국,6615.0,13352.0,3,전체,2
202310,유럽,56.8,독일,4809.0,7541.0,3,남성,3
202310,유럽,81.3,독일,2994.0,5429.0,3,여성,3
202310,유럽,-16.2,독일,1405.0,1177.0,3,승무원,3
202310,유럽,53.6,독일,9208.0,14147.0,3,전체,3
202310,유럽,53.7,프랑스,4544.0,6982.0,3,남성,4
202310,유럽,65.6,프랑스,4062.0,6726.0,3,여성,4
202310,유럽,0.1,프랑스,933.0,934.0,3,승무원,4
202310,유럽,53.5,프랑스,9539.0,14642.0,3,전체,4
202310,유럽,53.0,이탈리아,1705.0,2609.0,3,남성,5
202310,유럽,59.3,이탈리아,980.0,1561.0,3,여성,5
202310,유럽,290.5,이탈리아,190.0,742.0,3,승무원,5
202310,유럽,70.9,이탈리아,2875.0,4912.0,3,전체,5
202310,유럽,52.9,네덜란드,1469.0,2246.0,3,남성,6
202310,유럽,78.3,네덜란드,871.0,1553.0,3,여성,6
202310,유럽,14.0,네덜란드,903.0,1029.0,3,승무원,6
202310,유럽,48.9,네덜란드,3243.0,4828.0,3,전체,6
202310,유럽,-26.7,우크라이나,544.0,399.0,3,남성,7
202310,유럽,22.5,우크라이나,222.0,272.0,3,여성,7
202310,유럽,107.8,우크라이나,565.0,1174.0,3,승무원,7
202310,유럽,38.6,우크라이나,1331.0,1845.0,3,전체,7
202310,유럽,51.7,스페인,1231.0,1868.0,3,남성,8
202310,유럽,79.7,스페인,938.0,1686.0,3,여성,8
202310,유럽,68.7,스페인,99.0,167.0,3,승무원,8
202310,유럽,64.1,스페인,2268.0,3721.0,3,전체,8
202310,유럽,45.7,루마니아,414.0,603.0,3,남성,9
202310,유럽,110.9,루마니아,294.0,620.0,3,여성,9
202310,유럽,164.4,루마니아,177.0,468.0,3,승무원,9
202310,유럽,91.1,루마니아,885.0,1691.0,3,전체,9
202310,유럽,49.7,노르웨이,435.0,651.0,3,남성,10
202310,유럽,56.1,노르웨이,246.0,384.0,3,여성,10
202310,유럽,-8.3,노르웨이,12.0,11.0,3,승무원,10
202310,유럽,50.9,노르웨이,693.0,1046.0,3,전체,10
202310,유럽,59.4,스웨덴,736.0,1173.0,3,남성,11
202310,유럽,71.8,스웨덴,478.0,821.0,3,여성,11
202310,유럽,67.9,스웨덴,28.0,47.0,3,승무원,11
202310,유럽,64.3,스웨덴,1242.0,2041.0,3,전체,11
202310,유럽,65.5,폴란드,768.0,1271.0,3,남성,12
202310,유럽,112.1,폴란드,538.0,1141.0,3,여성,12
202310,유럽,95.2,폴란드,399.0,779.0,3,승무원,12
202310,유럽,87.2,폴란드,1705.0,3191.0,3,전체,12
202310,유럽,59.5,스위스,791.0,1262.0,3,남성,13
202310,유럽,59.4,스위스,623.0,993.0,3,여성,13
202310,유럽,-6.8,스위스,44.0,41.0,3,승무원,13
202310,유럽,57.5,스위스,1458.0,2296.0,3,전체,13
202310,유럽,79.6,포르투갈,279.0,501.0,3,남성,14
202310,유럽,111.3,포르투갈,230.0,486.0,3,여성,14
202310,유럽,50.8,포르투갈,59.0,89.0,3,승무원,14
202310,유럽,89.4,포르투갈,568.0,1076.0,3,전체,14
202310,유럽,54.4,오스트리아,504.0,778.0,3,남성,15
202310,유럽,54.9,오스트리아,324.0,502.0,3,여성,15
202310,유럽,-26.1,오스트리아,119.0,88.0,3,승무원,15
202310,유럽,44.5,오스트리아,947.0,1368.0,3,전체,15
202310,유럽,40.7,핀란드,378.0,532.0,3,남성,16
202310,유럽,26.8,핀란드,325.0,412.0,3,여성,16
202310,유럽,90.0,핀란드,150.0,285.0,3,승무원,16
202310,유럽,44.1,핀란드,853.0,1229.0,3,전체,16
202310,유럽,66.0,벨기에,585.0,971.0,3,남성,17
202310,유럽,79.9,벨기에,413.0,743.0,3,여성,17
202310,유럽,-8.1,벨기에,136.0,125.0,3,승무원,17
202310,유럽,62.2,벨기에,1134.0,1839.0,3,전체,17
202310,유럽,-14.3,크로아티아,196.0,168.0,3,남성,18
202310,유럽,63.6,크로아티아,55.0,90.0,3,여성,18
202310,유럽,209.2,크로아티아,87.0,269.0,3,승무원,18
202310,유럽,55.9,크로아티아,338.0,527.0,3,전체,18
202310,유럽,27.4,그리스,350.0,446.0,3,남성,19
202310,유럽,142.0,그리스,88.0,213.0,3,여성,19
202310,유럽,115.8,그리스,146.0,315.0,3,승무원,19
202310,유럽,66.8,그리스,584.0,974.0,3,전체,19
202310,유럽,111.9,불가리아,109.0,231.0,3,남성,20
202310,유럽,149.4,불가리아,87.0,217.0,3,여성,20
202310,유럽,-13.5,불가리아,133.0,115.0,3,승무원,20
202310,유럽,71.1,불가리아,329.0,563.0,3,전체,20
202310,유럽,72.8,덴마크,606.0,1047.0,3,남성,21
202310,유럽,80.3,덴마크,412.0,743.0,3,여성,21
202310,유럽,123.1,덴마크,26.0,58.0,3,승무원,21
202310,유럽,77.0,덴마크,1044.0,1848.0,3,전체,21
202310,유럽,69.8,아일랜드,334.0,567.0,3,남성,22
202310,유럽,127.1,아일랜드,170.0,386.0,3,여성,22
202310,유럽,58.1,아일랜드,31.0,49.0,3,승무원,22
202310,유럽,87.3,아일랜드,535.0,1002.0,3,전체,22
202310,유럽,53.2,기타,1411.0,2161.0,3,남성,23
202310,유럽,76.3,기타,1013.0,1786.0,3,여성,23
202310,유럽,44.4,기타,559.0,807.0,3,승무원,23
202310,유럽,59.4,기타,2983.0,4754.0,3,전체,23
202310,오세아니아,96.6,연도대륙,5789.0,11383.0,2,남성,0
202310,오세아니아,133.6,연도대륙,5157.0,12046.0,2,여성,0
202310,오세아니아,33.1,연도대륙,792.0,1054.0,2,승무원,0
202310,오세아니아,108.6,연도대륙,11738.0,24483.0,2,전체,0
202310,오세아니아,106.0,호주,4516.0,9301.0,3,남성,1
202310,오세아니아,140.4,호주,4157.0,9995.0,3,여성,1
202310,오세아니아,76.5,호주,413.0,729.0,3,승무원,1
202310,오세아니아,120.4,호주,9086.0,20025.0,3,전체,1
202310,오세아니아,62.9,뉴질랜드,1200.0,1955.0,3,남성,2
202310,오세아니아,102.3,뉴질랜드,962.0,1946.0,3,여성,2
202310,오세아니아,-29.6,뉴질랜드,355.0,250.0,3,승무원,2
202310,오세아니아,64.9,뉴질랜드,2517.0,4151.0,3,전체,2
202310,오세아니아,74.0,기타,73.0,127.0,3,남성,3
202310,오세아니아,176.3,기타,38.0,105.0,3,여성,3
202310,오세아니아,212.5,기타,24.0,75.0,3,승무원,3
202310,오세아니아,127.4,기타,135.0,307.0,3,전체,3
202310,아프리카,2.4,연도대륙,2304.0,2359.0,2,남성,0
202310,아프리카,17.8,연도대륙,1101.0,1297.0,2,여성,0
202310,아프리카,195.2,연도대륙,939.0,2772.0,2,승무원,0
202310,아프리카,48.0,연도대륙,4344.0,6428.0,2,전체,0
202310,아프리카,3.4,남아프리카공화국,353.0,365.0,3,남성,1
202310,아프리카,27.4,남아프리카공화국,328.0,418.0,3,여성,1
202310,아프리카,661.2,남아프리카공화국,67.0,510.0,3,승무원,1
202310,아프리카,72.9,남아프리카공화국,748.0,1293.0,3,전체,1
202310,아프리카,2.2,기타,1951.0,1994.0,3,남성,2
202310,아프리카,13.7,기타,773.0,879.0,3,여성,2
202310,아프리카,159.4,기타,872.0,2262.0,3,승무원,2
202310,아프리카,42.8,기타,3596.0,5135.0,3,전체,2
202310,기타,15.4,연도대륙,13.0,15.0,2,남성,0
202310,기타,150.0,연도대륙,2.0,5.0,2,여성,0
202310,기타,233.3,연도대륙,3.0,10.0,2,승무원,0
202310,기타,66.7,연도대륙,18.0,30.0,2,전체,0
202310,기타,15.4,기타,13.0,15.0,3,남성,1
202310,기타,150.0,기타,2.0,5.0,3,여성,1
202310,기타,233.3,기타,3.0,10.0,3,승무원,1
202310,기타,66.7,기타,18.0,30.0,3,전체,1
202310,교포,11.3,연도대륙,1551.0,1726.0,2,남성,0
202310,교포,15.6,연도대륙,2044.0,2362.0,2,여성,0
202310,교포,0.0,연도대륙,0.0,0.0,2,승무원,0
202310,교포,13.7,연도대륙,3595.0,4088.0,2,전체,0
202310,교포,11.3,교포,1551.0,1726.0,3,남성,1
202310,교포,15.6,교포,2044.0,2362.0,3,여성,1
202310,교포,0.0,교포,0.0,0.0,3,승무원,1
202310,교포,13.7,교포,3595.0,4088.0,3,전체,1
202311,대륙전체,99.0,연도,206321.0,410541.0,1,남성,0
202311,대륙전체,207.2,연도,203613.0,625496.0,1,여성,0
202311,대륙전체,58.0,연도,49972.0,78953.0,1,승무원,0
202311,대륙전체,142.4,연도,459906.0,1114990.0,1,전체,0
202311,아시아,125.9,연도대륙,134402.0,303666.0,2,남성,0
202311,아시아,258.6,연도대륙,148279.0,531787.0,2,여성,0
202311,아시아,74.7,연도대륙,30449.0,53203.0,2,승무원,0
202311,아시아,183.8,연도대륙,313130.0,888656.0,2,전체,0
202311,아시아,658.1,중국,10841.0,82187.0,3,남성,1
202311,아시아,1216.0,중국,9911.0,130432.0,3,여성,1
202311,아시아,158.6,중국,3422.0,8850.0,3,승무원,1
202311,아시아,816.1,중국,24174.0,221469.0,3,전체,1
202311,아시아,216.0,일본,26959.0,85185.0,3,남성,2
202311,아시아,441.9,일본,35293.0,191249.0,3,여성,2
202311,아시아,1010.6,일본,170.0,1888.0,3,승무원,2
202311,아시아,345.9,일본,62422.0,278322.0,3,전체,2
202311,아시아,346.9,대만,6045.0,27014.0,3,남성,3
202311,아시아,403.5,대만,11673.0,58772.0,3,여성,3
202311,아시아,81.1,대만,196.0,355.0,3,승무원,3
202311,아시아,380.9,대만,17914.0,86141.0,3,전체,3
202311,아시아,155.9,홍콩,4368.0,11177.0,3,남성,4
202311,아시아,159.4,홍콩,10276.0,26654.0,3,여성,4
202311,아시아,187.0,홍콩,77.0,221.0,3,승무원,4
202311,아시아,158.5,홍콩,14721.0,38052.0,3,전체,4
202311,아시아,2094.6,마카오,37.0,812.0,3,남성,5
202311,아시아,3445.0,마카오,60.0,2127.0,3,여성,5
202311,아시아,0.0,마카오,0.0,0.0,3,승무원,5
202311,아시아,2929.9,마카오,97.0,2939.0,3,전체,5
202311,아시아,8.3,필리핀,9596.0,10396.0,3,남성,6
202311,아시아,97.8,필리핀,7051.0,13948.0,3,여성,6
202311,아시아,103.3,필리핀,7316.0,14875.0,3,승무원,6
202311,아시아,63.7,필리핀,23963.0,39219.0,3,전체,6
202311,아시아,23.6,인도네시아,6548.0,8093.0,3,남성,7
202311,아시아,104.6,인도네시아,5308.0,10861.0,3,여성,7
202311,아시아,173.8,인도네시아,2443.0,6689.0,3,승무원,7
202311,아시아,79.3,인도네시아,14299.0,25643.0,3,전체,7
202311,아시아,-6.5,태국,9532.0,8913.0,3,남성,8
202311,아시아,6.8,태국,17874.0,19098.0,3,여성,8
202311,아시아,12.7,태국,1910.0,2153.0,3,승무원,8
202311,아시아,2.9,태국,29316.0,30164.0,3,전체,8
202311,아시아,31.4,베트남,10379.0,13634.0,3,남성,9
202311,아시아,56.0,베트남,11935.0,18616.0,3,여성,9
202311,아시아,-4.2,베트남,4999.0,4789.0,3,승무원,9
202311,아시아,35.6,베트남,27313.0,37039.0,3,전체,9
202311,아시아,0.1,인도,5067.0,5072.0,3,남성,10
202311,아시아,76.2,인도,963.0,1697.0,3,여성,10
202311,아시아,111.8,인도,2223.0,4708.0,3,승무원,10
202311,아시아,39.1,인도,8253.0,11477.0,3,전체,10
202311,아시아,121.5,말레이시아,4909.0,10873.0,3,남성,11
202311,아시아,151.9,말레이시아,7080.0,17833.0,3,여성,11
202311,아시아,65.4,말레이시아,1124.0,1859.0,3,승무원,11
202311,아시아,133.1,말레이시아,13113.0,30565.0,3,전체,11
202311,아시아,33.0,싱가포르,13454.0,17899.0,3,남성,12
202311,아시아,36.5,싱가포르,18423.0,25153.0,3,여성,12
202311,아시아,5.2,싱가포르,1335.0,1404.0,3,승무원,12
202311,아시아,33.9,싱가포르,33212.0,44456.0,3,전체,12
202311,아시아,8.5,몽골,4532.0,4917.0,3,남성,13
202311,아시아,11.3,몽골,5453.0,6067.0,3,여성,13
202311,아시아,-100.0,몽골,1.0,0.0,3,승무원,13
202311,아시아,10.0,몽골,9986.0,10984.0,3,전체,13
202311,아시아,24.1,우즈베키스탄,2269.0,2816.0,3,남성,14
202311,아시아,10.4,우즈베키스탄,941.0,1039.0,3,여성,14
202311,아시아,-17.2,우즈베키스탄,331.0,274.0,3,승무원,14
202311,아시아,16.6,우즈베키스탄,3541.0,4129.0,3,전체,14
202311,아시아,-32.9,미얀마,2665.0,1789.0,3,남성,15
202311,아시아,145.8,미얀마,284.0,698.0,3,여성,15
202311,아시아,-8.5,미얀마,2523.0,2308.0,3,승무원,15
202311,아시아,-12.4,미얀마,5472.0,4795.0,3,전체,15
202311,아시아,-15.5,GCC,1905.0,1610.0,3,남성,16
202311,아시아,41.2,GCC,934.0,1319.0,3,여성,16
202311,아시아,-41.5,GCC,325.0,190.0,3,승무원,16
202311,아시아,-1.4,GCC,3164.0,3119.0,3,전체,16
202311,아시아,-14.4,카자흐스탄,1687.0,1444.0,3,남성,17
202311,아시아,21.8,카자흐스탄,1610.0,1961.0,3,여성,17
202311,아시아,15.1,카자흐스탄,245.0,282.0,3,승무원,17
202311,아시아,4.1,카자흐스탄,3542.0,3687.0,3,전체,17
202311,아시아,29.7,튀르키예,862.0,1118.0,3,남성,18
202311,아시아,93.1,튀르키예,408.0,788.0,3,여성,18
202311,아시아,10.8,튀르키예,868.0,962.0,3,승무원,18
202311,아시아,34.1,튀르키예,2138.0,2868.0,3,전체,18
202311,아시아,-28.5,캄보디아,2489.0,1779.0,3,남성,19
202311,아시아,19.2,캄보디아,989.0,1179.0,3,여성,19
202311,아시아,176.2,캄보디아,21.0,58.0,3,승무원,19
202311,아시아,-13.8,캄보디아,3499.0,3016.0,3,전체,19
202311,아시아,-64.4,스리랑카,1909.0,680.0,3,남성,20
202311,아시아,18.5,스리랑카,119.0,141.0,3,여성,20
202311,아시아,35.0,스리랑카,329.0,444.0,3,승무원,20
202311,아시아,-46.3,스리랑카,2357.0,1265.0,3,전체,20
202311,아시아,-36.7,방글라데시,1634.0,1035.0,3,남성,21
202311,아시아,164.0,방글라데시,89.0,235.0,3,여성,21
202311,아시아,-5.0,방글라데시,139.0,132.0,3,승무원,21
202311,아시아,-24.7,방글라데시,1862.0,1402.0,3,전체,21
202311,아시아,-8.8,파키스탄,791.0,721.0,3,남성,22
202311,아시아,69.0,파키스탄,84.0,142.0,3,여성,22
202311,아시아,11.7,파키스탄,60.0,67.0,3,승무원,22
202311,아시아,-0.5,파키스탄,935.0,930.0,3,전체,22
202311,아시아,-56.6,이스라엘,590.0,256.0,3,남성,23
202311,아시아,-47.1,이스라엘,261.0,138.0,3,여성,23
202311,아시아,0.0,이스라엘,0.0,0.0,3,승무원,23
202311,아시아,-53.7,이스라엘,851.0,394.0,3,전체,23
202311,아시아,-25.0,이란,200.0,150.0,3,남성,24
202311,아시아,-2.0,이란,98.0,96.0,3,여성,24
202311,아시아,-90.9,이란,22.0,2.0,3,승무원,24
202311,아시아,-22.5,이란,320.0,248.0,3,전체,24
202311,아시아,-20.2,기타,5134.0,4096.0,3,남성,25
202311,아시아,32.9,기타,1162.0,1544.0,3,여성,25
202311,아시아,87.3,기타,370.0,693.0,3,승무원,25
202311,아시아,-5.0,기타,6666.0,6333.0,3,전체,25
202311,아메리카,52.4,연도대륙,36864.0,56184.0,2,남성,0
202311,아메리카,61.7,연도대륙,33369.0,53974.0,2,여성,0
202311,아메리카,2.7,연도대륙,9886.0,10156.0,2,승무원,0
202311,아메리카,50.2,연도대륙,80119.0,120314.0,2,전체,0
202311,아메리카,46.2,미국,29987.0,43851.0,3,남성,1
202311,아메리카,54.8,미국,26931.0,41678.0,3,여성,1
202311,아메리카,0.3,미국,7943.0,7969.0,3,승무원,1
202311,아메리카,44.2,미국,64861.0,93498.0,3,전체,1
202311,아메리카,82.8,캐나다,4967.0,9078.0,3,남성,2
202311,아메리카,91.3,캐나다,4812.0,9205.0,3,여성,2
202311,아메리카,-19.9,캐나다,1380.0,1105.0,3,승무원,2
202311,아메리카,73.7,캐나다,11159.0,19388.0,3,전체,2
202311,아메리카,82.7,브라질,520.0,950.0,3,남성,3
202311,아메리카,119.4,브라질,412.0,904.0,3,여성,3
202311,아메리카,47.6,브라질,206.0,304.0,3,승무원,3
202311,아메리카,89.6,브라질,1138.0,2158.0,3,전체,3
202311,아메리카,77.1,멕시코,480.0,850.0,3,남성,4
202311,아메리카,115.2,멕시코,421.0,906.0,3,여성,4
202311,아메리카,12.7,멕시코,204.0,230.0,3,승무원,4
202311,아메리카,79.7,멕시코,1105.0,1986.0,3,전체,4
202311,아메리카,59.9,기타,910.0,1455.0,3,남성,5
202311,아메리카,61.5,기타,793.0,1281.0,3,여성,5
202311,아메리카,258.2,기타,153.0,548.0,3,승무원,5
202311,아메리카,76.9,기타,1856.0,3284.0,3,전체,5
202311,유럽,43.6,연도대륙,25842.0,37106.0,2,남성,0
202311,유럽,87.0,연도대륙,13771.0,25746.0,2,여성,0
202311,유럽,50.8,연도대륙,8208.0,12379.0,2,승무원,0
202311,유럽,57.3,연도대륙,47821.0,75231.0,2,전체,0
202311,유럽,29.1,러시아,3240.0,4183.0,3,남성,1
202311,유럽,56.8,러시아,2613.0,4096.0,3,여성,1
202311,유럽,169.1,러시아,1694.0,4558.0,3,승무원,1
202311,유럽,70.1,러시아,7547.0,12837.0,3,전체,1
202311,유럽,62.6,영국,3534.0,5745.0,3,남성,2
202311,유럽,128.8,영국,1685.0,3856.0,3,여성,2
202311,유럽,67.7,영국,232.0,389.0,3,승무원,2
202311,유럽,83.3,영국,5451.0,9990.0,3,전체,2
202311,유럽,40.9,독일,4171.0,5876.0,3,남성,3
202311,유럽,77.2,독일,1656.0,2935.0,3,여성,3
202311,유럽,-28.6,독일,1346.0,961.0,3,승무원,3
202311,유럽,36.2,독일,7173.0,9772.0,3,전체,3
202311,유럽,53.3,프랑스,3657.0,5606.0,3,남성,4
202311,유럽,89.4,프랑스,2379.0,4507.0,3,여성,4
202311,유럽,3.5,프랑스,1100.0,1138.0,3,승무원,4
202311,유럽,57.7,프랑스,7136.0,11251.0,3,전체,4
202311,유럽,37.6,이탈리아,1746.0,2402.0,3,남성,5
202311,유럽,104.1,이탈리아,689.0,1406.0,3,여성,5
202311,유럽,107.5,이탈리아,213.0,442.0,3,승무원,5
202311,유럽,60.5,이탈리아,2648.0,4250.0,3,전체,5
202311,유럽,42.0,네덜란드,1245.0,1768.0,3,남성,6
202311,유럽,91.3,네덜란드,551.0,1054.0,3,여성,6
202311,유럽,-8.3,네덜란드,926.0,849.0,3,승무원,6
202311,유럽,34.9,네덜란드,2722.0,3671.0,3,전체,6
202311,유럽,-20.0,우크라이나,480.0,384.0,3,남성,7
202311,유럽,36.7,우크라이나,169.0,231.0,3,여성,7
202311,유럽,103.4,우크라이나,494.0,1005.0,3,승무원,7
202311,유럽,41.7,우크라이나,1143.0,1620.0,3,전체,7
202311,유럽,65.0,스페인,1076.0,1775.0,3,남성,8
202311,유럽,94.0,스페인,714.0,1385.0,3,여성,8
202311,유럽,-25.6,스페인,160.0,119.0,3,승무원,8
202311,유럽,68.2,스페인,1950.0,3279.0,3,전체,8
202311,유럽,59.3,루마니아,248.0,395.0,3,남성,9
202311,유럽,155.4,루마니아,148.0,378.0,3,여성,9
202311,유럽,120.3,루마니아,153.0,337.0,3,승무원,9
202311,유럽,102.2,루마니아,549.0,1110.0,3,전체,9
202311,유럽,47.5,노르웨이,343.0,506.0,3,남성,10
202311,유럽,28.3,노르웨이,180.0,231.0,3,여성,10
202311,유럽,17.6,노르웨이,17.0,20.0,3,승무원,10
202311,유럽,40.2,노르웨이,540.0,757.0,3,전체,10
202311,유럽,33.5,스웨덴,624.0,833.0,3,남성,11
202311,유럽,58.9,스웨덴,355.0,564.0,3,여성,11
202311,유럽,-11.1,스웨덴,27.0,24.0,3,승무원,11
202311,유럽,41.3,스웨덴,1006.0,1421.0,3,전체,11
202311,유럽,71.2,폴란드,705.0,1207.0,3,남성,12
202311,유럽,166.8,폴란드,385.0,1027.0,3,여성,12
202311,유럽,64.8,폴란드,400.0,659.0,3,승무원,12
202311,유럽,94.2,폴란드,1490.0,2893.0,3,전체,12
202311,유럽,27.1,스위스,575.0,731.0,3,남성,13
202311,유럽,72.3,스위스,242.0,417.0,3,여성,13
202311,유럽,39.3,스위스,28.0,39.0,3,승무원,13
202311,유럽,40.5,스위스,845.0,1187.0,3,전체,13
202311,유럽,58.6,포르투갈,251.0,398.0,3,남성,14
202311,유럽,118.5,포르투갈,168.0,367.0,3,여성,14
202311,유럽,1.3,포르투갈,77.0,78.0,3,승무원,14
202311,유럽,70.0,포르투갈,496.0,843.0,3,전체,14
202311,유럽,43.2,오스트리아,465.0,666.0,3,남성,15
202311,유럽,72.8,오스트리아,162.0,280.0,3,여성,15
202311,유럽,-31.9,오스트리아,113.0,77.0,3,승무원,15
202311,유럽,38.2,오스트리아,740.0,1023.0,3,전체,15
202311,유럽,77.0,핀란드,269.0,476.0,3,남성,16
202311,유럽,92.3,핀란드,168.0,323.0,3,여성,16
202311,유럽,23.3,핀란드,245.0,302.0,3,승무원,16
202311,유럽,61.4,핀란드,682.0,1101.0,3,전체,16
202311,유럽,29.2,벨기에,562.0,726.0,3,남성,17
202311,유럽,62.1,벨기에,285.0,462.0,3,여성,17
202311,유럽,-15.7,벨기에,127.0,107.0,3,승무원,17
202311,유럽,33.0,벨기에,974.0,1295.0,3,전체,17
202311,유럽,3.5,크로아티아,142.0,147.0,3,남성,18
202311,유럽,34.1,크로아티아,44.0,59.0,3,여성,18
202311,유럽,204.5,크로아티아,66.0,201.0,3,승무원,18
202311,유럽,61.5,크로아티아,252.0,407.0,3,전체,18
202311,유럽,3.7,그리스,354.0,367.0,3,남성,19
202311,유럽,72.5,그리스,80.0,138.0,3,여성,19
202311,유럽,110.9,그리스,128.0,270.0,3,승무원,19
202311,유럽,37.9,그리스,562.0,775.0,3,전체,19
202311,유럽,85.1,불가리아,94.0,174.0,3,남성,20
202311,유럽,186.8,불가리아,38.0,109.0,3,여성,20
202311,유럽,1.2,불가리아,86.0,87.0,3,승무원,20
202311,유럽,69.7,불가리아,218.0,370.0,3,전체,20
202311,유럽,36.1,덴마크,502.0,683.0,3,남성,21
202311,유럽,61.3,덴마크,238.0,384.0,3,여성,21
202311,유럽,133.3,덴마크,30.0,70.0,3,승무원,21
202311,유럽,47.7,덴마크,770.0,1137.0,3,전체,21
202311,유럽,45.0,아일랜드,298.0,432.0,3,남성,22
202311,유럽,63.6,아일랜드,151.0,247.0,3,여성,22
202311,유럽,8.8,아일랜드,34.0,37.0,3,승무원,22
202311,유럽,48.2,아일랜드,483.0,716.0,3,전체,22
202311,유럽,28.9,기타,1261.0,1626.0,3,남성,23
202311,유럽,92.3,기타,671.0,1290.0,3,여성,23
202311,유럽,19.1,기타,512.0,610.0,3,승무원,23
202311,유럽,44.3,기타,2444.0,3526.0,3,전체,23
202311,오세아니아,75.2,연도대륙,5968.0,10458.0,2,남성,0
202311,오세아니아,96.7,연도대륙,5550.0,10916.0,2,여성,0
202311,오세아니아,100.2,연도대륙,501.0,1003.0,2,승무원,0
202311,오세아니아,86.2,연도대륙,12019.0,22377.0,2,전체,0
202311,오세아니아,77.6,호주,4891.0,8687.0,3,남성,1
202311,오세아니아,100.2,호주,4599.0,9209.0,3,여성,1
202311,오세아니아,155.6,호주,279.0,713.0,3,승무원,1
202311,오세아니아,90.5,호주,9769.0,18609.0,3,전체,1
202311,오세아니아,68.5,뉴질랜드,998.0,1682.0,3,남성,2
202311,오세아니아,84.7,뉴질랜드,895.0,1653.0,3,여성,2
202311,오세아니아,17.4,뉴질랜드,218.0,256.0,3,승무원,2
202311,오세아니아,70.1,뉴질랜드,2111.0,3591.0,3,전체,2
202311,오세아니아,12.7,기타,79.0,89.0,3,남성,3
202311,오세아니아,-3.6,기타,56.0,54.0,3,여성,3
202311,오세아니아,750.0,기타,4.0,34.0,3,승무원,3
202311,오세아니아,27.3,기타,139.0,177.0,3,전체,3
202311,아프리카,-5.5,연도대륙,1733.0,1637.0,2,남성,0
202311,아프리카,34.5,연도대륙,687.0,924.0,2,여성,0
202311,아프리카,138.3,연도대륙,927.0,2209.0,2,승무원,0
202311,아프리카,42.5,연도대륙,3347.0,4770.0,2,전체,0
202311,아프리카,30.0,남아프리카공화국,203.0,264.0,3,남성,1
202311,아프리카,37.0,남아프리카공화국,200.0,274.0,3,여성,1
202311,아프리카,388.4,남아프리카공화국,69.0,337.0,3,승무원,1
202311,아프리카,85.4,남아프리카공화국,472.0,875.0,3,전체,1
202311,아프리카,-10.3,기타,1530.0,1373.0,3,남성,2
202311,아프리카,33.5,기타,487.0,650.0,3,여성,2
202311,아프리카,118.2,기타,858.0,1872.0,3,승무원,2
202311,아프리카,35.5,기타,2875.0,3895.0,3,전체,2
202311,기타,30.0,연도대륙,10.0,13.0,2,남성,0
202311,기타,133.3,연도대륙,3.0,7.0,2,여성,0
202311,기타,200.0,연도대륙,1.0,3.0,2,승무원,0
202311,기타,64.3,연도대륙,14.0,23.0,2,전체,0
202311,기타,30.0,기타,10.0,13.0,3,남성,1
202311,기타,133.3,기타,3.0,7.0,3,여성,1
202311,기타,200.0,기타,1.0,3.0,3,승무원,1
202311,기타,64.3,기타,14.0,23.0,3,전체,1
202311,교포,-1.7,연도대륙,1502.0,1477.0,2,남성,0
202311,교포,9.6,연도대륙,1954.0,2142.0,2,여성,0
202311,교포,0.0,연도대륙,0.0,0.0,2,승무원,0
202311,교포,4.7,연도대륙,3456.0,3619.0,2,전체,0
202311,교포,-1.7,교포,1502.0,1477.0,3,남성,1
202311,교포,9.6,교포,1954.0,2142.0,3,여성,1
202311,교포,0.0,교포,0.0,0.0,3,승무원,1
202311,교포,4.7,교포,3456.0,3619.0,3,전체,1
202312,대륙전체,69.7,연도,232896.0,395338.0,1,남성,0
202312,대륙전체,115.3,연도,267424.0,575882.0,1,여성,0
202312,대륙전체,67.9,연도,38953.0,65405.0,1,승무원,0
202312,대륙전체,92.2,연도,539273.0,1036625.0,1,전체,0
202312,아시아,90.1,연도대륙,162398.0,308661.0,2,남성,0
202312,아시아,139.9,연도대륙,207836.0,498683.0,2,여성,0
202312,아시아,110.4,연도대륙,20734.0,43628.0,2,승무원,0
202312,아시아,117.7,연도대륙,390968.0,850972.0,2,전체,0
202312,아시아,646.2,중국,11878.0,88638.0,3,남성,1
202312,아시아,1033.1,중국,13898.0,157483.0,3,여성,1
202312,아시아,374.8,중국,1591.0,7554.0,3,승무원,1
202312,아시아,826.9,중국,27367.0,253675.0,3,전체,1
202312,아시아,97.7,일본,32298.0,63860.0,3,남성,2
202312,아시아,153.5,일본,51671.0,131001.0,3,여성,2
202312,아시아,389.3,일본,206.0,1008.0,3,승무원,2
202312,아시아,132.7,일본,84175.0,195869.0,3,전체,2
202312,아시아,175.5,대만,9594.0,26430.0,3,남성,3
202312,아시아,179.0,대만,19319.0,53894.0,3,여성,3
202312,아시아,102.0,대만,153.0,309.0,3,승무원,3
202312,아시아,177.4,대만,29066.0,80633.0,3,전체,3
202312,아시아,65.6,홍콩,9030.0,14957.0,3,남성,4
202312,아시아,54.6,홍콩,17873.0,27623.0,3,여성,4
202312,아시아,-18.9,홍콩,243.0,197.0,3,승무원,4
202312,아시아,57.6,홍콩,27146.0,42777.0,3,전체,4
202312,아시아,3204.2,마카오,48.0,1586.0,3,남성,5
202312,아시아,3372.5,마카오,91.0,3160.0,3,여성,5
202312,아시아,-100.0,마카오,2.0,0.0,3,승무원,5
202312,아시아,3266.0,마카오,141.0,4746.0,3,전체,5
202312,아시아,7.7,필리핀,11340.0,12208.0,3,남성,6
202312,아시아,54.1,필리핀,9296.0,14324.0,3,여성,6
202312,아시아,152.9,필리핀,3445.0,8714.0,3,승무원,6
202312,아시아,46.4,필리핀,24081.0,35246.0,3,전체,6
202312,아시아,29.8,인도네시아,8543.0,11085.0,3,남성,7
202312,아시아,40.0,인도네시아,7939.0,11116.0,3,여성,7
202312,아시아,295.1,인도네시아,1394.0,5507.0,3,승무원,7
202312,아시아,55.0,인도네시아,17876.0,27708.0,3,전체,7
202312,아시아,-20.8,태국,13959.0,11054.0,3,남성,8
202312,아시아,-20.2,태국,25123.0,20055.0,3,여성,8
202312,아시아,20.4,태국,1944.0,2340.0,3,승무원,8
202312,아시아,-18.5,태국,41026.0,33449.0,3,전체,8
202312,아시아,24.8,베트남,9694.0,12101.0,3,남성,9
202312,아시아,57.4,베트남,9380.0,14767.0,3,여성,9
202312,아시아,6.3,베트남,4573.0,4860.0,3,승무원,9
202312,아시아,34.2,베트남,23647.0,31728.0,3,전체,9
202312,아시아,11.4,인도,3606.0,4016.0,3,남성,10
202312,아시아,60.2,인도,807.0,1293.0,3,여성,10
202312,아시아,223.2,인도,1206.0,3898.0,3,승무원,10
202312,아시아,63.9,인도,5619.0,9207.0,3,전체,10
202312,아시아,61.9,말레이시아,8143.0,13186.0,3,남성,11
202312,아시아,58.6,말레이시아,11319.0,17956.0,3,여성,11
202312,아시아,57.0,말레이시아,1251.0,1964.0,3,승무원,11
202312,아시아,59.8,말레이시아,20713.0,33106.0,3,전체,11
202312,아시아,13.6,싱가포르,21711.0,24662.0,3,남성,12
202312,아시아,9.3,싱가포르,27681.0,30259.0,3,여성,12
202312,아시아,11.9,싱가포르,1319.0,1476.0,3,승무원,12
202312,아시아,11.2,싱가포르,50711.0,56397.0,3,전체,12
202312,아시아,-7.4,몽골,5222.0,4838.0,3,남성,13
202312,아시아,-7.8,몽골,6751.0,6222.0,3,여성,13
202312,아시아,300.0,몽골,4.0,16.0,3,승무원,13
202312,아시아,-7.5,몽골,11977.0,11076.0,3,전체,13
202312,아시아,41.8,우즈베키스탄,1728.0,2450.0,3,남성,14
202312,아시아,31.0,우즈베키스탄,741.0,971.0,3,여성,14
202312,아시아,-11.3,우즈베키스탄,300.0,266.0,3,승무원,14
202312,아시아,33.2,우즈베키스탄,2769.0,3687.0,3,전체,14
202312,아시아,-2.1,미얀마,2713.0,2655.0,3,남성,15
202312,아시아,29.0,미얀마,500.0,645.0,3,여성,15
202312,아시아,170.2,미얀마,931.0,2516.0,3,승무원,15
202312,아시아,40.3,미얀마,4144.0,5816.0,3,전체,15
202312,아시아,35.7,GCC,831.0,1128.0,3,남성,16
202312,아시아,38.1,GCC,712.0,983.0,3,여성,16
202312,아시아,22.0,GCC,159.0,194.0,3,승무원,16
202312,아시아,35.4,GCC,1702.0,2305.0,3,전체,16
202312,아시아,-19.0,카자흐스탄,1480.0,1199.0,3,남성,17
202312,아시아,27.6,카자흐스탄,1384.0,1766.0,3,여성,17
202312,아시아,7.1,카자흐스탄,269.0,288.0,3,승무원,17
202312,아시아,3.8,카자흐스탄,3133.0,3253.0,3,전체,17
202312,아시아,25.0,튀르키예,653.0,816.0,3,남성,18
202312,아시아,79.9,튀르키예,273.0,491.0,3,여성,18
202312,아시아,4.6,튀르키예,961.0,1005.0,3,승무원,18
202312,아시아,22.5,튀르키예,1887.0,2312.0,3,전체,18
202312,아시아,-1.7,캄보디아,2412.0,2371.0,3,남성,19
202312,아시아,17.0,캄보디아,1357.0,1588.0,3,여성,19
202312,아시아,-22.0,캄보디아,123.0,96.0,3,승무원,19
202312,아시아,4.2,캄보디아,3892.0,4055.0,3,전체,19
202312,아시아,10.6,스리랑카,1462.0,1617.0,3,남성,20
202312,아시아,24.5,스리랑카,98.0,122.0,3,여성,20
202312,아시아,120.4,스리랑카,211.0,465.0,3,승무원,20
202312,아시아,24.4,스리랑카,1771.0,2204.0,3,전체,20
202312,아시아,-14.6,방글라데시,1616.0,1380.0,3,남성,21
202312,아시아,109.4,방글라데시,117.0,245.0,3,여성,21
202312,아시아,154.9,방글라데시,51.0,130.0,3,승무원,21
202312,아시아,-1.6,방글라데시,1784.0,1755.0,3,전체,21
202312,아시아,23.2,파키스탄,715.0,881.0,3,남성,22
202312,아시아,101.2,파키스탄,82.0,165.0,3,여성,22
202312,아시아,335.7,파키스탄,28.0,122.0,3,승무원,22
202312,아시아,41.6,파키스탄,825.0,1168.0,3,전체,22
202312,아시아,-34.6,이스라엘,332.0,217.0,3,남성,23
202312,아시아,-1.0,이스라엘,101.0,100.0,3,여성,23
202312,아시아,-66.7,이스라엘,3.0,1.0,3,승무원,23
202312,아시아,-27.1,이스라엘,436.0,318.0,3,전체,23
202312,아시아,13.8,이란,123.0,140.0,3,남성,24
202312,아시아,62.3,이란,53.0,86.0,3,여성,24
202312,아시아,-66.7,이란,9.0,3.0,3,승무원,24
202312,아시아,23.8,이란,185.0,229.0,3,전체,24
202312,아시아,58.7,기타,3267.0,5186.0,3,남성,25
202312,아시아,86.5,기타,1270.0,2368.0,3,여성,25
202312,아시아,95.3,기타,358.0,699.0,3,승무원,25
202312,아시아,68.6,기타,4895.0,8253.0,3,전체,25
202312,아메리카,26.0,연도대륙,36621.0,46140.0,2,남성,0
202312,아메리카,29.0,연도대륙,33099.0,42706.0,2,여성,0
202312,아메리카,0.4,연도대륙,9105.0,9143.0,2,승무원,0
202312,아메리카,24.3,연도대륙,78825.0,97989.0,2,전체,0
202312,아메리카,24.9,미국,29734.0,37131.0,3,남성,1
202312,아메리카,27.3,미국,26442.0,33672.0,3,여성,1
202312,아메리카,4.3,미국,7176.0,7488.0,3,승무원,1
202312,아메리카,23.6,미국,63352.0,78291.0,3,전체,1
202312,아메리카,28.3,캐나다,5346.0,6858.0,3,남성,2
202312,아메리카,33.2,캐나다,4962.0,6609.0,3,여성,2
202312,아메리카,-24.0,캐나다,1430.0,1087.0,3,승무원,2
202312,아메리카,24.0,캐나다,11738.0,14554.0,3,전체,2
202312,아메리카,45.9,브라질,479.0,699.0,3,남성,3
202312,아메리카,41.0,브라질,527.0,743.0,3,여성,3
202312,아메리카,42.3,브라질,168.0,239.0,3,승무원,3
202312,아메리카,43.2,브라질,1174.0,1681.0,3,전체,3
202312,아메리카,55.7,멕시코,409.0,637.0,3,남성,4
202312,아메리카,81.2,멕시코,415.0,752.0,3,여성,4
202312,아메리카,-22.9,멕시코,170.0,131.0,3,승무원,4
202312,아메리카,52.9,멕시코,994.0,1520.0,3,전체,4
202312,아메리카,24.8,기타,653.0,815.0,3,남성,5
202312,아메리카,23.5,기타,753.0,930.0,3,여성,5
202312,아메리카,23.0,기타,161.0,198.0,3,승무원,5
202312,아메리카,24.0,기타,1567.0,1943.0,3,전체,5
202312,유럽,18.9,연도대륙,20771.0,24688.0,2,남성,0
202312,유럽,34.1,연도대륙,13928.0,18672.0,2,여성,0
202312,유럽,39.9,연도대륙,7463.0,10438.0,2,승무원,0
202312,유럽,27.6,연도대륙,42162.0,53798.0,2,전체,0
202312,유럽,-3.1,러시아,3900.0,3778.0,3,남성,1
202312,유럽,18.9,러시아,3208.0,3813.0,3,여성,1
202312,유럽,203.7,러시아,1361.0,4134.0,3,승무원,1
202312,유럽,38.4,러시아,8469.0,11725.0,3,전체,1
202312,유럽,26.0,영국,3186.0,4014.0,3,남성,2
202312,유럽,28.9,영국,2107.0,2715.0,3,여성,2
202312,유럽,-29.7,영국,290.0,204.0,3,승무원,2
202312,유럽,24.2,영국,5583.0,6933.0,3,전체,2
202312,유럽,30.3,독일,2897.0,3775.0,3,남성,3
202312,유럽,37.4,독일,1724.0,2369.0,3,여성,3
202312,유럽,-23.7,독일,1201.0,916.0,3,승무원,3
202312,유럽,21.3,독일,5822.0,7060.0,3,전체,3
202312,유럽,26.2,프랑스,2877.0,3632.0,3,남성,4
202312,유럽,38.1,프랑스,2164.0,2988.0,3,여성,4
202312,유럽,-12.6,프랑스,1047.0,915.0,3,승무원,4
202312,유럽,23.8,프랑스,6088.0,7535.0,3,전체,4
202312,유럽,55.4,이탈리아,971.0,1509.0,3,남성,5
202312,유럽,86.9,이탈리아,564.0,1054.0,3,여성,5
202312,유럽,29.5,이탈리아,183.0,237.0,3,승무원,5
202312,유럽,63.0,이탈리아,1718.0,2800.0,3,전체,5
202312,유럽,22.9,네덜란드,948.0,1165.0,3,남성,6
202312,유럽,27.8,네덜란드,593.0,758.0,3,여성,6
202312,유럽,-24.5,네덜란드,860.0,649.0,3,승무원,6
202312,유럽,7.1,네덜란드,2401.0,2572.0,3,전체,6
202312,유럽,-46.3,우크라이나,542.0,291.0,3,남성,7
202312,유럽,16.2,우크라이나,136.0,158.0,3,여성,7
202312,유럽,120.1,우크라이나,383.0,843.0,3,승무원,7
202312,유럽,21.8,우크라이나,1061.0,1292.0,3,전체,7
202312,유럽,21.5,스페인,758.0,921.0,3,남성,8
202312,유럽,37.7,스페인,586.0,807.0,3,여성,8
202312,유럽,0.9,스페인,108.0,109.0,3,승무원,8
202312,유럽,26.5,스페인,1452.0,1837.0,3,전체,8
202312,유럽,-8.6,루마니아,233.0,213.0,3,남성,9
202312,유럽,42.4,루마니아,118.0,168.0,3,여성,9
202312,유럽,202.8,루마니아,106.0,321.0,3,승무원,9
202312,유럽,53.6,루마니아,457.0,702.0,3,전체,9
202312,유럽,11.1,노르웨이,261.0,290.0,3,남성,10
202312,유럽,-11.0,노르웨이,200.0,178.0,3,여성,10
202312,유럽,25.0,노르웨이,16.0,20.0,3,승무원,10
202312,유럽,2.3,노르웨이,477.0,488.0,3,전체,10
202312,유럽,31.3,스웨덴,470.0,617.0,3,남성,11
202312,유럽,32.8,스웨덴,293.0,389.0,3,여성,11
202312,유럽,95.0,스웨덴,20.0,39.0,3,승무원,11
202312,유럽,33.5,스웨덴,783.0,1045.0,3,전체,11
202312,유럽,34.2,폴란드,438.0,588.0,3,남성,12
202312,유럽,66.2,폴란드,293.0,487.0,3,여성,12
202312,유럽,41.3,폴란드,424.0,599.0,3,승무원,12
202312,유럽,44.9,폴란드,1155.0,1674.0,3,전체,12
202312,유럽,27.9,스위스,401.0,513.0,3,남성,13
202312,유럽,20.6,스위스,272.0,328.0,3,여성,13
202312,유럽,16.7,스위스,36.0,42.0,3,승무원,13
202312,유럽,24.5,스위스,709.0,883.0,3,전체,13
202312,유럽,62.7,포르투갈,169.0,275.0,3,남성,14
202312,유럽,138.2,포르투갈,123.0,293.0,3,여성,14
202312,유럽,-25.6,포르투갈,82.0,61.0,3,승무원,14
202312,유럽,68.2,포르투갈,374.0,629.0,3,전체,14
202312,유럽,25.0,오스트리아,264.0,330.0,3,남성,15
202312,유럽,42.2,오스트리아,161.0,229.0,3,여성,15
202312,유럽,-41.0,오스트리아,117.0,69.0,3,승무원,15
202312,유럽,15.9,오스트리아,542.0,628.0,3,전체,15
202312,유럽,36.1,핀란드,205.0,279.0,3,남성,16
202312,유럽,48.6,핀란드,179.0,266.0,3,여성,16
202312,유럽,-5.4,핀란드,278.0,263.0,3,승무원,16
202312,유럽,22.1,핀란드,662.0,808.0,3,전체,16
202312,유럽,29.5,벨기에,352.0,456.0,3,남성,17
202312,유럽,53.5,벨기에,198.0,304.0,3,여성,17
202312,유럽,-4.7,벨기에,127.0,121.0,3,승무원,17
202312,유럽,30.1,벨기에,677.0,881.0,3,전체,17
202312,유럽,-5.8,크로아티아,103.0,97.0,3,남성,18
202312,유럽,28.1,크로아티아,32.0,41.0,3,여성,18
202312,유럽,166.1,크로아티아,56.0,149.0,3,승무원,18
202312,유럽,50.3,크로아티아,191.0,287.0,3,전체,18
202312,유럽,-32.3,그리스,350.0,237.0,3,남성,19
202312,유럽,1.0,그리스,101.0,102.0,3,여성,19
202312,유럽,-1.5,그리스,131.0,129.0,3,승무원,19
202312,유럽,-19.6,그리스,582.0,468.0,3,전체,19
202312,유럽,-10.8,불가리아,102.0,91.0,3,남성,20
202312,유럽,23.5,불가리아,34.0,42.0,3,여성,20
202312,유럽,7.4,불가리아,94.0,101.0,3,승무원,20
202312,유럽,1.7,불가리아,230.0,234.0,3,전체,20
202312,유럽,28.7,덴마크,275.0,354.0,3,남성,21
202312,유럽,14.8,덴마크,196.0,225.0,3,여성,21
202312,유럽,85.2,덴마크,27.0,50.0,3,승무원,21
202312,유럽,26.3,덴마크,498.0,629.0,3,전체,21
202312,유럽,17.7,아일랜드,243.0,286.0,3,남성,22
202312,유럽,38.4,아일랜드,125.0,173.0,3,여성,22
202312,유럽,10.3,아일랜드,29.0,32.0,3,승무원,22
202312,유럽,23.7,아일랜드,397.0,491.0,3,전체,22
202312,유럽,18.3,기타,826.0,977.0,3,남성,23
202312,유럽,50.7,기타,521.0,785.0,3,여성,23
202312,유럽,-10.7,기타,487.0,435.0,3,승무원,23
202312,유럽,19.8,기타,1834.0,2197.0,3,전체,23
202312,오세아니아,27.2,연도대륙,10360.0,13173.0,2,남성,0
202312,오세아니아,32.9,연도대륙,9909.0,13174.0,2,여성,0
202312,오세아니아,29.4,연도대륙,732.0,947.0,2,승무원,0
202312,오세아니아,30.0,연도대륙,21001.0,27294.0,2,전체,0
202312,오세아니아,31.9,호주,8354.0,11019.0,3,남성,1
202312,오세아니아,36.2,호주,8195.0,11163.0,3,여성,1
202312,오세아니아,47.4,호주,430.0,634.0,3,승무원,1
202312,오세아니아,34.4,호주,16979.0,22816.0,3,전체,1
202312,오세아니아,6.9,뉴질랜드,1956.0,2090.0,3,남성,2
202312,오세아니아,17.4,뉴질랜드,1674.0,1966.0,3,여성,2
202312,오세아니아,-9.0,뉴질랜드,289.0,263.0,3,승무원,2
202312,오세아니아,10.2,뉴질랜드,3919.0,4319.0,3,전체,2
202312,오세아니아,28.0,기타,50.0,64.0,3,남성,3
202312,오세아니아,12.5,기타,40.0,45.0,3,여성,3
202312,오세아니아,284.6,기타,13.0,50.0,3,승무원,3
202312,오세아니아,54.4,기타,103.0,159.0,3,전체,3
202312,아프리카,7.6,연도대륙,1239.0,1333.0,2,남성,0
202312,아프리카,24.8,연도대륙,801.0,1000.0,2,여성,0
202312,아프리카,36.7,연도대륙,911.0,1245.0,2,승무원,0
202312,아프리카,21.2,연도대륙,2951.0,3578.0,2,전체,0
202312,아프리카,16.6,남아프리카공화국,295.0,344.0,3,남성,1
202312,아프리카,27.0,남아프리카공화국,378.0,480.0,3,여성,1
202312,아프리카,66.7,남아프리카공화국,69.0,115.0,3,승무원,1
202312,아프리카,26.5,남아프리카공화국,742.0,939.0,3,전체,1
202312,아프리카,4.8,기타,944.0,989.0,3,남성,2
202312,아프리카,22.9,기타,423.0,520.0,3,여성,2
202312,아프리카,34.2,기타,842.0,1130.0,3,승무원,2
202312,아프리카,19.5,기타,2209.0,2639.0,3,전체,2
202312,기타,-52.6,연도대륙,19.0,9.0,2,남성,0
202312,기타,20.0,연도대륙,5.0,6.0,2,여성,0
202312,기타,-50.0,연도대륙,8.0,4.0,2,승무원,0
202312,기타,-40.6,연도대륙,32.0,19.0,2,전체,0
202312,기타,-52.6,기타,19.0,9.0,3,남성,1
202312,기타,20.0,기타,5.0,6.0,3,여성,1
202312,기타,-50.0,기타,8.0,4.0,3,승무원,1
202312,기타,-40.6,기타,32.0,19.0,3,전체,1
202312,교포,-10.3,연도대륙,1488.0,1334.0,2,남성,0
202312,교포,-11.1,연도대륙,1846.0,1641.0,2,여성,0
202312,교포,0.0,연도대륙,0.0,0.0,2,승무원,0
202312,교포,-10.8,연도대륙,3334.0,2975.0,2,전체,0
202312,교포,-10.3,교포,1488.0,1334.0,3,남성,1
202312,교포,-11.1,교포,1846.0,1641.0,3,여성,1
202312,교포,0.0,교포,0.0,0.0,3,승무원,1
202312,교포,-10.8,교포,3334.0,2975.0,3,전체,1
202401,대륙전체,85.7,연도,184650.0,342951.0,1,남성,0
202401,대륙전체,123.2,연도,209097.0,466665.0,1,여성,0
202401,대륙전체,75.2,연도,40682.0,71265.0,1,승무원,0
202401,대륙전체,102.8,연도,434429.0,880881.0,1,전체,0
202401,아시아,108.8,연도대륙,128318.0,267936.0,2,남성,0
202401,아시아,149.4,연도대륙,161631.0,403153.0,2,여성,0
202401,아시아,130.6,연도대륙,21399.0,49338.0,2,승무원,0
202401,아시아,131.4,연도대륙,311348.0,720427.0,2,전체,0
202401,아시아,870.4,중국,10537.0,102249.0,3,남성,1
202401,아시아,1138.9,중국,13544.0,167792.0,3,여성,1
202401,아시아,1055.4,중국,865.0,9994.0,3,승무원,1
202401,아시아,1022.6,중국,24946.0,280035.0,3,전체,1
202401,아시아,94.7,일본,26224.0,51047.0,3,남성,2
202401,아시아,126.9,일본,40214.0,91264.0,3,여성,2
202401,아시아,82.0,일본,462.0,841.0,3,승무원,2
202401,아시아,114.0,일본,66900.0,143152.0,3,전체,2
202401,아시아,83.4,대만,18096.0,33180.0,3,남성,3
202401,아시아,92.4,대만,31210.0,60054.0,3,여성,3
202401,아시아,107.6,대만,171.0,355.0,3,승무원,3
202401,아시아,89.2,대만,49477.0,93589.0,3,전체,3
202401,아시아,-14.5,홍콩,9542.0,8163.0,3,남성,4
202401,아시아,2.3,홍콩,17005.0,17398.0,3,여성,4
202401,아시아,-15.7,홍콩,230.0,194.0,3,승무원,4
202401,아시아,-3.8,홍콩,26777.0,25755.0,3,전체,4
202401,아시아,492.7,마카오,82.0,486.0,3,남성,5
202401,아시아,569.1,마카오,165.0,1104.0,3,여성,5
202401,아시아,0.0,마카오,0.0,0.0,3,승무원,5
202401,아시아,543.7,마카오,247.0,1590.0,3,전체,5
202401,아시아,31.7,필리핀,7235.0,9526.0,3,남성,6
202401,아시아,55.0,필리핀,4781.0,7410.0,3,여성,6
202401,아시아,166.4,필리핀,3743.0,9972.0,3,승무원,6
202401,아시아,70.7,필리핀,15759.0,26908.0,3,전체,6
202401,아시아,18.9,인도네시아,5694.0,6773.0,3,남성,7
202401,아시아,30.5,인도네시아,4998.0,6523.0,3,여성,7
202401,아시아,178.6,인도네시아,2146.0,5978.0,3,승무원,7
202401,아시아,50.1,인도네시아,12838.0,19274.0,3,전체,7
202401,아시아,-21.7,태국,8741.0,6841.0,3,남성,8
202401,아시아,-24.9,태국,15145.0,11373.0,3,여성,8
202401,아시아,18.8,태국,1937.0,2302.0,3,승무원,8
202401,아시아,-20.6,태국,25823.0,20516.0,3,전체,8
202401,아시아,-0.9,베트남,8064.0,7995.0,3,남성,9
202401,아시아,-6.9,베트남,9196.0,8565.0,3,여성,9
202401,아시아,10.9,베트남,4361.0,4837.0,3,승무원,9
202401,아시아,-1.0,베트남,21621.0,21397.0,3,전체,9
202401,아시아,35.3,인도,2776.0,3757.0,3,남성,10
202401,아시아,47.4,인도,654.0,964.0,3,여성,10
202401,아시아,387.3,인도,1051.0,5121.0,3,승무원,10
202401,아시아,119.6,인도,4481.0,9842.0,3,전체,10
202401,아시아,46.3,말레이시아,4256.0,6225.0,3,남성,11
202401,아시아,57.3,말레이시아,5487.0,8632.0,3,여성,11
202401,아시아,56.3,말레이시아,1315.0,2056.0,3,승무원,11
202401,아시아,52.9,말레이시아,11058.0,16913.0,3,전체,11
202401,아시아,2.5,싱가포르,5414.0,5550.0,3,남성,12
202401,아시아,6.6,싱가포르,6578.0,7012.0,3,여성,12
202401,아시아,11.3,싱가포르,1324.0,1474.0,3,승무원,12
202401,아시아,5.4,싱가포르,13316.0,14036.0,3,전체,12
202401,아시아,-2.1,몽골,5697.0,5578.0,3,남성,13
202401,아시아,0.0,몽골,6883.0,6886.0,3,여성,13
202401,아시아,-80.0,몽골,5.0,1.0,3,승무원,13
202401,아시아,-1.0,몽골,12585.0,12465.0,3,전체,13
202401,아시아,35.1,우즈베키스탄,2555.0,3451.0,3,남성,14
202401,아시아,31.0,우즈베키스탄,986.0,1292.0,3,여성,14
202401,아시아,13.7,우즈베키스탄,278.0,316.0,3,승무원,14
202401,아시아,32.5,우즈베키스탄,3819.0,5059.0,3,전체,14
202401,아시아,27.7,미얀마,1820.0,2324.0,3,남성,15
202401,아시아,4.5,미얀마,291.0,304.0,3,여성,15
202401,아시아,129.8,미얀마,1098.0,2523.0,3,승무원,15
202401,아시아,60.5,미얀마,3209.0,5151.0,3,전체,15
202401,아시아,76.0,GCC,595.0,1047.0,3,남성,16
202401,아시아,107.2,GCC,428.0,887.0,3,여성,16
202401,아시아,85.2,GCC,122.0,226.0,3,승무원,16
202401,아시아,88.6,GCC,1145.0,2160.0,3,전체,16
202401,아시아,39.8,카자흐스탄,1140.0,1594.0,3,남성,17
202401,아시아,63.4,카자흐스탄,1253.0,2048.0,3,여성,17
202401,아시아,5.6,카자흐스탄,251.0,265.0,3,승무원,17
202401,아시아,47.8,카자흐스탄,2644.0,3907.0,3,전체,17
202401,아시아,44.4,튀르키예,518.0,748.0,3,남성,18
202401,아시아,100.9,튀르키예,214.0,430.0,3,여성,18
202401,아시아,5.8,튀르키예,953.0,1008.0,3,승무원,18
202401,아시아,29.7,튀르키예,1685.0,2186.0,3,전체,18
202401,아시아,0.3,캄보디아,2331.0,2338.0,3,남성,19
202401,아시아,-15.8,캄보디아,1364.0,1149.0,3,여성,19
202401,아시아,-42.8,캄보디아,271.0,155.0,3,승무원,19
202401,아시아,-8.2,캄보디아,3966.0,3642.0,3,전체,19
202401,아시아,31.7,스리랑카,1181.0,1555.0,3,남성,20
202401,아시아,227.9,스리랑카,61.0,200.0,3,여성,20
202401,아시아,99.3,스리랑카,274.0,546.0,3,승무원,20
202401,아시아,51.8,스리랑카,1516.0,2301.0,3,전체,20
202401,아시아,14.2,방글라데시,1175.0,1342.0,3,남성,21
202401,아시아,83.5,방글라데시,103.0,189.0,3,여성,21
202401,아시아,416.7,방글라데시,24.0,124.0,3,승무원,21
202401,아시아,27.1,방글라데시,1302.0,1655.0,3,전체,21
202401,아시아,52.5,파키스탄,638.0,973.0,3,남성,22
202401,아시아,50.9,파키스탄,110.0,166.0,3,여성,22
202401,아시아,135.5,파키스탄,31.0,73.0,3,승무원,22
202401,아시아,55.6,파키스탄,779.0,1212.0,3,전체,22
202401,아시아,18.3,이스라엘,300.0,355.0,3,남성,23
202401,아시아,10.1,이스라엘,89.0,98.0,3,여성,23
202401,아시아,-60.0,이스라엘,5.0,2.0,3,승무원,23
202401,아시아,15.5,이스라엘,394.0,455.0,3,전체,23
202401,아시아,45.6,이란,79.0,115.0,3,남성,24
202401,아시아,54.5,이란,33.0,51.0,3,여성,24
202401,아시아,16.7,이란,12.0,14.0,3,승무원,24
202401,아시아,45.2,이란,124.0,180.0,3,전체,24
202401,아시아,30.2,기타,3628.0,4724.0,3,남성,25
202401,아시아,62.3,기타,839.0,1362.0,3,여성,25
202401,아시아,104.5,기타,470.0,961.0,3,승무원,25
202401,아시아,42.7,기타,4937.0,7047.0,3,전체,25
202401,아메리카,36.2,연도대륙,27482.0,37439.0,2,남성,0
202401,아메리카,32.2,연도대륙,25725.0,34000.0,2,여성,0
202401,아메리카,-0.3,연도대륙,9138.0,9108.0,2,승무원,0
202401,아메리카,29.2,연도대륙,62345.0,80547.0,2,전체,0
202401,아메리카,32.3,미국,21812.0,28863.0,3,남성,1
202401,아메리카,27.3,미국,20046.0,25515.0,3,여성,1
202401,아메리카,1.6,미국,7262.0,7376.0,3,승무원,1
202401,아메리카,25.7,미국,49120.0,61754.0,3,전체,1
202401,아메리카,47.3,캐나다,4240.0,6245.0,3,남성,2
202401,아메리카,43.9,캐나다,4188.0,6026.0,3,여성,2
202401,아메리카,-21.7,캐나다,1441.0,1129.0,3,승무원,2
202401,아메리카,35.8,캐나다,9869.0,13400.0,3,전체,2
202401,아메리카,90.5,브라질,433.0,825.0,3,남성,3
202401,아메리카,52.5,브라질,512.0,781.0,3,여성,3
202401,아메리카,51.8,브라질,164.0,249.0,3,승무원,3
202401,아메리카,67.3,브라질,1109.0,1855.0,3,전체,3
202401,아메리카,49.2,멕시코,366.0,546.0,3,남성,4
202401,아메리카,77.5,멕시코,306.0,543.0,3,여성,4
202401,아메리카,8.6,멕시코,128.0,139.0,3,승무원,4
202401,아메리카,53.5,멕시코,800.0,1228.0,3,전체,4
202401,아메리카,52.1,기타,631.0,960.0,3,남성,5
202401,아메리카,68.6,기타,673.0,1135.0,3,여성,5
202401,아메리카,50.3,기타,143.0,215.0,3,승무원,5
202401,아메리카,59.6,기타,1447.0,2310.0,3,전체,5
202401,유럽,32.3,연도대륙,19021.0,25169.0,2,남성,0
202401,유럽,39.8,연도대륙,12369.0,17286.0,2,여성,0
202401,유럽,23.7,연도대륙,8547.0,10576.0,2,승무원,0
202401,유럽,32.8,연도대륙,39937.0,53031.0,2,전체,0
202401,유럽,9.5,러시아,3466.0,3796.0,3,남성,1
202401,유럽,23.2,러시아,3061.0,3772.0,3,여성,1
202401,유럽,50.2,러시아,2624.0,3940.0,3,승무원,1
202401,유럽,25.8,러시아,9151.0,11508.0,3,전체,1
202401,유럽,18.6,영국,3286.0,3897.0,3,남성,2
202401,유럽,14.9,영국,2263.0,2601.0,3,여성,2
202401,유럽,1.2,영국,249.0,252.0,3,승무원,2
202401,유럽,16.4,영국,5798.0,6750.0,3,전체,2
202401,유럽,28.7,독일,2801.0,3604.0,3,남성,3
202401,유럽,39.9,독일,1400.0,1959.0,3,여성,3
202401,유럽,-17.7,독일,1119.0,921.0,3,승무원,3
202401,유럽,21.9,독일,5320.0,6484.0,3,전체,3
202401,유럽,40.8,프랑스,2260.0,3181.0,3,남성,4
202401,유럽,47.8,프랑스,1593.0,2354.0,3,여성,4
202401,유럽,-16.5,프랑스,1012.0,845.0,3,승무원,4
202401,유럽,31.1,프랑스,4865.0,6380.0,3,전체,4
202401,유럽,42.4,이탈리아,1070.0,1524.0,3,남성,5
202401,유럽,36.7,이탈리아,561.0,767.0,3,여성,5
202401,유럽,53.3,이탈리아,184.0,282.0,3,승무원,5
202401,유럽,41.8,이탈리아,1815.0,2573.0,3,전체,5
202401,유럽,25.2,네덜란드,876.0,1097.0,3,남성,6
202401,유럽,45.2,네덜란드,436.0,633.0,3,여성,6
202401,유럽,-12.3,네덜란드,828.0,726.0,3,승무원,6
202401,유럽,14.8,네덜란드,2140.0,2456.0,3,전체,6
202401,유럽,0.9,우크라이나,348.0,351.0,3,남성,7
202401,유럽,66.2,우크라이나,130.0,216.0,3,여성,7
202401,유럽,150.2,우크라이나,408.0,1021.0,3,승무원,7
202401,유럽,79.2,우크라이나,886.0,1588.0,3,전체,7
202401,유럽,44.1,스페인,632.0,911.0,3,남성,8
202401,유럽,33.1,스페인,484.0,644.0,3,여성,8
202401,유럽,18.4,스페인,114.0,135.0,3,승무원,8
202401,유럽,37.4,스페인,1230.0,1690.0,3,전체,8
202401,유럽,49.2,루마니아,179.0,267.0,3,남성,9
202401,유럽,58.9,루마니아,90.0,143.0,3,여성,9
202401,유럽,71.4,루마니아,140.0,240.0,3,승무원,9
202401,유럽,58.9,루마니아,409.0,650.0,3,전체,9
202401,유럽,30.4,노르웨이,312.0,407.0,3,남성,10
202401,유럽,23.7,노르웨이,194.0,240.0,3,여성,10
202401,유럽,-29.2,노르웨이,24.0,17.0,3,승무원,10
202401,유럽,25.3,노르웨이,530.0,664.0,3,전체,10
202401,유럽,41.5,스웨덴,407.0,576.0,3,남성,11
202401,유럽,47.4,스웨덴,268.0,395.0,3,여성,11
202401,유럽,438.9,스웨덴,18.0,97.0,3,승무원,11
202401,유럽,54.1,스웨덴,693.0,1068.0,3,전체,11
202401,유럽,79.1,폴란드,406.0,727.0,3,남성,12
202401,유럽,136.1,폴란드,238.0,562.0,3,여성,12
202401,유럽,6.9,폴란드,408.0,436.0,3,승무원,12
202401,유럽,64.0,폴란드,1052.0,1725.0,3,전체,12
202401,유럽,97.9,스위스,289.0,572.0,3,남성,13
202401,유럽,78.5,스위스,214.0,382.0,3,여성,13
202401,유럽,-7.3,스위스,41.0,38.0,3,승무원,13
202401,유럽,82.4,스위스,544.0,992.0,3,전체,13
202401,유럽,67.4,포르투갈,138.0,231.0,3,남성,14
202401,유럽,122.2,포르투갈,90.0,200.0,3,여성,14
202401,유럽,13.2,포르투갈,53.0,60.0,3,승무원,14
202401,유럽,74.7,포르투갈,281.0,491.0,3,전체,14
202401,유럽,93.5,오스트리아,263.0,509.0,3,남성,15
202401,유럽,106.5,오스트리아,123.0,254.0,3,여성,15
202401,유럽,-30.5,오스트리아,105.0,73.0,3,승무원,15
202401,유럽,70.3,오스트리아,491.0,836.0,3,전체,15
202401,유럽,57.6,핀란드,229.0,361.0,3,남성,16
202401,유럽,71.4,핀란드,133.0,228.0,3,여성,16
202401,유럽,-3.1,핀란드,287.0,278.0,3,승무원,16
202401,유럽,33.6,핀란드,649.0,867.0,3,전체,16
202401,유럽,17.3,벨기에,307.0,360.0,3,남성,17
202401,유럽,27.6,벨기에,174.0,222.0,3,여성,17
202401,유럽,-15.8,벨기에,133.0,112.0,3,승무원,17
202401,유럽,13.0,벨기에,614.0,694.0,3,전체,17
202401,유럽,54.9,크로아티아,91.0,141.0,3,남성,18
202401,유럽,229.4,크로아티아,17.0,56.0,3,여성,18
202401,유럽,211.3,크로아티아,62.0,193.0,3,승무원,18
202401,유럽,129.4,크로아티아,170.0,390.0,3,전체,18
202401,유럽,-1.3,그리스,300.0,296.0,3,남성,19
202401,유럽,98.1,그리스,54.0,107.0,3,여성,19
202401,유럽,38.2,그리스,131.0,181.0,3,승무원,19
202401,유럽,20.4,그리스,485.0,584.0,3,전체,19
202401,유럽,33.3,불가리아,84.0,112.0,3,남성,20
202401,유럽,38.7,불가리아,31.0,43.0,3,여성,20
202401,유럽,142.6,불가리아,47.0,114.0,3,승무원,20
202401,유럽,66.0,불가리아,162.0,269.0,3,전체,20
202401,유럽,40.4,덴마크,319.0,448.0,3,남성,21
202401,유럽,48.7,덴마크,152.0,226.0,3,여성,21
202401,유럽,105.7,덴마크,35.0,72.0,3,승무원,21
202401,유럽,47.4,덴마크,506.0,746.0,3,전체,21
202401,유럽,10.2,아일랜드,293.0,323.0,3,남성,22
202401,유럽,24.4,아일랜드,176.0,219.0,3,여성,22
202401,유럽,65.0,아일랜드,20.0,33.0,3,승무원,22
202401,유럽,17.6,아일랜드,489.0,575.0,3,전체,22
202401,유럽,122.3,기타,665.0,1478.0,3,남성,23
202401,유럽,118.3,기타,487.0,1063.0,3,여성,23
202401,유럽,1.0,기타,505.0,510.0,3,승무원,23
202401,유럽,84.1,기타,1657.0,3051.0,3,전체,23
202401,오세아니아,32.0,연도대륙,7466.0,9857.0,2,남성,0
202401,오세아니아,38.5,연도대륙,7045.0,9756.0,2,여성,0
202401,오세아니아,23.8,연도대륙,736.0,911.0,2,승무원,0
202401,오세아니아,34.6,연도대륙,15247.0,20524.0,2,전체,0
202401,오세아니아,33.4,호주,6231.0,8315.0,3,남성,1
202401,오세아니아,40.5,호주,5912.0,8308.0,3,여성,1
202401,오세아니아,32.5,호주,474.0,628.0,3,승무원,1
202401,오세아니아,36.7,호주,12617.0,17251.0,3,전체,1
202401,오세아니아,22.8,뉴질랜드,1214.0,1491.0,3,남성,2
202401,오세아니아,26.3,뉴질랜드,1112.0,1405.0,3,여성,2
202401,오세아니아,-1.6,뉴질랜드,258.0,254.0,3,승무원,2
202401,오세아니아,21.9,뉴질랜드,2584.0,3150.0,3,전체,2
202401,오세아니아,142.9,기타,21.0,51.0,3,남성,3
202401,오세아니아,104.8,기타,21.0,43.0,3,여성,3
202401,오세아니아,625.0,기타,4.0,29.0,3,승무원,3
202401,오세아니아,167.4,기타,46.0,123.0,3,전체,3
202401,아프리카,27.4,연도대륙,1110.0,1414.0,2,남성,0
202401,아프리카,32.5,연도대륙,790.0,1047.0,2,여성,0
202401,아프리카,55.9,연도대륙,851.0,1327.0,2,승무원,0
202401,아프리카,37.7,연도대륙,2751.0,3788.0,2,전체,0
202401,아프리카,17.8,남아프리카공화국,281.0,331.0,3,남성,1
202401,아프리카,19.2,남아프리카공화국,463.0,552.0,3,여성,1
202401,아프리카,190.2,남아프리카공화국,51.0,148.0,3,승무원,1
202401,아프리카,29.7,남아프리카공화국,795.0,1031.0,3,전체,1
202401,아프리카,30.6,기타,829.0,1083.0,3,남성,2
202401,아프리카,51.4,기타,327.0,495.0,3,여성,2
202401,아프리카,47.4,기타,800.0,1179.0,3,승무원,2
202401,아프리카,41.0,기타,1956.0,2757.0,3,전체,2
202401,기타,1100.0,연도대륙,1.0,12.0,2,남성,0
202401,기타,0.0,연도대륙,0.0,9.0,2,여성,0
202401,기타,-54.5,연도대륙,11.0,5.0,2,승무원,0
202401,기타,116.7,연도대륙,12.0,26.0,2,전체,0
202401,기타,1100.0,기타,1.0,12.0,3,남성,1
202401,기타,0.0,기타,0.0,9.0,3,여성,1
202401,기타,-54.5,기타,11.0,5.0,3,승무원,1
202401,기타,116.7,기타,12.0,26.0,3,전체,1
202401,교포,-10.2,연도대륙,1252.0,1124.0,2,남성,0
202401,교포,-8.0,연도대륙,1537.0,1414.0,2,여성,0
202401,교포,0.0,연도대륙,0.0,0.0,2,승무원,0
202401,교포,-9.0,연도대륙,2789.0,2538.0,2,전체,0
202401,교포,-10.2,교포,1252.0,1124.0,3,남성,1
202401,교포,-8.0,교포,1537.0,1414.0,3,여성,1
202401,교포,0.0,교포,0.0,0.0,3,승무원,1
202401,교포,-9.0,교포,2789.0,2538.0,3,전체,1
202402,대륙전체,103.4,연도,198254.0,403172.0,1,남성,0
202402,대륙전체,130.9,연도,242602.0,560098.0,1,여성,0
202402,대륙전체,74.4,연도,38392.0,66974.0,1,승무원,0
202402,대륙전체,115.0,연도,479248.0,1030244.0,1,전체,0
202402,아시아,129.5,연도대륙,144910.0,332509.0,2,남성,0
202402,아시아,151.6,연도대륙,196853.0,495201.0,2,여성,0
202402,아시아,127.5,연도대륙,20017.0,45534.0,2,승무원,0
202402,아시아,141.4,연도대륙,361780.0,873244.0,2,전체,0
202402,아시아,540.0,중국,20903.0,133773.0,3,남성,1
202402,아시아,729.4,중국,24271.0,201305.0,3,여성,1
202402,아시아,1117.0,중국,710.0,8641.0,3,승무원,1
202402,아시아,649.1,중국,45884.0,343719.0,3,전체,1
202402,아시아,89.8,일본,31118.0,59066.0,3,남성,2
202402,아시아,97.4,일본,62903.0,124201.0,3,여성,2
202402,아시아,96.8,일본,372.0,732.0,3,승무원,2
202402,아시아,94.9,일본,94393.0,183999.0,3,전체,2
202402,아시아,121.8,대만,16145.0,35815.0,3,남성,3
202402,아시아,91.3,대만,31663.0,60586.0,3,여성,3
202402,아시아,87.0,대만,162.0,303.0,3,승무원,3
202402,아시아,101.6,대만,47970.0,96704.0,3,전체,3
202402,아시아,175.6,홍콩,4925.0,13573.0,3,남성,4
202402,아시아,94.6,홍콩,11138.0,21680.0,3,여성,4
202402,아시아,17.8,홍콩,174.0,205.0,3,승무원,4
202402,아시아,118.4,홍콩,16237.0,35458.0,3,전체,4
202402,아시아,1264.2,마카오,95.0,1296.0,3,남성,5
202402,아시아,742.6,마카오,251.0,2115.0,3,여성,5
202402,아시아,0.0,마카오,0.0,0.0,3,승무원,5
202402,아시아,885.8,마카오,346.0,3411.0,3,전체,5
202402,아시아,39.4,필리핀,5818.0,8113.0,3,남성,6
202402,아시아,59.4,필리핀,4569.0,7282.0,3,여성,6
202402,아시아,163.0,필리핀,3981.0,10472.0,3,승무원,6
202402,아시아,80.0,필리핀,14368.0,25867.0,3,전체,6
202402,아시아,-0.6,인도네시아,6920.0,6879.0,3,남성,7
202402,아시아,19.9,인도네시아,5605.0,6720.0,3,여성,7
202402,아시아,259.7,인도네시아,1631.0,5867.0,3,승무원,7
202402,아시아,37.5,인도네시아,14156.0,19466.0,3,전체,7
202402,아시아,-24.3,태국,9710.0,7353.0,3,남성,8
202402,아시아,-23.7,태국,16643.0,12694.0,3,여성,8
202402,아시아,28.6,태국,1789.0,2300.0,3,승무원,8
202402,아시아,-20.6,태국,28142.0,22347.0,3,전체,8
202402,아시아,35.9,베트남,12913.0,17553.0,3,남성,9
202402,아시아,51.7,베트남,11732.0,17792.0,3,여성,9
202402,아시아,3.5,베트남,4183.0,4329.0,3,승무원,9
202402,아시아,37.6,베트남,28828.0,39674.0,3,전체,9
202402,아시아,30.8,인도,2885.0,3775.0,3,남성,10
202402,아시아,73.0,인도,684.0,1183.0,3,여성,10
202402,아시아,310.0,인도,1095.0,4489.0,3,승무원,10
202402,아시아,102.6,인도,4664.0,9447.0,3,전체,10
202402,아시아,92.2,말레이시아,6154.0,11825.0,3,남성,11
202402,아시아,77.1,말레이시아,8974.0,15896.0,3,여성,11
202402,아시아,32.2,말레이시아,1358.0,1795.0,3,승무원,11
202402,아시아,79.0,말레이시아,16486.0,29516.0,3,전체,11
202402,아시아,25.1,싱가포르,4769.0,5967.0,3,남성,12
202402,아시아,26.9,싱가포르,6293.0,7987.0,3,여성,12
202402,아시아,19.5,싱가포르,1111.0,1328.0,3,승무원,12
202402,아시아,25.5,싱가포르,12173.0,15282.0,3,전체,12
202402,아시아,-0.9,몽골,4542.0,4503.0,3,남성,13
202402,아시아,1.6,몽골,5444.0,5531.0,3,여성,13
202402,아시아,-85.7,몽골,14.0,2.0,3,승무원,13
202402,아시아,0.4,몽골,10000.0,10036.0,3,전체,13
202402,아시아,27.7,우즈베키스탄,3366.0,4297.0,3,남성,14
202402,아시아,47.8,우즈베키스탄,1022.0,1511.0,3,여성,14
202402,아시아,22.3,우즈베키스탄,256.0,313.0,3,승무원,14
202402,아시아,31.8,우즈베키스탄,4644.0,6121.0,3,전체,14
202402,아시아,60.1,미얀마,1874.0,3000.0,3,남성,15
202402,아시아,83.2,미얀마,399.0,731.0,3,여성,15
202402,아시아,78.0,미얀마,998.0,1776.0,3,승무원,15
202402,아시아,68.4,미얀마,3271.0,5507.0,3,전체,15
202402,아시아,65.3,GCC,688.0,1137.0,3,남성,16
202402,아시아,100.2,GCC,448.0,897.0,3,여성,16
202402,아시아,14.3,GCC,140.0,160.0,3,승무원,16
202402,아시아,71.9,GCC,1276.0,2194.0,3,전체,16
202402,아시아,38.0,카자흐스탄,1116.0,1540.0,3,남성,17
202402,아시아,43.5,카자흐스탄,1417.0,2034.0,3,여성,17
202402,아시아,-4.0,카자흐스탄,248.0,238.0,3,승무원,17
202402,아시아,37.1,카자흐스탄,2781.0,3812.0,3,전체,17
202402,아시아,71.8,튀르키예,444.0,763.0,3,남성,18
202402,아시아,65.5,튀르키예,290.0,480.0,3,여성,18
202402,아시아,0.0,튀르키예,873.0,873.0,3,승무원,18
202402,아시아,31.7,튀르키예,1607.0,2116.0,3,전체,18
202402,아시아,47.9,캄보디아,1704.0,2520.0,3,남성,19
202402,아시아,11.9,캄보디아,1077.0,1205.0,3,여성,19
202402,아시아,-32.6,캄보디아,221.0,149.0,3,승무원,19
202402,아시아,29.0,캄보디아,3002.0,3874.0,3,전체,19
202402,아시아,13.9,스리랑카,1333.0,1518.0,3,남성,20
202402,아시아,170.2,스리랑카,104.0,281.0,3,여성,20
202402,아시아,163.6,스리랑카,195.0,514.0,3,승무원,20
202402,아시아,41.7,스리랑카,1632.0,2313.0,3,전체,20
202402,아시아,49.4,방글라데시,1224.0,1829.0,3,남성,21
202402,아시아,151.3,방글라데시,156.0,392.0,3,여성,21
202402,아시아,45.2,방글라데시,62.0,90.0,3,승무원,21
202402,아시아,60.3,방글라데시,1442.0,2311.0,3,전체,21
202402,아시아,51.0,파키스탄,832.0,1256.0,3,남성,22
202402,아시아,96.7,파키스탄,152.0,299.0,3,여성,22
202402,아시아,176.2,파키스탄,21.0,58.0,3,승무원,22
202402,아시아,60.5,파키스탄,1005.0,1613.0,3,전체,22
202402,아시아,-6.3,이스라엘,287.0,269.0,3,남성,23
202402,아시아,9.3,이스라엘,107.0,117.0,3,여성,23
202402,아시아,-100.0,이스라엘,3.0,0.0,3,승무원,23
202402,아시아,-2.8,이스라엘,397.0,386.0,3,전체,23
202402,아시아,44.6,이란,74.0,107.0,3,남성,24
202402,아시아,58.3,이란,60.0,95.0,3,여성,24
202402,아시아,100.0,이란,5.0,10.0,3,승무원,24
202402,아시아,52.5,이란,139.0,212.0,3,전체,24
202402,아시아,-5.7,기타,5071.0,4782.0,3,남성,25
202402,아시아,50.7,기타,1451.0,2187.0,3,여성,25
202402,아시아,114.5,기타,415.0,890.0,3,승무원,25
202402,아시아,13.3,기타,6937.0,7859.0,3,전체,25
202402,아메리카,39.2,연도대륙,26482.0,36869.0,2,남성,0
202402,아메리카,44.4,연도대륙,25089.0,36218.0,2,여성,0
202402,아메리카,22.1,연도대륙,7225.0,8825.0,2,승무원,0
202402,아메리카,39.3,연도대륙,58796.0,81912.0,2,전체,0
202402,아메리카,35.7,미국,20863.0,28311.0,3,남성,1
202402,아메리카,40.5,미국,19313.0,27134.0,3,여성,1
202402,아메리카,18.8,미국,6028.0,7162.0,3,승무원,1
202402,아메리카,35.5,미국,46204.0,62607.0,3,전체,1
202402,아메리카,51.0,캐나다,4110.0,6207.0,3,남성,2
202402,아메리카,54.1,캐나다,4169.0,6424.0,3,여성,2
202402,아메리카,37.7,캐나다,761.0,1048.0,3,승무원,2
202402,아메리카,51.3,캐나다,9040.0,13679.0,3,전체,2
202402,아메리카,66.5,브라질,439.0,731.0,3,남성,3
202402,아메리카,57.6,브라질,441.0,695.0,3,여성,3
202402,아메리카,61.9,브라질,147.0,238.0,3,승무원,3
202402,아메리카,62.0,브라질,1027.0,1664.0,3,전체,3
202402,아메리카,55.4,멕시코,354.0,550.0,3,남성,4
202402,아메리카,84.0,멕시코,344.0,633.0,3,여성,4
202402,아메리카,-10.5,멕시코,152.0,136.0,3,승무원,4
202402,아메리카,55.2,멕시코,850.0,1319.0,3,전체,4
202402,아메리카,49.4,기타,716.0,1070.0,3,남성,5
202402,아메리카,62.0,기타,822.0,1332.0,3,여성,5
202402,아메리카,75.9,기타,137.0,241.0,3,승무원,5
202402,아메리카,57.8,기타,1675.0,2643.0,3,전체,5
202402,유럽,25.2,연도대륙,19579.0,24522.0,2,남성,0
202402,유럽,41.4,연도대륙,14102.0,19936.0,2,여성,0
202402,유럽,6.8,연도대륙,9667.0,10328.0,2,승무원,0
202402,유럽,26.4,연도대륙,43348.0,54786.0,2,전체,0
202402,유럽,22.6,러시아,2849.0,3492.0,3,남성,1
202402,유럽,39.6,러시아,2566.0,3583.0,3,여성,1
202402,유럽,-4.9,러시아,3665.0,3485.0,3,승무원,1
202402,유럽,16.3,러시아,9080.0,10560.0,3,전체,1
202402,유럽,30.4,영국,2933.0,3826.0,3,남성,2
202402,유럽,43.5,영국,1962.0,2816.0,3,여성,2
202402,유럽,25.2,영국,210.0,263.0,3,승무원,2
202402,유럽,35.3,영국,5105.0,6905.0,3,전체,2
202402,유럽,15.4,독일,3251.0,3752.0,3,남성,3
202402,유럽,31.4,독일,1988.0,2613.0,3,여성,3
202402,유럽,-11.8,독일,958.0,845.0,3,승무원,3
202402,유럽,16.3,독일,6197.0,7210.0,3,전체,3
202402,유럽,28.3,프랑스,3014.0,3868.0,3,남성,4
202402,유럽,38.5,프랑스,2650.0,3669.0,3,여성,4
202402,유럽,-17.4,프랑스,959.0,792.0,3,승무원,4
202402,유럽,25.8,프랑스,6623.0,8329.0,3,전체,4
202402,유럽,15.1,이탈리아,1093.0,1258.0,3,남성,5
202402,유럽,30.1,이탈리아,608.0,791.0,3,여성,5
202402,유럽,46.9,이탈리아,179.0,263.0,3,승무원,5
202402,유럽,23.0,이탈리아,1880.0,2312.0,3,전체,5
202402,유럽,11.1,네덜란드,967.0,1074.0,3,남성,6
202402,유럽,36.1,네덜란드,559.0,761.0,3,여성,6
202402,유럽,-43.6,네덜란드,1351.0,762.0,3,승무원,6
202402,유럽,-9.7,네덜란드,2877.0,2597.0,3,전체,6
202402,유럽,8.8,우크라이나,296.0,322.0,3,남성,7
202402,유럽,28.1,우크라이나,153.0,196.0,3,여성,7
202402,유럽,310.5,우크라이나,295.0,1211.0,3,승무원,7
202402,유럽,132.4,우크라이나,744.0,1729.0,3,전체,7
202402,유럽,29.3,스페인,692.0,895.0,3,남성,8
202402,유럽,44.2,스페인,520.0,750.0,3,여성,8
202402,유럽,17.5,스페인,103.0,121.0,3,승무원,8
202402,유럽,34.3,스페인,1315.0,1766.0,3,전체,8
202402,유럽,29.1,루마니아,203.0,262.0,3,남성,9
202402,유럽,23.1,루마니아,130.0,160.0,3,여성,9
202402,유럽,91.4,루마니아,152.0,291.0,3,승무원,9
202402,유럽,47.0,루마니아,485.0,713.0,3,전체,9
202402,유럽,15.5,노르웨이,265.0,306.0,3,남성,10
202402,유럽,20.1,노르웨이,209.0,251.0,3,여성,10
202402,유럽,-19.2,노르웨이,26.0,21.0,3,승무원,10
202402,유럽,15.6,노르웨이,500.0,578.0,3,전체,10
202402,유럽,22.9,스웨덴,415.0,510.0,3,남성,11
202402,유럽,32.1,스웨덴,262.0,346.0,3,여성,11
202402,유럽,444.4,스웨덴,9.0,49.0,3,승무원,11
202402,유럽,31.9,스웨덴,686.0,905.0,3,전체,11
202402,유럽,76.4,폴란드,433.0,764.0,3,남성,12
202402,유럽,87.6,폴란드,346.0,649.0,3,여성,12
202402,유럽,39.9,폴란드,406.0,568.0,3,승무원,12
202402,유럽,67.2,폴란드,1185.0,1981.0,3,전체,12
202402,유럽,39.7,스위스,390.0,545.0,3,남성,13
202402,유럽,47.9,스위스,282.0,417.0,3,여성,13
202402,유럽,9.1,스위스,33.0,36.0,3,승무원,13
202402,유럽,41.6,스위스,705.0,998.0,3,전체,13
202402,유럽,71.8,포르투갈,156.0,268.0,3,남성,14
202402,유럽,122.8,포르투갈,114.0,254.0,3,여성,14
202402,유럽,34.1,포르투갈,44.0,59.0,3,승무원,14
202402,유럽,85.0,포르투갈,314.0,581.0,3,전체,14
202402,유럽,21.7,오스트리아,322.0,392.0,3,남성,15
202402,유럽,32.9,오스트리아,222.0,295.0,3,여성,15
202402,유럽,-3.3,오스트리아,91.0,88.0,3,승무원,15
202402,유럽,22.0,오스트리아,635.0,775.0,3,전체,15
202402,유럽,58.6,핀란드,210.0,333.0,3,남성,16
202402,유럽,35.2,핀란드,244.0,330.0,3,여성,16
202402,유럽,-8.7,핀란드,289.0,264.0,3,승무원,16
202402,유럽,24.8,핀란드,743.0,927.0,3,전체,16
202402,유럽,22.9,벨기에,363.0,446.0,3,남성,17
202402,유럽,44.9,벨기에,227.0,329.0,3,여성,17
202402,유럽,-21.3,벨기에,127.0,100.0,3,승무원,17
202402,유럽,22.0,벨기에,717.0,875.0,3,전체,17
202402,유럽,10.1,크로아티아,99.0,109.0,3,남성,18
202402,유럽,120.0,크로아티아,20.0,44.0,3,여성,18
202402,유럽,109.8,크로아티아,82.0,172.0,3,승무원,18
202402,유럽,61.7,크로아티아,201.0,325.0,3,전체,18
202402,유럽,9.5,그리스,252.0,276.0,3,남성,19
202402,유럽,21.9,그리스,64.0,78.0,3,여성,19
202402,유럽,82.9,그리스,129.0,236.0,3,승무원,19
202402,유럽,32.6,그리스,445.0,590.0,3,전체,19
202402,유럽,57.1,불가리아,63.0,99.0,3,남성,20
202402,유럽,15.4,불가리아,52.0,60.0,3,여성,20
202402,유럽,217.6,불가리아,34.0,108.0,3,승무원,20
202402,유럽,79.2,불가리아,149.0,267.0,3,전체,20
202402,유럽,30.8,덴마크,276.0,361.0,3,남성,21
202402,유럽,19.9,덴마크,176.0,211.0,3,여성,21
202402,유럽,53.6,덴마크,28.0,43.0,3,승무원,21
202402,유럽,28.1,덴마크,480.0,615.0,3,전체,21
202402,유럽,31.4,아일랜드,255.0,335.0,3,남성,22
202402,유럽,58.9,아일랜드,146.0,232.0,3,여성,22
202402,유럽,-22.7,아일랜드,22.0,17.0,3,승무원,22
202402,유럽,38.1,아일랜드,423.0,584.0,3,전체,22
202402,유럽,31.6,기타,782.0,1029.0,3,남성,23
202402,유럽,82.9,기타,602.0,1101.0,3,여성,23
202402,유럽,12.4,기타,475.0,534.0,3,승무원,23
202402,유럽,43.3,기타,1859.0,2664.0,3,전체,23
202402,오세아니아,34.8,연도대륙,4782.0,6444.0,2,남성,0
202402,오세아니아,40.8,연도대륙,4167.0,5866.0,2,여성,0
202402,오세아니아,40.1,연도대륙,669.0,937.0,2,승무원,0
202402,오세아니아,37.7,연도대륙,9618.0,13247.0,2,전체,0
202402,오세아니아,35.5,호주,3972.0,5384.0,3,남성,1
202402,오세아니아,42.4,호주,3483.0,4961.0,3,여성,1
202402,오세아니아,41.2,호주,444.0,627.0,3,승무원,1
202402,오세아니아,38.9,호주,7899.0,10972.0,3,전체,1
202402,오세아니아,31.2,뉴질랜드,781.0,1025.0,3,남성,2
202402,오세아니아,29.6,뉴질랜드,665.0,862.0,3,여성,2
202402,오세아니아,9.1,뉴질랜드,219.0,239.0,3,승무원,2
202402,오세아니아,27.7,뉴질랜드,1665.0,2126.0,3,전체,2
202402,오세아니아,20.7,기타,29.0,35.0,3,남성,3
202402,오세아니아,126.3,기타,19.0,43.0,3,여성,3
202402,오세아니아,1083.3,기타,6.0,71.0,3,승무원,3
202402,오세아니아,175.9,기타,54.0,149.0,3,전체,3
202402,아프리카,26.6,연도대륙,1353.0,1713.0,2,남성,0
202402,아프리카,45.0,연도대륙,1071.0,1553.0,2,여성,0
202402,아프리카,66.4,연도대륙,809.0,1346.0,2,승무원,0
202402,아프리카,42.7,연도대륙,3233.0,4612.0,2,전체,0
202402,아프리카,24.8,남아프리카공화국,290.0,362.0,3,남성,1
202402,아프리카,50.3,남아프리카공화국,589.0,885.0,3,여성,1
202402,아프리카,205.8,남아프리카공화국,52.0,159.0,3,승무원,1
202402,아프리카,51.0,남아프리카공화국,931.0,1406.0,3,전체,1
202402,아프리카,27.1,기타,1063.0,1351.0,3,남성,2
202402,아프리카,38.6,기타,482.0,668.0,3,여성,2
202402,아프리카,56.8,기타,757.0,1187.0,3,승무원,2
202402,아프리카,39.3,기타,2302.0,3206.0,3,전체,2
202402,기타,-33.3,연도대륙,9.0,6.0,2,남성,0
202402,기타,-50.0,연도대륙,4.0,2.0,2,여성,0
202402,기타,-20.0,연도대륙,5.0,4.0,2,승무원,0
202402,기타,-33.3,연도대륙,18.0,12.0,2,전체,0
202402,기타,-33.3,기타,9.0,6.0,3,남성,1
202402,기타,-50.0,기타,4.0,2.0,3,여성,1
202402,기타,-20.0,기타,5.0,4.0,3,승무원,1
202402,기타,-33.3,기타,18.0,12.0,3,전체,1
202402,교포,-2.6,연도대륙,1139.0,1109.0,2,남성,0
202402,교포,0.5,연도대륙,1316.0,1322.0,2,여성,0
202402,교포,0.0,연도대륙,0.0,0.0,2,승무원,0
202402,교포,-1.0,연도대륙,2455.0,2431.0,2,전체,0
202402,교포,-2.6,교포,1139.0,1109.0,3,남성,1
202402,교포,0.5,교포,1316.0,1322.0,3,여성,1
202402,교포,0.0,교포,0.0,0.0,3,승무원,1
202402,교포,-1.0,교포,2455.0,2431.0,3,전체,1
202403,대륙전체,72.2,연도,310440.0,534431.0,1,남성,0
202403,대륙전체,97.7,연도,434348.0,858636.0,1,여성,0
202403,대륙전체,76.9,연도,55787.0,98681.0,1,승무원,0
202403,대륙전체,86.3,연도,800575.0,1491748.0,1,전체,0
202403,아시아,86.4,연도대륙,215236.0,401101.0,2,남성,0
202403,아시아,109.8,연도대륙,344056.0,721856.0,2,여성,0
202403,아시아,115.3,연도대륙,32791.0,70587.0,2,승무원,0
202403,아시아,101.6,연도대륙,592083.0,1193544.0,2,전체,0
202403,아시아,307.7,중국,34719.0,141560.0,3,남성,1
202403,아시아,539.6,중국,37403.0,239213.0,3,여성,1
202403,아시아,733.9,중국,1268.0,10574.0,3,승무원,1
202403,아시아,433.2,중국,73390.0,391347.0,3,전체,1
202403,아시아,69.3,일본,57803.0,97871.0,3,남성,2
202403,아시아,79.3,일본,133903.0,240110.0,3,여성,2
202403,아시아,24.3,일본,612.0,761.0,3,승무원,2
202403,아시아,76.1,일본,192318.0,338742.0,3,전체,2
202403,아시아,75.2,대만,20048.0,35116.0,3,남성,3
202403,아시아,85.0,대만,43300.0,80092.0,3,여성,3
202403,아시아,137.2,대만,156.0,370.0,3,승무원,3
202403,아시아,82.0,대만,63504.0,115578.0,3,전체,3
202403,아시아,100.3,홍콩,7982.0,15985.0,3,남성,4
202403,아시아,74.0,홍콩,18975.0,33025.0,3,여성,4
202403,아시아,13.6,홍콩,198.0,225.0,3,승무원,4
202403,아시아,81.3,홍콩,27155.0,49235.0,3,전체,4
202403,아시아,352.2,마카오,224.0,1013.0,3,남성,5
202403,아시아,352.1,마카오,589.0,2663.0,3,여성,5
202403,아시아,300.0,마카오,1.0,4.0,3,승무원,5
202403,아시아,352.1,마카오,814.0,3680.0,3,전체,5
202403,아시아,95.2,필리핀,7825.0,15273.0,3,남성,6
202403,아시아,149.2,필리핀,7477.0,18631.0,3,여성,6
202403,아시아,122.4,필리핀,9433.0,20977.0,3,승무원,6
202403,아시아,121.9,필리핀,24735.0,54881.0,3,전체,6
202403,아시아,-4.3,인도네시아,6940.0,6641.0,3,남성,7
202403,아시아,-4.7,인도네시아,8135.0,7753.0,3,여성,7
202403,아시아,239.9,인도네시아,3445.0,11711.0,3,승무원,7
202403,아시아,41.0,인도네시아,18520.0,26105.0,3,전체,7
202403,아시아,-21.7,태국,13651.0,10685.0,3,남성,8
202403,아시아,-25.9,태국,27274.0,20210.0,3,여성,8
202403,아시아,21.5,태국,2159.0,2623.0,3,승무원,8
202403,아시아,-22.2,태국,43084.0,33518.0,3,전체,8
202403,아시아,49.1,베트남,13978.0,20843.0,3,남성,9
202403,아시아,42.2,베트남,16345.0,23235.0,3,여성,9
202403,아시아,0.8,베트남,4606.0,4643.0,3,승무원,9
202403,아시아,39.5,베트남,34929.0,48721.0,3,전체,9
202403,아시아,32.4,인도,4121.0,5458.0,3,남성,10
202403,아시아,84.6,인도,1265.0,2335.0,3,여성,10
202403,아시아,184.4,인도,3041.0,8650.0,3,승무원,10
202403,아시아,95.1,인도,8427.0,16443.0,3,전체,10
202403,아시아,4.5,말레이시아,8328.0,8701.0,3,남성,11
202403,아시아,6.0,말레이시아,13724.0,14541.0,3,여성,11
202403,아시아,35.3,말레이시아,1517.0,2052.0,3,승무원,11
202403,아시아,7.3,말레이시아,23569.0,25294.0,3,전체,11
202403,아시아,14.8,싱가포르,12726.0,14604.0,3,남성,12
202403,아시아,11.8,싱가포르,20381.0,22787.0,3,여성,12
202403,아시아,18.5,싱가포르,1230.0,1458.0,3,승무원,12
202403,아시아,13.1,싱가포르,34337.0,38849.0,3,전체,12
202403,아시아,-15.2,몽골,5730.0,4860.0,3,남성,13
202403,아시아,-14.1,몽골,6679.0,5740.0,3,여성,13
202403,아시아,100.0,몽골,3.0,6.0,3,승무원,13
202403,아시아,-14.6,몽골,12412.0,10606.0,3,전체,13
202403,아시아,11.0,우즈베키스탄,3057.0,3392.0,3,남성,14
202403,아시아,11.3,우즈베키스탄,959.0,1067.0,3,여성,14
202403,아시아,12.5,우즈베키스탄,273.0,307.0,3,승무원,14
202403,아시아,11.1,우즈베키스탄,4289.0,4766.0,3,전체,14
202403,아시아,7.4,미얀마,2158.0,2318.0,3,남성,15
202403,아시아,29.1,미얀마,615.0,794.0,3,여성,15
202403,아시아,8.1,미얀마,2475.0,2675.0,3,승무원,15
202403,아시아,10.3,미얀마,5248.0,5787.0,3,전체,15
202403,아시아,-49.6,GCC,1157.0,583.0,3,남성,16
202403,아시아,-64.6,GCC,869.0,308.0,3,여성,16
202403,아시아,-15.4,GCC,169.0,143.0,3,승무원,16
202403,아시아,-52.9,GCC,2195.0,1034.0,3,전체,16
202403,아시아,26.2,카자흐스탄,1549.0,1955.0,3,남성,17
202403,아시아,62.8,카자흐스탄,1982.0,3227.0,3,여성,17
202403,아시아,6.3,카자흐스탄,252.0,268.0,3,승무원,17
202403,아시아,44.1,카자흐스탄,3783.0,5450.0,3,전체,17
202403,아시아,56.0,튀르키예,780.0,1217.0,3,남성,18
202403,아시아,137.6,튀르키예,386.0,917.0,3,여성,18
202403,아시아,14.2,튀르키예,1011.0,1155.0,3,승무원,18
202403,아시아,51.1,튀르키예,2177.0,3289.0,3,전체,18
202403,아시아,40.4,캄보디아,1909.0,2680.0,3,남성,19
202403,아시아,9.4,캄보디아,1261.0,1379.0,3,여성,19
202403,아시아,26.0,캄보디아,77.0,97.0,3,승무원,19
202403,아시아,28.0,캄보디아,3247.0,4156.0,3,전체,19
202403,아시아,-1.8,스리랑카,1574.0,1545.0,3,남성,20
202403,아시아,171.4,스리랑카,91.0,247.0,3,여성,20
202403,아시아,94.3,스리랑카,331.0,643.0,3,승무원,20
202403,아시아,22.0,스리랑카,1996.0,2435.0,3,전체,20
202403,아시아,5.6,방글라데시,1540.0,1627.0,3,남성,21
202403,아시아,47.4,방글라데시,171.0,252.0,3,여성,21
202403,아시아,170.6,방글라데시,51.0,138.0,3,승무원,21
202403,아시아,14.5,방글라데시,1762.0,2017.0,3,전체,21
202403,아시아,0.7,파키스탄,946.0,953.0,3,남성,22
202403,아시아,53.7,파키스탄,121.0,186.0,3,여성,22
202403,아시아,137.2,파키스탄,43.0,102.0,3,승무원,22
202403,아시아,11.8,파키스탄,1110.0,1241.0,3,전체,22
202403,아시아,-21.9,이스라엘,827.0,646.0,3,남성,23
202403,아시아,-41.4,이스라엘,717.0,420.0,3,여성,23
202403,아시아,200.0,이스라엘,2.0,6.0,3,승무원,23
202403,아시아,-30.7,이스라엘,1546.0,1072.0,3,전체,23
202403,아시아,70.7,이란,140.0,239.0,3,남성,24
202403,아시아,167.7,이란,93.0,249.0,3,여성,24
202403,아시아,-8.3,이란,12.0,11.0,3,승무원,24
202403,아시아,103.7,이란,245.0,499.0,3,전체,24
202403,아시아,-3.4,기타,5524.0,5336.0,3,남성,25
202403,아시아,84.6,기타,1341.0,2475.0,3,여성,25
202403,아시아,131.9,기타,426.0,988.0,3,승무원,25
202403,아시아,20.7,기타,7291.0,8799.0,3,전체,25
202403,아메리카,41.6,연도대륙,48680.0,68908.0,2,남성,0
202403,아메리카,43.4,연도대륙,51528.0,73907.0,2,여성,0
202403,아메리카,24.5,연도대륙,9114.0,11348.0,2,승무원,0
202403,아메리카,41.0,연도대륙,109322.0,154163.0,2,전체,0
202403,아메리카,40.8,미국,38621.0,54382.0,3,남성,1
202403,아메리카,41.1,미국,40678.0,57391.0,3,여성,1
202403,아메리카,14.7,미국,7131.0,8182.0,3,승무원,1
202403,아메리카,38.8,미국,86430.0,119955.0,3,전체,1
202403,아메리카,34.4,캐나다,7737.0,10400.0,3,남성,2
202403,아메리카,38.3,캐나다,8265.0,11432.0,3,여성,2
202403,아메리카,42.4,캐나다,864.0,1230.0,3,승무원,2
202403,아메리카,36.7,캐나다,16866.0,23062.0,3,전체,2
202403,아메리카,88.8,브라질,607.0,1146.0,3,남성,3
202403,아메리카,97.7,브라질,734.0,1451.0,3,여성,3
202403,아메리카,61.6,브라질,258.0,417.0,3,승무원,3
202403,아메리카,88.5,브라질,1599.0,3014.0,3,전체,3
202403,아메리카,119.4,멕시코,537.0,1178.0,3,남성,4
202403,아메리카,151.1,멕시코,655.0,1645.0,3,여성,4
202403,아메리카,0.4,멕시코,242.0,243.0,3,승무원,4
202403,아메리카,113.8,멕시코,1434.0,3066.0,3,전체,4
202403,아메리카,53.0,기타,1178.0,1802.0,3,남성,5
202403,아메리카,66.2,기타,1196.0,1988.0,3,여성,5
202403,아메리카,106.1,기타,619.0,1276.0,3,승무원,5
202403,아메리카,69.3,기타,2993.0,5066.0,3,전체,5
202403,유럽,38.3,연도대륙,35394.0,48945.0,2,남성,0
202403,유럽,66.6,연도대륙,27740.0,46221.0,2,여성,0
202403,유럽,12.9,연도대륙,11647.0,13144.0,2,승무원,0
202403,유럽,44.8,연도대륙,74781.0,108310.0,2,전체,0
202403,유럽,32.7,러시아,4462.0,5920.0,3,남성,1
202403,유럽,65.0,러시아,4327.0,7141.0,3,여성,1
202403,유럽,-16.2,러시아,4349.0,3646.0,3,승무원,1
202403,유럽,27.2,러시아,13138.0,16707.0,3,전체,1
202403,유럽,38.8,영국,5943.0,8251.0,3,남성,2
202403,유럽,59.6,영국,4569.0,7292.0,3,여성,2
202403,유럽,58.5,영국,284.0,450.0,3,승무원,2
202403,유럽,48.1,영국,10796.0,15993.0,3,전체,2
202403,유럽,45.8,독일,6247.0,9107.0,3,남성,3
202403,유럽,77.6,독일,4642.0,8242.0,3,여성,3
202403,유럽,2.0,독일,1198.0,1222.0,3,승무원,3
202403,유럽,53.6,독일,12087.0,18571.0,3,전체,3
202403,유럽,21.0,프랑스,4824.0,5836.0,3,남성,4
202403,유럽,37.8,프랑스,3979.0,5484.0,3,여성,4
202403,유럽,28.5,프랑스,671.0,862.0,3,승무원,4
202403,유럽,28.6,프랑스,9474.0,12182.0,3,전체,4
202403,유럽,33.2,이탈리아,2121.0,2826.0,3,남성,5
202403,유럽,71.9,이탈리아,1299.0,2233.0,3,여성,5
202403,유럽,75.1,이탈리아,417.0,730.0,3,승무원,5
202403,유럽,50.9,이탈리아,3837.0,5789.0,3,전체,5
202403,유럽,9.5,네덜란드,1648.0,1804.0,3,남성,6
202403,유럽,29.4,네덜란드,1008.0,1304.0,3,여성,6
202403,유럽,-34.1,네덜란드,1278.0,842.0,3,승무원,6
202403,유럽,0.4,네덜란드,3934.0,3950.0,3,전체,6
202403,유럽,21.0,우크라이나,348.0,421.0,3,남성,7
202403,유럽,58.2,우크라이나,170.0,269.0,3,여성,7
202403,유럽,110.4,우크라이나,656.0,1380.0,3,승무원,7
202403,유럽,76.3,우크라이나,1174.0,2070.0,3,전체,7
202403,유럽,70.7,스페인,1332.0,2274.0,3,남성,8
202403,유럽,116.0,스페인,1068.0,2307.0,3,여성,8
202403,유럽,40.5,스페인,121.0,170.0,3,승무원,8
202403,유럽,88.5,스페인,2521.0,4751.0,3,전체,8
202403,유럽,55.6,루마니아,363.0,565.0,3,남성,9
202403,유럽,97.4,루마니아,342.0,675.0,3,여성,9
202403,유럽,96.9,루마니아,290.0,571.0,3,승무원,9
202403,유럽,82.0,루마니아,995.0,1811.0,3,전체,9
202403,유럽,41.7,노르웨이,521.0,738.0,3,남성,10
202403,유럽,45.4,노르웨이,463.0,673.0,3,여성,10
202403,유럽,42.9,노르웨이,14.0,20.0,3,승무원,10
202403,유럽,43.4,노르웨이,998.0,1431.0,3,전체,10
202403,유럽,23.8,스웨덴,803.0,994.0,3,남성,11
202403,유럽,50.4,스웨덴,542.0,815.0,3,여성,11
202403,유럽,358.8,스웨덴,17.0,78.0,3,승무원,11
202403,유럽,38.5,스웨덴,1362.0,1887.0,3,전체,11
202403,유럽,63.0,폴란드,824.0,1343.0,3,남성,12
202403,유럽,95.6,폴란드,709.0,1387.0,3,여성,12
202403,유럽,16.3,폴란드,551.0,641.0,3,승무원,12
202403,유럽,61.8,폴란드,2084.0,3371.0,3,전체,12
202403,유럽,54.7,스위스,848.0,1312.0,3,남성,13
202403,유럽,80.3,스위스,709.0,1278.0,3,여성,13
202403,유럽,53.7,스위스,41.0,63.0,3,승무원,13
202403,유럽,66.0,스위스,1598.0,2653.0,3,전체,13
202403,유럽,78.0,포르투갈,318.0,566.0,3,남성,14
202403,유럽,117.6,포르투갈,319.0,694.0,3,여성,14
202403,유럽,54.5,포르투갈,77.0,119.0,3,승무원,14
202403,유럽,93.1,포르투갈,714.0,1379.0,3,전체,14
202403,유럽,37.2,오스트리아,621.0,852.0,3,남성,15
202403,유럽,57.6,오스트리아,417.0,657.0,3,여성,15
202403,유럽,13.7,오스트리아,117.0,133.0,3,승무원,15
202403,유럽,42.2,오스트리아,1155.0,1642.0,3,전체,15
202403,유럽,49.6,핀란드,343.0,513.0,3,남성,16
202403,유럽,58.9,핀란드,314.0,499.0,3,여성,16
202403,유럽,-0.7,핀란드,299.0,297.0,3,승무원,16
202403,유럽,36.9,핀란드,956.0,1309.0,3,전체,16
202403,유럽,37.0,벨기에,597.0,818.0,3,남성,17
202403,유럽,61.1,벨기에,434.0,699.0,3,여성,17
202403,유럽,-37.9,벨기에,153.0,95.0,3,승무원,17
202403,유럽,36.1,벨기에,1184.0,1612.0,3,전체,17
202403,유럽,60.8,크로아티아,130.0,209.0,3,남성,18
202403,유럽,187.1,크로아티아,62.0,178.0,3,여성,18
202403,유럽,120.6,크로아티아,141.0,311.0,3,승무원,18
202403,유럽,109.6,크로아티아,333.0,698.0,3,전체,18
202403,유럽,38.2,그리스,374.0,517.0,3,남성,19
202403,유럽,83.5,그리스,188.0,345.0,3,여성,19
202403,유럽,116.7,그리스,108.0,234.0,3,승무원,19
202403,유럽,63.6,그리스,670.0,1096.0,3,전체,19
202403,유럽,191.5,불가리아,118.0,344.0,3,남성,20
202403,유럽,213.3,불가리아,128.0,401.0,3,여성,20
202403,유럽,116.1,불가리아,112.0,242.0,3,승무원,20
202403,유럽,175.7,불가리아,358.0,987.0,3,전체,20
202403,유럽,18.0,덴마크,717.0,846.0,3,남성,21
202403,유럽,43.3,덴마크,561.0,804.0,3,여성,21
202403,유럽,82.4,덴마크,34.0,62.0,3,승무원,21
202403,유럽,30.5,덴마크,1312.0,1712.0,3,전체,21
202403,유럽,61.6,아일랜드,432.0,698.0,3,남성,22
202403,유럽,79.7,아일랜드,305.0,548.0,3,여성,22
202403,유럽,26.9,아일랜드,26.0,33.0,3,승무원,22
202403,유럽,67.6,아일랜드,763.0,1279.0,3,전체,22
202403,유럽,50.1,기타,1460.0,2191.0,3,남성,23
202403,유럽,93.8,기타,1185.0,2296.0,3,여성,23
202403,유럽,36.1,기타,693.0,943.0,3,승무원,23
202403,유럽,62.7,기타,3338.0,5430.0,3,전체,23
202403,오세아니아,55.5,연도대륙,7964.0,12383.0,2,남성,0
202403,오세아니아,67.1,연도대륙,8155.0,13623.0,2,여성,0
202403,오세아니아,24.5,연도대륙,829.0,1032.0,2,승무원,0
202403,오세아니아,59.5,연도대륙,16948.0,27038.0,2,전체,0
202403,오세아니아,55.4,호주,6702.0,10418.0,3,남성,1
202403,오세아니아,69.1,호주,6938.0,11732.0,3,여성,1
202403,오세아니아,33.8,호주,539.0,721.0,3,승무원,1
202403,오세아니아,61.3,호주,14179.0,22871.0,3,전체,1
202403,오세아니아,56.6,뉴질랜드,1211.0,1896.0,3,남성,2
202403,오세아니아,55.6,뉴질랜드,1180.0,1836.0,3,여성,2
202403,오세아니아,-8.2,뉴질랜드,255.0,234.0,3,승무원,2
202403,오세아니아,49.9,뉴질랜드,2646.0,3966.0,3,전체,2
202403,오세아니아,35.3,기타,51.0,69.0,3,남성,3
202403,오세아니아,48.6,기타,37.0,55.0,3,여성,3
202403,오세아니아,120.0,기타,35.0,77.0,3,승무원,3
202403,오세아니아,63.4,기타,123.0,201.0,3,전체,3
202403,아프리카,7.4,연도대륙,1545.0,1659.0,2,남성,0
202403,아프리카,38.9,연도대륙,772.0,1072.0,2,여성,0
202403,아프리카,83.2,연도대륙,1401.0,2566.0,2,승무원,0
202403,아프리카,42.5,연도대륙,3718.0,5297.0,2,전체,0
202403,아프리카,45.0,남아프리카공화국,260.0,377.0,3,남성,1
202403,아프리카,65.3,남아프리카공화국,314.0,519.0,3,여성,1
202403,아프리카,125.5,남아프리카공화국,204.0,460.0,3,승무원,1
202403,아프리카,74.3,남아프리카공화국,778.0,1356.0,3,전체,1
202403,아프리카,-0.2,기타,1285.0,1282.0,3,남성,2
202403,아프리카,20.7,기타,458.0,553.0,3,여성,2
202403,아프리카,75.9,기타,1197.0,2106.0,3,승무원,2
202403,아프리카,34.0,기타,2940.0,3941.0,3,전체,2
202403,기타,-25.0,연도대륙,8.0,6.0,2,남성,0
202403,기타,0.0,연도대륙,0.0,3.0,2,여성,0
202403,기타,-20.0,연도대륙,5.0,4.0,2,승무원,0
202403,기타,0.0,연도대륙,13.0,13.0,2,전체,0
202403,기타,-25.0,기타,8.0,6.0,3,남성,1
202403,기타,0.0,기타,0.0,3.0,3,여성,1
202403,기타,-20.0,기타,5.0,4.0,3,승무원,1
202403,기타,0.0,기타,13.0,13.0,3,전체,1
202403,교포,-11.4,연도대륙,1613.0,1429.0,2,남성,0
202403,교포,-6.8,연도대륙,2097.0,1954.0,2,여성,0
202403,교포,0.0,연도대륙,0.0,0.0,2,승무원,0
202403,교포,-8.8,연도대륙,3710.0,3383.0,2,전체,0
202403,교포,-11.4,교포,1613.0,1429.0,3,남성,1
202403,교포,-6.8,교포,2097.0,1954.0,3,여성,1
202403,교포,0.0,교포,0.0,0.0,3,승무원,1
202403,교포,-8.8,교포,3710.0,3383.0,3,전체,1
202404,대륙전체,53.4,연도,349590.0,536387.0,1,남성,0
202404,대륙전체,72.4,연도,476500.0,821371.0,1,여성,0
202404,대륙전체,67.6,연도,62686.0,105039.0,1,승무원,0
202404,대륙전체,64.6,연도,888776.0,1462797.0,1,전체,0
202404,아시아,71.5,연도대륙,226119.0,387880.0,2,남성,0
202404,아시아,90.2,연도대륙,350986.0,667593.0,2,여성,0
202404,아시아,97.5,연도대륙,37029.0,73118.0,2,승무원,0
202404,아시아,83.8,연도대륙,614134.0,1128591.0,2,전체,0
202404,아시아,233.8,중국,42224.0,140937.0,3,남성,1
202404,아시아,313.0,중국,62381.0,257662.0,3,여성,1
202404,아시아,834.8,중국,1362.0,12732.0,3,승무원,1
202404,아시아,288.2,중국,105967.0,411331.0,3,전체,1
202404,아시아,64.6,일본,46894.0,77180.0,3,남성,2
202404,아시아,86.7,일본,80825.0,150878.0,3,여성,2
202404,아시아,102.4,일본,590.0,1194.0,3,승무원,2
202404,아시아,78.7,일본,128309.0,229252.0,3,전체,2
202404,아시아,53.0,대만,24360.0,37273.0,3,남성,3
202404,아시아,51.9,대만,52665.0,80013.0,3,여성,3
202404,아시아,97.5,대만,162.0,320.0,3,승무원,3
202404,아시아,52.4,대만,77187.0,117606.0,3,전체,3
202404,아시아,1.0,홍콩,12348.0,12468.0,3,남성,4
202404,아시아,17.2,홍콩,25578.0,29974.0,3,여성,4
202404,아시아,0.0,홍콩,212.0,212.0,3,승무원,4
202404,아시아,11.8,홍콩,38138.0,42654.0,3,전체,4
202404,아시아,84.5,마카오,381.0,703.0,3,남성,5
202404,아시아,98.7,마카오,1041.0,2068.0,3,여성,5
202404,아시아,550.0,마카오,4.0,26.0,3,승무원,5
202404,아시아,96.1,마카오,1426.0,2797.0,3,전체,5
202404,아시아,22.8,필리핀,10831.0,13305.0,3,남성,6
202404,아시아,45.0,필리핀,12182.0,17658.0,3,여성,6
202404,아시아,60.7,필리핀,12245.0,19682.0,3,승무원,6
202404,아시아,43.6,필리핀,35258.0,50645.0,3,전체,6
202404,아시아,50.3,인도네시아,8190.0,12306.0,3,남성,7
202404,아시아,39.2,인도네시아,10209.0,14207.0,3,여성,7
202404,아시아,154.2,인도네시아,4882.0,12411.0,3,승무원,7
202404,아시아,67.2,인도네시아,23281.0,38924.0,3,전체,7
202404,아시아,-19.0,태국,17303.0,14024.0,3,남성,8
202404,아시아,-24.3,태국,34950.0,26452.0,3,여성,8
202404,아시아,19.3,태국,2178.0,2598.0,3,승무원,8
202404,아시아,-20.9,태국,54431.0,43074.0,3,전체,8
202404,아시아,35.5,베트남,16368.0,22185.0,3,남성,9
202404,아시아,32.7,베트남,19971.0,26510.0,3,여성,9
202404,아시아,8.0,베트남,4301.0,4643.0,3,승무원,9
202404,아시아,31.2,베트남,40640.0,53338.0,3,전체,9
202404,아시아,37.0,인도,4457.0,6107.0,3,남성,10
202404,아시아,54.3,인도,1778.0,2743.0,3,여성,10
202404,아시아,153.7,인도,3487.0,8848.0,3,승무원,10
202404,아시아,82.0,인도,9722.0,17698.0,3,전체,10
202404,아시아,21.5,말레이시아,9119.0,11076.0,3,남성,11
202404,아시아,24.0,말레이시아,15128.0,18757.0,3,여성,11
202404,아시아,50.8,말레이시아,1432.0,2160.0,3,승무원,11
202404,아시아,24.6,말레이시아,25679.0,31993.0,3,전체,11
202404,아시아,0.7,싱가포르,11356.0,11441.0,3,남성,12
202404,아시아,4.9,싱가포르,18644.0,19549.0,3,여성,12
202404,아시아,30.3,싱가포르,1144.0,1491.0,3,승무원,12
202404,아시아,4.3,싱가포르,31144.0,32481.0,3,전체,12
202404,아시아,-7.9,몽골,4598.0,4235.0,3,남성,13
202404,아시아,-2.1,몽골,5308.0,5198.0,3,여성,13
202404,아시아,666.7,몽골,3.0,23.0,3,승무원,13
202404,아시아,-4.6,몽골,9909.0,9456.0,3,전체,13
202404,아시아,33.0,우즈베키스탄,1984.0,2639.0,3,남성,14
202404,아시아,6.6,우즈베키스탄,1027.0,1095.0,3,여성,14
202404,아시아,14.6,우즈베키스탄,274.0,314.0,3,승무원,14
202404,아시아,23.2,우즈베키스탄,3285.0,4048.0,3,전체,14
202404,아시아,6.8,미얀마,1661.0,1774.0,3,남성,15
202404,아시아,37.5,미얀마,461.0,634.0,3,여성,15
202404,아시아,44.4,미얀마,2040.0,2945.0,3,승무원,15
202404,아시아,28.6,미얀마,4162.0,5353.0,3,전체,15
202404,아시아,108.3,GCC,1034.0,2154.0,3,남성,16
202404,아시아,104.9,GCC,1010.0,2069.0,3,여성,16
202404,아시아,-5.4,GCC,186.0,176.0,3,승무원,16
202404,아시아,97.3,GCC,2230.0,4399.0,3,전체,16
202404,아시아,15.2,카자흐스탄,1378.0,1587.0,3,남성,17
202404,아시아,31.1,카자흐스탄,1921.0,2518.0,3,여성,17
202404,아시아,7.0,카자흐스탄,284.0,304.0,3,승무원,17
202404,아시아,23.1,카자흐스탄,3583.0,4409.0,3,전체,17
202404,아시아,148.1,튀르키예,1030.0,2555.0,3,남성,18
202404,아시아,189.7,튀르키예,987.0,2859.0,3,여성,18
202404,아시아,-3.2,튀르키예,1164.0,1127.0,3,승무원,18
202404,아시아,105.6,튀르키예,3181.0,6541.0,3,전체,18
202404,아시아,64.1,캄보디아,2427.0,3983.0,3,남성,19
202404,아시아,31.5,캄보디아,1674.0,2202.0,3,여성,19
202404,아시아,46.6,캄보디아,58.0,85.0,3,승무원,19
202404,아시아,50.8,캄보디아,4159.0,6270.0,3,전체,19
202404,아시아,29.2,스리랑카,905.0,1169.0,3,남성,20
202404,아시아,177.3,스리랑카,97.0,269.0,3,여성,20
202404,아시아,64.5,스리랑카,324.0,533.0,3,승무원,20
202404,아시아,48.6,스리랑카,1326.0,1971.0,3,전체,20
202404,아시아,29.3,방글라데시,952.0,1231.0,3,남성,21
202404,아시아,163.8,방글라데시,105.0,277.0,3,여성,21
202404,아시아,-3.8,방글라데시,104.0,100.0,3,승무원,21
202404,아시아,38.5,방글라데시,1161.0,1608.0,3,전체,21
202404,아시아,51.2,파키스탄,605.0,915.0,3,남성,22
202404,아시아,132.9,파키스탄,76.0,177.0,3,여성,22
202404,아시아,63.5,파키스탄,52.0,85.0,3,승무원,22
202404,아시아,60.6,파키스탄,733.0,1177.0,3,전체,22
202404,아시아,-21.4,이스라엘,1108.0,871.0,3,남성,23
202404,아시아,-34.4,이스라엘,1162.0,762.0,3,여성,23
202404,아시아,1300.0,이스라엘,1.0,14.0,3,승무원,23
202404,아시아,-27.5,이스라엘,2271.0,1647.0,3,전체,23
202404,아시아,48.8,이란,121.0,180.0,3,남성,24
202404,아시아,65.1,이란,63.0,104.0,3,여성,24
202404,아시아,66.7,이란,3.0,5.0,3,승무원,24
202404,아시아,54.5,이란,187.0,289.0,3,전체,24
202404,아시아,24.5,기타,4485.0,5582.0,3,남성,25
202404,아시아,69.7,기타,1743.0,2958.0,3,여성,25
202404,아시아,103.0,기타,537.0,1090.0,3,승무원,25
202404,아시아,42.4,기타,6765.0,9630.0,3,전체,25
202404,아메리카,15.4,연도대륙,61640.0,71103.0,2,남성,0
202404,아메리카,15.2,연도대륙,66705.0,76827.0,2,여성,0
202404,아메리카,25.7,연도대륙,9528.0,11979.0,2,승무원,0
202404,아메리카,16.0,연도대륙,137873.0,159909.0,2,전체,0
202404,아메리카,13.0,미국,48990.0,55338.0,3,남성,1
202404,아메리카,12.0,미국,52528.0,58817.0,3,여성,1
202404,아메리카,17.4,미국,7300.0,8573.0,3,승무원,1
202404,아메리카,12.8,미국,108818.0,122728.0,3,전체,1
202404,아메리카,15.6,캐나다,9569.0,11062.0,3,남성,2
202404,아메리카,19.7,캐나다,10315.0,12349.0,3,여성,2
202404,아메리카,53.1,캐나다,941.0,1441.0,3,승무원,2
202404,아메리카,19.3,캐나다,20825.0,24852.0,3,전체,2
202404,아메리카,68.0,브라질,809.0,1359.0,3,남성,3
202404,아메리카,59.3,브라질,1069.0,1703.0,3,여성,3
202404,아메리카,58.2,브라질,292.0,462.0,3,승무원,3
202404,아메리카,62.4,브라질,2170.0,3524.0,3,전체,3
202404,아메리카,21.4,멕시코,970.0,1178.0,3,남성,4
202404,아메리카,12.9,멕시코,1285.0,1451.0,3,여성,4
202404,아메리카,16.4,멕시코,256.0,298.0,3,승무원,4
202404,아메리카,16.6,멕시코,2511.0,2927.0,3,전체,4
202404,아메리카,66.4,기타,1302.0,2166.0,3,남성,5
202404,아메리카,66.2,기타,1508.0,2507.0,3,여성,5
202404,아메리카,63.1,기타,739.0,1205.0,3,승무원,5
202404,아메리카,65.6,기타,3549.0,5878.0,3,전체,5
202404,유럽,27.8,연도대륙,46665.0,59660.0,2,남성,0
202404,유럽,36.3,연도대륙,42686.0,58182.0,2,여성,0
202404,유럽,9.5,연도대륙,13623.0,14922.0,2,승무원,0
202404,유럽,28.9,연도대륙,102974.0,132764.0,2,전체,0
202404,유럽,36.0,러시아,5050.0,6867.0,3,남성,1
202404,유럽,55.1,러시아,5218.0,8091.0,3,여성,1
202404,유럽,-11.8,러시아,4915.0,4336.0,3,승무원,1
202404,유럽,27.1,러시아,15183.0,19294.0,3,전체,1
202404,유럽,21.6,영국,7860.0,9554.0,3,남성,2
202404,유럽,24.8,영국,6987.0,8717.0,3,여성,2
202404,유럽,87.1,영국,426.0,797.0,3,승무원,2
202404,유럽,24.8,영국,15273.0,19068.0,3,전체,2
202404,유럽,19.7,독일,9110.0,10903.0,3,남성,3
202404,유럽,17.9,독일,7607.0,8966.0,3,여성,3
202404,유럽,-17.3,독일,1726.0,1427.0,3,승무원,3
202404,유럽,15.5,독일,18443.0,21296.0,3,전체,3
202404,유럽,36.8,프랑스,7237.0,9899.0,3,남성,4
202404,유럽,47.7,프랑스,7593.0,11217.0,3,여성,4
202404,유럽,0.3,프랑스,874.0,877.0,3,승무원,4
202404,유럽,40.0,프랑스,15704.0,21993.0,3,전체,4
202404,유럽,37.1,이탈리아,2272.0,3116.0,3,남성,5
202404,유럽,42.7,이탈리아,1886.0,2692.0,3,여성,5
202404,유럽,53.1,이탈리아,505.0,773.0,3,승무원,5
202404,유럽,41.1,이탈리아,4663.0,6581.0,3,전체,5
202404,유럽,41.4,네덜란드,2058.0,2909.0,3,남성,6
202404,유럽,56.6,네덜란드,1722.0,2697.0,3,여성,6
202404,유럽,-1.7,네덜란드,977.0,960.0,3,승무원,6
202404,유럽,38.0,네덜란드,4757.0,6566.0,3,전체,6
202404,유럽,21.5,우크라이나,311.0,378.0,3,남성,7
202404,유럽,46.2,우크라이나,182.0,266.0,3,여성,7
202404,유럽,50.1,우크라이나,844.0,1267.0,3,승무원,7
202404,유럽,42.9,우크라이나,1337.0,1911.0,3,전체,7
202404,유럽,14.2,스페인,1666.0,1903.0,3,남성,8
202404,유럽,10.6,스페인,1497.0,1656.0,3,여성,8
202404,유럽,24.8,스페인,133.0,166.0,3,승무원,8
202404,유럽,13.0,스페인,3296.0,3725.0,3,전체,8
202404,유럽,60.4,루마니아,454.0,728.0,3,남성,9
202404,유럽,62.2,루마니아,518.0,840.0,3,여성,9
202404,유럽,53.5,루마니아,361.0,554.0,3,승무원,9
202404,유럽,59.2,루마니아,1333.0,2122.0,3,전체,9
202404,유럽,1.5,노르웨이,540.0,548.0,3,남성,10
202404,유럽,4.8,노르웨이,437.0,458.0,3,여성,10
202404,유럽,33.3,노르웨이,21.0,28.0,3,승무원,10
202404,유럽,3.6,노르웨이,998.0,1034.0,3,전체,10
202404,유럽,19.9,스웨덴,1009.0,1210.0,3,남성,11
202404,유럽,14.2,스웨덴,801.0,915.0,3,여성,11
202404,유럽,112.8,스웨덴,39.0,83.0,3,승무원,11
202404,유럽,19.4,스웨덴,1849.0,2208.0,3,전체,11
202404,유럽,54.4,폴란드,1276.0,1970.0,3,남성,12
202404,유럽,70.9,폴란드,1364.0,2331.0,3,여성,12
202404,유럽,47.9,폴란드,616.0,911.0,3,승무원,12
202404,유럽,60.1,폴란드,3256.0,5212.0,3,전체,12
202404,유럽,8.9,스위스,1375.0,1498.0,3,남성,13
202404,유럽,17.0,스위스,1280.0,1498.0,3,여성,13
202404,유럽,-37.5,스위스,48.0,30.0,3,승무원,13
202404,유럽,11.9,스위스,2703.0,3026.0,3,전체,13
202404,유럽,44.7,포르투갈,468.0,677.0,3,남성,14
202404,유럽,67.8,포르투갈,438.0,735.0,3,여성,14
202404,유럽,56.5,포르투갈,108.0,169.0,3,승무원,14
202404,유럽,55.9,포르투갈,1014.0,1581.0,3,전체,14
202404,유럽,24.0,오스트리아,725.0,899.0,3,남성,15
202404,유럽,17.7,오스트리아,606.0,713.0,3,여성,15
202404,유럽,-21.5,오스트리아,149.0,117.0,3,승무원,15
202404,유럽,16.8,오스트리아,1480.0,1729.0,3,전체,15
202404,유럽,48.7,핀란드,388.0,577.0,3,남성,16
202404,유럽,40.5,핀란드,400.0,562.0,3,여성,16
202404,유럽,-17.7,핀란드,316.0,260.0,3,승무원,16
202404,유럽,26.7,핀란드,1104.0,1399.0,3,전체,16
202404,유럽,25.2,벨기에,894.0,1119.0,3,남성,17
202404,유럽,56.1,벨기에,770.0,1202.0,3,여성,17
202404,유럽,-7.8,벨기에,129.0,119.0,3,승무원,17
202404,유럽,36.1,벨기에,1793.0,2440.0,3,전체,17
202404,유럽,43.5,크로아티아,147.0,211.0,3,남성,18
202404,유럽,92.5,크로아티아,67.0,129.0,3,여성,18
202404,유럽,97.4,크로아티아,155.0,306.0,3,승무원,18
202404,유럽,75.1,크로아티아,369.0,646.0,3,전체,18
202404,유럽,37.9,그리스,398.0,549.0,3,남성,19
202404,유럽,33.0,그리스,261.0,347.0,3,여성,19
202404,유럽,36.6,그리스,262.0,358.0,3,승무원,19
202404,유럽,36.2,그리스,921.0,1254.0,3,전체,19
202404,유럽,40.0,불가리아,210.0,294.0,3,남성,20
202404,유럽,7.9,불가리아,265.0,286.0,3,여성,20
202404,유럽,73.6,불가리아,129.0,224.0,3,승무원,20
202404,유럽,33.1,불가리아,604.0,804.0,3,전체,20
202404,유럽,6.5,덴마크,720.0,767.0,3,남성,21
202404,유럽,23.5,덴마크,553.0,683.0,3,여성,21
202404,유럽,66.7,덴마크,63.0,105.0,3,승무원,21
202404,유럽,16.4,덴마크,1336.0,1555.0,3,전체,21
202404,유럽,16.8,아일랜드,572.0,668.0,3,남성,22
202404,유럽,32.7,아일랜드,410.0,544.0,3,여성,22
202404,유럽,82.9,아일랜드,35.0,64.0,3,승무원,22
202404,유럽,25.5,아일랜드,1017.0,1276.0,3,전체,22
202404,유럽,25.5,기타,1925.0,2416.0,3,남성,23
202404,유럽,44.6,기타,1824.0,2637.0,3,여성,23
202404,유럽,25.1,기타,792.0,991.0,3,승무원,23
202404,유럽,33.1,기타,4541.0,6044.0,3,전체,23
202404,오세아니아,19.3,연도대륙,11952.0,14253.0,2,남성,0
202404,오세아니아,20.7,연도대륙,12830.0,15487.0,2,여성,0
202404,오세아니아,16.0,연도대륙,850.0,986.0,2,승무원,0
202404,오세아니아,19.9,연도대륙,25632.0,30726.0,2,전체,0
202404,오세아니아,24.0,호주,9924.0,12301.0,3,남성,1
202404,오세아니아,25.2,호주,10781.0,13502.0,3,여성,1
202404,오세아니아,25.7,호주,572.0,719.0,3,승무원,1
202404,오세아니아,24.7,호주,21277.0,26522.0,3,전체,1
202404,오세아니아,-4.6,뉴질랜드,1958.0,1867.0,3,남성,2
202404,오세아니아,-2.8,뉴질랜드,1984.0,1928.0,3,여성,2
202404,오세아니아,-45.8,뉴질랜드,260.0,141.0,3,승무원,2
202404,오세아니아,-6.3,뉴질랜드,4202.0,3936.0,3,전체,2
202404,오세아니아,21.4,기타,70.0,85.0,3,남성,3
202404,오세아니아,-12.3,기타,65.0,57.0,3,여성,3
202404,오세아니아,600.0,기타,18.0,126.0,3,승무원,3
202404,오세아니아,75.2,기타,153.0,268.0,3,전체,3
202404,아프리카,26.0,연도대륙,1583.0,1995.0,2,남성,0
202404,아프리카,32.0,연도대륙,990.0,1307.0,2,여성,0
202404,아프리카,143.4,연도대륙,1653.0,4024.0,2,승무원,0
202404,아프리카,73.4,연도대륙,4226.0,7326.0,2,전체,0
202404,아프리카,14.4,남아프리카공화국,348.0,398.0,3,남성,1
202404,아프리카,1.6,남아프리카공화국,450.0,457.0,3,여성,1
202404,아프리카,139.1,남아프리카공화국,274.0,655.0,3,승무원,1
202404,아프리카,40.9,남아프리카공화국,1072.0,1510.0,3,전체,1
202404,아프리카,29.3,기타,1235.0,1597.0,3,남성,2
202404,아프리카,57.4,기타,540.0,850.0,3,여성,2
202404,아프리카,144.3,기타,1379.0,3369.0,3,승무원,2
202404,아프리카,84.4,기타,3154.0,5816.0,3,전체,2
202404,기타,0.0,연도대륙,8.0,8.0,2,남성,0
202404,기타,-25.0,연도대륙,4.0,3.0,2,여성,0
202404,기타,233.3,연도대륙,3.0,10.0,2,승무원,0
202404,기타,40.0,연도대륙,15.0,21.0,2,전체,0
202404,기타,0.0,기타,8.0,8.0,3,남성,1
202404,기타,-25.0,기타,4.0,3.0,3,여성,1
202404,기타,233.3,기타,3.0,10.0,3,승무원,1
202404,기타,40.0,기타,15.0,21.0,3,전체,1
202404,교포,-8.3,연도대륙,1623.0,1488.0,2,남성,0
202404,교포,-14.2,연도대륙,2299.0,1972.0,2,여성,0
202404,교포,0.0,연도대륙,0.0,0.0,2,승무원,0
202404,교포,-11.8,연도대륙,3922.0,3460.0,2,전체,0
202404,교포,-8.3,교포,1623.0,1488.0,3,남성,1
202404,교포,-14.2,교포,2299.0,1972.0,3,여성,1
202404,교포,0.0,교포,0.0,0.0,3,승무원,1
202404,교포,-11.8,교포,3922.0,3460.0,3,전체,1
202405,대륙전체,48.2,연도,345979.0,512578.0,1,남성,0
202405,대륙전체,75.1,연도,456746.0,799676.0,1,여성,0
202405,대륙전체,64.9,연도,64405.0,106209.0,1,승무원,0
202405,대륙전체,63.6,연도,867130.0,1418463.0,1,전체,0
202405,아시아,60.6,연도대륙,236673.0,380019.0,2,남성,0
202405,아시아,87.3,연도대륙,354987.0,665043.0,2,여성,0
202405,아시아,101.4,연도대륙,37448.0,75438.0,2,승무원,0
202405,아시아,78.1,연도대륙,629108.0,1120500.0,2,전체,0
202405,아시아,162.1,중국,50797.0,133146.0,3,남성,1
202405,아시아,227.7,중국,75611.0,247771.0,3,여성,1
202405,아시아,711.4,중국,1763.0,14305.0,3,승무원,1
202405,아시아,208.4,중국,128171.0,395222.0,3,전체,1
202405,아시아,40.7,일본,65090.0,91567.0,3,남성,2
202405,아시아,57.6,일본,117605.0,185344.0,3,여성,2
202405,아시아,51.8,일본,996.0,1512.0,3,승무원,2
202405,아시아,51.6,일본,183691.0,278423.0,3,전체,2
202405,아시아,71.7,대만,21465.0,36866.0,3,남성,3
202405,아시아,77.1,대만,44996.0,79699.0,3,여성,3
202405,아시아,102.6,대만,193.0,391.0,3,승무원,3
202405,아시아,75.5,대만,66654.0,116956.0,3,전체,3
202405,아시아,59.4,홍콩,7814.0,12454.0,3,남성,4
202405,아시아,61.1,홍콩,20575.0,33149.0,3,여성,4
202405,아시아,-18.0,홍콩,228.0,187.0,3,승무원,4
202405,아시아,60.0,홍콩,28617.0,45790.0,3,전체,4
202405,아시아,50.8,마카오,496.0,748.0,3,남성,5
202405,아시아,47.8,마카오,1447.0,2138.0,3,여성,5
202405,아시아,675.0,마카오,4.0,31.0,3,승무원,5
202405,아시아,49.8,마카오,1947.0,2917.0,3,전체,5
202405,아시아,38.4,필리핀,8834.0,12229.0,3,남성,6
202405,아시아,84.7,필리핀,7333.0,13546.0,3,여성,6
202405,아시아,58.6,필리핀,11927.0,18911.0,3,승무원,6
202405,아시아,59.1,필리핀,28094.0,44686.0,3,전체,6
202405,아시아,4.8,인도네시아,9493.0,9950.0,3,남성,7
202405,아시아,14.1,인도네시아,8549.0,9752.0,3,여성,7
202405,아시아,168.1,인도네시아,4489.0,12037.0,3,승무원,7
202405,아시아,40.9,인도네시아,22531.0,31739.0,3,전체,7
202405,아시아,-11.8,태국,9857.0,8698.0,3,남성,8
202405,아시아,-10.5,태국,19515.0,17467.0,3,여성,8
202405,아시아,15.0,태국,2225.0,2558.0,3,승무원,8
202405,아시아,-9.1,태국,31597.0,28723.0,3,전체,8
202405,아시아,32.3,베트남,11905.0,15747.0,3,남성,9
202405,아시아,33.1,베트남,13165.0,17521.0,3,여성,9
202405,아시아,26.6,베트남,4352.0,5510.0,3,승무원,9
202405,아시아,31.8,베트남,29422.0,38778.0,3,전체,9
202405,아시아,20.6,인도,5173.0,6239.0,3,남성,10
202405,아시아,44.5,인도,1925.0,2781.0,3,여성,10
202405,아시아,149.6,인도,3685.0,9196.0,3,승무원,10
202405,아시아,68.9,인도,10783.0,18216.0,3,전체,10
202405,아시아,23.8,말레이시아,7715.0,9549.0,3,남성,11
202405,아시아,26.6,말레이시아,12241.0,15492.0,3,여성,11
202405,아시아,47.3,말레이시아,1588.0,2339.0,3,승무원,11
202405,아시아,27.1,말레이시아,21544.0,27380.0,3,전체,11
202405,아시아,21.2,싱가포르,11342.0,13743.0,3,남성,12
202405,아시아,23.9,싱가포르,17781.0,22025.0,3,여성,12
202405,아시아,7.3,싱가포르,1434.0,1538.0,3,승무원,12
202405,아시아,22.1,싱가포르,30557.0,37306.0,3,전체,12
202405,아시아,0.3,몽골,4574.0,4590.0,3,남성,13
202405,아시아,13.4,몽골,5434.0,6164.0,3,여성,13
202405,아시아,1300.0,몽골,1.0,14.0,3,승무원,13
202405,아시아,7.6,몽골,10009.0,10768.0,3,전체,13
202405,아시아,7.2,우즈베키스탄,2332.0,2501.0,3,남성,14
202405,아시아,12.1,우즈베키스탄,963.0,1080.0,3,여성,14
202405,아시아,21.0,우즈베키스탄,272.0,329.0,3,승무원,14
202405,아시아,9.6,우즈베키스탄,3567.0,3910.0,3,전체,14
202405,아시아,13.2,미얀마,2233.0,2528.0,3,남성,15
202405,아시아,50.0,미얀마,452.0,678.0,3,여성,15
202405,아시아,83.7,미얀마,1765.0,3242.0,3,승무원,15
202405,아시아,44.9,미얀마,4450.0,6448.0,3,전체,15
202405,아시아,20.3,GCC,1745.0,2100.0,3,남성,16
202405,아시아,20.1,GCC,1108.0,1331.0,3,여성,16
202405,아시아,-13.5,GCC,237.0,205.0,3,승무원,16
202405,아시아,17.7,GCC,3090.0,3636.0,3,전체,16
202405,아시아,-5.3,카자흐스탄,1707.0,1616.0,3,남성,17
202405,아시아,43.3,카자흐스탄,1851.0,2652.0,3,여성,17
202405,아시아,12.0,카자흐스탄,259.0,290.0,3,승무원,17
202405,아시아,19.4,카자흐스탄,3817.0,4558.0,3,전체,17
202405,아시아,69.7,튀르키예,908.0,1541.0,3,남성,18
202405,아시아,89.5,튀르키예,639.0,1211.0,3,여성,18
202405,아시아,7.2,튀르키예,1035.0,1110.0,3,승무원,18
202405,아시아,49.6,튀르키예,2582.0,3862.0,3,전체,18
202405,아시아,47.8,캄보디아,2517.0,3721.0,3,남성,19
202405,아시아,49.4,캄보디아,999.0,1493.0,3,여성,19
202405,아시아,429.4,캄보디아,17.0,90.0,3,승무원,19
202405,아시아,50.1,캄보디아,3533.0,5304.0,3,전체,19
202405,아시아,46.0,스리랑카,1335.0,1949.0,3,남성,20
202405,아시아,108.8,스리랑카,137.0,286.0,3,여성,20
202405,아시아,34.9,스리랑카,384.0,518.0,3,승무원,20
202405,아시아,48.3,스리랑카,1856.0,2753.0,3,전체,20
202405,아시아,2.0,방글라데시,1545.0,1576.0,3,남성,21
202405,아시아,130.6,방글라데시,124.0,286.0,3,여성,21
202405,아시아,48.7,방글라데시,76.0,113.0,3,승무원,21
202405,아시아,13.2,방글라데시,1745.0,1975.0,3,전체,21
202405,아시아,22.5,파키스탄,795.0,974.0,3,남성,22
202405,아시아,97.3,파키스탄,112.0,221.0,3,여성,22
202405,아시아,20.8,파키스탄,53.0,64.0,3,승무원,22
202405,아시아,31.1,파키스탄,960.0,1259.0,3,전체,22
202405,아시아,-3.0,이스라엘,866.0,840.0,3,남성,23
202405,아시아,-5.5,이스라엘,759.0,717.0,3,여성,23
202405,아시아,600.0,이스라엘,1.0,7.0,3,승무원,23
202405,아시아,-3.8,이스라엘,1626.0,1564.0,3,전체,23
202405,아시아,5.1,이란,176.0,185.0,3,남성,24
202405,아시아,38.0,이란,100.0,138.0,3,여성,24
202405,아시아,90.9,이란,11.0,21.0,3,승무원,24
202405,아시아,19.9,이란,287.0,344.0,3,전체,24
202405,아시아,-16.7,기타,5959.0,4962.0,3,남성,25
202405,아시아,34.2,기타,1566.0,2101.0,3,여성,25
202405,아시아,103.1,기타,453.0,920.0,3,승무원,25
202405,아시아,0.1,기타,7978.0,7983.0,3,전체,25
202405,아메리카,19.4,연도대륙,59093.0,70539.0,2,남성,0
202405,아메리카,25.9,연도대륙,59479.0,74877.0,2,여성,0
202405,아메리카,15.6,연도대륙,10783.0,12461.0,2,승무원,0
202405,아메리카,22.0,연도대륙,129355.0,157877.0,2,전체,0
202405,아메리카,17.8,미국,46851.0,55213.0,3,남성,1
202405,아메리카,23.0,미국,47099.0,57916.0,3,여성,1
202405,아메리카,20.1,미국,7965.0,9565.0,3,승무원,1
202405,아메리카,20.4,미국,101915.0,122694.0,3,전체,1
202405,아메리카,21.7,캐나다,9148.0,11133.0,3,남성,2
202405,아메리카,31.0,캐나다,9401.0,12313.0,3,여성,2
202405,아메리카,4.2,캐나다,1321.0,1377.0,3,승무원,2
202405,아메리카,24.9,캐나다,19870.0,24823.0,3,전체,2
202405,아메리카,40.4,브라질,871.0,1223.0,3,남성,3
202405,아메리카,51.2,브라질,896.0,1355.0,3,여성,3
202405,아메리카,50.5,브라질,297.0,447.0,3,승무원,3
202405,아메리카,46.6,브라질,2064.0,3025.0,3,전체,3
202405,아메리카,34.2,멕시코,763.0,1024.0,3,남성,4
202405,아메리카,59.1,멕시코,724.0,1152.0,3,여성,4
202405,아메리카,12.7,멕시코,237.0,267.0,3,승무원,4
202405,아메리카,41.7,멕시코,1724.0,2443.0,3,전체,4
202405,아메리카,33.3,기타,1460.0,1946.0,3,남성,5
202405,아메리카,57.5,기타,1359.0,2141.0,3,여성,5
202405,아메리카,-16.4,기타,963.0,805.0,3,승무원,5
202405,아메리카,29.3,기타,3782.0,4892.0,3,전체,5
202405,유럽,27.3,연도대륙,37292.0,47481.0,2,남성,0
202405,유럽,48.3,연도대륙,30040.0,44552.0,2,여성,0
202405,유럽,12.8,연도대륙,12993.0,14662.0,2,승무원,0
202405,유럽,32.8,연도대륙,80325.0,106695.0,2,전체,0
202405,유럽,19.3,러시아,4841.0,5773.0,3,남성,1
202405,유럽,59.8,러시아,4467.0,7139.0,3,여성,1
202405,유럽,-8.6,러시아,4811.0,4398.0,3,승무원,1
202405,유럽,22.6,러시아,14119.0,17310.0,3,전체,1
202405,유럽,25.1,영국,5652.0,7072.0,3,남성,2
202405,유럽,35.9,영국,4342.0,5901.0,3,여성,2
202405,유럽,12.6,영국,523.0,589.0,3,승무원,2
202405,유럽,29.0,영국,10517.0,13562.0,3,전체,2
202405,유럽,26.3,독일,6049.0,7642.0,3,남성,3
202405,유럽,41.4,독일,4406.0,6231.0,3,여성,3
202405,유럽,9.6,독일,1201.0,1316.0,3,승무원,3
202405,유럽,30.3,독일,11656.0,15189.0,3,전체,3
202405,유럽,28.1,프랑스,6158.0,7889.0,3,남성,4
202405,유럽,42.6,프랑스,5984.0,8532.0,3,여성,4
202405,유럽,-11.0,프랑스,1021.0,909.0,3,승무원,4
202405,유럽,31.7,프랑스,13163.0,17330.0,3,전체,4
202405,유럽,26.4,이탈리아,2064.0,2609.0,3,남성,5
202405,유럽,66.0,이탈리아,1161.0,1927.0,3,여성,5
202405,유럽,51.3,이탈리아,679.0,1027.0,3,승무원,5
202405,유럽,42.5,이탈리아,3904.0,5563.0,3,전체,5
202405,유럽,24.7,네덜란드,1984.0,2475.0,3,남성,6
202405,유럽,54.4,네덜란드,1386.0,2140.0,3,여성,6
202405,유럽,1.7,네덜란드,977.0,994.0,3,승무원,6
202405,유럽,29.0,네덜란드,4347.0,5609.0,3,전체,6
202405,유럽,-1.1,우크라이나,353.0,349.0,3,남성,7
202405,유럽,44.1,우크라이나,186.0,268.0,3,여성,7
202405,유럽,56.2,우크라이나,852.0,1331.0,3,승무원,7
202405,유럽,40.0,우크라이나,1391.0,1948.0,3,전체,7
202405,유럽,32.0,스페인,1305.0,1722.0,3,남성,8
202405,유럽,62.7,스페인,1017.0,1655.0,3,여성,8
202405,유럽,50.5,스페인,109.0,164.0,3,승무원,8
202405,유럽,45.7,스페인,2431.0,3541.0,3,전체,8
202405,유럽,50.6,루마니아,352.0,530.0,3,남성,9
202405,유럽,77.1,루마니아,327.0,579.0,3,여성,9
202405,유럽,53.6,루마니아,332.0,510.0,3,승무원,9
202405,유럽,60.1,루마니아,1011.0,1619.0,3,전체,9
202405,유럽,21.7,노르웨이,382.0,465.0,3,남성,10
202405,유럽,6.7,노르웨이,330.0,352.0,3,여성,10
202405,유럽,53.8,노르웨이,26.0,40.0,3,승무원,10
202405,유럽,16.1,노르웨이,738.0,857.0,3,전체,10
202405,유럽,15.3,스웨덴,817.0,942.0,3,남성,11
202405,유럽,14.3,스웨덴,596.0,681.0,3,여성,11
202405,유럽,304.3,스웨덴,23.0,93.0,3,승무원,11
202405,유럽,19.5,스웨덴,1436.0,1716.0,3,전체,11
202405,유럽,78.5,폴란드,986.0,1760.0,3,남성,12
202405,유럽,101.1,폴란드,932.0,1874.0,3,여성,12
202405,유럽,62.2,폴란드,590.0,957.0,3,승무원,12
202405,유럽,83.1,폴란드,2508.0,4591.0,3,전체,12
202405,유럽,39.9,스위스,910.0,1273.0,3,남성,13
202405,유럽,46.2,스위스,732.0,1070.0,3,여성,13
202405,유럽,213.5,스위스,37.0,116.0,3,승무원,13
202405,유럽,46.5,스위스,1679.0,2459.0,3,전체,13
202405,유럽,68.0,포르투갈,316.0,531.0,3,남성,14
202405,유럽,113.2,포르투갈,273.0,582.0,3,여성,14
202405,유럽,9.9,포르투갈,111.0,122.0,3,승무원,14
202405,유럽,76.4,포르투갈,700.0,1235.0,3,전체,14
202405,유럽,27.8,오스트리아,568.0,726.0,3,남성,15
202405,유럽,51.9,오스트리아,385.0,585.0,3,여성,15
202405,유럽,19.2,오스트리아,73.0,87.0,3,승무원,15
202405,유럽,36.3,오스트리아,1026.0,1398.0,3,전체,15
202405,유럽,17.7,핀란드,486.0,572.0,3,남성,16
202405,유럽,6.7,핀란드,479.0,511.0,3,여성,16
202405,유럽,-11.9,핀란드,311.0,274.0,3,승무원,16
202405,유럽,6.3,핀란드,1276.0,1357.0,3,전체,16
202405,유럽,23.2,벨기에,741.0,913.0,3,남성,17
202405,유럽,31.2,벨기에,621.0,815.0,3,여성,17
202405,유럽,40.4,벨기에,104.0,146.0,3,승무원,17
202405,유럽,27.8,벨기에,1466.0,1874.0,3,전체,17
202405,유럽,80.3,크로아티아,122.0,220.0,3,남성,18
202405,유럽,83.9,크로아티아,56.0,103.0,3,여성,18
202405,유럽,87.7,크로아티아,122.0,229.0,3,승무원,18
202405,유럽,84.0,크로아티아,300.0,552.0,3,전체,18
202405,유럽,52.8,그리스,305.0,466.0,3,남성,19
202405,유럽,114.9,그리스,148.0,318.0,3,여성,19
202405,유럽,137.2,그리스,121.0,287.0,3,승무원,19
202405,유럽,86.6,그리스,574.0,1071.0,3,전체,19
202405,유럽,8.6,불가리아,162.0,176.0,3,남성,20
202405,유럽,6.1,불가리아,197.0,209.0,3,여성,20
202405,유럽,0.0,불가리아,127.0,127.0,3,승무원,20
202405,유럽,5.3,불가리아,486.0,512.0,3,전체,20
202405,유럽,18.1,덴마크,596.0,704.0,3,남성,21
202405,유럽,49.9,덴마크,395.0,592.0,3,여성,21
202405,유럽,61.1,덴마크,36.0,58.0,3,승무원,21
202405,유럽,31.8,덴마크,1027.0,1354.0,3,전체,21
202405,유럽,45.5,아일랜드,483.0,703.0,3,남성,22
202405,유럽,68.2,아일랜드,302.0,508.0,3,여성,22
202405,유럽,-8.9,아일랜드,45.0,41.0,3,승무원,22
202405,유럽,50.8,아일랜드,830.0,1252.0,3,전체,22
202405,유럽,18.6,기타,1660.0,1969.0,3,남성,23
202405,유럽,50.2,기타,1318.0,1980.0,3,여성,23
202405,유럽,11.2,기타,762.0,847.0,3,승무원,23
202405,유럽,28.2,기타,3740.0,4796.0,3,전체,23
202405,오세아니아,19.3,연도대륙,9269.0,11056.0,2,남성,0
202405,오세아니아,33.1,연도대륙,8950.0,11908.0,2,여성,0
202405,오세아니아,-0.1,연도대륙,1043.0,1042.0,2,승무원,0
202405,오세아니아,24.6,연도대륙,19262.0,24006.0,2,전체,0
202405,오세아니아,23.4,호주,7572.0,9341.0,3,남성,1
202405,오세아니아,38.9,호주,7402.0,10285.0,3,여성,1
202405,오세아니아,10.6,호주,737.0,815.0,3,승무원,1
202405,오세아니아,30.1,호주,15711.0,20441.0,3,전체,1
202405,오세아니아,5.3,뉴질랜드,1519.0,1600.0,3,남성,2
202405,오세아니아,8.4,뉴질랜드,1423.0,1543.0,3,여성,2
202405,오세아니아,-45.0,뉴질랜드,262.0,144.0,3,승무원,2
202405,오세아니아,2.6,뉴질랜드,3204.0,3287.0,3,전체,2
202405,오세아니아,-35.4,기타,178.0,115.0,3,남성,3
202405,오세아니아,-36.0,기타,125.0,80.0,3,여성,3
202405,오세아니아,88.6,기타,44.0,83.0,3,승무원,3
202405,오세아니아,-19.9,기타,347.0,278.0,3,전체,3
202405,아프리카,3.7,연도대륙,2028.0,2104.0,2,남성,0
202405,아프리카,28.4,연도대륙,1036.0,1330.0,2,여성,0
202405,아프리카,22.0,연도대륙,2136.0,2605.0,2,승무원,0
202405,아프리카,16.1,연도대륙,5200.0,6039.0,2,전체,0
202405,아프리카,7.5,남아프리카공화국,305.0,328.0,3,남성,1
202405,아프리카,14.4,남아프리카공화국,353.0,404.0,3,여성,1
202405,아프리카,42.8,남아프리카공화국,325.0,464.0,3,승무원,1
202405,아프리카,21.7,남아프리카공화국,983.0,1196.0,3,전체,1
202405,아프리카,3.1,기타,1723.0,1776.0,3,남성,2
202405,아프리카,35.6,기타,683.0,926.0,3,여성,2
202405,아프리카,18.2,기타,1811.0,2141.0,3,승무원,2
202405,아프리카,14.8,기타,4217.0,4843.0,3,전체,2
202405,기타,0.0,연도대륙,9.0,9.0,2,남성,0
202405,기타,500.0,연도대륙,2.0,12.0,2,여성,0
202405,기타,-50.0,연도대륙,2.0,1.0,2,승무원,0
202405,기타,69.2,연도대륙,13.0,22.0,2,전체,0
202405,기타,0.0,기타,9.0,9.0,3,남성,1
202405,기타,500.0,기타,2.0,12.0,3,여성,1
202405,기타,-50.0,기타,2.0,1.0,3,승무원,1
202405,기타,69.2,기타,13.0,22.0,3,전체,1
202405,교포,-15.2,연도대륙,1615.0,1370.0,2,남성,0
202405,교포,-13.2,연도대륙,2252.0,1954.0,2,여성,0
202405,교포,0.0,연도대륙,0.0,0.0,2,승무원,0
202405,교포,-14.0,연도대륙,3867.0,3324.0,2,전체,0
202405,교포,-15.2,교포,1615.0,1370.0,3,남성,1
202405,교포,-13.2,교포,2252.0,1954.0,3,여성,1
202405,교포,0.0,교포,0.0,0.0,3,승무원,1
202405,교포,-14.0,교포,3867.0,3324.0,3,전체,1
202406,대륙전체,40.7,연도,357199.0,502451.0,1,남성,0
202406,대륙전체,51.2,연도,536935.0,811777.0,1,여성,0
202406,대륙전체,54.9,연도,66504.0,103046.0,1,승무원,0
202406,대륙전체,47.5,연도,960638.0,1417274.0,1,전체,0
202406,아시아,48.6,연도대륙,247757.0,368208.0,2,남성,0
202406,아시아,57.5,연도대륙,429434.0,676454.0,2,여성,0
202406,아시아,82.6,연도대륙,41114.0,75077.0,2,승무원,0
202406,아시아,55.9,연도대륙,718305.0,1119739.0,2,전체,0
202406,아시아,119.0,중국,58478.0,128051.0,3,남성,1
202406,아시아,137.3,중국,107103.0,254178.0,3,여성,1
202406,아시아,515.2,중국,2454.0,15096.0,3,승무원,1
202406,아시아,136.5,중국,168035.0,397325.0,3,전체,1
202406,아시아,30.5,일본,61832.0,80718.0,3,남성,2
202406,아시아,31.7,일본,133981.0,176438.0,3,여성,2
202406,아시아,82.4,일본,699.0,1275.0,3,승무원,2
202406,아시아,31.5,일본,196512.0,258431.0,3,전체,2
202406,아시아,56.0,대만,30182.0,47092.0,3,남성,3
202406,아시아,44.5,대만,66953.0,96769.0,3,여성,3
202406,아시아,71.3,대만,230.0,394.0,3,승무원,3
202406,아시아,48.2,대만,97365.0,144255.0,3,전체,3
202406,아시아,77.4,홍콩,8757.0,15535.0,3,남성,4
202406,아시아,69.4,홍콩,22877.0,38748.0,3,여성,4
202406,아시아,-30.8,홍콩,240.0,166.0,3,승무원,4
202406,아시아,70.8,홍콩,31874.0,54449.0,3,전체,4
202406,아시아,67.5,마카오,533.0,893.0,3,남성,5
202406,아시아,31.1,마카오,1715.0,2249.0,3,여성,5
202406,아시아,4300.0,마카오,1.0,44.0,3,승무원,5
202406,아시아,41.7,마카오,2249.0,3186.0,3,전체,5
202406,아시아,42.6,필리핀,8507.0,12130.0,3,남성,6
202406,아시아,70.0,필리핀,8846.0,15037.0,3,여성,6
202406,아시아,47.2,필리핀,12040.0,17724.0,3,승무원,6
202406,아시아,52.7,필리핀,29393.0,44891.0,3,전체,6
202406,아시아,5.6,인도네시아,8387.0,8856.0,3,남성,7
202406,아시아,11.9,인도네시아,7560.0,8458.0,3,여성,7
202406,아시아,98.1,인도네시아,5967.0,11823.0,3,승무원,7
202406,아시아,33.0,인도네시아,21914.0,29137.0,3,전체,7
202406,아시아,-16.9,태국,7322.0,6084.0,3,남성,8
202406,아시아,-25.5,태국,15595.0,11626.0,3,여성,8
202406,아시아,15.9,태국,2106.0,2440.0,3,승무원,8
202406,아시아,-19.5,태국,25023.0,20150.0,3,전체,8
202406,아시아,30.6,베트남,14579.0,19038.0,3,남성,9
202406,아시아,33.5,베트남,17013.0,22709.0,3,여성,9
202406,아시아,31.0,베트남,4256.0,5576.0,3,승무원,9
202406,아시아,32.0,베트남,35848.0,47323.0,3,전체,9
202406,아시아,21.6,인도,4480.0,5448.0,3,남성,10
202406,아시아,33.1,인도,1852.0,2465.0,3,여성,10
202406,아시아,89.1,인도,5171.0,9780.0,3,승무원,10
202406,아시아,53.8,인도,11503.0,17693.0,3,전체,10
202406,아시아,-0.9,말레이시아,5692.0,5638.0,3,남성,11
202406,아시아,-2.2,말레이시아,8429.0,8244.0,3,여성,11
202406,아시아,34.4,말레이시아,1678.0,2256.0,3,승무원,11
202406,아시아,2.1,말레이시아,15799.0,16138.0,3,전체,11
202406,아시아,-2.2,싱가포르,13749.0,13441.0,3,남성,12
202406,아시아,-4.8,싱가포르,20228.0,19259.0,3,여성,12
202406,아시아,2.4,싱가포르,1400.0,1434.0,3,승무원,12
202406,아시아,-3.5,싱가포르,35377.0,34134.0,3,전체,12
202406,아시아,-6.5,몽골,5360.0,5012.0,3,남성,13
202406,아시아,-3.5,몽골,7826.0,7551.0,3,여성,13
202406,아시아,1400.0,몽골,1.0,15.0,3,승무원,13
202406,아시아,-4.6,몽골,13187.0,12578.0,3,전체,13
202406,아시아,3.4,우즈베키스탄,2396.0,2478.0,3,남성,14
202406,아시아,-2.6,우즈베키스탄,1182.0,1151.0,3,여성,14
202406,아시아,22.4,우즈베키스탄,245.0,300.0,3,승무원,14
202406,아시아,2.8,우즈베키스탄,3823.0,3929.0,3,전체,14
202406,아시아,-17.2,미얀마,2436.0,2018.0,3,남성,15
202406,아시아,33.3,미얀마,492.0,656.0,3,여성,15
202406,아시아,95.1,미얀마,1843.0,3595.0,3,승무원,15
202406,아시아,31.4,미얀마,4771.0,6269.0,3,전체,15
202406,아시아,66.3,GCC,1590.0,2644.0,3,남성,16
202406,아시아,104.9,GCC,1381.0,2829.0,3,여성,16
202406,아시아,-38.4,GCC,216.0,133.0,3,승무원,16
202406,아시아,75.9,GCC,3187.0,5606.0,3,전체,16
202406,아시아,4.0,카자흐스탄,1480.0,1539.0,3,남성,17
202406,아시아,10.1,카자흐스탄,2174.0,2394.0,3,여성,17
202406,아시아,30.2,카자흐스탄,311.0,405.0,3,승무원,17
202406,아시아,9.4,카자흐스탄,3965.0,4338.0,3,전체,17
202406,아시아,89.6,튀르키예,949.0,1799.0,3,남성,18
202406,아시아,85.3,튀르키예,1024.0,1897.0,3,여성,18
202406,아시아,5.6,튀르키예,966.0,1020.0,3,승무원,18
202406,아시아,60.5,튀르키예,2939.0,4716.0,3,전체,18
202406,아시아,-2.5,캄보디아,1811.0,1766.0,3,남성,19
202406,아시아,6.0,캄보디아,916.0,971.0,3,여성,19
202406,아시아,671.4,캄보디아,7.0,54.0,3,승무원,19
202406,아시아,2.1,캄보디아,2734.0,2791.0,3,전체,19
202406,아시아,5.6,스리랑카,1136.0,1200.0,3,남성,20
202406,아시아,87.1,스리랑카,147.0,275.0,3,여성,20
202406,아시아,-4.2,스리랑카,524.0,502.0,3,승무원,20
202406,아시아,9.4,스리랑카,1807.0,1977.0,3,전체,20
202406,아시아,18.9,방글라데시,912.0,1084.0,3,남성,21
202406,아시아,30.1,방글라데시,143.0,186.0,3,여성,21
202406,아시아,45.6,방글라데시,103.0,150.0,3,승무원,21
202406,아시아,22.6,방글라데시,1158.0,1420.0,3,전체,21
202406,아시아,26.8,파키스탄,714.0,905.0,3,남성,22
202406,아시아,96.0,파키스탄,126.0,247.0,3,여성,22
202406,아시아,-9.7,파키스탄,93.0,84.0,3,승무원,22
202406,아시아,32.5,파키스탄,933.0,1236.0,3,전체,22
202406,아시아,-9.3,이스라엘,632.0,573.0,3,남성,23
202406,아시아,-17.6,이스라엘,403.0,332.0,3,여성,23
202406,아시아,1200.0,이스라엘,1.0,13.0,3,승무원,23
202406,아시아,-11.4,이스라엘,1036.0,918.0,3,전체,23
202406,아시아,42.2,이란,135.0,192.0,3,남성,24
202406,아시아,58.3,이란,84.0,133.0,3,여성,24
202406,아시아,-83.3,이란,18.0,3.0,3,승무원,24
202406,아시아,38.4,이란,237.0,328.0,3,전체,24
202406,아시아,-28.6,기타,5708.0,4074.0,3,남성,25
202406,아시아,19.4,기타,1384.0,1652.0,3,여성,25
202406,아시아,46.1,기타,544.0,795.0,3,승무원,25
202406,아시아,-14.6,기타,7636.0,6521.0,3,전체,25
202406,아메리카,26.6,연도대륙,64711.0,81900.0,2,남성,0
202406,아메리카,28.2,연도대륙,68244.0,87468.0,2,여성,0
202406,아메리카,18.0,연도대륙,10078.0,11894.0,2,승무원,0
202406,아메리카,26.7,연도대륙,143033.0,181262.0,2,전체,0
202406,아메리카,24.7,미국,55415.0,69077.0,3,남성,1
202406,아메리카,26.1,미국,58479.0,73727.0,3,여성,1
202406,아메리카,19.1,미국,7484.0,8917.0,3,승무원,1
202406,아메리카,25.0,미국,121378.0,151721.0,3,전체,1
202406,아메리카,31.9,캐나다,6912.0,9117.0,3,남성,2
202406,아메리카,35.4,캐나다,7233.0,9797.0,3,여성,2
202406,아메리카,35.1,캐나다,1084.0,1464.0,3,승무원,2
202406,아메리카,33.8,캐나다,15229.0,20378.0,3,전체,2
202406,아메리카,87.0,브라질,563.0,1053.0,3,남성,3
202406,아메리카,77.1,브라질,560.0,992.0,3,여성,3
202406,아메리카,16.1,브라질,341.0,396.0,3,승무원,3
202406,아메리카,66.7,브라질,1464.0,2441.0,3,전체,3
202406,아메리카,63.6,멕시코,643.0,1052.0,3,남성,4
202406,아메리카,67.2,멕시코,774.0,1294.0,3,여성,4
202406,아메리카,40.0,멕시코,145.0,203.0,3,승무원,4
202406,아메리카,63.2,멕시코,1562.0,2549.0,3,전체,4
202406,아메리카,35.9,기타,1178.0,1601.0,3,남성,5
202406,아메리카,38.4,기타,1198.0,1658.0,3,여성,5
202406,아메리카,-10.7,기타,1024.0,914.0,3,승무원,5
202406,아메리카,22.7,기타,3400.0,4173.0,3,전체,5
202406,유럽,19.3,연도대륙,31902.0,38058.0,2,남성,0
202406,유럽,29.0,연도대륙,25984.0,33518.0,2,여성,0
202406,유럽,5.1,연도대륙,12357.0,12984.0,2,승무원,0
202406,유럽,20.4,연도대륙,70243.0,84560.0,2,전체,0
202406,유럽,11.2,러시아,4948.0,5500.0,3,남성,1
202406,유럽,27.3,러시아,5305.0,6754.0,3,여성,1
202406,유럽,-14.7,러시아,4102.0,3499.0,3,승무원,1
202406,유럽,9.7,러시아,14355.0,15753.0,3,전체,1
202406,유럽,30.3,영국,4607.0,6003.0,3,남성,2
202406,유럽,36.8,영국,3576.0,4893.0,3,여성,2
202406,유럽,40.1,영국,372.0,521.0,3,승무원,2
202406,유럽,33.5,영국,8555.0,11417.0,3,전체,2
202406,유럽,9.1,독일,4856.0,5296.0,3,남성,3
202406,유럽,13.9,독일,2986.0,3400.0,3,여성,3
202406,유럽,12.3,독일,1220.0,1370.0,3,승무원,3
202406,유럽,11.1,독일,9062.0,10066.0,3,전체,3
202406,유럽,21.6,프랑스,4315.0,5249.0,3,남성,4
202406,유럽,23.9,프랑스,4111.0,5092.0,3,여성,4
202406,유럽,-12.4,프랑스,740.0,648.0,3,승무원,4
202406,유럽,19.9,프랑스,9166.0,10989.0,3,전체,4
202406,유럽,33.3,이탈리아,1748.0,2330.0,3,남성,5
202406,유럽,62.3,이탈리아,1027.0,1667.0,3,여성,5
202406,유럽,-12.2,이탈리아,1120.0,983.0,3,승무원,5
202406,유럽,27.9,이탈리아,3895.0,4980.0,3,전체,5
202406,유럽,9.5,네덜란드,1501.0,1644.0,3,남성,6
202406,유럽,6.0,네덜란드,1030.0,1092.0,3,여성,6
202406,유럽,-1.1,네덜란드,938.0,928.0,3,승무원,6
202406,유럽,5.6,네덜란드,3469.0,3664.0,3,전체,6
202406,유럽,8.1,우크라이나,347.0,375.0,3,남성,7
202406,유럽,45.1,우크라이나,184.0,267.0,3,여성,7
202406,유럽,27.7,우크라이나,965.0,1232.0,3,승무원,7
202406,유럽,25.3,우크라이나,1496.0,1874.0,3,전체,7
202406,유럽,41.4,스페인,1193.0,1687.0,3,남성,8
202406,유럽,44.1,스페인,1061.0,1529.0,3,여성,8
202406,유럽,30.0,스페인,110.0,143.0,3,승무원,8
202406,유럽,42.1,스페인,2364.0,3359.0,3,전체,8
202406,유럽,25.2,루마니아,282.0,353.0,3,남성,9
202406,유럽,39.2,루마니아,255.0,355.0,3,여성,9
202406,유럽,46.1,루마니아,321.0,469.0,3,승무원,9
202406,유럽,37.2,루마니아,858.0,1177.0,3,전체,9
202406,유럽,2.8,노르웨이,604.0,621.0,3,남성,10
202406,유럽,16.9,노르웨이,537.0,628.0,3,여성,10
202406,유럽,-21.1,노르웨이,19.0,15.0,3,승무원,10
202406,유럽,9.0,노르웨이,1160.0,1264.0,3,전체,10
202406,유럽,18.9,스웨덴,967.0,1150.0,3,남성,11
202406,유럽,13.6,스웨덴,914.0,1038.0,3,여성,11
202406,유럽,588.9,스웨덴,18.0,124.0,3,승무원,11
202406,유럽,21.7,스웨덴,1899.0,2312.0,3,전체,11
202406,유럽,25.2,폴란드,998.0,1249.0,3,남성,12
202406,유럽,52.8,폴란드,812.0,1241.0,3,여성,12
202406,유럽,48.0,폴란드,617.0,913.0,3,승무원,12
202406,유럽,40.2,폴란드,2427.0,3403.0,3,전체,12
202406,유럽,19.6,스위스,755.0,903.0,3,남성,13
202406,유럽,38.9,스위스,543.0,754.0,3,여성,13
202406,유럽,288.9,스위스,36.0,140.0,3,승무원,13
202406,유럽,34.7,스위스,1334.0,1797.0,3,전체,13
202406,유럽,42.4,포르투갈,316.0,450.0,3,남성,14
202406,유럽,52.6,포르투갈,325.0,496.0,3,여성,14
202406,유럽,5.2,포르투갈,116.0,122.0,3,승무원,14
202406,유럽,41.1,포르투갈,757.0,1068.0,3,전체,14
202406,유럽,-0.6,오스트리아,519.0,516.0,3,남성,15
202406,유럽,27.0,오스트리아,281.0,357.0,3,여성,15
202406,유럽,29.5,오스트리아,78.0,101.0,3,승무원,15
202406,유럽,10.9,오스트리아,878.0,974.0,3,전체,15
202406,유럽,25.8,핀란드,418.0,526.0,3,남성,16
202406,유럽,26.6,핀란드,425.0,538.0,3,여성,16
202406,유럽,-4.8,핀란드,271.0,258.0,3,승무원,16
202406,유럽,18.7,핀란드,1114.0,1322.0,3,전체,16
202406,유럽,13.3,벨기에,577.0,654.0,3,남성,17
202406,유럽,53.5,벨기에,409.0,628.0,3,여성,17
202406,유럽,-18.0,벨기에,111.0,91.0,3,승무원,17
202406,유럽,25.2,벨기에,1097.0,1373.0,3,전체,17
202406,유럽,65.7,크로아티아,102.0,169.0,3,남성,18
202406,유럽,50.0,크로아티아,52.0,78.0,3,여성,18
202406,유럽,20.5,크로아티아,161.0,194.0,3,승무원,18
202406,유럽,40.0,크로아티아,315.0,441.0,3,전체,18
202406,유럽,8.3,그리스,339.0,367.0,3,남성,19
202406,유럽,93.6,그리스,78.0,151.0,3,여성,19
202406,유럽,79.9,그리스,139.0,250.0,3,승무원,19
202406,유럽,38.1,그리스,556.0,768.0,3,전체,19
202406,유럽,10.7,불가리아,121.0,134.0,3,남성,20
202406,유럽,25.2,불가리아,107.0,134.0,3,여성,20
202406,유럽,31.8,불가리아,148.0,195.0,3,승무원,20
202406,유럽,23.1,불가리아,376.0,463.0,3,전체,20
202406,유럽,11.3,덴마크,529.0,589.0,3,남성,21
202406,유럽,7.1,덴마크,339.0,363.0,3,여성,21
202406,유럽,26.1,덴마크,69.0,87.0,3,승무원,21
202406,유럽,10.9,덴마크,937.0,1039.0,3,전체,21
202406,유럽,39.2,아일랜드,406.0,565.0,3,남성,22
202406,유럽,24.4,아일랜드,369.0,459.0,3,여성,22
202406,유럽,46.4,아일랜드,28.0,41.0,3,승무원,22
202406,유럽,32.6,아일랜드,803.0,1065.0,3,전체,22
202406,유럽,18.8,기타,1454.0,1728.0,3,남성,23
202406,유럽,27.5,기타,1258.0,1604.0,3,여성,23
202406,유럽,0.3,기타,658.0,660.0,3,승무원,23
202406,유럽,18.5,기타,3370.0,3992.0,3,전체,23
202406,오세아니아,9.0,연도대륙,9824.0,10707.0,2,남성,0
202406,오세아니아,9.9,연도대륙,10146.0,11153.0,2,여성,0
202406,오세아니아,-1.9,연도대륙,915.0,898.0,2,승무원,0
202406,오세아니아,9.0,연도대륙,20885.0,22758.0,2,전체,0
202406,오세아니아,12.1,호주,8048.0,9021.0,3,남성,1
202406,오세아니아,13.9,호주,8441.0,9614.0,3,여성,1
202406,오세아니아,17.9,호주,605.0,713.0,3,승무원,1
202406,오세아니아,13.2,호주,17094.0,19348.0,3,전체,1
202406,오세아니아,-8.1,뉴질랜드,1707.0,1569.0,3,남성,2
202406,오세아니아,-11.8,뉴질랜드,1650.0,1456.0,3,여성,2
202406,오세아니아,-45.7,뉴질랜드,256.0,139.0,3,승무원,2
202406,오세아니아,-12.4,뉴질랜드,3613.0,3164.0,3,전체,2
202406,오세아니아,69.6,기타,69.0,117.0,3,남성,3
202406,오세아니아,50.9,기타,55.0,83.0,3,여성,3
202406,오세아니아,-14.8,기타,54.0,46.0,3,승무원,3
202406,오세아니아,38.2,기타,178.0,246.0,3,전체,3
202406,아프리카,61.1,연도대륙,1507.0,2428.0,2,남성,0
202406,아프리카,51.0,연도대륙,1013.0,1530.0,2,여성,0
202406,아프리카,7.4,연도대륙,2037.0,2188.0,2,승무원,0
202406,아프리카,34.9,연도대륙,4557.0,6146.0,2,전체,0
202406,아프리카,28.6,남아프리카공화국,308.0,396.0,3,남성,1
202406,아프리카,21.9,남아프리카공화국,384.0,468.0,3,여성,1
202406,아프리카,32.3,남아프리카공화국,300.0,397.0,3,승무원,1
202406,아프리카,27.1,남아프리카공화국,992.0,1261.0,3,전체,1
202406,아프리카,69.5,기타,1199.0,2032.0,3,남성,2
202406,아프리카,68.8,기타,629.0,1062.0,3,여성,2
202406,아프리카,3.1,기타,1737.0,1791.0,3,승무원,2
202406,아프리카,37.0,기타,3565.0,4885.0,3,전체,2
202406,기타,20.0,연도대륙,5.0,6.0,2,남성,0
202406,기타,-16.7,연도대륙,6.0,5.0,2,여성,0
202406,기타,66.7,연도대륙,3.0,5.0,2,승무원,0
202406,기타,14.3,연도대륙,14.0,16.0,2,전체,0
202406,기타,20.0,기타,5.0,6.0,3,남성,1
202406,기타,-16.7,기타,6.0,5.0,3,여성,1
202406,기타,66.7,기타,3.0,5.0,3,승무원,1
202406,기타,14.3,기타,14.0,16.0,3,전체,1
202406,교포,-23.4,연도대륙,1493.0,1144.0,2,남성,0
202406,교포,-21.8,연도대륙,2108.0,1649.0,2,여성,0
202406,교포,0.0,연도대륙,0.0,0.0,2,승무원,0
202406,교포,-22.4,연도대륙,3601.0,2793.0,2,전체,0
202406,교포,-23.4,교포,1493.0,1144.0,3,남성,1
202406,교포,-21.8,교포,2108.0,1649.0,3,여성,1
202406,교포,0.0,교포,0.0,0.0,3,승무원,1
202406,교포,-22.4,교포,3601.0,2793.0,3,전체,1
202407,대륙전체,28.7,연도,390848.0,502854.0,1,남성,0
202407,대륙전체,40.2,연도,576482.0,808072.0,1,여성,0
202407,대륙전체,50.4,연도,64858.0,97573.0,1,승무원,0
202407,대륙전체,36.5,연도,1032188.0,1408499.0,1,전체,0
202407,아시아,39.3,연도대륙,271190.0,377809.0,2,남성,0
202407,아시아,47.7,연도대륙,460078.0,679601.0,2,여성,0
202407,아시아,75.7,연도대륙,39758.0,69863.0,2,승무원,0
202407,아시아,46.2,연도대륙,771026.0,1127273.0,2,전체,0
202407,아시아,93.8,중국,76691.0,148648.0,3,남성,1
202407,아시아,103.6,중국,145480.0,296263.0,3,여성,1
202407,아시아,437.5,중국,2634.0,14158.0,3,승무원,1
202407,아시아,104.2,중국,224805.0,459069.0,3,전체,1
202407,아시아,15.2,일본,67928.0,78220.0,3,남성,2
202407,아시아,14.6,일본,142568.0,163366.0,3,여성,2
202407,아시아,40.6,일본,972.0,1367.0,3,승무원,2
202407,아시아,14.9,일본,211468.0,242953.0,3,전체,2
202407,아시아,36.4,대만,36116.0,49262.0,3,남성,3
202407,아시아,38.5,대만,67149.0,93028.0,3,여성,3
202407,아시아,43.2,대만,301.0,431.0,3,승무원,3
202407,아시아,37.8,대만,103566.0,142721.0,3,전체,3
202407,아시아,44.1,홍콩,12964.0,18686.0,3,남성,4
202407,아시아,49.8,홍콩,26319.0,39422.0,3,여성,4
202407,아시아,-19.3,홍콩,244.0,197.0,3,승무원,4
202407,아시아,47.5,홍콩,39527.0,58305.0,3,전체,4
202407,아시아,57.9,마카오,1146.0,1810.0,3,남성,5
202407,아시아,62.2,마카오,2388.0,3873.0,3,여성,5
202407,아시아,0.0,마카오,0.0,67.0,3,승무원,5
202407,아시아,62.7,마카오,3534.0,5750.0,3,전체,5
202407,아시아,14.1,필리핀,7298.0,8327.0,3,남성,6
202407,아시아,32.3,필리핀,6977.0,9234.0,3,여성,6
202407,아시아,43.0,필리핀,11940.0,17071.0,3,승무원,6
202407,아시아,32.1,필리핀,26215.0,34632.0,3,전체,6
202407,아시아,1.9,인도네시아,6900.0,7031.0,3,남성,7
202407,아시아,-9.2,인도네시아,7060.0,6410.0,3,여성,7
202407,아시아,136.0,인도네시아,3974.0,9377.0,3,승무원,7
202407,아시아,27.2,인도네시아,17934.0,22818.0,3,전체,7
202407,아시아,-13.2,태국,6173.0,5357.0,3,남성,8
202407,아시아,-14.7,태국,11858.0,10119.0,3,여성,8
202407,아시아,19.8,태국,2153.0,2580.0,3,승무원,8
202407,아시아,-10.5,태국,20184.0,18056.0,3,전체,8
202407,아시아,17.0,베트남,15103.0,17676.0,3,남성,9
202407,아시아,19.1,베트남,18390.0,21901.0,3,여성,9
202407,아시아,16.2,베트남,4909.0,5705.0,3,승무원,9
202407,아시아,17.9,베트남,38402.0,45282.0,3,전체,9
202407,아시아,-6.9,인도,5081.0,4730.0,3,남성,10
202407,아시아,-2.3,인도,1632.0,1595.0,3,여성,10
202407,아시아,84.6,인도,4339.0,8011.0,3,승무원,10
202407,아시아,29.7,인도,11052.0,14336.0,3,전체,10
202407,아시아,-0.9,말레이시아,4146.0,4109.0,3,남성,11
202407,아시아,7.1,말레이시아,5518.0,5908.0,3,여성,11
202407,아시아,33.5,말레이시아,1692.0,2258.0,3,승무원,11
202407,아시아,8.1,말레이시아,11356.0,12275.0,3,전체,11
202407,아시아,2.2,싱가포르,5050.0,5162.0,3,남성,12
202407,아시아,9.6,싱가포르,6818.0,7473.0,3,여성,12
202407,아시아,-3.2,싱가포르,1480.0,1433.0,3,승무원,12
202407,아시아,5.4,싱가포르,13348.0,14068.0,3,전체,12
202407,아시아,13.0,몽골,4459.0,5038.0,3,남성,13
202407,아시아,11.4,몽골,6622.0,7376.0,3,여성,13
202407,아시아,-97.0,몽골,33.0,1.0,3,승무원,13
202407,아시아,11.7,몽골,11114.0,12415.0,3,전체,13
202407,아시아,6.6,우즈베키스탄,2916.0,3108.0,3,남성,14
202407,아시아,2.4,우즈베키스탄,1474.0,1510.0,3,여성,14
202407,아시아,20.0,우즈베키스탄,265.0,318.0,3,승무원,14
202407,아시아,6.0,우즈베키스탄,4655.0,4936.0,3,전체,14
202407,아시아,-16.1,미얀마,2564.0,2152.0,3,남성,15
202407,아시아,57.9,미얀마,321.0,507.0,3,여성,15
202407,아시아,66.6,미얀마,2106.0,3509.0,3,승무원,15
202407,아시아,23.6,미얀마,4991.0,6168.0,3,전체,15
202407,아시아,23.1,GCC,2117.0,2605.0,3,남성,16
202407,아시아,47.3,GCC,1815.0,2673.0,3,여성,16
202407,아시아,-45.6,GCC,195.0,106.0,3,승무원,16
202407,아시아,30.5,GCC,4127.0,5384.0,3,전체,16
202407,아시아,0.2,카자흐스탄,1858.0,1861.0,3,남성,17
202407,아시아,5.4,카자흐스탄,2711.0,2858.0,3,여성,17
202407,아시아,30.9,카자흐스탄,317.0,415.0,3,승무원,17
202407,아시아,5.1,카자흐스탄,4886.0,5134.0,3,전체,17
202407,아시아,51.7,튀르키예,1056.0,1602.0,3,남성,18
202407,아시아,84.4,튀르키예,881.0,1625.0,3,여성,18
202407,아시아,-5.0,튀르키예,1075.0,1021.0,3,승무원,18
202407,아시아,41.0,튀르키예,3012.0,4248.0,3,전체,18
202407,아시아,29.3,캄보디아,1958.0,2531.0,3,남성,19
202407,아시아,-4.0,캄보디아,1184.0,1137.0,3,여성,19
202407,아시아,2133.3,캄보디아,3.0,67.0,3,승무원,19
202407,아시아,18.8,캄보디아,3145.0,3735.0,3,전체,19
202407,아시아,44.3,스리랑카,1025.0,1479.0,3,남성,20
202407,아시아,136.6,스리랑카,131.0,310.0,3,여성,20
202407,아시아,32.9,스리랑카,441.0,586.0,3,승무원,20
202407,아시아,48.7,스리랑카,1597.0,2375.0,3,전체,20
202407,아시아,6.3,방글라데시,1624.0,1727.0,3,남성,21
202407,아시아,-32.1,방글라데시,421.0,286.0,3,여성,21
202407,아시아,69.5,방글라데시,95.0,161.0,3,승무원,21
202407,아시아,1.6,방글라데시,2140.0,2174.0,3,전체,21
202407,아시아,48.4,파키스탄,739.0,1097.0,3,남성,22
202407,아시아,89.3,파키스탄,150.0,284.0,3,여성,22
202407,아시아,33.8,파키스탄,68.0,91.0,3,승무원,22
202407,아시아,53.8,파키스탄,957.0,1472.0,3,전체,22
202407,아시아,-8.1,이스라엘,675.0,620.0,3,남성,23
202407,아시아,7.0,이스라엘,470.0,503.0,3,여성,23
202407,아시아,0.0,이스라엘,6.0,6.0,3,승무원,23
202407,아시아,-1.9,이스라엘,1151.0,1129.0,3,전체,23
202407,아시아,25.7,이란,152.0,191.0,3,남성,24
202407,아시아,35.9,이란,92.0,125.0,3,여성,24
202407,아시아,-84.0,이란,25.0,4.0,3,승무원,24
202407,아시아,19.0,이란,269.0,320.0,3,전체,24
202407,아시아,-12.3,기타,5451.0,4780.0,3,남성,25
202407,아시아,10.1,기타,1649.0,1815.0,3,여성,25
202407,아시아,88.0,기타,491.0,923.0,3,승무원,25
202407,아시아,-1.0,기타,7591.0,7518.0,3,전체,25
202407,아메리카,13.8,연도대륙,61541.0,70007.0,2,남성,0
202407,아메리카,18.2,연도대륙,61897.0,73141.0,2,여성,0
202407,아메리카,15.9,연도대륙,10999.0,12752.0,2,승무원,0
202407,아메리카,16.0,연도대륙,134437.0,155900.0,2,전체,0
202407,아메리카,13.1,미국,48589.0,54970.0,3,남성,1
202407,아메리카,17.4,미국,47850.0,56194.0,3,여성,1
202407,아메리카,15.8,미국,8384.0,9710.0,3,승무원,1
202407,아메리카,15.3,미국,104823.0,120874.0,3,전체,1
202407,아메리카,28.0,캐나다,8274.0,10587.0,3,남성,2
202407,아메리카,31.8,캐나다,8789.0,11584.0,3,여성,2
202407,아메리카,35.0,캐나다,1280.0,1728.0,3,승무원,2
202407,아메리카,30.3,캐나다,18343.0,23899.0,3,전체,2
202407,아메리카,-13.6,브라질,1283.0,1108.0,3,남성,3
202407,아메리카,-5.1,브라질,1353.0,1284.0,3,여성,3
202407,아메리카,2.0,브라질,298.0,304.0,3,승무원,3
202407,아메리카,-8.1,브라질,2934.0,2696.0,3,전체,3
202407,아메리카,36.2,멕시코,1156.0,1575.0,3,남성,4
202407,아메리카,39.7,멕시코,1508.0,2106.0,3,여성,4
202407,아메리카,12.8,멕시코,195.0,220.0,3,승무원,4
202407,아메리카,36.4,멕시코,2859.0,3901.0,3,전체,4
202407,아메리카,-21.1,기타,2239.0,1767.0,3,남성,5
202407,아메리카,-17.7,기타,2397.0,1973.0,3,여성,5
202407,아메리카,-6.2,기타,842.0,790.0,3,승무원,5
202407,아메리카,-17.3,기타,5478.0,4530.0,3,전체,5
202407,유럽,-5.9,연도대륙,45471.0,42781.0,2,남성,0
202407,유럽,0.8,연도대륙,42712.0,43049.0,2,여성,0
202407,유럽,6.7,연도대륙,11227.0,11980.0,2,승무원,0
202407,유럽,-1.6,연도대륙,99410.0,97810.0,2,전체,0
202407,유럽,34.2,러시아,5011.0,6725.0,3,남성,1
202407,유럽,58.1,러시아,6746.0,10664.0,3,여성,1
202407,유럽,-9.1,러시아,3860.0,3510.0,3,승무원,1
202407,유럽,33.8,러시아,15617.0,20899.0,3,전체,1
202407,유럽,-23.7,영국,7665.0,5849.0,3,남성,2
202407,유럽,-21.0,영국,6204.0,4900.0,3,여성,2
202407,유럽,14.4,영국,367.0,420.0,3,승무원,2
202407,유럽,-21.5,영국,14236.0,11169.0,3,전체,2
202407,유럽,-7.0,독일,5986.0,5566.0,3,남성,3
202407,유럽,-10.7,독일,4527.0,4041.0,3,여성,3
202407,유럽,-7.9,독일,1097.0,1010.0,3,승무원,3
202407,유럽,-8.6,독일,11610.0,10617.0,3,전체,3
202407,유럽,14.0,프랑스,5699.0,6497.0,3,남성,4
202407,유럽,14.8,프랑스,5831.0,6693.0,3,여성,4
202407,유럽,-11.9,프랑스,913.0,804.0,3,승무원,4
202407,유럽,12.5,프랑스,12443.0,13994.0,3,전체,4
202407,유럽,14.4,이탈리아,2078.0,2378.0,3,남성,5
202407,유럽,30.6,이탈리아,1322.0,1727.0,3,여성,5
202407,유럽,-9.2,이탈리아,574.0,521.0,3,승무원,5
202407,유럽,16.4,이탈리아,3974.0,4626.0,3,전체,5
202407,유럽,-22.7,네덜란드,3212.0,2483.0,3,남성,6
202407,유럽,-15.9,네덜란드,2665.0,2242.0,3,여성,6
202407,유럽,-10.3,네덜란드,975.0,875.0,3,승무원,6
202407,유럽,-18.3,네덜란드,6852.0,5600.0,3,전체,6
202407,유럽,-5.7,우크라이나,353.0,333.0,3,남성,7
202407,유럽,10.9,우크라이나,247.0,274.0,3,여성,7
202407,유럽,55.3,우크라이나,707.0,1098.0,3,승무원,7
202407,유럽,30.5,우크라이나,1307.0,1705.0,3,전체,7
202407,유럽,11.3,스페인,1868.0,2080.0,3,남성,8
202407,유럽,23.2,스페인,1631.0,2010.0,3,여성,8
202407,유럽,18.9,스페인,111.0,132.0,3,승무원,8
202407,유럽,17.0,스페인,3610.0,4222.0,3,전체,8
202407,유럽,33.3,루마니아,294.0,392.0,3,남성,9
202407,유럽,12.4,루마니아,339.0,381.0,3,여성,9
202407,유럽,38.3,루마니아,269.0,372.0,3,승무원,9
202407,유럽,26.9,루마니아,902.0,1145.0,3,전체,9
202407,유럽,-18.6,노르웨이,980.0,798.0,3,남성,10
202407,유럽,-18.4,노르웨이,970.0,792.0,3,여성,10
202407,유럽,-10.0,노르웨이,20.0,18.0,3,승무원,10
202407,유럽,-18.4,노르웨이,1970.0,1608.0,3,전체,10
202407,유럽,-48.6,스웨덴,1879.0,966.0,3,남성,11
202407,유럽,-53.2,스웨덴,1718.0,804.0,3,여성,11
202407,유럽,138.7,스웨덴,31.0,74.0,3,승무원,11
202407,유럽,-49.2,스웨덴,3628.0,1844.0,3,전체,11
202407,유럽,30.7,폴란드,977.0,1277.0,3,남성,12
202407,유럽,20.7,폴란드,1116.0,1347.0,3,여성,12
202407,유럽,42.8,폴란드,617.0,881.0,3,승무원,12
202407,유럽,29.3,폴란드,2710.0,3505.0,3,전체,12
202407,유럽,-28.1,스위스,1734.0,1246.0,3,남성,13
202407,유럽,-23.7,스위스,1711.0,1306.0,3,여성,13
202407,유럽,358.3,스위스,36.0,165.0,3,승무원,13
202407,유럽,-21.9,스위스,3481.0,2717.0,3,전체,13
202407,유럽,-30.3,포르투갈,558.0,389.0,3,남성,14
202407,유럽,-21.6,포르투갈,602.0,472.0,3,여성,14
202407,유럽,14.0,포르투갈,114.0,130.0,3,승무원,14
202407,유럽,-22.2,포르투갈,1274.0,991.0,3,전체,14
202407,유럽,-17.9,오스트리아,910.0,747.0,3,남성,15
202407,유럽,-13.6,오스트리아,772.0,667.0,3,여성,15
202407,유럽,49.3,오스트리아,67.0,100.0,3,승무원,15
202407,유럽,-13.4,오스트리아,1749.0,1514.0,3,전체,15
202407,유럽,-33.9,핀란드,584.0,386.0,3,남성,16
202407,유럽,-57.8,핀란드,800.0,338.0,3,여성,16
202407,유럽,-10.4,핀란드,299.0,268.0,3,승무원,16
202407,유럽,-41.1,핀란드,1683.0,992.0,3,전체,16
202407,유럽,-28.2,벨기에,1279.0,918.0,3,남성,17
202407,유럽,-31.5,벨기에,1357.0,930.0,3,여성,17
202407,유럽,9.6,벨기에,114.0,125.0,3,승무원,17
202407,유럽,-28.3,벨기에,2750.0,1973.0,3,전체,17
202407,유럽,21.4,크로아티아,126.0,153.0,3,남성,18
202407,유럽,-21.5,크로아티아,93.0,73.0,3,여성,18
202407,유럽,102.7,크로아티아,113.0,229.0,3,승무원,18
202407,유럽,37.0,크로아티아,332.0,455.0,3,전체,18
202407,유럽,16.8,그리스,334.0,390.0,3,남성,19
202407,유럽,16.1,그리스,168.0,195.0,3,여성,19
202407,유럽,118.5,그리스,130.0,284.0,3,승무원,19
202407,유럽,37.5,그리스,632.0,869.0,3,전체,19
202407,유럽,5.0,불가리아,141.0,148.0,3,남성,20
202407,유럽,-6.2,불가리아,145.0,136.0,3,여성,20
202407,유럽,72.4,불가리아,76.0,131.0,3,승무원,20
202407,유럽,14.6,불가리아,362.0,415.0,3,전체,20
202407,유럽,-17.3,덴마크,980.0,810.0,3,남성,21
202407,유럽,-18.2,덴마크,971.0,794.0,3,여성,21
202407,유럽,26.9,덴마크,52.0,66.0,3,승무원,21
202407,유럽,-16.6,덴마크,2003.0,1670.0,3,전체,21
202407,유럽,-10.8,아일랜드,558.0,498.0,3,남성,22
202407,유럽,-3.4,아일랜드,446.0,431.0,3,여성,22
202407,유럽,5.9,아일랜드,34.0,36.0,3,승무원,22
202407,유럽,-7.0,아일랜드,1038.0,965.0,3,전체,22
202407,유럽,-22.6,기타,2265.0,1752.0,3,남성,23
202407,유럽,-21.4,기타,2331.0,1832.0,3,여성,23
202407,유럽,12.3,기타,651.0,731.0,3,승무원,23
202407,유럽,-17.8,기타,5247.0,4315.0,3,전체,23
202407,오세아니아,4.1,연도대륙,8744.0,9104.0,2,남성,0
202407,오세아니아,11.5,연도대륙,8251.0,9197.0,2,여성,0
202407,오세아니아,15.6,연도대륙,865.0,1000.0,2,승무원,0
202407,오세아니아,8.1,연도대륙,17860.0,19301.0,2,전체,0
202407,오세아니아,7.2,호주,7112.0,7625.0,3,남성,1
202407,오세아니아,15.2,호주,6758.0,7784.0,3,여성,1
202407,오세아니아,37.9,호주,572.0,789.0,3,승무원,1
202407,오세아니아,12.2,호주,14442.0,16198.0,3,전체,1
202407,오세아니아,-15.4,뉴질랜드,1537.0,1300.0,3,남성,2
202407,오세아니아,-12.5,뉴질랜드,1395.0,1221.0,3,여성,2
202407,오세아니아,-38.0,뉴질랜드,258.0,160.0,3,승무원,2
202407,오세아니아,-16.0,뉴질랜드,3190.0,2681.0,3,전체,2
202407,오세아니아,88.4,기타,95.0,179.0,3,남성,3
202407,오세아니아,95.9,기타,98.0,192.0,3,여성,3
202407,오세아니아,45.7,기타,35.0,51.0,3,승무원,3
202407,오세아니아,85.1,기타,228.0,422.0,3,전체,3
202407,아프리카,-22.0,연도대륙,2659.0,2074.0,2,남성,0
202407,아프리카,-13.9,연도대륙,1861.0,1603.0,2,여성,0
202407,아프리카,-1.4,연도대륙,2003.0,1974.0,2,승무원,0
202407,아프리카,-13.4,연도대륙,6523.0,5651.0,2,전체,0
202407,아프리카,-23.9,남아프리카공화국,518.0,394.0,3,남성,1
202407,아프리카,-10.0,남아프리카공화국,562.0,506.0,3,여성,1
202407,아프리카,24.3,남아프리카공화국,325.0,404.0,3,승무원,1
202407,아프리카,-7.2,남아프리카공화국,1405.0,1304.0,3,전체,1
202407,아프리카,-21.5,기타,2141.0,1680.0,3,남성,2
202407,아프리카,-15.6,기타,1299.0,1097.0,3,여성,2
202407,아프리카,-6.4,기타,1678.0,1570.0,3,승무원,2
202407,아프리카,-15.1,기타,5118.0,4347.0,3,전체,2
202407,기타,-36.4,연도대륙,11.0,7.0,2,남성,0
202407,기타,-66.7,연도대륙,6.0,2.0,2,여성,0
202407,기타,-33.3,연도대륙,6.0,4.0,2,승무원,0
202407,기타,-43.5,연도대륙,23.0,13.0,2,전체,0
202407,기타,-36.4,기타,11.0,7.0,3,남성,1
202407,기타,-66.7,기타,6.0,2.0,3,여성,1
202407,기타,-33.3,기타,6.0,4.0,3,승무원,1
202407,기타,-43.5,기타,23.0,13.0,3,전체,1
202407,교포,-13.0,연도대륙,1232.0,1072.0,2,남성,0
202407,교포,-11.8,연도대륙,1677.0,1479.0,2,여성,0
202407,교포,0.0,연도대륙,0.0,0.0,2,승무원,0
202407,교포,-12.3,연도대륙,2909.0,2551.0,2,전체,0
202407,교포,-13.0,교포,1232.0,1072.0,3,남성,1
202407,교포,-11.8,교포,1677.0,1479.0,3,여성,1
202407,교포,0.0,교포,0.0,0.0,3,승무원,1
202407,교포,-12.3,교포,2909.0,2551.0,3,전체,1
202408,대륙전체,39.6,연도,417005.0,582254.0,1,남성,0
202408,대륙전체,44.3,연도,608409.0,878168.0,1,여성,0
202408,대륙전체,61.3,연도,63719.0,102799.0,1,승무원,0
202408,대륙전체,43.5,연도,1089133.0,1563221.0,1,전체,0
202408,아시아,44.1,연도대륙,316731.0,456331.0,2,남성,0
202408,아시아,47.7,연도대륙,507558.0,749786.0,2,여성,0
202408,아시아,87.8,연도대륙,39477.0,74127.0,2,승무원,0
202408,아시아,48.2,연도대륙,863766.0,1280244.0,2,전체,0
202408,아시아,81.3,중국,99306.0,180054.0,3,남성,1
202408,아시아,96.9,중국,157296.0,309757.0,3,여성,1
202408,아시아,415.1,중국,3057.0,15748.0,3,승무원,1
202408,아시아,94.7,중국,259659.0,505559.0,3,전체,1
202408,아시아,27.1,일본,85116.0,108146.0,3,남성,2
202408,아시아,20.6,일본,177395.0,213902.0,3,여성,2
202408,아시아,50.4,일본,942.0,1417.0,3,승무원,2
202408,아시아,22.8,일본,263453.0,323465.0,3,전체,2
202408,아시아,54.9,대만,33952.0,52586.0,3,남성,3
202408,아시아,48.2,대만,64567.0,95673.0,3,여성,3
202408,아시아,42.1,대만,335.0,476.0,3,승무원,3
202408,아시아,50.5,대만,98854.0,148735.0,3,전체,3
202408,아시아,43.1,홍콩,14400.0,20610.0,3,남성,4
202408,아시아,44.6,홍콩,28399.0,41074.0,3,여성,4
202408,아시아,-22.4,홍콩,232.0,180.0,3,승무원,4
202408,아시아,43.8,홍콩,43031.0,61864.0,3,전체,4
202408,아시아,45.7,마카오,1531.0,2231.0,3,남성,5
202408,아시아,46.9,마카오,2879.0,4230.0,3,여성,5
202408,아시아,0.0,마카오,0.0,71.0,3,승무원,5
202408,아시아,48.1,마카오,4410.0,6532.0,3,전체,5
202408,아시아,19.9,필리핀,7888.0,9460.0,3,남성,6
202408,아시아,34.8,필리핀,6310.0,8503.0,3,여성,6
202408,아시아,75.1,필리핀,9861.0,17262.0,3,승무원,6
202408,아시아,46.4,필리핀,24059.0,35225.0,3,전체,6
202408,아시아,3.0,인도네시아,7489.0,7712.0,3,남성,7
202408,아시아,-16.3,인도네시아,6436.0,5389.0,3,여성,7
202408,아시아,142.8,인도네시아,4613.0,11202.0,3,승무원,7
202408,아시아,31.1,인도네시아,18538.0,24303.0,3,전체,7
202408,아시아,0.9,태국,5391.0,5442.0,3,남성,8
202408,아시아,-10.7,태국,9814.0,8762.0,3,여성,8
202408,아시아,18.3,태국,2174.0,2571.0,3,승무원,8
202408,아시아,-3.5,태국,17379.0,16775.0,3,전체,8
202408,아시아,21.3,베트남,16638.0,20179.0,3,남성,9
202408,아시아,21.2,베트남,17408.0,21100.0,3,여성,9
202408,아시아,4.5,베트남,5494.0,5740.0,3,승무원,9
202408,아시아,18.9,베트남,39540.0,47019.0,3,전체,9
202408,아시아,13.0,인도,4834.0,5462.0,3,남성,10
202408,아시아,16.4,인도,1935.0,2252.0,3,여성,10
202408,아시아,85.9,인도,4314.0,8020.0,3,승무원,10
202408,아시아,42.0,인도,11083.0,15734.0,3,전체,10
202408,아시아,-23.8,말레이시아,5685.0,4331.0,3,남성,11
202408,아시아,-21.4,말레이시아,8118.0,6378.0,3,여성,11
202408,아시아,28.2,말레이시아,1719.0,2204.0,3,승무원,11
202408,아시아,-16.8,말레이시아,15522.0,12913.0,3,전체,11
202408,아시아,16.3,싱가포르,5595.0,6506.0,3,남성,12
202408,아시아,16.8,싱가포르,8031.0,9383.0,3,여성,12
202408,아시아,-2.6,싱가포르,1444.0,1406.0,3,승무원,12
202408,아시아,14.8,싱가포르,15070.0,17295.0,3,전체,12
202408,아시아,7.1,몽골,5054.0,5413.0,3,남성,13
202408,아시아,12.6,몽골,6684.0,7529.0,3,여성,13
202408,아시아,-24.1,몽골,29.0,22.0,3,승무원,13
202408,아시아,10.2,몽골,11767.0,12964.0,3,전체,13
202408,아시아,11.5,우즈베키스탄,3891.0,4339.0,3,남성,14
202408,아시아,14.1,우즈베키스탄,1789.0,2042.0,3,여성,14
202408,아시아,40.0,우즈베키스탄,255.0,357.0,3,승무원,14
202408,아시아,13.5,우즈베키스탄,5935.0,6738.0,3,전체,14
202408,아시아,10.1,미얀마,2803.0,3086.0,3,남성,15
202408,아시아,54.6,미얀마,555.0,858.0,3,여성,15
202408,아시아,89.6,미얀마,2165.0,4105.0,3,승무원,15
202408,아시아,45.7,미얀마,5523.0,8049.0,3,전체,15
202408,아시아,26.2,GCC,1353.0,1708.0,3,남성,16
202408,아시아,42.8,GCC,1157.0,1652.0,3,여성,16
202408,아시아,-72.9,GCC,258.0,70.0,3,승무원,16
202408,아시아,23.9,GCC,2768.0,3430.0,3,전체,16
202408,아시아,12.8,카자흐스탄,1974.0,2226.0,3,남성,17
202408,아시아,14.3,카자흐스탄,3065.0,3502.0,3,여성,17
202408,아시아,33.8,카자흐스탄,293.0,392.0,3,승무원,17
202408,아시아,14.8,카자흐스탄,5332.0,6120.0,3,전체,17
202408,아시아,59.1,튀르키예,1035.0,1647.0,3,남성,18
202408,아시아,85.9,튀르키예,972.0,1807.0,3,여성,18
202408,아시아,10.6,튀르키예,936.0,1035.0,3,승무원,18
202408,아시아,52.5,튀르키예,2943.0,4489.0,3,전체,18
202408,아시아,6.3,캄보디아,2007.0,2134.0,3,남성,19
202408,아시아,-0.7,캄보디아,981.0,974.0,3,여성,19
202408,아시아,8000.0,캄보디아,1.0,81.0,3,승무원,19
202408,아시아,6.7,캄보디아,2989.0,3189.0,3,전체,19
202408,아시아,56.1,스리랑카,1280.0,1998.0,3,남성,20
202408,아시아,93.2,스리랑카,206.0,398.0,3,여성,20
202408,아시아,17.2,스리랑카,466.0,546.0,3,승무원,20
202408,아시아,50.7,스리랑카,1952.0,2942.0,3,전체,20
202408,아시아,45.7,방글라데시,1754.0,2556.0,3,남성,21
202408,아시아,5.6,방글라데시,284.0,300.0,3,여성,21
202408,아시아,-10.6,방글라데시,170.0,152.0,3,승무원,21
202408,아시아,36.2,방글라데시,2208.0,3008.0,3,전체,21
202408,아시아,46.6,파키스탄,949.0,1391.0,3,남성,22
202408,아시아,38.6,파키스탄,220.0,305.0,3,여성,22
202408,아시아,-14.9,파키스탄,74.0,63.0,3,승무원,22
202408,아시아,41.5,파키스탄,1243.0,1759.0,3,전체,22
202408,아시아,-10.0,이스라엘,788.0,709.0,3,남성,23
202408,아시아,-21.9,이스라엘,667.0,521.0,3,여성,23
202408,아시아,-25.0,이스라엘,16.0,12.0,3,승무원,23
202408,아시아,-15.6,이스라엘,1471.0,1242.0,3,전체,23
202408,아시아,114.0,이란,164.0,351.0,3,남성,24
202408,아시아,150.4,이란,139.0,348.0,3,여성,24
202408,아시아,-61.5,이란,13.0,5.0,3,승무원,24
202408,아시아,122.8,이란,316.0,704.0,3,전체,24
202408,아시아,3.4,기타,5854.0,6054.0,3,남성,25
202408,아시아,39.8,기타,2251.0,3147.0,3,여성,25
202408,아시아,60.7,기타,616.0,990.0,3,승무원,25
202408,아시아,16.9,기타,8721.0,10191.0,3,전체,25
202408,아메리카,31.1,연도대륙,47867.0,62770.0,2,남성,0
202408,아메리카,32.4,연도대륙,48456.0,64135.0,2,여성,0
202408,아메리카,22.9,연도대륙,10728.0,13186.0,2,승무원,0
202408,아메리카,30.9,연도대륙,107051.0,140091.0,2,전체,0
202408,아메리카,23.0,미국,37559.0,46200.0,3,남성,1
202408,아메리카,23.9,미국,37290.0,46215.0,3,여성,1
202408,아메리카,14.8,미국,8401.0,9642.0,3,승무원,1
202408,아메리카,22.6,미국,83250.0,102057.0,3,전체,1
202408,아메리카,41.1,캐나다,7303.0,10307.0,3,남성,2
202408,아메리카,37.1,캐나다,7917.0,10852.0,3,여성,2
202408,아메리카,40.7,캐나다,1125.0,1583.0,3,승무원,2
202408,아메리카,39.1,캐나다,16345.0,22742.0,3,전체,2
202408,아메리카,28.9,브라질,838.0,1080.0,3,남성,3
202408,아메리카,33.8,브라질,769.0,1029.0,3,여성,3
202408,아메리카,-4.4,브라질,344.0,329.0,3,승무원,3
202408,아메리카,25.0,브라질,1951.0,2438.0,3,전체,3
202408,아메리카,292.2,멕시코,870.0,3412.0,3,남성,4
202408,아메리카,280.9,멕시코,1055.0,4019.0,3,여성,4
202408,아메리카,268.8,멕시코,202.0,745.0,3,승무원,4
202408,아메리카,284.4,멕시코,2127.0,8176.0,3,전체,4
202408,아메리카,36.5,기타,1297.0,1771.0,3,남성,5
202408,아메리카,41.8,기타,1425.0,2020.0,3,여성,5
202408,아메리카,35.2,기타,656.0,887.0,3,승무원,5
202408,아메리카,38.5,기타,3378.0,4678.0,3,전체,5
202408,유럽,22.9,연도대륙,41259.0,50707.0,2,남성,0
202408,유럽,24.5,연도대륙,41551.0,51745.0,2,여성,0
202408,유럽,16.8,연도대륙,10444.0,12199.0,2,승무원,0
202408,유럽,22.9,연도대륙,93254.0,114651.0,2,전체,0
202408,유럽,28.1,러시아,4767.0,6105.0,3,남성,1
202408,유럽,41.8,러시아,6473.0,9177.0,3,여성,1
202408,유럽,15.3,러시아,2958.0,3410.0,3,승무원,1
202408,유럽,31.7,러시아,14198.0,18692.0,3,전체,1
202408,유럽,32.0,영국,5319.0,7023.0,3,남성,2
202408,유럽,26.2,영국,4768.0,6015.0,3,여성,2
202408,유럽,63.4,영국,257.0,420.0,3,승무원,2
202408,유럽,30.1,영국,10344.0,13458.0,3,전체,2
202408,유럽,14.4,독일,6242.0,7139.0,3,남성,3
202408,유럽,12.9,독일,5518.0,6228.0,3,여성,3
202408,유럽,-0.4,독일,1115.0,1110.0,3,승무원,3
202408,유럽,12.4,독일,12875.0,14477.0,3,전체,3
202408,유럽,12.3,프랑스,7663.0,8606.0,3,남성,4
202408,유럽,14.4,프랑스,7899.0,9040.0,3,여성,4
202408,유럽,-13.1,프랑스,925.0,804.0,3,승무원,4
202408,유럽,11.9,프랑스,16487.0,18450.0,3,전체,4
202408,유럽,26.0,이탈리아,3501.0,4411.0,3,남성,5
202408,유럽,29.6,이탈리아,3353.0,4345.0,3,여성,5
202408,유럽,4.4,이탈리아,527.0,550.0,3,승무원,5
202408,유럽,26.1,이탈리아,7381.0,9306.0,3,전체,5
202408,유럽,14.6,네덜란드,2268.0,2600.0,3,남성,6
202408,유럽,14.1,네덜란드,1943.0,2217.0,3,여성,6
202408,유럽,8.8,네덜란드,981.0,1067.0,3,승무원,6
202408,유럽,13.3,네덜란드,5192.0,5884.0,3,전체,6
202408,유럽,7.8,우크라이나,359.0,387.0,3,남성,7
202408,유럽,57.1,우크라이나,247.0,388.0,3,여성,7
202408,유럽,16.9,우크라이나,928.0,1085.0,3,승무원,7
202408,유럽,21.3,우크라이나,1534.0,1860.0,3,전체,7
202408,유럽,33.8,스페인,2541.0,3399.0,3,남성,8
202408,유럽,30.6,스페인,2726.0,3560.0,3,여성,8
202408,유럽,10.2,스페인,137.0,151.0,3,승무원,8
202408,유럽,31.6,스페인,5404.0,7110.0,3,전체,8
202408,유럽,38.2,루마니아,327.0,452.0,3,남성,9
202408,유럽,36.8,루마니아,378.0,517.0,3,여성,9
202408,유럽,69.3,루마니아,231.0,391.0,3,승무원,9
202408,유럽,45.3,루마니아,936.0,1360.0,3,전체,9
202408,유럽,16.9,노르웨이,379.0,443.0,3,남성,10
202408,유럽,14.2,노르웨이,332.0,379.0,3,여성,10
202408,유럽,-76.5,노르웨이,17.0,4.0,3,승무원,10
202408,유럽,13.5,노르웨이,728.0,826.0,3,전체,10
202408,유럽,11.2,스웨덴,695.0,773.0,3,남성,11
202408,유럽,1.8,스웨덴,602.0,613.0,3,여성,11
202408,유럽,141.7,스웨덴,24.0,58.0,3,승무원,11
202408,유럽,9.3,스웨덴,1321.0,1444.0,3,전체,11
202408,유럽,52.0,폴란드,1034.0,1572.0,3,남성,12
202408,유럽,69.7,폴란드,1144.0,1941.0,3,여성,12
202408,유럽,42.6,폴란드,594.0,847.0,3,승무원,12
202408,유럽,57.3,폴란드,2772.0,4360.0,3,전체,12
202408,유럽,35.6,스위스,867.0,1176.0,3,남성,13
202408,유럽,27.2,스위스,809.0,1029.0,3,여성,13
202408,유럽,208.5,스위스,47.0,145.0,3,승무원,13
202408,유럽,36.4,스위스,1723.0,2350.0,3,전체,13
202408,유럽,59.0,포르투갈,405.0,644.0,3,남성,14
202408,유럽,45.4,포르투갈,504.0,733.0,3,여성,14
202408,유럽,61.5,포르투갈,91.0,147.0,3,승무원,14
202408,유럽,52.4,포르투갈,1000.0,1524.0,3,전체,14
202408,유럽,16.7,오스트리아,653.0,762.0,3,남성,15
202408,유럽,21.5,오스트리아,600.0,729.0,3,여성,15
202408,유럽,23.9,오스트리아,71.0,88.0,3,승무원,15
202408,유럽,19.3,오스트리아,1324.0,1579.0,3,전체,15
202408,유럽,5.0,핀란드,363.0,381.0,3,남성,16
202408,유럽,0.6,핀란드,313.0,315.0,3,여성,16
202408,유럽,-12.7,핀란드,307.0,268.0,3,승무원,16
202408,유럽,-1.9,핀란드,983.0,964.0,3,전체,16
202408,유럽,25.9,벨기에,657.0,827.0,3,남성,17
202408,유럽,21.0,벨기에,661.0,800.0,3,여성,17
202408,유럽,22.1,벨기에,104.0,127.0,3,승무원,17
202408,유럽,23.3,벨기에,1422.0,1754.0,3,전체,17
202408,유럽,55.1,크로아티아,118.0,183.0,3,남성,18
202408,유럽,55.1,크로아티아,69.0,107.0,3,여성,18
202408,유럽,108.2,크로아티아,98.0,204.0,3,승무원,18
202408,유럽,73.3,크로아티아,285.0,494.0,3,전체,18
202408,유럽,22.0,그리스,364.0,444.0,3,남성,19
202408,유럽,37.6,그리스,218.0,300.0,3,여성,19
202408,유럽,33.9,그리스,233.0,312.0,3,승무원,19
202408,유럽,29.6,그리스,815.0,1056.0,3,전체,19
202408,유럽,45.1,불가리아,133.0,193.0,3,남성,20
202408,유럽,38.9,불가리아,131.0,182.0,3,여성,20
202408,유럽,81.3,불가리아,91.0,165.0,3,승무원,20
202408,유럽,52.1,불가리아,355.0,540.0,3,전체,20
202408,유럽,36.8,덴마크,525.0,718.0,3,남성,21
202408,유럽,19.6,덴마크,470.0,562.0,3,여성,21
202408,유럽,18.2,덴마크,55.0,65.0,3,승무원,21
202408,유럽,28.1,덴마크,1050.0,1345.0,3,전체,21
202408,유럽,31.2,아일랜드,413.0,542.0,3,남성,22
202408,유럽,28.3,아일랜드,339.0,435.0,3,여성,22
202408,유럽,-11.4,아일랜드,35.0,31.0,3,승무원,22
202408,유럽,28.1,아일랜드,787.0,1008.0,3,전체,22
202408,유럽,15.7,기타,1666.0,1927.0,3,남성,23
202408,유럽,3.8,기타,2054.0,2133.0,3,여성,23
202408,유럽,21.4,기타,618.0,750.0,3,승무원,23
202408,유럽,10.9,기타,4338.0,4810.0,3,전체,23
202408,오세아니아,15.6,연도대륙,7358.0,8509.0,2,남성,0
202408,오세아니아,19.9,연도대륙,6959.0,8342.0,2,여성,0
202408,오세아니아,2.3,연도대륙,926.0,947.0,2,승무원,0
202408,오세아니아,16.8,연도대륙,15243.0,17798.0,2,전체,0
202408,오세아니아,17.3,호주,5975.0,7011.0,3,남성,1
202408,오세아니아,21.9,호주,5725.0,6976.0,3,여성,1
202408,오세아니아,28.4,호주,598.0,768.0,3,승무원,1
202408,오세아니아,20.0,호주,12298.0,14755.0,3,전체,1
202408,오세아니아,9.3,뉴질랜드,1270.0,1388.0,3,남성,2
202408,오세아니아,11.4,뉴질랜드,1147.0,1278.0,3,여성,2
202408,오세아니아,-37.0,뉴질랜드,230.0,145.0,3,승무원,2
202408,오세아니아,6.2,뉴질랜드,2647.0,2811.0,3,전체,2
202408,오세아니아,-2.7,기타,113.0,110.0,3,남성,3
202408,오세아니아,1.1,기타,87.0,88.0,3,여성,3
202408,오세아니아,-65.3,기타,98.0,34.0,3,승무원,3
202408,오세아니아,-22.1,기타,298.0,232.0,3,전체,3
202408,아프리카,10.9,연도대륙,2477.0,2746.0,2,남성,0
202408,아프리카,26.8,연도대륙,2123.0,2692.0,2,여성,0
202408,아프리카,9.1,연도대륙,2142.0,2337.0,2,승무원,0
202408,아프리카,15.3,연도대륙,6742.0,7775.0,2,전체,0
202408,아프리카,24.9,남아프리카공화국,457.0,571.0,3,남성,1
202408,아프리카,56.2,남아프리카공화국,779.0,1217.0,3,여성,1
202408,아프리카,51.4,남아프리카공화국,284.0,430.0,3,승무원,1
202408,아프리카,45.9,남아프리카공화국,1520.0,2218.0,3,전체,1
202408,아프리카,7.7,기타,2020.0,2175.0,3,남성,2
202408,아프리카,9.7,기타,1344.0,1475.0,3,여성,2
202408,아프리카,2.6,기타,1858.0,1907.0,3,승무원,2
202408,아프리카,6.4,기타,5222.0,5557.0,3,전체,2
202408,기타,200.0,연도대륙,2.0,6.0,2,남성,0
202408,기타,-42.9,연도대륙,7.0,4.0,2,여성,0
202408,기타,50.0,연도대륙,2.0,3.0,2,승무원,0
202408,기타,18.2,연도대륙,11.0,13.0,2,전체,0
202408,기타,200.0,기타,2.0,6.0,3,남성,1
202408,기타,-42.9,기타,7.0,4.0,3,여성,1
202408,기타,50.0,기타,2.0,3.0,3,승무원,1
202408,기타,18.2,기타,11.0,13.0,3,전체,1
202408,교포,-9.6,연도대륙,1311.0,1185.0,2,남성,0
202408,교포,-16.6,연도대륙,1755.0,1464.0,2,여성,0
202408,교포,0.0,연도대륙,0.0,0.0,2,승무원,0
202408,교포,-13.6,연도대륙,3066.0,2649.0,2,전체,0
202408,교포,-9.6,교포,1311.0,1185.0,3,남성,1
202408,교포,-16.6,교포,1755.0,1464.0,3,여성,1
202408,교포,0.0,교포,0.0,0.0,3,승무원,1
202408,교포,-13.6,교포,3066.0,2649.0,3,전체,1
202409,대륙전체,29.2,연도,412342.0,532908.0,1,남성,0
202409,대륙전체,33.6,연도,619981.0,828183.0,1,여성,0
202409,대륙전체,57.1,연도,65711.0,103209.0,1,승무원,0
202409,대륙전체,33.4,연도,1098034.0,1464300.0,1,전체,0
202409,아시아,33.4,연도대륙,299585.0,399499.0,2,남성,0
202409,아시아,35.9,연도대륙,510906.0,694310.0,2,여성,0
202409,아시아,77.2,연도대륙,42129.0,74648.0,2,승무원,0
202409,아시아,37.0,연도대륙,852620.0,1168457.0,2,전체,0
202409,아시아,50.8,중국,98352.0,148352.0,3,남성,1
202409,아시아,61.8,중국,160096.0,259005.0,3,여성,1
202409,아시아,181.4,중국,5492.0,15452.0,3,승무원,1
202409,아시아,60.2,중국,263940.0,422809.0,3,전체,1
202409,아시아,21.6,일본,77528.0,94238.0,3,남성,2
202409,아시아,25.1,일본,171674.0,214842.0,3,여성,2
202409,아시아,74.7,일본,900.0,1572.0,3,승무원,2
202409,아시아,24.2,일본,250102.0,310652.0,3,전체,2
202409,아시아,33.1,대만,30310.0,40352.0,3,남성,3
202409,아시아,38.1,대만,61845.0,85417.0,3,여성,3
202409,아시아,41.0,대만,256.0,361.0,3,승무원,3
202409,아시아,36.5,대만,92411.0,126130.0,3,전체,3
202409,아시아,24.2,홍콩,9293.0,11544.0,3,남성,4
202409,아시아,35.4,홍콩,20909.0,28321.0,3,여성,4
202409,아시아,-24.3,홍콩,222.0,168.0,3,승무원,4
202409,아시아,31.6,홍콩,30424.0,40033.0,3,전체,4
202409,아시아,14.0,마카오,666.0,759.0,3,남성,5
202409,아시아,27.2,마카오,1564.0,1990.0,3,여성,5
202409,아시아,3250.0,마카오,2.0,67.0,3,승무원,5
202409,아시아,26.2,마카오,2232.0,2816.0,3,전체,5
202409,아시아,62.2,필리핀,7490.0,12149.0,3,남성,6
202409,아시아,32.7,필리핀,8336.0,11063.0,3,여성,6
202409,아시아,50.4,필리핀,11349.0,17066.0,3,승무원,6
202409,아시아,48.2,필리핀,27175.0,40278.0,3,전체,6
202409,아시아,40.7,인도네시아,5829.0,8204.0,3,남성,7
202409,아시아,13.0,인도네시아,6661.0,7528.0,3,여성,7
202409,아시아,164.3,인도네시아,4353.0,11506.0,3,승무원,7
202409,아시아,61.7,인도네시아,16843.0,27238.0,3,전체,7
202409,아시아,-19.4,태국,7288.0,5874.0,3,남성,8
202409,아시아,-28.8,태국,14424.0,10277.0,3,여성,8
202409,아시아,37.8,태국,1972.0,2717.0,3,승무원,8
202409,아시아,-20.3,태국,23684.0,18868.0,3,전체,8
202409,아시아,31.4,베트남,13898.0,18258.0,3,남성,9
202409,아시아,15.4,베트남,17778.0,20510.0,3,여성,9
202409,아시아,18.5,베트남,4989.0,5912.0,3,승무원,9
202409,아시아,21.9,베트남,36665.0,44680.0,3,전체,9
202409,아시아,35.7,인도,4827.0,6548.0,3,남성,10
202409,아시아,14.2,인도,1942.0,2217.0,3,여성,10
202409,아시아,96.2,인도,4233.0,8306.0,3,승무원,10
202409,아시아,55.2,인도,11002.0,17071.0,3,전체,10
202409,아시아,38.6,말레이시아,7530.0,10434.0,3,남성,11
202409,아시아,32.7,말레이시아,12652.0,16791.0,3,여성,11
202409,아시아,25.9,말레이시아,1685.0,2122.0,3,승무원,11
202409,아시아,34.2,말레이시아,21867.0,29347.0,3,전체,11
202409,아시아,-2.2,싱가포르,10107.0,9889.0,3,남성,12
202409,아시아,-4.2,싱가포르,15334.0,14697.0,3,여성,12
202409,아시아,-4.6,싱가포르,1488.0,1420.0,3,승무원,12
202409,아시아,-3.4,싱가포르,26929.0,26006.0,3,전체,12
202409,아시아,22.9,몽골,4993.0,6137.0,3,남성,13
202409,아시아,21.2,몽골,6806.0,8251.0,3,여성,13
202409,아시아,170.0,몽골,10.0,27.0,3,승무원,13
202409,아시아,22.1,몽골,11809.0,14415.0,3,전체,13
202409,아시아,20.8,우즈베키스탄,4143.0,5004.0,3,남성,14
202409,아시아,22.0,우즈베키스탄,1565.0,1910.0,3,여성,14
202409,아시아,46.3,우즈베키스탄,259.0,379.0,3,승무원,14
202409,아시아,22.2,우즈베키스탄,5967.0,7293.0,3,전체,14
202409,아시아,10.9,미얀마,2317.0,2570.0,3,남성,15
202409,아시아,7.2,미얀마,797.0,854.0,3,여성,15
202409,아시아,90.0,미얀마,2152.0,4089.0,3,승무원,15
202409,아시아,42.7,미얀마,5266.0,7513.0,3,전체,15
202409,아시아,21.9,GCC,1414.0,1724.0,3,남성,16
202409,아시아,34.8,GCC,883.0,1190.0,3,여성,16
202409,아시아,-66.2,GCC,225.0,76.0,3,승무원,16
202409,아시아,18.6,GCC,2522.0,2990.0,3,전체,16
202409,아시아,-4.2,카자흐스탄,1859.0,1780.0,3,남성,17
202409,아시아,10.9,카자흐스탄,2436.0,2702.0,3,여성,17
202409,아시아,8.7,카자흐스탄,322.0,350.0,3,승무원,17
202409,아시아,4.7,카자흐스탄,4617.0,4832.0,3,전체,17
202409,아시아,30.9,튀르키예,1279.0,1674.0,3,남성,18
202409,아시아,66.5,튀르키예,889.0,1480.0,3,여성,18
202409,아시아,-3.7,튀르키예,1031.0,993.0,3,승무원,18
202409,아시아,29.6,튀르키예,3199.0,4147.0,3,전체,18
202409,아시아,2.9,캄보디아,1898.0,1953.0,3,남성,19
202409,아시아,28.9,캄보디아,886.0,1142.0,3,여성,19
202409,아시아,7500.0,캄보디아,1.0,76.0,3,승무원,19
202409,아시아,13.9,캄보디아,2785.0,3171.0,3,전체,19
202409,아시아,15.3,스리랑카,1468.0,1693.0,3,남성,20
202409,아시아,74.9,스리랑카,247.0,432.0,3,여성,20
202409,아시아,35.7,스리랑카,487.0,661.0,3,승무원,20
202409,아시아,26.5,스리랑카,2202.0,2786.0,3,전체,20
202409,아시아,69.8,방글라데시,1273.0,2161.0,3,남성,21
202409,아시아,32.7,방글라데시,223.0,296.0,3,여성,21
202409,아시아,66.7,방글라데시,81.0,135.0,3,승무원,21
202409,아시아,64.4,방글라데시,1577.0,2592.0,3,전체,21
202409,아시아,65.0,파키스탄,780.0,1287.0,3,남성,22
202409,아시아,24.7,파키스탄,182.0,227.0,3,여성,22
202409,아시아,18.7,파키스탄,75.0,89.0,3,승무원,22
202409,아시아,54.6,파키스탄,1037.0,1603.0,3,전체,22
202409,아시아,-5.3,이스라엘,944.0,894.0,3,남성,23
202409,아시아,-22.2,이스라엘,935.0,727.0,3,여성,23
202409,아시아,450.0,이스라엘,2.0,11.0,3,승무원,23
202409,아시아,-13.2,이스라엘,1881.0,1632.0,3,전체,23
202409,아시아,-11.5,이란,269.0,238.0,3,남성,24
202409,아시아,5.0,이란,180.0,189.0,3,여성,24
202409,아시아,-57.9,이란,19.0,8.0,3,승무원,24
202409,아시아,-7.1,이란,468.0,435.0,3,전체,24
202409,아시아,51.0,기타,3830.0,5783.0,3,남성,25
202409,아시아,35.5,기타,1662.0,2252.0,3,여성,25
202409,아시아,107.1,기타,524.0,1085.0,3,승무원,25
202409,아시아,51.6,기타,6016.0,9120.0,3,전체,25
202409,아메리카,19.4,연도대륙,55930.0,66769.0,2,남성,0
202409,아메리카,21.3,연도대륙,57355.0,69569.0,2,여성,0
202409,아메리카,22.7,연도대륙,10599.0,13004.0,2,승무원,0
202409,아메리카,20.5,연도대륙,123884.0,149342.0,2,전체,0
202409,아메리카,12.9,미국,43925.0,49613.0,3,남성,1
202409,아메리카,12.8,미국,44840.0,50569.0,3,여성,1
202409,아메리카,16.6,미국,8160.0,9513.0,3,승무원,1
202409,아메리카,13.2,미국,96925.0,109695.0,3,전체,1
202409,아메리카,17.3,캐나다,8630.0,10127.0,3,남성,2
202409,아메리카,23.1,캐나다,9060.0,11151.0,3,여성,2
202409,아메리카,36.6,캐나다,1166.0,1593.0,3,승무원,2
202409,아메리카,21.3,캐나다,18856.0,22871.0,3,전체,2
202409,아메리카,40.1,브라질,850.0,1191.0,3,남성,3
202409,아메리카,56.7,브라질,771.0,1208.0,3,여성,3
202409,아메리카,24.1,브라질,290.0,360.0,3,승무원,3
202409,아메리카,44.4,브라질,1911.0,2759.0,3,전체,3
202409,아메리카,271.5,멕시코,933.0,3466.0,3,남성,4
202409,아메리카,299.7,멕시코,1029.0,4113.0,3,여성,4
202409,아메리카,318.9,멕시코,180.0,754.0,3,승무원,4
202409,아메리카,289.0,멕시코,2142.0,8333.0,3,전체,4
202409,아메리카,49.0,기타,1592.0,2372.0,3,남성,5
202409,아메리카,52.7,기타,1655.0,2528.0,3,여성,5
202409,아메리카,-2.4,기타,803.0,784.0,3,승무원,5
202409,아메리카,40.3,기타,4050.0,5684.0,3,전체,5
202409,유럽,23.0,연도대륙,40420.0,49703.0,2,남성,0
202409,유럽,33.9,연도대륙,35692.0,47783.0,2,여성,0
202409,유럽,19.6,연도대륙,10197.0,12191.0,2,승무원,0
202409,유럽,27.1,연도대륙,86309.0,109677.0,2,전체,0
202409,유럽,25.7,러시아,5304.0,6666.0,3,남성,1
202409,유럽,40.8,러시아,5823.0,8200.0,3,여성,1
202409,유럽,25.6,러시아,2688.0,3376.0,3,승무원,1
202409,유럽,32.0,러시아,13815.0,18242.0,3,전체,1
202409,유럽,20.9,영국,5911.0,7144.0,3,남성,2
202409,유럽,38.1,영국,4211.0,5814.0,3,여성,2
202409,유럽,19.7,영국,355.0,425.0,3,승무원,2
202409,유럽,27.7,영국,10477.0,13383.0,3,전체,2
202409,유럽,11.8,독일,7301.0,8164.0,3,남성,3
202409,유럽,22.6,독일,6179.0,7578.0,3,여성,3
202409,유럽,4.2,독일,1011.0,1053.0,3,승무원,3
202409,유럽,15.9,독일,14491.0,16795.0,3,전체,3
202409,유럽,19.2,프랑스,5581.0,6651.0,3,남성,4
202409,유럽,22.1,프랑스,5467.0,6673.0,3,여성,4
202409,유럽,-19.1,프랑스,1005.0,813.0,3,승무원,4
202409,유럽,17.3,프랑스,12053.0,14137.0,3,전체,4
202409,유럽,25.3,이탈리아,2150.0,2695.0,3,남성,5
202409,유럽,46.7,이탈리아,1629.0,2389.0,3,여성,5
202409,유럽,14.4,이탈리아,541.0,619.0,3,승무원,5
202409,유럽,32.0,이탈리아,4320.0,5703.0,3,전체,5
202409,유럽,6.5,네덜란드,2100.0,2236.0,3,남성,6
202409,유럽,19.7,네덜란드,1554.0,1860.0,3,여성,6
202409,유럽,17.5,네덜란드,932.0,1095.0,3,승무원,6
202409,유럽,13.2,네덜란드,4586.0,5191.0,3,전체,6
202409,유럽,98.7,우크라이나,304.0,604.0,3,남성,7
202409,유럽,42.1,우크라이나,252.0,358.0,3,여성,7
202409,유럽,41.4,우크라이나,794.0,1123.0,3,승무원,7
202409,유럽,54.4,우크라이나,1350.0,2085.0,3,전체,7
202409,유럽,33.1,스페인,1753.0,2333.0,3,남성,8
202409,유럽,51.7,스페인,1605.0,2434.0,3,여성,8
202409,유럽,2.1,스페인,142.0,145.0,3,승무원,8
202409,유럽,40.3,스페인,3500.0,4912.0,3,전체,8
202409,유럽,19.4,루마니아,516.0,616.0,3,남성,9
202409,유럽,21.5,루마니아,494.0,600.0,3,여성,9
202409,유럽,-0.9,루마니아,343.0,340.0,3,승무원,9
202409,유럽,15.0,루마니아,1353.0,1556.0,3,전체,9
202409,유럽,42.7,노르웨이,429.0,612.0,3,남성,10
202409,유럽,55.4,노르웨이,336.0,522.0,3,여성,10
202409,유럽,33.3,노르웨이,12.0,16.0,3,승무원,10
202409,유럽,48.0,노르웨이,777.0,1150.0,3,전체,10
202409,유럽,11.9,스웨덴,914.0,1023.0,3,남성,11
202409,유럽,30.1,스웨덴,654.0,851.0,3,여성,11
202409,유럽,224.0,스웨덴,25.0,81.0,3,승무원,11
202409,유럽,22.7,스웨덴,1593.0,1955.0,3,전체,11
202409,유럽,45.5,폴란드,1232.0,1793.0,3,남성,12
202409,유럽,61.6,폴란드,1501.0,2425.0,3,여성,12
202409,유럽,29.0,폴란드,707.0,912.0,3,승무원,12
202409,유럽,49.1,폴란드,3440.0,5130.0,3,전체,12
202409,유럽,25.3,스위스,1103.0,1382.0,3,남성,13
202409,유럽,32.4,스위스,938.0,1242.0,3,여성,13
202409,유럽,232.6,스위스,43.0,143.0,3,승무원,13
202409,유럽,32.8,스위스,2084.0,2767.0,3,전체,13
202409,유럽,47.8,포르투갈,410.0,606.0,3,남성,14
202409,유럽,32.1,포르투갈,439.0,580.0,3,여성,14
202409,유럽,27.1,포르투갈,85.0,108.0,3,승무원,14
202409,유럽,38.5,포르투갈,934.0,1294.0,3,전체,14
202409,유럽,15.4,오스트리아,661.0,763.0,3,남성,15
202409,유럽,41.7,오스트리아,559.0,792.0,3,여성,15
202409,유럽,19.7,오스트리아,76.0,91.0,3,승무원,15
202409,유럽,27.0,오스트리아,1296.0,1646.0,3,전체,15
202409,유럽,30.1,핀란드,395.0,514.0,3,남성,16
202409,유럽,24.1,핀란드,345.0,428.0,3,여성,16
202409,유럽,-10.6,핀란드,282.0,252.0,3,승무원,16
202409,유럽,16.8,핀란드,1022.0,1194.0,3,전체,16
202409,유럽,13.1,벨기에,873.0,987.0,3,남성,17
202409,유럽,37.0,벨기에,827.0,1133.0,3,여성,17
202409,유럽,-22.5,벨기에,120.0,93.0,3,승무원,17
202409,유럽,21.6,벨기에,1820.0,2213.0,3,전체,17
202409,유럽,55.0,크로아티아,169.0,262.0,3,남성,18
202409,유럽,34.8,크로아티아,89.0,120.0,3,여성,18
202409,유럽,60.4,크로아티아,144.0,231.0,3,승무원,18
202409,유럽,52.5,크로아티아,402.0,613.0,3,전체,18
202409,유럽,78.5,그리스,279.0,498.0,3,남성,19
202409,유럽,51.0,그리스,147.0,222.0,3,여성,19
202409,유럽,115.3,그리스,98.0,211.0,3,승무원,19
202409,유럽,77.7,그리스,524.0,931.0,3,전체,19
202409,유럽,42.1,불가리아,190.0,270.0,3,남성,20
202409,유럽,10.2,불가리아,244.0,269.0,3,여성,20
202409,유럽,52.1,불가리아,94.0,143.0,3,승무원,20
202409,유럽,29.2,불가리아,528.0,682.0,3,전체,20
202409,유럽,12.6,덴마크,706.0,795.0,3,남성,21
202409,유럽,25.0,덴마크,513.0,641.0,3,여성,21
202409,유럽,-18.8,덴마크,80.0,65.0,3,승무원,21
202409,유럽,15.6,덴마크,1299.0,1501.0,3,전체,21
202409,유럽,43.1,아일랜드,480.0,687.0,3,남성,22
202409,유럽,44.7,아일랜드,358.0,518.0,3,여성,22
202409,유럽,-27.7,아일랜드,47.0,34.0,3,승무원,22
202409,유럽,40.0,아일랜드,885.0,1239.0,3,전체,22
202409,유럽,44.8,기타,1659.0,2402.0,3,남성,23
202409,유럽,39.7,기타,1528.0,2134.0,3,여성,23
202409,유럽,43.5,기타,573.0,822.0,3,승무원,23
202409,유럽,42.5,기타,3760.0,5358.0,3,전체,23
202409,오세아니아,-0.3,연도대륙,12519.0,12479.0,2,남성,0
202409,오세아니아,2.6,연도대륙,12567.0,12890.0,2,여성,0
202409,오세아니아,2.2,연도대륙,929.0,949.0,2,승무원,0
202409,오세아니아,1.2,연도대륙,26015.0,26318.0,2,전체,0
202409,오세아니아,1.3,호주,10378.0,10514.0,3,남성,1
202409,오세아니아,4.7,호주,10613.0,11112.0,3,여성,1
202409,오세아니아,14.6,호주,646.0,740.0,3,승무원,1
202409,오세아니아,3.4,호주,21637.0,22366.0,3,전체,1
202409,오세아니아,-11.4,뉴질랜드,2033.0,1802.0,3,남성,2
202409,오세아니아,-9.9,뉴질랜드,1882.0,1695.0,3,여성,2
202409,오세아니아,-41.9,뉴질랜드,229.0,133.0,3,승무원,2
202409,오세아니아,-12.4,뉴질랜드,4144.0,3630.0,3,전체,2
202409,오세아니아,50.9,기타,108.0,163.0,3,남성,3
202409,오세아니아,15.3,기타,72.0,83.0,3,여성,3
202409,오세아니아,40.7,기타,54.0,76.0,3,승무원,3
202409,오세아니아,37.6,기타,234.0,322.0,3,전체,3
202409,아프리카,35.9,연도대륙,2312.0,3143.0,2,남성,0
202409,아프리카,40.2,연도대륙,1365.0,1914.0,2,여성,0
202409,아프리카,30.3,연도대륙,1850.0,2410.0,2,승무원,0
202409,아프리카,35.1,연도대륙,5527.0,7467.0,2,전체,0
202409,아프리카,47.5,남아프리카공화국,362.0,534.0,3,남성,1
202409,아프리카,46.6,남아프리카공화국,423.0,620.0,3,여성,1
202409,아프리카,61.9,남아프리카공화국,278.0,450.0,3,승무원,1
202409,아프리카,50.9,남아프리카공화국,1063.0,1604.0,3,전체,1
202409,아프리카,33.8,기타,1950.0,2609.0,3,남성,2
202409,아프리카,37.4,기타,942.0,1294.0,3,여성,2
202409,아프리카,24.7,기타,1572.0,1960.0,3,승무원,2
202409,아프리카,31.3,기타,4464.0,5863.0,3,전체,2
202409,기타,260.0,연도대륙,5.0,18.0,2,남성,0
202409,기타,60.0,연도대륙,5.0,8.0,2,여성,0
202409,기타,0.0,연도대륙,7.0,7.0,2,승무원,0
202409,기타,94.1,연도대륙,17.0,33.0,2,전체,0
202409,기타,260.0,기타,5.0,18.0,3,남성,1
202409,기타,60.0,기타,5.0,8.0,3,여성,1
202409,기타,0.0,기타,7.0,7.0,3,승무원,1
202409,기타,94.1,기타,17.0,33.0,3,전체,1
202409,교포,-17.4,연도대륙,1571.0,1297.0,2,남성,0
202409,교포,-18.3,연도대륙,2091.0,1709.0,2,여성,0
202409,교포,0.0,연도대륙,0.0,0.0,2,승무원,0
202409,교포,-17.9,연도대륙,3662.0,3006.0,2,전체,0
202409,교포,-17.4,교포,1571.0,1297.0,3,남성,1
202409,교포,-18.3,교포,2091.0,1709.0,3,여성,1
202409,교포,0.0,교포,0.0,0.0,3,승무원,1
202409,교포,-17.9,교포,3662.0,3006.0,3,전체,1
202410,대륙전체,22.9,연도,461215.0,566945.0,1,남성,0
202410,대륙전체,35.9,연도,680254.0,924788.0,1,여성,0
202410,대륙전체,22.7,연도,88430.0,108530.0,1,승무원,0
202410,대륙전체,30.1,연도,1229899.0,1600263.0,1,전체,0
202410,아시아,22.4,연도대륙,331897.0,406110.0,2,남성,0
202410,아시아,36.0,연도대륙,555951.0,756120.0,2,여성,0
202410,아시아,28.8,연도대륙,59745.0,76928.0,2,승무원,0
202410,아시아,30.8,연도대륙,947593.0,1239158.0,2,전체,0
202410,아시아,37.2,중국,96698.0,132671.0,3,남성,1
202410,아시아,69.0,중국,144692.0,244519.0,3,여성,1
202410,아시아,85.8,중국,8093.0,15040.0,3,승무원,1
202410,아시아,57.2,중국,249483.0,392230.0,3,전체,1
202410,아시아,21.8,일본,78969.0,96145.0,3,남성,2
202410,아시아,28.7,일본,175088.0,225398.0,3,여성,2
202410,아시아,66.5,일본,1035.0,1723.0,3,승무원,2
202410,아시아,26.7,일본,255092.0,323266.0,3,전체,2
202410,아시아,33.9,대만,30892.0,41364.0,3,남성,3
202410,아시아,39.3,대만,65745.0,91592.0,3,여성,3
202410,아시아,129.3,대만,208.0,477.0,3,승무원,3
202410,아시아,37.8,대만,96845.0,133433.0,3,전체,3
202410,아시아,22.3,홍콩,12525.0,15323.0,3,남성,4
202410,아시아,29.1,홍콩,28608.0,36923.0,3,여성,4
202410,아시아,-20.2,홍콩,242.0,193.0,3,승무원,4
202410,아시아,26.7,홍콩,41375.0,52439.0,3,전체,4
202410,아시아,13.6,마카오,713.0,810.0,3,남성,5
202410,아시아,24.4,마카오,1924.0,2394.0,3,여성,5
202410,아시아,9200.0,마카오,1.0,93.0,3,승무원,5
202410,아시아,25.0,마카오,2638.0,3297.0,3,전체,5
202410,아시아,35.6,필리핀,12408.0,16827.0,3,남성,6
202410,아시아,47.9,필리핀,15237.0,22530.0,3,여성,6
202410,아시아,23.7,필리핀,15653.0,19367.0,3,승무원,6
202410,아시아,35.6,필리핀,43298.0,58724.0,3,전체,6
202410,아시아,10.5,인도네시아,8449.0,9335.0,3,남성,7
202410,아시아,15.1,인도네시아,12043.0,13864.0,3,여성,7
202410,아시아,13.1,인도네시아,9851.0,11139.0,3,승무원,7
202410,아시아,13.2,인도네시아,30343.0,34338.0,3,전체,7
202410,아시아,-13.6,태국,14604.0,12624.0,3,남성,8
202410,아시아,-18.1,태국,29698.0,24312.0,3,여성,8
202410,아시아,48.2,태국,2180.0,3231.0,3,승무원,8
202410,아시아,-13.6,태국,46482.0,40167.0,3,전체,8
202410,아시아,0.6,베트남,17795.0,17899.0,3,남성,9
202410,아시아,6.5,베트남,22914.0,24410.0,3,여성,9
202410,아시아,17.1,베트남,5317.0,6226.0,3,승무원,9
202410,아시아,5.5,베트남,46026.0,48535.0,3,전체,9
202410,아시아,-29.4,인도,8786.0,6200.0,3,남성,10
202410,아시아,-23.3,인도,3301.0,2533.0,3,여성,10
202410,아시아,7.9,인도,7283.0,7858.0,3,승무원,10
202410,아시아,-14.3,인도,19370.0,16591.0,3,전체,10
202410,아시아,8.7,말레이시아,11304.0,12282.0,3,남성,11
202410,아시아,12.9,말레이시아,19943.0,22511.0,3,여성,11
202410,아시아,8.8,말레이시아,2074.0,2257.0,3,승무원,11
202410,아시아,11.2,말레이시아,33321.0,37050.0,3,전체,11
202410,아시아,17.5,싱가포르,12841.0,15084.0,3,남성,12
202410,아시아,19.0,싱가포르,20369.0,24241.0,3,여성,12
202410,아시아,1.1,싱가포르,1500.0,1516.0,3,승무원,12
202410,아시아,17.7,싱가포르,34710.0,40841.0,3,전체,12
202410,아시아,10.2,몽골,4753.0,5238.0,3,남성,13
202410,아시아,28.6,몽골,5607.0,7210.0,3,여성,13
202410,아시아,500.0,몽골,4.0,24.0,3,승무원,13
202410,아시아,20.3,몽골,10364.0,12472.0,3,전체,13
202410,아시아,-7.6,우즈베키스탄,3085.0,2852.0,3,남성,14
202410,아시아,-4.8,우즈베키스탄,1337.0,1273.0,3,여성,14
202410,아시아,45.7,우즈베키스탄,258.0,376.0,3,승무원,14
202410,아시아,-3.8,우즈베키스탄,4680.0,4501.0,3,전체,14
202410,아시아,15.3,미얀마,1969.0,2270.0,3,남성,15
202410,아시아,8.8,미얀마,511.0,556.0,3,여성,15
202410,아시아,51.4,미얀마,2735.0,4141.0,3,승무원,15
202410,아시아,33.6,미얀마,5215.0,6967.0,3,전체,15
202410,아시아,17.7,GCC,1626.0,1913.0,3,남성,16
202410,아시아,42.6,GCC,1204.0,1717.0,3,여성,16
202410,아시아,-74.9,GCC,235.0,59.0,3,승무원,16
202410,아시아,20.4,GCC,3065.0,3689.0,3,전체,16
202410,아시아,6.3,카자흐스탄,1717.0,1825.0,3,남성,17
202410,아시아,14.6,카자흐스탄,2496.0,2860.0,3,여성,17
202410,아시아,3.2,카자흐스탄,313.0,323.0,3,승무원,17
202410,아시아,10.6,카자흐스탄,4526.0,5008.0,3,전체,17
202410,아시아,44.2,튀르키예,1339.0,1931.0,3,남성,18
202410,아시아,80.1,튀르키예,879.0,1583.0,3,여성,18
202410,아시아,0.6,튀르키예,1025.0,1031.0,3,승무원,18
202410,아시아,40.1,튀르키예,3243.0,4545.0,3,전체,18
202410,아시아,3.4,캄보디아,2900.0,2999.0,3,남성,19
202410,아시아,5.6,캄보디아,1389.0,1467.0,3,여성,19
202410,아시아,366.7,캄보디아,15.0,70.0,3,승무원,19
202410,아시아,5.4,캄보디아,4304.0,4536.0,3,전체,19
202410,아시아,-8.4,스리랑카,1252.0,1147.0,3,남성,20
202410,아시아,49.0,스리랑카,194.0,289.0,3,여성,20
202410,아시아,-5.6,스리랑카,605.0,571.0,3,승무원,20
202410,아시아,-2.1,스리랑카,2051.0,2007.0,3,전체,20
202410,아시아,-24.2,방글라데시,1881.0,1425.0,3,남성,21
202410,아시아,-46.3,방글라데시,281.0,151.0,3,여성,21
202410,아시아,156.8,방글라데시,74.0,190.0,3,승무원,21
202410,아시아,-21.0,방글라데시,2236.0,1766.0,3,전체,21
202410,아시아,-12.4,파키스탄,1063.0,931.0,3,남성,22
202410,아시아,-20.9,파키스탄,177.0,140.0,3,여성,22
202410,아시아,-38.2,파키스탄,102.0,63.0,3,승무원,22
202410,아시아,-15.5,파키스탄,1342.0,1134.0,3,전체,22
202410,아시아,181.6,이스라엘,494.0,1391.0,3,남성,23
202410,아시아,218.6,이스라엘,441.0,1405.0,3,여성,23
202410,아시아,200.0,이스라엘,5.0,15.0,3,승무원,23
202410,아시아,199.0,이스라엘,940.0,2811.0,3,전체,23
202410,아시아,-31.3,이란,243.0,167.0,3,남성,24
202410,아시아,-18.4,이란,125.0,102.0,3,여성,24
202410,아시아,100.0,이란,5.0,10.0,3,승무원,24
202410,아시아,-25.2,이란,373.0,279.0,3,전체,24
202410,아시아,52.0,기타,3591.0,5457.0,3,남성,25
202410,아시아,22.4,기타,1748.0,2140.0,3,여성,25
202410,아시아,0.3,기타,932.0,935.0,3,승무원,25
202410,아시아,36.1,기타,6271.0,8532.0,3,전체,25
202410,아메리카,25.0,연도대륙,67331.0,84155.0,2,남성,0
202410,아메리카,32.7,연도대륙,70399.0,93447.0,2,여성,0
202410,아메리카,25.6,연도대륙,11098.0,13942.0,2,승무원,0
202410,아메리카,28.7,연도대륙,148828.0,191544.0,2,전체,0
202410,아메리카,19.1,미국,52437.0,62442.0,3,남성,1
202410,아메리카,25.0,미국,54979.0,68733.0,3,여성,1
202410,아메리카,19.5,미국,8347.0,9977.0,3,승무원,1
202410,아메리카,21.9,미국,115763.0,141152.0,3,전체,1
202410,아메리카,24.4,캐나다,10451.0,13006.0,3,남성,2
202410,아메리카,29.1,캐나다,11093.0,14323.0,3,여성,2
202410,아메리카,47.9,캐나다,1120.0,1657.0,3,승무원,2
202410,아메리카,27.9,캐나다,22664.0,28986.0,3,전체,2
202410,아메리카,42.5,브라질,1158.0,1650.0,3,남성,3
202410,아메리카,80.4,브라질,1186.0,2140.0,3,여성,3
202410,아메리카,-13.1,브라질,442.0,384.0,3,승무원,3
202410,아메리카,49.8,브라질,2786.0,4174.0,3,전체,3
202410,아메리카,271.5,멕시코,1182.0,4391.0,3,남성,4
202410,아메리카,330.9,멕시코,1201.0,5175.0,3,여성,4
202410,아메리카,262.1,멕시코,243.0,880.0,3,승무원,4
202410,아메리카,297.8,멕시코,2626.0,10446.0,3,전체,4
202410,아메리카,26.8,기타,2103.0,2666.0,3,남성,5
202410,아메리카,58.6,기타,1940.0,3076.0,3,여성,5
202410,아메리카,10.4,기타,946.0,1044.0,3,승무원,5
202410,아메리카,36.0,기타,4989.0,6786.0,3,전체,5
202410,유럽,24.9,연도대륙,46504.0,58106.0,2,남성,0
202410,유럽,45.1,연도대륙,38194.0,55420.0,2,여성,0
202410,유럽,-1.3,연도대륙,13751.0,13571.0,2,승무원,0
202410,유럽,29.1,연도대륙,98449.0,127097.0,2,전체,0
202410,유럽,40.5,러시아,5144.0,7227.0,3,남성,1
202410,유럽,61.5,러시아,5896.0,9522.0,3,여성,1
202410,유럽,-8.8,러시아,4517.0,4121.0,3,승무원,1
202410,유럽,34.2,러시아,15557.0,20870.0,3,전체,1
202410,유럽,20.6,영국,7353.0,8868.0,3,남성,2
202410,유럽,29.3,영국,5534.0,7158.0,3,여성,2
202410,유럽,33.3,영국,465.0,620.0,3,승무원,2
202410,유럽,24.7,영국,13352.0,16646.0,3,전체,2
202410,유럽,19.6,독일,7541.0,9022.0,3,남성,3
202410,유럽,40.1,독일,5429.0,7608.0,3,여성,3
202410,유럽,-9.9,독일,1177.0,1060.0,3,승무원,3
202410,유럽,25.0,독일,14147.0,17690.0,3,전체,3
202410,유럽,25.7,프랑스,6982.0,8773.0,3,남성,4
202410,유럽,40.3,프랑스,6726.0,9435.0,3,여성,4
202410,유럽,-11.1,프랑스,934.0,830.0,3,승무원,4
202410,유럽,30.0,프랑스,14642.0,19038.0,3,전체,4
202410,유럽,31.1,이탈리아,2609.0,3421.0,3,남성,5
202410,유럽,80.9,이탈리아,1561.0,2824.0,3,여성,5
202410,유럽,-26.5,이탈리아,742.0,545.0,3,승무원,5
202410,유럽,38.2,이탈리아,4912.0,6790.0,3,전체,5
202410,유럽,22.0,네덜란드,2246.0,2741.0,3,남성,6
202410,유럽,35.4,네덜란드,1553.0,2103.0,3,여성,6
202410,유럽,4.3,네덜란드,1029.0,1073.0,3,승무원,6
202410,유럽,22.6,네덜란드,4828.0,5917.0,3,전체,6
202410,유럽,34.1,우크라이나,399.0,535.0,3,남성,7
202410,유럽,82.0,우크라이나,272.0,495.0,3,여성,7
202410,유럽,0.3,우크라이나,1174.0,1177.0,3,승무원,7
202410,유럽,19.6,우크라이나,1845.0,2207.0,3,전체,7
202410,유럽,40.8,스페인,1868.0,2630.0,3,남성,8
202410,유럽,54.0,스페인,1686.0,2597.0,3,여성,8
202410,유럽,-18.0,스페인,167.0,137.0,3,승무원,8
202410,유럽,44.2,스페인,3721.0,5364.0,3,전체,8
202410,유럽,12.3,루마니아,603.0,677.0,3,남성,9
202410,유럽,23.9,루마니아,620.0,768.0,3,여성,9
202410,유럽,10.3,루마니아,468.0,516.0,3,승무원,9
202410,유럽,16.0,루마니아,1691.0,1961.0,3,전체,9
202410,유럽,-1.2,노르웨이,651.0,643.0,3,남성,10
202410,유럽,18.0,노르웨이,384.0,453.0,3,여성,10
202410,유럽,81.8,노르웨이,11.0,20.0,3,승무원,10
202410,유럽,6.7,노르웨이,1046.0,1116.0,3,전체,10
202410,유럽,3.2,스웨덴,1173.0,1210.0,3,남성,11
202410,유럽,32.5,스웨덴,821.0,1088.0,3,여성,11
202410,유럽,76.6,스웨덴,47.0,83.0,3,승무원,11
202410,유럽,16.7,스웨덴,2041.0,2381.0,3,전체,11
202410,유럽,40.9,폴란드,1271.0,1791.0,3,남성,12
202410,유럽,57.1,폴란드,1141.0,1793.0,3,여성,12
202410,유럽,33.4,폴란드,779.0,1039.0,3,승무원,12
202410,유럽,44.9,폴란드,3191.0,4623.0,3,전체,12
202410,유럽,28.1,스위스,1262.0,1616.0,3,남성,13
202410,유럽,59.6,스위스,993.0,1585.0,3,여성,13
202410,유럽,156.1,스위스,41.0,105.0,3,승무원,13
202410,유럽,44.0,스위스,2296.0,3306.0,3,전체,13
202410,유럽,34.3,포르투갈,501.0,673.0,3,남성,14
202410,유럽,52.3,포르투갈,486.0,740.0,3,여성,14
202410,유럽,44.9,포르투갈,89.0,129.0,3,승무원,14
202410,유럽,43.3,포르투갈,1076.0,1542.0,3,전체,14
202410,유럽,13.9,오스트리아,778.0,886.0,3,남성,15
202410,유럽,29.3,오스트리아,502.0,649.0,3,여성,15
202410,유럽,-11.4,오스트리아,88.0,78.0,3,승무원,15
202410,유럽,17.9,오스트리아,1368.0,1613.0,3,전체,15
202410,유럽,18.0,핀란드,532.0,628.0,3,남성,16
202410,유럽,40.5,핀란드,412.0,579.0,3,여성,16
202410,유럽,-6.0,핀란드,285.0,268.0,3,승무원,16
202410,유럽,20.0,핀란드,1229.0,1475.0,3,전체,16
202410,유럽,16.4,벨기에,971.0,1130.0,3,남성,17
202410,유럽,44.4,벨기에,743.0,1073.0,3,여성,17
202410,유럽,3.2,벨기에,125.0,129.0,3,승무원,17
202410,유럽,26.8,벨기에,1839.0,2332.0,3,전체,17
202410,유럽,58.3,크로아티아,168.0,266.0,3,남성,18
202410,유럽,70.0,크로아티아,90.0,153.0,3,여성,18
202410,유럽,-0.4,크로아티아,269.0,268.0,3,승무원,18
202410,유럽,30.4,크로아티아,527.0,687.0,3,전체,18
202410,유럽,5.8,그리스,446.0,472.0,3,남성,19
202410,유럽,28.2,그리스,213.0,273.0,3,여성,19
202410,유럽,-30.2,그리스,315.0,220.0,3,승무원,19
202410,유럽,-0.9,그리스,974.0,965.0,3,전체,19
202410,유럽,33.3,불가리아,231.0,308.0,3,남성,20
202410,유럽,35.5,불가리아,217.0,294.0,3,여성,20
202410,유럽,36.5,불가리아,115.0,157.0,3,승무원,20
202410,유럽,34.8,불가리아,563.0,759.0,3,전체,20
202410,유럽,3.4,덴마크,1047.0,1083.0,3,남성,21
202410,유럽,18.7,덴마크,743.0,882.0,3,여성,21
202410,유럽,55.2,덴마크,58.0,90.0,3,승무원,21
202410,유럽,11.2,덴마크,1848.0,2055.0,3,전체,21
202410,유럽,41.3,아일랜드,567.0,801.0,3,남성,22
202410,유럽,56.7,아일랜드,386.0,605.0,3,여성,22
202410,유럽,-12.2,아일랜드,49.0,43.0,3,승무원,22
202410,유럽,44.6,아일랜드,1002.0,1449.0,3,전체,22
202410,유럽,25.2,기타,2161.0,2705.0,3,남성,23
202410,유럽,53.6,기타,1786.0,2743.0,3,여성,23
202410,유럽,6.9,기타,807.0,863.0,3,승무원,23
202410,유럽,32.8,기타,4754.0,6311.0,3,전체,23
202410,오세아니아,27.8,연도대륙,11383.0,14547.0,2,남성,0
202410,오세아니아,34.5,연도대륙,12046.0,16197.0,2,여성,0
202410,오세아니아,13.9,연도대륙,1054.0,1201.0,2,승무원,0
202410,오세아니아,30.5,연도대륙,24483.0,31945.0,2,전체,0
202410,오세아니아,29.5,호주,9301.0,12041.0,3,남성,1
202410,오세아니아,37.4,호주,9995.0,13732.0,3,여성,1
202410,오세아니아,32.9,호주,729.0,969.0,3,승무원,1
202410,오세아니아,33.5,호주,20025.0,26742.0,3,전체,1
202410,오세아니아,18.6,뉴질랜드,1955.0,2318.0,3,남성,2
202410,오세아니아,20.9,뉴질랜드,1946.0,2353.0,3,여성,2
202410,오세아니아,-33.2,뉴질랜드,250.0,167.0,3,승무원,2
202410,오세아니아,16.6,뉴질랜드,4151.0,4838.0,3,전체,2
202410,오세아니아,48.0,기타,127.0,188.0,3,남성,3
202410,오세아니아,6.7,기타,105.0,112.0,3,여성,3
202410,오세아니아,-13.3,기타,75.0,65.0,3,승무원,3
202410,오세아니아,18.9,기타,307.0,365.0,3,전체,3
202410,아프리카,9.6,연도대륙,2359.0,2586.0,2,남성,0
202410,아프리카,24.5,연도대륙,1297.0,1615.0,2,여성,0
202410,아프리카,4.1,연도대륙,2772.0,2885.0,2,승무원,0
202410,아프리카,10.2,연도대륙,6428.0,7086.0,2,전체,0
202410,아프리카,20.5,남아프리카공화국,365.0,440.0,3,남성,1
202410,아프리카,19.9,남아프리카공화국,418.0,501.0,3,여성,1
202410,아프리카,40.0,남아프리카공화국,510.0,714.0,3,승무원,1
202410,아프리카,28.0,남아프리카공화국,1293.0,1655.0,3,전체,1
202410,아프리카,7.6,기타,1994.0,2146.0,3,남성,2
202410,아프리카,26.7,기타,879.0,1114.0,3,여성,2
202410,아프리카,-4.0,기타,2262.0,2171.0,3,승무원,2
202410,아프리카,5.8,기타,5135.0,5431.0,3,전체,2
202410,기타,-40.0,연도대륙,15.0,9.0,2,남성,0
202410,기타,40.0,연도대륙,5.0,7.0,2,여성,0
202410,기타,-70.0,연도대륙,10.0,3.0,2,승무원,0
202410,기타,-36.7,연도대륙,30.0,19.0,2,전체,0
202410,기타,-40.0,기타,15.0,9.0,3,남성,1
202410,기타,40.0,기타,5.0,7.0,3,여성,1
202410,기타,-70.0,기타,10.0,3.0,3,승무원,1
202410,기타,-36.7,기타,30.0,19.0,3,전체,1
202410,교포,-17.0,연도대륙,1726.0,1432.0,2,남성,0
202410,교포,-16.1,연도대륙,2362.0,1982.0,2,여성,0
202410,교포,0.0,연도대륙,0.0,0.0,2,승무원,0
202410,교포,-16.5,연도대륙,4088.0,3414.0,2,전체,0
202410,교포,-17.0,교포,1726.0,1432.0,3,남성,1
202410,교포,-16.1,교포,2362.0,1982.0,3,여성,1
202410,교포,0.0,교포,0.0,0.0,3,승무원,1
202410,교포,-16.5,교포,4088.0,3414.0,3,전체,1
202411,대륙전체,18.4,연도,410541.0,485984.0,1,남성,0
202411,대륙전체,25.0,연도,625496.0,782054.0,1,여성,0
202411,대륙전체,17.8,연도,78953.0,93038.0,1,승무원,0
202411,대륙전체,22.1,연도,1114990.0,1361076.0,1,전체,0
202411,아시아,19.4,연도대륙,303666.0,362622.0,2,남성,0
202411,아시아,25.9,연도대륙,531787.0,669383.0,2,여성,0
202411,아시아,23.2,연도대륙,53203.0,65547.0,2,승무원,0
202411,아시아,23.5,연도대륙,888656.0,1097552.0,2,전체,0
202411,아시아,22.4,중국,82187.0,100594.0,3,남성,1
202411,아시아,41.1,중국,130432.0,184071.0,3,여성,1
202411,아시아,48.9,중국,8850.0,13175.0,3,승무원,1
202411,아시아,34.5,중국,221469.0,297840.0,3,전체,1
202411,아시아,20.5,일본,85185.0,102646.0,3,남성,2
202411,아시아,23.7,일본,191249.0,236596.0,3,여성,2
202411,아시아,3.6,일본,1888.0,1956.0,3,승무원,2
202411,아시아,22.6,일본,278322.0,341198.0,3,전체,2
202411,아시아,36.8,대만,27014.0,36961.0,3,남성,3
202411,아시아,39.7,대만,58772.0,82085.0,3,여성,3
202411,아시아,29.3,대만,355.0,459.0,3,승무원,3
202411,아시아,38.7,대만,86141.0,119505.0,3,전체,3
202411,아시아,20.3,홍콩,11177.0,13449.0,3,남성,4
202411,아시아,24.5,홍콩,26654.0,33186.0,3,여성,4
202411,아시아,-40.7,홍콩,221.0,131.0,3,승무원,4
202411,아시아,22.9,홍콩,38052.0,46766.0,3,전체,4
202411,아시아,15.9,마카오,812.0,941.0,3,남성,5
202411,아시아,21.9,마카오,2127.0,2592.0,3,여성,5
202411,아시아,0.0,마카오,0.0,77.0,3,승무원,5
202411,아시아,22.8,마카오,2939.0,3610.0,3,전체,5
202411,아시아,51.7,필리핀,10396.0,15767.0,3,남성,6
202411,아시아,46.5,필리핀,13948.0,20437.0,3,여성,6
202411,아시아,-3.2,필리핀,14875.0,14395.0,3,승무원,6
202411,아시아,29.0,필리핀,39219.0,50599.0,3,전체,6
202411,아시아,8.5,인도네시아,8093.0,8782.0,3,남성,7
202411,아시아,3.1,인도네시아,10861.0,11200.0,3,여성,7
202411,아시아,36.3,인도네시아,6689.0,9118.0,3,승무원,7
202411,아시아,13.5,인도네시아,25643.0,29100.0,3,전체,7
202411,아시아,-6.9,태국,8913.0,8301.0,3,남성,8
202411,아시아,-9.1,태국,19098.0,17358.0,3,여성,8
202411,아시아,51.5,태국,2153.0,3261.0,3,승무원,8
202411,아시아,-4.1,태국,30164.0,28920.0,3,전체,8
202411,아시아,4.2,베트남,13634.0,14211.0,3,남성,9
202411,아시아,5.2,베트남,18616.0,19586.0,3,여성,9
202411,아시아,40.1,베트남,4789.0,6707.0,3,승무원,9
202411,아시아,9.4,베트남,37039.0,40504.0,3,전체,9
202411,아시아,11.4,인도,5072.0,5649.0,3,남성,10
202411,아시아,5.2,인도,1697.0,1785.0,3,여성,10
202411,아시아,16.7,인도,4708.0,5493.0,3,승무원,10
202411,아시아,12.6,인도,11477.0,12927.0,3,전체,10
202411,아시아,-2.0,말레이시아,10873.0,10659.0,3,남성,11
202411,아시아,-0.9,말레이시아,17833.0,17680.0,3,여성,11
202411,아시아,22.9,말레이시아,1859.0,2284.0,3,승무원,11
202411,아시아,0.2,말레이시아,30565.0,30623.0,3,전체,11
202411,아시아,-2.2,싱가포르,17899.0,17510.0,3,남성,12
202411,아시아,-1.9,싱가포르,25153.0,24665.0,3,여성,12
202411,아시아,0.2,싱가포르,1404.0,1407.0,3,승무원,12
202411,아시아,-2.0,싱가포르,44456.0,43582.0,3,전체,12
202411,아시아,-0.4,몽골,4917.0,4896.0,3,남성,13
202411,아시아,6.8,몽골,6067.0,6478.0,3,여성,13
202411,아시아,0.0,몽골,0.0,24.0,3,승무원,13
202411,아시아,3.8,몽골,10984.0,11398.0,3,전체,13
202411,아시아,-2.0,우즈베키스탄,2816.0,2759.0,3,남성,14
202411,아시아,18.4,우즈베키스탄,1039.0,1230.0,3,여성,14
202411,아시아,55.1,우즈베키스탄,274.0,425.0,3,승무원,14
202411,아시아,6.9,우즈베키스탄,4129.0,4414.0,3,전체,14
202411,아시아,46.3,미얀마,1789.0,2618.0,3,남성,15
202411,아시아,-31.8,미얀마,698.0,476.0,3,여성,15
202411,아시아,49.3,미얀마,2308.0,3446.0,3,승무원,15
202411,아시아,36.4,미얀마,4795.0,6540.0,3,전체,15
202411,아시아,25.6,GCC,1610.0,2022.0,3,남성,16
202411,아시아,40.7,GCC,1319.0,1856.0,3,여성,16
202411,아시아,-58.4,GCC,190.0,79.0,3,승무원,16
202411,아시아,26.9,GCC,3119.0,3957.0,3,전체,16
202411,아시아,3.7,카자흐스탄,1444.0,1498.0,3,남성,17
202411,아시아,18.1,카자흐스탄,1961.0,2315.0,3,여성,17
202411,아시아,7.4,카자흐스탄,282.0,303.0,3,승무원,17
202411,아시아,11.6,카자흐스탄,3687.0,4116.0,3,전체,17
202411,아시아,14.7,튀르키예,1118.0,1282.0,3,남성,18
202411,아시아,37.7,튀르키예,788.0,1085.0,3,여성,18
202411,아시아,-0.8,튀르키예,962.0,954.0,3,승무원,18
202411,아시아,15.8,튀르키예,2868.0,3321.0,3,전체,18
202411,아시아,18.8,캄보디아,1779.0,2114.0,3,남성,19
202411,아시아,15.4,캄보디아,1179.0,1360.0,3,여성,19
202411,아시아,70.7,캄보디아,58.0,99.0,3,승무원,19
202411,아시아,18.5,캄보디아,3016.0,3573.0,3,전체,19
202411,아시아,80.3,스리랑카,680.0,1226.0,3,남성,20
202411,아시아,80.1,스리랑카,141.0,254.0,3,여성,20
202411,아시아,13.5,스리랑카,444.0,504.0,3,승무원,20
202411,아시아,56.8,스리랑카,1265.0,1984.0,3,전체,20
202411,아시아,37.3,방글라데시,1035.0,1421.0,3,남성,21
202411,아시아,-28.5,방글라데시,235.0,168.0,3,여성,21
202411,아시아,10.6,방글라데시,132.0,146.0,3,승무원,21
202411,아시아,23.8,방글라데시,1402.0,1735.0,3,전체,21
202411,아시아,25.4,파키스탄,721.0,904.0,3,남성,22
202411,아시아,7.7,파키스탄,142.0,153.0,3,여성,22
202411,아시아,22.4,파키스탄,67.0,82.0,3,승무원,22
202411,아시아,22.5,파키스탄,930.0,1139.0,3,전체,22
202411,아시아,197.3,이스라엘,256.0,761.0,3,남성,23
202411,아시아,331.2,이스라엘,138.0,595.0,3,여성,23
202411,아시아,0.0,이스라엘,0.0,7.0,3,승무원,23
202411,아시아,245.9,이스라엘,394.0,1363.0,3,전체,23
202411,아시아,12.0,이란,150.0,168.0,3,남성,24
202411,아시아,10.4,이란,96.0,106.0,3,여성,24
202411,아시아,550.0,이란,2.0,13.0,3,승무원,24
202411,아시아,15.7,이란,248.0,287.0,3,전체,24
202411,아시아,33.9,기타,4096.0,5483.0,3,남성,25
202411,아시아,33.8,기타,1544.0,2066.0,3,여성,25
202411,아시아,44.6,기타,693.0,1002.0,3,승무원,25
202411,아시아,35.0,기타,6333.0,8551.0,3,전체,25
202411,아메리카,17.2,연도대륙,56184.0,65849.0,2,남성,0
202411,아메리카,20.6,연도대륙,53974.0,65115.0,2,여성,0
202411,아메리카,23.7,연도대륙,10156.0,12567.0,2,승무원,0
202411,아메리카,19.3,연도대륙,120314.0,143531.0,2,전체,0
202411,아메리카,14.6,미국,43851.0,50234.0,3,남성,1
202411,아메리카,17.4,미국,41678.0,48925.0,3,여성,1
202411,아메리카,23.3,미국,7969.0,9823.0,3,승무원,1
202411,아메리카,16.6,미국,93498.0,108982.0,3,전체,1
202411,아메리카,-2.2,캐나다,9078.0,8878.0,3,남성,2
202411,아메리카,-3.5,캐나다,9205.0,8881.0,3,여성,2
202411,아메리카,9.1,캐나다,1105.0,1206.0,3,승무원,2
202411,아메리카,-2.2,캐나다,19388.0,18965.0,3,전체,2
202411,아메리카,51.4,브라질,950.0,1438.0,3,남성,3
202411,아메리카,50.7,브라질,904.0,1362.0,3,여성,3
202411,아메리카,1.0,브라질,304.0,307.0,3,승무원,3
202411,아메리카,44.0,브라질,2158.0,3107.0,3,전체,3
202411,아메리카,304.1,멕시코,850.0,3435.0,3,남성,4
202411,아메리카,330.2,멕시코,906.0,3898.0,3,여성,4
202411,아메리카,195.7,멕시코,230.0,680.0,3,승무원,4
202411,아메리카,303.5,멕시코,1986.0,8013.0,3,전체,4
202411,아메리카,28.1,기타,1455.0,1864.0,3,남성,5
202411,아메리카,60.0,기타,1281.0,2049.0,3,여성,5
202411,아메리카,0.5,기타,548.0,551.0,3,승무원,5
202411,아메리카,35.9,기타,3284.0,4464.0,3,전체,5
202411,유럽,15.2,연도대륙,37106.0,42759.0,2,남성,0
202411,유럽,25.8,연도대륙,25746.0,32399.0,2,여성,0
202411,유럽,-4.7,연도대륙,12379.0,11798.0,2,승무원,0
202411,유럽,15.6,연도대륙,75231.0,86956.0,2,전체,0
202411,유럽,23.1,러시아,4183.0,5151.0,3,남성,1
202411,유럽,42.8,러시아,4096.0,5850.0,3,여성,1
202411,유럽,-15.0,러시아,4558.0,3875.0,3,승무원,1
202411,유럽,15.9,러시아,12837.0,14876.0,3,전체,1
202411,유럽,8.1,영국,5745.0,6210.0,3,남성,2
202411,유럽,12.8,영국,3856.0,4351.0,3,여성,2
202411,유럽,-6.7,영국,389.0,363.0,3,승무원,2
202411,유럽,9.3,영국,9990.0,10924.0,3,전체,2
202411,유럽,5.1,독일,5876.0,6176.0,3,남성,3
202411,유럽,20.3,독일,2935.0,3530.0,3,여성,3
202411,유럽,-5.1,독일,961.0,912.0,3,승무원,3
202411,유럽,8.7,독일,9772.0,10618.0,3,전체,3
202411,유럽,13.7,프랑스,5606.0,6373.0,3,남성,4
202411,유럽,17.3,프랑스,4507.0,5287.0,3,여성,4
202411,유럽,-14.9,프랑스,1138.0,968.0,3,승무원,4
202411,유럽,12.2,프랑스,11251.0,12628.0,3,전체,4
202411,유럽,23.4,이탈리아,2402.0,2965.0,3,남성,5
202411,유럽,37.8,이탈리아,1406.0,1938.0,3,여성,5
202411,유럽,13.1,이탈리아,442.0,500.0,3,승무원,5
202411,유럽,27.1,이탈리아,4250.0,5403.0,3,전체,5
202411,유럽,16.7,네덜란드,1768.0,2063.0,3,남성,6
202411,유럽,24.0,네덜란드,1054.0,1307.0,3,여성,6
202411,유럽,17.1,네덜란드,849.0,994.0,3,승무원,6
202411,유럽,18.9,네덜란드,3671.0,4364.0,3,전체,6
202411,유럽,37.5,우크라이나,384.0,528.0,3,남성,7
202411,유럽,3.9,우크라이나,231.0,240.0,3,여성,7
202411,유럽,5.5,우크라이나,1005.0,1060.0,3,승무원,7
202411,유럽,12.8,우크라이나,1620.0,1828.0,3,전체,7
202411,유럽,23.3,스페인,1775.0,2188.0,3,남성,8
202411,유럽,33.4,스페인,1385.0,1847.0,3,여성,8
202411,유럽,-9.2,스페인,119.0,108.0,3,승무원,8
202411,유럽,26.3,스페인,3279.0,4143.0,3,전체,8
202411,유럽,4.8,루마니아,395.0,414.0,3,남성,9
202411,유럽,-14.0,루마니아,378.0,325.0,3,여성,9
202411,유럽,0.0,루마니아,337.0,337.0,3,승무원,9
202411,유럽,-3.1,루마니아,1110.0,1076.0,3,전체,9
202411,유럽,11.3,노르웨이,506.0,563.0,3,남성,10
202411,유럽,49.4,노르웨이,231.0,345.0,3,여성,10
202411,유럽,-50.0,노르웨이,20.0,10.0,3,승무원,10
202411,유럽,21.3,노르웨이,757.0,918.0,3,전체,10
202411,유럽,12.0,스웨덴,833.0,933.0,3,남성,11
202411,유럽,17.0,스웨덴,564.0,660.0,3,여성,11
202411,유럽,137.5,스웨덴,24.0,57.0,3,승무원,11
202411,유럽,16.1,스웨덴,1421.0,1650.0,3,전체,11
202411,유럽,30.7,폴란드,1207.0,1577.0,3,남성,12
202411,유럽,40.8,폴란드,1027.0,1446.0,3,여성,12
202411,유럽,2.7,폴란드,659.0,677.0,3,승무원,12
202411,유럽,27.9,폴란드,2893.0,3700.0,3,전체,12
202411,유럽,26.5,스위스,731.0,925.0,3,남성,13
202411,유럽,58.0,스위스,417.0,659.0,3,여성,13
202411,유럽,-25.6,스위스,39.0,29.0,3,승무원,13
202411,유럽,35.9,스위스,1187.0,1613.0,3,전체,13
202411,유럽,43.5,포르투갈,398.0,571.0,3,남성,14
202411,유럽,56.1,포르투갈,367.0,573.0,3,여성,14
202411,유럽,43.6,포르투갈,78.0,112.0,3,승무원,14
202411,유럽,49.0,포르투갈,843.0,1256.0,3,전체,14
202411,유럽,-0.5,오스트리아,666.0,663.0,3,남성,15
202411,유럽,46.1,오스트리아,280.0,409.0,3,여성,15
202411,유럽,9.1,오스트리아,77.0,84.0,3,승무원,15
202411,유럽,13.0,오스트리아,1023.0,1156.0,3,전체,15
202411,유럽,9.9,핀란드,476.0,523.0,3,남성,16
202411,유럽,6.2,핀란드,323.0,343.0,3,여성,16
202411,유럽,-4.3,핀란드,302.0,289.0,3,승무원,16
202411,유럽,4.9,핀란드,1101.0,1155.0,3,전체,16
202411,유럽,3.2,벨기에,726.0,749.0,3,남성,17
202411,유럽,27.9,벨기에,462.0,591.0,3,여성,17
202411,유럽,32.7,벨기에,107.0,142.0,3,승무원,17
202411,유럽,14.4,벨기에,1295.0,1482.0,3,전체,17
202411,유럽,32.0,크로아티아,147.0,194.0,3,남성,18
202411,유럽,37.3,크로아티아,59.0,81.0,3,여성,18
202411,유럽,-18.4,크로아티아,201.0,164.0,3,승무원,18
202411,유럽,7.9,크로아티아,407.0,439.0,3,전체,18
202411,유럽,56.1,그리스,367.0,573.0,3,남성,19
202411,유럽,88.4,그리스,138.0,260.0,3,여성,19
202411,유럽,-29.6,그리스,270.0,190.0,3,승무원,19
202411,유럽,32.0,그리스,775.0,1023.0,3,전체,19
202411,유럽,4.6,불가리아,174.0,182.0,3,남성,20
202411,유럽,9.2,불가리아,109.0,119.0,3,여성,20
202411,유럽,60.9,불가리아,87.0,140.0,3,승무원,20
202411,유럽,19.2,불가리아,370.0,441.0,3,전체,20
202411,유럽,11.3,덴마크,683.0,760.0,3,남성,21
202411,유럽,23.2,덴마크,384.0,473.0,3,여성,21
202411,유럽,-24.3,덴마크,70.0,53.0,3,승무원,21
202411,유럽,13.1,덴마크,1137.0,1286.0,3,전체,21
202411,유럽,27.5,아일랜드,432.0,551.0,3,남성,22
202411,유럽,60.3,아일랜드,247.0,396.0,3,여성,22
202411,유럽,27.0,아일랜드,37.0,47.0,3,승무원,22
202411,유럽,38.8,아일랜드,716.0,994.0,3,전체,22
202411,유럽,18.5,기타,1626.0,1927.0,3,남성,23
202411,유럽,6.1,기타,1290.0,1369.0,3,여성,23
202411,유럽,12.6,기타,610.0,687.0,3,승무원,23
202411,유럽,13.0,기타,3526.0,3983.0,3,전체,23
202411,오세아니아,7.9,연도대륙,10458.0,11280.0,2,남성,0
202411,오세아니아,13.2,연도대륙,10916.0,12357.0,2,여성,0
202411,오세아니아,6.9,연도대륙,1003.0,1072.0,2,승무원,0
202411,오세아니아,10.4,연도대륙,22377.0,24709.0,2,전체,0
202411,오세아니아,7.3,호주,8687.0,9320.0,3,남성,1
202411,오세아니아,13.6,호주,9209.0,10457.0,3,여성,1
202411,오세아니아,6.5,호주,713.0,759.0,3,승무원,1
202411,오세아니아,10.4,호주,18609.0,20536.0,3,전체,1
202411,오세아니아,7.4,뉴질랜드,1682.0,1806.0,3,남성,2
202411,오세아니아,7.1,뉴질랜드,1653.0,1771.0,3,여성,2
202411,오세아니아,-3.9,뉴질랜드,256.0,246.0,3,승무원,2
202411,오세아니아,6.5,뉴질랜드,3591.0,3823.0,3,전체,2
202411,오세아니아,73.0,기타,89.0,154.0,3,남성,3
202411,오세아니아,138.9,기타,54.0,129.0,3,여성,3
202411,오세아니아,97.1,기타,34.0,67.0,3,승무원,3
202411,오세아니아,97.7,기타,177.0,350.0,3,전체,3
202411,아프리카,39.5,연도대륙,1637.0,2284.0,2,남성,0
202411,아프리카,21.0,연도대륙,924.0,1118.0,2,여성,0
202411,아프리카,-7.1,연도대륙,2209.0,2053.0,2,승무원,0
202411,아프리카,14.4,연도대륙,4770.0,5455.0,2,전체,0
202411,아프리카,13.3,남아프리카공화국,264.0,299.0,3,남성,1
202411,아프리카,13.1,남아프리카공화국,274.0,310.0,3,여성,1
202411,아프리카,3.6,남아프리카공화국,337.0,349.0,3,승무원,1
202411,아프리카,9.5,남아프리카공화국,875.0,958.0,3,전체,1
202411,아프리카,44.6,기타,1373.0,1985.0,3,남성,2
202411,아프리카,24.3,기타,650.0,808.0,3,여성,2
202411,아프리카,-9.0,기타,1872.0,1704.0,3,승무원,2
202411,아프리카,15.5,기타,3895.0,4497.0,3,전체,2
202411,기타,-7.7,연도대륙,13.0,12.0,2,남성,0
202411,기타,-42.9,연도대륙,7.0,4.0,2,여성,0
202411,기타,-66.7,연도대륙,3.0,1.0,2,승무원,0
202411,기타,-26.1,연도대륙,23.0,17.0,2,전체,0
202411,기타,-7.7,기타,13.0,12.0,3,남성,1
202411,기타,-42.9,기타,7.0,4.0,3,여성,1
202411,기타,-66.7,기타,3.0,1.0,3,승무원,1
202411,기타,-26.1,기타,23.0,17.0,3,전체,1
202411,교포,-20.2,연도대륙,1477.0,1178.0,2,남성,0
202411,교포,-21.7,연도대륙,2142.0,1678.0,2,여성,0
202411,교포,0.0,연도대륙,0.0,0.0,2,승무원,0
202411,교포,-21.1,연도대륙,3619.0,2856.0,2,전체,0
202411,교포,-20.2,교포,1477.0,1178.0,3,남성,1
202411,교포,-21.7,교포,2142.0,1678.0,3,여성,1
202411,교포,0.0,교포,0.0,0.0,3,승무원,1
202411,교포,-21.1,교포,3619.0,2856.0,3,전체,1
202412,대륙전체,20.7,연도,395338.0,477015.0,1,남성,0
202412,대륙전체,23.1,연도,575882.0,709002.0,1,여성,0
202412,대륙전체,29.7,연도,65405.0,84846.0,1,승무원,0
202412,대륙전체,22.6,연도,1036625.0,1270863.0,1,전체,0
202412,아시아,20.1,연도대륙,308661.0,370709.0,2,남성,0
202412,아시아,23.1,연도대륙,498683.0,614120.0,2,여성,0
202412,아시아,37.4,연도대륙,43628.0,59953.0,2,승무원,0
202412,아시아,22.8,연도대륙,850972.0,1044782.0,2,전체,0
202412,아시아,13.8,중국,88638.0,100910.0,3,남성,1
202412,아시아,22.4,중국,157483.0,192727.0,3,여성,1
202412,아시아,74.1,중국,7554.0,13150.0,3,승무원,1
202412,아시아,20.9,중국,253675.0,306787.0,3,전체,1
202412,아시아,34.1,일본,63860.0,85631.0,3,남성,2
202412,아시아,24.4,일본,131001.0,163027.0,3,여성,2
202412,아시아,87.3,일본,1008.0,1888.0,3,승무원,2
202412,아시아,27.9,일본,195869.0,250546.0,3,전체,2
202412,아시아,47.2,대만,26430.0,38901.0,3,남성,3
202412,아시아,47.3,대만,53894.0,79411.0,3,여성,3
202412,아시아,24.3,대만,309.0,384.0,3,승무원,3
202412,아시아,47.2,대만,80633.0,118696.0,3,전체,3
202412,아시아,34.4,홍콩,14957.0,20107.0,3,남성,4
202412,아시아,39.1,홍콩,27623.0,38417.0,3,여성,4
202412,아시아,-25.9,홍콩,197.0,146.0,3,승무원,4
202412,아시아,37.2,홍콩,42777.0,58670.0,3,전체,4
202412,아시아,19.2,마카오,1586.0,1890.0,3,남성,5
202412,아시아,19.6,마카오,3160.0,3778.0,3,여성,5
202412,아시아,0.0,마카오,0.0,84.0,3,승무원,5
202412,아시아,21.2,마카오,4746.0,5752.0,3,전체,5
202412,아시아,48.8,필리핀,12208.0,18169.0,3,남성,6
202412,아시아,37.2,필리핀,14324.0,19654.0,3,여성,6
202412,아시아,33.1,필리핀,8714.0,11601.0,3,승무원,6
202412,아시아,40.2,필리핀,35246.0,49424.0,3,전체,6
202412,아시아,16.0,인도네시아,11085.0,12861.0,3,남성,7
202412,아시아,23.3,인도네시아,11116.0,13710.0,3,여성,7
202412,아시아,30.2,인도네시아,5507.0,7172.0,3,승무원,7
202412,아시아,21.8,인도네시아,27708.0,33743.0,3,전체,7
202412,아시아,-3.1,태국,11054.0,10709.0,3,남성,8
202412,아시아,-5.5,태국,20055.0,18943.0,3,여성,8
202412,아시아,32.1,태국,2340.0,3090.0,3,승무원,8
202412,아시아,-2.1,태국,33449.0,32742.0,3,전체,8
202412,아시아,6.7,베트남,12101.0,12907.0,3,남성,9
202412,아시아,10.8,베트남,14767.0,16356.0,3,여성,9
202412,아시아,42.1,베트남,4860.0,6906.0,3,승무원,9
202412,아시아,14.0,베트남,31728.0,36169.0,3,전체,9
202412,아시아,16.7,인도,4016.0,4688.0,3,남성,10
202412,아시아,2.3,인도,1293.0,1323.0,3,여성,10
202412,아시아,19.5,인도,3898.0,4659.0,3,승무원,10
202412,아시아,15.9,인도,9207.0,10670.0,3,전체,10
202412,아시아,-5.8,말레이시아,13186.0,12419.0,3,남성,11
202412,아시아,-6.4,말레이시아,17956.0,16799.0,3,여성,11
202412,아시아,10.8,말레이시아,1964.0,2176.0,3,승무원,11
202412,아시아,-5.2,말레이시아,33106.0,31394.0,3,전체,11
202412,아시아,9.7,싱가포르,24662.0,27047.0,3,남성,12
202412,아시아,9.1,싱가포르,30259.0,33015.0,3,여성,12
202412,아시아,0.7,싱가포르,1476.0,1486.0,3,승무원,12
202412,아시아,9.1,싱가포르,56397.0,61548.0,3,전체,12
202412,아시아,10.8,몽골,4838.0,5362.0,3,남성,13
202412,아시아,11.7,몽골,6222.0,6950.0,3,여성,13
202412,아시아,6.2,몽골,16.0,17.0,3,승무원,13
202412,아시아,11.3,몽골,11076.0,12329.0,3,전체,13
202412,아시아,-2.0,우즈베키스탄,2450.0,2401.0,3,남성,14
202412,아시아,3.5,우즈베키스탄,971.0,1005.0,3,여성,14
202412,아시아,42.9,우즈베키스탄,266.0,380.0,3,승무원,14
202412,아시아,2.7,우즈베키스탄,3687.0,3786.0,3,전체,14
202412,아시아,-16.2,미얀마,2655.0,2226.0,3,남성,15
202412,아시아,45.3,미얀마,645.0,937.0,3,여성,15
202412,아시아,35.9,미얀마,2516.0,3419.0,3,승무원,15
202412,아시아,13.2,미얀마,5816.0,6582.0,3,전체,15
202412,아시아,5.0,GCC,1128.0,1184.0,3,남성,16
202412,아시아,22.9,GCC,983.0,1208.0,3,여성,16
202412,아시아,-54.6,GCC,194.0,88.0,3,승무원,16
202412,아시아,7.6,GCC,2305.0,2480.0,3,전체,16
202412,아시아,-3.4,카자흐스탄,1199.0,1158.0,3,남성,17
202412,아시아,-2.5,카자흐스탄,1766.0,1721.0,3,여성,17
202412,아시아,14.6,카자흐스탄,288.0,330.0,3,승무원,17
202412,아시아,-1.4,카자흐스탄,3253.0,3209.0,3,전체,17
202412,아시아,18.9,튀르키예,816.0,970.0,3,남성,18
202412,아시아,9.6,튀르키예,491.0,538.0,3,여성,18
202412,아시아,5.4,튀르키예,1005.0,1059.0,3,승무원,18
202412,아시아,11.0,튀르키예,2312.0,2567.0,3,전체,18
202412,아시아,-8.3,캄보디아,2371.0,2174.0,3,남성,19
202412,아시아,-4.0,캄보디아,1588.0,1524.0,3,여성,19
202412,아시아,51.0,캄보디아,96.0,145.0,3,승무원,19
202412,아시아,-5.2,캄보디아,4055.0,3843.0,3,전체,19
202412,아시아,-33.6,스리랑카,1617.0,1074.0,3,남성,20
202412,아시아,114.8,스리랑카,122.0,262.0,3,여성,20
202412,아시아,4.5,스리랑카,465.0,486.0,3,승무원,20
202412,아시아,-17.3,스리랑카,2204.0,1822.0,3,전체,20
202412,아시아,-3.8,방글라데시,1380.0,1328.0,3,남성,21
202412,아시아,-49.8,방글라데시,245.0,123.0,3,여성,21
202412,아시아,90.0,방글라데시,130.0,247.0,3,승무원,21
202412,아시아,-3.2,방글라데시,1755.0,1698.0,3,전체,21
202412,아시아,-6.0,파키스탄,881.0,828.0,3,남성,22
202412,아시아,-25.5,파키스탄,165.0,123.0,3,여성,22
202412,아시아,-62.3,파키스탄,122.0,46.0,3,승무원,22
202412,아시아,-14.6,파키스탄,1168.0,997.0,3,전체,22
202412,아시아,75.6,이스라엘,217.0,381.0,3,남성,23
202412,아시아,85.0,이스라엘,100.0,185.0,3,여성,23
202412,아시아,300.0,이스라엘,1.0,4.0,3,승무원,23
202412,아시아,79.2,이스라엘,318.0,570.0,3,전체,23
202412,아시아,-15.0,이란,140.0,119.0,3,남성,24
202412,아시아,-18.6,이란,86.0,70.0,3,여성,24
202412,아시아,-33.3,이란,3.0,2.0,3,승무원,24
202412,아시아,-16.6,이란,229.0,191.0,3,전체,24
202412,아시아,1.5,기타,5186.0,5265.0,3,남성,25
202412,아시아,-2.3,기타,2368.0,2314.0,3,여성,25
202412,아시아,41.3,기타,699.0,988.0,3,승무원,25
202412,아시아,3.8,기타,8253.0,8567.0,3,전체,25
202412,아메리카,25.2,연도대륙,46140.0,57780.0,2,남성,0
202412,아메리카,26.1,연도대륙,42706.0,53866.0,2,여성,0
202412,아메리카,28.9,연도대륙,9143.0,11787.0,2,승무원,0
202412,아메리카,26.0,연도대륙,97989.0,123433.0,2,전체,0
202412,아메리카,22.2,미국,37131.0,45362.0,3,남성,1
202412,아메리카,22.1,미국,33672.0,41116.0,3,여성,1
202412,아메리카,25.7,미국,7488.0,9411.0,3,승무원,1
202412,아메리카,22.5,미국,78291.0,95889.0,3,전체,1
202412,아메리카,14.5,캐나다,6858.0,7853.0,3,남성,2
202412,아메리카,16.4,캐나다,6609.0,7693.0,3,여성,2
202412,아메리카,3.9,캐나다,1087.0,1129.0,3,승무원,2
202412,아메리카,14.6,캐나다,14554.0,16675.0,3,전체,2
202412,아메리카,67.5,브라질,699.0,1171.0,3,남성,3
202412,아메리카,63.4,브라질,743.0,1214.0,3,여성,3
202412,아메리카,-12.1,브라질,239.0,210.0,3,승무원,3
202412,아메리카,54.4,브라질,1681.0,2595.0,3,전체,3
202412,아메리카,254.6,멕시코,637.0,2259.0,3,남성,4
202412,아메리카,240.7,멕시코,752.0,2562.0,3,여성,4
202412,아메리카,408.4,멕시코,131.0,666.0,3,승무원,4
202412,아메리카,261.0,멕시코,1520.0,5487.0,3,전체,4
202412,아메리카,39.3,기타,815.0,1135.0,3,남성,5
202412,아메리카,37.7,기타,930.0,1281.0,3,여성,5
202412,아메리카,87.4,기타,198.0,371.0,3,승무원,5
202412,아메리카,43.4,기타,1943.0,2787.0,3,전체,5
202412,유럽,23.9,연도대륙,24688.0,30595.0,2,남성,0
202412,유럽,25.2,연도대륙,18672.0,23384.0,2,여성,0
202412,유럽,1.9,연도대륙,10438.0,10637.0,2,승무원,0
202412,유럽,20.1,연도대륙,53798.0,64616.0,2,전체,0
202412,유럽,13.4,러시아,3778.0,4283.0,3,남성,1
202412,유럽,16.4,러시아,3813.0,4437.0,3,여성,1
202412,유럽,-8.9,러시아,4134.0,3767.0,3,승무원,1
202412,유럽,6.5,러시아,11725.0,12487.0,3,전체,1
202412,유럽,17.5,영국,4014.0,4718.0,3,남성,2
202412,유럽,19.5,영국,2715.0,3244.0,3,여성,2
202412,유럽,25.5,영국,204.0,256.0,3,승무원,2
202412,유럽,18.5,영국,6933.0,8218.0,3,전체,2
202412,유럽,17.1,독일,3775.0,4422.0,3,남성,3
202412,유럽,23.8,독일,2369.0,2933.0,3,여성,3
202412,유럽,-10.8,독일,916.0,817.0,3,승무원,3
202412,유럽,15.8,독일,7060.0,8172.0,3,전체,3
202412,유럽,24.1,프랑스,3632.0,4508.0,3,남성,4
202412,유럽,22.2,프랑스,2988.0,3652.0,3,여성,4
202412,유럽,-1.9,프랑스,915.0,898.0,3,승무원,4
202412,유럽,20.2,프랑스,7535.0,9058.0,3,전체,4
202412,유럽,33.5,이탈리아,1509.0,2014.0,3,남성,5
202412,유럽,39.2,이탈리아,1054.0,1467.0,3,여성,5
202412,유럽,33.3,이탈리아,237.0,316.0,3,승무원,5
202412,유럽,35.6,이탈리아,2800.0,3797.0,3,전체,5
202412,유럽,19.0,네덜란드,1165.0,1386.0,3,남성,6
202412,유럽,21.8,네덜란드,758.0,923.0,3,여성,6
202412,유럽,43.5,네덜란드,649.0,931.0,3,승무원,6
202412,유럽,26.0,네덜란드,2572.0,3240.0,3,전체,6
202412,유럽,59.8,우크라이나,291.0,465.0,3,남성,7
202412,유럽,25.3,우크라이나,158.0,198.0,3,여성,7
202412,유럽,12.2,우크라이나,843.0,946.0,3,승무원,7
202412,유럽,24.5,우크라이나,1292.0,1609.0,3,전체,7
202412,유럽,35.4,스페인,921.0,1247.0,3,남성,8
202412,유럽,33.7,스페인,807.0,1079.0,3,여성,8
202412,유럽,11.9,스페인,109.0,122.0,3,승무원,8
202412,유럽,33.3,스페인,1837.0,2448.0,3,전체,8
202412,유럽,56.8,루마니아,213.0,334.0,3,남성,9
202412,유럽,39.3,루마니아,168.0,234.0,3,여성,9
202412,유럽,-19.3,루마니아,321.0,259.0,3,승무원,9
202412,유럽,17.8,루마니아,702.0,827.0,3,전체,9
202412,유럽,45.9,노르웨이,290.0,423.0,3,남성,10
202412,유럽,68.5,노르웨이,178.0,300.0,3,여성,10
202412,유럽,15.0,노르웨이,20.0,23.0,3,승무원,10
202412,유럽,52.9,노르웨이,488.0,746.0,3,전체,10
202412,유럽,40.4,스웨덴,617.0,866.0,3,남성,11
202412,유럽,44.2,스웨덴,389.0,561.0,3,여성,11
202412,유럽,2.6,스웨덴,39.0,40.0,3,승무원,11
202412,유럽,40.4,스웨덴,1045.0,1467.0,3,전체,11
202412,유럽,21.4,폴란드,588.0,714.0,3,남성,12
202412,유럽,33.1,폴란드,487.0,648.0,3,여성,12
202412,유럽,-3.8,폴란드,599.0,576.0,3,승무원,12
202412,유럽,15.8,폴란드,1674.0,1938.0,3,전체,12
202412,유럽,24.8,스위스,513.0,640.0,3,남성,13
202412,유럽,42.1,스위스,328.0,466.0,3,여성,13
202412,유럽,-16.7,스위스,42.0,35.0,3,승무원,13
202412,유럽,29.2,스위스,883.0,1141.0,3,전체,13
202412,유럽,58.5,포르투갈,275.0,436.0,3,남성,14
202412,유럽,53.9,포르투갈,293.0,451.0,3,여성,14
202412,유럽,47.5,포르투갈,61.0,90.0,3,승무원,14
202412,유럽,55.3,포르투갈,629.0,977.0,3,전체,14
202412,유럽,25.2,오스트리아,330.0,413.0,3,남성,15
202412,유럽,42.4,오스트리아,229.0,326.0,3,여성,15
202412,유럽,-14.5,오스트리아,69.0,59.0,3,승무원,15
202412,유럽,27.1,오스트리아,628.0,798.0,3,전체,15
202412,유럽,50.2,핀란드,279.0,419.0,3,남성,16
202412,유럽,18.4,핀란드,266.0,315.0,3,여성,16
202412,유럽,-24.0,핀란드,263.0,200.0,3,승무원,16
202412,유럽,15.6,핀란드,808.0,934.0,3,전체,16
202412,유럽,19.3,벨기에,456.0,544.0,3,남성,17
202412,유럽,7.6,벨기에,304.0,327.0,3,여성,17
202412,유럽,9.9,벨기에,121.0,133.0,3,승무원,17
202412,유럽,14.0,벨기에,881.0,1004.0,3,전체,17
202412,유럽,43.3,크로아티아,97.0,139.0,3,남성,18
202412,유럽,4.9,크로아티아,41.0,43.0,3,여성,18
202412,유럽,27.5,크로아티아,149.0,190.0,3,승무원,18
202412,유럽,29.6,크로아티아,287.0,372.0,3,전체,18
202412,유럽,30.0,그리스,237.0,308.0,3,남성,19
202412,유럽,19.6,그리스,102.0,122.0,3,여성,19
202412,유럽,42.6,그리스,129.0,184.0,3,승무원,19
202412,유럽,31.2,그리스,468.0,614.0,3,전체,19
202412,유럽,62.6,불가리아,91.0,148.0,3,남성,20
202412,유럽,50.0,불가리아,42.0,63.0,3,여성,20
202412,유럽,42.6,불가리아,101.0,144.0,3,승무원,20
202412,유럽,51.7,불가리아,234.0,355.0,3,전체,20
202412,유럽,36.7,덴마크,354.0,484.0,3,남성,21
202412,유럽,40.0,덴마크,225.0,315.0,3,여성,21
202412,유럽,6.0,덴마크,50.0,53.0,3,승무원,21
202412,유럽,35.5,덴마크,629.0,852.0,3,전체,21
202412,유럽,26.6,아일랜드,286.0,362.0,3,남성,22
202412,유럽,35.8,아일랜드,173.0,235.0,3,여성,22
202412,유럽,6.2,아일랜드,32.0,34.0,3,승무원,22
202412,유럽,28.5,아일랜드,491.0,631.0,3,전체,22
202412,유럽,35.3,기타,977.0,1322.0,3,남성,23
202412,유럽,33.1,기타,785.0,1045.0,3,여성,23
202412,유럽,29.7,기타,435.0,564.0,3,승무원,23
202412,유럽,33.4,기타,2197.0,2931.0,3,전체,23
202412,오세아니아,15.2,연도대륙,13173.0,15179.0,2,남성,0
202412,오세아니아,13.9,연도대륙,13174.0,15007.0,2,여성,0
202412,오세아니아,19.2,연도대륙,947.0,1129.0,2,승무원,0
202412,오세아니아,14.7,연도대륙,27294.0,31315.0,2,전체,0
202412,오세아니아,15.5,호주,11019.0,12729.0,3,남성,1
202412,오세아니아,14.6,호주,11163.0,12793.0,3,여성,1
202412,오세아니아,28.4,호주,634.0,814.0,3,승무원,1
202412,오세아니아,15.4,호주,22816.0,26336.0,3,전체,1
202412,오세아니아,13.1,뉴질랜드,2090.0,2364.0,3,남성,2
202412,오세아니아,9.2,뉴질랜드,1966.0,2147.0,3,여성,2
202412,오세아니아,-3.4,뉴질랜드,263.0,254.0,3,승무원,2
202412,오세아니아,10.3,뉴질랜드,4319.0,4765.0,3,전체,2
202412,오세아니아,34.4,기타,64.0,86.0,3,남성,3
202412,오세아니아,48.9,기타,45.0,67.0,3,여성,3
202412,오세아니아,22.0,기타,50.0,61.0,3,승무원,3
202412,오세아니아,34.6,기타,159.0,214.0,3,전체,3
202412,아프리카,22.4,연도대륙,1333.0,1631.0,2,남성,0
202412,아프리카,14.9,연도대륙,1000.0,1149.0,2,여성,0
202412,아프리카,7.3,연도대륙,1245.0,1336.0,2,승무원,0
202412,아프리카,15.0,연도대륙,3578.0,4116.0,2,전체,0
202412,아프리카,18.0,남아프리카공화국,344.0,406.0,3,남성,1
202412,아프리카,17.9,남아프리카공화국,480.0,566.0,3,여성,1
202412,아프리카,-28.7,남아프리카공화국,115.0,82.0,3,승무원,1
202412,아프리카,12.2,남아프리카공화국,939.0,1054.0,3,전체,1
202412,아프리카,23.9,기타,989.0,1225.0,3,남성,2
202412,아프리카,12.1,기타,520.0,583.0,3,여성,2
202412,아프리카,11.0,기타,1130.0,1254.0,3,승무원,2
202412,아프리카,16.0,기타,2639.0,3062.0,3,전체,2
202412,기타,-22.2,연도대륙,9.0,7.0,2,남성,0
202412,기타,0.0,연도대륙,6.0,6.0,2,여성,0
202412,기타,0.0,연도대륙,4.0,4.0,2,승무원,0
202412,기타,-10.5,연도대륙,19.0,17.0,2,전체,0
202412,기타,-22.2,기타,9.0,7.0,3,남성,1
202412,기타,0.0,기타,6.0,6.0,3,여성,1
202412,기타,0.0,기타,4.0,4.0,3,승무원,1
202412,기타,-10.5,기타,19.0,17.0,3,전체,1
202412,교포,-16.5,연도대륙,1334.0,1114.0,2,남성,0
202412,교포,-10.4,연도대륙,1641.0,1470.0,2,여성,0
202412,교포,0.0,연도대륙,0.0,0.0,2,승무원,0
202412,교포,-13.1,연도대륙,2975.0,2584.0,2,전체,0
202412,교포,-16.5,교포,1334.0,1114.0,3,남성,1
202412,교포,-10.4,교포,1641.0,1470.0,3,여성,1
202412,교포,0.0,교포,0.0,0.0,3,승무원,1
202412,교포,-13.1,교포,2975.0,2584.0,3,전체,1
202501,대륙전체,22.0,연도,342951.0,418324.0,1,남성,0
202501,대륙전체,31.7,연도,466665.0,614545.0,1,여성,0
202501,대륙전체,18.4,연도,71265.0,84374.0,1,승무원,0
202501,대륙전체,26.8,연도,880881.0,1117243.0,1,전체,0
202501,아시아,25.5,연도대륙,267936.0,336151.0,2,남성,0
202501,아시아,34.1,연도대륙,403153.0,540707.0,2,여성,0
202501,아시아,21.4,연도대륙,49338.0,59910.0,2,승무원,0
202501,아시아,30.0,연도대륙,720427.0,936768.0,2,전체,0
202501,아시아,22.4,중국,102249.0,125180.0,3,남성,1
202501,아시아,35.2,중국,167792.0,226918.0,3,여성,1
202501,아시아,23.7,중국,9994.0,12362.0,3,승무원,1
202501,아시아,30.1,중국,280035.0,364460.0,3,전체,1
202501,아시아,15.1,일본,51047.0,58730.0,3,남성,2
202501,아시아,25.3,일본,91264.0,114350.0,3,여성,2
202501,아시아,94.6,일본,841.0,1637.0,3,승무원,2
202501,아시아,22.0,일본,143152.0,174717.0,3,전체,2
202501,아시아,54.3,대만,33180.0,51212.0,3,남성,3
202501,아시아,39.6,대만,60054.0,83840.0,3,여성,3
202501,아시아,7.6,대만,355.0,382.0,3,승무원,3
202501,아시아,44.7,대만,93589.0,135434.0,3,전체,3
202501,아시아,92.9,홍콩,8163.0,15750.0,3,남성,4
202501,아시아,63.1,홍콩,17398.0,28378.0,3,여성,4
202501,아시아,-22.7,홍콩,194.0,150.0,3,승무원,4
202501,아시아,71.9,홍콩,25755.0,44278.0,3,전체,4
202501,아시아,98.8,마카오,486.0,966.0,3,남성,5
202501,아시아,65.2,마카오,1104.0,1824.0,3,여성,5
202501,아시아,0.0,마카오,0.0,76.0,3,승무원,5
202501,아시아,80.3,마카오,1590.0,2866.0,3,전체,5
202501,아시아,40.2,필리핀,9526.0,13352.0,3,남성,6
202501,아시아,55.6,필리핀,7410.0,11531.0,3,여성,6
202501,아시아,18.9,필리핀,9972.0,11857.0,3,승무원,6
202501,아시아,36.5,필리핀,26908.0,36740.0,3,전체,6
202501,아시아,35.8,인도네시아,6773.0,9196.0,3,남성,7
202501,아시아,60.4,인도네시아,6523.0,10464.0,3,여성,7
202501,아시아,31.4,인도네시아,5978.0,7856.0,3,승무원,7
202501,아시아,42.8,인도네시아,19274.0,27516.0,3,전체,7
202501,아시아,-11.7,태국,6841.0,6040.0,3,남성,8
202501,아시아,-0.4,태국,11373.0,11324.0,3,여성,8
202501,아시아,33.9,태국,2302.0,3083.0,3,승무원,8
202501,아시아,-0.3,태국,20516.0,20447.0,3,전체,8
202501,아시아,0.5,베트남,7995.0,8036.0,3,남성,9
202501,아시아,18.6,베트남,8565.0,10158.0,3,여성,9
202501,아시아,39.1,베트남,4837.0,6728.0,3,승무원,9
202501,아시아,16.5,베트남,21397.0,24922.0,3,전체,9
202501,아시아,15.8,인도,3757.0,4352.0,3,남성,10
202501,아시아,0.9,인도,964.0,973.0,3,여성,10
202501,아시아,6.6,인도,5121.0,5458.0,3,승무원,10
202501,아시아,9.6,인도,9842.0,10783.0,3,전체,10
202501,아시아,62.1,말레이시아,6225.0,10093.0,3,남성,11
202501,아시아,60.1,말레이시아,8632.0,13818.0,3,여성,11
202501,아시아,10.7,말레이시아,2056.0,2277.0,3,승무원,11
202501,아시아,54.8,말레이시아,16913.0,26188.0,3,전체,11
202501,아시아,26.8,싱가포르,5550.0,7036.0,3,남성,12
202501,아시아,31.3,싱가포르,7012.0,9209.0,3,여성,12
202501,아시아,-9.8,싱가포르,1474.0,1330.0,3,승무원,12
202501,아시아,25.2,싱가포르,14036.0,17575.0,3,전체,12
202501,아시아,18.0,몽골,5578.0,6582.0,3,남성,13
202501,아시아,29.1,몽골,6886.0,8890.0,3,여성,13
202501,아시아,1400.0,몽골,1.0,15.0,3,승무원,13
202501,아시아,24.2,몽골,12465.0,15487.0,3,전체,13
202501,아시아,1.6,우즈베키스탄,3451.0,3506.0,3,남성,14
202501,아시아,13.5,우즈베키스탄,1292.0,1466.0,3,여성,14
202501,아시아,17.4,우즈베키스탄,316.0,371.0,3,승무원,14
202501,아시아,5.6,우즈베키스탄,5059.0,5343.0,3,전체,14
202501,아시아,-15.3,미얀마,2324.0,1969.0,3,남성,15
202501,아시아,88.2,미얀마,304.0,572.0,3,여성,15
202501,아시아,28.1,미얀마,2523.0,3232.0,3,승무원,15
202501,아시아,12.1,미얀마,5151.0,5773.0,3,전체,15
202501,아시아,-17.9,GCC,1047.0,860.0,3,남성,16
202501,아시아,-15.1,GCC,887.0,753.0,3,여성,16
202501,아시아,-71.2,GCC,226.0,65.0,3,승무원,16
202501,아시아,-22.3,GCC,2160.0,1678.0,3,전체,16
202501,아시아,-1.7,카자흐스탄,1594.0,1567.0,3,남성,17
202501,아시아,4.2,카자흐스탄,2048.0,2135.0,3,여성,17
202501,아시아,15.1,카자흐스탄,265.0,305.0,3,승무원,17
202501,아시아,2.6,카자흐스탄,3907.0,4007.0,3,전체,17
202501,아시아,11.8,튀르키예,748.0,836.0,3,남성,18
202501,아시아,52.6,튀르키예,430.0,656.0,3,여성,18
202501,아시아,-3.9,튀르키예,1008.0,969.0,3,승무원,18
202501,아시아,12.6,튀르키예,2186.0,2461.0,3,전체,18
202501,아시아,4.7,캄보디아,2338.0,2449.0,3,남성,19
202501,아시아,11.8,캄보디아,1149.0,1285.0,3,여성,19
202501,아시아,-4.5,캄보디아,155.0,148.0,3,승무원,19
202501,아시아,6.6,캄보디아,3642.0,3882.0,3,전체,19
202501,아시아,2.7,스리랑카,1555.0,1597.0,3,남성,20
202501,아시아,37.0,스리랑카,200.0,274.0,3,여성,20
202501,아시아,7.0,스리랑카,546.0,584.0,3,승무원,20
202501,아시아,6.7,스리랑카,2301.0,2455.0,3,전체,20
202501,아시아,7.3,방글라데시,1342.0,1440.0,3,남성,21
202501,아시아,-2.1,방글라데시,189.0,185.0,3,여성,21
202501,아시아,16.1,방글라데시,124.0,144.0,3,승무원,21
202501,아시아,6.9,방글라데시,1655.0,1769.0,3,전체,21
202501,아시아,-8.8,파키스탄,973.0,887.0,3,남성,22
202501,아시아,-25.3,파키스탄,166.0,124.0,3,여성,22
202501,아시아,-30.1,파키스탄,73.0,51.0,3,승무원,22
202501,아시아,-12.4,파키스탄,1212.0,1062.0,3,전체,22
202501,아시아,-6.2,이스라엘,355.0,333.0,3,남성,23
202501,아시아,42.9,이스라엘,98.0,140.0,3,여성,23
202501,아시아,250.0,이스라엘,2.0,7.0,3,승무원,23
202501,아시아,5.5,이스라엘,455.0,480.0,3,전체,23
202501,아시아,-13.9,이란,115.0,99.0,3,남성,24
202501,아시아,47.1,이란,51.0,75.0,3,여성,24
202501,아시아,-21.4,이란,14.0,11.0,3,승무원,24
202501,아시아,2.8,이란,180.0,185.0,3,전체,24
202501,아시아,-13.6,기타,4724.0,4083.0,3,남성,25
202501,아시아,0.2,기타,1362.0,1365.0,3,여성,25
202501,아시아,-15.5,기타,961.0,812.0,3,승무원,25
202501,아시아,-11.2,기타,7047.0,6260.0,3,전체,25
202501,아메리카,18.7,연도대륙,37439.0,44447.0,2,남성,0
202501,아메리카,23.7,연도대륙,34000.0,42062.0,2,여성,0
202501,아메리카,24.2,연도대륙,9108.0,11310.0,2,승무원,0
202501,아메리카,21.4,연도대륙,80547.0,97819.0,2,전체,0
202501,아메리카,17.4,미국,28863.0,33892.0,3,남성,1
202501,아메리카,22.8,미국,25515.0,31341.0,3,여성,1
202501,아메리카,22.4,미국,7376.0,9029.0,3,승무원,1
202501,아메리카,20.3,미국,61754.0,74262.0,3,전체,1
202501,아메리카,3.2,캐나다,6245.0,6445.0,3,남성,2
202501,아메리카,6.5,캐나다,6026.0,6418.0,3,여성,2
202501,아메리카,-1.5,캐나다,1129.0,1112.0,3,승무원,2
202501,아메리카,4.3,캐나다,13400.0,13975.0,3,전체,2
202501,아메리카,46.5,브라질,825.0,1209.0,3,남성,3
202501,아메리카,39.3,브라질,781.0,1088.0,3,여성,3
202501,아메리카,-23.3,브라질,249.0,191.0,3,승무원,3
202501,아메리카,34.1,브라질,1855.0,2488.0,3,전체,3
202501,아메리카,216.7,멕시코,546.0,1729.0,3,남성,4
202501,아메리카,251.9,멕시코,543.0,1911.0,3,여성,4
202501,아메리카,321.6,멕시코,139.0,586.0,3,승무원,4
202501,아메리카,244.1,멕시코,1228.0,4226.0,3,전체,4
202501,아메리카,22.1,기타,960.0,1172.0,3,남성,5
202501,아메리카,14.9,기타,1135.0,1304.0,3,여성,5
202501,아메리카,82.3,기타,215.0,392.0,3,승무원,5
202501,아메리카,24.2,기타,2310.0,2868.0,3,전체,5
202501,유럽,-3.7,연도대륙,25169.0,24235.0,2,남성,0
202501,유럽,6.5,연도대륙,17286.0,18418.0,2,여성,0
202501,유럽,-0.2,연도대륙,10576.0,10555.0,2,승무원,0
202501,유럽,0.3,연도대륙,53031.0,53208.0,2,전체,0
202501,유럽,7.1,러시아,3796.0,4064.0,3,남성,1
202501,유럽,17.3,러시아,3772.0,4424.0,3,여성,1
202501,유럽,-23.2,러시아,3940.0,3025.0,3,승무원,1
202501,유럽,0.0,러시아,11508.0,11513.0,3,전체,1
202501,유럽,-2.1,영국,3897.0,3815.0,3,남성,2
202501,유럽,7.8,영국,2601.0,2803.0,3,여성,2
202501,유럽,13.9,영국,252.0,287.0,3,승무원,2
202501,유럽,2.3,영국,6750.0,6905.0,3,전체,2
202501,유럽,-8.5,독일,3604.0,3297.0,3,남성,3
202501,유럽,2.5,독일,1959.0,2007.0,3,여성,3
202501,유럽,-18.7,독일,921.0,749.0,3,승무원,3
202501,유럽,-6.6,독일,6484.0,6053.0,3,전체,3
202501,유럽,1.2,프랑스,3181.0,3220.0,3,남성,4
202501,유럽,8.2,프랑스,2354.0,2547.0,3,여성,4
202501,유럽,12.7,프랑스,845.0,952.0,3,승무원,4
202501,유럽,5.3,프랑스,6380.0,6719.0,3,전체,4
202501,유럽,-9.0,이탈리아,1524.0,1387.0,3,남성,5
202501,유럽,13.8,이탈리아,767.0,873.0,3,여성,5
202501,유럽,146.8,이탈리아,282.0,696.0,3,승무원,5
202501,유럽,14.9,이탈리아,2573.0,2956.0,3,전체,5
202501,유럽,-4.4,네덜란드,1097.0,1049.0,3,남성,6
202501,유럽,-1.4,네덜란드,633.0,624.0,3,여성,6
202501,유럽,35.4,네덜란드,726.0,983.0,3,승무원,6
202501,유럽,8.1,네덜란드,2456.0,2656.0,3,전체,6
202501,유럽,17.9,우크라이나,351.0,414.0,3,남성,7
202501,유럽,-22.2,우크라이나,216.0,168.0,3,여성,7
202501,유럽,-7.3,우크라이나,1021.0,946.0,3,승무원,7
202501,유럽,-3.8,우크라이나,1588.0,1528.0,3,전체,7
202501,유럽,1.9,스페인,911.0,928.0,3,남성,8
202501,유럽,14.0,스페인,644.0,734.0,3,여성,8
202501,유럽,11.9,스페인,135.0,151.0,3,승무원,8
202501,유럽,7.3,스페인,1690.0,1813.0,3,전체,8
202501,유럽,-4.5,루마니아,267.0,255.0,3,남성,9
202501,유럽,-1.4,루마니아,143.0,141.0,3,여성,9
202501,유럽,24.2,루마니아,240.0,298.0,3,승무원,9
202501,유럽,6.8,루마니아,650.0,694.0,3,전체,9
202501,유럽,-9.1,노르웨이,407.0,370.0,3,남성,10
202501,유럽,-3.8,노르웨이,240.0,231.0,3,여성,10
202501,유럽,47.1,노르웨이,17.0,25.0,3,승무원,10
202501,유럽,-5.7,노르웨이,664.0,626.0,3,전체,10
202501,유럽,-13.0,스웨덴,576.0,501.0,3,남성,11
202501,유럽,-24.1,스웨덴,395.0,300.0,3,여성,11
202501,유럽,-50.5,스웨덴,97.0,48.0,3,승무원,11
202501,유럽,-20.5,스웨덴,1068.0,849.0,3,전체,11
202501,유럽,-3.4,폴란드,727.0,702.0,3,남성,12
202501,유럽,5.2,폴란드,562.0,591.0,3,여성,12
202501,유럽,62.2,폴란드,436.0,707.0,3,승무원,12
202501,유럽,15.9,폴란드,1725.0,2000.0,3,전체,12
202501,유럽,-31.6,스위스,572.0,391.0,3,남성,13
202501,유럽,-6.3,스위스,382.0,358.0,3,여성,13
202501,유럽,-21.1,스위스,38.0,30.0,3,승무원,13
202501,유럽,-21.5,스위스,992.0,779.0,3,전체,13
202501,유럽,22.1,포르투갈,231.0,282.0,3,남성,14
202501,유럽,18.5,포르투갈,200.0,237.0,3,여성,14
202501,유럽,36.7,포르투갈,60.0,82.0,3,승무원,14
202501,유럽,22.4,포르투갈,491.0,601.0,3,전체,14
202501,유럽,-25.7,오스트리아,509.0,378.0,3,남성,15
202501,유럽,-8.7,오스트리아,254.0,232.0,3,여성,15
202501,유럽,6.8,오스트리아,73.0,78.0,3,승무원,15
202501,유럽,-17.7,오스트리아,836.0,688.0,3,전체,15
202501,유럽,-17.5,핀란드,361.0,298.0,3,남성,16
202501,유럽,2.2,핀란드,228.0,233.0,3,여성,16
202501,유럽,-9.4,핀란드,278.0,252.0,3,승무원,16
202501,유럽,-9.7,핀란드,867.0,783.0,3,전체,16
202501,유럽,3.1,벨기에,360.0,371.0,3,남성,17
202501,유럽,21.6,벨기에,222.0,270.0,3,여성,17
202501,유럽,26.8,벨기에,112.0,142.0,3,승무원,17
202501,유럽,12.8,벨기에,694.0,783.0,3,전체,17
202501,유럽,17.0,크로아티아,141.0,165.0,3,남성,18
202501,유럽,-7.1,크로아티아,56.0,52.0,3,여성,18
202501,유럽,-10.9,크로아티아,193.0,172.0,3,승무원,18
202501,유럽,-0.3,크로아티아,390.0,389.0,3,전체,18
202501,유럽,12.8,그리스,296.0,334.0,3,남성,19
202501,유럽,-3.7,그리스,107.0,103.0,3,여성,19
202501,유럽,-25.4,그리스,181.0,135.0,3,승무원,19
202501,유럽,-2.1,그리스,584.0,572.0,3,전체,19
202501,유럽,8.0,불가리아,112.0,121.0,3,남성,20
202501,유럽,53.5,불가리아,43.0,66.0,3,여성,20
202501,유럽,-39.5,불가리아,114.0,69.0,3,승무원,20
202501,유럽,-4.8,불가리아,269.0,256.0,3,전체,20
202501,유럽,-17.0,덴마크,448.0,372.0,3,남성,21
202501,유럽,-5.8,덴마크,226.0,213.0,3,여성,21
202501,유럽,-26.4,덴마크,72.0,53.0,3,승무원,21
202501,유럽,-14.5,덴마크,746.0,638.0,3,전체,21
202501,유럽,20.1,아일랜드,323.0,388.0,3,남성,22
202501,유럽,23.7,아일랜드,219.0,271.0,3,여성,22
202501,유럽,0.0,아일랜드,33.0,33.0,3,승무원,22
202501,유럽,20.3,아일랜드,575.0,692.0,3,전체,22
202501,유럽,-23.3,기타,1478.0,1133.0,3,남성,23
202501,유럽,-11.6,기타,1063.0,940.0,3,여성,23
202501,유럽,25.9,기타,510.0,642.0,3,승무원,23
202501,유럽,-11.0,기타,3051.0,2715.0,3,전체,23
202501,오세아니아,11.7,연도대륙,9857.0,11009.0,2,남성,0
202501,오세아니아,11.0,연도대륙,9756.0,10827.0,2,여성,0
202501,오세아니아,13.7,연도대륙,911.0,1036.0,2,승무원,0
202501,오세아니아,11.4,연도대륙,20524.0,22872.0,2,전체,0
202501,오세아니아,12.9,호주,8315.0,9387.0,3,남성,1
202501,오세아니아,12.5,호주,8308.0,9347.0,3,여성,1
202501,오세아니아,16.9,호주,628.0,734.0,3,승무원,1
202501,오세아니아,12.9,호주,17251.0,19468.0,3,전체,1
202501,오세아니아,3.9,뉴질랜드,1491.0,1549.0,3,남성,2
202501,오세아니아,1.9,뉴질랜드,1405.0,1432.0,3,여성,2
202501,오세아니아,-3.5,뉴질랜드,254.0,245.0,3,승무원,2
202501,오세아니아,2.4,뉴질랜드,3150.0,3226.0,3,전체,2
202501,오세아니아,43.1,기타,51.0,73.0,3,남성,3
202501,오세아니아,11.6,기타,43.0,48.0,3,여성,3
202501,오세아니아,96.6,기타,29.0,57.0,3,승무원,3
202501,오세아니아,44.7,기타,123.0,178.0,3,전체,3
202501,아프리카,13.1,연도대륙,1414.0,1599.0,2,남성,0
202501,아프리카,27.1,연도대륙,1047.0,1331.0,2,여성,0
202501,아프리카,17.5,연도대륙,1327.0,1559.0,2,승무원,0
202501,아프리카,18.5,연도대륙,3788.0,4489.0,2,전체,0
202501,아프리카,28.4,남아프리카공화국,331.0,425.0,3,남성,1
202501,아프리카,39.1,남아프리카공화국,552.0,768.0,3,여성,1
202501,아프리카,-7.4,남아프리카공화국,148.0,137.0,3,승무원,1
202501,아프리카,29.0,남아프리카공화국,1031.0,1330.0,3,전체,1
202501,아프리카,8.4,기타,1083.0,1174.0,3,남성,2
202501,아프리카,13.7,기타,495.0,563.0,3,여성,2
202501,아프리카,20.6,기타,1179.0,1422.0,3,승무원,2
202501,아프리카,14.6,기타,2757.0,3159.0,3,전체,2
202501,기타,-25.0,연도대륙,12.0,9.0,2,남성,0
202501,기타,-55.6,연도대륙,9.0,4.0,2,여성,0
202501,기타,-20.0,연도대륙,5.0,4.0,2,승무원,0
202501,기타,-34.6,연도대륙,26.0,17.0,2,전체,0
202501,기타,-25.0,기타,12.0,9.0,3,남성,1
202501,기타,-55.6,기타,9.0,4.0,3,여성,1
202501,기타,-20.0,기타,5.0,4.0,3,승무원,1
202501,기타,-34.6,기타,26.0,17.0,3,전체,1
202501,교포,-22.2,연도대륙,1124.0,874.0,2,남성,0
202501,교포,-15.4,연도대륙,1414.0,1196.0,2,여성,0
202501,교포,0.0,연도대륙,0.0,0.0,2,승무원,0
202501,교포,-18.4,연도대륙,2538.0,2070.0,2,전체,0
202501,교포,-22.2,교포,1124.0,874.0,3,남성,1
202501,교포,-15.4,교포,1414.0,1196.0,3,여성,1
202501,교포,0.0,교포,0.0,0.0,3,승무원,1
202501,교포,-18.4,교포,2538.0,2070.0,3,전체,1
202502,대륙전체,10.8,연도,403172.0,446724.0,1,남성,0
202502,대륙전체,9.2,연도,560098.0,611503.0,1,여성,0
202502,대륙전체,19.7,연도,66974.0,80181.0,1,승무원,0
202502,대륙전체,10.5,연도,1030244.0,1138408.0,1,전체,0
202502,아시아,9.6,연도대륙,332509.0,364400.0,2,남성,0
202502,아시아,8.5,연도대륙,495201.0,537514.0,2,여성,0
202502,아시아,26.2,연도대륙,45534.0,57486.0,2,승무원,0
202502,아시아,9.9,연도대륙,873244.0,959400.0,2,전체,0
202502,아시아,-1.2,중국,133773.0,132139.0,3,남성,1
202502,아시아,-1.9,중국,201305.0,197469.0,3,여성,1
202502,아시아,30.2,중국,8641.0,11252.0,3,승무원,1
202502,아시아,-0.8,중국,343719.0,340860.0,3,전체,1
202502,아시아,23.5,일본,59066.0,72947.0,3,남성,2
202502,아시아,20.8,일본,124201.0,150044.0,3,여성,2
202502,아시아,103.7,일본,732.0,1491.0,3,승무원,2
202502,아시아,22.0,일본,183999.0,224482.0,3,전체,2
202502,아시아,18.9,대만,35815.0,42579.0,3,남성,3
202502,아시아,27.3,대만,60586.0,77102.0,3,여성,3
202502,아시아,10.2,대만,303.0,334.0,3,승무원,3
202502,아시아,24.1,대만,96704.0,120015.0,3,전체,3
202502,아시아,-28.7,홍콩,13573.0,9676.0,3,남성,4
202502,아시아,-5.6,홍콩,21680.0,20465.0,3,여성,4
202502,아시아,-37.1,홍콩,205.0,129.0,3,승무원,4
202502,아시아,-14.6,홍콩,35458.0,30270.0,3,전체,4
202502,아시아,-43.8,마카오,1296.0,728.0,3,남성,5
202502,아시아,-38.2,마카오,2115.0,1307.0,3,여성,5
202502,아시아,0.0,마카오,0.0,58.0,3,승무원,5
202502,아시아,-38.6,마카오,3411.0,2093.0,3,전체,5
202502,아시아,66.1,필리핀,8113.0,13474.0,3,남성,6
202502,아시아,55.1,필리핀,7282.0,11293.0,3,여성,6
202502,아시아,23.4,필리핀,10472.0,12922.0,3,승무원,6
202502,아시아,45.7,필리핀,25867.0,37689.0,3,전체,6
202502,아시아,25.8,인도네시아,6879.0,8655.0,3,남성,7
202502,아시아,25.6,인도네시아,6720.0,8443.0,3,여성,7
202502,아시아,27.4,인도네시아,5867.0,7476.0,3,승무원,7
202502,아시아,26.2,인도네시아,19466.0,24574.0,3,전체,7
202502,아시아,-4.4,태국,7353.0,7030.0,3,남성,8
202502,아시아,-14.8,태국,12694.0,10819.0,3,여성,8
202502,아시아,19.5,태국,2300.0,2749.0,3,승무원,8
202502,아시아,-7.8,태국,22347.0,20598.0,3,전체,8
202502,아시아,39.8,베트남,17553.0,24544.0,3,남성,9
202502,아시아,16.5,베트남,17792.0,20734.0,3,여성,9
202502,아시아,39.4,베트남,4329.0,6035.0,3,승무원,9
202502,아시아,29.3,베트남,39674.0,51313.0,3,전체,9
202502,아시아,41.0,인도,3775.0,5322.0,3,남성,10
202502,아시아,1.9,인도,1183.0,1206.0,3,여성,10
202502,아시아,12.7,인도,4489.0,5058.0,3,승무원,10
202502,아시아,22.6,인도,9447.0,11586.0,3,전체,10
202502,아시아,-18.5,말레이시아,11825.0,9637.0,3,남성,11
202502,아시아,-15.4,말레이시아,15896.0,13443.0,3,여성,11
202502,아시아,15.9,말레이시아,1795.0,2081.0,3,승무원,11
202502,아시아,-14.8,말레이시아,29516.0,25161.0,3,전체,11
202502,아시아,3.3,싱가포르,5967.0,6165.0,3,남성,12
202502,아시아,2.0,싱가포르,7987.0,8143.0,3,여성,12
202502,아시아,-11.4,싱가포르,1328.0,1177.0,3,승무원,12
202502,아시아,1.3,싱가포르,15282.0,15485.0,3,전체,12
202502,아시아,10.7,몽골,4503.0,4985.0,3,남성,13
202502,아시아,11.5,몽골,5531.0,6166.0,3,여성,13
202502,아시아,550.0,몽골,2.0,13.0,3,승무원,13
202502,아시아,11.2,몽골,10036.0,11164.0,3,전체,13
202502,아시아,7.2,우즈베키스탄,4297.0,4608.0,3,남성,14
202502,아시아,-0.3,우즈베키스탄,1511.0,1506.0,3,여성,14
202502,아시아,13.1,우즈베키스탄,313.0,354.0,3,승무원,14
202502,아시아,5.7,우즈베키스탄,6121.0,6468.0,3,전체,14
202502,아시아,-11.2,미얀마,3000.0,2665.0,3,남성,15
202502,아시아,-10.3,미얀마,731.0,656.0,3,여성,15
202502,아시아,100.2,미얀마,1776.0,3555.0,3,승무원,15
202502,아시아,24.9,미얀마,5507.0,6876.0,3,전체,15
202502,아시아,-11.6,GCC,1137.0,1005.0,3,남성,16
202502,아시아,-34.9,GCC,897.0,584.0,3,여성,16
202502,아시아,-40.6,GCC,160.0,95.0,3,승무원,16
202502,아시아,-23.2,GCC,2194.0,1684.0,3,전체,16
202502,아시아,0.8,카자흐스탄,1540.0,1553.0,3,남성,17
202502,아시아,20.5,카자흐스탄,2034.0,2450.0,3,여성,17
202502,아시아,18.5,카자흐스탄,238.0,282.0,3,승무원,17
202502,아시아,12.4,카자흐스탄,3812.0,4285.0,3,전체,17
202502,아시아,8.7,튀르키예,763.0,829.0,3,남성,18
202502,아시아,43.8,튀르키예,480.0,690.0,3,여성,18
202502,아시아,0.3,튀르키예,873.0,876.0,3,승무원,18
202502,아시아,13.2,튀르키예,2116.0,2395.0,3,전체,18
202502,아시아,9.8,캄보디아,2520.0,2766.0,3,남성,19
202502,아시아,-0.3,캄보디아,1205.0,1201.0,3,여성,19
202502,아시아,-1.3,캄보디아,149.0,147.0,3,승무원,19
202502,아시아,6.2,캄보디아,3874.0,4114.0,3,전체,19
202502,아시아,24.2,스리랑카,1518.0,1885.0,3,남성,20
202502,아시아,-2.8,스리랑카,281.0,273.0,3,여성,20
202502,아시아,-14.4,스리랑카,514.0,440.0,3,승무원,20
202502,아시아,12.3,스리랑카,2313.0,2598.0,3,전체,20
202502,아시아,26.4,방글라데시,1829.0,2312.0,3,남성,21
202502,아시아,-26.5,방글라데시,392.0,288.0,3,여성,21
202502,아시아,-27.8,방글라데시,90.0,65.0,3,승무원,21
202502,아시아,15.3,방글라데시,2311.0,2665.0,3,전체,21
202502,아시아,-0.2,파키스탄,1256.0,1254.0,3,남성,22
202502,아시아,-16.1,파키스탄,299.0,251.0,3,여성,22
202502,아시아,15.5,파키스탄,58.0,67.0,3,승무원,22
202502,아시아,-2.5,파키스탄,1613.0,1572.0,3,전체,22
202502,아시아,73.6,이스라엘,269.0,467.0,3,남성,23
202502,아시아,68.4,이스라엘,117.0,197.0,3,여성,23
202502,아시아,0.0,이스라엘,0.0,11.0,3,승무원,23
202502,아시아,74.9,이스라엘,386.0,675.0,3,전체,23
202502,아시아,-24.3,이란,107.0,81.0,3,남성,24
202502,아시아,-2.1,이란,95.0,93.0,3,여성,24
202502,아시아,0.0,이란,10.0,10.0,3,승무원,24
202502,아시아,-13.2,이란,212.0,184.0,3,전체,24
202502,아시아,48.3,기타,4782.0,7094.0,3,남성,25
202502,아시아,23.0,기타,2187.0,2691.0,3,여성,25
202502,아시아,-9.1,기타,890.0,809.0,3,승무원,25
202502,아시아,34.8,기타,7859.0,10594.0,3,전체,25
202502,아메리카,19.0,연도대륙,36869.0,43864.0,2,남성,0
202502,아메리카,16.8,연도대륙,36218.0,42285.0,2,여성,0
202502,아메리카,17.5,연도대륙,8825.0,10373.0,2,승무원,0
202502,아메리카,17.8,연도대륙,81912.0,96522.0,2,전체,0
202502,아메리카,17.8,미국,28311.0,33337.0,3,남성,1
202502,아메리카,14.2,미국,27134.0,30987.0,3,여성,1
202502,아메리카,13.4,미국,7162.0,8121.0,3,승무원,1
202502,아메리카,15.7,미국,62607.0,72445.0,3,전체,1
202502,아메리카,5.5,캐나다,6207.0,6551.0,3,남성,2
202502,아메리카,5.0,캐나다,6424.0,6745.0,3,여성,2
202502,아메리카,-8.8,캐나다,1048.0,956.0,3,승무원,2
202502,아메리카,4.2,캐나다,13679.0,14252.0,3,전체,2
202502,아메리카,27.4,브라질,731.0,931.0,3,남성,3
202502,아메리카,21.6,브라질,695.0,845.0,3,여성,3
202502,아메리카,-18.5,브라질,238.0,194.0,3,승무원,3
202502,아메리카,18.4,브라질,1664.0,1970.0,3,전체,3
202502,아메리카,226.5,멕시코,550.0,1796.0,3,남성,4
202502,아메리카,232.4,멕시코,633.0,2104.0,3,여성,4
202502,아메리카,404.4,멕시코,136.0,686.0,3,승무원,4
202502,아메리카,247.7,멕시코,1319.0,4586.0,3,전체,4
202502,아메리카,16.7,기타,1070.0,1249.0,3,남성,5
202502,아메리카,20.4,기타,1332.0,1604.0,3,여성,5
202502,아메리카,72.6,기타,241.0,416.0,3,승무원,5
202502,아메리카,23.7,기타,2643.0,3269.0,3,전체,5
202502,유럽,15.2,연도대륙,24522.0,28248.0,2,남성,0
202502,유럽,10.6,연도대륙,19936.0,22048.0,2,여성,0
202502,유럽,-2.0,연도대륙,10328.0,10126.0,2,승무원,0
202502,유럽,10.3,연도대륙,54786.0,60422.0,2,전체,0
202502,유럽,14.5,러시아,3492.0,3997.0,3,남성,1
202502,유럽,24.6,러시아,3583.0,4465.0,3,여성,1
202502,유럽,-2.6,러시아,3485.0,3395.0,3,승무원,1
202502,유럽,12.3,러시아,10560.0,11857.0,3,전체,1
202502,유럽,10.9,영국,3826.0,4243.0,3,남성,2
202502,유럽,2.7,영국,2816.0,2893.0,3,여성,2
202502,유럽,-0.4,영국,263.0,262.0,3,승무원,2
202502,유럽,7.1,영국,6905.0,7398.0,3,전체,2
202502,유럽,12.5,독일,3752.0,4222.0,3,남성,3
202502,유럽,1.1,독일,2613.0,2642.0,3,여성,3
202502,유럽,-13.3,독일,845.0,733.0,3,승무원,3
202502,유럽,5.4,독일,7210.0,7597.0,3,전체,3
202502,유럽,8.7,프랑스,3868.0,4203.0,3,남성,4
202502,유럽,7.8,프랑스,3669.0,3956.0,3,여성,4
202502,유럽,-4.7,프랑스,792.0,755.0,3,승무원,4
202502,유럽,7.0,프랑스,8329.0,8914.0,3,전체,4
202502,유럽,29.7,이탈리아,1258.0,1632.0,3,남성,5
202502,유럽,31.2,이탈리아,791.0,1038.0,3,여성,5
202502,유럽,70.7,이탈리아,263.0,449.0,3,승무원,5
202502,유럽,34.9,이탈리아,2312.0,3119.0,3,전체,5
202502,유럽,20.9,네덜란드,1074.0,1299.0,3,남성,6
202502,유럽,-0.1,네덜란드,761.0,760.0,3,여성,6
202502,유럽,-2.5,네덜란드,762.0,743.0,3,승무원,6
202502,유럽,7.9,네덜란드,2597.0,2802.0,3,전체,6
202502,유럽,58.7,우크라이나,322.0,511.0,3,남성,7
202502,유럽,28.6,우크라이나,196.0,252.0,3,여성,7
202502,유럽,-13.1,우크라이나,1211.0,1052.0,3,승무원,7
202502,유럽,5.0,우크라이나,1729.0,1815.0,3,전체,7
202502,유럽,15.8,스페인,895.0,1036.0,3,남성,8
202502,유럽,15.2,스페인,750.0,864.0,3,여성,8
202502,유럽,-1.7,스페인,121.0,119.0,3,승무원,8
202502,유럽,14.3,스페인,1766.0,2019.0,3,전체,8
202502,유럽,19.8,루마니아,262.0,314.0,3,남성,9
202502,유럽,15.0,루마니아,160.0,184.0,3,여성,9
202502,유럽,-3.8,루마니아,291.0,280.0,3,승무원,9
202502,유럽,9.1,루마니아,713.0,778.0,3,전체,9
202502,유럽,11.4,노르웨이,306.0,341.0,3,남성,10
202502,유럽,3.6,노르웨이,251.0,260.0,3,여성,10
202502,유럽,-9.5,노르웨이,21.0,19.0,3,승무원,10
202502,유럽,7.3,노르웨이,578.0,620.0,3,전체,10
202502,유럽,22.2,스웨덴,510.0,623.0,3,남성,11
202502,유럽,6.4,스웨덴,346.0,368.0,3,여성,11
202502,유럽,18.4,스웨덴,49.0,58.0,3,승무원,11
202502,유럽,15.9,스웨덴,905.0,1049.0,3,전체,11
202502,유럽,18.5,폴란드,764.0,905.0,3,남성,12
202502,유럽,41.0,폴란드,649.0,915.0,3,여성,12
202502,유럽,12.7,폴란드,568.0,640.0,3,승무원,12
202502,유럽,24.2,폴란드,1981.0,2460.0,3,전체,12
202502,유럽,0.7,스위스,545.0,549.0,3,남성,13
202502,유럽,-3.8,스위스,417.0,401.0,3,여성,13
202502,유럽,-5.6,스위스,36.0,34.0,3,승무원,13
202502,유럽,-1.4,스위스,998.0,984.0,3,전체,13
202502,유럽,9.0,포르투갈,268.0,292.0,3,남성,14
202502,유럽,-6.7,포르투갈,254.0,237.0,3,여성,14
202502,유럽,28.8,포르투갈,59.0,76.0,3,승무원,14
202502,유럽,4.1,포르투갈,581.0,605.0,3,전체,14
202502,유럽,18.1,오스트리아,392.0,463.0,3,남성,15
202502,유럽,-3.4,오스트리아,295.0,285.0,3,여성,15
202502,유럽,-6.8,오스트리아,88.0,82.0,3,승무원,15
202502,유럽,7.1,오스트리아,775.0,830.0,3,전체,15
202502,유럽,13.8,핀란드,333.0,379.0,3,남성,16
202502,유럽,1.8,핀란드,330.0,336.0,3,여성,16
202502,유럽,-8.7,핀란드,264.0,241.0,3,승무원,16
202502,유럽,3.1,핀란드,927.0,956.0,3,전체,16
202502,유럽,7.2,벨기에,446.0,478.0,3,남성,17
202502,유럽,10.6,벨기에,329.0,364.0,3,여성,17
202502,유럽,9.0,벨기에,100.0,109.0,3,승무원,17
202502,유럽,8.7,벨기에,875.0,951.0,3,전체,17
202502,유럽,60.6,크로아티아,109.0,175.0,3,남성,18
202502,유럽,13.6,크로아티아,44.0,50.0,3,여성,18
202502,유럽,-1.7,크로아티아,172.0,169.0,3,승무원,18
202502,유럽,21.2,크로아티아,325.0,394.0,3,전체,18
202502,유럽,33.0,그리스,276.0,367.0,3,남성,19
202502,유럽,21.8,그리스,78.0,95.0,3,여성,19
202502,유럽,-35.2,그리스,236.0,153.0,3,승무원,19
202502,유럽,4.2,그리스,590.0,615.0,3,전체,19
202502,유럽,11.1,불가리아,99.0,110.0,3,남성,20
202502,유럽,11.7,불가리아,60.0,67.0,3,여성,20
202502,유럽,-13.9,불가리아,108.0,93.0,3,승무원,20
202502,유럽,1.1,불가리아,267.0,270.0,3,전체,20
202502,유럽,11.6,덴마크,361.0,403.0,3,남성,21
202502,유럽,21.3,덴마크,211.0,256.0,3,여성,21
202502,유럽,-65.1,덴마크,43.0,15.0,3,승무원,21
202502,유럽,9.6,덴마크,615.0,674.0,3,전체,21
202502,유럽,12.8,아일랜드,335.0,378.0,3,남성,22
202502,유럽,8.2,아일랜드,232.0,251.0,3,여성,22
202502,유럽,5.9,아일랜드,17.0,18.0,3,승무원,22
202502,유럽,10.8,아일랜드,584.0,647.0,3,전체,22
202502,유럽,29.1,기타,1029.0,1328.0,3,남성,23
202502,유럽,0.7,기타,1101.0,1109.0,3,여성,23
202502,유럽,18.2,기타,534.0,631.0,3,승무원,23
202502,유럽,15.2,기타,2664.0,3068.0,3,전체,23
202502,오세아니아,14.7,연도대륙,6444.0,7390.0,2,남성,0
202502,오세아니아,16.7,연도대륙,5866.0,6848.0,2,여성,0
202502,오세아니아,-10.4,연도대륙,937.0,840.0,2,승무원,0
202502,오세아니아,13.8,연도대륙,13247.0,15078.0,2,전체,0
202502,오세아니아,14.9,호주,5384.0,6184.0,3,남성,1
202502,오세아니아,17.7,호주,4961.0,5839.0,3,여성,1
202502,오세아니아,-1.9,호주,627.0,615.0,3,승무원,1
202502,오세아니아,15.2,호주,10972.0,12638.0,3,전체,1
202502,오세아니아,11.0,뉴질랜드,1025.0,1138.0,3,남성,2
202502,오세아니아,11.1,뉴질랜드,862.0,958.0,3,여성,2
202502,오세아니아,-15.1,뉴질랜드,239.0,203.0,3,승무원,2
202502,오세아니아,8.1,뉴질랜드,2126.0,2299.0,3,전체,2
202502,오세아니아,94.3,기타,35.0,68.0,3,남성,3
202502,오세아니아,18.6,기타,43.0,51.0,3,여성,3
202502,오세아니아,-69.0,기타,71.0,22.0,3,승무원,3
202502,오세아니아,-5.4,기타,149.0,141.0,3,전체,3
202502,아프리카,16.3,연도대륙,1713.0,1993.0,2,남성,0
202502,아프리카,11.6,연도대륙,1553.0,1733.0,2,여성,0
202502,아프리카,0.4,연도대륙,1346.0,1351.0,2,승무원,0
202502,아프리카,10.1,연도대륙,4612.0,5077.0,2,전체,0
202502,아프리카,8.0,남아프리카공화국,362.0,391.0,3,남성,1
202502,아프리카,12.4,남아프리카공화국,885.0,995.0,3,여성,1
202502,아프리카,-5.7,남아프리카공화국,159.0,150.0,3,승무원,1
202502,아프리카,9.2,남아프리카공화국,1406.0,1536.0,3,전체,1
202502,아프리카,18.6,기타,1351.0,1602.0,3,남성,2
202502,아프리카,10.5,기타,668.0,738.0,3,여성,2
202502,아프리카,1.2,기타,1187.0,1201.0,3,승무원,2
202502,아프리카,10.4,기타,3206.0,3541.0,3,전체,2
202502,기타,33.3,연도대륙,6.0,8.0,2,남성,0
202502,기타,50.0,연도대륙,2.0,3.0,2,여성,0
202502,기타,25.0,연도대륙,4.0,5.0,2,승무원,0
202502,기타,33.3,연도대륙,12.0,16.0,2,전체,0
202502,기타,33.3,기타,6.0,8.0,3,남성,1
202502,기타,50.0,기타,2.0,3.0,3,여성,1
202502,기타,25.0,기타,4.0,5.0,3,승무원,1
202502,기타,33.3,기타,12.0,16.0,3,전체,1
202502,교포,-26.0,연도대륙,1109.0,821.0,2,남성,0
202502,교포,-18.9,연도대륙,1322.0,1072.0,2,여성,0
202502,교포,0.0,연도대륙,0.0,0.0,2,승무원,0
202502,교포,-22.1,연도대륙,2431.0,1893.0,2,전체,0
202502,교포,-26.0,교포,1109.0,821.0,3,남성,1
202502,교포,-18.9,교포,1322.0,1072.0,3,여성,1
202502,교포,0.0,교포,0.0,0.0,3,승무원,1
202502,교포,-22.1,교포,2431.0,1893.0,3,전체,1
202503,대륙전체,6.0,연도,534431.0,566401.0,1,남성,0
202503,대륙전체,10.0,연도,858636.0,944171.0,1,여성,0
202503,대륙전체,5.4,연도,98681.0,104024.0,1,승무원,0
202503,대륙전체,8.2,연도,1491748.0,1614596.0,1,전체,0
202503,아시아,5.9,연도대륙,401101.0,424892.0,2,남성,0
202503,아시아,10.7,연도대륙,721856.0,799441.0,2,여성,0
202503,아시아,3.0,연도대륙,70587.0,72721.0,2,승무원,0
202503,아시아,8.7,연도대륙,1193544.0,1297054.0,2,전체,0
202503,아시아,-3.2,중국,141560.0,137061.0,3,남성,1
202503,아시아,11.5,중국,239213.0,266728.0,3,여성,1
202503,아시아,23.5,중국,10574.0,13060.0,3,승무원,1
202503,아시아,6.5,중국,391347.0,416849.0,3,전체,1
202503,아시아,15.1,일본,97871.0,112642.0,3,남성,2
202503,아시아,12.0,일본,240110.0,268981.0,3,여성,2
202503,아시아,121.9,일본,761.0,1689.0,3,승무원,2
202503,아시아,13.2,일본,338742.0,383312.0,3,전체,2
202503,아시아,22.2,대만,35116.0,42917.0,3,남성,3
202503,아시아,20.7,대만,80092.0,96710.0,3,여성,3
202503,아시아,5.4,대만,370.0,390.0,3,승무원,3
202503,아시아,21.1,대만,115578.0,140017.0,3,전체,3
202503,아시아,-23.4,홍콩,15985.0,12243.0,3,남성,4
202503,아시아,-4.2,홍콩,33025.0,31636.0,3,여성,4
202503,아시아,-32.9,홍콩,225.0,151.0,3,승무원,4
202503,아시아,-10.6,홍콩,49235.0,44030.0,3,전체,4
202503,아시아,-30.6,마카오,1013.0,703.0,3,남성,5
202503,아시아,-13.1,마카오,2663.0,2315.0,3,여성,5
202503,아시아,1550.0,마카오,4.0,66.0,3,승무원,5
202503,아시아,-16.2,마카오,3680.0,3084.0,3,전체,5
202503,아시아,-3.9,필리핀,15273.0,14670.0,3,남성,6
202503,아시아,-10.1,필리핀,18631.0,16754.0,3,여성,6
202503,아시아,-6.8,필리핀,20977.0,19549.0,3,승무원,6
202503,아시아,-7.1,필리핀,54881.0,50973.0,3,전체,6
202503,아시아,57.0,인도네시아,6641.0,10425.0,3,남성,7
202503,아시아,54.4,인도네시아,7753.0,11970.0,3,여성,7
202503,아시아,-15.2,인도네시아,11711.0,9930.0,3,승무원,7
202503,아시아,23.8,인도네시아,26105.0,32325.0,3,전체,7
202503,아시아,-22.3,태국,10685.0,8298.0,3,남성,8
202503,아시아,-17.8,태국,20210.0,16617.0,3,여성,8
202503,아시아,15.4,태국,2623.0,3027.0,3,승무원,8
202503,아시아,-16.6,태국,33518.0,27942.0,3,전체,8
202503,아시아,6.3,베트남,20843.0,22146.0,3,남성,9
202503,아시아,3.5,베트남,23235.0,24050.0,3,여성,9
202503,아시아,43.8,베트남,4643.0,6678.0,3,승무원,9
202503,아시아,8.5,베트남,48721.0,52874.0,3,전체,9
202503,아시아,15.6,인도,5458.0,6311.0,3,남성,10
202503,아시아,5.4,인도,2335.0,2460.0,3,여성,10
202503,아시아,-15.5,인도,8650.0,7311.0,3,승무원,10
202503,아시아,-2.2,인도,16443.0,16082.0,3,전체,10
202503,아시아,-1.9,말레이시아,8701.0,8532.0,3,남성,11
202503,아시아,-3.5,말레이시아,14541.0,14033.0,3,여성,11
202503,아시아,7.9,말레이시아,2052.0,2215.0,3,승무원,11
202503,아시아,-2.0,말레이시아,25294.0,24780.0,3,전체,11
202503,아시아,-7.1,싱가포르,14604.0,13560.0,3,남성,12
202503,아시아,-5.7,싱가포르,22787.0,21493.0,3,여성,12
202503,아시아,-9.7,싱가포르,1458.0,1317.0,3,승무원,12
202503,아시아,-6.4,싱가포르,38849.0,36370.0,3,전체,12
202503,아시아,27.2,몽골,4860.0,6181.0,3,남성,13
202503,아시아,50.4,몽골,5740.0,8635.0,3,여성,13
202503,아시아,416.7,몽골,6.0,31.0,3,승무원,13
202503,아시아,40.0,몽골,10606.0,14847.0,3,전체,13
202503,아시아,20.0,우즈베키스탄,3392.0,4070.0,3,남성,14
202503,아시아,27.3,우즈베키스탄,1067.0,1358.0,3,여성,14
202503,아시아,30.6,우즈베키스탄,307.0,401.0,3,승무원,14
202503,아시아,22.3,우즈베키스탄,4766.0,5829.0,3,전체,14
202503,아시아,3.0,미얀마,2318.0,2387.0,3,남성,15
202503,아시아,25.8,미얀마,794.0,999.0,3,여성,15
202503,아시아,36.0,미얀마,2675.0,3637.0,3,승무원,15
202503,아시아,21.4,미얀마,5787.0,7023.0,3,전체,15
202503,아시아,42.0,GCC,583.0,828.0,3,남성,16
202503,아시아,182.1,GCC,308.0,869.0,3,여성,16
202503,아시아,-40.6,GCC,143.0,85.0,3,승무원,16
202503,아시아,72.3,GCC,1034.0,1782.0,3,전체,16
202503,아시아,9.6,카자흐스탄,1955.0,2142.0,3,남성,17
202503,아시아,16.1,카자흐스탄,3227.0,3748.0,3,여성,17
202503,아시아,40.7,카자흐스탄,268.0,377.0,3,승무원,17
202503,아시아,15.0,카자흐스탄,5450.0,6267.0,3,전체,17
202503,아시아,63.5,튀르키예,1217.0,1990.0,3,남성,18
202503,아시아,159.0,튀르키예,917.0,2375.0,3,여성,18
202503,아시아,-6.9,튀르키예,1155.0,1075.0,3,승무원,18
202503,아시아,65.4,튀르키예,3289.0,5440.0,3,전체,18
202503,아시아,18.9,캄보디아,2680.0,3186.0,3,남성,19
202503,아시아,32.8,캄보디아,1379.0,1831.0,3,여성,19
202503,아시아,-2.1,캄보디아,97.0,95.0,3,승무원,19
202503,아시아,23.0,캄보디아,4156.0,5112.0,3,전체,19
202503,아시아,2.6,스리랑카,1545.0,1585.0,3,남성,20
202503,아시아,66.0,스리랑카,247.0,410.0,3,여성,20
202503,아시아,-12.3,스리랑카,643.0,564.0,3,승무원,20
202503,아시아,5.1,스리랑카,2435.0,2559.0,3,전체,20
202503,아시아,-8.7,방글라데시,1627.0,1485.0,3,남성,21
202503,아시아,-14.7,방글라데시,252.0,215.0,3,여성,21
202503,아시아,-5.8,방글라데시,138.0,130.0,3,승무원,21
202503,아시아,-9.3,방글라데시,2017.0,1830.0,3,전체,21
202503,아시아,-7.2,파키스탄,953.0,884.0,3,남성,22
202503,아시아,-16.7,파키스탄,186.0,155.0,3,여성,22
202503,아시아,-35.3,파키스탄,102.0,66.0,3,승무원,22
202503,아시아,-11.0,파키스탄,1241.0,1105.0,3,전체,22
202503,아시아,71.4,이스라엘,646.0,1107.0,3,남성,23
202503,아시아,117.9,이스라엘,420.0,915.0,3,여성,23
202503,아시아,16.7,이스라엘,6.0,7.0,3,승무원,23
202503,아시아,89.3,이스라엘,1072.0,2029.0,3,전체,23
202503,아시아,20.1,이란,239.0,287.0,3,남성,24
202503,아시아,30.9,이란,249.0,326.0,3,여성,24
202503,아시아,81.8,이란,11.0,20.0,3,승무원,24
202503,아시아,26.9,이란,499.0,633.0,3,전체,24
202503,아시아,73.4,기타,5336.0,9252.0,3,남성,25
202503,아시아,55.9,기타,2475.0,3858.0,3,여성,25
202503,아시아,-14.0,기타,988.0,850.0,3,승무원,25
202503,아시아,58.7,기타,8799.0,13960.0,3,전체,25
202503,아메리카,11.2,연도대륙,68908.0,76627.0,2,남성,0
202503,아메리카,12.9,연도대륙,73907.0,83420.0,2,여성,0
202503,아메리카,19.7,연도대륙,11348.0,13586.0,2,승무원,0
202503,아메리카,12.6,연도대륙,154163.0,173633.0,2,전체,0
202503,아메리카,8.4,미국,54382.0,58956.0,3,남성,1
202503,아메리카,9.5,미국,57391.0,62859.0,3,여성,1
202503,아메리카,25.9,미국,8182.0,10302.0,3,승무원,1
202503,아메리카,10.1,미국,119955.0,132117.0,3,전체,1
202503,아메리카,8.0,캐나다,10400.0,11237.0,3,남성,2
202503,아메리카,10.2,캐나다,11432.0,12596.0,3,여성,2
202503,아메리카,-3.7,캐나다,1230.0,1185.0,3,승무원,2
202503,아메리카,8.5,캐나다,23062.0,25018.0,3,전체,2
202503,아메리카,42.7,브라질,1146.0,1635.0,3,남성,3
202503,아메리카,40.6,브라질,1451.0,2040.0,3,여성,3
202503,아메리카,-19.2,브라질,417.0,337.0,3,승무원,3
202503,아메리카,33.1,브라질,3014.0,4012.0,3,전체,3
202503,아메리카,120.5,멕시코,1178.0,2597.0,3,남성,4
202503,아메리카,94.3,멕시코,1645.0,3197.0,3,여성,4
202503,아메리카,210.7,멕시코,243.0,755.0,3,승무원,4
202503,아메리카,113.6,멕시코,3066.0,6549.0,3,전체,4
202503,아메리카,22.2,기타,1802.0,2202.0,3,남성,5
202503,아메리카,37.2,기타,1988.0,2728.0,3,여성,5
202503,아메리카,-21.1,기타,1276.0,1007.0,3,승무원,5
202503,아메리카,17.2,기타,5066.0,5937.0,3,전체,5
202503,유럽,3.6,연도대륙,48945.0,50715.0,2,남성,0
202503,유럽,0.7,연도대륙,46221.0,46524.0,2,여성,0
202503,유럽,6.8,연도대륙,13144.0,14033.0,2,승무원,0
202503,유럽,2.7,연도대륙,108310.0,111272.0,2,전체,0
202503,유럽,7.8,러시아,5920.0,6383.0,3,남성,1
202503,유럽,17.9,러시아,7141.0,8421.0,3,여성,1
202503,유럽,23.9,러시아,3646.0,4518.0,3,승무원,1
202503,유럽,15.7,러시아,16707.0,19322.0,3,전체,1
202503,유럽,0.7,영국,8251.0,8306.0,3,남성,2
202503,유럽,-4.8,영국,7292.0,6942.0,3,여성,2
202503,유럽,4.2,영국,450.0,469.0,3,승무원,2
202503,유럽,-1.7,영국,15993.0,15717.0,3,전체,2
202503,유럽,1.2,독일,9107.0,9219.0,3,남성,3
202503,유럽,-6.9,독일,8242.0,7670.0,3,여성,3
202503,유럽,18.2,독일,1222.0,1445.0,3,승무원,3
202503,유럽,-1.3,독일,18571.0,18334.0,3,전체,3
202503,유럽,5.5,프랑스,5836.0,6159.0,3,남성,4
202503,유럽,3.5,프랑스,5484.0,5676.0,3,여성,4
202503,유럽,15.4,프랑스,862.0,995.0,3,승무원,4
202503,유럽,5.3,프랑스,12182.0,12830.0,3,전체,4
202503,유럽,-1.8,이탈리아,2826.0,2776.0,3,남성,5
202503,유럽,3.2,이탈리아,2233.0,2304.0,3,여성,5
202503,유럽,-14.7,이탈리아,730.0,623.0,3,승무원,5
202503,유럽,-1.5,이탈리아,5789.0,5703.0,3,전체,5
202503,유럽,18.4,네덜란드,1804.0,2136.0,3,남성,6
202503,유럽,20.2,네덜란드,1304.0,1567.0,3,여성,6
202503,유럽,5.0,네덜란드,842.0,884.0,3,승무원,6
202503,유럽,16.1,네덜란드,3950.0,4587.0,3,전체,6
202503,유럽,38.0,우크라이나,421.0,581.0,3,남성,7
202503,유럽,1.5,우크라이나,269.0,273.0,3,여성,7
202503,유럽,-18.3,우크라이나,1380.0,1127.0,3,승무원,7
202503,유럽,-4.3,우크라이나,2070.0,1981.0,3,전체,7
202503,유럽,-12.3,스페인,2274.0,1995.0,3,남성,8
202503,유럽,-16.8,스페인,2307.0,1919.0,3,여성,8
202503,유럽,-11.8,스페인,170.0,150.0,3,승무원,8
202503,유럽,-14.5,스페인,4751.0,4064.0,3,전체,8
202503,유럽,20.7,루마니아,565.0,682.0,3,남성,9
202503,유럽,18.7,루마니아,675.0,801.0,3,여성,9
202503,유럽,-22.9,루마니아,571.0,440.0,3,승무원,9
202503,유럽,6.2,루마니아,1811.0,1923.0,3,전체,9
202503,유럽,-13.3,노르웨이,738.0,640.0,3,남성,10
202503,유럽,-20.7,노르웨이,673.0,534.0,3,여성,10
202503,유럽,-10.0,노르웨이,20.0,18.0,3,승무원,10
202503,유럽,-16.7,노르웨이,1431.0,1192.0,3,전체,10
202503,유럽,8.9,스웨덴,994.0,1082.0,3,남성,11
202503,유럽,-7.4,스웨덴,815.0,755.0,3,여성,11
202503,유럽,-34.6,스웨덴,78.0,51.0,3,승무원,11
202503,유럽,0.1,스웨덴,1887.0,1888.0,3,전체,11
202503,유럽,47.1,폴란드,1343.0,1976.0,3,남성,12
202503,유럽,57.2,폴란드,1387.0,2180.0,3,여성,12
202503,유럽,28.9,폴란드,641.0,826.0,3,승무원,12
202503,유럽,47.8,폴란드,3371.0,4982.0,3,전체,12
202503,유럽,-14.7,스위스,1312.0,1119.0,3,남성,13
202503,유럽,-18.0,스위스,1278.0,1048.0,3,여성,13
202503,유럽,127.0,스위스,63.0,143.0,3,승무원,13
202503,유럽,-12.9,스위스,2653.0,2310.0,3,전체,13
202503,유럽,6.7,포르투갈,566.0,604.0,3,남성,14
202503,유럽,-11.1,포르투갈,694.0,617.0,3,여성,14
202503,유럽,21.8,포르투갈,119.0,145.0,3,승무원,14
202503,유럽,-0.9,포르투갈,1379.0,1366.0,3,전체,14
202503,유럽,-11.3,오스트리아,852.0,756.0,3,남성,15
202503,유럽,-10.2,오스트리아,657.0,590.0,3,여성,15
202503,유럽,11.3,오스트리아,133.0,148.0,3,승무원,15
202503,유럽,-9.0,오스트리아,1642.0,1494.0,3,전체,15
202503,유럽,3.9,핀란드,513.0,533.0,3,남성,16
202503,유럽,-8.8,핀란드,499.0,455.0,3,여성,16
202503,유럽,-0.7,핀란드,297.0,295.0,3,승무원,16
202503,유럽,-2.0,핀란드,1309.0,1283.0,3,전체,16
202503,유럽,1.3,벨기에,818.0,829.0,3,남성,17
202503,유럽,-12.3,벨기에,699.0,613.0,3,여성,17
202503,유럽,29.5,벨기에,95.0,123.0,3,승무원,17
202503,유럽,-2.9,벨기에,1612.0,1565.0,3,전체,17
202503,유럽,9.1,크로아티아,209.0,228.0,3,남성,18
202503,유럽,-45.5,크로아티아,178.0,97.0,3,여성,18
202503,유럽,-26.4,크로아티아,311.0,229.0,3,승무원,18
202503,유럽,-20.6,크로아티아,698.0,554.0,3,전체,18
202503,유럽,14.3,그리스,517.0,591.0,3,남성,19
202503,유럽,7.5,그리스,345.0,371.0,3,여성,19
202503,유럽,1.7,그리스,234.0,238.0,3,승무원,19
202503,유럽,9.5,그리스,1096.0,1200.0,3,전체,19
202503,유럽,6.7,불가리아,344.0,367.0,3,남성,20
202503,유럽,7.2,불가리아,401.0,430.0,3,여성,20
202503,유럽,-37.2,불가리아,242.0,152.0,3,승무원,20
202503,유럽,-3.9,불가리아,987.0,949.0,3,전체,20
202503,유럽,-11.5,덴마크,846.0,749.0,3,남성,21
202503,유럽,-26.1,덴마크,804.0,594.0,3,여성,21
202503,유럽,-3.2,덴마크,62.0,60.0,3,승무원,21
202503,유럽,-18.0,덴마크,1712.0,1403.0,3,전체,21
202503,유럽,-2.4,아일랜드,698.0,681.0,3,남성,22
202503,유럽,-10.2,아일랜드,548.0,492.0,3,여성,22
202503,유럽,54.5,아일랜드,33.0,51.0,3,승무원,22
202503,유럽,-4.3,아일랜드,1279.0,1224.0,3,전체,22
202503,유럽,6.0,기타,2191.0,2323.0,3,남성,23
202503,유럽,-5.3,기타,2296.0,2175.0,3,여성,23
202503,유럽,-4.2,기타,943.0,903.0,3,승무원,23
202503,유럽,-0.5,기타,5430.0,5401.0,3,전체,23
202503,오세아니아,-6.8,연도대륙,12383.0,11536.0,2,남성,0
202503,오세아니아,-10.7,연도대륙,13623.0,12164.0,2,여성,0
202503,오세아니아,8.2,연도대륙,1032.0,1117.0,2,승무원,0
202503,오세아니아,-8.2,연도대륙,27038.0,24817.0,2,전체,0
202503,오세아니아,-8.6,호주,10418.0,9523.0,3,남성,1
202503,오세아니아,-12.6,호주,11732.0,10257.0,3,여성,1
202503,오세아니아,10.1,호주,721.0,794.0,3,승무원,1
202503,오세아니아,-10.0,호주,22871.0,20574.0,3,전체,1
202503,오세아니아,0.7,뉴질랜드,1896.0,1909.0,3,남성,2
202503,오세아니아,-0.2,뉴질랜드,1836.0,1832.0,3,여성,2
202503,오세아니아,11.5,뉴질랜드,234.0,261.0,3,승무원,2
202503,오세아니아,0.9,뉴질랜드,3966.0,4002.0,3,전체,2
202503,오세아니아,50.7,기타,69.0,104.0,3,남성,3
202503,오세아니아,36.4,기타,55.0,75.0,3,여성,3
202503,오세아니아,-19.5,기타,77.0,62.0,3,승무원,3
202503,오세아니아,19.9,기타,201.0,241.0,3,전체,3
202503,아프리카,-1.7,연도대륙,1659.0,1631.0,2,남성,0
202503,아프리카,2.3,연도대륙,1072.0,1097.0,2,여성,0
202503,아프리카,-0.2,연도대륙,2566.0,2560.0,2,승무원,0
202503,아프리카,-0.2,연도대륙,5297.0,5288.0,2,전체,0
202503,아프리카,-10.9,남아프리카공화국,377.0,336.0,3,남성,1
202503,아프리카,-2.5,남아프리카공화국,519.0,506.0,3,여성,1
202503,아프리카,1.3,남아프리카공화국,460.0,466.0,3,승무원,1
202503,아프리카,-3.5,남아프리카공화국,1356.0,1308.0,3,전체,1
202503,아프리카,1.0,기타,1282.0,1295.0,3,남성,2
202503,아프리카,6.9,기타,553.0,591.0,3,여성,2
202503,아프리카,-0.6,기타,2106.0,2094.0,3,승무원,2
202503,아프리카,1.0,기타,3941.0,3980.0,3,전체,2
202503,기타,200.0,연도대륙,6.0,18.0,2,남성,0
202503,기타,-66.7,연도대륙,3.0,1.0,2,여성,0
202503,기타,75.0,연도대륙,4.0,7.0,2,승무원,0
202503,기타,100.0,연도대륙,13.0,26.0,2,전체,0
202503,기타,200.0,기타,6.0,18.0,3,남성,1
202503,기타,-66.7,기타,3.0,1.0,3,여성,1
202503,기타,75.0,기타,4.0,7.0,3,승무원,1
202503,기타,100.0,기타,13.0,26.0,3,전체,1
202503,교포,-31.3,연도대륙,1429.0,982.0,2,남성,0
202503,교포,-22.0,연도대륙,1954.0,1524.0,2,여성,0
202503,교포,0.0,연도대륙,0.0,0.0,2,승무원,0
202503,교포,-25.9,연도대륙,3383.0,2506.0,2,전체,0
202503,교포,-31.3,교포,1429.0,982.0,3,남성,1
202503,교포,-22.0,교포,1954.0,1524.0,3,여성,1
202503,교포,0.0,교포,0.0,0.0,3,승무원,1
202503,교포,-25.9,교포,3383.0,2506.0,3,전체,1
202504,대륙전체,16.8,연도,536387.0,626731.0,1,남성,0
202504,대륙전체,17.0,연도,821371.0,961364.0,1,여성,0
202504,대륙전체,13.3,연도,105039.0,119018.0,1,승무원,0
202504,대륙전체,16.7,연도,1462797.0,1707113.0,1,전체,0
202504,아시아,13.1,연도대륙,387880.0,438731.0,2,남성,0
202504,아시아,13.3,연도대륙,667593.0,756439.0,2,여성,0
202504,아시아,15.6,연도대륙,73118.0,84512.0,2,승무원,0
202504,아시아,13.4,연도대륙,1128591.0,1279682.0,2,전체,0
202504,아시아,3.4,중국,140937.0,145752.0,3,남성,1
202504,아시아,9.8,중국,257662.0,283040.0,3,여성,1
202504,아시아,13.4,중국,12732.0,14438.0,3,승무원,1
202504,아시아,7.8,중국,411331.0,443230.0,3,전체,1
202504,아시아,15.3,일본,77180.0,89000.0,3,남성,2
202504,아시아,10.6,일본,150878.0,166798.0,3,여성,2
202504,아시아,76.3,일본,1194.0,2105.0,3,승무원,2
202504,아시아,12.5,일본,229252.0,257903.0,3,전체,2
202504,아시아,35.0,대만,37273.0,50335.0,3,남성,3
202504,아시아,26.1,대만,80013.0,100886.0,3,여성,3
202504,아시아,22.5,대만,320.0,392.0,3,승무원,3
202504,아시아,28.9,대만,117606.0,151613.0,3,전체,3
202504,아시아,66.5,홍콩,12468.0,20765.0,3,남성,4
202504,아시아,45.7,홍콩,29974.0,43661.0,3,여성,4
202504,아시아,-22.2,홍콩,212.0,165.0,3,승무원,4
202504,아시아,51.4,홍콩,42654.0,64591.0,3,전체,4
202504,아시아,19.3,마카오,703.0,839.0,3,남성,5
202504,아시아,13.4,마카오,2068.0,2345.0,3,여성,5
202504,아시아,73.1,마카오,26.0,45.0,3,승무원,5
202504,아시아,15.4,마카오,2797.0,3229.0,3,전체,5
202504,아시아,56.2,필리핀,13305.0,20778.0,3,남성,6
202504,아시아,39.2,필리핀,17658.0,24587.0,3,여성,6
202504,아시아,22.1,필리핀,19682.0,24028.0,3,승무원,6
202504,아시아,37.0,필리핀,50645.0,69393.0,3,전체,6
202504,아시아,-13.7,인도네시아,12306.0,10623.0,3,남성,7
202504,아시아,-10.7,인도네시아,14207.0,12683.0,3,여성,7
202504,아시아,7.0,인도네시아,12411.0,13274.0,3,승무원,7
202504,아시아,-6.0,인도네시아,38924.0,36580.0,3,전체,7
202504,아시아,-7.9,태국,14024.0,12911.0,3,남성,8
202504,아시아,-6.6,태국,26452.0,24702.0,3,여성,8
202504,아시아,18.4,태국,2598.0,3076.0,3,승무원,8
202504,아시아,-5.5,태국,43074.0,40689.0,3,전체,8
202504,아시아,-2.2,베트남,22185.0,21695.0,3,남성,9
202504,아시아,-6.4,베트남,26510.0,24822.0,3,여성,9
202504,아시아,35.1,베트남,4643.0,6275.0,3,승무원,9
202504,아시아,-1.0,베트남,53338.0,52792.0,3,전체,9
202504,아시아,22.8,인도,6107.0,7501.0,3,남성,10
202504,아시아,50.7,인도,2743.0,4134.0,3,여성,10
202504,아시아,8.1,인도,8848.0,9561.0,3,승무원,10
202504,아시아,19.8,인도,17698.0,21196.0,3,전체,10
202504,아시아,-5.6,말레이시아,11076.0,10460.0,3,남성,11
202504,아시아,-2.8,말레이시아,18757.0,18223.0,3,여성,11
202504,아시아,-1.5,말레이시아,2160.0,2128.0,3,승무원,11
202504,아시아,-3.7,말레이시아,31993.0,30811.0,3,전체,11
202504,아시아,18.7,싱가포르,11441.0,13579.0,3,남성,12
202504,아시아,17.6,싱가포르,19549.0,22985.0,3,여성,12
202504,아시아,-6.8,싱가포르,1491.0,1389.0,3,승무원,12
202504,아시아,16.8,싱가포르,32481.0,37953.0,3,전체,12
202504,아시아,25.4,몽골,4235.0,5311.0,3,남성,13
202504,아시아,47.6,몽골,5198.0,7670.0,3,여성,13
202504,아시아,-34.8,몽골,23.0,15.0,3,승무원,13
202504,아시아,37.4,몽골,9456.0,12996.0,3,전체,13
202504,아시아,-5.8,우즈베키스탄,2639.0,2486.0,3,남성,14
202504,아시아,10.0,우즈베키스탄,1095.0,1205.0,3,여성,14
202504,아시아,27.7,우즈베키스탄,314.0,401.0,3,승무원,14
202504,아시아,1.1,우즈베키스탄,4048.0,4092.0,3,전체,14
202504,아시아,27.1,미얀마,1774.0,2254.0,3,남성,15
202504,아시아,18.5,미얀마,634.0,751.0,3,여성,15
202504,아시아,31.5,미얀마,2945.0,3872.0,3,승무원,15
202504,아시아,28.5,미얀마,5353.0,6877.0,3,전체,15
202504,아시아,-2.4,GCC,2154.0,2103.0,3,남성,16
202504,아시아,9.6,GCC,2069.0,2268.0,3,여성,16
202504,아시아,-61.9,GCC,176.0,67.0,3,승무원,16
202504,아시아,0.9,GCC,4399.0,4438.0,3,전체,16
202504,아시아,22.2,카자흐스탄,1587.0,1940.0,3,남성,17
202504,아시아,45.9,카자흐스탄,2518.0,3675.0,3,여성,17
202504,아시아,41.1,카자흐스탄,304.0,429.0,3,승무원,17
202504,아시아,37.1,카자흐스탄,4409.0,6044.0,3,전체,17
202504,아시아,1.4,튀르키예,2555.0,2590.0,3,남성,18
202504,아시아,20.5,튀르키예,2859.0,3446.0,3,여성,18
202504,아시아,-5.6,튀르키예,1127.0,1064.0,3,승무원,18
202504,아시아,8.5,튀르키예,6541.0,7100.0,3,전체,18
202504,아시아,17.6,캄보디아,3983.0,4684.0,3,남성,19
202504,아시아,5.4,캄보디아,2202.0,2320.0,3,여성,19
202504,아시아,21.2,캄보디아,85.0,103.0,3,승무원,19
202504,아시아,13.3,캄보디아,6270.0,7107.0,3,전체,19
202504,아시아,13.0,스리랑카,1169.0,1321.0,3,남성,20
202504,아시아,33.1,스리랑카,269.0,358.0,3,여성,20
202504,아시아,5.6,스리랑카,533.0,563.0,3,승무원,20
202504,아시아,13.7,스리랑카,1971.0,2242.0,3,전체,20
202504,아시아,21.9,방글라데시,1231.0,1500.0,3,남성,21
202504,아시아,-14.8,방글라데시,277.0,236.0,3,여성,21
202504,아시아,35.0,방글라데시,100.0,135.0,3,승무원,21
202504,아시아,16.4,방글라데시,1608.0,1871.0,3,전체,21
202504,아시아,14.9,파키스탄,915.0,1051.0,3,남성,22
202504,아시아,-23.2,파키스탄,177.0,136.0,3,여성,22
202504,아시아,-35.3,파키스탄,85.0,55.0,3,승무원,22
202504,아시아,5.5,파키스탄,1177.0,1242.0,3,전체,22
202504,아시아,61.8,이스라엘,871.0,1409.0,3,남성,23
202504,아시아,114.3,이스라엘,762.0,1633.0,3,여성,23
202504,아시아,-28.6,이스라엘,14.0,10.0,3,승무원,23
202504,아시아,85.3,이스라엘,1647.0,3052.0,3,전체,23
202504,아시아,23.3,이란,180.0,222.0,3,남성,24
202504,아시아,105.8,이란,104.0,214.0,3,여성,24
202504,아시아,60.0,이란,5.0,8.0,3,승무원,24
202504,아시아,53.6,이란,289.0,444.0,3,전체,24
202504,아시아,36.5,기타,5582.0,7622.0,3,남성,25
202504,아시아,23.8,기타,2958.0,3661.0,3,여성,25
202504,아시아,-16.1,기타,1090.0,914.0,3,승무원,25
202504,아시아,26.7,기타,9630.0,12197.0,3,전체,25
202504,아메리카,28.7,연도대륙,71103.0,91490.0,2,남성,0
202504,아메리카,32.6,연도대륙,76827.0,101849.0,2,여성,0
202504,아메리카,11.1,연도대륙,11979.0,13305.0,2,승무원,0
202504,아메리카,29.2,연도대륙,159909.0,206644.0,2,전체,0
202504,아메리카,24.3,미국,55338.0,68797.0,3,남성,1
202504,아메리카,28.1,미국,58817.0,75338.0,3,여성,1
202504,아메리카,7.9,미국,8573.0,9246.0,3,승무원,1
202504,아메리카,25.0,미국,122728.0,153381.0,3,전체,1
202504,아메리카,25.9,캐나다,11062.0,13926.0,3,남성,2
202504,아메리카,26.5,캐나다,12349.0,15622.0,3,여성,2
202504,아메리카,-1.2,캐나다,1441.0,1424.0,3,승무원,2
202504,아메리카,24.6,캐나다,24852.0,30972.0,3,전체,2
202504,아메리카,32.7,브라질,1359.0,1803.0,3,남성,3
202504,아메리카,32.8,브라질,1703.0,2262.0,3,여성,3
202504,아메리카,-3.5,브라질,462.0,446.0,3,승무원,3
202504,아메리카,28.0,브라질,3524.0,4511.0,3,전체,3
202504,아메리카,244.4,멕시코,1178.0,4057.0,3,남성,4
202504,아메리카,255.1,멕시코,1451.0,5152.0,3,여성,4
202504,아메리카,157.7,멕시코,298.0,768.0,3,승무원,4
202504,아메리카,240.9,멕시코,2927.0,9977.0,3,전체,4
202504,아메리카,34.2,기타,2166.0,2907.0,3,남성,5
202504,아메리카,38.6,기타,2507.0,3475.0,3,여성,5
202504,아메리카,17.9,기타,1205.0,1421.0,3,승무원,5
202504,아메리카,32.7,기타,5878.0,7803.0,3,전체,5
202504,유럽,23.8,연도대륙,59660.0,73841.0,2,남성,0
202504,유럽,34.3,연도대륙,58182.0,78110.0,2,여성,0
202504,유럽,11.3,연도대륙,14922.0,16612.0,2,승무원,0
202504,유럽,27.0,연도대륙,132764.0,168563.0,2,전체,0
202504,유럽,34.0,러시아,6867.0,9203.0,3,남성,1
202504,유럽,49.7,러시아,8091.0,12116.0,3,여성,1
202504,유럽,27.0,러시아,4336.0,5508.0,3,승무원,1
202504,유럽,39.0,러시아,19294.0,26827.0,3,전체,1
202504,유럽,27.8,영국,9554.0,12214.0,3,남성,2
202504,유럽,31.2,영국,8717.0,11436.0,3,여성,2
202504,유럽,1.5,영국,797.0,809.0,3,승무원,2
202504,유럽,28.3,영국,19068.0,24459.0,3,전체,2
202504,유럽,23.4,독일,10903.0,13459.0,3,남성,3
202504,유럽,44.1,독일,8966.0,12916.0,3,여성,3
202504,유럽,3.2,독일,1427.0,1472.0,3,승무원,3
202504,유럽,30.8,독일,21296.0,27847.0,3,전체,3
202504,유럽,2.1,프랑스,9899.0,10102.0,3,남성,4
202504,유럽,2.6,프랑스,11217.0,11514.0,3,여성,4
202504,유럽,35.7,프랑스,877.0,1190.0,3,승무원,4
202504,유럽,3.7,프랑스,21993.0,22806.0,3,전체,4
202504,유럽,34.8,이탈리아,3116.0,4201.0,3,남성,5
202504,유럽,56.1,이탈리아,2692.0,4201.0,3,여성,5
202504,유럽,3.4,이탈리아,773.0,799.0,3,승무원,5
202504,유럽,39.8,이탈리아,6581.0,9201.0,3,전체,5
202504,유럽,7.9,네덜란드,2909.0,3140.0,3,남성,6
202504,유럽,9.1,네덜란드,2697.0,2942.0,3,여성,6
202504,유럽,19.4,네덜란드,960.0,1146.0,3,승무원,6
202504,유럽,10.1,네덜란드,6566.0,7228.0,3,전체,6
202504,유럽,48.1,우크라이나,378.0,560.0,3,남성,7
202504,유럽,39.5,우크라이나,266.0,371.0,3,여성,7
202504,유럽,-0.5,우크라이나,1267.0,1261.0,3,승무원,7
202504,유럽,14.7,우크라이나,1911.0,2192.0,3,전체,7
202504,유럽,46.6,스페인,1903.0,2789.0,3,남성,8
202504,유럽,78.6,스페인,1656.0,2958.0,3,여성,8
202504,유럽,-5.4,스페인,166.0,157.0,3,승무원,8
202504,유럽,58.5,스페인,3725.0,5904.0,3,전체,8
202504,유럽,26.4,루마니아,728.0,920.0,3,남성,9
202504,유럽,41.1,루마니아,840.0,1185.0,3,여성,9
202504,유럽,6.9,루마니아,554.0,592.0,3,승무원,9
202504,유럽,27.1,루마니아,2122.0,2697.0,3,전체,9
202504,유럽,71.4,노르웨이,548.0,939.0,3,남성,10
202504,유럽,98.5,노르웨이,458.0,909.0,3,여성,10
202504,유럽,-67.9,노르웨이,28.0,9.0,3,승무원,10
202504,유럽,79.6,노르웨이,1034.0,1857.0,3,전체,10
202504,유럽,11.7,스웨덴,1210.0,1351.0,3,남성,11
202504,유럽,36.0,스웨덴,915.0,1244.0,3,여성,11
202504,유럽,-6.0,스웨덴,83.0,78.0,3,승무원,11
202504,유럽,21.1,스웨덴,2208.0,2673.0,3,전체,11
202504,유럽,23.1,폴란드,1970.0,2425.0,3,남성,12
202504,유럽,21.0,폴란드,2331.0,2820.0,3,여성,12
202504,유럽,-16.8,폴란드,911.0,758.0,3,승무원,12
202504,유럽,15.2,폴란드,5212.0,6003.0,3,전체,12
202504,유럽,28.8,스위스,1498.0,1929.0,3,남성,13
202504,유럽,44.4,스위스,1498.0,2163.0,3,여성,13
202504,유럽,463.3,스위스,30.0,169.0,3,승무원,13
202504,유럽,40.8,스위스,3026.0,4261.0,3,전체,13
202504,유럽,50.2,포르투갈,677.0,1017.0,3,남성,14
202504,유럽,54.0,포르투갈,735.0,1132.0,3,여성,14
202504,유럽,4.7,포르투갈,169.0,177.0,3,승무원,14
202504,유럽,47.1,포르투갈,1581.0,2326.0,3,전체,14
202504,유럽,14.0,오스트리아,899.0,1025.0,3,남성,15
202504,유럽,37.4,오스트리아,713.0,980.0,3,여성,15
202504,유럽,5.1,오스트리아,117.0,123.0,3,승무원,15
202504,유럽,23.1,오스트리아,1729.0,2128.0,3,전체,15
202504,유럽,11.1,핀란드,577.0,641.0,3,남성,16
202504,유럽,20.5,핀란드,562.0,677.0,3,여성,16
202504,유럽,10.4,핀란드,260.0,287.0,3,승무원,16
202504,유럽,14.7,핀란드,1399.0,1605.0,3,전체,16
202504,유럽,8.3,벨기에,1119.0,1212.0,3,남성,17
202504,유럽,26.4,벨기에,1202.0,1519.0,3,여성,17
202504,유럽,22.7,벨기에,119.0,146.0,3,승무원,17
202504,유럽,17.9,벨기에,2440.0,2877.0,3,전체,17
202504,유럽,48.8,크로아티아,211.0,314.0,3,남성,18
202504,유럽,77.5,크로아티아,129.0,229.0,3,여성,18
202504,유럽,0.3,크로아티아,306.0,307.0,3,승무원,18
202504,유럽,31.6,크로아티아,646.0,850.0,3,전체,18
202504,유럽,12.4,그리스,549.0,617.0,3,남성,19
202504,유럽,49.6,그리스,347.0,519.0,3,여성,19
202504,유럽,-7.0,그리스,358.0,333.0,3,승무원,19
202504,유럽,17.1,그리스,1254.0,1469.0,3,전체,19
202504,유럽,71.8,불가리아,294.0,505.0,3,남성,20
202504,유럽,128.3,불가리아,286.0,653.0,3,여성,20
202504,유럽,2.7,불가리아,224.0,230.0,3,승무원,20
202504,유럽,72.6,불가리아,804.0,1388.0,3,전체,20
202504,유럽,35.6,덴마크,767.0,1040.0,3,남성,21
202504,유럽,55.5,덴마크,683.0,1062.0,3,여성,21
202504,유럽,-66.7,덴마크,105.0,35.0,3,승무원,21
202504,유럽,37.4,덴마크,1555.0,2137.0,3,전체,21
202504,유럽,48.1,아일랜드,668.0,989.0,3,남성,22
202504,유럽,61.4,아일랜드,544.0,878.0,3,여성,22
202504,유럽,-20.3,아일랜드,64.0,51.0,3,승무원,22
202504,유럽,50.3,아일랜드,1276.0,1918.0,3,전체,22
202504,유럽,34.5,기타,2416.0,3249.0,3,남성,23
202504,유럽,39.8,기타,2637.0,3686.0,3,여성,23
202504,유럽,-1.6,기타,991.0,975.0,3,승무원,23
202504,유럽,30.9,기타,6044.0,7910.0,3,전체,23
202504,오세아니아,34.1,연도대륙,14253.0,19117.0,2,남성,0
202504,오세아니아,39.4,연도대륙,15487.0,21583.0,2,여성,0
202504,오세아니아,-6.4,연도대륙,986.0,923.0,2,승무원,0
202504,오세아니아,35.5,연도대륙,30726.0,41623.0,2,전체,0
202504,오세아니아,34.6,호주,12301.0,16554.0,3,남성,1
202504,오세아니아,40.3,호주,13502.0,18946.0,3,여성,1
202504,오세아니아,0.4,호주,719.0,722.0,3,승무원,1
202504,오세아니아,36.6,호주,26522.0,36222.0,3,전체,1
202504,오세아니아,28.0,뉴질랜드,1867.0,2390.0,3,남성,2
202504,오세아니아,30.7,뉴질랜드,1928.0,2519.0,3,여성,2
202504,오세아니아,-9.9,뉴질랜드,141.0,127.0,3,승무원,2
202504,오세아니아,27.9,뉴질랜드,3936.0,5036.0,3,전체,2
202504,오세아니아,103.5,기타,85.0,173.0,3,남성,3
202504,오세아니아,107.0,기타,57.0,118.0,3,여성,3
202504,오세아니아,-41.3,기타,126.0,74.0,3,승무원,3
202504,오세아니아,36.2,기타,268.0,365.0,3,전체,3
202504,아프리카,23.8,연도대륙,1995.0,2470.0,2,남성,0
202504,아프리카,37.5,연도대륙,1307.0,1797.0,2,여성,0
202504,아프리카,-9.0,연도대륙,4024.0,3662.0,2,승무원,0
202504,아프리카,8.2,연도대륙,7326.0,7929.0,2,전체,0
202504,아프리카,18.6,남아프리카공화국,398.0,472.0,3,남성,1
202504,아프리카,36.8,남아프리카공화국,457.0,625.0,3,여성,1
202504,아프리카,13.3,남아프리카공화국,655.0,742.0,3,승무원,1
202504,아프리카,21.8,남아프리카공화국,1510.0,1839.0,3,전체,1
202504,아프리카,25.1,기타,1597.0,1998.0,3,남성,2
202504,아프리카,37.9,기타,850.0,1172.0,3,여성,2
202504,아프리카,-13.3,기타,3369.0,2920.0,3,승무원,2
202504,아프리카,4.7,기타,5816.0,6090.0,3,전체,2
202504,기타,25.0,연도대륙,8.0,10.0,2,남성,0
202504,기타,133.3,연도대륙,3.0,7.0,2,여성,0
202504,기타,-60.0,연도대륙,10.0,4.0,2,승무원,0
202504,기타,0.0,연도대륙,21.0,21.0,2,전체,0
202504,기타,25.0,기타,8.0,10.0,3,남성,1
202504,기타,133.3,기타,3.0,7.0,3,여성,1
202504,기타,-60.0,기타,10.0,4.0,3,승무원,1
202504,기타,0.0,기타,21.0,21.0,3,전체,1
202504,교포,-28.0,연도대륙,1488.0,1072.0,2,남성,0
202504,교포,-19.9,연도대륙,1972.0,1579.0,2,여성,0
202504,교포,0.0,연도대륙,0.0,0.0,2,승무원,0
202504,교포,-23.4,연도대륙,3460.0,2651.0,2,전체,0
202504,교포,-28.0,교포,1488.0,1072.0,3,남성,1
202504,교포,-19.9,교포,1972.0,1579.0,3,여성,1
202504,교포,0.0,교포,0.0,0.0,3,승무원,1
202504,교포,-23.4,교포,3460.0,2651.0,3,전체,1
202505,대륙전체,12.5,연도,512578.0,576492.0,1,남성,0
202505,대륙전체,15.9,연도,799676.0,926555.0,1,여성,0
202505,대륙전체,19.0,연도,106209.0,126340.0,1,승무원,0
202505,대륙전체,14.9,연도,1418463.0,1629387.0,1,전체,0
202505,아시아,12.3,연도대륙,380019.0,426671.0,2,남성,0
202505,아시아,16.3,연도대륙,665043.0,773654.0,2,여성,0
202505,아시아,25.3,연도대륙,75438.0,94547.0,2,승무원,0
202505,아시아,15.6,연도대륙,1120500.0,1294872.0,2,전체,0
202505,아시아,16.3,중국,133146.0,154881.0,3,남성,1
202505,아시아,25.6,중국,247771.0,311097.0,3,여성,1
202505,아시아,28.7,중국,14305.0,18412.0,3,승무원,1
202505,아시아,22.6,중국,395222.0,484390.0,3,전체,1
202505,아시아,3.9,일본,91567.0,95179.0,3,남성,2
202505,아시아,4.7,일본,185344.0,194105.0,3,여성,2
202505,아시아,54.9,일본,1512.0,2342.0,3,승무원,2
202505,아시아,4.7,일본,278423.0,291626.0,3,전체,2
202505,아시아,30.0,대만,36866.0,47911.0,3,남성,3
202505,아시아,27.9,대만,79699.0,101913.0,3,여성,3
202505,아시아,14.6,대만,391.0,448.0,3,승무원,3
202505,아시아,28.5,대만,116956.0,150272.0,3,전체,3
202505,아시아,12.9,홍콩,12454.0,14066.0,3,남성,4
202505,아시아,11.9,홍콩,33149.0,37093.0,3,여성,4
202505,아시아,9.1,홍콩,187.0,204.0,3,승무원,4
202505,아시아,12.2,홍콩,45790.0,51363.0,3,전체,4
202505,아시아,5.5,마카오,748.0,789.0,3,남성,5
202505,아시아,13.6,마카오,2138.0,2428.0,3,여성,5
202505,아시아,125.8,마카오,31.0,70.0,3,승무원,5
202505,아시아,12.7,마카오,2917.0,3287.0,3,전체,5
202505,아시아,42.0,필리핀,12229.0,17364.0,3,남성,6
202505,아시아,34.0,필리핀,13546.0,18147.0,3,여성,6
202505,아시아,32.5,필리핀,18911.0,25048.0,3,승무원,6
202505,아시아,35.5,필리핀,44686.0,60559.0,3,전체,6
202505,아시아,-2.6,인도네시아,9950.0,9692.0,3,남성,7
202505,아시아,7.1,인도네시아,9752.0,10443.0,3,여성,7
202505,아시아,20.7,인도네시아,12037.0,14530.0,3,승무원,7
202505,아시아,9.2,인도네시아,31739.0,34665.0,3,전체,7
202505,아시아,0.8,태국,8698.0,8765.0,3,남성,8
202505,아시아,0.0,태국,17467.0,17473.0,3,여성,8
202505,아시아,26.7,태국,2558.0,3242.0,3,승무원,8
202505,아시아,2.6,태국,28723.0,29480.0,3,전체,8
202505,아시아,7.0,베트남,15747.0,16845.0,3,남성,9
202505,아시아,4.5,베트남,17521.0,18302.0,3,여성,9
202505,아시아,16.5,베트남,5510.0,6418.0,3,승무원,9
202505,아시아,7.2,베트남,38778.0,41565.0,3,전체,9
202505,아시아,21.0,인도,6239.0,7550.0,3,남성,10
202505,아시아,28.4,인도,2781.0,3570.0,3,여성,10
202505,아시아,21.1,인도,9196.0,11136.0,3,승무원,10
202505,아시아,22.2,인도,18216.0,22256.0,3,전체,10
202505,아시아,-3.0,말레이시아,9549.0,9265.0,3,남성,11
202505,아시아,2.8,말레이시아,15492.0,15928.0,3,여성,11
202505,아시아,-5.0,말레이시아,2339.0,2223.0,3,승무원,11
202505,아시아,0.1,말레이시아,27380.0,27416.0,3,전체,11
202505,아시아,-2.3,싱가포르,13743.0,13423.0,3,남성,12
202505,아시아,4.0,싱가포르,22025.0,22902.0,3,여성,12
202505,아시아,-8.4,싱가포르,1538.0,1409.0,3,승무원,12
202505,아시아,1.1,싱가포르,37306.0,37734.0,3,전체,12
202505,아시아,4.9,몽골,4590.0,4813.0,3,남성,13
202505,아시아,10.6,몽골,6164.0,6820.0,3,여성,13
202505,아시아,85.7,몽골,14.0,26.0,3,승무원,13
202505,아시아,8.3,몽골,10768.0,11659.0,3,전체,13
202505,아시아,7.2,우즈베키스탄,2501.0,2681.0,3,남성,14
202505,아시아,18.8,우즈베키스탄,1080.0,1283.0,3,여성,14
202505,아시아,26.7,우즈베키스탄,329.0,417.0,3,승무원,14
202505,아시아,12.0,우즈베키스탄,3910.0,4381.0,3,전체,14
202505,아시아,-9.9,미얀마,2528.0,2278.0,3,남성,15
202505,아시아,-19.8,미얀마,678.0,544.0,3,여성,15
202505,아시아,46.6,미얀마,3242.0,4753.0,3,승무원,15
202505,아시아,17.5,미얀마,6448.0,7575.0,3,전체,15
202505,아시아,-8.1,GCC,2100.0,1930.0,3,남성,16
202505,아시아,7.7,GCC,1331.0,1433.0,3,여성,16
202505,아시아,-68.3,GCC,205.0,65.0,3,승무원,16
202505,아시아,-5.7,GCC,3636.0,3428.0,3,전체,16
202505,아시아,15.5,카자흐스탄,1616.0,1866.0,3,남성,17
202505,아시아,11.3,카자흐스탄,2652.0,2952.0,3,여성,17
202505,아시아,41.7,카자흐스탄,290.0,411.0,3,승무원,17
202505,아시아,14.7,카자흐스탄,4558.0,5229.0,3,전체,17
202505,아시아,22.1,튀르키예,1541.0,1882.0,3,남성,18
202505,아시아,59.5,튀르키예,1211.0,1931.0,3,여성,18
202505,아시아,-0.3,튀르키예,1110.0,1107.0,3,승무원,18
202505,아시아,27.4,튀르키예,3862.0,4920.0,3,전체,18
202505,아시아,9.3,캄보디아,3721.0,4068.0,3,남성,19
202505,아시아,-6.6,캄보디아,1493.0,1395.0,3,여성,19
202505,아시아,-7.8,캄보디아,90.0,83.0,3,승무원,19
202505,아시아,4.6,캄보디아,5304.0,5546.0,3,전체,19
202505,아시아,-17.0,스리랑카,1949.0,1618.0,3,남성,20
202505,아시아,-23.1,스리랑카,286.0,220.0,3,여성,20
202505,아시아,11.0,스리랑카,518.0,575.0,3,승무원,20
202505,아시아,-12.4,스리랑카,2753.0,2413.0,3,전체,20
202505,아시아,-8.5,방글라데시,1576.0,1442.0,3,남성,21
202505,아시아,-37.4,방글라데시,286.0,179.0,3,여성,21
202505,아시아,80.5,방글라데시,113.0,204.0,3,승무원,21
202505,아시아,-7.6,방글라데시,1975.0,1825.0,3,전체,21
202505,아시아,-11.3,파키스탄,974.0,864.0,3,남성,22
202505,아시아,-36.2,파키스탄,221.0,141.0,3,여성,22
202505,아시아,-3.1,파키스탄,64.0,62.0,3,승무원,22
202505,아시아,-15.3,파키스탄,1259.0,1067.0,3,전체,22
202505,아시아,36.0,이스라엘,840.0,1142.0,3,남성,23
202505,아시아,47.6,이스라엘,717.0,1058.0,3,여성,23
202505,아시아,0.0,이스라엘,7.0,7.0,3,승무원,23
202505,아시아,41.1,이스라엘,1564.0,2207.0,3,전체,23
202505,아시아,-8.6,이란,185.0,169.0,3,남성,24
202505,아시아,-8.7,이란,138.0,126.0,3,여성,24
202505,아시아,-9.5,이란,21.0,19.0,3,승무원,24
202505,아시아,-8.7,이란,344.0,314.0,3,전체,24
202505,아시아,24.7,기타,4962.0,6188.0,3,남성,25
202505,아시아,3.3,기타,2101.0,2171.0,3,여성,25
202505,아시아,45.2,기타,920.0,1336.0,3,승무원,25
202505,아시아,21.4,기타,7983.0,9695.0,3,전체,25
202505,아메리카,12.6,연도대륙,70539.0,79418.0,2,남성,0
202505,아메리카,12.8,연도대륙,74877.0,84495.0,2,여성,0
202505,아메리카,5.4,연도대륙,12461.0,13138.0,2,승무원,0
202505,아메리카,12.1,연도대륙,157877.0,177051.0,2,전체,0
202505,아메리카,9.3,미국,55213.0,60360.0,3,남성,1
202505,아메리카,8.9,미국,57916.0,63043.0,3,여성,1
202505,아메리카,-6.7,미국,9565.0,8921.0,3,승무원,1
202505,아메리카,7.8,미국,122694.0,132324.0,3,전체,1
202505,아메리카,12.5,캐나다,11133.0,12528.0,3,남성,2
202505,아메리카,12.1,캐나다,12313.0,13797.0,3,여성,2
202505,아메리카,6.2,캐나다,1377.0,1462.0,3,승무원,2
202505,아메리카,11.9,캐나다,24823.0,27787.0,3,전체,2
202505,아메리카,23.7,브라질,1223.0,1513.0,3,남성,3
202505,아메리카,25.7,브라질,1355.0,1703.0,3,여성,3
202505,아메리카,-1.6,브라질,447.0,440.0,3,승무원,3
202505,아메리카,20.9,브라질,3025.0,3656.0,3,전체,3
202505,아메리카,156.6,멕시코,1024.0,2628.0,3,남성,4
202505,아메리카,171.2,멕시코,1152.0,3124.0,3,여성,4
202505,아메리카,200.4,멕시코,267.0,802.0,3,승무원,4
202505,아메리카,168.3,멕시코,2443.0,6554.0,3,전체,4
202505,아메리카,22.8,기타,1946.0,2389.0,3,남성,5
202505,아메리카,32.1,기타,2141.0,2828.0,3,여성,5
202505,아메리카,88.0,기타,805.0,1513.0,3,승무원,5
202505,아메리카,37.6,기타,4892.0,6730.0,3,전체,5
202505,유럽,14.7,연도대륙,47481.0,54449.0,2,남성,0
202505,유럽,16.4,연도대륙,44552.0,51851.0,2,여성,0
202505,유럽,-1.4,연도대륙,14662.0,14457.0,2,승무원,0
202505,유럽,13.2,연도대륙,106695.0,120757.0,2,전체,0
202505,유럽,41.2,러시아,5773.0,8154.0,3,남성,1
202505,유럽,32.4,러시아,7139.0,9450.0,3,여성,1
202505,유럽,-8.4,러시아,4398.0,4029.0,3,승무원,1
202505,유럽,25.0,러시아,17310.0,21633.0,3,전체,1
202505,유럽,19.4,영국,7072.0,8442.0,3,남성,2
202505,유럽,25.0,영국,5901.0,7377.0,3,여성,2
202505,유럽,33.6,영국,589.0,787.0,3,승무원,2
202505,유럽,22.4,영국,13562.0,16606.0,3,전체,2
202505,유럽,4.1,독일,7642.0,7953.0,3,남성,3
202505,유럽,2.3,독일,6231.0,6377.0,3,여성,3
202505,유럽,-30.0,독일,1316.0,921.0,3,승무원,3
202505,유럽,0.4,독일,15189.0,15251.0,3,전체,3
202505,유럽,-1.1,프랑스,7889.0,7806.0,3,남성,4
202505,유럽,-0.1,프랑스,8532.0,8526.0,3,여성,4
202505,유럽,21.9,프랑스,909.0,1108.0,3,승무원,4
202505,유럽,0.6,프랑스,17330.0,17440.0,3,전체,4
202505,유럽,16.1,이탈리아,2609.0,3028.0,3,남성,5
202505,유럽,23.2,이탈리아,1927.0,2375.0,3,여성,5
202505,유럽,-7.1,이탈리아,1027.0,954.0,3,승무원,5
202505,유럽,14.3,이탈리아,5563.0,6357.0,3,전체,5
202505,유럽,7.8,네덜란드,2475.0,2667.0,3,남성,6
202505,유럽,9.1,네덜란드,2140.0,2335.0,3,여성,6
202505,유럽,39.4,네덜란드,994.0,1386.0,3,승무원,6
202505,유럽,13.9,네덜란드,5609.0,6388.0,3,전체,6
202505,유럽,31.2,우크라이나,349.0,458.0,3,남성,7
202505,유럽,19.0,우크라이나,268.0,319.0,3,여성,7
202505,유럽,0.1,우크라이나,1331.0,1332.0,3,승무원,7
202505,유럽,8.3,우크라이나,1948.0,2109.0,3,전체,7
202505,유럽,27.4,스페인,1722.0,2193.0,3,남성,8
202505,유럽,27.8,스페인,1655.0,2115.0,3,여성,8
202505,유럽,-26.2,스페인,164.0,121.0,3,승무원,8
202505,유럽,25.1,스페인,3541.0,4429.0,3,전체,8
202505,유럽,6.2,루마니아,530.0,563.0,3,남성,9
202505,유럽,-3.1,루마니아,579.0,561.0,3,여성,9
202505,유럽,7.1,루마니아,510.0,546.0,3,승무원,9
202505,유럽,3.2,루마니아,1619.0,1670.0,3,전체,9
202505,유럽,20.2,노르웨이,465.0,559.0,3,남성,10
202505,유럽,19.9,노르웨이,352.0,422.0,3,여성,10
202505,유럽,-40.0,노르웨이,40.0,24.0,3,승무원,10
202505,유럽,17.3,노르웨이,857.0,1005.0,3,전체,10
202505,유럽,11.9,스웨덴,942.0,1054.0,3,남성,11
202505,유럽,17.0,스웨덴,681.0,797.0,3,여성,11
202505,유럽,14.0,스웨덴,93.0,106.0,3,승무원,11
202505,유럽,14.0,스웨덴,1716.0,1957.0,3,전체,11
202505,유럽,14.7,폴란드,1760.0,2018.0,3,남성,12
202505,유럽,31.4,폴란드,1874.0,2462.0,3,여성,12
202505,유럽,-22.5,폴란드,957.0,742.0,3,승무원,12
202505,유럽,13.7,폴란드,4591.0,5222.0,3,전체,12
202505,유럽,6.3,스위스,1273.0,1353.0,3,남성,13
202505,유럽,21.5,스위스,1070.0,1300.0,3,여성,13
202505,유럽,13.8,스위스,116.0,132.0,3,승무원,13
202505,유럽,13.3,스위스,2459.0,2785.0,3,전체,13
202505,유럽,29.0,포르투갈,531.0,685.0,3,남성,14
202505,유럽,31.8,포르투갈,582.0,767.0,3,여성,14
202505,유럽,9.8,포르투갈,122.0,134.0,3,승무원,14
202505,유럽,28.4,포르투갈,1235.0,1586.0,3,전체,14
202505,유럽,6.3,오스트리아,726.0,772.0,3,남성,15
202505,유럽,-7.5,오스트리아,585.0,541.0,3,여성,15
202505,유럽,-3.4,오스트리아,87.0,84.0,3,승무원,15
202505,유럽,-0.1,오스트리아,1398.0,1397.0,3,전체,15
202505,유럽,14.9,핀란드,572.0,657.0,3,남성,16
202505,유럽,23.7,핀란드,511.0,632.0,3,여성,16
202505,유럽,4.7,핀란드,274.0,287.0,3,승무원,16
202505,유럽,16.1,핀란드,1357.0,1576.0,3,전체,16
202505,유럽,11.3,벨기에,913.0,1016.0,3,남성,17
202505,유럽,12.6,벨기에,815.0,918.0,3,여성,17
202505,유럽,-5.5,벨기에,146.0,138.0,3,승무원,17
202505,유럽,10.6,벨기에,1874.0,2072.0,3,전체,17
202505,유럽,-2.3,크로아티아,220.0,215.0,3,남성,18
202505,유럽,57.3,크로아티아,103.0,162.0,3,여성,18
202505,유럽,29.3,크로아티아,229.0,296.0,3,승무원,18
202505,유럽,21.9,크로아티아,552.0,673.0,3,전체,18
202505,유럽,4.9,그리스,466.0,489.0,3,남성,19
202505,유럽,-4.7,그리스,318.0,303.0,3,여성,19
202505,유럽,-3.8,그리스,287.0,276.0,3,승무원,19
202505,유럽,-0.3,그리스,1071.0,1068.0,3,전체,19
202505,유럽,57.4,불가리아,176.0,277.0,3,남성,20
202505,유럽,45.0,불가리아,209.0,303.0,3,여성,20
202505,유럽,34.6,불가리아,127.0,171.0,3,승무원,20
202505,유럽,46.7,불가리아,512.0,751.0,3,전체,20
202505,유럽,-2.4,덴마크,704.0,687.0,3,남성,21
202505,유럽,-6.8,덴마크,592.0,552.0,3,여성,21
202505,유럽,10.3,덴마크,58.0,64.0,3,승무원,21
202505,유럽,-3.8,덴마크,1354.0,1303.0,3,전체,21
202505,유럽,8.8,아일랜드,703.0,765.0,3,남성,22
202505,유럽,30.9,아일랜드,508.0,665.0,3,여성,22
202505,유럽,-14.6,아일랜드,41.0,35.0,3,승무원,22
202505,유럽,17.0,아일랜드,1252.0,1465.0,3,전체,22
202505,유럽,34.0,기타,1969.0,2638.0,3,남성,23
202505,유럽,30.9,기타,1980.0,2592.0,3,여성,23
202505,유럽,-7.4,기타,847.0,784.0,3,승무원,23
202505,유럽,25.4,기타,4796.0,6014.0,3,전체,23
202505,오세아니아,16.5,연도대륙,11056.0,12878.0,2,남성,0
202505,오세아니아,13.6,연도대륙,11908.0,13524.0,2,여성,0
202505,오세아니아,-19.8,연도대륙,1042.0,836.0,2,승무원,0
202505,오세아니아,13.5,연도대륙,24006.0,27238.0,2,전체,0
202505,오세아니아,15.4,호주,9341.0,10781.0,3,남성,1
202505,오세아니아,12.7,호주,10285.0,11595.0,3,여성,1
202505,오세아니아,-21.8,호주,815.0,637.0,3,승무원,1
202505,오세아니아,12.6,호주,20441.0,23013.0,3,전체,1
202505,오세아니아,22.7,뉴질랜드,1600.0,1963.0,3,남성,2
202505,오세아니아,18.8,뉴질랜드,1543.0,1833.0,3,여성,2
202505,오세아니아,6.2,뉴질랜드,144.0,153.0,3,승무원,2
202505,오세아니아,20.1,뉴질랜드,3287.0,3949.0,3,전체,2
202505,오세아니아,16.5,기타,115.0,134.0,3,남성,3
202505,오세아니아,20.0,기타,80.0,96.0,3,여성,3
202505,오세아니아,-44.6,기타,83.0,46.0,3,승무원,3
202505,오세아니아,-0.7,기타,278.0,276.0,3,전체,3
202505,아프리카,-1.4,연도대륙,2104.0,2074.0,2,남성,0
202505,아프리카,15.2,연도대륙,1330.0,1532.0,2,여성,0
202505,아프리카,28.9,연도대륙,2605.0,3359.0,2,승무원,0
202505,아프리카,15.3,연도대륙,6039.0,6965.0,2,전체,0
202505,아프리카,23.8,남아프리카공화국,328.0,406.0,3,남성,1
202505,아프리카,31.7,남아프리카공화국,404.0,532.0,3,여성,1
202505,아프리카,95.3,남아프리카공화국,464.0,906.0,3,승무원,1
202505,아프리카,54.2,남아프리카공화국,1196.0,1844.0,3,전체,1
202505,아프리카,-6.1,기타,1776.0,1668.0,3,남성,2
202505,아프리카,8.0,기타,926.0,1000.0,3,여성,2
202505,아프리카,14.6,기타,2141.0,2453.0,3,승무원,2
202505,아프리카,5.7,기타,4843.0,5121.0,3,전체,2
202505,기타,-33.3,연도대륙,9.0,6.0,2,남성,0
202505,기타,-33.3,연도대륙,12.0,8.0,2,여성,0
202505,기타,200.0,연도대륙,1.0,3.0,2,승무원,0
202505,기타,-22.7,연도대륙,22.0,17.0,2,전체,0
202505,기타,-33.3,기타,9.0,6.0,3,남성,1
202505,기타,-33.3,기타,12.0,8.0,3,여성,1
202505,기타,200.0,기타,1.0,3.0,3,승무원,1
202505,기타,-22.7,기타,22.0,17.0,3,전체,1
202505,교포,-27.3,연도대륙,1370.0,996.0,2,남성,0
202505,교포,-23.7,연도대륙,1954.0,1491.0,2,여성,0
202505,교포,0.0,연도대륙,0.0,0.0,2,승무원,0
202505,교포,-25.2,연도대륙,3324.0,2487.0,2,전체,0
202505,교포,-27.3,교포,1370.0,996.0,3,남성,1
202505,교포,-23.7,교포,1954.0,1491.0,3,여성,1
202505,교포,0.0,교포,0.0,0.0,3,승무원,1
202505,교포,-25.2,교포,3324.0,2487.0,3,전체,1
202506,대륙전체,11.3,연도,502451.0,559285.0,1,남성,0
202506,대륙전체,16.2,연도,811777.0,942965.0,1,여성,0
202506,대륙전체,13.5,연도,103046.0,116970.0,1,승무원,0
202506,대륙전체,14.2,연도,1417274.0,1619220.0,1,전체,0
202506,아시아,11.7,연도대륙,368208.0,411195.0,2,남성,0
202506,아시아,16.1,연도대륙,676454.0,785114.0,2,여성,0
202506,아시아,16.1,연도대륙,75077.0,87197.0,2,승무원,0
202506,아시아,14.6,연도대륙,1119739.0,1283506.0,2,전체,0
202506,아시아,14.3,중국,128051.0,146353.0,3,남성,1
202506,아시아,22.9,중국,254178.0,312415.0,3,여성,1
202506,아시아,21.1,중국,15096.0,18284.0,3,승무원,1
202506,아시아,20.1,중국,397325.0,477052.0,3,전체,1
202506,아시아,9.3,일본,80718.0,88222.0,3,남성,2
202506,아시아,11.4,일본,176438.0,196615.0,3,여성,2
202506,아시아,80.6,일본,1275.0,2303.0,3,승무원,2
202506,아시아,11.1,일본,258431.0,287140.0,3,전체,2
202506,아시아,13.6,대만,47092.0,53505.0,3,남성,3
202506,아시아,14.8,대만,96769.0,111044.0,3,여성,3
202506,아시아,-14.7,대만,394.0,336.0,3,승무원,3
202506,아시아,14.3,대만,144255.0,164885.0,3,전체,3
202506,아시아,4.1,홍콩,15535.0,16175.0,3,남성,4
202506,아시아,2.6,홍콩,38748.0,39768.0,3,여성,4
202506,아시아,0.0,홍콩,166.0,166.0,3,승무원,4
202506,아시아,3.0,홍콩,54449.0,56109.0,3,전체,4
202506,아시아,-7.2,마카오,893.0,829.0,3,남성,5
202506,아시아,0.3,마카오,2249.0,2256.0,3,여성,5
202506,아시아,43.2,마카오,44.0,63.0,3,승무원,5
202506,아시아,-1.2,마카오,3186.0,3148.0,3,전체,5
202506,아시아,14.8,필리핀,12130.0,13930.0,3,남성,6
202506,아시아,17.9,필리핀,15037.0,17727.0,3,여성,6
202506,아시아,21.1,필리핀,17724.0,21471.0,3,승무원,6
202506,아시아,18.3,필리핀,44891.0,53128.0,3,전체,6
202506,아시아,7.9,인도네시아,8856.0,9559.0,3,남성,7
202506,아시아,13.6,인도네시아,8458.0,9610.0,3,여성,7
202506,아시아,8.8,인도네시아,11823.0,12860.0,3,승무원,7
202506,아시아,9.9,인도네시아,29137.0,32029.0,3,전체,7
202506,아시아,-4.3,태국,6084.0,5820.0,3,남성,8
202506,아시아,3.6,태국,11626.0,12043.0,3,여성,8
202506,아시아,35.9,태국,2440.0,3316.0,3,승무원,8
202506,아시아,5.1,태국,20150.0,21179.0,3,전체,8
202506,아시아,-7.7,베트남,19038.0,17569.0,3,남성,9
202506,아시아,-6.5,베트남,22709.0,21230.0,3,여성,9
202506,아시아,18.5,베트남,5576.0,6609.0,3,승무원,9
202506,아시아,-4.0,베트남,47323.0,45408.0,3,전체,9
202506,아시아,31.9,인도,5448.0,7184.0,3,남성,10
202506,아시아,28.1,인도,2465.0,3157.0,3,여성,10
202506,아시아,-2.2,인도,9780.0,9564.0,3,승무원,10
202506,아시아,12.5,인도,17693.0,19905.0,3,전체,10
202506,아시아,18.0,말레이시아,5638.0,6652.0,3,남성,11
202506,아시아,33.7,말레이시아,8244.0,11019.0,3,여성,11
202506,아시아,0.8,말레이시아,2256.0,2274.0,3,승무원,11
202506,아시아,23.6,말레이시아,16138.0,19945.0,3,전체,11
202506,아시아,16.2,싱가포르,13441.0,15614.0,3,남성,12
202506,아시아,20.6,싱가포르,19259.0,23225.0,3,여성,12
202506,아시아,-4.3,싱가포르,1434.0,1372.0,3,승무원,12
202506,아시아,17.8,싱가포르,34134.0,40211.0,3,전체,12
202506,아시아,30.6,몽골,5012.0,6546.0,3,남성,13
202506,아시아,37.5,몽골,7551.0,10386.0,3,여성,13
202506,아시아,53.3,몽골,15.0,23.0,3,승무원,13
202506,아시아,34.8,몽골,12578.0,16955.0,3,전체,13
202506,아시아,6.5,우즈베키스탄,2478.0,2639.0,3,남성,14
202506,아시아,16.2,우즈베키스탄,1151.0,1337.0,3,여성,14
202506,아시아,45.7,우즈베키스탄,300.0,437.0,3,승무원,14
202506,아시아,12.3,우즈베키스탄,3929.0,4413.0,3,전체,14
202506,아시아,11.1,미얀마,2018.0,2243.0,3,남성,15
202506,아시아,32.6,미얀마,656.0,870.0,3,여성,15
202506,아시아,24.6,미얀마,3595.0,4478.0,3,승무원,15
202506,아시아,21.1,미얀마,6269.0,7591.0,3,전체,15
202506,아시아,-23.4,GCC,2644.0,2026.0,3,남성,16
202506,아시아,-29.0,GCC,2829.0,2008.0,3,여성,16
202506,아시아,-57.9,GCC,133.0,56.0,3,승무원,16
202506,아시아,-27.0,GCC,5606.0,4090.0,3,전체,16
202506,아시아,25.0,카자흐스탄,1539.0,1924.0,3,남성,17
202506,아시아,34.9,카자흐스탄,2394.0,3229.0,3,여성,17
202506,아시아,19.3,카자흐스탄,405.0,483.0,3,승무원,17
202506,아시아,29.9,카자흐스탄,4338.0,5636.0,3,전체,17
202506,아시아,8.3,튀르키예,1799.0,1949.0,3,남성,18
202506,아시아,26.8,튀르키예,1897.0,2406.0,3,여성,18
202506,아시아,-2.7,튀르키예,1020.0,992.0,3,승무원,18
202506,아시아,13.4,튀르키예,4716.0,5347.0,3,전체,18
202506,아시아,20.3,캄보디아,1766.0,2124.0,3,남성,19
202506,아시아,11.0,캄보디아,971.0,1078.0,3,여성,19
202506,아시아,0.0,캄보디아,54.0,54.0,3,승무원,19
202506,아시아,16.7,캄보디아,2791.0,3256.0,3,전체,19
202506,아시아,42.1,스리랑카,1200.0,1705.0,3,남성,20
202506,아시아,19.3,스리랑카,275.0,328.0,3,여성,20
202506,아시아,8.6,스리랑카,502.0,545.0,3,승무원,20
202506,아시아,30.4,스리랑카,1977.0,2578.0,3,전체,20
202506,아시아,36.5,방글라데시,1084.0,1480.0,3,남성,21
202506,아시아,14.0,방글라데시,186.0,212.0,3,여성,21
202506,아시아,-24.0,방글라데시,150.0,114.0,3,승무원,21
202506,아시아,27.2,방글라데시,1420.0,1806.0,3,전체,21
202506,아시아,4.0,파키스탄,905.0,941.0,3,남성,22
202506,아시아,-26.7,파키스탄,247.0,181.0,3,여성,22
202506,아시아,28.6,파키스탄,84.0,108.0,3,승무원,22
202506,아시아,-0.5,파키스탄,1236.0,1230.0,3,전체,22
202506,아시아,23.7,이스라엘,573.0,709.0,3,남성,23
202506,아시아,81.6,이스라엘,332.0,603.0,3,여성,23
202506,아시아,-76.9,이스라엘,13.0,3.0,3,승무원,23
202506,아시아,43.2,이스라엘,918.0,1315.0,3,전체,23
202506,아시아,-45.8,이란,192.0,104.0,3,남성,24
202506,아시아,-49.6,이란,133.0,67.0,3,여성,24
202506,아시아,133.3,이란,3.0,7.0,3,승무원,24
202506,아시아,-45.7,이란,328.0,178.0,3,전체,24
202506,아시아,32.4,기타,4074.0,5393.0,3,남성,25
202506,아시아,39.2,기타,1652.0,2300.0,3,여성,25
202506,아시아,60.9,기타,795.0,1279.0,3,승무원,25
202506,아시아,37.6,기타,6521.0,8972.0,3,전체,25
202506,아메리카,10.3,연도대륙,81900.0,90350.0,2,남성,0
202506,아메리카,14.5,연도대륙,87468.0,100181.0,2,여성,0
202506,아메리카,13.9,연도대륙,11894.0,13548.0,2,승무원,0
202506,아메리카,12.6,연도대륙,181262.0,204079.0,2,전체,0
202506,아메리카,8.7,미국,69077.0,75108.0,3,남성,1
202506,아메리카,10.4,미국,73727.0,81407.0,3,여성,1
202506,아메리카,9.1,미국,8917.0,9727.0,3,승무원,1
202506,아메리카,9.6,미국,151721.0,166242.0,3,전체,1
202506,아메리카,4.8,캐나다,9117.0,9555.0,3,남성,2
202506,아메리카,10.6,캐나다,9797.0,10832.0,3,여성,2
202506,아메리카,14.6,캐나다,1464.0,1678.0,3,승무원,2
202506,아메리카,8.3,캐나다,20378.0,22065.0,3,전체,2
202506,아메리카,13.5,브라질,1053.0,1195.0,3,남성,3
202506,아메리카,60.2,브라질,992.0,1589.0,3,여성,3
202506,아메리카,0.5,브라질,396.0,398.0,3,승무원,3
202506,아메리카,30.4,브라질,2441.0,3182.0,3,전체,3
202506,아메리카,121.7,멕시코,1052.0,2332.0,3,남성,4
202506,아메리카,161.6,멕시코,1294.0,3385.0,3,여성,4
202506,아메리카,188.7,멕시코,203.0,586.0,3,승무원,4
202506,아메리카,147.3,멕시코,2549.0,6303.0,3,전체,4
202506,아메리카,34.9,기타,1601.0,2160.0,3,남성,5
202506,아메리카,79.0,기타,1658.0,2968.0,3,여성,5
202506,아메리카,26.8,기타,914.0,1159.0,3,승무원,5
202506,아메리카,50.7,기타,4173.0,6287.0,3,전체,5
202506,유럽,15.8,연도대륙,38058.0,44083.0,2,남성,0
202506,유럽,30.0,연도대륙,33518.0,43571.0,2,여성,0
202506,유럽,-1.0,연도대륙,12984.0,12858.0,2,승무원,0
202506,유럽,18.9,연도대륙,84560.0,100512.0,2,전체,0
202506,유럽,18.2,러시아,5500.0,6501.0,3,남성,1
202506,유럽,34.2,러시아,6754.0,9065.0,3,여성,1
202506,유럽,-0.7,러시아,3499.0,3474.0,3,승무원,1
202506,유럽,20.9,러시아,15753.0,19040.0,3,전체,1
202506,유럽,18.0,영국,6003.0,7085.0,3,남성,2
202506,유럽,31.4,영국,4893.0,6430.0,3,여성,2
202506,유럽,-19.0,영국,521.0,422.0,3,승무원,2
202506,유럽,22.1,영국,11417.0,13937.0,3,전체,2
202506,유럽,14.6,독일,5296.0,6071.0,3,남성,3
202506,유럽,40.8,독일,3400.0,4787.0,3,여성,3
202506,유럽,-22.1,독일,1370.0,1067.0,3,승무원,3
202506,유럽,18.5,독일,10066.0,11925.0,3,전체,3
202506,유럽,5.7,프랑스,5249.0,5548.0,3,남성,4
202506,유럽,13.3,프랑스,5092.0,5771.0,3,여성,4
202506,유럽,37.2,프랑스,648.0,889.0,3,승무원,4
202506,유럽,11.1,프랑스,10989.0,12208.0,3,전체,4
202506,유럽,17.3,이탈리아,2330.0,2734.0,3,남성,5
202506,유럽,54.5,이탈리아,1667.0,2576.0,3,여성,5
202506,유럽,-25.6,이탈리아,983.0,731.0,3,승무원,5
202506,유럽,21.3,이탈리아,4980.0,6041.0,3,전체,5
202506,유럽,23.5,네덜란드,1644.0,2030.0,3,남성,6
202506,유럽,32.6,네덜란드,1092.0,1448.0,3,여성,6
202506,유럽,66.7,네덜란드,928.0,1547.0,3,승무원,6
202506,유럽,37.1,네덜란드,3664.0,5025.0,3,전체,6
202506,유럽,22.9,우크라이나,375.0,461.0,3,남성,7
202506,유럽,16.1,우크라이나,267.0,310.0,3,여성,7
202506,유럽,-2.9,우크라이나,1232.0,1196.0,3,승무원,7
202506,유럽,5.0,우크라이나,1874.0,1967.0,3,전체,7
202506,유럽,23.6,스페인,1687.0,2085.0,3,남성,8
202506,유럽,44.3,스페인,1529.0,2207.0,3,여성,8
202506,유럽,-1.4,스페인,143.0,141.0,3,승무원,8
202506,유럽,32.0,스페인,3359.0,4433.0,3,전체,8
202506,유럽,38.0,루마니아,353.0,487.0,3,남성,9
202506,유럽,53.8,루마니아,355.0,546.0,3,여성,9
202506,유럽,-15.1,루마니아,469.0,398.0,3,승무원,9
202506,유럽,21.6,루마니아,1177.0,1431.0,3,전체,9
202506,유럽,14.3,노르웨이,621.0,710.0,3,남성,10
202506,유럽,4.9,노르웨이,628.0,659.0,3,여성,10
202506,유럽,-13.3,노르웨이,15.0,13.0,3,승무원,10
202506,유럽,9.3,노르웨이,1264.0,1382.0,3,전체,10
202506,유럽,3.6,스웨덴,1150.0,1191.0,3,남성,11
202506,유럽,5.9,스웨덴,1038.0,1099.0,3,여성,11
202506,유럽,1.6,스웨덴,124.0,126.0,3,승무원,11
202506,유럽,4.5,스웨덴,2312.0,2416.0,3,전체,11
202506,유럽,26.7,폴란드,1249.0,1582.0,3,남성,12
202506,유럽,44.3,폴란드,1241.0,1791.0,3,여성,12
202506,유럽,-23.7,폴란드,913.0,697.0,3,승무원,12
202506,유럽,19.6,폴란드,3403.0,4070.0,3,전체,12
202506,유럽,23.0,스위스,903.0,1111.0,3,남성,13
202506,유럽,28.2,스위스,754.0,967.0,3,여성,13
202506,유럽,0.7,스위스,140.0,141.0,3,승무원,13
202506,유럽,23.5,스위스,1797.0,2219.0,3,전체,13
202506,유럽,28.2,포르투갈,450.0,577.0,3,남성,14
202506,유럽,37.3,포르투갈,496.0,681.0,3,여성,14
202506,유럽,-7.4,포르투갈,122.0,113.0,3,승무원,14
202506,유럽,28.4,포르투갈,1068.0,1371.0,3,전체,14
202506,유럽,8.5,오스트리아,516.0,560.0,3,남성,15
202506,유럽,26.6,오스트리아,357.0,452.0,3,여성,15
202506,유럽,-8.9,오스트리아,101.0,92.0,3,승무원,15
202506,유럽,13.3,오스트리아,974.0,1104.0,3,전체,15
202506,유럽,25.5,핀란드,526.0,660.0,3,남성,16
202506,유럽,18.8,핀란드,538.0,639.0,3,여성,16
202506,유럽,4.3,핀란드,258.0,269.0,3,승무원,16
202506,유럽,18.6,핀란드,1322.0,1568.0,3,전체,16
202506,유럽,4.0,벨기에,654.0,680.0,3,남성,17
202506,유럽,-8.1,벨기에,628.0,577.0,3,여성,17
202506,유럽,25.3,벨기에,91.0,114.0,3,승무원,17
202506,유럽,-0.1,벨기에,1373.0,1371.0,3,전체,17
202506,유럽,23.7,크로아티아,169.0,209.0,3,남성,18
202506,유럽,51.3,크로아티아,78.0,118.0,3,여성,18
202506,유럽,-1.0,크로아티아,194.0,192.0,3,승무원,18
202506,유럽,17.7,크로아티아,441.0,519.0,3,전체,18
202506,유럽,9.3,그리스,367.0,401.0,3,남성,19
202506,유럽,44.4,그리스,151.0,218.0,3,여성,19
202506,유럽,28.0,그리스,250.0,320.0,3,승무원,19
202506,유럽,22.3,그리스,768.0,939.0,3,전체,19
202506,유럽,29.1,불가리아,134.0,173.0,3,남성,20
202506,유럽,-0.7,불가리아,134.0,133.0,3,여성,20
202506,유럽,-25.6,불가리아,195.0,145.0,3,승무원,20
202506,유럽,-2.6,불가리아,463.0,451.0,3,전체,20
202506,유럽,-1.5,덴마크,589.0,580.0,3,남성,21
202506,유럽,17.9,덴마크,363.0,428.0,3,여성,21
202506,유럽,-42.5,덴마크,87.0,50.0,3,승무원,21
202506,유럽,1.8,덴마크,1039.0,1058.0,3,전체,21
202506,유럽,16.6,아일랜드,565.0,659.0,3,남성,22
202506,유럽,32.0,아일랜드,459.0,606.0,3,여성,22
202506,유럽,-14.6,아일랜드,41.0,35.0,3,승무원,22
202506,유럽,22.1,아일랜드,1065.0,1300.0,3,전체,22
202506,유럽,15.0,기타,1728.0,1988.0,3,남성,23
202506,유럽,28.6,기타,1604.0,2063.0,3,여성,23
202506,유럽,3.9,기타,660.0,686.0,3,승무원,23
202506,유럽,18.7,기타,3992.0,4737.0,3,전체,23
202506,오세아니아,0.6,연도대륙,10707.0,10766.0,2,남성,0
202506,오세아니아,2.1,연도대륙,11153.0,11389.0,2,여성,0
202506,오세아니아,-17.1,연도대륙,898.0,744.0,2,승무원,0
202506,오세아니아,0.6,연도대륙,22758.0,22899.0,2,전체,0
202506,오세아니아,-0.1,호주,9021.0,9009.0,3,남성,1
202506,오세아니아,1.7,호주,9614.0,9782.0,3,여성,1
202506,오세아니아,-20.2,호주,713.0,569.0,3,승무원,1
202506,오세아니아,0.1,호주,19348.0,19360.0,3,전체,1
202506,오세아니아,5.4,뉴질랜드,1569.0,1654.0,3,남성,2
202506,오세아니아,4.3,뉴질랜드,1456.0,1518.0,3,여성,2
202506,오세아니아,-6.5,뉴질랜드,139.0,130.0,3,승무원,2
202506,오세아니아,4.4,뉴질랜드,3164.0,3302.0,3,전체,2
202506,오세아니아,-12.0,기타,117.0,103.0,3,남성,3
202506,오세아니아,7.2,기타,83.0,89.0,3,여성,3
202506,오세아니아,-2.2,기타,46.0,45.0,3,승무원,3
202506,오세아니아,-3.7,기타,246.0,237.0,3,전체,3
202506,아프리카,-16.0,연도대륙,2428.0,2040.0,2,남성,0
202506,아프리카,-7.7,연도대륙,1530.0,1412.0,2,여성,0
202506,아프리카,19.6,연도대륙,2188.0,2617.0,2,승무원,0
202506,아프리카,-1.3,연도대륙,6146.0,6069.0,2,전체,0
202506,아프리카,2.5,남아프리카공화국,396.0,406.0,3,남성,1
202506,아프리카,5.6,남아프리카공화국,468.0,494.0,3,여성,1
202506,아프리카,61.2,남아프리카공화국,397.0,640.0,3,승무원,1
202506,아프리카,22.1,남아프리카공화국,1261.0,1540.0,3,전체,1
202506,아프리카,-19.6,기타,2032.0,1634.0,3,남성,2
202506,아프리카,-13.6,기타,1062.0,918.0,3,여성,2
202506,아프리카,10.4,기타,1791.0,1977.0,3,승무원,2
202506,아프리카,-7.3,기타,4885.0,4529.0,3,전체,2
202506,기타,50.0,연도대륙,6.0,9.0,2,남성,0
202506,기타,60.0,연도대륙,5.0,8.0,2,여성,0
202506,기타,20.0,연도대륙,5.0,6.0,2,승무원,0
202506,기타,43.8,연도대륙,16.0,23.0,2,전체,0
202506,기타,50.0,기타,6.0,9.0,3,남성,1
202506,기타,60.0,기타,5.0,8.0,3,여성,1
202506,기타,20.0,기타,5.0,6.0,3,승무원,1
202506,기타,43.8,기타,16.0,23.0,3,전체,1
202506,교포,-26.4,연도대륙,1144.0,842.0,2,남성,0
202506,교포,-21.8,연도대륙,1649.0,1290.0,2,여성,0
202506,교포,0.0,연도대륙,0.0,0.0,2,승무원,0
202506,교포,-23.7,연도대륙,2793.0,2132.0,2,전체,0
202506,교포,-26.4,교포,1144.0,842.0,3,남성,1
202506,교포,-21.8,교포,1649.0,1290.0,3,여성,1
202506,교포,0.0,교포,0.0,0.0,3,승무원,1
202506,교포,-23.7,교포,2793.0,2132.0,3,전체,1
202507,대륙전체,20.2,연도,502854.0,604283.0,1,남성,0
202507,대륙전체,25.1,연도,808072.0,1011049.0,1,여성,0
202507,대륙전체,20.8,연도,97573.0,117867.0,1,승무원,0
202507,대륙전체,23.1,연도,1408499.0,1733199.0,1,전체,0
202507,아시아,22.5,연도대륙,377809.0,462761.0,2,남성,0
202507,아시아,27.8,연도대륙,679601.0,868622.0,2,여성,0
202507,아시아,25.1,연도대륙,69863.0,87406.0,2,승무원,0
202507,아시아,25.9,연도대륙,1127273.0,1418789.0,2,전체,0
202507,아시아,23.2,중국,148648.0,183135.0,3,남성,1
202507,아시아,35.2,중국,296263.0,400479.0,3,여성,1
202507,아시아,30.9,중국,14158.0,18533.0,3,승무원,1
202507,아시아,31.2,중국,459069.0,602147.0,3,전체,1
202507,아시아,23.7,일본,78220.0,96739.0,3,남성,2
202507,아시아,22.6,일본,163366.0,200300.0,3,여성,2
202507,아시아,100.7,일본,1367.0,2743.0,3,승무원,2
202507,아시아,23.4,일본,242953.0,299782.0,3,전체,2
202507,아시아,43.2,대만,49262.0,70547.0,3,남성,3
202507,아시아,37.9,대만,93028.0,128277.0,3,여성,3
202507,아시아,5.8,대만,431.0,456.0,3,승무원,3
202507,아시아,39.6,대만,142721.0,199280.0,3,전체,3
202507,아시아,13.5,홍콩,18686.0,21203.0,3,남성,4
202507,아시아,8.7,홍콩,39422.0,42860.0,3,여성,4
202507,아시아,-18.3,홍콩,197.0,161.0,3,승무원,4
202507,아시아,10.2,홍콩,58305.0,64224.0,3,전체,4
202507,아시아,-11.7,마카오,1810.0,1599.0,3,남성,5
202507,아시아,-14.3,마카오,3873.0,3318.0,3,여성,5
202507,아시아,19.4,마카오,67.0,80.0,3,승무원,5
202507,아시아,-13.1,마카오,5750.0,4997.0,3,전체,5
202507,아시아,28.2,필리핀,8327.0,10676.0,3,남성,6
202507,아시아,8.1,필리핀,9234.0,9980.0,3,여성,6
202507,아시아,23.2,필리핀,17071.0,21036.0,3,승무원,6
202507,아시아,20.4,필리핀,34632.0,41692.0,3,전체,6
202507,아시아,23.1,인도네시아,7031.0,8658.0,3,남성,7
202507,아시아,6.1,인도네시아,6410.0,6799.0,3,여성,7
202507,아시아,40.7,인도네시아,9377.0,13194.0,3,승무원,7
202507,아시아,25.6,인도네시아,22818.0,28651.0,3,전체,7
202507,아시아,6.1,태국,5357.0,5682.0,3,남성,8
202507,아시아,16.3,태국,10119.0,11765.0,3,여성,8
202507,아시아,32.1,태국,2580.0,3409.0,3,승무원,8
202507,아시아,15.5,태국,18056.0,20856.0,3,전체,8
202507,아시아,3.3,베트남,17676.0,18260.0,3,남성,9
202507,아시아,3.6,베트남,21901.0,22690.0,3,여성,9
202507,아시아,18.2,베트남,5705.0,6742.0,3,승무원,9
202507,아시아,5.3,베트남,45282.0,47692.0,3,전체,9
202507,아시아,27.8,인도,4730.0,6045.0,3,남성,10
202507,아시아,26.0,인도,1595.0,2009.0,3,여성,10
202507,아시아,6.7,인도,8011.0,8551.0,3,승무원,10
202507,아시아,15.8,인도,14336.0,16605.0,3,전체,10
202507,아시아,11.2,말레이시아,4109.0,4569.0,3,남성,11
202507,아시아,16.3,말레이시아,5908.0,6869.0,3,여성,11
202507,아시아,6.4,말레이시아,2258.0,2402.0,3,승무원,11
202507,아시아,12.7,말레이시아,12275.0,13840.0,3,전체,11
202507,아시아,14.5,싱가포르,5162.0,5910.0,3,남성,12
202507,아시아,19.6,싱가포르,7473.0,8941.0,3,여성,12
202507,아시아,-19.3,싱가포르,1433.0,1157.0,3,승무원,12
202507,아시아,13.8,싱가포르,14068.0,16008.0,3,전체,12
202507,아시아,11.3,몽골,5038.0,5608.0,3,남성,13
202507,아시아,19.6,몽골,7376.0,8820.0,3,여성,13
202507,아시아,2700.0,몽골,1.0,28.0,3,승무원,13
202507,아시아,16.4,몽골,12415.0,14456.0,3,전체,13
202507,아시아,11.9,우즈베키스탄,3108.0,3479.0,3,남성,14
202507,아시아,18.9,우즈베키스탄,1510.0,1795.0,3,여성,14
202507,아시아,46.9,우즈베키스탄,318.0,467.0,3,승무원,14
202507,아시아,16.3,우즈베키스탄,4936.0,5741.0,3,전체,14
202507,아시아,-11.9,미얀마,2152.0,1895.0,3,남성,15
202507,아시아,26.8,미얀마,507.0,643.0,3,여성,15
202507,아시아,28.6,미얀마,3509.0,4511.0,3,승무원,15
202507,아시아,14.3,미얀마,6168.0,7049.0,3,전체,15
202507,아시아,-20.8,GCC,2605.0,2064.0,3,남성,16
202507,아시아,-10.8,GCC,2673.0,2384.0,3,여성,16
202507,아시아,-33.0,GCC,106.0,71.0,3,승무원,16
202507,아시아,-16.1,GCC,5384.0,4519.0,3,전체,16
202507,아시아,20.4,카자흐스탄,1861.0,2240.0,3,남성,17
202507,아시아,23.8,카자흐스탄,2858.0,3537.0,3,여성,17
202507,아시아,18.6,카자흐스탄,415.0,492.0,3,승무원,17
202507,아시아,22.1,카자흐스탄,5134.0,6269.0,3,전체,17
202507,아시아,44.3,튀르키예,1602.0,2312.0,3,남성,18
202507,아시아,64.9,튀르키예,1625.0,2680.0,3,여성,18
202507,아시아,-3.0,튀르키예,1021.0,990.0,3,승무원,18
202507,아시아,40.8,튀르키예,4248.0,5982.0,3,전체,18
202507,아시아,-21.8,캄보디아,2531.0,1978.0,3,남성,19
202507,아시아,-16.9,캄보디아,1137.0,945.0,3,여성,19
202507,아시아,32.8,캄보디아,67.0,89.0,3,승무원,19
202507,아시아,-19.4,캄보디아,3735.0,3012.0,3,전체,19
202507,아시아,-7.6,스리랑카,1479.0,1367.0,3,남성,20
202507,아시아,-27.7,스리랑카,310.0,224.0,3,여성,20
202507,아시아,6.5,스리랑카,586.0,624.0,3,승무원,20
202507,아시아,-6.7,스리랑카,2375.0,2215.0,3,전체,20
202507,아시아,-10.2,방글라데시,1727.0,1551.0,3,남성,21
202507,아시아,-22.4,방글라데시,286.0,222.0,3,여성,21
202507,아시아,-19.9,방글라데시,161.0,129.0,3,승무원,21
202507,아시아,-12.5,방글라데시,2174.0,1902.0,3,전체,21
202507,아시아,-7.7,파키스탄,1097.0,1013.0,3,남성,22
202507,아시아,-31.0,파키스탄,284.0,196.0,3,여성,22
202507,아시아,-48.4,파키스탄,91.0,47.0,3,승무원,22
202507,아시아,-14.7,파키스탄,1472.0,1256.0,3,전체,22
202507,아시아,46.5,이스라엘,620.0,908.0,3,남성,23
202507,아시아,55.1,이스라엘,503.0,780.0,3,여성,23
202507,아시아,-33.3,이스라엘,6.0,4.0,3,승무원,23
202507,아시아,49.9,이스라엘,1129.0,1692.0,3,전체,23
202507,아시아,-39.3,이란,191.0,116.0,3,남성,24
202507,아시아,-16.0,이란,125.0,105.0,3,여성,24
202507,아시아,525.0,이란,4.0,25.0,3,승무원,24
202507,아시아,-23.1,이란,320.0,246.0,3,전체,24
202507,아시아,8.9,기타,4780.0,5207.0,3,남성,25
202507,아시아,10.4,기타,1815.0,2004.0,3,여성,25
202507,아시아,58.7,기타,923.0,1465.0,3,승무원,25
202507,아시아,15.4,기타,7518.0,8676.0,3,전체,25
202507,아메리카,11.8,연도대륙,70007.0,78248.0,2,남성,0
202507,아메리카,11.6,연도대륙,73141.0,81658.0,2,여성,0
202507,아메리카,3.4,연도대륙,12752.0,13187.0,2,승무원,0
202507,아메리카,11.0,연도대륙,155900.0,173093.0,2,전체,0
202507,아메리카,10.3,미국,54970.0,60629.0,3,남성,1
202507,아메리카,9.8,미국,56194.0,61719.0,3,여성,1
202507,아메리카,-2.3,미국,9710.0,9484.0,3,승무원,1
202507,아메리카,9.1,미국,120874.0,131832.0,3,전체,1
202507,아메리카,3.6,캐나다,10587.0,10963.0,3,남성,2
202507,아메리카,0.4,캐나다,11584.0,11628.0,3,여성,2
202507,아메리카,-0.2,캐나다,1728.0,1725.0,3,승무원,2
202507,아메리카,1.7,캐나다,23899.0,24316.0,3,전체,2
202507,아메리카,24.8,브라질,1108.0,1383.0,3,남성,3
202507,아메리카,32.8,브라질,1284.0,1705.0,3,여성,3
202507,아메리카,16.4,브라질,304.0,354.0,3,승무원,3
202507,아메리카,27.7,브라질,2696.0,3442.0,3,전체,3
202507,아메리카,115.5,멕시코,1575.0,3394.0,3,남성,4
202507,아메리카,107.0,멕시코,2106.0,4360.0,3,여성,4
202507,아메리카,207.3,멕시코,220.0,676.0,3,승무원,4
202507,아메리카,116.1,멕시코,3901.0,8430.0,3,전체,4
202507,아메리카,6.3,기타,1767.0,1879.0,3,남성,5
202507,아메리카,13.8,기타,1973.0,2246.0,3,여성,5
202507,아메리카,20.0,기타,790.0,948.0,3,승무원,5
202507,아메리카,12.0,기타,4530.0,5073.0,3,전체,5
202507,유럽,17.3,연도대륙,42781.0,50198.0,2,남성,0
202507,유럽,11.5,연도대륙,43049.0,47990.0,2,여성,0
202507,유럽,13.2,연도대륙,11980.0,13562.0,2,승무원,0
202507,유럽,14.3,연도대륙,97810.0,111750.0,2,전체,0
202507,유럽,2.0,러시아,6725.0,6861.0,3,남성,1
202507,유럽,-10.0,러시아,10664.0,9595.0,3,여성,1
202507,유럽,13.7,러시아,3510.0,3990.0,3,승무원,1
202507,유럽,-2.2,러시아,20899.0,20446.0,3,전체,1
202507,유럽,16.4,영국,5849.0,6810.0,3,남성,2
202507,유럽,16.3,영국,4900.0,5701.0,3,여성,2
202507,유럽,21.2,영국,420.0,509.0,3,승무원,2
202507,유럽,16.6,영국,11169.0,13020.0,3,전체,2
202507,유럽,6.5,독일,5566.0,5927.0,3,남성,3
202507,유럽,9.4,독일,4041.0,4421.0,3,여성,3
202507,유럽,-1.8,독일,1010.0,992.0,3,승무원,3
202507,유럽,6.8,독일,10617.0,11340.0,3,전체,3
202507,유럽,22.1,프랑스,6497.0,7934.0,3,남성,4
202507,유럽,19.5,프랑스,6693.0,7999.0,3,여성,4
202507,유럽,19.8,프랑스,804.0,963.0,3,승무원,4
202507,유럽,20.7,프랑스,13994.0,16896.0,3,전체,4
202507,유럽,20.0,이탈리아,2378.0,2853.0,3,남성,5
202507,유럽,32.3,이탈리아,1727.0,2284.0,3,여성,5
202507,유럽,9.4,이탈리아,521.0,570.0,3,승무원,5
202507,유럽,23.4,이탈리아,4626.0,5707.0,3,전체,5
202507,유럽,20.3,네덜란드,2483.0,2988.0,3,남성,6
202507,유럽,10.5,네덜란드,2242.0,2477.0,3,여성,6
202507,유럽,66.7,네덜란드,875.0,1459.0,3,승무원,6
202507,유럽,23.6,네덜란드,5600.0,6924.0,3,전체,6
202507,유럽,52.9,우크라이나,333.0,509.0,3,남성,7
202507,유럽,11.3,우크라이나,274.0,305.0,3,여성,7
202507,유럽,19.5,우크라이나,1098.0,1312.0,3,승무원,7
202507,유럽,24.7,우크라이나,1705.0,2126.0,3,전체,7
202507,유럽,45.3,스페인,2080.0,3022.0,3,남성,8
202507,유럽,35.8,스페인,2010.0,2729.0,3,여성,8
202507,유럽,7.6,스페인,132.0,142.0,3,승무원,8
202507,유럽,39.6,스페인,4222.0,5893.0,3,전체,8
202507,유럽,18.9,루마니아,392.0,466.0,3,남성,9
202507,유럽,23.1,루마니아,381.0,469.0,3,여성,9
202507,유럽,22.8,루마니아,372.0,457.0,3,승무원,9
202507,유럽,21.6,루마니아,1145.0,1392.0,3,전체,9
202507,유럽,13.5,노르웨이,798.0,906.0,3,남성,10
202507,유럽,7.6,노르웨이,792.0,852.0,3,여성,10
202507,유럽,-38.9,노르웨이,18.0,11.0,3,승무원,10
202507,유럽,10.0,노르웨이,1608.0,1769.0,3,전체,10
202507,유럽,5.5,스웨덴,966.0,1019.0,3,남성,11
202507,유럽,-4.7,스웨덴,804.0,766.0,3,여성,11
202507,유럽,66.2,스웨덴,74.0,123.0,3,승무원,11
202507,유럽,3.5,스웨덴,1844.0,1908.0,3,전체,11
202507,유럽,44.9,폴란드,1277.0,1851.0,3,남성,12
202507,유럽,53.1,폴란드,1347.0,2062.0,3,여성,12
202507,유럽,-20.1,폴란드,881.0,704.0,3,승무원,12
202507,유럽,31.7,폴란드,3505.0,4617.0,3,전체,12
202507,유럽,16.2,스위스,1246.0,1448.0,3,남성,13
202507,유럽,12.4,스위스,1306.0,1468.0,3,여성,13
202507,유럽,-18.2,스위스,165.0,135.0,3,승무원,13
202507,유럽,12.3,스위스,2717.0,3051.0,3,전체,13
202507,유럽,56.3,포르투갈,389.0,608.0,3,남성,14
202507,유럽,43.2,포르투갈,472.0,676.0,3,여성,14
202507,유럽,-8.5,포르투갈,130.0,119.0,3,승무원,14
202507,유럽,41.6,포르투갈,991.0,1403.0,3,전체,14
202507,유럽,10.3,오스트리아,747.0,824.0,3,남성,15
202507,유럽,6.3,오스트리아,667.0,709.0,3,여성,15
202507,유럽,-15.0,오스트리아,100.0,85.0,3,승무원,15
202507,유럽,6.9,오스트리아,1514.0,1618.0,3,전체,15
202507,유럽,5.4,핀란드,386.0,407.0,3,남성,16
202507,유럽,16.3,핀란드,338.0,393.0,3,여성,16
202507,유럽,-0.7,핀란드,268.0,266.0,3,승무원,16
202507,유럽,7.5,핀란드,992.0,1066.0,3,전체,16
202507,유럽,15.1,벨기에,918.0,1057.0,3,남성,17
202507,유럽,13.5,벨기에,930.0,1056.0,3,여성,17
202507,유럽,2.4,벨기에,125.0,128.0,3,승무원,17
202507,유럽,13.6,벨기에,1973.0,2241.0,3,전체,17
202507,유럽,78.4,크로아티아,153.0,273.0,3,남성,18
202507,유럽,119.2,크로아티아,73.0,160.0,3,여성,18
202507,유럽,4.8,크로아티아,229.0,240.0,3,승무원,18
202507,유럽,47.9,크로아티아,455.0,673.0,3,전체,18
202507,유럽,14.1,그리스,390.0,445.0,3,남성,19
202507,유럽,15.4,그리스,195.0,225.0,3,여성,19
202507,유럽,-8.8,그리스,284.0,259.0,3,승무원,19
202507,유럽,6.9,그리스,869.0,929.0,3,전체,19
202507,유럽,25.7,불가리아,148.0,186.0,3,남성,20
202507,유럽,-0.7,불가리아,136.0,135.0,3,여성,20
202507,유럽,49.6,불가리아,131.0,196.0,3,승무원,20
202507,유럽,24.6,불가리아,415.0,517.0,3,전체,20
202507,유럽,26.0,덴마크,810.0,1021.0,3,남성,21
202507,유럽,7.9,덴마크,794.0,857.0,3,여성,21
202507,유럽,-27.3,덴마크,66.0,48.0,3,승무원,21
202507,유럽,15.3,덴마크,1670.0,1926.0,3,전체,21
202507,유럽,28.3,아일랜드,498.0,639.0,3,남성,22
202507,유럽,6.5,아일랜드,431.0,459.0,3,여성,22
202507,유럽,19.4,아일랜드,36.0,43.0,3,승무원,22
202507,유럽,18.2,아일랜드,965.0,1141.0,3,전체,22
202507,유럽,22.4,기타,1752.0,2144.0,3,남성,23
202507,유럽,19.7,기타,1832.0,2192.0,3,여성,23
202507,유럽,10.9,기타,731.0,811.0,3,승무원,23
202507,유럽,19.3,기타,4315.0,5147.0,3,전체,23
202507,오세아니아,6.7,연도대륙,9104.0,9715.0,2,남성,0
202507,오세아니아,5.7,연도대륙,9197.0,9719.0,2,여성,0
202507,오세아니아,-17.1,연도대륙,1000.0,829.0,2,승무원,0
202507,오세아니아,5.0,연도대륙,19301.0,20263.0,2,전체,0
202507,오세아니아,5.4,호주,7625.0,8036.0,3,남성,1
202507,오세아니아,5.2,호주,7784.0,8189.0,3,여성,1
202507,오세아니아,-19.4,호주,789.0,636.0,3,승무원,1
202507,오세아니아,4.1,호주,16198.0,16861.0,3,전체,1
202507,오세아니아,16.8,뉴질랜드,1300.0,1519.0,3,남성,2
202507,오세아니아,12.3,뉴질랜드,1221.0,1371.0,3,여성,2
202507,오세아니아,-15.6,뉴질랜드,160.0,135.0,3,승무원,2
202507,오세아니아,12.8,뉴질랜드,2681.0,3025.0,3,전체,2
202507,오세아니아,-10.6,기타,179.0,160.0,3,남성,3
202507,오세아니아,-17.2,기타,192.0,159.0,3,여성,3
202507,오세아니아,13.7,기타,51.0,58.0,3,승무원,3
202507,오세아니아,-10.7,기타,422.0,377.0,3,전체,3
202507,아프리카,24.0,연도대륙,2074.0,2571.0,2,남성,0
202507,아프리카,19.2,연도대륙,1603.0,1911.0,2,여성,0
202507,아프리카,45.6,연도대륙,1974.0,2874.0,2,승무원,0
202507,아프리카,30.2,연도대륙,5651.0,7356.0,2,전체,0
202507,아프리카,16.0,남아프리카공화국,394.0,457.0,3,남성,1
202507,아프리카,21.9,남아프리카공화국,506.0,617.0,3,여성,1
202507,아프리카,62.9,남아프리카공화국,404.0,658.0,3,승무원,1
202507,아프리카,32.8,남아프리카공화국,1304.0,1732.0,3,전체,1
202507,아프리카,25.8,기타,1680.0,2114.0,3,남성,2
202507,아프리카,18.0,기타,1097.0,1294.0,3,여성,2
202507,아프리카,41.1,기타,1570.0,2216.0,3,승무원,2
202507,아프리카,29.4,기타,4347.0,5624.0,3,전체,2
202507,기타,28.6,연도대륙,7.0,9.0,2,남성,0
202507,기타,-50.0,연도대륙,2.0,1.0,2,여성,0
202507,기타,125.0,연도대륙,4.0,9.0,2,승무원,0
202507,기타,46.2,연도대륙,13.0,19.0,2,전체,0
202507,기타,28.6,기타,7.0,9.0,3,남성,1
202507,기타,-50.0,기타,2.0,1.0,3,여성,1
202507,기타,125.0,기타,4.0,9.0,3,승무원,1
202507,기타,46.2,기타,13.0,19.0,3,전체,1
202507,교포,-27.1,연도대륙,1072.0,781.0,2,남성,0
202507,교포,-22.4,연도대륙,1479.0,1148.0,2,여성,0
202507,교포,0.0,연도대륙,0.0,0.0,2,승무원,0
202507,교포,-24.4,연도대륙,2551.0,1929.0,2,전체,0
202507,교포,-27.1,교포,1072.0,781.0,3,남성,1
202507,교포,-22.4,교포,1479.0,1148.0,3,여성,1
202507,교포,0.0,교포,0.0,0.0,3,승무원,1
202507,교포,-24.4,교포,2551.0,1929.0,3,전체,1
202508,대륙전체,14.1,연도,582254.0,664298.0,1,남성,0
202508,대륙전체,19.0,연도,878168.0,1045064.0,1,여성,0
202508,대륙전체,7.9,연도,102799.0,110970.0,1,승무원,0
202508,대륙전체,16.4,연도,1563221.0,1820332.0,1,전체,0
202508,아시아,14.5,연도대륙,456331.0,522609.0,2,남성,0
202508,아시아,20.2,연도대륙,749786.0,901433.0,2,여성,0
202508,아시아,8.9,연도대륙,74127.0,80723.0,2,승무원,0
202508,아시아,17.5,연도대륙,1280244.0,1504765.0,2,전체,0
202508,아시아,10.2,중국,180054.0,198497.0,3,남성,1
202508,아시아,25.8,중국,309757.0,389584.0,3,여성,1
202508,아시아,5.0,중국,15748.0,16537.0,3,승무원,1
202508,아시아,19.6,중국,505559.0,604618.0,3,전체,1
202508,아시아,21.1,일본,108146.0,130996.0,3,남성,2
202508,아시아,14.6,일본,213902.0,245050.0,3,여성,2
202508,아시아,98.0,일본,1417.0,2806.0,3,승무원,2
202508,아시아,17.1,일본,323465.0,378852.0,3,전체,2
202508,아시아,27.6,대만,52586.0,67121.0,3,남성,3
202508,아시아,29.6,대만,95673.0,124033.0,3,여성,3
202508,아시아,-13.7,대만,476.0,411.0,3,승무원,3
202508,아시아,28.8,대만,148735.0,191565.0,3,전체,3
202508,아시아,2.6,홍콩,20610.0,21137.0,3,남성,4
202508,아시아,6.1,홍콩,41074.0,43577.0,3,여성,4
202508,아시아,-18.9,홍콩,180.0,146.0,3,승무원,4
202508,아시아,4.8,홍콩,61864.0,64860.0,3,전체,4
202508,아시아,-5.6,마카오,2231.0,2105.0,3,남성,5
202508,아시아,-5.1,마카오,4230.0,4014.0,3,여성,5
202508,아시아,19.7,마카오,71.0,85.0,3,승무원,5
202508,아시아,-5.0,마카오,6532.0,6204.0,3,전체,5
202508,아시아,22.5,필리핀,9460.0,11587.0,3,남성,6
202508,아시아,13.1,필리핀,8503.0,9617.0,3,여성,6
202508,아시아,13.8,필리핀,17262.0,19643.0,3,승무원,6
202508,아시아,16.0,필리핀,35225.0,40847.0,3,전체,6
202508,아시아,1.7,인도네시아,7712.0,7841.0,3,남성,7
202508,아시아,6.9,인도네시아,5389.0,5759.0,3,여성,7
202508,아시아,-0.0,인도네시아,11202.0,11200.0,3,승무원,7
202508,아시아,2.0,인도네시아,24303.0,24800.0,3,전체,7
202508,아시아,9.3,태국,5442.0,5948.0,3,남성,8
202508,아시아,9.4,태국,8762.0,9589.0,3,여성,8
202508,아시아,28.6,태국,2571.0,3307.0,3,승무원,8
202508,아시아,12.3,태국,16775.0,18844.0,3,전체,8
202508,아시아,11.6,베트남,20179.0,22511.0,3,남성,9
202508,아시아,5.5,베트남,21100.0,22250.0,3,여성,9
202508,아시아,20.3,베트남,5740.0,6903.0,3,승무원,9
202508,아시아,9.9,베트남,47019.0,51664.0,3,전체,9
202508,아시아,11.1,인도,5462.0,6071.0,3,남성,10
202508,아시아,0.0,인도,2252.0,2253.0,3,여성,10
202508,아시아,-6.1,인도,8020.0,7529.0,3,승무원,10
202508,아시아,0.8,인도,15734.0,15853.0,3,전체,10
202508,아시아,17.8,말레이시아,4331.0,5104.0,3,남성,11
202508,아시아,27.3,말레이시아,6378.0,8118.0,3,여성,11
202508,아시아,4.1,말레이시아,2204.0,2294.0,3,승무원,11
202508,아시아,20.2,말레이시아,12913.0,15516.0,3,전체,11
202508,아시아,-8.3,싱가포르,6506.0,5965.0,3,남성,12
202508,아시아,-6.9,싱가포르,9383.0,8738.0,3,여성,12
202508,아시아,-15.3,싱가포르,1406.0,1191.0,3,승무원,12
202508,아시아,-8.1,싱가포르,17295.0,15894.0,3,전체,12
202508,아시아,19.4,몽골,5413.0,6462.0,3,남성,13
202508,아시아,22.1,몽골,7529.0,9191.0,3,여성,13
202508,아시아,31.8,몽골,22.0,29.0,3,승무원,13
202508,아시아,21.0,몽골,12964.0,15682.0,3,전체,13
202508,아시아,27.4,우즈베키스탄,4339.0,5530.0,3,남성,14
202508,아시아,26.8,우즈베키스탄,2042.0,2590.0,3,여성,14
202508,아시아,41.5,우즈베키스탄,357.0,505.0,3,승무원,14
202508,아시아,28.0,우즈베키스탄,6738.0,8625.0,3,전체,14
202508,아시아,-16.4,미얀마,3086.0,2579.0,3,남성,15
202508,아시아,32.1,미얀마,858.0,1133.0,3,여성,15
202508,아시아,6.5,미얀마,4105.0,4372.0,3,승무원,15
202508,아시아,0.4,미얀마,8049.0,8084.0,3,전체,15
202508,아시아,5.7,GCC,1708.0,1806.0,3,남성,16
202508,아시아,7.8,GCC,1652.0,1781.0,3,여성,16
202508,아시아,-12.9,GCC,70.0,61.0,3,승무원,16
202508,아시아,6.4,GCC,3430.0,3648.0,3,전체,16
202508,아시아,14.4,카자흐스탄,2226.0,2546.0,3,남성,17
202508,아시아,19.6,카자흐스탄,3502.0,4187.0,3,여성,17
202508,아시아,24.7,카자흐스탄,392.0,489.0,3,승무원,17
202508,아시아,18.0,카자흐스탄,6120.0,7222.0,3,전체,17
202508,아시아,46.8,튀르키예,1647.0,2417.0,3,남성,18
202508,아시아,58.4,튀르키예,1807.0,2863.0,3,여성,18
202508,아시아,-1.4,튀르키예,1035.0,1020.0,3,승무원,18
202508,아시아,40.3,튀르키예,4489.0,6300.0,3,전체,18
202508,아시아,-4.1,캄보디아,2134.0,2047.0,3,남성,19
202508,아시아,1.6,캄보디아,974.0,990.0,3,여성,19
202508,아시아,8.6,캄보디아,81.0,88.0,3,승무원,19
202508,아시아,-2.0,캄보디아,3189.0,3125.0,3,전체,19
202508,아시아,-0.9,스리랑카,1998.0,1981.0,3,남성,20
202508,아시아,-8.5,스리랑카,398.0,364.0,3,여성,20
202508,아시아,31.5,스리랑카,546.0,718.0,3,승무원,20
202508,아시아,4.1,스리랑카,2942.0,3063.0,3,전체,20
202508,아시아,2.6,방글라데시,2556.0,2622.0,3,남성,21
202508,아시아,49.3,방글라데시,300.0,448.0,3,여성,21
202508,아시아,-30.3,방글라데시,152.0,106.0,3,승무원,21
202508,아시아,5.6,방글라데시,3008.0,3176.0,3,전체,21
202508,아시아,-11.0,파키스탄,1391.0,1238.0,3,남성,22
202508,아시아,13.8,파키스탄,305.0,347.0,3,여성,22
202508,아시아,-19.0,파키스탄,63.0,51.0,3,승무원,22
202508,아시아,-7.0,파키스탄,1759.0,1636.0,3,전체,22
202508,아시아,37.1,이스라엘,709.0,972.0,3,남성,23
202508,아시아,66.2,이스라엘,521.0,866.0,3,여성,23
202508,아시아,-75.0,이스라엘,12.0,3.0,3,승무원,23
202508,아시아,48.2,이스라엘,1242.0,1841.0,3,전체,23
202508,아시아,-50.7,이란,351.0,173.0,3,남성,24
202508,아시아,-46.8,이란,348.0,185.0,3,여성,24
202508,아시아,100.0,이란,5.0,10.0,3,승무원,24
202508,아시아,-47.7,이란,704.0,368.0,3,전체,24
202508,아시아,21.5,기타,6054.0,7353.0,3,남성,25
202508,아시아,24.1,기타,3147.0,3906.0,3,여성,25
202508,아시아,23.1,기타,990.0,1219.0,3,승무원,25
202508,아시아,22.4,기타,10191.0,12478.0,3,전체,25
202508,아메리카,9.4,연도대륙,62770.0,68655.0,2,남성,0
202508,아메리카,7.8,연도대륙,64135.0,69159.0,2,여성,0
202508,아메리카,7.1,연도대륙,13186.0,14122.0,2,승무원,0
202508,아메리카,8.5,연도대륙,140091.0,151936.0,2,전체,0
202508,아메리카,10.8,미국,46200.0,51186.0,3,남성,1
202508,아메리카,8.4,미국,46215.0,50094.0,3,여성,1
202508,아메리카,8.6,미국,9642.0,10474.0,3,승무원,1
202508,아메리카,9.5,미국,102057.0,111754.0,3,전체,1
202508,아메리카,6.1,캐나다,10307.0,10940.0,3,남성,2
202508,아메리카,6.5,캐나다,10852.0,11554.0,3,여성,2
202508,아메리카,4.8,캐나다,1583.0,1659.0,3,승무원,2
202508,아메리카,6.2,캐나다,22742.0,24153.0,3,전체,2
202508,아메리카,34.4,브라질,1080.0,1451.0,3,남성,3
202508,아메리카,24.2,브라질,1029.0,1278.0,3,여성,3
202508,아메리카,13.7,브라질,329.0,374.0,3,승무원,3
202508,아메리카,27.3,브라질,2438.0,3103.0,3,전체,3
202508,아메리카,-10.0,멕시코,3412.0,3072.0,3,남성,4
202508,아메리카,-5.4,멕시코,4019.0,3801.0,3,여성,4
202508,아메리카,-4.6,멕시코,745.0,711.0,3,승무원,4
202508,아메리카,-7.2,멕시코,8176.0,7584.0,3,전체,4
202508,아메리카,13.3,기타,1771.0,2006.0,3,남성,5
202508,아메리카,20.4,기타,2020.0,2432.0,3,여성,5
202508,아메리카,1.9,기타,887.0,904.0,3,승무원,5
202508,아메리카,14.2,기타,4678.0,5342.0,3,전체,5
202508,유럽,20.1,연도대륙,50707.0,60922.0,2,남성,0
202508,유럽,20.1,연도대륙,51745.0,62145.0,2,여성,0
202508,유럽,3.7,연도대륙,12199.0,12646.0,2,승무원,0
202508,유럽,18.4,연도대륙,114651.0,135713.0,2,전체,0
202508,유럽,18.0,러시아,6105.0,7202.0,3,남성,1
202508,유럽,14.4,러시아,9177.0,10498.0,3,여성,1
202508,유럽,10.7,러시아,3410.0,3774.0,3,승무원,1
202508,유럽,14.9,러시아,18692.0,21474.0,3,전체,1
202508,유럽,16.1,영국,7023.0,8155.0,3,남성,2
202508,유럽,14.5,영국,6015.0,6887.0,3,여성,2
202508,유럽,26.0,영국,420.0,529.0,3,승무원,2
202508,유럽,15.7,영국,13458.0,15571.0,3,전체,2
202508,유럽,14.0,독일,7139.0,8136.0,3,남성,3
202508,유럽,19.3,독일,6228.0,7432.0,3,여성,3
202508,유럽,-14.3,독일,1110.0,951.0,3,승무원,3
202508,유럽,14.1,독일,14477.0,16519.0,3,전체,3
202508,유럽,17.2,프랑스,8606.0,10085.0,3,남성,4
202508,유럽,15.5,프랑스,9040.0,10438.0,3,여성,4
202508,유럽,34.2,프랑스,804.0,1079.0,3,승무원,4
202508,유럽,17.1,프랑스,18450.0,21602.0,3,전체,4
202508,유럽,41.3,이탈리아,4411.0,6231.0,3,남성,5
202508,유럽,44.3,이탈리아,4345.0,6270.0,3,여성,5
202508,유럽,-14.5,이탈리아,550.0,470.0,3,승무원,5
202508,유럽,39.4,이탈리아,9306.0,12971.0,3,전체,5
202508,유럽,14.5,네덜란드,2600.0,2976.0,3,남성,6
202508,유럽,10.4,네덜란드,2217.0,2447.0,3,여성,6
202508,유럽,37.6,네덜란드,1067.0,1468.0,3,승무원,6
202508,유럽,17.1,네덜란드,5884.0,6891.0,3,전체,6
202508,유럽,26.6,우크라이나,387.0,490.0,3,남성,7
202508,유럽,8.5,우크라이나,388.0,421.0,3,여성,7
202508,유럽,-10.7,우크라이나,1085.0,969.0,3,승무원,7
202508,유럽,1.1,우크라이나,1860.0,1880.0,3,전체,7
202508,유럽,35.2,스페인,3399.0,4595.0,3,남성,8
202508,유럽,33.1,스페인,3560.0,4739.0,3,여성,8
202508,유럽,-2.6,스페인,151.0,147.0,3,승무원,8
202508,유럽,33.3,스페인,7110.0,9481.0,3,전체,8
202508,유럽,43.4,루마니아,452.0,648.0,3,남성,9
202508,유럽,41.6,루마니아,517.0,732.0,3,여성,9
202508,유럽,-10.2,루마니아,391.0,351.0,3,승무원,9
202508,유럽,27.3,루마니아,1360.0,1731.0,3,전체,9
202508,유럽,15.1,노르웨이,443.0,510.0,3,남성,10
202508,유럽,8.2,노르웨이,379.0,410.0,3,여성,10
202508,유럽,550.0,노르웨이,4.0,26.0,3,승무원,10
202508,유럽,14.5,노르웨이,826.0,946.0,3,전체,10
202508,유럽,12.2,스웨덴,773.0,867.0,3,남성,11
202508,유럽,16.8,스웨덴,613.0,716.0,3,여성,11
202508,유럽,84.5,스웨덴,58.0,107.0,3,승무원,11
202508,유럽,17.0,스웨덴,1444.0,1690.0,3,전체,11
202508,유럽,28.1,폴란드,1572.0,2013.0,3,남성,12
202508,유럽,27.1,폴란드,1941.0,2467.0,3,여성,12
202508,유럽,-22.6,폴란드,847.0,656.0,3,승무원,12
202508,유럽,17.8,폴란드,4360.0,5136.0,3,전체,12
202508,유럽,-3.1,스위스,1176.0,1140.0,3,남성,13
202508,유럽,5.1,스위스,1029.0,1081.0,3,여성,13
202508,유럽,5.5,스위스,145.0,153.0,3,승무원,13
202508,유럽,1.0,스위스,2350.0,2374.0,3,전체,13
202508,유럽,36.3,포르투갈,644.0,878.0,3,남성,14
202508,유럽,25.4,포르투갈,733.0,919.0,3,여성,14
202508,유럽,-40.8,포르투갈,147.0,87.0,3,승무원,14
202508,유럽,23.6,포르투갈,1524.0,1884.0,3,전체,14
202508,유럽,13.1,오스트리아,762.0,862.0,3,남성,15
202508,유럽,16.0,오스트리아,729.0,846.0,3,여성,15
202508,유럽,-3.4,오스트리아,88.0,85.0,3,승무원,15
202508,유럽,13.6,오스트리아,1579.0,1793.0,3,전체,15
202508,유럽,4.5,핀란드,381.0,398.0,3,남성,16
202508,유럽,18.4,핀란드,315.0,373.0,3,여성,16
202508,유럽,4.1,핀란드,268.0,279.0,3,승무원,16
202508,유럽,8.9,핀란드,964.0,1050.0,3,전체,16
202508,유럽,1.7,벨기에,827.0,841.0,3,남성,17
202508,유럽,6.6,벨기에,800.0,853.0,3,여성,17
202508,유럽,-11.0,벨기에,127.0,113.0,3,승무원,17
202508,유럽,3.0,벨기에,1754.0,1807.0,3,전체,17
202508,유럽,65.0,크로아티아,183.0,302.0,3,남성,18
202508,유럽,95.3,크로아티아,107.0,209.0,3,여성,18
202508,유럽,-1.0,크로아티아,204.0,202.0,3,승무원,18
202508,유럽,44.3,크로아티아,494.0,713.0,3,전체,18
202508,유럽,41.0,그리스,444.0,626.0,3,남성,19
202508,유럽,35.7,그리스,300.0,407.0,3,여성,19
202508,유럽,15.7,그리스,312.0,361.0,3,승무원,19
202508,유럽,32.0,그리스,1056.0,1394.0,3,전체,19
202508,유럽,10.4,불가리아,193.0,213.0,3,남성,20
202508,유럽,28.6,불가리아,182.0,234.0,3,여성,20
202508,유럽,-26.7,불가리아,165.0,121.0,3,승무원,20
202508,유럽,5.2,불가리아,540.0,568.0,3,전체,20
202508,유럽,8.5,덴마크,718.0,779.0,3,남성,21
202508,유럽,12.8,덴마크,562.0,634.0,3,여성,21
202508,유럽,-27.7,덴마크,65.0,47.0,3,승무원,21
202508,유럽,8.6,덴마크,1345.0,1460.0,3,전체,21
202508,유럽,16.2,아일랜드,542.0,630.0,3,남성,22
202508,유럽,18.4,아일랜드,435.0,515.0,3,여성,22
202508,유럽,12.9,아일랜드,31.0,35.0,3,승무원,22
202508,유럽,17.1,아일랜드,1008.0,1180.0,3,전체,22
202508,유럽,21.7,기타,1927.0,2345.0,3,남성,23
202508,유럽,22.7,기타,2133.0,2617.0,3,여성,23
202508,유럽,-15.2,기타,750.0,636.0,3,승무원,23
202508,유럽,16.4,기타,4810.0,5598.0,3,전체,23
202508,오세아니아,-1.6,연도대륙,8509.0,8369.0,2,남성,0
202508,오세아니아,0.7,연도대륙,8342.0,8400.0,2,여성,0
202508,오세아니아,-14.6,연도대륙,947.0,809.0,2,승무원,0
202508,오세아니아,-1.2,연도대륙,17798.0,17578.0,2,전체,0
202508,오세아니아,-1.8,호주,7011.0,6887.0,3,남성,1
202508,오세아니아,0.6,호주,6976.0,7021.0,3,여성,1
202508,오세아니아,-14.5,호주,768.0,657.0,3,승무원,1
202508,오세아니아,-1.3,호주,14755.0,14565.0,3,전체,1
202508,오세아니아,-2.6,뉴질랜드,1388.0,1352.0,3,남성,2
202508,오세아니아,-1.6,뉴질랜드,1278.0,1257.0,3,여성,2
202508,오세아니아,-15.9,뉴질랜드,145.0,122.0,3,승무원,2
202508,오세아니아,-2.8,뉴질랜드,2811.0,2731.0,3,전체,2
202508,오세아니아,18.2,기타,110.0,130.0,3,남성,3
202508,오세아니아,38.6,기타,88.0,122.0,3,여성,3
202508,오세아니아,-11.8,기타,34.0,30.0,3,승무원,3
202508,오세아니아,21.6,기타,232.0,282.0,3,전체,3
202508,아프리카,6.9,연도대륙,2746.0,2935.0,2,남성,0
202508,아프리카,6.6,연도대륙,2692.0,2869.0,2,여성,0
202508,아프리카,13.9,연도대륙,2337.0,2661.0,2,승무원,0
202508,아프리카,8.9,연도대륙,7775.0,8465.0,2,전체,0
202508,아프리카,-12.8,남아프리카공화국,571.0,498.0,3,남성,1
202508,아프리카,1.1,남아프리카공화국,1217.0,1230.0,3,여성,1
202508,아프리카,33.0,남아프리카공화국,430.0,572.0,3,승무원,1
202508,아프리카,3.7,남아프리카공화국,2218.0,2300.0,3,전체,1
202508,아프리카,12.0,기타,2175.0,2437.0,3,남성,2
202508,아프리카,11.1,기타,1475.0,1639.0,3,여성,2
202508,아프리카,9.5,기타,1907.0,2089.0,3,승무원,2
202508,아프리카,10.9,기타,5557.0,6165.0,3,전체,2
202508,기타,83.3,연도대륙,6.0,11.0,2,남성,0
202508,기타,-75.0,연도대륙,4.0,1.0,2,여성,0
202508,기타,200.0,연도대륙,3.0,9.0,2,승무원,0
202508,기타,61.5,연도대륙,13.0,21.0,2,전체,0
202508,기타,83.3,기타,6.0,11.0,3,남성,1
202508,기타,-75.0,기타,4.0,1.0,3,여성,1
202508,기타,200.0,기타,3.0,9.0,3,승무원,1
202508,기타,61.5,기타,13.0,21.0,3,전체,1
202508,교포,-32.7,연도대륙,1185.0,797.0,2,남성,0
202508,교포,-27.8,연도대륙,1464.0,1057.0,2,여성,0
202508,교포,0.0,연도대륙,0.0,0.0,2,승무원,0
202508,교포,-30.0,연도대륙,2649.0,1854.0,2,전체,0
202508,교포,-32.7,교포,1185.0,797.0,3,남성,1
202508,교포,-27.8,교포,1464.0,1057.0,3,여성,1
202508,교포,0.0,교포,0.0,0.0,3,승무원,1
202508,교포,-30.0,교포,2649.0,1854.0,3,전체,1
202509,대륙전체,14.1,연도,532908.0,607975.0,1,남성,0
202509,대륙전체,18.6,연도,828183.0,981950.0,1,여성,0
202509,대륙전체,9.4,연도,103209.0,112888.0,1,승무원,0
202509,대륙전체,16.3,연도,1464300.0,1702813.0,1,전체,0
202509,아시아,13.4,연도대륙,399499.0,453151.0,2,남성,0
202509,아시아,19.2,연도대륙,694310.0,827881.0,2,여성,0
202509,아시아,10.7,연도대륙,74648.0,82656.0,2,승무원,0
202509,아시아,16.7,연도대륙,1168457.0,1363688.0,2,전체,0
202509,아시아,10.1,중국,148352.0,163350.0,3,남성,1
202509,아시아,25.4,중국,259005.0,324814.0,3,여성,1
202509,아시아,-2.8,중국,15452.0,15022.0,3,승무원,1
202509,아시아,19.0,중국,422809.0,503186.0,3,전체,1
202509,아시아,24.9,일본,94238.0,117713.0,3,남성,2
202509,아시아,16.5,일본,214842.0,250243.0,3,여성,2
202509,아시아,75.1,일본,1572.0,2753.0,3,승무원,2
202509,아시아,19.3,일본,310652.0,370709.0,3,전체,2
202509,아시아,22.9,대만,40352.0,49574.0,3,남성,3
202509,아시아,23.0,대만,85417.0,105036.0,3,여성,3
202509,아시아,5.8,대만,361.0,382.0,3,승무원,3
202509,아시아,22.9,대만,126130.0,154992.0,3,전체,3
202509,아시아,2.2,홍콩,11544.0,11798.0,3,남성,4
202509,아시아,2.1,홍콩,28321.0,28916.0,3,여성,4
202509,아시아,-1.8,홍콩,168.0,165.0,3,승무원,4
202509,아시아,2.1,홍콩,40033.0,40879.0,3,전체,4
202509,아시아,-5.4,마카오,759.0,718.0,3,남성,5
202509,아시아,0.1,마카오,1990.0,1992.0,3,여성,5
202509,아시아,9.0,마카오,67.0,73.0,3,승무원,5
202509,아시아,-1.2,마카오,2816.0,2783.0,3,전체,5
202509,아시아,-0.9,필리핀,12149.0,12042.0,3,남성,6
202509,아시아,17.0,필리핀,11063.0,12946.0,3,여성,6
202509,아시아,32.6,필리핀,17066.0,22637.0,3,승무원,6
202509,아시아,18.2,필리핀,40278.0,47625.0,3,전체,6
202509,아시아,-8.8,인도네시아,8204.0,7486.0,3,남성,7
202509,아시아,-1.7,인도네시아,7528.0,7397.0,3,여성,7
202509,아시아,2.7,인도네시아,11506.0,11820.0,3,승무원,7
202509,아시아,-2.0,인도네시아,27238.0,26703.0,3,전체,7
202509,아시아,8.8,태국,5874.0,6392.0,3,남성,8
202509,아시아,17.9,태국,10277.0,12121.0,3,여성,8
202509,아시아,11.2,태국,2717.0,3022.0,3,승무원,8
202509,아시아,14.1,태국,18868.0,21535.0,3,전체,8
202509,아시아,2.4,베트남,18258.0,18694.0,3,남성,9
202509,아시아,4.7,베트남,20510.0,21464.0,3,여성,9
202509,아시아,-1.2,베트남,5912.0,5843.0,3,승무원,9
202509,아시아,3.0,베트남,44680.0,46001.0,3,전체,9
202509,아시아,11.1,인도,6548.0,7276.0,3,남성,10
202509,아시아,32.1,인도,2217.0,2929.0,3,여성,10
202509,아시아,10.1,인도,8306.0,9148.0,3,승무원,10
202509,아시아,13.4,인도,17071.0,19353.0,3,전체,10
202509,아시아,6.5,말레이시아,10434.0,11113.0,3,남성,11
202509,아시아,7.1,말레이시아,16791.0,17978.0,3,여성,11
202509,아시아,6.9,말레이시아,2122.0,2268.0,3,승무원,11
202509,아시아,6.9,말레이시아,29347.0,31359.0,3,전체,11
202509,아시아,16.9,싱가포르,9889.0,11565.0,3,남성,12
202509,아시아,15.9,싱가포르,14697.0,17040.0,3,여성,12
202509,아시아,-14.7,싱가포르,1420.0,1211.0,3,승무원,12
202509,아시아,14.7,싱가포르,26006.0,29816.0,3,전체,12
202509,아시아,-6.2,몽골,6137.0,5755.0,3,남성,13
202509,아시아,-3.7,몽골,8251.0,7944.0,3,여성,13
202509,아시아,3.7,몽골,27.0,28.0,3,승무원,13
202509,아시아,-4.8,몽골,14415.0,13727.0,3,전체,13
202509,아시아,18.9,우즈베키스탄,5004.0,5949.0,3,남성,14
202509,아시아,5.2,우즈베키스탄,1910.0,2009.0,3,여성,14
202509,아시아,29.6,우즈베키스탄,379.0,491.0,3,승무원,14
202509,아시아,15.9,우즈베키스탄,7293.0,8449.0,3,전체,14
202509,아시아,-15.6,미얀마,2570.0,2168.0,3,남성,15
202509,아시아,26.0,미얀마,854.0,1076.0,3,여성,15
202509,아시아,-0.2,미얀마,4089.0,4079.0,3,승무원,15
202509,아시아,-2.5,미얀마,7513.0,7323.0,3,전체,15
202509,아시아,-0.5,GCC,1724.0,1716.0,3,남성,16
202509,아시아,1.7,GCC,1190.0,1210.0,3,여성,16
202509,아시아,2.6,GCC,76.0,78.0,3,승무원,16
202509,아시아,0.5,GCC,2990.0,3004.0,3,전체,16
202509,아시아,12.8,카자흐스탄,1780.0,2008.0,3,남성,17
202509,아시아,15.4,카자흐스탄,2702.0,3119.0,3,여성,17
202509,아시아,37.1,카자흐스탄,350.0,480.0,3,승무원,17
202509,아시아,16.0,카자흐스탄,4832.0,5607.0,3,전체,17
202509,아시아,49.8,튀르키예,1674.0,2508.0,3,남성,18
202509,아시아,69.5,튀르키예,1480.0,2508.0,3,여성,18
202509,아시아,1.3,튀르키예,993.0,1006.0,3,승무원,18
202509,아시아,45.2,튀르키예,4147.0,6022.0,3,전체,18
202509,아시아,6.7,캄보디아,1953.0,2083.0,3,남성,19
202509,아시아,2.5,캄보디아,1142.0,1170.0,3,여성,19
202509,아시아,-34.2,캄보디아,76.0,50.0,3,승무원,19
202509,아시아,4.2,캄보디아,3171.0,3303.0,3,전체,19
202509,아시아,-2.9,스리랑카,1693.0,1644.0,3,남성,20
202509,아시아,-0.9,스리랑카,432.0,428.0,3,여성,20
202509,아시아,-7.9,스리랑카,661.0,609.0,3,승무원,20
202509,아시아,-3.8,스리랑카,2786.0,2681.0,3,전체,20
202509,아시아,-16.7,방글라데시,2161.0,1801.0,3,남성,21
202509,아시아,18.6,방글라데시,296.0,351.0,3,여성,21
202509,아시아,-33.3,방글라데시,135.0,90.0,3,승무원,21
202509,아시아,-13.5,방글라데시,2592.0,2242.0,3,전체,21
202509,아시아,-19.7,파키스탄,1287.0,1034.0,3,남성,22
202509,아시아,0.0,파키스탄,227.0,227.0,3,여성,22
202509,아시아,37.1,파키스탄,89.0,122.0,3,승무원,22
202509,아시아,-13.7,파키스탄,1603.0,1383.0,3,전체,22
202509,아시아,120.4,이스라엘,894.0,1970.0,3,남성,23
202509,아시아,163.0,이스라엘,727.0,1912.0,3,여성,23
202509,아시아,-72.7,이스라엘,11.0,3.0,3,승무원,23
202509,아시아,138.1,이스라엘,1632.0,3885.0,3,전체,23
202509,아시아,19.3,이란,238.0,284.0,3,남성,24
202509,아시아,16.9,이란,189.0,221.0,3,여성,24
202509,아시아,175.0,이란,8.0,22.0,3,승무원,24
202509,아시아,21.1,이란,435.0,527.0,3,전체,24
202509,아시아,12.6,기타,5783.0,6510.0,3,남성,25
202509,아시아,25.7,기타,2252.0,2830.0,3,여성,25
202509,아시아,15.6,기타,1085.0,1254.0,3,승무원,25
202509,아시아,16.2,기타,9120.0,10594.0,3,전체,25
202509,아메리카,14.2,연도대륙,66769.0,76258.0,2,남성,0
202509,아메리카,13.0,연도대륙,69569.0,78626.0,2,여성,0
202509,아메리카,9.1,연도대륙,13004.0,14187.0,2,승무원,0
202509,아메리카,13.2,연도대륙,149342.0,169071.0,2,전체,0
202509,아메리카,12.1,미국,49613.0,55597.0,3,남성,1
202509,아메리카,10.6,미국,50569.0,55948.0,3,여성,1
202509,아메리카,6.6,미국,9513.0,10137.0,3,승무원,1
202509,아메리카,10.9,미국,109695.0,121682.0,3,전체,1
202509,아메리카,24.3,캐나다,10127.0,12584.0,3,남성,2
202509,아메리카,18.2,캐나다,11151.0,13185.0,3,여성,2
202509,아메리카,10.8,캐나다,1593.0,1765.0,3,승무원,2
202509,아메리카,20.4,캐나다,22871.0,27534.0,3,전체,2
202509,아메리카,32.7,브라질,1191.0,1580.0,3,남성,3
202509,아메리카,44.4,브라질,1208.0,1744.0,3,여성,3
202509,아메리카,18.6,브라질,360.0,427.0,3,승무원,3
202509,아메리카,36.0,브라질,2759.0,3751.0,3,전체,3
202509,아메리카,4.7,멕시코,3466.0,3628.0,3,남성,4
202509,아메리카,9.7,멕시코,4113.0,4513.0,3,여성,4
202509,아메리카,-3.4,멕시코,754.0,728.0,3,승무원,4
202509,아메리카,6.4,멕시코,8333.0,8869.0,3,전체,4
202509,아메리카,21.0,기타,2372.0,2869.0,3,남성,5
202509,아메리카,28.0,기타,2528.0,3236.0,3,여성,5
202509,아메리카,44.1,기타,784.0,1130.0,3,승무원,5
202509,아메리카,27.3,기타,5684.0,7235.0,3,전체,5
202509,유럽,21.6,연도대륙,49703.0,60438.0,2,남성,0
202509,유럽,19.1,연도대륙,47783.0,56909.0,2,여성,0
202509,유럽,0.5,연도대륙,12191.0,12249.0,2,승무원,0
202509,유럽,18.2,연도대륙,109677.0,129596.0,2,전체,0
202509,유럽,7.6,러시아,6666.0,7172.0,3,남성,1
202509,유럽,15.7,러시아,8200.0,9484.0,3,여성,1
202509,유럽,-16.5,러시아,3376.0,2820.0,3,승무원,1
202509,유럽,6.8,러시아,18242.0,19476.0,3,전체,1
202509,유럽,21.4,영국,7144.0,8671.0,3,남성,2
202509,유럽,20.3,영국,5814.0,6996.0,3,여성,2
202509,유럽,34.6,영국,425.0,572.0,3,승무원,2
202509,유럽,21.3,영국,13383.0,16239.0,3,전체,2
202509,유럽,21.4,독일,8164.0,9909.0,3,남성,3
202509,유럽,12.0,독일,7578.0,8490.0,3,여성,3
202509,유럽,-13.3,독일,1053.0,913.0,3,승무원,3
202509,유럽,15.0,독일,16795.0,19312.0,3,전체,3
202509,유럽,16.3,프랑스,6651.0,7736.0,3,남성,4
202509,유럽,11.0,프랑스,6673.0,7404.0,3,여성,4
202509,유럽,17.7,프랑스,813.0,957.0,3,승무원,4
202509,유럽,13.9,프랑스,14137.0,16097.0,3,전체,4
202509,유럽,41.6,이탈리아,2695.0,3816.0,3,남성,5
202509,유럽,25.9,이탈리아,2389.0,3008.0,3,여성,5
202509,유럽,9.5,이탈리아,619.0,678.0,3,승무원,5
202509,유럽,31.5,이탈리아,5703.0,7502.0,3,전체,5
202509,유럽,18.6,네덜란드,2236.0,2653.0,3,남성,6
202509,유럽,11.1,네덜란드,1860.0,2067.0,3,여성,6
202509,유럽,33.7,네덜란드,1095.0,1464.0,3,승무원,6
202509,유럽,19.1,네덜란드,5191.0,6184.0,3,전체,6
202509,유럽,-6.8,우크라이나,604.0,563.0,3,남성,7
202509,유럽,16.2,우크라이나,358.0,416.0,3,여성,7
202509,유럽,-1.1,우크라이나,1123.0,1111.0,3,승무원,7
202509,유럽,0.2,우크라이나,2085.0,2090.0,3,전체,7
202509,유럽,27.6,스페인,2333.0,2978.0,3,남성,8
202509,유럽,18.1,스페인,2434.0,2875.0,3,여성,8
202509,유럽,4.8,스페인,145.0,152.0,3,승무원,8
202509,유럽,22.3,스페인,4912.0,6005.0,3,전체,8
202509,유럽,8.6,루마니아,616.0,669.0,3,남성,9
202509,유럽,31.0,루마니아,600.0,786.0,3,여성,9
202509,유럽,20.6,루마니아,340.0,410.0,3,승무원,9
202509,유럽,19.9,루마니아,1556.0,1865.0,3,전체,9
202509,유럽,37.7,노르웨이,612.0,843.0,3,남성,10
202509,유럽,26.2,노르웨이,522.0,659.0,3,여성,10
202509,유럽,93.8,노르웨이,16.0,31.0,3,승무원,10
202509,유럽,33.3,노르웨이,1150.0,1533.0,3,전체,10
202509,유럽,25.4,스웨덴,1023.0,1283.0,3,남성,11
202509,유럽,27.5,스웨덴,851.0,1085.0,3,여성,11
202509,유럽,96.3,스웨덴,81.0,159.0,3,승무원,11
202509,유럽,29.3,스웨덴,1955.0,2527.0,3,전체,11
202509,유럽,49.6,폴란드,1793.0,2682.0,3,남성,12
202509,유럽,41.8,폴란드,2425.0,3438.0,3,여성,12
202509,유럽,-31.1,폴란드,912.0,628.0,3,승무원,12
202509,유럽,31.5,폴란드,5130.0,6748.0,3,전체,12
202509,유럽,17.3,스위스,1382.0,1621.0,3,남성,13
202509,유럽,23.1,스위스,1242.0,1529.0,3,여성,13
202509,유럽,0.7,스위스,143.0,144.0,3,승무원,13
202509,유럽,19.0,스위스,2767.0,3294.0,3,전체,13
202509,유럽,23.8,포르투갈,606.0,750.0,3,남성,14
202509,유럽,36.7,포르투갈,580.0,793.0,3,여성,14
202509,유럽,8.3,포르투갈,108.0,117.0,3,승무원,14
202509,유럽,28.3,포르투갈,1294.0,1660.0,3,전체,14
202509,유럽,34.9,오스트리아,763.0,1029.0,3,남성,15
202509,유럽,9.0,오스트리아,792.0,863.0,3,여성,15
202509,유럽,-6.6,오스트리아,91.0,85.0,3,승무원,15
202509,유럽,20.1,오스트리아,1646.0,1977.0,3,전체,15
202509,유럽,18.3,핀란드,514.0,608.0,3,남성,16
202509,유럽,35.3,핀란드,428.0,579.0,3,여성,16
202509,유럽,19.4,핀란드,252.0,301.0,3,승무원,16
202509,유럽,24.6,핀란드,1194.0,1488.0,3,전체,16
202509,유럽,22.9,벨기에,987.0,1213.0,3,남성,17
202509,유럽,7.5,벨기에,1133.0,1218.0,3,여성,17
202509,유럽,49.5,벨기에,93.0,139.0,3,승무원,17
202509,유럽,16.1,벨기에,2213.0,2570.0,3,전체,17
202509,유럽,30.5,크로아티아,262.0,342.0,3,남성,18
202509,유럽,96.7,크로아티아,120.0,236.0,3,여성,18
202509,유럽,-13.9,크로아티아,231.0,199.0,3,승무원,18
202509,유럽,26.8,크로아티아,613.0,777.0,3,전체,18
202509,유럽,10.6,그리스,498.0,551.0,3,남성,19
202509,유럽,28.8,그리스,222.0,286.0,3,여성,19
202509,유럽,59.7,그리스,211.0,337.0,3,승무원,19
202509,유럽,26.1,그리스,931.0,1174.0,3,전체,19
202509,유럽,23.0,불가리아,270.0,332.0,3,남성,20
202509,유럽,20.4,불가리아,269.0,324.0,3,여성,20
202509,유럽,3.5,불가리아,143.0,148.0,3,승무원,20
202509,유럽,17.9,불가리아,682.0,804.0,3,전체,20
202509,유럽,34.3,덴마크,795.0,1068.0,3,남성,21
202509,유럽,25.7,덴마크,641.0,806.0,3,여성,21
202509,유럽,81.5,덴마크,65.0,118.0,3,승무원,21
202509,유럽,32.7,덴마크,1501.0,1992.0,3,전체,21
202509,유럽,26.6,아일랜드,687.0,870.0,3,남성,22
202509,유럽,26.1,아일랜드,518.0,653.0,3,여성,22
202509,유럽,41.2,아일랜드,34.0,48.0,3,승무원,22
202509,유럽,26.8,아일랜드,1239.0,1571.0,3,전체,22
202509,유럽,28.2,기타,2402.0,3079.0,3,남성,23
202509,유럽,36.6,기타,2134.0,2914.0,3,여성,23
202509,유럽,-12.7,기타,822.0,718.0,3,승무원,23
202509,유럽,25.3,기타,5358.0,6711.0,3,전체,23
202509,오세아니아,16.0,연도대륙,12479.0,14478.0,2,남성,0
202509,오세아니아,21.1,연도대륙,12890.0,15610.0,2,여성,0
202509,오세아니아,-15.1,연도대륙,949.0,806.0,2,승무원,0
202509,오세아니아,17.4,연도대륙,26318.0,30894.0,2,전체,0
202509,오세아니아,15.0,호주,10514.0,12094.0,3,남성,1
202509,오세아니아,19.1,호주,11112.0,13232.0,3,여성,1
202509,오세아니아,-15.1,호주,740.0,628.0,3,승무원,1
202509,오세아니아,16.0,호주,22366.0,25954.0,3,전체,1
202509,오세아니아,24.1,뉴질랜드,1802.0,2237.0,3,남성,2
202509,오세아니아,34.1,뉴질랜드,1695.0,2273.0,3,여성,2
202509,오세아니아,-3.0,뉴질랜드,133.0,129.0,3,승무원,2
202509,오세아니아,27.8,뉴질랜드,3630.0,4639.0,3,전체,2
202509,오세아니아,-9.8,기타,163.0,147.0,3,남성,3
202509,오세아니아,26.5,기타,83.0,105.0,3,여성,3
202509,오세아니아,-35.5,기타,76.0,49.0,3,승무원,3
202509,오세아니아,-6.5,기타,322.0,301.0,3,전체,3
202509,아프리카,-13.1,연도대륙,3143.0,2732.0,2,남성,0
202509,아프리카,-10.2,연도대륙,1914.0,1718.0,2,여성,0
202509,아프리카,23.9,연도대륙,2410.0,2986.0,2,승무원,0
202509,아프리카,-0.4,연도대륙,7467.0,7436.0,2,전체,0
202509,아프리카,-23.2,남아프리카공화국,534.0,410.0,3,남성,1
202509,아프리카,-22.1,남아프리카공화국,620.0,483.0,3,여성,1
202509,아프리카,54.9,남아프리카공화국,450.0,697.0,3,승무원,1
202509,아프리카,-0.9,남아프리카공화국,1604.0,1590.0,3,전체,1
202509,아프리카,-11.0,기타,2609.0,2322.0,3,남성,2
202509,아프리카,-4.6,기타,1294.0,1235.0,3,여성,2
202509,아프리카,16.8,기타,1960.0,2289.0,3,승무원,2
202509,아프리카,-0.3,기타,5863.0,5846.0,3,전체,2
202509,기타,0.0,연도대륙,18.0,18.0,2,남성,0
202509,기타,25.0,연도대륙,8.0,10.0,2,여성,0
202509,기타,-42.9,연도대륙,7.0,4.0,2,승무원,0
202509,기타,-3.0,연도대륙,33.0,32.0,2,전체,0
202509,기타,0.0,기타,18.0,18.0,3,남성,1
202509,기타,25.0,기타,8.0,10.0,3,여성,1
202509,기타,-42.9,기타,7.0,4.0,3,승무원,1
202509,기타,-3.0,기타,33.0,32.0,3,전체,1
202509,교포,-30.6,연도대륙,1297.0,900.0,2,남성,0
202509,교포,-30.0,연도대륙,1709.0,1196.0,2,여성,0
202509,교포,0.0,연도대륙,0.0,0.0,2,승무원,0
202509,교포,-30.3,연도대륙,3006.0,2096.0,2,전체,0
202509,교포,-30.6,교포,1297.0,900.0,3,남성,1
202509,교포,-30.0,교포,1709.0,1196.0,3,여성,1
202509,교포,0.0,교포,0.0,0.0,3,승무원,1
202509,교포,-30.3,교포,3006.0,2096.0,3,전체,1
202510,대륙전체,10.4,연도,566945.0,625724.0,1,남성,0
202510,대륙전체,8.3,연도,924788.0,1001862.0,1,여성,0
202510,대륙전체,2.7,연도,108530.0,111434.0,1,승무원,0
202510,대륙전체,8.7,연도,1600263.0,1739020.0,1,전체,0
202510,아시아,11.4,연도대륙,406110.0,452589.0,2,남성,0
202510,아시아,8.1,연도대륙,756120.0,817163.0,2,여성,0
202510,아시아,3.7,연도대륙,76928.0,79751.0,2,승무원,0
202510,아시아,8.9,연도대륙,1239158.0,1349503.0,2,전체,0
202510,아시아,17.1,중국,132671.0,155381.0,3,남성,1
202510,아시아,23.6,중국,244519.0,302133.0,3,여성,1
202510,아시아,-0.5,중국,15040.0,14963.0,3,승무원,1
202510,아시아,20.5,중국,392230.0,472477.0,3,전체,1
202510,아시아,-0.3,일본,96145.0,95826.0,3,남성,2
202510,아시아,-3.3,일본,225398.0,218007.0,3,여성,2
202510,아시아,70.8,일본,1723.0,2943.0,3,승무원,2
202510,아시아,-2.0,일본,323266.0,316776.0,3,전체,2
202510,아시아,26.3,대만,41364.0,52258.0,3,남성,3
202510,아시아,18.4,대만,91592.0,108428.0,3,여성,3
202510,아시아,-23.9,대만,477.0,363.0,3,승무원,3
202510,아시아,20.7,대만,133433.0,161049.0,3,전체,3
202510,아시아,-13.3,홍콩,15323.0,13280.0,3,남성,4
202510,아시아,-15.4,홍콩,36923.0,31224.0,3,여성,4
202510,아시아,-13.5,홍콩,193.0,167.0,3,승무원,4
202510,아시아,-14.8,홍콩,52439.0,44671.0,3,전체,4
202510,아시아,4.3,마카오,810.0,845.0,3,남성,5
202510,아시아,-8.6,마카오,2394.0,2187.0,3,여성,5
202510,아시아,-16.1,마카오,93.0,78.0,3,승무원,5
202510,아시아,-5.7,마카오,3297.0,3110.0,3,전체,5
202510,아시아,16.9,필리핀,16827.0,19674.0,3,남성,6
202510,아시아,-2.5,필리핀,22530.0,21961.0,3,여성,6
202510,아시아,9.3,필리핀,19367.0,21176.0,3,승무원,6
202510,아시아,7.0,필리핀,58724.0,62811.0,3,전체,6
202510,아시아,10.0,인도네시아,9335.0,10266.0,3,남성,7
202510,아시아,-9.2,인도네시아,13864.0,12587.0,3,여성,7
202510,아시아,-6.0,인도네시아,11139.0,10470.0,3,승무원,7
202510,아시아,-3.0,인도네시아,34338.0,33323.0,3,전체,7
202510,아시아,4.2,태국,12624.0,13155.0,3,남성,8
202510,아시아,-1.3,태국,24312.0,24008.0,3,여성,8
202510,아시아,16.8,태국,3231.0,3774.0,3,승무원,8
202510,아시아,1.9,태국,40167.0,40937.0,3,전체,8
202510,아시아,15.0,베트남,17899.0,20591.0,3,남성,9
202510,아시아,-3.4,베트남,24410.0,23571.0,3,여성,9
202510,아시아,1.5,베트남,6226.0,6321.0,3,승무원,9
202510,아시아,4.0,베트남,48535.0,50483.0,3,전체,9
202510,아시아,13.4,인도,6200.0,7031.0,3,남성,10
202510,아시아,12.2,인도,2533.0,2842.0,3,여성,10
202510,아시아,-4.2,인도,7858.0,7527.0,3,승무원,10
202510,아시아,4.9,인도,16591.0,17400.0,3,전체,10
202510,아시아,-8.6,말레이시아,12282.0,11226.0,3,남성,11
202510,아시아,-9.6,말레이시아,22511.0,20348.0,3,여성,11
202510,아시아,8.2,말레이시아,2257.0,2442.0,3,승무원,11
202510,아시아,-8.2,말레이시아,37050.0,34016.0,3,전체,11
202510,아시아,-0.5,싱가포르,15084.0,15008.0,3,남성,12
202510,아시아,-2.8,싱가포르,24241.0,23557.0,3,여성,12
202510,아시아,-5.7,싱가포르,1516.0,1430.0,3,승무원,12
202510,아시아,-2.1,싱가포르,40841.0,39995.0,3,전체,12
202510,아시아,12.6,몽골,5238.0,5900.0,3,남성,13
202510,아시아,9.2,몽골,7210.0,7872.0,3,여성,13
202510,아시아,37.5,몽골,24.0,33.0,3,승무원,13
202510,아시아,10.7,몽골,12472.0,13805.0,3,전체,13
202510,아시아,32.1,우즈베키스탄,2852.0,3768.0,3,남성,14
202510,아시아,32.6,우즈베키스탄,1273.0,1688.0,3,여성,14
202510,아시아,34.0,우즈베키스탄,376.0,504.0,3,승무원,14
202510,아시아,32.4,우즈베키스탄,4501.0,5960.0,3,전체,14
202510,아시아,38.2,미얀마,2270.0,3137.0,3,남성,15
202510,아시아,64.4,미얀마,556.0,914.0,3,여성,15
202510,아시아,-7.7,미얀마,4141.0,3822.0,3,승무원,15
202510,아시아,13.0,미얀마,6967.0,7873.0,3,전체,15
202510,아시아,9.6,GCC,1913.0,2096.0,3,남성,16
202510,아시아,9.4,GCC,1717.0,1878.0,3,여성,16
202510,아시아,133.9,GCC,59.0,138.0,3,승무원,16
202510,아시아,11.5,GCC,3689.0,4112.0,3,전체,16
202510,아시아,13.5,카자흐스탄,1825.0,2072.0,3,남성,17
202510,아시아,21.1,카자흐스탄,2860.0,3464.0,3,여성,17
202510,아시아,48.0,카자흐스탄,323.0,478.0,3,승무원,17
202510,아시아,20.1,카자흐스탄,5008.0,6014.0,3,전체,17
202510,아시아,19.9,튀르키예,1931.0,2315.0,3,남성,18
202510,아시아,67.2,튀르키예,1583.0,2647.0,3,여성,18
202510,아시아,1.4,튀르키예,1031.0,1045.0,3,승무원,18
202510,아시아,32.2,튀르키예,4545.0,6007.0,3,전체,18
202510,아시아,16.9,캄보디아,2999.0,3505.0,3,남성,19
202510,아시아,-9.4,캄보디아,1467.0,1329.0,3,여성,19
202510,아시아,-21.4,캄보디아,70.0,55.0,3,승무원,19
202510,아시아,7.8,캄보디아,4536.0,4889.0,3,전체,19
202510,아시아,79.0,스리랑카,1147.0,2053.0,3,남성,20
202510,아시아,7.3,스리랑카,289.0,310.0,3,여성,20
202510,아시아,12.8,스리랑카,571.0,644.0,3,승무원,20
202510,아시아,49.8,스리랑카,2007.0,3007.0,3,전체,20
202510,아시아,82.5,방글라데시,1425.0,2600.0,3,남성,21
202510,아시아,102.6,방글라데시,151.0,306.0,3,여성,21
202510,아시아,11.1,방글라데시,190.0,211.0,3,승무원,21
202510,아시아,76.5,방글라데시,1766.0,3117.0,3,전체,21
202510,아시아,28.6,파키스탄,931.0,1197.0,3,남성,22
202510,아시아,56.4,파키스탄,140.0,219.0,3,여성,22
202510,아시아,19.0,파키스탄,63.0,75.0,3,승무원,22
202510,아시아,31.5,파키스탄,1134.0,1491.0,3,전체,22
202510,아시아,61.4,이스라엘,1391.0,2245.0,3,남성,23
202510,아시아,74.5,이스라엘,1405.0,2452.0,3,여성,23
202510,아시아,-33.3,이스라엘,15.0,10.0,3,승무원,23
202510,아시아,67.4,이스라엘,2811.0,4707.0,3,전체,23
202510,아시아,14.4,이란,167.0,191.0,3,남성,24
202510,아시아,52.9,이란,102.0,156.0,3,여성,24
202510,아시아,40.0,이란,10.0,14.0,3,승무원,24
202510,아시아,29.4,이란,279.0,361.0,3,전체,24
202510,아시아,27.7,기타,5457.0,6969.0,3,남성,25
202510,아시아,43.7,기타,2140.0,3075.0,3,여성,25
202510,아시아,14.2,기타,935.0,1068.0,3,승무원,25
202510,아시아,30.2,기타,8532.0,11112.0,3,전체,25
202510,아메리카,6.3,연도대륙,84155.0,89424.0,2,남성,0
202510,아메리카,6.2,연도대륙,93447.0,99224.0,2,여성,0
202510,아메리카,3.5,연도대륙,13942.0,14436.0,2,승무원,0
202510,아메리카,6.0,연도대륙,191544.0,203084.0,2,전체,0
202510,아메리카,5.9,미국,62442.0,66157.0,3,남성,1
202510,아메리카,5.1,미국,68733.0,72271.0,3,여성,1
202510,아메리카,5.5,미국,9977.0,10523.0,3,승무원,1
202510,아메리카,5.5,미국,141152.0,148951.0,3,전체,1
202510,아메리카,7.6,캐나다,13006.0,13998.0,3,남성,2
202510,아메리카,6.5,캐나다,14323.0,15260.0,3,여성,2
202510,아메리카,1.4,캐나다,1657.0,1680.0,3,승무원,2
202510,아메리카,6.7,캐나다,28986.0,30938.0,3,전체,2
202510,아메리카,25.0,브라질,1650.0,2063.0,3,남성,3
202510,아메리카,16.7,브라질,2140.0,2497.0,3,여성,3
202510,아메리카,6.0,브라질,384.0,407.0,3,승무원,3
202510,아메리카,19.0,브라질,4174.0,4967.0,3,전체,3
202510,아메리카,-11.2,멕시코,4391.0,3898.0,3,남성,4
202510,아메리카,1.7,멕시코,5175.0,5265.0,3,여성,4
202510,아메리카,-15.2,멕시코,880.0,746.0,3,승무원,4
202510,아메리카,-5.1,멕시코,10446.0,9909.0,3,전체,4
202510,아메리카,24.1,기타,2666.0,3308.0,3,남성,5
202510,아메리카,27.8,기타,3076.0,3931.0,3,여성,5
202510,아메리카,3.4,기타,1044.0,1080.0,3,승무원,5
202510,아메리카,22.6,기타,6786.0,8319.0,3,전체,5
202510,유럽,12.5,연도대륙,58106.0,65341.0,2,남성,0
202510,유럽,18.3,연도대륙,55420.0,65566.0,2,여성,0
202510,유럽,-4.8,연도대륙,13571.0,12921.0,2,승무원,0
202510,유럽,13.2,연도대륙,127097.0,143828.0,2,전체,0
202510,유럽,11.5,러시아,7227.0,8060.0,3,남성,1
202510,유럽,29.5,러시아,9522.0,12332.0,3,여성,1
202510,유럽,-16.8,러시아,4121.0,3430.0,3,승무원,1
202510,유럽,14.1,러시아,20870.0,23822.0,3,전체,1
202510,유럽,12.9,영국,8868.0,10010.0,3,남성,2
202510,유럽,21.5,영국,7158.0,8697.0,3,여성,2
202510,유럽,-19.5,영국,620.0,499.0,3,승무원,2
202510,유럽,15.4,영국,16646.0,19206.0,3,전체,2
202510,유럽,10.0,독일,9022.0,9927.0,3,남성,3
202510,유럽,14.9,독일,7608.0,8741.0,3,여성,3
202510,유럽,-4.8,독일,1060.0,1009.0,3,승무원,3
202510,유럽,11.2,독일,17690.0,19677.0,3,전체,3
202510,유럽,5.9,프랑스,8773.0,9291.0,3,남성,4
202510,유럽,9.0,프랑스,9435.0,10287.0,3,여성,4
202510,유럽,34.3,프랑스,830.0,1115.0,3,승무원,4
202510,유럽,8.7,프랑스,19038.0,20693.0,3,전체,4
202510,유럽,11.7,이탈리아,3421.0,3821.0,3,남성,5
202510,유럽,15.1,이탈리아,2824.0,3250.0,3,여성,5
202510,유럽,6.8,이탈리아,545.0,582.0,3,승무원,5
202510,유럽,12.7,이탈리아,6790.0,7653.0,3,전체,5
202510,유럽,5.8,네덜란드,2741.0,2900.0,3,남성,6
202510,유럽,12.8,네덜란드,2103.0,2372.0,3,여성,6
202510,유럽,5.9,네덜란드,1073.0,1136.0,3,승무원,6
202510,유럽,8.3,네덜란드,5917.0,6408.0,3,전체,6
202510,유럽,13.6,우크라이나,535.0,608.0,3,남성,7
202510,유럽,-3.4,우크라이나,495.0,478.0,3,여성,7
202510,유럽,0.5,우크라이나,1177.0,1183.0,3,승무원,7
202510,유럽,2.8,우크라이나,2207.0,2269.0,3,전체,7
202510,유럽,18.5,스페인,2630.0,3116.0,3,남성,8
202510,유럽,11.8,스페인,2597.0,2903.0,3,여성,8
202510,유럽,-6.6,스페인,137.0,128.0,3,승무원,8
202510,유럽,14.6,스페인,5364.0,6147.0,3,전체,8
202510,유럽,22.9,루마니아,677.0,832.0,3,남성,9
202510,유럽,11.6,루마니아,768.0,857.0,3,여성,9
202510,유럽,-12.8,루마니아,516.0,450.0,3,승무원,9
202510,유럽,9.1,루마니아,1961.0,2139.0,3,전체,9
202510,유럽,37.8,노르웨이,643.0,886.0,3,남성,10
202510,유럽,42.6,노르웨이,453.0,646.0,3,여성,10
202510,유럽,95.0,노르웨이,20.0,39.0,3,승무원,10
202510,유럽,40.8,노르웨이,1116.0,1571.0,3,전체,10
202510,유럽,29.9,스웨덴,1210.0,1572.0,3,남성,11
202510,유럽,29.2,스웨덴,1088.0,1406.0,3,여성,11
202510,유럽,137.3,스웨덴,83.0,197.0,3,승무원,11
202510,유럽,33.3,스웨덴,2381.0,3175.0,3,전체,11
202510,유럽,21.9,폴란드,1791.0,2184.0,3,남성,12
202510,유럽,30.6,폴란드,1793.0,2341.0,3,여성,12
202510,유럽,-19.4,폴란드,1039.0,837.0,3,승무원,12
202510,유럽,16.0,폴란드,4623.0,5362.0,3,전체,12
202510,유럽,16.3,스위스,1616.0,1879.0,3,남성,13
202510,유럽,14.3,스위스,1585.0,1812.0,3,여성,13
202510,유럽,22.9,스위스,105.0,129.0,3,승무원,13
202510,유럽,15.5,스위스,3306.0,3820.0,3,전체,13
202510,유럽,34.6,포르투갈,673.0,906.0,3,남성,14
202510,유럽,28.1,포르투갈,740.0,948.0,3,여성,14
202510,유럽,-4.7,포르투갈,129.0,123.0,3,승무원,14
202510,유럽,28.2,포르투갈,1542.0,1977.0,3,전체,14
202510,유럽,2.7,오스트리아,886.0,910.0,3,남성,15
202510,유럽,17.6,오스트리아,649.0,763.0,3,여성,15
202510,유럽,25.6,오스트리아,78.0,98.0,3,승무원,15
202510,유럽,9.8,오스트리아,1613.0,1771.0,3,전체,15
202510,유럽,11.0,핀란드,628.0,697.0,3,남성,16
202510,유럽,4.7,핀란드,579.0,606.0,3,여성,16
202510,유럽,14.2,핀란드,268.0,306.0,3,승무원,16
202510,유럽,9.1,핀란드,1475.0,1609.0,3,전체,16
202510,유럽,5.5,벨기에,1130.0,1192.0,3,남성,17
202510,유럽,7.8,벨기에,1073.0,1157.0,3,여성,17
202510,유럽,33.3,벨기에,129.0,172.0,3,승무원,17
202510,유럽,8.1,벨기에,2332.0,2521.0,3,전체,17
202510,유럽,-0.8,크로아티아,266.0,264.0,3,남성,18
202510,유럽,16.3,크로아티아,153.0,178.0,3,여성,18
202510,유럽,-33.6,크로아티아,268.0,178.0,3,승무원,18
202510,유럽,-9.8,크로아티아,687.0,620.0,3,전체,18
202510,유럽,26.9,그리스,472.0,599.0,3,남성,19
202510,유럽,21.2,그리스,273.0,331.0,3,여성,19
202510,유럽,-3.2,그리스,220.0,213.0,3,승무원,19
202510,유럽,18.4,그리스,965.0,1143.0,3,전체,19
202510,유럽,1.6,불가리아,308.0,313.0,3,남성,20
202510,유럽,18.0,불가리아,294.0,347.0,3,여성,20
202510,유럽,-21.0,불가리아,157.0,124.0,3,승무원,20
202510,유럽,3.3,불가리아,759.0,784.0,3,전체,20
202510,유럽,25.5,덴마크,1083.0,1359.0,3,남성,21
202510,유럽,31.5,덴마크,882.0,1160.0,3,여성,21
202510,유럽,63.3,덴마크,90.0,147.0,3,승무원,21
202510,유럽,29.7,덴마크,2055.0,2666.0,3,전체,21
202510,유럽,13.6,아일랜드,801.0,910.0,3,남성,22
202510,유럽,32.4,아일랜드,605.0,801.0,3,여성,22
202510,유럽,0.0,아일랜드,43.0,43.0,3,승무원,22
202510,유럽,21.0,아일랜드,1449.0,1754.0,3,전체,22
202510,유럽,14.8,기타,2705.0,3105.0,3,남성,23
202510,유럽,14.9,기타,2743.0,3153.0,3,여성,23
202510,유럽,-9.3,기타,863.0,783.0,3,승무원,23
202510,유럽,11.6,기타,6311.0,7041.0,3,전체,23
202510,오세아니아,0.7,연도대륙,14547.0,14652.0,2,남성,0
202510,오세아니아,0.8,연도대륙,16197.0,16332.0,2,여성,0
202510,오세아니아,-13.4,연도대륙,1201.0,1040.0,2,승무원,0
202510,오세아니아,0.2,연도대륙,31945.0,32024.0,2,전체,0
202510,오세아니아,2.5,호주,12041.0,12345.0,3,남성,1
202510,오세아니아,2.9,호주,13732.0,14124.0,3,여성,1
202510,오세아니아,-18.5,호주,969.0,790.0,3,승무원,1
202510,오세아니아,1.9,호주,26742.0,27259.0,3,전체,1
202510,오세아니아,-5.9,뉴질랜드,2318.0,2182.0,3,남성,2
202510,오세아니아,-11.0,뉴질랜드,2353.0,2093.0,3,여성,2
202510,오세아니아,6.6,뉴질랜드,167.0,178.0,3,승무원,2
202510,오세아니아,-8.0,뉴질랜드,4838.0,4453.0,3,전체,2
202510,오세아니아,-33.5,기타,188.0,125.0,3,남성,3
202510,오세아니아,2.7,기타,112.0,115.0,3,여성,3
202510,오세아니아,10.8,기타,65.0,72.0,3,승무원,3
202510,오세아니아,-14.5,기타,365.0,312.0,3,전체,3
202510,아프리카,8.2,연도대륙,2586.0,2798.0,2,남성,0
202510,아프리카,31.5,연도대륙,1615.0,2123.0,2,여성,0
202510,아프리카,13.8,연도대륙,2885.0,3282.0,2,승무원,0
202510,아프리카,15.8,연도대륙,7086.0,8203.0,2,전체,0
202510,아프리카,32.0,남아프리카공화국,440.0,581.0,3,남성,1
202510,아프리카,71.5,남아프리카공화국,501.0,859.0,3,여성,1
202510,아프리카,-4.6,남아프리카공화국,714.0,681.0,3,승무원,1
202510,아프리카,28.2,남아프리카공화국,1655.0,2121.0,3,전체,1
202510,아프리카,3.3,기타,2146.0,2217.0,3,남성,2
202510,아프리카,13.5,기타,1114.0,1264.0,3,여성,2
202510,아프리카,19.8,기타,2171.0,2601.0,3,승무원,2
202510,아프리카,12.0,기타,5431.0,6082.0,3,전체,2
202510,기타,11.1,연도대륙,9.0,10.0,2,남성,0
202510,기타,0.0,연도대륙,7.0,7.0,2,여성,0
202510,기타,33.3,연도대륙,3.0,4.0,2,승무원,0
202510,기타,10.5,연도대륙,19.0,21.0,2,전체,0
202510,기타,11.1,기타,9.0,10.0,3,남성,1
202510,기타,0.0,기타,7.0,7.0,3,여성,1
202510,기타,33.3,기타,3.0,4.0,3,승무원,1
202510,기타,10.5,기타,19.0,21.0,3,전체,1
202510,교포,-36.5,연도대륙,1432.0,910.0,2,남성,0
202510,교포,-27.0,연도대륙,1982.0,1447.0,2,여성,0
202510,교포,0.0,연도대륙,0.0,0.0,2,승무원,0
202510,교포,-31.0,연도대륙,3414.0,2357.0,2,전체,0
202510,교포,-36.5,교포,1432.0,910.0,3,남성,1
202510,교포,-27.0,교포,1982.0,1447.0,3,여성,1
202510,교포,0.0,교포,0.0,0.0,3,승무원,1
202510,교포,-31.0,교포,3414.0,2357.0,3,전체,1
202511,대륙전체,18.0,연도,485984.0,573223.0,1,남성,0
202511,대륙전체,17.5,연도,782054.0,919179.0,1,여성,0
202511,대륙전체,12.4,연도,93038.0,104537.0,1,승무원,0
202511,대륙전체,17.3,연도,1361076.0,1596939.0,1,전체,0
202511,아시아,17.9,연도대륙,362622.0,427547.0,2,남성,0
202511,아시아,16.2,연도대륙,669383.0,777589.0,2,여성,0
202511,아시아,17.3,연도대륙,65547.0,76879.0,2,승무원,0
202511,아시아,16.8,연도대륙,1097552.0,1282015.0,2,전체,0
202511,아시아,26.5,중국,100594.0,127281.0,3,남성,1
202511,아시아,28.3,중국,184071.0,236234.0,3,여성,1
202511,아시아,8.9,중국,13175.0,14351.0,3,승무원,1
202511,아시아,26.9,중국,297840.0,377866.0,3,전체,1
202511,아시아,11.0,일본,102646.0,113930.0,3,남성,2
202511,아시아,4.0,일본,236596.0,246043.0,3,여성,2
202511,아시아,48.6,일본,1956.0,2906.0,3,승무원,2
202511,아시아,6.4,일본,341198.0,362879.0,3,전체,2
202511,아시아,34.4,대만,36961.0,49668.0,3,남성,3
202511,아시아,31.9,대만,82085.0,108284.0,3,여성,3
202511,아시아,-8.1,대만,459.0,422.0,3,승무원,3
202511,아시아,32.5,대만,119505.0,158374.0,3,전체,3
202511,아시아,6.1,홍콩,13449.0,14268.0,3,남성,4
202511,아시아,6.1,홍콩,33186.0,35214.0,3,여성,4
202511,아시아,16.8,홍콩,131.0,153.0,3,승무원,4
202511,아시아,6.1,홍콩,46766.0,49635.0,3,전체,4
202511,아시아,-8.2,마카오,941.0,864.0,3,남성,5
202511,아시아,7.8,마카오,2592.0,2795.0,3,여성,5
202511,아시아,7.8,마카오,77.0,83.0,3,승무원,5
202511,아시아,3.7,마카오,3610.0,3742.0,3,전체,5
202511,아시아,6.1,필리핀,15767.0,16733.0,3,남성,6
202511,아시아,6.4,필리핀,20437.0,21742.0,3,여성,6
202511,아시아,50.0,필리핀,14395.0,21593.0,3,승무원,6
202511,아시아,18.7,필리핀,50599.0,60068.0,3,전체,6
202511,아시아,4.7,인도네시아,8782.0,9191.0,3,남성,7
202511,아시아,4.5,인도네시아,11200.0,11709.0,3,여성,7
202511,아시아,3.7,인도네시아,9118.0,9457.0,3,승무원,7
202511,아시아,4.3,인도네시아,29100.0,30357.0,3,전체,7
202511,아시아,12.3,태국,8301.0,9324.0,3,남성,8
202511,아시아,11.7,태국,17358.0,19396.0,3,여성,8
202511,아시아,9.9,태국,3261.0,3583.0,3,승무원,8
202511,아시아,11.7,태국,28920.0,32303.0,3,전체,8
202511,아시아,16.7,베트남,14211.0,16585.0,3,남성,9
202511,아시아,10.3,베트남,19586.0,21611.0,3,여성,9
202511,아시아,-13.3,베트남,6707.0,5817.0,3,승무원,9
202511,아시아,8.7,베트남,40504.0,44013.0,3,전체,9
202511,아시아,23.1,인도,5649.0,6952.0,3,남성,10
202511,아시아,33.9,인도,1785.0,2390.0,3,여성,10
202511,아시아,32.2,인도,5493.0,7261.0,3,승무원,10
202511,아시아,28.4,인도,12927.0,16603.0,3,전체,10
202511,아시아,14.9,말레이시아,10659.0,12250.0,3,남성,11
202511,아시아,21.7,말레이시아,17680.0,21525.0,3,여성,11
202511,아시아,8.4,말레이시아,2284.0,2475.0,3,승무원,11
202511,아시아,18.4,말레이시아,30623.0,36250.0,3,전체,11
202511,아시아,11.6,싱가포르,17510.0,19539.0,3,남성,12
202511,아시아,11.9,싱가포르,24665.0,27598.0,3,여성,12
202511,아시아,-0.2,싱가포르,1407.0,1404.0,3,승무원,12
202511,아시아,11.4,싱가포르,43582.0,48541.0,3,전체,12
202511,아시아,6.6,몽골,4896.0,5219.0,3,남성,13
202511,아시아,15.5,몽골,6478.0,7483.0,3,여성,13
202511,아시아,45.8,몽골,24.0,35.0,3,승무원,13
202511,아시아,11.7,몽골,11398.0,12737.0,3,전체,13
202511,아시아,7.4,우즈베키스탄,2759.0,2963.0,3,남성,14
202511,아시아,3.4,우즈베키스탄,1230.0,1272.0,3,여성,14
202511,아시아,17.4,우즈베키스탄,425.0,499.0,3,승무원,14
202511,아시아,7.2,우즈베키스탄,4414.0,4734.0,3,전체,14
202511,아시아,-23.2,미얀마,2618.0,2011.0,3,남성,15
202511,아시아,50.2,미얀마,476.0,715.0,3,여성,15
202511,아시아,5.3,미얀마,3446.0,3627.0,3,승무원,15
202511,아시아,-2.9,미얀마,6540.0,6353.0,3,전체,15
202511,아시아,3.0,GCC,2022.0,2082.0,3,남성,16
202511,아시아,14.0,GCC,1856.0,2116.0,3,여성,16
202511,아시아,-20.3,GCC,79.0,63.0,3,승무원,16
202511,아시아,7.7,GCC,3957.0,4261.0,3,전체,16
202511,아시아,22.8,카자흐스탄,1498.0,1840.0,3,남성,17
202511,아시아,22.7,카자흐스탄,2315.0,2841.0,3,여성,17
202511,아시아,51.2,카자흐스탄,303.0,458.0,3,승무원,17
202511,아시아,24.9,카자흐스탄,4116.0,5139.0,3,전체,17
202511,아시아,80.5,튀르키예,1282.0,2314.0,3,남성,18
202511,아시아,137.1,튀르키예,1085.0,2573.0,3,여성,18
202511,아시아,-4.0,튀르키예,954.0,916.0,3,승무원,18
202511,아시아,74.7,튀르키예,3321.0,5803.0,3,전체,18
202511,아시아,6.9,캄보디아,2114.0,2259.0,3,남성,19
202511,아시아,25.2,캄보디아,1360.0,1703.0,3,여성,19
202511,아시아,-54.5,캄보디아,99.0,45.0,3,승무원,19
202511,아시아,12.1,캄보디아,3573.0,4007.0,3,전체,19
202511,아시아,-1.1,스리랑카,1226.0,1212.0,3,남성,20
202511,아시아,-5.5,스리랑카,254.0,240.0,3,여성,20
202511,아시아,-5.2,스리랑카,504.0,478.0,3,승무원,20
202511,아시아,-2.7,스리랑카,1984.0,1930.0,3,전체,20
202511,아시아,10.8,방글라데시,1421.0,1575.0,3,남성,21
202511,아시아,20.2,방글라데시,168.0,202.0,3,여성,21
202511,아시아,8.9,방글라데시,146.0,159.0,3,승무원,21
202511,아시아,11.6,방글라데시,1735.0,1936.0,3,전체,21
202511,아시아,2.9,파키스탄,904.0,930.0,3,남성,22
202511,아시아,24.2,파키스탄,153.0,190.0,3,여성,22
202511,아시아,-17.1,파키스탄,82.0,68.0,3,승무원,22
202511,아시아,4.3,파키스탄,1139.0,1188.0,3,전체,22
202511,아시아,53.0,이스라엘,761.0,1164.0,3,남성,23
202511,아시아,75.6,이스라엘,595.0,1045.0,3,여성,23
202511,아시아,-14.3,이스라엘,7.0,6.0,3,승무원,23
202511,아시아,62.5,이스라엘,1363.0,2215.0,3,전체,23
202511,아시아,-6.5,이란,168.0,157.0,3,남성,24
202511,아시아,15.1,이란,106.0,122.0,3,여성,24
202511,아시아,-23.1,이란,13.0,10.0,3,승무원,24
202511,아시아,0.7,이란,287.0,289.0,3,전체,24
202511,아시아,32.0,기타,5483.0,7236.0,3,남성,25
202511,아시아,23.2,기타,2066.0,2546.0,3,여성,25
202511,아시아,0.8,기타,1002.0,1010.0,3,승무원,25
202511,아시아,26.2,기타,8551.0,10792.0,3,전체,25
202511,아메리카,19.1,연도대륙,65849.0,78420.0,2,남성,0
202511,아메리카,26.4,연도대륙,65115.0,82310.0,2,여성,0
202511,아메리카,0.8,연도대륙,12567.0,12668.0,2,승무원,0
202511,아메리카,20.8,연도대륙,143531.0,173398.0,2,전체,0
202511,아메리카,20.9,미국,50234.0,60736.0,3,남성,1
202511,아메리카,27.4,미국,48925.0,62317.0,3,여성,1
202511,아메리카,-2.3,미국,9823.0,9598.0,3,승무원,1
202511,아메리카,21.7,미국,108982.0,132651.0,3,전체,1
202511,아메리카,20.0,캐나다,8878.0,10656.0,3,남성,2
202511,아메리카,28.3,캐나다,8881.0,11397.0,3,여성,2
202511,아메리카,-10.3,캐나다,1206.0,1082.0,3,승무원,2
202511,아메리카,22.0,캐나다,18965.0,23135.0,3,전체,2
202511,아메리카,1.9,브라질,1438.0,1465.0,3,남성,3
202511,아메리카,25.5,브라질,1362.0,1709.0,3,여성,3
202511,아메리카,19.5,브라질,307.0,367.0,3,승무원,3
202511,아메리카,14.0,브라질,3107.0,3541.0,3,전체,3
202511,아메리카,-8.5,멕시코,3435.0,3144.0,3,남성,4
202511,아메리카,6.4,멕시코,3898.0,4149.0,3,여성,4
202511,아메리카,-6.8,멕시코,680.0,634.0,3,승무원,4
202511,아메리카,-1.1,멕시코,8013.0,7927.0,3,전체,4
202511,아메리카,29.8,기타,1864.0,2419.0,3,남성,5
202511,아메리카,33.6,기타,2049.0,2738.0,3,여성,5
202511,아메리카,79.1,기타,551.0,987.0,3,승무원,5
202511,아메리카,37.6,기타,4464.0,6144.0,3,전체,5
202511,유럽,20.1,연도대륙,42759.0,51361.0,2,남성,0
202511,유럽,31.0,연도대륙,32399.0,42447.0,2,여성,0
202511,유럽,0.7,연도대륙,11798.0,11875.0,2,승무원,0
202511,유럽,21.5,연도대륙,86956.0,105683.0,2,전체,0
202511,유럽,21.3,러시아,5151.0,6249.0,3,남성,1
202511,유럽,32.1,러시아,5850.0,7728.0,3,여성,1
202511,유럽,-17.3,러시아,3875.0,3205.0,3,승무원,1
202511,유럽,15.5,러시아,14876.0,17182.0,3,전체,1
202511,유럽,20.1,영국,6210.0,7460.0,3,남성,2
202511,유럽,32.0,영국,4351.0,5743.0,3,여성,2
202511,유럽,36.1,영국,363.0,494.0,3,승무원,2
202511,유럽,25.4,영국,10924.0,13697.0,3,전체,2
202511,유럽,21.3,독일,6176.0,7492.0,3,남성,3
202511,유럽,30.9,독일,3530.0,4620.0,3,여성,3
202511,유럽,-9.9,독일,912.0,822.0,3,승무원,3
202511,유럽,21.8,독일,10618.0,12934.0,3,전체,3
202511,유럽,5.3,프랑스,6373.0,6712.0,3,남성,4
202511,유럽,10.2,프랑스,5287.0,5827.0,3,여성,4
202511,유럽,-3.2,프랑스,968.0,937.0,3,승무원,4
202511,유럽,6.7,프랑스,12628.0,13476.0,3,전체,4
202511,유럽,28.0,이탈리아,2965.0,3796.0,3,남성,5
202511,유럽,44.0,이탈리아,1938.0,2790.0,3,여성,5
202511,유럽,43.6,이탈리아,500.0,718.0,3,승무원,5
202511,유럽,35.2,이탈리아,5403.0,7304.0,3,전체,5
202511,유럽,13.8,네덜란드,2063.0,2348.0,3,남성,6
202511,유럽,23.9,네덜란드,1307.0,1619.0,3,여성,6
202511,유럽,-6.1,네덜란드,994.0,933.0,3,승무원,6
202511,유럽,12.3,네덜란드,4364.0,4900.0,3,전체,6
202511,유럽,3.6,우크라이나,528.0,547.0,3,남성,7
202511,유럽,16.2,우크라이나,240.0,279.0,3,여성,7
202511,유럽,18.5,우크라이나,1060.0,1256.0,3,승무원,7
202511,유럽,13.9,우크라이나,1828.0,2082.0,3,전체,7
202511,유럽,25.0,스페인,2188.0,2735.0,3,남성,8
202511,유럽,27.4,스페인,1847.0,2353.0,3,여성,8
202511,유럽,73.1,스페인,108.0,187.0,3,승무원,8
202511,유럽,27.3,스페인,4143.0,5275.0,3,전체,8
202511,유럽,20.8,루마니아,414.0,500.0,3,남성,9
202511,유럽,65.5,루마니아,325.0,538.0,3,여성,9
202511,유럽,27.9,루마니아,337.0,431.0,3,승무원,9
202511,유럽,36.5,루마니아,1076.0,1469.0,3,전체,9
202511,유럽,33.2,노르웨이,563.0,750.0,3,남성,10
202511,유럽,38.3,노르웨이,345.0,477.0,3,여성,10
202511,유럽,230.0,노르웨이,10.0,33.0,3,승무원,10
202511,유럽,37.3,노르웨이,918.0,1260.0,3,전체,10
202511,유럽,50.1,스웨덴,933.0,1400.0,3,남성,11
202511,유럽,61.1,스웨덴,660.0,1063.0,3,여성,11
202511,유럽,226.3,스웨덴,57.0,186.0,3,승무원,11
202511,유럽,60.5,스웨덴,1650.0,2649.0,3,전체,11
202511,유럽,39.7,폴란드,1577.0,2203.0,3,남성,12
202511,유럽,54.9,폴란드,1446.0,2240.0,3,여성,12
202511,유럽,16.8,폴란드,677.0,791.0,3,승무원,12
202511,유럽,41.5,폴란드,3700.0,5234.0,3,전체,12
202511,유럽,12.6,스위스,925.0,1042.0,3,남성,13
202511,유럽,11.4,스위스,659.0,734.0,3,여성,13
202511,유럽,20.7,스위스,29.0,35.0,3,승무원,13
202511,유럽,12.3,스위스,1613.0,1811.0,3,전체,13
202511,유럽,14.5,포르투갈,571.0,654.0,3,남성,14
202511,유럽,23.0,포르투갈,573.0,705.0,3,여성,14
202511,유럽,-6.2,포르투갈,112.0,105.0,3,승무원,14
202511,유럽,16.6,포르투갈,1256.0,1464.0,3,전체,14
202511,유럽,21.1,오스트리아,663.0,803.0,3,남성,15
202511,유럽,18.6,오스트리아,409.0,485.0,3,여성,15
202511,유럽,-20.2,오스트리아,84.0,67.0,3,승무원,15
202511,유럽,17.2,오스트리아,1156.0,1355.0,3,전체,15
202511,유럽,22.6,핀란드,523.0,641.0,3,남성,16
202511,유럽,45.5,핀란드,343.0,499.0,3,여성,16
202511,유럽,-4.2,핀란드,289.0,277.0,3,승무원,16
202511,유럽,22.7,핀란드,1155.0,1417.0,3,전체,16
202511,유럽,18.0,벨기에,749.0,884.0,3,남성,17
202511,유럽,11.5,벨기에,591.0,659.0,3,여성,17
202511,유럽,-24.6,벨기에,142.0,107.0,3,승무원,17
202511,유럽,11.3,벨기에,1482.0,1650.0,3,전체,17
202511,유럽,18.0,크로아티아,194.0,229.0,3,남성,18
202511,유럽,59.3,크로아티아,81.0,129.0,3,여성,18
202511,유럽,26.8,크로아티아,164.0,208.0,3,승무원,18
202511,유럽,28.9,크로아티아,439.0,566.0,3,전체,18
202511,유럽,3.7,그리스,573.0,594.0,3,남성,19
202511,유럽,52.7,그리스,260.0,397.0,3,여성,19
202511,유럽,15.8,그리스,190.0,220.0,3,승무원,19
202511,유럽,18.4,그리스,1023.0,1211.0,3,전체,19
202511,유럽,31.9,불가리아,182.0,240.0,3,남성,20
202511,유럽,72.3,불가리아,119.0,205.0,3,여성,20
202511,유럽,33.6,불가리아,140.0,187.0,3,승무원,20
202511,유럽,43.3,불가리아,441.0,632.0,3,전체,20
202511,유럽,19.6,덴마크,760.0,909.0,3,남성,21
202511,유럽,24.5,덴마크,473.0,589.0,3,여성,21
202511,유럽,98.1,덴마크,53.0,105.0,3,승무원,21
202511,유럽,24.7,덴마크,1286.0,1603.0,3,전체,21
202511,유럽,22.1,아일랜드,551.0,673.0,3,남성,22
202511,유럽,40.4,아일랜드,396.0,556.0,3,여성,22
202511,유럽,8.5,아일랜드,47.0,51.0,3,승무원,22
202511,유럽,28.8,아일랜드,994.0,1280.0,3,전체,22
202511,유럽,29.7,기타,1927.0,2500.0,3,남성,23
202511,유럽,61.6,기타,1369.0,2212.0,3,여성,23
202511,유럽,-24.3,기타,687.0,520.0,3,승무원,23
202511,유럽,31.4,기타,3983.0,5232.0,3,전체,23
202511,오세아니아,13.4,연도대륙,11280.0,12797.0,2,남성,0
202511,오세아니아,15.3,연도대륙,12357.0,14243.0,2,여성,0
202511,오세아니아,-17.9,연도대륙,1072.0,880.0,2,승무원,0
202511,오세아니아,13.0,연도대륙,24709.0,27920.0,2,전체,0
202511,오세아니아,15.3,호주,9320.0,10748.0,3,남성,1
202511,오세아니아,16.9,호주,10457.0,12224.0,3,여성,1
202511,오세아니아,-7.6,호주,759.0,701.0,3,승무원,1
202511,오세아니아,15.3,호주,20536.0,23673.0,3,전체,1
202511,오세아니아,4.9,뉴질랜드,1806.0,1895.0,3,남성,2
202511,오세아니아,7.4,뉴질랜드,1771.0,1902.0,3,여성,2
202511,오세아니아,-38.2,뉴질랜드,246.0,152.0,3,승무원,2
202511,오세아니아,3.3,뉴질랜드,3823.0,3949.0,3,전체,2
202511,오세아니아,0.0,기타,154.0,154.0,3,남성,3
202511,오세아니아,-9.3,기타,129.0,117.0,3,여성,3
202511,오세아니아,-59.7,기타,67.0,27.0,3,승무원,3
202511,오세아니아,-14.9,기타,350.0,298.0,3,전체,3
202511,아프리카,0.2,연도대륙,2284.0,2288.0,2,남성,0
202511,아프리카,13.7,연도대륙,1118.0,1271.0,2,여성,0
202511,아프리카,8.7,연도대륙,2053.0,2231.0,2,승무원,0
202511,아프리카,6.1,연도대륙,5455.0,5790.0,2,전체,0
202511,아프리카,-9.0,남아프리카공화국,299.0,272.0,3,남성,1
202511,아프리카,8.7,남아프리카공화국,310.0,337.0,3,여성,1
202511,아프리카,28.4,남아프리카공화국,349.0,448.0,3,승무원,1
202511,아프리카,10.3,남아프리카공화국,958.0,1057.0,3,전체,1
202511,아프리카,1.6,기타,1985.0,2016.0,3,남성,2
202511,아프리카,15.6,기타,808.0,934.0,3,여성,2
202511,아프리카,4.6,기타,1704.0,1783.0,3,승무원,2
202511,아프리카,5.2,기타,4497.0,4733.0,3,전체,2
202511,기타,41.7,연도대륙,12.0,17.0,2,남성,0
202511,기타,50.0,연도대륙,4.0,6.0,2,여성,0
202511,기타,300.0,연도대륙,1.0,4.0,2,승무원,0
202511,기타,58.8,연도대륙,17.0,27.0,2,전체,0
202511,기타,41.7,기타,12.0,17.0,3,남성,1
202511,기타,50.0,기타,4.0,6.0,3,여성,1
202511,기타,300.0,기타,1.0,4.0,3,승무원,1
202511,기타,58.8,기타,17.0,27.0,3,전체,1
202511,교포,-32.7,연도대륙,1178.0,793.0,2,남성,0
202511,교포,-21.8,연도대륙,1678.0,1313.0,2,여성,0
202511,교포,0.0,연도대륙,0.0,0.0,2,승무원,0
202511,교포,-26.3,연도대륙,2856.0,2106.0,2,전체,0
202511,교포,-32.7,교포,1178.0,793.0,3,남성,1
202511,교포,-21.8,교포,1678.0,1313.0,3,여성,1
202511,교포,0.0,교포,0.0,0.0,3,승무원,1
202511,교포,-26.3,교포,2856.0,2106.0,3,전체,1
202512,대륙전체,18.4,연도,477015.0,564573.0,1,남성,0
202512,대륙전체,28.3,연도,709002.0,909709.0,1,여성,0
202512,대륙전체,-48.1,연도,84846.0,44010.0,1,승무원,0
202512,대륙전체,19.5,연도,1270863.0,1518292.0,1,전체,0
202512,아시아,18.6,연도대륙,370709.0,439736.0,2,남성,0
202512,아시아,29.3,연도대륙,614120.0,793892.0,2,여성,0
202512,아시아,-36.5,연도대륙,59953.0,38084.0,2,승무원,0
202512,아시아,21.7,연도대륙,1044782.0,1271712.0,2,전체,0
202512,아시아,16.4,중국,100910.0,117435.0,3,남성,1
202512,아시아,38.5,중국,192727.0,267017.0,3,여성,1
202512,아시아,-28.7,중국,13150.0,9382.0,3,승무원,1
202512,아시아,28.4,중국,306787.0,393834.0,3,전체,1
202512,아시아,21.7,일본,85631.0,104207.0,3,남성,2
202512,아시아,22.9,일본,163027.0,200420.0,3,여성,2
202512,아시아,-82.4,일본,1888.0,332.0,3,승무원,2
202512,아시아,21.7,일본,250546.0,304959.0,3,전체,2
202512,아시아,35.0,대만,38901.0,52512.0,3,남성,3
202512,아시아,40.2,대만,79411.0,111320.0,3,여성,3
202512,아시아,-77.6,대만,384.0,86.0,3,승무원,3
202512,아시아,38.1,대만,118696.0,163918.0,3,전체,3
202512,아시아,13.4,홍콩,20107.0,22802.0,3,남성,4
202512,아시아,18.2,홍콩,38417.0,45418.0,3,여성,4
202512,아시아,-87.0,홍콩,146.0,19.0,3,승무원,4
202512,아시아,16.3,홍콩,58670.0,68239.0,3,전체,4
202512,아시아,16.4,마카오,1890.0,2200.0,3,남성,5
202512,아시아,24.4,마카오,3778.0,4700.0,3,여성,5
202512,아시아,-100.0,마카오,84.0,0.0,3,승무원,5
202512,아시아,20.0,마카오,5752.0,6900.0,3,전체,5
202512,아시아,7.2,필리핀,18169.0,19471.0,3,남성,6
202512,아시아,14.6,필리핀,19654.0,22531.0,3,여성,6
202512,아시아,0.1,필리핀,11601.0,11614.0,3,승무원,6
202512,아시아,8.5,필리핀,49424.0,53616.0,3,전체,6
202512,아시아,1.8,인도네시아,12861.0,13087.0,3,남성,7
202512,아시아,9.0,인도네시아,13710.0,14947.0,3,여성,7
202512,아시아,-15.8,인도네시아,7172.0,6039.0,3,승무원,7
202512,아시아,1.0,인도네시아,33743.0,34073.0,3,전체,7
202512,아시아,28.7,태국,10709.0,13778.0,3,남성,8
202512,아시아,33.0,태국,18943.0,25191.0,3,여성,8
202512,아시아,-95.1,태국,3090.0,151.0,3,승무원,8
202512,아시아,19.5,태국,32742.0,39120.0,3,전체,8
202512,아시아,18.3,베트남,12907.0,15275.0,3,남성,9
202512,아시아,13.5,베트남,16356.0,18558.0,3,여성,9
202512,아시아,-92.1,베트남,6906.0,545.0,3,승무원,9
202512,아시아,-5.0,베트남,36169.0,34378.0,3,전체,9
202512,아시아,10.1,인도,4688.0,5160.0,3,남성,10
202512,아시아,41.0,인도,1323.0,1866.0,3,여성,10
202512,아시아,-0.6,인도,4659.0,4629.0,3,승무원,10
202512,아시아,9.2,인도,10670.0,11655.0,3,전체,10
202512,아시아,47.2,말레이시아,12419.0,18283.0,3,남성,11
202512,아시아,51.7,말레이시아,16799.0,25485.0,3,여성,11
202512,아시아,-95.5,말레이시아,2176.0,97.0,3,승무원,11
202512,아시아,39.7,말레이시아,31394.0,43865.0,3,전체,11
202512,아시아,5.8,싱가포르,27047.0,28611.0,3,남성,12
202512,아시아,7.3,싱가포르,33015.0,35425.0,3,여성,12
202512,아시아,-98.9,싱가포르,1486.0,17.0,3,승무원,12
202512,아시아,4.1,싱가포르,61548.0,64053.0,3,전체,12
202512,아시아,4.2,몽골,5362.0,5587.0,3,남성,13
202512,아시아,12.2,몽골,6950.0,7799.0,3,여성,13
202512,아시아,-100.0,몽골,17.0,0.0,3,승무원,13
202512,아시아,8.6,몽골,12329.0,13386.0,3,전체,13
202512,아시아,8.9,우즈베키스탄,2401.0,2615.0,3,남성,14
202512,아시아,24.4,우즈베키스탄,1005.0,1250.0,3,여성,14
202512,아시아,-100.0,우즈베키스탄,380.0,0.0,3,승무원,14
202512,아시아,2.1,우즈베키스탄,3786.0,3865.0,3,전체,14
202512,아시아,0.4,미얀마,2226.0,2236.0,3,남성,15
202512,아시아,31.9,미얀마,937.0,1236.0,3,여성,15
202512,아시아,29.3,미얀마,3419.0,4421.0,3,승무원,15
202512,아시아,19.9,미얀마,6582.0,7893.0,3,전체,15
202512,아시아,34.0,GCC,1184.0,1586.0,3,남성,16
202512,아시아,32.0,GCC,1208.0,1594.0,3,여성,16
202512,아시아,-95.5,GCC,88.0,4.0,3,승무원,16
202512,아시아,28.4,GCC,2480.0,3184.0,3,전체,16
202512,아시아,10.5,카자흐스탄,1158.0,1280.0,3,남성,17
202512,아시아,15.7,카자흐스탄,1721.0,1991.0,3,여성,17
202512,아시아,-100.0,카자흐스탄,330.0,0.0,3,승무원,17
202512,아시아,1.9,카자흐스탄,3209.0,3271.0,3,전체,17
202512,아시아,31.0,튀르키예,970.0,1271.0,3,남성,18
202512,아시아,101.9,튀르키예,538.0,1086.0,3,여성,18
202512,아시아,-93.6,튀르키예,1059.0,68.0,3,승무원,18
202512,아시아,-5.5,튀르키예,2567.0,2425.0,3,전체,18
202512,아시아,13.9,캄보디아,2174.0,2477.0,3,남성,19
202512,아시아,22.3,캄보디아,1524.0,1864.0,3,여성,19
202512,아시아,-100.0,캄보디아,145.0,0.0,3,승무원,19
202512,아시아,13.0,캄보디아,3843.0,4341.0,3,전체,19
202512,아시아,15.7,스리랑카,1074.0,1243.0,3,남성,20
202512,아시아,-12.2,스리랑카,262.0,230.0,3,여성,20
202512,아시아,-68.3,스리랑카,486.0,154.0,3,승무원,20
202512,아시아,-10.7,스리랑카,1822.0,1627.0,3,전체,20
202512,아시아,6.7,방글라데시,1328.0,1417.0,3,남성,21
202512,아시아,86.2,방글라데시,123.0,229.0,3,여성,21
202512,아시아,-51.4,방글라데시,247.0,120.0,3,승무원,21
202512,아시아,4.0,방글라데시,1698.0,1766.0,3,전체,21
202512,아시아,1.0,파키스탄,828.0,836.0,3,남성,22
202512,아시아,72.4,파키스탄,123.0,212.0,3,여성,22
202512,아시아,-10.9,파키스탄,46.0,41.0,3,승무원,22
202512,아시아,9.2,파키스탄,997.0,1089.0,3,전체,22
202512,아시아,33.1,이스라엘,381.0,507.0,3,남성,23
202512,아시아,85.9,이스라엘,185.0,344.0,3,여성,23
202512,아시아,-100.0,이스라엘,4.0,0.0,3,승무원,23
202512,아시아,49.3,이스라엘,570.0,851.0,3,전체,23
202512,아시아,-0.8,이란,119.0,118.0,3,남성,24
202512,아시아,60.0,이란,70.0,112.0,3,여성,24
202512,아시아,0.0,이란,2.0,2.0,3,승무원,24
202512,아시아,21.5,이란,191.0,232.0,3,전체,24
202512,아시아,9.1,기타,5265.0,5742.0,3,남성,25
202512,아시아,32.5,기타,2314.0,3067.0,3,여성,25
202512,아시아,-63.3,기타,988.0,363.0,3,승무원,25
202512,아시아,7.1,기타,8567.0,9172.0,3,전체,25
202512,아메리카,18.5,연도대륙,57780.0,68454.0,2,남성,0
202512,아메리카,22.0,연도대륙,53866.0,65696.0,2,여성,0
202512,아메리카,-92.2,연도대륙,11787.0,917.0,2,승무원,0
202512,아메리카,9.4,연도대륙,123433.0,135067.0,2,전체,0
202512,아메리카,19.7,미국,45362.0,54301.0,3,남성,1
202512,아메리카,23.0,미국,41116.0,50579.0,3,여성,1
202512,아메리카,-92.4,미국,9411.0,719.0,3,승무원,1
202512,아메리카,10.1,미국,95889.0,105599.0,3,전체,1
202512,아메리카,17.3,캐나다,7853.0,9215.0,3,남성,2
202512,아메리카,20.3,캐나다,7693.0,9258.0,3,여성,2
202512,아메리카,-100.0,캐나다,1129.0,0.0,3,승무원,2
202512,아메리카,10.8,캐나다,16675.0,18473.0,3,전체,2
202512,아메리카,12.2,브라질,1171.0,1314.0,3,남성,3
202512,아메리카,34.1,브라질,1214.0,1628.0,3,여성,3
202512,아메리카,-80.0,브라질,210.0,42.0,3,승무원,3
202512,아메리카,15.0,브라질,2595.0,2984.0,3,전체,3
202512,아메리카,-8.5,멕시코,2259.0,2066.0,3,남성,4
202512,아메리카,-1.7,멕시코,2562.0,2519.0,3,여성,4
202512,아메리카,-99.4,멕시코,666.0,4.0,3,승무원,4
202512,아메리카,-16.4,멕시코,5487.0,4589.0,3,전체,4
202512,아메리카,37.3,기타,1135.0,1558.0,3,남성,5
202512,아메리카,33.6,기타,1281.0,1712.0,3,여성,5
202512,아메리카,-59.0,기타,371.0,152.0,3,승무원,5
202512,아메리카,22.8,기타,2787.0,3422.0,3,전체,5
202512,유럽,23.6,연도대륙,30595.0,37816.0,2,남성,0
202512,유럽,35.5,연도대륙,23384.0,31679.0,2,여성,0
202512,유럽,-55.4,연도대륙,10637.0,4746.0,2,승무원,0
202512,유럽,14.9,연도대륙,64616.0,74241.0,2,전체,0
202512,유럽,2.5,러시아,4283.0,4389.0,3,남성,1
202512,유럽,11.1,러시아,4437.0,4931.0,3,여성,1
202512,유럽,-30.7,러시아,3767.0,2612.0,3,승무원,1
202512,유럽,-4.4,러시아,12487.0,11932.0,3,전체,1
202512,유럽,10.9,영국,4718.0,5233.0,3,남성,2
202512,유럽,20.3,영국,3244.0,3903.0,3,여성,2
202512,유럽,-80.9,영국,256.0,49.0,3,승무원,2
202512,유럽,11.8,영국,8218.0,9185.0,3,전체,2
202512,유럽,19.5,독일,4422.0,5283.0,3,남성,3
202512,유럽,27.0,독일,2933.0,3725.0,3,여성,3
202512,유럽,-95.2,독일,817.0,39.0,3,승무원,3
202512,유럽,10.7,독일,8172.0,9047.0,3,전체,3
202512,유럽,21.4,프랑스,4508.0,5471.0,3,남성,4
202512,유럽,33.9,프랑스,3652.0,4891.0,3,여성,4
202512,유럽,-96.3,프랑스,898.0,33.0,3,승무원,4
202512,유럽,14.8,프랑스,9058.0,10395.0,3,전체,4
202512,유럽,75.4,이탈리아,2014.0,3533.0,3,남성,5
202512,유럽,104.7,이탈리아,1467.0,3003.0,3,여성,5
202512,유럽,-12.0,이탈리아,316.0,278.0,3,승무원,5
202512,유럽,79.5,이탈리아,3797.0,6814.0,3,전체,5
202512,유럽,14.9,네덜란드,1386.0,1592.0,3,남성,6
202512,유럽,18.4,네덜란드,923.0,1093.0,3,여성,6
202512,유럽,-98.2,네덜란드,931.0,17.0,3,승무원,6
202512,유럽,-16.6,네덜란드,3240.0,2702.0,3,전체,6
202512,유럽,-12.9,우크라이나,465.0,405.0,3,남성,7
202512,유럽,20.2,우크라이나,198.0,238.0,3,여성,7
202512,유럽,-12.9,우크라이나,946.0,824.0,3,승무원,7
202512,유럽,-8.8,우크라이나,1609.0,1467.0,3,전체,7
202512,유럽,48.4,스페인,1247.0,1851.0,3,남성,8
202512,유럽,66.4,스페인,1079.0,1795.0,3,여성,8
202512,유럽,-79.5,스페인,122.0,25.0,3,승무원,8
202512,유럽,50.0,스페인,2448.0,3671.0,3,전체,8
202512,유럽,19.5,루마니아,334.0,399.0,3,남성,9
202512,유럽,72.2,루마니아,234.0,403.0,3,여성,9
202512,유럽,-28.2,루마니아,259.0,186.0,3,승무원,9
202512,유럽,19.5,루마니아,827.0,988.0,3,전체,9
202512,유럽,42.8,노르웨이,423.0,604.0,3,남성,10
202512,유럽,36.3,노르웨이,300.0,409.0,3,여성,10
202512,유럽,-30.4,노르웨이,23.0,16.0,3,승무원,10
202512,유럽,37.9,노르웨이,746.0,1029.0,3,전체,10
202512,유럽,49.9,스웨덴,866.0,1298.0,3,남성,11
202512,유럽,78.1,스웨덴,561.0,999.0,3,여성,11
202512,유럽,42.5,스웨덴,40.0,57.0,3,승무원,11
202512,유럽,60.5,스웨덴,1467.0,2354.0,3,전체,11
202512,유럽,68.6,폴란드,714.0,1204.0,3,남성,12
202512,유럽,78.7,폴란드,648.0,1158.0,3,여성,12
202512,유럽,-82.5,폴란드,576.0,101.0,3,승무원,12
202512,유럽,27.1,폴란드,1938.0,2463.0,3,전체,12
202512,유럽,34.1,스위스,640.0,858.0,3,남성,13
202512,유럽,43.6,스위스,466.0,669.0,3,여성,13
202512,유럽,-100.0,스위스,35.0,0.0,3,승무원,13
202512,유럽,33.8,스위스,1141.0,1527.0,3,전체,13
202512,유럽,35.1,포르투갈,436.0,589.0,3,남성,14
202512,유럽,38.6,포르투갈,451.0,625.0,3,여성,14
202512,유럽,-90.0,포르투갈,90.0,9.0,3,승무원,14
202512,유럽,25.2,포르투갈,977.0,1223.0,3,전체,14
202512,유럽,27.6,오스트리아,413.0,527.0,3,남성,15
202512,유럽,31.0,오스트리아,326.0,427.0,3,여성,15
202512,유럽,-98.3,오스트리아,59.0,1.0,3,승무원,15
202512,유럽,19.7,오스트리아,798.0,955.0,3,전체,15
202512,유럽,57.8,핀란드,419.0,661.0,3,남성,16
202512,유럽,93.3,핀란드,315.0,609.0,3,여성,16
202512,유럽,-100.0,핀란드,200.0,0.0,3,승무원,16
202512,유럽,36.0,핀란드,934.0,1270.0,3,전체,16
202512,유럽,-1.1,벨기에,544.0,538.0,3,남성,17
202512,유럽,33.6,벨기에,327.0,437.0,3,여성,17
202512,유럽,-96.2,벨기에,133.0,5.0,3,승무원,17
202512,유럽,-2.4,벨기에,1004.0,980.0,3,전체,17
202512,유럽,20.9,크로아티아,139.0,168.0,3,남성,18
202512,유럽,86.0,크로아티아,43.0,80.0,3,여성,18
202512,유럽,-60.0,크로아티아,190.0,76.0,3,승무원,18
202512,유럽,-12.9,크로아티아,372.0,324.0,3,전체,18
202512,유럽,59.4,그리스,308.0,491.0,3,남성,19
202512,유럽,86.1,그리스,122.0,227.0,3,여성,19
202512,유럽,-41.3,그리스,184.0,108.0,3,승무원,19
202512,유럽,34.5,그리스,614.0,826.0,3,전체,19
202512,유럽,14.9,불가리아,148.0,170.0,3,남성,20
202512,유럽,120.6,불가리아,63.0,139.0,3,여성,20
202512,유럽,-46.5,불가리아,144.0,77.0,3,승무원,20
202512,유럽,8.7,불가리아,355.0,386.0,3,전체,20
202512,유럽,10.5,덴마크,484.0,535.0,3,남성,21
202512,유럽,23.2,덴마크,315.0,388.0,3,여성,21
202512,유럽,-41.5,덴마크,53.0,31.0,3,승무원,21
202512,유럽,12.0,덴마크,852.0,954.0,3,전체,21
202512,유럽,33.7,아일랜드,362.0,484.0,3,남성,22
202512,유럽,22.1,아일랜드,235.0,287.0,3,여성,22
202512,유럽,-88.2,아일랜드,34.0,4.0,3,승무원,22
202512,유럽,22.8,아일랜드,631.0,775.0,3,전체,22
202512,유럽,16.0,기타,1322.0,1533.0,3,남성,23
202512,유럽,18.9,기타,1045.0,1243.0,3,여성,23
202512,유럽,-64.9,기타,564.0,198.0,3,승무원,23
202512,유럽,1.5,기타,2931.0,2974.0,3,전체,23
202512,오세아니아,4.9,연도대륙,15179.0,15917.0,2,남성,0
202512,오세아니아,6.1,연도대륙,15007.0,15927.0,2,여성,0
202512,오세아니아,-98.3,연도대륙,1129.0,19.0,2,승무원,0
202512,오세아니아,1.7,연도대륙,31315.0,31863.0,2,전체,0
202512,오세아니아,7.2,호주,12729.0,13642.0,3,남성,1
202512,오세아니아,8.9,호주,12793.0,13928.0,3,여성,1
202512,오세아니아,-100.0,호주,814.0,0.0,3,승무원,1
202512,오세아니아,4.7,호주,26336.0,27570.0,3,전체,1
202512,오세아니아,-10.0,뉴질랜드,2364.0,2128.0,3,남성,2
202512,오세아니아,-11.8,뉴질랜드,2147.0,1893.0,3,여성,2
202512,오세아니아,-100.0,뉴질랜드,254.0,0.0,3,승무원,2
202512,오세아니아,-15.6,뉴질랜드,4765.0,4021.0,3,전체,2
202512,오세아니아,70.9,기타,86.0,147.0,3,남성,3
202512,오세아니아,58.2,기타,67.0,106.0,3,여성,3
202512,오세아니아,-68.9,기타,61.0,19.0,3,승무원,3
202512,오세아니아,27.1,기타,214.0,272.0,3,전체,3
202512,아프리카,18.9,연도대륙,1631.0,1939.0,2,남성,0
202512,아프리카,26.1,연도대륙,1149.0,1449.0,2,여성,0
202512,아프리카,-82.1,연도대륙,1336.0,239.0,2,승무원,0
202512,아프리카,-11.9,연도대륙,4116.0,3627.0,2,전체,0
202512,아프리카,22.7,남아프리카공화국,406.0,498.0,3,남성,1
202512,아프리카,8.8,남아프리카공화국,566.0,616.0,3,여성,1
202512,아프리카,-62.2,남아프리카공화국,82.0,31.0,3,승무원,1
202512,아프리카,8.6,남아프리카공화국,1054.0,1145.0,3,전체,1
202512,아프리카,17.6,기타,1225.0,1441.0,3,남성,2
202512,아프리카,42.9,기타,583.0,833.0,3,여성,2
202512,아프리카,-83.4,기타,1254.0,208.0,3,승무원,2
202512,아프리카,-18.9,기타,3062.0,2482.0,3,전체,2
202512,기타,128.6,연도대륙,7.0,16.0,2,남성,0
202512,기타,-33.3,연도대륙,6.0,4.0,2,여성,0
202512,기타,25.0,연도대륙,4.0,5.0,2,승무원,0
202512,기타,47.1,연도대륙,17.0,25.0,2,전체,0
202512,기타,128.6,기타,7.0,16.0,3,남성,1
202512,기타,-33.3,기타,6.0,4.0,3,여성,1
202512,기타,25.0,기타,4.0,5.0,3,승무원,1
202512,기타,47.1,기타,17.0,25.0,3,전체,1
202512,교포,-37.6,연도대륙,1114.0,695.0,2,남성,0
202512,교포,-27.8,연도대륙,1470.0,1062.0,2,여성,0
202512,교포,0.0,연도대륙,0.0,0.0,2,승무원,0
202512,교포,-32.0,연도대륙,2584.0,1757.0,2,전체,0
202512,교포,-37.6,교포,1114.0,695.0,3,남성,1
202512,교포,-27.8,교포,1470.0,1062.0,3,여성,1
202512,교포,0.0,교포,0.0,0.0,3,승무원,1
202512,교포,-32.0,교포,2584.0,1757.0,3,전체,1
202601,대륙전체,13.3,연도,418324.0,474149.0,1,남성,0
202601,대륙전체,22.2,연도,614545.0,751100.0,1,여성,0
202601,대륙전체,-52.1,연도,84374.0,40409.0,1,승무원,0
202601,대륙전체,13.3,연도,1117243.0,1265658.0,1,전체,0
202601,아시아,12.1,연도대륙,336151.0,376741.0,2,남성,0
202601,아시아,22.5,연도대륙,540707.0,662498.0,2,여성,0
202601,아시아,-42.8,연도대륙,59910.0,34293.0,2,승무원,0
202601,아시아,14.6,연도대륙,936768.0,1073532.0,2,전체,0
202601,아시아,2.3,중국,125180.0,128047.0,3,남성,1
202601,아시아,24.4,중국,226918.0,282250.0,3,여성,1
202601,아시아,-32.0,중국,12362.0,8406.0,3,승무원,1
202601,아시아,14.9,중국,364460.0,418703.0,3,전체,1
202601,아시아,35.4,일본,58730.0,79513.0,3,남성,2
202601,아시아,27.4,일본,114350.0,145724.0,3,여성,2
202601,아시아,-93.0,일본,1637.0,114.0,3,승무원,2
202601,아시아,29.0,일본,174717.0,225351.0,3,전체,2
202601,아시아,15.2,대만,51212.0,58995.0,3,남성,3
202601,아시아,28.5,대만,83840.0,107708.0,3,여성,3
202601,아시아,-80.1,대만,382.0,76.0,3,승무원,3
202601,아시아,23.1,대만,135434.0,166779.0,3,전체,3
202601,아시아,-28.2,홍콩,15750.0,11313.0,3,남성,4
202601,아시아,-7.0,홍콩,28378.0,26389.0,3,여성,4
202601,아시아,-94.7,홍콩,150.0,8.0,3,승무원,4
202601,아시아,-14.8,홍콩,44278.0,37710.0,3,전체,4
202601,아시아,-31.5,마카오,966.0,662.0,3,남성,5
202601,아시아,-7.0,마카오,1824.0,1697.0,3,여성,5
202601,아시아,-100.0,마카오,76.0,0.0,3,승무원,5
202601,아시아,-17.7,마카오,2866.0,2359.0,3,전체,5
202601,아시아,17.1,필리핀,13352.0,15630.0,3,남성,6
202601,아시아,22.3,필리핀,11531.0,14104.0,3,여성,6
202601,아시아,-12.4,필리핀,11857.0,10392.0,3,승무원,6
202601,아시아,9.2,필리핀,36740.0,40126.0,3,전체,6
202601,아시아,5.6,인도네시아,9196.0,9714.0,3,남성,7
202601,아시아,8.1,인도네시아,10464.0,11309.0,3,여성,7
202601,아시아,-31.4,인도네시아,7856.0,5392.0,3,승무원,7
202601,아시아,-4.0,인도네시아,27516.0,26415.0,3,전체,7
202601,아시아,26.7,태국,6040.0,7650.0,3,남성,8
202601,아시아,12.0,태국,11324.0,12686.0,3,여성,8
202601,아시아,-96.7,태국,3083.0,102.0,3,승무원,8
202601,아시아,-0.0,태국,20447.0,20438.0,3,전체,8
202601,아시아,27.6,베트남,8036.0,10254.0,3,남성,9
202601,아시아,21.3,베트남,10158.0,12319.0,3,여성,9
202601,아시아,-94.2,베트남,6728.0,387.0,3,승무원,9
202601,아시아,-7.9,베트남,24922.0,22960.0,3,전체,9
202601,아시아,20.8,인도,4352.0,5259.0,3,남성,10
202601,아시아,10.6,인도,973.0,1076.0,3,여성,10
202601,아시아,-21.1,인도,5458.0,4308.0,3,승무원,10
202601,아시아,-1.3,인도,10783.0,10643.0,3,전체,10
202601,아시아,10.3,말레이시아,10093.0,11133.0,3,남성,11
202601,아시아,17.0,말레이시아,13818.0,16170.0,3,여성,11
202601,아시아,-94.1,말레이시아,2277.0,134.0,3,승무원,11
202601,아시아,4.8,말레이시아,26188.0,27437.0,3,전체,11
202601,아시아,1.8,싱가포르,7036.0,7162.0,3,남성,12
202601,아시아,4.7,싱가포르,9209.0,9638.0,3,여성,12
202601,아시아,-98.9,싱가포르,1330.0,15.0,3,승무원,12
202601,아시아,-4.3,싱가포르,17575.0,16815.0,3,전체,12
202601,아시아,5.5,몽골,6582.0,6941.0,3,남성,13
202601,아시아,11.5,몽골,8890.0,9915.0,3,여성,13
202601,아시아,-86.7,몽골,15.0,2.0,3,승무원,13
202601,아시아,8.9,몽골,15487.0,16858.0,3,전체,13
202601,아시아,24.1,우즈베키스탄,3506.0,4350.0,3,남성,14
202601,아시아,10.6,우즈베키스탄,1466.0,1621.0,3,여성,14
202601,아시아,-100.0,우즈베키스탄,371.0,0.0,3,승무원,14
202601,아시아,11.8,우즈베키스탄,5343.0,5971.0,3,전체,14
202601,아시아,21.1,미얀마,1969.0,2384.0,3,남성,15
202601,아시아,38.1,미얀마,572.0,790.0,3,여성,15
202601,아시아,26.2,미얀마,3232.0,4078.0,3,승무원,15
202601,아시아,25.6,미얀마,5773.0,7252.0,3,전체,15
202601,아시아,49.2,GCC,860.0,1283.0,3,남성,16
202601,아시아,70.8,GCC,753.0,1286.0,3,여성,16
202601,아시아,-95.4,GCC,65.0,3.0,3,승무원,16
202601,아시아,53.3,GCC,1678.0,2572.0,3,전체,16
202601,아시아,6.8,카자흐스탄,1567.0,1673.0,3,남성,17
202601,아시아,7.9,카자흐스탄,2135.0,2303.0,3,여성,17
202601,아시아,-99.3,카자흐스탄,305.0,2.0,3,승무원,17
202601,아시아,-0.7,카자흐스탄,4007.0,3978.0,3,전체,17
202601,아시아,66.6,튀르키예,836.0,1393.0,3,남성,18
202601,아시아,82.3,튀르키예,656.0,1196.0,3,여성,18
202601,아시아,-90.0,튀르키예,969.0,97.0,3,승무원,18
202601,아시아,9.1,튀르키예,2461.0,2686.0,3,전체,18
202601,아시아,-0.2,캄보디아,2449.0,2445.0,3,남성,19
202601,아시아,0.4,캄보디아,1285.0,1290.0,3,여성,19
202601,아시아,-96.6,캄보디아,148.0,5.0,3,승무원,19
202601,아시아,-3.7,캄보디아,3882.0,3740.0,3,전체,19
202601,아시아,-9.0,스리랑카,1597.0,1453.0,3,남성,20
202601,아시아,-32.8,스리랑카,274.0,184.0,3,여성,20
202601,아시아,-61.3,스리랑카,584.0,226.0,3,승무원,20
202601,아시아,-24.1,스리랑카,2455.0,1863.0,3,전체,20
202601,아시아,22.4,방글라데시,1440.0,1763.0,3,남성,21
202601,아시아,54.6,방글라데시,185.0,286.0,3,여성,21
202601,아시아,11.8,방글라데시,144.0,161.0,3,승무원,21
202601,아시아,24.9,방글라데시,1769.0,2210.0,3,전체,21
202601,아시아,18.3,파키스탄,887.0,1049.0,3,남성,22
202601,아시아,29.8,파키스탄,124.0,161.0,3,여성,22
202601,아시아,25.5,파키스탄,51.0,64.0,3,승무원,22
202601,아시아,20.0,파키스탄,1062.0,1274.0,3,전체,22
202601,아시아,39.3,이스라엘,333.0,464.0,3,남성,23
202601,아시아,40.0,이스라엘,140.0,196.0,3,여성,23
202601,아시아,-71.4,이스라엘,7.0,2.0,3,승무원,23
202601,아시아,37.9,이스라엘,480.0,662.0,3,전체,23
202601,아시아,-13.1,이란,99.0,86.0,3,남성,24
202601,아시아,22.7,이란,75.0,92.0,3,여성,24
202601,아시아,-100.0,이란,11.0,0.0,3,승무원,24
202601,아시아,-3.8,이란,185.0,178.0,3,전체,24
202601,아시아,50.0,기타,4083.0,6125.0,3,남성,25
202601,아시아,54.4,기타,1365.0,2108.0,3,여성,25
202601,아시아,-60.7,기타,812.0,319.0,3,승무원,25
202601,아시아,36.6,기타,6260.0,8552.0,3,전체,25
202601,아메리카,15.7,연도대륙,44447.0,51419.0,2,남성,0
202601,아메리카,16.1,연도대륙,42062.0,48842.0,2,여성,0
202601,아메리카,-91.4,연도대륙,11310.0,971.0,2,승무원,0
202601,아메리카,3.5,연도대륙,97819.0,101232.0,2,전체,0
202601,아메리카,15.7,미국,33892.0,39216.0,3,남성,1
202601,아메리카,15.7,미국,31341.0,36253.0,3,여성,1
202601,아메리카,-91.8,미국,9029.0,743.0,3,승무원,1
202601,아메리카,2.6,미국,74262.0,76212.0,3,전체,1
202601,아메리카,13.8,캐나다,6445.0,7333.0,3,남성,2
202601,아메리카,12.9,캐나다,6418.0,7248.0,3,여성,2
202601,아메리카,-99.6,캐나다,1112.0,4.0,3,승무원,2
202601,아메리카,4.4,캐나다,13975.0,14585.0,3,전체,2
202601,아메리카,10.0,브라질,1209.0,1330.0,3,남성,3
202601,아메리카,38.4,브라질,1088.0,1506.0,3,여성,3
202601,아메리카,-72.3,브라질,191.0,53.0,3,승무원,3
202601,아메리카,16.1,브라질,2488.0,2889.0,3,전체,3
202601,아메리카,11.5,멕시코,1729.0,1927.0,3,남성,4
202601,아메리카,5.6,멕시코,1911.0,2018.0,3,여성,4
202601,아메리카,-97.8,멕시코,586.0,13.0,3,승무원,4
202601,아메리카,-6.3,멕시코,4226.0,3958.0,3,전체,4
202601,아메리카,37.6,기타,1172.0,1613.0,3,남성,5
202601,아메리카,39.3,기타,1304.0,1817.0,3,여성,5
202601,아메리카,-59.7,기타,392.0,158.0,3,승무원,5
202601,아메리카,25.1,기타,2868.0,3588.0,3,전체,5
202601,유럽,28.2,연도대륙,24235.0,31071.0,2,남성,0
202601,유럽,33.5,연도대륙,18418.0,24585.0,2,여성,0
202601,유럽,-55.1,연도대륙,10555.0,4741.0,2,승무원,0
202601,유럽,13.5,연도대륙,53208.0,60397.0,2,전체,0
202601,유럽,9.1,러시아,4064.0,4434.0,3,남성,1
202601,유럽,15.7,러시아,4424.0,5117.0,3,여성,1
202601,유럽,-16.1,러시아,3025.0,2539.0,3,승무원,1
202601,유럽,5.0,러시아,11513.0,12090.0,3,전체,1
202601,유럽,13.0,영국,3815.0,4311.0,3,남성,2
202601,유럽,6.5,영국,2803.0,2985.0,3,여성,2
202601,유럽,-83.3,영국,287.0,48.0,3,승무원,2
202601,유럽,6.4,영국,6905.0,7344.0,3,전체,2
202601,유럽,46.6,독일,3297.0,4835.0,3,남성,3
202601,유럽,71.3,독일,2007.0,3438.0,3,여성,3
202601,유럽,-83.8,독일,749.0,121.0,3,승무원,3
202601,유럽,38.7,독일,6053.0,8394.0,3,전체,3
202601,유럽,24.3,프랑스,3220.0,4001.0,3,남성,4
202601,유럽,25.8,프랑스,2547.0,3204.0,3,여성,4
202601,유럽,-97.2,프랑스,952.0,27.0,3,승무원,4
202601,유럽,7.6,프랑스,6719.0,7232.0,3,전체,4
202601,유럽,72.1,이탈리아,1387.0,2387.0,3,남성,5
202601,유럽,101.6,이탈리아,873.0,1760.0,3,여성,5
202601,유럽,-69.7,이탈리아,696.0,211.0,3,승무원,5
202601,유럽,47.4,이탈리아,2956.0,4358.0,3,전체,5
202601,유럽,12.9,네덜란드,1049.0,1184.0,3,남성,6
202601,유럽,22.8,네덜란드,624.0,766.0,3,여성,6
202601,유럽,-98.7,네덜란드,983.0,13.0,3,승무원,6
202601,유럽,-26.1,네덜란드,2656.0,1963.0,3,전체,6
202601,유럽,7.7,우크라이나,414.0,446.0,3,남성,7
202601,유럽,23.2,우크라이나,168.0,207.0,3,여성,7
202601,유럽,-10.4,우크라이나,946.0,848.0,3,승무원,7
202601,유럽,-1.8,우크라이나,1528.0,1501.0,3,전체,7
202601,유럽,37.7,스페인,928.0,1278.0,3,남성,8
202601,유럽,51.4,스페인,734.0,1111.0,3,여성,8
202601,유럽,-92.7,스페인,151.0,11.0,3,승무원,8
202601,유럽,32.4,스페인,1813.0,2400.0,3,전체,8
202601,유럽,48.6,루마니아,255.0,379.0,3,남성,9
202601,유럽,72.3,루마니아,141.0,243.0,3,여성,9
202601,유럽,-26.2,루마니아,298.0,220.0,3,승무원,9
202601,유럽,21.3,루마니아,694.0,842.0,3,전체,9
202601,유럽,40.0,노르웨이,370.0,518.0,3,남성,10
202601,유럽,75.8,노르웨이,231.0,406.0,3,여성,10
202601,유럽,-52.0,노르웨이,25.0,12.0,3,승무원,10
202601,유럽,49.5,노르웨이,626.0,936.0,3,전체,10
202601,유럽,85.6,스웨덴,501.0,930.0,3,남성,11
202601,유럽,106.7,스웨덴,300.0,620.0,3,여성,11
202601,유럽,16.7,스웨덴,48.0,56.0,3,승무원,11
202601,유럽,89.2,스웨덴,849.0,1606.0,3,전체,11
202601,유럽,51.9,폴란드,702.0,1066.0,3,남성,12
202601,유럽,80.0,폴란드,591.0,1064.0,3,여성,12
202601,유럽,-88.5,폴란드,707.0,81.0,3,승무원,12
202601,유럽,10.5,폴란드,2000.0,2211.0,3,전체,12
202601,유럽,54.2,스위스,391.0,603.0,3,남성,13
202601,유럽,29.6,스위스,358.0,464.0,3,여성,13
202601,유럽,-96.7,스위스,30.0,1.0,3,승무원,13
202601,유럽,37.1,스위스,779.0,1068.0,3,전체,13
202601,유럽,17.7,포르투갈,282.0,332.0,3,남성,14
202601,유럽,28.3,포르투갈,237.0,304.0,3,여성,14
202601,유럽,-89.0,포르투갈,82.0,9.0,3,승무원,14
202601,유럽,7.3,포르투갈,601.0,645.0,3,전체,14
202601,유럽,25.7,오스트리아,378.0,475.0,3,남성,15
202601,유럽,24.6,오스트리아,232.0,289.0,3,여성,15
202601,유럽,-88.5,오스트리아,78.0,9.0,3,승무원,15
202601,유럽,12.4,오스트리아,688.0,773.0,3,전체,15
202601,유럽,58.7,핀란드,298.0,473.0,3,남성,16
202601,유럽,67.8,핀란드,233.0,391.0,3,여성,16
202601,유럽,-100.0,핀란드,252.0,0.0,3,승무원,16
202601,유럽,10.3,핀란드,783.0,864.0,3,전체,16
202601,유럽,21.8,벨기에,371.0,452.0,3,남성,17
202601,유럽,13.3,벨기에,270.0,306.0,3,여성,17
202601,유럽,-97.9,벨기에,142.0,3.0,3,승무원,17
202601,유럽,-2.8,벨기에,783.0,761.0,3,전체,17
202601,유럽,-10.9,크로아티아,165.0,147.0,3,남성,18
202601,유럽,38.5,크로아티아,52.0,72.0,3,여성,18
202601,유럽,-47.1,크로아티아,172.0,91.0,3,승무원,18
202601,유럽,-20.3,크로아티아,389.0,310.0,3,전체,18
202601,유럽,34.4,그리스,334.0,449.0,3,남성,19
202601,유럽,30.1,그리스,103.0,134.0,3,여성,19
202601,유럽,6.7,그리스,135.0,144.0,3,승무원,19
202601,유럽,27.1,그리스,572.0,727.0,3,전체,19
202601,유럽,9.9,불가리아,121.0,133.0,3,남성,20
202601,유럽,4.5,불가리아,66.0,69.0,3,여성,20
202601,유럽,10.1,불가리아,69.0,76.0,3,승무원,20
202601,유럽,8.6,불가리아,256.0,278.0,3,전체,20
202601,유럽,32.0,덴마크,372.0,491.0,3,남성,21
202601,유럽,37.1,덴마크,213.0,292.0,3,여성,21
202601,유럽,-58.5,덴마크,53.0,22.0,3,승무원,21
202601,유럽,26.2,덴마크,638.0,805.0,3,전체,21
202601,유럽,13.1,아일랜드,388.0,439.0,3,남성,22
202601,유럽,10.3,아일랜드,271.0,299.0,3,여성,22
202601,유럽,-81.8,아일랜드,33.0,6.0,3,승무원,22
202601,유럽,7.5,아일랜드,692.0,744.0,3,전체,22
202601,유럽,15.4,기타,1133.0,1308.0,3,남성,23
202601,유럽,11.1,기타,940.0,1044.0,3,여성,23
202601,유럽,-69.9,기타,642.0,193.0,3,승무원,23
202601,유럽,-6.3,기타,2715.0,2545.0,3,전체,23
202601,오세아니아,16.4,연도대륙,11009.0,12814.0,2,남성,0
202601,오세아니아,20.6,연도대륙,10827.0,13061.0,2,여성,0
202601,오세아니아,-93.8,연도대륙,1036.0,64.0,2,승무원,0
202601,오세아니아,13.4,연도대륙,22872.0,25939.0,2,전체,0
202601,오세아니아,20.2,호주,9387.0,11280.0,3,남성,1
202601,오세아니아,24.0,호주,9347.0,11590.0,3,여성,1
202601,오세아니아,-98.2,호주,734.0,13.0,3,승무원,1
202601,오세아니아,17.5,호주,19468.0,22883.0,3,전체,1
202601,오세아니아,-6.7,뉴질랜드,1549.0,1445.0,3,남성,2
202601,오세아니아,-1.4,뉴질랜드,1432.0,1412.0,3,여성,2
202601,오세아니아,-98.0,뉴질랜드,245.0,5.0,3,승무원,2
202601,오세아니아,-11.3,뉴질랜드,3226.0,2862.0,3,전체,2
202601,오세아니아,21.9,기타,73.0,89.0,3,남성,3
202601,오세아니아,22.9,기타,48.0,59.0,3,여성,3
202601,오세아니아,-19.3,기타,57.0,46.0,3,승무원,3
202601,오세아니아,9.0,기타,178.0,194.0,3,전체,3
202601,아프리카,-5.9,연도대륙,1599.0,1504.0,2,남성,0
202601,아프리카,-1.0,연도대륙,1331.0,1318.0,2,여성,0
202601,아프리카,-78.2,연도대륙,1559.0,340.0,2,승무원,0
202601,아프리카,-29.6,연도대륙,4489.0,3162.0,2,전체,0
202601,아프리카,-18.8,남아프리카공화국,425.0,345.0,3,남성,1
202601,아프리카,-5.2,남아프리카공화국,768.0,728.0,3,여성,1
202601,아프리카,-57.7,남아프리카공화국,137.0,58.0,3,승무원,1
202601,아프리카,-15.0,남아프리카공화국,1330.0,1131.0,3,전체,1
202601,아프리카,-1.3,기타,1174.0,1159.0,3,남성,2
202601,아프리카,4.8,기타,563.0,590.0,3,여성,2
202601,아프리카,-80.2,기타,1422.0,282.0,3,승무원,2
202601,아프리카,-35.7,기타,3159.0,2031.0,3,전체,2
202601,기타,-22.2,연도대륙,9.0,7.0,2,남성,0
202601,기타,-75.0,연도대륙,4.0,1.0,2,여성,0
202601,기타,-100.0,연도대륙,4.0,0.0,2,승무원,0
202601,기타,-52.9,연도대륙,17.0,8.0,2,전체,0
202601,기타,-22.2,기타,9.0,7.0,3,남성,1
202601,기타,-75.0,기타,4.0,1.0,3,여성,1
202601,기타,-100.0,기타,4.0,0.0,3,승무원,1
202601,기타,-52.9,기타,17.0,8.0,3,전체,1
202601,교포,-32.2,연도대륙,874.0,593.0,2,남성,0
202601,교포,-33.5,연도대륙,1196.0,795.0,2,여성,0
202601,교포,0.0,연도대륙,0.0,0.0,2,승무원,0
202601,교포,-32.9,연도대륙,2070.0,1388.0,2,전체,0
202601,교포,-32.2,교포,874.0,593.0,3,남성,1
202601,교포,-33.5,교포,1196.0,795.0,3,여성,1
202601,교포,0.0,교포,0.0,0.0,3,승무원,1
202601,교포,-32.9,교포,2070.0,1388.0,3,전체,1
202602,대륙전체,20.4,연도,446724.0,537722.0,1,남성,0
202602,대륙전체,29.8,연도,611503.0,793903.0,1,여성,0
202602,대륙전체,24.5,연도,80181.0,99847.0,1,승무원,0
202602,대륙전체,25.7,연도,1138408.0,1431472.0,1,전체,0
202602,아시아,23.0,연도대륙,364400.0,448047.0,2,남성,0
202602,아시아,31.7,연도대륙,537514.0,708077.0,2,여성,0
202602,아시아,29.6,연도대륙,57486.0,74512.0,2,승무원,0
202602,아시아,28.3,연도대륙,959400.0,1230636.0,2,전체,0
202602,아시아,34.0,중국,132139.0,177034.0,3,남성,1
202602,아시아,57.1,중국,197469.0,310270.0,3,여성,1
202602,아시아,53.4,중국,11252.0,17259.0,3,승무원,1
202602,아시아,48.0,중국,340860.0,504563.0,3,전체,1
202602,아시아,8.0,일본,72947.0,78778.0,3,남성,2
202602,아시아,1.2,일본,150044.0,151891.0,3,여성,2
202602,아시아,45.3,일본,1491.0,2166.0,3,승무원,2
202602,아시아,3.7,일본,224482.0,232835.0,3,전체,2
202602,아시아,64.3,대만,42579.0,69974.0,3,남성,3
202602,아시아,47.1,대만,77102.0,113411.0,3,여성,3
202602,아시아,10.2,대만,334.0,368.0,3,승무원,3
202602,아시아,53.1,대만,120015.0,183753.0,3,전체,3
202602,아시아,78.1,홍콩,9676.0,17232.0,3,남성,4
202602,아시아,45.6,홍콩,20465.0,29801.0,3,여성,4
202602,아시아,27.1,홍콩,129.0,164.0,3,승무원,4
202602,아시아,55.9,홍콩,30270.0,47197.0,3,전체,4
202602,아시아,95.6,마카오,728.0,1424.0,3,남성,5
202602,아시아,92.6,마카오,1307.0,2517.0,3,여성,5
202602,아시아,6.9,마카오,58.0,62.0,3,승무원,5
202602,아시아,91.3,마카오,2093.0,4003.0,3,전체,5
202602,아시아,3.2,필리핀,13474.0,13907.0,3,남성,6
202602,아시아,18.9,필리핀,11293.0,13433.0,3,여성,6
202602,아시아,22.3,필리핀,12922.0,15807.0,3,승무원,6
202602,아시아,14.5,필리핀,37689.0,43147.0,3,전체,6
202602,아시아,-5.6,인도네시아,8655.0,8172.0,3,남성,7
202602,아시아,-8.6,인도네시아,8443.0,7715.0,3,여성,7
202602,아시아,42.0,인도네시아,7476.0,10618.0,3,승무원,7
202602,아시아,7.9,인도네시아,24574.0,26505.0,3,전체,7
202602,아시아,16.3,태국,7030.0,8179.0,3,남성,8
202602,아시아,24.5,태국,10819.0,13473.0,3,여성,8
202602,아시아,37.0,태국,2749.0,3767.0,3,승무원,8
202602,아시아,23.4,태국,20598.0,25419.0,3,전체,8
202602,아시아,-12.9,베트남,24544.0,21375.0,3,남성,9
202602,아시아,10.2,베트남,20734.0,22859.0,3,여성,9
202602,아시아,-2.0,베트남,6035.0,5912.0,3,승무원,9
202602,아시아,-2.3,베트남,51313.0,50146.0,3,전체,9
202602,아시아,-2.6,인도,5322.0,5185.0,3,남성,10
202602,아시아,22.2,인도,1206.0,1474.0,3,여성,10
202602,아시아,27.8,인도,5058.0,6462.0,3,승무원,10
202602,아시아,13.2,인도,11586.0,13121.0,3,전체,10
202602,아시아,-10.5,말레이시아,9637.0,8627.0,3,남성,11
202602,아시아,-10.7,말레이시아,13443.0,12006.0,3,여성,11
202602,아시아,5.7,말레이시아,2081.0,2200.0,3,승무원,11
202602,아시아,-9.3,말레이시아,25161.0,22833.0,3,전체,11
202602,아시아,10.5,싱가포르,6165.0,6813.0,3,남성,12
202602,아시아,11.3,싱가포르,8143.0,9065.0,3,여성,12
202602,아시아,2.8,싱가포르,1177.0,1210.0,3,승무원,12
202602,아시아,10.4,싱가포르,15485.0,17088.0,3,전체,12
202602,아시아,3.7,몽골,4985.0,5171.0,3,남성,13
202602,아시아,20.9,몽골,6166.0,7456.0,3,여성,13
202602,아시아,176.9,몽골,13.0,36.0,3,승무원,13
202602,아시아,13.4,몽골,11164.0,12663.0,3,전체,13
202602,아시아,7.6,우즈베키스탄,4608.0,4957.0,3,남성,14
202602,아시아,20.1,우즈베키스탄,1506.0,1809.0,3,여성,14
202602,아시아,26.8,우즈베키스탄,354.0,449.0,3,승무원,14
202602,아시아,11.5,우즈베키스탄,6468.0,7215.0,3,전체,14
202602,아시아,3.6,미얀마,2665.0,2760.0,3,남성,15
202602,아시아,75.3,미얀마,656.0,1150.0,3,여성,15
202602,아시아,26.3,미얀마,3555.0,4491.0,3,승무원,15
202602,아시아,22.2,미얀마,6876.0,8401.0,3,전체,15
202602,아시아,-47.6,GCC,1005.0,527.0,3,남성,16
202602,아시아,-48.5,GCC,584.0,301.0,3,여성,16
202602,아시아,-34.7,GCC,95.0,62.0,3,승무원,16
202602,아시아,-47.1,GCC,1684.0,890.0,3,전체,16
202602,아시아,10.9,카자흐스탄,1553.0,1722.0,3,남성,17
202602,아시아,8.5,카자흐스탄,2450.0,2658.0,3,여성,17
202602,아시아,63.5,카자흐스탄,282.0,461.0,3,승무원,17
202602,아시아,13.0,카자흐스탄,4285.0,4841.0,3,전체,17
202602,아시아,24.0,튀르키예,829.0,1028.0,3,남성,18
202602,아시아,36.2,튀르키예,690.0,940.0,3,여성,18
202602,아시아,8.1,튀르키예,876.0,947.0,3,승무원,18
202602,아시아,21.7,튀르키예,2395.0,2915.0,3,전체,18
202602,아시아,1.8,캄보디아,2766.0,2816.0,3,남성,19
202602,아시아,25.3,캄보디아,1201.0,1505.0,3,여성,19
202602,아시아,-8.8,캄보디아,147.0,134.0,3,승무원,19
202602,아시아,8.3,캄보디아,4114.0,4455.0,3,전체,19
202602,아시아,-5.9,스리랑카,1885.0,1773.0,3,남성,20
202602,아시아,-7.0,스리랑카,273.0,254.0,3,여성,20
202602,아시아,38.4,스리랑카,440.0,609.0,3,승무원,20
202602,아시아,1.5,스리랑카,2598.0,2636.0,3,전체,20
202602,아시아,-2.3,방글라데시,2312.0,2259.0,3,남성,21
202602,아시아,14.6,방글라데시,288.0,330.0,3,여성,21
202602,아시아,227.7,방글라데시,65.0,213.0,3,승무원,21
202602,아시아,5.1,방글라데시,2665.0,2802.0,3,전체,21
202602,아시아,-1.4,파키스탄,1254.0,1237.0,3,남성,22
202602,아시아,7.2,파키스탄,251.0,269.0,3,여성,22
202602,아시아,-31.3,파키스탄,67.0,46.0,3,승무원,22
202602,아시아,-1.3,파키스탄,1572.0,1552.0,3,전체,22
202602,아시아,0.2,이스라엘,467.0,468.0,3,남성,23
202602,아시아,66.5,이스라엘,197.0,328.0,3,여성,23
202602,아시아,-9.1,이스라엘,11.0,10.0,3,승무원,23
202602,아시아,19.4,이스라엘,675.0,806.0,3,전체,23
202602,아시아,-30.9,이란,81.0,56.0,3,남성,24
202602,아시아,1.1,이란,93.0,94.0,3,여성,24
202602,아시아,-30.0,이란,10.0,7.0,3,승무원,24
202602,아시아,-14.7,이란,184.0,157.0,3,전체,24
202602,아시아,-7.3,기타,7094.0,6573.0,3,남성,25
202602,아시아,14.0,기타,2691.0,3068.0,3,여성,25
202602,아시아,30.0,기타,809.0,1052.0,3,승무원,25
202602,아시아,0.9,기타,10594.0,10693.0,3,전체,25
202602,아메리카,10.3,연도대륙,43864.0,48364.0,2,남성,0
202602,아메리카,14.6,연도대륙,42285.0,48479.0,2,여성,0
202602,아메리카,2.6,연도대륙,10373.0,10643.0,2,승무원,0
202602,아메리카,11.4,연도대륙,96522.0,107486.0,2,전체,0
202602,아메리카,10.1,미국,33337.0,36703.0,3,남성,1
202602,아메리카,15.2,미국,30987.0,35690.0,3,여성,1
202602,아메리카,0.3,미국,8121.0,8147.0,3,승무원,1
202602,아메리카,11.2,미국,72445.0,80540.0,3,전체,1
202602,아메리카,14.7,캐나다,6551.0,7512.0,3,남성,2
202602,아메리카,13.2,캐나다,6745.0,7637.0,3,여성,2
202602,아메리카,-6.3,캐나다,956.0,896.0,3,승무원,2
202602,아메리카,12.6,캐나다,14252.0,16045.0,3,전체,2
202602,아메리카,18.5,브라질,931.0,1103.0,3,남성,3
202602,아메리카,32.9,브라질,845.0,1123.0,3,여성,3
202602,아메리카,101.0,브라질,194.0,390.0,3,승무원,3
202602,아메리카,32.8,브라질,1970.0,2616.0,3,전체,3
202602,아메리카,-20.2,멕시코,1796.0,1433.0,3,남성,4
202602,아메리카,-10.0,멕시코,2104.0,1893.0,3,여성,4
202602,아메리카,-27.4,멕시코,686.0,498.0,3,승무원,4
202602,아메리카,-16.6,멕시코,4586.0,3824.0,3,전체,4
202602,아메리카,29.1,기타,1249.0,1613.0,3,남성,5
202602,아메리카,33.2,기타,1604.0,2136.0,3,여성,5
202602,아메리카,71.2,기타,416.0,712.0,3,승무원,5
202602,아메리카,36.5,기타,3269.0,4461.0,3,전체,5
202602,유럽,12.6,연도대륙,28248.0,31809.0,2,남성,0
202602,유럽,26.6,연도대륙,22048.0,27903.0,2,여성,0
202602,유럽,13.4,연도대륙,10126.0,11479.0,2,승무원,0
202602,유럽,17.8,연도대륙,60422.0,71191.0,2,전체,0
202602,유럽,11.3,러시아,3997.0,4450.0,3,남성,1
202602,유럽,18.7,러시아,4465.0,5300.0,3,여성,1
202602,유럽,20.6,러시아,3395.0,4096.0,3,승무원,1
202602,유럽,16.8,러시아,11857.0,13846.0,3,전체,1
202602,유럽,9.8,영국,4243.0,4660.0,3,남성,2
202602,유럽,20.2,영국,2893.0,3477.0,3,여성,2
202602,유럽,45.0,영국,262.0,380.0,3,승무원,2
202602,유럽,15.1,영국,7398.0,8517.0,3,전체,2
202602,유럽,3.5,독일,4222.0,4370.0,3,남성,3
202602,유럽,22.1,독일,2642.0,3227.0,3,여성,3
202602,유럽,-5.3,독일,733.0,694.0,3,승무원,3
202602,유럽,9.1,독일,7597.0,8291.0,3,전체,3
202602,유럽,16.8,프랑스,4203.0,4911.0,3,남성,4
202602,유럽,20.4,프랑스,3956.0,4762.0,3,여성,4
202602,유럽,-13.5,프랑스,755.0,653.0,3,승무원,4
202602,유럽,15.8,프랑스,8914.0,10326.0,3,전체,4
202602,유럽,13.2,이탈리아,1632.0,1847.0,3,남성,5
202602,유럽,24.8,이탈리아,1038.0,1295.0,3,여성,5
202602,유럽,55.5,이탈리아,449.0,698.0,3,승무원,5
202602,유럽,23.1,이탈리아,3119.0,3840.0,3,전체,5
202602,유럽,-2.3,네덜란드,1299.0,1269.0,3,남성,6
202602,유럽,24.5,네덜란드,760.0,946.0,3,여성,6
202602,유럽,10.5,네덜란드,743.0,821.0,3,승무원,6
202602,유럽,8.4,네덜란드,2802.0,3036.0,3,전체,6
202602,유럽,-10.2,우크라이나,511.0,459.0,3,남성,7
202602,유럽,22.2,우크라이나,252.0,308.0,3,여성,7
202602,유럽,-1.5,우크라이나,1052.0,1036.0,3,승무원,7
202602,유럽,-0.7,우크라이나,1815.0,1803.0,3,전체,7
202602,유럽,23.1,스페인,1036.0,1275.0,3,남성,8
202602,유럽,36.7,스페인,864.0,1181.0,3,여성,8
202602,유럽,-10.1,스페인,119.0,107.0,3,승무원,8
202602,유럽,26.9,스페인,2019.0,2563.0,3,전체,8
202602,유럽,-8.9,루마니아,314.0,286.0,3,남성,9
202602,유럽,34.8,루마니아,184.0,248.0,3,여성,9
202602,유럽,29.6,루마니아,280.0,363.0,3,승무원,9
202602,유럽,15.3,루마니아,778.0,897.0,3,전체,9
202602,유럽,71.6,노르웨이,341.0,585.0,3,남성,10
202602,유럽,57.7,노르웨이,260.0,410.0,3,여성,10
202602,유럽,42.1,노르웨이,19.0,27.0,3,승무원,10
202602,유럽,64.8,노르웨이,620.0,1022.0,3,전체,10
202602,유럽,20.5,스웨덴,623.0,751.0,3,남성,11
202602,유럽,73.9,스웨덴,368.0,640.0,3,여성,11
202602,유럽,155.2,스웨덴,58.0,148.0,3,승무원,11
202602,유럽,46.7,스웨덴,1049.0,1539.0,3,전체,11
202602,유럽,25.9,폴란드,905.0,1139.0,3,남성,12
202602,유럽,45.2,폴란드,915.0,1329.0,3,여성,12
202602,유럽,1.6,폴란드,640.0,650.0,3,승무원,12
202602,유럽,26.7,폴란드,2460.0,3118.0,3,전체,12
202602,유럽,43.5,스위스,549.0,788.0,3,남성,13
202602,유럽,67.6,스위스,401.0,672.0,3,여성,13
202602,유럽,-20.6,스위스,34.0,27.0,3,승무원,13
202602,유럽,51.1,스위스,984.0,1487.0,3,전체,13
202602,유럽,54.1,포르투갈,292.0,450.0,3,남성,14
202602,유럽,90.3,포르투갈,237.0,451.0,3,여성,14
202602,유럽,53.9,포르투갈,76.0,117.0,3,승무원,14
202602,유럽,68.3,포르투갈,605.0,1018.0,3,전체,14
202602,유럽,3.7,오스트리아,463.0,480.0,3,남성,15
202602,유럽,41.1,오스트리아,285.0,402.0,3,여성,15
202602,유럽,-51.2,오스트리아,82.0,40.0,3,승무원,15
202602,유럽,11.1,오스트리아,830.0,922.0,3,전체,15
202602,유럽,8.7,핀란드,379.0,412.0,3,남성,16
202602,유럽,34.2,핀란드,336.0,451.0,3,여성,16
202602,유럽,6.6,핀란드,241.0,257.0,3,승무원,16
202602,유럽,17.2,핀란드,956.0,1120.0,3,전체,16
202602,유럽,4.2,벨기에,478.0,498.0,3,남성,17
202602,유럽,24.7,벨기에,364.0,454.0,3,여성,17
202602,유럽,-15.6,벨기에,109.0,92.0,3,승무원,17
202602,유럽,9.8,벨기에,951.0,1044.0,3,전체,17
202602,유럽,7.4,크로아티아,175.0,188.0,3,남성,18
202602,유럽,38.0,크로아티아,50.0,69.0,3,여성,18
202602,유럽,28.4,크로아티아,169.0,217.0,3,승무원,18
202602,유럽,20.3,크로아티아,394.0,474.0,3,전체,18
202602,유럽,2.7,그리스,367.0,377.0,3,남성,19
202602,유럽,61.1,그리스,95.0,153.0,3,여성,19
202602,유럽,25.5,그리스,153.0,192.0,3,승무원,19
202602,유럽,17.4,그리스,615.0,722.0,3,전체,19
202602,유럽,17.3,불가리아,110.0,129.0,3,남성,20
202602,유럽,55.2,불가리아,67.0,104.0,3,여성,20
202602,유럽,44.1,불가리아,93.0,134.0,3,승무원,20
202602,유럽,35.9,불가리아,270.0,367.0,3,전체,20
202602,유럽,32.3,덴마크,403.0,533.0,3,남성,21
202602,유럽,53.9,덴마크,256.0,394.0,3,여성,21
202602,유럽,473.3,덴마크,15.0,86.0,3,승무원,21
202602,유럽,50.3,덴마크,674.0,1013.0,3,전체,21
202602,유럽,23.3,아일랜드,378.0,466.0,3,남성,22
202602,유럽,37.1,아일랜드,251.0,344.0,3,여성,22
202602,유럽,194.4,아일랜드,18.0,53.0,3,승무원,22
202602,유럽,33.4,아일랜드,647.0,863.0,3,전체,22
202602,유럽,11.9,기타,1328.0,1486.0,3,남성,23
202602,유럽,16.0,기타,1109.0,1286.0,3,여성,23
202602,유럽,-6.3,기타,631.0,591.0,3,승무원,23
202602,유럽,9.6,기타,3068.0,3363.0,3,전체,23
202602,오세아니아,-1.9,연도대륙,7390.0,7252.0,2,남성,0
202602,오세아니아,-1.0,연도대륙,6848.0,6779.0,2,여성,0
202602,오세아니아,-17.1,연도대륙,840.0,696.0,2,승무원,0
202602,오세아니아,-2.3,연도대륙,15078.0,14727.0,2,전체,0
202602,오세아니아,-0.5,호주,6184.0,6156.0,3,남성,1
202602,오세아니아,-0.9,호주,5839.0,5789.0,3,여성,1
202602,오세아니아,-16.3,호주,615.0,515.0,3,승무원,1
202602,오세아니아,-1.4,호주,12638.0,12460.0,3,전체,1
202602,오세아니아,-9.4,뉴질랜드,1138.0,1031.0,3,남성,2
202602,오세아니아,-5.2,뉴질랜드,958.0,908.0,3,여성,2
202602,오세아니아,-40.4,뉴질랜드,203.0,121.0,3,승무원,2
202602,오세아니아,-10.4,뉴질랜드,2299.0,2060.0,3,전체,2
202602,오세아니아,-4.4,기타,68.0,65.0,3,남성,3
202602,오세아니아,60.8,기타,51.0,82.0,3,여성,3
202602,오세아니아,172.7,기타,22.0,60.0,3,승무원,3
202602,오세아니아,46.8,기타,141.0,207.0,3,전체,3
202602,아프리카,-13.0,연도대륙,1993.0,1734.0,2,남성,0
202602,아프리카,11.5,연도대륙,1733.0,1932.0,2,여성,0
202602,아프리카,86.0,연도대륙,1351.0,2513.0,2,승무원,0
202602,아프리카,21.7,연도대륙,5077.0,6179.0,2,전체,0
202602,아프리카,4.1,남아프리카공화국,391.0,407.0,3,남성,1
202602,아프리카,20.3,남아프리카공화국,995.0,1197.0,3,여성,1
202602,아프리카,156.7,남아프리카공화국,150.0,385.0,3,승무원,1
202602,아프리카,29.5,남아프리카공화국,1536.0,1989.0,3,전체,1
202602,아프리카,-17.2,기타,1602.0,1327.0,3,남성,2
202602,아프리카,-0.4,기타,738.0,735.0,3,여성,2
202602,아프리카,77.2,기타,1201.0,2128.0,3,승무원,2
202602,아프리카,18.3,기타,3541.0,4190.0,3,전체,2
202602,기타,0.0,연도대륙,8.0,8.0,2,남성,0
202602,기타,133.3,연도대륙,3.0,7.0,2,여성,0
202602,기타,-20.0,연도대륙,5.0,4.0,2,승무원,0
202602,기타,18.8,연도대륙,16.0,19.0,2,전체,0
202602,기타,0.0,기타,8.0,8.0,3,남성,1
202602,기타,133.3,기타,3.0,7.0,3,여성,1
202602,기타,-20.0,기타,5.0,4.0,3,승무원,1
202602,기타,18.8,기타,16.0,19.0,3,전체,1
202602,교포,-38.1,연도대륙,821.0,508.0,2,남성,0
202602,교포,-32.3,연도대륙,1072.0,726.0,2,여성,0
202602,교포,0.0,연도대륙,0.0,0.0,2,승무원,0
202602,교포,-34.8,연도대륙,1893.0,1234.0,2,전체,0
202602,교포,-38.1,교포,821.0,508.0,3,남성,1
202602,교포,-32.3,교포,1072.0,726.0,3,여성,1
202602,교포,0.0,교포,0.0,0.0,3,승무원,1
202602,교포,-34.8,교포,1893.0,1234.0,3,전체,1
202603,대륙전체,28.7,연도,566401.0,728900.0,1,남성,0
202603,대륙전체,25.4,연도,944171.0,1184057.0,1,여성,0
202603,대륙전체,27.9,연도,104024.0,133035.0,1,승무원,0
202603,대륙전체,26.7,연도,1614596.0,2045992.0,1,전체,0
202603,아시아,29.4,연도대륙,424892.0,549922.0,2,남성,0
202603,아시아,24.4,연도대륙,799441.0,994182.0,2,여성,0
202603,아시아,38.8,연도대륙,72721.0,100968.0,2,승무원,0
202603,아시아,26.8,연도대륙,1297054.0,1645072.0,2,전체,0
202603,아시아,17.1,중국,137061.0,160539.0,3,남성,1
202603,아시아,19.8,중국,266728.0,319654.0,3,여성,1
202603,아시아,59.8,중국,13060.0,20867.0,3,승무원,1
202603,아시아,20.2,중국,416849.0,501060.0,3,전체,1
202603,아시아,33.2,일본,112642.0,150058.0,3,남성,2
202603,아시아,22.2,일본,268981.0,328651.0,3,여성,2
202603,아시아,82.4,일본,1689.0,3080.0,3,승무원,2
202603,아시아,25.7,일본,383312.0,481789.0,3,전체,2
202603,아시아,43.0,대만,42917.0,61351.0,3,남성,3
202603,아시아,34.8,대만,96710.0,130355.0,3,여성,3
202603,아시아,10.8,대만,390.0,432.0,3,승무원,3
202603,아시아,37.2,대만,140017.0,192138.0,3,전체,3
202603,아시아,48.0,홍콩,12243.0,18120.0,3,남성,4
202603,아시아,29.8,홍콩,31636.0,41057.0,3,여성,4
202603,아시아,23.8,홍콩,151.0,187.0,3,승무원,4
202603,아시아,34.8,홍콩,44030.0,59364.0,3,전체,4
202603,아시아,31.4,마카오,703.0,924.0,3,남성,5
202603,아시아,20.3,마카오,2315.0,2786.0,3,여성,5
202603,아시아,9.1,마카오,66.0,72.0,3,승무원,5
202603,아시아,22.6,마카오,3084.0,3782.0,3,전체,5
202603,아시아,40.7,필리핀,14670.0,20638.0,3,남성,6
202603,아시아,40.2,필리핀,16754.0,23484.0,3,여성,6
202603,아시아,33.0,필리핀,19549.0,25998.0,3,승무원,6
202603,아시아,37.6,필리핀,50973.0,70120.0,3,전체,6
202603,아시아,33.0,인도네시아,10425.0,13862.0,3,남성,7
202603,아시아,27.2,인도네시아,11970.0,15227.0,3,여성,7
202603,아시아,59.0,인도네시아,9930.0,15787.0,3,승무원,7
202603,아시아,38.8,인도네시아,32325.0,44876.0,3,전체,7
202603,아시아,39.6,태국,8298.0,11585.0,3,남성,8
202603,아시아,45.9,태국,16617.0,24247.0,3,여성,8
202603,아시아,34.6,태국,3027.0,4074.0,3,승무원,8
202603,아시아,42.8,태국,27942.0,39906.0,3,전체,8
202603,아시아,59.7,베트남,22146.0,35368.0,3,남성,9
202603,아시아,38.6,베트남,24050.0,33328.0,3,여성,9
202603,아시아,-7.7,베트남,6678.0,6163.0,3,승무원,9
202603,아시아,41.6,베트남,52874.0,74859.0,3,전체,9
202603,아시아,27.1,인도,6311.0,8020.0,3,남성,10
202603,아시아,35.2,인도,2460.0,3327.0,3,여성,10
202603,아시아,35.6,인도,7311.0,9913.0,3,승무원,10
202603,아시아,32.2,인도,16082.0,21260.0,3,전체,10
202603,아시아,39.3,말레이시아,8532.0,11884.0,3,남성,11
202603,아시아,37.3,말레이시아,14033.0,19274.0,3,여성,11
202603,아시아,11.9,말레이시아,2215.0,2478.0,3,승무원,11
202603,아시아,35.7,말레이시아,24780.0,33636.0,3,전체,11
202603,아시아,17.7,싱가포르,13560.0,15960.0,3,남성,12
202603,아시아,14.6,싱가포르,21493.0,24627.0,3,여성,12
202603,아시아,7.2,싱가포르,1317.0,1412.0,3,승무원,12
202603,아시아,15.5,싱가포르,36370.0,41999.0,3,전체,12
202603,아시아,4.8,몽골,6181.0,6476.0,3,남성,13
202603,아시아,5.3,몽골,8635.0,9092.0,3,여성,13
202603,아시아,3.2,몽골,31.0,32.0,3,승무원,13
202603,아시아,5.1,몽골,14847.0,15600.0,3,전체,13
202603,아시아,38.8,우즈베키스탄,4070.0,5651.0,3,남성,14
202603,아시아,16.1,우즈베키스탄,1358.0,1576.0,3,여성,14
202603,아시아,42.6,우즈베키스탄,401.0,572.0,3,승무원,14
202603,아시아,33.8,우즈베키스탄,5829.0,7799.0,3,전체,14
202603,아시아,19.9,미얀마,2387.0,2861.0,3,남성,15
202603,아시아,60.2,미얀마,999.0,1600.0,3,여성,15
202603,아시아,72.5,미얀마,3637.0,6273.0,3,승무원,15
202603,아시아,52.8,미얀마,7023.0,10734.0,3,전체,15
202603,아시아,-40.1,GCC,828.0,496.0,3,남성,16
202603,아시아,-47.4,GCC,869.0,457.0,3,여성,16
202603,아시아,-63.5,GCC,85.0,31.0,3,승무원,16
202603,아시아,-44.8,GCC,1782.0,984.0,3,전체,16
202603,아시아,7.5,카자흐스탄,2142.0,2303.0,3,남성,17
202603,아시아,4.7,카자흐스탄,3748.0,3923.0,3,여성,17
202603,아시아,22.0,카자흐스탄,377.0,460.0,3,승무원,17
202603,아시아,6.7,카자흐스탄,6267.0,6686.0,3,전체,17
202603,아시아,21.8,튀르키예,1990.0,2423.0,3,남성,18
202603,아시아,26.0,튀르키예,2375.0,2992.0,3,여성,18
202603,아시아,-7.6,튀르키예,1075.0,993.0,3,승무원,18
202603,아시아,17.8,튀르키예,5440.0,6408.0,3,전체,18
202603,아시아,22.5,캄보디아,3186.0,3903.0,3,남성,19
202603,아시아,-8.9,캄보디아,1831.0,1668.0,3,여성,19
202603,아시아,22.1,캄보디아,95.0,116.0,3,승무원,19
202603,아시아,11.2,캄보디아,5112.0,5687.0,3,전체,19
202603,아시아,16.3,스리랑카,1585.0,1843.0,3,남성,20
202603,아시아,7.1,스리랑카,410.0,439.0,3,여성,20
202603,아시아,-12.6,스리랑카,564.0,493.0,3,승무원,20
202603,아시아,8.4,스리랑카,2559.0,2775.0,3,전체,20
202603,아시아,100.0,방글라데시,1485.0,2970.0,3,남성,21
202603,아시아,125.1,방글라데시,215.0,484.0,3,여성,21
202603,아시아,-5.4,방글라데시,130.0,123.0,3,승무원,21
202603,아시아,95.5,방글라데시,1830.0,3577.0,3,전체,21
202603,아시아,21.3,파키스탄,884.0,1072.0,3,남성,22
202603,아시아,46.5,파키스탄,155.0,227.0,3,여성,22
202603,아시아,-21.2,파키스탄,66.0,52.0,3,승무원,22
202603,아시아,22.3,파키스탄,1105.0,1351.0,3,전체,22
202603,아시아,-43.7,이스라엘,1107.0,623.0,3,남성,23
202603,아시아,-32.7,이스라엘,915.0,616.0,3,여성,23
202603,아시아,200.0,이스라엘,7.0,21.0,3,승무원,23
202603,아시아,-37.9,이스라엘,2029.0,1260.0,3,전체,23
202603,아시아,-87.1,이란,287.0,37.0,3,남성,24
202603,아시아,-85.6,이란,326.0,47.0,3,여성,24
202603,아시아,-45.0,이란,20.0,11.0,3,승무원,24
202603,아시아,-85.0,이란,633.0,95.0,3,전체,24
202603,아시아,18.4,기타,9252.0,10955.0,3,남성,25
202603,아시아,30.7,기타,3858.0,5044.0,3,여성,25
202603,아시아,56.2,기타,850.0,1328.0,3,승무원,25
202603,아시아,24.1,기타,13960.0,17327.0,3,전체,25
202603,아메리카,19.2,연도대륙,76627.0,91349.0,2,남성,0
202603,아메리카,21.2,연도대륙,83420.0,101088.0,2,여성,0
202603,아메리카,-0.6,연도대륙,13586.0,13511.0,2,승무원,0
202603,아메리카,18.6,연도대륙,173633.0,205948.0,2,전체,0
202603,아메리카,16.1,미국,58956.0,68430.0,3,남성,1
202603,아메리카,17.6,미국,62859.0,73932.0,3,여성,1
202603,아메리카,-2.4,미국,10302.0,10054.0,3,승무원,1
202603,아메리카,15.4,미국,132117.0,152416.0,3,전체,1
202603,아메리카,35.8,캐나다,11237.0,15257.0,3,남성,2
202603,아메리카,30.5,캐나다,12596.0,16433.0,3,여성,2
202603,아메리카,-4.5,캐나다,1185.0,1132.0,3,승무원,2
202603,아메리카,31.2,캐나다,25018.0,32822.0,3,전체,2
202603,아메리카,-8.7,브라질,1635.0,1492.0,3,남성,3
202603,아메리카,4.9,브라질,2040.0,2140.0,3,여성,3
202603,아메리카,35.6,브라질,337.0,457.0,3,승무원,3
202603,아메리카,1.9,브라질,4012.0,4089.0,3,전체,3
202603,아메리카,34.2,멕시코,2597.0,3484.0,3,남성,4
202603,아메리카,53.6,멕시코,3197.0,4911.0,3,여성,4
202603,아메리카,-19.6,멕시코,755.0,607.0,3,승무원,4
202603,아메리카,37.5,멕시코,6549.0,9002.0,3,전체,4
202603,아메리카,22.0,기타,2202.0,2686.0,3,남성,5
202603,아메리카,34.6,기타,2728.0,3672.0,3,여성,5
202603,아메리카,25.2,기타,1007.0,1261.0,3,승무원,5
202603,아메리카,28.3,기타,5937.0,7619.0,3,전체,5
202603,유럽,39.0,연도대륙,50715.0,70494.0,2,남성,0
202603,유럽,51.2,연도대륙,46524.0,70344.0,2,여성,0
202603,유럽,2.5,연도대륙,14033.0,14378.0,2,승무원,0
202603,유럽,39.5,연도대륙,111272.0,155216.0,2,전체,0
202603,유럽,13.4,러시아,6383.0,7240.0,3,남성,1
202603,유럽,20.6,러시아,8421.0,10155.0,3,여성,1
202603,유럽,-10.1,러시아,4518.0,4063.0,3,승무원,1
202603,유럽,11.1,러시아,19322.0,21458.0,3,전체,1
202603,유럽,33.9,영국,8306.0,11122.0,3,남성,2
202603,유럽,45.9,영국,6942.0,10130.0,3,여성,2
202603,유럽,31.3,영국,469.0,616.0,3,승무원,2
202603,유럽,39.1,영국,15717.0,21868.0,3,전체,2
202603,유럽,38.1,독일,9219.0,12730.0,3,남성,3
202603,유럽,54.1,독일,7670.0,11818.0,3,여성,3
202603,유럽,-23.8,독일,1445.0,1101.0,3,승무원,3
202603,유럽,39.9,독일,18334.0,25649.0,3,전체,3
202603,유럽,31.2,프랑스,6159.0,8079.0,3,남성,4
202603,유럽,38.0,프랑스,5676.0,7832.0,3,여성,4
202603,유럽,-4.3,프랑스,995.0,952.0,3,승무원,4
202603,유럽,31.4,프랑스,12830.0,16863.0,3,전체,4
202603,유럽,54.7,이탈리아,2776.0,4294.0,3,남성,5
202603,유럽,66.4,이탈리아,2304.0,3834.0,3,여성,5
202603,유럽,31.0,이탈리아,623.0,816.0,3,승무원,5
202603,유럽,56.8,이탈리아,5703.0,8944.0,3,전체,5
202603,유럽,24.1,네덜란드,2136.0,2650.0,3,남성,6
202603,유럽,37.7,네덜란드,1567.0,2158.0,3,여성,6
202603,유럽,20.7,네덜란드,884.0,1067.0,3,승무원,6
202603,유럽,28.1,네덜란드,4587.0,5875.0,3,전체,6
202603,유럽,0.0,우크라이나,581.0,581.0,3,남성,7
202603,유럽,31.9,우크라이나,273.0,360.0,3,여성,7
202603,유럽,31.1,우크라이나,1127.0,1477.0,3,승무원,7
202603,유럽,22.1,우크라이나,1981.0,2418.0,3,전체,7
202603,유럽,64.6,스페인,1995.0,3284.0,3,남성,8
202603,유럽,84.5,스페인,1919.0,3540.0,3,여성,8
202603,유럽,0.0,스페인,150.0,150.0,3,승무원,8
202603,유럽,71.6,스페인,4064.0,6974.0,3,전체,8
202603,유럽,34.9,루마니아,682.0,920.0,3,남성,9
202603,유럽,37.5,루마니아,801.0,1101.0,3,여성,9
202603,유럽,21.6,루마니아,440.0,535.0,3,승무원,9
202603,유럽,32.9,루마니아,1923.0,2556.0,3,전체,9
202603,유럽,89.8,노르웨이,640.0,1215.0,3,남성,10
202603,유럽,107.9,노르웨이,534.0,1110.0,3,여성,10
202603,유럽,94.4,노르웨이,18.0,35.0,3,승무원,10
202603,유럽,98.0,노르웨이,1192.0,2360.0,3,전체,10
202603,유럽,52.4,스웨덴,1082.0,1649.0,3,남성,11
202603,유럽,90.6,스웨덴,755.0,1439.0,3,여성,11
202603,유럽,284.3,스웨덴,51.0,196.0,3,승무원,11
202603,유럽,73.9,스웨덴,1888.0,3284.0,3,전체,11
202603,유럽,81.6,폴란드,1976.0,3588.0,3,남성,12
202603,유럽,88.6,폴란드,2180.0,4112.0,3,여성,12
202603,유럽,7.6,폴란드,826.0,889.0,3,승무원,12
202603,유럽,72.4,폴란드,4982.0,8589.0,3,전체,12
202603,유럽,35.7,스위스,1119.0,1518.0,3,남성,13
202603,유럽,29.9,스위스,1048.0,1361.0,3,여성,13
202603,유럽,-68.5,스위스,143.0,45.0,3,승무원,13
202603,유럽,26.6,스위스,2310.0,2924.0,3,전체,13
202603,유럽,64.4,포르투갈,604.0,993.0,3,남성,14
202603,유럽,93.0,포르투갈,617.0,1191.0,3,여성,14
202603,유럽,11.0,포르투갈,145.0,161.0,3,승무원,14
202603,유럽,71.7,포르투갈,1366.0,2345.0,3,전체,14
202603,유럽,49.7,오스트리아,756.0,1132.0,3,남성,15
202603,유럽,76.6,오스트리아,590.0,1042.0,3,여성,15
202603,유럽,-38.5,오스트리아,148.0,91.0,3,승무원,15
202603,유럽,51.6,오스트리아,1494.0,2265.0,3,전체,15
202603,유럽,66.0,핀란드,533.0,885.0,3,남성,16
202603,유럽,76.0,핀란드,455.0,801.0,3,여성,16
202603,유럽,0.7,핀란드,295.0,297.0,3,승무원,16
202603,유럽,54.6,핀란드,1283.0,1983.0,3,전체,16
202603,유럽,15.6,벨기에,829.0,958.0,3,남성,17
202603,유럽,31.5,벨기에,613.0,806.0,3,여성,17
202603,유럽,21.1,벨기에,123.0,149.0,3,승무원,17
202603,유럽,22.2,벨기에,1565.0,1913.0,3,전체,17
202603,유럽,41.7,크로아티아,228.0,323.0,3,남성,18
202603,유럽,156.7,크로아티아,97.0,249.0,3,여성,18
202603,유럽,38.0,크로아티아,229.0,316.0,3,승무원,18
202603,유럽,60.3,크로아티아,554.0,888.0,3,전체,18
202603,유럽,29.8,그리스,591.0,767.0,3,남성,19
202603,유럽,24.8,그리스,371.0,463.0,3,여성,19
202603,유럽,10.5,그리스,238.0,263.0,3,승무원,19
202603,유럽,24.4,그리스,1200.0,1493.0,3,전체,19
202603,유럽,21.0,불가리아,367.0,444.0,3,남성,20
202603,유럽,18.8,불가리아,430.0,511.0,3,여성,20
202603,유럽,83.6,불가리아,152.0,279.0,3,승무원,20
202603,유럽,30.0,불가리아,949.0,1234.0,3,전체,20
202603,유럽,100.1,덴마크,749.0,1499.0,3,남성,21
202603,유럽,155.1,덴마크,594.0,1515.0,3,여성,21
202603,유럽,153.3,덴마크,60.0,152.0,3,승무원,21
202603,유럽,125.7,덴마크,1403.0,3166.0,3,전체,21
202603,유럽,38.0,아일랜드,681.0,940.0,3,남성,22
202603,유럽,83.7,아일랜드,492.0,904.0,3,여성,22
202603,유럽,29.4,아일랜드,51.0,66.0,3,승무원,22
202603,유럽,56.0,아일랜드,1224.0,1910.0,3,전체,22
202603,유럽,58.5,기타,2323.0,3683.0,3,남성,23
202603,유럽,79.9,기타,2175.0,3912.0,3,여성,23
202603,유럽,-26.7,기타,903.0,662.0,3,승무원,23
202603,유럽,52.9,기타,5401.0,8257.0,3,전체,23
202603,오세아니아,28.9,연도대륙,11536.0,14866.0,2,남성,0
202603,오세아니아,32.8,연도대륙,12164.0,16159.0,2,여성,0
202603,오세아니아,-25.6,연도대륙,1117.0,831.0,2,승무원,0
202603,오세아니아,28.4,연도대륙,24817.0,31856.0,2,전체,0
202603,오세아니아,35.1,호주,9523.0,12869.0,3,남성,1
202603,오세아니아,38.6,호주,10257.0,14213.0,3,여성,1
202603,오세아니아,-18.6,호주,794.0,646.0,3,승무원,1
202603,오세아니아,34.8,호주,20574.0,27728.0,3,전체,1
202603,오세아니아,-2.5,뉴질랜드,1909.0,1861.0,3,남성,2
202603,오세아니아,-0.4,뉴질랜드,1832.0,1824.0,3,여성,2
202603,오세아니아,-54.8,뉴질랜드,261.0,118.0,3,승무원,2
202603,오세아니아,-5.0,뉴질랜드,4002.0,3803.0,3,전체,2
202603,오세아니아,30.8,기타,104.0,136.0,3,남성,3
202603,오세아니아,62.7,기타,75.0,122.0,3,여성,3
202603,오세아니아,8.1,기타,62.0,67.0,3,승무원,3
202603,오세아니아,34.9,기타,241.0,325.0,3,전체,3
202603,아프리카,-0.9,연도대륙,1631.0,1616.0,2,남성,0
202603,아프리카,8.8,연도대륙,1097.0,1194.0,2,여성,0
202603,아프리카,30.4,연도대륙,2560.0,3339.0,2,승무원,0
202603,아프리카,16.3,연도대륙,5288.0,6149.0,2,전체,0
202603,아프리카,1.2,남아프리카공화국,336.0,340.0,3,남성,1
202603,아프리카,-3.4,남아프리카공화국,506.0,489.0,3,여성,1
202603,아프리카,65.7,남아프리카공화국,466.0,772.0,3,승무원,1
202603,아프리카,22.4,남아프리카공화국,1308.0,1601.0,3,전체,1
202603,아프리카,-1.5,기타,1295.0,1276.0,3,남성,2
202603,아프리카,19.3,기타,591.0,705.0,3,여성,2
202603,아프리카,22.6,기타,2094.0,2567.0,3,승무원,2
202603,아프리카,14.3,기타,3980.0,4548.0,3,전체,2
202603,기타,5.6,연도대륙,18.0,19.0,2,남성,0
202603,기타,400.0,연도대륙,1.0,5.0,2,여성,0
202603,기타,14.3,연도대륙,7.0,8.0,2,승무원,0
202603,기타,23.1,연도대륙,26.0,32.0,2,전체,0
202603,기타,5.6,기타,18.0,19.0,3,남성,1
202603,기타,400.0,기타,1.0,5.0,3,여성,1
202603,기타,14.3,기타,7.0,8.0,3,승무원,1
202603,기타,23.1,기타,26.0,32.0,3,전체,1
202603,교포,-35.4,연도대륙,982.0,634.0,2,남성,0
202603,교포,-28.8,연도대륙,1524.0,1085.0,2,여성,0
202603,교포,0.0,연도대륙,0.0,0.0,2,승무원,0
202603,교포,-31.4,연도대륙,2506.0,1719.0,2,전체,0
202603,교포,-35.4,교포,982.0,634.0,3,남성,1
202603,교포,-28.8,교포,1524.0,1085.0,3,여성,1
202603,교포,0.0,교포,0.0,0.0,3,승무원,1
202603,교포,-31.4,교포,2506.0,1719.0,3,전체,1
202604,대륙전체,11.0,연도,626731.0,695444.0,1,남성,0
202604,대륙전체,24.9,연도,961364.0,1200378.0,1,여성,0
202604,대륙전체,10.9,연도,119018.0,132038.0,1,승무원,0
202604,대륙전체,18.8,연도,1707113.0,2027860.0,1,전체,0
202604,아시아,12.0,연도대륙,438731.0,491429.0,2,남성,0
202604,아시아,27.9,연도대륙,756439.0,967439.0,2,여성,0
202604,아시아,18.2,연도대륙,84512.0,99930.0,2,승무원,0
202604,아시아,21.8,연도대륙,1279682.0,1558798.0,2,전체,0
202604,아시아,11.7,중국,145752.0,162828.0,3,남성,1
202604,아시아,37.7,중국,283040.0,389870.0,3,여성,1
202604,아시아,49.5,중국,14438.0,21585.0,3,승무원,1
202604,아시아,29.6,중국,443230.0,574283.0,3,전체,1
202604,아시아,11.3,일본,89000.0,99063.0,3,남성,2
202604,아시아,20.7,일본,166798.0,201363.0,3,여성,2
202604,아시아,72.3,일본,2105.0,3627.0,3,승무원,2
202604,아시아,17.9,일본,257903.0,304053.0,3,전체,2
202604,아시아,21.2,대만,50335.0,61022.0,3,남성,3
202604,아시아,30.3,대만,100886.0,131488.0,3,여성,3
202604,아시아,-12.2,대만,392.0,344.0,3,승무원,3
202604,아시아,27.2,대만,151613.0,192854.0,3,전체,3
202604,아시아,0.5,홍콩,20765.0,20864.0,3,남성,4
202604,아시아,13.9,홍콩,43661.0,49744.0,3,여성,4
202604,아시아,17.6,홍콩,165.0,194.0,3,승무원,4
202604,아시아,9.6,홍콩,64591.0,70802.0,3,전체,4
202604,아시아,35.3,마카오,839.0,1135.0,3,남성,5
202604,아시아,30.4,마카오,2345.0,3058.0,3,여성,5
202604,아시아,48.9,마카오,45.0,67.0,3,승무원,5
202604,아시아,31.9,마카오,3229.0,4260.0,3,전체,5
202604,아시아,8.9,필리핀,20778.0,22626.0,3,남성,6
202604,아시아,21.8,필리핀,24587.0,29936.0,3,여성,6
202604,아시아,1.6,필리핀,24028.0,24401.0,3,승무원,6
202604,아시아,10.9,필리핀,69393.0,76963.0,3,전체,6
202604,아시아,10.5,인도네시아,10623.0,11742.0,3,남성,7
202604,아시아,17.4,인도네시아,12683.0,14889.0,3,여성,7
202604,아시아,18.8,인도네시아,13274.0,15769.0,3,승무원,7
202604,아시아,15.9,인도네시아,36580.0,42400.0,3,전체,7
202604,아시아,20.7,태국,12911.0,15579.0,3,남성,8
202604,아시아,29.0,태국,24702.0,31854.0,3,여성,8
202604,아시아,27.7,태국,3076.0,3929.0,3,승무원,8
202604,아시아,26.2,태국,40689.0,51362.0,3,전체,8
202604,아시아,19.5,베트남,21695.0,25926.0,3,남성,9
202604,아시아,25.2,베트남,24822.0,31068.0,3,여성,9
202604,아시아,-15.8,베트남,6275.0,5285.0,3,승무원,9
202604,아시아,18.0,베트남,52792.0,62279.0,3,전체,9
202604,아시아,9.3,인도,7501.0,8196.0,3,남성,10
202604,아시아,16.8,인도,4134.0,4829.0,3,여성,10
202604,아시아,-2.1,인도,9561.0,9364.0,3,승무원,10
202604,아시아,5.6,인도,21196.0,22389.0,3,전체,10
202604,아시아,4.9,말레이시아,10460.0,10973.0,3,남성,11
202604,아시아,24.3,말레이시아,18223.0,22643.0,3,여성,11
202604,아시아,5.0,말레이시아,2128.0,2234.0,3,승무원,11
202604,아시아,16.4,말레이시아,30811.0,35850.0,3,전체,11
202604,아시아,14.3,싱가포르,13579.0,15517.0,3,남성,12
202604,아시아,21.3,싱가포르,22985.0,27875.0,3,여성,12
202604,아시아,0.9,싱가포르,1389.0,1402.0,3,승무원,12
202604,아시아,18.0,싱가포르,37953.0,44794.0,3,전체,12
202604,아시아,1.4,몽골,5311.0,5386.0,3,남성,13
202604,아시아,2.5,몽골,7670.0,7861.0,3,여성,13
202604,아시아,26.7,몽골,15.0,19.0,3,승무원,13
202604,아시아,2.1,몽골,12996.0,13266.0,3,전체,13
202604,아시아,25.5,우즈베키스탄,2486.0,3120.0,3,남성,14
202604,아시아,21.4,우즈베키스탄,1205.0,1463.0,3,여성,14
202604,아시아,30.9,우즈베키스탄,401.0,525.0,3,승무원,14
202604,아시아,24.8,우즈베키스탄,4092.0,5108.0,3,전체,14
202604,아시아,0.9,미얀마,2254.0,2274.0,3,남성,15
202604,아시아,54.1,미얀마,751.0,1157.0,3,여성,15
202604,아시아,98.1,미얀마,3872.0,7669.0,3,승무원,15
202604,아시아,61.4,미얀마,6877.0,11100.0,3,전체,15
202604,아시아,-63.2,GCC,2103.0,773.0,3,남성,16
202604,아시아,-72.3,GCC,2268.0,629.0,3,여성,16
202604,아시아,-34.3,GCC,67.0,44.0,3,승무원,16
202604,아시아,-67.4,GCC,4438.0,1446.0,3,전체,16
202604,아시아,15.4,카자흐스탄,1940.0,2238.0,3,남성,17
202604,아시아,23.8,카자흐스탄,3675.0,4550.0,3,여성,17
202604,아시아,16.6,카자흐스탄,429.0,500.0,3,승무원,17
202604,아시아,20.6,카자흐스탄,6044.0,7288.0,3,전체,17
202604,아시아,13.1,튀르키예,2590.0,2929.0,3,남성,18
202604,아시아,23.3,튀르키예,3446.0,4248.0,3,여성,18
202604,아시아,-2.5,튀르키예,1064.0,1037.0,3,승무원,18
202604,아시아,15.7,튀르키예,7100.0,8214.0,3,전체,18
202604,아시아,17.2,캄보디아,4684.0,5489.0,3,남성,19
202604,아시아,12.2,캄보디아,2320.0,2604.0,3,여성,19
202604,아시아,30.1,캄보디아,103.0,134.0,3,승무원,19
202604,아시아,15.8,캄보디아,7107.0,8227.0,3,전체,19
202604,아시아,9.8,스리랑카,1321.0,1450.0,3,남성,20
202604,아시아,5.3,스리랑카,358.0,377.0,3,여성,20
202604,아시아,-25.0,스리랑카,563.0,422.0,3,승무원,20
202604,아시아,0.3,스리랑카,2242.0,2249.0,3,전체,20
202604,아시아,17.1,방글라데시,1500.0,1757.0,3,남성,21
202604,아시아,19.1,방글라데시,236.0,281.0,3,여성,21
202604,아시아,25.2,방글라데시,135.0,169.0,3,승무원,21
202604,아시아,18.0,방글라데시,1871.0,2207.0,3,전체,21
202604,아시아,11.8,파키스탄,1051.0,1175.0,3,남성,22
202604,아시아,28.7,파키스탄,136.0,175.0,3,여성,22
202604,아시아,-5.5,파키스탄,55.0,52.0,3,승무원,22
202604,아시아,12.9,파키스탄,1242.0,1402.0,3,전체,22
202604,아시아,-23.4,이스라엘,1409.0,1079.0,3,남성,23
202604,아시아,-31.1,이스라엘,1633.0,1125.0,3,여성,23
202604,아시아,0.0,이스라엘,10.0,10.0,3,승무원,23
202604,아시아,-27.5,이스라엘,3052.0,2214.0,3,전체,23
202604,아시아,-77.5,이란,222.0,50.0,3,남성,24
202604,아시아,-73.8,이란,214.0,56.0,3,여성,24
202604,아시아,50.0,이란,8.0,12.0,3,승무원,24
202604,아시아,-73.4,이란,444.0,118.0,3,전체,24
202604,아시아,8.1,기타,7622.0,8238.0,3,남성,25
202604,아시아,17.3,기타,3661.0,4296.0,3,여성,25
202604,아시아,24.3,기타,914.0,1136.0,3,승무원,25
202604,아시아,12.1,기타,12197.0,13670.0,3,전체,25
202604,아메리카,13.2,연도대륙,91490.0,103592.0,2,남성,0
202604,아메리카,17.7,연도대륙,101849.0,119915.0,2,여성,0
202604,아메리카,-3.3,연도대륙,13305.0,12863.0,2,승무원,0
202604,아메리카,14.4,연도대륙,206644.0,236370.0,2,전체,0
202604,아메리카,12.1,미국,68797.0,77138.0,3,남성,1
202604,아메리카,15.8,미국,75338.0,87204.0,3,여성,1
202604,아메리카,-1.4,미국,9246.0,9115.0,3,승무원,1
202604,아메리카,13.1,미국,153381.0,173457.0,3,전체,1
202604,아메리카,16.1,캐나다,13926.0,16163.0,3,남성,2
202604,아메리카,16.9,캐나다,15622.0,18257.0,3,여성,2
202604,아메리카,-0.6,캐나다,1424.0,1416.0,3,승무원,2
202604,아메리카,15.7,캐나다,30972.0,35836.0,3,전체,2
202604,아메리카,12.3,브라질,1803.0,2025.0,3,남성,3
202604,아메리카,50.8,브라질,2262.0,3411.0,3,여성,3
202604,아메리카,-14.8,브라질,446.0,380.0,3,승무원,3
202604,아메리카,28.9,브라질,4511.0,5816.0,3,전체,3
202604,아메리카,17.3,멕시코,4057.0,4759.0,3,남성,4
202604,아메리카,23.1,멕시코,5152.0,6341.0,3,여성,4
202604,아메리카,-7.0,멕시코,768.0,714.0,3,승무원,4
202604,아메리카,18.4,멕시코,9977.0,11814.0,3,전체,4
202604,아메리카,20.6,기타,2907.0,3507.0,3,남성,5
202604,아메리카,35.3,기타,3475.0,4702.0,3,여성,5
202604,아메리카,-12.9,기타,1421.0,1238.0,3,승무원,5
202604,아메리카,21.1,기타,7803.0,9447.0,3,전체,5
202604,유럽,7.2,연도대륙,73841.0,79149.0,2,남성,0
202604,유럽,13.7,연도대륙,78110.0,88828.0,2,여성,0
202604,유럽,-10.2,연도대륙,16612.0,14910.0,2,승무원,0
202604,유럽,8.5,연도대륙,168563.0,182887.0,2,전체,0
202604,유럽,-1.4,러시아,9203.0,9070.0,3,남성,1
202604,유럽,20.5,러시아,12116.0,14603.0,3,여성,1
202604,유럽,-19.9,러시아,5508.0,4413.0,3,승무원,1
202604,유럽,4.7,러시아,26827.0,28086.0,3,전체,1
202604,유럽,10.3,영국,12214.0,13466.0,3,남성,2
202604,유럽,15.0,영국,11436.0,13154.0,3,여성,2
202604,유럽,21.1,영국,809.0,980.0,3,승무원,2
202604,유럽,12.8,영국,24459.0,27600.0,3,전체,2
202604,유럽,-8.8,독일,13459.0,12270.0,3,남성,3
202604,유럽,-10.5,독일,12916.0,11558.0,3,여성,3
202604,유럽,-18.0,독일,1472.0,1207.0,3,승무원,3
202604,유럽,-10.1,독일,27847.0,25035.0,3,전체,3
202604,유럽,16.7,프랑스,10102.0,11789.0,3,남성,4
202604,유럽,19.8,프랑스,11514.0,13797.0,3,여성,4
202604,유럽,-29.1,프랑스,1190.0,844.0,3,승무원,4
202604,유럽,15.9,프랑스,22806.0,26430.0,3,전체,4
202604,유럽,4.8,이탈리아,4201.0,4404.0,3,남성,5
202604,유럽,5.2,이탈리아,4201.0,4418.0,3,여성,5
202604,유럽,-26.2,이탈리아,799.0,590.0,3,승무원,5
202604,유럽,2.3,이탈리아,9201.0,9412.0,3,전체,5
202604,유럽,22.2,네덜란드,3140.0,3838.0,3,남성,6
202604,유럽,35.9,네덜란드,2942.0,3998.0,3,여성,6
202604,유럽,12.4,네덜란드,1146.0,1288.0,3,승무원,6
202604,유럽,26.2,네덜란드,7228.0,9124.0,3,전체,6
202604,유럽,20.0,우크라이나,560.0,672.0,3,남성,7
202604,유럽,37.2,우크라이나,371.0,509.0,3,여성,7
202604,유럽,8.1,우크라이나,1261.0,1363.0,3,승무원,7
202604,유럽,16.1,우크라이나,2192.0,2544.0,3,전체,7
202604,유럽,-6.9,스페인,2789.0,2597.0,3,남성,8
202604,유럽,-2.2,스페인,2958.0,2894.0,3,여성,8
202604,유럽,-12.7,스페인,157.0,137.0,3,승무원,8
202604,유럽,-4.7,스페인,5904.0,5628.0,3,전체,8
202604,유럽,35.1,루마니아,920.0,1243.0,3,남성,9
202604,유럽,32.7,루마니아,1185.0,1572.0,3,여성,9
202604,유럽,-16.7,루마니아,592.0,493.0,3,승무원,9
202604,유럽,22.7,루마니아,2697.0,3308.0,3,전체,9
202604,유럽,-1.9,노르웨이,939.0,921.0,3,남성,10
202604,유럽,-12.3,노르웨이,909.0,797.0,3,여성,10
202604,유럽,344.4,노르웨이,9.0,40.0,3,승무원,10
202604,유럽,-5.3,노르웨이,1857.0,1758.0,3,전체,10
202604,유럽,27.0,스웨덴,1351.0,1716.0,3,남성,11
202604,유럽,42.3,스웨덴,1244.0,1770.0,3,여성,11
202604,유럽,146.2,스웨덴,78.0,192.0,3,승무원,11
202604,유럽,37.6,스웨덴,2673.0,3678.0,3,전체,11
202604,유럽,12.5,폴란드,2425.0,2728.0,3,남성,12
202604,유럽,27.1,폴란드,2820.0,3583.0,3,여성,12
202604,유럽,5.4,폴란드,758.0,799.0,3,승무원,12
202604,유럽,18.4,폴란드,6003.0,7110.0,3,전체,12
202604,유럽,43.1,스위스,1929.0,2761.0,3,남성,13
202604,유럽,39.8,스위스,2163.0,3024.0,3,여성,13
202604,유럽,-13.0,스위스,169.0,147.0,3,승무원,13
202604,유럽,39.2,스위스,4261.0,5932.0,3,전체,13
202604,유럽,-11.2,포르투갈,1017.0,903.0,3,남성,14
202604,유럽,8.9,포르투갈,1132.0,1233.0,3,여성,14
202604,유럽,-14.7,포르투갈,177.0,151.0,3,승무원,14
202604,유럽,-1.7,포르투갈,2326.0,2287.0,3,전체,14
202604,유럽,3.2,오스트리아,1025.0,1058.0,3,남성,15
202604,유럽,4.3,오스트리아,980.0,1022.0,3,여성,15
202604,유럽,-10.6,오스트리아,123.0,110.0,3,승무원,15
202604,유럽,2.9,오스트리아,2128.0,2190.0,3,전체,15
202604,유럽,22.8,핀란드,641.0,787.0,3,남성,16
202604,유럽,39.7,핀란드,677.0,946.0,3,여성,16
202604,유럽,-1.7,핀란드,287.0,282.0,3,승무원,16
202604,유럽,25.5,핀란드,1605.0,2015.0,3,전체,16
202604,유럽,31.5,벨기에,1212.0,1594.0,3,남성,17
202604,유럽,24.6,벨기에,1519.0,1893.0,3,여성,17
202604,유럽,6.8,벨기에,146.0,156.0,3,승무원,17
202604,유럽,26.6,벨기에,2877.0,3643.0,3,전체,17
202604,유럽,-30.6,크로아티아,314.0,218.0,3,남성,18
202604,유럽,2.6,크로아티아,229.0,235.0,3,여성,18
202604,유럽,-5.9,크로아티아,307.0,289.0,3,승무원,18
202604,유럽,-12.7,크로아티아,850.0,742.0,3,전체,18
202604,유럽,25.8,그리스,617.0,776.0,3,남성,19
202604,유럽,34.5,그리스,519.0,698.0,3,여성,19
202604,유럽,-9.3,그리스,333.0,302.0,3,승무원,19
202604,유럽,20.9,그리스,1469.0,1776.0,3,전체,19
202604,유럽,-6.9,불가리아,505.0,470.0,3,남성,20
202604,유럽,-10.7,불가리아,653.0,583.0,3,여성,20
202604,유럽,1.7,불가리아,230.0,234.0,3,승무원,20
202604,유럽,-7.3,불가리아,1388.0,1287.0,3,전체,20
202604,유럽,4.7,덴마크,1040.0,1089.0,3,남성,21
202604,유럽,0.1,덴마크,1062.0,1063.0,3,여성,21
202604,유럽,271.4,덴마크,35.0,130.0,3,승무원,21
202604,유럽,6.8,덴마크,2137.0,2282.0,3,전체,21
202604,유럽,-3.9,아일랜드,989.0,950.0,3,남성,22
202604,유럽,-3.1,아일랜드,878.0,851.0,3,여성,22
202604,유럽,17.6,아일랜드,51.0,60.0,3,승무원,22
202604,유럽,-3.0,아일랜드,1918.0,1861.0,3,전체,22
202604,유럽,17.9,기타,3249.0,3829.0,3,남성,23
202604,유럽,25.5,기타,3686.0,4627.0,3,여성,23
202604,유럽,-27.9,기타,975.0,703.0,3,승무원,23
202604,유럽,15.8,기타,7910.0,9159.0,3,전체,23
202604,오세아니아,-5.5,연도대륙,19117.0,18074.0,2,남성,0
202604,오세아니아,-1.6,연도대륙,21583.0,21242.0,2,여성,0
202604,오세아니아,-16.7,연도대륙,923.0,769.0,2,승무원,0
202604,오세아니아,-3.7,연도대륙,41623.0,40085.0,2,전체,0
202604,오세아니아,-6.0,호주,16554.0,15556.0,3,남성,1
202604,오세아니아,-1.8,호주,18946.0,18612.0,3,여성,1
202604,오세아니아,-14.3,호주,722.0,619.0,3,승무원,1
202604,오세아니아,-4.0,호주,36222.0,34787.0,3,전체,1
202604,오세아니아,-0.1,뉴질랜드,2390.0,2388.0,3,남성,2
202604,오세아니아,0.9,뉴질랜드,2519.0,2542.0,3,여성,2
202604,오세아니아,-6.3,뉴질랜드,127.0,119.0,3,승무원,2
202604,오세아니아,0.3,뉴질랜드,5036.0,5049.0,3,전체,2
202604,오세아니아,-24.9,기타,173.0,130.0,3,남성,3
202604,오세아니아,-25.4,기타,118.0,88.0,3,여성,3
202604,오세아니아,-58.1,기타,74.0,31.0,3,승무원,3
202604,오세아니아,-31.8,기타,365.0,249.0,3,전체,3
202604,아프리카,3.5,연도대륙,2470.0,2557.0,2,남성,0
202604,아프리카,6.4,연도대륙,1797.0,1912.0,2,여성,0
202604,아프리카,-2.8,연도대륙,3662.0,3559.0,2,승무원,0
202604,아프리카,1.2,연도대륙,7929.0,8028.0,2,전체,0
202604,아프리카,-0.2,남아프리카공화국,472.0,471.0,3,남성,1
202604,아프리카,2.6,남아프리카공화국,625.0,641.0,3,여성,1
202604,아프리카,5.4,남아프리카공화국,742.0,782.0,3,승무원,1
202604,아프리카,3.0,남아프리카공화국,1839.0,1894.0,3,전체,1
202604,아프리카,4.4,기타,1998.0,2086.0,3,남성,2
202604,아프리카,8.4,기타,1172.0,1271.0,3,여성,2
202604,아프리카,-4.9,기타,2920.0,2777.0,3,승무원,2
202604,아프리카,0.7,기타,6090.0,6134.0,3,전체,2
202604,기타,-20.0,연도대륙,10.0,8.0,2,남성,0
202604,기타,0.0,연도대륙,7.0,7.0,2,여성,0
202604,기타,75.0,연도대륙,4.0,7.0,2,승무원,0
202604,기타,4.8,연도대륙,21.0,22.0,2,전체,0
202604,기타,-20.0,기타,10.0,8.0,3,남성,1
202604,기타,0.0,기타,7.0,7.0,3,여성,1
202604,기타,75.0,기타,4.0,7.0,3,승무원,1
202604,기타,4.8,기타,21.0,22.0,3,전체,1
202604,교포,-40.8,연도대륙,1072.0,635.0,2,남성,0
202604,교포,-34.5,연도대륙,1579.0,1035.0,2,여성,0
202604,교포,0.0,연도대륙,0.0,0.0,2,승무원,0
202604,교포,-37.0,연도대륙,2651.0,1670.0,2,전체,0
202604,교포,-40.8,교포,1072.0,635.0,3,남성,1
202604,교포,-34.5,교포,1579.0,1035.0,3,여성,1
202604,교포,0.0,교포,0.0,0.0,3,승무원,1
202604,교포,-37.0,교포,2651.0,1670.0,3,전체,1
202605,대륙전체,17.8,연도,576492.0,679387.0,1,남성,0
202605,대륙전체,19.5,연도,926555.0,1107607.0,1,여성,0
202605,대륙전체,25.7,연도,126340.0,158815.0,1,승무원,0
202605,대륙전체,19.4,연도,1629387.0,1945809.0,1,전체,0
202605,아시아,18.0,연도대륙,426671.0,503537.0,2,남성,0
202605,아시아,18.9,연도대륙,773654.0,920226.0,2,여성,0
202605,아시아,32.7,연도대륙,94547.0,125423.0,2,승무원,0
202605,아시아,19.6,연도대륙,1294872.0,1549186.0,2,전체,0
202605,아시아,10.8,중국,154881.0,171571.0,3,남성,1
202605,아시아,16.1,중국,311097.0,361036.0,3,여성,1
202605,아시아,68.3,중국,18412.0,30993.0,3,승무원,1
202605,아시아,16.4,중국,484390.0,563600.0,3,전체,1
202605,아시아,28.5,일본,95179.0,122345.0,3,남성,2
202605,아시아,19.4,일본,194105.0,231697.0,3,여성,2
202605,아시아,48.9,일본,2342.0,3488.0,3,승무원,2
202605,아시아,22.6,일본,291626.0,357530.0,3,전체,2
202605,아시아,29.0,대만,47911.0,61810.0,3,남성,3
202605,아시아,27.2,대만,101913.0,129596.0,3,여성,3
202605,아시아,-13.2,대만,448.0,389.0,3,승무원,3
202605,아시아,27.6,대만,150272.0,191795.0,3,전체,3
202605,아시아,17.4,홍콩,14066.0,16516.0,3,남성,4
202605,아시아,16.4,홍콩,37093.0,43166.0,3,여성,4
202605,아시아,1.0,홍콩,204.0,206.0,3,승무원,4
202605,아시아,16.6,홍콩,51363.0,59888.0,3,전체,4
202605,아시아,11.2,마카오,789.0,877.0,3,남성,5
202605,아시아,3.9,마카오,2428.0,2523.0,3,여성,5
202605,아시아,-51.4,마카오,70.0,34.0,3,승무원,5
202605,아시아,4.5,마카오,3287.0,3434.0,3,전체,5
202605,아시아,11.7,필리핀,17364.0,19395.0,3,남성,6
202605,아시아,19.9,필리핀,18147.0,21760.0,3,여성,6
202605,아시아,14.8,필리핀,25048.0,28759.0,3,승무원,6
202605,아시아,15.4,필리핀,60559.0,69914.0,3,전체,6
202605,아시아,14.5,인도네시아,9692.0,11095.0,3,남성,7
202605,아시아,26.1,인도네시아,10443.0,13166.0,3,여성,7
202605,아시아,38.1,인도네시아,14530.0,20072.0,3,승무원,7
202605,아시아,27.9,인도네시아,34665.0,44333.0,3,전체,7
202605,아시아,-1.1,태국,8765.0,8666.0,3,남성,8
202605,아시아,-1.7,태국,17473.0,17178.0,3,여성,8
202605,아시아,13.4,태국,3242.0,3676.0,3,승무원,8
202605,아시아,0.1,태국,29480.0,29520.0,3,전체,8
202605,아시아,7.8,베트남,16845.0,18163.0,3,남성,9
202605,아시아,8.5,베트남,18302.0,19856.0,3,여성,9
202605,아시아,-22.5,베트남,6418.0,4971.0,3,승무원,9
202605,아시아,3.4,베트남,41565.0,42990.0,3,전체,9
202605,아시아,21.0,인도,7550.0,9133.0,3,남성,10
202605,아시아,44.3,인도,3570.0,5152.0,3,여성,10
202605,아시아,18.2,인도,11136.0,13168.0,3,승무원,10
202605,아시아,23.4,인도,22256.0,27453.0,3,전체,10
202605,아시아,24.9,말레이시아,9265.0,11568.0,3,남성,11
202605,아시아,20.6,말레이시아,15928.0,19215.0,3,여성,11
202605,아시아,18.8,말레이시아,2223.0,2640.0,3,승무원,11
202605,아시아,21.9,말레이시아,27416.0,33423.0,3,전체,11
202605,아시아,25.4,싱가포르,13423.0,16833.0,3,남성,12
202605,아시아,15.8,싱가포르,22902.0,26521.0,3,여성,12
202605,아시아,1.8,싱가포르,1409.0,1434.0,3,승무원,12
202605,아시아,18.7,싱가포르,37734.0,44788.0,3,전체,12
202605,아시아,-2.3,몽골,4813.0,4700.0,3,남성,13
202605,아시아,5.9,몽골,6820.0,7222.0,3,여성,13
202605,아시아,-26.9,몽골,26.0,19.0,3,승무원,13
202605,아시아,2.4,몽골,11659.0,11941.0,3,전체,13
202605,아시아,-4.6,우즈베키스탄,2681.0,2558.0,3,남성,14
202605,아시아,4.1,우즈베키스탄,1283.0,1335.0,3,여성,14
202605,아시아,14.9,우즈베키스탄,417.0,479.0,3,승무원,14
202605,아시아,-0.2,우즈베키스탄,4381.0,4372.0,3,전체,14
202605,아시아,27.7,미얀마,2278.0,2910.0,3,남성,15
202605,아시아,75.2,미얀마,544.0,953.0,3,여성,15
202605,아시아,122.1,미얀마,4753.0,10557.0,3,승무원,15
202605,아시아,90.4,미얀마,7575.0,14420.0,3,전체,15
202605,아시아,-24.9,GCC,1930.0,1449.0,3,남성,16
202605,아시아,12.8,GCC,1433.0,1617.0,3,여성,16
202605,아시아,-21.5,GCC,65.0,51.0,3,승무원,16
202605,아시아,-9.1,GCC,3428.0,3117.0,3,전체,16
202605,아시아,15.9,카자흐스탄,1866.0,2162.0,3,남성,17
202605,아시아,32.5,카자흐스탄,2952.0,3912.0,3,여성,17
202605,아시아,16.3,카자흐스탄,411.0,478.0,3,승무원,17
202605,아시아,25.3,카자흐스탄,5229.0,6552.0,3,전체,17
202605,아시아,141.3,튀르키예,1882.0,4542.0,3,남성,18
202605,아시아,229.7,튀르키예,1931.0,6367.0,3,여성,18
202605,아시아,-7.8,튀르키예,1107.0,1021.0,3,승무원,18
202605,아시아,142.5,튀르키예,4920.0,11930.0,3,전체,18
202605,아시아,-2.7,캄보디아,4068.0,3957.0,3,남성,19
202605,아시아,16.1,캄보디아,1395.0,1620.0,3,여성,19
202605,아시아,81.9,캄보디아,83.0,151.0,3,승무원,19
202605,아시아,3.3,캄보디아,5546.0,5728.0,3,전체,19
202605,아시아,-0.7,스리랑카,1618.0,1606.0,3,남성,20
202605,아시아,18.2,스리랑카,220.0,260.0,3,여성,20
202605,아시아,-23.7,스리랑카,575.0,439.0,3,승무원,20
202605,아시아,-4.5,스리랑카,2413.0,2305.0,3,전체,20
202605,아시아,-2.8,방글라데시,1442.0,1402.0,3,남성,21
202605,아시아,32.4,방글라데시,179.0,237.0,3,여성,21
202605,아시아,-18.1,방글라데시,204.0,167.0,3,승무원,21
202605,아시아,-1.0,방글라데시,1825.0,1806.0,3,전체,21
202605,아시아,-5.3,파키스탄,864.0,818.0,3,남성,22
202605,아시아,8.5,파키스탄,141.0,153.0,3,여성,22
202605,아시아,-24.2,파키스탄,62.0,47.0,3,승무원,22
202605,아시아,-4.6,파키스탄,1067.0,1018.0,3,전체,22
202605,아시아,33.5,이스라엘,1142.0,1525.0,3,남성,23
202605,아시아,59.0,이스라엘,1058.0,1682.0,3,여성,23
202605,아시아,0.0,이스라엘,7.0,7.0,3,승무원,23
202605,아시아,45.6,이스라엘,2207.0,3214.0,3,전체,23
202605,아시아,-50.9,이란,169.0,83.0,3,남성,24
202605,아시아,-33.3,이란,126.0,84.0,3,여성,24
202605,아시아,21.1,이란,19.0,23.0,3,승무원,24
202605,아시아,-39.5,이란,314.0,190.0,3,전체,24
202605,아시아,26.9,기타,6188.0,7853.0,3,남성,25
202605,아시아,80.5,기타,2171.0,3918.0,3,여성,25
202605,아시아,61.2,기타,1336.0,2154.0,3,승무원,25
202605,아시아,43.6,기타,9695.0,13925.0,3,전체,25
202605,아메리카,16.7,연도대륙,79418.0,92664.0,2,남성,0
202605,아메리카,19.3,연도대륙,84495.0,100818.0,2,여성,0
202605,아메리카,-2.4,연도대륙,13138.0,12821.0,2,승무원,0
202605,아메리카,16.5,연도대륙,177051.0,206303.0,2,전체,0
202605,아메리카,14.8,미국,60360.0,69304.0,3,남성,1
202605,아메리카,16.6,미국,63043.0,73511.0,3,여성,1
202605,아메리카,-1.5,미국,8921.0,8790.0,3,승무원,1
202605,아메리카,14.6,미국,132324.0,151605.0,3,전체,1
202605,아메리카,16.9,캐나다,12528.0,14651.0,3,남성,2
202605,아메리카,19.1,캐나다,13797.0,16433.0,3,여성,2
202605,아메리카,4.2,캐나다,1462.0,1523.0,3,승무원,2
202605,아메리카,17.3,캐나다,27787.0,32607.0,3,전체,2
202605,아메리카,22.1,브라질,1513.0,1847.0,3,남성,3
202605,아메리카,38.3,브라질,1703.0,2356.0,3,여성,3
202605,아메리카,7.3,브라질,440.0,472.0,3,승무원,3
202605,아메리카,27.9,브라질,3656.0,4675.0,3,전체,3
202605,아메리카,46.7,멕시코,2628.0,3854.0,3,남성,4
202605,아메리카,53.9,멕시코,3124.0,4808.0,3,여성,4
202605,아메리카,-9.4,멕시코,802.0,727.0,3,승무원,4
202605,아메리카,43.3,멕시코,6554.0,9389.0,3,전체,4
202605,아메리카,25.9,기타,2389.0,3008.0,3,남성,5
202605,아메리카,31.2,기타,2828.0,3710.0,3,여성,5
202605,아메리카,-13.5,기타,1513.0,1309.0,3,승무원,5
202605,아메리카,19.3,기타,6730.0,8027.0,3,전체,5
202605,유럽,20.9,연도대륙,54449.0,65823.0,2,남성,0
202605,유럽,30.9,연도대륙,51851.0,67892.0,2,여성,0
202605,유럽,11.3,연도대륙,14457.0,16092.0,2,승무원,0
202605,유럽,24.1,연도대륙,120757.0,149807.0,2,전체,0
202605,유럽,1.6,러시아,8154.0,8285.0,3,남성,1
202605,유럽,15.0,러시아,9450.0,10869.0,3,여성,1
202605,유럽,9.5,러시아,4029.0,4413.0,3,승무원,1
202605,유럽,8.9,러시아,21633.0,23567.0,3,전체,1
202605,유럽,28.8,영국,8442.0,10871.0,3,남성,2
202605,유럽,35.6,영국,7377.0,10000.0,3,여성,2
202605,유럽,26.4,영국,787.0,995.0,3,승무원,2
202605,유럽,31.7,영국,16606.0,21866.0,3,전체,2
202605,유럽,25.6,독일,7953.0,9987.0,3,남성,3
202605,유럽,46.0,독일,6377.0,9312.0,3,여성,3
202605,유럽,7.8,독일,921.0,993.0,3,승무원,3
202605,유럽,33.1,독일,15251.0,20292.0,3,전체,3
202605,유럽,19.8,프랑스,7806.0,9355.0,3,남성,4
202605,유럽,20.7,프랑스,8526.0,10290.0,3,여성,4
202605,유럽,-35.0,프랑스,1108.0,720.0,3,승무원,4
202605,유럽,16.8,프랑스,17440.0,20365.0,3,전체,4
202605,유럽,35.6,이탈리아,3028.0,4106.0,3,남성,5
202605,유럽,57.2,이탈리아,2375.0,3734.0,3,여성,5
202605,유럽,12.5,이탈리아,954.0,1073.0,3,승무원,5
202605,유럽,40.2,이탈리아,6357.0,8913.0,3,전체,5
202605,유럽,13.1,네덜란드,2667.0,3017.0,3,남성,6
202605,유럽,21.0,네덜란드,2335.0,2825.0,3,여성,6
202605,유럽,8.2,네덜란드,1386.0,1499.0,3,승무원,6
202605,유럽,14.9,네덜란드,6388.0,7341.0,3,전체,6
202605,유럽,19.0,우크라이나,458.0,545.0,3,남성,7
202605,유럽,43.6,우크라이나,319.0,458.0,3,여성,7
202605,유럽,22.9,우크라이나,1332.0,1637.0,3,승무원,7
202605,유럽,25.2,우크라이나,2109.0,2640.0,3,전체,7
202605,유럽,25.0,스페인,2193.0,2741.0,3,남성,8
202605,유럽,34.1,스페인,2115.0,2836.0,3,여성,8
202605,유럽,67.8,스페인,121.0,203.0,3,승무원,8
202605,유럽,30.5,스페인,4429.0,5780.0,3,전체,8
202605,유럽,32.0,루마니아,563.0,743.0,3,남성,9
202605,유럽,79.1,루마니아,561.0,1005.0,3,여성,9
202605,유럽,-2.7,루마니아,546.0,531.0,3,승무원,9
202605,유럽,36.5,루마니아,1670.0,2279.0,3,전체,9
202605,유럽,22.5,노르웨이,559.0,685.0,3,남성,10
202605,유럽,36.0,노르웨이,422.0,574.0,3,여성,10
202605,유럽,158.3,노르웨이,24.0,62.0,3,승무원,10
202605,유럽,31.4,노르웨이,1005.0,1321.0,3,전체,10
202605,유럽,37.9,스웨덴,1054.0,1453.0,3,남성,11
202605,유럽,48.7,스웨덴,797.0,1185.0,3,여성,11
202605,유럽,174.5,스웨덴,106.0,291.0,3,승무원,11
202605,유럽,49.7,스웨덴,1957.0,2929.0,3,전체,11
202605,유럽,29.8,폴란드,2018.0,2619.0,3,남성,12
202605,유럽,29.2,폴란드,2462.0,3181.0,3,여성,12
202605,유럽,43.4,폴란드,742.0,1064.0,3,승무원,12
202605,유럽,31.4,폴란드,5222.0,6864.0,3,전체,12
202605,유럽,28.6,스위스,1353.0,1740.0,3,남성,13
202605,유럽,26.6,스위스,1300.0,1646.0,3,여성,13
202605,유럽,7.6,스위스,132.0,142.0,3,승무원,13
202605,유럽,26.7,스위스,2785.0,3528.0,3,전체,13
202605,유럽,28.0,포르투갈,685.0,877.0,3,남성,14
202605,유럽,34.7,포르투갈,767.0,1033.0,3,여성,14
202605,유럽,9.7,포르투갈,134.0,147.0,3,승무원,14
202605,유럽,29.7,포르투갈,1586.0,2057.0,3,전체,14
202605,유럽,9.1,오스트리아,772.0,842.0,3,남성,15
202605,유럽,58.2,오스트리아,541.0,856.0,3,여성,15
202605,유럽,6.0,오스트리아,84.0,89.0,3,승무원,15
202605,유럽,27.9,오스트리아,1397.0,1787.0,3,전체,15
202605,유럽,5.3,핀란드,657.0,692.0,3,남성,16
202605,유럽,32.0,핀란드,632.0,834.0,3,여성,16
202605,유럽,-0.7,핀란드,287.0,285.0,3,승무원,16
202605,유럽,14.9,핀란드,1576.0,1811.0,3,전체,16
202605,유럽,18.0,벨기에,1016.0,1199.0,3,남성,17
202605,유럽,30.3,벨기에,918.0,1196.0,3,여성,17
202605,유럽,21.0,벨기에,138.0,167.0,3,승무원,17
202605,유럽,23.6,벨기에,2072.0,2562.0,3,전체,17
202605,유럽,3.7,크로아티아,215.0,223.0,3,남성,18
202605,유럽,15.4,크로아티아,162.0,187.0,3,여성,18
202605,유럽,16.9,크로아티아,296.0,346.0,3,승무원,18
202605,유럽,12.3,크로아티아,673.0,756.0,3,전체,18
202605,유럽,17.0,그리스,489.0,572.0,3,남성,19
202605,유럽,10.2,그리스,303.0,334.0,3,여성,19
202605,유럽,12.7,그리스,276.0,311.0,3,승무원,19
202605,유럽,14.0,그리스,1068.0,1217.0,3,전체,19
202605,유럽,22.4,불가리아,277.0,339.0,3,남성,20
202605,유럽,30.4,불가리아,303.0,395.0,3,여성,20
202605,유럽,7.0,불가리아,171.0,183.0,3,승무원,20
202605,유럽,22.1,불가리아,751.0,917.0,3,전체,20
202605,유럽,40.0,덴마크,687.0,962.0,3,남성,21
202605,유럽,58.7,덴마크,552.0,876.0,3,여성,21
202605,유럽,112.5,덴마크,64.0,136.0,3,승무원,21
202605,유럽,51.5,덴마크,1303.0,1974.0,3,전체,21
202605,유럽,21.8,아일랜드,765.0,932.0,3,남성,22
202605,유럽,32.0,아일랜드,665.0,878.0,3,여성,22
202605,유럽,102.9,아일랜드,35.0,71.0,3,승무원,22
202605,유럽,28.4,아일랜드,1465.0,1881.0,3,전체,22
202605,유럽,15.2,기타,2638.0,3038.0,3,남성,23
202605,유럽,30.7,기타,2592.0,3388.0,3,여성,23
202605,유럽,-6.4,기타,784.0,734.0,3,승무원,23
202605,유럽,19.1,기타,6014.0,7160.0,3,전체,23
202605,오세아니아,11.7,연도대륙,12878.0,14384.0,2,남성,0
202605,오세아니아,18.3,연도대륙,13524.0,15994.0,2,여성,0
202605,오세아니아,-6.6,연도대륙,836.0,781.0,2,승무원,0
202605,오세아니아,14.4,연도대륙,27238.0,31159.0,2,전체,0
202605,오세아니아,12.3,호주,10781.0,12106.0,3,남성,1
202605,오세아니아,18.0,호주,11595.0,13684.0,3,여성,1
202605,오세아니아,-2.0,호주,637.0,624.0,3,승무원,1
202605,오세아니아,14.8,호주,23013.0,26414.0,3,전체,1
202605,오세아니아,8.7,뉴질랜드,1963.0,2133.0,3,남성,2
202605,오세아니아,19.1,뉴질랜드,1833.0,2183.0,3,여성,2
202605,오세아니아,-20.3,뉴질랜드,153.0,122.0,3,승무원,2
202605,오세아니아,12.4,뉴질랜드,3949.0,4438.0,3,전체,2
202605,오세아니아,8.2,기타,134.0,145.0,3,남성,3
202605,오세아니아,32.3,기타,96.0,127.0,3,여성,3
202605,오세아니아,-23.9,기타,46.0,35.0,3,승무원,3
202605,오세아니아,11.2,기타,276.0,307.0,3,전체,3
202605,아프리카,16.2,연도대륙,2074.0,2411.0,2,남성,0
202605,아프리카,12.3,연도대륙,1532.0,1720.0,2,여성,0
202605,아프리카,9.8,연도대륙,3359.0,3689.0,2,승무원,0
202605,아프리카,12.3,연도대륙,6965.0,7820.0,2,전체,0
202605,아프리카,6.9,남아프리카공화국,406.0,434.0,3,남성,1
202605,아프리카,-9.6,남아프리카공화국,532.0,481.0,3,여성,1
202605,아프리카,-25.6,남아프리카공화국,906.0,674.0,3,승무원,1
202605,아프리카,-13.8,남아프리카공화국,1844.0,1589.0,3,전체,1
202605,아프리카,18.5,기타,1668.0,1977.0,3,남성,2
202605,아프리카,23.9,기타,1000.0,1239.0,3,여성,2
202605,아프리카,22.9,기타,2453.0,3015.0,3,승무원,2
202605,아프리카,21.7,기타,5121.0,6231.0,3,전체,2
202605,기타,166.7,연도대륙,6.0,16.0,2,남성,0
202605,기타,-12.5,연도대륙,8.0,7.0,2,여성,0
202605,기타,200.0,연도대륙,3.0,9.0,2,승무원,0
202605,기타,88.2,연도대륙,17.0,32.0,2,전체,0
202605,기타,166.7,기타,6.0,16.0,3,남성,1
202605,기타,-12.5,기타,8.0,7.0,3,여성,1
202605,기타,200.0,기타,3.0,9.0,3,승무원,1
202605,기타,88.2,기타,17.0,32.0,3,전체,1
202605,교포,-44.6,연도대륙,996.0,552.0,2,남성,0
202605,교포,-36.3,연도대륙,1491.0,950.0,2,여성,0
202605,교포,0.0,연도대륙,0.0,0.0,2,승무원,0
202605,교포,-39.6,연도대륙,2487.0,1502.0,2,전체,0
202605,교포,-44.6,교포,996.0,552.0,3,남성,1
202605,교포,-36.3,교포,1491.0,950.0,3,여성,1
202605,교포,0.0,교포,0.0,0.0,3,승무원,1
202605,교포,-39.6,교포,2487.0,1502.0,3,전체,1
202606,대륙전체,17.0,연도,559285.0,654363.0,1,남성,0
202606,대륙전체,27.5,연도,942965.0,1202181.0,1,여성,0
202606,대륙전체,16.8,연도,116970.0,136584.0,1,승무원,0
202606,대륙전체,23.1,연도,1619220.0,1993128.0,1,전체,0
202606,아시아,18.5,연도대륙,411195.0,487429.0,2,남성,0
202606,아시아,30.3,연도대륙,785114.0,1023280.0,2,여성,0
202606,아시아,21.8,연도대륙,87197.0,106205.0,2,승무원,0
202606,아시아,26.0,연도대륙,1283506.0,1616914.0,2,전체,0
202606,아시아,22.9,중국,146353.0,179806.0,3,남성,1
202606,아시아,42.3,중국,312415.0,444557.0,3,여성,1
202606,아시아,37.9,중국,18284.0,25219.0,3,승무원,1
202606,아시아,36.2,중국,477052.0,649582.0,3,전체,1
202606,아시아,19.7,일본,88222.0,105564.0,3,남성,2
202606,아시아,21.6,일본,196615.0,238992.0,3,여성,2
202606,아시아,58.9,일본,2303.0,3660.0,3,승무원,2
202606,아시아,21.3,일본,287140.0,348216.0,3,전체,2
202606,아시아,34.1,대만,53505.0,71762.0,3,남성,3
202606,아시아,36.0,대만,111044.0,151040.0,3,여성,3
202606,아시아,-3.3,대만,336.0,325.0,3,승무원,3
202606,아시아,35.3,대만,164885.0,223127.0,3,전체,3
202606,아시아,13.1,홍콩,16175.0,18289.0,3,남성,4
202606,아시아,18.6,홍콩,39768.0,47171.0,3,여성,4
202606,아시아,38.6,홍콩,166.0,230.0,3,승무원,4
202606,아시아,17.1,홍콩,56109.0,65690.0,3,전체,4
202606,아시아,32.8,마카오,829.0,1101.0,3,남성,5
202606,아시아,46.4,마카오,2256.0,3302.0,3,여성,5
202606,아시아,-71.4,마카오,63.0,18.0,3,승무원,5
202606,아시아,40.4,마카오,3148.0,4421.0,3,전체,5
202606,아시아,-5.3,필리핀,13930.0,13186.0,3,남성,6
202606,아시아,10.9,필리핀,17727.0,19665.0,3,여성,6
202606,아시아,18.1,필리핀,21471.0,25366.0,3,승무원,6
202606,아시아,9.6,필리핀,53128.0,58217.0,3,전체,6
202606,아시아,18.8,인도네시아,9559.0,11355.0,3,남성,7
202606,아시아,37.8,인도네시아,9610.0,13241.0,3,여성,7
202606,아시아,19.7,인도네시아,12860.0,15399.0,3,승무원,7
202606,아시아,24.9,인도네시아,32029.0,39995.0,3,전체,7
202606,아시아,-4.8,태국,5820.0,5540.0,3,남성,8
202606,아시아,6.5,태국,12043.0,12827.0,3,여성,8
202606,아시아,10.6,태국,3316.0,3668.0,3,승무원,8
202606,아시아,4.0,태국,21179.0,22035.0,3,전체,8
202606,아시아,2.0,베트남,17569.0,17914.0,3,남성,9
202606,아시아,10.4,베트남,21230.0,23428.0,3,여성,9
202606,아시아,-23.1,베트남,6609.0,5080.0,3,승무원,9
202606,아시아,2.2,베트남,45408.0,46422.0,3,전체,9
202606,아시아,9.6,인도,7184.0,7872.0,3,남성,10
202606,아시아,31.0,인도,3157.0,4136.0,3,여성,10
202606,아시아,8.4,인도,9564.0,10365.0,3,승무원,10
202606,아시아,12.4,인도,19905.0,22373.0,3,전체,10
202606,아시아,-2.0,말레이시아,6652.0,6517.0,3,남성,11
202606,아시아,9.4,말레이시아,11019.0,12050.0,3,여성,11
202606,아시아,-7.7,말레이시아,2274.0,2100.0,3,승무원,11
202606,아시아,3.6,말레이시아,19945.0,20667.0,3,전체,11
202606,아시아,7.7,싱가포르,15614.0,16811.0,3,남성,12
202606,아시아,7.7,싱가포르,23225.0,25006.0,3,여성,12
202606,아시아,1.9,싱가포르,1372.0,1398.0,3,승무원,12
202606,아시아,7.5,싱가포르,40211.0,43215.0,3,전체,12
202606,아시아,-3.0,몽골,6546.0,6350.0,3,남성,13
202606,아시아,3.1,몽골,10386.0,10711.0,3,여성,13
202606,아시아,-21.7,몽골,23.0,18.0,3,승무원,13
202606,아시아,0.7,몽골,16955.0,17079.0,3,전체,13
202606,아시아,10.9,우즈베키스탄,2639.0,2926.0,3,남성,14
202606,아시아,10.2,우즈베키스탄,1337.0,1473.0,3,여성,14
202606,아시아,15.1,우즈베키스탄,437.0,503.0,3,승무원,14
202606,아시아,11.1,우즈베키스탄,4413.0,4902.0,3,전체,14
202606,아시아,5.8,미얀마,2243.0,2373.0,3,남성,15
202606,아시아,35.7,미얀마,870.0,1181.0,3,여성,15
202606,아시아,92.8,미얀마,4478.0,8632.0,3,승무원,15
202606,아시아,60.5,미얀마,7591.0,12186.0,3,전체,15
202606,아시아,-31.9,GCC,2026.0,1379.0,3,남성,16
202606,아시아,-44.7,GCC,2008.0,1110.0,3,여성,16
202606,아시아,105.4,GCC,56.0,115.0,3,승무원,16
202606,아시아,-36.3,GCC,4090.0,2604.0,3,전체,16
202606,아시아,19.2,카자흐스탄,1924.0,2294.0,3,남성,17
202606,아시아,35.5,카자흐스탄,3229.0,4375.0,3,여성,17
202606,아시아,7.5,카자흐스탄,483.0,519.0,3,승무원,17
202606,아시아,27.5,카자흐스탄,5636.0,7188.0,3,전체,17
202606,아시아,34.4,튀르키예,1949.0,2620.0,3,남성,18
202606,아시아,30.3,튀르키예,2406.0,3135.0,3,여성,18
202606,아시아,2.2,튀르키예,992.0,1014.0,3,승무원,18
202606,아시아,26.6,튀르키예,5347.0,6769.0,3,전체,18
202606,아시아,-10.4,캄보디아,2124.0,1904.0,3,남성,19
202606,아시아,-6.2,캄보디아,1078.0,1011.0,3,여성,19
202606,아시아,159.3,캄보디아,54.0,140.0,3,승무원,19
202606,아시아,-6.2,캄보디아,3256.0,3055.0,3,전체,19
202606,아시아,-5.0,스리랑카,1705.0,1619.0,3,남성,20
202606,아시아,8.2,스리랑카,328.0,355.0,3,여성,20
202606,아시아,-22.4,스리랑카,545.0,423.0,3,승무원,20
202606,아시아,-7.0,스리랑카,2578.0,2397.0,3,전체,20
202606,아시아,63.4,방글라데시,1480.0,2418.0,3,남성,21
202606,아시아,46.2,방글라데시,212.0,310.0,3,여성,21
202606,아시아,43.0,방글라데시,114.0,163.0,3,승무원,21
202606,아시아,60.1,방글라데시,1806.0,2891.0,3,전체,21
202606,아시아,3.0,파키스탄,941.0,969.0,3,남성,22
202606,아시아,9.4,파키스탄,181.0,198.0,3,여성,22
202606,아시아,-53.7,파키스탄,108.0,50.0,3,승무원,22
202606,아시아,-1.1,파키스탄,1230.0,1217.0,3,전체,22
202606,아시아,62.2,이스라엘,709.0,1150.0,3,남성,23
202606,아시아,80.1,이스라엘,603.0,1086.0,3,여성,23
202606,아시아,366.7,이스라엘,3.0,14.0,3,승무원,23
202606,아시아,71.1,이스라엘,1315.0,2250.0,3,전체,23
202606,아시아,13.5,이란,104.0,118.0,3,남성,24
202606,아시아,26.9,이란,67.0,85.0,3,여성,24
202606,아시아,128.6,이란,7.0,16.0,3,승무원,24
202606,아시아,23.0,이란,178.0,219.0,3,전체,24
202606,아시아,3.7,기타,5393.0,5592.0,3,남성,25
202606,아시아,23.3,기타,2300.0,2835.0,3,여성,25
202606,아시아,38.4,기타,1279.0,1770.0,3,승무원,25
202606,아시아,13.7,기타,8972.0,10197.0,3,전체,25
202606,아메리카,8.5,연도대륙,90350.0,98032.0,2,남성,0
202606,아메리카,8.3,연도대륙,100181.0,108530.0,2,여성,0
202606,아메리카,-1.2,연도대륙,13548.0,13386.0,2,승무원,0
202606,아메리카,7.8,연도대륙,204079.0,219948.0,2,전체,0
202606,아메리카,7.3,미국,75108.0,80595.0,3,남성,1
202606,아메리카,7.8,미국,81407.0,87780.0,3,여성,1
202606,아메리카,-3.7,미국,9727.0,9369.0,3,승무원,1
202606,아메리카,6.9,미국,166242.0,177744.0,3,전체,1
202606,아메리카,16.3,캐나다,9555.0,11116.0,3,남성,2
202606,아메리카,13.5,캐나다,10832.0,12292.0,3,여성,2
202606,아메리카,1.3,캐나다,1678.0,1700.0,3,승무원,2
202606,아메리카,13.8,캐나다,22065.0,25108.0,3,전체,2
202606,아메리카,34.3,브라질,1195.0,1605.0,3,남성,3
202606,아메리카,29.0,브라질,1589.0,2050.0,3,여성,3
202606,아메리카,16.8,브라질,398.0,465.0,3,승무원,3
202606,아메리카,29.5,브라질,3182.0,4120.0,3,전체,3
202606,아메리카,4.7,멕시코,2332.0,2442.0,3,남성,4
202606,아메리카,-2.2,멕시코,3385.0,3310.0,3,여성,4
202606,아메리카,13.5,멕시코,586.0,665.0,3,승무원,4
202606,아메리카,1.8,멕시코,6303.0,6417.0,3,전체,4
202606,아메리카,5.3,기타,2160.0,2274.0,3,남성,5
202606,아메리카,4.4,기타,2968.0,3098.0,3,여성,5
202606,아메리카,2.4,기타,1159.0,1187.0,3,승무원,5
202606,아메리카,4.3,기타,6287.0,6559.0,3,전체,5
202606,유럽,19.9,연도대륙,44083.0,52869.0,2,남성,0
202606,유럽,22.2,연도대륙,43571.0,53251.0,2,여성,0
202606,유럽,3.6,연도대륙,12858.0,13325.0,2,승무원,0
202606,유럽,18.8,연도대륙,100512.0,119445.0,2,전체,0
202606,유럽,7.1,러시아,6501.0,6965.0,3,남성,1
202606,유럽,30.9,러시아,9065.0,11862.0,3,여성,1
202606,유럽,-13.6,러시아,3474.0,3001.0,3,승무원,1
202606,유럽,14.6,러시아,19040.0,21828.0,3,전체,1
202606,유럽,16.5,영국,7085.0,8255.0,3,남성,2
202606,유럽,13.6,영국,6430.0,7303.0,3,여성,2
202606,유럽,145.0,영국,422.0,1034.0,3,승무원,2
202606,유럽,19.1,영국,13937.0,16592.0,3,전체,2
202606,유럽,13.8,독일,6071.0,6909.0,3,남성,3
202606,유럽,0.1,독일,4787.0,4791.0,3,여성,3
202606,유럽,-2.3,독일,1067.0,1042.0,3,승무원,3
202606,유럽,6.9,독일,11925.0,12742.0,3,전체,3
202606,유럽,16.7,프랑스,5548.0,6473.0,3,남성,4
202606,유럽,13.1,프랑스,5771.0,6529.0,3,여성,4
202606,유럽,-30.7,프랑스,889.0,616.0,3,승무원,4
202606,유럽,11.5,프랑스,12208.0,13618.0,3,전체,4
202606,유럽,31.9,이탈리아,2734.0,3606.0,3,남성,5
202606,유럽,24.8,이탈리아,2576.0,3216.0,3,여성,5
202606,유럽,5.5,이탈리아,731.0,771.0,3,승무원,5
202606,유럽,25.7,이탈리아,6041.0,7593.0,3,전체,5
202606,유럽,2.0,네덜란드,2030.0,2071.0,3,남성,6
202606,유럽,7.7,네덜란드,1448.0,1559.0,3,여성,6
202606,유럽,-7.8,네덜란드,1547.0,1427.0,3,승무원,6
202606,유럽,0.6,네덜란드,5025.0,5057.0,3,전체,6
202606,유럽,14.5,우크라이나,461.0,528.0,3,남성,7
202606,유럽,12.6,우크라이나,310.0,349.0,3,여성,7
202606,유럽,21.2,우크라이나,1196.0,1450.0,3,승무원,7
202606,유럽,18.3,우크라이나,1967.0,2327.0,3,전체,7
202606,유럽,24.9,스페인,2085.0,2605.0,3,남성,8
202606,유럽,16.4,스페인,2207.0,2570.0,3,여성,8
202606,유럽,20.6,스페인,141.0,170.0,3,승무원,8
202606,유럽,20.6,스페인,4433.0,5345.0,3,전체,8
202606,유럽,34.5,루마니아,487.0,655.0,3,남성,9
202606,유럽,34.8,루마니아,546.0,736.0,3,여성,9
202606,유럽,17.8,루마니아,398.0,469.0,3,승무원,9
202606,유럽,30.0,루마니아,1431.0,1860.0,3,전체,9
202606,유럽,75.1,노르웨이,710.0,1243.0,3,남성,10
202606,유럽,72.5,노르웨이,659.0,1137.0,3,여성,10
202606,유럽,430.8,노르웨이,13.0,69.0,3,승무원,10
202606,유럽,77.2,노르웨이,1382.0,2449.0,3,전체,10
202606,유럽,60.9,스웨덴,1191.0,1916.0,3,남성,11
202606,유럽,60.1,스웨덴,1099.0,1759.0,3,여성,11
202606,유럽,131.7,스웨덴,126.0,292.0,3,승무원,11
202606,유럽,64.2,스웨덴,2416.0,3967.0,3,전체,11
202606,유럽,26.9,폴란드,1582.0,2008.0,3,남성,12
202606,유럽,33.3,폴란드,1791.0,2388.0,3,여성,12
202606,유럽,6.3,폴란드,697.0,741.0,3,승무원,12
202606,유럽,26.2,폴란드,4070.0,5137.0,3,전체,12
202606,유럽,16.5,스위스,1111.0,1294.0,3,남성,13
202606,유럽,23.7,스위스,967.0,1196.0,3,여성,13
202606,유럽,1.4,스위스,141.0,143.0,3,승무원,13
202606,유럽,18.7,스위스,2219.0,2633.0,3,전체,13
202606,유럽,37.6,포르투갈,577.0,794.0,3,남성,14
202606,유럽,30.5,포르투갈,681.0,889.0,3,여성,14
202606,유럽,-13.3,포르투갈,113.0,98.0,3,승무원,14
202606,유럽,29.9,포르투갈,1371.0,1781.0,3,전체,14
202606,유럽,16.2,오스트리아,560.0,651.0,3,남성,15
202606,유럽,1.5,오스트리아,452.0,459.0,3,여성,15
202606,유럽,-10.9,오스트리아,92.0,82.0,3,승무원,15
202606,유럽,8.0,오스트리아,1104.0,1192.0,3,전체,15
202606,유럽,13.3,핀란드,660.0,748.0,3,남성,16
202606,유럽,31.1,핀란드,639.0,838.0,3,여성,16
202606,유럽,3.3,핀란드,269.0,278.0,3,승무원,16
202606,유럽,18.9,핀란드,1568.0,1864.0,3,전체,16
202606,유럽,17.2,벨기에,680.0,797.0,3,남성,17
202606,유럽,23.4,벨기에,577.0,712.0,3,여성,17
202606,유럽,-0.9,벨기에,114.0,113.0,3,승무원,17
202606,유럽,18.3,벨기에,1371.0,1622.0,3,전체,17
202606,유럽,0.0,크로아티아,209.0,209.0,3,남성,18
202606,유럽,15.3,크로아티아,118.0,136.0,3,여성,18
202606,유럽,18.8,크로아티아,192.0,228.0,3,승무원,18
202606,유럽,10.4,크로아티아,519.0,573.0,3,전체,18
202606,유럽,29.4,그리스,401.0,519.0,3,남성,19
202606,유럽,50.5,그리스,218.0,328.0,3,여성,19
202606,유럽,-25.3,그리스,320.0,239.0,3,승무원,19
202606,유럽,15.7,그리스,939.0,1086.0,3,전체,19
202606,유럽,20.8,불가리아,173.0,209.0,3,남성,20
202606,유럽,76.7,불가리아,133.0,235.0,3,여성,20
202606,유럽,40.7,불가리아,145.0,204.0,3,승무원,20
202606,유럽,43.7,불가리아,451.0,648.0,3,전체,20
202606,유럽,56.0,덴마크,580.0,905.0,3,남성,21
202606,유럽,56.5,덴마크,428.0,670.0,3,여성,21
202606,유럽,296.0,덴마크,50.0,198.0,3,승무원,21
202606,유럽,67.6,덴마크,1058.0,1773.0,3,전체,21
202606,유럽,26.6,아일랜드,659.0,834.0,3,남성,22
202606,유럽,19.8,아일랜드,606.0,726.0,3,여성,22
202606,유럽,25.7,아일랜드,35.0,44.0,3,승무원,22
202606,유럽,23.4,아일랜드,1300.0,1604.0,3,전체,22
202606,유럽,34.6,기타,1988.0,2675.0,3,남성,23
202606,유럽,38.8,기타,2063.0,2863.0,3,여성,23
202606,유럽,-10.2,기타,686.0,616.0,3,승무원,23
202606,유럽,29.9,기타,4737.0,6154.0,3,전체,23
202606,오세아니아,21.8,연도대륙,10766.0,13110.0,2,남성,0
202606,오세아니아,26.8,연도대륙,11389.0,14446.0,2,여성,0
202606,오세아니아,4.4,연도대륙,744.0,777.0,2,승무원,0
202606,오세아니아,23.7,연도대륙,22899.0,28333.0,2,전체,0
202606,오세아니아,22.9,호주,9009.0,11075.0,3,남성,1
202606,오세아니아,28.1,호주,9782.0,12531.0,3,여성,1
202606,오세아니아,8.1,호주,569.0,615.0,3,승무원,1
202606,오세아니아,25.1,호주,19360.0,24221.0,3,전체,1
202606,오세아니아,14.9,뉴질랜드,1654.0,1900.0,3,남성,2
202606,오세아니아,19.4,뉴질랜드,1518.0,1812.0,3,여성,2
202606,오세아니아,8.5,뉴질랜드,130.0,141.0,3,승무원,2
202606,오세아니아,16.7,뉴질랜드,3302.0,3853.0,3,전체,2
202606,오세아니아,31.1,기타,103.0,135.0,3,남성,3
202606,오세아니아,15.7,기타,89.0,103.0,3,여성,3
202606,오세아니아,-53.3,기타,45.0,21.0,3,승무원,3
202606,오세아니아,9.3,기타,237.0,259.0,3,전체,3
202606,아프리카,18.2,연도대륙,2040.0,2411.0,2,남성,0
202606,아프리카,25.6,연도대륙,1412.0,1773.0,2,여성,0
202606,아프리카,10.4,연도대륙,2617.0,2888.0,2,승무원,0
202606,아프리카,16.5,연도대륙,6069.0,7072.0,2,전체,0
202606,아프리카,0.7,남아프리카공화국,406.0,409.0,3,남성,1
202606,아프리카,10.7,남아프리카공화국,494.0,547.0,3,여성,1
202606,아프리카,-26.2,남아프리카공화국,640.0,472.0,3,승무원,1
202606,아프리카,-7.3,남아프리카공화국,1540.0,1428.0,3,전체,1
202606,아프리카,22.5,기타,1634.0,2002.0,3,남성,2
202606,아프리카,33.6,기타,918.0,1226.0,3,여성,2
202606,아프리카,22.2,기타,1977.0,2416.0,3,승무원,2
202606,아프리카,24.6,기타,4529.0,5644.0,3,전체,2
202606,기타,-22.2,연도대륙,9.0,7.0,2,남성,0
202606,기타,-50.0,연도대륙,8.0,4.0,2,여성,0
202606,기타,-50.0,연도대륙,6.0,3.0,2,승무원,0
202606,기타,-39.1,연도대륙,23.0,14.0,2,전체,0
202606,기타,-22.2,기타,9.0,7.0,3,남성,1
202606,기타,-50.0,기타,8.0,4.0,3,여성,1
202606,기타,-50.0,기타,6.0,3.0,3,승무원,1
202606,기타,-39.1,기타,23.0,14.0,3,전체,1
202606,교포,-40.0,연도대륙,842.0,505.0,2,남성,0
202606,교포,-30.5,연도대륙,1290.0,897.0,2,여성,0
202606,교포,0.0,연도대륙,0.0,0.0,2,승무원,0
202606,교포,-34.2,연도대륙,2132.0,1402.0,2,전체,0
202606,교포,-40.0,교포,842.0,505.0,3,남성,1
202606,교포,-30.5,교포,1290.0,897.0,3,여성,1
202606,교포,0.0,교포,0.0,0.0,3,승무원,1
202606,교포,-34.2,교포,2132.0,1402.0,3,전체,1
202607,대륙전체,18.4,연도,604283.0,715690.0,1,남성,0
202607,대륙전체,21.0,연도,1011049.0,1223538.0,1,여성,0
202607,대륙전체,30.7,연도,117867.0,153995.0,1,승무원,0
202607,대륙전체,20.8,연도,1733199.0,2093223.0,1,전체,0
202607,아시아,19.2,연도대륙,462761.0,551671.0,2,남성,0
202607,아시아,21.3,연도대륙,868622.0,1053791.0,2,여성,0
202607,아시아,39.2,연도대륙,87406.0,121704.0,2,승무원,0
202607,아시아,21.7,연도대륙,1418789.0,1727166.0,2,전체,0
202607,아시아,24.0,중국,183135.0,227026.0,3,남성,1
202607,아시아,29.7,중국,400479.0,519543.0,3,여성,1
202607,아시아,62.3,중국,18533.0,30070.0,3,승무원,1
202607,아시아,29.0,중국,602147.0,776639.0,3,전체,1
202607,아시아,13.5,일본,96739.0,109761.0,3,남성,2
202607,아시아,8.0,일본,200300.0,216354.0,3,여성,2
202607,아시아,55.7,일본,2743.0,4270.0,3,승무원,2
202607,아시아,10.2,일본,299782.0,330385.0,3,전체,2
202607,아시아,33.7,대만,70547.0,94346.0,3,남성,3
202607,아시아,29.3,대만,128277.0,165862.0,3,여성,3
202607,아시아,-28.9,대만,456.0,324.0,3,승무원,3
202607,아시아,30.7,대만,199280.0,260532.0,3,전체,3
202607,아시아,16.9,홍콩,21203.0,24788.0,3,남성,4
202607,아시아,19.4,홍콩,42860.0,51181.0,3,여성,4
202607,아시아,66.5,홍콩,161.0,268.0,3,승무원,4
202607,아시아,18.7,홍콩,64224.0,76237.0,3,전체,4
202607,아시아,33.5,마카오,1599.0,2135.0,3,남성,5
202607,아시아,36.0,마카오,3318.0,4514.0,3,여성,5
202607,아시아,-65.0,마카오,80.0,28.0,3,승무원,5
202607,아시아,33.6,마카오,4997.0,6677.0,3,전체,5
202607,아시아,3.6,필리핀,10676.0,11065.0,3,남성,6
202607,아시아,-4.0,필리핀,9980.0,9577.0,3,여성,6
202607,아시아,26.9,필리핀,21036.0,26702.0,3,승무원,6
202607,아시아,13.6,필리핀,41692.0,47344.0,3,전체,6
202607,아시아,0.5,인도네시아,8658.0,8703.0,3,남성,7
202607,아시아,16.8,인도네시아,6799.0,7943.0,3,여성,7
202607,아시아,38.9,인도네시아,13194.0,18321.0,3,승무원,7
202607,아시아,22.0,인도네시아,28651.0,34967.0,3,전체,7
202607,아시아,3.6,태국,5682.0,5884.0,3,남성,8
202607,아시아,-4.0,태국,11765.0,11299.0,3,여성,8
202607,아시아,21.3,태국,3409.0,4135.0,3,승무원,8
202607,아시아,2.2,태국,20856.0,21318.0,3,전체,8
202607,아시아,4.0,베트남,18260.0,18983.0,3,남성,9
202607,아시아,1.2,베트남,22690.0,22968.0,3,여성,9
202607,아시아,-12.3,베트남,6742.0,5910.0,3,승무원,9
202607,아시아,0.4,베트남,47692.0,47861.0,3,전체,9
202607,아시아,12.7,인도,6045.0,6810.0,3,남성,10
202607,아시아,16.7,인도,2009.0,2345.0,3,여성,10
202607,아시아,37.1,인도,8551.0,11721.0,3,승무원,10
202607,아시아,25.7,인도,16605.0,20876.0,3,전체,10
202607,아시아,-4.2,말레이시아,4569.0,4379.0,3,남성,11
202607,아시아,-5.2,말레이시아,6869.0,6515.0,3,여성,11
202607,아시아,-2.9,말레이시아,2402.0,2333.0,3,승무원,11
202607,아시아,-4.4,말레이시아,13840.0,13227.0,3,전체,11
202607,아시아,-1.4,싱가포르,5910.0,5826.0,3,남성,12
202607,아시아,-4.9,싱가포르,8941.0,8499.0,3,여성,12
202607,아시아,3.5,싱가포르,1157.0,1197.0,3,승무원,12
202607,아시아,-3.0,싱가포르,16008.0,15522.0,3,전체,12
202607,아시아,2.1,몽골,5608.0,5724.0,3,남성,13
202607,아시아,1.1,몽골,8820.0,8920.0,3,여성,13
202607,아시아,-46.4,몽골,28.0,15.0,3,승무원,13
202607,아시아,1.4,몽골,14456.0,14659.0,3,전체,13
202607,아시아,2.6,우즈베키스탄,3479.0,3569.0,3,남성,14
202607,아시아,6.5,우즈베키스탄,1795.0,1912.0,3,여성,14
202607,아시아,11.8,우즈베키스탄,467.0,522.0,3,승무원,14
202607,아시아,4.6,우즈베키스탄,5741.0,6003.0,3,전체,14
202607,아시아,14.6,미얀마,1895.0,2171.0,3,남성,15
202607,아시아,42.1,미얀마,643.0,914.0,3,여성,15
202607,아시아,144.4,미얀마,4511.0,11026.0,3,승무원,15
202607,아시아,100.2,미얀마,7049.0,14111.0,3,전체,15
202607,아시아,-11.8,GCC,2064.0,1821.0,3,남성,16
202607,아시아,-10.8,GCC,2384.0,2127.0,3,여성,16
202607,아시아,12.7,GCC,71.0,80.0,3,승무원,16
202607,아시아,-10.9,GCC,4519.0,4028.0,3,전체,16
202607,아시아,3.6,카자흐스탄,2240.0,2320.0,3,남성,17
202607,아시아,-1.2,카자흐스탄,3537.0,3495.0,3,여성,17
202607,아시아,10.6,카자흐스탄,492.0,544.0,3,승무원,17
202607,아시아,1.4,카자흐스탄,6269.0,6359.0,3,전체,17
202607,아시아,48.4,튀르키예,2312.0,3431.0,3,남성,18
202607,아시아,62.5,튀르키예,2680.0,4356.0,3,여성,18
202607,아시아,1.8,튀르키예,990.0,1008.0,3,승무원,18
202607,아시아,47.0,튀르키예,5982.0,8795.0,3,전체,18
202607,아시아,4.0,캄보디아,1978.0,2058.0,3,남성,19
202607,아시아,21.8,캄보디아,945.0,1151.0,3,여성,19
202607,아시아,33.7,캄보디아,89.0,119.0,3,승무원,19
202607,아시아,10.5,캄보디아,3012.0,3328.0,3,전체,19
202607,아시아,15.1,스리랑카,1367.0,1573.0,3,남성,20
202607,아시아,29.9,스리랑카,224.0,291.0,3,여성,20
202607,아시아,-22.1,스리랑카,624.0,486.0,3,승무원,20
202607,아시아,6.1,스리랑카,2215.0,2350.0,3,전체,20
202607,아시아,15.7,방글라데시,1551.0,1795.0,3,남성,21
202607,아시아,18.5,방글라데시,222.0,263.0,3,여성,21
202607,아시아,51.2,방글라데시,129.0,195.0,3,승무원,21
202607,아시아,18.5,방글라데시,1902.0,2253.0,3,전체,21
202607,아시아,4.3,파키스탄,1013.0,1057.0,3,남성,22
202607,아시아,24.5,파키스탄,196.0,244.0,3,여성,22
202607,아시아,48.9,파키스탄,47.0,70.0,3,승무원,22
202607,아시아,9.2,파키스탄,1256.0,1371.0,3,전체,22
202607,아시아,42.0,이스라엘,908.0,1289.0,3,남성,23
202607,아시아,55.4,이스라엘,780.0,1212.0,3,여성,23
202607,아시아,275.0,이스라엘,4.0,15.0,3,승무원,23
202607,아시아,48.7,이스라엘,1692.0,2516.0,3,전체,23
202607,아시아,56.9,이란,116.0,182.0,3,남성,24
202607,아시아,43.8,이란,105.0,151.0,3,여성,24
202607,아시아,-28.0,이란,25.0,18.0,3,승무원,24
202607,아시아,42.7,이란,246.0,351.0,3,전체,24
202607,아시아,-4.5,기타,5207.0,4975.0,3,남성,25
202607,아시아,7.5,기타,2004.0,2155.0,3,여성,25
202607,아시아,58.8,기타,1465.0,2327.0,3,승무원,25
202607,아시아,9.0,기타,8676.0,9457.0,3,전체,25
202607,아메리카,13.8,연도대륙,78248.0,89075.0,2,남성,0
202607,아메리카,15.4,연도대륙,81658.0,94209.0,2,여성,0
202607,아메리카,6.2,연도대륙,13187.0,14006.0,2,승무원,0
202607,아메리카,14.0,연도대륙,173093.0,197290.0,2,전체,0
202607,아메리카,14.3,미국,60629.0,69305.0,3,남성,1
202607,아메리카,15.5,미국,61719.0,71279.0,3,여성,1
202607,아메리카,4.0,미국,9484.0,9865.0,3,승무원,1
202607,아메리카,14.1,미국,131832.0,150449.0,3,전체,1
202607,아메리카,12.4,캐나다,10963.0,12320.0,3,남성,2
202607,아메리카,15.6,캐나다,11628.0,13439.0,3,여성,2
202607,아메리카,5.2,캐나다,1725.0,1814.0,3,승무원,2
202607,아메리카,13.4,캐나다,24316.0,27573.0,3,전체,2
202607,아메리카,3.1,브라질,1383.0,1426.0,3,남성,3
202607,아메리카,5.2,브라질,1705.0,1793.0,3,여성,3
202607,아메리카,44.6,브라질,354.0,512.0,3,승무원,3
202607,아메리카,8.4,브라질,3442.0,3731.0,3,전체,3
202607,아메리카,16.8,멕시코,3394.0,3965.0,3,남성,4
202607,아메리카,18.2,멕시코,4360.0,5152.0,3,여성,4
202607,아메리카,4.6,멕시코,676.0,707.0,3,승무원,4
202607,아메리카,16.5,멕시코,8430.0,9824.0,3,전체,4
202607,아메리카,9.6,기타,1879.0,2059.0,3,남성,5
202607,아메리카,13.4,기타,2246.0,2546.0,3,여성,5
202607,아메리카,16.9,기타,948.0,1108.0,3,승무원,5
202607,아메리카,12.6,기타,5073.0,5713.0,3,전체,5
202607,유럽,20.7,연도대륙,50198.0,60599.0,2,남성,0
202607,유럽,26.9,연도대륙,47990.0,60921.0,2,여성,0
202607,유럽,2.6,연도대륙,13562.0,13914.0,2,승무원,0
202607,유럽,21.2,연도대륙,111750.0,135434.0,2,전체,0
202607,유럽,8.2,러시아,6861.0,7424.0,3,남성,1
202607,유럽,17.4,러시아,9595.0,11268.0,3,여성,1
202607,유럽,-29.7,러시아,3990.0,2803.0,3,승무원,1
202607,유럽,5.1,러시아,20446.0,21495.0,3,전체,1
202607,유럽,30.5,영국,6810.0,8885.0,3,남성,2
202607,유럽,37.8,영국,5701.0,7855.0,3,여성,2
202607,유럽,127.7,영국,509.0,1159.0,3,승무원,2
202607,유럽,37.5,영국,13020.0,17899.0,3,전체,2
202607,유럽,18.6,독일,5927.0,7032.0,3,남성,3
202607,유럽,25.5,독일,4421.0,5548.0,3,여성,3
202607,유럽,-3.1,독일,992.0,961.0,3,승무원,3
202607,유럽,19.4,독일,11340.0,13541.0,3,전체,3
202607,유럽,23.5,프랑스,7934.0,9797.0,3,남성,4
202607,유럽,26.1,프랑스,7999.0,10084.0,3,여성,4
202607,유럽,-18.3,프랑스,963.0,787.0,3,승무원,4
202607,유럽,22.3,프랑스,16896.0,20668.0,3,전체,4
202607,유럽,25.1,이탈리아,2853.0,3568.0,3,남성,5
202607,유럽,34.8,이탈리아,2284.0,3079.0,3,여성,5
202607,유럽,15.8,이탈리아,570.0,660.0,3,승무원,5
202607,유럽,28.0,이탈리아,5707.0,7307.0,3,전체,5
202607,유럽,27.9,네덜란드,2988.0,3822.0,3,남성,6
202607,유럽,38.6,네덜란드,2477.0,3432.0,3,여성,6
202607,유럽,1.0,네덜란드,1459.0,1473.0,3,승무원,6
202607,유럽,26.0,네덜란드,6924.0,8727.0,3,전체,6
202607,유럽,34.0,우크라이나,509.0,682.0,3,남성,7
202607,유럽,9.5,우크라이나,305.0,334.0,3,여성,7
202607,유럽,28.0,우크라이나,1312.0,1679.0,3,승무원,7
202607,유럽,26.8,우크라이나,2126.0,2695.0,3,전체,7
202607,유럽,11.4,스페인,3022.0,3368.0,3,남성,8
202607,유럽,24.4,스페인,2729.0,3394.0,3,여성,8
202607,유럽,17.6,스페인,142.0,167.0,3,승무원,8
202607,유럽,17.6,스페인,5893.0,6929.0,3,전체,8
202607,유럽,14.4,루마니아,466.0,533.0,3,남성,9
202607,유럽,25.2,루마니아,469.0,587.0,3,여성,9
202607,유럽,21.0,루마니아,457.0,553.0,3,승무원,9
202607,유럽,20.2,루마니아,1392.0,1673.0,3,전체,9
202607,유럽,49.0,노르웨이,906.0,1350.0,3,남성,10
202607,유럽,53.8,노르웨이,852.0,1310.0,3,여성,10
202607,유럽,545.5,노르웨이,11.0,71.0,3,승무원,10
202607,유럽,54.4,노르웨이,1769.0,2731.0,3,전체,10
202607,유럽,43.7,스웨덴,1019.0,1464.0,3,남성,11
202607,유럽,61.7,스웨덴,766.0,1239.0,3,여성,11
202607,유럽,129.3,스웨덴,123.0,282.0,3,승무원,11
202607,유럽,56.4,스웨덴,1908.0,2985.0,3,전체,11
202607,유럽,4.9,폴란드,1851.0,1942.0,3,남성,12
202607,유럽,12.0,폴란드,2062.0,2309.0,3,여성,12
202607,유럽,9.4,폴란드,704.0,770.0,3,승무원,12
202607,유럽,8.8,폴란드,4617.0,5021.0,3,전체,12
202607,유럽,26.0,스위스,1448.0,1825.0,3,남성,13
202607,유럽,24.1,스위스,1468.0,1822.0,3,여성,13
202607,유럽,1.5,스위스,135.0,137.0,3,승무원,13
202607,유럽,24.0,스위스,3051.0,3784.0,3,전체,13
202607,유럽,-0.2,포르투갈,608.0,607.0,3,남성,14
202607,유럽,12.4,포르투갈,676.0,760.0,3,여성,14
202607,유럽,-4.2,포르투갈,119.0,114.0,3,승무원,14
202607,유럽,5.6,포르투갈,1403.0,1481.0,3,전체,14
202607,유럽,12.5,오스트리아,824.0,927.0,3,남성,15
202607,유럽,24.7,오스트리아,709.0,884.0,3,여성,15
202607,유럽,-1.2,오스트리아,85.0,84.0,3,승무원,15
202607,유럽,17.1,오스트리아,1618.0,1895.0,3,전체,15
202607,유럽,1.2,핀란드,407.0,412.0,3,남성,16
202607,유럽,7.1,핀란드,393.0,421.0,3,여성,16
202607,유럽,11.3,핀란드,266.0,296.0,3,승무원,16
202607,유럽,5.9,핀란드,1066.0,1129.0,3,전체,16
202607,유럽,18.1,벨기에,1057.0,1248.0,3,남성,17
202607,유럽,28.7,벨기에,1056.0,1359.0,3,여성,17
202607,유럽,23.4,벨기에,128.0,158.0,3,승무원,17
202607,유럽,23.4,벨기에,2241.0,2765.0,3,전체,17
202607,유럽,-12.8,크로아티아,273.0,238.0,3,남성,18
202607,유럽,-13.8,크로아티아,160.0,138.0,3,여성,18
202607,유럽,15.4,크로아티아,240.0,277.0,3,승무원,18
202607,유럽,-3.0,크로아티아,673.0,653.0,3,전체,18
202607,유럽,32.8,그리스,445.0,591.0,3,남성,19
202607,유럽,18.7,그리스,225.0,267.0,3,여성,19
202607,유럽,41.7,그리스,259.0,367.0,3,승무원,19
202607,유럽,31.9,그리스,929.0,1225.0,3,전체,19
202607,유럽,14.0,불가리아,186.0,212.0,3,남성,20
202607,유럽,58.5,불가리아,135.0,214.0,3,여성,20
202607,유럽,-5.6,불가리아,196.0,185.0,3,승무원,20
202607,유럽,18.2,불가리아,517.0,611.0,3,전체,20
202607,유럽,33.2,덴마크,1021.0,1360.0,3,남성,21
202607,유럽,47.3,덴마크,857.0,1262.0,3,여성,21
202607,유럽,260.4,덴마크,48.0,173.0,3,승무원,21
202607,유럽,45.1,덴마크,1926.0,2795.0,3,전체,21
202607,유럽,18.6,아일랜드,639.0,758.0,3,남성,22
202607,유럽,43.8,아일랜드,459.0,660.0,3,여성,22
202607,유럽,95.3,아일랜드,43.0,84.0,3,승무원,22
202607,유럽,31.6,아일랜드,1141.0,1502.0,3,전체,22
202607,유럽,19.1,기타,2144.0,2554.0,3,남성,23
202607,유럽,22.9,기타,2192.0,2695.0,3,여성,23
202607,유럽,-16.9,기타,811.0,674.0,3,승무원,23
202607,유럽,15.1,기타,5147.0,5923.0,3,전체,23
202607,오세아니아,15.2,연도대륙,9715.0,11187.0,2,남성,0
202607,오세아니아,22.1,연도대륙,9719.0,11868.0,2,여성,0
202607,오세아니아,5.8,연도대륙,829.0,877.0,2,승무원,0
202607,오세아니아,18.1,연도대륙,20263.0,23932.0,2,전체,0
202607,오세아니아,15.9,호주,8036.0,9313.0,3,남성,1
202607,오세아니아,23.2,호주,8189.0,10090.0,3,여성,1
202607,오세아니아,8.6,호주,636.0,691.0,3,승무원,1
202607,오세아니아,19.2,호주,16861.0,20094.0,3,전체,1
202607,오세아니아,9.0,뉴질랜드,1519.0,1656.0,3,남성,2
202607,오세아니아,16.1,뉴질랜드,1371.0,1592.0,3,여성,2
202607,오세아니아,6.7,뉴질랜드,135.0,144.0,3,승무원,2
202607,오세아니아,12.1,뉴질랜드,3025.0,3392.0,3,전체,2
202607,오세아니아,36.2,기타,160.0,218.0,3,남성,3
202607,오세아니아,17.0,기타,159.0,186.0,3,여성,3
202607,오세아니아,-27.6,기타,58.0,42.0,3,승무원,3
202607,오세아니아,18.3,기타,377.0,446.0,3,전체,3
202607,아프리카,7.4,연도대륙,2571.0,2761.0,2,남성,0
202607,아프리카,8.0,연도대륙,1911.0,2064.0,2,여성,0
202607,아프리카,21.2,연도대륙,2874.0,3483.0,2,승무원,0
202607,아프리카,12.9,연도대륙,7356.0,8308.0,2,전체,0
202607,아프리카,11.2,남아프리카공화국,457.0,508.0,3,남성,1
202607,아프리카,13.6,남아프리카공화국,617.0,701.0,3,여성,1
202607,아프리카,-6.7,남아프리카공화국,658.0,614.0,3,승무원,1
202607,아프리카,5.3,남아프리카공화국,1732.0,1823.0,3,전체,1
202607,아프리카,6.6,기타,2114.0,2253.0,3,남성,2
202607,아프리카,5.3,기타,1294.0,1363.0,3,여성,2
202607,아프리카,29.5,기타,2216.0,2869.0,3,승무원,2
202607,아프리카,15.3,기타,5624.0,6485.0,3,전체,2
202607,기타,0.0,연도대륙,9.0,9.0,2,남성,0
202607,기타,200.0,연도대륙,1.0,3.0,2,여성,0
202607,기타,22.2,연도대륙,9.0,11.0,2,승무원,0
202607,기타,21.1,연도대륙,19.0,23.0,2,전체,0
202607,기타,0.0,기타,9.0,9.0,3,남성,1
202607,기타,200.0,기타,1.0,3.0,3,여성,1
202607,기타,22.2,기타,9.0,11.0,3,승무원,1
202607,기타,21.1,기타,19.0,23.0,3,전체,1
202607,교포,-50.3,연도대륙,781.0,388.0,2,남성,0
202607,교포,-40.6,연도대륙,1148.0,682.0,2,여성,0
202607,교포,0.0,연도대륙,0.0,0.0,2,승무원,0
202607,교포,-44.5,연도대륙,1929.0,1070.0,2,전체,0
202607,교포,-50.3,교포,781.0,388.0,3,남성,1
202607,교포,-40.6,교포,1148.0,682.0,3,여성,1
202607,교포,0.0,교포,0.0,0.0,3,승무원,1
202607,교포,-44.5,교포,1929.0,1070.0,3,전체,1
총계,총계,39.1,,16729245.0,23272099.0,5,남성,0
총계,총계,46.6,,23946618.0,35110629.0,5,여성,0
총계,총계,24.1,,3968735.0,4923290.0,5,승무원,0
총계,총계,41.8,,44644598.0,63306018.0,5,전체,0
